   Compiling only_torch v0.25.0 (D:\DATA\BaiduSyncdisk\project\personal\only_torch)
    Finished `release` profile [optimized] target(s) in 18.88s
     Running `target\release\examples\my_zero_cartpole.exe`
[MyZero] consistency + reconstruction + Sampled
[MyZero CartPole-v1] obs=4 离散 2 档 γ=0.997 sims=20 r_scale=1
[Sampled] N=2 B=— K_cfg=5 K_eff=2 (sims=20)
Ep    1: R=    16.0 len= 16 avg_R=    16.0 loss=0.0000 temp=1.00 total_env_steps=16 t=0.01s
Ep    2: R=    15.0 len= 15 avg_R=    15.5 loss=0.0000 temp=1.00 total_env_steps=31 t=0.01s
Ep    3: R=     9.0 len=  9 avg_R=    13.3 loss=0.0000 temp=1.00 total_env_steps=40 t=0.00s
Ep    4: R=    16.0 len= 16 avg_R=    14.0 loss=0.0000 temp=1.00 total_env_steps=56 t=0.01s
Ep    5: R=    17.0 len= 17 avg_R=    14.6 loss=0.0000 temp=1.00 total_env_steps=73 t=0.01s
Ep    6: R=    13.0 len= 13 avg_R=    14.3 loss=0.0000 temp=1.00 total_env_steps=86 t=0.01s
Ep    7: R=     9.0 len=  9 avg_R=    13.6 loss=0.0000 temp=1.00 total_env_steps=95 t=0.00s
Ep    8: R=     9.0 len=  9 avg_R=    13.0 loss=0.0000 temp=1.00 total_env_steps=104 t=0.00s
Ep    9: R=    16.0 len= 16 avg_R=    13.3 loss=0.0000 temp=1.00 total_env_steps=120 t=0.01s
  [kl-lr] ep=10 kl=0.47159 lr_mult=0.667
Ep   10: R=     9.0 len=  9 avg_R=    12.9 loss=87.6892 temp=1.00 total_env_steps=129 t=0.07s
  [kl-lr] ep=11 kl=0.13805 lr_mult=0.444
Ep   11: R=    10.0 len= 10 avg_R=    12.6 loss=21.9337 temp=1.00 total_env_steps=139 t=0.07s
  [kl-lr] ep=12 kl=0.04132 lr_mult=0.296
Ep   12: R=    20.0 len= 20 avg_R=    13.2 loss=17.3267 temp=1.00 total_env_steps=159 t=0.07s
  [kl-lr] ep=13 kl=0.01463 lr_mult=0.296
Ep   13: R=    11.0 len= 11 avg_R=    13.1 loss=16.2227 temp=1.00 total_env_steps=170 t=0.06s
  [kl-lr] ep=14 kl=0.00012 lr_mult=0.444
Ep   14: R=    16.0 len= 16 avg_R=    13.3 loss=15.2178 temp=1.00 total_env_steps=186 t=0.07s
  [kl-lr] ep=15 kl=0.01467 lr_mult=0.444
Ep   15: R=    11.0 len= 11 avg_R=    13.1 loss=16.5766 temp=1.00 total_env_steps=197 t=0.06s
  [kl-lr] ep=16 kl=0.00436 lr_mult=0.667
Ep   16: R=     9.0 len=  9 avg_R=    12.9 loss=11.9796 temp=1.00 total_env_steps=206 t=0.06s
  [kl-lr] ep=17 kl=0.00479 lr_mult=1.000
Ep   17: R=    15.0 len= 15 avg_R=    13.0 loss=10.7875 temp=1.00 total_env_steps=221 t=0.08s
  [kl-lr] ep=18 kl=0.00470 lr_mult=1.500
Ep   18: R=    17.0 len= 17 avg_R=    13.2 loss=13.5254 temp=1.00 total_env_steps=238 t=0.07s
  [kl-lr] ep=19 kl=0.02349 lr_mult=1.500
Ep   19: R=    10.0 len= 10 avg_R=    13.1 loss=10.7103 temp=1.00 total_env_steps=248 t=0.07s
  [kl-lr] ep=20 kl=0.00729 lr_mult=2.250
Ep   20: R=    21.0 len= 21 avg_R=    13.4 loss=4.8015 temp=1.00 total_env_steps=269 t=0.07s
  [kl-lr] ep=21 kl=0.00313 lr_mult=3.375
Ep   21: R=    12.0 len= 12 avg_R=    13.4 loss=9.4466 temp=1.00 total_env_steps=281 t=0.06s
  [kl-lr] ep=22 kl=0.01527 lr_mult=3.375
Ep   22: R=    16.0 len= 16 avg_R=    13.5 loss=7.2417 temp=1.00 total_env_steps=297 t=0.07s
  [kl-lr] ep=23 kl=0.04550 lr_mult=2.250
Ep   23: R=    11.0 len= 11 avg_R=    13.4 loss=7.0039 temp=1.00 total_env_steps=308 t=0.07s
  [kl-lr] ep=24 kl=0.18695 lr_mult=1.500
Ep   24: R=    34.0 len= 34 avg_R=    14.2 loss=4.5514 temp=1.00 total_env_steps=342 t=0.07s
  [kl-lr] ep=25 kl=0.01380 lr_mult=1.500
Ep   25: R=    15.0 len= 15 avg_R=    14.3 loss=2.9636 temp=1.00 total_env_steps=357 t=0.07s
  greedy eval 12.8 / 475（近20局 self-play 14.2，total_env_steps=357）
[MyZero] best 模型 greedy=12.8 ep=25 total_env_steps=357 -> models/my_zero/CartPole-v1/best.otm
  [kl-lr] ep=26 kl=0.03460 lr_mult=1.500
Ep   26: R=    23.0 len= 23 avg_R=    14.6 loss=2.4796 temp=1.00 total_env_steps=380 t=0.06s
  [kl-lr] ep=27 kl=0.03110 lr_mult=1.500
Ep   27: R=    29.0 len= 29 avg_R=    15.1 loss=2.1117 temp=1.00 total_env_steps=409 t=0.07s
  [kl-lr] ep=28 kl=0.03056 lr_mult=1.500
Ep   28: R=    26.0 len= 26 avg_R=    15.5 loss=2.2283 temp=1.00 total_env_steps=435 t=0.07s
  [kl-lr] ep=29 kl=0.01284 lr_mult=1.500
Ep   29: R=    36.0 len= 36 avg_R=    16.2 loss=2.0807 temp=1.00 total_env_steps=471 t=0.08s
  [kl-lr] ep=30 kl=0.00324 lr_mult=2.250
Ep   30: R=    22.0 len= 22 avg_R=    16.4 loss=1.6119 temp=1.00 total_env_steps=493 t=0.07s
  [kl-lr] ep=31 kl=0.00683 lr_mult=3.375
Ep   31: R=     9.0 len=  9 avg_R=    16.2 loss=0.7921 temp=1.00 total_env_steps=502 t=0.06s
  [kl-lr] ep=32 kl=0.00006 lr_mult=5.062
Ep   32: R=    16.0 len= 16 avg_R=    16.2 loss=2.9350 temp=1.00 total_env_steps=518 t=0.07s
  [kl-lr] ep=33 kl=0.00864 lr_mult=7.594
Ep   33: R=    18.0 len= 18 avg_R=    16.2 loss=6.7825 temp=1.00 total_env_steps=536 t=0.08s
  [kl-lr] ep=34 kl=0.00191 lr_mult=10.000
Ep   34: R=    44.0 len= 44 avg_R=    17.1 loss=8.4154 temp=1.00 total_env_steps=580 t=0.09s
  [kl-lr] ep=35 kl=0.06344 lr_mult=6.667
Ep   35: R=    15.0 len= 15 avg_R=    17.0 loss=53.6773 temp=1.00 total_env_steps=595 t=0.07s
  [kl-lr] ep=36 kl=0.23757 lr_mult=4.444
Ep   36: R=    24.0 len= 24 avg_R=    17.2 loss=49.8186 temp=1.00 total_env_steps=619 t=0.09s
  [kl-lr] ep=37 kl=0.00001 lr_mult=6.667
Ep   37: R=    11.0 len= 11 avg_R=    17.0 loss=28.0830 temp=1.00 total_env_steps=630 t=0.07s
  [kl-lr] ep=38 kl=0.09018 lr_mult=4.444
Ep   38: R=     9.0 len=  9 avg_R=    16.8 loss=20.5110 temp=1.00 total_env_steps=639 t=0.07s
  [kl-lr] ep=39 kl=0.07857 lr_mult=2.963
Ep   39: R=    14.0 len= 14 avg_R=    16.7 loss=17.2202 temp=1.00 total_env_steps=653 t=0.06s
  [kl-lr] ep=40 kl=0.01518 lr_mult=2.963
Ep   40: R=     9.0 len=  9 avg_R=    16.5 loss=16.0764 temp=1.00 total_env_steps=662 t=0.05s
  [kl-lr] ep=41 kl=0.00159 lr_mult=4.444
Ep   41: R=    18.0 len= 18 avg_R=    16.6 loss=14.7476 temp=1.00 total_env_steps=680 t=0.06s
  [kl-lr] ep=42 kl=0.00230 lr_mult=6.667
Ep   42: R=    18.0 len= 18 avg_R=    16.6 loss=20.2216 temp=1.00 total_env_steps=698 t=0.07s
  [kl-lr] ep=43 kl=0.00401 lr_mult=10.000
Ep   43: R=    20.0 len= 20 avg_R=    16.7 loss=17.9356 temp=1.00 total_env_steps=718 t=0.06s
  [kl-lr] ep=44 kl=0.02435 lr_mult=10.000
Ep   44: R=    29.0 len= 29 avg_R=    17.0 loss=21.1620 temp=1.00 total_env_steps=747 t=0.07s
  [kl-lr] ep=45 kl=0.00637 lr_mult=10.000
Ep   45: R=    10.0 len= 10 avg_R=    16.8 loss=17.4769 temp=1.00 total_env_steps=757 t=0.07s
  [kl-lr] ep=46 kl=0.00027 lr_mult=10.000
Ep   46: R=    13.0 len= 13 avg_R=    16.7 loss=18.5045 temp=1.00 total_env_steps=770 t=0.05s
  [kl-lr] ep=47 kl=0.00019 lr_mult=10.000
Ep   47: R=    15.0 len= 15 avg_R=    16.7 loss=20.3988 temp=1.00 total_env_steps=785 t=0.07s
  [kl-lr] ep=48 kl=0.00064 lr_mult=10.000
Ep   48: R=    12.0 len= 12 avg_R=    16.6 loss=21.9242 temp=1.00 total_env_steps=797 t=0.06s
  [kl-lr] ep=49 kl=0.00000 lr_mult=10.000
Ep   49: R=    26.0 len= 26 avg_R=    16.8 loss=18.1863 temp=1.00 total_env_steps=823 t=0.07s
  [kl-lr] ep=50 kl=0.00275 lr_mult=10.000
Ep   50: R=    24.0 len= 24 avg_R=    16.9 loss=18.1193 temp=1.00 total_env_steps=847 t=0.07s
  greedy eval 9.4 / 475（近20局 self-play 17.7，total_env_steps=847）
  [kl-lr] ep=51 kl=0.00157 lr_mult=10.000
Ep   51: R=    14.0 len= 14 avg_R=    16.9 loss=15.2234 temp=1.00 total_env_steps=861 t=0.05s
  [kl-lr] ep=52 kl=0.00081 lr_mult=10.000
Ep   52: R=    17.0 len= 17 avg_R=    16.9 loss=18.3341 temp=1.00 total_env_steps=878 t=0.06s
  [kl-lr] ep=53 kl=0.00424 lr_mult=10.000
Ep   53: R=    25.0 len= 25 avg_R=    17.0 loss=21.5520 temp=1.00 total_env_steps=903 t=0.06s
  [kl-lr] ep=54 kl=0.00300 lr_mult=10.000
Ep   54: R=    12.0 len= 12 avg_R=    16.9 loss=21.8771 temp=1.00 total_env_steps=915 t=0.06s
  [kl-lr] ep=55 kl=0.00040 lr_mult=10.000
Ep   55: R=    18.0 len= 18 avg_R=    17.0 loss=20.2080 temp=1.00 total_env_steps=933 t=0.05s
  [kl-lr] ep=56 kl=0.00020 lr_mult=10.000
Ep   56: R=    38.0 len= 38 avg_R=    17.3 loss=21.8937 temp=1.00 total_env_steps=971 t=0.07s
  [kl-lr] ep=57 kl=0.00037 lr_mult=10.000
Ep   57: R=    22.0 len= 22 avg_R=    17.4 loss=17.1382 temp=1.00 total_env_steps=993 t=0.07s
  [kl-lr] ep=58 kl=0.00858 lr_mult=10.000
Ep   58: R=    29.0 len= 29 avg_R=    17.6 loss=25.1364 temp=1.00 total_env_steps=1022 t=0.06s
  [kl-lr] ep=59 kl=0.03958 lr_mult=10.000
Ep   59: R=    12.0 len= 12 avg_R=    17.5 loss=19.2505 temp=1.00 total_env_steps=1034 t=0.05s
  [kl-lr] ep=60 kl=0.03240 lr_mult=10.000
Ep   60: R=    17.0 len= 17 avg_R=    17.5 loss=18.5810 temp=1.00 total_env_steps=1051 t=0.06s
  [kl-lr] ep=61 kl=0.02182 lr_mult=10.000
Ep   61: R=    21.0 len= 21 avg_R=    17.6 loss=17.9566 temp=1.00 total_env_steps=1072 t=0.06s
  [kl-lr] ep=62 kl=0.00010 lr_mult=10.000
Ep   62: R=    12.0 len= 12 avg_R=    17.5 loss=22.0591 temp=1.00 total_env_steps=1084 t=0.06s
  [kl-lr] ep=63 kl=0.01293 lr_mult=10.000
Ep   63: R=     9.0 len=  9 avg_R=    17.3 loss=20.3595 temp=1.00 total_env_steps=1093 t=0.06s
  [kl-lr] ep=64 kl=0.00368 lr_mult=10.000
Ep   64: R=    10.0 len= 10 avg_R=    17.2 loss=22.1154 temp=1.00 total_env_steps=1103 t=0.06s
  [kl-lr] ep=65 kl=0.00297 lr_mult=10.000
Ep   65: R=    11.0 len= 11 avg_R=    17.1 loss=20.1914 temp=1.00 total_env_steps=1114 t=0.06s
  [kl-lr] ep=66 kl=0.02826 lr_mult=10.000
Ep   66: R=    15.0 len= 15 avg_R=    17.1 loss=18.8359 temp=1.00 total_env_steps=1129 t=0.05s
  [kl-lr] ep=67 kl=0.01492 lr_mult=10.000
Ep   67: R=    12.0 len= 12 avg_R=    17.0 loss=18.7613 temp=1.00 total_env_steps=1141 t=0.06s
  [kl-lr] ep=68 kl=0.00103 lr_mult=10.000
Ep   68: R=    12.0 len= 12 avg_R=    17.0 loss=20.9739 temp=1.00 total_env_steps=1153 t=0.06s
  [kl-lr] ep=69 kl=0.00307 lr_mult=10.000
Ep   69: R=    14.0 len= 14 avg_R=    16.9 loss=22.1793 temp=1.00 total_env_steps=1167 t=0.06s
  [kl-lr] ep=70 kl=0.00036 lr_mult=10.000
Ep   70: R=    37.0 len= 37 avg_R=    17.2 loss=25.4376 temp=1.00 total_env_steps=1204 t=0.07s
  [kl-lr] ep=71 kl=0.00193 lr_mult=10.000
Ep   71: R=    15.0 len= 15 avg_R=    17.2 loss=20.8238 temp=1.00 total_env_steps=1219 t=0.05s
  [kl-lr] ep=72 kl=0.00003 lr_mult=10.000
Ep   72: R=    14.0 len= 14 avg_R=    17.1 loss=20.5692 temp=1.00 total_env_steps=1233 t=0.06s
  [kl-lr] ep=73 kl=0.00384 lr_mult=10.000
Ep   73: R=    13.0 len= 13 avg_R=    17.1 loss=48.6312 temp=1.00 total_env_steps=1246 t=0.06s
  [kl-lr] ep=74 kl=0.00251 lr_mult=10.000
Ep   74: R=    15.0 len= 15 avg_R=    17.0 loss=30.4276 temp=1.00 total_env_steps=1261 t=0.06s
  [kl-lr] ep=75 kl=0.00059 lr_mult=10.000
Ep   75: R=    37.0 len= 37 avg_R=    17.3 loss=25.6059 temp=1.00 total_env_steps=1298 t=0.07s
  greedy eval 9.4 / 475（近20局 self-play 18.2，total_env_steps=1298）
  [kl-lr] ep=76 kl=0.00726 lr_mult=10.000
Ep   76: R=    18.0 len= 18 avg_R=    17.3 loss=22.0307 temp=1.00 total_env_steps=1316 t=0.06s
  [kl-lr] ep=77 kl=0.00265 lr_mult=10.000
Ep   77: R=    16.0 len= 16 avg_R=    17.3 loss=15.3855 temp=1.00 total_env_steps=1332 t=0.05s
  [kl-lr] ep=78 kl=0.00003 lr_mult=10.000
Ep   78: R=    25.0 len= 25 avg_R=    17.4 loss=24.3156 temp=1.00 total_env_steps=1357 t=0.06s
  [kl-lr] ep=79 kl=0.00412 lr_mult=10.000
Ep   79: R=    13.0 len= 13 avg_R=    17.3 loss=21.4174 temp=1.00 total_env_steps=1370 t=0.06s
  [kl-lr] ep=80 kl=0.00876 lr_mult=10.000
Ep   80: R=    11.0 len= 11 avg_R=    17.3 loss=14.3278 temp=1.00 total_env_steps=1381 t=0.05s
  [kl-lr] ep=81 kl=0.00008 lr_mult=10.000
Ep   81: R=    14.0 len= 14 avg_R=    17.2 loss=23.1778 temp=1.00 total_env_steps=1395 t=0.06s
  [kl-lr] ep=82 kl=0.00410 lr_mult=10.000
Ep   82: R=    30.0 len= 30 avg_R=    17.4 loss=26.5275 temp=1.00 total_env_steps=1425 t=0.06s
  [kl-lr] ep=83 kl=0.00441 lr_mult=10.000
Ep   83: R=    28.0 len= 28 avg_R=    17.5 loss=20.4231 temp=1.00 total_env_steps=1453 t=0.07s
  [kl-lr] ep=84 kl=0.00254 lr_mult=10.000
Ep   84: R=    23.0 len= 23 avg_R=    17.6 loss=26.0875 temp=1.00 total_env_steps=1476 t=0.06s
  [kl-lr] ep=85 kl=0.00035 lr_mult=10.000
Ep   85: R=    12.0 len= 12 avg_R=    17.5 loss=20.2636 temp=1.00 total_env_steps=1488 t=0.05s
  [kl-lr] ep=86 kl=0.00115 lr_mult=10.000
Ep   86: R=    14.0 len= 14 avg_R=    17.5 loss=27.3689 temp=1.00 total_env_steps=1502 t=0.06s
  [kl-lr] ep=87 kl=0.02612 lr_mult=10.000
Ep   87: R=    14.0 len= 14 avg_R=    17.4 loss=19.1035 temp=1.00 total_env_steps=1516 t=0.05s
  [kl-lr] ep=88 kl=0.06853 lr_mult=6.667
Ep   88: R=     9.0 len=  9 avg_R=    17.3 loss=22.4618 temp=1.00 total_env_steps=1525 t=0.05s
  [kl-lr] ep=89 kl=0.00847 lr_mult=10.000
Ep   89: R=    17.0 len= 17 avg_R=    17.3 loss=22.6845 temp=1.00 total_env_steps=1542 t=0.05s
  [kl-lr] ep=90 kl=0.02306 lr_mult=10.000
Ep   90: R=    16.0 len= 16 avg_R=    17.3 loss=21.9491 temp=1.00 total_env_steps=1558 t=0.05s
  [kl-lr] ep=91 kl=0.00635 lr_mult=10.000
Ep   91: R=     9.0 len=  9 avg_R=    17.2 loss=18.4456 temp=1.00 total_env_steps=1567 t=0.05s
  [kl-lr] ep=92 kl=0.00310 lr_mult=10.000
Ep   92: R=    13.0 len= 13 avg_R=    17.2 loss=19.6574 temp=1.00 total_env_steps=1580 t=0.06s
  [kl-lr] ep=93 kl=0.00033 lr_mult=10.000
Ep   93: R=    23.0 len= 23 avg_R=    17.2 loss=24.8754 temp=1.00 total_env_steps=1603 t=0.06s
  [kl-lr] ep=94 kl=0.01455 lr_mult=10.000
Ep   94: R=    13.0 len= 13 avg_R=    17.2 loss=25.4493 temp=1.00 total_env_steps=1616 t=0.05s
  [kl-lr] ep=95 kl=0.03147 lr_mult=10.000
Ep   95: R=    11.0 len= 11 avg_R=    17.1 loss=22.2665 temp=1.00 total_env_steps=1627 t=0.06s
  [kl-lr] ep=96 kl=0.00638 lr_mult=10.000
Ep   96: R=    27.0 len= 27 avg_R=    17.2 loss=26.5816 temp=1.00 total_env_steps=1654 t=0.06s
  [kl-lr] ep=97 kl=0.02724 lr_mult=10.000
Ep   97: R=    11.0 len= 11 avg_R=    17.2 loss=23.7363 temp=1.00 total_env_steps=1665 t=0.05s
  [kl-lr] ep=98 kl=0.00539 lr_mult=10.000
Ep   98: R=    20.0 len= 20 avg_R=    17.2 loss=26.8704 temp=1.00 total_env_steps=1685 t=0.06s
  [kl-lr] ep=99 kl=0.02654 lr_mult=10.000
Ep   99: R=    12.0 len= 12 avg_R=    17.1 loss=23.4946 temp=1.00 total_env_steps=1697 t=0.06s
  [kl-lr] ep=100 kl=0.03091 lr_mult=10.000
Ep  100: R=    12.0 len= 12 avg_R=    17.1 loss=20.5214 temp=1.00 total_env_steps=1709 t=0.06s
  greedy eval 9.4 / 475（近20局 self-play 16.4，total_env_steps=1709）
  [kl-lr] ep=101 kl=0.01993 lr_mult=10.000
Ep  101: R=    24.0 len= 24 avg_R=    17.2 loss=19.8588 temp=1.00 total_env_steps=1733 t=0.06s
  [kl-lr] ep=102 kl=0.00402 lr_mult=10.000
Ep  102: R=    14.0 len= 14 avg_R=    17.2 loss=20.2207 temp=1.00 total_env_steps=1747 t=0.05s
  [kl-lr] ep=103 kl=0.00132 lr_mult=10.000
Ep  103: R=    12.0 len= 12 avg_R=    17.2 loss=20.6012 temp=1.00 total_env_steps=1759 t=0.06s
  [kl-lr] ep=104 kl=0.00002 lr_mult=10.000
Ep  104: R=    13.0 len= 13 avg_R=    17.2 loss=27.6852 temp=1.00 total_env_steps=1772 t=0.06s
  [kl-lr] ep=105 kl=0.00670 lr_mult=10.000
Ep  105: R=    11.0 len= 11 avg_R=    17.1 loss=21.9273 temp=1.00 total_env_steps=1783 t=0.05s
  [kl-lr] ep=106 kl=0.00027 lr_mult=10.000
Ep  106: R=    13.0 len= 13 avg_R=    17.1 loss=22.3287 temp=1.00 total_env_steps=1796 t=0.05s
  [kl-lr] ep=107 kl=0.00109 lr_mult=10.000
Ep  107: R=    40.0 len= 40 avg_R=    17.4 loss=21.6941 temp=1.00 total_env_steps=1836 t=0.07s
  [kl-lr] ep=108 kl=0.00249 lr_mult=10.000
Ep  108: R=    14.0 len= 14 avg_R=    17.5 loss=21.7950 temp=1.00 total_env_steps=1850 t=0.05s
  [kl-lr] ep=109 kl=0.00110 lr_mult=10.000
Ep  109: R=    13.0 len= 13 avg_R=    17.4 loss=25.3561 temp=1.00 total_env_steps=1863 t=0.06s
  [kl-lr] ep=110 kl=0.00336 lr_mult=10.000
Ep  110: R=    13.0 len= 13 avg_R=    17.5 loss=25.3053 temp=1.00 total_env_steps=1876 t=0.05s
  [kl-lr] ep=111 kl=0.01852 lr_mult=10.000
Ep  111: R=    10.0 len= 10 avg_R=    17.5 loss=23.7061 temp=1.00 total_env_steps=1886 t=0.06s
  [kl-lr] ep=112 kl=0.04871 lr_mult=6.667
Ep  112: R=    19.0 len= 19 avg_R=    17.5 loss=28.0172 temp=1.00 total_env_steps=1905 t=0.07s
  [kl-lr] ep=113 kl=0.03807 lr_mult=6.667
Ep  113: R=    27.0 len= 27 avg_R=    17.6 loss=21.7584 temp=1.00 total_env_steps=1932 t=0.08s
  [kl-lr] ep=114 kl=0.00451 lr_mult=10.000
Ep  114: R=    13.0 len= 13 avg_R=    17.6 loss=23.0251 temp=1.00 total_env_steps=1945 t=0.07s
  [kl-lr] ep=115 kl=0.01927 lr_mult=10.000
Ep  115: R=    11.0 len= 11 avg_R=    17.6 loss=27.1386 temp=1.00 total_env_steps=1956 t=0.07s
  [kl-lr] ep=116 kl=0.04762 lr_mult=6.667
Ep  116: R=    12.0 len= 12 avg_R=    17.6 loss=28.7217 temp=1.00 total_env_steps=1968 t=0.07s
  [kl-lr] ep=117 kl=0.01759 lr_mult=6.667
Ep  117: R=    59.0 len= 59 avg_R=    18.1 loss=26.5874 temp=1.00 total_env_steps=2027 t=0.10s
  [kl-lr] ep=118 kl=0.00091 lr_mult=10.000
Ep  118: R=    11.0 len= 11 avg_R=    18.0 loss=25.4548 temp=1.00 total_env_steps=2038 t=0.07s
  [kl-lr] ep=119 kl=0.01530 lr_mult=10.000
Ep  119: R=    15.0 len= 15 avg_R=    18.0 loss=28.7101 temp=1.00 total_env_steps=2053 t=0.08s
  [kl-lr] ep=120 kl=0.00334 lr_mult=10.000
Ep  120: R=    13.0 len= 13 avg_R=    18.0 loss=27.0240 temp=1.00 total_env_steps=2066 t=0.06s
  [kl-lr] ep=121 kl=0.00421 lr_mult=10.000
Ep  121: R=    28.0 len= 28 avg_R=    18.1 loss=22.9835 temp=1.00 total_env_steps=2094 t=0.06s
  [kl-lr] ep=122 kl=0.01721 lr_mult=10.000
Ep  122: R=    19.0 len= 19 avg_R=    18.2 loss=22.4238 temp=1.00 total_env_steps=2113 t=0.07s
  [kl-lr] ep=123 kl=0.01004 lr_mult=10.000
Ep  123: R=    12.0 len= 12 avg_R=    18.2 loss=26.6593 temp=1.00 total_env_steps=2125 t=0.07s
  [kl-lr] ep=124 kl=0.01842 lr_mult=10.000
Ep  124: R=    26.0 len= 26 avg_R=    18.1 loss=26.9110 temp=1.00 total_env_steps=2151 t=0.08s
  [kl-lr] ep=125 kl=0.01978 lr_mult=10.000
Ep  125: R=    12.0 len= 12 avg_R=    18.1 loss=21.1659 temp=1.00 total_env_steps=2163 t=0.06s
  greedy eval 9.4 / 475（近20局 self-play 19.0，total_env_steps=2163）
  [kl-lr] ep=126 kl=0.00648 lr_mult=10.000
Ep  126: R=    14.0 len= 14 avg_R=    18.0 loss=24.9082 temp=1.00 total_env_steps=2177 t=0.08s
  [kl-lr] ep=127 kl=0.03957 lr_mult=10.000
Ep  127: R=    12.0 len= 12 avg_R=    17.8 loss=25.2233 temp=1.00 total_env_steps=2189 t=0.07s
  [kl-lr] ep=128 kl=0.02395 lr_mult=10.000
Ep  128: R=    13.0 len= 13 avg_R=    17.7 loss=20.6114 temp=1.00 total_env_steps=2202 t=0.06s
  [kl-lr] ep=129 kl=0.00707 lr_mult=10.000
Ep  129: R=    25.0 len= 25 avg_R=    17.6 loss=29.7736 temp=1.00 total_env_steps=2227 t=0.08s
  [kl-lr] ep=130 kl=0.00000 lr_mult=10.000
Ep  130: R=    12.0 len= 12 avg_R=    17.5 loss=28.2016 temp=1.00 total_env_steps=2239 t=0.07s
  [kl-lr] ep=131 kl=0.00269 lr_mult=10.000
Ep  131: R=    18.0 len= 18 avg_R=    17.5 loss=24.2660 temp=1.00 total_env_steps=2257 t=0.08s
  [kl-lr] ep=132 kl=0.00020 lr_mult=10.000
Ep  132: R=    11.0 len= 11 avg_R=    17.5 loss=19.3991 temp=1.00 total_env_steps=2268 t=0.06s
  [kl-lr] ep=133 kl=0.01120 lr_mult=10.000
Ep  133: R=     9.0 len=  9 avg_R=    17.4 loss=25.8053 temp=1.00 total_env_steps=2277 t=0.07s
  [kl-lr] ep=134 kl=0.00505 lr_mult=10.000
Ep  134: R=     9.0 len=  9 avg_R=    17.1 loss=25.6455 temp=1.00 total_env_steps=2286 t=0.07s
  [kl-lr] ep=135 kl=0.00002 lr_mult=10.000
Ep  135: R=    11.0 len= 11 avg_R=    17.0 loss=24.7221 temp=1.00 total_env_steps=2297 t=0.06s
  [kl-lr] ep=136 kl=0.00008 lr_mult=10.000
Ep  136: R=     9.0 len=  9 avg_R=    16.9 loss=20.7891 temp=1.00 total_env_steps=2306 t=0.06s
  [kl-lr] ep=137 kl=0.00167 lr_mult=10.000
Ep  137: R=    20.0 len= 20 avg_R=    17.0 loss=25.0280 temp=1.00 total_env_steps=2326 t=0.07s
  [kl-lr] ep=138 kl=0.00447 lr_mult=10.000
Ep  138: R=    14.0 len= 14 avg_R=    17.0 loss=21.4911 temp=1.00 total_env_steps=2340 t=0.06s
  [kl-lr] ep=139 kl=0.00953 lr_mult=10.000
Ep  139: R=    13.0 len= 13 avg_R=    17.0 loss=24.3126 temp=1.00 total_env_steps=2353 t=0.06s
  [kl-lr] ep=140 kl=0.00924 lr_mult=10.000
Ep  140: R=    12.0 len= 12 avg_R=    17.0 loss=23.5792 temp=1.00 total_env_steps=2365 t=0.07s
  [kl-lr] ep=141 kl=0.09801 lr_mult=6.667
Ep  141: R=    23.0 len= 23 avg_R=    17.1 loss=29.2827 temp=1.00 total_env_steps=2388 t=0.08s
  [kl-lr] ep=142 kl=0.13646 lr_mult=4.444
Ep  142: R=    11.0 len= 11 avg_R=    17.0 loss=33.8317 temp=1.00 total_env_steps=2399 t=0.06s
  [kl-lr] ep=143 kl=0.03718 lr_mult=4.444
Ep  143: R=    27.0 len= 27 avg_R=    17.1 loss=34.5767 temp=1.00 total_env_steps=2426 t=0.07s
  [kl-lr] ep=144 kl=0.00065 lr_mult=6.667
Ep  144: R=     9.0 len=  9 avg_R=    16.9 loss=27.3617 temp=1.00 total_env_steps=2435 t=0.06s
  [kl-lr] ep=145 kl=0.00622 lr_mult=10.000
Ep  145: R=    10.0 len= 10 avg_R=    16.9 loss=22.7850 temp=1.00 total_env_steps=2445 t=0.06s
  [kl-lr] ep=146 kl=0.00053 lr_mult=10.000
Ep  146: R=    13.0 len= 13 avg_R=    16.9 loss=26.7947 temp=1.00 total_env_steps=2458 t=0.06s
  [kl-lr] ep=147 kl=0.00975 lr_mult=10.000
Ep  147: R=    11.0 len= 11 avg_R=    16.8 loss=26.9508 temp=1.00 total_env_steps=2469 t=0.07s
  [kl-lr] ep=148 kl=0.03528 lr_mult=10.000
Ep  148: R=    10.0 len= 10 avg_R=    16.8 loss=25.3183 temp=1.00 total_env_steps=2479 t=0.08s
  [kl-lr] ep=149 kl=0.07569 lr_mult=6.667
Ep  149: R=    11.0 len= 11 avg_R=    16.7 loss=22.4400 temp=1.00 total_env_steps=2490 t=0.06s
  [kl-lr] ep=150 kl=0.06050 lr_mult=4.444
Ep  150: R=    10.0 len= 10 avg_R=    16.5 loss=26.8558 temp=1.00 total_env_steps=2500 t=0.08s
  greedy eval 9.4 / 475（近20局 self-play 13.1，total_env_steps=2500）
  [kl-lr] ep=151 kl=0.00037 lr_mult=6.667
Ep  151: R=    12.0 len= 12 avg_R=    16.5 loss=21.7455 temp=1.00 total_env_steps=2512 t=0.07s
  [kl-lr] ep=152 kl=0.01610 lr_mult=6.667
Ep  152: R=    15.0 len= 15 avg_R=    16.5 loss=27.8238 temp=1.00 total_env_steps=2527 t=0.07s
  [kl-lr] ep=153 kl=0.01389 lr_mult=6.667
Ep  153: R=    11.0 len= 11 avg_R=    16.4 loss=26.6755 temp=1.00 total_env_steps=2538 t=0.07s
  [kl-lr] ep=154 kl=0.00631 lr_mult=10.000
Ep  154: R=    10.0 len= 10 avg_R=    16.3 loss=22.2947 temp=1.00 total_env_steps=2548 t=0.05s
  [kl-lr] ep=155 kl=0.00215 lr_mult=10.000
Ep  155: R=    10.0 len= 10 avg_R=    16.2 loss=24.7497 temp=1.00 total_env_steps=2558 t=0.07s
  [kl-lr] ep=156 kl=0.01685 lr_mult=10.000
Ep  156: R=     9.0 len=  9 avg_R=    16.0 loss=19.7095 temp=1.00 total_env_steps=2567 t=0.06s
  [kl-lr] ep=157 kl=0.09565 lr_mult=6.667
Ep  157: R=     8.0 len=  8 avg_R=    15.8 loss=24.1454 temp=1.00 total_env_steps=2575 t=0.06s
  [kl-lr] ep=158 kl=0.01014 lr_mult=6.667
Ep  158: R=    14.0 len= 14 avg_R=    15.7 loss=23.6072 temp=1.00 total_env_steps=2589 t=0.08s
  [kl-lr] ep=159 kl=0.02862 lr_mult=6.667
Ep  159: R=    16.0 len= 16 avg_R=    15.7 loss=28.2660 temp=1.00 total_env_steps=2605 t=0.07s
  [kl-lr] ep=160 kl=0.01720 lr_mult=6.667
Ep  160: R=    15.0 len= 15 avg_R=    15.7 loss=25.2150 temp=1.00 total_env_steps=2620 t=0.07s
  [kl-lr] ep=161 kl=0.00161 lr_mult=10.000
Ep  161: R=    18.0 len= 18 avg_R=    15.7 loss=24.3591 temp=1.00 total_env_steps=2638 t=0.07s
  [kl-lr] ep=162 kl=0.02111 lr_mult=10.000
Ep  162: R=    12.0 len= 12 avg_R=    15.7 loss=28.2492 temp=1.00 total_env_steps=2650 t=0.08s
  [kl-lr] ep=163 kl=0.01546 lr_mult=10.000
Ep  163: R=    16.0 len= 16 avg_R=    15.7 loss=21.6242 temp=1.00 total_env_steps=2666 t=0.06s
  [kl-lr] ep=164 kl=0.03001 lr_mult=10.000
Ep  164: R=    18.0 len= 18 avg_R=    15.8 loss=20.7786 temp=1.00 total_env_steps=2684 t=0.07s
  [kl-lr] ep=165 kl=0.01398 lr_mult=10.000
Ep  165: R=    13.0 len= 13 avg_R=    15.8 loss=19.9317 temp=1.00 total_env_steps=2697 t=0.07s
  [kl-lr] ep=166 kl=0.01019 lr_mult=10.000
Ep  166: R=    15.0 len= 15 avg_R=    15.8 loss=19.9158 temp=1.00 total_env_steps=2712 t=0.07s
  [kl-lr] ep=167 kl=0.02919 lr_mult=10.000
Ep  167: R=    10.0 len= 10 avg_R=    15.8 loss=24.2224 temp=1.00 total_env_steps=2722 t=0.06s
  [kl-lr] ep=168 kl=0.00056 lr_mult=10.000
Ep  168: R=    28.0 len= 28 avg_R=    16.0 loss=24.7413 temp=1.00 total_env_steps=2750 t=0.07s
  [kl-lr] ep=169 kl=0.01340 lr_mult=10.000
Ep  169: R=    11.0 len= 11 avg_R=    15.9 loss=29.5059 temp=1.00 total_env_steps=2761 t=0.07s
  [kl-lr] ep=170 kl=0.01930 lr_mult=10.000
Ep  170: R=    12.0 len= 12 avg_R=    15.7 loss=18.3256 temp=1.00 total_env_steps=2773 t=0.08s
  [kl-lr] ep=171 kl=0.04645 lr_mult=6.667
Ep  171: R=    19.0 len= 19 avg_R=    15.7 loss=21.5204 temp=1.00 total_env_steps=2792 t=0.07s
  [kl-lr] ep=172 kl=0.01028 lr_mult=6.667
Ep  172: R=    39.0 len= 39 avg_R=    16.0 loss=18.6916 temp=1.00 total_env_steps=2831 t=0.07s
  [kl-lr] ep=173 kl=0.00783 lr_mult=10.000
Ep  173: R=    10.0 len= 10 avg_R=    15.9 loss=16.6768 temp=1.00 total_env_steps=2841 t=0.07s
  [kl-lr] ep=174 kl=0.01089 lr_mult=10.000
Ep  174: R=    13.0 len= 13 avg_R=    15.9 loss=25.6149 temp=1.00 total_env_steps=2854 t=0.07s
  [kl-lr] ep=175 kl=0.01550 lr_mult=10.000
Ep  175: R=    14.0 len= 14 avg_R=    15.7 loss=25.3245 temp=1.00 total_env_steps=2868 t=0.07s
  greedy eval 9.4 / 475（近20局 self-play 15.5，total_env_steps=2868）
  [kl-lr] ep=176 kl=0.03117 lr_mult=10.000
Ep  176: R=    16.0 len= 16 avg_R=    15.7 loss=22.3237 temp=1.00 total_env_steps=2884 t=0.07s
  [kl-lr] ep=177 kl=0.04789 lr_mult=6.667
Ep  177: R=     9.0 len=  9 avg_R=    15.6 loss=24.2596 temp=1.00 total_env_steps=2893 t=0.07s
  [kl-lr] ep=178 kl=0.01266 lr_mult=6.667
Ep  178: R=    13.0 len= 13 avg_R=    15.5 loss=24.3585 temp=1.00 total_env_steps=2906 t=0.07s
  [kl-lr] ep=179 kl=0.01296 lr_mult=6.667
Ep  179: R=    19.0 len= 19 avg_R=    15.6 loss=23.4562 temp=1.00 total_env_steps=2925 t=0.06s
  [kl-lr] ep=180 kl=0.00018 lr_mult=10.000
Ep  180: R=    18.0 len= 18 avg_R=    15.6 loss=25.1836 temp=1.00 total_env_steps=2943 t=0.07s
  [kl-lr] ep=181 kl=0.02652 lr_mult=10.000
Ep  181: R=    15.0 len= 15 avg_R=    15.6 loss=25.2687 temp=1.00 total_env_steps=2958 t=0.07s
  [kl-lr] ep=182 kl=0.01851 lr_mult=10.000
Ep  182: R=    11.0 len= 11 avg_R=    15.4 loss=23.6421 temp=1.00 total_env_steps=2969 t=0.07s
  [kl-lr] ep=183 kl=0.00709 lr_mult=10.000
Ep  183: R=    12.0 len= 12 avg_R=    15.3 loss=22.4339 temp=1.00 total_env_steps=2981 t=0.07s
  [kl-lr] ep=184 kl=0.00400 lr_mult=10.000
Ep  184: R=    10.0 len= 10 avg_R=    15.1 loss=20.2410 temp=1.00 total_env_steps=2991 t=0.07s
  [kl-lr] ep=185 kl=0.00151 lr_mult=10.000
Ep  185: R=    13.0 len= 13 avg_R=    15.2 loss=24.5558 temp=1.00 total_env_steps=3004 t=0.07s
  [kl-lr] ep=186 kl=0.02017 lr_mult=10.000
Ep  186: R=    19.0 len= 19 avg_R=    15.2 loss=27.2896 temp=1.00 total_env_steps=3023 t=0.07s
  [kl-lr] ep=187 kl=0.00743 lr_mult=10.000
Ep  187: R=    14.0 len= 14 avg_R=    15.2 loss=26.2187 temp=1.00 total_env_steps=3037 t=0.08s
  [kl-lr] ep=188 kl=0.00465 lr_mult=10.000
Ep  188: R=    19.0 len= 19 avg_R=    15.3 loss=22.4661 temp=1.00 total_env_steps=3056 t=0.07s
  [kl-lr] ep=189 kl=0.05825 lr_mult=6.667
Ep  189: R=    13.0 len= 13 avg_R=    15.3 loss=27.0180 temp=1.00 total_env_steps=3069 t=0.08s
  [kl-lr] ep=190 kl=0.04099 lr_mult=4.444
Ep  190: R=    16.0 len= 16 avg_R=    15.3 loss=27.9537 temp=1.00 total_env_steps=3085 t=0.09s
  [kl-lr] ep=191 kl=0.00368 lr_mult=6.667
Ep  191: R=    16.0 len= 16 avg_R=    15.3 loss=28.7880 temp=1.00 total_env_steps=3101 t=0.08s
  [kl-lr] ep=192 kl=0.00062 lr_mult=10.000
Ep  192: R=    10.0 len= 10 avg_R=    15.3 loss=27.0961 temp=1.00 total_env_steps=3111 t=0.07s
  [kl-lr] ep=193 kl=0.00820 lr_mult=10.000
Ep  193: R=    17.0 len= 17 avg_R=    15.2 loss=20.6239 temp=1.00 total_env_steps=3128 t=0.07s
  [kl-lr] ep=194 kl=0.00045 lr_mult=10.000
Ep  194: R=    15.0 len= 15 avg_R=    15.3 loss=22.1784 temp=1.00 total_env_steps=3143 t=0.07s
  [kl-lr] ep=195 kl=0.00671 lr_mult=10.000
Ep  195: R=    34.0 len= 34 avg_R=    15.5 loss=24.8215 temp=1.00 total_env_steps=3177 t=0.08s
  [kl-lr] ep=196 kl=0.00907 lr_mult=10.000
Ep  196: R=    18.0 len= 18 avg_R=    15.4 loss=29.9950 temp=1.00 total_env_steps=3195 t=0.07s
  [kl-lr] ep=197 kl=0.00043 lr_mult=10.000
Ep  197: R=    12.0 len= 12 avg_R=    15.4 loss=24.3481 temp=1.00 total_env_steps=3207 t=0.07s
  [kl-lr] ep=198 kl=0.00087 lr_mult=10.000
Ep  198: R=    19.0 len= 19 avg_R=    15.4 loss=23.9827 temp=1.00 total_env_steps=3226 t=0.07s
  [kl-lr] ep=199 kl=0.00030 lr_mult=10.000
Ep  199: R=    13.0 len= 13 avg_R=    15.4 loss=18.7139 temp=1.00 total_env_steps=3239 t=0.06s
  [kl-lr] ep=200 kl=0.00216 lr_mult=10.000
Ep  200: R=    24.0 len= 24 avg_R=    15.5 loss=22.6673 temp=1.00 total_env_steps=3263 t=0.07s
  greedy eval 9.4 / 475（近20局 self-play 16.0，total_env_steps=3263）
  [kl-lr] ep=201 kl=0.00055 lr_mult=10.000
Ep  201: R=    24.0 len= 24 avg_R=    15.5 loss=23.1253 temp=1.00 total_env_steps=3287 t=0.06s
  [kl-lr] ep=202 kl=0.01725 lr_mult=10.000
Ep  202: R=    11.0 len= 11 avg_R=    15.5 loss=19.6444 temp=1.00 total_env_steps=3298 t=0.06s
  [kl-lr] ep=203 kl=0.03307 lr_mult=10.000
Ep  203: R=    17.0 len= 17 avg_R=    15.6 loss=20.8055 temp=1.00 total_env_steps=3315 t=0.07s
  [kl-lr] ep=204 kl=0.00422 lr_mult=10.000
Ep  204: R=    27.0 len= 27 avg_R=    15.7 loss=27.3657 temp=1.00 total_env_steps=3342 t=0.08s
  [kl-lr] ep=205 kl=0.00116 lr_mult=10.000
Ep  205: R=    18.0 len= 18 avg_R=    15.8 loss=22.3311 temp=1.00 total_env_steps=3360 t=0.07s
  [kl-lr] ep=206 kl=0.00275 lr_mult=10.000
Ep  206: R=    33.0 len= 33 avg_R=    16.0 loss=19.8661 temp=1.00 total_env_steps=3393 t=0.07s
  [kl-lr] ep=207 kl=0.00021 lr_mult=10.000
Ep  207: R=    19.0 len= 19 avg_R=    15.8 loss=26.1388 temp=1.00 total_env_steps=3412 t=0.07s
  [kl-lr] ep=208 kl=0.00016 lr_mult=10.000
Ep  208: R=    17.0 len= 17 avg_R=    15.8 loss=18.1118 temp=1.00 total_env_steps=3429 t=0.07s
  [kl-lr] ep=209 kl=0.00147 lr_mult=10.000
Ep  209: R=    28.0 len= 28 avg_R=    15.9 loss=24.6463 temp=1.00 total_env_steps=3457 t=0.08s
  [kl-lr] ep=210 kl=0.00644 lr_mult=10.000
Ep  210: R=    18.0 len= 18 avg_R=    16.0 loss=21.6334 temp=1.00 total_env_steps=3475 t=0.08s
  [kl-lr] ep=211 kl=0.01885 lr_mult=10.000
Ep  211: R=     8.0 len=  8 avg_R=    16.0 loss=26.0172 temp=1.00 total_env_steps=3483 t=0.07s
  [kl-lr] ep=212 kl=0.03334 lr_mult=10.000
Ep  212: R=    17.0 len= 17 avg_R=    15.9 loss=22.5556 temp=1.00 total_env_steps=3500 t=0.07s
  [kl-lr] ep=213 kl=0.02278 lr_mult=10.000
Ep  213: R=    21.0 len= 21 avg_R=    15.9 loss=22.3509 temp=1.00 total_env_steps=3521 t=0.07s
  [kl-lr] ep=214 kl=0.00184 lr_mult=10.000
Ep  214: R=    11.0 len= 11 avg_R=    15.9 loss=18.4835 temp=1.00 total_env_steps=3532 t=0.06s
  [kl-lr] ep=215 kl=0.05035 lr_mult=6.667
Ep  215: R=    13.0 len= 13 avg_R=    15.9 loss=24.5993 temp=1.00 total_env_steps=3545 t=0.07s
  [kl-lr] ep=216 kl=0.05199 lr_mult=4.444
Ep  216: R=    22.0 len= 22 avg_R=    16.0 loss=24.1247 temp=1.00 total_env_steps=3567 t=0.07s
  [kl-lr] ep=217 kl=0.00017 lr_mult=6.667
Ep  217: R=    16.0 len= 16 avg_R=    15.6 loss=20.3876 temp=1.00 total_env_steps=3583 t=0.07s
  [kl-lr] ep=218 kl=0.00711 lr_mult=10.000
Ep  218: R=     9.0 len=  9 avg_R=    15.5 loss=25.7195 temp=1.00 total_env_steps=3592 t=0.07s
  [kl-lr] ep=219 kl=0.00003 lr_mult=10.000
Ep  219: R=    25.0 len= 25 avg_R=    15.6 loss=20.6610 temp=1.00 total_env_steps=3617 t=0.07s
  [kl-lr] ep=220 kl=0.00300 lr_mult=10.000
Ep  220: R=    23.0 len= 23 avg_R=    15.7 loss=19.9261 temp=1.00 total_env_steps=3640 t=0.07s
  [kl-lr] ep=221 kl=0.00603 lr_mult=10.000
Ep  221: R=    18.0 len= 18 avg_R=    15.6 loss=22.4801 temp=1.00 total_env_steps=3658 t=0.06s
  [kl-lr] ep=222 kl=0.01843 lr_mult=10.000
Ep  222: R=    26.0 len= 26 avg_R=    15.7 loss=23.4713 temp=1.00 total_env_steps=3684 t=0.08s
  [kl-lr] ep=223 kl=0.10269 lr_mult=6.667
Ep  223: R=    15.0 len= 15 avg_R=    15.7 loss=20.0506 temp=1.00 total_env_steps=3699 t=0.07s
  [kl-lr] ep=224 kl=0.01515 lr_mult=6.667
Ep  224: R=     9.0 len=  9 avg_R=    15.6 loss=19.0094 temp=1.00 total_env_steps=3708 t=0.07s
  [kl-lr] ep=225 kl=0.04595 lr_mult=4.444
Ep  225: R=    14.0 len= 14 avg_R=    15.6 loss=24.2219 temp=1.00 total_env_steps=3722 t=0.07s
  greedy eval 9.2 / 475（近20局 self-play 18.1，total_env_steps=3722）
  [kl-lr] ep=226 kl=0.04309 lr_mult=2.963
Ep  226: R=    14.0 len= 14 avg_R=    15.6 loss=24.8108 temp=1.00 total_env_steps=3736 t=0.07s
  [kl-lr] ep=227 kl=0.00012 lr_mult=4.444
Ep  227: R=    15.0 len= 15 avg_R=    15.6 loss=20.4049 temp=1.00 total_env_steps=3751 t=0.07s
  [kl-lr] ep=228 kl=0.00328 lr_mult=6.667
Ep  228: R=    10.0 len= 10 avg_R=    15.6 loss=24.6758 temp=1.00 total_env_steps=3761 t=0.07s
  [kl-lr] ep=229 kl=0.00277 lr_mult=10.000
Ep  229: R=    24.0 len= 24 avg_R=    15.6 loss=22.9939 temp=1.00 total_env_steps=3785 t=0.06s
  [kl-lr] ep=230 kl=0.00498 lr_mult=10.000
Ep  230: R=    16.0 len= 16 avg_R=    15.6 loss=21.9687 temp=1.00 total_env_steps=3801 t=0.06s
  [kl-lr] ep=231 kl=0.00238 lr_mult=10.000
Ep  231: R=    18.0 len= 18 avg_R=    15.6 loss=22.4379 temp=1.00 total_env_steps=3819 t=0.06s
  [kl-lr] ep=232 kl=0.02558 lr_mult=10.000
Ep  232: R=    23.0 len= 23 avg_R=    15.7 loss=25.9375 temp=1.00 total_env_steps=3842 t=0.06s
  [kl-lr] ep=233 kl=0.01761 lr_mult=10.000
Ep  233: R=    30.0 len= 30 avg_R=    15.9 loss=20.6474 temp=1.00 total_env_steps=3872 t=0.09s
  [kl-lr] ep=234 kl=0.01642 lr_mult=10.000
Ep  234: R=    10.0 len= 10 avg_R=    16.0 loss=23.2862 temp=1.00 total_env_steps=3882 t=0.06s
  [kl-lr] ep=235 kl=0.01099 lr_mult=10.000
Ep  235: R=    11.0 len= 11 avg_R=    16.0 loss=23.5115 temp=1.00 total_env_steps=3893 t=0.06s
  [kl-lr] ep=236 kl=0.00275 lr_mult=10.000
Ep  236: R=    18.0 len= 18 avg_R=    16.0 loss=23.7998 temp=1.00 total_env_steps=3911 t=0.07s
  [kl-lr] ep=237 kl=0.00015 lr_mult=10.000
Ep  237: R=    12.0 len= 12 avg_R=    16.0 loss=23.2553 temp=1.00 total_env_steps=3923 t=0.06s
  [kl-lr] ep=238 kl=0.00007 lr_mult=10.000
Ep  238: R=    17.0 len= 17 avg_R=    16.0 loss=18.3443 temp=1.00 total_env_steps=3940 t=0.06s
  [kl-lr] ep=239 kl=0.00060 lr_mult=10.000
Ep  239: R=    15.0 len= 15 avg_R=    16.0 loss=24.9951 temp=1.00 total_env_steps=3955 t=0.06s
  [kl-lr] ep=240 kl=0.00128 lr_mult=10.000
Ep  240: R=    26.0 len= 26 avg_R=    16.2 loss=19.9835 temp=1.00 total_env_steps=3981 t=0.08s
  [kl-lr] ep=241 kl=0.00129 lr_mult=10.000
Ep  241: R=    14.0 len= 14 avg_R=    16.1 loss=19.3416 temp=1.00 total_env_steps=3995 t=0.06s
  [kl-lr] ep=242 kl=0.00352 lr_mult=10.000
Ep  242: R=    12.0 len= 12 avg_R=    16.1 loss=21.0416 temp=1.00 total_env_steps=4007 t=0.06s
  [kl-lr] ep=243 kl=0.01218 lr_mult=10.000
Ep  243: R=    16.0 len= 16 avg_R=    16.0 loss=22.8333 temp=1.00 total_env_steps=4023 t=0.07s
  [kl-lr] ep=244 kl=0.00008 lr_mult=10.000
Ep  244: R=    13.0 len= 13 avg_R=    16.0 loss=18.5338 temp=1.00 total_env_steps=4036 t=0.07s
  [kl-lr] ep=245 kl=0.02265 lr_mult=10.000
Ep  245: R=    11.0 len= 11 avg_R=    16.0 loss=30.0957 temp=1.00 total_env_steps=4047 t=0.06s
  [kl-lr] ep=246 kl=0.03786 lr_mult=10.000
Ep  246: R=    18.0 len= 18 avg_R=    16.1 loss=27.8782 temp=1.00 total_env_steps=4065 t=0.07s
  [kl-lr] ep=247 kl=0.00684 lr_mult=10.000
Ep  247: R=    17.0 len= 17 avg_R=    16.1 loss=24.9948 temp=1.00 total_env_steps=4082 t=0.07s
  [kl-lr] ep=248 kl=0.00002 lr_mult=10.000
Ep  248: R=    19.0 len= 19 avg_R=    16.2 loss=30.0750 temp=1.00 total_env_steps=4101 t=0.07s
  [kl-lr] ep=249 kl=0.01951 lr_mult=10.000
Ep  249: R=    15.0 len= 15 avg_R=    16.3 loss=25.1916 temp=1.00 total_env_steps=4116 t=0.07s
  [kl-lr] ep=250 kl=0.03545 lr_mult=10.000
Ep  250: R=    10.0 len= 10 avg_R=    16.3 loss=18.6383 temp=1.00 total_env_steps=4126 t=0.06s
  greedy eval 9.4 / 475（近20局 self-play 16.2，total_env_steps=4126）
  [kl-lr] ep=251 kl=0.02890 lr_mult=10.000
Ep  251: R=     9.0 len=  9 avg_R=    16.2 loss=23.3947 temp=1.00 total_env_steps=4135 t=0.07s
  [kl-lr] ep=252 kl=0.01159 lr_mult=10.000
Ep  252: R=    10.0 len= 10 avg_R=    16.2 loss=18.4704 temp=1.00 total_env_steps=4145 t=0.06s
  [kl-lr] ep=253 kl=0.00185 lr_mult=10.000
Ep  253: R=    15.0 len= 15 avg_R=    16.2 loss=22.6744 temp=1.00 total_env_steps=4160 t=0.06s
  [kl-lr] ep=254 kl=0.00699 lr_mult=10.000
Ep  254: R=    11.0 len= 11 avg_R=    16.2 loss=24.7431 temp=1.00 total_env_steps=4171 t=0.07s
  [kl-lr] ep=255 kl=0.00846 lr_mult=10.000
Ep  255: R=    13.0 len= 13 avg_R=    16.3 loss=23.4779 temp=1.00 total_env_steps=4184 t=0.07s
  [kl-lr] ep=256 kl=0.00000 lr_mult=10.000
Ep  256: R=    15.0 len= 15 avg_R=    16.3 loss=19.3929 temp=1.00 total_env_steps=4199 t=0.06s
  [kl-lr] ep=257 kl=0.02177 lr_mult=10.000
Ep  257: R=    26.0 len= 26 avg_R=    16.5 loss=24.3832 temp=1.00 total_env_steps=4225 t=0.07s
  [kl-lr] ep=258 kl=0.05781 lr_mult=6.667
Ep  258: R=    12.0 len= 12 avg_R=    16.5 loss=26.0323 temp=1.00 total_env_steps=4237 t=0.06s
  [kl-lr] ep=259 kl=0.00971 lr_mult=10.000
Ep  259: R=    12.0 len= 12 avg_R=    16.4 loss=28.9149 temp=1.00 total_env_steps=4249 t=0.06s
  [kl-lr] ep=260 kl=0.00044 lr_mult=10.000
Ep  260: R=    17.0 len= 17 avg_R=    16.5 loss=21.0162 temp=1.00 total_env_steps=4266 t=0.07s
  [kl-lr] ep=261 kl=0.00044 lr_mult=10.000
Ep  261: R=    44.0 len= 44 avg_R=    16.7 loss=22.6476 temp=1.00 total_env_steps=4310 t=0.08s
  [kl-lr] ep=262 kl=0.00028 lr_mult=10.000
Ep  262: R=    17.0 len= 17 avg_R=    16.8 loss=25.5194 temp=1.00 total_env_steps=4327 t=0.08s
  [kl-lr] ep=263 kl=0.00140 lr_mult=10.000
Ep  263: R=    20.0 len= 20 avg_R=    16.8 loss=20.0401 temp=1.00 total_env_steps=4347 t=0.07s
  [kl-lr] ep=264 kl=0.01396 lr_mult=10.000
Ep  264: R=    14.0 len= 14 avg_R=    16.8 loss=26.9764 temp=1.00 total_env_steps=4361 t=0.07s
  [kl-lr] ep=265 kl=0.02219 lr_mult=10.000
Ep  265: R=    24.0 len= 24 avg_R=    16.9 loss=22.6255 temp=1.00 total_env_steps=4385 t=0.07s
  [kl-lr] ep=266 kl=0.00054 lr_mult=10.000
Ep  266: R=    21.0 len= 21 avg_R=    16.9 loss=29.4458 temp=1.00 total_env_steps=4406 t=0.07s
  [kl-lr] ep=267 kl=0.00227 lr_mult=10.000
Ep  267: R=    27.0 len= 27 avg_R=    17.1 loss=27.4488 temp=1.00 total_env_steps=4433 t=0.08s
  [kl-lr] ep=268 kl=0.00160 lr_mult=10.000
Ep  268: R=    21.0 len= 21 avg_R=    17.0 loss=23.4313 temp=1.00 total_env_steps=4454 t=0.08s
  [kl-lr] ep=269 kl=0.00206 lr_mult=10.000
Ep  269: R=    17.0 len= 17 avg_R=    17.1 loss=22.5281 temp=1.00 total_env_steps=4471 t=0.08s
  [kl-lr] ep=270 kl=0.00321 lr_mult=10.000
Ep  270: R=    25.0 len= 25 avg_R=    17.2 loss=21.9563 temp=1.00 total_env_steps=4496 t=0.08s
  [kl-lr] ep=271 kl=0.00844 lr_mult=10.000
Ep  271: R=    18.0 len= 18 avg_R=    17.2 loss=24.3772 temp=1.00 total_env_steps=4514 t=0.07s
  [kl-lr] ep=272 kl=0.00327 lr_mult=10.000
Ep  272: R=    10.0 len= 10 avg_R=    16.9 loss=23.0490 temp=1.00 total_env_steps=4524 t=0.07s
  [kl-lr] ep=273 kl=0.00155 lr_mult=10.000
Ep  273: R=     9.0 len=  9 avg_R=    16.9 loss=23.1206 temp=1.00 total_env_steps=4533 t=0.06s
  [kl-lr] ep=274 kl=0.01139 lr_mult=10.000
Ep  274: R=    14.0 len= 14 avg_R=    16.9 loss=28.5056 temp=1.00 total_env_steps=4547 t=0.07s
  [kl-lr] ep=275 kl=0.00689 lr_mult=10.000
Ep  275: R=    10.0 len= 10 avg_R=    16.9 loss=28.8485 temp=1.00 total_env_steps=4557 t=0.07s
  greedy eval 9.4 / 475（近20局 self-play 18.6，total_env_steps=4557）
  [kl-lr] ep=276 kl=0.00368 lr_mult=10.000
Ep  276: R=    10.0 len= 10 avg_R=    16.8 loss=22.0042 temp=1.00 total_env_steps=4567 t=0.06s
  [kl-lr] ep=277 kl=0.00005 lr_mult=10.000
Ep  277: R=    10.0 len= 10 avg_R=    16.8 loss=21.0046 temp=1.00 total_env_steps=4577 t=0.07s
  [kl-lr] ep=278 kl=0.02479 lr_mult=10.000
Ep  278: R=    39.0 len= 39 avg_R=    17.1 loss=22.5540 temp=1.00 total_env_steps=4616 t=0.09s
  [kl-lr] ep=279 kl=0.01930 lr_mult=10.000
Ep  279: R=    11.0 len= 11 avg_R=    17.0 loss=20.3964 temp=1.00 total_env_steps=4627 t=0.06s
  [kl-lr] ep=280 kl=0.01956 lr_mult=10.000
Ep  280: R=    21.0 len= 21 avg_R=    17.0 loss=22.5482 temp=1.00 total_env_steps=4648 t=0.07s
  [kl-lr] ep=281 kl=0.02115 lr_mult=10.000
Ep  281: R=    13.0 len= 13 avg_R=    17.0 loss=21.6634 temp=1.00 total_env_steps=4661 t=0.07s
  [kl-lr] ep=282 kl=0.00113 lr_mult=10.000
Ep  282: R=    53.0 len= 53 avg_R=    17.5 loss=31.5843 temp=1.00 total_env_steps=4714 t=0.08s
  [kl-lr] ep=283 kl=0.00429 lr_mult=10.000
Ep  283: R=    23.0 len= 23 avg_R=    17.6 loss=26.3247 temp=1.00 total_env_steps=4737 t=0.08s
  [kl-lr] ep=284 kl=0.00463 lr_mult=10.000
Ep  284: R=     9.0 len=  9 avg_R=    17.5 loss=22.0047 temp=1.00 total_env_steps=4746 t=0.06s
  [kl-lr] ep=285 kl=0.00124 lr_mult=10.000
Ep  285: R=    21.0 len= 21 avg_R=    17.6 loss=20.1551 temp=1.00 total_env_steps=4767 t=0.07s
  [kl-lr] ep=286 kl=0.00047 lr_mult=10.000
Ep  286: R=    11.0 len= 11 avg_R=    17.5 loss=16.9422 temp=1.00 total_env_steps=4778 t=0.07s
  [kl-lr] ep=287 kl=0.00107 lr_mult=10.000
Ep  287: R=    13.0 len= 13 avg_R=    17.5 loss=26.7811 temp=1.00 total_env_steps=4791 t=0.06s
  [kl-lr] ep=288 kl=0.01098 lr_mult=10.000
Ep  288: R=    11.0 len= 11 avg_R=    17.5 loss=24.0256 temp=1.00 total_env_steps=4802 t=0.08s
  [kl-lr] ep=289 kl=0.00850 lr_mult=10.000
Ep  289: R=    32.0 len= 32 avg_R=    17.6 loss=27.7416 temp=1.00 total_env_steps=4834 t=0.08s
  [kl-lr] ep=290 kl=0.00975 lr_mult=10.000
Ep  290: R=    11.0 len= 11 avg_R=    17.6 loss=24.0360 temp=1.00 total_env_steps=4845 t=0.07s
  [kl-lr] ep=291 kl=0.01922 lr_mult=10.000
Ep  291: R=    13.0 len= 13 avg_R=    17.6 loss=21.6348 temp=1.00 total_env_steps=4858 t=0.06s
  [kl-lr] ep=292 kl=0.01012 lr_mult=10.000
Ep  292: R=    17.0 len= 17 avg_R=    17.6 loss=21.7847 temp=1.00 total_env_steps=4875 t=0.08s
  [kl-lr] ep=293 kl=0.00008 lr_mult=10.000
Ep  293: R=    30.0 len= 30 avg_R=    17.8 loss=23.2648 temp=1.00 total_env_steps=4905 t=0.07s
  [kl-lr] ep=294 kl=0.00032 lr_mult=10.000
Ep  294: R=    10.0 len= 10 avg_R=    17.7 loss=21.7855 temp=1.00 total_env_steps=4915 t=0.07s
  [kl-lr] ep=295 kl=0.00032 lr_mult=10.000
Ep  295: R=    22.0 len= 22 avg_R=    17.6 loss=28.3960 temp=1.00 total_env_steps=4937 t=0.08s
  [kl-lr] ep=296 kl=0.00098 lr_mult=10.000
Ep  296: R=    35.0 len= 35 avg_R=    17.8 loss=25.3504 temp=1.00 total_env_steps=4972 t=0.08s
  [kl-lr] ep=297 kl=0.00966 lr_mult=10.000
Ep  297: R=    16.0 len= 16 avg_R=    17.8 loss=22.5146 temp=1.00 total_env_steps=4988 t=0.07s
  [kl-lr] ep=298 kl=0.00497 lr_mult=10.000
Ep  298: R=    11.0 len= 11 avg_R=    17.7 loss=24.7626 temp=1.00 total_env_steps=4999 t=0.06s
  [kl-lr] ep=299 kl=0.00208 lr_mult=10.000
Ep  299: R=    20.0 len= 20 avg_R=    17.8 loss=24.6483 temp=1.00 total_env_steps=5019 t=0.07s
  [kl-lr] ep=300 kl=0.02799 lr_mult=10.000
Ep  300: R=    15.0 len= 15 avg_R=    17.7 loss=19.0028 temp=1.00 total_env_steps=5034 t=0.07s
  greedy eval 9.4 / 475（近20局 self-play 19.3，total_env_steps=5034）
  [kl-lr] ep=301 kl=0.06834 lr_mult=6.667
Ep  301: R=    11.0 len= 11 avg_R=    17.6 loss=23.2397 temp=1.00 total_env_steps=5045 t=0.06s
  [kl-lr] ep=302 kl=0.02981 lr_mult=6.667
Ep  302: R=    26.0 len= 26 avg_R=    17.7 loss=25.2586 temp=1.00 total_env_steps=5071 t=0.08s
  [kl-lr] ep=303 kl=0.00295 lr_mult=10.000
Ep  303: R=    15.0 len= 15 avg_R=    17.7 loss=18.7673 temp=1.00 total_env_steps=5086 t=0.07s
  [kl-lr] ep=304 kl=0.01966 lr_mult=10.000
Ep  304: R=    10.0 len= 10 avg_R=    17.5 loss=29.1530 temp=1.00 total_env_steps=5096 t=0.06s
  [kl-lr] ep=305 kl=0.00026 lr_mult=10.000
Ep  305: R=     9.0 len=  9 avg_R=    17.5 loss=20.0881 temp=1.00 total_env_steps=5105 t=0.07s
  [kl-lr] ep=306 kl=0.00162 lr_mult=10.000
Ep  306: R=    14.0 len= 14 avg_R=    17.3 loss=30.3409 temp=1.00 total_env_steps=5119 t=0.07s
  [kl-lr] ep=307 kl=0.02376 lr_mult=10.000
Ep  307: R=    12.0 len= 12 avg_R=    17.2 loss=30.0882 temp=1.00 total_env_steps=5131 t=0.07s
  [kl-lr] ep=308 kl=0.04512 lr_mult=6.667
Ep  308: R=     9.0 len=  9 avg_R=    17.1 loss=24.6812 temp=1.00 total_env_steps=5140 t=0.06s
  [kl-lr] ep=309 kl=0.00867 lr_mult=10.000
Ep  309: R=    27.0 len= 27 avg_R=    17.1 loss=22.7727 temp=1.00 total_env_steps=5167 t=0.06s
  [kl-lr] ep=310 kl=0.00150 lr_mult=10.000
Ep  310: R=    20.0 len= 20 avg_R=    17.1 loss=22.0657 temp=1.00 total_env_steps=5187 t=0.08s
  [kl-lr] ep=311 kl=0.00001 lr_mult=10.000
Ep  311: R=     9.0 len=  9 avg_R=    17.1 loss=30.9590 temp=1.00 total_env_steps=5196 t=0.07s
  [kl-lr] ep=312 kl=0.00097 lr_mult=10.000
Ep  312: R=    10.0 len= 10 avg_R=    17.1 loss=21.4946 temp=1.00 total_env_steps=5206 t=0.08s
  [kl-lr] ep=313 kl=0.00200 lr_mult=10.000
Ep  313: R=    10.0 len= 10 avg_R=    17.0 loss=24.7701 temp=1.00 total_env_steps=5216 t=0.07s
  [kl-lr] ep=314 kl=0.00042 lr_mult=10.000
Ep  314: R=    23.0 len= 23 avg_R=    17.1 loss=25.5166 temp=1.00 total_env_steps=5239 t=0.07s
  [kl-lr] ep=315 kl=0.00613 lr_mult=10.000
Ep  315: R=    27.0 len= 27 avg_R=    17.2 loss=27.6040 temp=1.00 total_env_steps=5266 t=0.07s
  [kl-lr] ep=316 kl=0.00468 lr_mult=10.000
Ep  316: R=     9.0 len=  9 avg_R=    17.1 loss=25.3818 temp=1.00 total_env_steps=5275 t=0.07s
  [kl-lr] ep=317 kl=0.01041 lr_mult=10.000
Ep  317: R=    22.0 len= 22 avg_R=    17.1 loss=23.4648 temp=1.00 total_env_steps=5297 t=0.07s
  [kl-lr] ep=318 kl=0.04043 lr_mult=6.667
Ep  318: R=    13.0 len= 13 avg_R=    17.2 loss=22.6011 temp=1.00 total_env_steps=5310 t=0.07s
  [kl-lr] ep=319 kl=0.02410 lr_mult=6.667
Ep  319: R=    13.0 len= 13 avg_R=    17.1 loss=24.5488 temp=1.00 total_env_steps=5323 t=0.07s
  [kl-lr] ep=320 kl=0.00085 lr_mult=10.000
Ep  320: R=    20.0 len= 20 avg_R=    17.0 loss=19.2623 temp=1.00 total_env_steps=5343 t=0.07s
  [kl-lr] ep=321 kl=0.00535 lr_mult=10.000
Ep  321: R=    11.0 len= 11 avg_R=    17.0 loss=25.5180 temp=1.00 total_env_steps=5354 t=0.06s
  [kl-lr] ep=322 kl=0.01550 lr_mult=10.000
Ep  322: R=    13.0 len= 13 avg_R=    16.8 loss=25.4456 temp=1.00 total_env_steps=5367 t=0.06s
  [kl-lr] ep=323 kl=0.00044 lr_mult=10.000
Ep  323: R=    13.0 len= 13 avg_R=    16.8 loss=24.6207 temp=1.00 total_env_steps=5380 t=0.06s
  [kl-lr] ep=324 kl=0.04465 lr_mult=6.667
Ep  324: R=    13.0 len= 13 avg_R=    16.9 loss=20.7948 temp=1.00 total_env_steps=5393 t=0.07s
  [kl-lr] ep=325 kl=0.07119 lr_mult=4.444
Ep  325: R=    13.0 len= 13 avg_R=    16.8 loss=22.4897 temp=1.00 total_env_steps=5406 t=0.07s
  greedy eval 9.4 / 475（近20局 self-play 15.1，total_env_steps=5406）
  [kl-lr] ep=326 kl=0.00044 lr_mult=6.667
Ep  326: R=     9.0 len=  9 avg_R=    16.8 loss=22.1188 temp=1.00 total_env_steps=5415 t=0.06s
  [kl-lr] ep=327 kl=0.02188 lr_mult=6.667
Ep  327: R=    11.0 len= 11 avg_R=    16.8 loss=25.8136 temp=1.00 total_env_steps=5426 t=0.07s
  [kl-lr] ep=328 kl=0.01984 lr_mult=6.667
Ep  328: R=    13.0 len= 13 avg_R=    16.8 loss=22.0005 temp=1.00 total_env_steps=5439 t=0.06s
  [kl-lr] ep=329 kl=0.02798 lr_mult=6.667
Ep  329: R=    19.0 len= 19 avg_R=    16.7 loss=26.0391 temp=1.00 total_env_steps=5458 t=0.07s
  [kl-lr] ep=330 kl=0.00372 lr_mult=10.000
Ep  330: R=    24.0 len= 24 avg_R=    16.8 loss=24.6658 temp=1.00 total_env_steps=5482 t=0.07s
  [kl-lr] ep=331 kl=0.02470 lr_mult=10.000
Ep  331: R=    17.0 len= 17 avg_R=    16.8 loss=26.6532 temp=1.00 total_env_steps=5499 t=0.07s
  [kl-lr] ep=332 kl=0.04666 lr_mult=6.667
Ep  332: R=     8.0 len=  8 avg_R=    16.6 loss=29.6804 temp=1.00 total_env_steps=5507 t=0.06s
  [kl-lr] ep=333 kl=0.00336 lr_mult=10.000
Ep  333: R=    19.0 len= 19 avg_R=    16.5 loss=24.1466 temp=1.00 total_env_steps=5526 t=0.06s
  [kl-lr] ep=334 kl=0.00017 lr_mult=10.000
Ep  334: R=    14.0 len= 14 avg_R=    16.6 loss=23.6800 temp=1.00 total_env_steps=5540 t=0.07s
  [kl-lr] ep=335 kl=0.00108 lr_mult=10.000
Ep  335: R=    14.0 len= 14 avg_R=    16.6 loss=21.7407 temp=1.00 total_env_steps=5554 t=0.07s
  [kl-lr] ep=336 kl=0.00636 lr_mult=10.000
Ep  336: R=    13.0 len= 13 avg_R=    16.6 loss=22.8938 temp=1.00 total_env_steps=5567 t=0.07s
  [kl-lr] ep=337 kl=0.02891 lr_mult=10.000
Ep  337: R=    13.0 len= 13 avg_R=    16.6 loss=28.1988 temp=1.00 total_env_steps=5580 t=0.07s
  [kl-lr] ep=338 kl=0.01929 lr_mult=10.000
Ep  338: R=    32.0 len= 32 avg_R=    16.7 loss=23.6978 temp=1.00 total_env_steps=5612 t=0.07s
  [kl-lr] ep=339 kl=0.00463 lr_mult=10.000
Ep  339: R=    11.0 len= 11 avg_R=    16.7 loss=21.1323 temp=1.00 total_env_steps=5623 t=0.08s
  [kl-lr] ep=340 kl=0.00210 lr_mult=10.000
Ep  340: R=    13.0 len= 13 avg_R=    16.5 loss=28.3070 temp=1.00 total_env_steps=5636 t=0.07s
  [kl-lr] ep=341 kl=0.00988 lr_mult=10.000
Ep  341: R=    12.0 len= 12 avg_R=    16.5 loss=19.9158 temp=1.00 total_env_steps=5648 t=0.06s
  [kl-lr] ep=342 kl=0.00032 lr_mult=10.000
Ep  342: R=    29.0 len= 29 avg_R=    16.7 loss=23.2861 temp=1.00 total_env_steps=5677 t=0.08s
  [kl-lr] ep=343 kl=0.01205 lr_mult=10.000
Ep  343: R=    12.0 len= 12 avg_R=    16.7 loss=26.2320 temp=1.00 total_env_steps=5689 t=0.06s
  [kl-lr] ep=344 kl=0.00668 lr_mult=10.000
Ep  344: R=    22.0 len= 22 avg_R=    16.8 loss=28.2735 temp=1.00 total_env_steps=5711 t=0.08s
  [kl-lr] ep=345 kl=0.02695 lr_mult=10.000
Ep  345: R=    18.0 len= 18 avg_R=    16.8 loss=25.6098 temp=1.00 total_env_steps=5729 t=0.06s
  [kl-lr] ep=346 kl=0.05015 lr_mult=6.667
Ep  346: R=    19.0 len= 19 avg_R=    16.8 loss=25.8194 temp=1.00 total_env_steps=5748 t=0.07s
  [kl-lr] ep=347 kl=0.02293 lr_mult=6.667
Ep  347: R=     9.0 len=  9 avg_R=    16.8 loss=23.2135 temp=1.00 total_env_steps=5757 t=0.07s
  [kl-lr] ep=348 kl=0.00534 lr_mult=10.000
Ep  348: R=    11.0 len= 11 avg_R=    16.7 loss=22.9939 temp=1.00 total_env_steps=5768 t=0.07s
  [kl-lr] ep=349 kl=0.00408 lr_mult=10.000
Ep  349: R=    26.0 len= 26 avg_R=    16.8 loss=24.3887 temp=1.00 total_env_steps=5794 t=0.08s
  [kl-lr] ep=350 kl=0.00949 lr_mult=10.000
Ep  350: R=    21.0 len= 21 avg_R=    16.9 loss=19.3052 temp=1.00 total_env_steps=5815 t=0.07s
  greedy eval 9.4 / 475（近20局 self-play 16.6，total_env_steps=5815）
  [kl-lr] ep=351 kl=0.00895 lr_mult=10.000
Ep  351: R=     8.0 len=  8 avg_R=    16.9 loss=21.8848 temp=1.00 total_env_steps=5823 t=0.06s
  [kl-lr] ep=352 kl=0.00002 lr_mult=10.000
Ep  352: R=    13.0 len= 13 avg_R=    16.9 loss=19.5253 temp=1.00 total_env_steps=5836 t=0.06s
  [kl-lr] ep=353 kl=0.01113 lr_mult=10.000
Ep  353: R=    47.0 len= 47 avg_R=    17.2 loss=24.2760 temp=1.00 total_env_steps=5883 t=0.09s
  [kl-lr] ep=354 kl=0.02223 lr_mult=10.000
Ep  354: R=    19.0 len= 19 avg_R=    17.3 loss=27.5534 temp=1.00 total_env_steps=5902 t=0.07s
  [kl-lr] ep=355 kl=0.07214 lr_mult=6.667
Ep  355: R=    14.0 len= 14 avg_R=    17.3 loss=25.8264 temp=1.00 total_env_steps=5916 t=0.08s
  [kl-lr] ep=356 kl=0.06962 lr_mult=4.444
Ep  356: R=    16.0 len= 16 avg_R=    17.3 loss=26.3388 temp=1.00 total_env_steps=5932 t=0.06s
  [kl-lr] ep=357 kl=0.00123 lr_mult=6.667
Ep  357: R=    13.0 len= 13 avg_R=    17.2 loss=23.3054 temp=1.00 total_env_steps=5945 t=0.06s
  [kl-lr] ep=358 kl=0.00887 lr_mult=10.000
Ep  358: R=     9.0 len=  9 avg_R=    17.2 loss=23.5291 temp=1.00 total_env_steps=5954 t=0.06s
  [kl-lr] ep=359 kl=0.00156 lr_mult=10.000
Ep  359: R=    14.0 len= 14 avg_R=    17.2 loss=23.4674 temp=1.00 total_env_steps=5968 t=0.06s
  [kl-lr] ep=360 kl=0.00162 lr_mult=10.000
Ep  360: R=     8.0 len=  8 avg_R=    17.1 loss=28.5474 temp=1.00 total_env_steps=5976 t=0.06s
  [kl-lr] ep=361 kl=0.00484 lr_mult=10.000
Ep  361: R=    10.0 len= 10 avg_R=    16.8 loss=21.2234 temp=1.00 total_env_steps=5986 t=0.07s
  [kl-lr] ep=362 kl=0.01255 lr_mult=10.000
Ep  362: R=    16.0 len= 16 avg_R=    16.8 loss=18.0318 temp=1.00 total_env_steps=6002 t=0.07s
  [kl-lr] ep=363 kl=0.00528 lr_mult=10.000
Ep  363: R=    15.0 len= 15 avg_R=    16.7 loss=21.6024 temp=1.00 total_env_steps=6017 t=0.07s
  [kl-lr] ep=364 kl=0.00062 lr_mult=10.000
Ep  364: R=    12.0 len= 12 avg_R=    16.7 loss=17.9072 temp=1.00 total_env_steps=6029 t=0.06s
  [kl-lr] ep=365 kl=0.00540 lr_mult=10.000
Ep  365: R=    35.0 len= 35 avg_R=    16.8 loss=25.4103 temp=1.00 total_env_steps=6064 t=0.07s
  [kl-lr] ep=366 kl=0.03303 lr_mult=10.000
Ep  366: R=    17.0 len= 17 avg_R=    16.8 loss=30.3644 temp=1.00 total_env_steps=6081 t=0.07s
  [kl-lr] ep=367 kl=0.08684 lr_mult=6.667
Ep  367: R=     9.0 len=  9 avg_R=    16.6 loss=19.8319 temp=1.00 total_env_steps=6090 t=0.05s
  [kl-lr] ep=368 kl=0.08696 lr_mult=4.444
Ep  368: R=    18.0 len= 18 avg_R=    16.5 loss=23.0042 temp=1.00 total_env_steps=6108 t=0.06s
  [kl-lr] ep=369 kl=0.00573 lr_mult=6.667
Ep  369: R=    10.0 len= 10 avg_R=    16.5 loss=22.7361 temp=1.00 total_env_steps=6118 t=0.07s
  [kl-lr] ep=370 kl=0.00244 lr_mult=10.000
Ep  370: R=    19.0 len= 19 avg_R=    16.4 loss=29.0411 temp=1.00 total_env_steps=6137 t=0.06s
  [kl-lr] ep=371 kl=0.01942 lr_mult=10.000
Ep  371: R=    13.0 len= 13 avg_R=    16.4 loss=22.8726 temp=1.00 total_env_steps=6150 t=0.07s
  [kl-lr] ep=372 kl=0.05020 lr_mult=6.667
Ep  372: R=    12.0 len= 12 avg_R=    16.4 loss=20.1929 temp=1.00 total_env_steps=6162 t=0.06s
  [kl-lr] ep=373 kl=0.00002 lr_mult=10.000
Ep  373: R=    17.0 len= 17 avg_R=    16.5 loss=22.4756 temp=1.00 total_env_steps=6179 t=0.06s
  [kl-lr] ep=374 kl=0.03953 lr_mult=10.000
Ep  374: R=    26.0 len= 26 avg_R=    16.6 loss=22.6273 temp=1.00 total_env_steps=6205 t=0.07s
  [kl-lr] ep=375 kl=0.02503 lr_mult=10.000
Ep  375: R=    17.0 len= 17 avg_R=    16.6 loss=24.1564 temp=1.00 total_env_steps=6222 t=0.06s
  greedy eval 9.4 / 475（近20局 self-play 15.3，total_env_steps=6222）
  [kl-lr] ep=376 kl=0.04885 lr_mult=6.667
Ep  376: R=    16.0 len= 16 avg_R=    16.7 loss=21.8560 temp=1.00 total_env_steps=6238 t=0.06s
  [kl-lr] ep=377 kl=0.00747 lr_mult=10.000
Ep  377: R=    12.0 len= 12 avg_R=    16.7 loss=20.6627 temp=1.00 total_env_steps=6250 t=0.06s
  [kl-lr] ep=378 kl=0.01379 lr_mult=10.000
Ep  378: R=    10.0 len= 10 avg_R=    16.4 loss=22.9389 temp=1.00 total_env_steps=6260 t=0.06s
  [kl-lr] ep=379 kl=0.02529 lr_mult=10.000
Ep  379: R=    11.0 len= 11 avg_R=    16.4 loss=21.1232 temp=1.00 total_env_steps=6271 t=0.06s
  [kl-lr] ep=380 kl=0.02880 lr_mult=10.000
Ep  380: R=    12.0 len= 12 avg_R=    16.4 loss=23.6270 temp=1.00 total_env_steps=6283 t=0.07s
  [kl-lr] ep=381 kl=0.03364 lr_mult=10.000
Ep  381: R=    12.0 len= 12 avg_R=    16.3 loss=19.8773 temp=1.00 total_env_steps=6295 t=0.07s
  [kl-lr] ep=382 kl=0.00127 lr_mult=10.000
Ep  382: R=    26.0 len= 26 avg_R=    16.1 loss=21.5489 temp=1.00 total_env_steps=6321 t=0.07s
  [kl-lr] ep=383 kl=0.06046 lr_mult=6.667
Ep  383: R=    11.0 len= 11 avg_R=    15.9 loss=25.9594 temp=1.00 total_env_steps=6332 t=0.06s
  [kl-lr] ep=384 kl=0.03167 lr_mult=6.667
Ep  384: R=    25.0 len= 25 avg_R=    16.1 loss=26.3149 temp=1.00 total_env_steps=6357 t=0.08s
  [kl-lr] ep=385 kl=0.00823 lr_mult=10.000
Ep  385: R=    17.0 len= 17 avg_R=    16.1 loss=23.7350 temp=1.00 total_env_steps=6374 t=0.08s
  [kl-lr] ep=386 kl=0.00631 lr_mult=10.000
Ep  386: R=    14.0 len= 14 avg_R=    16.1 loss=26.6224 temp=1.00 total_env_steps=6388 t=0.07s
  [kl-lr] ep=387 kl=0.01067 lr_mult=10.000
Ep  387: R=    10.0 len= 10 avg_R=    16.1 loss=31.3851 temp=1.00 total_env_steps=6398 t=0.08s
  [kl-lr] ep=388 kl=0.00328 lr_mult=10.000
Ep  388: R=    13.0 len= 13 avg_R=    16.1 loss=24.6552 temp=1.00 total_env_steps=6411 t=0.08s
  [kl-lr] ep=389 kl=0.00002 lr_mult=10.000
Ep  389: R=    18.0 len= 18 avg_R=    15.9 loss=23.9701 temp=1.00 total_env_steps=6429 t=0.08s
  [kl-lr] ep=390 kl=0.00192 lr_mult=10.000
Ep  390: R=    18.0 len= 18 avg_R=    16.0 loss=18.2499 temp=1.00 total_env_steps=6447 t=0.06s
  [kl-lr] ep=391 kl=0.00038 lr_mult=10.000
Ep  391: R=    11.0 len= 11 avg_R=    16.0 loss=23.5281 temp=1.00 total_env_steps=6458 t=0.07s
  [kl-lr] ep=392 kl=0.01286 lr_mult=10.000
Ep  392: R=    13.0 len= 13 avg_R=    16.0 loss=21.4311 temp=1.00 total_env_steps=6471 t=0.06s
  [kl-lr] ep=393 kl=0.02287 lr_mult=10.000
Ep  393: R=    24.0 len= 24 avg_R=    15.9 loss=27.2193 temp=1.00 total_env_steps=6495 t=0.07s
  [kl-lr] ep=394 kl=0.01072 lr_mult=10.000
Ep  394: R=     9.0 len=  9 avg_R=    15.9 loss=24.9145 temp=1.00 total_env_steps=6504 t=0.08s
  [kl-lr] ep=395 kl=0.00028 lr_mult=10.000
Ep  395: R=    13.0 len= 13 avg_R=    15.8 loss=19.5951 temp=1.00 total_env_steps=6517 t=0.08s
  [kl-lr] ep=396 kl=0.00179 lr_mult=10.000
Ep  396: R=    14.0 len= 14 avg_R=    15.6 loss=17.5296 temp=1.00 total_env_steps=6531 t=0.07s
  [kl-lr] ep=397 kl=0.00252 lr_mult=10.000
Ep  397: R=     9.0 len=  9 avg_R=    15.5 loss=19.8683 temp=1.00 total_env_steps=6540 t=0.08s
  [kl-lr] ep=398 kl=0.00070 lr_mult=10.000
Ep  398: R=    16.0 len= 16 avg_R=    15.6 loss=22.4808 temp=1.00 total_env_steps=6556 t=0.07s
  [kl-lr] ep=399 kl=0.00294 lr_mult=10.000
Ep  399: R=    15.0 len= 15 avg_R=    15.5 loss=23.3834 temp=1.00 total_env_steps=6571 t=0.07s
  [kl-lr] ep=400 kl=0.01105 lr_mult=10.000
Ep  400: R=    15.0 len= 15 avg_R=    15.5 loss=24.7420 temp=1.00 total_env_steps=6586 t=0.07s
  greedy eval 9.4 / 475（近20局 self-play 15.1，total_env_steps=6586）
  [kl-lr] ep=401 kl=0.04662 lr_mult=6.667
Ep  401: R=    15.0 len= 15 avg_R=    15.6 loss=29.7456 temp=1.00 total_env_steps=6601 t=0.07s
  [kl-lr] ep=402 kl=0.00699 lr_mult=10.000
Ep  402: R=    15.0 len= 15 avg_R=    15.4 loss=23.6015 temp=1.00 total_env_steps=6616 t=0.07s
  [kl-lr] ep=403 kl=0.00072 lr_mult=10.000
Ep  403: R=    11.0 len= 11 avg_R=    15.4 loss=24.8030 temp=1.00 total_env_steps=6627 t=0.07s
  [kl-lr] ep=404 kl=0.00345 lr_mult=10.000
Ep  404: R=    17.0 len= 17 avg_R=    15.5 loss=19.7464 temp=1.00 total_env_steps=6644 t=0.06s
  [kl-lr] ep=405 kl=0.01724 lr_mult=10.000
Ep  405: R=    13.0 len= 13 avg_R=    15.5 loss=24.8308 temp=1.00 total_env_steps=6657 t=0.07s
  [kl-lr] ep=406 kl=0.01555 lr_mult=10.000
Ep  406: R=    10.0 len= 10 avg_R=    15.5 loss=26.5898 temp=1.00 total_env_steps=6667 t=0.06s
  [kl-lr] ep=407 kl=0.01194 lr_mult=10.000
Ep  407: R=    10.0 len= 10 avg_R=    15.5 loss=21.7949 temp=1.00 total_env_steps=6677 t=0.07s
  [kl-lr] ep=408 kl=0.01609 lr_mult=10.000
Ep  408: R=    18.0 len= 18 avg_R=    15.6 loss=18.6689 temp=1.00 total_env_steps=6695 t=0.06s
  [kl-lr] ep=409 kl=0.04924 lr_mult=6.667
Ep  409: R=    28.0 len= 28 avg_R=    15.6 loss=22.2104 temp=1.00 total_env_steps=6723 t=0.07s
  [kl-lr] ep=410 kl=0.00998 lr_mult=10.000
Ep  410: R=    12.0 len= 12 avg_R=    15.5 loss=21.7238 temp=1.00 total_env_steps=6735 t=0.06s
  [kl-lr] ep=411 kl=0.00899 lr_mult=10.000
Ep  411: R=    15.0 len= 15 avg_R=    15.5 loss=22.5358 temp=1.00 total_env_steps=6750 t=0.07s
  [kl-lr] ep=412 kl=0.02543 lr_mult=10.000
Ep  412: R=    20.0 len= 20 avg_R=    15.6 loss=22.7255 temp=1.00 total_env_steps=6770 t=0.07s
  [kl-lr] ep=413 kl=0.01681 lr_mult=10.000
Ep  413: R=    10.0 len= 10 avg_R=    15.6 loss=20.5631 temp=1.00 total_env_steps=6780 t=0.06s
  [kl-lr] ep=414 kl=0.00290 lr_mult=10.000
Ep  414: R=    11.0 len= 11 avg_R=    15.5 loss=27.2584 temp=1.00 total_env_steps=6791 t=0.07s
  [kl-lr] ep=415 kl=0.00728 lr_mult=10.000
Ep  415: R=    14.0 len= 14 avg_R=    15.4 loss=24.5471 temp=1.00 total_env_steps=6805 t=0.07s
  [kl-lr] ep=416 kl=0.00556 lr_mult=10.000
Ep  416: R=    37.0 len= 37 avg_R=    15.7 loss=23.1348 temp=1.00 total_env_steps=6842 t=0.08s
  [kl-lr] ep=417 kl=0.01833 lr_mult=10.000
Ep  417: R=    21.0 len= 21 avg_R=    15.7 loss=25.2600 temp=1.00 total_env_steps=6863 t=0.06s
  [kl-lr] ep=418 kl=0.01211 lr_mult=10.000
Ep  418: R=    19.0 len= 19 avg_R=    15.7 loss=22.8414 temp=1.00 total_env_steps=6882 t=0.07s
  [kl-lr] ep=419 kl=0.01168 lr_mult=10.000
Ep  419: R=    17.0 len= 17 avg_R=    15.8 loss=25.4287 temp=1.00 total_env_steps=6899 t=0.08s
  [kl-lr] ep=420 kl=0.01026 lr_mult=10.000
Ep  420: R=    28.0 len= 28 avg_R=    15.8 loss=21.8953 temp=1.00 total_env_steps=6927 t=0.08s
  [kl-lr] ep=421 kl=0.01145 lr_mult=10.000
Ep  421: R=    21.0 len= 21 avg_R=    15.9 loss=28.1221 temp=1.00 total_env_steps=6948 t=0.07s
  [kl-lr] ep=422 kl=0.01026 lr_mult=10.000
Ep  422: R=    13.0 len= 13 avg_R=    15.9 loss=21.9871 temp=1.00 total_env_steps=6961 t=0.07s
  [kl-lr] ep=423 kl=0.00181 lr_mult=10.000
Ep  423: R=    11.0 len= 11 avg_R=    15.9 loss=25.9147 temp=1.00 total_env_steps=6972 t=0.06s
  [kl-lr] ep=424 kl=0.00112 lr_mult=10.000
Ep  424: R=    39.0 len= 39 avg_R=    16.2 loss=26.2162 temp=1.00 total_env_steps=7011 t=0.08s
  [kl-lr] ep=425 kl=0.00069 lr_mult=10.000
Ep  425: R=    23.0 len= 23 avg_R=    16.3 loss=21.8209 temp=1.00 total_env_steps=7034 t=0.08s
  greedy eval 9.4 / 475（近20局 self-play 18.9，total_env_steps=7034）
  [kl-lr] ep=426 kl=0.00055 lr_mult=10.000
Ep  426: R=    13.0 len= 13 avg_R=    16.3 loss=27.9416 temp=1.00 total_env_steps=7047 t=0.07s
  [kl-lr] ep=427 kl=0.01987 lr_mult=10.000
Ep  427: R=    10.0 len= 10 avg_R=    16.3 loss=23.7733 temp=1.00 total_env_steps=7057 t=0.07s
  [kl-lr] ep=428 kl=0.02069 lr_mult=10.000
Ep  428: R=     9.0 len=  9 avg_R=    16.3 loss=21.0319 temp=1.00 total_env_steps=7066 t=0.06s
  [kl-lr] ep=429 kl=0.00906 lr_mult=10.000
Ep  429: R=    21.0 len= 21 avg_R=    16.3 loss=23.4941 temp=1.00 total_env_steps=7087 t=0.07s
  [kl-lr] ep=430 kl=0.00396 lr_mult=10.000
Ep  430: R=    14.0 len= 14 avg_R=    16.2 loss=22.6008 temp=1.00 total_env_steps=7101 t=0.07s
  [kl-lr] ep=431 kl=0.00782 lr_mult=10.000
Ep  431: R=    15.0 len= 15 avg_R=    16.2 loss=29.0907 temp=1.00 total_env_steps=7116 t=0.07s
  [kl-lr] ep=432 kl=0.01688 lr_mult=10.000
Ep  432: R=    14.0 len= 14 avg_R=    16.2 loss=25.7141 temp=1.00 total_env_steps=7130 t=0.07s
  [kl-lr] ep=433 kl=0.00062 lr_mult=10.000
Ep  433: R=    11.0 len= 11 avg_R=    16.1 loss=22.1647 temp=1.00 total_env_steps=7141 t=0.06s
  [kl-lr] ep=434 kl=0.02102 lr_mult=10.000
Ep  434: R=    17.0 len= 17 avg_R=    16.2 loss=22.8454 temp=1.00 total_env_steps=7158 t=0.08s
  [kl-lr] ep=435 kl=0.01275 lr_mult=10.000
Ep  435: R=    17.0 len= 17 avg_R=    16.2 loss=17.9396 temp=1.00 total_env_steps=7175 t=0.07s
  [kl-lr] ep=436 kl=0.00421 lr_mult=10.000
Ep  436: R=    22.0 len= 22 avg_R=    16.3 loss=20.0741 temp=1.00 total_env_steps=7197 t=0.07s
  [kl-lr] ep=437 kl=0.01465 lr_mult=10.000
Ep  437: R=    14.0 len= 14 avg_R=    16.3 loss=22.3123 temp=1.00 total_env_steps=7211 t=0.06s
  [kl-lr] ep=438 kl=0.00194 lr_mult=10.000
Ep  438: R=    10.0 len= 10 avg_R=    16.1 loss=25.1340 temp=1.00 total_env_steps=7221 t=0.07s
  [kl-lr] ep=439 kl=0.00169 lr_mult=10.000
Ep  439: R=    10.0 len= 10 avg_R=    16.1 loss=19.8133 temp=1.00 total_env_steps=7231 t=0.08s
  [kl-lr] ep=440 kl=0.02410 lr_mult=10.000
Ep  440: R=    16.0 len= 16 avg_R=    16.1 loss=28.6883 temp=1.00 total_env_steps=7247 t=0.07s
  [kl-lr] ep=441 kl=0.22210 lr_mult=6.667
Ep  441: R=    20.0 len= 20 avg_R=    16.2 loss=27.7414 temp=1.00 total_env_steps=7267 t=0.07s
  [kl-lr] ep=442 kl=0.11681 lr_mult=4.444
Ep  442: R=     9.0 len=  9 avg_R=    16.0 loss=22.4295 temp=1.00 total_env_steps=7276 t=0.07s
  [kl-lr] ep=443 kl=0.02359 lr_mult=4.444
Ep  443: R=    11.0 len= 11 avg_R=    16.0 loss=24.1684 temp=1.00 total_env_steps=7287 t=0.06s
  [kl-lr] ep=444 kl=0.13064 lr_mult=2.963
Ep  444: R=    13.0 len= 13 avg_R=    15.9 loss=21.8761 temp=1.00 total_env_steps=7300 t=0.07s
  [kl-lr] ep=445 kl=0.00932 lr_mult=4.444
Ep  445: R=    10.0 len= 10 avg_R=    15.8 loss=24.3433 temp=1.00 total_env_steps=7310 t=0.06s
  [kl-lr] ep=446 kl=0.01909 lr_mult=4.444
Ep  446: R=    13.0 len= 13 avg_R=    15.8 loss=22.4225 temp=1.00 total_env_steps=7323 t=0.08s
  [kl-lr] ep=447 kl=0.00402 lr_mult=6.667
Ep  447: R=    11.0 len= 11 avg_R=    15.8 loss=22.2508 temp=1.00 total_env_steps=7334 t=0.06s
  [kl-lr] ep=448 kl=0.00002 lr_mult=10.000
Ep  448: R=     9.0 len=  9 avg_R=    15.8 loss=27.9441 temp=1.00 total_env_steps=7343 t=0.06s
  [kl-lr] ep=449 kl=0.00041 lr_mult=10.000
Ep  449: R=    10.0 len= 10 avg_R=    15.6 loss=25.1677 temp=1.00 total_env_steps=7353 t=0.06s
  [kl-lr] ep=450 kl=0.04138 lr_mult=6.667
Ep  450: R=    10.0 len= 10 avg_R=    15.5 loss=25.7575 temp=1.00 total_env_steps=7363 t=0.06s
  greedy eval 9.4 / 475（近20局 self-play 13.1，total_env_steps=7363）
  [kl-lr] ep=451 kl=0.00796 lr_mult=10.000
Ep  451: R=    10.0 len= 10 avg_R=    15.5 loss=19.3326 temp=1.00 total_env_steps=7373 t=0.06s
  [kl-lr] ep=452 kl=0.03383 lr_mult=10.000
Ep  452: R=    18.0 len= 18 avg_R=    15.6 loss=22.7797 temp=1.00 total_env_steps=7391 t=0.07s
  [kl-lr] ep=453 kl=0.09236 lr_mult=6.667
Ep  453: R=    14.0 len= 14 avg_R=    15.2 loss=29.3720 temp=1.00 total_env_steps=7405 t=0.06s
  [kl-lr] ep=454 kl=0.05938 lr_mult=4.444
Ep  454: R=    10.0 len= 10 avg_R=    15.1 loss=28.7184 temp=1.00 total_env_steps=7415 t=0.08s
  [kl-lr] ep=455 kl=0.00303 lr_mult=6.667
Ep  455: R=    16.0 len= 16 avg_R=    15.1 loss=24.0673 temp=1.00 total_env_steps=7431 t=0.07s
  [kl-lr] ep=456 kl=0.00164 lr_mult=10.000
Ep  456: R=    24.0 len= 24 avg_R=    15.2 loss=26.3869 temp=1.00 total_env_steps=7455 t=0.07s
  [kl-lr] ep=457 kl=0.00128 lr_mult=10.000
Ep  457: R=    19.0 len= 19 avg_R=    15.3 loss=19.3973 temp=1.00 total_env_steps=7474 t=0.06s
  [kl-lr] ep=458 kl=0.00336 lr_mult=10.000
Ep  458: R=    22.0 len= 22 avg_R=    15.4 loss=23.2739 temp=1.00 total_env_steps=7496 t=0.07s
  [kl-lr] ep=459 kl=0.00351 lr_mult=10.000
Ep  459: R=    12.0 len= 12 avg_R=    15.4 loss=18.5936 temp=1.00 total_env_steps=7508 t=0.06s
  [kl-lr] ep=460 kl=0.02864 lr_mult=10.000
Ep  460: R=    18.0 len= 18 avg_R=    15.5 loss=21.2699 temp=1.00 total_env_steps=7526 t=0.08s
  [kl-lr] ep=461 kl=0.01903 lr_mult=10.000
Ep  461: R=    13.0 len= 13 avg_R=    15.5 loss=29.5003 temp=1.00 total_env_steps=7539 t=0.06s
  [kl-lr] ep=462 kl=0.00000 lr_mult=10.000
Ep  462: R=    10.0 len= 10 avg_R=    15.5 loss=17.6510 temp=1.00 total_env_steps=7549 t=0.06s
  [kl-lr] ep=463 kl=0.00087 lr_mult=10.000
Ep  463: R=     9.0 len=  9 avg_R=    15.4 loss=21.6382 temp=1.00 total_env_steps=7558 t=0.06s
  [kl-lr] ep=464 kl=0.00274 lr_mult=10.000
Ep  464: R=    19.0 len= 19 avg_R=    15.5 loss=21.3555 temp=1.00 total_env_steps=7577 t=0.06s
  [kl-lr] ep=465 kl=0.00243 lr_mult=10.000
Ep  465: R=    10.0 len= 10 avg_R=    15.2 loss=18.6114 temp=1.00 total_env_steps=7587 t=0.06s
  [kl-lr] ep=466 kl=0.00175 lr_mult=10.000
Ep  466: R=    10.0 len= 10 avg_R=    15.2 loss=26.3026 temp=1.00 total_env_steps=7597 t=0.05s
  [kl-lr] ep=467 kl=0.02532 lr_mult=10.000
Ep  467: R=    10.0 len= 10 avg_R=    15.2 loss=24.9572 temp=1.00 total_env_steps=7607 t=0.06s
  [kl-lr] ep=468 kl=0.03500 lr_mult=10.000
Ep  468: R=    12.0 len= 12 avg_R=    15.1 loss=29.0960 temp=1.00 total_env_steps=7619 t=0.07s
  [kl-lr] ep=469 kl=0.01034 lr_mult=10.000
Ep  469: R=    11.0 len= 11 avg_R=    15.1 loss=28.9493 temp=1.00 total_env_steps=7630 t=0.06s
  [kl-lr] ep=470 kl=0.02447 lr_mult=10.000
Ep  470: R=    27.0 len= 27 avg_R=    15.2 loss=22.6446 temp=1.00 total_env_steps=7657 t=0.08s
  [kl-lr] ep=471 kl=0.03452 lr_mult=10.000
Ep  471: R=    12.0 len= 12 avg_R=    15.2 loss=19.2876 temp=1.00 total_env_steps=7669 t=0.08s
  [kl-lr] ep=472 kl=0.00673 lr_mult=10.000
Ep  472: R=    11.0 len= 11 avg_R=    15.2 loss=29.1125 temp=1.00 total_env_steps=7680 t=0.07s
  [kl-lr] ep=473 kl=0.00808 lr_mult=10.000
Ep  473: R=     9.0 len=  9 avg_R=    15.1 loss=22.2338 temp=1.00 total_env_steps=7689 t=0.07s
  [kl-lr] ep=474 kl=0.05640 lr_mult=6.667
Ep  474: R=    10.0 len= 10 avg_R=    14.9 loss=24.3119 temp=1.00 total_env_steps=7699 t=0.07s
  [kl-lr] ep=475 kl=0.03708 lr_mult=6.667
Ep  475: R=    17.0 len= 17 avg_R=    14.9 loss=21.2077 temp=1.00 total_env_steps=7716 t=0.07s
  greedy eval 9.4 / 475（近20局 self-play 14.2，total_env_steps=7716）
  [kl-lr] ep=476 kl=0.00018 lr_mult=10.000
Ep  476: R=    10.0 len= 10 avg_R=    14.9 loss=22.2529 temp=1.00 total_env_steps=7726 t=0.06s
  [kl-lr] ep=477 kl=0.00011 lr_mult=10.000
Ep  477: R=    10.0 len= 10 avg_R=    14.9 loss=25.5939 temp=1.00 total_env_steps=7736 t=0.05s
  [kl-lr] ep=478 kl=0.00474 lr_mult=10.000
Ep  478: R=     9.0 len=  9 avg_R=    14.9 loss=26.7129 temp=1.00 total_env_steps=7745 t=0.08s
  [kl-lr] ep=479 kl=0.00265 lr_mult=10.000
Ep  479: R=    12.0 len= 12 avg_R=    14.9 loss=27.7438 temp=1.00 total_env_steps=7757 t=0.07s
  [kl-lr] ep=480 kl=0.02878 lr_mult=10.000
Ep  480: R=    21.0 len= 21 avg_R=    14.9 loss=25.3269 temp=1.00 total_env_steps=7778 t=0.07s
  [kl-lr] ep=481 kl=0.00435 lr_mult=10.000
Ep  481: R=    11.0 len= 11 avg_R=    14.9 loss=24.5633 temp=1.00 total_env_steps=7789 t=0.07s
  [kl-lr] ep=482 kl=0.00057 lr_mult=10.000
Ep  482: R=    12.0 len= 12 avg_R=    14.8 loss=21.5381 temp=1.00 total_env_steps=7801 t=0.07s
  [kl-lr] ep=483 kl=0.00177 lr_mult=10.000
Ep  483: R=    23.0 len= 23 avg_R=    14.9 loss=30.8572 temp=1.00 total_env_steps=7824 t=0.07s
  [kl-lr] ep=484 kl=0.00923 lr_mult=10.000
Ep  484: R=    10.0 len= 10 avg_R=    14.8 loss=21.4261 temp=1.00 total_env_steps=7834 t=0.07s
  [kl-lr] ep=485 kl=0.02185 lr_mult=10.000
Ep  485: R=    14.0 len= 14 avg_R=    14.7 loss=25.5257 temp=1.00 total_env_steps=7848 t=0.06s
  [kl-lr] ep=486 kl=0.00613 lr_mult=10.000
Ep  486: R=    13.0 len= 13 avg_R=    14.7 loss=23.8013 temp=1.00 total_env_steps=7861 t=0.07s
  [kl-lr] ep=487 kl=0.00723 lr_mult=10.000
Ep  487: R=    12.0 len= 12 avg_R=    14.8 loss=25.1219 temp=1.00 total_env_steps=7873 t=0.07s
  [kl-lr] ep=488 kl=0.02308 lr_mult=10.000
Ep  488: R=    10.0 len= 10 avg_R=    14.7 loss=24.0608 temp=1.00 total_env_steps=7883 t=0.07s
  [kl-lr] ep=489 kl=0.00573 lr_mult=10.000
Ep  489: R=     9.0 len=  9 avg_R=    14.6 loss=23.9756 temp=1.00 total_env_steps=7892 t=0.07s
  [kl-lr] ep=490 kl=0.00038 lr_mult=10.000
Ep  490: R=    13.0 len= 13 avg_R=    14.6 loss=21.5525 temp=1.00 total_env_steps=7905 t=0.06s
  [kl-lr] ep=491 kl=0.00051 lr_mult=10.000
Ep  491: R=    11.0 len= 11 avg_R=    14.6 loss=21.1229 temp=1.00 total_env_steps=7916 t=0.06s
  [kl-lr] ep=492 kl=0.00008 lr_mult=10.000
Ep  492: R=     9.0 len=  9 avg_R=    14.5 loss=22.4900 temp=1.00 total_env_steps=7925 t=0.07s
  [kl-lr] ep=493 kl=0.00022 lr_mult=10.000
Ep  493: R=     9.0 len=  9 avg_R=    14.4 loss=23.6222 temp=1.00 total_env_steps=7934 t=0.07s
  [kl-lr] ep=494 kl=0.00003 lr_mult=10.000
Ep  494: R=    12.0 len= 12 avg_R=    14.4 loss=21.8887 temp=1.00 total_env_steps=7946 t=0.06s
  [kl-lr] ep=495 kl=0.00044 lr_mult=10.000
Ep  495: R=    16.0 len= 16 avg_R=    14.4 loss=27.3417 temp=1.00 total_env_steps=7962 t=0.06s
  [kl-lr] ep=496 kl=0.01179 lr_mult=10.000
Ep  496: R=    10.0 len= 10 avg_R=    14.4 loss=24.9751 temp=1.00 total_env_steps=7972 t=0.07s
  [kl-lr] ep=497 kl=0.02448 lr_mult=10.000
Ep  497: R=    11.0 len= 11 avg_R=    14.4 loss=18.8659 temp=1.00 total_env_steps=7983 t=0.07s
  [kl-lr] ep=498 kl=0.00239 lr_mult=10.000
Ep  498: R=    10.0 len= 10 avg_R=    14.4 loss=31.8112 temp=1.00 total_env_steps=7993 t=0.08s
  [kl-lr] ep=499 kl=0.04216 lr_mult=6.667
Ep  499: R=    14.0 len= 14 avg_R=    14.4 loss=22.4242 temp=1.00 total_env_steps=8007 t=0.06s
  [kl-lr] ep=500 kl=0.03067 lr_mult=6.667
Ep  500: R=    10.0 len= 10 avg_R=    14.3 loss=17.6563 temp=1.00 total_env_steps=8017 t=0.07s
  greedy eval 9.4 / 475（近20局 self-play 11.9，total_env_steps=8017）
  [kl-lr] ep=501 kl=0.01451 lr_mult=6.667
Ep  501: R=    14.0 len= 14 avg_R=    14.3 loss=15.9455 temp=1.00 total_env_steps=8031 t=0.06s
  [kl-lr] ep=502 kl=0.01393 lr_mult=6.667
Ep  502: R=    11.0 len= 11 avg_R=    14.3 loss=19.8598 temp=1.00 total_env_steps=8042 t=0.08s
  [kl-lr] ep=503 kl=0.00301 lr_mult=10.000
Ep  503: R=    17.0 len= 17 avg_R=    14.3 loss=20.0521 temp=1.00 total_env_steps=8059 t=0.07s
  [kl-lr] ep=504 kl=0.01018 lr_mult=10.000
Ep  504: R=    15.0 len= 15 avg_R=    14.3 loss=20.4613 temp=1.00 total_env_steps=8074 t=0.07s
  [kl-lr] ep=505 kl=0.02598 lr_mult=10.000
Ep  505: R=     9.0 len=  9 avg_R=    14.3 loss=24.6868 temp=1.00 total_env_steps=8083 t=0.07s
  [kl-lr] ep=506 kl=0.03769 lr_mult=10.000
Ep  506: R=    14.0 len= 14 avg_R=    14.3 loss=20.5508 temp=1.00 total_env_steps=8097 t=0.07s
  [kl-lr] ep=507 kl=0.00760 lr_mult=10.000
Ep  507: R=    14.0 len= 14 avg_R=    14.3 loss=22.1796 temp=1.00 total_env_steps=8111 t=0.06s
  [kl-lr] ep=508 kl=0.00000 lr_mult=10.000
Ep  508: R=     9.0 len=  9 avg_R=    14.2 loss=26.1072 temp=1.00 total_env_steps=8120 t=0.07s
  [kl-lr] ep=509 kl=0.00532 lr_mult=10.000
Ep  509: R=     9.0 len=  9 avg_R=    14.1 loss=24.2373 temp=1.00 total_env_steps=8129 t=0.06s
  [kl-lr] ep=510 kl=0.03182 lr_mult=10.000
Ep  510: R=    16.0 len= 16 avg_R=    14.1 loss=22.3034 temp=1.00 total_env_steps=8145 t=0.07s
  [kl-lr] ep=511 kl=0.02333 lr_mult=10.000
Ep  511: R=    14.0 len= 14 avg_R=    14.1 loss=19.3492 temp=1.00 total_env_steps=8159 t=0.07s
  [kl-lr] ep=512 kl=0.04196 lr_mult=6.667
Ep  512: R=     8.0 len=  8 avg_R=    14.0 loss=21.9454 temp=1.00 total_env_steps=8167 t=0.06s
  [kl-lr] ep=513 kl=0.03229 lr_mult=6.667
Ep  513: R=    22.0 len= 22 avg_R=    14.1 loss=25.0329 temp=1.00 total_env_steps=8189 t=0.07s
  [kl-lr] ep=514 kl=0.00003 lr_mult=10.000
Ep  514: R=    10.0 len= 10 avg_R=    14.1 loss=22.8364 temp=1.00 total_env_steps=8199 t=0.07s
  [kl-lr] ep=515 kl=0.00127 lr_mult=10.000
Ep  515: R=    11.0 len= 11 avg_R=    14.1 loss=19.4029 temp=1.00 total_env_steps=8210 t=0.06s
  [kl-lr] ep=516 kl=0.00361 lr_mult=10.000
Ep  516: R=     9.0 len=  9 avg_R=    13.8 loss=25.2504 temp=1.00 total_env_steps=8219 t=0.07s
  [kl-lr] ep=517 kl=0.00325 lr_mult=10.000
Ep  517: R=     9.0 len=  9 avg_R=    13.6 loss=25.2400 temp=1.00 total_env_steps=8228 t=0.07s
  [kl-lr] ep=518 kl=0.02418 lr_mult=10.000
Ep  518: R=    13.0 len= 13 avg_R=    13.6 loss=25.9206 temp=1.00 total_env_steps=8241 t=0.07s
  [kl-lr] ep=519 kl=0.01840 lr_mult=10.000
Ep  519: R=    13.0 len= 13 avg_R=    13.6 loss=21.4853 temp=1.00 total_env_steps=8254 t=0.06s
  [kl-lr] ep=520 kl=0.00145 lr_mult=10.000
Ep  520: R=    10.0 len= 10 avg_R=    13.4 loss=28.9014 temp=1.00 total_env_steps=8264 t=0.06s
  [kl-lr] ep=521 kl=0.00027 lr_mult=10.000
Ep  521: R=    15.0 len= 15 avg_R=    13.3 loss=18.8704 temp=1.00 total_env_steps=8279 t=0.06s
  [kl-lr] ep=522 kl=0.02011 lr_mult=10.000
Ep  522: R=    10.0 len= 10 avg_R=    13.3 loss=19.2680 temp=1.00 total_env_steps=8289 t=0.06s
  [kl-lr] ep=523 kl=0.05999 lr_mult=6.667
Ep  523: R=    11.0 len= 11 avg_R=    13.3 loss=17.5970 temp=1.00 total_env_steps=8300 t=0.08s
  [kl-lr] ep=524 kl=0.07894 lr_mult=4.444
Ep  524: R=    20.0 len= 20 avg_R=    13.1 loss=30.1537 temp=1.00 total_env_steps=8320 t=0.07s
  [kl-lr] ep=525 kl=0.01174 lr_mult=4.444
Ep  525: R=    10.0 len= 10 avg_R=    13.0 loss=21.5369 temp=1.00 total_env_steps=8330 t=0.07s
  greedy eval 9.4 / 475（近20局 self-play 12.4，total_env_steps=8330）
  [kl-lr] ep=526 kl=0.00853 lr_mult=6.667
Ep  526: R=    10.0 len= 10 avg_R=    12.9 loss=21.9877 temp=1.00 total_env_steps=8340 t=0.07s
  [kl-lr] ep=527 kl=0.00040 lr_mult=10.000
Ep  527: R=    10.0 len= 10 avg_R=    12.9 loss=21.2128 temp=1.00 total_env_steps=8350 t=0.06s
  [kl-lr] ep=528 kl=0.00455 lr_mult=10.000
Ep  528: R=    11.0 len= 11 avg_R=    12.9 loss=20.8119 temp=1.00 total_env_steps=8361 t=0.07s
  [kl-lr] ep=529 kl=0.00855 lr_mult=10.000
Ep  529: R=     9.0 len=  9 avg_R=    12.8 loss=20.9774 temp=1.00 total_env_steps=8370 t=0.07s
  [kl-lr] ep=530 kl=0.01860 lr_mult=10.000
Ep  530: R=     8.0 len=  8 avg_R=    12.8 loss=22.3385 temp=1.00 total_env_steps=8378 t=0.07s
  [kl-lr] ep=531 kl=0.00588 lr_mult=10.000
Ep  531: R=    20.0 len= 20 avg_R=    12.8 loss=24.2755 temp=1.00 total_env_steps=8398 t=0.07s
  [kl-lr] ep=532 kl=0.00089 lr_mult=10.000
Ep  532: R=    11.0 len= 11 avg_R=    12.8 loss=20.8130 temp=1.00 total_env_steps=8409 t=0.07s
  [kl-lr] ep=533 kl=0.02207 lr_mult=10.000
Ep  533: R=    12.0 len= 12 avg_R=    12.8 loss=25.4612 temp=1.00 total_env_steps=8421 t=0.06s
  [kl-lr] ep=534 kl=0.09692 lr_mult=6.667
Ep  534: R=    20.0 len= 20 avg_R=    12.8 loss=25.2488 temp=1.00 total_env_steps=8441 t=0.07s
  [kl-lr] ep=535 kl=0.01892 lr_mult=6.667
Ep  535: R=     9.0 len=  9 avg_R=    12.8 loss=24.0857 temp=1.00 total_env_steps=8450 t=0.07s
  [kl-lr] ep=536 kl=0.00566 lr_mult=10.000
Ep  536: R=    10.0 len= 10 avg_R=    12.6 loss=20.7909 temp=1.00 total_env_steps=8460 t=0.06s
  [kl-lr] ep=537 kl=0.01187 lr_mult=10.000
Ep  537: R=    13.0 len= 13 avg_R=    12.6 loss=22.5173 temp=1.00 total_env_steps=8473 t=0.06s
  [kl-lr] ep=538 kl=0.00927 lr_mult=10.000
Ep  538: R=    12.0 len= 12 avg_R=    12.6 loss=25.5191 temp=1.00 total_env_steps=8485 t=0.07s
  [kl-lr] ep=539 kl=0.00075 lr_mult=10.000
Ep  539: R=    10.0 len= 10 avg_R=    12.6 loss=27.7988 temp=1.00 total_env_steps=8495 t=0.07s
  [kl-lr] ep=540 kl=0.00771 lr_mult=10.000
Ep  540: R=    21.0 len= 21 avg_R=    12.7 loss=16.8603 temp=1.00 total_env_steps=8516 t=0.07s
  [kl-lr] ep=541 kl=0.01581 lr_mult=10.000
Ep  541: R=    10.0 len= 10 avg_R=    12.6 loss=31.2463 temp=1.00 total_env_steps=8526 t=0.06s
  [kl-lr] ep=542 kl=0.04523 lr_mult=6.667
Ep  542: R=    14.0 len= 14 avg_R=    12.6 loss=20.7661 temp=1.00 total_env_steps=8540 t=0.06s
  [kl-lr] ep=543 kl=0.00434 lr_mult=10.000
Ep  543: R=    10.0 len= 10 avg_R=    12.6 loss=19.5928 temp=1.00 total_env_steps=8550 t=0.08s
  [kl-lr] ep=544 kl=0.00058 lr_mult=10.000
Ep  544: R=    10.0 len= 10 avg_R=    12.6 loss=30.6611 temp=1.00 total_env_steps=8560 t=0.08s
  [kl-lr] ep=545 kl=0.00016 lr_mult=10.000
Ep  545: R=     9.0 len=  9 avg_R=    12.6 loss=21.3417 temp=1.00 total_env_steps=8569 t=0.06s
  [kl-lr] ep=546 kl=0.00468 lr_mult=10.000
Ep  546: R=    10.0 len= 10 avg_R=    12.6 loss=28.2331 temp=1.00 total_env_steps=8579 t=0.07s
  [kl-lr] ep=547 kl=0.00000 lr_mult=10.000
Ep  547: R=    10.0 len= 10 avg_R=    12.6 loss=24.4913 temp=1.00 total_env_steps=8589 t=0.07s
  [kl-lr] ep=548 kl=0.00008 lr_mult=10.000
Ep  548: R=    10.0 len= 10 avg_R=    12.6 loss=27.9999 temp=1.00 total_env_steps=8599 t=0.07s
  [kl-lr] ep=549 kl=0.00281 lr_mult=10.000
Ep  549: R=     9.0 len=  9 avg_R=    12.6 loss=24.2048 temp=1.00 total_env_steps=8608 t=0.06s
  [kl-lr] ep=550 kl=0.00095 lr_mult=10.000
Ep  550: R=    14.0 len= 14 avg_R=    12.6 loss=22.0629 temp=1.00 total_env_steps=8622 t=0.07s
  greedy eval 9.4 / 475（近20局 self-play 12.2，total_env_steps=8622）
  [kl-lr] ep=551 kl=0.00040 lr_mult=10.000
Ep  551: R=    11.0 len= 11 avg_R=    12.6 loss=21.9401 temp=1.00 total_env_steps=8633 t=0.06s
  [kl-lr] ep=552 kl=0.00216 lr_mult=10.000
Ep  552: R=     9.0 len=  9 avg_R=    12.5 loss=19.6090 temp=1.00 total_env_steps=8642 t=0.07s
  [kl-lr] ep=553 kl=0.00506 lr_mult=10.000
Ep  553: R=     9.0 len=  9 avg_R=    12.5 loss=19.9669 temp=1.00 total_env_steps=8651 t=0.06s
  [kl-lr] ep=554 kl=0.01205 lr_mult=10.000
Ep  554: R=     8.0 len=  8 avg_R=    12.4 loss=18.4579 temp=1.00 total_env_steps=8659 t=0.06s
  [kl-lr] ep=555 kl=0.00575 lr_mult=10.000
Ep  555: R=    18.0 len= 18 avg_R=    12.5 loss=20.5995 temp=1.00 total_env_steps=8677 t=0.07s
  [kl-lr] ep=556 kl=0.00501 lr_mult=10.000
Ep  556: R=    10.0 len= 10 avg_R=    12.3 loss=23.1405 temp=1.00 total_env_steps=8687 t=0.06s
  [kl-lr] ep=557 kl=0.02094 lr_mult=10.000
Ep  557: R=     9.0 len=  9 avg_R=    12.2 loss=28.2825 temp=1.00 total_env_steps=8696 t=0.06s
  [kl-lr] ep=558 kl=0.01294 lr_mult=10.000
Ep  558: R=    10.0 len= 10 avg_R=    12.1 loss=23.3925 temp=1.00 total_env_steps=8706 t=0.07s
  [kl-lr] ep=559 kl=0.00077 lr_mult=10.000
Ep  559: R=    10.0 len= 10 avg_R=    12.1 loss=27.2391 temp=1.00 total_env_steps=8716 t=0.07s
  [kl-lr] ep=560 kl=0.00767 lr_mult=10.000
Ep  560: R=    11.0 len= 11 avg_R=    12.0 loss=25.6430 temp=1.00 total_env_steps=8727 t=0.06s
  [kl-lr] ep=561 kl=0.00676 lr_mult=10.000
Ep  561: R=    10.0 len= 10 avg_R=    12.0 loss=18.4725 temp=1.00 total_env_steps=8737 t=0.06s
  [kl-lr] ep=562 kl=0.01652 lr_mult=10.000
Ep  562: R=    10.0 len= 10 avg_R=    12.0 loss=24.9604 temp=1.00 total_env_steps=8747 t=0.06s
  [kl-lr] ep=563 kl=0.00541 lr_mult=10.000
Ep  563: R=    11.0 len= 11 avg_R=    12.0 loss=28.6377 temp=1.00 total_env_steps=8758 t=0.06s
  [kl-lr] ep=564 kl=0.00116 lr_mult=10.000
Ep  564: R=    10.0 len= 10 avg_R=    11.9 loss=23.9432 temp=1.00 total_env_steps=8768 t=0.06s
  [kl-lr] ep=565 kl=0.00751 lr_mult=10.000
Ep  565: R=    10.0 len= 10 avg_R=    11.9 loss=26.0623 temp=1.00 total_env_steps=8778 t=0.08s
  [kl-lr] ep=566 kl=0.00040 lr_mult=10.000
Ep  566: R=    14.0 len= 14 avg_R=    11.9 loss=24.1530 temp=1.00 total_env_steps=8792 t=0.06s
  [kl-lr] ep=567 kl=0.03210 lr_mult=10.000
Ep  567: R=    10.0 len= 10 avg_R=    11.9 loss=23.3808 temp=1.00 total_env_steps=8802 t=0.07s
  [kl-lr] ep=568 kl=0.04762 lr_mult=6.667
Ep  568: R=     8.0 len=  8 avg_R=    11.9 loss=28.3699 temp=1.00 total_env_steps=8810 t=0.08s
  [kl-lr] ep=569 kl=0.01555 lr_mult=6.667
Ep  569: R=    15.0 len= 15 avg_R=    11.9 loss=21.1138 temp=1.00 total_env_steps=8825 t=0.07s
  [kl-lr] ep=570 kl=0.00001 lr_mult=10.000
Ep  570: R=    13.0 len= 13 avg_R=    11.8 loss=25.0358 temp=1.00 total_env_steps=8838 t=0.08s
  [kl-lr] ep=571 kl=0.00028 lr_mult=10.000
Ep  571: R=    10.0 len= 10 avg_R=    11.8 loss=20.2076 temp=1.00 total_env_steps=8848 t=0.08s
  [kl-lr] ep=572 kl=0.00283 lr_mult=10.000
Ep  572: R=    10.0 len= 10 avg_R=    11.8 loss=26.8480 temp=1.00 total_env_steps=8858 t=0.08s
  [kl-lr] ep=573 kl=0.01918 lr_mult=10.000
Ep  573: R=    10.0 len= 10 avg_R=    11.8 loss=22.7088 temp=1.00 total_env_steps=8868 t=0.08s
  [kl-lr] ep=574 kl=0.00752 lr_mult=10.000
Ep  574: R=    10.0 len= 10 avg_R=    11.8 loss=18.9662 temp=1.00 total_env_steps=8878 t=0.08s
  [kl-lr] ep=575 kl=0.01015 lr_mult=10.000
Ep  575: R=     9.0 len=  9 avg_R=    11.7 loss=29.0700 temp=1.00 total_env_steps=8887 t=0.07s
  greedy eval 9.4 / 475（近20局 self-play 10.5，total_env_steps=8887）
  [kl-lr] ep=576 kl=0.01372 lr_mult=10.000
Ep  576: R=    14.0 len= 14 avg_R=    11.8 loss=26.9501 temp=1.00 total_env_steps=8901 t=0.07s
  [kl-lr] ep=577 kl=0.01999 lr_mult=10.000
Ep  577: R=    13.0 len= 13 avg_R=    11.8 loss=29.7722 temp=1.00 total_env_steps=8914 t=0.07s
  [kl-lr] ep=578 kl=0.01911 lr_mult=10.000
Ep  578: R=    26.0 len= 26 avg_R=    11.9 loss=20.3754 temp=1.00 total_env_steps=8940 t=0.08s
  [kl-lr] ep=579 kl=0.00029 lr_mult=10.000
Ep  579: R=     9.0 len=  9 avg_R=    11.9 loss=17.3938 temp=1.00 total_env_steps=8949 t=0.07s
  [kl-lr] ep=580 kl=0.00217 lr_mult=10.000
Ep  580: R=    10.0 len= 10 avg_R=    11.8 loss=24.3057 temp=1.00 total_env_steps=8959 t=0.06s
  [kl-lr] ep=581 kl=0.00048 lr_mult=10.000
Ep  581: R=    10.0 len= 10 avg_R=    11.8 loss=20.8853 temp=1.00 total_env_steps=8969 t=0.07s
  [kl-lr] ep=582 kl=0.00109 lr_mult=10.000
Ep  582: R=     9.0 len=  9 avg_R=    11.8 loss=23.0498 temp=1.00 total_env_steps=8978 t=0.07s
  [kl-lr] ep=583 kl=0.03482 lr_mult=10.000
Ep  583: R=    20.0 len= 20 avg_R=    11.7 loss=17.9267 temp=1.00 total_env_steps=8998 t=0.07s
  [kl-lr] ep=584 kl=0.02032 lr_mult=10.000
Ep  584: R=     8.0 len=  8 avg_R=    11.7 loss=17.0840 temp=1.00 total_env_steps=9006 t=0.07s
  [kl-lr] ep=585 kl=0.00847 lr_mult=10.000
Ep  585: R=     9.0 len=  9 avg_R=    11.7 loss=28.5405 temp=1.00 total_env_steps=9015 t=0.07s
  [kl-lr] ep=586 kl=0.02489 lr_mult=10.000
Ep  586: R=    19.0 len= 19 avg_R=    11.7 loss=23.8057 temp=1.00 total_env_steps=9034 t=0.07s
  [kl-lr] ep=587 kl=0.00341 lr_mult=10.000
Ep  587: R=    10.0 len= 10 avg_R=    11.7 loss=29.5447 temp=1.00 total_env_steps=9044 t=0.07s
  [kl-lr] ep=588 kl=0.01388 lr_mult=10.000
Ep  588: R=     9.0 len=  9 avg_R=    11.7 loss=26.5298 temp=1.00 total_env_steps=9053 t=0.07s
  [kl-lr] ep=589 kl=0.00985 lr_mult=10.000
Ep  589: R=    13.0 len= 13 avg_R=    11.7 loss=22.5109 temp=1.00 total_env_steps=9066 t=0.06s
  [kl-lr] ep=590 kl=0.00001 lr_mult=10.000
Ep  590: R=     9.0 len=  9 avg_R=    11.7 loss=22.5169 temp=1.00 total_env_steps=9075 t=0.07s
  [kl-lr] ep=591 kl=0.00388 lr_mult=10.000
Ep  591: R=    10.0 len= 10 avg_R=    11.7 loss=25.2343 temp=1.00 total_env_steps=9085 t=0.07s
  [kl-lr] ep=592 kl=0.01376 lr_mult=10.000
Ep  592: R=    10.0 len= 10 avg_R=    11.7 loss=24.3161 temp=1.00 total_env_steps=9095 t=0.08s
  [kl-lr] ep=593 kl=0.00647 lr_mult=10.000
Ep  593: R=    10.0 len= 10 avg_R=    11.7 loss=27.6646 temp=1.00 total_env_steps=9105 t=0.07s
  [kl-lr] ep=594 kl=0.00514 lr_mult=10.000
Ep  594: R=     9.0 len=  9 avg_R=    11.7 loss=20.7665 temp=1.00 total_env_steps=9114 t=0.07s
  [kl-lr] ep=595 kl=0.00821 lr_mult=10.000
Ep  595: R=     8.0 len=  8 avg_R=    11.6 loss=20.0970 temp=1.00 total_env_steps=9122 t=0.06s
  [kl-lr] ep=596 kl=0.00037 lr_mult=10.000
Ep  596: R=    27.0 len= 27 avg_R=    11.8 loss=19.9243 temp=1.00 total_env_steps=9149 t=0.08s
  [kl-lr] ep=597 kl=0.01369 lr_mult=10.000
Ep  597: R=    11.0 len= 11 avg_R=    11.8 loss=20.4421 temp=1.00 total_env_steps=9160 t=0.07s
  [kl-lr] ep=598 kl=0.00109 lr_mult=10.000
Ep  598: R=    12.0 len= 12 avg_R=    11.8 loss=20.0201 temp=1.00 total_env_steps=9172 t=0.06s
  [kl-lr] ep=599 kl=0.00022 lr_mult=10.000
Ep  599: R=    11.0 len= 11 avg_R=    11.8 loss=24.1412 temp=1.00 total_env_steps=9183 t=0.07s
  [kl-lr] ep=600 kl=0.01074 lr_mult=10.000
Ep  600: R=    10.0 len= 10 avg_R=    11.8 loss=21.6948 temp=1.00 total_env_steps=9193 t=0.08s
  greedy eval 9.4 / 475（近20局 self-play 11.7，total_env_steps=9193）
  [kl-lr] ep=601 kl=0.00702 lr_mult=10.000
Ep  601: R=    11.0 len= 11 avg_R=    11.7 loss=22.4840 temp=1.00 total_env_steps=9204 t=0.06s
  [kl-lr] ep=602 kl=0.00001 lr_mult=10.000
Ep  602: R=    12.0 len= 12 avg_R=    11.7 loss=22.8734 temp=1.00 total_env_steps=9216 t=0.07s
  [kl-lr] ep=603 kl=0.00275 lr_mult=10.000
Ep  603: R=    10.0 len= 10 avg_R=    11.7 loss=19.9660 temp=1.00 total_env_steps=9226 t=0.08s
  [kl-lr] ep=604 kl=0.00425 lr_mult=10.000
Ep  604: R=    12.0 len= 12 avg_R=    11.6 loss=24.1536 temp=1.00 total_env_steps=9238 t=0.06s
  [kl-lr] ep=605 kl=0.00549 lr_mult=10.000
Ep  605: R=    12.0 len= 12 avg_R=    11.7 loss=21.9755 temp=1.00 total_env_steps=9250 t=0.06s
  [kl-lr] ep=606 kl=0.00192 lr_mult=10.000
Ep  606: R=    12.0 len= 12 avg_R=    11.6 loss=24.4419 temp=1.00 total_env_steps=9262 t=0.06s
  [kl-lr] ep=607 kl=0.00758 lr_mult=10.000
Ep  607: R=    11.0 len= 11 avg_R=    11.6 loss=24.9966 temp=1.00 total_env_steps=9273 t=0.07s
  [kl-lr] ep=608 kl=0.03871 lr_mult=10.000
Ep  608: R=    10.0 len= 10 avg_R=    11.6 loss=29.7146 temp=1.00 total_env_steps=9283 t=0.07s
  [kl-lr] ep=609 kl=0.04562 lr_mult=6.667
Ep  609: R=     9.0 len=  9 avg_R=    11.6 loss=24.0721 temp=1.00 total_env_steps=9292 t=0.06s
  [kl-lr] ep=610 kl=0.00030 lr_mult=10.000
Ep  610: R=     9.0 len=  9 avg_R=    11.6 loss=21.9670 temp=1.00 total_env_steps=9301 t=0.06s
  [kl-lr] ep=611 kl=0.01360 lr_mult=10.000
Ep  611: R=    10.0 len= 10 avg_R=    11.5 loss=20.0321 temp=1.00 total_env_steps=9311 t=0.07s
  [kl-lr] ep=612 kl=0.00016 lr_mult=10.000
Ep  612: R=    10.0 len= 10 avg_R=    11.5 loss=25.6070 temp=1.00 total_env_steps=9321 t=0.06s
  [kl-lr] ep=613 kl=0.00416 lr_mult=10.000
Ep  613: R=     9.0 len=  9 avg_R=    11.4 loss=29.9684 temp=1.00 total_env_steps=9330 t=0.07s
  [kl-lr] ep=614 kl=0.00039 lr_mult=10.000
Ep  614: R=     9.0 len=  9 avg_R=    11.4 loss=23.0173 temp=1.00 total_env_steps=9339 t=0.08s
  [kl-lr] ep=615 kl=0.00066 lr_mult=10.000
Ep  615: R=    11.0 len= 11 avg_R=    11.4 loss=23.5180 temp=1.00 total_env_steps=9350 t=0.08s
  [kl-lr] ep=616 kl=0.00314 lr_mult=10.000
Ep  616: R=     9.0 len=  9 avg_R=    11.4 loss=23.4180 temp=1.00 total_env_steps=9359 t=0.07s
  [kl-lr] ep=617 kl=0.00218 lr_mult=10.000
Ep  617: R=    10.0 len= 10 avg_R=    11.4 loss=20.6293 temp=1.00 total_env_steps=9369 t=0.07s
  [kl-lr] ep=618 kl=0.00842 lr_mult=10.000
Ep  618: R=    13.0 len= 13 avg_R=    11.4 loss=23.2811 temp=1.00 total_env_steps=9382 t=0.07s
  [kl-lr] ep=619 kl=0.00000 lr_mult=10.000
Ep  619: R=    10.0 len= 10 avg_R=    11.4 loss=18.0610 temp=1.00 total_env_steps=9392 t=0.06s
  [kl-lr] ep=620 kl=0.00610 lr_mult=10.000
Ep  620: R=    12.0 len= 12 avg_R=    11.4 loss=25.8340 temp=1.00 total_env_steps=9404 t=0.07s
  [kl-lr] ep=621 kl=0.01353 lr_mult=10.000
Ep  621: R=    11.0 len= 11 avg_R=    11.4 loss=22.6651 temp=1.00 total_env_steps=9415 t=0.07s
  [kl-lr] ep=622 kl=0.00000 lr_mult=10.000
Ep  622: R=     8.0 len=  8 avg_R=    11.3 loss=20.7753 temp=1.00 total_env_steps=9423 t=0.07s
  [kl-lr] ep=623 kl=0.02084 lr_mult=10.000
Ep  623: R=    12.0 len= 12 avg_R=    11.4 loss=26.6025 temp=1.00 total_env_steps=9435 t=0.07s
  [kl-lr] ep=624 kl=0.00483 lr_mult=10.000
Ep  624: R=     9.0 len=  9 avg_R=    11.2 loss=22.3454 temp=1.00 total_env_steps=9444 t=0.07s
  [kl-lr] ep=625 kl=0.00508 lr_mult=10.000
Ep  625: R=    11.0 len= 11 avg_R=    11.2 loss=21.1992 temp=1.00 total_env_steps=9455 t=0.07s
  greedy eval 9.4 / 475（近20局 self-play 10.2，total_env_steps=9455）
  [kl-lr] ep=626 kl=0.00451 lr_mult=10.000
Ep  626: R=    10.0 len= 10 avg_R=    11.2 loss=25.6705 temp=1.00 total_env_steps=9465 t=0.07s
  [kl-lr] ep=627 kl=0.00015 lr_mult=10.000
Ep  627: R=     9.0 len=  9 avg_R=    11.2 loss=24.3091 temp=1.00 total_env_steps=9474 t=0.07s
  [kl-lr] ep=628 kl=0.00019 lr_mult=10.000
Ep  628: R=     9.0 len=  9 avg_R=    11.2 loss=24.1488 temp=1.00 total_env_steps=9483 t=0.07s
  [kl-lr] ep=629 kl=0.00022 lr_mult=10.000
Ep  629: R=    11.0 len= 11 avg_R=    11.2 loss=23.3697 temp=1.00 total_env_steps=9494 t=0.08s
  [kl-lr] ep=630 kl=0.00029 lr_mult=10.000
Ep  630: R=    10.0 len= 10 avg_R=    11.3 loss=22.6525 temp=1.00 total_env_steps=9504 t=0.08s
  [kl-lr] ep=631 kl=0.00361 lr_mult=10.000
Ep  631: R=    11.0 len= 11 avg_R=    11.2 loss=24.1125 temp=1.00 total_env_steps=9515 t=0.07s
  [kl-lr] ep=632 kl=0.00742 lr_mult=10.000
Ep  632: R=    11.0 len= 11 avg_R=    11.2 loss=17.2853 temp=1.00 total_env_steps=9526 t=0.07s
  [kl-lr] ep=633 kl=0.00128 lr_mult=10.000
Ep  633: R=    12.0 len= 12 avg_R=    11.2 loss=20.8432 temp=1.00 total_env_steps=9538 t=0.06s
  [kl-lr] ep=634 kl=0.01348 lr_mult=10.000
Ep  634: R=    12.0 len= 12 avg_R=    11.1 loss=21.0849 temp=1.00 total_env_steps=9550 t=0.07s
  [kl-lr] ep=635 kl=0.01796 lr_mult=10.000
Ep  635: R=    12.0 len= 12 avg_R=    11.1 loss=24.2659 temp=1.00 total_env_steps=9562 t=0.07s
  [kl-lr] ep=636 kl=0.00669 lr_mult=10.000
Ep  636: R=    18.0 len= 18 avg_R=    11.2 loss=25.2518 temp=1.00 total_env_steps=9580 t=0.07s
  [kl-lr] ep=637 kl=0.00064 lr_mult=10.000
Ep  637: R=    10.0 len= 10 avg_R=    11.2 loss=20.0622 temp=1.00 total_env_steps=9590 t=0.07s
  [kl-lr] ep=638 kl=0.00051 lr_mult=10.000
Ep  638: R=    13.0 len= 13 avg_R=    11.2 loss=21.6093 temp=1.00 total_env_steps=9603 t=0.07s
  [kl-lr] ep=639 kl=0.00177 lr_mult=10.000
Ep  639: R=    11.0 len= 11 avg_R=    11.2 loss=23.3979 temp=1.00 total_env_steps=9614 t=0.07s
  [kl-lr] ep=640 kl=0.00144 lr_mult=10.000
Ep  640: R=    16.0 len= 16 avg_R=    11.1 loss=25.0385 temp=1.00 total_env_steps=9630 t=0.07s
  [kl-lr] ep=641 kl=0.00126 lr_mult=10.000
Ep  641: R=    11.0 len= 11 avg_R=    11.1 loss=26.4814 temp=1.00 total_env_steps=9641 t=0.07s
  [kl-lr] ep=642 kl=0.00595 lr_mult=10.000
Ep  642: R=    15.0 len= 15 avg_R=    11.2 loss=23.3845 temp=1.00 total_env_steps=9656 t=0.08s
  [kl-lr] ep=643 kl=0.02061 lr_mult=10.000
Ep  643: R=    11.0 len= 11 avg_R=    11.2 loss=24.7796 temp=1.00 total_env_steps=9667 t=0.06s
  [kl-lr] ep=644 kl=0.01707 lr_mult=10.000
Ep  644: R=    10.0 len= 10 avg_R=    11.2 loss=23.6501 temp=1.00 total_env_steps=9677 t=0.07s
  [kl-lr] ep=645 kl=0.00093 lr_mult=10.000
Ep  645: R=    10.0 len= 10 avg_R=    11.2 loss=23.3651 temp=1.00 total_env_steps=9687 t=0.06s
  [kl-lr] ep=646 kl=0.01575 lr_mult=10.000
Ep  646: R=     9.0 len=  9 avg_R=    11.2 loss=20.4549 temp=1.00 total_env_steps=9696 t=0.06s
  [kl-lr] ep=647 kl=0.02096 lr_mult=10.000
Ep  647: R=     9.0 len=  9 avg_R=    11.2 loss=27.3941 temp=1.00 total_env_steps=9705 t=0.06s
  [kl-lr] ep=648 kl=0.00222 lr_mult=10.000
Ep  648: R=     9.0 len=  9 avg_R=    11.1 loss=24.6279 temp=1.00 total_env_steps=9714 t=0.07s
  [kl-lr] ep=649 kl=0.00154 lr_mult=10.000
Ep  649: R=    13.0 len= 13 avg_R=    11.2 loss=16.7981 temp=1.00 total_env_steps=9727 t=0.07s
  [kl-lr] ep=650 kl=0.02335 lr_mult=10.000
Ep  650: R=    10.0 len= 10 avg_R=    11.1 loss=26.9201 temp=1.00 total_env_steps=9737 t=0.08s
  greedy eval 9.4 / 475（近20局 self-play 11.6，total_env_steps=9737）
  [kl-lr] ep=651 kl=0.05912 lr_mult=6.667
Ep  651: R=     9.0 len=  9 avg_R=    11.1 loss=30.2882 temp=1.00 total_env_steps=9746 t=0.07s
  [kl-lr] ep=652 kl=0.02998 lr_mult=6.667
Ep  652: R=    12.0 len= 12 avg_R=    11.2 loss=23.1768 temp=1.00 total_env_steps=9758 t=0.07s
  [kl-lr] ep=653 kl=0.00023 lr_mult=10.000
Ep  653: R=     9.0 len=  9 avg_R=    11.2 loss=20.7349 temp=1.00 total_env_steps=9767 t=0.07s
  [kl-lr] ep=654 kl=0.00002 lr_mult=10.000
Ep  654: R=    10.0 len= 10 avg_R=    11.2 loss=23.2765 temp=1.00 total_env_steps=9777 t=0.08s
  [kl-lr] ep=655 kl=0.00661 lr_mult=10.000
Ep  655: R=    15.0 len= 15 avg_R=    11.1 loss=23.2455 temp=1.00 total_env_steps=9792 t=0.07s
  [kl-lr] ep=656 kl=0.00003 lr_mult=10.000
Ep  656: R=    13.0 len= 13 avg_R=    11.2 loss=21.2434 temp=1.00 total_env_steps=9805 t=0.07s
  [kl-lr] ep=657 kl=0.00100 lr_mult=10.000
Ep  657: R=    14.0 len= 14 avg_R=    11.2 loss=17.1185 temp=1.00 total_env_steps=9819 t=0.07s
  [kl-lr] ep=658 kl=0.02083 lr_mult=10.000
Ep  658: R=     8.0 len=  8 avg_R=    11.2 loss=19.8245 temp=1.00 total_env_steps=9827 t=0.08s
  [kl-lr] ep=659 kl=0.03482 lr_mult=10.000
Ep  659: R=     8.0 len=  8 avg_R=    11.2 loss=30.7037 temp=1.00 total_env_steps=9835 t=0.07s
  [kl-lr] ep=660 kl=0.02741 lr_mult=10.000
Ep  660: R=     9.0 len=  9 avg_R=    11.2 loss=24.4275 temp=1.00 total_env_steps=9844 t=0.07s
  [kl-lr] ep=661 kl=0.01785 lr_mult=10.000
Ep  661: R=    13.0 len= 13 avg_R=    11.2 loss=25.5408 temp=1.00 total_env_steps=9857 t=0.06s
  [kl-lr] ep=662 kl=0.00576 lr_mult=10.000
Ep  662: R=     8.0 len=  8 avg_R=    11.2 loss=20.1900 temp=1.00 total_env_steps=9865 t=0.07s
  [kl-lr] ep=663 kl=0.01820 lr_mult=10.000
Ep  663: R=     9.0 len=  9 avg_R=    11.2 loss=20.8303 temp=1.00 total_env_steps=9874 t=0.07s
  [kl-lr] ep=664 kl=0.04792 lr_mult=6.667
Ep  664: R=    16.0 len= 16 avg_R=    11.2 loss=21.6799 temp=1.00 total_env_steps=9890 t=0.11s
  [kl-lr] ep=665 kl=0.04319 lr_mult=4.444
Ep  665: R=    15.0 len= 15 avg_R=    11.3 loss=24.5052 temp=1.00 total_env_steps=9905 t=0.08s
  [kl-lr] ep=666 kl=0.00010 lr_mult=6.667
Ep  666: R=    10.0 len= 10 avg_R=    11.2 loss=26.7956 temp=1.00 total_env_steps=9915 t=0.08s
  [kl-lr] ep=667 kl=0.01228 lr_mult=6.667
Ep  667: R=     8.0 len=  8 avg_R=    11.2 loss=18.5006 temp=1.00 total_env_steps=9923 t=0.07s
  [kl-lr] ep=668 kl=0.00191 lr_mult=10.000
Ep  668: R=    18.0 len= 18 avg_R=    11.3 loss=24.2935 temp=1.00 total_env_steps=9941 t=0.07s
  [kl-lr] ep=669 kl=0.00005 lr_mult=10.000
Ep  669: R=    10.0 len= 10 avg_R=    11.3 loss=21.8938 temp=1.00 total_env_steps=9951 t=0.07s
  [kl-lr] ep=670 kl=0.00737 lr_mult=10.000
Ep  670: R=    11.0 len= 11 avg_R=    11.2 loss=24.2361 temp=1.00 total_env_steps=9962 t=0.07s
  [kl-lr] ep=671 kl=0.02171 lr_mult=10.000
Ep  671: R=     9.0 len=  9 avg_R=    11.2 loss=19.2253 temp=1.00 total_env_steps=9971 t=0.07s
  [kl-lr] ep=672 kl=0.05631 lr_mult=6.667
Ep  672: R=     9.0 len=  9 avg_R=    11.2 loss=20.7904 temp=1.00 total_env_steps=9980 t=0.07s
  [kl-lr] ep=673 kl=0.02814 lr_mult=6.667
Ep  673: R=     9.0 len=  9 avg_R=    11.2 loss=16.0276 temp=1.00 total_env_steps=9989 t=0.08s
  [kl-lr] ep=674 kl=0.00131 lr_mult=10.000
Ep  674: R=    11.0 len= 11 avg_R=    11.2 loss=17.9297 temp=1.00 total_env_steps=10000 t=0.07s
  [kl-lr] ep=675 kl=0.00013 lr_mult=10.000
Ep  675: R=    12.0 len= 12 avg_R=    11.2 loss=25.1161 temp=1.00 total_env_steps=10012 t=0.07s
  greedy eval 9.4 / 475（近20局 self-play 11.0，total_env_steps=10012）
  [kl-lr] ep=676 kl=0.00007 lr_mult=10.000
Ep  676: R=     8.0 len=  8 avg_R=    11.2 loss=28.7243 temp=1.00 total_env_steps=10020 t=0.07s
  [kl-lr] ep=677 kl=0.00109 lr_mult=10.000
Ep  677: R=    10.0 len= 10 avg_R=    11.2 loss=22.4865 temp=1.00 total_env_steps=10030 t=0.08s
  [kl-lr] ep=678 kl=0.02917 lr_mult=10.000
Ep  678: R=     9.0 len=  9 avg_R=    11.0 loss=17.7383 temp=1.00 total_env_steps=10039 t=0.06s
  [kl-lr] ep=679 kl=0.04764 lr_mult=6.667
Ep  679: R=    10.0 len= 10 avg_R=    11.0 loss=24.5670 temp=1.00 total_env_steps=10049 t=0.06s
  [kl-lr] ep=680 kl=0.03342 lr_mult=6.667
Ep  680: R=    26.0 len= 26 avg_R=    11.2 loss=22.0093 temp=1.00 total_env_steps=10075 t=0.08s
  [kl-lr] ep=681 kl=0.00667 lr_mult=10.000
Ep  681: R=    11.0 len= 11 avg_R=    11.2 loss=23.2522 temp=1.00 total_env_steps=10086 t=0.07s
  [kl-lr] ep=682 kl=0.00118 lr_mult=10.000
Ep  682: R=    14.0 len= 14 avg_R=    11.2 loss=19.5049 temp=1.00 total_env_steps=10100 t=0.08s
  [kl-lr] ep=683 kl=0.01437 lr_mult=10.000
Ep  683: R=    11.0 len= 11 avg_R=    11.1 loss=23.2591 temp=1.00 total_env_steps=10111 t=0.07s
  [kl-lr] ep=684 kl=0.02071 lr_mult=10.000
Ep  684: R=    12.0 len= 12 avg_R=    11.2 loss=27.4851 temp=1.00 total_env_steps=10123 t=0.07s
  [kl-lr] ep=685 kl=0.01162 lr_mult=10.000
Ep  685: R=    14.0 len= 14 avg_R=    11.2 loss=25.6993 temp=1.00 total_env_steps=10137 t=0.06s
  [kl-lr] ep=686 kl=0.00136 lr_mult=10.000
Ep  686: R=     9.0 len=  9 avg_R=    11.1 loss=20.4380 temp=1.00 total_env_steps=10146 t=0.07s
  [kl-lr] ep=687 kl=0.02401 lr_mult=10.000
Ep  687: R=    10.0 len= 10 avg_R=    11.1 loss=20.3225 temp=1.00 total_env_steps=10156 t=0.06s
  [kl-lr] ep=688 kl=0.00694 lr_mult=10.000
Ep  688: R=    14.0 len= 14 avg_R=    11.2 loss=22.3178 temp=1.00 total_env_steps=10170 t=0.07s
  [kl-lr] ep=689 kl=0.00964 lr_mult=10.000
Ep  689: R=    11.0 len= 11 avg_R=    11.1 loss=23.5732 temp=1.00 total_env_steps=10181 t=0.07s
  [kl-lr] ep=690 kl=0.03744 lr_mult=10.000
Ep  690: R=    25.0 len= 25 avg_R=    11.3 loss=27.3966 temp=1.00 total_env_steps=10206 t=0.08s
  [kl-lr] ep=691 kl=0.03691 lr_mult=10.000
Ep  691: R=    10.0 len= 10 avg_R=    11.3 loss=21.9921 temp=1.00 total_env_steps=10216 t=0.06s
  [kl-lr] ep=692 kl=0.02438 lr_mult=10.000
Ep  692: R=    12.0 len= 12 avg_R=    11.3 loss=23.2689 temp=1.00 total_env_steps=10228 t=0.08s
  [kl-lr] ep=693 kl=0.00187 lr_mult=10.000
Ep  693: R=     9.0 len=  9 avg_R=    11.3 loss=21.2834 temp=1.00 total_env_steps=10237 t=0.07s
  [kl-lr] ep=694 kl=0.00387 lr_mult=10.000
Ep  694: R=    10.0 len= 10 avg_R=    11.3 loss=28.8821 temp=1.00 total_env_steps=10247 t=0.08s
  [kl-lr] ep=695 kl=0.02588 lr_mult=10.000
Ep  695: R=    10.0 len= 10 avg_R=    11.4 loss=24.8772 temp=1.00 total_env_steps=10257 t=0.08s
  [kl-lr] ep=696 kl=0.04450 lr_mult=6.667
Ep  696: R=    10.0 len= 10 avg_R=    11.2 loss=20.2700 temp=1.00 total_env_steps=10267 t=0.07s
  [kl-lr] ep=697 kl=0.00166 lr_mult=10.000
Ep  697: R=    11.0 len= 11 avg_R=    11.2 loss=24.1859 temp=1.00 total_env_steps=10278 t=0.07s
  [kl-lr] ep=698 kl=0.03406 lr_mult=10.000
Ep  698: R=    11.0 len= 11 avg_R=    11.2 loss=20.0593 temp=1.00 total_env_steps=10289 t=0.07s
  [kl-lr] ep=699 kl=0.07069 lr_mult=6.667
Ep  699: R=    12.0 len= 12 avg_R=    11.2 loss=24.3831 temp=1.00 total_env_steps=10301 t=0.07s
  [kl-lr] ep=700 kl=0.07131 lr_mult=4.444
Ep  700: R=    18.0 len= 18 avg_R=    11.3 loss=25.4148 temp=1.00 total_env_steps=10319 t=0.06s
  greedy eval 9.4 / 475（近20局 self-play 12.2，total_env_steps=10319）
  [kl-lr] ep=701 kl=0.00983 lr_mult=6.667
Ep  701: R=    10.0 len= 10 avg_R=    11.2 loss=26.3213 temp=1.00 total_env_steps=10329 t=0.07s
  [kl-lr] ep=702 kl=0.00146 lr_mult=10.000
Ep  702: R=    10.0 len= 10 avg_R=    11.2 loss=23.2905 temp=1.00 total_env_steps=10339 t=0.07s
  [kl-lr] ep=703 kl=0.00398 lr_mult=10.000
Ep  703: R=     9.0 len=  9 avg_R=    11.2 loss=21.9772 temp=1.00 total_env_steps=10348 t=0.07s
  [kl-lr] ep=704 kl=0.01205 lr_mult=10.000
Ep  704: R=    11.0 len= 11 avg_R=    11.2 loss=26.4697 temp=1.00 total_env_steps=10359 t=0.07s
  [kl-lr] ep=705 kl=0.01175 lr_mult=10.000
Ep  705: R=    17.0 len= 17 avg_R=    11.3 loss=22.3337 temp=1.00 total_env_steps=10376 t=0.07s
  [kl-lr] ep=706 kl=0.00535 lr_mult=10.000
Ep  706: R=    10.0 len= 10 avg_R=    11.2 loss=25.1994 temp=1.00 total_env_steps=10386 t=0.08s
  [kl-lr] ep=707 kl=0.01294 lr_mult=10.000
Ep  707: R=     9.0 len=  9 avg_R=    11.2 loss=22.6269 temp=1.00 total_env_steps=10395 t=0.08s
  [kl-lr] ep=708 kl=0.00000 lr_mult=10.000
Ep  708: R=     8.0 len=  8 avg_R=    11.2 loss=21.1007 temp=1.00 total_env_steps=10403 t=0.07s
  [kl-lr] ep=709 kl=0.00619 lr_mult=10.000
Ep  709: R=    11.0 len= 11 avg_R=    11.2 loss=23.1525 temp=1.00 total_env_steps=10414 t=0.07s
  [kl-lr] ep=710 kl=0.00431 lr_mult=10.000
Ep  710: R=    13.0 len= 13 avg_R=    11.3 loss=21.1151 temp=1.00 total_env_steps=10427 t=0.07s
  [kl-lr] ep=711 kl=0.01173 lr_mult=10.000
Ep  711: R=    14.0 len= 14 avg_R=    11.3 loss=22.3121 temp=1.00 total_env_steps=10441 t=0.07s
  [kl-lr] ep=712 kl=0.03608 lr_mult=10.000
Ep  712: R=    13.0 len= 13 avg_R=    11.3 loss=23.0620 temp=1.00 total_env_steps=10454 t=0.07s
  [kl-lr] ep=713 kl=0.05283 lr_mult=6.667
Ep  713: R=    10.0 len= 10 avg_R=    11.3 loss=24.5223 temp=1.00 total_env_steps=10464 t=0.07s
  [kl-lr] ep=714 kl=0.03117 lr_mult=6.667
Ep  714: R=    25.0 len= 25 avg_R=    11.5 loss=20.8707 temp=1.00 total_env_steps=10489 t=0.07s
  [kl-lr] ep=715 kl=0.00000 lr_mult=10.000
Ep  715: R=    10.0 len= 10 avg_R=    11.5 loss=19.8755 temp=1.00 total_env_steps=10499 t=0.06s
  [kl-lr] ep=716 kl=0.02469 lr_mult=10.000
Ep  716: R=     9.0 len=  9 avg_R=    11.5 loss=25.5562 temp=1.00 total_env_steps=10508 t=0.07s
  [kl-lr] ep=717 kl=0.04635 lr_mult=6.667
Ep  717: R=    19.0 len= 19 avg_R=    11.6 loss=20.0621 temp=1.00 total_env_steps=10527 t=0.07s
  [kl-lr] ep=718 kl=0.01326 lr_mult=6.667
Ep  718: R=     8.0 len=  8 avg_R=    11.5 loss=26.5778 temp=1.00 total_env_steps=10535 t=0.07s
  [kl-lr] ep=719 kl=0.01626 lr_mult=6.667
Ep  719: R=     8.0 len=  8 avg_R=    11.5 loss=26.3917 temp=1.00 total_env_steps=10543 t=0.07s
  [kl-lr] ep=720 kl=0.03942 lr_mult=6.667
Ep  720: R=    15.0 len= 15 avg_R=    11.5 loss=24.2574 temp=1.00 total_env_steps=10558 t=0.07s
  [kl-lr] ep=721 kl=0.00117 lr_mult=10.000
Ep  721: R=    10.0 len= 10 avg_R=    11.5 loss=28.0607 temp=1.00 total_env_steps=10568 t=0.07s
  [kl-lr] ep=722 kl=0.01543 lr_mult=10.000
Ep  722: R=    10.0 len= 10 avg_R=    11.6 loss=16.6300 temp=1.00 total_env_steps=10578 t=0.07s
  [kl-lr] ep=723 kl=0.00186 lr_mult=10.000
Ep  723: R=     9.0 len=  9 avg_R=    11.5 loss=22.3155 temp=1.00 total_env_steps=10587 t=0.07s
  [kl-lr] ep=724 kl=0.00507 lr_mult=10.000
Ep  724: R=    12.0 len= 12 avg_R=    11.6 loss=18.2177 temp=1.00 total_env_steps=10599 t=0.07s
  [kl-lr] ep=725 kl=0.06626 lr_mult=6.667
Ep  725: R=    14.0 len= 14 avg_R=    11.6 loss=16.3499 temp=1.00 total_env_steps=10613 t=0.06s
  greedy eval 9.4 / 475（近20局 self-play 11.9，total_env_steps=10613）
  [kl-lr] ep=726 kl=0.04769 lr_mult=4.444
Ep  726: R=    12.0 len= 12 avg_R=    11.6 loss=21.1575 temp=1.00 total_env_steps=10625 t=0.08s
  [kl-lr] ep=727 kl=0.00373 lr_mult=6.667
Ep  727: R=    12.0 len= 12 avg_R=    11.6 loss=21.5248 temp=1.00 total_env_steps=10637 t=0.07s
  [kl-lr] ep=728 kl=0.00192 lr_mult=10.000
Ep  728: R=     9.0 len=  9 avg_R=    11.6 loss=23.6171 temp=1.00 total_env_steps=10646 t=0.07s
  [kl-lr] ep=729 kl=0.00519 lr_mult=10.000
Ep  729: R=    11.0 len= 11 avg_R=    11.6 loss=22.4632 temp=1.00 total_env_steps=10657 t=0.07s
  [kl-lr] ep=730 kl=0.01309 lr_mult=10.000
Ep  730: R=    10.0 len= 10 avg_R=    11.6 loss=23.6633 temp=1.00 total_env_steps=10667 t=0.07s
  [kl-lr] ep=731 kl=0.01462 lr_mult=10.000
Ep  731: R=    13.0 len= 13 avg_R=    11.6 loss=24.8830 temp=1.00 total_env_steps=10680 t=0.08s
  [kl-lr] ep=732 kl=0.00254 lr_mult=10.000
Ep  732: R=    14.0 len= 14 avg_R=    11.7 loss=20.8036 temp=1.00 total_env_steps=10694 t=0.07s
  [kl-lr] ep=733 kl=0.00003 lr_mult=10.000
Ep  733: R=     9.0 len=  9 avg_R=    11.6 loss=22.1244 temp=1.00 total_env_steps=10703 t=0.07s
  [kl-lr] ep=734 kl=0.00257 lr_mult=10.000
Ep  734: R=    13.0 len= 13 avg_R=    11.7 loss=24.7412 temp=1.00 total_env_steps=10716 t=0.06s
  [kl-lr] ep=735 kl=0.01530 lr_mult=10.000
Ep  735: R=    15.0 len= 15 avg_R=    11.7 loss=20.1886 temp=1.00 total_env_steps=10731 t=0.07s
  [kl-lr] ep=736 kl=0.00134 lr_mult=10.000
Ep  736: R=     9.0 len=  9 avg_R=    11.6 loss=30.3351 temp=1.00 total_env_steps=10740 t=0.07s
  [kl-lr] ep=737 kl=0.00057 lr_mult=10.000
Ep  737: R=     9.0 len=  9 avg_R=    11.6 loss=26.6574 temp=1.00 total_env_steps=10749 t=0.07s
  [kl-lr] ep=738 kl=0.02089 lr_mult=10.000
Ep  738: R=    15.0 len= 15 avg_R=    11.6 loss=18.5681 temp=1.00 total_env_steps=10764 t=0.08s
  [kl-lr] ep=739 kl=0.03381 lr_mult=10.000
Ep  739: R=    11.0 len= 11 avg_R=    11.6 loss=25.8807 temp=1.00 total_env_steps=10775 t=0.07s
  [kl-lr] ep=740 kl=0.02429 lr_mult=10.000
Ep  740: R=    11.0 len= 11 avg_R=    11.6 loss=18.3913 temp=1.00 total_env_steps=10786 t=0.07s
  [kl-lr] ep=741 kl=0.00741 lr_mult=10.000
Ep  741: R=    11.0 len= 11 avg_R=    11.6 loss=28.6371 temp=1.00 total_env_steps=10797 t=0.07s
  [kl-lr] ep=742 kl=0.00322 lr_mult=10.000
Ep  742: R=    12.0 len= 12 avg_R=    11.5 loss=26.7947 temp=1.00 total_env_steps=10809 t=0.07s
  [kl-lr] ep=743 kl=0.00390 lr_mult=10.000
Ep  743: R=    12.0 len= 12 avg_R=    11.5 loss=22.9141 temp=1.00 total_env_steps=10821 t=0.07s
  [kl-lr] ep=744 kl=0.00766 lr_mult=10.000
Ep  744: R=    11.0 len= 11 avg_R=    11.6 loss=21.0946 temp=1.00 total_env_steps=10832 t=0.07s
  [kl-lr] ep=745 kl=0.00218 lr_mult=10.000
Ep  745: R=    11.0 len= 11 avg_R=    11.6 loss=22.6992 temp=1.00 total_env_steps=10843 t=0.07s
  [kl-lr] ep=746 kl=0.00210 lr_mult=10.000
Ep  746: R=    12.0 len= 12 avg_R=    11.6 loss=20.0498 temp=1.00 total_env_steps=10855 t=0.07s
  [kl-lr] ep=747 kl=0.00129 lr_mult=10.000
Ep  747: R=     9.0 len=  9 avg_R=    11.6 loss=25.8792 temp=1.00 total_env_steps=10864 t=0.07s
  [kl-lr] ep=748 kl=0.00791 lr_mult=10.000
Ep  748: R=    14.0 len= 14 avg_R=    11.6 loss=18.2691 temp=1.00 total_env_steps=10878 t=0.06s
  [kl-lr] ep=749 kl=0.00216 lr_mult=10.000
Ep  749: R=    10.0 len= 10 avg_R=    11.6 loss=28.7920 temp=1.00 total_env_steps=10888 t=0.07s
  [kl-lr] ep=750 kl=0.00055 lr_mult=10.000
Ep  750: R=     8.0 len=  8 avg_R=    11.6 loss=22.0254 temp=1.00 total_env_steps=10896 t=0.07s
  greedy eval 9.4 / 475（近20局 self-play 11.4，total_env_steps=10896）
  [kl-lr] ep=751 kl=0.00494 lr_mult=10.000
Ep  751: R=    10.0 len= 10 avg_R=    11.6 loss=17.7599 temp=1.00 total_env_steps=10906 t=0.06s
  [kl-lr] ep=752 kl=0.00233 lr_mult=10.000
Ep  752: R=    10.0 len= 10 avg_R=    11.6 loss=26.2234 temp=1.00 total_env_steps=10916 t=0.07s
  [kl-lr] ep=753 kl=0.00173 lr_mult=10.000
Ep  753: R=     9.0 len=  9 avg_R=    11.6 loss=26.1242 temp=1.00 total_env_steps=10925 t=0.08s
  [kl-lr] ep=754 kl=0.00001 lr_mult=10.000
Ep  754: R=    10.0 len= 10 avg_R=    11.6 loss=23.3630 temp=1.00 total_env_steps=10935 t=0.07s
  [kl-lr] ep=755 kl=0.00558 lr_mult=10.000
Ep  755: R=     8.0 len=  8 avg_R=    11.5 loss=23.7547 temp=1.00 total_env_steps=10943 t=0.06s
  [kl-lr] ep=756 kl=0.03336 lr_mult=10.000
Ep  756: R=    16.0 len= 16 avg_R=    11.5 loss=23.1277 temp=1.00 total_env_steps=10959 t=0.08s
  [kl-lr] ep=757 kl=0.05848 lr_mult=6.667
Ep  757: R=     8.0 len=  8 avg_R=    11.5 loss=25.5789 temp=1.00 total_env_steps=10967 t=0.07s
  [kl-lr] ep=758 kl=0.06813 lr_mult=4.444
Ep  758: R=    12.0 len= 12 avg_R=    11.5 loss=22.9695 temp=1.00 total_env_steps=10979 t=0.07s
  [kl-lr] ep=759 kl=0.00097 lr_mult=6.667
Ep  759: R=     8.0 len=  8 avg_R=    11.5 loss=22.0030 temp=1.00 total_env_steps=10987 t=0.08s
  [kl-lr] ep=760 kl=0.01360 lr_mult=6.667
Ep  760: R=     8.0 len=  8 avg_R=    11.5 loss=21.0011 temp=1.00 total_env_steps=10995 t=0.07s
  [kl-lr] ep=761 kl=0.00008 lr_mult=10.000
Ep  761: R=     9.0 len=  9 avg_R=    11.5 loss=27.7714 temp=1.00 total_env_steps=11004 t=0.06s
  [kl-lr] ep=762 kl=0.00986 lr_mult=10.000
Ep  762: R=    11.0 len= 11 avg_R=    11.5 loss=19.2641 temp=1.00 total_env_steps=11015 t=0.07s
  [kl-lr] ep=763 kl=0.02583 lr_mult=10.000
Ep  763: R=     9.0 len=  9 avg_R=    11.5 loss=32.3379 temp=1.00 total_env_steps=11024 t=0.08s
  [kl-lr] ep=764 kl=0.07562 lr_mult=6.667
Ep  764: R=    13.0 len= 13 avg_R=    11.5 loss=22.5586 temp=1.00 total_env_steps=11037 t=0.07s
  [kl-lr] ep=765 kl=0.02434 lr_mult=6.667
Ep  765: R=    10.0 len= 10 avg_R=    11.4 loss=25.8980 temp=1.00 total_env_steps=11047 t=0.08s
  [kl-lr] ep=766 kl=0.00031 lr_mult=10.000
Ep  766: R=    10.0 len= 10 avg_R=    11.4 loss=25.2898 temp=1.00 total_env_steps=11057 t=0.07s
  [kl-lr] ep=767 kl=0.00290 lr_mult=10.000
Ep  767: R=    13.0 len= 13 avg_R=    11.5 loss=26.1327 temp=1.00 total_env_steps=11070 t=0.08s
  [kl-lr] ep=768 kl=0.00392 lr_mult=10.000
Ep  768: R=    14.0 len= 14 avg_R=    11.4 loss=22.6966 temp=1.00 total_env_steps=11084 t=0.06s
  [kl-lr] ep=769 kl=0.00024 lr_mult=10.000
Ep  769: R=    10.0 len= 10 avg_R=    11.4 loss=23.7937 temp=1.00 total_env_steps=11094 t=0.06s
  [kl-lr] ep=770 kl=0.02470 lr_mult=10.000
Ep  770: R=     9.0 len=  9 avg_R=    11.4 loss=19.2224 temp=1.00 total_env_steps=11103 t=0.06s
  [kl-lr] ep=771 kl=0.08761 lr_mult=6.667
Ep  771: R=    10.0 len= 10 avg_R=    11.4 loss=23.9332 temp=1.00 total_env_steps=11113 t=0.06s
  [kl-lr] ep=772 kl=0.02515 lr_mult=6.667
Ep  772: R=    29.0 len= 29 avg_R=    11.6 loss=27.2764 temp=1.00 total_env_steps=11142 t=0.08s
  [kl-lr] ep=773 kl=0.04120 lr_mult=4.444
Ep  773: R=    10.0 len= 10 avg_R=    11.6 loss=21.3524 temp=1.00 total_env_steps=11152 t=0.07s
  [kl-lr] ep=774 kl=0.02761 lr_mult=4.444
Ep  774: R=    10.0 len= 10 avg_R=    11.6 loss=19.2027 temp=1.00 total_env_steps=11162 t=0.06s
  [kl-lr] ep=775 kl=0.00878 lr_mult=6.667
Ep  775: R=    11.0 len= 11 avg_R=    11.6 loss=21.0141 temp=1.00 total_env_steps=11173 t=0.07s
  greedy eval 9.4 / 475（近20局 self-play 11.5，total_env_steps=11173）
  [kl-lr] ep=776 kl=0.01314 lr_mult=6.667
Ep  776: R=    10.0 len= 10 avg_R=    11.6 loss=25.5662 temp=1.00 total_env_steps=11183 t=0.07s
  [kl-lr] ep=777 kl=0.00252 lr_mult=10.000
Ep  777: R=     9.0 len=  9 avg_R=    11.6 loss=20.0847 temp=1.00 total_env_steps=11192 t=0.07s
  [kl-lr] ep=778 kl=0.00164 lr_mult=10.000
Ep  778: R=    11.0 len= 11 avg_R=    11.6 loss=26.5578 temp=1.00 total_env_steps=11203 t=0.07s
  [kl-lr] ep=779 kl=0.00442 lr_mult=10.000
Ep  779: R=    15.0 len= 15 avg_R=    11.7 loss=24.0642 temp=1.00 total_env_steps=11218 t=0.07s
  [kl-lr] ep=780 kl=0.00363 lr_mult=10.000
Ep  780: R=    10.0 len= 10 avg_R=    11.5 loss=26.8249 temp=1.00 total_env_steps=11228 t=0.08s
  [kl-lr] ep=781 kl=0.02814 lr_mult=10.000
Ep  781: R=     9.0 len=  9 avg_R=    11.5 loss=22.9608 temp=1.00 total_env_steps=11237 t=0.07s
  [kl-lr] ep=782 kl=0.01662 lr_mult=10.000
Ep  782: R=    11.0 len= 11 avg_R=    11.5 loss=18.0738 temp=1.00 total_env_steps=11248 t=0.07s
  [kl-lr] ep=783 kl=0.03173 lr_mult=10.000
Ep  783: R=    12.0 len= 12 avg_R=    11.5 loss=22.4862 temp=1.00 total_env_steps=11260 t=0.08s
  [kl-lr] ep=784 kl=0.09474 lr_mult=6.667
Ep  784: R=    22.0 len= 22 avg_R=    11.6 loss=18.2847 temp=1.00 total_env_steps=11282 t=0.08s
  [kl-lr] ep=785 kl=0.00714 lr_mult=10.000
Ep  785: R=    10.0 len= 10 avg_R=    11.6 loss=24.0330 temp=1.00 total_env_steps=11292 t=0.07s
  [kl-lr] ep=786 kl=0.03918 lr_mult=10.000
Ep  786: R=    10.0 len= 10 avg_R=    11.6 loss=25.4813 temp=1.00 total_env_steps=11302 t=0.07s
  [kl-lr] ep=787 kl=0.05019 lr_mult=6.667
Ep  787: R=    10.0 len= 10 avg_R=    11.6 loss=20.4651 temp=1.00 total_env_steps=11312 t=0.08s
  [kl-lr] ep=788 kl=0.00118 lr_mult=10.000
Ep  788: R=    14.0 len= 14 avg_R=    11.6 loss=21.8289 temp=1.00 total_env_steps=11326 t=0.07s
  [kl-lr] ep=789 kl=0.00483 lr_mult=10.000
Ep  789: R=    10.0 len= 10 avg_R=    11.6 loss=24.9285 temp=1.00 total_env_steps=11336 t=0.08s
  [kl-lr] ep=790 kl=0.00003 lr_mult=10.000
Ep  790: R=    13.0 len= 13 avg_R=    11.4 loss=24.6722 temp=1.00 total_env_steps=11349 t=0.07s
  [kl-lr] ep=791 kl=0.00016 lr_mult=10.000
Ep  791: R=    10.0 len= 10 avg_R=    11.4 loss=21.1529 temp=1.00 total_env_steps=11359 t=0.06s
  [kl-lr] ep=792 kl=0.01326 lr_mult=10.000
Ep  792: R=     9.0 len=  9 avg_R=    11.4 loss=20.1708 temp=1.00 total_env_steps=11368 t=0.07s
  [kl-lr] ep=793 kl=0.01979 lr_mult=10.000
Ep  793: R=    11.0 len= 11 avg_R=    11.4 loss=25.1739 temp=1.00 total_env_steps=11379 t=0.06s
  [kl-lr] ep=794 kl=0.00027 lr_mult=10.000
Ep  794: R=    13.0 len= 13 avg_R=    11.4 loss=21.8195 temp=1.00 total_env_steps=11392 t=0.07s
  [kl-lr] ep=795 kl=0.01458 lr_mult=10.000
Ep  795: R=    11.0 len= 11 avg_R=    11.5 loss=18.7101 temp=1.00 total_env_steps=11403 t=0.07s
  [kl-lr] ep=796 kl=0.00156 lr_mult=10.000
Ep  796: R=     9.0 len=  9 avg_R=    11.4 loss=21.8031 temp=1.00 total_env_steps=11412 t=0.07s
  [kl-lr] ep=797 kl=0.00099 lr_mult=10.000
Ep  797: R=     9.0 len=  9 avg_R=    11.4 loss=25.7521 temp=1.00 total_env_steps=11421 t=0.06s
  [kl-lr] ep=798 kl=0.01030 lr_mult=10.000
Ep  798: R=    11.0 len= 11 avg_R=    11.4 loss=19.5805 temp=1.00 total_env_steps=11432 t=0.07s
  [kl-lr] ep=799 kl=0.01349 lr_mult=10.000
Ep  799: R=     9.0 len=  9 avg_R=    11.4 loss=22.2280 temp=1.00 total_env_steps=11441 t=0.07s
  [kl-lr] ep=800 kl=0.00002 lr_mult=10.000
Ep  800: R=    10.0 len= 10 avg_R=    11.3 loss=19.3202 temp=1.00 total_env_steps=11451 t=0.07s
  greedy eval 9.4 / 475（近20局 self-play 11.1，total_env_steps=11451）
  [kl-lr] ep=801 kl=0.00176 lr_mult=10.000
Ep  801: R=    11.0 len= 11 avg_R=    11.3 loss=20.0014 temp=1.00 total_env_steps=11462 t=0.07s
  [kl-lr] ep=802 kl=0.00397 lr_mult=10.000
Ep  802: R=     9.0 len=  9 avg_R=    11.3 loss=21.1937 temp=1.00 total_env_steps=11471 t=0.07s
  [kl-lr] ep=803 kl=0.00116 lr_mult=10.000
Ep  803: R=    13.0 len= 13 avg_R=    11.4 loss=20.7650 temp=1.00 total_env_steps=11484 t=0.08s
  [kl-lr] ep=804 kl=0.01655 lr_mult=10.000
Ep  804: R=    11.0 len= 11 avg_R=    11.4 loss=22.5967 temp=1.00 total_env_steps=11495 t=0.07s
  [kl-lr] ep=805 kl=0.03204 lr_mult=10.000
Ep  805: R=    10.0 len= 10 avg_R=    11.3 loss=25.9182 temp=1.00 total_env_steps=11505 t=0.07s
  [kl-lr] ep=806 kl=0.01805 lr_mult=10.000
Ep  806: R=    10.0 len= 10 avg_R=    11.3 loss=23.2715 temp=1.00 total_env_steps=11515 t=0.07s
  [kl-lr] ep=807 kl=0.01066 lr_mult=10.000
Ep  807: R=     9.0 len=  9 avg_R=    11.3 loss=20.9384 temp=1.00 total_env_steps=11524 t=0.06s
  [kl-lr] ep=808 kl=0.00476 lr_mult=10.000
Ep  808: R=    10.0 len= 10 avg_R=    11.3 loss=20.8847 temp=1.00 total_env_steps=11534 t=0.08s
  [kl-lr] ep=809 kl=0.00002 lr_mult=10.000
Ep  809: R=    10.0 len= 10 avg_R=    11.3 loss=21.5717 temp=1.00 total_env_steps=11544 t=0.06s
  [kl-lr] ep=810 kl=0.00606 lr_mult=10.000
Ep  810: R=    10.0 len= 10 avg_R=    11.3 loss=21.1863 temp=1.00 total_env_steps=11554 t=0.07s
  [kl-lr] ep=811 kl=0.00034 lr_mult=10.000
Ep  811: R=     9.0 len=  9 avg_R=    11.2 loss=19.5142 temp=1.00 total_env_steps=11563 t=0.08s
  [kl-lr] ep=812 kl=0.00945 lr_mult=10.000
Ep  812: R=    10.0 len= 10 avg_R=    11.2 loss=22.2650 temp=1.00 total_env_steps=11573 t=0.07s
  [kl-lr] ep=813 kl=0.03674 lr_mult=10.000
Ep  813: R=     8.0 len=  8 avg_R=    11.2 loss=22.2259 temp=1.00 total_env_steps=11581 t=0.06s
  [kl-lr] ep=814 kl=0.02941 lr_mult=10.000
Ep  814: R=    10.0 len= 10 avg_R=    11.0 loss=20.6325 temp=1.00 total_env_steps=11591 t=0.07s
  [kl-lr] ep=815 kl=0.00290 lr_mult=10.000
Ep  815: R=    11.0 len= 11 avg_R=    11.0 loss=21.7263 temp=1.00 total_env_steps=11602 t=0.07s
  [kl-lr] ep=816 kl=0.00439 lr_mult=10.000
Ep  816: R=    10.0 len= 10 avg_R=    11.0 loss=20.6464 temp=1.00 total_env_steps=11612 t=0.08s
  [kl-lr] ep=817 kl=0.00505 lr_mult=10.000
Ep  817: R=     9.0 len=  9 avg_R=    10.9 loss=18.9876 temp=1.00 total_env_steps=11621 t=0.07s
  [kl-lr] ep=818 kl=0.00911 lr_mult=10.000
Ep  818: R=    15.0 len= 15 avg_R=    11.0 loss=25.3207 temp=1.00 total_env_steps=11636 t=0.06s
  [kl-lr] ep=819 kl=0.00636 lr_mult=10.000
Ep  819: R=    10.0 len= 10 avg_R=    11.0 loss=22.5946 temp=1.00 total_env_steps=11646 t=0.07s
  [kl-lr] ep=820 kl=0.00471 lr_mult=10.000
Ep  820: R=    12.0 len= 12 avg_R=    11.0 loss=18.9600 temp=1.00 total_env_steps=11658 t=0.07s
  [kl-lr] ep=821 kl=0.02450 lr_mult=10.000
Ep  821: R=     8.0 len=  8 avg_R=    11.0 loss=22.8775 temp=1.00 total_env_steps=11666 t=0.07s
  [kl-lr] ep=822 kl=0.02946 lr_mult=10.000
Ep  822: R=    12.0 len= 12 avg_R=    11.0 loss=24.6401 temp=1.00 total_env_steps=11678 t=0.08s
  [kl-lr] ep=823 kl=0.00751 lr_mult=10.000
Ep  823: R=    10.0 len= 10 avg_R=    11.0 loss=25.3465 temp=1.00 total_env_steps=11688 t=0.07s
  [kl-lr] ep=824 kl=0.00318 lr_mult=10.000
Ep  824: R=     9.0 len=  9 avg_R=    11.0 loss=22.0371 temp=1.00 total_env_steps=11697 t=0.07s
  [kl-lr] ep=825 kl=0.01790 lr_mult=10.000
Ep  825: R=    10.0 len= 10 avg_R=    10.9 loss=25.3479 temp=1.00 total_env_steps=11707 t=0.08s
  greedy eval 9.4 / 475（近20局 self-play 10.1，total_env_steps=11707）
  [kl-lr] ep=826 kl=0.00866 lr_mult=10.000
Ep  826: R=    11.0 len= 11 avg_R=    10.9 loss=25.3177 temp=1.00 total_env_steps=11718 t=0.08s
  [kl-lr] ep=827 kl=0.00091 lr_mult=10.000
Ep  827: R=    10.0 len= 10 avg_R=    10.9 loss=22.9608 temp=1.00 total_env_steps=11728 t=0.06s
  [kl-lr] ep=828 kl=0.00000 lr_mult=10.000
Ep  828: R=     8.0 len=  8 avg_R=    10.9 loss=18.7619 temp=1.00 total_env_steps=11736 t=0.06s
  [kl-lr] ep=829 kl=0.00010 lr_mult=10.000
Ep  829: R=     9.0 len=  9 avg_R=    10.9 loss=22.1364 temp=1.00 total_env_steps=11745 t=0.06s
  [kl-lr] ep=830 kl=0.00042 lr_mult=10.000
Ep  830: R=    10.0 len= 10 avg_R=    10.9 loss=26.0565 temp=1.00 total_env_steps=11755 t=0.08s
  [kl-lr] ep=831 kl=0.00663 lr_mult=10.000
Ep  831: R=     9.0 len=  9 avg_R=    10.8 loss=25.4150 temp=1.00 total_env_steps=11764 t=0.07s
  [kl-lr] ep=832 kl=0.02577 lr_mult=10.000
Ep  832: R=    12.0 len= 12 avg_R=    10.8 loss=22.5223 temp=1.00 total_env_steps=11776 t=0.07s
  [kl-lr] ep=833 kl=0.00645 lr_mult=10.000
Ep  833: R=    10.0 len= 10 avg_R=    10.8 loss=18.4858 temp=1.00 total_env_steps=11786 t=0.07s
  [kl-lr] ep=834 kl=0.00034 lr_mult=10.000
Ep  834: R=    10.0 len= 10 avg_R=    10.8 loss=21.0978 temp=1.00 total_env_steps=11796 t=0.06s
  [kl-lr] ep=835 kl=0.00377 lr_mult=10.000
Ep  835: R=    11.0 len= 11 avg_R=    10.8 loss=28.1496 temp=1.00 total_env_steps=11807 t=0.07s
  [kl-lr] ep=836 kl=0.00150 lr_mult=10.000
Ep  836: R=    15.0 len= 15 avg_R=    10.8 loss=17.0586 temp=1.00 total_env_steps=11822 t=0.07s
  [kl-lr] ep=837 kl=0.01992 lr_mult=10.000
Ep  837: R=    12.0 len= 12 avg_R=    10.9 loss=24.8986 temp=1.00 total_env_steps=11834 t=0.07s
  [kl-lr] ep=838 kl=0.00866 lr_mult=10.000
Ep  838: R=     9.0 len=  9 avg_R=    10.8 loss=25.7545 temp=1.00 total_env_steps=11843 t=0.07s
  [kl-lr] ep=839 kl=0.00440 lr_mult=10.000
Ep  839: R=    12.0 len= 12 avg_R=    10.8 loss=24.4683 temp=1.00 total_env_steps=11855 t=0.07s
  [kl-lr] ep=840 kl=0.01030 lr_mult=10.000
Ep  840: R=    11.0 len= 11 avg_R=    10.8 loss=26.9418 temp=1.00 total_env_steps=11866 t=0.06s
  [kl-lr] ep=841 kl=0.00014 lr_mult=10.000
Ep  841: R=    10.0 len= 10 avg_R=    10.8 loss=22.5668 temp=1.00 total_env_steps=11876 t=0.07s
  [kl-lr] ep=842 kl=0.00940 lr_mult=10.000
Ep  842: R=    10.0 len= 10 avg_R=    10.8 loss=21.1579 temp=1.00 total_env_steps=11886 t=0.07s
  [kl-lr] ep=843 kl=0.00400 lr_mult=10.000
Ep  843: R=     9.0 len=  9 avg_R=    10.7 loss=19.3509 temp=1.00 total_env_steps=11895 t=0.07s
  [kl-lr] ep=844 kl=0.00508 lr_mult=10.000
Ep  844: R=     9.0 len=  9 avg_R=    10.7 loss=20.3624 temp=1.00 total_env_steps=11904 t=0.08s
  [kl-lr] ep=845 kl=0.06171 lr_mult=6.667
Ep  845: R=    11.0 len= 11 avg_R=    10.7 loss=25.5859 temp=1.00 total_env_steps=11915 t=0.07s
  [kl-lr] ep=846 kl=0.06185 lr_mult=4.444
Ep  846: R=    23.0 len= 23 avg_R=    10.8 loss=21.6182 temp=1.00 total_env_steps=11938 t=0.07s
  [kl-lr] ep=847 kl=0.00045 lr_mult=6.667
Ep  847: R=    11.0 len= 11 avg_R=    10.9 loss=23.4260 temp=1.00 total_env_steps=11949 t=0.07s
  [kl-lr] ep=848 kl=0.00161 lr_mult=10.000
Ep  848: R=    10.0 len= 10 avg_R=    10.8 loss=23.2782 temp=1.00 total_env_steps=11959 t=0.07s
  [kl-lr] ep=849 kl=0.00053 lr_mult=10.000
Ep  849: R=    10.0 len= 10 avg_R=    10.8 loss=24.2302 temp=1.00 total_env_steps=11969 t=0.07s
  [kl-lr] ep=850 kl=0.00990 lr_mult=10.000
Ep  850: R=    10.0 len= 10 avg_R=    10.8 loss=17.7140 temp=1.00 total_env_steps=11979 t=0.07s
  greedy eval 9.4 / 475（近20局 self-play 11.2，total_env_steps=11979）
  [kl-lr] ep=851 kl=0.00439 lr_mult=10.000
Ep  851: R=    11.0 len= 11 avg_R=    10.8 loss=25.2094 temp=1.00 total_env_steps=11990 t=0.06s
  [kl-lr] ep=852 kl=0.00003 lr_mult=10.000
Ep  852: R=     9.0 len=  9 avg_R=    10.8 loss=24.6222 temp=1.00 total_env_steps=11999 t=0.07s
  [kl-lr] ep=853 kl=0.00267 lr_mult=10.000
Ep  853: R=    10.0 len= 10 avg_R=    10.8 loss=24.7348 temp=1.00 total_env_steps=12009 t=0.07s
  [kl-lr] ep=854 kl=0.00370 lr_mult=10.000
Ep  854: R=    10.0 len= 10 avg_R=    10.8 loss=18.4275 temp=1.00 total_env_steps=12019 t=0.07s
  [kl-lr] ep=855 kl=0.00000 lr_mult=10.000
Ep  855: R=    10.0 len= 10 avg_R=    10.9 loss=23.1190 temp=1.00 total_env_steps=12029 t=0.06s
  [kl-lr] ep=856 kl=0.02116 lr_mult=10.000
Ep  856: R=     9.0 len=  9 avg_R=    10.8 loss=22.5711 temp=1.00 total_env_steps=12038 t=0.07s
  [kl-lr] ep=857 kl=0.01589 lr_mult=10.000
Ep  857: R=    22.0 len= 22 avg_R=    10.9 loss=27.1703 temp=1.00 total_env_steps=12060 t=0.08s
  [kl-lr] ep=858 kl=0.01317 lr_mult=10.000
Ep  858: R=     9.0 len=  9 avg_R=    10.9 loss=30.5441 temp=1.00 total_env_steps=12069 t=0.07s
  [kl-lr] ep=859 kl=0.02721 lr_mult=10.000
Ep  859: R=    13.0 len= 13 avg_R=    10.9 loss=22.4477 temp=1.00 total_env_steps=12082 t=0.08s
  [kl-lr] ep=860 kl=0.00046 lr_mult=10.000
Ep  860: R=    11.0 len= 11 avg_R=    11.0 loss=20.8016 temp=1.00 total_env_steps=12093 t=0.06s
  [kl-lr] ep=861 kl=0.01429 lr_mult=10.000
Ep  861: R=     9.0 len=  9 avg_R=    11.0 loss=17.9423 temp=1.00 total_env_steps=12102 t=0.07s
  [kl-lr] ep=862 kl=0.00673 lr_mult=10.000
Ep  862: R=    13.0 len= 13 avg_R=    11.0 loss=24.2015 temp=1.00 total_env_steps=12115 t=0.07s
  [kl-lr] ep=863 kl=0.00611 lr_mult=10.000
Ep  863: R=    12.0 len= 12 avg_R=    11.0 loss=21.4352 temp=1.00 total_env_steps=12127 t=0.07s
  [kl-lr] ep=864 kl=0.00312 lr_mult=10.000
Ep  864: R=    10.0 len= 10 avg_R=    11.0 loss=17.9763 temp=1.00 total_env_steps=12137 t=0.07s
  [kl-lr] ep=865 kl=0.07720 lr_mult=6.667
Ep  865: R=    11.0 len= 11 avg_R=    11.0 loss=19.6348 temp=1.00 total_env_steps=12148 t=0.07s
  [kl-lr] ep=866 kl=0.02895 lr_mult=6.667
Ep  866: R=    10.0 len= 10 avg_R=    11.0 loss=20.4434 temp=1.00 total_env_steps=12158 t=0.08s
  [kl-lr] ep=867 kl=0.00064 lr_mult=10.000
Ep  867: R=     9.0 len=  9 avg_R=    11.0 loss=23.6412 temp=1.00 total_env_steps=12167 t=0.07s
  [kl-lr] ep=868 kl=0.00947 lr_mult=10.000
Ep  868: R=    13.0 len= 13 avg_R=    11.0 loss=24.4314 temp=1.00 total_env_steps=12180 t=0.07s
  [kl-lr] ep=869 kl=0.02076 lr_mult=10.000
Ep  869: R=    11.0 len= 11 avg_R=    11.0 loss=21.3093 temp=1.00 total_env_steps=12191 t=0.06s
  [kl-lr] ep=870 kl=0.01147 lr_mult=10.000
Ep  870: R=    11.0 len= 11 avg_R=    11.0 loss=19.3127 temp=1.00 total_env_steps=12202 t=0.07s
  [kl-lr] ep=871 kl=0.01392 lr_mult=10.000
Ep  871: R=    10.0 len= 10 avg_R=    11.0 loss=22.7718 temp=1.00 total_env_steps=12212 t=0.07s
  [kl-lr] ep=872 kl=0.00002 lr_mult=10.000
Ep  872: R=    10.0 len= 10 avg_R=    10.8 loss=25.7652 temp=1.00 total_env_steps=12222 t=0.06s
  [kl-lr] ep=873 kl=0.01719 lr_mult=10.000
Ep  873: R=    11.0 len= 11 avg_R=    10.8 loss=30.4730 temp=1.00 total_env_steps=12233 t=0.07s
  [kl-lr] ep=874 kl=0.01248 lr_mult=10.000
Ep  874: R=     9.0 len=  9 avg_R=    10.8 loss=18.9735 temp=1.00 total_env_steps=12242 t=0.07s
  [kl-lr] ep=875 kl=0.00591 lr_mult=10.000
Ep  875: R=    11.0 len= 11 avg_R=    10.8 loss=22.6284 temp=1.00 total_env_steps=12253 t=0.07s
  greedy eval 9.4 / 475（近20局 self-play 11.2，total_env_steps=12253）
  [kl-lr] ep=876 kl=0.00244 lr_mult=10.000
Ep  876: R=    10.0 len= 10 avg_R=    10.8 loss=27.1573 temp=1.00 total_env_steps=12263 t=0.06s
  [kl-lr] ep=877 kl=0.00398 lr_mult=10.000
Ep  877: R=    11.0 len= 11 avg_R=    10.8 loss=24.6156 temp=1.00 total_env_steps=12274 t=0.06s
  [kl-lr] ep=878 kl=0.04171 lr_mult=6.667
Ep  878: R=    12.0 len= 12 avg_R=    10.8 loss=26.3704 temp=1.00 total_env_steps=12286 t=0.07s
  [kl-lr] ep=879 kl=0.02211 lr_mult=6.667
Ep  879: R=    10.0 len= 10 avg_R=    10.8 loss=21.9485 temp=1.00 total_env_steps=12296 t=0.07s
  [kl-lr] ep=880 kl=0.03166 lr_mult=6.667
Ep  880: R=    12.0 len= 12 avg_R=    10.8 loss=22.5845 temp=1.00 total_env_steps=12308 t=0.07s
  [kl-lr] ep=881 kl=0.01968 lr_mult=6.667
Ep  881: R=    10.0 len= 10 avg_R=    10.8 loss=17.3740 temp=1.00 total_env_steps=12318 t=0.07s
  [kl-lr] ep=882 kl=0.00590 lr_mult=10.000
Ep  882: R=     9.0 len=  9 avg_R=    10.8 loss=22.2247 temp=1.00 total_env_steps=12327 t=0.06s
  [kl-lr] ep=883 kl=0.00807 lr_mult=10.000
Ep  883: R=    11.0 len= 11 avg_R=    10.8 loss=20.0511 temp=1.00 total_env_steps=12338 t=0.07s
  [kl-lr] ep=884 kl=0.02726 lr_mult=10.000
Ep  884: R=    11.0 len= 11 avg_R=    10.7 loss=28.0754 temp=1.00 total_env_steps=12349 t=0.07s
  [kl-lr] ep=885 kl=0.04373 lr_mult=6.667
Ep  885: R=    17.0 len= 17 avg_R=    10.7 loss=17.5545 temp=1.00 total_env_steps=12366 t=0.07s
  [kl-lr] ep=886 kl=0.00621 lr_mult=10.000
Ep  886: R=    11.0 len= 11 avg_R=    10.8 loss=21.5702 temp=1.00 total_env_steps=12377 t=0.08s
  [kl-lr] ep=887 kl=0.00012 lr_mult=10.000
Ep  887: R=    10.0 len= 10 avg_R=    10.8 loss=22.1173 temp=1.00 total_env_steps=12387 t=0.08s
  [kl-lr] ep=888 kl=0.00089 lr_mult=10.000
Ep  888: R=    12.0 len= 12 avg_R=    10.7 loss=24.5670 temp=1.00 total_env_steps=12399 t=0.08s
  [kl-lr] ep=889 kl=0.00001 lr_mult=10.000
Ep  889: R=     9.0 len=  9 avg_R=    10.7 loss=17.4006 temp=1.00 total_env_steps=12408 t=0.07s
  [kl-lr] ep=890 kl=0.00079 lr_mult=10.000
Ep  890: R=    10.0 len= 10 avg_R=    10.7 loss=21.9315 temp=1.00 total_env_steps=12418 t=0.07s
  [kl-lr] ep=891 kl=0.00455 lr_mult=10.000
Ep  891: R=    10.0 len= 10 avg_R=    10.7 loss=22.6093 temp=1.00 total_env_steps=12428 t=0.07s
  [kl-lr] ep=892 kl=0.01574 lr_mult=10.000
Ep  892: R=    10.0 len= 10 avg_R=    10.7 loss=27.5375 temp=1.00 total_env_steps=12438 t=0.07s
  [kl-lr] ep=893 kl=0.00749 lr_mult=10.000
Ep  893: R=    16.0 len= 16 avg_R=    10.8 loss=25.0304 temp=1.00 total_env_steps=12454 t=0.08s
  [kl-lr] ep=894 kl=0.00672 lr_mult=10.000
Ep  894: R=    10.0 len= 10 avg_R=    10.7 loss=23.2404 temp=1.00 total_env_steps=12464 t=0.06s
  [kl-lr] ep=895 kl=0.01807 lr_mult=10.000
Ep  895: R=     9.0 len=  9 avg_R=    10.7 loss=19.5171 temp=1.00 total_env_steps=12473 t=0.08s
  [kl-lr] ep=896 kl=0.00172 lr_mult=10.000
Ep  896: R=    12.0 len= 12 avg_R=    10.7 loss=19.8535 temp=1.00 total_env_steps=12485 t=0.07s
  [kl-lr] ep=897 kl=0.00016 lr_mult=10.000
Ep  897: R=    10.0 len= 10 avg_R=    10.7 loss=19.4005 temp=1.00 total_env_steps=12495 t=0.07s
  [kl-lr] ep=898 kl=0.00012 lr_mult=10.000
Ep  898: R=    11.0 len= 11 avg_R=    10.7 loss=26.4120 temp=1.00 total_env_steps=12506 t=0.07s
  [kl-lr] ep=899 kl=0.00001 lr_mult=10.000
Ep  899: R=    11.0 len= 11 avg_R=    10.8 loss=24.4467 temp=1.00 total_env_steps=12517 t=0.08s
  [kl-lr] ep=900 kl=0.00455 lr_mult=10.000
Ep  900: R=    10.0 len= 10 avg_R=    10.8 loss=23.9299 temp=1.00 total_env_steps=12527 t=0.07s
  greedy eval 9.4 / 475（近20局 self-play 10.9，total_env_steps=12527）
  [kl-lr] ep=901 kl=0.00490 lr_mult=10.000
Ep  901: R=    10.0 len= 10 avg_R=    10.8 loss=25.9078 temp=1.00 total_env_steps=12537 t=0.07s
  [kl-lr] ep=902 kl=0.02114 lr_mult=10.000
Ep  902: R=     9.0 len=  9 avg_R=    10.8 loss=24.6404 temp=1.00 total_env_steps=12546 t=0.07s
  [kl-lr] ep=903 kl=0.02676 lr_mult=10.000
Ep  903: R=    12.0 len= 12 avg_R=    10.7 loss=32.2187 temp=1.00 total_env_steps=12558 t=0.08s
  [kl-lr] ep=904 kl=0.00260 lr_mult=10.000
Ep  904: R=    10.0 len= 10 avg_R=    10.7 loss=25.7198 temp=1.00 total_env_steps=12568 t=0.08s
  [kl-lr] ep=905 kl=0.00277 lr_mult=10.000
Ep  905: R=     8.0 len=  8 avg_R=    10.7 loss=17.7239 temp=1.00 total_env_steps=12576 t=0.06s
  [kl-lr] ep=906 kl=0.06060 lr_mult=6.667
Ep  906: R=    10.0 len= 10 avg_R=    10.7 loss=25.6475 temp=1.00 total_env_steps=12586 t=0.08s
  [kl-lr] ep=907 kl=0.09158 lr_mult=4.444
Ep  907: R=    21.0 len= 21 avg_R=    10.8 loss=25.0606 temp=1.00 total_env_steps=12607 t=0.08s
  [kl-lr] ep=908 kl=0.00018 lr_mult=6.667
Ep  908: R=    10.0 len= 10 avg_R=    10.8 loss=23.6980 temp=1.00 total_env_steps=12617 t=0.06s
  [kl-lr] ep=909 kl=0.05915 lr_mult=4.444
Ep  909: R=     8.0 len=  8 avg_R=    10.8 loss=33.6490 temp=1.00 total_env_steps=12625 t=0.07s
  [kl-lr] ep=910 kl=0.06947 lr_mult=2.963
Ep  910: R=     9.0 len=  9 avg_R=    10.8 loss=22.0745 temp=1.00 total_env_steps=12634 t=0.06s
  [kl-lr] ep=911 kl=0.00021 lr_mult=4.444
Ep  911: R=     8.0 len=  8 avg_R=    10.8 loss=21.9429 temp=1.00 total_env_steps=12642 t=0.06s
  [kl-lr] ep=912 kl=0.02689 lr_mult=4.444
Ep  912: R=     9.0 len=  9 avg_R=    10.8 loss=21.5117 temp=1.00 total_env_steps=12651 t=0.08s
  [kl-lr] ep=913 kl=0.02343 lr_mult=4.444
Ep  913: R=    12.0 len= 12 avg_R=    10.8 loss=14.4683 temp=1.00 total_env_steps=12663 t=0.06s
  [kl-lr] ep=914 kl=0.00081 lr_mult=6.667
Ep  914: R=     9.0 len=  9 avg_R=    10.8 loss=22.5127 temp=1.00 total_env_steps=12672 t=0.07s
  [kl-lr] ep=915 kl=0.03073 lr_mult=6.667
Ep  915: R=    10.0 len= 10 avg_R=    10.8 loss=24.2002 temp=1.00 total_env_steps=12682 t=0.08s
  [kl-lr] ep=916 kl=0.00809 lr_mult=10.000
Ep  916: R=    13.0 len= 13 avg_R=    10.8 loss=24.5192 temp=1.00 total_env_steps=12695 t=0.07s
  [kl-lr] ep=917 kl=0.00121 lr_mult=10.000
Ep  917: R=    10.0 len= 10 avg_R=    10.8 loss=24.7528 temp=1.00 total_env_steps=12705 t=0.08s
  [kl-lr] ep=918 kl=0.00030 lr_mult=10.000
Ep  918: R=    10.0 len= 10 avg_R=    10.8 loss=22.8276 temp=1.00 total_env_steps=12715 t=0.07s
  [kl-lr] ep=919 kl=0.00092 lr_mult=10.000
Ep  919: R=    13.0 len= 13 avg_R=    10.8 loss=22.7520 temp=1.00 total_env_steps=12728 t=0.08s
  [kl-lr] ep=920 kl=0.03720 lr_mult=10.000
Ep  920: R=     9.0 len=  9 avg_R=    10.8 loss=22.1769 temp=1.00 total_env_steps=12737 t=0.07s
  [kl-lr] ep=921 kl=0.02314 lr_mult=10.000
Ep  921: R=    21.0 len= 21 avg_R=    10.9 loss=24.5532 temp=1.00 total_env_steps=12758 t=0.09s
  [kl-lr] ep=922 kl=0.01228 lr_mult=10.000
Ep  922: R=    10.0 len= 10 avg_R=    10.9 loss=19.4677 temp=1.00 total_env_steps=12768 t=0.06s
  [kl-lr] ep=923 kl=0.05565 lr_mult=6.667
Ep  923: R=     9.0 len=  9 avg_R=    10.9 loss=29.0577 temp=1.00 total_env_steps=12777 t=0.07s
  [kl-lr] ep=924 kl=0.03496 lr_mult=6.667
Ep  924: R=     9.0 len=  9 avg_R=    10.9 loss=22.3771 temp=1.00 total_env_steps=12786 t=0.07s
  [kl-lr] ep=925 kl=0.00262 lr_mult=10.000
Ep  925: R=     9.0 len=  9 avg_R=    10.9 loss=14.7258 temp=1.00 total_env_steps=12795 t=0.06s
  greedy eval 9.4 / 475（近20局 self-play 10.9，total_env_steps=12795）
  [kl-lr] ep=926 kl=0.00191 lr_mult=10.000
Ep  926: R=    13.0 len= 13 avg_R=    10.9 loss=25.4620 temp=1.00 total_env_steps=12808 t=0.07s
  [kl-lr] ep=927 kl=0.00533 lr_mult=10.000
Ep  927: R=    12.0 len= 12 avg_R=    10.9 loss=22.6165 temp=1.00 total_env_steps=12820 t=0.07s
  [kl-lr] ep=928 kl=0.00048 lr_mult=10.000
Ep  928: R=    11.0 len= 11 avg_R=    10.9 loss=21.0276 temp=1.00 total_env_steps=12831 t=0.07s
  [kl-lr] ep=929 kl=0.00672 lr_mult=10.000
Ep  929: R=    10.0 len= 10 avg_R=    11.0 loss=23.8529 temp=1.00 total_env_steps=12841 t=0.07s
  [kl-lr] ep=930 kl=0.01735 lr_mult=10.000
Ep  930: R=    10.0 len= 10 avg_R=    11.0 loss=19.9308 temp=1.00 total_env_steps=12851 t=0.07s
  [kl-lr] ep=931 kl=0.00233 lr_mult=10.000
Ep  931: R=     9.0 len=  9 avg_R=    11.0 loss=17.8656 temp=1.00 total_env_steps=12860 t=0.07s
  [kl-lr] ep=932 kl=0.00111 lr_mult=10.000
Ep  932: R=    16.0 len= 16 avg_R=    11.0 loss=18.3533 temp=1.00 total_env_steps=12876 t=0.07s
  [kl-lr] ep=933 kl=0.00001 lr_mult=10.000
Ep  933: R=    11.0 len= 11 avg_R=    11.0 loss=23.1008 temp=1.00 total_env_steps=12887 t=0.07s
  [kl-lr] ep=934 kl=0.01882 lr_mult=10.000
Ep  934: R=     9.0 len=  9 avg_R=    11.0 loss=25.3619 temp=1.00 total_env_steps=12896 t=0.07s
  [kl-lr] ep=935 kl=0.02177 lr_mult=10.000
Ep  935: R=    10.0 len= 10 avg_R=    11.0 loss=15.5215 temp=1.00 total_env_steps=12906 t=0.07s
  [kl-lr] ep=936 kl=0.00767 lr_mult=10.000
Ep  936: R=    11.0 len= 11 avg_R=    10.9 loss=23.5736 temp=1.00 total_env_steps=12917 t=0.07s
  [kl-lr] ep=937 kl=0.00000 lr_mult=10.000
Ep  937: R=    10.0 len= 10 avg_R=    10.9 loss=23.7953 temp=1.00 total_env_steps=12927 t=0.08s
  [kl-lr] ep=938 kl=0.00017 lr_mult=10.000
Ep  938: R=    10.0 len= 10 avg_R=    10.9 loss=18.9770 temp=1.00 total_env_steps=12937 t=0.07s
  [kl-lr] ep=939 kl=0.00445 lr_mult=10.000
Ep  939: R=    11.0 len= 11 avg_R=    10.9 loss=24.0797 temp=1.00 total_env_steps=12948 t=0.08s
  [kl-lr] ep=940 kl=0.00002 lr_mult=10.000
Ep  940: R=    16.0 len= 16 avg_R=    11.0 loss=17.7636 temp=1.00 total_env_steps=12964 t=0.07s
  [kl-lr] ep=941 kl=0.01870 lr_mult=10.000
Ep  941: R=     8.0 len=  8 avg_R=    11.0 loss=22.6738 temp=1.00 total_env_steps=12972 t=0.07s
  [kl-lr] ep=942 kl=0.01905 lr_mult=10.000
Ep  942: R=    10.0 len= 10 avg_R=    11.0 loss=20.9658 temp=1.00 total_env_steps=12982 t=0.07s
  [kl-lr] ep=943 kl=0.01995 lr_mult=10.000
Ep  943: R=    11.0 len= 11 avg_R=    11.0 loss=19.9393 temp=1.00 total_env_steps=12993 t=0.07s
  [kl-lr] ep=944 kl=0.02087 lr_mult=10.000
Ep  944: R=     9.0 len=  9 avg_R=    11.0 loss=21.1991 temp=1.00 total_env_steps=13002 t=0.06s
  [kl-lr] ep=945 kl=0.00230 lr_mult=10.000
Ep  945: R=    11.0 len= 11 avg_R=    11.0 loss=26.4835 temp=1.00 total_env_steps=13013 t=0.07s
  [kl-lr] ep=946 kl=0.00140 lr_mult=10.000
Ep  946: R=    11.0 len= 11 avg_R=    10.9 loss=26.2709 temp=1.00 total_env_steps=13024 t=0.08s
  [kl-lr] ep=947 kl=0.00836 lr_mult=10.000
Ep  947: R=    14.0 len= 14 avg_R=    10.9 loss=28.1899 temp=1.00 total_env_steps=13038 t=0.07s
  [kl-lr] ep=948 kl=0.01186 lr_mult=10.000
Ep  948: R=     9.0 len=  9 avg_R=    10.9 loss=25.4012 temp=1.00 total_env_steps=13047 t=0.08s
  [kl-lr] ep=949 kl=0.00542 lr_mult=10.000
Ep  949: R=     8.0 len=  8 avg_R=    10.9 loss=21.9546 temp=1.00 total_env_steps=13055 t=0.09s
  [kl-lr] ep=950 kl=0.00003 lr_mult=10.000
Ep  950: R=     8.0 len=  8 avg_R=    10.8 loss=23.1204 temp=1.00 total_env_steps=13063 t=0.07s
  greedy eval 9.4 / 475（近20局 self-play 10.6，total_env_steps=13063）
  [kl-lr] ep=951 kl=0.00253 lr_mult=10.000
Ep  951: R=     9.0 len=  9 avg_R=    10.8 loss=20.5503 temp=1.00 total_env_steps=13072 t=0.07s
  [kl-lr] ep=952 kl=0.00362 lr_mult=10.000
Ep  952: R=    10.0 len= 10 avg_R=    10.8 loss=24.0786 temp=1.00 total_env_steps=13082 t=0.07s
  [kl-lr] ep=953 kl=0.05762 lr_mult=6.667
Ep  953: R=     9.0 len=  9 avg_R=    10.8 loss=22.4948 temp=1.00 total_env_steps=13091 t=0.07s
  [kl-lr] ep=954 kl=0.03671 lr_mult=6.667
Ep  954: R=    12.0 len= 12 avg_R=    10.8 loss=22.4233 temp=1.00 total_env_steps=13103 t=0.06s
  [kl-lr] ep=955 kl=0.00531 lr_mult=10.000
Ep  955: R=    11.0 len= 11 avg_R=    10.9 loss=21.3447 temp=1.00 total_env_steps=13114 t=0.07s
  [kl-lr] ep=956 kl=0.00128 lr_mult=10.000
Ep  956: R=    11.0 len= 11 avg_R=    10.9 loss=24.0404 temp=1.00 total_env_steps=13125 t=0.07s
  [kl-lr] ep=957 kl=0.00002 lr_mult=10.000
Ep  957: R=    11.0 len= 11 avg_R=    10.8 loss=25.8330 temp=1.00 total_env_steps=13136 t=0.07s
  [kl-lr] ep=958 kl=0.02231 lr_mult=10.000
Ep  958: R=    11.0 len= 11 avg_R=    10.8 loss=26.6466 temp=1.00 total_env_steps=13147 t=0.07s
  [kl-lr] ep=959 kl=0.00701 lr_mult=10.000
Ep  959: R=    10.0 len= 10 avg_R=    10.8 loss=19.0241 temp=1.00 total_env_steps=13157 t=0.07s
  [kl-lr] ep=960 kl=0.00068 lr_mult=10.000
Ep  960: R=    10.0 len= 10 avg_R=    10.7 loss=21.6244 temp=1.00 total_env_steps=13167 t=0.07s
  [kl-lr] ep=961 kl=0.00037 lr_mult=10.000
Ep  961: R=     9.0 len=  9 avg_R=    10.7 loss=18.2009 temp=1.00 total_env_steps=13176 t=0.07s
  [kl-lr] ep=962 kl=0.00936 lr_mult=10.000
Ep  962: R=    11.0 len= 11 avg_R=    10.7 loss=20.7043 temp=1.00 total_env_steps=13187 t=0.08s
  [kl-lr] ep=963 kl=0.01305 lr_mult=10.000
Ep  963: R=    11.0 len= 11 avg_R=    10.7 loss=22.7680 temp=1.00 total_env_steps=13198 t=0.07s
  [kl-lr] ep=964 kl=0.00008 lr_mult=10.000
Ep  964: R=    10.0 len= 10 avg_R=    10.7 loss=22.8459 temp=1.00 total_env_steps=13208 t=0.07s
  [kl-lr] ep=965 kl=0.00601 lr_mult=10.000
Ep  965: R=     8.0 len=  8 avg_R=    10.7 loss=22.2718 temp=1.00 total_env_steps=13216 t=0.07s
  [kl-lr] ep=966 kl=0.01320 lr_mult=10.000
Ep  966: R=    10.0 len= 10 avg_R=    10.7 loss=19.8580 temp=1.00 total_env_steps=13226 t=0.07s
  [kl-lr] ep=967 kl=0.00607 lr_mult=10.000
Ep  967: R=     9.0 len=  9 avg_R=    10.7 loss=22.2850 temp=1.00 total_env_steps=13235 t=0.07s
  [kl-lr] ep=968 kl=0.00001 lr_mult=10.000
Ep  968: R=    10.0 len= 10 avg_R=    10.6 loss=22.5036 temp=1.00 total_env_steps=13245 t=0.07s
  [kl-lr] ep=969 kl=0.01627 lr_mult=10.000
Ep  969: R=     9.0 len=  9 avg_R=    10.6 loss=24.3419 temp=1.00 total_env_steps=13254 t=0.06s
  [kl-lr] ep=970 kl=0.06365 lr_mult=6.667
Ep  970: R=     8.0 len=  8 avg_R=    10.6 loss=22.0511 temp=1.00 total_env_steps=13262 t=0.07s
  [kl-lr] ep=971 kl=0.01925 lr_mult=6.667
Ep  971: R=    10.0 len= 10 avg_R=    10.6 loss=31.4881 temp=1.00 total_env_steps=13272 t=0.07s
  [kl-lr] ep=972 kl=0.00404 lr_mult=10.000
Ep  972: R=     9.0 len=  9 avg_R=    10.6 loss=21.7032 temp=1.00 total_env_steps=13281 t=0.08s
  [kl-lr] ep=973 kl=0.01746 lr_mult=10.000
Ep  973: R=     9.0 len=  9 avg_R=    10.6 loss=16.2509 temp=1.00 total_env_steps=13290 t=0.08s
  [kl-lr] ep=974 kl=0.00050 lr_mult=10.000
Ep  974: R=     9.0 len=  9 avg_R=    10.6 loss=21.3999 temp=1.00 total_env_steps=13299 t=0.09s
  [kl-lr] ep=975 kl=0.00499 lr_mult=10.000
Ep  975: R=    10.0 len= 10 avg_R=    10.6 loss=28.0653 temp=1.00 total_env_steps=13309 t=0.07s
  greedy eval 9.4 / 475（近20局 self-play 9.8，total_env_steps=13309）
  [kl-lr] ep=976 kl=0.00788 lr_mult=10.000
Ep  976: R=     9.0 len=  9 avg_R=    10.6 loss=22.2780 temp=1.00 total_env_steps=13318 t=0.07s
  [kl-lr] ep=977 kl=0.02255 lr_mult=10.000
Ep  977: R=    12.0 len= 12 avg_R=    10.6 loss=27.1741 temp=1.00 total_env_steps=13330 t=0.08s
  [kl-lr] ep=978 kl=0.02534 lr_mult=10.000
Ep  978: R=    12.0 len= 12 avg_R=    10.6 loss=22.6720 temp=1.00 total_env_steps=13342 t=0.08s
  [kl-lr] ep=979 kl=0.00026 lr_mult=10.000
Ep  979: R=     9.0 len=  9 avg_R=    10.6 loss=21.1452 temp=1.00 total_env_steps=13351 t=0.07s
  [kl-lr] ep=980 kl=0.00098 lr_mult=10.000
Ep  980: R=     8.0 len=  8 avg_R=    10.5 loss=18.6700 temp=1.00 total_env_steps=13359 t=0.08s
  [kl-lr] ep=981 kl=0.01189 lr_mult=10.000
Ep  981: R=    10.0 len= 10 avg_R=    10.5 loss=27.4775 temp=1.00 total_env_steps=13369 t=0.08s
  [kl-lr] ep=982 kl=0.00033 lr_mult=10.000
Ep  982: R=    10.0 len= 10 avg_R=    10.5 loss=26.3770 temp=1.00 total_env_steps=13379 t=0.07s
  [kl-lr] ep=983 kl=0.00000 lr_mult=10.000
Ep  983: R=    15.0 len= 15 avg_R=    10.6 loss=27.3192 temp=1.00 total_env_steps=13394 t=0.06s
  [kl-lr] ep=984 kl=0.00804 lr_mult=10.000
Ep  984: R=    10.0 len= 10 avg_R=    10.6 loss=25.7909 temp=1.00 total_env_steps=13404 t=0.07s
  [kl-lr] ep=985 kl=0.00403 lr_mult=10.000
Ep  985: R=    10.0 len= 10 avg_R=    10.5 loss=22.0102 temp=1.00 total_env_steps=13414 t=0.07s
  [kl-lr] ep=986 kl=0.00000 lr_mult=10.000
Ep  986: R=    10.0 len= 10 avg_R=    10.5 loss=20.5361 temp=1.00 total_env_steps=13424 t=0.07s
  [kl-lr] ep=987 kl=0.00142 lr_mult=10.000
Ep  987: R=    11.0 len= 11 avg_R=    10.5 loss=27.9510 temp=1.00 total_env_steps=13435 t=0.07s
  [kl-lr] ep=988 kl=0.00243 lr_mult=10.000
Ep  988: R=    10.0 len= 10 avg_R=    10.5 loss=25.9580 temp=1.00 total_env_steps=13445 t=0.08s
  [kl-lr] ep=989 kl=0.00326 lr_mult=10.000
Ep  989: R=    11.0 len= 11 avg_R=    10.5 loss=18.2078 temp=1.00 total_env_steps=13456 t=0.09s
  [kl-lr] ep=990 kl=0.00152 lr_mult=10.000
Ep  990: R=    10.0 len= 10 avg_R=    10.5 loss=17.7660 temp=1.00 total_env_steps=13466 t=0.08s
  [kl-lr] ep=991 kl=0.00505 lr_mult=10.000
Ep  991: R=     9.0 len=  9 avg_R=    10.5 loss=23.5119 temp=1.00 total_env_steps=13475 t=0.08s
  [kl-lr] ep=992 kl=0.00420 lr_mult=10.000
Ep  992: R=    12.0 len= 12 avg_R=    10.5 loss=21.9374 temp=1.00 total_env_steps=13487 t=0.06s
  [kl-lr] ep=993 kl=0.00001 lr_mult=10.000
Ep  993: R=     9.0 len=  9 avg_R=    10.4 loss=21.5177 temp=1.00 total_env_steps=13496 t=0.07s
  [kl-lr] ep=994 kl=0.00019 lr_mult=10.000
Ep  994: R=    10.0 len= 10 avg_R=    10.4 loss=25.8511 temp=1.00 total_env_steps=13506 t=0.07s
  [kl-lr] ep=995 kl=0.00247 lr_mult=10.000
Ep  995: R=     9.0 len=  9 avg_R=    10.4 loss=19.3661 temp=1.00 total_env_steps=13515 t=0.06s
  [kl-lr] ep=996 kl=0.00056 lr_mult=10.000
Ep  996: R=    10.0 len= 10 avg_R=    10.4 loss=27.8943 temp=1.00 total_env_steps=13525 t=0.08s
  [kl-lr] ep=997 kl=0.00055 lr_mult=10.000
Ep  997: R=    10.0 len= 10 avg_R=    10.4 loss=23.8936 temp=1.00 total_env_steps=13535 t=0.08s
  [kl-lr] ep=998 kl=0.00049 lr_mult=10.000
Ep  998: R=    10.0 len= 10 avg_R=    10.4 loss=18.6469 temp=1.00 total_env_steps=13545 t=0.08s
  [kl-lr] ep=999 kl=0.00233 lr_mult=10.000
Ep  999: R=    10.0 len= 10 avg_R=    10.4 loss=18.1931 temp=1.00 total_env_steps=13555 t=0.07s
  [kl-lr] ep=1000 kl=0.00649 lr_mult=10.000
Ep 1000: R=    13.0 len= 13 avg_R=    10.4 loss=19.4305 temp=1.00 total_env_steps=13568 t=0.07s
  greedy eval 9.4 / 475（近20局 self-play 10.4，total_env_steps=13568）
  [kl-lr] ep=1001 kl=0.01257 lr_mult=10.000
Ep 1001: R=    10.0 len= 10 avg_R=    10.4 loss=24.0656 temp=1.00 total_env_steps=13578 t=0.08s
  [kl-lr] ep=1002 kl=0.00187 lr_mult=10.000
Ep 1002: R=    11.0 len= 11 avg_R=    10.4 loss=27.8147 temp=1.00 total_env_steps=13589 t=0.08s
  [kl-lr] ep=1003 kl=0.00073 lr_mult=10.000
Ep 1003: R=    12.0 len= 12 avg_R=    10.4 loss=18.7819 temp=1.00 total_env_steps=13601 t=0.07s
  [kl-lr] ep=1004 kl=0.00011 lr_mult=10.000
Ep 1004: R=     9.0 len=  9 avg_R=    10.4 loss=22.1924 temp=1.00 total_env_steps=13610 t=0.07s
  [kl-lr] ep=1005 kl=0.00095 lr_mult=10.000
Ep 1005: R=    11.0 len= 11 avg_R=    10.4 loss=21.7175 temp=1.00 total_env_steps=13621 t=0.06s
  [kl-lr] ep=1006 kl=0.00434 lr_mult=10.000
Ep 1006: R=    12.0 len= 12 avg_R=    10.5 loss=23.0044 temp=1.00 total_env_steps=13633 t=0.08s
  [kl-lr] ep=1007 kl=0.00405 lr_mult=10.000
Ep 1007: R=     9.0 len=  9 avg_R=    10.4 loss=24.8025 temp=1.00 total_env_steps=13642 t=0.07s
  [kl-lr] ep=1008 kl=0.00111 lr_mult=10.000
Ep 1008: R=    10.0 len= 10 avg_R=    10.4 loss=20.2431 temp=0.99 total_env_steps=13652 t=0.07s
  [kl-lr] ep=1009 kl=0.00001 lr_mult=10.000
Ep 1009: R=     9.0 len=  9 avg_R=    10.4 loss=20.8808 temp=0.99 total_env_steps=13661 t=0.08s
  [kl-lr] ep=1010 kl=0.00385 lr_mult=10.000
Ep 1010: R=    10.0 len= 10 avg_R=    10.4 loss=25.0930 temp=0.99 total_env_steps=13671 t=0.06s
  [kl-lr] ep=1011 kl=0.02478 lr_mult=10.000
Ep 1011: R=    11.0 len= 11 avg_R=    10.4 loss=26.2772 temp=0.99 total_env_steps=13682 t=0.07s
  [kl-lr] ep=1012 kl=0.02139 lr_mult=10.000
Ep 1012: R=    10.0 len= 10 avg_R=    10.4 loss=24.8799 temp=0.99 total_env_steps=13692 t=0.07s
  [kl-lr] ep=1013 kl=0.00139 lr_mult=10.000
Ep 1013: R=    14.0 len= 14 avg_R=    10.4 loss=24.1169 temp=0.99 total_env_steps=13706 t=0.06s
  [kl-lr] ep=1014 kl=0.02781 lr_mult=10.000
Ep 1014: R=    13.0 len= 13 avg_R=    10.5 loss=16.8952 temp=0.99 total_env_steps=13719 t=0.07s
  [kl-lr] ep=1015 kl=0.05983 lr_mult=6.667
Ep 1015: R=     9.0 len=  9 avg_R=    10.5 loss=20.4915 temp=0.99 total_env_steps=13728 t=0.07s
  [kl-lr] ep=1016 kl=0.04533 lr_mult=4.444
Ep 1016: R=    11.0 len= 11 avg_R=    10.4 loss=19.6191 temp=0.99 total_env_steps=13739 t=0.08s
  [kl-lr] ep=1017 kl=0.00094 lr_mult=6.667
Ep 1017: R=    10.0 len= 10 avg_R=    10.4 loss=21.0110 temp=0.99 total_env_steps=13749 t=0.08s
  [kl-lr] ep=1018 kl=0.00799 lr_mult=10.000
Ep 1018: R=    12.0 len= 12 avg_R=    10.5 loss=19.2107 temp=0.99 total_env_steps=13761 t=0.08s
  [kl-lr] ep=1019 kl=0.00322 lr_mult=10.000
Ep 1019: R=    10.0 len= 10 avg_R=    10.4 loss=17.8460 temp=0.99 total_env_steps=13771 t=0.07s
  [kl-lr] ep=1020 kl=0.00346 lr_mult=10.000
Ep 1020: R=     9.0 len=  9 avg_R=    10.4 loss=24.3037 temp=0.99 total_env_steps=13780 t=0.07s
  [kl-lr] ep=1021 kl=0.03301 lr_mult=10.000
Ep 1021: R=    11.0 len= 11 avg_R=    10.3 loss=20.4562 temp=0.99 total_env_steps=13791 t=0.07s
  [kl-lr] ep=1022 kl=0.02240 lr_mult=10.000
Ep 1022: R=     9.0 len=  9 avg_R=    10.3 loss=19.1247 temp=0.98 total_env_steps=13800 t=0.06s
  [kl-lr] ep=1023 kl=0.00070 lr_mult=10.000
Ep 1023: R=    10.0 len= 10 avg_R=    10.3 loss=30.2605 temp=0.98 total_env_steps=13810 t=0.07s
  [kl-lr] ep=1024 kl=0.00011 lr_mult=10.000
Ep 1024: R=     9.0 len=  9 avg_R=    10.3 loss=23.6371 temp=0.98 total_env_steps=13819 t=0.07s
  [kl-lr] ep=1025 kl=0.00261 lr_mult=10.000
Ep 1025: R=     9.0 len=  9 avg_R=    10.3 loss=23.8373 temp=0.98 total_env_steps=13828 t=0.07s
  greedy eval 9.4 / 475（近20局 self-play 10.4，total_env_steps=13828）
  [kl-lr] ep=1026 kl=0.00614 lr_mult=10.000
Ep 1026: R=     8.0 len=  8 avg_R=    10.3 loss=23.7427 temp=0.98 total_env_steps=13836 t=0.07s
  [kl-lr] ep=1027 kl=0.01202 lr_mult=10.000
Ep 1027: R=     9.0 len=  9 avg_R=    10.2 loss=20.5648 temp=0.98 total_env_steps=13845 t=0.07s
  [kl-lr] ep=1028 kl=0.00787 lr_mult=10.000
Ep 1028: R=    10.0 len= 10 avg_R=    10.2 loss=17.5110 temp=0.98 total_env_steps=13855 t=0.07s
  [kl-lr] ep=1029 kl=0.00006 lr_mult=10.000
Ep 1029: R=    12.0 len= 12 avg_R=    10.3 loss=28.2036 temp=0.98 total_env_steps=13867 t=0.07s
  [kl-lr] ep=1030 kl=0.00636 lr_mult=10.000
Ep 1030: R=    10.0 len= 10 avg_R=    10.3 loss=22.6559 temp=0.98 total_env_steps=13877 t=0.08s
  [kl-lr] ep=1031 kl=0.01896 lr_mult=10.000
Ep 1031: R=    10.0 len= 10 avg_R=    10.3 loss=21.9683 temp=0.98 total_env_steps=13887 t=0.07s
  [kl-lr] ep=1032 kl=0.00030 lr_mult=10.000
Ep 1032: R=    12.0 len= 12 avg_R=    10.2 loss=27.0343 temp=0.98 total_env_steps=13899 t=0.09s
  [kl-lr] ep=1033 kl=0.00009 lr_mult=10.000
Ep 1033: R=     8.0 len=  8 avg_R=    10.2 loss=22.3517 temp=0.98 total_env_steps=13907 t=0.07s
  [kl-lr] ep=1034 kl=0.00169 lr_mult=10.000
Ep 1034: R=    10.0 len= 10 avg_R=    10.2 loss=19.3608 temp=0.98 total_env_steps=13917 t=0.07s
  [kl-lr] ep=1035 kl=0.02847 lr_mult=10.000
Ep 1035: R=     9.0 len=  9 avg_R=    10.2 loss=26.6464 temp=0.97 total_env_steps=13926 t=0.07s
  [kl-lr] ep=1036 kl=0.05038 lr_mult=6.667
Ep 1036: R=    14.0 len= 14 avg_R=    10.2 loss=23.0681 temp=0.97 total_env_steps=13940 t=0.06s
  [kl-lr] ep=1037 kl=0.00028 lr_mult=10.000
Ep 1037: R=    10.0 len= 10 avg_R=    10.2 loss=21.0397 temp=0.97 total_env_steps=13950 t=0.08s
  [kl-lr] ep=1038 kl=0.02011 lr_mult=10.000
Ep 1038: R=    10.0 len= 10 avg_R=    10.2 loss=21.3634 temp=0.97 total_env_steps=13960 t=0.06s
  [kl-lr] ep=1039 kl=0.03173 lr_mult=10.000
Ep 1039: R=     8.0 len=  8 avg_R=    10.2 loss=22.5199 temp=0.97 total_env_steps=13968 t=0.08s
  [kl-lr] ep=1040 kl=0.04255 lr_mult=6.667
Ep 1040: R=    11.0 len= 11 avg_R=    10.1 loss=25.3724 temp=0.97 total_env_steps=13979 t=0.08s
  [kl-lr] ep=1041 kl=0.00008 lr_mult=10.000
Ep 1041: R=    10.0 len= 10 avg_R=    10.2 loss=23.3546 temp=0.97 total_env_steps=13989 t=0.07s
  [kl-lr] ep=1042 kl=0.03780 lr_mult=10.000
Ep 1042: R=     9.0 len=  9 avg_R=    10.2 loss=23.0666 temp=0.97 total_env_steps=13998 t=0.07s
  [kl-lr] ep=1043 kl=0.01984 lr_mult=10.000
Ep 1043: R=     8.0 len=  8 avg_R=    10.1 loss=24.7371 temp=0.97 total_env_steps=14006 t=0.07s
  [kl-lr] ep=1044 kl=0.00073 lr_mult=10.000
Ep 1044: R=    12.0 len= 12 avg_R=    10.2 loss=22.0838 temp=0.97 total_env_steps=14018 t=0.07s
  [kl-lr] ep=1045 kl=0.01100 lr_mult=10.000
Ep 1045: R=    11.0 len= 11 avg_R=    10.2 loss=24.6348 temp=0.97 total_env_steps=14029 t=0.08s
  [kl-lr] ep=1046 kl=0.00347 lr_mult=10.000
Ep 1046: R=    11.0 len= 11 avg_R=    10.2 loss=24.9484 temp=0.97 total_env_steps=14040 t=0.07s
  [kl-lr] ep=1047 kl=0.00000 lr_mult=10.000
Ep 1047: R=    11.0 len= 11 avg_R=    10.1 loss=18.2279 temp=0.97 total_env_steps=14051 t=0.08s
  [kl-lr] ep=1048 kl=0.00626 lr_mult=10.000
Ep 1048: R=    10.0 len= 10 avg_R=    10.1 loss=23.8566 temp=0.96 total_env_steps=14061 t=0.07s
  [kl-lr] ep=1049 kl=0.00073 lr_mult=10.000
Ep 1049: R=    11.0 len= 11 avg_R=    10.2 loss=20.6765 temp=0.96 total_env_steps=14072 t=0.07s
  [kl-lr] ep=1050 kl=0.00029 lr_mult=10.000
Ep 1050: R=    10.0 len= 10 avg_R=    10.2 loss=23.3742 temp=0.96 total_env_steps=14082 t=0.07s
  greedy eval 9.4 / 475（近20局 self-play 10.2，total_env_steps=14082）
  [kl-lr] ep=1051 kl=0.01503 lr_mult=10.000
Ep 1051: R=     9.0 len=  9 avg_R=    10.2 loss=20.1610 temp=0.96 total_env_steps=14091 t=0.07s
  [kl-lr] ep=1052 kl=0.00814 lr_mult=10.000
Ep 1052: R=     8.0 len=  8 avg_R=    10.2 loss=19.6410 temp=0.96 total_env_steps=14099 t=0.08s
  [kl-lr] ep=1053 kl=0.00267 lr_mult=10.000
Ep 1053: R=     9.0 len=  9 avg_R=    10.2 loss=22.4876 temp=0.96 total_env_steps=14108 t=0.07s
  [kl-lr] ep=1054 kl=0.01091 lr_mult=10.000
Ep 1054: R=    11.0 len= 11 avg_R=    10.2 loss=22.4227 temp=0.96 total_env_steps=14119 t=0.08s
  [kl-lr] ep=1055 kl=0.01626 lr_mult=10.000
Ep 1055: R=     9.0 len=  9 avg_R=    10.1 loss=32.3284 temp=0.96 total_env_steps=14128 t=0.07s
  [kl-lr] ep=1056 kl=0.00114 lr_mult=10.000
Ep 1056: R=    11.0 len= 11 avg_R=    10.1 loss=27.0672 temp=0.96 total_env_steps=14139 t=0.09s
  [kl-lr] ep=1057 kl=0.00133 lr_mult=10.000
Ep 1057: R=    11.0 len= 11 avg_R=    10.1 loss=17.8750 temp=0.96 total_env_steps=14150 t=0.08s
  [kl-lr] ep=1058 kl=0.01192 lr_mult=10.000
Ep 1058: R=    10.0 len= 10 avg_R=    10.1 loss=22.7573 temp=0.96 total_env_steps=14160 t=0.07s
  [kl-lr] ep=1059 kl=0.00520 lr_mult=10.000
Ep 1059: R=    13.0 len= 13 avg_R=    10.2 loss=24.0182 temp=0.96 total_env_steps=14173 t=0.07s
  [kl-lr] ep=1060 kl=0.00257 lr_mult=10.000
Ep 1060: R=    12.0 len= 12 avg_R=    10.2 loss=19.9594 temp=0.96 total_env_steps=14185 t=0.07s
  [kl-lr] ep=1061 kl=0.00979 lr_mult=10.000
Ep 1061: R=    10.0 len= 10 avg_R=    10.2 loss=21.4420 temp=0.95 total_env_steps=14195 t=0.07s
  [kl-lr] ep=1062 kl=0.00276 lr_mult=10.000
Ep 1062: R=     9.0 len=  9 avg_R=    10.2 loss=22.0566 temp=0.95 total_env_steps=14204 t=0.07s
  [kl-lr] ep=1063 kl=0.00017 lr_mult=10.000
Ep 1063: R=     9.0 len=  9 avg_R=    10.1 loss=25.9901 temp=0.95 total_env_steps=14213 t=0.08s
  [kl-lr] ep=1064 kl=0.00090 lr_mult=10.000
Ep 1064: R=    10.0 len= 10 avg_R=    10.1 loss=23.0487 temp=0.95 total_env_steps=14223 t=0.07s
  [kl-lr] ep=1065 kl=0.00048 lr_mult=10.000
Ep 1065: R=    12.0 len= 12 avg_R=    10.2 loss=19.0126 temp=0.95 total_env_steps=14235 t=0.06s
  [kl-lr] ep=1066 kl=0.00149 lr_mult=10.000
Ep 1066: R=    11.0 len= 11 avg_R=    10.2 loss=29.3409 temp=0.95 total_env_steps=14246 t=0.07s
  [kl-lr] ep=1067 kl=0.00418 lr_mult=10.000
Ep 1067: R=    13.0 len= 13 avg_R=    10.2 loss=31.6026 temp=0.95 total_env_steps=14259 t=0.07s
  [kl-lr] ep=1068 kl=0.00460 lr_mult=10.000
Ep 1068: R=    16.0 len= 16 avg_R=    10.3 loss=21.4256 temp=0.95 total_env_steps=14275 t=0.07s
  [kl-lr] ep=1069 kl=0.00165 lr_mult=10.000
Ep 1069: R=    10.0 len= 10 avg_R=    10.3 loss=22.0321 temp=0.95 total_env_steps=14285 t=0.06s
  [kl-lr] ep=1070 kl=0.00412 lr_mult=10.000
Ep 1070: R=    11.0 len= 11 avg_R=    10.3 loss=23.4189 temp=0.95 total_env_steps=14296 t=0.07s
  [kl-lr] ep=1071 kl=0.00726 lr_mult=10.000
Ep 1071: R=    10.0 len= 10 avg_R=    10.3 loss=25.3236 temp=0.95 total_env_steps=14306 t=0.08s
  [kl-lr] ep=1072 kl=0.00140 lr_mult=10.000
Ep 1072: R=    16.0 len= 16 avg_R=    10.4 loss=24.2628 temp=0.95 total_env_steps=14322 t=0.08s
  [kl-lr] ep=1073 kl=0.00002 lr_mult=10.000
Ep 1073: R=    11.0 len= 11 avg_R=    10.4 loss=27.2033 temp=0.95 total_env_steps=14333 t=0.07s
  [kl-lr] ep=1074 kl=0.01060 lr_mult=10.000
Ep 1074: R=     9.0 len=  9 avg_R=    10.4 loss=24.2168 temp=0.95 total_env_steps=14342 t=0.07s
  [kl-lr] ep=1075 kl=0.01860 lr_mult=10.000
Ep 1075: R=    12.0 len= 12 avg_R=    10.4 loss=19.7774 temp=0.94 total_env_steps=14354 t=0.07s
  greedy eval 9.4 / 475（近20局 self-play 11.3，total_env_steps=14354）
  [kl-lr] ep=1076 kl=0.00517 lr_mult=10.000
Ep 1076: R=    11.0 len= 11 avg_R=    10.5 loss=27.4645 temp=0.94 total_env_steps=14365 t=0.07s
  [kl-lr] ep=1077 kl=0.00419 lr_mult=10.000
Ep 1077: R=    11.0 len= 11 avg_R=    10.5 loss=23.2893 temp=0.94 total_env_steps=14376 t=0.07s
  [kl-lr] ep=1078 kl=0.04077 lr_mult=6.667
Ep 1078: R=     8.0 len=  8 avg_R=    10.4 loss=27.5800 temp=0.94 total_env_steps=14384 t=0.07s
  [kl-lr] ep=1079 kl=0.05386 lr_mult=4.444
Ep 1079: R=    10.0 len= 10 avg_R=    10.4 loss=22.6784 temp=0.94 total_env_steps=14394 t=0.07s
  [kl-lr] ep=1080 kl=0.00969 lr_mult=6.667
Ep 1080: R=    11.0 len= 11 avg_R=    10.5 loss=22.7540 temp=0.94 total_env_steps=14405 t=0.08s
  [kl-lr] ep=1081 kl=0.00313 lr_mult=10.000
Ep 1081: R=    10.0 len= 10 avg_R=    10.5 loss=19.7438 temp=0.94 total_env_steps=14415 t=0.07s
  [kl-lr] ep=1082 kl=0.00108 lr_mult=10.000
Ep 1082: R=    10.0 len= 10 avg_R=    10.5 loss=22.4408 temp=0.94 total_env_steps=14425 t=0.07s
  [kl-lr] ep=1083 kl=0.00293 lr_mult=10.000
Ep 1083: R=    10.0 len= 10 avg_R=    10.4 loss=23.2793 temp=0.94 total_env_steps=14435 t=0.07s
  [kl-lr] ep=1084 kl=0.00132 lr_mult=10.000
Ep 1084: R=     9.0 len=  9 avg_R=    10.4 loss=23.6838 temp=0.94 total_env_steps=14444 t=0.07s
  [kl-lr] ep=1085 kl=0.00453 lr_mult=10.000
Ep 1085: R=     9.0 len=  9 avg_R=    10.4 loss=23.9225 temp=0.94 total_env_steps=14453 t=0.07s
  [kl-lr] ep=1086 kl=0.01047 lr_mult=10.000
Ep 1086: R=    10.0 len= 10 avg_R=    10.4 loss=21.0733 temp=0.94 total_env_steps=14463 t=0.07s
  [kl-lr] ep=1087 kl=0.00334 lr_mult=10.000
Ep 1087: R=    10.0 len= 10 avg_R=    10.4 loss=21.3553 temp=0.94 total_env_steps=14473 t=0.07s
  [kl-lr] ep=1088 kl=0.03182 lr_mult=10.000
Ep 1088: R=    10.0 len= 10 avg_R=    10.4 loss=19.5007 temp=0.93 total_env_steps=14483 t=0.06s
  [kl-lr] ep=1089 kl=0.08087 lr_mult=6.667
Ep 1089: R=    10.0 len= 10 avg_R=    10.4 loss=18.6668 temp=0.93 total_env_steps=14493 t=0.07s
  [kl-lr] ep=1090 kl=0.02820 lr_mult=6.667
Ep 1090: R=     9.0 len=  9 avg_R=    10.4 loss=20.5689 temp=0.93 total_env_steps=14502 t=0.08s
  [kl-lr] ep=1091 kl=0.00792 lr_mult=10.000
Ep 1091: R=    10.0 len= 10 avg_R=    10.4 loss=20.4602 temp=0.93 total_env_steps=14512 t=0.07s
  [kl-lr] ep=1092 kl=0.00801 lr_mult=10.000
Ep 1092: R=    10.0 len= 10 avg_R=    10.4 loss=21.9815 temp=0.93 total_env_steps=14522 t=0.08s
  [kl-lr] ep=1093 kl=0.00080 lr_mult=10.000
Ep 1093: R=    12.0 len= 12 avg_R=    10.4 loss=21.4625 temp=0.93 total_env_steps=14534 t=0.08s
  [kl-lr] ep=1094 kl=0.00357 lr_mult=10.000
Ep 1094: R=     8.0 len=  8 avg_R=    10.4 loss=26.4343 temp=0.93 total_env_steps=14542 t=0.07s
  [kl-lr] ep=1095 kl=0.01791 lr_mult=10.000
Ep 1095: R=    11.0 len= 11 avg_R=    10.4 loss=18.2842 temp=0.93 total_env_steps=14553 t=0.07s
  [kl-lr] ep=1096 kl=0.00628 lr_mult=10.000
Ep 1096: R=     9.0 len=  9 avg_R=    10.4 loss=25.8408 temp=0.93 total_env_steps=14562 t=0.07s
  [kl-lr] ep=1097 kl=0.00003 lr_mult=10.000
Ep 1097: R=    10.0 len= 10 avg_R=    10.4 loss=20.5480 temp=0.93 total_env_steps=14572 t=0.06s
  [kl-lr] ep=1098 kl=0.00145 lr_mult=10.000
Ep 1098: R=     9.0 len=  9 avg_R=    10.4 loss=24.2925 temp=0.93 total_env_steps=14581 t=0.08s
  [kl-lr] ep=1099 kl=0.00005 lr_mult=10.000
Ep 1099: R=     8.0 len=  8 avg_R=    10.3 loss=20.1613 temp=0.93 total_env_steps=14589 t=0.07s
  [kl-lr] ep=1100 kl=0.00251 lr_mult=10.000
Ep 1100: R=    15.0 len= 15 avg_R=    10.4 loss=25.3483 temp=0.93 total_env_steps=14604 t=0.07s
  greedy eval 9.4 / 475（近20局 self-play 9.9，total_env_steps=14604）
  [kl-lr] ep=1101 kl=0.00140 lr_mult=10.000
Ep 1101: R=     9.0 len=  9 avg_R=    10.4 loss=20.7158 temp=0.93 total_env_steps=14613 t=0.08s
  [kl-lr] ep=1102 kl=0.00203 lr_mult=10.000
Ep 1102: R=     8.0 len=  8 avg_R=    10.3 loss=18.9460 temp=0.92 total_env_steps=14621 t=0.09s
  [kl-lr] ep=1103 kl=0.00193 lr_mult=10.000
Ep 1103: R=    12.0 len= 12 avg_R=    10.3 loss=16.8142 temp=0.92 total_env_steps=14633 t=0.06s
  [kl-lr] ep=1104 kl=0.01907 lr_mult=10.000
Ep 1104: R=    11.0 len= 11 avg_R=    10.3 loss=20.4529 temp=0.92 total_env_steps=14644 t=0.08s
  [kl-lr] ep=1105 kl=0.00001 lr_mult=10.000
Ep 1105: R=     8.0 len=  8 avg_R=    10.3 loss=24.8054 temp=0.92 total_env_steps=14652 t=0.07s
  [kl-lr] ep=1106 kl=0.05953 lr_mult=6.667
Ep 1106: R=    10.0 len= 10 avg_R=    10.3 loss=22.2156 temp=0.92 total_env_steps=14662 t=0.07s
  [kl-lr] ep=1107 kl=0.05062 lr_mult=4.444
Ep 1107: R=    10.0 len= 10 avg_R=    10.3 loss=24.7069 temp=0.92 total_env_steps=14672 t=0.08s
  [kl-lr] ep=1108 kl=0.01358 lr_mult=4.444
Ep 1108: R=    10.0 len= 10 avg_R=    10.3 loss=19.2365 temp=0.92 total_env_steps=14682 t=0.06s
  [kl-lr] ep=1109 kl=0.03294 lr_mult=4.444
Ep 1109: R=    14.0 len= 14 avg_R=    10.4 loss=21.2109 temp=0.92 total_env_steps=14696 t=0.07s
  [kl-lr] ep=1110 kl=0.00044 lr_mult=6.667
Ep 1110: R=     9.0 len=  9 avg_R=    10.3 loss=19.8720 temp=0.92 total_env_steps=14705 t=0.07s
  [kl-lr] ep=1111 kl=0.00025 lr_mult=10.000
Ep 1111: R=    10.0 len= 10 avg_R=    10.3 loss=19.9584 temp=0.92 total_env_steps=14715 t=0.07s
  [kl-lr] ep=1112 kl=0.00213 lr_mult=10.000
Ep 1112: R=    10.0 len= 10 avg_R=    10.3 loss=20.9622 temp=0.92 total_env_steps=14725 t=0.07s
  [kl-lr] ep=1113 kl=0.00033 lr_mult=10.000
Ep 1113: R=     8.0 len=  8 avg_R=    10.3 loss=19.6410 temp=0.92 total_env_steps=14733 t=0.08s
  [kl-lr] ep=1114 kl=0.00715 lr_mult=10.000
Ep 1114: R=     9.0 len=  9 avg_R=    10.2 loss=21.0037 temp=0.92 total_env_steps=14742 t=0.07s
  [kl-lr] ep=1115 kl=0.00233 lr_mult=10.000
Ep 1115: R=     9.0 len=  9 avg_R=    10.2 loss=14.8843 temp=0.91 total_env_steps=14751 t=0.08s
  [kl-lr] ep=1116 kl=0.00070 lr_mult=10.000
Ep 1116: R=     8.0 len=  8 avg_R=    10.2 loss=19.7009 temp=0.91 total_env_steps=14759 t=0.07s
  [kl-lr] ep=1117 kl=0.00399 lr_mult=10.000
Ep 1117: R=     9.0 len=  9 avg_R=    10.2 loss=19.7515 temp=0.91 total_env_steps=14768 t=0.07s
  [kl-lr] ep=1118 kl=0.00321 lr_mult=10.000
Ep 1118: R=    11.0 len= 11 avg_R=    10.2 loss=18.2589 temp=0.91 total_env_steps=14779 t=0.08s
  [kl-lr] ep=1119 kl=0.02310 lr_mult=10.000
Ep 1119: R=    11.0 len= 11 avg_R=    10.2 loss=22.4373 temp=0.91 total_env_steps=14790 t=0.07s
  [kl-lr] ep=1120 kl=0.01679 lr_mult=10.000
Ep 1120: R=    11.0 len= 11 avg_R=    10.2 loss=20.9615 temp=0.91 total_env_steps=14801 t=0.06s
  [kl-lr] ep=1121 kl=0.01722 lr_mult=10.000
Ep 1121: R=    10.0 len= 10 avg_R=    10.2 loss=22.3017 temp=0.91 total_env_steps=14811 t=0.07s
  [kl-lr] ep=1122 kl=0.01002 lr_mult=10.000
Ep 1122: R=    10.0 len= 10 avg_R=    10.2 loss=18.4639 temp=0.91 total_env_steps=14821 t=0.08s
  [kl-lr] ep=1123 kl=0.00113 lr_mult=10.000
Ep 1123: R=    10.0 len= 10 avg_R=    10.2 loss=23.3413 temp=0.91 total_env_steps=14831 t=0.08s
  [kl-lr] ep=1124 kl=0.01604 lr_mult=10.000
Ep 1124: R=     8.0 len=  8 avg_R=    10.2 loss=21.1137 temp=0.91 total_env_steps=14839 t=0.08s
  [kl-lr] ep=1125 kl=0.01589 lr_mult=10.000
Ep 1125: R=    11.0 len= 11 avg_R=    10.2 loss=18.5461 temp=0.91 total_env_steps=14850 t=0.09s
  greedy eval 9.4 / 475（近20局 self-play 9.9，total_env_steps=14850）
  [kl-lr] ep=1126 kl=0.00737 lr_mult=10.000
Ep 1126: R=    12.0 len= 12 avg_R=    10.3 loss=25.9651 temp=0.91 total_env_steps=14862 t=0.08s
  [kl-lr] ep=1127 kl=0.00021 lr_mult=10.000
Ep 1127: R=     9.0 len=  9 avg_R=    10.3 loss=25.2017 temp=0.91 total_env_steps=14871 t=0.07s
  [kl-lr] ep=1128 kl=0.01661 lr_mult=10.000
Ep 1128: R=     9.0 len=  9 avg_R=    10.2 loss=20.5495 temp=0.90 total_env_steps=14880 t=0.07s
  [kl-lr] ep=1129 kl=0.00113 lr_mult=10.000
Ep 1129: R=    14.0 len= 14 avg_R=    10.3 loss=16.2141 temp=0.90 total_env_steps=14894 t=0.07s
  [kl-lr] ep=1130 kl=0.00553 lr_mult=10.000
Ep 1130: R=    10.0 len= 10 avg_R=    10.3 loss=20.6905 temp=0.90 total_env_steps=14904 t=0.08s
  [kl-lr] ep=1131 kl=0.00143 lr_mult=10.000
Ep 1131: R=    10.0 len= 10 avg_R=    10.3 loss=21.9883 temp=0.90 total_env_steps=14914 t=0.08s
  [kl-lr] ep=1132 kl=0.01028 lr_mult=10.000
Ep 1132: R=     9.0 len=  9 avg_R=    10.2 loss=24.6458 temp=0.90 total_env_steps=14923 t=0.07s
  [kl-lr] ep=1133 kl=0.03481 lr_mult=10.000
Ep 1133: R=     9.0 len=  9 avg_R=    10.2 loss=23.2810 temp=0.90 total_env_steps=14932 t=0.07s
  [kl-lr] ep=1134 kl=0.02096 lr_mult=10.000
Ep 1134: R=    10.0 len= 10 avg_R=    10.2 loss=23.1861 temp=0.90 total_env_steps=14942 t=0.07s
  [kl-lr] ep=1135 kl=0.00221 lr_mult=10.000
Ep 1135: R=     8.0 len=  8 avg_R=    10.2 loss=21.7499 temp=0.90 total_env_steps=14950 t=0.06s
  [kl-lr] ep=1136 kl=0.00068 lr_mult=10.000
Ep 1136: R=     9.0 len=  9 avg_R=    10.2 loss=22.8027 temp=0.90 total_env_steps=14959 t=0.08s
  [kl-lr] ep=1137 kl=0.00010 lr_mult=10.000
Ep 1137: R=    10.0 len= 10 avg_R=    10.2 loss=19.5646 temp=0.90 total_env_steps=14969 t=0.07s
  [kl-lr] ep=1138 kl=0.00598 lr_mult=10.000
Ep 1138: R=     9.0 len=  9 avg_R=    10.2 loss=18.8714 temp=0.90 total_env_steps=14978 t=0.07s
  [kl-lr] ep=1139 kl=0.01894 lr_mult=10.000
Ep 1139: R=     9.0 len=  9 avg_R=    10.2 loss=20.1238 temp=0.90 total_env_steps=14987 t=0.07s
  [kl-lr] ep=1140 kl=0.00025 lr_mult=10.000
Ep 1140: R=    10.0 len= 10 avg_R=    10.2 loss=21.3926 temp=0.90 total_env_steps=14997 t=0.08s
  [kl-lr] ep=1141 kl=0.03547 lr_mult=10.000
Ep 1141: R=    10.0 len= 10 avg_R=    10.2 loss=19.4311 temp=0.89 total_env_steps=15007 t=0.07s
  [kl-lr] ep=1142 kl=0.00711 lr_mult=10.000
Ep 1142: R=     8.0 len=  8 avg_R=    10.2 loss=17.2253 temp=0.89 total_env_steps=15015 t=0.07s
  [kl-lr] ep=1143 kl=0.00169 lr_mult=10.000
Ep 1143: R=    10.0 len= 10 avg_R=    10.2 loss=18.7884 temp=0.89 total_env_steps=15025 t=0.07s
  [kl-lr] ep=1144 kl=0.00548 lr_mult=10.000
Ep 1144: R=    10.0 len= 10 avg_R=    10.2 loss=24.3863 temp=0.89 total_env_steps=15035 t=0.07s
  [kl-lr] ep=1145 kl=0.02278 lr_mult=10.000
Ep 1145: R=     8.0 len=  8 avg_R=    10.1 loss=25.2688 temp=0.89 total_env_steps=15043 t=0.07s
  [kl-lr] ep=1146 kl=0.02724 lr_mult=10.000
Ep 1146: R=    11.0 len= 11 avg_R=    10.1 loss=19.6502 temp=0.89 total_env_steps=15054 t=0.07s
  [kl-lr] ep=1147 kl=0.01425 lr_mult=10.000
Ep 1147: R=     9.0 len=  9 avg_R=    10.1 loss=22.1316 temp=0.89 total_env_steps=15063 t=0.06s
  [kl-lr] ep=1148 kl=0.00242 lr_mult=10.000
Ep 1148: R=     8.0 len=  8 avg_R=    10.1 loss=21.1396 temp=0.89 total_env_steps=15071 t=0.08s
  [kl-lr] ep=1149 kl=0.00121 lr_mult=10.000
Ep 1149: R=     9.0 len=  9 avg_R=    10.1 loss=26.8708 temp=0.89 total_env_steps=15080 t=0.07s
  [kl-lr] ep=1150 kl=0.00386 lr_mult=10.000
Ep 1150: R=     9.0 len=  9 avg_R=    10.1 loss=20.4132 temp=0.89 total_env_steps=15089 t=0.07s
  greedy eval 9.4 / 475（近20局 self-play 9.2，total_env_steps=15089）
  [kl-lr] ep=1151 kl=0.00106 lr_mult=10.000
Ep 1151: R=    11.0 len= 11 avg_R=    10.1 loss=19.0769 temp=0.89 total_env_steps=15100 t=0.07s
  [kl-lr] ep=1152 kl=0.00631 lr_mult=10.000
Ep 1152: R=     9.0 len=  9 avg_R=    10.1 loss=22.2632 temp=0.89 total_env_steps=15109 t=0.07s
  [kl-lr] ep=1153 kl=0.01900 lr_mult=10.000
Ep 1153: R=     8.0 len=  8 avg_R=    10.1 loss=20.9118 temp=0.89 total_env_steps=15117 t=0.07s
  [kl-lr] ep=1154 kl=0.01014 lr_mult=10.000
Ep 1154: R=     9.0 len=  9 avg_R=    10.1 loss=19.3221 temp=0.89 total_env_steps=15126 t=0.07s
  [kl-lr] ep=1155 kl=0.00518 lr_mult=10.000
Ep 1155: R=     9.0 len=  9 avg_R=    10.1 loss=20.6415 temp=0.88 total_env_steps=15135 t=0.07s
  [kl-lr] ep=1156 kl=0.01741 lr_mult=10.000
Ep 1156: R=     9.0 len=  9 avg_R=    10.1 loss=20.3306 temp=0.88 total_env_steps=15144 t=0.07s
  [kl-lr] ep=1157 kl=0.00800 lr_mult=10.000
Ep 1157: R=     9.0 len=  9 avg_R=    10.0 loss=21.0392 temp=0.88 total_env_steps=15153 t=0.08s
  [kl-lr] ep=1158 kl=0.00175 lr_mult=10.000
Ep 1158: R=     9.0 len=  9 avg_R=    10.0 loss=21.5443 temp=0.88 total_env_steps=15162 t=0.07s
  [kl-lr] ep=1159 kl=0.00122 lr_mult=10.000
Ep 1159: R=    10.0 len= 10 avg_R=    10.0 loss=18.3761 temp=0.88 total_env_steps=15172 t=0.08s
  [kl-lr] ep=1160 kl=0.00012 lr_mult=10.000
Ep 1160: R=     9.0 len=  9 avg_R=    10.0 loss=19.9008 temp=0.88 total_env_steps=15181 t=0.08s
  [kl-lr] ep=1161 kl=0.00004 lr_mult=10.000
Ep 1161: R=     9.0 len=  9 avg_R=     9.9 loss=21.4971 temp=0.88 total_env_steps=15190 t=0.08s
  [kl-lr] ep=1162 kl=0.00020 lr_mult=10.000
Ep 1162: R=    11.0 len= 11 avg_R=    10.0 loss=20.4275 temp=0.88 total_env_steps=15201 t=0.07s
  [kl-lr] ep=1163 kl=0.00332 lr_mult=10.000
Ep 1163: R=     9.0 len=  9 avg_R=    10.0 loss=18.2791 temp=0.88 total_env_steps=15210 t=0.06s
  [kl-lr] ep=1164 kl=0.03111 lr_mult=10.000
Ep 1164: R=    10.0 len= 10 avg_R=    10.0 loss=22.3769 temp=0.88 total_env_steps=15220 t=0.09s
  [kl-lr] ep=1165 kl=0.02879 lr_mult=10.000
Ep 1165: R=     9.0 len=  9 avg_R=     9.9 loss=27.3238 temp=0.88 total_env_steps=15229 t=0.07s
  [kl-lr] ep=1166 kl=0.01162 lr_mult=10.000
Ep 1166: R=    10.0 len= 10 avg_R=     9.9 loss=21.2634 temp=0.88 total_env_steps=15239 t=0.07s
  [kl-lr] ep=1167 kl=0.00146 lr_mult=10.000
Ep 1167: R=    11.0 len= 11 avg_R=     9.9 loss=20.1891 temp=0.88 total_env_steps=15250 t=0.08s
  [kl-lr] ep=1168 kl=0.00852 lr_mult=10.000
Ep 1168: R=    11.0 len= 11 avg_R=     9.9 loss=24.7345 temp=0.87 total_env_steps=15261 t=0.08s
  [kl-lr] ep=1169 kl=0.02534 lr_mult=10.000
Ep 1169: R=    10.0 len= 10 avg_R=     9.9 loss=19.2629 temp=0.87 total_env_steps=15271 t=0.06s
  [kl-lr] ep=1170 kl=0.04082 lr_mult=6.667
Ep 1170: R=    11.0 len= 11 avg_R=     9.9 loss=28.1049 temp=0.87 total_env_steps=15282 t=0.07s
  [kl-lr] ep=1171 kl=0.01504 lr_mult=6.667
Ep 1171: R=     9.0 len=  9 avg_R=     9.9 loss=16.1400 temp=0.87 total_env_steps=15291 t=0.07s
  [kl-lr] ep=1172 kl=0.00013 lr_mult=10.000
Ep 1172: R=    11.0 len= 11 avg_R=     9.8 loss=21.2552 temp=0.87 total_env_steps=15302 t=0.08s
  [kl-lr] ep=1173 kl=0.00284 lr_mult=10.000
Ep 1173: R=     9.0 len=  9 avg_R=     9.8 loss=18.4109 temp=0.87 total_env_steps=15311 t=0.06s
  [kl-lr] ep=1174 kl=0.00203 lr_mult=10.000
Ep 1174: R=     9.0 len=  9 avg_R=     9.8 loss=18.8861 temp=0.87 total_env_steps=15320 t=0.07s
  [kl-lr] ep=1175 kl=0.01541 lr_mult=10.000
Ep 1175: R=     9.0 len=  9 avg_R=     9.8 loss=18.0787 temp=0.87 total_env_steps=15329 t=0.07s
  greedy eval 9.4 / 475（近20局 self-play 9.7，total_env_steps=15329）
  [kl-lr] ep=1176 kl=0.05660 lr_mult=6.667
Ep 1176: R=    12.0 len= 12 avg_R=     9.8 loss=21.1240 temp=0.87 total_env_steps=15341 t=0.08s
  [kl-lr] ep=1177 kl=0.02347 lr_mult=6.667
Ep 1177: R=    12.0 len= 12 avg_R=     9.8 loss=18.3212 temp=0.87 total_env_steps=15353 t=0.07s
  [kl-lr] ep=1178 kl=0.01168 lr_mult=6.667
Ep 1178: R=    10.0 len= 10 avg_R=     9.8 loss=21.9920 temp=0.87 total_env_steps=15363 t=0.06s
  [kl-lr] ep=1179 kl=0.03161 lr_mult=6.667
Ep 1179: R=     9.0 len=  9 avg_R=     9.8 loss=22.5547 temp=0.87 total_env_steps=15372 t=0.07s
  [kl-lr] ep=1180 kl=0.00632 lr_mult=10.000
Ep 1180: R=    13.0 len= 13 avg_R=     9.8 loss=20.4618 temp=0.87 total_env_steps=15385 t=0.07s
  [kl-lr] ep=1181 kl=0.00007 lr_mult=10.000
Ep 1181: R=     9.0 len=  9 avg_R=     9.8 loss=21.0672 temp=0.87 total_env_steps=15394 t=0.07s
  [kl-lr] ep=1182 kl=0.00526 lr_mult=10.000
Ep 1182: R=    14.0 len= 14 avg_R=     9.8 loss=16.7708 temp=0.86 total_env_steps=15408 t=0.08s
  [kl-lr] ep=1183 kl=0.00711 lr_mult=10.000
Ep 1183: R=     8.0 len=  8 avg_R=     9.8 loss=15.7854 temp=0.86 total_env_steps=15416 t=0.07s
  [kl-lr] ep=1184 kl=0.00067 lr_mult=10.000
Ep 1184: R=    12.0 len= 12 avg_R=     9.8 loss=24.5059 temp=0.86 total_env_steps=15428 t=0.06s
  [kl-lr] ep=1185 kl=0.00191 lr_mult=10.000
Ep 1185: R=    10.0 len= 10 avg_R=     9.9 loss=19.9557 temp=0.86 total_env_steps=15438 t=0.07s
  [kl-lr] ep=1186 kl=0.00460 lr_mult=10.000
Ep 1186: R=     9.0 len=  9 avg_R=     9.8 loss=23.7676 temp=0.86 total_env_steps=15447 t=0.06s
  [kl-lr] ep=1187 kl=0.04547 lr_mult=6.667
Ep 1187: R=    10.0 len= 10 avg_R=     9.8 loss=24.8910 temp=0.86 total_env_steps=15457 t=0.07s
  [kl-lr] ep=1188 kl=0.03628 lr_mult=6.667
Ep 1188: R=    11.0 len= 11 avg_R=     9.9 loss=21.1139 temp=0.86 total_env_steps=15468 t=0.07s
  [kl-lr] ep=1189 kl=0.00158 lr_mult=10.000
Ep 1189: R=     9.0 len=  9 avg_R=     9.8 loss=18.9401 temp=0.86 total_env_steps=15477 t=0.07s
  [kl-lr] ep=1190 kl=0.01983 lr_mult=10.000
Ep 1190: R=     8.0 len=  8 avg_R=     9.8 loss=17.9027 temp=0.86 total_env_steps=15485 t=0.07s
  [kl-lr] ep=1191 kl=0.00679 lr_mult=10.000
Ep 1191: R=     9.0 len=  9 avg_R=     9.8 loss=19.8130 temp=0.86 total_env_steps=15494 t=0.06s
  [kl-lr] ep=1192 kl=0.00737 lr_mult=10.000
Ep 1192: R=    10.0 len= 10 avg_R=     9.8 loss=24.7977 temp=0.86 total_env_steps=15504 t=0.07s
  [kl-lr] ep=1193 kl=0.01995 lr_mult=10.000
Ep 1193: R=    11.0 len= 11 avg_R=     9.8 loss=21.3737 temp=0.86 total_env_steps=15515 t=0.08s
  [kl-lr] ep=1194 kl=0.01016 lr_mult=10.000
Ep 1194: R=    11.0 len= 11 avg_R=     9.8 loss=19.6313 temp=0.86 total_env_steps=15526 t=0.08s
  [kl-lr] ep=1195 kl=0.00191 lr_mult=10.000
Ep 1195: R=    10.0 len= 10 avg_R=     9.8 loss=23.0161 temp=0.85 total_env_steps=15536 t=0.07s
  [kl-lr] ep=1196 kl=0.00724 lr_mult=10.000
Ep 1196: R=     9.0 len=  9 avg_R=     9.8 loss=24.7710 temp=0.85 total_env_steps=15545 t=0.08s
  [kl-lr] ep=1197 kl=0.00407 lr_mult=10.000
Ep 1197: R=     9.0 len=  9 avg_R=     9.8 loss=20.6998 temp=0.85 total_env_steps=15554 t=0.06s
  [kl-lr] ep=1198 kl=0.00402 lr_mult=10.000
Ep 1198: R=    10.0 len= 10 avg_R=     9.8 loss=18.4796 temp=0.85 total_env_steps=15564 t=0.07s
  [kl-lr] ep=1199 kl=0.02003 lr_mult=10.000
Ep 1199: R=     8.0 len=  8 avg_R=     9.8 loss=15.2520 temp=0.85 total_env_steps=15572 t=0.07s
  [kl-lr] ep=1200 kl=0.02432 lr_mult=10.000
Ep 1200: R=    10.0 len= 10 avg_R=     9.8 loss=19.0571 temp=0.85 total_env_steps=15582 t=0.08s
  greedy eval 9.4 / 475（近20局 self-play 9.9，total_env_steps=15582）
  [kl-lr] ep=1201 kl=0.01976 lr_mult=10.000
Ep 1201: R=    10.0 len= 10 avg_R=     9.8 loss=24.1243 temp=0.85 total_env_steps=15592 t=0.07s
  [kl-lr] ep=1202 kl=0.02157 lr_mult=10.000
Ep 1202: R=     8.0 len=  8 avg_R=     9.8 loss=23.3446 temp=0.85 total_env_steps=15600 t=0.07s
  [kl-lr] ep=1203 kl=0.00078 lr_mult=10.000
Ep 1203: R=    14.0 len= 14 avg_R=     9.8 loss=23.2736 temp=0.85 total_env_steps=15614 t=0.07s
  [kl-lr] ep=1204 kl=0.01906 lr_mult=10.000
Ep 1204: R=     9.0 len=  9 avg_R=     9.8 loss=20.0519 temp=0.85 total_env_steps=15623 t=0.07s
  [kl-lr] ep=1205 kl=0.00009 lr_mult=10.000
Ep 1205: R=    10.0 len= 10 avg_R=     9.8 loss=20.3573 temp=0.85 total_env_steps=15633 t=0.08s
  [kl-lr] ep=1206 kl=0.00346 lr_mult=10.000
Ep 1206: R=     9.0 len=  9 avg_R=     9.8 loss=17.2292 temp=0.85 total_env_steps=15642 t=0.08s
  [kl-lr] ep=1207 kl=0.00080 lr_mult=10.000
Ep 1207: R=    13.0 len= 13 avg_R=     9.8 loss=20.8233 temp=0.85 total_env_steps=15655 t=0.08s
  [kl-lr] ep=1208 kl=0.00877 lr_mult=10.000
Ep 1208: R=    14.0 len= 14 avg_R=     9.9 loss=26.3537 temp=0.84 total_env_steps=15669 t=0.08s
  [kl-lr] ep=1209 kl=0.01876 lr_mult=10.000
Ep 1209: R=     9.0 len=  9 avg_R=     9.8 loss=19.2100 temp=0.84 total_env_steps=15678 t=0.08s
  [kl-lr] ep=1210 kl=0.00146 lr_mult=10.000
Ep 1210: R=    13.0 len= 13 avg_R=     9.9 loss=17.0702 temp=0.84 total_env_steps=15691 t=0.08s
  [kl-lr] ep=1211 kl=0.01435 lr_mult=10.000
Ep 1211: R=     9.0 len=  9 avg_R=     9.9 loss=16.8796 temp=0.84 total_env_steps=15700 t=0.07s
  [kl-lr] ep=1212 kl=0.01913 lr_mult=10.000
Ep 1212: R=    10.0 len= 10 avg_R=     9.9 loss=16.8421 temp=0.84 total_env_steps=15710 t=0.07s
  [kl-lr] ep=1213 kl=0.02491 lr_mult=10.000
Ep 1213: R=     8.0 len=  8 avg_R=     9.9 loss=19.8757 temp=0.84 total_env_steps=15718 t=0.07s
  [kl-lr] ep=1214 kl=0.01295 lr_mult=10.000
Ep 1214: R=     9.0 len=  9 avg_R=     9.9 loss=25.5943 temp=0.84 total_env_steps=15727 t=0.07s
  [kl-lr] ep=1215 kl=0.00255 lr_mult=10.000
Ep 1215: R=     9.0 len=  9 avg_R=     9.9 loss=18.4033 temp=0.84 total_env_steps=15736 t=0.08s
  [kl-lr] ep=1216 kl=0.00494 lr_mult=10.000
Ep 1216: R=     9.0 len=  9 avg_R=     9.9 loss=19.1611 temp=0.84 total_env_steps=15745 t=0.07s
  [kl-lr] ep=1217 kl=0.00135 lr_mult=10.000
Ep 1217: R=     9.0 len=  9 avg_R=     9.9 loss=19.1011 temp=0.84 total_env_steps=15754 t=0.07s
  [kl-lr] ep=1218 kl=0.00002 lr_mult=10.000
Ep 1218: R=     9.0 len=  9 avg_R=     9.8 loss=21.5272 temp=0.84 total_env_steps=15763 t=0.07s
  [kl-lr] ep=1219 kl=0.00346 lr_mult=10.000
Ep 1219: R=     9.0 len=  9 avg_R=     9.8 loss=18.0072 temp=0.84 total_env_steps=15772 t=0.07s
  [kl-lr] ep=1220 kl=0.00001 lr_mult=10.000
Ep 1220: R=     8.0 len=  8 avg_R=     9.8 loss=22.7681 temp=0.84 total_env_steps=15780 t=0.08s
  [kl-lr] ep=1221 kl=0.00051 lr_mult=10.000
Ep 1221: R=     9.0 len=  9 avg_R=     9.8 loss=21.5477 temp=0.84 total_env_steps=15789 t=0.08s
  [kl-lr] ep=1222 kl=0.00497 lr_mult=10.000
Ep 1222: R=    12.0 len= 12 avg_R=     9.8 loss=18.3335 temp=0.83 total_env_steps=15801 t=0.07s
  [kl-lr] ep=1223 kl=0.01309 lr_mult=10.000
Ep 1223: R=     9.0 len=  9 avg_R=     9.8 loss=21.8244 temp=0.83 total_env_steps=15810 t=0.07s
  [kl-lr] ep=1224 kl=0.03188 lr_mult=10.000
Ep 1224: R=     9.0 len=  9 avg_R=     9.8 loss=16.2172 temp=0.83 total_env_steps=15819 t=0.07s
  [kl-lr] ep=1225 kl=0.01369 lr_mult=10.000
Ep 1225: R=    10.0 len= 10 avg_R=     9.8 loss=18.6446 temp=0.83 total_env_steps=15829 t=0.08s
  greedy eval 9.4 / 475（近20局 self-play 9.8，total_env_steps=15829）
  [kl-lr] ep=1226 kl=0.00052 lr_mult=10.000
Ep 1226: R=    10.0 len= 10 avg_R=     9.8 loss=20.3375 temp=0.83 total_env_steps=15839 t=0.06s
  [kl-lr] ep=1227 kl=0.00744 lr_mult=10.000
Ep 1227: R=    11.0 len= 11 avg_R=     9.8 loss=23.8523 temp=0.83 total_env_steps=15850 t=0.08s
  [kl-lr] ep=1228 kl=0.01425 lr_mult=10.000
Ep 1228: R=    13.0 len= 13 avg_R=     9.8 loss=18.8507 temp=0.83 total_env_steps=15863 t=0.08s
  [kl-lr] ep=1229 kl=0.00358 lr_mult=10.000
Ep 1229: R=    10.0 len= 10 avg_R=     9.8 loss=18.7481 temp=0.83 total_env_steps=15873 t=0.07s
  [kl-lr] ep=1230 kl=0.01306 lr_mult=10.000
Ep 1230: R=     9.0 len=  9 avg_R=     9.8 loss=19.1360 temp=0.83 total_env_steps=15882 t=0.07s
  [kl-lr] ep=1231 kl=0.00834 lr_mult=10.000
Ep 1231: R=    10.0 len= 10 avg_R=     9.8 loss=17.2860 temp=0.83 total_env_steps=15892 t=0.07s
  [kl-lr] ep=1232 kl=0.00400 lr_mult=10.000
Ep 1232: R=    10.0 len= 10 avg_R=     9.8 loss=22.9668 temp=0.83 total_env_steps=15902 t=0.08s
  [kl-lr] ep=1233 kl=0.00050 lr_mult=10.000
Ep 1233: R=    11.0 len= 11 avg_R=     9.8 loss=19.9157 temp=0.83 total_env_steps=15913 t=0.08s
  [kl-lr] ep=1234 kl=0.00128 lr_mult=10.000
Ep 1234: R=     8.0 len=  8 avg_R=     9.8 loss=19.0793 temp=0.83 total_env_steps=15921 t=0.08s
  [kl-lr] ep=1235 kl=0.00434 lr_mult=10.000
Ep 1235: R=    11.0 len= 11 avg_R=     9.8 loss=15.7592 temp=0.82 total_env_steps=15932 t=0.08s
  [kl-lr] ep=1236 kl=0.00360 lr_mult=10.000
Ep 1236: R=    11.0 len= 11 avg_R=     9.8 loss=22.0796 temp=0.82 total_env_steps=15943 t=0.07s
  [kl-lr] ep=1237 kl=0.00528 lr_mult=10.000
Ep 1237: R=     9.0 len=  9 avg_R=     9.8 loss=19.6855 temp=0.82 total_env_steps=15952 t=0.08s
  [kl-lr] ep=1238 kl=0.00498 lr_mult=10.000
Ep 1238: R=     9.0 len=  9 avg_R=     9.8 loss=16.6678 temp=0.82 total_env_steps=15961 t=0.08s
  [kl-lr] ep=1239 kl=0.00828 lr_mult=10.000
Ep 1239: R=    11.0 len= 11 avg_R=     9.9 loss=21.2901 temp=0.82 total_env_steps=15972 t=0.06s
  [kl-lr] ep=1240 kl=0.00089 lr_mult=10.000
Ep 1240: R=    10.0 len= 10 avg_R=     9.9 loss=28.4325 temp=0.82 total_env_steps=15982 t=0.07s
  [kl-lr] ep=1241 kl=0.00051 lr_mult=10.000
Ep 1241: R=    10.0 len= 10 avg_R=     9.9 loss=19.0963 temp=0.82 total_env_steps=15992 t=0.08s
  [kl-lr] ep=1242 kl=0.00622 lr_mult=10.000
Ep 1242: R=    10.0 len= 10 avg_R=     9.9 loss=22.4198 temp=0.82 total_env_steps=16002 t=0.08s
  [kl-lr] ep=1243 kl=0.01386 lr_mult=10.000
Ep 1243: R=    10.0 len= 10 avg_R=     9.9 loss=18.1300 temp=0.82 total_env_steps=16012 t=0.08s
  [kl-lr] ep=1244 kl=0.00457 lr_mult=10.000
Ep 1244: R=     9.0 len=  9 avg_R=     9.9 loss=23.2211 temp=0.82 total_env_steps=16021 t=0.07s
  [kl-lr] ep=1245 kl=0.04796 lr_mult=6.667
Ep 1245: R=    10.0 len= 10 avg_R=     9.9 loss=18.1038 temp=0.82 total_env_steps=16031 t=0.07s
  [kl-lr] ep=1246 kl=0.01054 lr_mult=6.667
Ep 1246: R=     9.0 len=  9 avg_R=     9.9 loss=21.1435 temp=0.82 total_env_steps=16040 t=0.07s
  [kl-lr] ep=1247 kl=0.00019 lr_mult=10.000
Ep 1247: R=    13.0 len= 13 avg_R=     9.9 loss=19.2841 temp=0.82 total_env_steps=16053 t=0.08s
  [kl-lr] ep=1248 kl=0.00045 lr_mult=10.000
Ep 1248: R=     8.0 len=  8 avg_R=     9.9 loss=21.7791 temp=0.81 total_env_steps=16061 t=0.07s
  [kl-lr] ep=1249 kl=0.00098 lr_mult=10.000
Ep 1249: R=    10.0 len= 10 avg_R=     9.9 loss=19.0975 temp=0.81 total_env_steps=16071 t=0.08s
  [kl-lr] ep=1250 kl=0.00010 lr_mult=10.000
Ep 1250: R=    10.0 len= 10 avg_R=     9.9 loss=19.3774 temp=0.81 total_env_steps=16081 t=0.07s
  greedy eval 9.4 / 475（近20局 self-play 9.9，total_env_steps=16081）
  [kl-lr] ep=1251 kl=0.00477 lr_mult=10.000
Ep 1251: R=    10.0 len= 10 avg_R=     9.9 loss=18.6016 temp=0.81 total_env_steps=16091 t=0.08s
  [kl-lr] ep=1252 kl=0.01168 lr_mult=10.000
Ep 1252: R=    10.0 len= 10 avg_R=     9.9 loss=23.6794 temp=0.81 total_env_steps=16101 t=0.07s
  [kl-lr] ep=1253 kl=0.00914 lr_mult=10.000
Ep 1253: R=    10.0 len= 10 avg_R=     9.9 loss=23.6003 temp=0.81 total_env_steps=16111 t=0.08s
  [kl-lr] ep=1254 kl=0.00912 lr_mult=10.000
Ep 1254: R=    10.0 len= 10 avg_R=     9.9 loss=16.6618 temp=0.81 total_env_steps=16121 t=0.06s
  [kl-lr] ep=1255 kl=0.00440 lr_mult=10.000
Ep 1255: R=    10.0 len= 10 avg_R=    10.0 loss=19.9899 temp=0.81 total_env_steps=16131 t=0.06s
  [kl-lr] ep=1256 kl=0.00003 lr_mult=10.000
Ep 1256: R=     9.0 len=  9 avg_R=    10.0 loss=19.5846 temp=0.81 total_env_steps=16140 t=0.07s
  [kl-lr] ep=1257 kl=0.00348 lr_mult=10.000
Ep 1257: R=    10.0 len= 10 avg_R=    10.0 loss=21.7050 temp=0.81 total_env_steps=16150 t=0.07s
  [kl-lr] ep=1258 kl=0.01498 lr_mult=10.000
Ep 1258: R=    10.0 len= 10 avg_R=    10.0 loss=19.9687 temp=0.81 total_env_steps=16160 t=0.07s
  [kl-lr] ep=1259 kl=0.00682 lr_mult=10.000
Ep 1259: R=    10.0 len= 10 avg_R=    10.0 loss=18.1948 temp=0.81 total_env_steps=16170 t=0.07s
  [kl-lr] ep=1260 kl=0.00539 lr_mult=10.000
Ep 1260: R=     9.0 len=  9 avg_R=    10.0 loss=18.5071 temp=0.81 total_env_steps=16179 t=0.08s
  [kl-lr] ep=1261 kl=0.00695 lr_mult=10.000
Ep 1261: R=    10.0 len= 10 avg_R=    10.0 loss=24.2874 temp=0.81 total_env_steps=16189 t=0.08s
  [kl-lr] ep=1262 kl=0.00000 lr_mult=10.000
Ep 1262: R=     8.0 len=  8 avg_R=    10.0 loss=18.6652 temp=0.80 total_env_steps=16197 t=0.08s
  [kl-lr] ep=1263 kl=0.00086 lr_mult=10.000
Ep 1263: R=    10.0 len= 10 avg_R=    10.0 loss=16.6325 temp=0.80 total_env_steps=16207 t=0.08s
  [kl-lr] ep=1264 kl=0.00062 lr_mult=10.000
Ep 1264: R=     9.0 len=  9 avg_R=    10.0 loss=21.0355 temp=0.80 total_env_steps=16216 t=0.07s
  [kl-lr] ep=1265 kl=0.00341 lr_mult=10.000
Ep 1265: R=     9.0 len=  9 avg_R=    10.0 loss=19.2841 temp=0.80 total_env_steps=16225 t=0.07s
  [kl-lr] ep=1266 kl=0.00194 lr_mult=10.000
Ep 1266: R=     9.0 len=  9 avg_R=     9.9 loss=20.2650 temp=0.80 total_env_steps=16234 t=0.07s
  [kl-lr] ep=1267 kl=0.01441 lr_mult=10.000
Ep 1267: R=    13.0 len= 13 avg_R=    10.0 loss=22.9426 temp=0.80 total_env_steps=16247 t=0.07s
  [kl-lr] ep=1268 kl=0.00040 lr_mult=10.000
Ep 1268: R=    14.0 len= 14 avg_R=    10.0 loss=21.5490 temp=0.80 total_env_steps=16261 t=0.08s
  [kl-lr] ep=1269 kl=0.00031 lr_mult=10.000
Ep 1269: R=    10.0 len= 10 avg_R=    10.0 loss=18.1092 temp=0.80 total_env_steps=16271 t=0.07s
  [kl-lr] ep=1270 kl=0.02964 lr_mult=10.000
Ep 1270: R=    12.0 len= 12 avg_R=    10.0 loss=24.4102 temp=0.80 total_env_steps=16283 t=0.07s
  [kl-lr] ep=1271 kl=0.02504 lr_mult=10.000
Ep 1271: R=     8.0 len=  8 avg_R=    10.0 loss=20.4174 temp=0.80 total_env_steps=16291 t=0.07s
  [kl-lr] ep=1272 kl=0.00032 lr_mult=10.000
Ep 1272: R=     9.0 len=  9 avg_R=    10.0 loss=18.6986 temp=0.80 total_env_steps=16300 t=0.08s
  [kl-lr] ep=1273 kl=0.00248 lr_mult=10.000
Ep 1273: R=     9.0 len=  9 avg_R=    10.0 loss=15.2376 temp=0.80 total_env_steps=16309 t=0.07s
  [kl-lr] ep=1274 kl=0.02512 lr_mult=10.000
Ep 1274: R=     9.0 len=  9 avg_R=    10.0 loss=20.1844 temp=0.80 total_env_steps=16318 t=0.07s
  [kl-lr] ep=1275 kl=0.02111 lr_mult=10.000
Ep 1275: R=    11.0 len= 11 avg_R=    10.0 loss=18.3121 temp=0.79 total_env_steps=16329 t=0.08s
  greedy eval 9.4 / 475（近20局 self-play 9.9，total_env_steps=16329）
  [kl-lr] ep=1276 kl=0.01168 lr_mult=10.000
Ep 1276: R=     8.0 len=  8 avg_R=    10.0 loss=19.8445 temp=0.79 total_env_steps=16337 t=0.07s
  [kl-lr] ep=1277 kl=0.01707 lr_mult=10.000
Ep 1277: R=     9.0 len=  9 avg_R=     9.9 loss=18.0667 temp=0.79 total_env_steps=16346 t=0.07s
  [kl-lr] ep=1278 kl=0.00129 lr_mult=10.000
Ep 1278: R=    11.0 len= 11 avg_R=     9.9 loss=17.4790 temp=0.79 total_env_steps=16357 t=0.08s
  [kl-lr] ep=1279 kl=0.01871 lr_mult=10.000
Ep 1279: R=     8.0 len=  8 avg_R=     9.9 loss=21.4031 temp=0.79 total_env_steps=16365 t=0.08s
  [kl-lr] ep=1280 kl=0.04204 lr_mult=6.667
Ep 1280: R=     9.0 len=  9 avg_R=     9.9 loss=21.3199 temp=0.79 total_env_steps=16374 t=0.08s
  [kl-lr] ep=1281 kl=0.02244 lr_mult=6.667
Ep 1281: R=     9.0 len=  9 avg_R=     9.9 loss=19.3619 temp=0.79 total_env_steps=16383 t=0.07s
  [kl-lr] ep=1282 kl=0.00356 lr_mult=10.000
Ep 1282: R=    10.0 len= 10 avg_R=     9.9 loss=18.3529 temp=0.79 total_env_steps=16393 t=0.08s
  [kl-lr] ep=1283 kl=0.00001 lr_mult=10.000
Ep 1283: R=    10.0 len= 10 avg_R=     9.9 loss=17.4299 temp=0.79 total_env_steps=16403 t=0.08s
  [kl-lr] ep=1284 kl=0.00152 lr_mult=10.000
Ep 1284: R=    10.0 len= 10 avg_R=     9.9 loss=22.4515 temp=0.79 total_env_steps=16413 t=0.08s
  [kl-lr] ep=1285 kl=0.00106 lr_mult=10.000
Ep 1285: R=    14.0 len= 14 avg_R=     9.9 loss=25.3567 temp=0.79 total_env_steps=16427 t=0.06s
  [kl-lr] ep=1286 kl=0.02802 lr_mult=10.000
Ep 1286: R=     9.0 len=  9 avg_R=     9.9 loss=21.8462 temp=0.79 total_env_steps=16436 t=0.07s
  [kl-lr] ep=1287 kl=0.00114 lr_mult=10.000
Ep 1287: R=    10.0 len= 10 avg_R=     9.9 loss=23.4826 temp=0.79 total_env_steps=16446 t=0.06s
  [kl-lr] ep=1288 kl=0.01390 lr_mult=10.000
Ep 1288: R=     9.0 len=  9 avg_R=     9.9 loss=19.5390 temp=0.78 total_env_steps=16455 t=0.07s
  [kl-lr] ep=1289 kl=0.01535 lr_mult=10.000
Ep 1289: R=    11.0 len= 11 avg_R=     9.9 loss=16.9745 temp=0.78 total_env_steps=16466 t=0.07s
  [kl-lr] ep=1290 kl=0.00109 lr_mult=10.000
Ep 1290: R=    10.0 len= 10 avg_R=     9.9 loss=20.6669 temp=0.78 total_env_steps=16476 t=0.07s
  [kl-lr] ep=1291 kl=0.00252 lr_mult=10.000
Ep 1291: R=    11.0 len= 11 avg_R=     9.9 loss=20.0751 temp=0.78 total_env_steps=16487 t=0.08s
  [kl-lr] ep=1292 kl=0.00726 lr_mult=10.000
Ep 1292: R=    13.0 len= 13 avg_R=    10.0 loss=17.8112 temp=0.78 total_env_steps=16500 t=0.07s
  [kl-lr] ep=1293 kl=0.00614 lr_mult=10.000
Ep 1293: R=     9.0 len=  9 avg_R=     9.9 loss=22.0044 temp=0.78 total_env_steps=16509 t=0.06s
  [kl-lr] ep=1294 kl=0.00321 lr_mult=10.000
Ep 1294: R=    11.0 len= 11 avg_R=     9.9 loss=18.6791 temp=0.78 total_env_steps=16520 t=0.08s
  [kl-lr] ep=1295 kl=0.00017 lr_mult=10.000
Ep 1295: R=     9.0 len=  9 avg_R=     9.9 loss=16.7417 temp=0.78 total_env_steps=16529 t=0.07s
  [kl-lr] ep=1296 kl=0.00252 lr_mult=10.000
Ep 1296: R=    10.0 len= 10 avg_R=     9.9 loss=20.0900 temp=0.78 total_env_steps=16539 t=0.07s
  [kl-lr] ep=1297 kl=0.00017 lr_mult=10.000
Ep 1297: R=     8.0 len=  8 avg_R=     9.9 loss=18.2100 temp=0.78 total_env_steps=16547 t=0.08s
  [kl-lr] ep=1298 kl=0.00134 lr_mult=10.000
Ep 1298: R=    10.0 len= 10 avg_R=     9.9 loss=22.1488 temp=0.78 total_env_steps=16557 t=0.07s
  [kl-lr] ep=1299 kl=0.00328 lr_mult=10.000
Ep 1299: R=    12.0 len= 12 avg_R=    10.0 loss=22.6944 temp=0.78 total_env_steps=16569 t=0.07s
  [kl-lr] ep=1300 kl=0.00054 lr_mult=10.000
Ep 1300: R=    10.0 len= 10 avg_R=    10.0 loss=17.5746 temp=0.78 total_env_steps=16579 t=0.08s
  greedy eval 9.4 / 475（近20局 self-play 10.2，total_env_steps=16579）
  [kl-lr] ep=1301 kl=0.00588 lr_mult=10.000
Ep 1301: R=     9.0 len=  9 avg_R=    10.0 loss=24.0671 temp=0.77 total_env_steps=16588 t=0.11s
  [kl-lr] ep=1302 kl=0.00283 lr_mult=10.000
Ep 1302: R=    12.0 len= 12 avg_R=    10.0 loss=17.7262 temp=0.77 total_env_steps=16600 t=0.07s
  [kl-lr] ep=1303 kl=0.00049 lr_mult=10.000
Ep 1303: R=    12.0 len= 12 avg_R=    10.0 loss=16.6020 temp=0.77 total_env_steps=16612 t=0.07s
  [kl-lr] ep=1304 kl=0.00031 lr_mult=10.000
Ep 1304: R=     9.0 len=  9 avg_R=    10.0 loss=20.9920 temp=0.77 total_env_steps=16621 t=0.08s
  [kl-lr] ep=1305 kl=0.00279 lr_mult=10.000
Ep 1305: R=    11.0 len= 11 avg_R=    10.0 loss=19.4295 temp=0.77 total_env_steps=16632 t=0.08s
  [kl-lr] ep=1306 kl=0.00109 lr_mult=10.000
Ep 1306: R=    10.0 len= 10 avg_R=    10.0 loss=17.6909 temp=0.77 total_env_steps=16642 t=0.08s
  [kl-lr] ep=1307 kl=0.00311 lr_mult=10.000
Ep 1307: R=    12.0 len= 12 avg_R=    10.0 loss=21.1191 temp=0.77 total_env_steps=16654 t=0.07s
  [kl-lr] ep=1308 kl=0.00646 lr_mult=10.000
Ep 1308: R=    11.0 len= 11 avg_R=    10.0 loss=17.9442 temp=0.77 total_env_steps=16665 t=0.08s
  [kl-lr] ep=1309 kl=0.00082 lr_mult=10.000
Ep 1309: R=    10.0 len= 10 avg_R=    10.0 loss=21.1643 temp=0.77 total_env_steps=16675 t=0.07s
  [kl-lr] ep=1310 kl=0.00012 lr_mult=10.000
Ep 1310: R=    10.0 len= 10 avg_R=     9.9 loss=20.1153 temp=0.77 total_env_steps=16685 t=0.07s
  [kl-lr] ep=1311 kl=0.01670 lr_mult=10.000
Ep 1311: R=     9.0 len=  9 avg_R=     9.9 loss=22.7889 temp=0.77 total_env_steps=16694 t=0.06s
  [kl-lr] ep=1312 kl=0.04608 lr_mult=6.667
Ep 1312: R=    10.0 len= 10 avg_R=     9.9 loss=22.6977 temp=0.77 total_env_steps=16704 t=0.07s
  [kl-lr] ep=1313 kl=0.00985 lr_mult=10.000
Ep 1313: R=    12.0 len= 12 avg_R=    10.0 loss=22.5787 temp=0.77 total_env_steps=16716 t=0.08s
  [kl-lr] ep=1314 kl=0.00004 lr_mult=10.000
Ep 1314: R=    10.0 len= 10 avg_R=    10.0 loss=21.9687 temp=0.77 total_env_steps=16726 t=0.07s
  [kl-lr] ep=1315 kl=0.01566 lr_mult=10.000
Ep 1315: R=    10.0 len= 10 avg_R=    10.0 loss=14.7419 temp=0.76 total_env_steps=16736 t=0.07s
  [kl-lr] ep=1316 kl=0.01800 lr_mult=10.000
Ep 1316: R=    10.0 len= 10 avg_R=    10.0 loss=16.7319 temp=0.76 total_env_steps=16746 t=0.07s
  [kl-lr] ep=1317 kl=0.00430 lr_mult=10.000
Ep 1317: R=    11.0 len= 11 avg_R=    10.0 loss=19.3494 temp=0.76 total_env_steps=16757 t=0.07s
  [kl-lr] ep=1318 kl=0.00002 lr_mult=10.000
Ep 1318: R=     9.0 len=  9 avg_R=    10.0 loss=21.1876 temp=0.76 total_env_steps=16766 t=0.07s
  [kl-lr] ep=1319 kl=0.00725 lr_mult=10.000
Ep 1319: R=    10.0 len= 10 avg_R=    10.0 loss=17.5875 temp=0.76 total_env_steps=16776 t=0.07s
  [kl-lr] ep=1320 kl=0.02674 lr_mult=10.000
Ep 1320: R=    14.0 len= 14 avg_R=    10.1 loss=20.7264 temp=0.76 total_env_steps=16790 t=0.07s
  [kl-lr] ep=1321 kl=0.03117 lr_mult=10.000
Ep 1321: R=    10.0 len= 10 avg_R=    10.1 loss=21.0614 temp=0.76 total_env_steps=16800 t=0.07s
  [kl-lr] ep=1322 kl=0.02710 lr_mult=10.000
Ep 1322: R=    10.0 len= 10 avg_R=    10.1 loss=16.2517 temp=0.76 total_env_steps=16810 t=0.07s
  [kl-lr] ep=1323 kl=0.01038 lr_mult=10.000
Ep 1323: R=    10.0 len= 10 avg_R=    10.1 loss=17.4985 temp=0.76 total_env_steps=16820 t=0.08s
  [kl-lr] ep=1324 kl=0.00163 lr_mult=10.000
Ep 1324: R=    10.0 len= 10 avg_R=    10.1 loss=20.6959 temp=0.76 total_env_steps=16830 t=0.07s
  [kl-lr] ep=1325 kl=0.00075 lr_mult=10.000
Ep 1325: R=     8.0 len=  8 avg_R=    10.1 loss=16.7074 temp=0.76 total_env_steps=16838 t=0.08s
  greedy eval 9.4 / 475（近20局 self-play 10.3，total_env_steps=16838）
  [kl-lr] ep=1326 kl=0.04412 lr_mult=6.667
Ep 1326: R=    10.0 len= 10 avg_R=    10.1 loss=17.3142 temp=0.76 total_env_steps=16848 t=0.07s
  [kl-lr] ep=1327 kl=0.01894 lr_mult=6.667
Ep 1327: R=     9.0 len=  9 avg_R=    10.1 loss=22.0647 temp=0.76 total_env_steps=16857 t=0.07s
  [kl-lr] ep=1328 kl=0.01055 lr_mult=6.667
Ep 1328: R=     8.0 len=  8 avg_R=    10.0 loss=22.7869 temp=0.75 total_env_steps=16865 t=0.07s
  [kl-lr] ep=1329 kl=0.00693 lr_mult=10.000
Ep 1329: R=    10.0 len= 10 avg_R=    10.0 loss=21.1163 temp=0.75 total_env_steps=16875 t=0.07s
  [kl-lr] ep=1330 kl=0.00619 lr_mult=10.000
Ep 1330: R=     9.0 len=  9 avg_R=    10.0 loss=23.7044 temp=0.75 total_env_steps=16884 t=0.07s
  [kl-lr] ep=1331 kl=0.01364 lr_mult=10.000
Ep 1331: R=    10.0 len= 10 avg_R=    10.0 loss=17.5173 temp=0.75 total_env_steps=16894 t=0.07s
  [kl-lr] ep=1332 kl=0.00051 lr_mult=10.000
Ep 1332: R=     9.0 len=  9 avg_R=    10.0 loss=19.5232 temp=0.75 total_env_steps=16903 t=0.07s
  [kl-lr] ep=1333 kl=0.00921 lr_mult=10.000
Ep 1333: R=     9.0 len=  9 avg_R=    10.0 loss=17.5177 temp=0.75 total_env_steps=16912 t=0.07s
  [kl-lr] ep=1334 kl=0.00216 lr_mult=10.000
Ep 1334: R=    11.0 len= 11 avg_R=    10.0 loss=18.9237 temp=0.75 total_env_steps=16923 t=0.08s
  [kl-lr] ep=1335 kl=0.00277 lr_mult=10.000
Ep 1335: R=     9.0 len=  9 avg_R=    10.0 loss=17.3088 temp=0.75 total_env_steps=16932 t=0.08s
  [kl-lr] ep=1336 kl=0.00869 lr_mult=10.000
Ep 1336: R=    10.0 len= 10 avg_R=    10.0 loss=21.3673 temp=0.75 total_env_steps=16942 t=0.07s
  [kl-lr] ep=1337 kl=0.02505 lr_mult=10.000
Ep 1337: R=    10.0 len= 10 avg_R=    10.0 loss=22.6498 temp=0.75 total_env_steps=16952 t=0.07s
  [kl-lr] ep=1338 kl=0.01601 lr_mult=10.000
Ep 1338: R=    10.0 len= 10 avg_R=    10.0 loss=21.7515 temp=0.75 total_env_steps=16962 t=0.08s
  [kl-lr] ep=1339 kl=0.00000 lr_mult=10.000
Ep 1339: R=    11.0 len= 11 avg_R=    10.0 loss=17.2017 temp=0.75 total_env_steps=16973 t=0.08s
  [kl-lr] ep=1340 kl=0.00025 lr_mult=10.000
Ep 1340: R=    12.0 len= 12 avg_R=    10.0 loss=26.0679 temp=0.75 total_env_steps=16985 t=0.08s
  [kl-lr] ep=1341 kl=0.00767 lr_mult=10.000
Ep 1341: R=    14.0 len= 14 avg_R=    10.1 loss=21.2853 temp=0.75 total_env_steps=16999 t=0.07s
  [kl-lr] ep=1342 kl=0.00071 lr_mult=10.000
Ep 1342: R=     9.0 len=  9 avg_R=    10.1 loss=17.3968 temp=0.74 total_env_steps=17008 t=0.07s
  [kl-lr] ep=1343 kl=0.01015 lr_mult=10.000
Ep 1343: R=    11.0 len= 11 avg_R=    10.1 loss=20.2342 temp=0.74 total_env_steps=17019 t=0.07s
  [kl-lr] ep=1344 kl=0.00648 lr_mult=10.000
Ep 1344: R=    10.0 len= 10 avg_R=    10.1 loss=23.4488 temp=0.74 total_env_steps=17029 t=0.07s
  [kl-lr] ep=1345 kl=0.05563 lr_mult=6.667
Ep 1345: R=    10.0 len= 10 avg_R=    10.1 loss=18.3653 temp=0.74 total_env_steps=17039 t=0.07s
  [kl-lr] ep=1346 kl=0.00129 lr_mult=10.000
Ep 1346: R=    11.0 len= 11 avg_R=    10.1 loss=16.7034 temp=0.74 total_env_steps=17050 t=0.07s
  [kl-lr] ep=1347 kl=0.00157 lr_mult=10.000
Ep 1347: R=    10.0 len= 10 avg_R=    10.1 loss=17.1660 temp=0.74 total_env_steps=17060 t=0.08s
  [kl-lr] ep=1348 kl=0.00031 lr_mult=10.000
Ep 1348: R=     9.0 len=  9 avg_R=    10.1 loss=17.2747 temp=0.74 total_env_steps=17069 t=0.07s
  [kl-lr] ep=1349 kl=0.00014 lr_mult=10.000
Ep 1349: R=    11.0 len= 11 avg_R=    10.1 loss=17.4142 temp=0.74 total_env_steps=17080 t=0.07s
  [kl-lr] ep=1350 kl=0.00002 lr_mult=10.000
Ep 1350: R=     9.0 len=  9 avg_R=    10.1 loss=15.0658 temp=0.74 total_env_steps=17089 t=0.08s
  greedy eval 9.4 / 475（近20局 self-play 10.2，total_env_steps=17089）
  [kl-lr] ep=1351 kl=0.00007 lr_mult=10.000
Ep 1351: R=     9.0 len=  9 avg_R=    10.1 loss=19.4645 temp=0.74 total_env_steps=17098 t=0.07s
  [kl-lr] ep=1352 kl=0.00046 lr_mult=10.000
Ep 1352: R=     9.0 len=  9 avg_R=    10.1 loss=17.8063 temp=0.74 total_env_steps=17107 t=0.08s
  [kl-lr] ep=1353 kl=0.01340 lr_mult=10.000
Ep 1353: R=     9.0 len=  9 avg_R=    10.1 loss=17.1120 temp=0.74 total_env_steps=17116 t=0.07s
  [kl-lr] ep=1354 kl=0.03796 lr_mult=10.000
Ep 1354: R=    10.0 len= 10 avg_R=    10.1 loss=18.8032 temp=0.74 total_env_steps=17126 t=0.08s
  [kl-lr] ep=1355 kl=0.00965 lr_mult=10.000
Ep 1355: R=    10.0 len= 10 avg_R=    10.1 loss=19.3232 temp=0.73 total_env_steps=17136 t=0.07s
  [kl-lr] ep=1356 kl=0.00000 lr_mult=10.000
Ep 1356: R=    10.0 len= 10 avg_R=    10.1 loss=18.0673 temp=0.73 total_env_steps=17146 t=0.07s
  [kl-lr] ep=1357 kl=0.00042 lr_mult=10.000
Ep 1357: R=     9.0 len=  9 avg_R=    10.1 loss=18.3444 temp=0.73 total_env_steps=17155 t=0.07s
  [kl-lr] ep=1358 kl=0.00000 lr_mult=10.000
Ep 1358: R=     9.0 len=  9 avg_R=    10.0 loss=16.2331 temp=0.73 total_env_steps=17164 t=0.08s
  [kl-lr] ep=1359 kl=0.00525 lr_mult=10.000
Ep 1359: R=     9.0 len=  9 avg_R=    10.0 loss=14.9520 temp=0.73 total_env_steps=17173 t=0.07s
  [kl-lr] ep=1360 kl=0.00926 lr_mult=10.000
Ep 1360: R=    10.0 len= 10 avg_R=    10.0 loss=18.3115 temp=0.73 total_env_steps=17183 t=0.07s
  [kl-lr] ep=1361 kl=0.00003 lr_mult=10.000
Ep 1361: R=    10.0 len= 10 avg_R=    10.0 loss=19.2505 temp=0.73 total_env_steps=17193 t=0.08s
  [kl-lr] ep=1362 kl=0.00074 lr_mult=10.000
Ep 1362: R=    10.0 len= 10 avg_R=    10.1 loss=18.3280 temp=0.73 total_env_steps=17203 t=0.07s
  [kl-lr] ep=1363 kl=0.00188 lr_mult=10.000
Ep 1363: R=    10.0 len= 10 avg_R=    10.1 loss=19.0509 temp=0.73 total_env_steps=17213 t=0.07s
  [kl-lr] ep=1364 kl=0.01784 lr_mult=10.000
Ep 1364: R=     9.0 len=  9 avg_R=    10.1 loss=24.5268 temp=0.73 total_env_steps=17222 t=0.08s
  [kl-lr] ep=1365 kl=0.01059 lr_mult=10.000
Ep 1365: R=     9.0 len=  9 avg_R=    10.1 loss=19.4713 temp=0.73 total_env_steps=17231 t=0.07s
  [kl-lr] ep=1366 kl=0.00077 lr_mult=10.000
Ep 1366: R=    10.0 len= 10 avg_R=    10.1 loss=16.6890 temp=0.73 total_env_steps=17241 t=0.07s
  [kl-lr] ep=1367 kl=0.00102 lr_mult=10.000
Ep 1367: R=    12.0 len= 12 avg_R=    10.1 loss=16.5489 temp=0.73 total_env_steps=17253 t=0.09s
  [kl-lr] ep=1368 kl=0.00861 lr_mult=10.000
Ep 1368: R=    11.0 len= 11 avg_R=    10.0 loss=19.0668 temp=0.72 total_env_steps=17264 t=0.08s
  [kl-lr] ep=1369 kl=0.00624 lr_mult=10.000
Ep 1369: R=     9.0 len=  9 avg_R=    10.0 loss=17.6484 temp=0.72 total_env_steps=17273 t=0.07s
  [kl-lr] ep=1370 kl=0.00175 lr_mult=10.000
Ep 1370: R=    10.0 len= 10 avg_R=    10.0 loss=17.2302 temp=0.72 total_env_steps=17283 t=0.08s
  [kl-lr] ep=1371 kl=0.01530 lr_mult=10.000
Ep 1371: R=    10.0 len= 10 avg_R=    10.0 loss=18.0122 temp=0.72 total_env_steps=17293 t=0.07s
  [kl-lr] ep=1372 kl=0.03107 lr_mult=10.000
Ep 1372: R=     9.0 len=  9 avg_R=    10.0 loss=18.9058 temp=0.72 total_env_steps=17302 t=0.08s
  [kl-lr] ep=1373 kl=0.00657 lr_mult=10.000
Ep 1373: R=    11.0 len= 11 avg_R=    10.0 loss=18.9616 temp=0.72 total_env_steps=17313 t=0.07s
  [kl-lr] ep=1374 kl=0.00104 lr_mult=10.000
Ep 1374: R=     9.0 len=  9 avg_R=    10.0 loss=20.9053 temp=0.72 total_env_steps=17322 t=0.07s
  [kl-lr] ep=1375 kl=0.00249 lr_mult=10.000
Ep 1375: R=    10.0 len= 10 avg_R=    10.0 loss=15.5110 temp=0.72 total_env_steps=17332 t=0.09s
  greedy eval 9.4 / 475（近20局 self-play 9.8，total_env_steps=17332）
  [kl-lr] ep=1376 kl=0.01554 lr_mult=10.000
Ep 1376: R=     9.0 len=  9 avg_R=    10.0 loss=14.9555 temp=0.72 total_env_steps=17341 t=0.07s
  [kl-lr] ep=1377 kl=0.00020 lr_mult=10.000
Ep 1377: R=    10.0 len= 10 avg_R=    10.1 loss=17.6077 temp=0.72 total_env_steps=17351 t=0.08s
  [kl-lr] ep=1378 kl=0.00020 lr_mult=10.000
Ep 1378: R=     9.0 len=  9 avg_R=    10.0 loss=17.2446 temp=0.72 total_env_steps=17360 t=0.07s
  [kl-lr] ep=1379 kl=0.00003 lr_mult=10.000
Ep 1379: R=     8.0 len=  8 avg_R=    10.0 loss=22.6060 temp=0.72 total_env_steps=17368 t=0.07s
  [kl-lr] ep=1380 kl=0.00231 lr_mult=10.000
Ep 1380: R=    12.0 len= 12 avg_R=    10.1 loss=20.9168 temp=0.72 total_env_steps=17380 t=0.08s
  [kl-lr] ep=1381 kl=0.00024 lr_mult=10.000
Ep 1381: R=     9.0 len=  9 avg_R=    10.1 loss=18.9666 temp=0.72 total_env_steps=17389 t=0.07s
  [kl-lr] ep=1382 kl=0.00070 lr_mult=10.000
Ep 1382: R=     9.0 len=  9 avg_R=    10.1 loss=16.8846 temp=0.71 total_env_steps=17398 t=0.09s
  [kl-lr] ep=1383 kl=0.00115 lr_mult=10.000
Ep 1383: R=    11.0 len= 11 avg_R=    10.1 loss=18.7929 temp=0.71 total_env_steps=17409 t=0.07s
  [kl-lr] ep=1384 kl=0.00171 lr_mult=10.000
Ep 1384: R=     8.0 len=  8 avg_R=    10.0 loss=17.7288 temp=0.71 total_env_steps=17417 t=0.07s
  [kl-lr] ep=1385 kl=0.01489 lr_mult=10.000
Ep 1385: R=     9.0 len=  9 avg_R=    10.0 loss=22.2734 temp=0.71 total_env_steps=17426 t=0.07s
  [kl-lr] ep=1386 kl=0.00305 lr_mult=10.000
Ep 1386: R=     9.0 len=  9 avg_R=    10.0 loss=17.5210 temp=0.71 total_env_steps=17435 t=0.07s
  [kl-lr] ep=1387 kl=0.00031 lr_mult=10.000
Ep 1387: R=    10.0 len= 10 avg_R=    10.0 loss=18.0144 temp=0.71 total_env_steps=17445 t=0.07s
  [kl-lr] ep=1388 kl=0.00107 lr_mult=10.000
Ep 1388: R=     9.0 len=  9 avg_R=    10.0 loss=20.9929 temp=0.71 total_env_steps=17454 t=0.08s
  [kl-lr] ep=1389 kl=0.00000 lr_mult=10.000
Ep 1389: R=    10.0 len= 10 avg_R=    10.0 loss=14.8826 temp=0.71 total_env_steps=17464 t=0.07s
  [kl-lr] ep=1390 kl=0.00831 lr_mult=10.000
Ep 1390: R=     9.0 len=  9 avg_R=    10.0 loss=23.5986 temp=0.71 total_env_steps=17473 t=0.07s
  [kl-lr] ep=1391 kl=0.00095 lr_mult=10.000
Ep 1391: R=    10.0 len= 10 avg_R=    10.0 loss=19.9685 temp=0.71 total_env_steps=17483 t=0.08s
  [kl-lr] ep=1392 kl=0.00185 lr_mult=10.000
Ep 1392: R=     9.0 len=  9 avg_R=     9.9 loss=16.9700 temp=0.71 total_env_steps=17492 t=0.06s
  [kl-lr] ep=1393 kl=0.00018 lr_mult=10.000
Ep 1393: R=     9.0 len=  9 avg_R=     9.9 loss=18.8113 temp=0.71 total_env_steps=17501 t=0.08s
  [kl-lr] ep=1394 kl=0.00638 lr_mult=10.000
Ep 1394: R=    10.0 len= 10 avg_R=     9.9 loss=17.8764 temp=0.71 total_env_steps=17511 t=0.08s
  [kl-lr] ep=1395 kl=0.00952 lr_mult=10.000
Ep 1395: R=    10.0 len= 10 avg_R=     9.9 loss=17.3423 temp=0.70 total_env_steps=17521 t=0.08s
  [kl-lr] ep=1396 kl=0.00688 lr_mult=10.000
Ep 1396: R=     9.0 len=  9 avg_R=     9.9 loss=22.9267 temp=0.70 total_env_steps=17530 t=0.08s
  [kl-lr] ep=1397 kl=0.00025 lr_mult=10.000
Ep 1397: R=     9.0 len=  9 avg_R=     9.9 loss=18.7779 temp=0.70 total_env_steps=17539 t=0.07s
  [kl-lr] ep=1398 kl=0.00071 lr_mult=10.000
Ep 1398: R=    12.0 len= 12 avg_R=     9.9 loss=19.6577 temp=0.70 total_env_steps=17551 t=0.07s
  [kl-lr] ep=1399 kl=0.01983 lr_mult=10.000
Ep 1399: R=     9.0 len=  9 avg_R=     9.9 loss=20.6652 temp=0.70 total_env_steps=17560 t=0.08s
  [kl-lr] ep=1400 kl=0.00387 lr_mult=10.000
Ep 1400: R=    11.0 len= 11 avg_R=     9.9 loss=18.5858 temp=0.70 total_env_steps=17571 t=0.08s
  greedy eval 9.4 / 475（近20局 self-play 9.6，total_env_steps=17571）
  [kl-lr] ep=1401 kl=0.00023 lr_mult=10.000
Ep 1401: R=     9.0 len=  9 avg_R=     9.9 loss=16.0380 temp=0.70 total_env_steps=17580 t=0.09s
  [kl-lr] ep=1402 kl=0.00066 lr_mult=10.000
Ep 1402: R=    10.0 len= 10 avg_R=     9.9 loss=17.8927 temp=0.70 total_env_steps=17590 t=0.08s
  [kl-lr] ep=1403 kl=0.00872 lr_mult=10.000
Ep 1403: R=     9.0 len=  9 avg_R=     9.9 loss=20.5886 temp=0.70 total_env_steps=17599 t=0.07s
  [kl-lr] ep=1404 kl=0.00534 lr_mult=10.000
Ep 1404: R=     9.0 len=  9 avg_R=     9.9 loss=22.7692 temp=0.70 total_env_steps=17608 t=0.08s
  [kl-lr] ep=1405 kl=0.00345 lr_mult=10.000
Ep 1405: R=     9.0 len=  9 avg_R=     9.9 loss=15.1556 temp=0.70 total_env_steps=17617 t=0.08s
  [kl-lr] ep=1406 kl=0.00915 lr_mult=10.000
Ep 1406: R=    11.0 len= 11 avg_R=     9.9 loss=16.0974 temp=0.70 total_env_steps=17628 t=0.08s
  [kl-lr] ep=1407 kl=0.00218 lr_mult=10.000
Ep 1407: R=     9.0 len=  9 avg_R=     9.8 loss=18.5423 temp=0.70 total_env_steps=17637 t=0.07s
  [kl-lr] ep=1408 kl=0.03802 lr_mult=10.000
Ep 1408: R=     9.0 len=  9 avg_R=     9.8 loss=20.3789 temp=0.69 total_env_steps=17646 t=0.08s
  [kl-lr] ep=1409 kl=0.02496 lr_mult=10.000
Ep 1409: R=    10.0 len= 10 avg_R=     9.8 loss=18.9567 temp=0.69 total_env_steps=17656 t=0.08s
  [kl-lr] ep=1410 kl=0.00120 lr_mult=10.000
Ep 1410: R=     9.0 len=  9 avg_R=     9.8 loss=17.0326 temp=0.69 total_env_steps=17665 t=0.07s
  [kl-lr] ep=1411 kl=0.00014 lr_mult=10.000
Ep 1411: R=    11.0 len= 11 avg_R=     9.8 loss=18.6542 temp=0.69 total_env_steps=17676 t=0.08s
  [kl-lr] ep=1412 kl=0.00011 lr_mult=10.000
Ep 1412: R=     9.0 len=  9 avg_R=     9.8 loss=16.4483 temp=0.69 total_env_steps=17685 t=0.07s
  [kl-lr] ep=1413 kl=0.00200 lr_mult=10.000
Ep 1413: R=     9.0 len=  9 avg_R=     9.8 loss=18.4692 temp=0.69 total_env_steps=17694 t=0.07s
  [kl-lr] ep=1414 kl=0.00138 lr_mult=10.000
Ep 1414: R=     9.0 len=  9 avg_R=     9.8 loss=15.9792 temp=0.69 total_env_steps=17703 t=0.07s
  [kl-lr] ep=1415 kl=0.00014 lr_mult=10.000
Ep 1415: R=    11.0 len= 11 avg_R=     9.8 loss=16.6727 temp=0.69 total_env_steps=17714 t=0.07s
  [kl-lr] ep=1416 kl=0.00022 lr_mult=10.000
Ep 1416: R=     9.0 len=  9 avg_R=     9.8 loss=17.1338 temp=0.69 total_env_steps=17723 t=0.07s
  [kl-lr] ep=1417 kl=0.00006 lr_mult=10.000
Ep 1417: R=     9.0 len=  9 avg_R=     9.8 loss=18.7948 temp=0.69 total_env_steps=17732 t=0.07s
  [kl-lr] ep=1418 kl=0.00073 lr_mult=10.000
Ep 1418: R=     9.0 len=  9 avg_R=     9.8 loss=14.6784 temp=0.69 total_env_steps=17741 t=0.08s
  [kl-lr] ep=1419 kl=0.00485 lr_mult=10.000
Ep 1419: R=    10.0 len= 10 avg_R=     9.8 loss=21.0895 temp=0.69 total_env_steps=17751 t=0.07s
  [kl-lr] ep=1420 kl=0.00089 lr_mult=10.000
Ep 1420: R=    11.0 len= 11 avg_R=     9.7 loss=16.4367 temp=0.69 total_env_steps=17762 t=0.08s
  [kl-lr] ep=1421 kl=0.01522 lr_mult=10.000
Ep 1421: R=    10.0 len= 10 avg_R=     9.7 loss=16.6555 temp=0.69 total_env_steps=17772 t=0.07s
  [kl-lr] ep=1422 kl=0.01677 lr_mult=10.000
Ep 1422: R=    10.0 len= 10 avg_R=     9.7 loss=16.9979 temp=0.68 total_env_steps=17782 t=0.07s
  [kl-lr] ep=1423 kl=0.02518 lr_mult=10.000
Ep 1423: R=     9.0 len=  9 avg_R=     9.7 loss=17.5900 temp=0.68 total_env_steps=17791 t=0.08s
  [kl-lr] ep=1424 kl=0.01093 lr_mult=10.000
Ep 1424: R=     9.0 len=  9 avg_R=     9.7 loss=19.9917 temp=0.68 total_env_steps=17800 t=0.07s
  [kl-lr] ep=1425 kl=0.00037 lr_mult=10.000
Ep 1425: R=     9.0 len=  9 avg_R=     9.7 loss=21.1675 temp=0.68 total_env_steps=17809 t=0.08s
  greedy eval 9.4 / 475（近20局 self-play 9.6，total_env_steps=17809）
  [kl-lr] ep=1426 kl=0.00528 lr_mult=10.000
Ep 1426: R=    12.0 len= 12 avg_R=     9.7 loss=19.4345 temp=0.68 total_env_steps=17821 t=0.08s
  [kl-lr] ep=1427 kl=0.00014 lr_mult=10.000
Ep 1427: R=    11.0 len= 11 avg_R=     9.8 loss=15.0552 temp=0.68 total_env_steps=17832 t=0.08s
  [kl-lr] ep=1428 kl=0.01567 lr_mult=10.000
Ep 1428: R=    11.0 len= 11 avg_R=     9.8 loss=23.0990 temp=0.68 total_env_steps=17843 t=0.08s
  [kl-lr] ep=1429 kl=0.01083 lr_mult=10.000
Ep 1429: R=    10.0 len= 10 avg_R=     9.8 loss=17.0244 temp=0.68 total_env_steps=17853 t=0.08s
  [kl-lr] ep=1430 kl=0.00493 lr_mult=10.000
Ep 1430: R=    10.0 len= 10 avg_R=     9.8 loss=17.2437 temp=0.68 total_env_steps=17863 t=0.07s
  [kl-lr] ep=1431 kl=0.02523 lr_mult=10.000
Ep 1431: R=    10.0 len= 10 avg_R=     9.8 loss=17.8614 temp=0.68 total_env_steps=17873 t=0.07s
  [kl-lr] ep=1432 kl=0.02851 lr_mult=10.000
Ep 1432: R=     9.0 len=  9 avg_R=     9.8 loss=16.6788 temp=0.68 total_env_steps=17882 t=0.08s
  [kl-lr] ep=1433 kl=0.01339 lr_mult=10.000
Ep 1433: R=    10.0 len= 10 avg_R=     9.8 loss=15.7206 temp=0.68 total_env_steps=17892 t=0.07s
  [kl-lr] ep=1434 kl=0.00505 lr_mult=10.000
Ep 1434: R=    10.0 len= 10 avg_R=     9.8 loss=17.0007 temp=0.68 total_env_steps=17902 t=0.07s
  [kl-lr] ep=1435 kl=0.01159 lr_mult=10.000
Ep 1435: R=    10.0 len= 10 avg_R=     9.8 loss=17.6703 temp=0.67 total_env_steps=17912 t=0.07s
  [kl-lr] ep=1436 kl=0.03783 lr_mult=10.000
Ep 1436: R=    11.0 len= 11 avg_R=     9.8 loss=12.9190 temp=0.67 total_env_steps=17923 t=0.07s
  [kl-lr] ep=1437 kl=0.00028 lr_mult=10.000
Ep 1437: R=     9.0 len=  9 avg_R=     9.8 loss=18.6402 temp=0.67 total_env_steps=17932 t=0.06s
  [kl-lr] ep=1438 kl=0.01347 lr_mult=10.000
Ep 1438: R=     9.0 len=  9 avg_R=     9.8 loss=24.7467 temp=0.67 total_env_steps=17941 t=0.08s
  [kl-lr] ep=1439 kl=0.00211 lr_mult=10.000
Ep 1439: R=     8.0 len=  8 avg_R=     9.8 loss=17.3487 temp=0.67 total_env_steps=17949 t=0.08s
  [kl-lr] ep=1440 kl=0.00000 lr_mult=10.000
Ep 1440: R=     9.0 len=  9 avg_R=     9.7 loss=18.9562 temp=0.67 total_env_steps=17958 t=0.07s
  [kl-lr] ep=1441 kl=0.00306 lr_mult=10.000
Ep 1441: R=     8.0 len=  8 avg_R=     9.7 loss=16.0740 temp=0.67 total_env_steps=17966 t=0.07s
  [kl-lr] ep=1442 kl=0.03490 lr_mult=10.000
Ep 1442: R=     9.0 len=  9 avg_R=     9.7 loss=15.9219 temp=0.67 total_env_steps=17975 t=0.07s
  [kl-lr] ep=1443 kl=0.01405 lr_mult=10.000
Ep 1443: R=    10.0 len= 10 avg_R=     9.7 loss=17.2920 temp=0.67 total_env_steps=17985 t=0.08s
  [kl-lr] ep=1444 kl=0.00227 lr_mult=10.000
Ep 1444: R=    12.0 len= 12 avg_R=     9.7 loss=14.6910 temp=0.67 total_env_steps=17997 t=0.07s
  [kl-lr] ep=1445 kl=0.00680 lr_mult=10.000
Ep 1445: R=     9.0 len=  9 avg_R=     9.7 loss=15.9162 temp=0.67 total_env_steps=18006 t=0.07s
  [kl-lr] ep=1446 kl=0.00002 lr_mult=10.000
Ep 1446: R=     9.0 len=  9 avg_R=     9.6 loss=18.3316 temp=0.67 total_env_steps=18015 t=0.07s
  [kl-lr] ep=1447 kl=0.00252 lr_mult=10.000
Ep 1447: R=    10.0 len= 10 avg_R=     9.6 loss=16.8903 temp=0.67 total_env_steps=18025 t=0.08s
  [kl-lr] ep=1448 kl=0.00111 lr_mult=10.000
Ep 1448: R=    11.0 len= 11 avg_R=     9.7 loss=17.0596 temp=0.66 total_env_steps=18036 t=0.08s
  [kl-lr] ep=1449 kl=0.00024 lr_mult=10.000
Ep 1449: R=    10.0 len= 10 avg_R=     9.7 loss=18.1136 temp=0.66 total_env_steps=18046 t=0.08s
  [kl-lr] ep=1450 kl=0.00416 lr_mult=10.000
Ep 1450: R=    10.0 len= 10 avg_R=     9.7 loss=15.4031 temp=0.66 total_env_steps=18056 t=0.07s
  greedy eval 9.4 / 475（近20局 self-play 9.6，total_env_steps=18056）
  [kl-lr] ep=1451 kl=0.03304 lr_mult=10.000
Ep 1451: R=    10.0 len= 10 avg_R=     9.7 loss=16.7280 temp=0.66 total_env_steps=18066 t=0.07s
  [kl-lr] ep=1452 kl=0.03511 lr_mult=10.000
Ep 1452: R=    10.0 len= 10 avg_R=     9.7 loss=16.6510 temp=0.66 total_env_steps=18076 t=0.08s
  [kl-lr] ep=1453 kl=0.00233 lr_mult=10.000
Ep 1453: R=     9.0 len=  9 avg_R=     9.7 loss=17.5396 temp=0.66 total_env_steps=18085 t=0.07s
  [kl-lr] ep=1454 kl=0.00092 lr_mult=10.000
Ep 1454: R=    10.0 len= 10 avg_R=     9.7 loss=18.1998 temp=0.66 total_env_steps=18095 t=0.08s
  [kl-lr] ep=1455 kl=0.00665 lr_mult=10.000
Ep 1455: R=    11.0 len= 11 avg_R=     9.7 loss=14.7612 temp=0.66 total_env_steps=18106 t=0.08s
  [kl-lr] ep=1456 kl=0.00016 lr_mult=10.000
Ep 1456: R=     9.0 len=  9 avg_R=     9.7 loss=16.8541 temp=0.66 total_env_steps=18115 t=0.07s
  [kl-lr] ep=1457 kl=0.00187 lr_mult=10.000
Ep 1457: R=     9.0 len=  9 avg_R=     9.7 loss=17.6896 temp=0.66 total_env_steps=18124 t=0.08s
  [kl-lr] ep=1458 kl=0.00047 lr_mult=10.000
Ep 1458: R=    10.0 len= 10 avg_R=     9.7 loss=19.4774 temp=0.66 total_env_steps=18134 t=0.07s
  [kl-lr] ep=1459 kl=0.00148 lr_mult=10.000
Ep 1459: R=     8.0 len=  8 avg_R=     9.7 loss=18.7487 temp=0.66 total_env_steps=18142 t=0.08s
  [kl-lr] ep=1460 kl=0.00268 lr_mult=10.000
Ep 1460: R=     9.0 len=  9 avg_R=     9.7 loss=16.5618 temp=0.66 total_env_steps=18151 t=0.07s
  [kl-lr] ep=1461 kl=0.00031 lr_mult=10.000
Ep 1461: R=    10.0 len= 10 avg_R=     9.7 loss=19.6519 temp=0.65 total_env_steps=18161 t=0.08s
  [kl-lr] ep=1462 kl=0.00177 lr_mult=10.000
Ep 1462: R=    10.0 len= 10 avg_R=     9.7 loss=18.1052 temp=0.65 total_env_steps=18171 t=0.09s
  [kl-lr] ep=1463 kl=0.00740 lr_mult=10.000
Ep 1463: R=    11.0 len= 11 avg_R=     9.7 loss=17.3917 temp=0.65 total_env_steps=18182 t=0.07s
  [kl-lr] ep=1464 kl=0.02161 lr_mult=10.000
Ep 1464: R=     9.0 len=  9 avg_R=     9.7 loss=18.9344 temp=0.65 total_env_steps=18191 t=0.07s
  [kl-lr] ep=1465 kl=0.02872 lr_mult=10.000
Ep 1465: R=    10.0 len= 10 avg_R=     9.7 loss=15.9220 temp=0.65 total_env_steps=18201 t=0.07s
  [kl-lr] ep=1466 kl=0.00222 lr_mult=10.000
Ep 1466: R=    10.0 len= 10 avg_R=     9.7 loss=15.4557 temp=0.65 total_env_steps=18211 t=0.08s
  [kl-lr] ep=1467 kl=0.00706 lr_mult=10.000
Ep 1467: R=     9.0 len=  9 avg_R=     9.7 loss=18.2572 temp=0.65 total_env_steps=18220 t=0.07s
  [kl-lr] ep=1468 kl=0.00190 lr_mult=10.000
Ep 1468: R=    10.0 len= 10 avg_R=     9.7 loss=17.7960 temp=0.65 total_env_steps=18230 t=0.08s
  [kl-lr] ep=1469 kl=0.00286 lr_mult=10.000
Ep 1469: R=    12.0 len= 12 avg_R=     9.7 loss=17.8391 temp=0.65 total_env_steps=18242 t=0.06s
  [kl-lr] ep=1470 kl=0.01927 lr_mult=10.000
Ep 1470: R=    10.0 len= 10 avg_R=     9.7 loss=23.7229 temp=0.65 total_env_steps=18252 t=0.08s
  [kl-lr] ep=1471 kl=0.02491 lr_mult=10.000
Ep 1471: R=     9.0 len=  9 avg_R=     9.7 loss=18.6490 temp=0.65 total_env_steps=18261 t=0.07s
  [kl-lr] ep=1472 kl=0.00021 lr_mult=10.000
Ep 1472: R=     9.0 len=  9 avg_R=     9.7 loss=17.7418 temp=0.65 total_env_steps=18270 t=0.07s
  [kl-lr] ep=1473 kl=0.01803 lr_mult=10.000
Ep 1473: R=     9.0 len=  9 avg_R=     9.7 loss=16.4417 temp=0.65 total_env_steps=18279 t=0.08s
  [kl-lr] ep=1474 kl=0.02906 lr_mult=10.000
Ep 1474: R=     9.0 len=  9 avg_R=     9.7 loss=18.5834 temp=0.65 total_env_steps=18288 t=0.08s
  [kl-lr] ep=1475 kl=0.00132 lr_mult=10.000
Ep 1475: R=     9.0 len=  9 avg_R=     9.6 loss=15.5417 temp=0.64 total_env_steps=18297 t=0.07s
  greedy eval 9.4 / 475（近20局 self-play 9.6，total_env_steps=18297）
  [kl-lr] ep=1476 kl=0.00035 lr_mult=10.000
Ep 1476: R=    10.0 len= 10 avg_R=     9.7 loss=15.8322 temp=0.64 total_env_steps=18307 t=0.07s
  [kl-lr] ep=1477 kl=0.00003 lr_mult=10.000
Ep 1477: R=    10.0 len= 10 avg_R=     9.7 loss=15.6161 temp=0.64 total_env_steps=18317 t=0.08s
  [kl-lr] ep=1478 kl=0.00004 lr_mult=10.000
Ep 1478: R=    10.0 len= 10 avg_R=     9.7 loss=14.5478 temp=0.64 total_env_steps=18327 t=0.07s
  [kl-lr] ep=1479 kl=0.00581 lr_mult=10.000
Ep 1479: R=    10.0 len= 10 avg_R=     9.7 loss=16.4941 temp=0.64 total_env_steps=18337 t=0.06s
  [kl-lr] ep=1480 kl=0.03263 lr_mult=10.000
Ep 1480: R=    10.0 len= 10 avg_R=     9.7 loss=17.9313 temp=0.64 total_env_steps=18347 t=0.07s
  [kl-lr] ep=1481 kl=0.02762 lr_mult=10.000
Ep 1481: R=    10.0 len= 10 avg_R=     9.7 loss=13.7365 temp=0.64 total_env_steps=18357 t=0.07s
  [kl-lr] ep=1482 kl=0.00178 lr_mult=10.000
Ep 1482: R=    10.0 len= 10 avg_R=     9.7 loss=16.5819 temp=0.64 total_env_steps=18367 t=0.08s
  [kl-lr] ep=1483 kl=0.00353 lr_mult=10.000
Ep 1483: R=    10.0 len= 10 avg_R=     9.7 loss=18.6905 temp=0.64 total_env_steps=18377 t=0.08s
  [kl-lr] ep=1484 kl=0.00463 lr_mult=10.000
Ep 1484: R=    13.0 len= 13 avg_R=     9.7 loss=17.6540 temp=0.64 total_env_steps=18390 t=0.07s
  [kl-lr] ep=1485 kl=0.00413 lr_mult=10.000
Ep 1485: R=    11.0 len= 11 avg_R=     9.8 loss=16.4306 temp=0.64 total_env_steps=18401 t=0.07s
  [kl-lr] ep=1486 kl=0.01540 lr_mult=10.000
Ep 1486: R=     9.0 len=  9 avg_R=     9.8 loss=19.2632 temp=0.64 total_env_steps=18410 t=0.08s
  [kl-lr] ep=1487 kl=0.01481 lr_mult=10.000
Ep 1487: R=     9.0 len=  9 avg_R=     9.7 loss=18.7774 temp=0.64 total_env_steps=18419 t=0.08s
  [kl-lr] ep=1488 kl=-0.00000 lr_mult=10.000
Ep 1488: R=    11.0 len= 11 avg_R=     9.8 loss=17.5021 temp=0.63 total_env_steps=18430 t=0.08s
  [kl-lr] ep=1489 kl=0.00094 lr_mult=10.000
Ep 1489: R=    10.0 len= 10 avg_R=     9.8 loss=19.3151 temp=0.63 total_env_steps=18440 t=0.07s
  [kl-lr] ep=1490 kl=0.00020 lr_mult=10.000
Ep 1490: R=    10.0 len= 10 avg_R=     9.8 loss=17.5734 temp=0.63 total_env_steps=18450 t=0.08s
  [kl-lr] ep=1491 kl=0.00275 lr_mult=10.000
Ep 1491: R=    10.0 len= 10 avg_R=     9.8 loss=16.5293 temp=0.63 total_env_steps=18460 t=0.08s
  [kl-lr] ep=1492 kl=0.00104 lr_mult=10.000
Ep 1492: R=    10.0 len= 10 avg_R=     9.8 loss=15.3597 temp=0.63 total_env_steps=18470 t=0.07s
  [kl-lr] ep=1493 kl=0.00273 lr_mult=10.000
Ep 1493: R=    10.0 len= 10 avg_R=     9.8 loss=17.7449 temp=0.63 total_env_steps=18480 t=0.08s
  [kl-lr] ep=1494 kl=0.00955 lr_mult=10.000
Ep 1494: R=    10.0 len= 10 avg_R=     9.8 loss=18.0391 temp=0.63 total_env_steps=18490 t=0.08s
  [kl-lr] ep=1495 kl=0.00521 lr_mult=10.000
Ep 1495: R=     9.0 len=  9 avg_R=     9.8 loss=17.8560 temp=0.63 total_env_steps=18499 t=0.09s
  [kl-lr] ep=1496 kl=0.00032 lr_mult=10.000
Ep 1496: R=     8.0 len=  8 avg_R=     9.8 loss=16.2906 temp=0.63 total_env_steps=18507 t=0.07s
  [kl-lr] ep=1497 kl=0.00142 lr_mult=10.000
Ep 1497: R=    10.0 len= 10 avg_R=     9.8 loss=19.2319 temp=0.63 total_env_steps=18517 t=0.07s
  [kl-lr] ep=1498 kl=0.00179 lr_mult=10.000
Ep 1498: R=     9.0 len=  9 avg_R=     9.8 loss=16.4895 temp=0.63 total_env_steps=18526 t=0.08s
  [kl-lr] ep=1499 kl=0.00033 lr_mult=10.000
Ep 1499: R=     8.0 len=  8 avg_R=     9.7 loss=21.1460 temp=0.63 total_env_steps=18534 t=0.07s
  [kl-lr] ep=1500 kl=0.00548 lr_mult=10.000
Ep 1500: R=     9.0 len=  9 avg_R=     9.7 loss=18.0503 temp=0.63 total_env_steps=18543 t=0.07s
  greedy eval 9.4 / 475（近20局 self-play 9.8，total_env_steps=18543）
  [kl-lr] ep=1501 kl=0.00365 lr_mult=10.000
Ep 1501: R=    10.0 len= 10 avg_R=     9.7 loss=16.8466 temp=0.62 total_env_steps=18553 t=0.07s
  [kl-lr] ep=1502 kl=0.00409 lr_mult=10.000
Ep 1502: R=    11.0 len= 11 avg_R=     9.7 loss=15.9137 temp=0.62 total_env_steps=18564 t=0.07s
  [kl-lr] ep=1503 kl=0.01283 lr_mult=10.000
Ep 1503: R=     9.0 len=  9 avg_R=     9.7 loss=16.6478 temp=0.62 total_env_steps=18573 t=0.08s
  [kl-lr] ep=1504 kl=0.02987 lr_mult=10.000
Ep 1504: R=    10.0 len= 10 avg_R=     9.8 loss=18.5937 temp=0.62 total_env_steps=18583 t=0.07s
  [kl-lr] ep=1505 kl=0.02283 lr_mult=10.000
Ep 1505: R=     9.0 len=  9 avg_R=     9.8 loss=16.1120 temp=0.62 total_env_steps=18592 t=0.08s
  [kl-lr] ep=1506 kl=0.01430 lr_mult=10.000
Ep 1506: R=    12.0 len= 12 avg_R=     9.8 loss=15.4112 temp=0.62 total_env_steps=18604 t=0.07s
  [kl-lr] ep=1507 kl=0.00006 lr_mult=10.000
Ep 1507: R=    10.0 len= 10 avg_R=     9.8 loss=16.0171 temp=0.62 total_env_steps=18614 t=0.07s
  [kl-lr] ep=1508 kl=0.01357 lr_mult=10.000
Ep 1508: R=    10.0 len= 10 avg_R=     9.8 loss=15.7035 temp=0.62 total_env_steps=18624 t=0.08s
  [kl-lr] ep=1509 kl=0.01866 lr_mult=10.000
Ep 1509: R=     9.0 len=  9 avg_R=     9.8 loss=15.2082 temp=0.62 total_env_steps=18633 t=0.07s
  [kl-lr] ep=1510 kl=0.01622 lr_mult=10.000
Ep 1510: R=    10.0 len= 10 avg_R=     9.8 loss=19.2631 temp=0.62 total_env_steps=18643 t=0.07s
  [kl-lr] ep=1511 kl=0.01126 lr_mult=10.000
Ep 1511: R=    12.0 len= 12 avg_R=     9.8 loss=16.0717 temp=0.62 total_env_steps=18655 t=0.07s
  [kl-lr] ep=1512 kl=0.00006 lr_mult=10.000
Ep 1512: R=    10.0 len= 10 avg_R=     9.8 loss=19.3917 temp=0.62 total_env_steps=18665 t=0.08s
  [kl-lr] ep=1513 kl=0.00898 lr_mult=10.000
Ep 1513: R=     8.0 len=  8 avg_R=     9.8 loss=15.6793 temp=0.62 total_env_steps=18673 t=0.08s
  [kl-lr] ep=1514 kl=0.01699 lr_mult=10.000
Ep 1514: R=    10.0 len= 10 avg_R=     9.8 loss=16.6671 temp=0.62 total_env_steps=18683 t=0.06s
  [kl-lr] ep=1515 kl=0.02963 lr_mult=10.000
Ep 1515: R=    10.0 len= 10 avg_R=     9.8 loss=20.3645 temp=0.61 total_env_steps=18693 t=0.08s
  [kl-lr] ep=1516 kl=0.03089 lr_mult=10.000
Ep 1516: R=     8.0 len=  8 avg_R=     9.8 loss=15.4667 temp=0.61 total_env_steps=18701 t=0.08s
  [kl-lr] ep=1517 kl=0.00015 lr_mult=10.000
Ep 1517: R=    10.0 len= 10 avg_R=     9.8 loss=17.6398 temp=0.61 total_env_steps=18711 t=0.07s
  [kl-lr] ep=1518 kl=0.00281 lr_mult=10.000
Ep 1518: R=    10.0 len= 10 avg_R=     9.8 loss=16.8386 temp=0.61 total_env_steps=18721 t=0.07s
  [kl-lr] ep=1519 kl=0.00009 lr_mult=10.000
Ep 1519: R=     8.0 len=  8 avg_R=     9.8 loss=18.2455 temp=0.61 total_env_steps=18729 t=0.08s
  [kl-lr] ep=1520 kl=0.00476 lr_mult=10.000
Ep 1520: R=    10.0 len= 10 avg_R=     9.8 loss=18.0395 temp=0.61 total_env_steps=18739 t=0.07s
  [kl-lr] ep=1521 kl=0.02121 lr_mult=10.000
Ep 1521: R=    11.0 len= 11 avg_R=     9.8 loss=16.9608 temp=0.61 total_env_steps=18750 t=0.08s
  [kl-lr] ep=1522 kl=0.01418 lr_mult=10.000
Ep 1522: R=    10.0 len= 10 avg_R=     9.8 loss=20.9754 temp=0.61 total_env_steps=18760 t=0.08s
  [kl-lr] ep=1523 kl=0.01473 lr_mult=10.000
Ep 1523: R=    11.0 len= 11 avg_R=     9.8 loss=15.5346 temp=0.61 total_env_steps=18771 t=0.07s
  [kl-lr] ep=1524 kl=0.00020 lr_mult=10.000
Ep 1524: R=     9.0 len=  9 avg_R=     9.8 loss=15.8248 temp=0.61 total_env_steps=18780 t=0.08s
  [kl-lr] ep=1525 kl=0.00580 lr_mult=10.000
Ep 1525: R=    12.0 len= 12 avg_R=     9.8 loss=14.5029 temp=0.61 total_env_steps=18792 t=0.07s
  greedy eval 9.4 / 475（近20局 self-play 10.0，total_env_steps=18792）
  [kl-lr] ep=1526 kl=0.00002 lr_mult=10.000
Ep 1526: R=    11.0 len= 11 avg_R=     9.8 loss=18.7904 temp=0.61 total_env_steps=18803 t=0.09s
  [kl-lr] ep=1527 kl=0.00634 lr_mult=10.000
Ep 1527: R=     9.0 len=  9 avg_R=     9.8 loss=18.6331 temp=0.61 total_env_steps=18812 t=0.08s
  [kl-lr] ep=1528 kl=0.00861 lr_mult=10.000
Ep 1528: R=    10.0 len= 10 avg_R=     9.8 loss=19.9012 temp=0.60 total_env_steps=18822 t=0.08s
  [kl-lr] ep=1529 kl=0.00006 lr_mult=10.000
Ep 1529: R=    10.0 len= 10 avg_R=     9.8 loss=16.2666 temp=0.60 total_env_steps=18832 t=0.07s
  [kl-lr] ep=1530 kl=0.00157 lr_mult=10.000
Ep 1530: R=     9.0 len=  9 avg_R=     9.8 loss=17.2418 temp=0.60 total_env_steps=18841 t=0.07s
  [kl-lr] ep=1531 kl=0.00503 lr_mult=10.000
Ep 1531: R=    11.0 len= 11 avg_R=     9.8 loss=17.9015 temp=0.60 total_env_steps=18852 t=0.07s
  [kl-lr] ep=1532 kl=0.00013 lr_mult=10.000
Ep 1532: R=     9.0 len=  9 avg_R=     9.8 loss=15.7565 temp=0.60 total_env_steps=18861 t=0.07s
  [kl-lr] ep=1533 kl=0.00196 lr_mult=10.000
Ep 1533: R=     9.0 len=  9 avg_R=     9.8 loss=18.4799 temp=0.60 total_env_steps=18870 t=0.08s
  [kl-lr] ep=1534 kl=0.00118 lr_mult=10.000
Ep 1534: R=    10.0 len= 10 avg_R=     9.8 loss=18.6658 temp=0.60 total_env_steps=18880 t=0.08s
  [kl-lr] ep=1535 kl=0.00229 lr_mult=10.000
Ep 1535: R=    10.0 len= 10 avg_R=     9.8 loss=17.3631 temp=0.60 total_env_steps=18890 t=0.08s
  [kl-lr] ep=1536 kl=0.00005 lr_mult=10.000
Ep 1536: R=     8.0 len=  8 avg_R=     9.8 loss=17.9354 temp=0.60 total_env_steps=18898 t=0.07s
  [kl-lr] ep=1537 kl=0.00142 lr_mult=10.000
Ep 1537: R=     8.0 len=  8 avg_R=     9.7 loss=19.8159 temp=0.60 total_env_steps=18906 t=0.07s
  [kl-lr] ep=1538 kl=0.00787 lr_mult=10.000
Ep 1538: R=    10.0 len= 10 avg_R=     9.8 loss=18.1308 temp=0.60 total_env_steps=18916 t=0.07s
  [kl-lr] ep=1539 kl=0.00774 lr_mult=10.000
Ep 1539: R=    11.0 len= 11 avg_R=     9.8 loss=15.2151 temp=0.60 total_env_steps=18927 t=0.08s
  [kl-lr] ep=1540 kl=0.01328 lr_mult=10.000
Ep 1540: R=     9.0 len=  9 avg_R=     9.8 loss=15.5275 temp=0.60 total_env_steps=18936 t=0.06s
  [kl-lr] ep=1541 kl=0.00008 lr_mult=10.000
Ep 1541: R=    10.0 len= 10 avg_R=     9.8 loss=14.0176 temp=0.59 total_env_steps=18946 t=0.06s
  [kl-lr] ep=1542 kl=0.01121 lr_mult=10.000
Ep 1542: R=    10.0 len= 10 avg_R=     9.8 loss=17.3272 temp=0.59 total_env_steps=18956 t=0.08s
  [kl-lr] ep=1543 kl=0.01018 lr_mult=10.000
Ep 1543: R=     9.0 len=  9 avg_R=     9.8 loss=15.7424 temp=0.59 total_env_steps=18965 t=0.07s
  [kl-lr] ep=1544 kl=0.00051 lr_mult=10.000
Ep 1544: R=     9.0 len=  9 avg_R=     9.8 loss=18.3705 temp=0.59 total_env_steps=18974 t=0.08s
  [kl-lr] ep=1545 kl=0.00229 lr_mult=10.000
Ep 1545: R=    10.0 len= 10 avg_R=     9.8 loss=15.1825 temp=0.59 total_env_steps=18984 t=0.08s
  [kl-lr] ep=1546 kl=0.00167 lr_mult=10.000
Ep 1546: R=    10.0 len= 10 avg_R=     9.8 loss=15.0777 temp=0.59 total_env_steps=18994 t=0.08s
  [kl-lr] ep=1547 kl=0.00142 lr_mult=10.000
Ep 1547: R=    10.0 len= 10 avg_R=     9.8 loss=16.3917 temp=0.59 total_env_steps=19004 t=0.08s
  [kl-lr] ep=1548 kl=0.00096 lr_mult=10.000
Ep 1548: R=     9.0 len=  9 avg_R=     9.8 loss=16.4819 temp=0.59 total_env_steps=19013 t=0.07s
  [kl-lr] ep=1549 kl=0.00186 lr_mult=10.000
Ep 1549: R=     9.0 len=  9 avg_R=     9.8 loss=15.9062 temp=0.59 total_env_steps=19022 t=0.08s
  [kl-lr] ep=1550 kl=0.00494 lr_mult=10.000
Ep 1550: R=     8.0 len=  8 avg_R=     9.7 loss=16.8772 temp=0.59 total_env_steps=19030 t=0.07s
  greedy eval 9.4 / 475（近20局 self-play 9.4，total_env_steps=19030）
  [kl-lr] ep=1551 kl=0.00213 lr_mult=10.000
Ep 1551: R=    10.0 len= 10 avg_R=     9.7 loss=15.6319 temp=0.59 total_env_steps=19040 t=0.08s
  [kl-lr] ep=1552 kl=0.00070 lr_mult=10.000
Ep 1552: R=     8.0 len=  8 avg_R=     9.7 loss=17.6601 temp=0.59 total_env_steps=19048 t=0.06s
  [kl-lr] ep=1553 kl=0.00005 lr_mult=10.000
Ep 1553: R=    10.0 len= 10 avg_R=     9.7 loss=17.1601 temp=0.59 total_env_steps=19058 t=0.08s
  [kl-lr] ep=1554 kl=0.00231 lr_mult=10.000
Ep 1554: R=    10.0 len= 10 avg_R=     9.7 loss=17.6658 temp=0.59 total_env_steps=19068 t=0.08s
  [kl-lr] ep=1555 kl=0.01293 lr_mult=10.000
Ep 1555: R=     8.0 len=  8 avg_R=     9.7 loss=15.7451 temp=0.58 total_env_steps=19076 t=0.07s
  [kl-lr] ep=1556 kl=0.00869 lr_mult=10.000
Ep 1556: R=    11.0 len= 11 avg_R=     9.7 loss=14.0981 temp=0.58 total_env_steps=19087 t=0.07s
  [kl-lr] ep=1557 kl=0.00228 lr_mult=10.000
Ep 1557: R=    10.0 len= 10 avg_R=     9.7 loss=16.6788 temp=0.58 total_env_steps=19097 t=0.09s
  [kl-lr] ep=1558 kl=0.00088 lr_mult=10.000
Ep 1558: R=    10.0 len= 10 avg_R=     9.7 loss=16.5062 temp=0.58 total_env_steps=19107 t=0.08s
  [kl-lr] ep=1559 kl=0.00190 lr_mult=10.000
Ep 1559: R=     9.0 len=  9 avg_R=     9.7 loss=17.3533 temp=0.58 total_env_steps=19116 t=0.07s
  [kl-lr] ep=1560 kl=0.00185 lr_mult=10.000
Ep 1560: R=    10.0 len= 10 avg_R=     9.8 loss=17.2160 temp=0.58 total_env_steps=19126 t=0.08s
  [kl-lr] ep=1561 kl=0.00161 lr_mult=10.000
Ep 1561: R=     9.0 len=  9 avg_R=     9.7 loss=17.6665 temp=0.58 total_env_steps=19135 t=0.08s
  [kl-lr] ep=1562 kl=0.01255 lr_mult=10.000
Ep 1562: R=    10.0 len= 10 avg_R=     9.7 loss=16.1361 temp=0.58 total_env_steps=19145 t=0.08s
  [kl-lr] ep=1563 kl=0.00569 lr_mult=10.000
Ep 1563: R=    10.0 len= 10 avg_R=     9.7 loss=16.3177 temp=0.58 total_env_steps=19155 t=0.08s
  [kl-lr] ep=1564 kl=0.00512 lr_mult=10.000
Ep 1564: R=     9.0 len=  9 avg_R=     9.7 loss=18.3492 temp=0.58 total_env_steps=19164 t=0.07s
  [kl-lr] ep=1565 kl=0.00111 lr_mult=10.000
Ep 1565: R=    10.0 len= 10 avg_R=     9.7 loss=14.2000 temp=0.58 total_env_steps=19174 t=0.07s
  [kl-lr] ep=1566 kl=0.02425 lr_mult=10.000
Ep 1566: R=     8.0 len=  8 avg_R=     9.7 loss=18.1175 temp=0.58 total_env_steps=19182 t=0.07s
  [kl-lr] ep=1567 kl=0.01143 lr_mult=10.000
Ep 1567: R=    10.0 len= 10 avg_R=     9.7 loss=17.3129 temp=0.58 total_env_steps=19192 t=0.07s
  [kl-lr] ep=1568 kl=0.00017 lr_mult=10.000
Ep 1568: R=    10.0 len= 10 avg_R=     9.7 loss=16.2014 temp=0.57 total_env_steps=19202 t=0.07s
  [kl-lr] ep=1569 kl=0.00032 lr_mult=10.000
Ep 1569: R=     9.0 len=  9 avg_R=     9.7 loss=15.4079 temp=0.57 total_env_steps=19211 t=0.08s
  [kl-lr] ep=1570 kl=0.00492 lr_mult=10.000
Ep 1570: R=    10.0 len= 10 avg_R=     9.7 loss=14.9717 temp=0.57 total_env_steps=19221 t=0.07s
  [kl-lr] ep=1571 kl=0.02639 lr_mult=10.000
Ep 1571: R=     9.0 len=  9 avg_R=     9.7 loss=19.1900 temp=0.57 total_env_steps=19230 t=0.08s
  [kl-lr] ep=1572 kl=0.03228 lr_mult=10.000
Ep 1572: R=    11.0 len= 11 avg_R=     9.7 loss=17.0059 temp=0.57 total_env_steps=19241 t=0.08s
  [kl-lr] ep=1573 kl=0.01544 lr_mult=10.000
Ep 1573: R=     9.0 len=  9 avg_R=     9.7 loss=17.0159 temp=0.57 total_env_steps=19250 t=0.07s
  [kl-lr] ep=1574 kl=0.00362 lr_mult=10.000
Ep 1574: R=    10.0 len= 10 avg_R=     9.7 loss=18.1261 temp=0.57 total_env_steps=19260 t=0.08s
  [kl-lr] ep=1575 kl=0.00824 lr_mult=10.000
Ep 1575: R=    10.0 len= 10 avg_R=     9.7 loss=15.6496 temp=0.57 total_env_steps=19270 t=0.07s
  greedy eval 9.4 / 475（近20局 self-play 9.7，total_env_steps=19270）
  [kl-lr] ep=1576 kl=0.00471 lr_mult=10.000
Ep 1576: R=    10.0 len= 10 avg_R=     9.7 loss=15.5915 temp=0.57 total_env_steps=19280 t=0.08s
  [kl-lr] ep=1577 kl=0.00138 lr_mult=10.000
Ep 1577: R=     8.0 len=  8 avg_R=     9.7 loss=16.2265 temp=0.57 total_env_steps=19288 t=0.07s
  [kl-lr] ep=1578 kl=0.00002 lr_mult=10.000
Ep 1578: R=    10.0 len= 10 avg_R=     9.7 loss=13.9461 temp=0.57 total_env_steps=19298 t=0.08s
  [kl-lr] ep=1579 kl=0.00019 lr_mult=10.000
Ep 1579: R=     9.0 len=  9 avg_R=     9.7 loss=14.1720 temp=0.57 total_env_steps=19307 t=0.06s
  [kl-lr] ep=1580 kl=0.00115 lr_mult=10.000
Ep 1580: R=    10.0 len= 10 avg_R=     9.7 loss=16.6678 temp=0.57 total_env_steps=19317 t=0.11s
  [kl-lr] ep=1581 kl=0.00122 lr_mult=10.000
Ep 1581: R=     8.0 len=  8 avg_R=     9.7 loss=15.3646 temp=0.56 total_env_steps=19325 t=0.08s
  [kl-lr] ep=1582 kl=0.00600 lr_mult=10.000
Ep 1582: R=     9.0 len=  9 avg_R=     9.7 loss=14.8642 temp=0.56 total_env_steps=19334 t=0.07s
  [kl-lr] ep=1583 kl=0.00359 lr_mult=10.000
Ep 1583: R=     9.0 len=  9 avg_R=     9.7 loss=15.2586 temp=0.56 total_env_steps=19343 t=0.08s
  [kl-lr] ep=1584 kl=0.00112 lr_mult=10.000
Ep 1584: R=     9.0 len=  9 avg_R=     9.6 loss=16.5917 temp=0.56 total_env_steps=19352 t=0.08s
  [kl-lr] ep=1585 kl=0.00159 lr_mult=10.000
Ep 1585: R=     9.0 len=  9 avg_R=     9.6 loss=17.2641 temp=0.56 total_env_steps=19361 t=0.08s
  [kl-lr] ep=1586 kl=0.00009 lr_mult=10.000
Ep 1586: R=    10.0 len= 10 avg_R=     9.6 loss=18.4919 temp=0.56 total_env_steps=19371 t=0.08s
  [kl-lr] ep=1587 kl=0.00338 lr_mult=10.000
Ep 1587: R=    10.0 len= 10 avg_R=     9.6 loss=18.8346 temp=0.56 total_env_steps=19381 t=0.09s
  [kl-lr] ep=1588 kl=0.00003 lr_mult=10.000
Ep 1588: R=    10.0 len= 10 avg_R=     9.6 loss=17.3794 temp=0.56 total_env_steps=19391 t=0.09s
  [kl-lr] ep=1589 kl=0.00424 lr_mult=10.000
Ep 1589: R=    11.0 len= 11 avg_R=     9.6 loss=17.2092 temp=0.56 total_env_steps=19402 t=0.08s
  [kl-lr] ep=1590 kl=0.00371 lr_mult=10.000
Ep 1590: R=     9.0 len=  9 avg_R=     9.6 loss=17.9323 temp=0.56 total_env_steps=19411 t=0.07s
  [kl-lr] ep=1591 kl=0.00114 lr_mult=10.000
Ep 1591: R=     9.0 len=  9 avg_R=     9.6 loss=16.9508 temp=0.56 total_env_steps=19420 t=0.07s
  [kl-lr] ep=1592 kl=0.00090 lr_mult=10.000
Ep 1592: R=    10.0 len= 10 avg_R=     9.6 loss=15.6874 temp=0.56 total_env_steps=19430 t=0.07s
  [kl-lr] ep=1593 kl=0.00501 lr_mult=10.000
Ep 1593: R=    10.0 len= 10 avg_R=     9.6 loss=15.1210 temp=0.56 total_env_steps=19440 t=0.08s
  [kl-lr] ep=1594 kl=0.01779 lr_mult=10.000
Ep 1594: R=    10.0 len= 10 avg_R=     9.6 loss=17.2792 temp=0.56 total_env_steps=19450 t=0.07s
  [kl-lr] ep=1595 kl=0.02626 lr_mult=10.000
Ep 1595: R=     8.0 len=  8 avg_R=     9.6 loss=17.8123 temp=0.55 total_env_steps=19458 t=0.07s
  [kl-lr] ep=1596 kl=0.03097 lr_mult=10.000
Ep 1596: R=    10.0 len= 10 avg_R=     9.6 loss=15.4057 temp=0.55 total_env_steps=19468 t=0.07s
  [kl-lr] ep=1597 kl=0.00755 lr_mult=10.000
Ep 1597: R=     8.0 len=  8 avg_R=     9.6 loss=19.4995 temp=0.55 total_env_steps=19476 t=0.08s
  [kl-lr] ep=1598 kl=0.00153 lr_mult=10.000
Ep 1598: R=     9.0 len=  9 avg_R=     9.6 loss=18.7544 temp=0.55 total_env_steps=19485 t=0.08s
  [kl-lr] ep=1599 kl=0.02361 lr_mult=10.000
Ep 1599: R=     9.0 len=  9 avg_R=     9.6 loss=18.8997 temp=0.55 total_env_steps=19494 t=0.08s
  [kl-lr] ep=1600 kl=0.05302 lr_mult=6.667
Ep 1600: R=     8.0 len=  8 avg_R=     9.6 loss=18.0390 temp=0.55 total_env_steps=19502 t=0.08s
  greedy eval 9.4 / 475（近20局 self-play 9.2，total_env_steps=19502）
  [kl-lr] ep=1601 kl=0.02963 lr_mult=6.667
Ep 1601: R=    10.0 len= 10 avg_R=     9.6 loss=16.6459 temp=0.55 total_env_steps=19512 t=0.07s
  [kl-lr] ep=1602 kl=0.00024 lr_mult=10.000
Ep 1602: R=    10.0 len= 10 avg_R=     9.6 loss=19.0193 temp=0.55 total_env_steps=19522 t=0.09s
  [kl-lr] ep=1603 kl=0.00620 lr_mult=10.000
Ep 1603: R=     9.0 len=  9 avg_R=     9.6 loss=15.9147 temp=0.55 total_env_steps=19531 t=0.07s
  [kl-lr] ep=1604 kl=0.02198 lr_mult=10.000
Ep 1604: R=     8.0 len=  8 avg_R=     9.6 loss=13.5070 temp=0.55 total_env_steps=19539 t=0.08s
  [kl-lr] ep=1605 kl=0.01840 lr_mult=10.000
Ep 1605: R=    11.0 len= 11 avg_R=     9.6 loss=16.3248 temp=0.55 total_env_steps=19550 t=0.08s
  [kl-lr] ep=1606 kl=0.00563 lr_mult=10.000
Ep 1606: R=    11.0 len= 11 avg_R=     9.6 loss=16.6600 temp=0.55 total_env_steps=19561 t=0.07s
  [kl-lr] ep=1607 kl=0.00162 lr_mult=10.000
Ep 1607: R=    10.0 len= 10 avg_R=     9.6 loss=18.8671 temp=0.55 total_env_steps=19571 t=0.08s
  [kl-lr] ep=1608 kl=0.00031 lr_mult=10.000
Ep 1608: R=    10.0 len= 10 avg_R=     9.6 loss=15.7831 temp=0.54 total_env_steps=19581 t=0.08s
  [kl-lr] ep=1609 kl=0.00007 lr_mult=10.000
Ep 1609: R=    10.0 len= 10 avg_R=     9.6 loss=18.0410 temp=0.54 total_env_steps=19591 t=0.08s
  [kl-lr] ep=1610 kl=0.00371 lr_mult=10.000
Ep 1610: R=    10.0 len= 10 avg_R=     9.6 loss=16.8990 temp=0.54 total_env_steps=19601 t=0.08s
  [kl-lr] ep=1611 kl=0.01816 lr_mult=10.000
Ep 1611: R=    10.0 len= 10 avg_R=     9.6 loss=14.9641 temp=0.54 total_env_steps=19611 t=0.07s
  [kl-lr] ep=1612 kl=0.00015 lr_mult=10.000
Ep 1612: R=    10.0 len= 10 avg_R=     9.6 loss=18.1656 temp=0.54 total_env_steps=19621 t=0.07s
  [kl-lr] ep=1613 kl=0.00174 lr_mult=10.000
Ep 1613: R=     9.0 len=  9 avg_R=     9.6 loss=13.7810 temp=0.54 total_env_steps=19630 t=0.07s
  [kl-lr] ep=1614 kl=0.00183 lr_mult=10.000
Ep 1614: R=    10.0 len= 10 avg_R=     9.6 loss=16.2378 temp=0.54 total_env_steps=19640 t=0.07s
  [kl-lr] ep=1615 kl=0.00139 lr_mult=10.000
Ep 1615: R=     9.0 len=  9 avg_R=     9.6 loss=17.4008 temp=0.54 total_env_steps=19649 t=0.07s
  [kl-lr] ep=1616 kl=0.00004 lr_mult=10.000
Ep 1616: R=     9.0 len=  9 avg_R=     9.6 loss=18.3387 temp=0.54 total_env_steps=19658 t=0.07s
  [kl-lr] ep=1617 kl=0.00006 lr_mult=10.000
Ep 1617: R=    10.0 len= 10 avg_R=     9.6 loss=15.2063 temp=0.54 total_env_steps=19668 t=0.07s
  [kl-lr] ep=1618 kl=0.00232 lr_mult=10.000
Ep 1618: R=     9.0 len=  9 avg_R=     9.6 loss=17.7102 temp=0.54 total_env_steps=19677 t=0.08s
  [kl-lr] ep=1619 kl=0.03000 lr_mult=10.000
Ep 1619: R=    10.0 len= 10 avg_R=     9.6 loss=18.3127 temp=0.54 total_env_steps=19687 t=0.08s
  [kl-lr] ep=1620 kl=0.04680 lr_mult=6.667
Ep 1620: R=     8.0 len=  8 avg_R=     9.6 loss=18.7698 temp=0.54 total_env_steps=19695 t=0.08s
  [kl-lr] ep=1621 kl=0.00528 lr_mult=10.000
Ep 1621: R=     9.0 len=  9 avg_R=     9.5 loss=14.3475 temp=0.53 total_env_steps=19704 t=0.08s
  [kl-lr] ep=1622 kl=0.00004 lr_mult=10.000
Ep 1622: R=     9.0 len=  9 avg_R=     9.5 loss=18.0017 temp=0.53 total_env_steps=19713 t=0.07s
  [kl-lr] ep=1623 kl=0.00575 lr_mult=10.000
Ep 1623: R=     9.0 len=  9 avg_R=     9.5 loss=19.0263 temp=0.53 total_env_steps=19722 t=0.07s
  [kl-lr] ep=1624 kl=0.02093 lr_mult=10.000
Ep 1624: R=     9.0 len=  9 avg_R=     9.5 loss=14.9707 temp=0.53 total_env_steps=19731 t=0.08s
  [kl-lr] ep=1625 kl=0.00996 lr_mult=10.000
Ep 1625: R=     9.0 len=  9 avg_R=     9.5 loss=18.6214 temp=0.53 total_env_steps=19740 t=0.07s
  greedy eval 9.4 / 475（近20局 self-play 9.5，total_env_steps=19740）
  [kl-lr] ep=1626 kl=0.00882 lr_mult=10.000
Ep 1626: R=     8.0 len=  8 avg_R=     9.4 loss=17.5265 temp=0.53 total_env_steps=19748 t=0.08s
  [kl-lr] ep=1627 kl=0.00080 lr_mult=10.000
Ep 1627: R=    10.0 len= 10 avg_R=     9.5 loss=17.8546 temp=0.53 total_env_steps=19758 t=0.08s
  [kl-lr] ep=1628 kl=0.00621 lr_mult=10.000
Ep 1628: R=    11.0 len= 11 avg_R=     9.5 loss=14.8901 temp=0.53 total_env_steps=19769 t=0.08s
  [kl-lr] ep=1629 kl=0.00897 lr_mult=10.000
Ep 1629: R=     9.0 len=  9 avg_R=     9.5 loss=15.7559 temp=0.53 total_env_steps=19778 t=0.08s
  [kl-lr] ep=1630 kl=0.00001 lr_mult=10.000
Ep 1630: R=    10.0 len= 10 avg_R=     9.5 loss=16.5631 temp=0.53 total_env_steps=19788 t=0.08s
  [kl-lr] ep=1631 kl=0.00184 lr_mult=10.000
Ep 1631: R=     8.0 len=  8 avg_R=     9.4 loss=16.8358 temp=0.53 total_env_steps=19796 t=0.08s
  [kl-lr] ep=1632 kl=0.02289 lr_mult=10.000
Ep 1632: R=    10.0 len= 10 avg_R=     9.4 loss=14.2214 temp=0.53 total_env_steps=19806 t=0.07s
  [kl-lr] ep=1633 kl=0.00181 lr_mult=10.000
Ep 1633: R=    10.0 len= 10 avg_R=     9.5 loss=17.8394 temp=0.53 total_env_steps=19816 t=0.07s
  [kl-lr] ep=1634 kl=0.00647 lr_mult=10.000
Ep 1634: R=     9.0 len=  9 avg_R=     9.4 loss=16.8569 temp=0.53 total_env_steps=19825 t=0.08s
  [kl-lr] ep=1635 kl=0.01245 lr_mult=10.000
Ep 1635: R=     9.0 len=  9 avg_R=     9.4 loss=18.8124 temp=0.52 total_env_steps=19834 t=0.07s
  [kl-lr] ep=1636 kl=0.00216 lr_mult=10.000
Ep 1636: R=     9.0 len=  9 avg_R=     9.4 loss=20.3868 temp=0.52 total_env_steps=19843 t=0.08s
  [kl-lr] ep=1637 kl=0.03563 lr_mult=10.000
Ep 1637: R=     9.0 len=  9 avg_R=     9.5 loss=14.8972 temp=0.52 total_env_steps=19852 t=0.08s
  [kl-lr] ep=1638 kl=0.02966 lr_mult=10.000
Ep 1638: R=    10.0 len= 10 avg_R=     9.5 loss=15.6278 temp=0.52 total_env_steps=19862 t=0.08s
  [kl-lr] ep=1639 kl=0.02175 lr_mult=10.000
Ep 1639: R=     9.0 len=  9 avg_R=     9.4 loss=16.5513 temp=0.52 total_env_steps=19871 t=0.08s
  [kl-lr] ep=1640 kl=0.02898 lr_mult=10.000
Ep 1640: R=    12.0 len= 12 avg_R=     9.5 loss=14.7704 temp=0.52 total_env_steps=19883 t=0.07s
  [kl-lr] ep=1641 kl=0.00005 lr_mult=10.000
Ep 1641: R=     9.0 len=  9 avg_R=     9.5 loss=15.5992 temp=0.52 total_env_steps=19892 t=0.08s
  [kl-lr] ep=1642 kl=0.02570 lr_mult=10.000
Ep 1642: R=     9.0 len=  9 avg_R=     9.4 loss=17.9010 temp=0.52 total_env_steps=19901 t=0.09s
  [kl-lr] ep=1643 kl=0.04402 lr_mult=6.667
Ep 1643: R=     8.0 len=  8 avg_R=     9.4 loss=13.8334 temp=0.52 total_env_steps=19909 t=0.07s
  [kl-lr] ep=1644 kl=0.01569 lr_mult=6.667
Ep 1644: R=    10.0 len= 10 avg_R=     9.4 loss=17.0419 temp=0.52 total_env_steps=19919 t=0.08s
  [kl-lr] ep=1645 kl=0.00012 lr_mult=10.000
Ep 1645: R=     9.0 len=  9 avg_R=     9.4 loss=17.8359 temp=0.52 total_env_steps=19928 t=0.08s
  [kl-lr] ep=1646 kl=0.00440 lr_mult=10.000
Ep 1646: R=     9.0 len=  9 avg_R=     9.4 loss=15.2337 temp=0.52 total_env_steps=19937 t=0.07s
  [kl-lr] ep=1647 kl=0.00830 lr_mult=10.000
Ep 1647: R=     9.0 len=  9 avg_R=     9.4 loss=19.0787 temp=0.52 total_env_steps=19946 t=0.07s
  [kl-lr] ep=1648 kl=0.00095 lr_mult=10.000
Ep 1648: R=     9.0 len=  9 avg_R=     9.4 loss=15.1268 temp=0.51 total_env_steps=19955 t=0.08s
  [kl-lr] ep=1649 kl=0.00005 lr_mult=10.000
Ep 1649: R=    10.0 len= 10 avg_R=     9.4 loss=16.3287 temp=0.51 total_env_steps=19965 t=0.08s
  [kl-lr] ep=1650 kl=0.00004 lr_mult=10.000
Ep 1650: R=     9.0 len=  9 avg_R=     9.4 loss=14.9837 temp=0.51 total_env_steps=19974 t=0.08s
  greedy eval 9.4 / 475（近20局 self-play 9.3，total_env_steps=19974）
  [kl-lr] ep=1651 kl=0.00000 lr_mult=10.000
Ep 1651: R=    10.0 len= 10 avg_R=     9.4 loss=18.1722 temp=0.51 total_env_steps=19984 t=0.08s
  [kl-lr] ep=1652 kl=0.00156 lr_mult=10.000
Ep 1652: R=     9.0 len=  9 avg_R=     9.4 loss=17.2971 temp=0.51 total_env_steps=19993 t=0.07s
  [kl-lr] ep=1653 kl=0.00022 lr_mult=10.000
Ep 1653: R=     9.0 len=  9 avg_R=     9.4 loss=14.9113 temp=0.51 total_env_steps=20002 t=0.08s
  [kl-lr] ep=1654 kl=0.00064 lr_mult=10.000
Ep 1654: R=     9.0 len=  9 avg_R=     9.4 loss=15.9816 temp=0.51 total_env_steps=20011 t=0.08s
  [kl-lr] ep=1655 kl=0.00038 lr_mult=10.000
Ep 1655: R=     9.0 len=  9 avg_R=     9.4 loss=15.4666 temp=0.51 total_env_steps=20020 t=0.07s
  [kl-lr] ep=1656 kl=0.00464 lr_mult=10.000
Ep 1656: R=    10.0 len= 10 avg_R=     9.4 loss=16.3728 temp=0.51 total_env_steps=20030 t=0.07s
  [kl-lr] ep=1657 kl=0.01107 lr_mult=10.000
Ep 1657: R=     9.0 len=  9 avg_R=     9.4 loss=14.0686 temp=0.51 total_env_steps=20039 t=0.08s
  [kl-lr] ep=1658 kl=0.00045 lr_mult=10.000
Ep 1658: R=    10.0 len= 10 avg_R=     9.4 loss=14.4094 temp=0.51 total_env_steps=20049 t=0.07s
  [kl-lr] ep=1659 kl=0.00005 lr_mult=10.000
Ep 1659: R=    10.0 len= 10 avg_R=     9.4 loss=18.1427 temp=0.51 total_env_steps=20059 t=0.07s
  [kl-lr] ep=1660 kl=0.00024 lr_mult=10.000
Ep 1660: R=     9.0 len=  9 avg_R=     9.4 loss=16.3739 temp=0.51 total_env_steps=20068 t=0.07s
  [kl-lr] ep=1661 kl=0.00147 lr_mult=10.000
Ep 1661: R=    10.0 len= 10 avg_R=     9.4 loss=15.4438 temp=0.50 total_env_steps=20078 t=0.07s
  [kl-lr] ep=1662 kl=0.01243 lr_mult=10.000
Ep 1662: R=    10.0 len= 10 avg_R=     9.4 loss=17.2443 temp=0.50 total_env_steps=20088 t=0.08s
  [kl-lr] ep=1663 kl=0.00620 lr_mult=10.000
Ep 1663: R=    12.0 len= 12 avg_R=     9.4 loss=16.0422 temp=0.50 total_env_steps=20100 t=0.06s
  [kl-lr] ep=1664 kl=0.00201 lr_mult=10.000
Ep 1664: R=     9.0 len=  9 avg_R=     9.4 loss=16.4543 temp=0.50 total_env_steps=20109 t=0.07s
  [kl-lr] ep=1665 kl=0.00644 lr_mult=10.000
Ep 1665: R=    10.0 len= 10 avg_R=     9.4 loss=18.4486 temp=0.50 total_env_steps=20119 t=0.07s
  [kl-lr] ep=1666 kl=0.01757 lr_mult=10.000
Ep 1666: R=    10.0 len= 10 avg_R=     9.5 loss=18.5731 temp=0.50 total_env_steps=20129 t=0.07s
  [kl-lr] ep=1667 kl=0.01270 lr_mult=10.000
Ep 1667: R=     9.0 len=  9 avg_R=     9.5 loss=14.9289 temp=0.50 total_env_steps=20138 t=0.08s
  [kl-lr] ep=1668 kl=0.00000 lr_mult=10.000
Ep 1668: R=     9.0 len=  9 avg_R=     9.4 loss=17.9886 temp=0.50 total_env_steps=20147 t=0.07s
  [kl-lr] ep=1669 kl=0.00517 lr_mult=10.000
Ep 1669: R=    10.0 len= 10 avg_R=     9.5 loss=16.2568 temp=0.50 total_env_steps=20157 t=0.08s
  [kl-lr] ep=1670 kl=0.00353 lr_mult=10.000
Ep 1670: R=     9.0 len=  9 avg_R=     9.4 loss=17.6669 temp=0.50 total_env_steps=20166 t=0.07s
  [kl-lr] ep=1671 kl=0.00549 lr_mult=10.000
Ep 1671: R=    10.0 len= 10 avg_R=     9.5 loss=16.2084 temp=0.50 total_env_steps=20176 t=0.08s
  [kl-lr] ep=1672 kl=0.04727 lr_mult=6.667
Ep 1672: R=    10.0 len= 10 avg_R=     9.4 loss=16.9575 temp=0.50 total_env_steps=20186 t=0.08s
  [kl-lr] ep=1673 kl=0.00622 lr_mult=10.000
Ep 1673: R=     9.0 len=  9 avg_R=     9.4 loss=20.2405 temp=0.50 total_env_steps=20195 t=0.07s
  [kl-lr] ep=1674 kl=0.02690 lr_mult=10.000
Ep 1674: R=    11.0 len= 11 avg_R=     9.5 loss=18.3439 temp=0.50 total_env_steps=20206 t=0.08s
  [kl-lr] ep=1675 kl=0.06875 lr_mult=6.667
Ep 1675: R=    10.0 len= 10 avg_R=     9.5 loss=16.4811 temp=0.49 total_env_steps=20216 t=0.08s
  greedy eval 9.4 / 475（近20局 self-play 9.8，total_env_steps=20216）
  [kl-lr] ep=1676 kl=0.00902 lr_mult=10.000
Ep 1676: R=     9.0 len=  9 avg_R=     9.4 loss=17.4441 temp=0.49 total_env_steps=20225 t=0.09s
  [kl-lr] ep=1677 kl=0.01895 lr_mult=10.000
Ep 1677: R=     9.0 len=  9 avg_R=     9.5 loss=17.5693 temp=0.49 total_env_steps=20234 t=0.07s
  [kl-lr] ep=1678 kl=0.06191 lr_mult=6.667
Ep 1678: R=     9.0 len=  9 avg_R=     9.4 loss=17.4257 temp=0.49 total_env_steps=20243 t=0.07s
  [kl-lr] ep=1679 kl=0.00739 lr_mult=10.000
Ep 1679: R=     8.0 len=  8 avg_R=     9.4 loss=18.0271 temp=0.49 total_env_steps=20251 t=0.07s
  [kl-lr] ep=1680 kl=0.00042 lr_mult=10.000
Ep 1680: R=    10.0 len= 10 avg_R=     9.4 loss=17.5370 temp=0.49 total_env_steps=20261 t=0.08s
  [kl-lr] ep=1681 kl=0.00000 lr_mult=10.000
Ep 1681: R=    10.0 len= 10 avg_R=     9.5 loss=16.7295 temp=0.49 total_env_steps=20271 t=0.07s
  [kl-lr] ep=1682 kl=0.00134 lr_mult=10.000
Ep 1682: R=    11.0 len= 11 avg_R=     9.5 loss=16.1027 temp=0.49 total_env_steps=20282 t=0.08s
  [kl-lr] ep=1683 kl=0.00025 lr_mult=10.000
Ep 1683: R=     9.0 len=  9 avg_R=     9.5 loss=17.9796 temp=0.49 total_env_steps=20291 t=0.08s
  [kl-lr] ep=1684 kl=0.00061 lr_mult=10.000
Ep 1684: R=     9.0 len=  9 avg_R=     9.5 loss=17.8533 temp=0.49 total_env_steps=20300 t=0.07s
  [kl-lr] ep=1685 kl=0.00133 lr_mult=10.000
Ep 1685: R=     9.0 len=  9 avg_R=     9.5 loss=15.2742 temp=0.49 total_env_steps=20309 t=0.09s
  [kl-lr] ep=1686 kl=0.00221 lr_mult=10.000
Ep 1686: R=    10.0 len= 10 avg_R=     9.5 loss=17.8297 temp=0.49 total_env_steps=20319 t=0.07s
  [kl-lr] ep=1687 kl=0.00936 lr_mult=10.000
Ep 1687: R=    10.0 len= 10 avg_R=     9.5 loss=17.4882 temp=0.49 total_env_steps=20329 t=0.08s
  [kl-lr] ep=1688 kl=0.00330 lr_mult=10.000
Ep 1688: R=    10.0 len= 10 avg_R=     9.5 loss=19.0374 temp=0.48 total_env_steps=20339 t=0.08s
  [kl-lr] ep=1689 kl=0.00111 lr_mult=10.000
Ep 1689: R=     9.0 len=  9 avg_R=     9.5 loss=19.2120 temp=0.48 total_env_steps=20348 t=0.07s
  [kl-lr] ep=1690 kl=0.00001 lr_mult=10.000
Ep 1690: R=    10.0 len= 10 avg_R=     9.5 loss=17.8247 temp=0.48 total_env_steps=20358 t=0.08s
  [kl-lr] ep=1691 kl=0.00000 lr_mult=10.000
Ep 1691: R=     9.0 len=  9 avg_R=     9.5 loss=14.7632 temp=0.48 total_env_steps=20367 t=0.09s
  [kl-lr] ep=1692 kl=0.00143 lr_mult=10.000
Ep 1692: R=    11.0 len= 11 avg_R=     9.5 loss=17.9926 temp=0.48 total_env_steps=20378 t=0.08s
  [kl-lr] ep=1693 kl=0.00703 lr_mult=10.000
Ep 1693: R=    10.0 len= 10 avg_R=     9.5 loss=20.7400 temp=0.48 total_env_steps=20388 t=0.07s
  [kl-lr] ep=1694 kl=0.00740 lr_mult=10.000
Ep 1694: R=    10.0 len= 10 avg_R=     9.5 loss=17.3891 temp=0.48 total_env_steps=20398 t=0.08s
  [kl-lr] ep=1695 kl=0.00821 lr_mult=10.000
Ep 1695: R=     9.0 len=  9 avg_R=     9.5 loss=17.9563 temp=0.48 total_env_steps=20407 t=0.08s
  [kl-lr] ep=1696 kl=0.00003 lr_mult=10.000
Ep 1696: R=    10.0 len= 10 avg_R=     9.5 loss=16.1031 temp=0.48 total_env_steps=20417 t=0.09s
  [kl-lr] ep=1697 kl=0.00821 lr_mult=10.000
Ep 1697: R=    10.0 len= 10 avg_R=     9.5 loss=17.7383 temp=0.48 total_env_steps=20427 t=0.08s
  [kl-lr] ep=1698 kl=0.00013 lr_mult=10.000
Ep 1698: R=    10.0 len= 10 avg_R=     9.5 loss=17.0858 temp=0.48 total_env_steps=20437 t=0.08s
  [kl-lr] ep=1699 kl=0.00170 lr_mult=10.000
Ep 1699: R=     9.0 len=  9 avg_R=     9.5 loss=17.2247 temp=0.48 total_env_steps=20446 t=0.08s
  [kl-lr] ep=1700 kl=0.00085 lr_mult=10.000
Ep 1700: R=     9.0 len=  9 avg_R=     9.5 loss=17.0600 temp=0.48 total_env_steps=20455 t=0.07s
  greedy eval 9.4 / 475（近20局 self-play 9.7，total_env_steps=20455）
  [kl-lr] ep=1701 kl=0.00583 lr_mult=10.000
Ep 1701: R=     9.0 len=  9 avg_R=     9.5 loss=18.6106 temp=0.48 total_env_steps=20464 t=0.08s
  [kl-lr] ep=1702 kl=0.00458 lr_mult=10.000
Ep 1702: R=     9.0 len=  9 avg_R=     9.5 loss=16.5802 temp=0.47 total_env_steps=20473 t=0.08s
  [kl-lr] ep=1703 kl=0.00008 lr_mult=10.000
Ep 1703: R=    10.0 len= 10 avg_R=     9.5 loss=13.0684 temp=0.47 total_env_steps=20483 t=0.08s
  [kl-lr] ep=1704 kl=0.00097 lr_mult=10.000
Ep 1704: R=    10.0 len= 10 avg_R=     9.5 loss=17.7534 temp=0.47 total_env_steps=20493 t=0.07s
  [kl-lr] ep=1705 kl=0.00698 lr_mult=10.000
Ep 1705: R=    10.0 len= 10 avg_R=     9.5 loss=20.1639 temp=0.47 total_env_steps=20503 t=0.09s
  [kl-lr] ep=1706 kl=0.01866 lr_mult=10.000
Ep 1706: R=    11.0 len= 11 avg_R=     9.5 loss=15.9316 temp=0.47 total_env_steps=20514 t=0.08s
  [kl-lr] ep=1707 kl=0.00719 lr_mult=10.000
Ep 1707: R=     9.0 len=  9 avg_R=     9.5 loss=16.9623 temp=0.47 total_env_steps=20523 t=0.07s
  [kl-lr] ep=1708 kl=0.00117 lr_mult=10.000
Ep 1708: R=     9.0 len=  9 avg_R=     9.5 loss=14.9882 temp=0.47 total_env_steps=20532 t=0.07s
  [kl-lr] ep=1709 kl=0.00001 lr_mult=10.000
Ep 1709: R=    11.0 len= 11 avg_R=     9.5 loss=15.4187 temp=0.47 total_env_steps=20543 t=0.07s
  [kl-lr] ep=1710 kl=0.00681 lr_mult=10.000
Ep 1710: R=     9.0 len=  9 avg_R=     9.5 loss=15.8086 temp=0.47 total_env_steps=20552 t=0.08s
  [kl-lr] ep=1711 kl=0.01356 lr_mult=10.000
Ep 1711: R=     8.0 len=  8 avg_R=     9.5 loss=16.7275 temp=0.47 total_env_steps=20560 t=0.06s
  [kl-lr] ep=1712 kl=0.00829 lr_mult=10.000
Ep 1712: R=    10.0 len= 10 avg_R=     9.5 loss=18.5787 temp=0.47 total_env_steps=20570 t=0.08s
  [kl-lr] ep=1713 kl=0.00856 lr_mult=10.000
Ep 1713: R=    10.0 len= 10 avg_R=     9.5 loss=15.9047 temp=0.47 total_env_steps=20580 t=0.07s
  [kl-lr] ep=1714 kl=0.00442 lr_mult=10.000
Ep 1714: R=    10.0 len= 10 avg_R=     9.5 loss=17.1184 temp=0.47 total_env_steps=20590 t=0.08s
  [kl-lr] ep=1715 kl=0.00221 lr_mult=10.000
Ep 1715: R=     9.0 len=  9 avg_R=     9.5 loss=16.9891 temp=0.46 total_env_steps=20599 t=0.07s
  [kl-lr] ep=1716 kl=0.01108 lr_mult=10.000
Ep 1716: R=     8.0 len=  8 avg_R=     9.5 loss=15.4062 temp=0.46 total_env_steps=20607 t=0.07s
  [kl-lr] ep=1717 kl=0.00204 lr_mult=10.000
Ep 1717: R=     9.0 len=  9 avg_R=     9.5 loss=18.0682 temp=0.46 total_env_steps=20616 t=0.08s
  [kl-lr] ep=1718 kl=0.00143 lr_mult=10.000
Ep 1718: R=     9.0 len=  9 avg_R=     9.5 loss=13.8106 temp=0.46 total_env_steps=20625 t=0.07s
  [kl-lr] ep=1719 kl=0.01217 lr_mult=10.000
Ep 1719: R=    10.0 len= 10 avg_R=     9.5 loss=19.2700 temp=0.46 total_env_steps=20635 t=0.08s
  [kl-lr] ep=1720 kl=0.00409 lr_mult=10.000
Ep 1720: R=     9.0 len=  9 avg_R=     9.5 loss=16.5457 temp=0.46 total_env_steps=20644 t=0.08s
  [kl-lr] ep=1721 kl=0.00054 lr_mult=10.000
Ep 1721: R=    10.0 len= 10 avg_R=     9.5 loss=16.8038 temp=0.46 total_env_steps=20654 t=0.08s
  [kl-lr] ep=1722 kl=0.01243 lr_mult=10.000
Ep 1722: R=     9.0 len=  9 avg_R=     9.5 loss=16.3005 temp=0.46 total_env_steps=20663 t=0.08s
  [kl-lr] ep=1723 kl=0.01535 lr_mult=10.000
Ep 1723: R=    10.0 len= 10 avg_R=     9.5 loss=17.3783 temp=0.46 total_env_steps=20673 t=0.08s
  [kl-lr] ep=1724 kl=0.00363 lr_mult=10.000
Ep 1724: R=     8.0 len=  8 avg_R=     9.5 loss=14.4618 temp=0.46 total_env_steps=20681 t=0.07s
  [kl-lr] ep=1725 kl=0.00050 lr_mult=10.000
Ep 1725: R=    10.0 len= 10 avg_R=     9.5 loss=18.6012 temp=0.46 total_env_steps=20691 t=0.07s
  greedy eval 9.4 / 475（近20局 self-play 9.4，total_env_steps=20691）
  [kl-lr] ep=1726 kl=0.01100 lr_mult=10.000
Ep 1726: R=    10.0 len= 10 avg_R=     9.5 loss=19.3070 temp=0.46 total_env_steps=20701 t=0.08s
  [kl-lr] ep=1727 kl=0.01240 lr_mult=10.000
Ep 1727: R=    10.0 len= 10 avg_R=     9.5 loss=16.9030 temp=0.46 total_env_steps=20711 t=0.06s
  [kl-lr] ep=1728 kl=0.00224 lr_mult=10.000
Ep 1728: R=     9.0 len=  9 avg_R=     9.5 loss=22.7768 temp=0.45 total_env_steps=20720 t=0.09s
  [kl-lr] ep=1729 kl=0.00043 lr_mult=10.000
Ep 1729: R=    10.0 len= 10 avg_R=     9.5 loss=15.4172 temp=0.45 total_env_steps=20730 t=0.08s
  [kl-lr] ep=1730 kl=0.00024 lr_mult=10.000
Ep 1730: R=     9.0 len=  9 avg_R=     9.5 loss=15.6401 temp=0.45 total_env_steps=20739 t=0.08s
  [kl-lr] ep=1731 kl=0.00067 lr_mult=10.000
Ep 1731: R=    10.0 len= 10 avg_R=     9.5 loss=16.1891 temp=0.45 total_env_steps=20749 t=0.08s
  [kl-lr] ep=1732 kl=0.00563 lr_mult=10.000
Ep 1732: R=    10.0 len= 10 avg_R=     9.5 loss=15.1860 temp=0.45 total_env_steps=20759 t=0.08s
  [kl-lr] ep=1733 kl=0.00031 lr_mult=10.000
Ep 1733: R=    10.0 len= 10 avg_R=     9.5 loss=17.1294 temp=0.45 total_env_steps=20769 t=0.07s
  [kl-lr] ep=1734 kl=0.00997 lr_mult=10.000
Ep 1734: R=    11.0 len= 11 avg_R=     9.6 loss=17.3158 temp=0.45 total_env_steps=20780 t=0.08s
  [kl-lr] ep=1735 kl=0.00106 lr_mult=10.000
Ep 1735: R=    10.0 len= 10 avg_R=     9.6 loss=17.0047 temp=0.45 total_env_steps=20790 t=0.08s
  [kl-lr] ep=1736 kl=0.02491 lr_mult=10.000
Ep 1736: R=     9.0 len=  9 avg_R=     9.6 loss=15.6151 temp=0.45 total_env_steps=20799 t=0.08s
  [kl-lr] ep=1737 kl=0.00002 lr_mult=10.000
Ep 1737: R=    10.0 len= 10 avg_R=     9.6 loss=17.8622 temp=0.45 total_env_steps=20809 t=0.08s
  [kl-lr] ep=1738 kl=0.01191 lr_mult=10.000
Ep 1738: R=    11.0 len= 11 avg_R=     9.6 loss=15.5537 temp=0.45 total_env_steps=20820 t=0.08s
  [kl-lr] ep=1739 kl=0.00384 lr_mult=10.000
Ep 1739: R=     9.0 len=  9 avg_R=     9.6 loss=14.5309 temp=0.45 total_env_steps=20829 t=0.08s
  [kl-lr] ep=1740 kl=0.00309 lr_mult=10.000
Ep 1740: R=     9.0 len=  9 avg_R=     9.6 loss=16.2278 temp=0.45 total_env_steps=20838 t=0.08s
  [kl-lr] ep=1741 kl=0.00085 lr_mult=10.000
Ep 1741: R=    10.0 len= 10 avg_R=     9.6 loss=15.0485 temp=0.44 total_env_steps=20848 t=0.07s
  [kl-lr] ep=1742 kl=0.00020 lr_mult=10.000
Ep 1742: R=     9.0 len=  9 avg_R=     9.6 loss=16.4614 temp=0.44 total_env_steps=20857 t=0.08s
  [kl-lr] ep=1743 kl=0.00000 lr_mult=10.000
Ep 1743: R=    10.0 len= 10 avg_R=     9.6 loss=16.3446 temp=0.44 total_env_steps=20867 t=0.07s
  [kl-lr] ep=1744 kl=0.00236 lr_mult=10.000
Ep 1744: R=    10.0 len= 10 avg_R=     9.6 loss=17.3755 temp=0.44 total_env_steps=20877 t=0.08s
  [kl-lr] ep=1745 kl=0.02588 lr_mult=10.000
Ep 1745: R=     9.0 len=  9 avg_R=     9.6 loss=19.0649 temp=0.44 total_env_steps=20886 t=0.08s
  [kl-lr] ep=1746 kl=0.01689 lr_mult=10.000
Ep 1746: R=     9.0 len=  9 avg_R=     9.6 loss=17.4957 temp=0.44 total_env_steps=20895 t=0.07s
  [kl-lr] ep=1747 kl=0.00607 lr_mult=10.000
Ep 1747: R=    10.0 len= 10 avg_R=     9.6 loss=15.2701 temp=0.44 total_env_steps=20905 t=0.08s
  [kl-lr] ep=1748 kl=0.00182 lr_mult=10.000
Ep 1748: R=     9.0 len=  9 avg_R=     9.6 loss=16.0286 temp=0.44 total_env_steps=20914 t=0.07s
  [kl-lr] ep=1749 kl=0.00394 lr_mult=10.000
Ep 1749: R=     8.0 len=  8 avg_R=     9.6 loss=17.5220 temp=0.44 total_env_steps=20922 t=0.07s
  [kl-lr] ep=1750 kl=0.00046 lr_mult=10.000
Ep 1750: R=    11.0 len= 11 avg_R=     9.6 loss=16.7923 temp=0.44 total_env_steps=20933 t=0.08s
  greedy eval 9.4 / 475（近20局 self-play 9.7，total_env_steps=20933）
  [kl-lr] ep=1751 kl=0.00776 lr_mult=10.000
Ep 1751: R=     9.0 len=  9 avg_R=     9.6 loss=17.0296 temp=0.44 total_env_steps=20942 t=0.08s
  [kl-lr] ep=1752 kl=0.02176 lr_mult=10.000
Ep 1752: R=    11.0 len= 11 avg_R=     9.6 loss=14.8121 temp=0.44 total_env_steps=20953 t=0.08s
  [kl-lr] ep=1753 kl=0.00117 lr_mult=10.000
Ep 1753: R=    11.0 len= 11 avg_R=     9.6 loss=13.6281 temp=0.44 total_env_steps=20964 t=0.07s
  [kl-lr] ep=1754 kl=0.01463 lr_mult=10.000
Ep 1754: R=     9.0 len=  9 avg_R=     9.6 loss=15.0451 temp=0.44 total_env_steps=20973 t=0.08s
  [kl-lr] ep=1755 kl=0.00890 lr_mult=10.000
Ep 1755: R=    11.0 len= 11 avg_R=     9.6 loss=14.2604 temp=0.43 total_env_steps=20984 t=0.08s
  [kl-lr] ep=1756 kl=0.00030 lr_mult=10.000
Ep 1756: R=    10.0 len= 10 avg_R=     9.6 loss=16.2406 temp=0.43 total_env_steps=20994 t=0.07s
  [kl-lr] ep=1757 kl=0.00017 lr_mult=10.000
Ep 1757: R=    10.0 len= 10 avg_R=     9.6 loss=16.2959 temp=0.43 total_env_steps=21004 t=0.08s
  [kl-lr] ep=1758 kl=0.00116 lr_mult=10.000
Ep 1758: R=     9.0 len=  9 avg_R=     9.6 loss=15.2212 temp=0.43 total_env_steps=21013 t=0.07s
  [kl-lr] ep=1759 kl=0.00035 lr_mult=10.000
Ep 1759: R=     9.0 len=  9 avg_R=     9.6 loss=17.1352 temp=0.43 total_env_steps=21022 t=0.08s
  [kl-lr] ep=1760 kl=0.00045 lr_mult=10.000
Ep 1760: R=    10.0 len= 10 avg_R=     9.6 loss=18.6008 temp=0.43 total_env_steps=21032 t=0.09s
  [kl-lr] ep=1761 kl=0.02077 lr_mult=10.000
Ep 1761: R=     9.0 len=  9 avg_R=     9.6 loss=17.0410 temp=0.43 total_env_steps=21041 t=0.08s
  [kl-lr] ep=1762 kl=0.03607 lr_mult=10.000
Ep 1762: R=     9.0 len=  9 avg_R=     9.6 loss=18.8518 temp=0.43 total_env_steps=21050 t=0.08s
  [kl-lr] ep=1763 kl=0.01001 lr_mult=10.000
Ep 1763: R=     9.0 len=  9 avg_R=     9.6 loss=16.1315 temp=0.43 total_env_steps=21059 t=0.08s
  [kl-lr] ep=1764 kl=0.00550 lr_mult=10.000
Ep 1764: R=    10.0 len= 10 avg_R=     9.6 loss=15.8692 temp=0.43 total_env_steps=21069 t=0.07s
  [kl-lr] ep=1765 kl=0.00792 lr_mult=10.000
Ep 1765: R=     8.0 len=  8 avg_R=     9.6 loss=17.5297 temp=0.43 total_env_steps=21077 t=0.09s
  [kl-lr] ep=1766 kl=0.00433 lr_mult=10.000
Ep 1766: R=    10.0 len= 10 avg_R=     9.6 loss=13.3625 temp=0.43 total_env_steps=21087 t=0.07s
  [kl-lr] ep=1767 kl=0.00396 lr_mult=10.000
Ep 1767: R=    10.0 len= 10 avg_R=     9.6 loss=17.8881 temp=0.43 total_env_steps=21097 t=0.07s
  [kl-lr] ep=1768 kl=0.00218 lr_mult=10.000
Ep 1768: R=    10.0 len= 10 avg_R=     9.6 loss=15.9190 temp=0.42 total_env_steps=21107 t=0.07s
  [kl-lr] ep=1769 kl=0.00117 lr_mult=10.000
Ep 1769: R=    10.0 len= 10 avg_R=     9.6 loss=15.1897 temp=0.42 total_env_steps=21117 t=0.08s
  [kl-lr] ep=1770 kl=0.00072 lr_mult=10.000
Ep 1770: R=     9.0 len=  9 avg_R=     9.6 loss=15.8745 temp=0.42 total_env_steps=21126 t=0.08s
  [kl-lr] ep=1771 kl=0.00006 lr_mult=10.000
Ep 1771: R=    10.0 len= 10 avg_R=     9.6 loss=14.7218 temp=0.42 total_env_steps=21136 t=0.08s
  [kl-lr] ep=1772 kl=0.00151 lr_mult=10.000
Ep 1772: R=     9.0 len=  9 avg_R=     9.6 loss=17.9402 temp=0.42 total_env_steps=21145 t=0.08s
  [kl-lr] ep=1773 kl=0.01724 lr_mult=10.000
Ep 1773: R=     9.0 len=  9 avg_R=     9.6 loss=16.2449 temp=0.42 total_env_steps=21154 t=0.08s
  [kl-lr] ep=1774 kl=0.04529 lr_mult=6.667
Ep 1774: R=     9.0 len=  9 avg_R=     9.6 loss=15.2631 temp=0.42 total_env_steps=21163 t=0.07s
  [kl-lr] ep=1775 kl=0.00379 lr_mult=10.000
Ep 1775: R=    10.0 len= 10 avg_R=     9.6 loss=18.3096 temp=0.42 total_env_steps=21173 t=0.07s
  greedy eval 9.4 / 475（近20局 self-play 9.4，total_env_steps=21173）
  [kl-lr] ep=1776 kl=0.01092 lr_mult=10.000
Ep 1776: R=    11.0 len= 11 avg_R=     9.6 loss=15.2059 temp=0.42 total_env_steps=21184 t=0.08s
  [kl-lr] ep=1777 kl=0.00968 lr_mult=10.000
Ep 1777: R=    10.0 len= 10 avg_R=     9.6 loss=16.4146 temp=0.42 total_env_steps=21194 t=0.07s
  [kl-lr] ep=1778 kl=0.00001 lr_mult=10.000
Ep 1778: R=    10.0 len= 10 avg_R=     9.6 loss=16.2899 temp=0.42 total_env_steps=21204 t=0.07s
  [kl-lr] ep=1779 kl=0.00002 lr_mult=10.000
Ep 1779: R=     9.0 len=  9 avg_R=     9.6 loss=15.2633 temp=0.42 total_env_steps=21213 t=0.07s
  [kl-lr] ep=1780 kl=0.00052 lr_mult=10.000
Ep 1780: R=    10.0 len= 10 avg_R=     9.6 loss=19.3776 temp=0.42 total_env_steps=21223 t=0.08s
  [kl-lr] ep=1781 kl=0.02130 lr_mult=10.000
Ep 1781: R=     8.0 len=  8 avg_R=     9.6 loss=16.1121 temp=0.42 total_env_steps=21231 t=0.08s
  [kl-lr] ep=1782 kl=0.02779 lr_mult=10.000
Ep 1782: R=     8.0 len=  8 avg_R=     9.6 loss=17.5355 temp=0.41 total_env_steps=21239 t=0.07s
  [kl-lr] ep=1783 kl=0.00024 lr_mult=10.000
Ep 1783: R=    11.0 len= 11 avg_R=     9.6 loss=20.3049 temp=0.41 total_env_steps=21250 t=0.08s
  [kl-lr] ep=1784 kl=0.00025 lr_mult=10.000
Ep 1784: R=     9.0 len=  9 avg_R=     9.6 loss=15.3434 temp=0.41 total_env_steps=21259 t=0.08s
  [kl-lr] ep=1785 kl=0.00103 lr_mult=10.000
Ep 1785: R=     8.0 len=  8 avg_R=     9.6 loss=15.8241 temp=0.41 total_env_steps=21267 t=0.07s
  [kl-lr] ep=1786 kl=0.00018 lr_mult=10.000
Ep 1786: R=     9.0 len=  9 avg_R=     9.6 loss=16.5830 temp=0.41 total_env_steps=21276 t=0.07s
  [kl-lr] ep=1787 kl=0.00195 lr_mult=10.000
Ep 1787: R=     9.0 len=  9 avg_R=     9.6 loss=16.9348 temp=0.41 total_env_steps=21285 t=0.08s
  [kl-lr] ep=1788 kl=0.01035 lr_mult=10.000
Ep 1788: R=     9.0 len=  9 avg_R=     9.6 loss=13.4051 temp=0.41 total_env_steps=21294 t=0.08s
  [kl-lr] ep=1789 kl=0.00443 lr_mult=10.000
Ep 1789: R=    10.0 len= 10 avg_R=     9.6 loss=19.1864 temp=0.41 total_env_steps=21304 t=0.08s
  [kl-lr] ep=1790 kl=0.00208 lr_mult=10.000
Ep 1790: R=    10.0 len= 10 avg_R=     9.6 loss=16.2269 temp=0.41 total_env_steps=21314 t=0.08s
  [kl-lr] ep=1791 kl=0.00020 lr_mult=10.000
Ep 1791: R=    10.0 len= 10 avg_R=     9.6 loss=15.6650 temp=0.41 total_env_steps=21324 t=0.08s
  [kl-lr] ep=1792 kl=0.00316 lr_mult=10.000
Ep 1792: R=     9.0 len=  9 avg_R=     9.6 loss=18.5837 temp=0.41 total_env_steps=21333 t=0.08s
  [kl-lr] ep=1793 kl=0.00003 lr_mult=10.000
Ep 1793: R=    10.0 len= 10 avg_R=     9.6 loss=15.0621 temp=0.41 total_env_steps=21343 t=0.08s
  [kl-lr] ep=1794 kl=0.00203 lr_mult=10.000
Ep 1794: R=    10.0 len= 10 avg_R=     9.6 loss=17.2452 temp=0.41 total_env_steps=21353 t=0.08s
  [kl-lr] ep=1795 kl=0.00622 lr_mult=10.000
Ep 1795: R=     9.0 len=  9 avg_R=     9.6 loss=16.0946 temp=0.40 total_env_steps=21362 t=0.07s
  [kl-lr] ep=1796 kl=0.00174 lr_mult=10.000
Ep 1796: R=    10.0 len= 10 avg_R=     9.6 loss=16.9486 temp=0.40 total_env_steps=21372 t=0.09s
  [kl-lr] ep=1797 kl=0.00019 lr_mult=10.000
Ep 1797: R=    10.0 len= 10 avg_R=     9.6 loss=18.2029 temp=0.40 total_env_steps=21382 t=0.08s
  [kl-lr] ep=1798 kl=0.00262 lr_mult=10.000
Ep 1798: R=    11.0 len= 11 avg_R=     9.6 loss=17.8338 temp=0.40 total_env_steps=21393 t=0.07s
  [kl-lr] ep=1799 kl=0.00876 lr_mult=10.000
Ep 1799: R=    10.0 len= 10 avg_R=     9.6 loss=19.6256 temp=0.40 total_env_steps=21403 t=0.09s
  [kl-lr] ep=1800 kl=0.00900 lr_mult=10.000
Ep 1800: R=    10.0 len= 10 avg_R=     9.6 loss=18.0277 temp=0.40 total_env_steps=21413 t=0.08s
  greedy eval 9.4 / 475（近20局 self-play 9.5，total_env_steps=21413）
  [kl-lr] ep=1801 kl=0.00038 lr_mult=10.000
Ep 1801: R=     8.0 len=  8 avg_R=     9.6 loss=17.3446 temp=0.40 total_env_steps=21421 t=0.09s
  [kl-lr] ep=1802 kl=0.00222 lr_mult=10.000
Ep 1802: R=    10.0 len= 10 avg_R=     9.6 loss=16.3526 temp=0.40 total_env_steps=21431 t=0.08s
  [kl-lr] ep=1803 kl=0.00153 lr_mult=10.000
Ep 1803: R=     9.0 len=  9 avg_R=     9.6 loss=15.3219 temp=0.40 total_env_steps=21440 t=0.07s
  [kl-lr] ep=1804 kl=0.00076 lr_mult=10.000
Ep 1804: R=    11.0 len= 11 avg_R=     9.6 loss=16.0684 temp=0.40 total_env_steps=21451 t=0.08s
  [kl-lr] ep=1805 kl=0.00680 lr_mult=10.000
Ep 1805: R=     8.0 len=  8 avg_R=     9.6 loss=17.4834 temp=0.40 total_env_steps=21459 t=0.07s
  [kl-lr] ep=1806 kl=0.01355 lr_mult=10.000
Ep 1806: R=    10.0 len= 10 avg_R=     9.6 loss=15.2655 temp=0.40 total_env_steps=21469 t=0.07s
  [kl-lr] ep=1807 kl=0.01018 lr_mult=10.000
Ep 1807: R=    10.0 len= 10 avg_R=     9.6 loss=16.4418 temp=0.40 total_env_steps=21479 t=0.07s
  [kl-lr] ep=1808 kl=0.01062 lr_mult=10.000
Ep 1808: R=     8.0 len=  8 avg_R=     9.6 loss=16.2483 temp=0.39 total_env_steps=21487 t=0.07s
  [kl-lr] ep=1809 kl=0.00001 lr_mult=10.000
Ep 1809: R=     9.0 len=  9 avg_R=     9.5 loss=16.7452 temp=0.39 total_env_steps=21496 t=0.08s
  [kl-lr] ep=1810 kl=0.00742 lr_mult=10.000
Ep 1810: R=     9.0 len=  9 avg_R=     9.5 loss=15.9439 temp=0.39 total_env_steps=21505 t=0.08s
  [kl-lr] ep=1811 kl=0.00031 lr_mult=10.000
Ep 1811: R=    10.0 len= 10 avg_R=     9.6 loss=15.8213 temp=0.39 total_env_steps=21515 t=0.08s
  [kl-lr] ep=1812 kl=0.01981 lr_mult=10.000
Ep 1812: R=     9.0 len=  9 avg_R=     9.5 loss=14.3902 temp=0.39 total_env_steps=21524 t=0.07s
  [kl-lr] ep=1813 kl=0.00769 lr_mult=10.000
Ep 1813: R=     9.0 len=  9 avg_R=     9.5 loss=18.5392 temp=0.39 total_env_steps=21533 t=0.08s
  [kl-lr] ep=1814 kl=0.00228 lr_mult=10.000
Ep 1814: R=    10.0 len= 10 avg_R=     9.5 loss=15.7041 temp=0.39 total_env_steps=21543 t=0.07s
  [kl-lr] ep=1815 kl=0.00889 lr_mult=10.000
Ep 1815: R=    10.0 len= 10 avg_R=     9.5 loss=15.8684 temp=0.39 total_env_steps=21553 t=0.08s
  [kl-lr] ep=1816 kl=0.00744 lr_mult=10.000
Ep 1816: R=    10.0 len= 10 avg_R=     9.6 loss=16.1102 temp=0.39 total_env_steps=21563 t=0.08s
  [kl-lr] ep=1817 kl=0.00000 lr_mult=10.000
Ep 1817: R=     9.0 len=  9 avg_R=     9.6 loss=15.2385 temp=0.39 total_env_steps=21572 t=0.08s
  [kl-lr] ep=1818 kl=0.00339 lr_mult=10.000
Ep 1818: R=     9.0 len=  9 avg_R=     9.6 loss=16.7031 temp=0.39 total_env_steps=21581 t=0.07s
  [kl-lr] ep=1819 kl=0.00589 lr_mult=10.000
Ep 1819: R=     9.0 len=  9 avg_R=     9.6 loss=16.7880 temp=0.39 total_env_steps=21590 t=0.07s
  [kl-lr] ep=1820 kl=0.00168 lr_mult=10.000
Ep 1820: R=    10.0 len= 10 avg_R=     9.6 loss=15.1793 temp=0.39 total_env_steps=21600 t=0.07s
  [kl-lr] ep=1821 kl=0.00072 lr_mult=10.000
Ep 1821: R=     9.0 len=  9 avg_R=     9.6 loss=15.5201 temp=0.38 total_env_steps=21609 t=0.07s
  [kl-lr] ep=1822 kl=0.00004 lr_mult=10.000
Ep 1822: R=    10.0 len= 10 avg_R=     9.6 loss=16.5707 temp=0.38 total_env_steps=21619 t=0.08s
  [kl-lr] ep=1823 kl=0.00354 lr_mult=10.000
Ep 1823: R=     9.0 len=  9 avg_R=     9.6 loss=15.6148 temp=0.38 total_env_steps=21628 t=0.07s
  [kl-lr] ep=1824 kl=0.00401 lr_mult=10.000
Ep 1824: R=     8.0 len=  8 avg_R=     9.6 loss=15.7678 temp=0.38 total_env_steps=21636 t=0.08s
  [kl-lr] ep=1825 kl=0.00158 lr_mult=10.000
Ep 1825: R=    10.0 len= 10 avg_R=     9.6 loss=17.5164 temp=0.38 total_env_steps=21646 t=0.07s
  greedy eval 9.4 / 475（近20局 self-play 9.4，total_env_steps=21646）
  [kl-lr] ep=1826 kl=0.00239 lr_mult=10.000
Ep 1826: R=    10.0 len= 10 avg_R=     9.6 loss=16.4631 temp=0.38 total_env_steps=21656 t=0.09s
  [kl-lr] ep=1827 kl=0.00000 lr_mult=10.000
Ep 1827: R=     9.0 len=  9 avg_R=     9.5 loss=15.9606 temp=0.38 total_env_steps=21665 t=0.07s
  [kl-lr] ep=1828 kl=0.00083 lr_mult=10.000
Ep 1828: R=    10.0 len= 10 avg_R=     9.6 loss=22.2144 temp=0.38 total_env_steps=21675 t=0.08s
  [kl-lr] ep=1829 kl=0.00076 lr_mult=10.000
Ep 1829: R=     9.0 len=  9 avg_R=     9.5 loss=14.9779 temp=0.38 total_env_steps=21684 t=0.07s
  [kl-lr] ep=1830 kl=0.00052 lr_mult=10.000
Ep 1830: R=     8.0 len=  8 avg_R=     9.5 loss=14.7312 temp=0.38 total_env_steps=21692 t=0.07s
  [kl-lr] ep=1831 kl=0.00873 lr_mult=10.000
Ep 1831: R=     9.0 len=  9 avg_R=     9.5 loss=17.0173 temp=0.38 total_env_steps=21701 t=0.08s
  [kl-lr] ep=1832 kl=0.03853 lr_mult=10.000
Ep 1832: R=     9.0 len=  9 avg_R=     9.5 loss=14.3292 temp=0.38 total_env_steps=21710 t=0.06s
  [kl-lr] ep=1833 kl=0.00803 lr_mult=10.000
Ep 1833: R=     8.0 len=  8 avg_R=     9.5 loss=18.7609 temp=0.38 total_env_steps=21718 t=0.08s
  [kl-lr] ep=1834 kl=0.00019 lr_mult=10.000
Ep 1834: R=     9.0 len=  9 avg_R=     9.5 loss=15.0721 temp=0.38 total_env_steps=21727 t=0.07s
  [kl-lr] ep=1835 kl=0.00139 lr_mult=10.000
Ep 1835: R=    10.0 len= 10 avg_R=     9.5 loss=15.9791 temp=0.37 total_env_steps=21737 t=0.07s
  [kl-lr] ep=1836 kl=0.00928 lr_mult=10.000
Ep 1836: R=    10.0 len= 10 avg_R=     9.5 loss=18.8788 temp=0.37 total_env_steps=21747 t=0.08s
  [kl-lr] ep=1837 kl=0.01678 lr_mult=10.000
Ep 1837: R=     9.0 len=  9 avg_R=     9.5 loss=16.2288 temp=0.37 total_env_steps=21756 t=0.07s
  [kl-lr] ep=1838 kl=0.00827 lr_mult=10.000
Ep 1838: R=    10.0 len= 10 avg_R=     9.5 loss=17.1653 temp=0.37 total_env_steps=21766 t=0.07s
  [kl-lr] ep=1839 kl=0.00181 lr_mult=10.000
Ep 1839: R=     8.0 len=  8 avg_R=     9.4 loss=15.9514 temp=0.37 total_env_steps=21774 t=0.08s
  [kl-lr] ep=1840 kl=0.00288 lr_mult=10.000
Ep 1840: R=     9.0 len=  9 avg_R=     9.4 loss=14.9432 temp=0.37 total_env_steps=21783 t=0.08s
  [kl-lr] ep=1841 kl=0.02486 lr_mult=10.000
Ep 1841: R=    10.0 len= 10 avg_R=     9.4 loss=16.0200 temp=0.37 total_env_steps=21793 t=0.08s
  [kl-lr] ep=1842 kl=0.00837 lr_mult=10.000
Ep 1842: R=     9.0 len=  9 avg_R=     9.4 loss=17.8840 temp=0.37 total_env_steps=21802 t=0.08s
  [kl-lr] ep=1843 kl=0.01563 lr_mult=10.000
Ep 1843: R=     8.0 len=  8 avg_R=     9.4 loss=14.6294 temp=0.37 total_env_steps=21810 t=0.08s
  [kl-lr] ep=1844 kl=0.05224 lr_mult=6.667
Ep 1844: R=    10.0 len= 10 avg_R=     9.4 loss=17.0071 temp=0.37 total_env_steps=21820 t=0.08s
  [kl-lr] ep=1845 kl=0.01426 lr_mult=6.667
Ep 1845: R=     8.0 len=  8 avg_R=     9.4 loss=15.4836 temp=0.37 total_env_steps=21828 t=0.07s
  [kl-lr] ep=1846 kl=0.00078 lr_mult=10.000
Ep 1846: R=    10.0 len= 10 avg_R=     9.4 loss=16.8073 temp=0.37 total_env_steps=21838 t=0.08s
  [kl-lr] ep=1847 kl=0.01084 lr_mult=10.000
Ep 1847: R=     9.0 len=  9 avg_R=     9.4 loss=16.7977 temp=0.37 total_env_steps=21847 t=0.07s
  [kl-lr] ep=1848 kl=0.02493 lr_mult=10.000
Ep 1848: R=    10.0 len= 10 avg_R=     9.4 loss=16.9597 temp=0.36 total_env_steps=21857 t=0.08s
  [kl-lr] ep=1849 kl=0.04362 lr_mult=6.667
Ep 1849: R=     9.0 len=  9 avg_R=     9.4 loss=16.9769 temp=0.36 total_env_steps=21866 t=0.08s
  [kl-lr] ep=1850 kl=0.00495 lr_mult=10.000
Ep 1850: R=     9.0 len=  9 avg_R=     9.4 loss=16.6926 temp=0.36 total_env_steps=21875 t=0.08s
  greedy eval 9.4 / 475（近20局 self-play 9.1，total_env_steps=21875）
  [kl-lr] ep=1851 kl=0.00143 lr_mult=10.000
Ep 1851: R=     9.0 len=  9 avg_R=     9.4 loss=15.3515 temp=0.36 total_env_steps=21884 t=0.08s
  [kl-lr] ep=1852 kl=0.00706 lr_mult=10.000
Ep 1852: R=    10.0 len= 10 avg_R=     9.4 loss=16.8382 temp=0.36 total_env_steps=21894 t=0.07s
  [kl-lr] ep=1853 kl=0.02400 lr_mult=10.000
Ep 1853: R=    10.0 len= 10 avg_R=     9.4 loss=16.9271 temp=0.36 total_env_steps=21904 t=0.08s
  [kl-lr] ep=1854 kl=0.04190 lr_mult=6.667
Ep 1854: R=    11.0 len= 11 avg_R=     9.4 loss=15.1298 temp=0.36 total_env_steps=21915 t=0.08s
  [kl-lr] ep=1855 kl=0.00041 lr_mult=10.000
Ep 1855: R=    10.0 len= 10 avg_R=     9.4 loss=17.0602 temp=0.36 total_env_steps=21925 t=0.07s
  [kl-lr] ep=1856 kl=0.00404 lr_mult=10.000
Ep 1856: R=     9.0 len=  9 avg_R=     9.4 loss=17.1119 temp=0.36 total_env_steps=21934 t=0.07s
  [kl-lr] ep=1857 kl=0.00004 lr_mult=10.000
Ep 1857: R=     9.0 len=  9 avg_R=     9.4 loss=15.0214 temp=0.36 total_env_steps=21943 t=0.08s
  [kl-lr] ep=1858 kl=0.00003 lr_mult=10.000
Ep 1858: R=     9.0 len=  9 avg_R=     9.4 loss=16.8753 temp=0.36 total_env_steps=21952 t=0.08s
  [kl-lr] ep=1859 kl=0.00000 lr_mult=10.000
Ep 1859: R=     8.0 len=  8 avg_R=     9.4 loss=17.1911 temp=0.36 total_env_steps=21960 t=0.08s
  [kl-lr] ep=1860 kl=0.00027 lr_mult=10.000
Ep 1860: R=    10.0 len= 10 avg_R=     9.4 loss=15.5652 temp=0.36 total_env_steps=21970 t=0.08s
  [kl-lr] ep=1861 kl=0.00033 lr_mult=10.000
Ep 1861: R=     8.0 len=  8 avg_R=     9.4 loss=16.8170 temp=0.36 total_env_steps=21978 t=0.09s
  [kl-lr] ep=1862 kl=0.00139 lr_mult=10.000
Ep 1862: R=    10.0 len= 10 avg_R=     9.4 loss=18.3698 temp=0.35 total_env_steps=21988 t=0.08s
  [kl-lr] ep=1863 kl=0.00107 lr_mult=10.000
Ep 1863: R=     9.0 len=  9 avg_R=     9.4 loss=15.0535 temp=0.35 total_env_steps=21997 t=0.07s
  [kl-lr] ep=1864 kl=0.00002 lr_mult=10.000
Ep 1864: R=     9.0 len=  9 avg_R=     9.4 loss=15.6211 temp=0.35 total_env_steps=22006 t=0.07s
  [kl-lr] ep=1865 kl=0.00053 lr_mult=10.000
Ep 1865: R=     9.0 len=  9 avg_R=     9.4 loss=16.9823 temp=0.35 total_env_steps=22015 t=0.08s
  [kl-lr] ep=1866 kl=0.00074 lr_mult=10.000
Ep 1866: R=    10.0 len= 10 avg_R=     9.4 loss=17.1794 temp=0.35 total_env_steps=22025 t=0.09s
  [kl-lr] ep=1867 kl=0.00185 lr_mult=10.000
Ep 1867: R=    10.0 len= 10 avg_R=     9.4 loss=15.8024 temp=0.35 total_env_steps=22035 t=0.07s
  [kl-lr] ep=1868 kl=0.01070 lr_mult=10.000
Ep 1868: R=     8.0 len=  8 avg_R=     9.4 loss=18.5349 temp=0.35 total_env_steps=22043 t=0.07s
  [kl-lr] ep=1869 kl=0.06544 lr_mult=6.667
Ep 1869: R=     8.0 len=  8 avg_R=     9.3 loss=16.5497 temp=0.35 total_env_steps=22051 t=0.07s
  [kl-lr] ep=1870 kl=0.06589 lr_mult=4.444
Ep 1870: R=    10.0 len= 10 avg_R=     9.4 loss=18.4719 temp=0.35 total_env_steps=22061 t=0.08s
  [kl-lr] ep=1871 kl=0.00319 lr_mult=6.667
Ep 1871: R=    10.0 len= 10 avg_R=     9.4 loss=15.7977 temp=0.35 total_env_steps=22071 t=0.07s
  [kl-lr] ep=1872 kl=0.01831 lr_mult=6.667
Ep 1872: R=     9.0 len=  9 avg_R=     9.4 loss=15.9272 temp=0.35 total_env_steps=22080 t=0.08s
  [kl-lr] ep=1873 kl=0.00669 lr_mult=10.000
Ep 1873: R=    10.0 len= 10 avg_R=     9.4 loss=16.4946 temp=0.35 total_env_steps=22090 t=0.08s
  [kl-lr] ep=1874 kl=0.00019 lr_mult=10.000
Ep 1874: R=     9.0 len=  9 avg_R=     9.4 loss=14.3755 temp=0.35 total_env_steps=22099 t=0.08s
  [kl-lr] ep=1875 kl=0.00173 lr_mult=10.000
Ep 1875: R=     9.0 len=  9 avg_R=     9.4 loss=16.0878 temp=0.34 total_env_steps=22108 t=0.09s
  greedy eval 9.4 / 475（近20局 self-play 9.1，total_env_steps=22108）
  [kl-lr] ep=1876 kl=0.01177 lr_mult=10.000
Ep 1876: R=     9.0 len=  9 avg_R=     9.3 loss=15.1989 temp=0.34 total_env_steps=22117 t=0.10s
  [kl-lr] ep=1877 kl=0.00947 lr_mult=10.000
Ep 1877: R=     9.0 len=  9 avg_R=     9.3 loss=16.1427 temp=0.34 total_env_steps=22126 t=0.09s
  [kl-lr] ep=1878 kl=0.00218 lr_mult=10.000
Ep 1878: R=     9.0 len=  9 avg_R=     9.3 loss=15.9916 temp=0.34 total_env_steps=22135 t=0.07s
  [kl-lr] ep=1879 kl=0.00585 lr_mult=10.000
Ep 1879: R=     9.0 len=  9 avg_R=     9.3 loss=17.1904 temp=0.34 total_env_steps=22144 t=0.09s
  [kl-lr] ep=1880 kl=0.01578 lr_mult=10.000
Ep 1880: R=    10.0 len= 10 avg_R=     9.3 loss=13.5321 temp=0.34 total_env_steps=22154 t=0.08s
  [kl-lr] ep=1881 kl=0.00011 lr_mult=10.000
Ep 1881: R=    10.0 len= 10 avg_R=     9.3 loss=15.6076 temp=0.34 total_env_steps=22164 t=0.07s
  [kl-lr] ep=1882 kl=0.00297 lr_mult=10.000
Ep 1882: R=    10.0 len= 10 avg_R=     9.4 loss=17.2395 temp=0.34 total_env_steps=22174 t=0.07s
  [kl-lr] ep=1883 kl=0.00098 lr_mult=10.000
Ep 1883: R=     9.0 len=  9 avg_R=     9.3 loss=15.6366 temp=0.34 total_env_steps=22183 t=0.09s
  [kl-lr] ep=1884 kl=0.00843 lr_mult=10.000
Ep 1884: R=     9.0 len=  9 avg_R=     9.3 loss=15.1629 temp=0.34 total_env_steps=22192 t=0.07s
  [kl-lr] ep=1885 kl=0.00027 lr_mult=10.000
Ep 1885: R=     8.0 len=  8 avg_R=     9.3 loss=18.1330 temp=0.34 total_env_steps=22200 t=0.09s
  [kl-lr] ep=1886 kl=0.00075 lr_mult=10.000
Ep 1886: R=     9.0 len=  9 avg_R=     9.3 loss=16.0144 temp=0.34 total_env_steps=22209 t=0.08s
  [kl-lr] ep=1887 kl=0.00021 lr_mult=10.000
Ep 1887: R=    10.0 len= 10 avg_R=     9.3 loss=17.3473 temp=0.34 total_env_steps=22219 t=0.08s
  [kl-lr] ep=1888 kl=0.00411 lr_mult=10.000
Ep 1888: R=    10.0 len= 10 avg_R=     9.4 loss=15.5991 temp=0.33 total_env_steps=22229 t=0.08s
  [kl-lr] ep=1889 kl=0.00429 lr_mult=10.000
Ep 1889: R=     9.0 len=  9 avg_R=     9.3 loss=17.4120 temp=0.33 total_env_steps=22238 t=0.08s
  [kl-lr] ep=1890 kl=0.00002 lr_mult=10.000
Ep 1890: R=     9.0 len=  9 avg_R=     9.3 loss=16.0227 temp=0.33 total_env_steps=22247 t=0.08s
  [kl-lr] ep=1891 kl=0.00272 lr_mult=10.000
Ep 1891: R=     9.0 len=  9 avg_R=     9.3 loss=16.6333 temp=0.33 total_env_steps=22256 t=0.08s
  [kl-lr] ep=1892 kl=0.00025 lr_mult=10.000
Ep 1892: R=     8.0 len=  8 avg_R=     9.3 loss=18.7426 temp=0.33 total_env_steps=22264 t=0.08s
  [kl-lr] ep=1893 kl=0.00133 lr_mult=10.000
Ep 1893: R=    10.0 len= 10 avg_R=     9.3 loss=14.6703 temp=0.33 total_env_steps=22274 t=0.08s
  [kl-lr] ep=1894 kl=0.00227 lr_mult=10.000
Ep 1894: R=    10.0 len= 10 avg_R=     9.3 loss=15.4496 temp=0.33 total_env_steps=22284 t=0.07s
  [kl-lr] ep=1895 kl=0.00418 lr_mult=10.000
Ep 1895: R=    10.0 len= 10 avg_R=     9.3 loss=21.8049 temp=0.33 total_env_steps=22294 t=0.08s
  [kl-lr] ep=1896 kl=0.00199 lr_mult=10.000
Ep 1896: R=     9.0 len=  9 avg_R=     9.3 loss=15.6774 temp=0.33 total_env_steps=22303 t=0.09s
  [kl-lr] ep=1897 kl=0.01731 lr_mult=10.000
Ep 1897: R=    10.0 len= 10 avg_R=     9.3 loss=18.2103 temp=0.33 total_env_steps=22313 t=0.07s
  [kl-lr] ep=1898 kl=0.00122 lr_mult=10.000
Ep 1898: R=     8.0 len=  8 avg_R=     9.3 loss=14.4910 temp=0.33 total_env_steps=22321 t=0.08s
  [kl-lr] ep=1899 kl=0.00046 lr_mult=10.000
Ep 1899: R=    11.0 len= 11 avg_R=     9.3 loss=14.8073 temp=0.33 total_env_steps=22332 t=0.07s
  [kl-lr] ep=1900 kl=0.00038 lr_mult=10.000
Ep 1900: R=     9.0 len=  9 avg_R=     9.3 loss=16.1022 temp=0.33 total_env_steps=22341 t=0.07s
  greedy eval 9.4 / 475（近20局 self-play 9.4，total_env_steps=22341）
  [kl-lr] ep=1901 kl=0.00130 lr_mult=10.000
Ep 1901: R=    10.0 len= 10 avg_R=     9.3 loss=16.3629 temp=0.33 total_env_steps=22351 t=0.08s
  [kl-lr] ep=1902 kl=0.00865 lr_mult=10.000
Ep 1902: R=     9.0 len=  9 avg_R=     9.3 loss=15.4015 temp=0.32 total_env_steps=22360 t=0.08s
  [kl-lr] ep=1903 kl=0.00183 lr_mult=10.000
Ep 1903: R=     8.0 len=  8 avg_R=     9.3 loss=17.1888 temp=0.32 total_env_steps=22368 t=0.07s
  [kl-lr] ep=1904 kl=0.00636 lr_mult=10.000
Ep 1904: R=     9.0 len=  9 avg_R=     9.3 loss=16.8979 temp=0.32 total_env_steps=22377 t=0.08s
  [kl-lr] ep=1905 kl=0.00938 lr_mult=10.000
Ep 1905: R=     9.0 len=  9 avg_R=     9.3 loss=15.5053 temp=0.32 total_env_steps=22386 t=0.08s
  [kl-lr] ep=1906 kl=0.00058 lr_mult=10.000
Ep 1906: R=     9.0 len=  9 avg_R=     9.3 loss=16.2278 temp=0.32 total_env_steps=22395 t=0.07s
  [kl-lr] ep=1907 kl=0.00065 lr_mult=10.000
Ep 1907: R=     9.0 len=  9 avg_R=     9.2 loss=15.3383 temp=0.32 total_env_steps=22404 t=0.08s
  [kl-lr] ep=1908 kl=0.00128 lr_mult=10.000
Ep 1908: R=     8.0 len=  8 avg_R=     9.2 loss=16.1677 temp=0.32 total_env_steps=22412 t=0.08s
  [kl-lr] ep=1909 kl=0.00308 lr_mult=10.000
Ep 1909: R=     8.0 len=  8 avg_R=     9.2 loss=15.7000 temp=0.32 total_env_steps=22420 t=0.07s
  [kl-lr] ep=1910 kl=0.00837 lr_mult=10.000
Ep 1910: R=     9.0 len=  9 avg_R=     9.2 loss=19.2415 temp=0.32 total_env_steps=22429 t=0.08s
  [kl-lr] ep=1911 kl=0.00455 lr_mult=10.000
Ep 1911: R=    10.0 len= 10 avg_R=     9.2 loss=16.6801 temp=0.32 total_env_steps=22439 t=0.08s
  [kl-lr] ep=1912 kl=0.00000 lr_mult=10.000
Ep 1912: R=     8.0 len=  8 avg_R=     9.2 loss=17.6058 temp=0.32 total_env_steps=22447 t=0.08s
  [kl-lr] ep=1913 kl=0.00868 lr_mult=10.000
Ep 1913: R=     8.0 len=  8 avg_R=     9.2 loss=17.4155 temp=0.32 total_env_steps=22455 t=0.08s
  [kl-lr] ep=1914 kl=0.04264 lr_mult=6.667
Ep 1914: R=     9.0 len=  9 avg_R=     9.2 loss=16.5952 temp=0.32 total_env_steps=22464 t=0.07s
  [kl-lr] ep=1915 kl=0.01240 lr_mult=6.667
Ep 1915: R=     9.0 len=  9 avg_R=     9.2 loss=17.2974 temp=0.31 total_env_steps=22473 t=0.08s
  [kl-lr] ep=1916 kl=0.00701 lr_mult=10.000
Ep 1916: R=    11.0 len= 11 avg_R=     9.2 loss=16.3313 temp=0.31 total_env_steps=22484 t=0.07s
  [kl-lr] ep=1917 kl=0.01660 lr_mult=10.000
Ep 1917: R=    10.0 len= 10 avg_R=     9.2 loss=16.4270 temp=0.31 total_env_steps=22494 t=0.09s
  [kl-lr] ep=1918 kl=0.01559 lr_mult=10.000
Ep 1918: R=    10.0 len= 10 avg_R=     9.2 loss=13.9768 temp=0.31 total_env_steps=22504 t=0.08s
  [kl-lr] ep=1919 kl=0.00604 lr_mult=10.000
Ep 1919: R=     9.0 len=  9 avg_R=     9.2 loss=14.2263 temp=0.31 total_env_steps=22513 t=0.09s
  [kl-lr] ep=1920 kl=0.00010 lr_mult=10.000
Ep 1920: R=    11.0 len= 11 avg_R=     9.2 loss=17.4994 temp=0.31 total_env_steps=22524 t=0.08s
  [kl-lr] ep=1921 kl=0.00082 lr_mult=10.000
Ep 1921: R=     9.0 len=  9 avg_R=     9.2 loss=14.3098 temp=0.31 total_env_steps=22533 t=0.08s
  [kl-lr] ep=1922 kl=0.00199 lr_mult=10.000
Ep 1922: R=     9.0 len=  9 avg_R=     9.2 loss=15.2112 temp=0.31 total_env_steps=22542 t=0.08s
  [kl-lr] ep=1923 kl=0.00914 lr_mult=10.000
Ep 1923: R=     9.0 len=  9 avg_R=     9.2 loss=17.3093 temp=0.31 total_env_steps=22551 t=0.08s
  [kl-lr] ep=1924 kl=0.01244 lr_mult=10.000
Ep 1924: R=    10.0 len= 10 avg_R=     9.2 loss=17.3584 temp=0.31 total_env_steps=22561 t=0.07s
  [kl-lr] ep=1925 kl=0.01153 lr_mult=10.000
Ep 1925: R=     9.0 len=  9 avg_R=     9.2 loss=16.0974 temp=0.31 total_env_steps=22570 t=0.08s
  greedy eval 9.4 / 475（近20局 self-play 9.2，total_env_steps=22570）
  [kl-lr] ep=1926 kl=0.01827 lr_mult=10.000
Ep 1926: R=     9.0 len=  9 avg_R=     9.2 loss=17.4400 temp=0.31 total_env_steps=22579 t=0.08s
  [kl-lr] ep=1927 kl=0.00435 lr_mult=10.000
Ep 1927: R=    10.0 len= 10 avg_R=     9.2 loss=16.4691 temp=0.31 total_env_steps=22589 t=0.08s
  [kl-lr] ep=1928 kl=0.00123 lr_mult=10.000
Ep 1928: R=    10.0 len= 10 avg_R=     9.2 loss=14.7832 temp=0.30 total_env_steps=22599 t=0.07s
  [kl-lr] ep=1929 kl=0.00545 lr_mult=10.000
Ep 1929: R=    10.0 len= 10 avg_R=     9.2 loss=16.1639 temp=0.30 total_env_steps=22609 t=0.08s
  [kl-lr] ep=1930 kl=0.00103 lr_mult=10.000
Ep 1930: R=    10.0 len= 10 avg_R=     9.3 loss=15.5342 temp=0.30 total_env_steps=22619 t=0.09s
  [kl-lr] ep=1931 kl=0.01008 lr_mult=10.000
Ep 1931: R=    10.0 len= 10 avg_R=     9.3 loss=16.0817 temp=0.30 total_env_steps=22629 t=0.07s
  [kl-lr] ep=1932 kl=0.00805 lr_mult=10.000
Ep 1932: R=    10.0 len= 10 avg_R=     9.3 loss=18.5862 temp=0.30 total_env_steps=22639 t=0.07s
  [kl-lr] ep=1933 kl=0.00039 lr_mult=10.000
Ep 1933: R=     9.0 len=  9 avg_R=     9.3 loss=15.5392 temp=0.30 total_env_steps=22648 t=0.07s
  [kl-lr] ep=1934 kl=0.00174 lr_mult=10.000
Ep 1934: R=     9.0 len=  9 avg_R=     9.3 loss=14.7746 temp=0.30 total_env_steps=22657 t=0.07s
  [kl-lr] ep=1935 kl=0.00068 lr_mult=10.000
Ep 1935: R=     9.0 len=  9 avg_R=     9.3 loss=16.2035 temp=0.30 total_env_steps=22666 t=0.08s
  [kl-lr] ep=1936 kl=0.00577 lr_mult=10.000
Ep 1936: R=     9.0 len=  9 avg_R=     9.3 loss=15.1959 temp=0.30 total_env_steps=22675 t=0.08s
  [kl-lr] ep=1937 kl=0.01495 lr_mult=10.000
Ep 1937: R=    10.0 len= 10 avg_R=     9.3 loss=15.8209 temp=0.30 total_env_steps=22685 t=0.07s
  [kl-lr] ep=1938 kl=0.00482 lr_mult=10.000
Ep 1938: R=    10.0 len= 10 avg_R=     9.3 loss=19.5849 temp=0.30 total_env_steps=22695 t=0.08s
  [kl-lr] ep=1939 kl=0.00173 lr_mult=10.000
Ep 1939: R=    10.0 len= 10 avg_R=     9.3 loss=15.9497 temp=0.30 total_env_steps=22705 t=0.07s
  [kl-lr] ep=1940 kl=0.00016 lr_mult=10.000
Ep 1940: R=     8.0 len=  8 avg_R=     9.3 loss=16.3260 temp=0.30 total_env_steps=22713 t=0.07s
  [kl-lr] ep=1941 kl=0.00035 lr_mult=10.000
Ep 1941: R=    10.0 len= 10 avg_R=     9.3 loss=14.5507 temp=0.30 total_env_steps=22723 t=0.07s
  [kl-lr] ep=1942 kl=0.00001 lr_mult=10.000
Ep 1942: R=    10.0 len= 10 avg_R=     9.3 loss=18.5766 temp=0.29 total_env_steps=22733 t=0.08s
  [kl-lr] ep=1943 kl=0.00647 lr_mult=10.000
Ep 1943: R=     9.0 len=  9 avg_R=     9.3 loss=15.8254 temp=0.29 total_env_steps=22742 t=0.07s
  [kl-lr] ep=1944 kl=0.02076 lr_mult=10.000
Ep 1944: R=    10.0 len= 10 avg_R=     9.3 loss=15.5045 temp=0.29 total_env_steps=22752 t=0.07s
  [kl-lr] ep=1945 kl=0.01743 lr_mult=10.000
Ep 1945: R=    10.0 len= 10 avg_R=     9.3 loss=18.8927 temp=0.29 total_env_steps=22762 t=0.07s
  [kl-lr] ep=1946 kl=0.00378 lr_mult=10.000
Ep 1946: R=     9.0 len=  9 avg_R=     9.3 loss=14.4992 temp=0.29 total_env_steps=22771 t=0.08s
  [kl-lr] ep=1947 kl=0.00111 lr_mult=10.000
Ep 1947: R=     8.0 len=  8 avg_R=     9.3 loss=17.4185 temp=0.29 total_env_steps=22779 t=0.07s
  [kl-lr] ep=1948 kl=0.01172 lr_mult=10.000
Ep 1948: R=     9.0 len=  9 avg_R=     9.3 loss=16.1188 temp=0.29 total_env_steps=22788 t=0.08s
  [kl-lr] ep=1949 kl=0.00494 lr_mult=10.000
Ep 1949: R=     9.0 len=  9 avg_R=     9.3 loss=16.1020 temp=0.29 total_env_steps=22797 t=0.09s
  [kl-lr] ep=1950 kl=0.00091 lr_mult=10.000
Ep 1950: R=     9.0 len=  9 avg_R=     9.3 loss=14.6314 temp=0.29 total_env_steps=22806 t=0.08s
  greedy eval 9.4 / 475（近20局 self-play 9.4，total_env_steps=22806）
  [kl-lr] ep=1951 kl=0.00520 lr_mult=10.000
Ep 1951: R=    10.0 len= 10 avg_R=     9.3 loss=17.5818 temp=0.29 total_env_steps=22816 t=0.08s
  [kl-lr] ep=1952 kl=0.00005 lr_mult=10.000
Ep 1952: R=    11.0 len= 11 avg_R=     9.3 loss=14.8444 temp=0.29 total_env_steps=22827 t=0.08s
  [kl-lr] ep=1953 kl=0.00500 lr_mult=10.000
Ep 1953: R=     9.0 len=  9 avg_R=     9.3 loss=15.9074 temp=0.29 total_env_steps=22836 t=0.07s
  [kl-lr] ep=1954 kl=0.00167 lr_mult=10.000
Ep 1954: R=     8.0 len=  8 avg_R=     9.3 loss=16.5061 temp=0.29 total_env_steps=22844 t=0.08s
  [kl-lr] ep=1955 kl=0.00008 lr_mult=10.000
Ep 1955: R=    10.0 len= 10 avg_R=     9.3 loss=16.5642 temp=0.28 total_env_steps=22854 t=0.08s
  [kl-lr] ep=1956 kl=0.00016 lr_mult=10.000
Ep 1956: R=     8.0 len=  8 avg_R=     9.3 loss=15.0703 temp=0.28 total_env_steps=22862 t=0.07s
  [kl-lr] ep=1957 kl=0.00709 lr_mult=10.000
Ep 1957: R=     9.0 len=  9 avg_R=     9.3 loss=15.5587 temp=0.28 total_env_steps=22871 t=0.08s
  [kl-lr] ep=1958 kl=0.00626 lr_mult=10.000
Ep 1958: R=     9.0 len=  9 avg_R=     9.3 loss=16.7944 temp=0.28 total_env_steps=22880 t=0.08s
  [kl-lr] ep=1959 kl=0.00543 lr_mult=10.000
Ep 1959: R=    10.0 len= 10 avg_R=     9.3 loss=14.1010 temp=0.28 total_env_steps=22890 t=0.07s
  [kl-lr] ep=1960 kl=0.01474 lr_mult=10.000
Ep 1960: R=    10.0 len= 10 avg_R=     9.3 loss=18.3251 temp=0.28 total_env_steps=22900 t=0.08s
  [kl-lr] ep=1961 kl=0.00256 lr_mult=10.000
Ep 1961: R=     8.0 len=  8 avg_R=     9.3 loss=16.5370 temp=0.28 total_env_steps=22908 t=0.08s
  [kl-lr] ep=1962 kl=0.00129 lr_mult=10.000
Ep 1962: R=     9.0 len=  9 avg_R=     9.3 loss=17.8788 temp=0.28 total_env_steps=22917 t=0.08s
  [kl-lr] ep=1963 kl=0.00913 lr_mult=10.000
Ep 1963: R=     9.0 len=  9 avg_R=     9.3 loss=15.5213 temp=0.28 total_env_steps=22926 t=0.07s
  [kl-lr] ep=1964 kl=0.00325 lr_mult=10.000
Ep 1964: R=    10.0 len= 10 avg_R=     9.3 loss=14.5642 temp=0.28 total_env_steps=22936 t=0.07s
  [kl-lr] ep=1965 kl=0.01472 lr_mult=10.000
Ep 1965: R=     8.0 len=  8 avg_R=     9.3 loss=21.1487 temp=0.28 total_env_steps=22944 t=0.07s
  [kl-lr] ep=1966 kl=0.00160 lr_mult=10.000
Ep 1966: R=    10.0 len= 10 avg_R=     9.3 loss=15.2957 temp=0.28 total_env_steps=22954 t=0.08s
  [kl-lr] ep=1967 kl=0.00337 lr_mult=10.000
Ep 1967: R=     9.0 len=  9 avg_R=     9.3 loss=17.5609 temp=0.28 total_env_steps=22963 t=0.08s
  [kl-lr] ep=1968 kl=0.00019 lr_mult=10.000
Ep 1968: R=     9.0 len=  9 avg_R=     9.3 loss=15.0901 temp=0.27 total_env_steps=22972 t=0.07s
  [kl-lr] ep=1969 kl=0.00113 lr_mult=10.000
Ep 1969: R=    10.0 len= 10 avg_R=     9.3 loss=15.0599 temp=0.27 total_env_steps=22982 t=0.08s
  [kl-lr] ep=1970 kl=0.00777 lr_mult=10.000
Ep 1970: R=    11.0 len= 11 avg_R=     9.3 loss=15.9824 temp=0.27 total_env_steps=22993 t=0.07s
  [kl-lr] ep=1971 kl=0.00011 lr_mult=10.000
Ep 1971: R=     8.0 len=  8 avg_R=     9.3 loss=15.6896 temp=0.27 total_env_steps=23001 t=0.08s
  [kl-lr] ep=1972 kl=0.00565 lr_mult=10.000
Ep 1972: R=     9.0 len=  9 avg_R=     9.3 loss=15.0130 temp=0.27 total_env_steps=23010 t=0.08s
  [kl-lr] ep=1973 kl=0.00641 lr_mult=10.000
Ep 1973: R=     9.0 len=  9 avg_R=     9.3 loss=19.4449 temp=0.27 total_env_steps=23019 t=0.07s
  [kl-lr] ep=1974 kl=0.00084 lr_mult=10.000
Ep 1974: R=    11.0 len= 11 avg_R=     9.3 loss=15.1531 temp=0.27 total_env_steps=23030 t=0.09s
  [kl-lr] ep=1975 kl=0.03710 lr_mult=10.000
Ep 1975: R=    10.0 len= 10 avg_R=     9.3 loss=15.1155 temp=0.27 total_env_steps=23040 t=0.08s
  greedy eval 9.4 / 475（近20局 self-play 9.3，total_env_steps=23040）
  [kl-lr] ep=1976 kl=0.01116 lr_mult=10.000
Ep 1976: R=    11.0 len= 11 avg_R=     9.3 loss=15.5916 temp=0.27 total_env_steps=23051 t=0.09s
  [kl-lr] ep=1977 kl=0.00345 lr_mult=10.000
Ep 1977: R=    10.0 len= 10 avg_R=     9.4 loss=16.3510 temp=0.27 total_env_steps=23061 t=0.08s
  [kl-lr] ep=1978 kl=0.00493 lr_mult=10.000
Ep 1978: R=     9.0 len=  9 avg_R=     9.4 loss=15.8093 temp=0.27 total_env_steps=23070 t=0.09s
  [kl-lr] ep=1979 kl=0.01623 lr_mult=10.000
Ep 1979: R=    11.0 len= 11 avg_R=     9.4 loss=13.6709 temp=0.27 total_env_steps=23081 t=0.12s
  [kl-lr] ep=1980 kl=0.02751 lr_mult=10.000
Ep 1980: R=     9.0 len=  9 avg_R=     9.4 loss=15.1258 temp=0.27 total_env_steps=23090 t=0.09s
  [kl-lr] ep=1981 kl=0.00139 lr_mult=10.000
Ep 1981: R=    10.0 len= 10 avg_R=     9.4 loss=16.6916 temp=0.26 total_env_steps=23100 t=0.08s
  [kl-lr] ep=1982 kl=0.00332 lr_mult=10.000
Ep 1982: R=     8.0 len=  8 avg_R=     9.3 loss=15.6454 temp=0.26 total_env_steps=23108 t=0.08s
  [kl-lr] ep=1983 kl=0.00745 lr_mult=10.000
Ep 1983: R=    10.0 len= 10 avg_R=     9.4 loss=17.1452 temp=0.26 total_env_steps=23118 t=0.08s
  [kl-lr] ep=1984 kl=0.00170 lr_mult=10.000
Ep 1984: R=     8.0 len=  8 avg_R=     9.3 loss=14.7863 temp=0.26 total_env_steps=23126 t=0.08s
  [kl-lr] ep=1985 kl=0.00254 lr_mult=10.000
Ep 1985: R=     9.0 len=  9 avg_R=     9.4 loss=14.7518 temp=0.26 total_env_steps=23135 t=0.09s
  [kl-lr] ep=1986 kl=0.00286 lr_mult=10.000
Ep 1986: R=    10.0 len= 10 avg_R=     9.4 loss=16.9939 temp=0.26 total_env_steps=23145 t=0.08s
  [kl-lr] ep=1987 kl=0.00031 lr_mult=10.000
Ep 1987: R=    10.0 len= 10 avg_R=     9.4 loss=18.5608 temp=0.26 total_env_steps=23155 t=0.08s
  [kl-lr] ep=1988 kl=0.00004 lr_mult=10.000
Ep 1988: R=    10.0 len= 10 avg_R=     9.4 loss=15.6526 temp=0.26 total_env_steps=23165 t=0.09s
  [kl-lr] ep=1989 kl=0.00017 lr_mult=10.000
Ep 1989: R=     9.0 len=  9 avg_R=     9.4 loss=17.0896 temp=0.26 total_env_steps=23174 t=0.09s
  [kl-lr] ep=1990 kl=0.00596 lr_mult=10.000
Ep 1990: R=     8.0 len=  8 avg_R=     9.4 loss=15.1541 temp=0.26 total_env_steps=23182 t=0.08s
  [kl-lr] ep=1991 kl=0.00241 lr_mult=10.000
Ep 1991: R=     8.0 len=  8 avg_R=     9.3 loss=14.8595 temp=0.26 total_env_steps=23190 t=0.08s
  [kl-lr] ep=1992 kl=0.00248 lr_mult=10.000
Ep 1992: R=    10.0 len= 10 avg_R=     9.4 loss=17.6030 temp=0.26 total_env_steps=23200 t=0.09s
  [kl-lr] ep=1993 kl=0.01567 lr_mult=10.000
Ep 1993: R=     8.0 len=  8 avg_R=     9.3 loss=15.6459 temp=0.26 total_env_steps=23208 t=0.08s
  [kl-lr] ep=1994 kl=0.00211 lr_mult=10.000
Ep 1994: R=     9.0 len=  9 avg_R=     9.3 loss=17.4288 temp=0.26 total_env_steps=23217 t=0.09s
  [kl-lr] ep=1995 kl=0.00015 lr_mult=10.000
Ep 1995: R=    10.0 len= 10 avg_R=     9.3 loss=15.6216 temp=0.25 total_env_steps=23227 t=0.08s
  [kl-lr] ep=1996 kl=0.00817 lr_mult=10.000
Ep 1996: R=     8.0 len=  8 avg_R=     9.3 loss=15.9886 temp=0.25 total_env_steps=23235 t=0.09s
  [kl-lr] ep=1997 kl=0.03304 lr_mult=10.000
Ep 1997: R=     9.0 len=  9 avg_R=     9.3 loss=15.4232 temp=0.25 total_env_steps=23244 t=0.09s
  [kl-lr] ep=1998 kl=0.00388 lr_mult=10.000
Ep 1998: R=    10.0 len= 10 avg_R=     9.3 loss=19.7714 temp=0.25 total_env_steps=23254 t=0.10s
  [kl-lr] ep=1999 kl=0.00169 lr_mult=10.000
Ep 1999: R=    10.0 len= 10 avg_R=     9.3 loss=17.0393 temp=0.25 total_env_steps=23264 t=0.08s
  [kl-lr] ep=2000 kl=0.00020 lr_mult=10.000
Ep 2000: R=     9.0 len=  9 avg_R=     9.3 loss=17.2653 temp=0.25 total_env_steps=23273 t=0.09s
  greedy eval 9.4 / 475（近20局 self-play 9.1，total_env_steps=23273）
📈 CartPole-v1 greedy=9.4 | 门槛 475: 未达标 | 146.1s
[MyZero] 已加载模型 models/my_zero/CartPole-v1/best.otm
[MyZero] eval CartPole-v1 ×10: mean=12.8
[MyZero] run CartPole-v1 ×1: mean=12.0 returns=[12.0]
