   Compiling only_torch v0.25.0 (D:\DATA\BaiduSyncdisk\project\personal\only_torch)
    Finished `release` profile [optimized] target(s) in 58.67s
     Running unittests src\lib.rs (target\release\deps\only_torch-45d502c1e61c3f90.exe)

running 1 test
test rl::algo::my_zero::tests::gomoku_m3_bench::gomoku_m3_budget ... 
--- arm=budget_2000 seed=42 sims=100 ---
[MyZero-board Gomoku-selfplay-v0] obs=243(3×9²) |A|=81 sims=100 γ=1.0 negamax
Ep    1: len= 52 白胜 loss=0.0000 temp=1.00 total_env_steps=52 t=0.16s
Ep    2: len= 35 黑胜 loss=0.0000 temp=1.00 total_env_steps=87 t=0.14s
Ep    3: len= 54 白胜 loss=0.0000 temp=1.00 total_env_steps=141 t=0.18s
Ep    4: len= 58 白胜 loss=0.0000 temp=1.00 total_env_steps=199 t=0.22s
Ep    5: len= 57 黑胜 loss=0.0000 temp=1.00 total_env_steps=256 t=0.17s
Ep    6: len= 67 黑胜 loss=0.0000 temp=1.00 total_env_steps=323 t=0.20s
Ep    7: len= 35 黑胜 loss=0.0000 temp=1.00 total_env_steps=358 t=0.10s
Ep    8: len= 73 黑胜 loss=0.0000 temp=1.00 total_env_steps=431 t=0.24s
Ep    9: len= 43 黑胜 loss=0.0000 temp=1.00 total_env_steps=474 t=0.14s
Ep   10: len= 59 黑胜 loss=36.3356 temp=1.00 total_env_steps=533 t=0.19s
Ep   11: len= 58 白胜 loss=29.1660 temp=1.00 total_env_steps=591 t=0.16s
Ep   12: len= 57 黑胜 loss=28.1204 temp=1.00 total_env_steps=648 t=0.16s
Ep   13: len= 51 黑胜 loss=28.2882 temp=1.00 total_env_steps=699 t=0.15s
Ep   14: len= 46 白胜 loss=28.2439 temp=1.00 total_env_steps=745 t=0.14s
Ep   15: len= 61 黑胜 loss=28.1428 temp=1.00 total_env_steps=806 t=0.19s
Ep   16: len= 45 黑胜 loss=28.1952 temp=1.00 total_env_steps=851 t=0.23s
Ep   17: len= 36 白胜 loss=28.4246 temp=1.00 total_env_steps=887 t=0.11s
Ep   18: len= 77 黑胜 loss=27.8833 temp=1.00 total_env_steps=964 t=0.20s
Ep   19: len= 72 白胜 loss=28.3619 temp=1.00 total_env_steps=1036 t=0.20s
Ep   20: len= 63 黑胜 loss=28.2181 temp=1.00 total_env_steps=1099 t=0.18s
Ep   21: len= 49 黑胜 loss=28.3327 temp=1.00 total_env_steps=1148 t=0.13s
Ep   22: len= 50 白胜 loss=28.4738 temp=1.00 total_env_steps=1198 t=0.22s
Ep   23: len= 47 黑胜 loss=28.1861 temp=1.00 total_env_steps=1245 t=0.13s
Ep   24: len= 70 白胜 loss=28.0184 temp=1.00 total_env_steps=1315 t=0.19s
Ep   25: len= 41 黑胜 loss=28.4346 temp=1.00 total_env_steps=1356 t=0.12s
Ep   26: len= 68 白胜 loss=28.3752 temp=1.00 total_env_steps=1424 t=0.20s
Ep   27: len= 66 白胜 loss=28.1904 temp=1.00 total_env_steps=1490 t=0.17s
Ep   28: len= 50 白胜 loss=28.1535 temp=1.00 total_env_steps=1540 t=0.14s
Ep   29: len= 56 白胜 loss=28.3651 temp=1.00 total_env_steps=1596 t=0.15s
Ep   30: len= 60 白胜 loss=28.2673 temp=1.00 total_env_steps=1656 t=0.16s
Ep   31: len= 12 白胜 loss=28.6220 temp=1.00 total_env_steps=1668 t=0.04s
Ep   32: len= 51 黑胜 loss=28.3694 temp=1.00 total_env_steps=1719 t=0.16s
Ep   33: len= 42 白胜 loss=28.1322 temp=1.00 total_env_steps=1761 t=0.13s
Ep   34: len= 59 黑胜 loss=28.3750 temp=1.00 total_env_steps=1820 t=0.20s
Ep   35: len= 67 黑胜 loss=28.2440 temp=1.00 total_env_steps=1887 t=0.19s
Ep   36: len= 46 白胜 loss=28.3191 temp=1.00 total_env_steps=1933 t=0.15s
Ep   37: len= 48 白胜 loss=28.2177 temp=1.00 total_env_steps=1981 t=0.15s
Ep   38: len= 67 黑胜 loss=28.0442 temp=1.00 total_env_steps=2048 t=0.19s
Ep   39: len= 35 黑胜 loss=27.8542 temp=1.00 total_env_steps=2083 t=0.13s
Ep   40: len= 65 黑胜 loss=27.7335 temp=1.00 total_env_steps=2148 t=0.18s
Ep   41: len= 64 白胜 loss=28.1499 temp=1.00 total_env_steps=2212 t=0.17s
Ep   42: len= 47 黑胜 loss=28.6001 temp=1.00 total_env_steps=2259 t=0.13s
Ep   43: len= 39 黑胜 loss=28.0437 temp=1.00 total_env_steps=2298 t=0.11s
Ep   44: len= 39 黑胜 loss=28.3135 temp=1.00 total_env_steps=2337 t=0.10s
Ep   45: len= 48 白胜 loss=28.5108 temp=1.00 total_env_steps=2385 t=0.14s
Ep   46: len= 45 黑胜 loss=28.2419 temp=1.00 total_env_steps=2430 t=0.13s
Ep   47: len= 42 白胜 loss=28.3436 temp=1.00 total_env_steps=2472 t=0.13s
Ep   48: len= 38 白胜 loss=28.2621 temp=1.00 total_env_steps=2510 t=0.10s
Ep   49: len= 49 黑胜 loss=28.3348 temp=1.00 total_env_steps=2559 t=0.13s
Ep   50: len= 56 白胜 loss=28.3685 temp=1.00 total_env_steps=2615 t=0.15s
Ep   51: len= 59 黑胜 loss=28.1332 temp=1.00 total_env_steps=2674 t=0.16s
Ep   52: len= 52 白胜 loss=29.1451 temp=1.00 total_env_steps=2726 t=0.13s
Ep   53: len= 32 白胜 loss=28.3554 temp=1.00 total_env_steps=2758 t=0.11s
Ep   54: len= 37 黑胜 loss=27.7917 temp=1.00 total_env_steps=2795 t=0.10s
Ep   55: len= 59 黑胜 loss=28.4541 temp=1.00 total_env_steps=2854 t=0.16s
Ep   56: len= 65 黑胜 loss=27.8846 temp=1.00 total_env_steps=2919 t=0.16s
Ep   57: len= 41 黑胜 loss=27.8458 temp=1.00 total_env_steps=2960 t=0.11s
Ep   58: len= 37 黑胜 loss=28.2580 temp=1.00 total_env_steps=2997 t=0.11s
Ep   59: len= 69 黑胜 loss=28.3810 temp=1.00 total_env_steps=3066 t=0.20s
Ep   60: len= 52 白胜 loss=28.1868 temp=1.00 total_env_steps=3118 t=0.15s
Ep   61: len= 57 黑胜 loss=28.0820 temp=1.00 total_env_steps=3175 t=0.15s
Ep   62: len= 45 黑胜 loss=28.0617 temp=1.00 total_env_steps=3220 t=0.12s
Ep   63: len= 59 黑胜 loss=28.0920 temp=1.00 total_env_steps=3279 t=0.15s
Ep   64: len= 67 黑胜 loss=28.1589 temp=1.00 total_env_steps=3346 t=0.17s
Ep   65: len= 66 白胜 loss=28.2090 temp=1.00 total_env_steps=3412 t=0.17s
Ep   66: len= 55 黑胜 loss=28.3728 temp=1.00 total_env_steps=3467 t=0.15s
Ep   67: len= 64 白胜 loss=28.1647 temp=1.00 total_env_steps=3531 t=0.20s
Ep   68: len= 35 黑胜 loss=28.3522 temp=1.00 total_env_steps=3566 t=0.10s
Ep   69: len= 49 黑胜 loss=28.1288 temp=1.00 total_env_steps=3615 t=0.13s
Ep   70: len= 49 黑胜 loss=28.0199 temp=1.00 total_env_steps=3664 t=0.14s
Ep   71: len= 40 白胜 loss=27.9406 temp=1.00 total_env_steps=3704 t=0.12s
Ep   72: len= 39 黑胜 loss=27.8769 temp=1.00 total_env_steps=3743 t=0.10s
Ep   73: len= 31 黑胜 loss=27.9736 temp=1.00 total_env_steps=3774 t=0.09s
Ep   74: len= 45 黑胜 loss=28.0200 temp=1.00 total_env_steps=3819 t=0.13s
Ep   75: len= 51 黑胜 loss=27.9702 temp=1.00 total_env_steps=3870 t=0.13s
Ep   76: len= 54 白胜 loss=27.8755 temp=1.00 total_env_steps=3924 t=0.15s
Ep   77: len= 34 白胜 loss=27.8339 temp=1.00 total_env_steps=3958 t=0.10s
Ep   78: len= 63 黑胜 loss=27.9051 temp=1.00 total_env_steps=4021 t=0.20s
Ep   79: len= 71 黑胜 loss=27.9440 temp=1.00 total_env_steps=4092 t=0.19s
Ep   80: len= 63 黑胜 loss=27.9425 temp=1.00 total_env_steps=4155 t=0.19s
Ep   81: len= 70 白胜 loss=28.0486 temp=1.00 total_env_steps=4225 t=0.18s
Ep   82: len= 65 黑胜 loss=28.1360 temp=1.00 total_env_steps=4290 t=0.17s
Ep   83: len= 46 白胜 loss=28.0836 temp=1.00 total_env_steps=4336 t=0.13s
Ep   84: len= 60 白胜 loss=28.1456 temp=1.00 total_env_steps=4396 t=0.16s
Ep   85: len= 47 黑胜 loss=28.0326 temp=1.00 total_env_steps=4443 t=0.12s
Ep   86: len= 49 黑胜 loss=27.9566 temp=1.00 total_env_steps=4492 t=0.14s
Ep   87: len= 38 白胜 loss=27.9565 temp=1.00 total_env_steps=4530 t=0.11s
Ep   88: len= 73 黑胜 loss=27.9856 temp=1.00 total_env_steps=4603 t=0.19s
Ep   89: len= 69 黑胜 loss=27.8958 temp=1.00 total_env_steps=4672 t=0.17s
Ep   90: len= 19 黑胜 loss=28.1055 temp=1.00 total_env_steps=4691 t=0.06s
Ep   91: len= 50 白胜 loss=27.8967 temp=1.00 total_env_steps=4741 t=0.13s
Ep   92: len= 35 黑胜 loss=28.0836 temp=1.00 total_env_steps=4776 t=0.10s
Ep   93: len= 46 白胜 loss=27.9436 temp=1.00 total_env_steps=4822 t=0.14s
Ep   94: len= 49 黑胜 loss=27.9573 temp=1.00 total_env_steps=4871 t=0.13s
Ep   95: len= 37 黑胜 loss=28.0853 temp=1.00 total_env_steps=4908 t=0.11s
Ep   96: len= 38 白胜 loss=27.9026 temp=1.00 total_env_steps=4946 t=0.11s
Ep   97: len= 33 黑胜 loss=28.2841 temp=1.00 total_env_steps=4979 t=0.10s
Ep   98: len= 47 黑胜 loss=27.7797 temp=1.00 total_env_steps=5026 t=0.14s
Ep   99: len= 59 黑胜 loss=27.9453 temp=1.00 total_env_steps=5085 t=0.17s
Ep  100: len= 49 黑胜 loss=28.0213 temp=1.00 total_env_steps=5134 t=0.14s
Ep  101: len= 62 白胜 loss=27.8820 temp=1.00 total_env_steps=5196 t=0.18s
Ep  102: len= 60 白胜 loss=27.7859 temp=0.99 total_env_steps=5256 t=0.15s
Ep  103: len= 39 黑胜 loss=28.1332 temp=0.99 total_env_steps=5295 t=0.11s
Ep  104: len= 56 白胜 loss=27.9484 temp=0.98 total_env_steps=5351 t=0.14s
Ep  105: len= 41 黑胜 loss=27.6983 temp=0.97 total_env_steps=5392 t=0.13s
Ep  106: len= 47 黑胜 loss=27.7272 temp=0.96 total_env_steps=5439 t=0.13s
Ep  107: len= 50 白胜 loss=27.9237 temp=0.95 total_env_steps=5489 t=0.15s
Ep  108: len= 43 黑胜 loss=27.7763 temp=0.95 total_env_steps=5532 t=0.12s
Ep  109: len= 65 黑胜 loss=27.8143 temp=0.94 total_env_steps=5597 t=0.17s
Ep  110: len= 57 黑胜 loss=27.8141 temp=0.93 total_env_steps=5654 t=0.17s
Ep  111: len= 61 黑胜 loss=27.9307 temp=0.93 total_env_steps=5715 t=0.16s
Ep  112: len= 48 白胜 loss=27.9833 temp=0.92 total_env_steps=5763 t=0.13s
Ep  113: len= 42 白胜 loss=27.7983 temp=0.91 total_env_steps=5805 t=0.11s
Ep  114: len= 46 白胜 loss=27.7730 temp=0.90 total_env_steps=5851 t=0.14s
Ep  115: len= 38 白胜 loss=27.7604 temp=0.89 total_env_steps=5889 t=0.12s
Ep  116: len= 37 黑胜 loss=27.5625 temp=0.89 total_env_steps=5926 t=0.10s
Ep  117: len= 49 黑胜 loss=27.7614 temp=0.88 total_env_steps=5975 t=0.14s
Ep  118: len= 22 白胜 loss=27.8352 temp=0.87 total_env_steps=5997 t=0.07s
Ep  119: len= 62 白胜 loss=27.7536 temp=0.87 total_env_steps=6059 t=0.16s
Ep  120: len= 44 白胜 loss=27.6184 temp=0.86 total_env_steps=6103 t=0.12s
Ep  121: len= 45 黑胜 loss=27.6381 temp=0.85 total_env_steps=6148 t=0.12s
Ep  122: len= 59 黑胜 loss=27.6868 temp=0.84 total_env_steps=6207 t=0.15s
Ep  123: len= 60 白胜 loss=27.6397 temp=0.84 total_env_steps=6267 t=0.16s
Ep  124: len= 31 黑胜 loss=27.6840 temp=0.83 total_env_steps=6298 t=0.09s
Ep  125: len= 39 黑胜 loss=27.5428 temp=0.82 total_env_steps=6337 t=0.11s
Ep  126: len= 47 黑胜 loss=27.5914 temp=0.81 total_env_steps=6384 t=0.12s
Ep  127: len= 47 黑胜 loss=27.7809 temp=0.81 total_env_steps=6431 t=0.13s
Ep  128: len= 76 白胜 loss=27.5036 temp=0.80 total_env_steps=6507 t=0.20s
Ep  129: len= 57 黑胜 loss=27.8556 temp=0.79 total_env_steps=6564 t=0.15s
Ep  130: len= 53 黑胜 loss=28.1042 temp=0.78 total_env_steps=6617 t=0.14s
Ep  131: len= 53 黑胜 loss=27.8424 temp=0.77 total_env_steps=6670 t=0.14s
Ep  132: len= 41 黑胜 loss=27.7708 temp=0.77 total_env_steps=6711 t=0.12s
Ep  133: len= 43 黑胜 loss=27.8219 temp=0.76 total_env_steps=6754 t=0.12s
Ep  134: len= 48 白胜 loss=27.6996 temp=0.75 total_env_steps=6802 t=0.12s
Ep  135: len= 58 白胜 loss=27.7195 temp=0.75 total_env_steps=6860 t=0.15s
Ep  136: len= 30 白胜 loss=28.0259 temp=0.74 total_env_steps=6890 t=0.08s
Ep  137: len= 43 黑胜 loss=27.8772 temp=0.73 total_env_steps=6933 t=0.12s
Ep  138: len= 44 白胜 loss=27.8745 temp=0.72 total_env_steps=6977 t=0.11s
Ep  139: len= 45 黑胜 loss=27.7748 temp=0.72 total_env_steps=7022 t=0.14s
Ep  140: len= 45 黑胜 loss=27.5356 temp=0.71 total_env_steps=7067 t=0.14s
Ep  141: len= 45 黑胜 loss=27.5850 temp=0.70 total_env_steps=7112 t=0.13s
Ep  142: len= 46 白胜 loss=27.5733 temp=0.69 total_env_steps=7158 t=0.13s
Ep  143: len= 64 白胜 loss=27.4903 temp=0.69 total_env_steps=7222 t=0.18s
Ep  144: len= 64 白胜 loss=27.7305 temp=0.68 total_env_steps=7286 t=0.16s
Ep  145: len= 36 白胜 loss=27.8625 temp=0.67 total_env_steps=7322 t=0.11s
Ep  146: len= 50 白胜 loss=27.7029 temp=0.66 total_env_steps=7372 t=0.13s
Ep  147: len= 41 黑胜 loss=27.6424 temp=0.65 total_env_steps=7413 t=0.12s
Ep  148: len= 42 白胜 loss=27.7025 temp=0.65 total_env_steps=7455 t=0.11s
Ep  149: len= 30 白胜 loss=27.6810 temp=0.64 total_env_steps=7485 t=0.08s
Ep  150: len= 54 白胜 loss=27.7437 temp=0.63 total_env_steps=7539 t=0.14s
Ep  151: len= 19 黑胜 loss=27.7098 temp=0.62 total_env_steps=7558 t=0.06s
Ep  152: len= 54 白胜 loss=27.9269 temp=0.62 total_env_steps=7612 t=0.15s
Ep  153: len= 47 黑胜 loss=27.7333 temp=0.61 total_env_steps=7659 t=0.13s
Ep  154: len= 35 黑胜 loss=27.7361 temp=0.60 total_env_steps=7694 t=0.12s
Ep  155: len= 55 黑胜 loss=27.2014 temp=0.59 total_env_steps=7749 t=0.14s
Ep  156: len= 35 黑胜 loss=27.7694 temp=0.59 total_env_steps=7784 t=0.11s
Ep  157: len= 29 黑胜 loss=27.6493 temp=0.58 total_env_steps=7813 t=0.09s
Ep  158: len= 31 黑胜 loss=27.6887 temp=0.57 total_env_steps=7844 t=0.10s
Ep  159: len= 37 黑胜 loss=27.8437 temp=0.56 total_env_steps=7881 t=0.12s
Ep  160: len= 67 黑胜 loss=27.5227 temp=0.56 total_env_steps=7948 t=0.17s
Ep  161: len= 43 黑胜 loss=27.7746 temp=0.55 total_env_steps=7991 t=0.11s
Ep  162: len= 45 黑胜 loss=27.4317 temp=0.54 total_env_steps=8036 t=0.12s
Ep  163: len= 56 白胜 loss=27.7503 temp=0.53 total_env_steps=8092 t=0.15s
Ep  164: len= 77 黑胜 loss=27.5670 temp=0.53 total_env_steps=8169 t=0.19s
Ep  165: len= 51 黑胜 loss=27.5091 temp=0.52 total_env_steps=8220 t=0.14s
Ep  166: len= 40 白胜 loss=28.0392 temp=0.51 total_env_steps=8260 t=0.10s
Ep  167: len= 61 黑胜 loss=27.7393 temp=0.50 total_env_steps=8321 t=0.16s
Ep  168: len= 57 黑胜 loss=27.8333 temp=0.50 total_env_steps=8378 t=0.14s
Ep  169: len= 64 白胜 loss=27.7971 temp=0.49 total_env_steps=8442 t=0.17s
Ep  170: len= 55 黑胜 loss=27.4392 temp=0.48 total_env_steps=8497 t=0.15s
Ep  171: len= 57 黑胜 loss=27.4854 temp=0.48 total_env_steps=8554 t=0.15s
Ep  172: len= 36 白胜 loss=27.4768 temp=0.47 total_env_steps=8590 t=0.10s
Ep  173: len= 43 黑胜 loss=27.8910 temp=0.46 total_env_steps=8633 t=0.11s
Ep  174: len= 34 白胜 loss=27.4706 temp=0.45 total_env_steps=8667 t=0.10s
Ep  175: len= 69 黑胜 loss=27.4967 temp=0.44 total_env_steps=8736 t=0.17s
Ep  176: len= 27 黑胜 loss=27.7173 temp=0.44 total_env_steps=8763 t=0.08s
Ep  177: len= 52 白胜 loss=27.7157 temp=0.43 total_env_steps=8815 t=0.13s
Ep  178: len= 31 黑胜 loss=27.6516 temp=0.42 total_env_steps=8846 t=0.09s
Ep  179: len= 26 白胜 loss=27.6710 temp=0.42 total_env_steps=8872 t=0.08s
Ep  180: len= 45 黑胜 loss=27.4746 temp=0.41 total_env_steps=8917 t=0.11s
Ep  181: len= 31 黑胜 loss=27.5893 temp=0.40 total_env_steps=8948 t=0.12s
Ep  182: len= 54 白胜 loss=27.6850 temp=0.39 total_env_steps=9002 t=0.15s
Ep  183: len= 48 白胜 loss=27.8885 temp=0.38 total_env_steps=9050 t=0.13s
Ep  184: len= 67 黑胜 loss=27.5398 temp=0.38 total_env_steps=9117 t=0.18s
Ep  185: len= 33 黑胜 loss=27.5090 temp=0.37 total_env_steps=9150 t=0.11s
Ep  186: len= 35 黑胜 loss=27.6278 temp=0.36 total_env_steps=9185 t=0.10s
Ep  187: len= 49 黑胜 loss=27.7123 temp=0.36 total_env_steps=9234 t=0.14s
Ep  188: len= 50 白胜 loss=27.6288 temp=0.35 total_env_steps=9284 t=0.15s
Ep  189: len= 50 白胜 loss=27.5647 temp=0.34 total_env_steps=9334 t=0.13s
Ep  190: len= 33 黑胜 loss=27.5649 temp=0.33 total_env_steps=9367 t=0.09s
Ep  191: len= 61 黑胜 loss=27.4462 temp=0.33 total_env_steps=9428 t=0.16s
Ep  192: len= 41 黑胜 loss=27.3787 temp=0.32 total_env_steps=9469 t=0.11s
Ep  193: len= 61 黑胜 loss=27.5941 temp=0.31 total_env_steps=9530 t=0.17s
Ep  194: len= 67 黑胜 loss=27.4532 temp=0.30 total_env_steps=9597 t=0.17s
Ep  195: len= 81 平局 loss=27.4845 temp=0.30 total_env_steps=9678 t=0.21s
Ep  196: len= 50 白胜 loss=27.5823 temp=0.29 total_env_steps=9728 t=0.17s
Ep  197: len= 56 白胜 loss=27.3016 temp=0.28 total_env_steps=9784 t=0.15s
Ep  198: len= 43 黑胜 loss=27.5715 temp=0.27 total_env_steps=9827 t=0.12s
Ep  199: len= 41 黑胜 loss=27.4589 temp=0.26 total_env_steps=9868 t=0.11s
Ep  200: len= 47 黑胜 loss=27.4613 temp=0.26 total_env_steps=9915 t=0.13s
  eval vs Gomoku-random-v0: win_rate=0.85 mean_return=0.70（20 局，total_env_steps=9915）
Ep  201: len= 56 白胜 loss=27.6755 temp=0.25 total_env_steps=9971 t=0.16s
Ep  202: len= 21 黑胜 loss=27.5294 temp=0.25 total_env_steps=9992 t=0.08s
Ep  203: len= 48 白胜 loss=27.6607 temp=0.25 total_env_steps=10040 t=0.14s
Ep  204: len= 31 黑胜 loss=27.8098 temp=0.25 total_env_steps=10071 t=0.09s
Ep  205: len= 39 黑胜 loss=27.4143 temp=0.25 total_env_steps=10110 t=0.11s
Ep  206: len= 34 白胜 loss=27.5684 temp=0.25 total_env_steps=10144 t=0.10s
Ep  207: len= 23 黑胜 loss=27.7150 temp=0.25 total_env_steps=10167 t=0.07s
Ep  208: len= 53 黑胜 loss=27.4488 temp=0.25 total_env_steps=10220 t=0.15s
Ep  209: len= 29 黑胜 loss=27.7664 temp=0.25 total_env_steps=10249 t=0.09s
Ep  210: len= 25 黑胜 loss=27.6383 temp=0.25 total_env_steps=10274 t=0.09s
Ep  211: len= 35 黑胜 loss=27.5865 temp=0.25 total_env_steps=10309 t=0.10s
Ep  212: len= 61 黑胜 loss=27.3947 temp=0.25 total_env_steps=10370 t=0.18s
Ep  213: len= 69 黑胜 loss=27.5217 temp=0.25 total_env_steps=10439 t=0.20s
Ep  214: len= 36 白胜 loss=27.4845 temp=0.25 total_env_steps=10475 t=0.11s
Ep  215: len= 46 白胜 loss=27.2089 temp=0.25 total_env_steps=10521 t=0.12s
Ep  216: len= 25 黑胜 loss=27.5322 temp=0.25 total_env_steps=10546 t=0.10s
Ep  217: len= 59 黑胜 loss=27.2350 temp=0.25 total_env_steps=10605 t=0.17s
Ep  218: len= 62 白胜 loss=27.4094 temp=0.25 total_env_steps=10667 t=0.17s
Ep  219: len= 63 黑胜 loss=27.3195 temp=0.25 total_env_steps=10730 t=0.18s
Ep  220: len= 61 黑胜 loss=27.6249 temp=0.25 total_env_steps=10791 t=0.17s
Ep  221: len= 39 黑胜 loss=27.3197 temp=0.25 total_env_steps=10830 t=0.12s
Ep  222: len= 44 白胜 loss=27.4740 temp=0.25 total_env_steps=10874 t=0.15s
Ep  223: len= 23 黑胜 loss=27.2082 temp=0.25 total_env_steps=10897 t=0.09s
Ep  224: len= 52 白胜 loss=27.2228 temp=0.25 total_env_steps=10949 t=0.15s
Ep  225: len= 38 白胜 loss=27.8478 temp=0.25 total_env_steps=10987 t=0.12s
Ep  226: len= 53 黑胜 loss=27.3561 temp=0.25 total_env_steps=11040 t=0.16s
Ep  227: len= 66 白胜 loss=27.3462 temp=0.25 total_env_steps=11106 t=0.18s
Ep  228: len= 21 黑胜 loss=27.6310 temp=0.25 total_env_steps=11127 t=0.07s
Ep  229: len= 52 白胜 loss=27.3540 temp=0.25 total_env_steps=11179 t=0.16s
Ep  230: len= 45 黑胜 loss=27.4093 temp=0.25 total_env_steps=11224 t=0.13s
Ep  231: len= 31 黑胜 loss=27.3938 temp=0.25 total_env_steps=11255 t=0.10s
Ep  232: len= 70 白胜 loss=27.5300 temp=0.25 total_env_steps=11325 t=0.22s
Ep  233: len= 59 黑胜 loss=27.2989 temp=0.25 total_env_steps=11384 t=0.17s
Ep  234: len= 61 黑胜 loss=27.1765 temp=0.25 total_env_steps=11445 t=0.17s
Ep  235: len= 62 白胜 loss=27.3822 temp=0.25 total_env_steps=11507 t=0.17s
Ep  236: len= 23 黑胜 loss=27.1359 temp=0.25 total_env_steps=11530 t=0.08s
Ep  237: len= 51 黑胜 loss=26.8990 temp=0.25 total_env_steps=11581 t=0.14s
Ep  238: len= 53 黑胜 loss=27.2764 temp=0.25 total_env_steps=11634 t=0.15s
Ep  239: len= 50 白胜 loss=27.0739 temp=0.25 total_env_steps=11684 t=0.15s
Ep  240: len= 32 白胜 loss=27.3492 temp=0.25 total_env_steps=11716 t=0.10s
Ep  241: len= 44 白胜 loss=27.2402 temp=0.25 total_env_steps=11760 t=0.13s
Ep  242: len= 56 白胜 loss=27.1621 temp=0.25 total_env_steps=11816 t=0.18s
Ep  243: len= 21 黑胜 loss=27.1007 temp=0.25 total_env_steps=11837 t=0.08s
Ep  244: len= 23 黑胜 loss=27.3745 temp=0.25 total_env_steps=11860 t=0.09s
Ep  245: len= 43 黑胜 loss=27.0625 temp=0.25 total_env_steps=11903 t=0.13s
Ep  246: len= 19 黑胜 loss=27.1988 temp=0.25 total_env_steps=11922 t=0.07s
Ep  247: len= 37 黑胜 loss=27.0920 temp=0.25 total_env_steps=11959 t=0.12s
Ep  248: len= 35 黑胜 loss=27.1511 temp=0.25 total_env_steps=11994 t=0.11s
Ep  249: len= 34 白胜 loss=27.0494 temp=0.25 total_env_steps=12028 t=0.11s
Ep  250: len= 17 黑胜 loss=26.6634 temp=0.25 total_env_steps=12045 t=0.06s
Ep  251: len= 59 黑胜 loss=27.6830 temp=0.25 total_env_steps=12104 t=0.16s
Ep  252: len= 19 黑胜 loss=27.0657 temp=0.25 total_env_steps=12123 t=0.07s
Ep  253: len= 60 白胜 loss=27.1739 temp=0.25 total_env_steps=12183 t=0.18s
Ep  254: len= 21 黑胜 loss=26.9575 temp=0.25 total_env_steps=12204 t=0.07s
Ep  255: len= 37 黑胜 loss=27.1155 temp=0.25 total_env_steps=12241 t=0.12s
Ep  256: len= 70 白胜 loss=27.1695 temp=0.25 total_env_steps=12311 t=0.21s
Ep  257: len= 39 黑胜 loss=26.5092 temp=0.25 total_env_steps=12350 t=0.12s
Ep  258: len= 52 白胜 loss=26.7420 temp=0.25 total_env_steps=12402 t=0.15s
Ep  259: len= 38 白胜 loss=27.0861 temp=0.25 total_env_steps=12440 t=0.11s
Ep  260: len= 37 黑胜 loss=26.9151 temp=0.25 total_env_steps=12477 t=0.11s
Ep  261: len= 47 黑胜 loss=27.0574 temp=0.25 total_env_steps=12524 t=0.13s
Ep  262: len= 43 黑胜 loss=27.3498 temp=0.25 total_env_steps=12567 t=0.13s
Ep  263: len= 43 黑胜 loss=26.8138 temp=0.25 total_env_steps=12610 t=0.13s
Ep  264: len= 33 黑胜 loss=27.2834 temp=0.25 total_env_steps=12643 t=0.11s
Ep  265: len= 28 白胜 loss=26.6435 temp=0.25 total_env_steps=12671 t=0.09s
Ep  266: len= 15 黑胜 loss=27.2286 temp=0.25 total_env_steps=12686 t=0.06s
Ep  267: len= 30 白胜 loss=27.2339 temp=0.25 total_env_steps=12716 t=0.12s
Ep  268: len= 22 白胜 loss=26.8360 temp=0.25 total_env_steps=12738 t=0.08s
Ep  269: len= 17 黑胜 loss=26.9766 temp=0.25 total_env_steps=12755 t=0.06s
Ep  270: len= 43 黑胜 loss=27.0152 temp=0.25 total_env_steps=12798 t=0.12s
Ep  271: len= 21 黑胜 loss=27.3266 temp=0.25 total_env_steps=12819 t=0.07s
Ep  272: len= 33 黑胜 loss=27.0291 temp=0.25 total_env_steps=12852 t=0.09s
Ep  273: len= 45 黑胜 loss=26.5119 temp=0.25 total_env_steps=12897 t=0.14s
Ep  274: len= 19 黑胜 loss=27.4145 temp=0.25 total_env_steps=12916 t=0.07s
Ep  275: len= 31 黑胜 loss=27.0210 temp=0.25 total_env_steps=12947 t=0.09s
Ep  276: len= 56 白胜 loss=26.5693 temp=0.25 total_env_steps=13003 t=0.17s
Ep  277: len= 58 白胜 loss=26.7538 temp=0.25 total_env_steps=13061 t=0.17s
Ep  278: len= 41 黑胜 loss=27.2770 temp=0.25 total_env_steps=13102 t=0.13s
Ep  279: len= 39 黑胜 loss=27.6739 temp=0.25 total_env_steps=13141 t=0.12s
Ep  280: len=  9 黑胜 loss=27.3611 temp=0.25 total_env_steps=13150 t=0.04s
Ep  281: len= 39 黑胜 loss=26.9305 temp=0.25 total_env_steps=13189 t=0.12s
Ep  282: len= 39 黑胜 loss=27.2863 temp=0.25 total_env_steps=13228 t=0.12s
Ep  283: len= 42 白胜 loss=26.8468 temp=0.25 total_env_steps=13270 t=0.12s
Ep  284: len= 47 黑胜 loss=27.2033 temp=0.25 total_env_steps=13317 t=0.14s
Ep  285: len= 13 黑胜 loss=26.6762 temp=0.25 total_env_steps=13330 t=0.05s
Ep  286: len= 57 黑胜 loss=26.8441 temp=0.25 total_env_steps=13387 t=0.15s
Ep  287: len= 65 黑胜 loss=26.9522 temp=0.25 total_env_steps=13452 t=0.18s
Ep  288: len= 11 黑胜 loss=26.5968 temp=0.25 total_env_steps=13463 t=0.05s
Ep  289: len= 32 白胜 loss=26.4268 temp=0.25 total_env_steps=13495 t=0.10s
Ep  290: len= 38 白胜 loss=26.3485 temp=0.25 total_env_steps=13533 t=0.11s
Ep  291: len= 43 黑胜 loss=26.7223 temp=0.25 total_env_steps=13576 t=0.12s
Ep  292: len= 17 黑胜 loss=26.2674 temp=0.25 total_env_steps=13593 t=0.08s
Ep  293: len= 11 黑胜 loss=26.4814 temp=0.25 total_env_steps=13604 t=0.05s
Ep  294: len= 21 黑胜 loss=26.6642 temp=0.25 total_env_steps=13625 t=0.07s
Ep  295: len= 31 黑胜 loss=26.8395 temp=0.25 total_env_steps=13656 t=0.10s
Ep  296: len= 19 黑胜 loss=26.8715 temp=0.25 total_env_steps=13675 t=0.06s
Ep  297: len= 57 黑胜 loss=27.0477 temp=0.25 total_env_steps=13732 t=0.16s
Ep  298: len= 30 白胜 loss=26.3567 temp=0.25 total_env_steps=13762 t=0.10s
Ep  299: len= 44 白胜 loss=25.9068 temp=0.25 total_env_steps=13806 t=0.14s
Ep  300: len= 13 黑胜 loss=26.2369 temp=0.25 total_env_steps=13819 t=0.05s
Ep  301: len= 29 黑胜 loss=26.3738 temp=0.25 total_env_steps=13848 t=0.10s
Ep  302: len= 44 白胜 loss=25.7724 temp=0.25 total_env_steps=13892 t=0.14s
Ep  303: len= 21 黑胜 loss=26.7470 temp=0.25 total_env_steps=13913 t=0.08s
Ep  304: len= 67 黑胜 loss=25.3910 temp=0.25 total_env_steps=13980 t=0.20s
Ep  305: len= 13 黑胜 loss=26.1842 temp=0.25 total_env_steps=13993 t=0.06s
Ep  306: len= 44 白胜 loss=26.7131 temp=0.25 total_env_steps=14037 t=0.14s
Ep  307: len= 15 黑胜 loss=26.2059 temp=0.25 total_env_steps=14052 t=0.05s
Ep  308: len= 17 黑胜 loss=26.7763 temp=0.25 total_env_steps=14069 t=0.07s
Ep  309: len= 37 黑胜 loss=26.3633 temp=0.25 total_env_steps=14106 t=0.11s
Ep  310: len= 21 黑胜 loss=25.3788 temp=0.25 total_env_steps=14127 t=0.07s
Ep  311: len= 67 黑胜 loss=26.9164 temp=0.25 total_env_steps=14194 t=0.23s
Ep  312: len= 51 黑胜 loss=26.4831 temp=0.25 total_env_steps=14245 t=0.17s
Ep  313: len= 19 黑胜 loss=26.6007 temp=0.25 total_env_steps=14264 t=0.07s
Ep  314: len= 11 黑胜 loss=26.5083 temp=0.25 total_env_steps=14275 t=0.04s
Ep  315: len= 56 白胜 loss=25.9502 temp=0.25 total_env_steps=14331 t=0.16s
Ep  316: len= 47 黑胜 loss=25.8794 temp=0.25 total_env_steps=14378 t=0.13s
Ep  317: len= 23 黑胜 loss=26.5324 temp=0.25 total_env_steps=14401 t=0.08s
Ep  318: len= 27 黑胜 loss=26.0537 temp=0.25 total_env_steps=14428 t=0.09s
Ep  319: len=  9 黑胜 loss=26.2561 temp=0.25 total_env_steps=14437 t=0.04s
Ep  320: len= 11 黑胜 loss=26.2650 temp=0.25 total_env_steps=14448 t=0.05s
Ep  321: len= 31 黑胜 loss=25.9447 temp=0.25 total_env_steps=14479 t=0.11s
Ep  322: len= 50 白胜 loss=25.0579 temp=0.25 total_env_steps=14529 t=0.14s
Ep  323: len= 59 黑胜 loss=26.2886 temp=0.25 total_env_steps=14588 t=0.17s
Ep  324: len= 42 白胜 loss=26.4746 temp=0.25 total_env_steps=14630 t=0.13s
Ep  325: len= 13 黑胜 loss=25.8417 temp=0.25 total_env_steps=14643 t=0.05s
Ep  326: len= 63 黑胜 loss=26.3867 temp=0.25 total_env_steps=14706 t=0.17s
Ep  327: len= 55 黑胜 loss=26.0236 temp=0.25 total_env_steps=14761 t=0.17s
Ep  328: len= 19 黑胜 loss=26.9366 temp=0.25 total_env_steps=14780 t=0.07s
Ep  329: len= 54 白胜 loss=25.9950 temp=0.25 total_env_steps=14834 t=0.16s
Ep  330: len= 43 黑胜 loss=26.2096 temp=0.25 total_env_steps=14877 t=0.12s
Ep  331: len= 38 白胜 loss=25.4027 temp=0.25 total_env_steps=14915 t=0.12s
Ep  332: len= 27 黑胜 loss=26.5396 temp=0.25 total_env_steps=14942 t=0.09s
Ep  333: len= 44 白胜 loss=25.7334 temp=0.25 total_env_steps=14986 t=0.12s
Ep  334: len= 27 黑胜 loss=26.3016 temp=0.25 total_env_steps=15013 t=0.10s
Ep  335: len= 50 白胜 loss=25.8782 temp=0.25 total_env_steps=15063 t=0.14s
Ep  336: len= 47 黑胜 loss=26.4217 temp=0.25 total_env_steps=15110 t=0.14s
Ep  337: len= 11 黑胜 loss=26.0978 temp=0.25 total_env_steps=15121 t=0.05s
Ep  338: len= 32 白胜 loss=26.3424 temp=0.25 total_env_steps=15153 t=0.09s
Ep  339: len= 35 黑胜 loss=25.9741 temp=0.25 total_env_steps=15188 t=0.13s
Ep  340: len= 53 黑胜 loss=26.1100 temp=0.25 total_env_steps=15241 t=0.16s
Ep  341: len= 61 黑胜 loss=25.8376 temp=0.25 total_env_steps=15302 t=0.18s
Ep  342: len= 15 黑胜 loss=26.6070 temp=0.25 total_env_steps=15317 t=0.06s
Ep  343: len= 37 黑胜 loss=25.7569 temp=0.25 total_env_steps=15354 t=0.12s
Ep  344: len= 46 白胜 loss=26.1090 temp=0.25 total_env_steps=15400 t=0.14s
Ep  345: len= 61 黑胜 loss=25.6148 temp=0.25 total_env_steps=15461 t=0.18s
Ep  346: len= 62 白胜 loss=25.4974 temp=0.25 total_env_steps=15523 t=0.19s
Ep  347: len= 53 黑胜 loss=25.8088 temp=0.25 total_env_steps=15576 t=0.15s
Ep  348: len= 39 黑胜 loss=25.9596 temp=0.25 total_env_steps=15615 t=0.12s
Ep  349: len= 68 白胜 loss=25.6337 temp=0.25 total_env_steps=15683 t=0.19s
Ep  350: len= 11 黑胜 loss=25.7750 temp=0.25 total_env_steps=15694 t=0.05s
Ep  351: len= 62 白胜 loss=26.2438 temp=0.25 total_env_steps=15756 t=0.18s
Ep  352: len= 67 黑胜 loss=26.0497 temp=0.25 total_env_steps=15823 t=0.21s
Ep  353: len= 34 白胜 loss=25.7800 temp=0.25 total_env_steps=15857 t=0.11s
Ep  354: len= 48 白胜 loss=24.7103 temp=0.25 total_env_steps=15905 t=0.15s
Ep  355: len= 63 黑胜 loss=26.1879 temp=0.25 total_env_steps=15968 t=0.21s
Ep  356: len= 58 白胜 loss=26.2729 temp=0.25 total_env_steps=16026 t=0.17s
Ep  357: len= 44 白胜 loss=26.2568 temp=0.25 total_env_steps=16070 t=0.14s
Ep  358: len= 42 白胜 loss=26.0197 temp=0.25 total_env_steps=16112 t=0.13s
Ep  359: len= 51 黑胜 loss=26.4169 temp=0.25 total_env_steps=16163 t=0.15s
Ep  360: len= 38 白胜 loss=25.3239 temp=0.25 total_env_steps=16201 t=0.11s
Ep  361: len= 58 白胜 loss=24.6956 temp=0.25 total_env_steps=16259 t=0.17s
Ep  362: len= 42 白胜 loss=26.0466 temp=0.25 total_env_steps=16301 t=0.13s
Ep  363: len= 61 黑胜 loss=24.5413 temp=0.25 total_env_steps=16362 t=0.18s
Ep  364: len= 36 白胜 loss=26.0854 temp=0.25 total_env_steps=16398 t=0.11s
Ep  365: len= 52 白胜 loss=25.7462 temp=0.25 total_env_steps=16450 t=0.16s
Ep  366: len= 15 黑胜 loss=25.7176 temp=0.25 total_env_steps=16465 t=0.06s
Ep  367: len= 67 黑胜 loss=25.7692 temp=0.25 total_env_steps=16532 t=0.19s
Ep  368: len= 33 黑胜 loss=25.6572 temp=0.25 total_env_steps=16565 t=0.11s
Ep  369: len= 58 白胜 loss=25.2149 temp=0.25 total_env_steps=16623 t=0.17s
Ep  370: len= 61 黑胜 loss=25.5290 temp=0.25 total_env_steps=16684 t=0.17s
Ep  371: len= 44 白胜 loss=25.7010 temp=0.25 total_env_steps=16728 t=0.13s
Ep  372: len= 47 黑胜 loss=25.2630 temp=0.25 total_env_steps=16775 t=0.14s
Ep  373: len= 42 白胜 loss=25.3917 temp=0.25 total_env_steps=16817 t=0.13s
Ep  374: len= 57 黑胜 loss=25.9994 temp=0.25 total_env_steps=16874 t=0.16s
Ep  375: len= 56 白胜 loss=24.8736 temp=0.25 total_env_steps=16930 t=0.16s
Ep  376: len= 45 黑胜 loss=26.4140 temp=0.25 total_env_steps=16975 t=0.15s
Ep  377: len= 33 黑胜 loss=25.9135 temp=0.25 total_env_steps=17008 t=0.11s
Ep  378: len= 53 黑胜 loss=26.2488 temp=0.25 total_env_steps=17061 t=0.16s
Ep  379: len= 13 黑胜 loss=25.3384 temp=0.25 total_env_steps=17074 t=0.05s
Ep  380: len= 59 黑胜 loss=25.6407 temp=0.25 total_env_steps=17133 t=0.17s
Ep  381: len= 25 黑胜 loss=25.6385 temp=0.25 total_env_steps=17158 t=0.08s
Ep  382: len= 50 白胜 loss=26.0514 temp=0.25 total_env_steps=17208 t=0.15s
Ep  383: len= 63 黑胜 loss=25.5656 temp=0.25 total_env_steps=17271 t=0.19s
Ep  384: len= 39 黑胜 loss=25.3967 temp=0.25 total_env_steps=17310 t=0.12s
Ep  385: len= 70 白胜 loss=25.9961 temp=0.25 total_env_steps=17380 t=0.23s
Ep  386: len= 36 白胜 loss=25.2035 temp=0.25 total_env_steps=17416 t=0.10s
Ep  387: len= 62 白胜 loss=26.0236 temp=0.25 total_env_steps=17478 t=0.17s
Ep  388: len= 11 黑胜 loss=25.8473 temp=0.25 total_env_steps=17489 t=0.05s
Ep  389: len= 40 白胜 loss=24.4941 temp=0.25 total_env_steps=17529 t=0.12s
Ep  390: len= 52 白胜 loss=25.3516 temp=0.25 total_env_steps=17581 t=0.16s
Ep  391: len= 34 白胜 loss=24.5301 temp=0.25 total_env_steps=17615 t=0.11s
Ep  392: len= 29 黑胜 loss=25.3930 temp=0.25 total_env_steps=17644 t=0.10s
Ep  393: len= 53 黑胜 loss=25.5220 temp=0.25 total_env_steps=17697 t=0.15s
Ep  394: len= 41 黑胜 loss=25.0969 temp=0.25 total_env_steps=17738 t=0.12s
Ep  395: len= 51 黑胜 loss=24.8098 temp=0.25 total_env_steps=17789 t=0.16s
Ep  396: len= 39 黑胜 loss=24.9131 temp=0.25 total_env_steps=17828 t=0.14s
Ep  397: len= 33 黑胜 loss=25.3236 temp=0.25 total_env_steps=17861 t=0.11s
Ep  398: len= 57 黑胜 loss=25.2087 temp=0.25 total_env_steps=17918 t=0.16s
Ep  399: len= 34 白胜 loss=24.4513 temp=0.25 total_env_steps=17952 t=0.11s
Ep  400: len= 44 白胜 loss=25.5864 temp=0.25 total_env_steps=17996 t=0.13s
  eval vs Gomoku-random-v0: win_rate=0.95 mean_return=0.90（20 局，total_env_steps=17996）
  ✅ 达标 ep=400 total_env_steps=17996
Ep  401: len= 37 黑胜 loss=25.1581 temp=0.25 total_env_steps=18033 t=0.13s
Ep  402: len= 52 白胜 loss=25.2540 temp=0.25 total_env_steps=18085 t=0.15s
Ep  403: len= 37 黑胜 loss=25.0248 temp=0.25 total_env_steps=18122 t=0.11s
Ep  404: len= 43 黑胜 loss=24.9924 temp=0.25 total_env_steps=18165 t=0.13s
Ep  405: len= 22 白胜 loss=25.1235 temp=0.25 total_env_steps=18187 t=0.08s
Ep  406: len= 49 黑胜 loss=25.1294 temp=0.25 total_env_steps=18236 t=0.14s
Ep  407: len= 29 黑胜 loss=24.1526 temp=0.25 total_env_steps=18265 t=0.10s
Ep  408: len= 33 黑胜 loss=26.0095 temp=0.25 total_env_steps=18298 t=0.10s
Ep  409: len= 33 黑胜 loss=25.3077 temp=0.25 total_env_steps=18331 t=0.11s
Ep  410: len= 39 黑胜 loss=25.2983 temp=0.25 total_env_steps=18370 t=0.12s
Ep  411: len= 71 黑胜 loss=24.9728 temp=0.25 total_env_steps=18441 t=0.21s
Ep  412: len= 30 白胜 loss=23.9266 temp=0.25 total_env_steps=18471 t=0.10s
Ep  413: len= 33 黑胜 loss=24.9745 temp=0.25 total_env_steps=18504 t=0.10s
Ep  414: len= 13 黑胜 loss=24.6123 temp=0.25 total_env_steps=18517 t=0.05s
Ep  415: len= 45 黑胜 loss=25.6388 temp=0.25 total_env_steps=18562 t=0.16s
Ep  416: len= 11 黑胜 loss=25.0352 temp=0.25 total_env_steps=18573 t=0.05s
Ep  417: len= 38 白胜 loss=24.9373 temp=0.25 total_env_steps=18611 t=0.11s
Ep  418: len= 28 白胜 loss=24.1191 temp=0.25 total_env_steps=18639 t=0.11s
Ep  419: len=  9 黑胜 loss=25.6186 temp=0.25 total_env_steps=18648 t=0.04s
Ep  420: len= 28 白胜 loss=23.5312 temp=0.25 total_env_steps=18676 t=0.10s
Ep  421: len= 55 黑胜 loss=24.6644 temp=0.25 total_env_steps=18731 t=0.16s
Ep  422: len= 50 白胜 loss=24.6621 temp=0.25 total_env_steps=18781 t=0.15s
Ep  423: len= 29 黑胜 loss=24.5833 temp=0.25 total_env_steps=18810 t=0.09s
Ep  424: len= 49 黑胜 loss=23.6089 temp=0.25 total_env_steps=18859 t=0.16s
Ep  425: len= 53 黑胜 loss=24.8097 temp=0.25 total_env_steps=18912 t=0.15s
Ep  426: len= 48 白胜 loss=25.0254 temp=0.25 total_env_steps=18960 t=0.14s
Ep  427: len= 21 黑胜 loss=24.2252 temp=0.25 total_env_steps=18981 t=0.07s
Ep  428: len=  9 黑胜 loss=24.9997 temp=0.25 total_env_steps=18990 t=0.04s
Ep  429: len=  9 黑胜 loss=25.2058 temp=0.25 total_env_steps=18999 t=0.04s
Ep  430: len= 40 白胜 loss=24.5976 temp=0.25 total_env_steps=19039 t=0.14s
Ep  431: len= 39 黑胜 loss=24.7714 temp=0.25 total_env_steps=19078 t=0.11s
Ep  432: len= 49 黑胜 loss=24.8301 temp=0.25 total_env_steps=19127 t=0.17s
Ep  433: len= 29 黑胜 loss=24.7184 temp=0.25 total_env_steps=19156 t=0.09s
Ep  434: len= 39 黑胜 loss=24.8812 temp=0.25 total_env_steps=19195 t=0.12s
Ep  435: len= 50 白胜 loss=24.0593 temp=0.25 total_env_steps=19245 t=0.15s
Ep  436: len= 34 白胜 loss=23.7054 temp=0.25 total_env_steps=19279 t=0.11s
Ep  437: len= 59 黑胜 loss=25.0705 temp=0.25 total_env_steps=19338 t=0.17s
Ep  438: len= 47 黑胜 loss=24.5304 temp=0.25 total_env_steps=19385 t=0.17s
Ep  439: len= 47 黑胜 loss=25.4639 temp=0.25 total_env_steps=19432 t=0.16s
Ep  440: len= 33 黑胜 loss=24.6312 temp=0.25 total_env_steps=19465 t=0.11s
Ep  441: len= 60 白胜 loss=24.5151 temp=0.25 total_env_steps=19525 t=0.18s
Ep  442: len= 37 黑胜 loss=24.8176 temp=0.25 total_env_steps=19562 t=0.11s
Ep  443: len= 22 白胜 loss=25.1441 temp=0.25 total_env_steps=19584 t=0.08s
Ep  444: len= 54 白胜 loss=24.4339 temp=0.25 total_env_steps=19638 t=0.17s
Ep  445: len= 42 白胜 loss=23.9838 temp=0.25 total_env_steps=19680 t=0.13s
Ep  446: len= 40 白胜 loss=24.8641 temp=0.25 total_env_steps=19720 t=0.12s
Ep  447: len= 81 平局 loss=24.3393 temp=0.25 total_env_steps=19801 t=0.23s
Ep  448: len= 34 白胜 loss=24.3757 temp=0.25 total_env_steps=19835 t=0.12s
Ep  449: len= 50 白胜 loss=23.6935 temp=0.25 total_env_steps=19885 t=0.16s
Ep  450: len= 42 白胜 loss=24.2940 temp=0.25 total_env_steps=19927 t=0.14s
Ep  451: len= 32 白胜 loss=24.0490 temp=0.25 total_env_steps=19959 t=0.10s
Ep  452: len= 34 白胜 loss=23.5820 temp=0.25 total_env_steps=19993 t=0.11s
Ep  453: len= 30 白胜 loss=24.5591 temp=0.25 total_env_steps=20023 t=0.10s
Ep  454: len= 63 黑胜 loss=25.6073 temp=0.25 total_env_steps=20086 t=0.18s
Ep  455: len= 48 白胜 loss=24.6840 temp=0.25 total_env_steps=20134 t=0.13s
Ep  456: len= 28 白胜 loss=24.6936 temp=0.25 total_env_steps=20162 t=0.08s
Ep  457: len= 45 黑胜 loss=23.8346 temp=0.25 total_env_steps=20207 t=0.13s
Ep  458: len= 56 白胜 loss=24.2389 temp=0.25 total_env_steps=20263 t=0.16s
Ep  459: len= 47 黑胜 loss=24.1622 temp=0.25 total_env_steps=20310 t=0.13s
Ep  460: len= 41 黑胜 loss=24.9035 temp=0.25 total_env_steps=20351 t=0.12s
Ep  461: len= 52 白胜 loss=24.4418 temp=0.25 total_env_steps=20403 t=0.14s
Ep  462: len= 48 白胜 loss=24.4699 temp=0.25 total_env_steps=20451 t=0.14s
Ep  463: len= 42 白胜 loss=23.4236 temp=0.25 total_env_steps=20493 t=0.13s
Ep  464: len= 43 黑胜 loss=23.4897 temp=0.25 total_env_steps=20536 t=0.13s
Ep  465: len= 57 黑胜 loss=23.9358 temp=0.25 total_env_steps=20593 t=0.15s
Ep  466: len= 64 白胜 loss=23.0480 temp=0.25 total_env_steps=20657 t=0.17s
Ep  467: len= 41 黑胜 loss=24.5814 temp=0.25 total_env_steps=20698 t=0.11s
Ep  468: len= 39 黑胜 loss=23.1216 temp=0.25 total_env_steps=20737 t=0.11s
Ep  469: len= 64 白胜 loss=24.1956 temp=0.25 total_env_steps=20801 t=0.17s
Ep  470: len= 49 黑胜 loss=23.6733 temp=0.25 total_env_steps=20850 t=0.13s
Ep  471: len= 22 白胜 loss=23.1894 temp=0.25 total_env_steps=20872 t=0.07s
Ep  472: len= 40 白胜 loss=22.9301 temp=0.25 total_env_steps=20912 t=0.11s
Ep  473: len= 30 白胜 loss=24.9504 temp=0.25 total_env_steps=20942 t=0.09s
Ep  474: len= 25 黑胜 loss=23.0282 temp=0.25 total_env_steps=20967 t=0.08s
Ep  475: len= 64 白胜 loss=23.7703 temp=0.25 total_env_steps=21031 t=0.17s
Ep  476: len= 55 黑胜 loss=24.0148 temp=0.25 total_env_steps=21086 t=0.17s
Ep  477: len= 52 白胜 loss=23.2264 temp=0.25 total_env_steps=21138 t=0.16s
Ep  478: len= 39 黑胜 loss=24.7173 temp=0.25 total_env_steps=21177 t=0.11s
Ep  479: len= 32 白胜 loss=23.9153 temp=0.25 total_env_steps=21209 t=0.09s
Ep  480: len= 61 黑胜 loss=23.5090 temp=0.25 total_env_steps=21270 t=0.16s
Ep  481: len= 25 黑胜 loss=23.4965 temp=0.25 total_env_steps=21295 t=0.09s
Ep  482: len= 40 白胜 loss=25.2731 temp=0.25 total_env_steps=21335 t=0.12s
Ep  483: len= 41 黑胜 loss=23.4378 temp=0.25 total_env_steps=21376 t=0.12s
Ep  484: len= 40 白胜 loss=23.8802 temp=0.25 total_env_steps=21416 t=0.11s
Ep  485: len= 75 黑胜 loss=23.4535 temp=0.25 total_env_steps=21491 t=0.19s
Ep  486: len= 42 白胜 loss=23.8828 temp=0.25 total_env_steps=21533 t=0.12s
Ep  487: len= 48 白胜 loss=23.8666 temp=0.25 total_env_steps=21581 t=0.13s
Ep  488: len= 33 黑胜 loss=23.2612 temp=0.25 total_env_steps=21614 t=0.10s
Ep  489: len= 32 白胜 loss=24.3756 temp=0.25 total_env_steps=21646 t=0.10s
Ep  490: len= 32 白胜 loss=22.6319 temp=0.25 total_env_steps=21678 t=0.09s
Ep  491: len= 34 白胜 loss=22.8185 temp=0.25 total_env_steps=21712 t=0.09s
Ep  492: len= 70 白胜 loss=24.2655 temp=0.25 total_env_steps=21782 t=0.17s
Ep  493: len= 31 黑胜 loss=24.2096 temp=0.25 total_env_steps=21813 t=0.09s
Ep  494: len= 30 白胜 loss=23.4605 temp=0.25 total_env_steps=21843 t=0.08s
Ep  495: len= 44 白胜 loss=22.2718 temp=0.25 total_env_steps=21887 t=0.12s
Ep  496: len= 66 白胜 loss=24.0801 temp=0.25 total_env_steps=21953 t=0.16s
Ep  497: len= 31 黑胜 loss=24.1666 temp=0.25 total_env_steps=21984 t=0.09s
Ep  498: len= 46 白胜 loss=23.2912 temp=0.25 total_env_steps=22030 t=0.13s
Ep  499: len= 43 黑胜 loss=23.5071 temp=0.25 total_env_steps=22073 t=0.11s
Ep  500: len= 45 黑胜 loss=24.5224 temp=0.25 total_env_steps=22118 t=0.12s
Ep  501: len= 34 白胜 loss=23.3149 temp=0.25 total_env_steps=22152 t=0.09s
Ep  502: len= 46 白胜 loss=24.1245 temp=0.25 total_env_steps=22198 t=0.12s
Ep  503: len= 17 黑胜 loss=22.6851 temp=0.25 total_env_steps=22215 t=0.05s
Ep  504: len= 28 白胜 loss=23.4234 temp=0.25 total_env_steps=22243 t=0.08s
Ep  505: len=  9 黑胜 loss=23.3743 temp=0.25 total_env_steps=22252 t=0.04s
Ep  506: len= 17 黑胜 loss=22.3066 temp=0.25 total_env_steps=22269 t=0.05s
Ep  507: len= 31 黑胜 loss=23.4716 temp=0.25 total_env_steps=22300 t=0.09s
Ep  508: len= 34 白胜 loss=23.2745 temp=0.25 total_env_steps=22334 t=0.10s
Ep  509: len= 45 黑胜 loss=23.8728 temp=0.25 total_env_steps=22379 t=0.13s
Ep  510: len= 40 白胜 loss=23.5693 temp=0.25 total_env_steps=22419 t=0.11s
Ep  511: len= 31 黑胜 loss=23.2327 temp=0.25 total_env_steps=22450 t=0.08s
Ep  512: len= 48 白胜 loss=23.6647 temp=0.25 total_env_steps=22498 t=0.12s
Ep  513: len= 26 白胜 loss=24.0971 temp=0.25 total_env_steps=22524 t=0.07s
Ep  514: len= 81 平局 loss=23.3474 temp=0.25 total_env_steps=22605 t=0.20s
Ep  515: len= 30 白胜 loss=23.6159 temp=0.25 total_env_steps=22635 t=0.08s
Ep  516: len= 49 黑胜 loss=23.1789 temp=0.25 total_env_steps=22684 t=0.15s
Ep  517: len= 51 黑胜 loss=22.5342 temp=0.25 total_env_steps=22735 t=0.15s
Ep  518: len= 36 白胜 loss=23.3830 temp=0.25 total_env_steps=22771 t=0.11s
Ep  519: len= 65 黑胜 loss=24.4900 temp=0.25 total_env_steps=22836 t=0.16s
Ep  520: len= 75 黑胜 loss=23.0559 temp=0.25 total_env_steps=22911 t=0.18s
Ep  521: len= 28 白胜 loss=23.9485 temp=0.25 total_env_steps=22939 t=0.08s
Ep  522: len= 36 白胜 loss=23.3667 temp=0.25 total_env_steps=22975 t=0.10s
Ep  523: len= 40 白胜 loss=23.0580 temp=0.25 total_env_steps=23015 t=0.11s
Ep  524: len= 35 黑胜 loss=22.8829 temp=0.25 total_env_steps=23050 t=0.09s
Ep  525: len= 74 白胜 loss=24.7296 temp=0.25 total_env_steps=23124 t=0.18s
Ep  526: len= 54 白胜 loss=22.1617 temp=0.25 total_env_steps=23178 t=0.13s
Ep  527: len= 37 黑胜 loss=22.1117 temp=0.25 total_env_steps=23215 t=0.10s
Ep  528: len= 31 黑胜 loss=23.5318 temp=0.25 total_env_steps=23246 t=0.08s
Ep  529: len= 26 白胜 loss=22.3994 temp=0.25 total_env_steps=23272 t=0.08s
Ep  530: len= 28 白胜 loss=23.3436 temp=0.25 total_env_steps=23300 t=0.08s
Ep  531: len= 47 黑胜 loss=23.6082 temp=0.25 total_env_steps=23347 t=0.13s
Ep  532: len= 44 白胜 loss=22.8970 temp=0.25 total_env_steps=23391 t=0.12s
Ep  533: len= 65 黑胜 loss=23.3883 temp=0.25 total_env_steps=23456 t=0.16s
Ep  534: len= 55 黑胜 loss=23.9063 temp=0.25 total_env_steps=23511 t=0.14s
Ep  535: len= 53 黑胜 loss=23.2414 temp=0.25 total_env_steps=23564 t=0.14s
Ep  536: len= 45 黑胜 loss=22.7906 temp=0.25 total_env_steps=23609 t=0.13s
Ep  537: len= 39 黑胜 loss=22.8385 temp=0.25 total_env_steps=23648 t=0.12s
Ep  538: len= 46 白胜 loss=22.9382 temp=0.25 total_env_steps=23694 t=0.12s
Ep  539: len= 40 白胜 loss=22.8943 temp=0.25 total_env_steps=23734 t=0.11s
Ep  540: len= 63 黑胜 loss=23.3751 temp=0.25 total_env_steps=23797 t=0.16s
Ep  541: len= 40 白胜 loss=22.9104 temp=0.25 total_env_steps=23837 t=0.10s
Ep  542: len= 59 黑胜 loss=23.0201 temp=0.25 total_env_steps=23896 t=0.15s
Ep  543: len= 34 白胜 loss=22.2915 temp=0.25 total_env_steps=23930 t=0.09s
Ep  544: len= 46 白胜 loss=22.5360 temp=0.25 total_env_steps=23976 t=0.13s
Ep  545: len= 34 白胜 loss=21.7658 temp=0.25 total_env_steps=24010 t=0.11s
Ep  546: len= 53 黑胜 loss=22.5652 temp=0.25 total_env_steps=24063 t=0.14s
Ep  547: len= 53 黑胜 loss=22.9410 temp=0.25 total_env_steps=24116 t=0.14s
Ep  548: len= 61 黑胜 loss=22.2786 temp=0.25 total_env_steps=24177 t=0.16s
Ep  549: len= 42 白胜 loss=22.1868 temp=0.25 total_env_steps=24219 t=0.11s
Ep  550: len= 52 白胜 loss=22.1641 temp=0.25 total_env_steps=24271 t=0.14s
Ep  551: len= 42 白胜 loss=22.5852 temp=0.25 total_env_steps=24313 t=0.12s
Ep  552: len= 36 白胜 loss=23.6757 temp=0.25 total_env_steps=24349 t=0.10s
Ep  553: len= 56 白胜 loss=23.8907 temp=0.25 total_env_steps=24405 t=0.14s
Ep  554: len= 33 黑胜 loss=23.1739 temp=0.25 total_env_steps=24438 t=0.09s
Ep  555: len= 24 白胜 loss=22.4947 temp=0.25 total_env_steps=24462 t=0.07s
Ep  556: len= 57 黑胜 loss=22.6558 temp=0.25 total_env_steps=24519 t=0.15s
Ep  557: len= 51 黑胜 loss=22.2545 temp=0.25 total_env_steps=24570 t=0.13s
Ep  558: len= 24 白胜 loss=21.9268 temp=0.25 total_env_steps=24594 t=0.08s
Ep  559: len= 38 白胜 loss=23.2804 temp=0.25 total_env_steps=24632 t=0.09s
Ep  560: len= 40 白胜 loss=23.2234 temp=0.25 total_env_steps=24672 t=0.11s
Ep  561: len= 23 黑胜 loss=22.0367 temp=0.25 total_env_steps=24695 t=0.07s
Ep  562: len=  9 黑胜 loss=21.2069 temp=0.25 total_env_steps=24704 t=0.04s
Ep  563: len= 24 白胜 loss=23.1548 temp=0.25 total_env_steps=24728 t=0.07s
Ep  564: len= 31 黑胜 loss=22.3863 temp=0.25 total_env_steps=24759 t=0.08s
Ep  565: len= 28 白胜 loss=23.5098 temp=0.25 total_env_steps=24787 t=0.08s
Ep  566: len= 31 黑胜 loss=22.9963 temp=0.25 total_env_steps=24818 t=0.09s
Ep  567: len= 54 白胜 loss=22.7512 temp=0.25 total_env_steps=24872 t=0.14s
Ep  568: len= 38 白胜 loss=21.6074 temp=0.25 total_env_steps=24910 t=0.10s
Ep  569: len= 51 黑胜 loss=22.8932 temp=0.25 total_env_steps=24961 t=0.14s
Ep  570: len= 29 黑胜 loss=22.8120 temp=0.25 total_env_steps=24990 t=0.09s
Ep  571: len= 36 白胜 loss=21.4865 temp=0.25 total_env_steps=25026 t=0.09s
Ep  572: len= 64 白胜 loss=23.1975 temp=0.25 total_env_steps=25090 t=0.16s
Ep  573: len= 42 白胜 loss=22.5370 temp=0.25 total_env_steps=25132 t=0.11s
Ep  574: len= 69 黑胜 loss=21.9072 temp=0.25 total_env_steps=25201 t=0.17s
Ep  575: len= 34 白胜 loss=21.7927 temp=0.25 total_env_steps=25235 t=0.10s
Ep  576: len= 38 白胜 loss=22.7858 temp=0.25 total_env_steps=25273 t=0.10s
Ep  577: len= 15 黑胜 loss=23.2999 temp=0.25 total_env_steps=25288 t=0.05s
Ep  578: len= 35 黑胜 loss=21.7561 temp=0.25 total_env_steps=25323 t=0.09s
Ep  579: len= 45 黑胜 loss=23.2010 temp=0.25 total_env_steps=25368 t=0.12s
Ep  580: len= 38 白胜 loss=21.7060 temp=0.25 total_env_steps=25406 t=0.11s
Ep  581: len= 48 白胜 loss=22.1853 temp=0.25 total_env_steps=25454 t=0.13s
Ep  582: len= 38 白胜 loss=21.2281 temp=0.25 total_env_steps=25492 t=0.10s
Ep  583: len= 28 白胜 loss=23.6673 temp=0.25 total_env_steps=25520 t=0.08s
Ep  584: len= 24 白胜 loss=20.8896 temp=0.25 total_env_steps=25544 t=0.07s
Ep  585: len= 25 黑胜 loss=21.3431 temp=0.25 total_env_steps=25569 t=0.09s
Ep  586: len= 48 白胜 loss=21.6281 temp=0.25 total_env_steps=25617 t=0.13s
Ep  587: len= 32 白胜 loss=23.4396 temp=0.25 total_env_steps=25649 t=0.09s
Ep  588: len= 58 白胜 loss=22.0313 temp=0.25 total_env_steps=25707 t=0.14s
Ep  589: len= 50 白胜 loss=22.8716 temp=0.25 total_env_steps=25757 t=0.14s
Ep  590: len= 30 白胜 loss=22.6770 temp=0.25 total_env_steps=25787 t=0.08s
Ep  591: len= 62 白胜 loss=22.2356 temp=0.25 total_env_steps=25849 t=0.16s
Ep  592: len= 78 白胜 loss=22.5183 temp=0.25 total_env_steps=25927 t=0.19s
Ep  593: len= 28 白胜 loss=20.7188 temp=0.25 total_env_steps=25955 t=0.08s
Ep  594: len= 29 黑胜 loss=22.2175 temp=0.25 total_env_steps=25984 t=0.09s
Ep  595: len= 63 黑胜 loss=22.4659 temp=0.25 total_env_steps=26047 t=0.15s
Ep  596: len= 57 黑胜 loss=21.8847 temp=0.25 total_env_steps=26104 t=0.18s
Ep  597: len= 31 黑胜 loss=21.0263 temp=0.25 total_env_steps=26135 t=0.09s
Ep  598: len= 41 黑胜 loss=22.2718 temp=0.25 total_env_steps=26176 t=0.11s
Ep  599: len= 35 黑胜 loss=21.9897 temp=0.25 total_env_steps=26211 t=0.10s
Ep  600: len= 26 白胜 loss=22.5320 temp=0.25 total_env_steps=26237 t=0.08s
  eval vs Gomoku-random-v0: win_rate=1.00 mean_return=1.00（20 局，total_env_steps=26237）
Ep  601: len= 30 白胜 loss=21.5512 temp=0.25 total_env_steps=26267 t=0.09s
Ep  602: len= 32 白胜 loss=20.2361 temp=0.25 total_env_steps=26299 t=0.09s
Ep  603: len= 32 白胜 loss=22.5595 temp=0.25 total_env_steps=26331 t=0.09s
Ep  604: len= 26 白胜 loss=22.3906 temp=0.25 total_env_steps=26357 t=0.08s
Ep  605: len= 36 白胜 loss=21.0650 temp=0.25 total_env_steps=26393 t=0.10s
Ep  606: len= 41 黑胜 loss=21.6063 temp=0.25 total_env_steps=26434 t=0.11s
Ep  607: len= 59 黑胜 loss=23.2920 temp=0.25 total_env_steps=26493 t=0.16s
Ep  608: len= 38 白胜 loss=22.3319 temp=0.25 total_env_steps=26531 t=0.10s
Ep  609: len= 27 黑胜 loss=21.2280 temp=0.25 total_env_steps=26558 t=0.08s
Ep  610: len= 28 白胜 loss=21.5794 temp=0.25 total_env_steps=26586 t=0.08s
Ep  611: len= 23 黑胜 loss=21.6451 temp=0.25 total_env_steps=26609 t=0.08s
Ep  612: len= 35 黑胜 loss=22.5427 temp=0.25 total_env_steps=26644 t=0.10s
Ep  613: len= 12 白胜 loss=22.7399 temp=0.25 total_env_steps=26656 t=0.04s
Ep  614: len= 59 黑胜 loss=21.9265 temp=0.25 total_env_steps=26715 t=0.15s
Ep  615: len= 24 白胜 loss=21.6283 temp=0.25 total_env_steps=26739 t=0.07s
Ep  616: len= 33 黑胜 loss=22.3870 temp=0.25 total_env_steps=26772 t=0.10s
Ep  617: len= 34 白胜 loss=22.7886 temp=0.25 total_env_steps=26806 t=0.10s
Ep  618: len= 69 黑胜 loss=20.7781 temp=0.25 total_env_steps=26875 t=0.18s
Ep  619: len= 32 白胜 loss=20.7847 temp=0.25 total_env_steps=26907 t=0.09s
Ep  620: len= 24 白胜 loss=22.0860 temp=0.25 total_env_steps=26931 t=0.07s
Ep  621: len= 28 白胜 loss=21.4993 temp=0.25 total_env_steps=26959 t=0.08s
Ep  622: len= 26 白胜 loss=21.6198 temp=0.25 total_env_steps=26985 t=0.07s
Ep  623: len= 42 白胜 loss=20.3709 temp=0.25 total_env_steps=27027 t=0.13s
Ep  624: len= 77 黑胜 loss=21.7758 temp=0.25 total_env_steps=27104 t=0.19s
Ep  625: len= 21 黑胜 loss=24.5637 temp=0.25 total_env_steps=27125 t=0.06s
Ep  626: len= 31 黑胜 loss=22.5295 temp=0.25 total_env_steps=27156 t=0.08s
Ep  627: len= 32 白胜 loss=21.6071 temp=0.25 total_env_steps=27188 t=0.10s
Ep  628: len= 42 白胜 loss=22.1698 temp=0.25 total_env_steps=27230 t=0.11s
Ep  629: len= 54 白胜 loss=21.6074 temp=0.25 total_env_steps=27284 t=0.13s
Ep  630: len= 34 白胜 loss=21.3200 temp=0.25 total_env_steps=27318 t=0.09s
Ep  631: len= 22 白胜 loss=21.5938 temp=0.25 total_env_steps=27340 t=0.07s
Ep  632: len= 11 黑胜 loss=21.7094 temp=0.25 total_env_steps=27351 t=0.05s
Ep  633: len= 35 黑胜 loss=22.1452 temp=0.25 total_env_steps=27386 t=0.10s
Ep  634: len= 47 黑胜 loss=23.5269 temp=0.25 total_env_steps=27433 t=0.12s
Ep  635: len= 13 黑胜 loss=22.6189 temp=0.25 total_env_steps=27446 t=0.05s
Ep  636: len= 65 黑胜 loss=21.2443 temp=0.25 total_env_steps=27511 t=0.16s
Ep  637: len= 28 白胜 loss=21.8692 temp=0.25 total_env_steps=27539 t=0.08s
Ep  638: len= 33 黑胜 loss=21.9712 temp=0.25 total_env_steps=27572 t=0.10s
Ep  639: len= 30 白胜 loss=21.9825 temp=0.25 total_env_steps=27602 t=0.09s
Ep  640: len= 24 白胜 loss=22.6502 temp=0.25 total_env_steps=27626 t=0.07s
Ep  641: len= 22 白胜 loss=23.5561 temp=0.25 total_env_steps=27648 t=0.07s
Ep  642: len= 60 白胜 loss=22.3233 temp=0.25 total_env_steps=27708 t=0.15s
Ep  643: len= 40 白胜 loss=22.6214 temp=0.25 total_env_steps=27748 t=0.11s
Ep  644: len= 44 白胜 loss=21.8966 temp=0.25 total_env_steps=27792 t=0.11s
Ep  645: len= 28 白胜 loss=21.7519 temp=0.25 total_env_steps=27820 t=0.08s
Ep  646: len= 29 黑胜 loss=22.5831 temp=0.25 total_env_steps=27849 t=0.08s
Ep  647: len= 43 黑胜 loss=21.7318 temp=0.25 total_env_steps=27892 t=0.11s
Ep  648: len= 43 黑胜 loss=22.0768 temp=0.25 total_env_steps=27935 t=0.11s
Ep  649: len= 26 白胜 loss=21.5648 temp=0.25 total_env_steps=27961 t=0.07s
Ep  650: len= 45 黑胜 loss=21.4622 temp=0.25 total_env_steps=28006 t=0.11s
Ep  651: len= 22 白胜 loss=21.6284 temp=0.25 total_env_steps=28028 t=0.07s
Ep  652: len= 54 白胜 loss=20.7406 temp=0.25 total_env_steps=28082 t=0.13s
Ep  653: len= 23 黑胜 loss=21.4624 temp=0.25 total_env_steps=28105 t=0.06s
Ep  654: len= 55 黑胜 loss=20.8999 temp=0.25 total_env_steps=28160 t=0.13s
Ep  655: len= 50 白胜 loss=21.2713 temp=0.25 total_env_steps=28210 t=0.13s
Ep  656: len= 62 白胜 loss=23.3336 temp=0.25 total_env_steps=28272 t=0.15s
Ep  657: len= 63 黑胜 loss=22.5774 temp=0.25 total_env_steps=28335 t=0.15s
Ep  658: len= 24 白胜 loss=20.1865 temp=0.25 total_env_steps=28359 t=0.07s
Ep  659: len= 25 黑胜 loss=22.1780 temp=0.25 total_env_steps=28384 t=0.08s
Ep  660: len= 28 白胜 loss=22.5782 temp=0.25 total_env_steps=28412 t=0.08s
Ep  661: len= 27 黑胜 loss=19.8935 temp=0.25 total_env_steps=28439 t=0.08s
Ep  662: len= 24 白胜 loss=20.3160 temp=0.25 total_env_steps=28463 t=0.07s
Ep  663: len= 18 白胜 loss=23.5889 temp=0.25 total_env_steps=28481 t=0.08s
Ep  664: len= 44 白胜 loss=21.7280 temp=0.25 total_env_steps=28525 t=0.12s
Ep  665: len= 26 白胜 loss=22.0863 temp=0.25 total_env_steps=28551 t=0.08s
Ep  666: len= 25 黑胜 loss=20.5268 temp=0.25 total_env_steps=28576 t=0.07s
Ep  667: len= 52 白胜 loss=20.4590 temp=0.25 total_env_steps=28628 t=0.14s
Ep  668: len= 57 黑胜 loss=22.0803 temp=0.25 total_env_steps=28685 t=0.15s
Ep  669: len= 26 白胜 loss=21.0704 temp=0.25 total_env_steps=28711 t=0.08s
Ep  670: len= 39 黑胜 loss=22.1572 temp=0.25 total_env_steps=28750 t=0.11s
Ep  671: len= 26 白胜 loss=20.6916 temp=0.25 total_env_steps=28776 t=0.08s
Ep  672: len= 43 黑胜 loss=21.9823 temp=0.25 total_env_steps=28819 t=0.11s
Ep  673: len= 38 白胜 loss=22.5867 temp=0.25 total_env_steps=28857 t=0.11s
Ep  674: len= 52 白胜 loss=21.8498 temp=0.25 total_env_steps=28909 t=0.14s
Ep  675: len= 56 白胜 loss=19.5428 temp=0.25 total_env_steps=28965 t=0.15s
Ep  676: len= 26 白胜 loss=21.2809 temp=0.25 total_env_steps=28991 t=0.08s
Ep  677: len= 22 白胜 loss=20.5775 temp=0.25 total_env_steps=29013 t=0.07s
Ep  678: len= 48 白胜 loss=20.9878 temp=0.25 total_env_steps=29061 t=0.13s
Ep  679: len= 38 白胜 loss=23.2945 temp=0.25 total_env_steps=29099 t=0.10s
Ep  680: len= 22 白胜 loss=20.1255 temp=0.25 total_env_steps=29121 t=0.07s
Ep  681: len= 20 白胜 loss=22.0227 temp=0.25 total_env_steps=29141 t=0.06s
Ep  682: len= 48 白胜 loss=21.0960 temp=0.25 total_env_steps=29189 t=0.12s
Ep  683: len= 22 白胜 loss=20.5310 temp=0.25 total_env_steps=29211 t=0.07s
Ep  684: len= 46 白胜 loss=22.1215 temp=0.25 total_env_steps=29257 t=0.11s
Ep  685: len= 38 白胜 loss=19.9882 temp=0.25 total_env_steps=29295 t=0.11s
Ep  686: len= 69 黑胜 loss=21.0208 temp=0.25 total_env_steps=29364 t=0.17s
Ep  687: len= 35 黑胜 loss=20.8256 temp=0.25 total_env_steps=29399 t=0.10s
Ep  688: len= 20 白胜 loss=20.5837 temp=0.25 total_env_steps=29419 t=0.07s
Ep  689: len= 46 白胜 loss=22.2568 temp=0.25 total_env_steps=29465 t=0.12s
Ep  690: len= 41 黑胜 loss=23.2231 temp=0.25 total_env_steps=29506 t=0.11s
Ep  691: len= 35 黑胜 loss=20.6869 temp=0.25 total_env_steps=29541 t=0.10s
Ep  692: len= 47 黑胜 loss=21.2513 temp=0.25 total_env_steps=29588 t=0.13s
Ep  693: len= 40 白胜 loss=21.3779 temp=0.25 total_env_steps=29628 t=0.12s
Ep  694: len=  9 黑胜 loss=21.6491 temp=0.25 total_env_steps=29637 t=0.04s
Ep  695: len= 45 黑胜 loss=21.3299 temp=0.25 total_env_steps=29682 t=0.12s
Ep  696: len= 11 黑胜 loss=21.9780 temp=0.25 total_env_steps=29693 t=0.04s
Ep  697: len= 20 白胜 loss=21.8348 temp=0.25 total_env_steps=29713 t=0.06s
Ep  698: len= 20 白胜 loss=21.8952 temp=0.25 total_env_steps=29733 t=0.06s
Ep  699: len= 33 黑胜 loss=22.2429 temp=0.25 total_env_steps=29766 t=0.09s
Ep  700: len= 28 白胜 loss=22.1415 temp=0.25 total_env_steps=29794 t=0.08s
Ep  701: len= 51 黑胜 loss=21.5312 temp=0.25 total_env_steps=29845 t=0.13s
Ep  702: len= 28 白胜 loss=21.0229 temp=0.25 total_env_steps=29873 t=0.08s
Ep  703: len= 79 黑胜 loss=21.4135 temp=0.25 total_env_steps=29952 t=0.21s
Ep  704: len= 67 黑胜 loss=21.9315 temp=0.25 total_env_steps=30019 t=0.16s
Ep  705: len= 35 黑胜 loss=19.8255 temp=0.25 total_env_steps=30054 t=0.09s
Ep  706: len= 54 白胜 loss=19.4901 temp=0.25 total_env_steps=30108 t=0.13s
Ep  707: len= 80 白胜 loss=20.2424 temp=0.25 total_env_steps=30188 t=0.19s
Ep  708: len= 73 黑胜 loss=22.5560 temp=0.25 total_env_steps=30261 t=0.17s
Ep  709: len= 48 白胜 loss=21.2910 temp=0.25 total_env_steps=30309 t=0.12s
Ep  710: len= 33 黑胜 loss=20.9157 temp=0.25 total_env_steps=30342 t=0.09s
Ep  711: len= 58 白胜 loss=22.7709 temp=0.25 total_env_steps=30400 t=0.16s
Ep  712: len= 42 白胜 loss=21.2435 temp=0.25 total_env_steps=30442 t=0.12s
Ep  713: len= 62 白胜 loss=21.8419 temp=0.25 total_env_steps=30504 t=0.15s
Ep  714: len= 18 白胜 loss=20.5774 temp=0.25 total_env_steps=30522 t=0.06s
Ep  715: len= 28 白胜 loss=22.3012 temp=0.25 total_env_steps=30550 t=0.08s
Ep  716: len= 59 黑胜 loss=21.9882 temp=0.25 total_env_steps=30609 t=0.14s
Ep  717: len= 68 白胜 loss=21.5753 temp=0.25 total_env_steps=30677 t=0.16s
Ep  718: len= 81 平局 loss=22.2622 temp=0.25 total_env_steps=30758 t=0.18s
Ep  719: len= 56 白胜 loss=21.1388 temp=0.25 total_env_steps=30814 t=0.15s
Ep  720: len= 55 黑胜 loss=22.0693 temp=0.25 total_env_steps=30869 t=0.14s
Ep  721: len= 35 黑胜 loss=23.5022 temp=0.25 total_env_steps=30904 t=0.09s
Ep  722: len= 20 白胜 loss=22.7822 temp=0.25 total_env_steps=30924 t=0.06s
Ep  723: len= 26 白胜 loss=22.4181 temp=0.25 total_env_steps=30950 t=0.08s
Ep  724: len= 26 白胜 loss=22.1563 temp=0.25 total_env_steps=30976 t=0.08s
Ep  725: len= 22 白胜 loss=20.2420 temp=0.25 total_env_steps=30998 t=0.06s
Ep  726: len= 22 白胜 loss=22.7466 temp=0.25 total_env_steps=31020 t=0.07s
Ep  727: len= 26 白胜 loss=22.5393 temp=0.25 total_env_steps=31046 t=0.07s
Ep  728: len= 66 白胜 loss=22.3564 temp=0.25 total_env_steps=31112 t=0.17s
Ep  729: len= 21 黑胜 loss=20.9586 temp=0.25 total_env_steps=31133 t=0.07s
Ep  730: len= 30 白胜 loss=22.1006 temp=0.25 total_env_steps=31163 t=0.09s
Ep  731: len= 39 黑胜 loss=20.6202 temp=0.25 total_env_steps=31202 t=0.11s
Ep  732: len= 41 黑胜 loss=21.6176 temp=0.25 total_env_steps=31243 t=0.11s
Ep  733: len= 66 白胜 loss=22.4973 temp=0.25 total_env_steps=31309 t=0.17s
Ep  734: len= 19 黑胜 loss=22.9025 temp=0.25 total_env_steps=31328 t=0.06s
Ep  735: len= 51 黑胜 loss=22.1615 temp=0.25 total_env_steps=31379 t=0.13s
Ep  736: len= 52 白胜 loss=23.3867 temp=0.25 total_env_steps=31431 t=0.14s
Ep  737: len= 48 白胜 loss=22.9202 temp=0.25 total_env_steps=31479 t=0.12s
Ep  738: len= 47 黑胜 loss=22.5827 temp=0.25 total_env_steps=31526 t=0.13s
Ep  739: len= 39 黑胜 loss=21.8120 temp=0.25 total_env_steps=31565 t=0.10s
Ep  740: len= 32 白胜 loss=20.7701 temp=0.25 total_env_steps=31597 t=0.09s
Ep  741: len= 51 黑胜 loss=20.2671 temp=0.25 total_env_steps=31648 t=0.15s
Ep  742: len= 26 白胜 loss=21.6971 temp=0.25 total_env_steps=31674 t=0.08s
Ep  743: len= 50 白胜 loss=21.3276 temp=0.25 total_env_steps=31724 t=0.14s
Ep  744: len= 30 白胜 loss=22.0747 temp=0.25 total_env_steps=31754 t=0.09s
Ep  745: len= 20 白胜 loss=22.0433 temp=0.25 total_env_steps=31774 t=0.06s
Ep  746: len= 57 黑胜 loss=22.1651 temp=0.25 total_env_steps=31831 t=0.15s
Ep  747: len= 20 白胜 loss=20.6465 temp=0.25 total_env_steps=31851 t=0.07s
Ep  748: len= 19 黑胜 loss=21.2291 temp=0.25 total_env_steps=31870 t=0.07s
Ep  749: len= 75 黑胜 loss=21.6185 temp=0.25 total_env_steps=31945 t=0.19s
Ep  750: len= 47 黑胜 loss=22.1739 temp=0.25 total_env_steps=31992 t=0.12s
Ep  751: len= 20 白胜 loss=23.3550 temp=0.25 total_env_steps=32012 t=0.06s
Ep  752: len= 16 白胜 loss=21.7235 temp=0.25 total_env_steps=32028 t=0.06s
Ep  753: len= 22 白胜 loss=20.5860 temp=0.25 total_env_steps=32050 t=0.07s
Ep  754: len= 36 白胜 loss=22.0413 temp=0.25 total_env_steps=32086 t=0.10s
Ep  755: len= 45 黑胜 loss=21.5215 temp=0.25 total_env_steps=32131 t=0.11s
Ep  756: len= 18 白胜 loss=21.8857 temp=0.25 total_env_steps=32149 t=0.06s
Ep  757: len= 62 白胜 loss=22.3616 temp=0.25 total_env_steps=32211 t=0.16s
Ep  758: len= 27 黑胜 loss=21.1714 temp=0.25 total_env_steps=32238 t=0.08s
Ep  759: len= 69 黑胜 loss=22.2203 temp=0.25 total_env_steps=32307 t=0.18s
Ep  760: len= 39 黑胜 loss=23.4681 temp=0.25 total_env_steps=32346 t=0.11s
Ep  761: len= 54 白胜 loss=20.5629 temp=0.25 total_env_steps=32400 t=0.13s
Ep  762: len= 25 黑胜 loss=22.8202 temp=0.25 total_env_steps=32425 t=0.07s
Ep  763: len= 55 黑胜 loss=22.2324 temp=0.25 total_env_steps=32480 t=0.13s
Ep  764: len= 44 白胜 loss=23.0279 temp=0.25 total_env_steps=32524 t=0.11s
Ep  765: len= 15 黑胜 loss=20.7429 temp=0.25 total_env_steps=32539 t=0.05s
Ep  766: len= 35 黑胜 loss=22.1307 temp=0.25 total_env_steps=32574 t=0.10s
Ep  767: len= 22 白胜 loss=20.3242 temp=0.25 total_env_steps=32596 t=0.06s
Ep  768: len= 52 白胜 loss=21.7917 temp=0.25 total_env_steps=32648 t=0.15s
Ep  769: len= 61 黑胜 loss=21.8428 temp=0.25 total_env_steps=32709 t=0.14s
Ep  770: len= 37 黑胜 loss=21.6008 temp=0.25 total_env_steps=32746 t=0.10s
Ep  771: len= 38 白胜 loss=21.7389 temp=0.25 total_env_steps=32784 t=0.12s
Ep  772: len= 42 白胜 loss=22.0020 temp=0.25 total_env_steps=32826 t=0.11s
Ep  773: len= 43 黑胜 loss=20.3935 temp=0.25 total_env_steps=32869 t=0.11s
Ep  774: len= 32 白胜 loss=20.3286 temp=0.25 total_env_steps=32901 t=0.09s
Ep  775: len= 33 黑胜 loss=22.1554 temp=0.25 total_env_steps=32934 t=0.09s
Ep  776: len= 33 黑胜 loss=21.2478 temp=0.25 total_env_steps=32967 t=0.10s
Ep  777: len= 62 白胜 loss=20.3760 temp=0.25 total_env_steps=33029 t=0.16s
Ep  778: len= 60 白胜 loss=20.1395 temp=0.25 total_env_steps=33089 t=0.15s
Ep  779: len= 44 白胜 loss=20.5612 temp=0.25 total_env_steps=33133 t=0.11s
Ep  780: len= 60 白胜 loss=20.7334 temp=0.25 total_env_steps=33193 t=0.15s
Ep  781: len= 38 白胜 loss=20.5991 temp=0.25 total_env_steps=33231 t=0.10s
Ep  782: len= 36 白胜 loss=21.3731 temp=0.25 total_env_steps=33267 t=0.09s
Ep  783: len= 71 黑胜 loss=23.0562 temp=0.25 total_env_steps=33338 t=0.17s
Ep  784: len= 42 白胜 loss=22.3211 temp=0.25 total_env_steps=33380 t=0.12s
Ep  785: len= 63 黑胜 loss=19.9713 temp=0.25 total_env_steps=33443 t=0.16s
Ep  786: len= 44 白胜 loss=22.2460 temp=0.25 total_env_steps=33487 t=0.12s
Ep  787: len= 39 黑胜 loss=22.2108 temp=0.25 total_env_steps=33526 t=0.10s
Ep  788: len= 44 白胜 loss=23.1830 temp=0.25 total_env_steps=33570 t=0.12s
Ep  789: len= 43 黑胜 loss=21.1633 temp=0.25 total_env_steps=33613 t=0.13s
Ep  790: len= 64 白胜 loss=21.8293 temp=0.25 total_env_steps=33677 t=0.19s
Ep  791: len= 47 黑胜 loss=20.3171 temp=0.25 total_env_steps=33724 t=0.12s
Ep  792: len= 43 黑胜 loss=23.7186 temp=0.25 total_env_steps=33767 t=0.12s
Ep  793: len= 18 白胜 loss=20.9721 temp=0.25 total_env_steps=33785 t=0.06s
Ep  794: len= 18 白胜 loss=22.0396 temp=0.25 total_env_steps=33803 t=0.06s
Ep  795: len= 16 白胜 loss=22.4821 temp=0.25 total_env_steps=33819 t=0.06s
Ep  796: len= 22 白胜 loss=20.6800 temp=0.25 total_env_steps=33841 t=0.07s
Ep  797: len= 30 白胜 loss=21.8076 temp=0.25 total_env_steps=33871 t=0.09s
Ep  798: len= 47 黑胜 loss=22.3186 temp=0.25 total_env_steps=33918 t=0.13s
Ep  799: len= 42 白胜 loss=21.7141 temp=0.25 total_env_steps=33960 t=0.11s
Ep  800: len= 38 白胜 loss=21.7548 temp=0.25 total_env_steps=33998 t=0.10s
  eval vs Gomoku-random-v0: win_rate=0.95 mean_return=0.90（20 局，total_env_steps=33998）
Ep  801: len= 22 白胜 loss=22.5256 temp=0.25 total_env_steps=34020 t=0.07s
Ep  802: len= 36 白胜 loss=20.9791 temp=0.25 total_env_steps=34056 t=0.10s
Ep  803: len= 75 黑胜 loss=22.2103 temp=0.25 total_env_steps=34131 t=0.17s
Ep  804: len= 32 白胜 loss=20.9581 temp=0.25 total_env_steps=34163 t=0.09s
Ep  805: len= 22 白胜 loss=20.1042 temp=0.25 total_env_steps=34185 t=0.07s
Ep  806: len= 22 白胜 loss=22.1338 temp=0.25 total_env_steps=34207 t=0.07s
Ep  807: len= 18 白胜 loss=21.1317 temp=0.25 total_env_steps=34225 t=0.06s
Ep  808: len= 47 黑胜 loss=21.9944 temp=0.25 total_env_steps=34272 t=0.11s
Ep  809: len= 50 白胜 loss=21.4185 temp=0.25 total_env_steps=34322 t=0.14s
Ep  810: len= 20 白胜 loss=20.5700 temp=0.25 total_env_steps=34342 t=0.07s
Ep  811: len= 20 白胜 loss=22.8441 temp=0.25 total_env_steps=34362 t=0.06s
Ep  812: len= 41 黑胜 loss=21.9285 temp=0.25 total_env_steps=34403 t=0.15s
Ep  813: len= 33 黑胜 loss=22.1591 temp=0.25 total_env_steps=34436 t=0.09s
Ep  814: len= 19 黑胜 loss=21.4256 temp=0.25 total_env_steps=34455 t=0.07s
Ep  815: len= 60 白胜 loss=22.5065 temp=0.25 total_env_steps=34515 t=0.15s
Ep  816: len= 24 白胜 loss=22.3416 temp=0.25 total_env_steps=34539 t=0.07s
Ep  817: len= 37 黑胜 loss=20.4165 temp=0.25 total_env_steps=34576 t=0.10s
Ep  818: len= 17 黑胜 loss=23.0916 temp=0.25 total_env_steps=34593 t=0.06s
Ep  819: len= 35 黑胜 loss=20.6796 temp=0.25 total_env_steps=34628 t=0.10s
Ep  820: len= 25 黑胜 loss=23.0956 temp=0.25 total_env_steps=34653 t=0.08s
Ep  821: len= 45 黑胜 loss=21.0260 temp=0.25 total_env_steps=34698 t=0.12s
Ep  822: len= 50 白胜 loss=20.0437 temp=0.25 total_env_steps=34748 t=0.13s
Ep  823: len= 52 白胜 loss=20.9380 temp=0.25 total_env_steps=34800 t=0.13s
Ep  824: len= 56 白胜 loss=22.8407 temp=0.25 total_env_steps=34856 t=0.14s
Ep  825: len= 66 白胜 loss=22.3901 temp=0.25 total_env_steps=34922 t=0.18s
Ep  826: len= 43 黑胜 loss=20.9366 temp=0.25 total_env_steps=34965 t=0.13s
Ep  827: len= 56 白胜 loss=21.9335 temp=0.25 total_env_steps=35021 t=0.15s
Ep  828: len= 44 白胜 loss=22.5392 temp=0.25 total_env_steps=35065 t=0.12s
Ep  829: len= 15 黑胜 loss=20.7778 temp=0.25 total_env_steps=35080 t=0.06s
Ep  830: len= 19 黑胜 loss=21.9176 temp=0.25 total_env_steps=35099 t=0.06s
Ep  831: len= 30 白胜 loss=22.6461 temp=0.25 total_env_steps=35129 t=0.09s
Ep  832: len= 50 白胜 loss=22.4610 temp=0.25 total_env_steps=35179 t=0.14s
Ep  833: len= 33 黑胜 loss=21.6853 temp=0.25 total_env_steps=35212 t=0.10s
Ep  834: len= 42 白胜 loss=22.8433 temp=0.25 total_env_steps=35254 t=0.12s
Ep  835: len= 18 白胜 loss=21.5946 temp=0.25 total_env_steps=35272 t=0.06s
Ep  836: len= 18 白胜 loss=22.3674 temp=0.25 total_env_steps=35290 t=0.07s
Ep  837: len= 28 白胜 loss=24.0300 temp=0.25 total_env_steps=35318 t=0.08s
Ep  838: len= 81 平局 loss=21.7846 temp=0.25 total_env_steps=35399 t=0.23s
Ep  839: len= 51 黑胜 loss=21.8059 temp=0.25 total_env_steps=35450 t=0.16s
Ep  840: len= 49 黑胜 loss=23.4889 temp=0.25 total_env_steps=35499 t=0.15s
Ep  841: len= 67 黑胜 loss=23.0452 temp=0.25 total_env_steps=35566 t=0.22s
Ep  842: len= 45 黑胜 loss=22.6522 temp=0.25 total_env_steps=35611 t=0.15s
Ep  843: len= 16 白胜 loss=22.4098 temp=0.25 total_env_steps=35627 t=0.06s
Ep  844: len= 50 白胜 loss=21.3347 temp=0.25 total_env_steps=35677 t=0.16s
Ep  845: len= 18 白胜 loss=20.7706 temp=0.25 total_env_steps=35695 t=0.08s
Ep  846: len= 72 白胜 loss=22.7562 temp=0.25 total_env_steps=35767 t=0.22s
Ep  847: len= 28 白胜 loss=23.3497 temp=0.25 total_env_steps=35795 t=0.09s
Ep  848: len= 52 白胜 loss=22.6203 temp=0.25 total_env_steps=35847 t=0.15s
Ep  849: len= 30 白胜 loss=23.1381 temp=0.25 total_env_steps=35877 t=0.10s
Ep  850: len= 67 黑胜 loss=22.5161 temp=0.25 total_env_steps=35944 t=0.20s
Ep  851: len= 53 黑胜 loss=21.5707 temp=0.25 total_env_steps=35997 t=0.15s
Ep  852: len= 30 白胜 loss=22.6333 temp=0.25 total_env_steps=36027 t=0.10s
Ep  853: len= 40 白胜 loss=21.8813 temp=0.25 total_env_steps=36067 t=0.12s
Ep  854: len= 47 黑胜 loss=23.9858 temp=0.25 total_env_steps=36114 t=0.13s
Ep  855: len= 42 白胜 loss=21.7577 temp=0.25 total_env_steps=36156 t=0.13s
Ep  856: len= 54 白胜 loss=22.4270 temp=0.25 total_env_steps=36210 t=0.19s
Ep  857: len= 64 白胜 loss=21.3468 temp=0.25 total_env_steps=36274 t=0.17s
Ep  858: len= 48 白胜 loss=22.8042 temp=0.25 total_env_steps=36322 t=0.13s
Ep  859: len= 38 白胜 loss=21.8297 temp=0.25 total_env_steps=36360 t=0.12s
Ep  860: len= 23 黑胜 loss=22.8182 temp=0.25 total_env_steps=36383 t=0.08s
Ep  861: len= 65 黑胜 loss=20.6213 temp=0.25 total_env_steps=36448 t=0.19s
Ep  862: len= 52 白胜 loss=23.0826 temp=0.25 total_env_steps=36500 t=0.15s
Ep  863: len= 56 白胜 loss=23.1032 temp=0.25 total_env_steps=36556 t=0.16s
Ep  864: len= 41 黑胜 loss=23.0687 temp=0.25 total_env_steps=36597 t=0.13s
Ep  865: len= 70 白胜 loss=22.2174 temp=0.25 total_env_steps=36667 t=0.19s
Ep  866: len= 31 黑胜 loss=23.5454 temp=0.25 total_env_steps=36698 t=0.10s
Ep  867: len= 43 黑胜 loss=21.5768 temp=0.25 total_env_steps=36741 t=0.13s
Ep  868: len= 40 白胜 loss=22.9340 temp=0.25 total_env_steps=36781 t=0.12s
Ep  869: len= 48 白胜 loss=23.2514 temp=0.25 total_env_steps=36829 t=0.14s
Ep  870: len= 57 黑胜 loss=22.9399 temp=0.25 total_env_steps=36886 t=0.20s
Ep  871: len= 45 黑胜 loss=23.7188 temp=0.25 total_env_steps=36931 t=0.14s
Ep  872: len= 44 白胜 loss=22.6710 temp=0.25 total_env_steps=36975 t=0.14s
Ep  873: len= 41 黑胜 loss=24.6861 temp=0.25 total_env_steps=37016 t=0.13s
Ep  874: len= 45 黑胜 loss=21.1978 temp=0.25 total_env_steps=37061 t=0.17s
Ep  875: len= 60 白胜 loss=22.0315 temp=0.25 total_env_steps=37121 t=0.20s
Ep  876: len= 32 白胜 loss=20.3650 temp=0.25 total_env_steps=37153 t=0.15s
Ep  877: len= 46 白胜 loss=23.9046 temp=0.25 total_env_steps=37199 t=0.16s
Ep  878: len= 37 黑胜 loss=22.1531 temp=0.25 total_env_steps=37236 t=0.13s
Ep  879: len= 26 白胜 loss=22.2911 temp=0.25 total_env_steps=37262 t=0.10s
Ep  880: len= 37 黑胜 loss=22.7802 temp=0.25 total_env_steps=37299 t=0.13s
Ep  881: len= 16 白胜 loss=22.7398 temp=0.25 total_env_steps=37315 t=0.07s
Ep  882: len= 34 白胜 loss=22.2342 temp=0.25 total_env_steps=37349 t=0.11s
Ep  883: len= 22 白胜 loss=23.8678 temp=0.25 total_env_steps=37371 t=0.08s
Ep  884: len= 53 黑胜 loss=22.1510 temp=0.25 total_env_steps=37424 t=0.16s
Ep  885: len= 36 白胜 loss=22.8469 temp=0.25 total_env_steps=37460 t=0.12s
Ep  886: len= 48 白胜 loss=22.8553 temp=0.25 total_env_steps=37508 t=0.16s
Ep  887: len= 29 黑胜 loss=22.2987 temp=0.25 total_env_steps=37537 t=0.10s
Ep  888: len= 39 黑胜 loss=23.9416 temp=0.25 total_env_steps=37576 t=0.14s
Ep  889: len= 36 白胜 loss=23.0966 temp=0.25 total_env_steps=37612 t=0.12s
Ep  890: len= 41 黑胜 loss=22.3460 temp=0.25 total_env_steps=37653 t=0.13s
Ep  891: len= 38 白胜 loss=22.5213 temp=0.25 total_env_steps=37691 t=0.12s
Ep  892: len= 26 白胜 loss=23.5433 temp=0.25 total_env_steps=37717 t=0.09s
Ep  893: len= 36 白胜 loss=23.2459 temp=0.25 total_env_steps=37753 t=0.12s
Ep  894: len= 52 白胜 loss=24.0245 temp=0.25 total_env_steps=37805 t=0.14s
Ep  895: len= 70 白胜 loss=22.9424 temp=0.25 total_env_steps=37875 t=0.18s
Ep  896: len= 63 黑胜 loss=23.3904 temp=0.25 total_env_steps=37938 t=0.18s
Ep  897: len= 27 黑胜 loss=21.8595 temp=0.25 total_env_steps=37965 t=0.09s
Ep  898: len= 45 黑胜 loss=22.2510 temp=0.25 total_env_steps=38010 t=0.13s
Ep  899: len= 49 黑胜 loss=21.8028 temp=0.25 total_env_steps=38059 t=0.15s
Ep  900: len= 44 白胜 loss=23.3129 temp=0.25 total_env_steps=38103 t=0.14s
Ep  901: len= 67 黑胜 loss=21.9906 temp=0.25 total_env_steps=38170 t=0.20s
Ep  902: len= 51 黑胜 loss=22.7970 temp=0.25 total_env_steps=38221 t=0.15s
Ep  903: len= 20 白胜 loss=23.1988 temp=0.25 total_env_steps=38241 t=0.08s
Ep  904: len= 47 黑胜 loss=23.7024 temp=0.25 total_env_steps=38288 t=0.18s
Ep  905: len= 19 黑胜 loss=24.1475 temp=0.25 total_env_steps=38307 t=0.07s
Ep  906: len= 25 黑胜 loss=22.4133 temp=0.25 total_env_steps=38332 t=0.10s
Ep  907: len= 44 白胜 loss=22.9468 temp=0.25 total_env_steps=38376 t=0.15s
Ep  908: len= 54 白胜 loss=22.0852 temp=0.25 total_env_steps=38430 t=0.16s
Ep  909: len= 62 白胜 loss=23.4476 temp=0.25 total_env_steps=38492 t=0.18s
Ep  910: len= 27 黑胜 loss=23.3352 temp=0.25 total_env_steps=38519 t=0.09s
Ep  911: len= 41 黑胜 loss=22.4733 temp=0.25 total_env_steps=38560 t=0.12s
Ep  912: len= 40 白胜 loss=23.0143 temp=0.25 total_env_steps=38600 t=0.13s
Ep  913: len= 45 黑胜 loss=23.1105 temp=0.25 total_env_steps=38645 t=0.14s
Ep  914: len= 45 黑胜 loss=23.9674 temp=0.25 total_env_steps=38690 t=0.14s
Ep  915: len= 41 黑胜 loss=22.2260 temp=0.25 total_env_steps=38731 t=0.14s
Ep  916: len= 39 黑胜 loss=22.9052 temp=0.25 total_env_steps=38770 t=0.12s
Ep  917: len= 17 黑胜 loss=21.5592 temp=0.25 total_env_steps=38787 t=0.07s
Ep  918: len= 19 黑胜 loss=23.4230 temp=0.25 total_env_steps=38806 t=0.08s
Ep  919: len= 53 黑胜 loss=23.1484 temp=0.25 total_env_steps=38859 t=0.16s
Ep  920: len= 54 白胜 loss=24.0183 temp=0.25 total_env_steps=38913 t=0.16s
Ep  921: len= 25 黑胜 loss=23.1802 temp=0.25 total_env_steps=38938 t=0.09s
Ep  922: len= 34 白胜 loss=23.3065 temp=0.25 total_env_steps=38972 t=0.10s
Ep  923: len= 44 白胜 loss=23.0194 temp=0.25 total_env_steps=39016 t=0.13s
Ep  924: len= 33 黑胜 loss=22.4367 temp=0.25 total_env_steps=39049 t=0.11s
Ep  925: len= 52 白胜 loss=23.3058 temp=0.25 total_env_steps=39101 t=0.14s
Ep  926: len= 46 白胜 loss=23.1764 temp=0.25 total_env_steps=39147 t=0.15s
Ep  927: len= 65 黑胜 loss=24.9700 temp=0.25 total_env_steps=39212 t=0.19s
Ep  928: len= 30 白胜 loss=22.9628 temp=0.25 total_env_steps=39242 t=0.10s
Ep  929: len= 72 白胜 loss=23.5792 temp=0.25 total_env_steps=39314 t=0.22s
Ep  930: len= 44 白胜 loss=22.1455 temp=0.25 total_env_steps=39358 t=0.13s
Ep  931: len= 43 黑胜 loss=22.3171 temp=0.25 total_env_steps=39401 t=0.14s
Ep  932: len= 46 白胜 loss=24.7865 temp=0.25 total_env_steps=39447 t=0.14s
Ep  933: len= 61 黑胜 loss=22.8942 temp=0.25 total_env_steps=39508 t=0.18s
Ep  934: len= 32 白胜 loss=24.0646 temp=0.25 total_env_steps=39540 t=0.10s
Ep  935: len= 32 白胜 loss=25.5606 temp=0.25 total_env_steps=39572 t=0.10s
Ep  936: len= 42 白胜 loss=24.9229 temp=0.25 total_env_steps=39614 t=0.14s
Ep  937: len= 52 白胜 loss=23.4204 temp=0.25 total_env_steps=39666 t=0.16s
Ep  938: len= 30 白胜 loss=24.2989 temp=0.25 total_env_steps=39696 t=0.11s
Ep  939: len= 37 黑胜 loss=23.2291 temp=0.25 total_env_steps=39733 t=0.12s
Ep  940: len= 55 黑胜 loss=23.3850 temp=0.25 total_env_steps=39788 t=0.16s
Ep  941: len= 69 黑胜 loss=22.8276 temp=0.25 total_env_steps=39857 t=0.18s
Ep  942: len= 42 白胜 loss=24.5083 temp=0.25 total_env_steps=39899 t=0.13s
Ep  943: len= 36 白胜 loss=22.6247 temp=0.25 total_env_steps=39935 t=0.11s
Ep  944: len= 57 黑胜 loss=22.5477 temp=0.25 total_env_steps=39992 t=0.16s
Ep  945: len= 58 白胜 loss=23.3281 temp=0.25 total_env_steps=40050 t=0.16s
Ep  946: len= 34 白胜 loss=22.3490 temp=0.25 total_env_steps=40084 t=0.10s
Ep  947: len= 48 白胜 loss=23.3749 temp=0.25 total_env_steps=40132 t=0.15s
Ep  948: len= 48 白胜 loss=23.7654 temp=0.25 total_env_steps=40180 t=0.15s
Ep  949: len= 29 黑胜 loss=23.4381 temp=0.25 total_env_steps=40209 t=0.10s
Ep  950: len= 39 黑胜 loss=23.7606 temp=0.25 total_env_steps=40248 t=0.11s
Ep  951: len= 44 白胜 loss=24.4796 temp=0.25 total_env_steps=40292 t=0.14s
Ep  952: len= 30 白胜 loss=23.8448 temp=0.25 total_env_steps=40322 t=0.10s
Ep  953: len= 35 黑胜 loss=24.7514 temp=0.25 total_env_steps=40357 t=0.12s
Ep  954: len= 42 白胜 loss=25.0004 temp=0.25 total_env_steps=40399 t=0.13s
Ep  955: len= 44 白胜 loss=23.8171 temp=0.25 total_env_steps=40443 t=0.14s
Ep  956: len= 30 白胜 loss=23.3038 temp=0.25 total_env_steps=40473 t=0.10s
Ep  957: len= 36 白胜 loss=24.3865 temp=0.25 total_env_steps=40509 t=0.11s
Ep  958: len= 55 黑胜 loss=23.6437 temp=0.25 total_env_steps=40564 t=0.17s
Ep  959: len= 28 白胜 loss=23.8056 temp=0.25 total_env_steps=40592 t=0.10s
Ep  960: len= 32 白胜 loss=24.7472 temp=0.25 total_env_steps=40624 t=0.11s
Ep  961: len= 41 黑胜 loss=24.7259 temp=0.25 total_env_steps=40665 t=0.14s
Ep  962: len= 33 黑胜 loss=23.1276 temp=0.25 total_env_steps=40698 t=0.11s
Ep  963: len= 38 白胜 loss=23.4410 temp=0.25 total_env_steps=40736 t=0.12s
Ep  964: len= 44 白胜 loss=24.0017 temp=0.25 total_env_steps=40780 t=0.14s
Ep  965: len= 44 白胜 loss=24.2386 temp=0.25 total_env_steps=40824 t=0.14s
Ep  966: len= 22 白胜 loss=24.2873 temp=0.25 total_env_steps=40846 t=0.09s
Ep  967: len= 43 黑胜 loss=24.6629 temp=0.25 total_env_steps=40889 t=0.13s
Ep  968: len= 49 黑胜 loss=23.4576 temp=0.25 total_env_steps=40938 t=0.14s
Ep  969: len= 62 白胜 loss=25.0170 temp=0.25 total_env_steps=41000 t=0.19s
Ep  970: len= 39 黑胜 loss=25.5209 temp=0.25 total_env_steps=41039 t=0.13s
Ep  971: len= 39 黑胜 loss=24.5003 temp=0.25 total_env_steps=41078 t=0.12s
Ep  972: len= 41 黑胜 loss=24.4573 temp=0.25 total_env_steps=41119 t=0.12s
Ep  973: len= 38 白胜 loss=24.6774 temp=0.25 total_env_steps=41157 t=0.12s
Ep  974: len= 50 白胜 loss=24.3456 temp=0.25 total_env_steps=41207 t=0.15s
Ep  975: len= 65 黑胜 loss=24.0278 temp=0.25 total_env_steps=41272 t=0.19s
Ep  976: len= 20 白胜 loss=25.4862 temp=0.25 total_env_steps=41292 t=0.08s
Ep  977: len= 74 白胜 loss=25.5912 temp=0.25 total_env_steps=41366 t=0.19s
Ep  978: len= 64 白胜 loss=24.2938 temp=0.25 total_env_steps=41430 t=0.18s
Ep  979: len= 44 白胜 loss=25.0390 temp=0.25 total_env_steps=41474 t=0.13s
Ep  980: len= 35 黑胜 loss=25.5538 temp=0.25 total_env_steps=41509 t=0.13s
Ep  981: len= 50 白胜 loss=24.0957 temp=0.25 total_env_steps=41559 t=0.15s
Ep  982: len= 51 黑胜 loss=24.0551 temp=0.25 total_env_steps=41610 t=0.14s
Ep  983: len= 41 黑胜 loss=24.6953 temp=0.25 total_env_steps=41651 t=0.13s
Ep  984: len= 35 黑胜 loss=24.5343 temp=0.25 total_env_steps=41686 t=0.12s
Ep  985: len= 38 白胜 loss=24.4627 temp=0.25 total_env_steps=41724 t=0.13s
Ep  986: len= 50 白胜 loss=25.3022 temp=0.25 total_env_steps=41774 t=0.16s
Ep  987: len= 41 黑胜 loss=24.6550 temp=0.25 total_env_steps=41815 t=0.13s
Ep  988: len= 30 白胜 loss=24.1558 temp=0.25 total_env_steps=41845 t=0.10s
Ep  989: len= 33 黑胜 loss=23.9465 temp=0.25 total_env_steps=41878 t=0.11s
Ep  990: len= 50 白胜 loss=22.9667 temp=0.25 total_env_steps=41928 t=0.15s
Ep  991: len= 75 黑胜 loss=24.3244 temp=0.25 total_env_steps=42003 t=0.19s
Ep  992: len= 37 黑胜 loss=23.9551 temp=0.25 total_env_steps=42040 t=0.12s
Ep  993: len= 31 黑胜 loss=24.1346 temp=0.25 total_env_steps=42071 t=0.11s
Ep  994: len= 58 白胜 loss=24.3876 temp=0.25 total_env_steps=42129 t=0.17s
Ep  995: len= 55 黑胜 loss=24.8313 temp=0.25 total_env_steps=42184 t=0.16s
Ep  996: len= 55 黑胜 loss=24.4539 temp=0.25 total_env_steps=42239 t=0.17s
Ep  997: len= 71 黑胜 loss=24.6788 temp=0.25 total_env_steps=42310 t=0.20s
Ep  998: len= 32 白胜 loss=23.9146 temp=0.25 total_env_steps=42342 t=0.10s
Ep  999: len= 70 白胜 loss=24.2012 temp=0.25 total_env_steps=42412 t=0.23s
Ep 1000: len= 28 白胜 loss=25.3026 temp=0.25 total_env_steps=42440 t=0.11s
  eval vs Gomoku-random-v0: win_rate=1.00 mean_return=1.00（20 局，total_env_steps=42440）
  📸 已拍权重快照（ep=1000，gating 对弈基准）
Ep 1001: len= 49 黑胜 loss=23.8793 temp=0.25 total_env_steps=42489 t=0.15s
Ep 1002: len= 38 白胜 loss=24.2110 temp=0.25 total_env_steps=42527 t=0.12s
Ep 1003: len= 64 白胜 loss=25.0553 temp=0.25 total_env_steps=42591 t=0.19s
Ep 1004: len= 41 黑胜 loss=23.7190 temp=0.25 total_env_steps=42632 t=0.15s
Ep 1005: len= 53 黑胜 loss=24.0408 temp=0.25 total_env_steps=42685 t=0.18s
Ep 1006: len= 43 黑胜 loss=25.8895 temp=0.25 total_env_steps=42728 t=0.14s
Ep 1007: len= 52 白胜 loss=25.7281 temp=0.25 total_env_steps=42780 t=0.16s
Ep 1008: len= 41 黑胜 loss=25.8350 temp=0.25 total_env_steps=42821 t=0.13s
Ep 1009: len= 71 黑胜 loss=24.3442 temp=0.25 total_env_steps=42892 t=0.23s
Ep 1010: len= 35 黑胜 loss=24.8294 temp=0.25 total_env_steps=42927 t=0.11s
Ep 1011: len= 31 黑胜 loss=24.3122 temp=0.25 total_env_steps=42958 t=0.10s
Ep 1012: len= 43 黑胜 loss=24.1016 temp=0.25 total_env_steps=43001 t=0.12s
Ep 1013: len= 50 白胜 loss=25.7477 temp=0.25 total_env_steps=43051 t=0.14s
Ep 1014: len= 63 黑胜 loss=24.3334 temp=0.25 total_env_steps=43114 t=0.17s
Ep 1015: len= 48 白胜 loss=24.9814 temp=0.25 total_env_steps=43162 t=0.15s
Ep 1016: len= 52 白胜 loss=24.5604 temp=0.25 total_env_steps=43214 t=0.17s
Ep 1017: len= 40 白胜 loss=25.4952 temp=0.25 total_env_steps=43254 t=0.13s
Ep 1018: len= 55 黑胜 loss=24.9412 temp=0.25 total_env_steps=43309 t=0.15s
Ep 1019: len= 50 白胜 loss=24.2521 temp=0.25 total_env_steps=43359 t=0.15s
Ep 1020: len= 41 黑胜 loss=25.1516 temp=0.25 total_env_steps=43400 t=0.13s
Ep 1021: len= 60 白胜 loss=25.4167 temp=0.25 total_env_steps=43460 t=0.17s
Ep 1022: len= 49 黑胜 loss=25.0752 temp=0.25 total_env_steps=43509 t=0.14s
Ep 1023: len= 29 黑胜 loss=26.5730 temp=0.25 total_env_steps=43538 t=0.09s
Ep 1024: len= 45 黑胜 loss=25.7565 temp=0.25 total_env_steps=43583 t=0.16s
Ep 1025: len= 34 白胜 loss=25.4890 temp=0.25 total_env_steps=43617 t=0.11s
Ep 1026: len= 64 白胜 loss=25.5540 temp=0.25 total_env_steps=43681 t=0.18s
Ep 1027: len= 37 黑胜 loss=23.0834 temp=0.25 total_env_steps=43718 t=0.11s
Ep 1028: len= 77 黑胜 loss=24.9838 temp=0.25 total_env_steps=43795 t=0.21s
Ep 1029: len= 25 黑胜 loss=24.3780 temp=0.25 total_env_steps=43820 t=0.09s
Ep 1030: len= 49 黑胜 loss=26.2441 temp=0.25 total_env_steps=43869 t=0.14s
Ep 1031: len= 48 白胜 loss=25.2947 temp=0.25 total_env_steps=43917 t=0.15s
Ep 1032: len= 74 白胜 loss=25.5168 temp=0.25 total_env_steps=43991 t=0.21s
Ep 1033: len= 55 黑胜 loss=25.5444 temp=0.25 total_env_steps=44046 t=0.16s
Ep 1034: len= 50 白胜 loss=25.3095 temp=0.25 total_env_steps=44096 t=0.14s
Ep 1035: len= 47 黑胜 loss=26.4248 temp=0.25 total_env_steps=44143 t=0.14s
Ep 1036: len= 48 白胜 loss=25.0403 temp=0.25 total_env_steps=44191 t=0.15s
Ep 1037: len= 71 黑胜 loss=25.9751 temp=0.25 total_env_steps=44262 t=0.21s
Ep 1038: len= 54 白胜 loss=25.5308 temp=0.25 total_env_steps=44316 t=0.18s
Ep 1039: len= 59 黑胜 loss=26.3805 temp=0.25 total_env_steps=44375 t=0.19s
Ep 1040: len= 44 白胜 loss=24.1591 temp=0.25 total_env_steps=44419 t=0.16s
Ep 1041: len= 33 黑胜 loss=25.2380 temp=0.25 total_env_steps=44452 t=0.11s
Ep 1042: len= 39 黑胜 loss=24.8160 temp=0.25 total_env_steps=44491 t=0.12s
Ep 1043: len= 41 黑胜 loss=25.8474 temp=0.25 total_env_steps=44532 t=0.12s
Ep 1044: len= 38 白胜 loss=25.7330 temp=0.25 total_env_steps=44570 t=0.12s
Ep 1045: len= 38 白胜 loss=26.1928 temp=0.25 total_env_steps=44608 t=0.12s
Ep 1046: len= 48 白胜 loss=25.3472 temp=0.25 total_env_steps=44656 t=0.17s
Ep 1047: len= 55 黑胜 loss=25.5932 temp=0.25 total_env_steps=44711 t=0.20s
Ep 1048: len= 43 黑胜 loss=25.0782 temp=0.25 total_env_steps=44754 t=0.14s
Ep 1049: len= 30 白胜 loss=24.6861 temp=0.25 total_env_steps=44784 t=0.10s
Ep 1050: len= 26 白胜 loss=26.2503 temp=0.25 total_env_steps=44810 t=0.09s
Ep 1051: len= 26 白胜 loss=26.0276 temp=0.25 total_env_steps=44836 t=0.10s
Ep 1052: len= 64 白胜 loss=26.1525 temp=0.25 total_env_steps=44900 t=0.20s
Ep 1053: len= 25 黑胜 loss=26.1120 temp=0.25 total_env_steps=44925 t=0.09s
Ep 1054: len= 65 黑胜 loss=25.9170 temp=0.25 total_env_steps=44990 t=0.19s
Ep 1055: len= 35 黑胜 loss=25.2099 temp=0.25 total_env_steps=45025 t=0.11s
Ep 1056: len= 57 黑胜 loss=26.4506 temp=0.25 total_env_steps=45082 t=0.17s
Ep 1057: len= 50 白胜 loss=23.6419 temp=0.25 total_env_steps=45132 t=0.14s
Ep 1058: len= 40 白胜 loss=25.9546 temp=0.25 total_env_steps=45172 t=0.12s
Ep 1059: len= 58 白胜 loss=25.5137 temp=0.25 total_env_steps=45230 t=0.17s
Ep 1060: len= 44 白胜 loss=26.0847 temp=0.25 total_env_steps=45274 t=0.13s
Ep 1061: len= 50 白胜 loss=25.3954 temp=0.25 total_env_steps=45324 t=0.15s
Ep 1062: len= 40 白胜 loss=25.3165 temp=0.25 total_env_steps=45364 t=0.12s
Ep 1063: len= 66 白胜 loss=25.5041 temp=0.25 total_env_steps=45430 t=0.18s
Ep 1064: len= 18 白胜 loss=24.2194 temp=0.25 total_env_steps=45448 t=0.07s
Ep 1065: len= 47 黑胜 loss=25.1078 temp=0.25 total_env_steps=45495 t=0.14s
Ep 1066: len= 35 黑胜 loss=25.8142 temp=0.25 total_env_steps=45530 t=0.11s
Ep 1067: len= 21 黑胜 loss=24.7491 temp=0.25 total_env_steps=45551 t=0.08s
Ep 1068: len= 46 白胜 loss=26.4899 temp=0.25 total_env_steps=45597 t=0.13s
Ep 1069: len= 64 白胜 loss=25.3162 temp=0.25 total_env_steps=45661 t=0.18s
Ep 1070: len= 46 白胜 loss=25.3043 temp=0.25 total_env_steps=45707 t=0.14s
Ep 1071: len= 19 黑胜 loss=25.3554 temp=0.25 total_env_steps=45726 t=0.07s
Ep 1072: len= 41 黑胜 loss=24.9430 temp=0.25 total_env_steps=45767 t=0.16s
Ep 1073: len= 64 白胜 loss=25.5443 temp=0.25 total_env_steps=45831 t=0.22s
Ep 1074: len= 51 黑胜 loss=25.8988 temp=0.25 total_env_steps=45882 t=0.14s
Ep 1075: len= 34 白胜 loss=25.3605 temp=0.25 total_env_steps=45916 t=0.11s
Ep 1076: len= 25 黑胜 loss=24.7428 temp=0.25 total_env_steps=45941 t=0.09s
Ep 1077: len= 57 黑胜 loss=25.6065 temp=0.25 total_env_steps=45998 t=0.16s
Ep 1078: len= 65 黑胜 loss=25.6347 temp=0.25 total_env_steps=46063 t=0.17s
Ep 1079: len= 33 黑胜 loss=25.6513 temp=0.25 total_env_steps=46096 t=0.10s
Ep 1080: len= 81 平局 loss=26.0241 temp=0.25 total_env_steps=46177 t=0.22s
Ep 1081: len= 59 黑胜 loss=26.1231 temp=0.25 total_env_steps=46236 t=0.15s
Ep 1082: len= 65 黑胜 loss=25.8155 temp=0.25 total_env_steps=46301 t=0.23s
Ep 1083: len= 64 白胜 loss=26.0681 temp=0.25 total_env_steps=46365 t=0.19s
Ep 1084: len= 34 白胜 loss=26.1355 temp=0.25 total_env_steps=46399 t=0.10s
Ep 1085: len= 51 黑胜 loss=25.7926 temp=0.25 total_env_steps=46450 t=0.16s
Ep 1086: len= 28 白胜 loss=26.1470 temp=0.25 total_env_steps=46478 t=0.10s
Ep 1087: len= 44 白胜 loss=24.7319 temp=0.25 total_env_steps=46522 t=0.15s
Ep 1088: len= 31 黑胜 loss=25.1978 temp=0.25 total_env_steps=46553 t=0.10s
Ep 1089: len= 43 黑胜 loss=26.1914 temp=0.25 total_env_steps=46596 t=0.13s
Ep 1090: len= 48 白胜 loss=26.5537 temp=0.25 total_env_steps=46644 t=0.13s
Ep 1091: len= 33 黑胜 loss=26.1909 temp=0.25 total_env_steps=46677 t=0.10s
Ep 1092: len= 34 白胜 loss=25.7419 temp=0.25 total_env_steps=46711 t=0.11s
Ep 1093: len= 32 白胜 loss=25.4001 temp=0.25 total_env_steps=46743 t=0.10s
Ep 1094: len= 49 黑胜 loss=24.8722 temp=0.25 total_env_steps=46792 t=0.14s
Ep 1095: len= 25 黑胜 loss=25.5333 temp=0.25 total_env_steps=46817 t=0.08s
Ep 1096: len= 54 白胜 loss=25.8418 temp=0.25 total_env_steps=46871 t=0.18s
Ep 1097: len= 51 黑胜 loss=25.2265 temp=0.25 total_env_steps=46922 t=0.15s
Ep 1098: len= 37 黑胜 loss=25.8481 temp=0.25 total_env_steps=46959 t=0.11s
Ep 1099: len= 35 黑胜 loss=24.8606 temp=0.25 total_env_steps=46994 t=0.11s
Ep 1100: len= 30 白胜 loss=25.5090 temp=0.25 total_env_steps=47024 t=0.09s
Ep 1101: len= 45 黑胜 loss=25.3496 temp=0.25 total_env_steps=47069 t=0.14s
Ep 1102: len= 58 白胜 loss=25.7791 temp=0.25 total_env_steps=47127 t=0.17s
Ep 1103: len= 69 黑胜 loss=25.6881 temp=0.25 total_env_steps=47196 t=0.20s
Ep 1104: len= 58 白胜 loss=25.0202 temp=0.25 total_env_steps=47254 t=0.16s
Ep 1105: len= 32 白胜 loss=26.1053 temp=0.25 total_env_steps=47286 t=0.10s
Ep 1106: len= 36 白胜 loss=24.5945 temp=0.25 total_env_steps=47322 t=0.10s
Ep 1107: len= 38 白胜 loss=25.2653 temp=0.25 total_env_steps=47360 t=0.11s
Ep 1108: len= 51 黑胜 loss=25.9650 temp=0.25 total_env_steps=47411 t=0.14s
Ep 1109: len= 78 白胜 loss=25.0618 temp=0.25 total_env_steps=47489 t=0.21s
Ep 1110: len= 68 白胜 loss=25.6601 temp=0.25 total_env_steps=47557 t=0.20s
Ep 1111: len= 28 白胜 loss=26.3172 temp=0.25 total_env_steps=47585 t=0.10s
Ep 1112: len= 35 黑胜 loss=26.0306 temp=0.25 total_env_steps=47620 t=0.12s
Ep 1113: len= 32 白胜 loss=26.0934 temp=0.25 total_env_steps=47652 t=0.11s
Ep 1114: len= 40 白胜 loss=25.1746 temp=0.25 total_env_steps=47692 t=0.13s
Ep 1115: len= 50 白胜 loss=26.3065 temp=0.25 total_env_steps=47742 t=0.15s
Ep 1116: len= 51 黑胜 loss=25.3258 temp=0.25 total_env_steps=47793 t=0.15s
Ep 1117: len= 50 白胜 loss=26.0329 temp=0.25 total_env_steps=47843 t=0.15s
Ep 1118: len= 53 黑胜 loss=25.7640 temp=0.25 total_env_steps=47896 t=0.17s
Ep 1119: len= 50 白胜 loss=24.3936 temp=0.25 total_env_steps=47946 t=0.17s
Ep 1120: len= 56 白胜 loss=25.3783 temp=0.25 total_env_steps=48002 t=0.19s
Ep 1121: len= 59 黑胜 loss=26.7769 temp=0.25 total_env_steps=48061 t=0.21s
Ep 1122: len= 61 黑胜 loss=26.3051 temp=0.25 total_env_steps=48122 t=0.18s
Ep 1123: len= 24 白胜 loss=25.6413 temp=0.25 total_env_steps=48146 t=0.08s
Ep 1124: len= 37 黑胜 loss=26.0387 temp=0.25 total_env_steps=48183 t=0.12s
Ep 1125: len= 42 白胜 loss=25.6151 temp=0.25 total_env_steps=48225 t=0.12s
Ep 1126: len= 56 白胜 loss=26.2277 temp=0.25 total_env_steps=48281 t=0.17s
Ep 1127: len= 49 黑胜 loss=25.8613 temp=0.25 total_env_steps=48330 t=0.13s
Ep 1128: len= 52 白胜 loss=24.9679 temp=0.25 total_env_steps=48382 t=0.16s
Ep 1129: len= 56 白胜 loss=25.4756 temp=0.25 total_env_steps=48438 t=0.16s
Ep 1130: len= 41 黑胜 loss=25.7819 temp=0.25 total_env_steps=48479 t=0.11s
Ep 1131: len= 34 白胜 loss=25.8886 temp=0.25 total_env_steps=48513 t=0.12s
Ep 1132: len= 30 白胜 loss=24.2691 temp=0.25 total_env_steps=48543 t=0.11s
Ep 1133: len= 51 黑胜 loss=25.2801 temp=0.25 total_env_steps=48594 t=0.15s
Ep 1134: len= 51 黑胜 loss=25.3114 temp=0.25 total_env_steps=48645 t=0.17s
Ep 1135: len= 51 黑胜 loss=25.9075 temp=0.25 total_env_steps=48696 t=0.15s
Ep 1136: len= 45 黑胜 loss=25.7844 temp=0.25 total_env_steps=48741 t=0.14s
Ep 1137: len= 40 白胜 loss=25.4185 temp=0.25 total_env_steps=48781 t=0.13s
Ep 1138: len= 37 黑胜 loss=26.3955 temp=0.25 total_env_steps=48818 t=0.12s
Ep 1139: len= 64 白胜 loss=25.7309 temp=0.25 total_env_steps=48882 t=0.18s
Ep 1140: len= 50 白胜 loss=25.8216 temp=0.25 total_env_steps=48932 t=0.14s
Ep 1141: len= 61 黑胜 loss=26.0522 temp=0.25 total_env_steps=48993 t=0.18s
Ep 1142: len= 48 白胜 loss=25.3703 temp=0.25 total_env_steps=49041 t=0.15s
Ep 1143: len= 55 黑胜 loss=25.4107 temp=0.25 total_env_steps=49096 t=0.19s
Ep 1144: len= 56 白胜 loss=25.7142 temp=0.25 total_env_steps=49152 t=0.17s
Ep 1145: len= 42 白胜 loss=24.9705 temp=0.25 total_env_steps=49194 t=0.13s
Ep 1146: len= 33 黑胜 loss=24.7104 temp=0.25 total_env_steps=49227 t=0.11s
Ep 1147: len= 45 黑胜 loss=25.7182 temp=0.25 total_env_steps=49272 t=0.14s
Ep 1148: len= 62 白胜 loss=24.7527 temp=0.25 total_env_steps=49334 t=0.18s
Ep 1149: len= 58 白胜 loss=25.4551 temp=0.25 total_env_steps=49392 t=0.16s
Ep 1150: len= 57 黑胜 loss=25.5393 temp=0.25 total_env_steps=49449 t=0.15s
Ep 1151: len= 37 黑胜 loss=25.9827 temp=0.25 total_env_steps=49486 t=0.12s
Ep 1152: len= 43 黑胜 loss=26.3213 temp=0.25 total_env_steps=49529 t=0.14s
Ep 1153: len= 59 黑胜 loss=25.2405 temp=0.25 total_env_steps=49588 t=0.18s
Ep 1154: len= 37 黑胜 loss=24.7903 temp=0.25 total_env_steps=49625 t=0.12s
Ep 1155: len= 55 黑胜 loss=25.7440 temp=0.25 total_env_steps=49680 t=0.16s
Ep 1156: len= 39 黑胜 loss=25.3092 temp=0.25 total_env_steps=49719 t=0.13s
Ep 1157: len= 30 白胜 loss=25.4219 temp=0.25 total_env_steps=49749 t=0.10s
Ep 1158: len= 39 黑胜 loss=25.3692 temp=0.25 total_env_steps=49788 t=0.12s
Ep 1159: len= 47 黑胜 loss=25.7809 temp=0.25 total_env_steps=49835 t=0.17s
Ep 1160: len= 45 黑胜 loss=25.4763 temp=0.25 total_env_steps=49880 t=0.15s
Ep 1161: len= 50 白胜 loss=25.2663 temp=0.25 total_env_steps=49930 t=0.16s
Ep 1162: len= 37 黑胜 loss=25.3996 temp=0.25 total_env_steps=49967 t=0.12s
Ep 1163: len= 43 黑胜 loss=25.9564 temp=0.25 total_env_steps=50010 t=0.13s
Ep 1164: len= 49 黑胜 loss=26.0582 temp=0.25 total_env_steps=50059 t=0.17s
Ep 1165: len= 45 黑胜 loss=26.0116 temp=0.25 total_env_steps=50104 t=0.17s
Ep 1166: len= 47 黑胜 loss=25.0279 temp=0.25 total_env_steps=50151 t=0.13s
Ep 1167: len= 32 白胜 loss=25.3518 temp=0.25 total_env_steps=50183 t=0.10s
Ep 1168: len= 58 白胜 loss=24.7530 temp=0.25 total_env_steps=50241 t=0.17s
Ep 1169: len= 53 黑胜 loss=24.8742 temp=0.25 total_env_steps=50294 t=0.16s
Ep 1170: len= 33 黑胜 loss=25.7033 temp=0.25 total_env_steps=50327 t=0.11s
Ep 1171: len= 58 白胜 loss=25.0204 temp=0.25 total_env_steps=50385 t=0.17s
Ep 1172: len= 34 白胜 loss=25.3233 temp=0.25 total_env_steps=50419 t=0.13s
Ep 1173: len= 33 黑胜 loss=24.8031 temp=0.25 total_env_steps=50452 t=0.11s
Ep 1174: len= 42 白胜 loss=25.3089 temp=0.25 total_env_steps=50494 t=0.13s
Ep 1175: len= 58 白胜 loss=25.2606 temp=0.25 total_env_steps=50552 t=0.18s
Ep 1176: len= 34 白胜 loss=25.3951 temp=0.25 total_env_steps=50586 t=0.12s
Ep 1177: len= 61 黑胜 loss=25.5595 temp=0.25 total_env_steps=50647 t=0.18s
Ep 1178: len= 48 白胜 loss=25.3731 temp=0.25 total_env_steps=50695 t=0.15s
Ep 1179: len= 55 黑胜 loss=25.2777 temp=0.25 total_env_steps=50750 t=0.15s
Ep 1180: len= 53 黑胜 loss=24.8791 temp=0.25 total_env_steps=50803 t=0.14s
Ep 1181: len= 56 白胜 loss=25.4936 temp=0.25 total_env_steps=50859 t=0.17s
Ep 1182: len= 47 黑胜 loss=25.6126 temp=0.25 total_env_steps=50906 t=0.15s
Ep 1183: len= 46 白胜 loss=25.4740 temp=0.25 total_env_steps=50952 t=0.15s
Ep 1184: len= 44 白胜 loss=25.7167 temp=0.25 total_env_steps=50996 t=0.14s
Ep 1185: len= 41 黑胜 loss=25.9072 temp=0.25 total_env_steps=51037 t=0.13s
Ep 1186: len= 54 白胜 loss=25.8107 temp=0.25 total_env_steps=51091 t=0.15s
Ep 1187: len= 50 白胜 loss=24.7433 temp=0.25 total_env_steps=51141 t=0.15s
Ep 1188: len= 54 白胜 loss=25.0046 temp=0.25 total_env_steps=51195 t=0.16s
Ep 1189: len= 40 白胜 loss=25.4738 temp=0.25 total_env_steps=51235 t=0.12s
Ep 1190: len= 52 白胜 loss=24.8202 temp=0.25 total_env_steps=51287 t=0.16s
Ep 1191: len= 39 黑胜 loss=25.6004 temp=0.25 total_env_steps=51326 t=0.12s
Ep 1192: len= 40 白胜 loss=24.9373 temp=0.25 total_env_steps=51366 t=0.14s
Ep 1193: len= 63 黑胜 loss=24.7868 temp=0.25 total_env_steps=51429 t=0.20s
Ep 1194: len= 28 白胜 loss=24.7774 temp=0.25 total_env_steps=51457 t=0.10s
Ep 1195: len= 44 白胜 loss=24.7164 temp=0.25 total_env_steps=51501 t=0.14s
Ep 1196: len= 37 黑胜 loss=25.9234 temp=0.25 total_env_steps=51538 t=0.12s
Ep 1197: len= 40 白胜 loss=24.8403 temp=0.25 total_env_steps=51578 t=0.13s
Ep 1198: len= 33 黑胜 loss=24.7021 temp=0.25 total_env_steps=51611 t=0.13s
Ep 1199: len= 50 白胜 loss=25.1473 temp=0.25 total_env_steps=51661 t=0.17s
Ep 1200: len= 40 白胜 loss=25.1034 temp=0.25 total_env_steps=51701 t=0.12s
  eval vs Gomoku-random-v0: win_rate=0.95 mean_return=0.90（20 局，total_env_steps=51701）
Ep 1201: len= 55 黑胜 loss=25.2876 temp=0.25 total_env_steps=51756 t=0.17s
Ep 1202: len= 38 白胜 loss=25.0184 temp=0.25 total_env_steps=51794 t=0.13s
Ep 1203: len= 60 白胜 loss=25.0331 temp=0.25 total_env_steps=51854 t=0.19s
Ep 1204: len= 39 黑胜 loss=24.9492 temp=0.25 total_env_steps=51893 t=0.14s
Ep 1205: len= 35 黑胜 loss=25.8954 temp=0.25 total_env_steps=51928 t=0.11s
Ep 1206: len= 53 黑胜 loss=25.4608 temp=0.25 total_env_steps=51981 t=0.17s
Ep 1207: len= 56 白胜 loss=25.5016 temp=0.25 total_env_steps=52037 t=0.19s
Ep 1208: len= 33 黑胜 loss=25.2728 temp=0.25 total_env_steps=52070 t=0.12s
Ep 1209: len= 53 黑胜 loss=25.3919 temp=0.25 total_env_steps=52123 t=0.17s
Ep 1210: len= 64 白胜 loss=24.6255 temp=0.25 total_env_steps=52187 t=0.20s
Ep 1211: len= 33 黑胜 loss=24.9046 temp=0.25 total_env_steps=52220 t=0.12s
Ep 1212: len= 42 白胜 loss=25.4382 temp=0.25 total_env_steps=52262 t=0.13s
Ep 1213: len= 51 黑胜 loss=25.1447 temp=0.25 total_env_steps=52313 t=0.16s
Ep 1214: len= 38 白胜 loss=23.9688 temp=0.25 total_env_steps=52351 t=0.13s
Ep 1215: len= 42 白胜 loss=25.1286 temp=0.25 total_env_steps=52393 t=0.13s
Ep 1216: len= 29 黑胜 loss=24.9527 temp=0.25 total_env_steps=52422 t=0.10s
Ep 1217: len= 44 白胜 loss=25.2723 temp=0.25 total_env_steps=52466 t=0.14s
Ep 1218: len= 37 黑胜 loss=25.3911 temp=0.25 total_env_steps=52503 t=0.12s
Ep 1219: len= 31 黑胜 loss=24.3431 temp=0.25 total_env_steps=52534 t=0.10s
Ep 1220: len= 47 黑胜 loss=24.3356 temp=0.25 total_env_steps=52581 t=0.14s
Ep 1221: len= 56 白胜 loss=24.5743 temp=0.25 total_env_steps=52637 t=0.16s
Ep 1222: len= 32 白胜 loss=25.3054 temp=0.25 total_env_steps=52669 t=0.10s
Ep 1223: len= 58 白胜 loss=24.4951 temp=0.25 total_env_steps=52727 t=0.16s
Ep 1224: len= 23 黑胜 loss=24.9808 temp=0.25 total_env_steps=52750 t=0.09s
Ep 1225: len= 39 黑胜 loss=24.6218 temp=0.25 total_env_steps=52789 t=0.12s
Ep 1226: len= 31 黑胜 loss=23.9529 temp=0.25 total_env_steps=52820 t=0.10s
Ep 1227: len= 47 黑胜 loss=24.7253 temp=0.25 total_env_steps=52867 t=0.15s
Ep 1228: len= 38 白胜 loss=24.8132 temp=0.25 total_env_steps=52905 t=0.13s
Ep 1229: len= 43 黑胜 loss=24.8083 temp=0.25 total_env_steps=52948 t=0.14s
Ep 1230: len= 31 黑胜 loss=24.7781 temp=0.25 total_env_steps=52979 t=0.10s
Ep 1231: len= 38 白胜 loss=24.8526 temp=0.25 total_env_steps=53017 t=0.12s
Ep 1232: len= 46 白胜 loss=24.0498 temp=0.25 total_env_steps=53063 t=0.16s
Ep 1233: len= 40 白胜 loss=24.4689 temp=0.25 total_env_steps=53103 t=0.13s
Ep 1234: len= 47 黑胜 loss=24.8757 temp=0.25 total_env_steps=53150 t=0.14s
Ep 1235: len= 53 黑胜 loss=25.7970 temp=0.25 total_env_steps=53203 t=0.17s
Ep 1236: len= 36 白胜 loss=24.8668 temp=0.25 total_env_steps=53239 t=0.12s
Ep 1237: len= 46 白胜 loss=23.3776 temp=0.25 total_env_steps=53285 t=0.14s
Ep 1238: len= 70 白胜 loss=25.2860 temp=0.25 total_env_steps=53355 t=0.20s
Ep 1239: len= 35 黑胜 loss=25.0393 temp=0.25 total_env_steps=53390 t=0.11s
Ep 1240: len= 72 白胜 loss=24.8238 temp=0.25 total_env_steps=53462 t=0.20s
Ep 1241: len= 43 黑胜 loss=24.9816 temp=0.25 total_env_steps=53505 t=0.13s
Ep 1242: len= 50 白胜 loss=24.2174 temp=0.25 total_env_steps=53555 t=0.15s
Ep 1243: len= 42 白胜 loss=25.4370 temp=0.25 total_env_steps=53597 t=0.13s
Ep 1244: len= 37 黑胜 loss=24.1510 temp=0.25 total_env_steps=53634 t=0.12s
Ep 1245: len= 30 白胜 loss=24.3610 temp=0.25 total_env_steps=53664 t=0.10s
Ep 1246: len= 40 白胜 loss=24.5824 temp=0.25 total_env_steps=53704 t=0.13s
Ep 1247: len= 46 白胜 loss=25.3759 temp=0.25 total_env_steps=53750 t=0.17s
Ep 1248: len= 33 黑胜 loss=25.4784 temp=0.25 total_env_steps=53783 t=0.10s
Ep 1249: len= 29 黑胜 loss=24.5617 temp=0.25 total_env_steps=53812 t=0.09s
Ep 1250: len= 51 黑胜 loss=23.9594 temp=0.25 total_env_steps=53863 t=0.17s
Ep 1251: len= 27 黑胜 loss=24.4914 temp=0.25 total_env_steps=53890 t=0.09s
Ep 1252: len= 41 黑胜 loss=25.3375 temp=0.25 total_env_steps=53931 t=0.12s
Ep 1253: len= 62 白胜 loss=25.2219 temp=0.25 total_env_steps=53993 t=0.17s
Ep 1254: len= 33 黑胜 loss=24.2674 temp=0.25 total_env_steps=54026 t=0.11s
Ep 1255: len= 34 白胜 loss=24.1680 temp=0.25 total_env_steps=54060 t=0.11s
Ep 1256: len= 48 白胜 loss=24.3289 temp=0.25 total_env_steps=54108 t=0.17s
Ep 1257: len= 53 黑胜 loss=24.1365 temp=0.25 total_env_steps=54161 t=0.16s
Ep 1258: len= 45 黑胜 loss=23.6230 temp=0.25 total_env_steps=54206 t=0.13s
Ep 1259: len= 64 白胜 loss=23.4331 temp=0.25 total_env_steps=54270 t=0.19s
Ep 1260: len= 31 黑胜 loss=23.0638 temp=0.25 total_env_steps=54301 t=0.10s
Ep 1261: len= 26 白胜 loss=23.4701 temp=0.25 total_env_steps=54327 t=0.09s
Ep 1262: len= 33 黑胜 loss=25.0028 temp=0.25 total_env_steps=54360 t=0.11s
Ep 1263: len= 62 白胜 loss=23.7300 temp=0.25 total_env_steps=54422 t=0.18s
Ep 1264: len= 61 黑胜 loss=24.8063 temp=0.25 total_env_steps=54483 t=0.17s
Ep 1265: len= 37 黑胜 loss=24.6170 temp=0.25 total_env_steps=54520 t=0.11s
Ep 1266: len= 44 白胜 loss=23.3833 temp=0.25 total_env_steps=54564 t=0.13s
Ep 1267: len= 81 平局 loss=24.1357 temp=0.25 total_env_steps=54645 t=0.23s
Ep 1268: len= 48 白胜 loss=25.0375 temp=0.25 total_env_steps=54693 t=0.14s
Ep 1269: len= 46 白胜 loss=25.8712 temp=0.25 total_env_steps=54739 t=0.13s
Ep 1270: len= 42 白胜 loss=25.1660 temp=0.25 total_env_steps=54781 t=0.13s
Ep 1271: len= 34 白胜 loss=24.0618 temp=0.25 total_env_steps=54815 t=0.11s
Ep 1272: len= 31 黑胜 loss=24.9335 temp=0.25 total_env_steps=54846 t=0.11s
Ep 1273: len= 75 黑胜 loss=24.5245 temp=0.25 total_env_steps=54921 t=0.22s
Ep 1274: len= 41 黑胜 loss=23.7170 temp=0.25 total_env_steps=54962 t=0.13s
Ep 1275: len= 41 黑胜 loss=23.6941 temp=0.25 total_env_steps=55003 t=0.14s
Ep 1276: len= 33 黑胜 loss=24.4092 temp=0.25 total_env_steps=55036 t=0.12s
Ep 1277: len= 52 白胜 loss=24.3896 temp=0.25 total_env_steps=55088 t=0.15s
Ep 1278: len= 36 白胜 loss=24.4241 temp=0.25 total_env_steps=55124 t=0.11s
Ep 1279: len= 43 黑胜 loss=24.0675 temp=0.25 total_env_steps=55167 t=0.15s
Ep 1280: len= 30 白胜 loss=24.2977 temp=0.25 total_env_steps=55197 t=0.12s
Ep 1281: len= 48 白胜 loss=23.7328 temp=0.25 total_env_steps=55245 t=0.14s
Ep 1282: len= 53 黑胜 loss=23.1025 temp=0.25 total_env_steps=55298 t=0.15s
Ep 1283: len= 46 白胜 loss=24.3106 temp=0.25 total_env_steps=55344 t=0.13s
Ep 1284: len= 33 黑胜 loss=23.7128 temp=0.25 total_env_steps=55377 t=0.11s
Ep 1285: len= 33 黑胜 loss=23.8062 temp=0.25 total_env_steps=55410 t=0.10s
Ep 1286: len= 61 黑胜 loss=23.7477 temp=0.25 total_env_steps=55471 t=0.17s
Ep 1287: len= 40 白胜 loss=23.7013 temp=0.25 total_env_steps=55511 t=0.13s
Ep 1288: len= 37 黑胜 loss=23.8446 temp=0.25 total_env_steps=55548 t=0.11s
Ep 1289: len= 59 黑胜 loss=24.5206 temp=0.25 total_env_steps=55607 t=0.18s
Ep 1290: len= 32 白胜 loss=24.2444 temp=0.25 total_env_steps=55639 t=0.10s
Ep 1291: len= 60 白胜 loss=23.7734 temp=0.25 total_env_steps=55699 t=0.16s
Ep 1292: len= 58 白胜 loss=23.6428 temp=0.25 total_env_steps=55757 t=0.16s
Ep 1293: len= 31 黑胜 loss=24.3387 temp=0.25 total_env_steps=55788 t=0.10s
Ep 1294: len= 64 白胜 loss=23.6180 temp=0.25 total_env_steps=55852 t=0.19s
Ep 1295: len= 41 黑胜 loss=24.6424 temp=0.25 total_env_steps=55893 t=0.13s
Ep 1296: len= 31 黑胜 loss=24.6666 temp=0.25 total_env_steps=55924 t=0.09s
Ep 1297: len= 32 白胜 loss=24.3042 temp=0.25 total_env_steps=55956 t=0.10s
Ep 1298: len= 49 黑胜 loss=24.8836 temp=0.25 total_env_steps=56005 t=0.14s
Ep 1299: len= 40 白胜 loss=23.3886 temp=0.25 total_env_steps=56045 t=0.13s
Ep 1300: len= 47 黑胜 loss=24.1014 temp=0.25 total_env_steps=56092 t=0.15s
Ep 1301: len= 42 白胜 loss=24.6878 temp=0.25 total_env_steps=56134 t=0.14s
Ep 1302: len= 57 黑胜 loss=25.1614 temp=0.25 total_env_steps=56191 t=0.16s
Ep 1303: len= 44 白胜 loss=23.7798 temp=0.25 total_env_steps=56235 t=0.14s
Ep 1304: len= 36 白胜 loss=23.6263 temp=0.25 total_env_steps=56271 t=0.13s
Ep 1305: len= 45 黑胜 loss=23.3122 temp=0.25 total_env_steps=56316 t=0.14s
Ep 1306: len= 40 白胜 loss=23.1724 temp=0.25 total_env_steps=56356 t=0.13s
Ep 1307: len= 43 黑胜 loss=23.3433 temp=0.25 total_env_steps=56399 t=0.14s
Ep 1308: len= 63 黑胜 loss=23.7202 temp=0.25 total_env_steps=56462 t=0.17s
Ep 1309: len= 69 黑胜 loss=24.0377 temp=0.25 total_env_steps=56531 t=0.22s
Ep 1310: len= 32 白胜 loss=23.8202 temp=0.25 total_env_steps=56563 t=0.10s
Ep 1311: len= 27 黑胜 loss=24.0153 temp=0.25 total_env_steps=56590 t=0.09s
Ep 1312: len= 56 白胜 loss=24.3941 temp=0.25 total_env_steps=56646 t=0.18s
Ep 1313: len= 46 白胜 loss=22.5685 temp=0.25 total_env_steps=56692 t=0.14s
Ep 1314: len= 45 黑胜 loss=22.9213 temp=0.25 total_env_steps=56737 t=0.13s
Ep 1315: len= 44 白胜 loss=22.9620 temp=0.25 total_env_steps=56781 t=0.13s
Ep 1316: len= 33 黑胜 loss=23.2253 temp=0.25 total_env_steps=56814 t=0.11s
Ep 1317: len= 56 白胜 loss=23.4111 temp=0.25 total_env_steps=56870 t=0.17s
Ep 1318: len= 29 黑胜 loss=23.3429 temp=0.25 total_env_steps=56899 t=0.09s
Ep 1319: len= 45 黑胜 loss=23.8902 temp=0.25 total_env_steps=56944 t=0.15s
Ep 1320: len= 45 黑胜 loss=22.3645 temp=0.25 total_env_steps=56989 t=0.15s
Ep 1321: len= 55 黑胜 loss=22.8859 temp=0.25 total_env_steps=57044 t=0.15s
Ep 1322: len= 39 黑胜 loss=22.8241 temp=0.25 total_env_steps=57083 t=0.12s
Ep 1323: len= 24 白胜 loss=23.4369 temp=0.25 total_env_steps=57107 t=0.08s
Ep 1324: len= 37 黑胜 loss=23.9113 temp=0.25 total_env_steps=57144 t=0.12s
Ep 1325: len= 42 白胜 loss=22.5392 temp=0.25 total_env_steps=57186 t=0.13s
Ep 1326: len= 51 黑胜 loss=22.1182 temp=0.25 total_env_steps=57237 t=0.16s
Ep 1327: len= 62 白胜 loss=22.8785 temp=0.25 total_env_steps=57299 t=0.18s
Ep 1328: len= 39 黑胜 loss=24.1226 temp=0.25 total_env_steps=57338 t=0.13s
Ep 1329: len= 52 白胜 loss=23.0270 temp=0.25 total_env_steps=57390 t=0.15s
Ep 1330: len= 50 白胜 loss=24.0104 temp=0.25 total_env_steps=57440 t=0.16s
Ep 1331: len= 27 黑胜 loss=23.0653 temp=0.25 total_env_steps=57467 t=0.09s
Ep 1332: len= 71 黑胜 loss=22.7821 temp=0.25 total_env_steps=57538 t=0.19s
Ep 1333: len= 31 黑胜 loss=23.6621 temp=0.25 total_env_steps=57569 t=0.11s
Ep 1334: len= 46 白胜 loss=23.2366 temp=0.25 total_env_steps=57615 t=0.15s
Ep 1335: len= 52 白胜 loss=23.3245 temp=0.25 total_env_steps=57667 t=0.16s
Ep 1336: len= 44 白胜 loss=24.0497 temp=0.25 total_env_steps=57711 t=0.13s
Ep 1337: len= 48 白胜 loss=23.7146 temp=0.25 total_env_steps=57759 t=0.16s
Ep 1338: len= 47 黑胜 loss=24.9148 temp=0.25 total_env_steps=57806 t=0.15s
Ep 1339: len= 35 黑胜 loss=23.8997 temp=0.25 total_env_steps=57841 t=0.12s
Ep 1340: len= 32 白胜 loss=22.9338 temp=0.25 total_env_steps=57873 t=0.11s
Ep 1341: len= 41 黑胜 loss=24.1401 temp=0.25 total_env_steps=57914 t=0.12s
Ep 1342: len= 30 白胜 loss=23.2519 temp=0.25 total_env_steps=57944 t=0.11s
Ep 1343: len= 50 白胜 loss=23.1974 temp=0.25 total_env_steps=57994 t=0.15s
Ep 1344: len= 43 黑胜 loss=22.4383 temp=0.25 total_env_steps=58037 t=0.13s
Ep 1345: len= 30 白胜 loss=22.1097 temp=0.25 total_env_steps=58067 t=0.11s
Ep 1346: len= 34 白胜 loss=23.7792 temp=0.25 total_env_steps=58101 t=0.11s
Ep 1347: len= 55 黑胜 loss=23.5435 temp=0.25 total_env_steps=58156 t=0.16s
Ep 1348: len= 69 黑胜 loss=23.2371 temp=0.25 total_env_steps=58225 t=0.18s
Ep 1349: len= 34 白胜 loss=22.3789 temp=0.25 total_env_steps=58259 t=0.11s
Ep 1350: len= 49 黑胜 loss=23.5401 temp=0.25 total_env_steps=58308 t=0.14s
Ep 1351: len= 43 黑胜 loss=22.6974 temp=0.25 total_env_steps=58351 t=0.14s
Ep 1352: len= 45 黑胜 loss=23.7223 temp=0.25 total_env_steps=58396 t=0.16s
Ep 1353: len= 55 黑胜 loss=22.9298 temp=0.25 total_env_steps=58451 t=0.18s
Ep 1354: len= 50 白胜 loss=23.7195 temp=0.25 total_env_steps=58501 t=0.15s
Ep 1355: len= 44 白胜 loss=23.0127 temp=0.25 total_env_steps=58545 t=0.14s
Ep 1356: len= 61 黑胜 loss=23.0972 temp=0.25 total_env_steps=58606 t=0.17s
Ep 1357: len= 58 白胜 loss=21.1231 temp=0.25 total_env_steps=58664 t=0.17s
Ep 1358: len= 44 白胜 loss=22.4948 temp=0.25 total_env_steps=58708 t=0.14s
Ep 1359: len= 53 黑胜 loss=23.9380 temp=0.25 total_env_steps=58761 t=0.19s
Ep 1360: len= 40 白胜 loss=23.0451 temp=0.25 total_env_steps=58801 t=0.13s
Ep 1361: len= 49 黑胜 loss=23.4728 temp=0.25 total_env_steps=58850 t=0.15s
Ep 1362: len= 30 白胜 loss=23.4331 temp=0.25 total_env_steps=58880 t=0.10s
Ep 1363: len= 26 白胜 loss=24.1222 temp=0.25 total_env_steps=58906 t=0.09s
Ep 1364: len= 39 黑胜 loss=23.3824 temp=0.25 total_env_steps=58945 t=0.12s
Ep 1365: len= 28 白胜 loss=23.0087 temp=0.25 total_env_steps=58973 t=0.10s
Ep 1366: len= 45 黑胜 loss=23.5978 temp=0.25 total_env_steps=59018 t=0.14s
Ep 1367: len= 31 黑胜 loss=23.1606 temp=0.25 total_env_steps=59049 t=0.10s
Ep 1368: len= 37 黑胜 loss=22.4434 temp=0.25 total_env_steps=59086 t=0.11s
Ep 1369: len= 25 黑胜 loss=22.4439 temp=0.25 total_env_steps=59111 t=0.09s
Ep 1370: len= 53 黑胜 loss=23.0396 temp=0.25 total_env_steps=59164 t=0.16s
Ep 1371: len= 38 白胜 loss=22.3436 temp=0.25 total_env_steps=59202 t=0.11s
Ep 1372: len= 73 黑胜 loss=23.7468 temp=0.25 total_env_steps=59275 t=0.21s
Ep 1373: len= 48 白胜 loss=23.0577 temp=0.25 total_env_steps=59323 t=0.16s
Ep 1374: len= 56 白胜 loss=22.1874 temp=0.25 total_env_steps=59379 t=0.19s
Ep 1375: len= 43 黑胜 loss=22.7776 temp=0.25 total_env_steps=59422 t=0.16s
Ep 1376: len= 35 黑胜 loss=23.1070 temp=0.25 total_env_steps=59457 t=0.12s
Ep 1377: len= 50 白胜 loss=22.9807 temp=0.25 total_env_steps=59507 t=0.17s
Ep 1378: len= 37 黑胜 loss=22.4340 temp=0.25 total_env_steps=59544 t=0.12s
Ep 1379: len= 29 黑胜 loss=22.9837 temp=0.25 total_env_steps=59573 t=0.10s
Ep 1380: len= 40 白胜 loss=22.6796 temp=0.25 total_env_steps=59613 t=0.13s
Ep 1381: len= 35 黑胜 loss=21.6774 temp=0.25 total_env_steps=59648 t=0.10s
Ep 1382: len= 27 黑胜 loss=22.3146 temp=0.25 total_env_steps=59675 t=0.10s
Ep 1383: len= 36 白胜 loss=21.3859 temp=0.25 total_env_steps=59711 t=0.12s
Ep 1384: len= 56 白胜 loss=22.2822 temp=0.25 total_env_steps=59767 t=0.17s
Ep 1385: len= 38 白胜 loss=21.6108 temp=0.25 total_env_steps=59805 t=0.12s
Ep 1386: len= 42 白胜 loss=23.3667 temp=0.25 total_env_steps=59847 t=0.13s
Ep 1387: len= 52 白胜 loss=22.9770 temp=0.25 total_env_steps=59899 t=0.14s
Ep 1388: len= 32 白胜 loss=24.0724 temp=0.25 total_env_steps=59931 t=0.11s
Ep 1389: len= 36 白胜 loss=20.4634 temp=0.25 total_env_steps=59967 t=0.13s
Ep 1390: len= 37 黑胜 loss=21.9786 temp=0.25 total_env_steps=60004 t=0.12s
Ep 1391: len= 68 白胜 loss=22.4772 temp=0.25 total_env_steps=60072 t=0.22s
Ep 1392: len= 49 黑胜 loss=22.7417 temp=0.25 total_env_steps=60121 t=0.15s
Ep 1393: len= 25 黑胜 loss=22.3745 temp=0.25 total_env_steps=60146 t=0.08s
Ep 1394: len= 42 白胜 loss=23.2341 temp=0.25 total_env_steps=60188 t=0.13s
Ep 1395: len= 34 白胜 loss=22.2281 temp=0.25 total_env_steps=60222 t=0.11s
Ep 1396: len= 33 黑胜 loss=21.9877 temp=0.25 total_env_steps=60255 t=0.11s
Ep 1397: len= 33 黑胜 loss=22.5557 temp=0.25 total_env_steps=60288 t=0.11s
Ep 1398: len= 34 白胜 loss=22.7106 temp=0.25 total_env_steps=60322 t=0.11s
Ep 1399: len= 36 白胜 loss=21.9368 temp=0.25 total_env_steps=60358 t=0.12s
Ep 1400: len= 39 黑胜 loss=21.2130 temp=0.25 total_env_steps=60397 t=0.13s
  eval vs Gomoku-random-v0: win_rate=1.00 mean_return=1.00（20 局，total_env_steps=60397）
Ep 1401: len= 25 黑胜 loss=23.1137 temp=0.25 total_env_steps=60422 t=0.10s
Ep 1402: len= 54 白胜 loss=22.3021 temp=0.25 total_env_steps=60476 t=0.17s
Ep 1403: len= 33 黑胜 loss=20.8580 temp=0.25 total_env_steps=60509 t=0.11s
Ep 1404: len= 37 黑胜 loss=22.2750 temp=0.25 total_env_steps=60546 t=0.11s
Ep 1405: len= 42 白胜 loss=21.0705 temp=0.25 total_env_steps=60588 t=0.13s
Ep 1406: len= 52 白胜 loss=21.1716 temp=0.25 total_env_steps=60640 t=0.16s
Ep 1407: len= 52 白胜 loss=21.6048 temp=0.25 total_env_steps=60692 t=0.18s
Ep 1408: len= 52 白胜 loss=21.8331 temp=0.25 total_env_steps=60744 t=0.15s
Ep 1409: len= 40 白胜 loss=22.3912 temp=0.25 total_env_steps=60784 t=0.12s
Ep 1410: len= 73 黑胜 loss=20.8415 temp=0.25 total_env_steps=60857 t=0.21s
Ep 1411: len= 53 黑胜 loss=22.3582 temp=0.25 total_env_steps=60910 t=0.19s
Ep 1412: len= 37 黑胜 loss=23.5345 temp=0.25 total_env_steps=60947 t=0.13s
Ep 1413: len= 23 黑胜 loss=20.7066 temp=0.25 total_env_steps=60970 t=0.08s
Ep 1414: len= 62 白胜 loss=22.6587 temp=0.25 total_env_steps=61032 t=0.20s
Ep 1415: len= 34 白胜 loss=21.2994 temp=0.25 total_env_steps=61066 t=0.11s
Ep 1416: len= 37 黑胜 loss=21.8166 temp=0.25 total_env_steps=61103 t=0.11s
Ep 1417: len= 61 黑胜 loss=21.0283 temp=0.25 total_env_steps=61164 t=0.18s
Ep 1418: len= 44 白胜 loss=22.6813 temp=0.25 total_env_steps=61208 t=0.16s
Ep 1419: len= 36 白胜 loss=21.2605 temp=0.25 total_env_steps=61244 t=0.13s
Ep 1420: len= 45 黑胜 loss=20.8520 temp=0.25 total_env_steps=61289 t=0.13s
Ep 1421: len= 31 黑胜 loss=23.0798 temp=0.25 total_env_steps=61320 t=0.10s
Ep 1422: len= 25 黑胜 loss=23.3321 temp=0.25 total_env_steps=61345 t=0.09s
Ep 1423: len= 64 白胜 loss=22.2904 temp=0.25 total_env_steps=61409 t=0.20s
Ep 1424: len= 40 白胜 loss=21.6371 temp=0.25 total_env_steps=61449 t=0.14s
Ep 1425: len= 41 黑胜 loss=22.7300 temp=0.25 total_env_steps=61490 t=0.15s
Ep 1426: len= 46 白胜 loss=21.7770 temp=0.25 total_env_steps=61536 t=0.16s
Ep 1427: len= 47 黑胜 loss=21.6400 temp=0.25 total_env_steps=61583 t=0.16s
Ep 1428: len= 55 黑胜 loss=22.9886 temp=0.25 total_env_steps=61638 t=0.18s
Ep 1429: len= 23 黑胜 loss=21.3801 temp=0.25 total_env_steps=61661 t=0.10s
Ep 1430: len= 61 黑胜 loss=22.1493 temp=0.25 total_env_steps=61722 t=0.20s
Ep 1431: len= 33 黑胜 loss=22.5430 temp=0.25 total_env_steps=61755 t=0.11s
Ep 1432: len= 27 黑胜 loss=21.6721 temp=0.25 total_env_steps=61782 t=0.10s
Ep 1433: len= 49 黑胜 loss=22.6892 temp=0.25 total_env_steps=61831 t=0.18s
Ep 1434: len= 34 白胜 loss=22.0856 temp=0.25 total_env_steps=61865 t=0.12s
Ep 1435: len= 46 白胜 loss=23.0624 temp=0.25 total_env_steps=61911 t=0.14s
Ep 1436: len= 29 黑胜 loss=20.7411 temp=0.25 total_env_steps=61940 t=0.11s
Ep 1437: len= 78 白胜 loss=21.3764 temp=0.25 total_env_steps=62018 t=0.23s
Ep 1438: len= 49 黑胜 loss=21.7228 temp=0.25 total_env_steps=62067 t=0.16s
Ep 1439: len= 43 黑胜 loss=19.4431 temp=0.25 total_env_steps=62110 t=0.15s
Ep 1440: len= 27 黑胜 loss=22.1571 temp=0.25 total_env_steps=62137 t=0.10s
Ep 1441: len= 36 白胜 loss=22.1041 temp=0.25 total_env_steps=62173 t=0.13s
Ep 1442: len= 41 黑胜 loss=21.7693 temp=0.25 total_env_steps=62214 t=0.13s
Ep 1443: len= 31 黑胜 loss=21.9027 temp=0.25 total_env_steps=62245 t=0.10s
Ep 1444: len= 42 白胜 loss=20.4665 temp=0.25 total_env_steps=62287 t=0.14s
Ep 1445: len= 33 黑胜 loss=21.6404 temp=0.25 total_env_steps=62320 t=0.11s
Ep 1446: len= 29 黑胜 loss=20.1501 temp=0.25 total_env_steps=62349 t=0.10s
Ep 1447: len= 54 白胜 loss=21.0377 temp=0.25 total_env_steps=62403 t=0.17s
Ep 1448: len= 31 黑胜 loss=20.1225 temp=0.25 total_env_steps=62434 t=0.10s
Ep 1449: len= 34 白胜 loss=20.6605 temp=0.25 total_env_steps=62468 t=0.11s
Ep 1450: len= 29 黑胜 loss=21.6347 temp=0.25 total_env_steps=62497 t=0.10s
Ep 1451: len= 36 白胜 loss=17.8943 temp=0.25 total_env_steps=62533 t=0.11s
Ep 1452: len= 63 黑胜 loss=19.3621 temp=0.25 total_env_steps=62596 t=0.18s
Ep 1453: len= 36 白胜 loss=22.4806 temp=0.25 total_env_steps=62632 t=0.11s
Ep 1454: len= 40 白胜 loss=22.9238 temp=0.25 total_env_steps=62672 t=0.12s
Ep 1455: len= 46 白胜 loss=22.0221 temp=0.25 total_env_steps=62718 t=0.15s
Ep 1456: len= 23 黑胜 loss=23.1104 temp=0.25 total_env_steps=62741 t=0.08s
Ep 1457: len= 32 白胜 loss=21.8869 temp=0.25 total_env_steps=62773 t=0.12s
Ep 1458: len= 27 黑胜 loss=21.6547 temp=0.25 total_env_steps=62800 t=0.09s
Ep 1459: len= 31 黑胜 loss=21.1396 temp=0.25 total_env_steps=62831 t=0.11s
Ep 1460: len= 35 黑胜 loss=22.3378 temp=0.25 total_env_steps=62866 t=0.13s
Ep 1461: len= 46 白胜 loss=21.0061 temp=0.25 total_env_steps=62912 t=0.16s
Ep 1462: len= 33 黑胜 loss=22.7017 temp=0.25 total_env_steps=62945 t=0.10s
Ep 1463: len= 25 黑胜 loss=21.0994 temp=0.25 total_env_steps=62970 t=0.09s
Ep 1464: len= 43 黑胜 loss=23.3654 temp=0.25 total_env_steps=63013 t=0.14s
Ep 1465: len= 58 白胜 loss=22.1521 temp=0.25 total_env_steps=63071 t=0.16s
Ep 1466: len= 36 白胜 loss=21.8052 temp=0.25 total_env_steps=63107 t=0.11s
Ep 1467: len= 72 白胜 loss=21.9898 temp=0.25 total_env_steps=63179 t=0.21s
Ep 1468: len= 29 黑胜 loss=23.1616 temp=0.25 total_env_steps=63208 t=0.10s
Ep 1469: len= 25 黑胜 loss=20.2230 temp=0.25 total_env_steps=63233 t=0.09s
Ep 1470: len= 81 平局 loss=21.4653 temp=0.25 total_env_steps=63314 t=0.27s
Ep 1471: len= 58 白胜 loss=21.8785 temp=0.25 total_env_steps=63372 t=0.18s
Ep 1472: len= 40 白胜 loss=21.3998 temp=0.25 total_env_steps=63412 t=0.14s
Ep 1473: len= 35 黑胜 loss=21.2883 temp=0.25 total_env_steps=63447 t=0.12s
Ep 1474: len= 46 白胜 loss=21.6038 temp=0.25 total_env_steps=63493 t=0.15s
Ep 1475: len= 42 白胜 loss=22.1861 temp=0.25 total_env_steps=63535 t=0.13s
Ep 1476: len= 49 黑胜 loss=21.7342 temp=0.25 total_env_steps=63584 t=0.15s
Ep 1477: len= 44 白胜 loss=20.2386 temp=0.25 total_env_steps=63628 t=0.14s
Ep 1478: len= 25 黑胜 loss=22.9669 temp=0.25 total_env_steps=63653 t=0.10s
Ep 1479: len= 40 白胜 loss=20.1575 temp=0.25 total_env_steps=63693 t=0.13s
Ep 1480: len= 34 白胜 loss=19.6741 temp=0.25 total_env_steps=63727 t=0.11s
Ep 1481: len= 48 白胜 loss=20.2104 temp=0.25 total_env_steps=63775 t=0.16s
Ep 1482: len= 52 白胜 loss=19.4643 temp=0.25 total_env_steps=63827 t=0.17s
Ep 1483: len= 71 黑胜 loss=21.9154 temp=0.25 total_env_steps=63898 t=0.22s
Ep 1484: len= 45 黑胜 loss=19.4923 temp=0.25 total_env_steps=63943 t=0.13s
Ep 1485: len= 53 黑胜 loss=22.4157 temp=0.25 total_env_steps=63996 t=0.16s
Ep 1486: len= 61 黑胜 loss=21.2728 temp=0.25 total_env_steps=64057 t=0.17s
Ep 1487: len= 66 白胜 loss=21.3838 temp=0.25 total_env_steps=64123 t=0.17s
Ep 1488: len= 73 黑胜 loss=21.4461 temp=0.25 total_env_steps=64196 t=0.22s
Ep 1489: len= 39 黑胜 loss=21.4788 temp=0.25 total_env_steps=64235 t=0.11s
Ep 1490: len= 21 黑胜 loss=20.2408 temp=0.25 total_env_steps=64256 t=0.08s
Ep 1491: len= 36 白胜 loss=20.0777 temp=0.25 total_env_steps=64292 t=0.11s
Ep 1492: len= 48 白胜 loss=20.0037 temp=0.25 total_env_steps=64340 t=0.14s
Ep 1493: len= 21 黑胜 loss=20.8171 temp=0.25 total_env_steps=64361 t=0.08s
Ep 1494: len= 27 黑胜 loss=21.7418 temp=0.25 total_env_steps=64388 t=0.11s
Ep 1495: len= 35 黑胜 loss=20.5965 temp=0.25 total_env_steps=64423 t=0.13s
Ep 1496: len= 34 白胜 loss=21.6972 temp=0.25 total_env_steps=64457 t=0.12s
Ep 1497: len= 45 黑胜 loss=20.0339 temp=0.25 total_env_steps=64502 t=0.15s
Ep 1498: len= 43 黑胜 loss=19.6625 temp=0.25 total_env_steps=64545 t=0.13s
Ep 1499: len= 44 白胜 loss=21.1347 temp=0.25 total_env_steps=64589 t=0.13s
Ep 1500: len= 46 白胜 loss=21.3600 temp=0.25 total_env_steps=64635 t=0.13s
Ep 1501: len= 48 白胜 loss=21.3832 temp=0.25 total_env_steps=64683 t=0.14s
Ep 1502: len= 40 白胜 loss=22.9042 temp=0.25 total_env_steps=64723 t=0.12s
Ep 1503: len= 30 白胜 loss=21.6208 temp=0.25 total_env_steps=64753 t=0.10s
Ep 1504: len= 31 黑胜 loss=21.6595 temp=0.25 total_env_steps=64784 t=0.10s
Ep 1505: len= 47 黑胜 loss=20.8128 temp=0.25 total_env_steps=64831 t=0.14s
Ep 1506: len= 36 白胜 loss=19.9970 temp=0.25 total_env_steps=64867 t=0.11s
Ep 1507: len= 58 白胜 loss=21.4083 temp=0.25 total_env_steps=64925 t=0.18s
Ep 1508: len= 81 平局 loss=20.2497 temp=0.25 total_env_steps=65006 t=0.23s
Ep 1509: len= 32 白胜 loss=19.4342 temp=0.25 total_env_steps=65038 t=0.11s
Ep 1510: len= 49 黑胜 loss=20.2582 temp=0.25 total_env_steps=65087 t=0.14s
Ep 1511: len= 36 白胜 loss=22.4364 temp=0.25 total_env_steps=65123 t=0.11s
Ep 1512: len= 30 白胜 loss=19.1287 temp=0.25 total_env_steps=65153 t=0.10s
Ep 1513: len= 56 白胜 loss=20.9317 temp=0.25 total_env_steps=65209 t=0.17s
Ep 1514: len= 32 白胜 loss=18.8400 temp=0.25 total_env_steps=65241 t=0.11s
Ep 1515: len= 32 白胜 loss=20.1318 temp=0.25 total_env_steps=65273 t=0.11s
Ep 1516: len= 27 黑胜 loss=21.1192 temp=0.25 total_env_steps=65300 t=0.09s
Ep 1517: len= 53 黑胜 loss=19.4377 temp=0.25 total_env_steps=65353 t=0.15s
Ep 1518: len= 51 黑胜 loss=22.0203 temp=0.25 total_env_steps=65404 t=0.14s
Ep 1519: len= 78 白胜 loss=19.7709 temp=0.25 total_env_steps=65482 t=0.21s
Ep 1520: len= 26 白胜 loss=21.6311 temp=0.25 total_env_steps=65508 t=0.09s
Ep 1521: len= 23 黑胜 loss=21.1433 temp=0.25 total_env_steps=65531 t=0.08s
Ep 1522: len= 55 黑胜 loss=20.0193 temp=0.25 total_env_steps=65586 t=0.16s
Ep 1523: len= 40 白胜 loss=20.3064 temp=0.25 total_env_steps=65626 t=0.11s
Ep 1524: len= 38 白胜 loss=22.2586 temp=0.25 total_env_steps=65664 t=0.12s
Ep 1525: len= 70 白胜 loss=20.9648 temp=0.25 total_env_steps=65734 t=0.21s
Ep 1526: len= 81 平局 loss=19.2729 temp=0.25 total_env_steps=65815 t=0.22s
Ep 1527: len= 40 白胜 loss=20.7970 temp=0.25 total_env_steps=65855 t=0.13s
Ep 1528: len= 59 黑胜 loss=20.5215 temp=0.25 total_env_steps=65914 t=0.18s
Ep 1529: len= 23 黑胜 loss=19.8789 temp=0.25 total_env_steps=65937 t=0.08s
Ep 1530: len= 66 白胜 loss=20.1192 temp=0.25 total_env_steps=66003 t=0.20s
Ep 1531: len= 35 黑胜 loss=20.4020 temp=0.25 total_env_steps=66038 t=0.11s
Ep 1532: len= 57 黑胜 loss=18.9449 temp=0.25 total_env_steps=66095 t=0.16s
Ep 1533: len= 38 白胜 loss=21.1295 temp=0.25 total_env_steps=66133 t=0.12s
Ep 1534: len= 51 黑胜 loss=20.2667 temp=0.25 total_env_steps=66184 t=0.15s
Ep 1535: len= 55 黑胜 loss=21.2387 temp=0.25 total_env_steps=66239 t=0.17s
Ep 1536: len= 48 白胜 loss=19.9202 temp=0.25 total_env_steps=66287 t=0.15s
Ep 1537: len= 27 黑胜 loss=20.5243 temp=0.25 total_env_steps=66314 t=0.10s
Ep 1538: len= 29 黑胜 loss=19.7453 temp=0.25 total_env_steps=66343 t=0.09s
Ep 1539: len= 49 黑胜 loss=20.4997 temp=0.25 total_env_steps=66392 t=0.15s
Ep 1540: len= 29 黑胜 loss=20.8188 temp=0.25 total_env_steps=66421 t=0.10s
Ep 1541: len= 40 白胜 loss=21.5074 temp=0.25 total_env_steps=66461 t=0.14s
Ep 1542: len= 23 黑胜 loss=18.5242 temp=0.25 total_env_steps=66484 t=0.09s
Ep 1543: len= 44 白胜 loss=20.2779 temp=0.25 total_env_steps=66528 t=0.15s
Ep 1544: len= 40 白胜 loss=21.5475 temp=0.25 total_env_steps=66568 t=0.13s
Ep 1545: len= 62 白胜 loss=18.7434 temp=0.25 total_env_steps=66630 t=0.18s
Ep 1546: len= 51 黑胜 loss=21.3959 temp=0.25 total_env_steps=66681 t=0.15s
Ep 1547: len= 50 白胜 loss=20.1309 temp=0.25 total_env_steps=66731 t=0.15s
Ep 1548: len= 23 黑胜 loss=21.2085 temp=0.25 total_env_steps=66754 t=0.09s
Ep 1549: len= 25 黑胜 loss=21.4663 temp=0.25 total_env_steps=66779 t=0.08s
Ep 1550: len= 50 白胜 loss=21.4725 temp=0.25 total_env_steps=66829 t=0.15s
Ep 1551: len= 52 白胜 loss=17.9785 temp=0.25 total_env_steps=66881 t=0.15s
Ep 1552: len= 35 黑胜 loss=20.8866 temp=0.25 total_env_steps=66916 t=0.11s
Ep 1553: len= 72 白胜 loss=19.1498 temp=0.25 total_env_steps=66988 t=0.20s
Ep 1554: len= 71 黑胜 loss=20.3541 temp=0.25 total_env_steps=67059 t=0.19s
Ep 1555: len= 29 黑胜 loss=17.6838 temp=0.25 total_env_steps=67088 t=0.11s
Ep 1556: len= 46 白胜 loss=18.9178 temp=0.25 total_env_steps=67134 t=0.13s
Ep 1557: len= 43 黑胜 loss=20.2312 temp=0.25 total_env_steps=67177 t=0.14s
Ep 1558: len= 54 白胜 loss=20.5409 temp=0.25 total_env_steps=67231 t=0.16s
Ep 1559: len= 48 白胜 loss=21.7526 temp=0.25 total_env_steps=67279 t=0.13s
Ep 1560: len= 23 黑胜 loss=19.7796 temp=0.25 total_env_steps=67302 t=0.08s
Ep 1561: len= 37 黑胜 loss=20.1492 temp=0.25 total_env_steps=67339 t=0.13s
Ep 1562: len= 43 黑胜 loss=19.8598 temp=0.25 total_env_steps=67382 t=0.13s
Ep 1563: len= 21 黑胜 loss=20.2438 temp=0.25 total_env_steps=67403 t=0.08s
Ep 1564: len= 41 黑胜 loss=18.1578 temp=0.25 total_env_steps=67444 t=0.13s
Ep 1565: len= 53 黑胜 loss=19.4164 temp=0.25 total_env_steps=67497 t=0.15s
Ep 1566: len= 45 黑胜 loss=19.1280 temp=0.25 total_env_steps=67542 t=0.15s
Ep 1567: len= 42 白胜 loss=20.9770 temp=0.25 total_env_steps=67584 t=0.15s
Ep 1568: len= 38 白胜 loss=19.2076 temp=0.25 total_env_steps=67622 t=0.13s
Ep 1569: len= 54 白胜 loss=20.7899 temp=0.25 total_env_steps=67676 t=0.20s
Ep 1570: len= 45 黑胜 loss=19.4020 temp=0.25 total_env_steps=67721 t=0.14s
Ep 1571: len= 56 白胜 loss=20.6206 temp=0.25 total_env_steps=67777 t=0.17s
Ep 1572: len= 48 白胜 loss=20.8779 temp=0.25 total_env_steps=67825 t=0.15s
Ep 1573: len= 36 白胜 loss=20.3770 temp=0.25 total_env_steps=67861 t=0.12s
Ep 1574: len= 43 黑胜 loss=19.8786 temp=0.25 total_env_steps=67904 t=0.14s
Ep 1575: len= 29 黑胜 loss=19.1811 temp=0.25 total_env_steps=67933 t=0.10s
Ep 1576: len= 52 白胜 loss=20.5817 temp=0.25 total_env_steps=67985 t=0.15s
Ep 1577: len= 53 黑胜 loss=20.1808 temp=0.25 total_env_steps=68038 t=0.14s
Ep 1578: len= 42 白胜 loss=19.0707 temp=0.25 total_env_steps=68080 t=0.13s
Ep 1579: len= 81 平局 loss=19.2288 temp=0.25 total_env_steps=68161 t=0.22s
Ep 1580: len= 29 黑胜 loss=21.5153 temp=0.25 total_env_steps=68190 t=0.10s
Ep 1581: len= 46 白胜 loss=19.7106 temp=0.25 total_env_steps=68236 t=0.14s
Ep 1582: len= 38 白胜 loss=20.0042 temp=0.25 total_env_steps=68274 t=0.13s
Ep 1583: len= 36 白胜 loss=20.2715 temp=0.25 total_env_steps=68310 t=0.11s
Ep 1584: len= 38 白胜 loss=21.7892 temp=0.25 total_env_steps=68348 t=0.12s
Ep 1585: len= 50 白胜 loss=21.4216 temp=0.25 total_env_steps=68398 t=0.13s
Ep 1586: len= 54 白胜 loss=21.2066 temp=0.25 total_env_steps=68452 t=0.15s
Ep 1587: len= 49 黑胜 loss=20.1506 temp=0.25 total_env_steps=68501 t=0.16s
Ep 1588: len= 25 黑胜 loss=21.0165 temp=0.25 total_env_steps=68526 t=0.10s
Ep 1589: len= 51 黑胜 loss=19.0968 temp=0.25 total_env_steps=68577 t=0.15s
Ep 1590: len= 40 白胜 loss=19.9273 temp=0.25 total_env_steps=68617 t=0.12s
Ep 1591: len= 40 白胜 loss=19.0986 temp=0.25 total_env_steps=68657 t=0.12s
Ep 1592: len= 21 黑胜 loss=20.1975 temp=0.25 total_env_steps=68678 t=0.08s
Ep 1593: len= 46 白胜 loss=19.4283 temp=0.25 total_env_steps=68724 t=0.13s
Ep 1594: len= 38 白胜 loss=21.7954 temp=0.25 total_env_steps=68762 t=0.11s
Ep 1595: len= 48 白胜 loss=20.4619 temp=0.25 total_env_steps=68810 t=0.14s
Ep 1596: len= 43 黑胜 loss=19.3833 temp=0.25 total_env_steps=68853 t=0.13s
Ep 1597: len= 37 黑胜 loss=21.1609 temp=0.25 total_env_steps=68890 t=0.11s
Ep 1598: len= 21 黑胜 loss=19.8063 temp=0.25 total_env_steps=68911 t=0.08s
Ep 1599: len= 21 黑胜 loss=20.3608 temp=0.25 total_env_steps=68932 t=0.08s
Ep 1600: len= 30 白胜 loss=20.1121 temp=0.25 total_env_steps=68962 t=0.10s
  eval vs Gomoku-random-v0: win_rate=1.00 mean_return=1.00（20 局，total_env_steps=68962）
Ep 1601: len= 46 白胜 loss=21.0217 temp=0.25 total_env_steps=69008 t=0.15s
Ep 1602: len= 49 黑胜 loss=20.9806 temp=0.25 total_env_steps=69057 t=0.14s
Ep 1603: len= 72 白胜 loss=18.5114 temp=0.25 total_env_steps=69129 t=0.19s
Ep 1604: len= 47 黑胜 loss=20.3452 temp=0.25 total_env_steps=69176 t=0.14s
Ep 1605: len= 21 黑胜 loss=18.3044 temp=0.25 total_env_steps=69197 t=0.08s
Ep 1606: len= 41 黑胜 loss=18.2254 temp=0.25 total_env_steps=69238 t=0.12s
Ep 1607: len= 21 黑胜 loss=19.7735 temp=0.25 total_env_steps=69259 t=0.07s
Ep 1608: len= 21 黑胜 loss=18.6992 temp=0.25 total_env_steps=69280 t=0.07s
Ep 1609: len= 81 平局 loss=20.7696 temp=0.25 total_env_steps=69361 t=0.22s
Ep 1610: len= 55 黑胜 loss=19.5535 temp=0.25 total_env_steps=69416 t=0.15s
Ep 1611: len= 55 黑胜 loss=19.0095 temp=0.25 total_env_steps=69471 t=0.15s
Ep 1612: len= 51 黑胜 loss=21.3805 temp=0.25 total_env_steps=69522 t=0.13s
Ep 1613: len= 21 黑胜 loss=19.5241 temp=0.25 total_env_steps=69543 t=0.07s
Ep 1614: len= 60 白胜 loss=19.6028 temp=0.25 total_env_steps=69603 t=0.16s
Ep 1615: len= 53 黑胜 loss=20.6129 temp=0.25 total_env_steps=69656 t=0.15s
Ep 1616: len= 44 白胜 loss=19.8184 temp=0.25 total_env_steps=69700 t=0.13s
Ep 1617: len= 37 黑胜 loss=21.1304 temp=0.25 total_env_steps=69737 t=0.12s
Ep 1618: len= 29 黑胜 loss=18.1966 temp=0.25 total_env_steps=69766 t=0.09s
Ep 1619: len= 27 黑胜 loss=20.2691 temp=0.25 total_env_steps=69793 t=0.08s
Ep 1620: len= 48 白胜 loss=21.4269 temp=0.25 total_env_steps=69841 t=0.13s
Ep 1621: len= 21 黑胜 loss=19.3924 temp=0.25 total_env_steps=69862 t=0.07s
Ep 1622: len= 19 黑胜 loss=21.0960 temp=0.25 total_env_steps=69881 t=0.07s
Ep 1623: len= 53 黑胜 loss=19.8943 temp=0.25 total_env_steps=69934 t=0.14s
Ep 1624: len= 43 黑胜 loss=20.7835 temp=0.25 total_env_steps=69977 t=0.13s
Ep 1625: len= 25 黑胜 loss=19.5948 temp=0.25 total_env_steps=70002 t=0.08s
Ep 1626: len= 46 白胜 loss=19.0335 temp=0.25 total_env_steps=70048 t=0.14s
Ep 1627: len= 46 白胜 loss=19.3238 temp=0.25 total_env_steps=70094 t=0.12s
Ep 1628: len= 23 黑胜 loss=20.8906 temp=0.25 total_env_steps=70117 t=0.08s
Ep 1629: len= 62 白胜 loss=20.1442 temp=0.25 total_env_steps=70179 t=0.17s
Ep 1630: len= 40 白胜 loss=20.5777 temp=0.25 total_env_steps=70219 t=0.11s
Ep 1631: len= 36 白胜 loss=19.6244 temp=0.25 total_env_steps=70255 t=0.11s
Ep 1632: len= 43 黑胜 loss=20.5091 temp=0.25 total_env_steps=70298 t=0.11s
Ep 1633: len= 21 黑胜 loss=20.6882 temp=0.25 total_env_steps=70319 t=0.07s
Ep 1634: len= 44 白胜 loss=18.4281 temp=0.25 total_env_steps=70363 t=0.13s
Ep 1635: len= 49 黑胜 loss=19.5233 temp=0.25 total_env_steps=70412 t=0.13s
Ep 1636: len= 45 黑胜 loss=16.7729 temp=0.25 total_env_steps=70457 t=0.14s
Ep 1637: len= 70 白胜 loss=19.1585 temp=0.25 total_env_steps=70527 t=0.19s
Ep 1638: len= 27 黑胜 loss=20.9143 temp=0.25 total_env_steps=70554 t=0.09s
Ep 1639: len= 31 黑胜 loss=19.1524 temp=0.25 total_env_steps=70585 t=0.12s
Ep 1640: len= 34 白胜 loss=20.5559 temp=0.25 total_env_steps=70619 t=0.11s
Ep 1641: len= 37 黑胜 loss=18.4054 temp=0.25 total_env_steps=70656 t=0.10s
Ep 1642: len= 23 黑胜 loss=21.9451 temp=0.25 total_env_steps=70679 t=0.08s
Ep 1643: len= 72 白胜 loss=18.3507 temp=0.25 total_env_steps=70751 t=0.19s
Ep 1644: len= 48 白胜 loss=16.8267 temp=0.25 total_env_steps=70799 t=0.13s
Ep 1645: len= 51 黑胜 loss=20.5777 temp=0.25 total_env_steps=70850 t=0.14s
Ep 1646: len= 29 黑胜 loss=18.5684 temp=0.25 total_env_steps=70879 t=0.09s
Ep 1647: len= 37 黑胜 loss=17.9596 temp=0.25 total_env_steps=70916 t=0.11s
Ep 1648: len= 26 白胜 loss=18.4430 temp=0.25 total_env_steps=70942 t=0.09s
Ep 1649: len= 23 黑胜 loss=18.8632 temp=0.25 total_env_steps=70965 t=0.08s
Ep 1650: len= 51 黑胜 loss=17.4028 temp=0.25 total_env_steps=71016 t=0.15s
Ep 1651: len= 53 黑胜 loss=19.5065 temp=0.25 total_env_steps=71069 t=0.15s
Ep 1652: len= 45 黑胜 loss=21.5561 temp=0.25 total_env_steps=71114 t=0.12s
Ep 1653: len= 53 黑胜 loss=20.1705 temp=0.25 total_env_steps=71167 t=0.14s
Ep 1654: len= 47 黑胜 loss=19.2290 temp=0.25 total_env_steps=71214 t=0.12s
Ep 1655: len= 29 黑胜 loss=20.1841 temp=0.25 total_env_steps=71243 t=0.09s
Ep 1656: len= 41 黑胜 loss=19.7711 temp=0.25 total_env_steps=71284 t=0.12s
Ep 1657: len= 21 黑胜 loss=20.6051 temp=0.25 total_env_steps=71305 t=0.07s
Ep 1658: len= 40 白胜 loss=19.5258 temp=0.25 total_env_steps=71345 t=0.11s
Ep 1659: len= 41 黑胜 loss=20.5848 temp=0.25 total_env_steps=71386 t=0.12s
Ep 1660: len= 38 白胜 loss=19.7695 temp=0.25 total_env_steps=71424 t=0.15s
Ep 1661: len= 56 白胜 loss=20.8494 temp=0.25 total_env_steps=71480 t=0.16s
Ep 1662: len= 41 黑胜 loss=20.4195 temp=0.25 total_env_steps=71521 t=0.12s
Ep 1663: len= 57 黑胜 loss=19.0567 temp=0.25 total_env_steps=71578 t=0.17s
Ep 1664: len= 21 黑胜 loss=20.4200 temp=0.25 total_env_steps=71599 t=0.09s
Ep 1665: len= 46 白胜 loss=18.7562 temp=0.25 total_env_steps=71645 t=0.14s
Ep 1666: len= 46 白胜 loss=17.3372 temp=0.25 total_env_steps=71691 t=0.14s
Ep 1667: len= 46 白胜 loss=17.5719 temp=0.25 total_env_steps=71737 t=0.15s
Ep 1668: len= 33 黑胜 loss=18.2359 temp=0.25 total_env_steps=71770 t=0.11s
Ep 1669: len= 52 白胜 loss=19.8316 temp=0.25 total_env_steps=71822 t=0.15s
Ep 1670: len= 27 黑胜 loss=18.0337 temp=0.25 total_env_steps=71849 t=0.11s
Ep 1671: len= 38 白胜 loss=16.6606 temp=0.25 total_env_steps=71887 t=0.14s
Ep 1672: len= 41 黑胜 loss=19.6037 temp=0.25 total_env_steps=71928 t=0.14s
Ep 1673: len= 52 白胜 loss=19.0992 temp=0.25 total_env_steps=71980 t=0.15s
Ep 1674: len= 36 白胜 loss=19.3709 temp=0.25 total_env_steps=72016 t=0.13s
Ep 1675: len= 40 白胜 loss=18.2221 temp=0.25 total_env_steps=72056 t=0.14s
Ep 1676: len= 47 黑胜 loss=20.4881 temp=0.25 total_env_steps=72103 t=0.14s
Ep 1677: len= 41 黑胜 loss=19.0469 temp=0.25 total_env_steps=72144 t=0.13s
Ep 1678: len= 46 白胜 loss=20.8715 temp=0.25 total_env_steps=72190 t=0.16s
Ep 1679: len= 40 白胜 loss=18.8834 temp=0.25 total_env_steps=72230 t=0.13s
Ep 1680: len= 37 黑胜 loss=19.2433 temp=0.25 total_env_steps=72267 t=0.12s
Ep 1681: len= 57 黑胜 loss=20.5672 temp=0.25 total_env_steps=72324 t=0.17s
Ep 1682: len= 39 黑胜 loss=19.2536 temp=0.25 total_env_steps=72363 t=0.13s
Ep 1683: len= 45 黑胜 loss=19.0160 temp=0.25 total_env_steps=72408 t=0.15s
Ep 1684: len= 58 白胜 loss=20.5584 temp=0.25 total_env_steps=72466 t=0.17s
Ep 1685: len= 45 黑胜 loss=18.6373 temp=0.25 total_env_steps=72511 t=0.14s
Ep 1686: len= 39 黑胜 loss=18.0818 temp=0.25 total_env_steps=72550 t=0.13s
Ep 1687: len= 48 白胜 loss=18.8381 temp=0.25 total_env_steps=72598 t=0.15s
Ep 1688: len= 36 白胜 loss=16.7096 temp=0.25 total_env_steps=72634 t=0.13s
Ep 1689: len= 19 黑胜 loss=20.2593 temp=0.25 total_env_steps=72653 t=0.08s
Ep 1690: len= 33 黑胜 loss=17.3293 temp=0.25 total_env_steps=72686 t=0.12s
Ep 1691: len= 65 黑胜 loss=19.8135 temp=0.25 total_env_steps=72751 t=0.22s
Ep 1692: len= 39 黑胜 loss=20.0167 temp=0.25 total_env_steps=72790 t=0.13s
Ep 1693: len= 36 白胜 loss=18.7112 temp=0.25 total_env_steps=72826 t=0.14s
Ep 1694: len= 59 黑胜 loss=18.8834 temp=0.25 total_env_steps=72885 t=0.19s
Ep 1695: len= 58 白胜 loss=20.3892 temp=0.25 total_env_steps=72943 t=0.19s
Ep 1696: len= 45 黑胜 loss=18.5014 temp=0.25 total_env_steps=72988 t=0.14s
Ep 1697: len= 77 黑胜 loss=17.7587 temp=0.25 total_env_steps=73065 t=0.22s
Ep 1698: len= 19 黑胜 loss=18.7913 temp=0.25 total_env_steps=73084 t=0.07s
Ep 1699: len= 61 黑胜 loss=18.9709 temp=0.25 total_env_steps=73145 t=0.19s
Ep 1700: len= 44 白胜 loss=19.1692 temp=0.25 total_env_steps=73189 t=0.15s
Ep 1701: len= 50 白胜 loss=18.7320 temp=0.25 total_env_steps=73239 t=0.15s
Ep 1702: len= 23 黑胜 loss=18.9235 temp=0.25 total_env_steps=73262 t=0.08s
Ep 1703: len= 34 白胜 loss=17.0727 temp=0.25 total_env_steps=73296 t=0.10s
Ep 1704: len= 38 白胜 loss=20.3017 temp=0.25 total_env_steps=73334 t=0.11s
Ep 1705: len= 21 黑胜 loss=20.2519 temp=0.25 total_env_steps=73355 t=0.07s
Ep 1706: len= 19 黑胜 loss=17.7172 temp=0.25 total_env_steps=73374 t=0.07s
Ep 1707: len= 19 黑胜 loss=19.2267 temp=0.25 total_env_steps=73393 t=0.07s
Ep 1708: len= 46 白胜 loss=18.7117 temp=0.25 total_env_steps=73439 t=0.14s
Ep 1709: len= 23 黑胜 loss=19.4414 temp=0.25 total_env_steps=73462 t=0.09s
Ep 1710: len= 47 黑胜 loss=18.0468 temp=0.25 total_env_steps=73509 t=0.13s
Ep 1711: len= 21 黑胜 loss=19.1633 temp=0.25 total_env_steps=73530 t=0.07s
Ep 1712: len= 21 黑胜 loss=17.5513 temp=0.25 total_env_steps=73551 t=0.08s
Ep 1713: len= 23 黑胜 loss=18.5077 temp=0.25 total_env_steps=73574 t=0.09s
Ep 1714: len= 26 白胜 loss=19.6496 temp=0.25 total_env_steps=73600 t=0.10s
Ep 1715: len= 19 黑胜 loss=16.8136 temp=0.25 total_env_steps=73619 t=0.07s
Ep 1716: len= 23 黑胜 loss=20.2126 temp=0.25 total_env_steps=73642 t=0.08s
Ep 1717: len= 44 白胜 loss=18.0467 temp=0.25 total_env_steps=73686 t=0.14s
Ep 1718: len= 39 黑胜 loss=17.4222 temp=0.25 total_env_steps=73725 t=0.13s
Ep 1719: len= 43 黑胜 loss=18.3015 temp=0.25 total_env_steps=73768 t=0.15s
Ep 1720: len= 19 黑胜 loss=18.5609 temp=0.25 total_env_steps=73787 t=0.07s
Ep 1721: len= 46 白胜 loss=17.6452 temp=0.25 total_env_steps=73833 t=0.15s
Ep 1722: len= 19 黑胜 loss=20.1650 temp=0.25 total_env_steps=73852 t=0.07s
Ep 1723: len= 17 黑胜 loss=20.3338 temp=0.25 total_env_steps=73869 t=0.07s
Ep 1724: len= 19 黑胜 loss=16.8273 temp=0.25 total_env_steps=73888 t=0.07s
Ep 1725: len= 21 黑胜 loss=16.9252 temp=0.25 total_env_steps=73909 t=0.08s
Ep 1726: len= 19 黑胜 loss=20.3493 temp=0.25 total_env_steps=73928 t=0.08s
Ep 1727: len= 59 黑胜 loss=19.1315 temp=0.25 total_env_steps=73987 t=0.20s
Ep 1728: len= 44 白胜 loss=18.1588 temp=0.25 total_env_steps=74031 t=0.16s
Ep 1729: len= 19 黑胜 loss=17.7257 temp=0.25 total_env_steps=74050 t=0.08s
Ep 1730: len= 44 白胜 loss=19.3569 temp=0.25 total_env_steps=74094 t=0.15s
Ep 1731: len= 25 黑胜 loss=19.0721 temp=0.25 total_env_steps=74119 t=0.09s
Ep 1732: len= 48 白胜 loss=18.5203 temp=0.25 total_env_steps=74167 t=0.15s
Ep 1733: len= 21 黑胜 loss=17.2261 temp=0.25 total_env_steps=74188 t=0.08s
Ep 1734: len= 21 黑胜 loss=19.3941 temp=0.25 total_env_steps=74209 t=0.08s
Ep 1735: len= 41 黑胜 loss=18.1689 temp=0.25 total_env_steps=74250 t=0.12s
Ep 1736: len= 54 白胜 loss=19.1053 temp=0.25 total_env_steps=74304 t=0.17s
Ep 1737: len= 48 白胜 loss=18.1015 temp=0.25 total_env_steps=74352 t=0.16s
Ep 1738: len= 35 黑胜 loss=20.0557 temp=0.25 total_env_steps=74387 t=0.11s
Ep 1739: len= 19 黑胜 loss=18.4393 temp=0.25 total_env_steps=74406 t=0.08s
Ep 1740: len= 47 黑胜 loss=20.1043 temp=0.25 total_env_steps=74453 t=0.15s
Ep 1741: len= 27 黑胜 loss=18.5653 temp=0.25 total_env_steps=74480 t=0.10s
Ep 1742: len= 29 黑胜 loss=19.0771 temp=0.25 total_env_steps=74509 t=0.10s
Ep 1743: len= 40 白胜 loss=18.8298 temp=0.25 total_env_steps=74549 t=0.11s
Ep 1744: len= 19 黑胜 loss=18.1151 temp=0.25 total_env_steps=74568 t=0.08s
Ep 1745: len= 23 黑胜 loss=17.5942 temp=0.25 total_env_steps=74591 t=0.09s
Ep 1746: len= 61 黑胜 loss=18.8240 temp=0.25 total_env_steps=74652 t=0.24s
Ep 1747: len= 54 白胜 loss=18.4130 temp=0.25 total_env_steps=74706 t=0.15s
Ep 1748: len= 21 黑胜 loss=19.8313 temp=0.25 total_env_steps=74727 t=0.08s
Ep 1749: len= 56 白胜 loss=18.0062 temp=0.25 total_env_steps=74783 t=0.18s
Ep 1750: len= 50 白胜 loss=16.5873 temp=0.25 total_env_steps=74833 t=0.15s
Ep 1751: len= 21 黑胜 loss=17.5636 temp=0.25 total_env_steps=74854 t=0.08s
Ep 1752: len= 34 白胜 loss=19.4076 temp=0.25 total_env_steps=74888 t=0.11s
Ep 1753: len= 23 黑胜 loss=18.7900 temp=0.25 total_env_steps=74911 t=0.08s
Ep 1754: len= 21 黑胜 loss=18.8172 temp=0.25 total_env_steps=74932 t=0.08s
Ep 1755: len= 59 黑胜 loss=16.8518 temp=0.25 total_env_steps=74991 t=0.17s
Ep 1756: len= 52 白胜 loss=16.1327 temp=0.25 total_env_steps=75043 t=0.15s
Ep 1757: len= 19 黑胜 loss=17.7988 temp=0.25 total_env_steps=75062 t=0.08s
Ep 1758: len= 48 白胜 loss=19.3170 temp=0.25 total_env_steps=75110 t=0.15s
Ep 1759: len= 38 白胜 loss=16.9106 temp=0.25 total_env_steps=75148 t=0.13s
Ep 1760: len= 44 白胜 loss=18.2147 temp=0.25 total_env_steps=75192 t=0.15s
Ep 1761: len= 65 黑胜 loss=17.9102 temp=0.25 total_env_steps=75257 t=0.19s
Ep 1762: len= 52 白胜 loss=18.4296 temp=0.25 total_env_steps=75309 t=0.16s
Ep 1763: len= 41 黑胜 loss=17.8242 temp=0.25 total_env_steps=75350 t=0.13s
Ep 1764: len= 23 黑胜 loss=17.3404 temp=0.25 total_env_steps=75373 t=0.09s
Ep 1765: len= 36 白胜 loss=17.7309 temp=0.25 total_env_steps=75409 t=0.12s
Ep 1766: len= 30 白胜 loss=16.8754 temp=0.25 total_env_steps=75439 t=0.10s
Ep 1767: len= 35 黑胜 loss=17.7076 temp=0.25 total_env_steps=75474 t=0.12s
Ep 1768: len= 61 黑胜 loss=19.2778 temp=0.25 total_env_steps=75535 t=0.18s
Ep 1769: len= 19 黑胜 loss=18.4834 temp=0.25 total_env_steps=75554 t=0.07s
Ep 1770: len= 48 白胜 loss=20.0733 temp=0.25 total_env_steps=75602 t=0.14s
Ep 1771: len= 25 黑胜 loss=18.4516 temp=0.25 total_env_steps=75627 t=0.09s
Ep 1772: len= 44 白胜 loss=17.2281 temp=0.25 total_env_steps=75671 t=0.13s
Ep 1773: len= 36 白胜 loss=17.4181 temp=0.25 total_env_steps=75707 t=0.11s
Ep 1774: len= 19 黑胜 loss=16.2576 temp=0.25 total_env_steps=75726 t=0.07s
Ep 1775: len= 47 黑胜 loss=19.2635 temp=0.25 total_env_steps=75773 t=0.14s
Ep 1776: len= 35 黑胜 loss=19.5221 temp=0.25 total_env_steps=75808 t=0.11s
Ep 1777: len= 21 黑胜 loss=19.1093 temp=0.25 total_env_steps=75829 t=0.09s
Ep 1778: len= 36 白胜 loss=16.7299 temp=0.25 total_env_steps=75865 t=0.10s
Ep 1779: len= 46 白胜 loss=18.8459 temp=0.25 total_env_steps=75911 t=0.14s
Ep 1780: len= 21 黑胜 loss=17.6500 temp=0.25 total_env_steps=75932 t=0.07s
Ep 1781: len= 50 白胜 loss=19.0856 temp=0.25 total_env_steps=75982 t=0.15s
Ep 1782: len= 61 黑胜 loss=17.7009 temp=0.25 total_env_steps=76043 t=0.17s
Ep 1783: len= 21 黑胜 loss=19.3177 temp=0.25 total_env_steps=76064 t=0.07s
Ep 1784: len= 19 黑胜 loss=18.3429 temp=0.25 total_env_steps=76083 t=0.07s
Ep 1785: len= 50 白胜 loss=17.1585 temp=0.25 total_env_steps=76133 t=0.15s
Ep 1786: len= 29 黑胜 loss=18.8007 temp=0.25 total_env_steps=76162 t=0.09s
Ep 1787: len= 23 黑胜 loss=17.0897 temp=0.25 total_env_steps=76185 t=0.09s
Ep 1788: len= 32 白胜 loss=17.3274 temp=0.25 total_env_steps=76217 t=0.11s
Ep 1789: len= 19 黑胜 loss=16.7073 temp=0.25 total_env_steps=76236 t=0.07s
Ep 1790: len= 25 黑胜 loss=16.1941 temp=0.25 total_env_steps=76261 t=0.09s
Ep 1791: len= 42 白胜 loss=20.5598 temp=0.25 total_env_steps=76303 t=0.12s
Ep 1792: len= 40 白胜 loss=16.7764 temp=0.25 total_env_steps=76343 t=0.13s
Ep 1793: len= 38 白胜 loss=18.2390 temp=0.25 total_env_steps=76381 t=0.12s
Ep 1794: len= 19 黑胜 loss=18.2405 temp=0.25 total_env_steps=76400 t=0.07s
Ep 1795: len= 23 黑胜 loss=15.3763 temp=0.25 total_env_steps=76423 t=0.08s
Ep 1796: len= 40 白胜 loss=17.8678 temp=0.25 total_env_steps=76463 t=0.12s
Ep 1797: len= 17 黑胜 loss=15.5833 temp=0.25 total_env_steps=76480 t=0.07s
Ep 1798: len= 19 黑胜 loss=17.1736 temp=0.25 total_env_steps=76499 t=0.07s
Ep 1799: len= 45 黑胜 loss=14.9047 temp=0.25 total_env_steps=76544 t=0.14s
Ep 1800: len= 41 黑胜 loss=15.2708 temp=0.25 total_env_steps=76585 t=0.13s
  eval vs Gomoku-random-v0: win_rate=1.00 mean_return=1.00（20 局，total_env_steps=76585）
Ep 1801: len= 52 白胜 loss=17.7127 temp=0.25 total_env_steps=76637 t=0.15s
Ep 1802: len= 40 白胜 loss=17.8950 temp=0.25 total_env_steps=76677 t=0.12s
Ep 1803: len= 42 白胜 loss=19.3670 temp=0.25 total_env_steps=76719 t=0.12s
Ep 1804: len= 21 黑胜 loss=17.9479 temp=0.25 total_env_steps=76740 t=0.08s
Ep 1805: len= 44 白胜 loss=17.4080 temp=0.25 total_env_steps=76784 t=0.13s
Ep 1806: len= 19 黑胜 loss=17.8191 temp=0.25 total_env_steps=76803 t=0.06s
Ep 1807: len= 31 黑胜 loss=15.4891 temp=0.25 total_env_steps=76834 t=0.10s
Ep 1808: len= 48 白胜 loss=17.2845 temp=0.25 total_env_steps=76882 t=0.14s
Ep 1809: len= 32 白胜 loss=16.6708 temp=0.25 total_env_steps=76914 t=0.11s
Ep 1810: len= 35 黑胜 loss=19.2132 temp=0.25 total_env_steps=76949 t=0.11s
Ep 1811: len= 33 黑胜 loss=18.4757 temp=0.25 total_env_steps=76982 t=0.10s
Ep 1812: len= 19 黑胜 loss=19.0333 temp=0.25 total_env_steps=77001 t=0.07s
Ep 1813: len= 19 黑胜 loss=17.7902 temp=0.25 total_env_steps=77020 t=0.07s
Ep 1814: len= 40 白胜 loss=16.9766 temp=0.25 total_env_steps=77060 t=0.13s
Ep 1815: len= 28 白胜 loss=14.1910 temp=0.25 total_env_steps=77088 t=0.10s
Ep 1816: len= 19 黑胜 loss=17.9448 temp=0.25 total_env_steps=77107 t=0.07s
Ep 1817: len= 51 黑胜 loss=18.1687 temp=0.25 total_env_steps=77158 t=0.16s
Ep 1818: len= 52 白胜 loss=17.1605 temp=0.25 total_env_steps=77210 t=0.15s
Ep 1819: len= 51 黑胜 loss=18.1994 temp=0.25 total_env_steps=77261 t=0.14s
Ep 1820: len= 45 黑胜 loss=15.1681 temp=0.25 total_env_steps=77306 t=0.13s
Ep 1821: len= 21 黑胜 loss=17.4962 temp=0.25 total_env_steps=77327 t=0.07s
Ep 1822: len= 21 黑胜 loss=17.6691 temp=0.25 total_env_steps=77348 t=0.08s
Ep 1823: len= 34 白胜 loss=17.6150 temp=0.25 total_env_steps=77382 t=0.11s
Ep 1824: len= 41 黑胜 loss=16.5963 temp=0.25 total_env_steps=77423 t=0.11s
Ep 1825: len= 38 白胜 loss=16.5900 temp=0.25 total_env_steps=77461 t=0.11s
Ep 1826: len= 28 白胜 loss=17.0241 temp=0.25 total_env_steps=77489 t=0.09s
Ep 1827: len= 19 黑胜 loss=16.2303 temp=0.25 total_env_steps=77508 t=0.07s
Ep 1828: len= 19 黑胜 loss=14.6238 temp=0.25 total_env_steps=77527 t=0.07s
Ep 1829: len= 35 黑胜 loss=16.4678 temp=0.25 total_env_steps=77562 t=0.11s
Ep 1830: len= 51 黑胜 loss=16.4624 temp=0.25 total_env_steps=77613 t=0.14s
Ep 1831: len= 31 黑胜 loss=16.5880 temp=0.25 total_env_steps=77644 t=0.09s
Ep 1832: len= 46 白胜 loss=17.8829 temp=0.25 total_env_steps=77690 t=0.13s
Ep 1833: len= 38 白胜 loss=16.8579 temp=0.25 total_env_steps=77728 t=0.11s
Ep 1834: len= 43 黑胜 loss=16.0407 temp=0.25 total_env_steps=77771 t=0.13s
Ep 1835: len= 19 黑胜 loss=16.8739 temp=0.25 total_env_steps=77790 t=0.07s
Ep 1836: len= 55 黑胜 loss=16.3643 temp=0.25 total_env_steps=77845 t=0.17s
Ep 1837: len= 35 黑胜 loss=15.7986 temp=0.25 total_env_steps=77880 t=0.10s
Ep 1838: len= 33 黑胜 loss=16.5540 temp=0.25 total_env_steps=77913 t=0.10s
Ep 1839: len= 48 白胜 loss=17.6846 temp=0.25 total_env_steps=77961 t=0.14s
Ep 1840: len= 47 黑胜 loss=17.9023 temp=0.25 total_env_steps=78008 t=0.13s
Ep 1841: len= 52 白胜 loss=15.5904 temp=0.25 total_env_steps=78060 t=0.15s
Ep 1842: len= 23 黑胜 loss=17.5673 temp=0.25 total_env_steps=78083 t=0.08s
Ep 1843: len= 55 黑胜 loss=17.6752 temp=0.25 total_env_steps=78138 t=0.15s
Ep 1844: len= 43 黑胜 loss=14.9631 temp=0.25 total_env_steps=78181 t=0.13s
Ep 1845: len= 29 黑胜 loss=14.6339 temp=0.25 total_env_steps=78210 t=0.10s
Ep 1846: len= 35 黑胜 loss=16.5341 temp=0.25 total_env_steps=78245 t=0.10s
Ep 1847: len= 40 白胜 loss=15.9165 temp=0.25 total_env_steps=78285 t=0.11s
Ep 1848: len= 29 黑胜 loss=18.4296 temp=0.25 total_env_steps=78314 t=0.10s
Ep 1849: len= 21 黑胜 loss=15.6316 temp=0.25 total_env_steps=78335 t=0.08s
Ep 1850: len= 48 白胜 loss=16.9945 temp=0.25 total_env_steps=78383 t=0.14s
Ep 1851: len= 41 黑胜 loss=15.6984 temp=0.25 total_env_steps=78424 t=0.12s
Ep 1852: len= 48 白胜 loss=16.8325 temp=0.25 total_env_steps=78472 t=0.13s
Ep 1853: len= 19 黑胜 loss=19.5445 temp=0.25 total_env_steps=78491 t=0.06s
Ep 1854: len= 60 白胜 loss=18.3016 temp=0.25 total_env_steps=78551 t=0.17s
Ep 1855: len= 19 黑胜 loss=16.8444 temp=0.25 total_env_steps=78570 t=0.07s
Ep 1856: len= 19 黑胜 loss=17.7531 temp=0.25 total_env_steps=78589 t=0.07s
Ep 1857: len= 19 黑胜 loss=16.6656 temp=0.25 total_env_steps=78608 t=0.07s
Ep 1858: len= 21 黑胜 loss=16.1136 temp=0.25 total_env_steps=78629 t=0.10s
Ep 1859: len= 68 白胜 loss=16.1320 temp=0.25 total_env_steps=78697 t=0.20s
Ep 1860: len= 68 白胜 loss=19.4487 temp=0.25 total_env_steps=78765 t=0.18s
Ep 1861: len= 43 黑胜 loss=16.8573 temp=0.25 total_env_steps=78808 t=0.12s
Ep 1862: len= 40 白胜 loss=15.6325 temp=0.25 total_env_steps=78848 t=0.11s
Ep 1863: len= 42 白胜 loss=15.6661 temp=0.25 total_env_steps=78890 t=0.13s
Ep 1864: len= 31 黑胜 loss=15.8997 temp=0.25 total_env_steps=78921 t=0.09s
Ep 1865: len= 37 黑胜 loss=15.9991 temp=0.25 total_env_steps=78958 t=0.11s
Ep 1866: len= 19 黑胜 loss=15.2498 temp=0.25 total_env_steps=78977 t=0.07s
Ep 1867: len= 44 白胜 loss=15.8443 temp=0.25 total_env_steps=79021 t=0.13s
Ep 1868: len= 19 黑胜 loss=15.6854 temp=0.25 total_env_steps=79040 t=0.07s
Ep 1869: len= 19 黑胜 loss=14.9985 temp=0.25 total_env_steps=79059 t=0.07s
Ep 1870: len= 36 白胜 loss=13.6685 temp=0.25 total_env_steps=79095 t=0.12s
Ep 1871: len= 19 黑胜 loss=15.3236 temp=0.25 total_env_steps=79114 t=0.07s
Ep 1872: len= 17 黑胜 loss=16.0877 temp=0.25 total_env_steps=79131 t=0.06s
Ep 1873: len= 68 白胜 loss=15.6980 temp=0.25 total_env_steps=79199 t=0.19s
Ep 1874: len= 44 白胜 loss=14.0429 temp=0.25 total_env_steps=79243 t=0.12s
Ep 1875: len= 46 白胜 loss=16.4625 temp=0.25 total_env_steps=79289 t=0.12s
Ep 1876: len= 41 黑胜 loss=15.4795 temp=0.25 total_env_steps=79330 t=0.12s
Ep 1877: len= 37 黑胜 loss=16.0238 temp=0.25 total_env_steps=79367 t=0.11s
Ep 1878: len= 17 黑胜 loss=14.7238 temp=0.25 total_env_steps=79384 t=0.07s
Ep 1879: len= 49 黑胜 loss=15.7825 temp=0.25 total_env_steps=79433 t=0.14s
Ep 1880: len= 21 黑胜 loss=15.4769 temp=0.25 total_env_steps=79454 t=0.07s
Ep 1881: len= 49 黑胜 loss=15.6106 temp=0.25 total_env_steps=79503 t=0.13s
Ep 1882: len= 41 黑胜 loss=16.2137 temp=0.25 total_env_steps=79544 t=0.12s
Ep 1883: len= 77 黑胜 loss=18.5709 temp=0.25 total_env_steps=79621 t=0.21s
Ep 1884: len= 32 白胜 loss=16.8004 temp=0.25 total_env_steps=79653 t=0.09s
Ep 1885: len= 41 黑胜 loss=17.7178 temp=0.25 total_env_steps=79694 t=0.12s
Ep 1886: len= 19 黑胜 loss=14.7866 temp=0.25 total_env_steps=79713 t=0.07s
Ep 1887: len= 37 黑胜 loss=14.7486 temp=0.25 total_env_steps=79750 t=0.10s
Ep 1888: len= 43 黑胜 loss=16.4217 temp=0.25 total_env_steps=79793 t=0.12s
Ep 1889: len= 28 白胜 loss=18.2000 temp=0.25 total_env_steps=79821 t=0.09s
Ep 1890: len= 39 黑胜 loss=17.8552 temp=0.25 total_env_steps=79860 t=0.11s
Ep 1891: len= 65 黑胜 loss=17.4270 temp=0.25 total_env_steps=79925 t=0.18s
Ep 1892: len= 17 黑胜 loss=16.1946 temp=0.25 total_env_steps=79942 t=0.06s
Ep 1893: len= 17 黑胜 loss=14.7544 temp=0.25 total_env_steps=79959 t=0.07s
Ep 1894: len= 28 白胜 loss=12.3299 temp=0.25 total_env_steps=79987 t=0.10s
Ep 1895: len= 19 黑胜 loss=16.0281 temp=0.25 total_env_steps=80006 t=0.07s
Ep 1896: len= 62 白胜 loss=16.4811 temp=0.25 total_env_steps=80068 t=0.19s
Ep 1897: len= 49 黑胜 loss=15.0559 temp=0.25 total_env_steps=80117 t=0.16s
Ep 1898: len= 56 白胜 loss=15.9851 temp=0.25 total_env_steps=80173 t=0.18s
Ep 1899: len= 34 白胜 loss=15.4264 temp=0.25 total_env_steps=80207 t=0.10s
Ep 1900: len= 45 黑胜 loss=16.7639 temp=0.25 total_env_steps=80252 t=0.13s
Ep 1901: len= 17 黑胜 loss=16.1566 temp=0.25 total_env_steps=80269 t=0.07s
Ep 1902: len= 29 黑胜 loss=16.0844 temp=0.25 total_env_steps=80298 t=0.10s
Ep 1903: len= 41 黑胜 loss=15.7390 temp=0.25 total_env_steps=80339 t=0.13s
Ep 1904: len= 46 白胜 loss=13.7954 temp=0.25 total_env_steps=80385 t=0.14s
Ep 1905: len= 61 黑胜 loss=14.2107 temp=0.25 total_env_steps=80446 t=0.17s
Ep 1906: len= 38 白胜 loss=17.1303 temp=0.25 total_env_steps=80484 t=0.11s
Ep 1907: len= 51 黑胜 loss=14.6036 temp=0.25 total_env_steps=80535 t=0.14s
Ep 1908: len= 39 黑胜 loss=16.2264 temp=0.25 total_env_steps=80574 t=0.13s
Ep 1909: len= 17 黑胜 loss=15.5678 temp=0.25 total_env_steps=80591 t=0.07s
Ep 1910: len= 34 白胜 loss=17.3576 temp=0.25 total_env_steps=80625 t=0.11s
Ep 1911: len= 32 白胜 loss=15.3176 temp=0.25 total_env_steps=80657 t=0.10s
Ep 1912: len= 19 黑胜 loss=16.5457 temp=0.25 total_env_steps=80676 t=0.08s
Ep 1913: len= 21 黑胜 loss=16.3329 temp=0.25 total_env_steps=80697 t=0.08s
Ep 1914: len= 42 白胜 loss=15.8968 temp=0.25 total_env_steps=80739 t=0.13s
Ep 1915: len= 76 白胜 loss=16.2960 temp=0.25 total_env_steps=80815 t=0.20s
Ep 1916: len= 42 白胜 loss=15.0714 temp=0.25 total_env_steps=80857 t=0.13s
Ep 1917: len= 51 黑胜 loss=17.7081 temp=0.25 total_env_steps=80908 t=0.14s
Ep 1918: len= 31 黑胜 loss=14.8050 temp=0.25 total_env_steps=80939 t=0.11s
Ep 1919: len= 19 黑胜 loss=16.1721 temp=0.25 total_env_steps=80958 t=0.07s
Ep 1920: len= 36 白胜 loss=15.5479 temp=0.25 total_env_steps=80994 t=0.10s
Ep 1921: len= 55 黑胜 loss=16.5724 temp=0.25 total_env_steps=81049 t=0.15s
Ep 1922: len= 21 黑胜 loss=15.7181 temp=0.25 total_env_steps=81070 t=0.08s
Ep 1923: len= 72 白胜 loss=18.3822 temp=0.25 total_env_steps=81142 t=0.20s
Ep 1924: len= 17 黑胜 loss=15.1245 temp=0.25 total_env_steps=81159 t=0.07s
Ep 1925: len= 52 白胜 loss=17.3253 temp=0.25 total_env_steps=81211 t=0.19s
Ep 1926: len= 35 黑胜 loss=18.0511 temp=0.25 total_env_steps=81246 t=0.13s
Ep 1927: len= 30 白胜 loss=14.9607 temp=0.25 total_env_steps=81276 t=0.11s
Ep 1928: len= 23 黑胜 loss=17.1707 temp=0.25 total_env_steps=81299 t=0.08s
Ep 1929: len= 52 白胜 loss=17.5708 temp=0.25 total_env_steps=81351 t=0.14s
Ep 1930: len= 34 白胜 loss=13.9181 temp=0.25 total_env_steps=81385 t=0.11s
Ep 1931: len= 19 黑胜 loss=16.1569 temp=0.25 total_env_steps=81404 t=0.08s
Ep 1932: len= 19 黑胜 loss=18.9354 temp=0.25 total_env_steps=81423 t=0.08s
Ep 1933: len= 19 黑胜 loss=16.2773 temp=0.25 total_env_steps=81442 t=0.08s
Ep 1934: len= 46 白胜 loss=14.8982 temp=0.25 total_env_steps=81488 t=0.15s
Ep 1935: len= 47 黑胜 loss=15.0727 temp=0.25 total_env_steps=81535 t=0.14s
Ep 1936: len= 79 黑胜 loss=15.7153 temp=0.25 total_env_steps=81614 t=0.21s
Ep 1937: len= 50 白胜 loss=15.7217 temp=0.25 total_env_steps=81664 t=0.15s
Ep 1938: len= 27 黑胜 loss=15.0350 temp=0.25 total_env_steps=81691 t=0.09s
Ep 1939: len= 69 黑胜 loss=15.6517 temp=0.25 total_env_steps=81760 t=0.19s
Ep 1940: len= 32 白胜 loss=17.2176 temp=0.25 total_env_steps=81792 t=0.09s
Ep 1941: len= 40 白胜 loss=14.1148 temp=0.25 total_env_steps=81832 t=0.12s
Ep 1942: len= 19 黑胜 loss=17.7180 temp=0.25 total_env_steps=81851 t=0.07s
Ep 1943: len= 39 黑胜 loss=16.6862 temp=0.25 total_env_steps=81890 t=0.12s
Ep 1944: len= 46 白胜 loss=17.1465 temp=0.25 total_env_steps=81936 t=0.13s
Ep 1945: len= 17 黑胜 loss=15.8274 temp=0.25 total_env_steps=81953 t=0.07s
Ep 1946: len= 39 黑胜 loss=17.3601 temp=0.25 total_env_steps=81992 t=0.12s
Ep 1947: len= 29 黑胜 loss=13.4112 temp=0.25 total_env_steps=82021 t=0.09s
Ep 1948: len= 49 黑胜 loss=17.2924 temp=0.25 total_env_steps=82070 t=0.13s
Ep 1949: len= 29 黑胜 loss=15.7017 temp=0.25 total_env_steps=82099 t=0.10s
Ep 1950: len= 66 白胜 loss=16.2063 temp=0.25 total_env_steps=82165 t=0.18s
Ep 1951: len= 21 黑胜 loss=16.2105 temp=0.25 total_env_steps=82186 t=0.07s
Ep 1952: len= 30 白胜 loss=16.1363 temp=0.25 total_env_steps=82216 t=0.09s
Ep 1953: len= 43 黑胜 loss=17.2964 temp=0.25 total_env_steps=82259 t=0.12s
Ep 1954: len= 81 黑胜 loss=16.3905 temp=0.25 total_env_steps=82340 t=0.24s
Ep 1955: len= 33 黑胜 loss=15.9522 temp=0.25 total_env_steps=82373 t=0.10s
Ep 1956: len= 19 黑胜 loss=15.7289 temp=0.25 total_env_steps=82392 t=0.06s
Ep 1957: len= 37 黑胜 loss=16.6223 temp=0.25 total_env_steps=82429 t=0.11s
Ep 1958: len= 19 黑胜 loss=18.4609 temp=0.25 total_env_steps=82448 t=0.07s
Ep 1959: len= 79 黑胜 loss=17.7932 temp=0.25 total_env_steps=82527 t=0.20s
Ep 1960: len= 33 黑胜 loss=15.9027 temp=0.25 total_env_steps=82560 t=0.10s
Ep 1961: len= 44 白胜 loss=18.0780 temp=0.25 total_env_steps=82604 t=0.14s
Ep 1962: len= 17 黑胜 loss=17.4245 temp=0.25 total_env_steps=82621 t=0.09s
Ep 1963: len= 19 黑胜 loss=15.5088 temp=0.25 total_env_steps=82640 t=0.08s
Ep 1964: len= 45 黑胜 loss=15.1576 temp=0.25 total_env_steps=82685 t=0.14s
Ep 1965: len= 17 黑胜 loss=14.1292 temp=0.25 total_env_steps=82702 t=0.08s
Ep 1966: len= 31 黑胜 loss=16.4160 temp=0.25 total_env_steps=82733 t=0.09s
Ep 1967: len= 34 白胜 loss=16.1640 temp=0.25 total_env_steps=82767 t=0.11s
Ep 1968: len= 45 黑胜 loss=18.4645 temp=0.25 total_env_steps=82812 t=0.15s
Ep 1969: len= 15 黑胜 loss=15.2544 temp=0.25 total_env_steps=82827 t=0.06s
Ep 1970: len= 17 黑胜 loss=15.8766 temp=0.25 total_env_steps=82844 t=0.07s
Ep 1971: len= 34 白胜 loss=16.5825 temp=0.25 total_env_steps=82878 t=0.12s
Ep 1972: len= 17 黑胜 loss=15.2583 temp=0.25 total_env_steps=82895 t=0.08s
Ep 1973: len= 17 黑胜 loss=14.8062 temp=0.25 total_env_steps=82912 t=0.07s
Ep 1974: len= 25 黑胜 loss=14.3530 temp=0.25 total_env_steps=82937 t=0.11s
Ep 1975: len= 52 白胜 loss=16.0669 temp=0.25 total_env_steps=82989 t=0.17s
Ep 1976: len= 66 白胜 loss=15.7616 temp=0.25 total_env_steps=83055 t=0.18s
Ep 1977: len= 48 白胜 loss=16.8746 temp=0.25 total_env_steps=83103 t=0.14s
Ep 1978: len= 17 黑胜 loss=16.3865 temp=0.25 total_env_steps=83120 t=0.06s
Ep 1979: len= 32 白胜 loss=16.7149 temp=0.25 total_env_steps=83152 t=0.10s
Ep 1980: len= 19 黑胜 loss=16.1479 temp=0.25 total_env_steps=83171 t=0.07s
Ep 1981: len= 58 白胜 loss=15.3333 temp=0.25 total_env_steps=83229 t=0.18s
Ep 1982: len= 19 黑胜 loss=16.1181 temp=0.25 total_env_steps=83248 t=0.07s
Ep 1983: len= 19 黑胜 loss=13.7438 temp=0.25 total_env_steps=83267 t=0.07s
Ep 1984: len= 21 黑胜 loss=12.4360 temp=0.25 total_env_steps=83288 t=0.08s
Ep 1985: len= 19 黑胜 loss=17.1516 temp=0.25 total_env_steps=83307 t=0.07s
Ep 1986: len= 23 黑胜 loss=17.0362 temp=0.25 total_env_steps=83330 t=0.08s
Ep 1987: len= 29 黑胜 loss=17.3445 temp=0.25 total_env_steps=83359 t=0.10s
Ep 1988: len= 72 白胜 loss=15.9352 temp=0.25 total_env_steps=83431 t=0.21s
Ep 1989: len= 19 黑胜 loss=15.2146 temp=0.25 total_env_steps=83450 t=0.08s
Ep 1990: len= 35 黑胜 loss=13.6935 temp=0.25 total_env_steps=83485 t=0.12s
Ep 1991: len= 31 黑胜 loss=14.9826 temp=0.25 total_env_steps=83516 t=0.11s
Ep 1992: len= 56 白胜 loss=16.6866 temp=0.25 total_env_steps=83572 t=0.15s
Ep 1993: len= 44 白胜 loss=14.2588 temp=0.25 total_env_steps=83616 t=0.13s
Ep 1994: len= 17 黑胜 loss=15.6075 temp=0.25 total_env_steps=83633 t=0.07s
Ep 1995: len= 44 白胜 loss=13.8529 temp=0.25 total_env_steps=83677 t=0.13s
Ep 1996: len= 19 黑胜 loss=16.2689 temp=0.25 total_env_steps=83696 t=0.08s
Ep 1997: len= 25 黑胜 loss=15.3285 temp=0.25 total_env_steps=83721 t=0.08s
Ep 1998: len= 44 白胜 loss=14.3394 temp=0.25 total_env_steps=83765 t=0.14s
Ep 1999: len= 21 黑胜 loss=15.0858 temp=0.25 total_env_steps=83786 t=0.08s
Ep 2000: len= 19 黑胜 loss=15.3558 temp=0.25 total_env_steps=83805 t=0.08s
  eval vs Gomoku-random-v0: win_rate=0.90 mean_return=0.80（20 局，total_env_steps=83805）
[闸门] vs random（40 局）: win_rate=1.000
[闸门] vs 半程快照（40 局，黑白各半）: score=0.700
[梯队] vs naive0（20 局，观察性）: win_rate=0.15
[梯队] vs naive1（20 局，观察性）: win_rate=0.00
[梯队] vs naive2（20 局，观察性）: win_rate=0.00
[梯队] vs naive3（20 局，观察性）: win_rate=0.00
📈 Gomoku-selfplay-v0 win_rate=0.90（best 1.00）| 门槛 0.95 | 267.8s

--- arm=budget_2000 seed=43 sims=100 ---
[MyZero-board Gomoku-selfplay-v0] obs=243(3×9²) |A|=81 sims=100 γ=1.0 negamax
Ep    1: len= 80 白胜 loss=0.0000 temp=1.00 total_env_steps=80 t=0.18s
Ep    2: len= 38 白胜 loss=0.0000 temp=1.00 total_env_steps=118 t=0.10s
Ep    3: len= 69 黑胜 loss=0.0000 temp=1.00 total_env_steps=187 t=0.16s
Ep    4: len= 51 黑胜 loss=0.0000 temp=1.00 total_env_steps=238 t=0.12s
Ep    5: len= 55 黑胜 loss=0.0000 temp=1.00 total_env_steps=293 t=0.13s
Ep    6: len= 36 白胜 loss=0.0000 temp=1.00 total_env_steps=329 t=0.08s
Ep    7: len= 51 黑胜 loss=0.0000 temp=1.00 total_env_steps=380 t=0.11s
Ep    8: len= 55 黑胜 loss=0.0000 temp=1.00 total_env_steps=435 t=0.12s
Ep    9: len= 65 黑胜 loss=0.0000 temp=1.00 total_env_steps=500 t=0.15s
Ep   10: len= 68 白胜 loss=35.6613 temp=1.00 total_env_steps=568 t=0.18s
Ep   11: len= 43 黑胜 loss=28.4257 temp=1.00 total_env_steps=611 t=0.11s
Ep   12: len= 39 黑胜 loss=28.6303 temp=1.00 total_env_steps=650 t=0.11s
Ep   13: len= 52 白胜 loss=28.5724 temp=1.00 total_env_steps=702 t=0.13s
Ep   14: len= 53 黑胜 loss=28.2334 temp=1.00 total_env_steps=755 t=0.14s
Ep   15: len= 58 白胜 loss=27.9268 temp=1.00 total_env_steps=813 t=0.15s
Ep   16: len= 72 白胜 loss=28.0774 temp=1.00 total_env_steps=885 t=0.17s
Ep   17: len= 57 黑胜 loss=27.8920 temp=1.00 total_env_steps=942 t=0.14s
Ep   18: len= 49 黑胜 loss=28.2709 temp=1.00 total_env_steps=991 t=0.12s
Ep   19: len= 69 黑胜 loss=28.0055 temp=1.00 total_env_steps=1060 t=0.17s
Ep   20: len= 68 白胜 loss=27.8055 temp=1.00 total_env_steps=1128 t=0.17s
Ep   21: len= 50 白胜 loss=28.1055 temp=1.00 total_env_steps=1178 t=0.12s
Ep   22: len= 30 白胜 loss=28.5873 temp=1.00 total_env_steps=1208 t=0.08s
Ep   23: len= 36 白胜 loss=28.2521 temp=1.00 total_env_steps=1244 t=0.10s
Ep   24: len= 39 黑胜 loss=28.2793 temp=1.00 total_env_steps=1283 t=0.10s
Ep   25: len= 26 白胜 loss=27.9303 temp=1.00 total_env_steps=1309 t=0.07s
Ep   26: len= 65 黑胜 loss=28.2259 temp=1.00 total_env_steps=1374 t=0.16s
Ep   27: len= 40 白胜 loss=27.8426 temp=1.00 total_env_steps=1414 t=0.10s
Ep   28: len= 51 黑胜 loss=27.8335 temp=1.00 total_env_steps=1465 t=0.13s
Ep   29: len= 66 白胜 loss=27.8854 temp=1.00 total_env_steps=1531 t=0.17s
Ep   30: len= 67 黑胜 loss=28.1734 temp=1.00 total_env_steps=1598 t=0.17s
Ep   31: len= 43 黑胜 loss=28.1467 temp=1.00 total_env_steps=1641 t=0.11s
Ep   32: len= 55 黑胜 loss=27.9702 temp=1.00 total_env_steps=1696 t=0.14s
Ep   33: len= 59 黑胜 loss=27.9068 temp=1.00 total_env_steps=1755 t=0.15s
Ep   34: len= 57 黑胜 loss=28.1666 temp=1.00 total_env_steps=1812 t=0.13s
Ep   35: len= 55 黑胜 loss=27.8967 temp=1.00 total_env_steps=1867 t=0.13s
Ep   36: len= 70 白胜 loss=27.9534 temp=1.00 total_env_steps=1937 t=0.18s
Ep   37: len= 49 黑胜 loss=28.0563 temp=1.00 total_env_steps=1986 t=0.13s
Ep   38: len= 57 黑胜 loss=27.8004 temp=1.00 total_env_steps=2043 t=0.17s
Ep   39: len= 35 黑胜 loss=28.1662 temp=1.00 total_env_steps=2078 t=0.10s
Ep   40: len= 41 黑胜 loss=27.8642 temp=1.00 total_env_steps=2119 t=0.10s
Ep   41: len= 41 黑胜 loss=28.1614 temp=1.00 total_env_steps=2160 t=0.11s
Ep   42: len= 44 白胜 loss=28.0442 temp=1.00 total_env_steps=2204 t=0.13s
Ep   43: len= 75 黑胜 loss=28.2361 temp=1.00 total_env_steps=2279 t=0.19s
Ep   44: len= 64 白胜 loss=28.1493 temp=1.00 total_env_steps=2343 t=0.18s
Ep   45: len= 48 白胜 loss=27.9736 temp=1.00 total_env_steps=2391 t=0.12s
Ep   46: len= 43 黑胜 loss=28.1485 temp=1.00 total_env_steps=2434 t=0.10s
Ep   47: len= 63 黑胜 loss=28.3495 temp=1.00 total_env_steps=2497 t=0.16s
Ep   48: len= 67 黑胜 loss=28.0149 temp=1.00 total_env_steps=2564 t=0.17s
Ep   49: len= 57 黑胜 loss=27.9565 temp=1.00 total_env_steps=2621 t=0.14s
Ep   50: len= 41 黑胜 loss=28.0350 temp=1.00 total_env_steps=2662 t=0.11s
Ep   51: len= 41 黑胜 loss=28.0880 temp=1.00 total_env_steps=2703 t=0.11s
Ep   52: len= 51 黑胜 loss=28.2368 temp=1.00 total_env_steps=2754 t=0.13s
Ep   53: len= 39 黑胜 loss=27.9570 temp=1.00 total_env_steps=2793 t=0.09s
Ep   54: len= 42 白胜 loss=27.9918 temp=1.00 total_env_steps=2835 t=0.12s
Ep   55: len= 62 白胜 loss=28.3027 temp=1.00 total_env_steps=2897 t=0.15s
Ep   56: len= 45 黑胜 loss=28.1245 temp=1.00 total_env_steps=2942 t=0.12s
Ep   57: len= 35 黑胜 loss=28.0038 temp=1.00 total_env_steps=2977 t=0.09s
Ep   58: len= 59 黑胜 loss=28.1207 temp=1.00 total_env_steps=3036 t=0.16s
Ep   59: len= 48 白胜 loss=27.8596 temp=1.00 total_env_steps=3084 t=0.12s
Ep   60: len= 39 黑胜 loss=27.8659 temp=1.00 total_env_steps=3123 t=0.09s
Ep   61: len= 47 黑胜 loss=28.1835 temp=1.00 total_env_steps=3170 t=0.12s
Ep   62: len= 49 黑胜 loss=28.0795 temp=1.00 total_env_steps=3219 t=0.13s
Ep   63: len= 53 黑胜 loss=28.0934 temp=1.00 total_env_steps=3272 t=0.14s
Ep   64: len= 64 白胜 loss=27.8521 temp=1.00 total_env_steps=3336 t=0.16s
Ep   65: len= 62 白胜 loss=28.0928 temp=1.00 total_env_steps=3398 t=0.16s
Ep   66: len= 67 黑胜 loss=27.8079 temp=1.00 total_env_steps=3465 t=0.16s
Ep   67: len= 44 白胜 loss=27.7117 temp=1.00 total_env_steps=3509 t=0.11s
Ep   68: len= 53 黑胜 loss=27.7129 temp=1.00 total_env_steps=3562 t=0.14s
Ep   69: len= 51 黑胜 loss=27.8289 temp=1.00 total_env_steps=3613 t=0.13s
Ep   70: len= 52 白胜 loss=27.6746 temp=1.00 total_env_steps=3665 t=0.13s
Ep   71: len= 52 白胜 loss=27.7205 temp=1.00 total_env_steps=3717 t=0.13s
Ep   72: len= 52 白胜 loss=27.5474 temp=1.00 total_env_steps=3769 t=0.14s
Ep   73: len= 40 白胜 loss=27.7001 temp=1.00 total_env_steps=3809 t=0.10s
Ep   74: len= 61 黑胜 loss=27.8387 temp=1.00 total_env_steps=3870 t=0.14s
Ep   75: len= 62 白胜 loss=27.8688 temp=1.00 total_env_steps=3932 t=0.17s
Ep   76: len= 65 黑胜 loss=27.7199 temp=1.00 total_env_steps=3997 t=0.16s
Ep   77: len= 32 白胜 loss=27.6605 temp=1.00 total_env_steps=4029 t=0.10s
Ep   78: len= 68 白胜 loss=27.7688 temp=1.00 total_env_steps=4097 t=0.18s
Ep   79: len= 44 白胜 loss=27.7745 temp=1.00 total_env_steps=4141 t=0.12s
Ep   80: len= 45 黑胜 loss=27.8800 temp=1.00 total_env_steps=4186 t=0.12s
Ep   81: len= 39 黑胜 loss=27.7372 temp=1.00 total_env_steps=4225 t=0.11s
Ep   82: len= 47 黑胜 loss=27.6913 temp=1.00 total_env_steps=4272 t=0.12s
Ep   83: len= 60 白胜 loss=27.8023 temp=1.00 total_env_steps=4332 t=0.14s
Ep   84: len= 64 白胜 loss=27.8202 temp=1.00 total_env_steps=4396 t=0.15s
Ep   85: len= 42 白胜 loss=27.9058 temp=1.00 total_env_steps=4438 t=0.14s
Ep   86: len= 37 黑胜 loss=27.8942 temp=1.00 total_env_steps=4475 t=0.10s
Ep   87: len= 79 黑胜 loss=27.8579 temp=1.00 total_env_steps=4554 t=0.20s
Ep   88: len= 52 白胜 loss=28.0035 temp=1.00 total_env_steps=4606 t=0.13s
Ep   89: len= 44 白胜 loss=27.8155 temp=1.00 total_env_steps=4650 t=0.12s
Ep   90: len= 50 白胜 loss=27.8354 temp=1.00 total_env_steps=4700 t=0.12s
Ep   91: len= 52 白胜 loss=27.6830 temp=1.00 total_env_steps=4752 t=0.12s
Ep   92: len= 80 白胜 loss=27.9410 temp=1.00 total_env_steps=4832 t=0.19s
Ep   93: len= 61 黑胜 loss=27.6662 temp=1.00 total_env_steps=4893 t=0.19s
Ep   94: len= 39 黑胜 loss=27.9726 temp=1.00 total_env_steps=4932 t=0.19s
Ep   95: len= 70 白胜 loss=27.7135 temp=1.00 total_env_steps=5002 t=0.24s
Ep   96: len= 38 白胜 loss=28.0085 temp=1.00 total_env_steps=5040 t=0.12s
Ep   97: len= 62 白胜 loss=27.8246 temp=1.00 total_env_steps=5102 t=0.17s
Ep   98: len= 30 白胜 loss=27.8486 temp=1.00 total_env_steps=5132 t=0.09s
Ep   99: len= 54 白胜 loss=27.9599 temp=1.00 total_env_steps=5186 t=0.17s
Ep  100: len= 51 黑胜 loss=27.9240 temp=1.00 total_env_steps=5237 t=0.15s
Ep  101: len= 51 黑胜 loss=27.9260 temp=1.00 total_env_steps=5288 t=0.13s
Ep  102: len= 55 黑胜 loss=27.8223 temp=0.99 total_env_steps=5343 t=0.16s
Ep  103: len= 40 白胜 loss=27.9971 temp=0.99 total_env_steps=5383 t=0.10s
Ep  104: len= 47 黑胜 loss=27.9125 temp=0.98 total_env_steps=5430 t=0.14s
Ep  105: len= 38 白胜 loss=28.0560 temp=0.97 total_env_steps=5468 t=0.11s
Ep  106: len= 68 白胜 loss=27.9028 temp=0.96 total_env_steps=5536 t=0.21s
Ep  107: len= 50 白胜 loss=27.8503 temp=0.95 total_env_steps=5586 t=0.13s
Ep  108: len= 52 白胜 loss=27.9112 temp=0.95 total_env_steps=5638 t=0.13s
Ep  109: len= 69 黑胜 loss=27.7582 temp=0.94 total_env_steps=5707 t=0.17s
Ep  110: len= 53 黑胜 loss=27.7862 temp=0.93 total_env_steps=5760 t=0.13s
Ep  111: len= 47 黑胜 loss=27.7792 temp=0.93 total_env_steps=5807 t=0.12s
Ep  112: len= 52 白胜 loss=27.7492 temp=0.92 total_env_steps=5859 t=0.14s
Ep  113: len= 43 黑胜 loss=27.7860 temp=0.91 total_env_steps=5902 t=0.11s
Ep  114: len= 50 白胜 loss=27.7896 temp=0.90 total_env_steps=5952 t=0.13s
Ep  115: len= 52 白胜 loss=27.8988 temp=0.89 total_env_steps=6004 t=0.13s
Ep  116: len= 51 黑胜 loss=27.9075 temp=0.89 total_env_steps=6055 t=0.14s
Ep  117: len= 53 黑胜 loss=27.8580 temp=0.88 total_env_steps=6108 t=0.14s
Ep  118: len= 39 黑胜 loss=27.8972 temp=0.87 total_env_steps=6147 t=0.11s
Ep  119: len= 61 黑胜 loss=27.9390 temp=0.87 total_env_steps=6208 t=0.14s
Ep  120: len= 49 黑胜 loss=27.6697 temp=0.86 total_env_steps=6257 t=0.12s
Ep  121: len= 49 黑胜 loss=27.7623 temp=0.85 total_env_steps=6306 t=0.12s
Ep  122: len= 53 黑胜 loss=27.7536 temp=0.84 total_env_steps=6359 t=0.13s
Ep  123: len= 41 黑胜 loss=27.7425 temp=0.84 total_env_steps=6400 t=0.10s
Ep  124: len= 47 黑胜 loss=27.7222 temp=0.83 total_env_steps=6447 t=0.12s
Ep  125: len= 81 平局 loss=27.6961 temp=0.82 total_env_steps=6528 t=0.19s
Ep  126: len= 59 黑胜 loss=27.6874 temp=0.81 total_env_steps=6587 t=0.16s
Ep  127: len= 50 白胜 loss=27.7232 temp=0.81 total_env_steps=6637 t=0.14s
Ep  128: len= 63 黑胜 loss=27.7846 temp=0.80 total_env_steps=6700 t=0.16s
Ep  129: len= 62 白胜 loss=27.8819 temp=0.79 total_env_steps=6762 t=0.16s
Ep  130: len= 65 黑胜 loss=27.7813 temp=0.78 total_env_steps=6827 t=0.15s
Ep  131: len= 50 白胜 loss=27.7237 temp=0.77 total_env_steps=6877 t=0.12s
Ep  132: len= 40 白胜 loss=27.8749 temp=0.77 total_env_steps=6917 t=0.09s
Ep  133: len= 49 黑胜 loss=28.0148 temp=0.76 total_env_steps=6966 t=0.12s
Ep  134: len= 75 黑胜 loss=27.8738 temp=0.75 total_env_steps=7041 t=0.19s
Ep  135: len= 49 黑胜 loss=27.6185 temp=0.75 total_env_steps=7090 t=0.14s
Ep  136: len= 41 黑胜 loss=28.0507 temp=0.74 total_env_steps=7131 t=0.10s
Ep  137: len= 46 白胜 loss=27.7133 temp=0.73 total_env_steps=7177 t=0.11s
Ep  138: len= 40 白胜 loss=27.7752 temp=0.72 total_env_steps=7217 t=0.10s
Ep  139: len= 34 白胜 loss=27.7625 temp=0.72 total_env_steps=7251 t=0.09s
Ep  140: len= 61 黑胜 loss=27.6460 temp=0.71 total_env_steps=7312 t=0.15s
Ep  141: len= 46 白胜 loss=27.8273 temp=0.70 total_env_steps=7358 t=0.11s
Ep  142: len= 57 黑胜 loss=27.6268 temp=0.69 total_env_steps=7415 t=0.14s
Ep  143: len= 63 黑胜 loss=27.8108 temp=0.69 total_env_steps=7478 t=0.15s
Ep  144: len= 46 白胜 loss=27.6652 temp=0.68 total_env_steps=7524 t=0.11s
Ep  145: len= 59 黑胜 loss=27.7790 temp=0.67 total_env_steps=7583 t=0.14s
Ep  146: len= 44 白胜 loss=27.8101 temp=0.66 total_env_steps=7627 t=0.11s
Ep  147: len= 35 黑胜 loss=27.8329 temp=0.65 total_env_steps=7662 t=0.09s
Ep  148: len= 43 黑胜 loss=27.6110 temp=0.65 total_env_steps=7705 t=0.10s
Ep  149: len= 40 白胜 loss=27.7497 temp=0.64 total_env_steps=7745 t=0.09s
Ep  150: len= 77 黑胜 loss=27.6628 temp=0.63 total_env_steps=7822 t=0.19s
Ep  151: len= 39 黑胜 loss=27.7209 temp=0.62 total_env_steps=7861 t=0.10s
Ep  152: len= 41 黑胜 loss=27.8172 temp=0.62 total_env_steps=7902 t=0.10s
Ep  153: len= 40 白胜 loss=27.6909 temp=0.61 total_env_steps=7942 t=0.10s
Ep  154: len= 35 黑胜 loss=28.0049 temp=0.60 total_env_steps=7977 t=0.09s
Ep  155: len= 42 白胜 loss=27.6146 temp=0.59 total_env_steps=8019 t=0.11s
Ep  156: len= 34 白胜 loss=27.6005 temp=0.59 total_env_steps=8053 t=0.08s
Ep  157: len= 77 黑胜 loss=27.6757 temp=0.58 total_env_steps=8130 t=0.19s
Ep  158: len= 37 黑胜 loss=28.0045 temp=0.57 total_env_steps=8167 t=0.09s
Ep  159: len= 38 白胜 loss=27.8268 temp=0.56 total_env_steps=8205 t=0.09s
Ep  160: len= 36 白胜 loss=27.7222 temp=0.56 total_env_steps=8241 t=0.09s
Ep  161: len= 60 白胜 loss=27.6398 temp=0.55 total_env_steps=8301 t=0.14s
Ep  162: len= 42 白胜 loss=27.8820 temp=0.54 total_env_steps=8343 t=0.10s
Ep  163: len= 71 黑胜 loss=27.7142 temp=0.53 total_env_steps=8414 t=0.16s
Ep  164: len= 47 黑胜 loss=27.8028 temp=0.53 total_env_steps=8461 t=0.11s
Ep  165: len= 47 黑胜 loss=27.9878 temp=0.52 total_env_steps=8508 t=0.12s
Ep  166: len= 54 白胜 loss=27.6603 temp=0.51 total_env_steps=8562 t=0.13s
Ep  167: len= 48 白胜 loss=27.6975 temp=0.50 total_env_steps=8610 t=0.12s
Ep  168: len= 40 白胜 loss=27.8522 temp=0.50 total_env_steps=8650 t=0.10s
Ep  169: len= 72 白胜 loss=27.7313 temp=0.49 total_env_steps=8722 t=0.17s
Ep  170: len= 49 黑胜 loss=27.6340 temp=0.48 total_env_steps=8771 t=0.14s
Ep  171: len= 52 白胜 loss=27.6384 temp=0.48 total_env_steps=8823 t=0.14s
Ep  172: len= 36 白胜 loss=27.6212 temp=0.47 total_env_steps=8859 t=0.11s
Ep  173: len= 38 白胜 loss=27.7283 temp=0.46 total_env_steps=8897 t=0.11s
Ep  174: len= 59 黑胜 loss=27.6855 temp=0.45 total_env_steps=8956 t=0.14s
Ep  175: len= 45 黑胜 loss=27.7759 temp=0.44 total_env_steps=9001 t=0.13s
Ep  176: len= 55 黑胜 loss=27.8720 temp=0.44 total_env_steps=9056 t=0.16s
Ep  177: len= 47 黑胜 loss=27.7424 temp=0.43 total_env_steps=9103 t=0.13s
Ep  178: len= 72 白胜 loss=28.0197 temp=0.42 total_env_steps=9175 t=0.17s
Ep  179: len= 59 黑胜 loss=27.7062 temp=0.42 total_env_steps=9234 t=0.14s
Ep  180: len= 65 黑胜 loss=27.8533 temp=0.41 total_env_steps=9299 t=0.17s
Ep  181: len= 38 白胜 loss=27.6778 temp=0.40 total_env_steps=9337 t=0.10s
Ep  182: len= 66 白胜 loss=27.7602 temp=0.39 total_env_steps=9403 t=0.18s
Ep  183: len= 43 黑胜 loss=27.4804 temp=0.38 total_env_steps=9446 t=0.11s
Ep  184: len= 41 黑胜 loss=27.7217 temp=0.38 total_env_steps=9487 t=0.12s
Ep  185: len= 48 白胜 loss=27.8764 temp=0.37 total_env_steps=9535 t=0.13s
Ep  186: len= 65 黑胜 loss=27.6324 temp=0.36 total_env_steps=9600 t=0.17s
Ep  187: len= 30 白胜 loss=27.9062 temp=0.36 total_env_steps=9630 t=0.09s
Ep  188: len= 50 白胜 loss=27.7314 temp=0.35 total_env_steps=9680 t=0.13s
Ep  189: len= 30 白胜 loss=27.6641 temp=0.34 total_env_steps=9710 t=0.08s
Ep  190: len= 52 白胜 loss=27.8262 temp=0.33 total_env_steps=9762 t=0.13s
Ep  191: len= 64 白胜 loss=27.7151 temp=0.33 total_env_steps=9826 t=0.16s
Ep  192: len= 49 黑胜 loss=27.7759 temp=0.32 total_env_steps=9875 t=0.12s
Ep  193: len= 43 黑胜 loss=27.6816 temp=0.31 total_env_steps=9918 t=0.10s
Ep  194: len= 54 白胜 loss=27.8682 temp=0.30 total_env_steps=9972 t=0.13s
Ep  195: len= 51 黑胜 loss=27.6611 temp=0.30 total_env_steps=10023 t=0.14s
Ep  196: len= 36 白胜 loss=27.7364 temp=0.29 total_env_steps=10059 t=0.10s
Ep  197: len= 47 黑胜 loss=27.7139 temp=0.28 total_env_steps=10106 t=0.13s
Ep  198: len= 56 白胜 loss=27.5149 temp=0.27 total_env_steps=10162 t=0.14s
Ep  199: len= 47 黑胜 loss=27.9872 temp=0.26 total_env_steps=10209 t=0.11s
Ep  200: len= 53 黑胜 loss=27.8337 temp=0.26 total_env_steps=10262 t=0.14s
  eval vs Gomoku-random-v0: win_rate=0.80 mean_return=0.60（20 局，total_env_steps=10262）
Ep  201: len= 73 黑胜 loss=27.6804 temp=0.25 total_env_steps=10335 t=0.19s
Ep  202: len= 39 黑胜 loss=27.7702 temp=0.25 total_env_steps=10374 t=0.10s
Ep  203: len= 48 白胜 loss=27.9226 temp=0.25 total_env_steps=10422 t=0.12s
Ep  204: len= 28 白胜 loss=27.6993 temp=0.25 total_env_steps=10450 t=0.08s
Ep  205: len= 45 黑胜 loss=27.5111 temp=0.25 total_env_steps=10495 t=0.12s
Ep  206: len= 48 白胜 loss=27.5506 temp=0.25 total_env_steps=10543 t=0.12s
Ep  207: len= 54 白胜 loss=27.5979 temp=0.25 total_env_steps=10597 t=0.15s
Ep  208: len= 50 白胜 loss=27.8169 temp=0.25 total_env_steps=10647 t=0.13s
Ep  209: len= 47 黑胜 loss=27.6861 temp=0.25 total_env_steps=10694 t=0.12s
Ep  210: len= 47 黑胜 loss=27.7286 temp=0.25 total_env_steps=10741 t=0.13s
Ep  211: len= 63 黑胜 loss=27.5460 temp=0.25 total_env_steps=10804 t=0.15s
Ep  212: len= 47 黑胜 loss=27.7170 temp=0.25 total_env_steps=10851 t=0.13s
Ep  213: len= 35 黑胜 loss=27.7356 temp=0.25 total_env_steps=10886 t=0.10s
Ep  214: len= 40 白胜 loss=27.5553 temp=0.25 total_env_steps=10926 t=0.11s
Ep  215: len= 66 白胜 loss=27.6251 temp=0.25 total_env_steps=10992 t=0.18s
Ep  216: len= 39 黑胜 loss=27.6580 temp=0.25 total_env_steps=11031 t=0.11s
Ep  217: len= 62 白胜 loss=27.7474 temp=0.25 total_env_steps=11093 t=0.16s
Ep  218: len= 44 白胜 loss=27.5448 temp=0.25 total_env_steps=11137 t=0.13s
Ep  219: len= 73 黑胜 loss=27.6520 temp=0.25 total_env_steps=11210 t=0.18s
Ep  220: len= 49 黑胜 loss=27.7779 temp=0.25 total_env_steps=11259 t=0.14s
Ep  221: len= 43 黑胜 loss=27.6565 temp=0.25 total_env_steps=11302 t=0.12s
Ep  222: len= 50 白胜 loss=27.6009 temp=0.25 total_env_steps=11352 t=0.13s
Ep  223: len= 51 黑胜 loss=27.8482 temp=0.25 total_env_steps=11403 t=0.13s
Ep  224: len= 43 黑胜 loss=27.6823 temp=0.25 total_env_steps=11446 t=0.11s
Ep  225: len= 69 黑胜 loss=27.5343 temp=0.25 total_env_steps=11515 t=0.18s
Ep  226: len= 73 黑胜 loss=27.6403 temp=0.25 total_env_steps=11588 t=0.18s
Ep  227: len= 46 白胜 loss=28.0662 temp=0.25 total_env_steps=11634 t=0.12s
Ep  228: len= 48 白胜 loss=27.8182 temp=0.25 total_env_steps=11682 t=0.12s
Ep  229: len= 42 白胜 loss=27.7519 temp=0.25 total_env_steps=11724 t=0.11s
Ep  230: len= 55 黑胜 loss=27.7237 temp=0.25 total_env_steps=11779 t=0.14s
Ep  231: len= 41 黑胜 loss=27.7922 temp=0.25 total_env_steps=11820 t=0.10s
Ep  232: len= 44 白胜 loss=27.5992 temp=0.25 total_env_steps=11864 t=0.13s
Ep  233: len= 24 白胜 loss=27.6715 temp=0.25 total_env_steps=11888 t=0.08s
Ep  234: len= 31 黑胜 loss=27.5692 temp=0.25 total_env_steps=11919 t=0.08s
Ep  235: len= 45 黑胜 loss=27.7339 temp=0.25 total_env_steps=11964 t=0.13s
Ep  236: len= 40 白胜 loss=27.5091 temp=0.25 total_env_steps=12004 t=0.11s
Ep  237: len= 44 白胜 loss=27.8557 temp=0.25 total_env_steps=12048 t=0.11s
Ep  238: len= 27 黑胜 loss=27.4830 temp=0.25 total_env_steps=12075 t=0.08s
Ep  239: len= 62 白胜 loss=27.6268 temp=0.25 total_env_steps=12137 t=0.15s
Ep  240: len= 43 黑胜 loss=27.8605 temp=0.25 total_env_steps=12180 t=0.11s
Ep  241: len= 43 黑胜 loss=27.8142 temp=0.25 total_env_steps=12223 t=0.12s
Ep  242: len= 36 白胜 loss=27.7848 temp=0.25 total_env_steps=12259 t=0.10s
Ep  243: len= 40 白胜 loss=27.4122 temp=0.25 total_env_steps=12299 t=0.10s
Ep  244: len= 45 黑胜 loss=27.7598 temp=0.25 total_env_steps=12344 t=0.13s
Ep  245: len= 38 白胜 loss=27.5528 temp=0.25 total_env_steps=12382 t=0.10s
Ep  246: len= 43 黑胜 loss=27.6371 temp=0.25 total_env_steps=12425 t=0.11s
Ep  247: len= 63 黑胜 loss=27.6054 temp=0.25 total_env_steps=12488 t=0.15s
Ep  248: len= 42 白胜 loss=27.5283 temp=0.25 total_env_steps=12530 t=0.11s
Ep  249: len= 52 白胜 loss=27.6947 temp=0.25 total_env_steps=12582 t=0.13s
Ep  250: len= 38 白胜 loss=27.8117 temp=0.25 total_env_steps=12620 t=0.10s
Ep  251: len= 66 白胜 loss=27.6278 temp=0.25 total_env_steps=12686 t=0.18s
Ep  252: len= 32 白胜 loss=27.6101 temp=0.25 total_env_steps=12718 t=0.11s
Ep  253: len= 32 白胜 loss=27.5686 temp=0.25 total_env_steps=12750 t=0.09s
Ep  254: len= 58 白胜 loss=27.9871 temp=0.25 total_env_steps=12808 t=0.14s
Ep  255: len= 55 黑胜 loss=27.5833 temp=0.25 total_env_steps=12863 t=0.14s
Ep  256: len= 24 白胜 loss=27.5258 temp=0.25 total_env_steps=12887 t=0.07s
Ep  257: len= 57 黑胜 loss=27.5642 temp=0.25 total_env_steps=12944 t=0.15s
Ep  258: len= 69 黑胜 loss=27.4109 temp=0.25 total_env_steps=13013 t=0.16s
Ep  259: len= 31 黑胜 loss=27.5754 temp=0.25 total_env_steps=13044 t=0.09s
Ep  260: len= 58 白胜 loss=27.3480 temp=0.25 total_env_steps=13102 t=0.14s
Ep  261: len= 43 黑胜 loss=27.8585 temp=0.25 total_env_steps=13145 t=0.12s
Ep  262: len= 35 黑胜 loss=27.6639 temp=0.25 total_env_steps=13180 t=0.11s
Ep  263: len= 37 黑胜 loss=27.7245 temp=0.25 total_env_steps=13217 t=0.10s
Ep  264: len= 44 白胜 loss=27.3394 temp=0.25 total_env_steps=13261 t=0.12s
Ep  265: len= 44 白胜 loss=27.5000 temp=0.25 total_env_steps=13305 t=0.12s
Ep  266: len= 64 白胜 loss=27.6896 temp=0.25 total_env_steps=13369 t=0.16s
Ep  267: len= 66 白胜 loss=27.6606 temp=0.25 total_env_steps=13435 t=0.16s
Ep  268: len= 60 白胜 loss=27.8688 temp=0.25 total_env_steps=13495 t=0.15s
Ep  269: len= 57 黑胜 loss=27.3658 temp=0.25 total_env_steps=13552 t=0.14s
Ep  270: len= 37 黑胜 loss=27.4790 temp=0.25 total_env_steps=13589 t=0.10s
Ep  271: len= 52 白胜 loss=27.3987 temp=0.25 total_env_steps=13641 t=0.13s
Ep  272: len= 38 白胜 loss=27.7339 temp=0.25 total_env_steps=13679 t=0.11s
Ep  273: len= 57 黑胜 loss=27.6162 temp=0.25 total_env_steps=13736 t=0.15s
Ep  274: len= 33 黑胜 loss=27.5794 temp=0.25 total_env_steps=13769 t=0.09s
Ep  275: len= 41 黑胜 loss=27.3217 temp=0.25 total_env_steps=13810 t=0.11s
Ep  276: len= 29 黑胜 loss=27.4839 temp=0.25 total_env_steps=13839 t=0.08s
Ep  277: len= 27 黑胜 loss=27.4249 temp=0.25 total_env_steps=13866 t=0.08s
Ep  278: len= 43 黑胜 loss=27.5763 temp=0.25 total_env_steps=13909 t=0.11s
Ep  279: len= 55 黑胜 loss=27.2499 temp=0.25 total_env_steps=13964 t=0.14s
Ep  280: len= 48 白胜 loss=27.5220 temp=0.25 total_env_steps=14012 t=0.12s
Ep  281: len= 50 白胜 loss=27.4602 temp=0.25 total_env_steps=14062 t=0.13s
Ep  282: len= 43 黑胜 loss=27.5102 temp=0.25 total_env_steps=14105 t=0.12s
Ep  283: len= 45 黑胜 loss=27.2338 temp=0.25 total_env_steps=14150 t=0.12s
Ep  284: len= 33 黑胜 loss=27.2845 temp=0.25 total_env_steps=14183 t=0.10s
Ep  285: len= 40 白胜 loss=27.5747 temp=0.25 total_env_steps=14223 t=0.11s
Ep  286: len= 42 白胜 loss=27.2274 temp=0.25 total_env_steps=14265 t=0.12s
Ep  287: len= 51 黑胜 loss=27.4264 temp=0.25 total_env_steps=14316 t=0.14s
Ep  288: len= 25 黑胜 loss=27.3552 temp=0.25 total_env_steps=14341 t=0.08s
Ep  289: len= 42 白胜 loss=27.5930 temp=0.25 total_env_steps=14383 t=0.14s
Ep  290: len= 43 黑胜 loss=27.4260 temp=0.25 total_env_steps=14426 t=0.13s
Ep  291: len= 35 黑胜 loss=27.3955 temp=0.25 total_env_steps=14461 t=0.09s
Ep  292: len= 39 黑胜 loss=27.4009 temp=0.25 total_env_steps=14500 t=0.10s
Ep  293: len= 39 黑胜 loss=27.3375 temp=0.25 total_env_steps=14539 t=0.12s
Ep  294: len= 51 黑胜 loss=27.5982 temp=0.25 total_env_steps=14590 t=0.14s
Ep  295: len= 45 黑胜 loss=27.1927 temp=0.25 total_env_steps=14635 t=0.12s
Ep  296: len= 47 黑胜 loss=27.2658 temp=0.25 total_env_steps=14682 t=0.13s
Ep  297: len= 48 白胜 loss=27.3964 temp=0.25 total_env_steps=14730 t=0.12s
Ep  298: len= 39 黑胜 loss=27.2486 temp=0.25 total_env_steps=14769 t=0.11s
Ep  299: len= 39 黑胜 loss=27.9979 temp=0.25 total_env_steps=14808 t=0.11s
Ep  300: len= 53 黑胜 loss=27.2324 temp=0.25 total_env_steps=14861 t=0.15s
Ep  301: len= 55 黑胜 loss=27.3599 temp=0.25 total_env_steps=14916 t=0.15s
Ep  302: len= 62 白胜 loss=27.0727 temp=0.25 total_env_steps=14978 t=0.16s
Ep  303: len= 51 黑胜 loss=27.4146 temp=0.25 total_env_steps=15029 t=0.13s
Ep  304: len= 38 白胜 loss=27.3713 temp=0.25 total_env_steps=15067 t=0.10s
Ep  305: len= 42 白胜 loss=27.5619 temp=0.25 total_env_steps=15109 t=0.11s
Ep  306: len= 37 黑胜 loss=26.9907 temp=0.25 total_env_steps=15146 t=0.11s
Ep  307: len= 47 黑胜 loss=27.4758 temp=0.25 total_env_steps=15193 t=0.12s
Ep  308: len= 72 白胜 loss=27.2940 temp=0.25 total_env_steps=15265 t=0.19s
Ep  309: len= 34 白胜 loss=27.4431 temp=0.25 total_env_steps=15299 t=0.10s
Ep  310: len= 36 白胜 loss=27.1360 temp=0.25 total_env_steps=15335 t=0.10s
Ep  311: len= 35 黑胜 loss=27.6663 temp=0.25 total_env_steps=15370 t=0.09s
Ep  312: len= 67 黑胜 loss=26.8030 temp=0.25 total_env_steps=15437 t=0.18s
Ep  313: len= 64 白胜 loss=27.0231 temp=0.25 total_env_steps=15501 t=0.17s
Ep  314: len= 39 黑胜 loss=27.0883 temp=0.25 total_env_steps=15540 t=0.10s
Ep  315: len= 31 黑胜 loss=27.0987 temp=0.25 total_env_steps=15571 t=0.09s
Ep  316: len= 38 白胜 loss=27.3163 temp=0.25 total_env_steps=15609 t=0.11s
Ep  317: len= 27 黑胜 loss=26.9376 temp=0.25 total_env_steps=15636 t=0.08s
Ep  318: len= 31 黑胜 loss=27.3031 temp=0.25 total_env_steps=15667 t=0.09s
Ep  319: len= 40 白胜 loss=27.2149 temp=0.25 total_env_steps=15707 t=0.10s
Ep  320: len= 47 黑胜 loss=27.4010 temp=0.25 total_env_steps=15754 t=0.13s
Ep  321: len= 23 黑胜 loss=27.3594 temp=0.25 total_env_steps=15777 t=0.07s
Ep  322: len= 23 黑胜 loss=26.9789 temp=0.25 total_env_steps=15800 t=0.08s
Ep  323: len= 56 白胜 loss=27.2223 temp=0.25 total_env_steps=15856 t=0.16s
Ep  324: len= 44 白胜 loss=27.1383 temp=0.25 total_env_steps=15900 t=0.13s
Ep  325: len= 36 白胜 loss=27.3103 temp=0.25 total_env_steps=15936 t=0.11s
Ep  326: len= 25 黑胜 loss=27.0499 temp=0.25 total_env_steps=15961 t=0.08s
Ep  327: len= 33 黑胜 loss=27.0464 temp=0.25 total_env_steps=15994 t=0.10s
Ep  328: len= 42 白胜 loss=27.3269 temp=0.25 total_env_steps=16036 t=0.13s
Ep  329: len= 25 黑胜 loss=27.3521 temp=0.25 total_env_steps=16061 t=0.09s
Ep  330: len= 43 黑胜 loss=27.0747 temp=0.25 total_env_steps=16104 t=0.12s
Ep  331: len= 58 白胜 loss=27.1790 temp=0.25 total_env_steps=16162 t=0.16s
Ep  332: len= 32 白胜 loss=27.0929 temp=0.25 total_env_steps=16194 t=0.10s
Ep  333: len= 43 黑胜 loss=26.7272 temp=0.25 total_env_steps=16237 t=0.11s
Ep  334: len= 34 白胜 loss=26.9439 temp=0.25 total_env_steps=16271 t=0.10s
Ep  335: len= 46 白胜 loss=26.9293 temp=0.25 total_env_steps=16317 t=0.12s
Ep  336: len= 54 白胜 loss=26.9225 temp=0.25 total_env_steps=16371 t=0.15s
Ep  337: len= 43 黑胜 loss=26.6334 temp=0.25 total_env_steps=16414 t=0.12s
Ep  338: len= 31 黑胜 loss=26.8382 temp=0.25 total_env_steps=16445 t=0.09s
Ep  339: len= 42 白胜 loss=26.5934 temp=0.25 total_env_steps=16487 t=0.11s
Ep  340: len= 33 黑胜 loss=26.7423 temp=0.25 total_env_steps=16520 t=0.09s
Ep  341: len= 68 白胜 loss=26.8026 temp=0.25 total_env_steps=16588 t=0.18s
Ep  342: len= 37 黑胜 loss=27.0512 temp=0.25 total_env_steps=16625 t=0.10s
Ep  343: len= 49 黑胜 loss=26.7853 temp=0.25 total_env_steps=16674 t=0.13s
Ep  344: len= 55 黑胜 loss=26.9122 temp=0.25 total_env_steps=16729 t=0.14s
Ep  345: len= 39 黑胜 loss=27.1320 temp=0.25 total_env_steps=16768 t=0.12s
Ep  346: len= 38 白胜 loss=26.7714 temp=0.25 total_env_steps=16806 t=0.10s
Ep  347: len= 57 黑胜 loss=27.0283 temp=0.25 total_env_steps=16863 t=0.15s
Ep  348: len= 46 白胜 loss=26.5978 temp=0.25 total_env_steps=16909 t=0.11s
Ep  349: len= 65 黑胜 loss=26.6963 temp=0.25 total_env_steps=16974 t=0.16s
Ep  350: len= 50 白胜 loss=26.7667 temp=0.25 total_env_steps=17024 t=0.13s
Ep  351: len= 38 白胜 loss=26.7133 temp=0.25 total_env_steps=17062 t=0.10s
Ep  352: len= 44 白胜 loss=27.1617 temp=0.25 total_env_steps=17106 t=0.11s
Ep  353: len= 60 白胜 loss=27.2024 temp=0.25 total_env_steps=17166 t=0.15s
Ep  354: len= 62 白胜 loss=26.8085 temp=0.25 total_env_steps=17228 t=0.16s
Ep  355: len= 50 白胜 loss=26.9107 temp=0.25 total_env_steps=17278 t=0.14s
Ep  356: len= 29 黑胜 loss=26.8365 temp=0.25 total_env_steps=17307 t=0.08s
Ep  357: len= 40 白胜 loss=26.5895 temp=0.25 total_env_steps=17347 t=0.10s
Ep  358: len= 38 白胜 loss=26.6221 temp=0.25 total_env_steps=17385 t=0.11s
Ep  359: len= 21 黑胜 loss=26.7814 temp=0.25 total_env_steps=17406 t=0.08s
Ep  360: len= 33 黑胜 loss=27.2317 temp=0.25 total_env_steps=17439 t=0.10s
Ep  361: len= 35 黑胜 loss=26.7755 temp=0.25 total_env_steps=17474 t=0.11s
Ep  362: len= 29 黑胜 loss=26.6482 temp=0.25 total_env_steps=17503 t=0.08s
Ep  363: len= 49 黑胜 loss=26.7072 temp=0.25 total_env_steps=17552 t=0.13s
Ep  364: len= 60 白胜 loss=26.3127 temp=0.25 total_env_steps=17612 t=0.17s
Ep  365: len= 23 黑胜 loss=26.4260 temp=0.25 total_env_steps=17635 t=0.07s
Ep  366: len= 54 白胜 loss=26.6153 temp=0.25 total_env_steps=17689 t=0.14s
Ep  367: len= 49 黑胜 loss=26.5251 temp=0.25 total_env_steps=17738 t=0.13s
Ep  368: len= 48 白胜 loss=26.7110 temp=0.25 total_env_steps=17786 t=0.14s
Ep  369: len= 58 白胜 loss=27.0182 temp=0.25 total_env_steps=17844 t=0.15s
Ep  370: len= 16 白胜 loss=26.6700 temp=0.25 total_env_steps=17860 t=0.06s
Ep  371: len= 44 白胜 loss=26.5315 temp=0.25 total_env_steps=17904 t=0.11s
Ep  372: len= 53 黑胜 loss=26.8166 temp=0.25 total_env_steps=17957 t=0.14s
Ep  373: len= 37 黑胜 loss=27.1567 temp=0.25 total_env_steps=17994 t=0.10s
Ep  374: len= 61 黑胜 loss=26.6265 temp=0.25 total_env_steps=18055 t=0.16s
Ep  375: len= 53 黑胜 loss=26.9884 temp=0.25 total_env_steps=18108 t=0.14s
Ep  376: len= 41 黑胜 loss=26.6751 temp=0.25 total_env_steps=18149 t=0.12s
Ep  377: len= 27 黑胜 loss=26.5485 temp=0.25 total_env_steps=18176 t=0.07s
Ep  378: len= 33 黑胜 loss=27.3895 temp=0.25 total_env_steps=18209 t=0.09s
Ep  379: len= 42 白胜 loss=27.2446 temp=0.25 total_env_steps=18251 t=0.10s
Ep  380: len= 21 黑胜 loss=26.5409 temp=0.25 total_env_steps=18272 t=0.07s
Ep  381: len= 56 白胜 loss=26.5571 temp=0.25 total_env_steps=18328 t=0.15s
Ep  382: len= 58 白胜 loss=26.7860 temp=0.25 total_env_steps=18386 t=0.14s
Ep  383: len= 61 黑胜 loss=26.0824 temp=0.25 total_env_steps=18447 t=0.16s
Ep  384: len= 27 黑胜 loss=27.1917 temp=0.25 total_env_steps=18474 t=0.08s
Ep  385: len= 51 黑胜 loss=26.1967 temp=0.25 total_env_steps=18525 t=0.13s
Ep  386: len= 45 黑胜 loss=26.9227 temp=0.25 total_env_steps=18570 t=0.11s
Ep  387: len= 42 白胜 loss=26.7772 temp=0.25 total_env_steps=18612 t=0.12s
Ep  388: len= 21 黑胜 loss=26.7002 temp=0.25 total_env_steps=18633 t=0.07s
Ep  389: len= 37 黑胜 loss=27.1229 temp=0.25 total_env_steps=18670 t=0.11s
Ep  390: len= 38 白胜 loss=26.5538 temp=0.25 total_env_steps=18708 t=0.11s
Ep  391: len= 22 白胜 loss=27.3120 temp=0.25 total_env_steps=18730 t=0.07s
Ep  392: len= 49 黑胜 loss=27.0728 temp=0.25 total_env_steps=18779 t=0.13s
Ep  393: len= 46 白胜 loss=26.5694 temp=0.25 total_env_steps=18825 t=0.13s
Ep  394: len= 42 白胜 loss=26.0441 temp=0.25 total_env_steps=18867 t=0.12s
Ep  395: len= 38 白胜 loss=26.4802 temp=0.25 total_env_steps=18905 t=0.10s
Ep  396: len= 47 黑胜 loss=26.9691 temp=0.25 total_env_steps=18952 t=0.15s
Ep  397: len= 55 黑胜 loss=26.6660 temp=0.25 total_env_steps=19007 t=0.15s
Ep  398: len= 48 白胜 loss=26.3900 temp=0.25 total_env_steps=19055 t=0.13s
Ep  399: len= 44 白胜 loss=26.4131 temp=0.25 total_env_steps=19099 t=0.13s
Ep  400: len= 30 白胜 loss=26.2692 temp=0.25 total_env_steps=19129 t=0.09s
  eval vs Gomoku-random-v0: win_rate=0.90 mean_return=0.80（20 局，total_env_steps=19129）
Ep  401: len= 47 黑胜 loss=26.3323 temp=0.25 total_env_steps=19176 t=0.13s
Ep  402: len= 47 黑胜 loss=26.5896 temp=0.25 total_env_steps=19223 t=0.12s
Ep  403: len= 46 白胜 loss=26.4207 temp=0.25 total_env_steps=19269 t=0.12s
Ep  404: len= 73 黑胜 loss=26.2835 temp=0.25 total_env_steps=19342 t=0.18s
Ep  405: len= 68 白胜 loss=26.6490 temp=0.25 total_env_steps=19410 t=0.16s
Ep  406: len= 25 黑胜 loss=26.7726 temp=0.25 total_env_steps=19435 t=0.07s
Ep  407: len= 39 黑胜 loss=26.6302 temp=0.25 total_env_steps=19474 t=0.10s
Ep  408: len= 34 白胜 loss=26.5057 temp=0.25 total_env_steps=19508 t=0.10s
Ep  409: len= 63 黑胜 loss=26.4920 temp=0.25 total_env_steps=19571 t=0.16s
Ep  410: len= 53 黑胜 loss=26.0437 temp=0.25 total_env_steps=19624 t=0.14s
Ep  411: len= 29 黑胜 loss=26.9364 temp=0.25 total_env_steps=19653 t=0.09s
Ep  412: len= 57 黑胜 loss=26.8192 temp=0.25 total_env_steps=19710 t=0.14s
Ep  413: len= 53 黑胜 loss=26.2709 temp=0.25 total_env_steps=19763 t=0.13s
Ep  414: len= 52 白胜 loss=26.4872 temp=0.25 total_env_steps=19815 t=0.13s
Ep  415: len= 43 黑胜 loss=26.1945 temp=0.25 total_env_steps=19858 t=0.12s
Ep  416: len= 29 黑胜 loss=25.7575 temp=0.25 total_env_steps=19887 t=0.08s
Ep  417: len= 39 黑胜 loss=25.9154 temp=0.25 total_env_steps=19926 t=0.11s
Ep  418: len= 49 黑胜 loss=26.2064 temp=0.25 total_env_steps=19975 t=0.14s
Ep  419: len= 53 黑胜 loss=26.0699 temp=0.25 total_env_steps=20028 t=0.13s
Ep  420: len= 55 黑胜 loss=26.3554 temp=0.25 total_env_steps=20083 t=0.15s
Ep  421: len= 57 黑胜 loss=26.1479 temp=0.25 total_env_steps=20140 t=0.14s
Ep  422: len= 45 黑胜 loss=26.2550 temp=0.25 total_env_steps=20185 t=0.12s
Ep  423: len= 45 黑胜 loss=26.2404 temp=0.25 total_env_steps=20230 t=0.12s
Ep  424: len= 28 白胜 loss=25.9538 temp=0.25 total_env_steps=20258 t=0.09s
Ep  425: len= 17 黑胜 loss=25.9092 temp=0.25 total_env_steps=20275 t=0.06s
Ep  426: len= 29 黑胜 loss=25.9884 temp=0.25 total_env_steps=20304 t=0.09s
Ep  427: len= 50 白胜 loss=25.8862 temp=0.25 total_env_steps=20354 t=0.13s
Ep  428: len= 13 黑胜 loss=25.5344 temp=0.25 total_env_steps=20367 t=0.05s
Ep  429: len= 30 白胜 loss=25.7614 temp=0.25 total_env_steps=20397 t=0.09s
Ep  430: len= 49 黑胜 loss=25.5996 temp=0.25 total_env_steps=20446 t=0.13s
Ep  431: len= 33 黑胜 loss=25.9109 temp=0.25 total_env_steps=20479 t=0.09s
Ep  432: len= 23 黑胜 loss=26.4445 temp=0.25 total_env_steps=20502 t=0.08s
Ep  433: len= 23 黑胜 loss=26.2745 temp=0.25 total_env_steps=20525 t=0.08s
Ep  434: len= 51 黑胜 loss=25.1855 temp=0.25 total_env_steps=20576 t=0.15s
Ep  435: len= 59 黑胜 loss=26.1068 temp=0.25 total_env_steps=20635 t=0.16s
Ep  436: len= 70 白胜 loss=25.9659 temp=0.25 total_env_steps=20705 t=0.18s
Ep  437: len= 44 白胜 loss=26.0446 temp=0.25 total_env_steps=20749 t=0.12s
Ep  438: len= 34 白胜 loss=25.9873 temp=0.25 total_env_steps=20783 t=0.10s
Ep  439: len= 57 黑胜 loss=26.1126 temp=0.25 total_env_steps=20840 t=0.16s
Ep  440: len= 70 白胜 loss=25.6207 temp=0.25 total_env_steps=20910 t=0.17s
Ep  441: len= 33 黑胜 loss=25.5164 temp=0.25 total_env_steps=20943 t=0.10s
Ep  442: len= 41 黑胜 loss=25.6436 temp=0.25 total_env_steps=20984 t=0.10s
Ep  443: len= 32 白胜 loss=25.7985 temp=0.25 total_env_steps=21016 t=0.09s
Ep  444: len= 61 黑胜 loss=25.7790 temp=0.25 total_env_steps=21077 t=0.16s
Ep  445: len= 57 黑胜 loss=25.5229 temp=0.25 total_env_steps=21134 t=0.15s
Ep  446: len= 25 黑胜 loss=25.6997 temp=0.25 total_env_steps=21159 t=0.08s
Ep  447: len= 58 白胜 loss=25.9755 temp=0.25 total_env_steps=21217 t=0.15s
Ep  448: len= 32 白胜 loss=25.8478 temp=0.25 total_env_steps=21249 t=0.09s
Ep  449: len= 40 白胜 loss=25.6675 temp=0.25 total_env_steps=21289 t=0.11s
Ep  450: len= 39 黑胜 loss=25.7763 temp=0.25 total_env_steps=21328 t=0.11s
Ep  451: len= 45 黑胜 loss=25.6298 temp=0.25 total_env_steps=21373 t=0.12s
Ep  452: len= 19 黑胜 loss=25.9448 temp=0.25 total_env_steps=21392 t=0.07s
Ep  453: len= 41 黑胜 loss=25.9743 temp=0.25 total_env_steps=21433 t=0.11s
Ep  454: len= 32 白胜 loss=25.0575 temp=0.25 total_env_steps=21465 t=0.10s
Ep  455: len= 66 白胜 loss=25.7227 temp=0.25 total_env_steps=21531 t=0.16s
Ep  456: len= 76 白胜 loss=25.7167 temp=0.25 total_env_steps=21607 t=0.19s
Ep  457: len= 29 黑胜 loss=24.9272 temp=0.25 total_env_steps=21636 t=0.09s
Ep  458: len= 58 白胜 loss=24.8739 temp=0.25 total_env_steps=21694 t=0.14s
Ep  459: len= 49 黑胜 loss=25.4532 temp=0.25 total_env_steps=21743 t=0.13s
Ep  460: len= 52 白胜 loss=25.0917 temp=0.25 total_env_steps=21795 t=0.14s
Ep  461: len= 33 黑胜 loss=25.8989 temp=0.25 total_env_steps=21828 t=0.09s
Ep  462: len= 23 黑胜 loss=25.6823 temp=0.25 total_env_steps=21851 t=0.08s
Ep  463: len= 42 白胜 loss=25.2662 temp=0.25 total_env_steps=21893 t=0.12s
Ep  464: len= 29 黑胜 loss=25.8346 temp=0.25 total_env_steps=21922 t=0.08s
Ep  465: len= 41 黑胜 loss=25.3714 temp=0.25 total_env_steps=21963 t=0.11s
Ep  466: len= 56 白胜 loss=25.3293 temp=0.25 total_env_steps=22019 t=0.15s
Ep  467: len= 57 黑胜 loss=24.9940 temp=0.25 total_env_steps=22076 t=0.14s
Ep  468: len= 66 白胜 loss=24.3440 temp=0.25 total_env_steps=22142 t=0.16s
Ep  469: len= 54 白胜 loss=24.7066 temp=0.25 total_env_steps=22196 t=0.13s
Ep  470: len= 43 黑胜 loss=25.6994 temp=0.25 total_env_steps=22239 t=0.12s
Ep  471: len= 41 黑胜 loss=25.7973 temp=0.25 total_env_steps=22280 t=0.12s
Ep  472: len= 36 白胜 loss=25.3722 temp=0.25 total_env_steps=22316 t=0.10s
Ep  473: len= 23 黑胜 loss=24.9196 temp=0.25 total_env_steps=22339 t=0.07s
Ep  474: len= 21 黑胜 loss=25.1985 temp=0.25 total_env_steps=22360 t=0.07s
Ep  475: len= 31 黑胜 loss=24.6988 temp=0.25 total_env_steps=22391 t=0.09s
Ep  476: len= 42 白胜 loss=25.9320 temp=0.25 total_env_steps=22433 t=0.11s
Ep  477: len= 23 黑胜 loss=26.2010 temp=0.25 total_env_steps=22456 t=0.07s
Ep  478: len= 61 黑胜 loss=25.2959 temp=0.25 total_env_steps=22517 t=0.16s
Ep  479: len= 20 白胜 loss=24.7991 temp=0.25 total_env_steps=22537 t=0.06s
Ep  480: len= 71 黑胜 loss=24.5813 temp=0.25 total_env_steps=22608 t=0.18s
Ep  481: len= 53 黑胜 loss=24.9241 temp=0.25 total_env_steps=22661 t=0.14s
Ep  482: len= 41 黑胜 loss=24.8830 temp=0.25 total_env_steps=22702 t=0.11s
Ep  483: len= 35 黑胜 loss=25.1787 temp=0.25 total_env_steps=22737 t=0.10s
Ep  484: len= 76 白胜 loss=24.8755 temp=0.25 total_env_steps=22813 t=0.18s
Ep  485: len= 59 黑胜 loss=25.1569 temp=0.25 total_env_steps=22872 t=0.14s
Ep  486: len= 32 白胜 loss=24.5556 temp=0.25 total_env_steps=22904 t=0.09s
Ep  487: len= 30 白胜 loss=24.7116 temp=0.25 total_env_steps=22934 t=0.08s
Ep  488: len= 56 白胜 loss=24.4090 temp=0.25 total_env_steps=22990 t=0.14s
Ep  489: len= 32 白胜 loss=24.5641 temp=0.25 total_env_steps=23022 t=0.09s
Ep  490: len= 29 黑胜 loss=25.2887 temp=0.25 total_env_steps=23051 t=0.08s
Ep  491: len= 56 白胜 loss=24.9575 temp=0.25 total_env_steps=23107 t=0.15s
Ep  492: len= 50 白胜 loss=24.8215 temp=0.25 total_env_steps=23157 t=0.12s
Ep  493: len= 53 黑胜 loss=24.9948 temp=0.25 total_env_steps=23210 t=0.13s
Ep  494: len= 35 黑胜 loss=24.3548 temp=0.25 total_env_steps=23245 t=0.10s
Ep  495: len= 33 黑胜 loss=24.7884 temp=0.25 total_env_steps=23278 t=0.09s
Ep  496: len= 33 黑胜 loss=23.8012 temp=0.25 total_env_steps=23311 t=0.09s
Ep  497: len= 45 黑胜 loss=24.5956 temp=0.25 total_env_steps=23356 t=0.12s
Ep  498: len= 29 黑胜 loss=24.8575 temp=0.25 total_env_steps=23385 t=0.08s
Ep  499: len= 45 黑胜 loss=24.4980 temp=0.25 total_env_steps=23430 t=0.12s
Ep  500: len= 56 白胜 loss=24.2109 temp=0.25 total_env_steps=23486 t=0.15s
Ep  501: len= 69 黑胜 loss=24.4479 temp=0.25 total_env_steps=23555 t=0.18s
Ep  502: len= 35 黑胜 loss=24.6400 temp=0.25 total_env_steps=23590 t=0.10s
Ep  503: len= 32 白胜 loss=25.1572 temp=0.25 total_env_steps=23622 t=0.10s
Ep  504: len= 19 黑胜 loss=24.6893 temp=0.25 total_env_steps=23641 t=0.06s
Ep  505: len= 25 黑胜 loss=25.0850 temp=0.25 total_env_steps=23666 t=0.08s
Ep  506: len= 29 黑胜 loss=24.4319 temp=0.25 total_env_steps=23695 t=0.08s
Ep  507: len= 45 黑胜 loss=24.1367 temp=0.25 total_env_steps=23740 t=0.13s
Ep  508: len= 30 白胜 loss=24.3449 temp=0.25 total_env_steps=23770 t=0.09s
Ep  509: len= 31 黑胜 loss=25.0800 temp=0.25 total_env_steps=23801 t=0.11s
Ep  510: len= 45 黑胜 loss=24.1737 temp=0.25 total_env_steps=23846 t=0.13s
Ep  511: len= 50 白胜 loss=24.6886 temp=0.25 total_env_steps=23896 t=0.13s
Ep  512: len= 55 黑胜 loss=25.3798 temp=0.25 total_env_steps=23951 t=0.14s
Ep  513: len= 41 黑胜 loss=24.7204 temp=0.25 total_env_steps=23992 t=0.12s
Ep  514: len= 43 黑胜 loss=24.3013 temp=0.25 total_env_steps=24035 t=0.12s
Ep  515: len= 60 白胜 loss=24.7336 temp=0.25 total_env_steps=24095 t=0.16s
Ep  516: len= 45 黑胜 loss=24.7945 temp=0.25 total_env_steps=24140 t=0.13s
Ep  517: len= 28 白胜 loss=24.3240 temp=0.25 total_env_steps=24168 t=0.08s
Ep  518: len= 53 黑胜 loss=24.8456 temp=0.25 total_env_steps=24221 t=0.13s
Ep  519: len= 51 黑胜 loss=24.4599 temp=0.25 total_env_steps=24272 t=0.13s
Ep  520: len= 70 白胜 loss=24.5668 temp=0.25 total_env_steps=24342 t=0.17s
Ep  521: len= 71 黑胜 loss=23.9958 temp=0.25 total_env_steps=24413 t=0.18s
Ep  522: len= 25 黑胜 loss=24.0664 temp=0.25 total_env_steps=24438 t=0.07s
Ep  523: len= 35 黑胜 loss=24.1260 temp=0.25 total_env_steps=24473 t=0.11s
Ep  524: len= 33 黑胜 loss=23.9631 temp=0.25 total_env_steps=24506 t=0.09s
Ep  525: len= 61 黑胜 loss=23.3218 temp=0.25 total_env_steps=24567 t=0.15s
Ep  526: len= 63 黑胜 loss=24.2954 temp=0.25 total_env_steps=24630 t=0.17s
Ep  527: len= 33 黑胜 loss=23.8930 temp=0.25 total_env_steps=24663 t=0.10s
Ep  528: len= 31 黑胜 loss=24.1635 temp=0.25 total_env_steps=24694 t=0.10s
Ep  529: len= 39 黑胜 loss=23.9340 temp=0.25 total_env_steps=24733 t=0.12s
Ep  530: len= 41 黑胜 loss=24.0075 temp=0.25 total_env_steps=24774 t=0.11s
Ep  531: len= 50 白胜 loss=24.8018 temp=0.25 total_env_steps=24824 t=0.13s
Ep  532: len= 59 黑胜 loss=25.8851 temp=0.25 total_env_steps=24883 t=0.15s
Ep  533: len= 63 黑胜 loss=25.2760 temp=0.25 total_env_steps=24946 t=0.17s
Ep  534: len= 59 黑胜 loss=24.2287 temp=0.25 total_env_steps=25005 t=0.14s
Ep  535: len= 37 黑胜 loss=23.8387 temp=0.25 total_env_steps=25042 t=0.10s
Ep  536: len= 53 黑胜 loss=24.9354 temp=0.25 total_env_steps=25095 t=0.15s
Ep  537: len= 55 黑胜 loss=24.9252 temp=0.25 total_env_steps=25150 t=0.15s
Ep  538: len= 27 黑胜 loss=23.6154 temp=0.25 total_env_steps=25177 t=0.08s
Ep  539: len= 23 黑胜 loss=24.0307 temp=0.25 total_env_steps=25200 t=0.07s
Ep  540: len= 51 黑胜 loss=23.8289 temp=0.25 total_env_steps=25251 t=0.14s
Ep  541: len= 58 白胜 loss=23.5947 temp=0.25 total_env_steps=25309 t=0.15s
Ep  542: len= 52 白胜 loss=23.7820 temp=0.25 total_env_steps=25361 t=0.15s
Ep  543: len= 75 黑胜 loss=24.9072 temp=0.25 total_env_steps=25436 t=0.20s
Ep  544: len= 39 黑胜 loss=23.5656 temp=0.25 total_env_steps=25475 t=0.10s
Ep  545: len= 48 白胜 loss=24.1687 temp=0.25 total_env_steps=25523 t=0.12s
Ep  546: len= 21 黑胜 loss=23.6077 temp=0.25 total_env_steps=25544 t=0.06s
Ep  547: len= 58 白胜 loss=23.6632 temp=0.25 total_env_steps=25602 t=0.16s
Ep  548: len= 21 黑胜 loss=23.5668 temp=0.25 total_env_steps=25623 t=0.06s
Ep  549: len= 21 黑胜 loss=22.8125 temp=0.25 total_env_steps=25644 t=0.06s
Ep  550: len= 34 白胜 loss=23.6898 temp=0.25 total_env_steps=25678 t=0.10s
Ep  551: len= 27 黑胜 loss=24.2033 temp=0.25 total_env_steps=25705 t=0.08s
Ep  552: len= 23 黑胜 loss=24.2214 temp=0.25 total_env_steps=25728 t=0.08s
Ep  553: len= 67 黑胜 loss=23.7702 temp=0.25 total_env_steps=25795 t=0.17s
Ep  554: len= 38 白胜 loss=23.7537 temp=0.25 total_env_steps=25833 t=0.11s
Ep  555: len= 44 白胜 loss=24.1854 temp=0.25 total_env_steps=25877 t=0.12s
Ep  556: len= 73 黑胜 loss=24.3807 temp=0.25 total_env_steps=25950 t=0.20s
Ep  557: len= 59 黑胜 loss=24.3127 temp=0.25 total_env_steps=26009 t=0.15s
Ep  558: len= 21 黑胜 loss=22.5863 temp=0.25 total_env_steps=26030 t=0.07s
Ep  559: len= 33 黑胜 loss=22.6764 temp=0.25 total_env_steps=26063 t=0.10s
Ep  560: len= 55 黑胜 loss=24.0718 temp=0.25 total_env_steps=26118 t=0.15s
Ep  561: len= 21 黑胜 loss=24.1687 temp=0.25 total_env_steps=26139 t=0.06s
Ep  562: len= 49 黑胜 loss=24.3878 temp=0.25 total_env_steps=26188 t=0.14s
Ep  563: len= 76 白胜 loss=24.0826 temp=0.25 total_env_steps=26264 t=0.20s
Ep  564: len= 42 白胜 loss=23.8259 temp=0.25 total_env_steps=26306 t=0.11s
Ep  565: len= 15 黑胜 loss=23.1771 temp=0.25 total_env_steps=26321 t=0.06s
Ep  566: len= 19 黑胜 loss=23.2893 temp=0.25 total_env_steps=26340 t=0.06s
Ep  567: len= 40 白胜 loss=24.7918 temp=0.25 total_env_steps=26380 t=0.12s
Ep  568: len= 45 黑胜 loss=23.3773 temp=0.25 total_env_steps=26425 t=0.12s
Ep  569: len= 27 黑胜 loss=23.5211 temp=0.25 total_env_steps=26452 t=0.09s
Ep  570: len= 52 白胜 loss=24.0886 temp=0.25 total_env_steps=26504 t=0.15s
Ep  571: len= 51 黑胜 loss=24.3032 temp=0.25 total_env_steps=26555 t=0.14s
Ep  572: len= 21 黑胜 loss=23.6820 temp=0.25 total_env_steps=26576 t=0.06s
Ep  573: len= 43 黑胜 loss=23.3053 temp=0.25 total_env_steps=26619 t=0.12s
Ep  574: len= 31 黑胜 loss=22.8946 temp=0.25 total_env_steps=26650 t=0.09s
Ep  575: len= 51 黑胜 loss=22.9482 temp=0.25 total_env_steps=26701 t=0.14s
Ep  576: len= 19 黑胜 loss=24.2875 temp=0.25 total_env_steps=26720 t=0.06s
Ep  577: len= 65 黑胜 loss=23.9291 temp=0.25 total_env_steps=26785 t=0.17s
Ep  578: len= 49 黑胜 loss=24.3527 temp=0.25 total_env_steps=26834 t=0.12s
Ep  579: len= 53 黑胜 loss=23.9617 temp=0.25 total_env_steps=26887 t=0.15s
Ep  580: len= 25 黑胜 loss=23.7394 temp=0.25 total_env_steps=26912 t=0.08s
Ep  581: len= 37 黑胜 loss=23.0311 temp=0.25 total_env_steps=26949 t=0.10s
Ep  582: len= 65 黑胜 loss=22.7216 temp=0.25 total_env_steps=27014 t=0.17s
Ep  583: len= 65 黑胜 loss=23.3956 temp=0.25 total_env_steps=27079 t=0.16s
Ep  584: len= 52 白胜 loss=23.2191 temp=0.25 total_env_steps=27131 t=0.14s
Ep  585: len= 37 黑胜 loss=23.2775 temp=0.25 total_env_steps=27168 t=0.10s
Ep  586: len= 34 白胜 loss=23.2794 temp=0.25 total_env_steps=27202 t=0.10s
Ep  587: len= 34 白胜 loss=23.1131 temp=0.25 total_env_steps=27236 t=0.12s
Ep  588: len= 23 黑胜 loss=22.5725 temp=0.25 total_env_steps=27259 t=0.08s
Ep  589: len= 41 黑胜 loss=23.9261 temp=0.25 total_env_steps=27300 t=0.13s
Ep  590: len= 51 黑胜 loss=23.5635 temp=0.25 total_env_steps=27351 t=0.15s
Ep  591: len= 62 白胜 loss=24.0265 temp=0.25 total_env_steps=27413 t=0.17s
Ep  592: len= 47 黑胜 loss=22.4466 temp=0.25 total_env_steps=27460 t=0.13s
Ep  593: len= 49 黑胜 loss=22.9551 temp=0.25 total_env_steps=27509 t=0.13s
Ep  594: len= 51 黑胜 loss=23.6892 temp=0.25 total_env_steps=27560 t=0.12s
Ep  595: len= 39 黑胜 loss=23.0290 temp=0.25 total_env_steps=27599 t=0.11s
Ep  596: len= 51 黑胜 loss=22.9617 temp=0.25 total_env_steps=27650 t=0.13s
Ep  597: len= 66 白胜 loss=22.4991 temp=0.25 total_env_steps=27716 t=0.17s
Ep  598: len= 17 黑胜 loss=23.0430 temp=0.25 total_env_steps=27733 t=0.06s
Ep  599: len= 38 白胜 loss=23.2880 temp=0.25 total_env_steps=27771 t=0.11s
Ep  600: len= 38 白胜 loss=23.0249 temp=0.25 total_env_steps=27809 t=0.10s
  eval vs Gomoku-random-v0: win_rate=1.00 mean_return=1.00（20 局，total_env_steps=27809）
  ✅ 达标 ep=600 total_env_steps=27809
Ep  601: len= 49 黑胜 loss=22.6506 temp=0.25 total_env_steps=27858 t=0.13s
Ep  602: len= 19 黑胜 loss=22.2042 temp=0.25 total_env_steps=27877 t=0.06s
Ep  603: len= 41 黑胜 loss=22.9106 temp=0.25 total_env_steps=27918 t=0.12s
Ep  604: len= 57 黑胜 loss=23.0318 temp=0.25 total_env_steps=27975 t=0.16s
Ep  605: len= 15 黑胜 loss=23.2196 temp=0.25 total_env_steps=27990 t=0.06s
Ep  606: len= 17 黑胜 loss=23.0190 temp=0.25 total_env_steps=28007 t=0.06s
Ep  607: len= 61 黑胜 loss=22.7899 temp=0.25 total_env_steps=28068 t=0.16s
Ep  608: len= 23 黑胜 loss=23.8762 temp=0.25 total_env_steps=28091 t=0.08s
Ep  609: len= 43 黑胜 loss=22.7776 temp=0.25 total_env_steps=28134 t=0.11s
Ep  610: len= 21 黑胜 loss=21.8626 temp=0.25 total_env_steps=28155 t=0.07s
Ep  611: len= 37 黑胜 loss=22.5795 temp=0.25 total_env_steps=28192 t=0.10s
Ep  612: len= 25 黑胜 loss=22.7104 temp=0.25 total_env_steps=28217 t=0.07s
Ep  613: len= 21 黑胜 loss=22.4588 temp=0.25 total_env_steps=28238 t=0.08s
Ep  614: len= 23 黑胜 loss=23.4385 temp=0.25 total_env_steps=28261 t=0.07s
Ep  615: len= 23 黑胜 loss=22.7938 temp=0.25 total_env_steps=28284 t=0.07s
Ep  616: len= 30 白胜 loss=23.0640 temp=0.25 total_env_steps=28314 t=0.08s
Ep  617: len= 28 白胜 loss=22.3212 temp=0.25 total_env_steps=28342 t=0.09s
Ep  618: len= 39 黑胜 loss=22.7029 temp=0.25 total_env_steps=28381 t=0.11s
Ep  619: len= 35 黑胜 loss=22.2061 temp=0.25 total_env_steps=28416 t=0.09s
Ep  620: len= 55 黑胜 loss=23.6582 temp=0.25 total_env_steps=28471 t=0.14s
Ep  621: len= 34 白胜 loss=22.4183 temp=0.25 total_env_steps=28505 t=0.09s
Ep  622: len= 29 黑胜 loss=22.3605 temp=0.25 total_env_steps=28534 t=0.09s
Ep  623: len= 62 白胜 loss=23.5511 temp=0.25 total_env_steps=28596 t=0.17s
Ep  624: len= 38 白胜 loss=23.4688 temp=0.25 total_env_steps=28634 t=0.13s
Ep  625: len= 52 白胜 loss=21.7954 temp=0.25 total_env_steps=28686 t=0.15s
Ep  626: len= 44 白胜 loss=23.0637 temp=0.25 total_env_steps=28730 t=0.12s
Ep  627: len= 38 白胜 loss=22.2289 temp=0.25 total_env_steps=28768 t=0.11s
Ep  628: len= 37 黑胜 loss=22.6721 temp=0.25 total_env_steps=28805 t=0.11s
Ep  629: len= 46 白胜 loss=22.3747 temp=0.25 total_env_steps=28851 t=0.14s
Ep  630: len= 33 黑胜 loss=22.2755 temp=0.25 total_env_steps=28884 t=0.10s
Ep  631: len= 31 黑胜 loss=22.0630 temp=0.25 total_env_steps=28915 t=0.09s
Ep  632: len= 13 黑胜 loss=21.4091 temp=0.25 total_env_steps=28928 t=0.05s
Ep  633: len= 22 白胜 loss=22.1880 temp=0.25 total_env_steps=28950 t=0.08s
Ep  634: len= 47 黑胜 loss=21.7930 temp=0.25 total_env_steps=28997 t=0.12s
Ep  635: len= 45 黑胜 loss=22.2691 temp=0.25 total_env_steps=29042 t=0.13s
Ep  636: len= 33 黑胜 loss=21.8850 temp=0.25 total_env_steps=29075 t=0.10s
Ep  637: len= 29 黑胜 loss=22.8327 temp=0.25 total_env_steps=29104 t=0.09s
Ep  638: len= 38 白胜 loss=22.1014 temp=0.25 total_env_steps=29142 t=0.10s
Ep  639: len= 17 黑胜 loss=23.4824 temp=0.25 total_env_steps=29159 t=0.06s
Ep  640: len= 19 黑胜 loss=21.7106 temp=0.25 total_env_steps=29178 t=0.07s
Ep  641: len= 58 白胜 loss=21.9685 temp=0.25 total_env_steps=29236 t=0.16s
Ep  642: len= 23 黑胜 loss=21.8737 temp=0.25 total_env_steps=29259 t=0.07s
Ep  643: len= 57 黑胜 loss=21.5418 temp=0.25 total_env_steps=29316 t=0.16s
Ep  644: len= 71 黑胜 loss=21.9485 temp=0.25 total_env_steps=29387 t=0.18s
Ep  645: len= 64 白胜 loss=23.1853 temp=0.25 total_env_steps=29451 t=0.19s
Ep  646: len= 65 黑胜 loss=21.9605 temp=0.25 total_env_steps=29516 t=0.17s
Ep  647: len= 54 白胜 loss=22.7920 temp=0.25 total_env_steps=29570 t=0.17s
Ep  648: len= 55 黑胜 loss=21.2825 temp=0.25 total_env_steps=29625 t=0.17s
Ep  649: len= 47 黑胜 loss=23.1997 temp=0.25 total_env_steps=29672 t=0.13s
Ep  650: len= 58 白胜 loss=22.8763 temp=0.25 total_env_steps=29730 t=0.16s
Ep  651: len= 49 黑胜 loss=21.2637 temp=0.25 total_env_steps=29779 t=0.15s
Ep  652: len= 35 黑胜 loss=22.0675 temp=0.25 total_env_steps=29814 t=0.13s
Ep  653: len= 43 黑胜 loss=23.5625 temp=0.25 total_env_steps=29857 t=0.12s
Ep  654: len= 36 白胜 loss=22.2375 temp=0.25 total_env_steps=29893 t=0.13s
Ep  655: len= 50 白胜 loss=21.7648 temp=0.25 total_env_steps=29943 t=0.15s
Ep  656: len= 35 黑胜 loss=23.1354 temp=0.25 total_env_steps=29978 t=0.13s
Ep  657: len= 44 白胜 loss=22.6040 temp=0.25 total_env_steps=30022 t=0.14s
Ep  658: len= 31 黑胜 loss=21.1313 temp=0.25 total_env_steps=30053 t=0.11s
Ep  659: len= 37 黑胜 loss=22.0707 temp=0.25 total_env_steps=30090 t=0.13s
Ep  660: len= 21 黑胜 loss=21.6326 temp=0.25 total_env_steps=30111 t=0.09s
Ep  661: len= 39 黑胜 loss=23.2633 temp=0.25 total_env_steps=30150 t=0.15s
Ep  662: len= 31 黑胜 loss=22.6158 temp=0.25 total_env_steps=30181 t=0.11s
Ep  663: len= 42 白胜 loss=22.3624 temp=0.25 total_env_steps=30223 t=0.11s
Ep  664: len= 73 黑胜 loss=22.7900 temp=0.25 total_env_steps=30296 t=0.20s
Ep  665: len= 63 黑胜 loss=22.1187 temp=0.25 total_env_steps=30359 t=0.18s
Ep  666: len= 51 黑胜 loss=22.1030 temp=0.25 total_env_steps=30410 t=0.16s
Ep  667: len= 39 黑胜 loss=23.3769 temp=0.25 total_env_steps=30449 t=0.13s
Ep  668: len= 36 白胜 loss=22.6526 temp=0.25 total_env_steps=30485 t=0.11s
Ep  669: len= 41 黑胜 loss=22.6207 temp=0.25 total_env_steps=30526 t=0.14s
Ep  670: len= 42 白胜 loss=21.7123 temp=0.25 total_env_steps=30568 t=0.13s
Ep  671: len= 43 黑胜 loss=22.8466 temp=0.25 total_env_steps=30611 t=0.14s
Ep  672: len= 21 黑胜 loss=22.2103 temp=0.25 total_env_steps=30632 t=0.08s
Ep  673: len= 74 白胜 loss=22.6164 temp=0.25 total_env_steps=30706 t=0.23s
Ep  674: len= 48 白胜 loss=23.1724 temp=0.25 total_env_steps=30754 t=0.16s
Ep  675: len= 57 黑胜 loss=22.1895 temp=0.25 total_env_steps=30811 t=0.18s
Ep  676: len= 54 白胜 loss=21.9612 temp=0.25 total_env_steps=30865 t=0.15s
Ep  677: len= 45 黑胜 loss=22.3141 temp=0.25 total_env_steps=30910 t=0.15s
Ep  678: len= 31 黑胜 loss=22.3353 temp=0.25 total_env_steps=30941 t=0.10s
Ep  679: len= 65 黑胜 loss=22.8938 temp=0.25 total_env_steps=31006 t=0.19s
Ep  680: len= 46 白胜 loss=21.4064 temp=0.25 total_env_steps=31052 t=0.14s
Ep  681: len= 46 白胜 loss=21.5805 temp=0.25 total_env_steps=31098 t=0.12s
Ep  682: len= 44 白胜 loss=21.3282 temp=0.25 total_env_steps=31142 t=0.16s
Ep  683: len= 33 黑胜 loss=22.5227 temp=0.25 total_env_steps=31175 t=0.11s
Ep  684: len= 39 黑胜 loss=21.6374 temp=0.25 total_env_steps=31214 t=0.14s
Ep  685: len= 32 白胜 loss=21.8395 temp=0.25 total_env_steps=31246 t=0.09s
Ep  686: len= 57 黑胜 loss=22.9730 temp=0.25 total_env_steps=31303 t=0.15s
Ep  687: len= 21 黑胜 loss=21.1301 temp=0.25 total_env_steps=31324 t=0.08s
Ep  688: len= 60 白胜 loss=20.7627 temp=0.25 total_env_steps=31384 t=0.18s
Ep  689: len= 39 黑胜 loss=22.3307 temp=0.25 total_env_steps=31423 t=0.13s
Ep  690: len= 30 白胜 loss=22.5489 temp=0.25 total_env_steps=31453 t=0.11s
Ep  691: len= 57 黑胜 loss=22.6812 temp=0.25 total_env_steps=31510 t=0.20s
Ep  692: len= 23 黑胜 loss=21.7041 temp=0.25 total_env_steps=31533 t=0.09s
Ep  693: len= 53 黑胜 loss=21.9130 temp=0.25 total_env_steps=31586 t=0.17s
Ep  694: len= 25 黑胜 loss=22.9416 temp=0.25 total_env_steps=31611 t=0.09s
Ep  695: len= 63 黑胜 loss=22.0067 temp=0.25 total_env_steps=31674 t=0.18s
Ep  696: len= 72 白胜 loss=21.8135 temp=0.25 total_env_steps=31746 t=0.19s
Ep  697: len= 63 黑胜 loss=21.8401 temp=0.25 total_env_steps=31809 t=0.19s
Ep  698: len= 25 黑胜 loss=21.3625 temp=0.25 total_env_steps=31834 t=0.09s
Ep  699: len= 58 白胜 loss=21.6790 temp=0.25 total_env_steps=31892 t=0.18s
Ep  700: len= 49 黑胜 loss=22.0317 temp=0.25 total_env_steps=31941 t=0.14s
Ep  701: len= 50 白胜 loss=22.2476 temp=0.25 total_env_steps=31991 t=0.15s
Ep  702: len= 40 白胜 loss=22.1100 temp=0.25 total_env_steps=32031 t=0.11s
Ep  703: len= 63 黑胜 loss=21.6289 temp=0.25 total_env_steps=32094 t=0.18s
Ep  704: len= 58 白胜 loss=22.3840 temp=0.25 total_env_steps=32152 t=0.16s
Ep  705: len= 25 黑胜 loss=21.8385 temp=0.25 total_env_steps=32177 t=0.10s
Ep  706: len= 31 黑胜 loss=22.0676 temp=0.25 total_env_steps=32208 t=0.11s
Ep  707: len= 42 白胜 loss=21.5983 temp=0.25 total_env_steps=32250 t=0.11s
Ep  708: len= 57 黑胜 loss=23.3329 temp=0.25 total_env_steps=32307 t=0.15s
Ep  709: len= 36 白胜 loss=22.0909 temp=0.25 total_env_steps=32343 t=0.11s
Ep  710: len= 21 黑胜 loss=21.0709 temp=0.25 total_env_steps=32364 t=0.08s
Ep  711: len= 21 黑胜 loss=21.5525 temp=0.25 total_env_steps=32385 t=0.07s
Ep  712: len= 47 黑胜 loss=22.0612 temp=0.25 total_env_steps=32432 t=0.13s
Ep  713: len= 34 白胜 loss=22.0771 temp=0.25 total_env_steps=32466 t=0.10s
Ep  714: len= 19 黑胜 loss=21.0028 temp=0.25 total_env_steps=32485 t=0.06s
Ep  715: len= 32 白胜 loss=21.7371 temp=0.25 total_env_steps=32517 t=0.09s
Ep  716: len= 75 黑胜 loss=20.9985 temp=0.25 total_env_steps=32592 t=0.19s
Ep  717: len= 45 黑胜 loss=22.9683 temp=0.25 total_env_steps=32637 t=0.13s
Ep  718: len= 54 白胜 loss=20.8174 temp=0.25 total_env_steps=32691 t=0.14s
Ep  719: len= 63 黑胜 loss=21.9526 temp=0.25 total_env_steps=32754 t=0.16s
Ep  720: len= 73 黑胜 loss=21.1135 temp=0.25 total_env_steps=32827 t=0.19s
Ep  721: len= 67 黑胜 loss=22.9352 temp=0.25 total_env_steps=32894 t=0.17s
Ep  722: len= 38 白胜 loss=23.2285 temp=0.25 total_env_steps=32932 t=0.11s
Ep  723: len= 19 黑胜 loss=21.0156 temp=0.25 total_env_steps=32951 t=0.06s
Ep  724: len= 27 黑胜 loss=22.1108 temp=0.25 total_env_steps=32978 t=0.08s
Ep  725: len= 43 黑胜 loss=22.1413 temp=0.25 total_env_steps=33021 t=0.12s
Ep  726: len= 46 白胜 loss=22.9167 temp=0.25 total_env_steps=33067 t=0.12s
Ep  727: len= 30 白胜 loss=21.8243 temp=0.25 total_env_steps=33097 t=0.09s
Ep  728: len= 35 黑胜 loss=22.0830 temp=0.25 total_env_steps=33132 t=0.11s
Ep  729: len= 56 白胜 loss=21.9370 temp=0.25 total_env_steps=33188 t=0.16s
Ep  730: len= 38 白胜 loss=22.2062 temp=0.25 total_env_steps=33226 t=0.10s
Ep  731: len= 21 黑胜 loss=22.6962 temp=0.25 total_env_steps=33247 t=0.07s
Ep  732: len= 42 白胜 loss=22.3062 temp=0.25 total_env_steps=33289 t=0.12s
Ep  733: len= 19 黑胜 loss=22.2149 temp=0.25 total_env_steps=33308 t=0.07s
Ep  734: len= 15 黑胜 loss=21.5547 temp=0.25 total_env_steps=33323 t=0.06s
Ep  735: len= 23 黑胜 loss=21.5701 temp=0.25 total_env_steps=33346 t=0.08s
Ep  736: len= 32 白胜 loss=21.6670 temp=0.25 total_env_steps=33378 t=0.09s
Ep  737: len= 21 黑胜 loss=21.7616 temp=0.25 total_env_steps=33399 t=0.07s
Ep  738: len= 38 白胜 loss=21.5177 temp=0.25 total_env_steps=33437 t=0.11s
Ep  739: len= 40 白胜 loss=21.1207 temp=0.25 total_env_steps=33477 t=0.12s
Ep  740: len= 47 黑胜 loss=20.1560 temp=0.25 total_env_steps=33524 t=0.14s
Ep  741: len= 58 白胜 loss=21.7187 temp=0.25 total_env_steps=33582 t=0.16s
Ep  742: len= 55 黑胜 loss=21.1410 temp=0.25 total_env_steps=33637 t=0.16s
Ep  743: len= 48 白胜 loss=20.9050 temp=0.25 total_env_steps=33685 t=0.14s
Ep  744: len= 46 白胜 loss=22.2926 temp=0.25 total_env_steps=33731 t=0.14s
Ep  745: len= 68 白胜 loss=21.6658 temp=0.25 total_env_steps=33799 t=0.19s
Ep  746: len= 50 白胜 loss=20.1102 temp=0.25 total_env_steps=33849 t=0.14s
Ep  747: len= 57 黑胜 loss=21.3226 temp=0.25 total_env_steps=33906 t=0.14s
Ep  748: len= 39 黑胜 loss=21.7300 temp=0.25 total_env_steps=33945 t=0.12s
Ep  749: len= 48 白胜 loss=21.5241 temp=0.25 total_env_steps=33993 t=0.14s
Ep  750: len= 17 黑胜 loss=21.3998 temp=0.25 total_env_steps=34010 t=0.06s
Ep  751: len= 42 白胜 loss=20.9228 temp=0.25 total_env_steps=34052 t=0.12s
Ep  752: len= 57 黑胜 loss=21.2121 temp=0.25 total_env_steps=34109 t=0.16s
Ep  753: len= 68 白胜 loss=21.9016 temp=0.25 total_env_steps=34177 t=0.18s
Ep  754: len= 47 黑胜 loss=21.4033 temp=0.25 total_env_steps=34224 t=0.13s
Ep  755: len= 27 黑胜 loss=20.3754 temp=0.25 total_env_steps=34251 t=0.08s
Ep  756: len= 81 平局 loss=21.5471 temp=0.25 total_env_steps=34332 t=0.20s
Ep  757: len= 47 黑胜 loss=20.8073 temp=0.25 total_env_steps=34379 t=0.12s
Ep  758: len= 27 黑胜 loss=21.6371 temp=0.25 total_env_steps=34406 t=0.08s
Ep  759: len= 31 黑胜 loss=21.3775 temp=0.25 total_env_steps=34437 t=0.10s
Ep  760: len= 51 黑胜 loss=21.0910 temp=0.25 total_env_steps=34488 t=0.14s
Ep  761: len= 17 黑胜 loss=20.5377 temp=0.25 total_env_steps=34505 t=0.06s
Ep  762: len= 21 黑胜 loss=22.7619 temp=0.25 total_env_steps=34526 t=0.07s
Ep  763: len= 36 白胜 loss=21.7384 temp=0.25 total_env_steps=34562 t=0.11s
Ep  764: len= 63 黑胜 loss=21.4320 temp=0.25 total_env_steps=34625 t=0.17s
Ep  765: len= 23 黑胜 loss=21.6391 temp=0.25 total_env_steps=34648 t=0.07s
Ep  766: len= 21 黑胜 loss=21.5148 temp=0.25 total_env_steps=34669 t=0.07s
Ep  767: len= 31 黑胜 loss=21.4143 temp=0.25 total_env_steps=34700 t=0.10s
Ep  768: len= 30 白胜 loss=20.8359 temp=0.25 total_env_steps=34730 t=0.09s
Ep  769: len= 21 黑胜 loss=21.2164 temp=0.25 total_env_steps=34751 t=0.07s
Ep  770: len= 21 黑胜 loss=20.3642 temp=0.25 total_env_steps=34772 t=0.08s
Ep  771: len= 21 黑胜 loss=20.1720 temp=0.25 total_env_steps=34793 t=0.07s
Ep  772: len= 46 白胜 loss=22.8263 temp=0.25 total_env_steps=34839 t=0.13s
Ep  773: len= 42 白胜 loss=21.4515 temp=0.25 total_env_steps=34881 t=0.11s
Ep  774: len= 17 黑胜 loss=21.8167 temp=0.25 total_env_steps=34898 t=0.06s
Ep  775: len= 26 白胜 loss=21.7446 temp=0.25 total_env_steps=34924 t=0.09s
Ep  776: len= 62 白胜 loss=21.0297 temp=0.25 total_env_steps=34986 t=0.17s
Ep  777: len= 66 白胜 loss=20.6120 temp=0.25 total_env_steps=35052 t=0.17s
Ep  778: len= 17 黑胜 loss=21.3341 temp=0.25 total_env_steps=35069 t=0.06s
Ep  779: len= 19 黑胜 loss=21.1777 temp=0.25 total_env_steps=35088 t=0.07s
Ep  780: len= 46 白胜 loss=20.3889 temp=0.25 total_env_steps=35134 t=0.13s
Ep  781: len= 30 白胜 loss=20.7222 temp=0.25 total_env_steps=35164 t=0.09s
Ep  782: len= 26 白胜 loss=20.2293 temp=0.25 total_env_steps=35190 t=0.07s
Ep  783: len= 23 黑胜 loss=21.0254 temp=0.25 total_env_steps=35213 t=0.08s
Ep  784: len= 39 黑胜 loss=20.6431 temp=0.25 total_env_steps=35252 t=0.12s
Ep  785: len= 61 黑胜 loss=21.7953 temp=0.25 total_env_steps=35313 t=0.16s
Ep  786: len= 27 黑胜 loss=20.4966 temp=0.25 total_env_steps=35340 t=0.08s
Ep  787: len= 57 黑胜 loss=20.7493 temp=0.25 total_env_steps=35397 t=0.14s
Ep  788: len= 35 黑胜 loss=21.0408 temp=0.25 total_env_steps=35432 t=0.11s
Ep  789: len= 56 白胜 loss=20.0926 temp=0.25 total_env_steps=35488 t=0.17s
Ep  790: len= 31 黑胜 loss=21.0825 temp=0.25 total_env_steps=35519 t=0.10s
Ep  791: len= 47 黑胜 loss=20.3928 temp=0.25 total_env_steps=35566 t=0.14s
Ep  792: len= 49 黑胜 loss=20.1676 temp=0.25 total_env_steps=35615 t=0.14s
Ep  793: len= 35 黑胜 loss=19.0843 temp=0.25 total_env_steps=35650 t=0.10s
Ep  794: len= 23 黑胜 loss=21.1199 temp=0.25 total_env_steps=35673 t=0.08s
Ep  795: len= 35 黑胜 loss=21.3286 temp=0.25 total_env_steps=35708 t=0.11s
Ep  796: len= 59 黑胜 loss=21.0761 temp=0.25 total_env_steps=35767 t=0.19s
Ep  797: len= 40 白胜 loss=21.5224 temp=0.25 total_env_steps=35807 t=0.11s
Ep  798: len= 60 白胜 loss=20.8159 temp=0.25 total_env_steps=35867 t=0.18s
Ep  799: len= 30 白胜 loss=20.3638 temp=0.25 total_env_steps=35897 t=0.10s
Ep  800: len= 37 黑胜 loss=20.4439 temp=0.25 total_env_steps=35934 t=0.12s
  eval vs Gomoku-random-v0: win_rate=1.00 mean_return=1.00（20 局，total_env_steps=35934）
Ep  801: len= 21 黑胜 loss=21.7637 temp=0.25 total_env_steps=35955 t=0.07s
Ep  802: len= 29 黑胜 loss=20.0337 temp=0.25 total_env_steps=35984 t=0.09s
Ep  803: len= 46 白胜 loss=19.6174 temp=0.25 total_env_steps=36030 t=0.14s
Ep  804: len= 21 黑胜 loss=20.7285 temp=0.25 total_env_steps=36051 t=0.07s
Ep  805: len= 43 黑胜 loss=20.9351 temp=0.25 total_env_steps=36094 t=0.13s
Ep  806: len= 58 白胜 loss=19.6270 temp=0.25 total_env_steps=36152 t=0.16s
Ep  807: len= 66 白胜 loss=21.9733 temp=0.25 total_env_steps=36218 t=0.18s
Ep  808: len= 57 黑胜 loss=20.7510 temp=0.25 total_env_steps=36275 t=0.16s
Ep  809: len= 51 黑胜 loss=19.4551 temp=0.25 total_env_steps=36326 t=0.14s
Ep  810: len= 51 黑胜 loss=20.0170 temp=0.25 total_env_steps=36377 t=0.14s
Ep  811: len= 46 白胜 loss=20.9391 temp=0.25 total_env_steps=36423 t=0.14s
Ep  812: len= 17 黑胜 loss=19.8371 temp=0.25 total_env_steps=36440 t=0.06s
Ep  813: len= 27 黑胜 loss=20.6413 temp=0.25 total_env_steps=36467 t=0.11s
Ep  814: len= 76 白胜 loss=19.1515 temp=0.25 total_env_steps=36543 t=0.24s
Ep  815: len= 44 白胜 loss=22.0033 temp=0.25 total_env_steps=36587 t=0.14s
Ep  816: len= 50 白胜 loss=22.1269 temp=0.25 total_env_steps=36637 t=0.16s
Ep  817: len= 42 白胜 loss=22.3526 temp=0.25 total_env_steps=36679 t=0.11s
Ep  818: len= 16 白胜 loss=19.9100 temp=0.25 total_env_steps=36695 t=0.07s
Ep  819: len= 45 黑胜 loss=21.8264 temp=0.25 total_env_steps=36740 t=0.12s
Ep  820: len= 60 白胜 loss=20.6141 temp=0.25 total_env_steps=36800 t=0.16s
Ep  821: len= 25 黑胜 loss=22.3419 temp=0.25 total_env_steps=36825 t=0.09s
Ep  822: len= 39 黑胜 loss=19.7678 temp=0.25 total_env_steps=36864 t=0.13s
Ep  823: len= 35 黑胜 loss=20.4008 temp=0.25 total_env_steps=36899 t=0.10s
Ep  824: len= 19 黑胜 loss=20.9375 temp=0.25 total_env_steps=36918 t=0.06s
Ep  825: len= 52 白胜 loss=23.0364 temp=0.25 total_env_steps=36970 t=0.14s
Ep  826: len= 42 白胜 loss=20.5678 temp=0.25 total_env_steps=37012 t=0.12s
Ep  827: len= 33 黑胜 loss=20.2379 temp=0.25 total_env_steps=37045 t=0.10s
Ep  828: len= 40 白胜 loss=21.7074 temp=0.25 total_env_steps=37085 t=0.11s
Ep  829: len= 38 白胜 loss=21.1363 temp=0.25 total_env_steps=37123 t=0.10s
Ep  830: len= 27 黑胜 loss=19.9301 temp=0.25 total_env_steps=37150 t=0.08s
Ep  831: len= 48 白胜 loss=20.8780 temp=0.25 total_env_steps=37198 t=0.13s
Ep  832: len= 61 黑胜 loss=20.4535 temp=0.25 total_env_steps=37259 t=0.16s
Ep  833: len= 42 白胜 loss=19.9900 temp=0.25 total_env_steps=37301 t=0.14s
Ep  834: len= 19 黑胜 loss=22.5962 temp=0.25 total_env_steps=37320 t=0.08s
Ep  835: len= 52 白胜 loss=21.6804 temp=0.25 total_env_steps=37372 t=0.15s
Ep  836: len= 43 黑胜 loss=20.7935 temp=0.25 total_env_steps=37415 t=0.12s
Ep  837: len= 43 黑胜 loss=20.6470 temp=0.25 total_env_steps=37458 t=0.12s
Ep  838: len= 33 黑胜 loss=18.9449 temp=0.25 total_env_steps=37491 t=0.10s
Ep  839: len= 62 白胜 loss=21.7374 temp=0.25 total_env_steps=37553 t=0.17s
Ep  840: len= 37 黑胜 loss=20.2984 temp=0.25 total_env_steps=37590 t=0.11s
Ep  841: len= 31 黑胜 loss=19.6966 temp=0.25 total_env_steps=37621 t=0.09s
Ep  842: len= 50 白胜 loss=20.2897 temp=0.25 total_env_steps=37671 t=0.13s
Ep  843: len= 62 白胜 loss=19.4703 temp=0.25 total_env_steps=37733 t=0.15s
Ep  844: len= 51 黑胜 loss=19.0165 temp=0.25 total_env_steps=37784 t=0.14s
Ep  845: len= 19 黑胜 loss=20.7642 temp=0.25 total_env_steps=37803 t=0.06s
Ep  846: len= 25 黑胜 loss=19.4531 temp=0.25 total_env_steps=37828 t=0.08s
Ep  847: len= 32 白胜 loss=19.8107 temp=0.25 total_env_steps=37860 t=0.09s
Ep  848: len= 19 黑胜 loss=19.8303 temp=0.25 total_env_steps=37879 t=0.06s
Ep  849: len= 23 黑胜 loss=20.6265 temp=0.25 total_env_steps=37902 t=0.08s
Ep  850: len= 27 黑胜 loss=20.4583 temp=0.25 total_env_steps=37929 t=0.11s
Ep  851: len= 47 黑胜 loss=20.0938 temp=0.25 total_env_steps=37976 t=0.13s
Ep  852: len= 49 黑胜 loss=20.9912 temp=0.25 total_env_steps=38025 t=0.13s
Ep  853: len= 45 黑胜 loss=20.8226 temp=0.25 total_env_steps=38070 t=0.14s
Ep  854: len= 47 黑胜 loss=21.1000 temp=0.25 total_env_steps=38117 t=0.13s
Ep  855: len= 39 黑胜 loss=20.6375 temp=0.25 total_env_steps=38156 t=0.11s
Ep  856: len= 63 黑胜 loss=21.1350 temp=0.25 total_env_steps=38219 t=0.18s
Ep  857: len= 46 白胜 loss=21.2972 temp=0.25 total_env_steps=38265 t=0.12s
Ep  858: len= 63 黑胜 loss=20.7798 temp=0.25 total_env_steps=38328 t=0.17s
Ep  859: len= 43 黑胜 loss=19.6434 temp=0.25 total_env_steps=38371 t=0.12s
Ep  860: len= 37 黑胜 loss=20.7003 temp=0.25 total_env_steps=38408 t=0.11s
Ep  861: len= 35 黑胜 loss=22.0259 temp=0.25 total_env_steps=38443 t=0.10s
Ep  862: len= 43 黑胜 loss=20.5124 temp=0.25 total_env_steps=38486 t=0.12s
Ep  863: len= 21 黑胜 loss=20.6483 temp=0.25 total_env_steps=38507 t=0.07s
Ep  864: len= 35 黑胜 loss=20.8533 temp=0.25 total_env_steps=38542 t=0.10s
Ep  865: len= 33 黑胜 loss=19.6655 temp=0.25 total_env_steps=38575 t=0.10s
Ep  866: len= 44 白胜 loss=20.7692 temp=0.25 total_env_steps=38619 t=0.12s
Ep  867: len= 59 黑胜 loss=18.6071 temp=0.25 total_env_steps=38678 t=0.16s
Ep  868: len= 39 黑胜 loss=20.1022 temp=0.25 total_env_steps=38717 t=0.11s
Ep  869: len= 46 白胜 loss=21.1124 temp=0.25 total_env_steps=38763 t=0.13s
Ep  870: len= 50 白胜 loss=19.0962 temp=0.25 total_env_steps=38813 t=0.15s
Ep  871: len= 49 黑胜 loss=20.2123 temp=0.25 total_env_steps=38862 t=0.13s
Ep  872: len= 21 黑胜 loss=20.9466 temp=0.25 total_env_steps=38883 t=0.07s
Ep  873: len= 36 白胜 loss=21.0013 temp=0.25 total_env_steps=38919 t=0.10s
Ep  874: len= 39 黑胜 loss=18.2270 temp=0.25 total_env_steps=38958 t=0.11s
Ep  875: len= 51 黑胜 loss=21.5197 temp=0.25 total_env_steps=39009 t=0.15s
Ep  876: len= 46 白胜 loss=21.1264 temp=0.25 total_env_steps=39055 t=0.12s
Ep  877: len= 60 白胜 loss=19.9937 temp=0.25 total_env_steps=39115 t=0.16s
Ep  878: len= 70 白胜 loss=20.2021 temp=0.25 total_env_steps=39185 t=0.20s
Ep  879: len= 41 黑胜 loss=20.8962 temp=0.25 total_env_steps=39226 t=0.11s
Ep  880: len= 37 黑胜 loss=19.7738 temp=0.25 total_env_steps=39263 t=0.11s
Ep  881: len= 36 白胜 loss=20.9295 temp=0.25 total_env_steps=39299 t=0.11s
Ep  882: len= 61 黑胜 loss=19.7275 temp=0.25 total_env_steps=39360 t=0.16s
Ep  883: len= 17 黑胜 loss=19.8768 temp=0.25 total_env_steps=39377 t=0.06s
Ep  884: len= 47 黑胜 loss=20.7889 temp=0.25 total_env_steps=39424 t=0.15s
Ep  885: len= 34 白胜 loss=18.2308 temp=0.25 total_env_steps=39458 t=0.10s
Ep  886: len= 39 黑胜 loss=21.0440 temp=0.25 total_env_steps=39497 t=0.11s
Ep  887: len= 42 白胜 loss=21.3061 temp=0.25 total_env_steps=39539 t=0.11s
Ep  888: len= 37 黑胜 loss=19.0024 temp=0.25 total_env_steps=39576 t=0.11s
Ep  889: len= 15 黑胜 loss=20.5241 temp=0.25 total_env_steps=39591 t=0.06s
Ep  890: len= 42 白胜 loss=21.0446 temp=0.25 total_env_steps=39633 t=0.11s
Ep  891: len= 30 白胜 loss=17.9010 temp=0.25 total_env_steps=39663 t=0.09s
Ep  892: len= 40 白胜 loss=19.6301 temp=0.25 total_env_steps=39703 t=0.12s
Ep  893: len= 30 白胜 loss=19.9429 temp=0.25 total_env_steps=39733 t=0.09s
Ep  894: len= 30 白胜 loss=19.3946 temp=0.25 total_env_steps=39763 t=0.09s
Ep  895: len= 53 黑胜 loss=20.3979 temp=0.25 total_env_steps=39816 t=0.15s
Ep  896: len= 37 黑胜 loss=19.7399 temp=0.25 total_env_steps=39853 t=0.11s
Ep  897: len= 26 白胜 loss=19.8966 temp=0.25 total_env_steps=39879 t=0.09s
Ep  898: len= 69 黑胜 loss=20.5913 temp=0.25 total_env_steps=39948 t=0.18s
Ep  899: len= 35 黑胜 loss=19.4742 temp=0.25 total_env_steps=39983 t=0.11s
Ep  900: len= 35 黑胜 loss=17.1257 temp=0.25 total_env_steps=40018 t=0.11s
Ep  901: len= 62 白胜 loss=20.7229 temp=0.25 total_env_steps=40080 t=0.16s
Ep  902: len= 32 白胜 loss=20.2684 temp=0.25 total_env_steps=40112 t=0.10s
Ep  903: len= 21 黑胜 loss=19.5984 temp=0.25 total_env_steps=40133 t=0.08s
Ep  904: len= 41 黑胜 loss=20.1686 temp=0.25 total_env_steps=40174 t=0.13s
Ep  905: len= 38 白胜 loss=19.1353 temp=0.25 total_env_steps=40212 t=0.11s
Ep  906: len= 64 白胜 loss=20.6928 temp=0.25 total_env_steps=40276 t=0.18s
Ep  907: len= 35 黑胜 loss=20.1027 temp=0.25 total_env_steps=40311 t=0.10s
Ep  908: len= 48 白胜 loss=19.5396 temp=0.25 total_env_steps=40359 t=0.14s
Ep  909: len= 41 黑胜 loss=20.8932 temp=0.25 total_env_steps=40400 t=0.12s
Ep  910: len= 45 黑胜 loss=18.7008 temp=0.25 total_env_steps=40445 t=0.13s
Ep  911: len= 54 白胜 loss=18.4340 temp=0.25 total_env_steps=40499 t=0.14s
Ep  912: len= 25 黑胜 loss=19.3622 temp=0.25 total_env_steps=40524 t=0.09s
Ep  913: len= 31 黑胜 loss=20.4081 temp=0.25 total_env_steps=40555 t=0.10s
Ep  914: len= 44 白胜 loss=20.5525 temp=0.25 total_env_steps=40599 t=0.13s
Ep  915: len= 15 黑胜 loss=19.7959 temp=0.25 total_env_steps=40614 t=0.06s
Ep  916: len= 39 黑胜 loss=18.6763 temp=0.25 total_env_steps=40653 t=0.12s
Ep  917: len= 50 白胜 loss=18.8339 temp=0.25 total_env_steps=40703 t=0.14s
Ep  918: len= 21 黑胜 loss=18.4131 temp=0.25 total_env_steps=40724 t=0.08s
Ep  919: len= 21 黑胜 loss=19.4981 temp=0.25 total_env_steps=40745 t=0.08s
Ep  920: len= 27 黑胜 loss=19.5581 temp=0.25 total_env_steps=40772 t=0.09s
Ep  921: len= 25 黑胜 loss=19.2524 temp=0.25 total_env_steps=40797 t=0.08s
Ep  922: len= 21 黑胜 loss=20.3123 temp=0.25 total_env_steps=40818 t=0.09s
Ep  923: len= 17 黑胜 loss=19.9673 temp=0.25 total_env_steps=40835 t=0.08s
Ep  924: len= 46 白胜 loss=21.6818 temp=0.25 total_env_steps=40881 t=0.13s
Ep  925: len= 45 黑胜 loss=18.5136 temp=0.25 total_env_steps=40926 t=0.12s
Ep  926: len= 42 白胜 loss=20.5657 temp=0.25 total_env_steps=40968 t=0.13s
Ep  927: len= 30 白胜 loss=19.6183 temp=0.25 total_env_steps=40998 t=0.09s
Ep  928: len= 38 白胜 loss=17.1383 temp=0.25 total_env_steps=41036 t=0.11s
Ep  929: len= 39 黑胜 loss=19.5715 temp=0.25 total_env_steps=41075 t=0.12s
Ep  930: len= 47 黑胜 loss=18.8325 temp=0.25 total_env_steps=41122 t=0.14s
Ep  931: len= 45 黑胜 loss=20.5017 temp=0.25 total_env_steps=41167 t=0.13s
Ep  932: len= 49 黑胜 loss=18.9338 temp=0.25 total_env_steps=41216 t=0.14s
Ep  933: len= 23 黑胜 loss=20.5088 temp=0.25 total_env_steps=41239 t=0.08s
Ep  934: len= 49 黑胜 loss=21.0556 temp=0.25 total_env_steps=41288 t=0.13s
Ep  935: len= 49 黑胜 loss=17.8035 temp=0.25 total_env_steps=41337 t=0.13s
Ep  936: len= 23 黑胜 loss=20.9960 temp=0.25 total_env_steps=41360 t=0.08s
Ep  937: len= 49 黑胜 loss=20.3181 temp=0.25 total_env_steps=41409 t=0.13s
Ep  938: len= 27 黑胜 loss=18.7412 temp=0.25 total_env_steps=41436 t=0.09s
Ep  939: len= 43 黑胜 loss=19.1932 temp=0.25 total_env_steps=41479 t=0.13s
Ep  940: len= 81 平局 loss=19.5875 temp=0.25 total_env_steps=41560 t=0.21s
Ep  941: len= 25 黑胜 loss=20.5331 temp=0.25 total_env_steps=41585 t=0.08s
Ep  942: len= 30 白胜 loss=20.1817 temp=0.25 total_env_steps=41615 t=0.09s
Ep  943: len= 27 黑胜 loss=19.8234 temp=0.25 total_env_steps=41642 t=0.08s
Ep  944: len= 35 黑胜 loss=20.3087 temp=0.25 total_env_steps=41677 t=0.10s
Ep  945: len= 26 白胜 loss=20.1297 temp=0.25 total_env_steps=41703 t=0.08s
Ep  946: len= 22 白胜 loss=21.0781 temp=0.25 total_env_steps=41725 t=0.08s
Ep  947: len= 25 黑胜 loss=17.7499 temp=0.25 total_env_steps=41750 t=0.08s
Ep  948: len= 30 白胜 loss=20.6171 temp=0.25 total_env_steps=41780 t=0.09s
Ep  949: len= 38 白胜 loss=18.0009 temp=0.25 total_env_steps=41818 t=0.10s
Ep  950: len= 21 黑胜 loss=19.2580 temp=0.25 total_env_steps=41839 t=0.07s
Ep  951: len= 51 黑胜 loss=18.6138 temp=0.25 total_env_steps=41890 t=0.14s
Ep  952: len= 46 白胜 loss=19.6827 temp=0.25 total_env_steps=41936 t=0.12s
Ep  953: len= 25 黑胜 loss=18.7127 temp=0.25 total_env_steps=41961 t=0.09s
Ep  954: len= 57 黑胜 loss=18.9981 temp=0.25 total_env_steps=42018 t=0.15s
Ep  955: len= 37 黑胜 loss=17.2696 temp=0.25 total_env_steps=42055 t=0.11s
Ep  956: len= 51 黑胜 loss=18.9704 temp=0.25 total_env_steps=42106 t=0.14s
Ep  957: len= 27 黑胜 loss=18.2501 temp=0.25 total_env_steps=42133 t=0.09s
Ep  958: len= 36 白胜 loss=18.3012 temp=0.25 total_env_steps=42169 t=0.11s
Ep  959: len= 37 黑胜 loss=18.9064 temp=0.25 total_env_steps=42206 t=0.13s
Ep  960: len= 57 黑胜 loss=20.2844 temp=0.25 total_env_steps=42263 t=0.15s
Ep  961: len= 47 黑胜 loss=18.8657 temp=0.25 total_env_steps=42310 t=0.12s
Ep  962: len= 29 黑胜 loss=20.7190 temp=0.25 total_env_steps=42339 t=0.09s
Ep  963: len= 44 白胜 loss=17.6748 temp=0.25 total_env_steps=42383 t=0.13s
Ep  964: len= 70 白胜 loss=19.7481 temp=0.25 total_env_steps=42453 t=0.19s
Ep  965: len= 41 黑胜 loss=19.0557 temp=0.25 total_env_steps=42494 t=0.12s
Ep  966: len= 39 黑胜 loss=20.4348 temp=0.25 total_env_steps=42533 t=0.11s
Ep  967: len= 32 白胜 loss=19.1214 temp=0.25 total_env_steps=42565 t=0.09s
Ep  968: len= 70 白胜 loss=20.8622 temp=0.25 total_env_steps=42635 t=0.19s
Ep  969: len= 31 黑胜 loss=20.2215 temp=0.25 total_env_steps=42666 t=0.09s
Ep  970: len= 19 黑胜 loss=17.4775 temp=0.25 total_env_steps=42685 t=0.07s
Ep  971: len= 19 黑胜 loss=19.4477 temp=0.25 total_env_steps=42704 t=0.06s
Ep  972: len= 35 黑胜 loss=17.7835 temp=0.25 total_env_steps=42739 t=0.10s
Ep  973: len= 42 白胜 loss=19.4140 temp=0.25 total_env_steps=42781 t=0.12s
Ep  974: len= 77 黑胜 loss=18.9590 temp=0.25 total_env_steps=42858 t=0.21s
Ep  975: len= 26 白胜 loss=18.3537 temp=0.25 total_env_steps=42884 t=0.08s
Ep  976: len= 45 黑胜 loss=21.2985 temp=0.25 total_env_steps=42929 t=0.13s
Ep  977: len= 43 黑胜 loss=19.7507 temp=0.25 total_env_steps=42972 t=0.12s
Ep  978: len= 33 黑胜 loss=18.7478 temp=0.25 total_env_steps=43005 t=0.11s
Ep  979: len= 38 白胜 loss=18.6120 temp=0.25 total_env_steps=43043 t=0.10s
Ep  980: len= 38 白胜 loss=18.3488 temp=0.25 total_env_steps=43081 t=0.11s
Ep  981: len= 23 黑胜 loss=20.8365 temp=0.25 total_env_steps=43104 t=0.07s
Ep  982: len= 41 黑胜 loss=19.0623 temp=0.25 total_env_steps=43145 t=0.11s
Ep  983: len= 55 黑胜 loss=19.6207 temp=0.25 total_env_steps=43200 t=0.14s
Ep  984: len= 21 黑胜 loss=18.6198 temp=0.25 total_env_steps=43221 t=0.08s
Ep  985: len= 53 黑胜 loss=20.2821 temp=0.25 total_env_steps=43274 t=0.14s
Ep  986: len= 43 黑胜 loss=17.3940 temp=0.25 total_env_steps=43317 t=0.12s
Ep  987: len= 37 黑胜 loss=17.2371 temp=0.25 total_env_steps=43354 t=0.10s
Ep  988: len= 27 黑胜 loss=18.9990 temp=0.25 total_env_steps=43381 t=0.08s
Ep  989: len= 21 黑胜 loss=19.0737 temp=0.25 total_env_steps=43402 t=0.07s
Ep  990: len= 19 黑胜 loss=20.8865 temp=0.25 total_env_steps=43421 t=0.07s
Ep  991: len= 52 白胜 loss=18.8322 temp=0.25 total_env_steps=43473 t=0.14s
Ep  992: len= 55 黑胜 loss=18.9176 temp=0.25 total_env_steps=43528 t=0.15s
Ep  993: len= 49 黑胜 loss=18.0802 temp=0.25 total_env_steps=43577 t=0.15s
Ep  994: len= 54 白胜 loss=19.5336 temp=0.25 total_env_steps=43631 t=0.14s
Ep  995: len= 45 黑胜 loss=20.2562 temp=0.25 total_env_steps=43676 t=0.12s
Ep  996: len= 55 黑胜 loss=17.3971 temp=0.25 total_env_steps=43731 t=0.15s
Ep  997: len= 63 黑胜 loss=19.5951 temp=0.25 total_env_steps=43794 t=0.18s
Ep  998: len= 23 黑胜 loss=19.6849 temp=0.25 total_env_steps=43817 t=0.08s
Ep  999: len= 48 白胜 loss=20.1886 temp=0.25 total_env_steps=43865 t=0.14s
Ep 1000: len= 43 黑胜 loss=20.1829 temp=0.25 total_env_steps=43908 t=0.13s
  eval vs Gomoku-random-v0: win_rate=1.00 mean_return=1.00（20 局，total_env_steps=43908）
  📸 已拍权重快照（ep=1000，gating 对弈基准）
Ep 1001: len= 23 黑胜 loss=19.2939 temp=0.25 total_env_steps=43931 t=0.08s
Ep 1002: len= 42 白胜 loss=19.2425 temp=0.25 total_env_steps=43973 t=0.12s
Ep 1003: len= 51 黑胜 loss=18.8887 temp=0.25 total_env_steps=44024 t=0.13s
Ep 1004: len= 27 黑胜 loss=19.5299 temp=0.25 total_env_steps=44051 t=0.09s
Ep 1005: len= 67 黑胜 loss=19.2679 temp=0.25 total_env_steps=44118 t=0.19s
Ep 1006: len= 60 白胜 loss=20.4555 temp=0.25 total_env_steps=44178 t=0.17s
Ep 1007: len= 35 黑胜 loss=18.5006 temp=0.25 total_env_steps=44213 t=0.10s
Ep 1008: len= 29 黑胜 loss=20.3956 temp=0.25 total_env_steps=44242 t=0.09s
Ep 1009: len= 19 黑胜 loss=20.3246 temp=0.25 total_env_steps=44261 t=0.07s
Ep 1010: len= 73 黑胜 loss=19.1900 temp=0.25 total_env_steps=44334 t=0.19s
Ep 1011: len= 21 黑胜 loss=18.8836 temp=0.25 total_env_steps=44355 t=0.07s
Ep 1012: len= 37 黑胜 loss=20.0875 temp=0.25 total_env_steps=44392 t=0.11s
Ep 1013: len= 25 黑胜 loss=19.1423 temp=0.25 total_env_steps=44417 t=0.09s
Ep 1014: len= 26 白胜 loss=20.0960 temp=0.25 total_env_steps=44443 t=0.09s
Ep 1015: len= 46 白胜 loss=20.3764 temp=0.25 total_env_steps=44489 t=0.14s
Ep 1016: len= 35 黑胜 loss=18.3478 temp=0.25 total_env_steps=44524 t=0.11s
Ep 1017: len= 53 黑胜 loss=20.6257 temp=0.25 total_env_steps=44577 t=0.14s
Ep 1018: len= 29 黑胜 loss=19.3198 temp=0.25 total_env_steps=44606 t=0.09s
Ep 1019: len= 36 白胜 loss=18.7424 temp=0.25 total_env_steps=44642 t=0.11s
Ep 1020: len= 42 白胜 loss=19.0799 temp=0.25 total_env_steps=44684 t=0.12s
Ep 1021: len= 51 黑胜 loss=18.8840 temp=0.25 total_env_steps=44735 t=0.14s
Ep 1022: len= 41 黑胜 loss=19.8765 temp=0.25 total_env_steps=44776 t=0.12s
Ep 1023: len= 44 白胜 loss=17.6891 temp=0.25 total_env_steps=44820 t=0.13s
Ep 1024: len= 36 白胜 loss=17.8478 temp=0.25 total_env_steps=44856 t=0.10s
Ep 1025: len= 39 黑胜 loss=19.8058 temp=0.25 total_env_steps=44895 t=0.12s
Ep 1026: len= 23 黑胜 loss=18.5608 temp=0.25 total_env_steps=44918 t=0.08s
Ep 1027: len= 42 白胜 loss=18.0213 temp=0.25 total_env_steps=44960 t=0.12s
Ep 1028: len= 37 黑胜 loss=19.3600 temp=0.25 total_env_steps=44997 t=0.10s
Ep 1029: len= 71 黑胜 loss=20.1181 temp=0.25 total_env_steps=45068 t=0.18s
Ep 1030: len= 29 黑胜 loss=17.9454 temp=0.25 total_env_steps=45097 t=0.10s
Ep 1031: len= 62 白胜 loss=18.9096 temp=0.25 total_env_steps=45159 t=0.17s
Ep 1032: len= 25 黑胜 loss=18.2163 temp=0.25 total_env_steps=45184 t=0.08s
Ep 1033: len= 51 黑胜 loss=19.6518 temp=0.25 total_env_steps=45235 t=0.15s
Ep 1034: len= 47 黑胜 loss=17.1402 temp=0.25 total_env_steps=45282 t=0.14s
Ep 1035: len= 27 黑胜 loss=20.8882 temp=0.25 total_env_steps=45309 t=0.09s
Ep 1036: len= 49 黑胜 loss=21.1875 temp=0.25 total_env_steps=45358 t=0.15s
Ep 1037: len= 31 黑胜 loss=19.7171 temp=0.25 total_env_steps=45389 t=0.10s
Ep 1038: len= 32 白胜 loss=19.1545 temp=0.25 total_env_steps=45421 t=0.10s
Ep 1039: len= 31 黑胜 loss=18.8007 temp=0.25 total_env_steps=45452 t=0.10s
Ep 1040: len= 29 黑胜 loss=18.5287 temp=0.25 total_env_steps=45481 t=0.09s
Ep 1041: len= 35 黑胜 loss=20.8339 temp=0.25 total_env_steps=45516 t=0.11s
Ep 1042: len= 27 黑胜 loss=17.9275 temp=0.25 total_env_steps=45543 t=0.09s
Ep 1043: len= 32 白胜 loss=20.0964 temp=0.25 total_env_steps=45575 t=0.10s
Ep 1044: len= 23 黑胜 loss=20.3657 temp=0.25 total_env_steps=45598 t=0.08s
Ep 1045: len= 50 白胜 loss=16.5648 temp=0.25 total_env_steps=45648 t=0.14s
Ep 1046: len= 54 白胜 loss=16.9932 temp=0.25 total_env_steps=45702 t=0.14s
Ep 1047: len= 64 白胜 loss=18.4970 temp=0.25 total_env_steps=45766 t=0.18s
Ep 1048: len= 43 黑胜 loss=17.1750 temp=0.25 total_env_steps=45809 t=0.12s
Ep 1049: len= 24 白胜 loss=19.3632 temp=0.25 total_env_steps=45833 t=0.08s
Ep 1050: len= 23 黑胜 loss=19.5684 temp=0.25 total_env_steps=45856 t=0.08s
Ep 1051: len= 45 黑胜 loss=18.4028 temp=0.25 total_env_steps=45901 t=0.13s
Ep 1052: len= 25 黑胜 loss=18.8745 temp=0.25 total_env_steps=45926 t=0.08s
Ep 1053: len= 31 黑胜 loss=17.1538 temp=0.25 total_env_steps=45957 t=0.10s
Ep 1054: len= 42 白胜 loss=18.5214 temp=0.25 total_env_steps=45999 t=0.13s
Ep 1055: len= 67 黑胜 loss=19.6121 temp=0.25 total_env_steps=46066 t=0.18s
Ep 1056: len= 31 黑胜 loss=19.1063 temp=0.25 total_env_steps=46097 t=0.09s
Ep 1057: len= 20 白胜 loss=18.3841 temp=0.25 total_env_steps=46117 t=0.07s
Ep 1058: len= 57 黑胜 loss=19.1135 temp=0.25 total_env_steps=46174 t=0.16s
Ep 1059: len= 35 黑胜 loss=17.7600 temp=0.25 total_env_steps=46209 t=0.10s
Ep 1060: len= 27 黑胜 loss=17.7333 temp=0.25 total_env_steps=46236 t=0.08s
Ep 1061: len= 57 黑胜 loss=20.1399 temp=0.25 total_env_steps=46293 t=0.15s
Ep 1062: len= 27 黑胜 loss=18.4541 temp=0.25 total_env_steps=46320 t=0.09s
Ep 1063: len= 22 白胜 loss=18.2769 temp=0.25 total_env_steps=46342 t=0.08s
Ep 1064: len= 25 黑胜 loss=16.8778 temp=0.25 total_env_steps=46367 t=0.09s
Ep 1065: len= 25 黑胜 loss=17.5957 temp=0.25 total_env_steps=46392 t=0.08s
Ep 1066: len= 41 黑胜 loss=18.3370 temp=0.25 total_env_steps=46433 t=0.11s
Ep 1067: len= 29 黑胜 loss=19.1111 temp=0.25 total_env_steps=46462 t=0.09s
Ep 1068: len= 23 黑胜 loss=20.3444 temp=0.25 total_env_steps=46485 t=0.07s
Ep 1069: len= 25 黑胜 loss=18.5786 temp=0.25 total_env_steps=46510 t=0.08s
Ep 1070: len= 37 黑胜 loss=19.2716 temp=0.25 total_env_steps=46547 t=0.10s
Ep 1071: len= 31 黑胜 loss=19.0790 temp=0.25 total_env_steps=46578 t=0.09s
Ep 1072: len= 54 白胜 loss=19.5933 temp=0.25 total_env_steps=46632 t=0.14s
Ep 1073: len= 61 黑胜 loss=17.3219 temp=0.25 total_env_steps=46693 t=0.18s
Ep 1074: len= 30 白胜 loss=18.0001 temp=0.25 total_env_steps=46723 t=0.12s
Ep 1075: len= 46 白胜 loss=17.6617 temp=0.25 total_env_steps=46769 t=0.13s
Ep 1076: len= 37 黑胜 loss=16.3463 temp=0.25 total_env_steps=46806 t=0.11s
Ep 1077: len= 41 黑胜 loss=17.0160 temp=0.25 total_env_steps=46847 t=0.11s
Ep 1078: len= 37 黑胜 loss=17.9110 temp=0.25 total_env_steps=46884 t=0.11s
Ep 1079: len= 45 黑胜 loss=16.6931 temp=0.25 total_env_steps=46929 t=0.12s
Ep 1080: len= 42 白胜 loss=16.3992 temp=0.25 total_env_steps=46971 t=0.12s
Ep 1081: len= 45 黑胜 loss=16.7883 temp=0.25 total_env_steps=47016 t=0.12s
Ep 1082: len= 25 黑胜 loss=16.9947 temp=0.25 total_env_steps=47041 t=0.08s
Ep 1083: len= 37 黑胜 loss=16.7764 temp=0.25 total_env_steps=47078 t=0.11s
Ep 1084: len= 48 白胜 loss=19.8160 temp=0.25 total_env_steps=47126 t=0.14s
Ep 1085: len= 29 黑胜 loss=17.9756 temp=0.25 total_env_steps=47155 t=0.09s
Ep 1086: len= 33 黑胜 loss=16.3699 temp=0.25 total_env_steps=47188 t=0.10s
Ep 1087: len= 41 黑胜 loss=19.5998 temp=0.25 total_env_steps=47229 t=0.13s
Ep 1088: len= 25 黑胜 loss=17.9153 temp=0.25 total_env_steps=47254 t=0.09s
Ep 1089: len= 36 白胜 loss=17.5224 temp=0.25 total_env_steps=47290 t=0.11s
Ep 1090: len= 42 白胜 loss=17.9781 temp=0.25 total_env_steps=47332 t=0.13s
Ep 1091: len= 29 黑胜 loss=18.2296 temp=0.25 total_env_steps=47361 t=0.09s
Ep 1092: len= 49 黑胜 loss=16.7877 temp=0.25 total_env_steps=47410 t=0.13s
Ep 1093: len= 27 黑胜 loss=19.4091 temp=0.25 total_env_steps=47437 t=0.09s
Ep 1094: len= 43 黑胜 loss=17.8382 temp=0.25 total_env_steps=47480 t=0.13s
Ep 1095: len= 42 白胜 loss=18.1134 temp=0.25 total_env_steps=47522 t=0.12s
Ep 1096: len= 29 黑胜 loss=17.4480 temp=0.25 total_env_steps=47551 t=0.09s
Ep 1097: len= 27 黑胜 loss=17.4184 temp=0.25 total_env_steps=47578 t=0.08s
Ep 1098: len= 23 黑胜 loss=20.9467 temp=0.25 total_env_steps=47601 t=0.08s
Ep 1099: len= 29 黑胜 loss=19.4788 temp=0.25 total_env_steps=47630 t=0.10s
Ep 1100: len= 37 黑胜 loss=19.4722 temp=0.25 total_env_steps=47667 t=0.10s
Ep 1101: len= 63 黑胜 loss=18.9285 temp=0.25 total_env_steps=47730 t=0.17s
Ep 1102: len= 39 黑胜 loss=19.6275 temp=0.25 total_env_steps=47769 t=0.11s
Ep 1103: len= 45 黑胜 loss=16.3412 temp=0.25 total_env_steps=47814 t=0.14s
Ep 1104: len= 25 黑胜 loss=17.1997 temp=0.25 total_env_steps=47839 t=0.08s
Ep 1105: len= 29 黑胜 loss=16.6723 temp=0.25 total_env_steps=47868 t=0.09s
Ep 1106: len= 27 黑胜 loss=17.5561 temp=0.25 total_env_steps=47895 t=0.08s
Ep 1107: len= 41 黑胜 loss=17.5376 temp=0.25 total_env_steps=47936 t=0.12s
Ep 1108: len= 44 白胜 loss=17.8694 temp=0.25 total_env_steps=47980 t=0.12s
Ep 1109: len= 23 黑胜 loss=15.9836 temp=0.25 total_env_steps=48003 t=0.08s
Ep 1110: len= 29 黑胜 loss=15.8819 temp=0.25 total_env_steps=48032 t=0.09s
Ep 1111: len= 21 黑胜 loss=17.6591 temp=0.25 total_env_steps=48053 t=0.09s
Ep 1112: len= 25 黑胜 loss=16.4294 temp=0.25 total_env_steps=48078 t=0.09s
Ep 1113: len= 35 黑胜 loss=16.8847 temp=0.25 total_env_steps=48113 t=0.11s
Ep 1114: len= 31 黑胜 loss=18.4351 temp=0.25 total_env_steps=48144 t=0.09s
Ep 1115: len= 52 白胜 loss=19.3377 temp=0.25 total_env_steps=48196 t=0.15s
Ep 1116: len= 33 黑胜 loss=17.0372 temp=0.25 total_env_steps=48229 t=0.10s
Ep 1117: len= 25 黑胜 loss=16.6765 temp=0.25 total_env_steps=48254 t=0.09s
Ep 1118: len= 35 黑胜 loss=16.4583 temp=0.25 total_env_steps=48289 t=0.11s
Ep 1119: len= 33 黑胜 loss=18.8226 temp=0.25 total_env_steps=48322 t=0.10s
Ep 1120: len= 35 黑胜 loss=18.2706 temp=0.25 total_env_steps=48357 t=0.10s
Ep 1121: len= 51 黑胜 loss=18.5222 temp=0.25 total_env_steps=48408 t=0.15s
Ep 1122: len= 69 黑胜 loss=17.4932 temp=0.25 total_env_steps=48477 t=0.19s
Ep 1123: len= 62 白胜 loss=16.0589 temp=0.25 total_env_steps=48539 t=0.17s
Ep 1124: len= 23 黑胜 loss=16.5554 temp=0.25 total_env_steps=48562 t=0.08s
Ep 1125: len= 37 黑胜 loss=16.3325 temp=0.25 total_env_steps=48599 t=0.12s
Ep 1126: len= 25 黑胜 loss=17.6255 temp=0.25 total_env_steps=48624 t=0.09s
Ep 1127: len= 39 黑胜 loss=19.0286 temp=0.25 total_env_steps=48663 t=0.12s
Ep 1128: len= 21 黑胜 loss=15.2992 temp=0.25 total_env_steps=48684 t=0.08s
Ep 1129: len= 40 白胜 loss=17.0698 temp=0.25 total_env_steps=48724 t=0.13s
Ep 1130: len= 27 黑胜 loss=17.8514 temp=0.25 total_env_steps=48751 t=0.09s
Ep 1131: len= 68 白胜 loss=18.0729 temp=0.25 total_env_steps=48819 t=0.20s
Ep 1132: len= 45 黑胜 loss=16.2228 temp=0.25 total_env_steps=48864 t=0.12s
Ep 1133: len= 23 黑胜 loss=18.2228 temp=0.25 total_env_steps=48887 t=0.08s
Ep 1134: len= 52 白胜 loss=15.9585 temp=0.25 total_env_steps=48939 t=0.15s
Ep 1135: len= 42 白胜 loss=17.7067 temp=0.25 total_env_steps=48981 t=0.12s
Ep 1136: len= 31 黑胜 loss=18.2657 temp=0.25 total_env_steps=49012 t=0.10s
Ep 1137: len= 44 白胜 loss=20.1783 temp=0.25 total_env_steps=49056 t=0.13s
Ep 1138: len= 35 黑胜 loss=17.0608 temp=0.25 total_env_steps=49091 t=0.11s
Ep 1139: len= 31 黑胜 loss=18.4896 temp=0.25 total_env_steps=49122 t=0.10s
Ep 1140: len= 53 黑胜 loss=16.4837 temp=0.25 total_env_steps=49175 t=0.16s
Ep 1141: len= 38 白胜 loss=20.1902 temp=0.25 total_env_steps=49213 t=0.10s
Ep 1142: len= 29 黑胜 loss=16.8116 temp=0.25 total_env_steps=49242 t=0.10s
Ep 1143: len= 65 黑胜 loss=18.6637 temp=0.25 total_env_steps=49307 t=0.20s
Ep 1144: len= 33 黑胜 loss=15.8571 temp=0.25 total_env_steps=49340 t=0.10s
Ep 1145: len= 23 黑胜 loss=16.4736 temp=0.25 total_env_steps=49363 t=0.08s
Ep 1146: len= 32 白胜 loss=19.2021 temp=0.25 total_env_steps=49395 t=0.10s
Ep 1147: len= 48 白胜 loss=18.0680 temp=0.25 total_env_steps=49443 t=0.14s
Ep 1148: len= 41 黑胜 loss=16.1830 temp=0.25 total_env_steps=49484 t=0.12s
Ep 1149: len= 28 白胜 loss=18.4502 temp=0.25 total_env_steps=49512 t=0.09s
Ep 1150: len= 44 白胜 loss=17.1929 temp=0.25 total_env_steps=49556 t=0.12s
Ep 1151: len= 52 白胜 loss=16.3675 temp=0.25 total_env_steps=49608 t=0.15s
Ep 1152: len= 32 白胜 loss=15.4457 temp=0.25 total_env_steps=49640 t=0.10s
Ep 1153: len= 25 黑胜 loss=16.2730 temp=0.25 total_env_steps=49665 t=0.08s
Ep 1154: len= 21 黑胜 loss=19.2036 temp=0.25 total_env_steps=49686 t=0.08s
Ep 1155: len= 27 黑胜 loss=16.5617 temp=0.25 total_env_steps=49713 t=0.09s
Ep 1156: len= 61 黑胜 loss=17.0654 temp=0.25 total_env_steps=49774 t=0.16s
Ep 1157: len= 80 白胜 loss=18.3409 temp=0.25 total_env_steps=49854 t=0.20s
Ep 1158: len= 28 白胜 loss=18.6736 temp=0.25 total_env_steps=49882 t=0.09s
Ep 1159: len= 34 白胜 loss=18.4095 temp=0.25 total_env_steps=49916 t=0.10s
Ep 1160: len= 35 黑胜 loss=18.4669 temp=0.25 total_env_steps=49951 t=0.10s
Ep 1161: len= 31 黑胜 loss=17.0529 temp=0.25 total_env_steps=49982 t=0.10s
Ep 1162: len= 29 黑胜 loss=18.8571 temp=0.25 total_env_steps=50011 t=0.09s
Ep 1163: len= 24 白胜 loss=18.1398 temp=0.25 total_env_steps=50035 t=0.08s
Ep 1164: len= 28 白胜 loss=16.8305 temp=0.25 total_env_steps=50063 t=0.09s
Ep 1165: len= 66 白胜 loss=16.5869 temp=0.25 total_env_steps=50129 t=0.17s
Ep 1166: len= 33 黑胜 loss=15.3013 temp=0.25 total_env_steps=50162 t=0.11s
Ep 1167: len= 25 黑胜 loss=15.3878 temp=0.25 total_env_steps=50187 t=0.08s
Ep 1168: len= 34 白胜 loss=18.0410 temp=0.25 total_env_steps=50221 t=0.10s
Ep 1169: len= 49 黑胜 loss=17.9142 temp=0.25 total_env_steps=50270 t=0.13s
Ep 1170: len= 40 白胜 loss=17.7714 temp=0.25 total_env_steps=50310 t=0.12s
Ep 1171: len= 25 黑胜 loss=16.6736 temp=0.25 total_env_steps=50335 t=0.08s
Ep 1172: len= 27 黑胜 loss=17.5942 temp=0.25 total_env_steps=50362 t=0.09s
Ep 1173: len= 31 黑胜 loss=16.6048 temp=0.25 total_env_steps=50393 t=0.10s
Ep 1174: len= 31 黑胜 loss=17.0509 temp=0.25 total_env_steps=50424 t=0.10s
Ep 1175: len= 29 黑胜 loss=16.3796 temp=0.25 total_env_steps=50453 t=0.10s
Ep 1176: len= 29 黑胜 loss=15.8301 temp=0.25 total_env_steps=50482 t=0.10s
Ep 1177: len= 33 黑胜 loss=16.7508 temp=0.25 total_env_steps=50515 t=0.11s
Ep 1178: len= 29 黑胜 loss=19.3345 temp=0.25 total_env_steps=50544 t=0.09s
Ep 1179: len= 39 黑胜 loss=18.1679 temp=0.25 total_env_steps=50583 t=0.11s
Ep 1180: len= 35 黑胜 loss=19.3413 temp=0.25 total_env_steps=50618 t=0.11s
Ep 1181: len= 29 黑胜 loss=16.4996 temp=0.25 total_env_steps=50647 t=0.09s
Ep 1182: len= 30 白胜 loss=14.4225 temp=0.25 total_env_steps=50677 t=0.09s
Ep 1183: len= 27 黑胜 loss=16.1633 temp=0.25 total_env_steps=50704 t=0.09s
Ep 1184: len= 35 黑胜 loss=17.5870 temp=0.25 total_env_steps=50739 t=0.12s
Ep 1185: len= 41 黑胜 loss=15.9865 temp=0.25 total_env_steps=50780 t=0.13s
Ep 1186: len= 25 黑胜 loss=18.5415 temp=0.25 total_env_steps=50805 t=0.08s
Ep 1187: len= 27 黑胜 loss=18.7503 temp=0.25 total_env_steps=50832 t=0.09s
Ep 1188: len= 26 白胜 loss=17.3471 temp=0.25 total_env_steps=50858 t=0.08s
Ep 1189: len= 27 黑胜 loss=15.0997 temp=0.25 total_env_steps=50885 t=0.09s
Ep 1190: len= 23 黑胜 loss=17.9334 temp=0.25 total_env_steps=50908 t=0.08s
Ep 1191: len= 21 黑胜 loss=16.4859 temp=0.25 total_env_steps=50929 t=0.07s
Ep 1192: len= 29 黑胜 loss=17.1114 temp=0.25 total_env_steps=50958 t=0.10s
Ep 1193: len= 23 黑胜 loss=17.4920 temp=0.25 total_env_steps=50981 t=0.08s
Ep 1194: len= 46 白胜 loss=14.0030 temp=0.25 total_env_steps=51027 t=0.13s
Ep 1195: len= 23 黑胜 loss=13.8591 temp=0.25 total_env_steps=51050 t=0.08s
Ep 1196: len= 29 黑胜 loss=16.6031 temp=0.25 total_env_steps=51079 t=0.10s
Ep 1197: len= 23 黑胜 loss=18.0537 temp=0.25 total_env_steps=51102 t=0.08s
Ep 1198: len= 29 黑胜 loss=14.6290 temp=0.25 total_env_steps=51131 t=0.10s
Ep 1199: len= 29 黑胜 loss=14.6321 temp=0.25 total_env_steps=51160 t=0.10s
Ep 1200: len= 29 黑胜 loss=16.4150 temp=0.25 total_env_steps=51189 t=0.10s
  eval vs Gomoku-random-v0: win_rate=0.95 mean_return=0.90（20 局，total_env_steps=51189）
Ep 1201: len= 52 白胜 loss=16.3216 temp=0.25 total_env_steps=51241 t=0.15s
Ep 1202: len= 21 黑胜 loss=14.5977 temp=0.25 total_env_steps=51262 t=0.07s
Ep 1203: len= 57 黑胜 loss=17.3338 temp=0.25 total_env_steps=51319 t=0.16s
Ep 1204: len= 48 白胜 loss=17.5334 temp=0.25 total_env_steps=51367 t=0.15s
Ep 1205: len= 44 白胜 loss=15.8214 temp=0.25 total_env_steps=51411 t=0.12s
Ep 1206: len= 31 黑胜 loss=15.8744 temp=0.25 total_env_steps=51442 t=0.10s
Ep 1207: len= 30 白胜 loss=15.5139 temp=0.25 total_env_steps=51472 t=0.09s
Ep 1208: len= 31 黑胜 loss=12.8016 temp=0.25 total_env_steps=51503 t=0.09s
Ep 1209: len= 39 黑胜 loss=15.8050 temp=0.25 total_env_steps=51542 t=0.12s
Ep 1210: len= 29 黑胜 loss=15.7501 temp=0.25 total_env_steps=51571 t=0.09s
Ep 1211: len= 23 黑胜 loss=17.1253 temp=0.25 total_env_steps=51594 t=0.08s
Ep 1212: len= 21 黑胜 loss=17.9077 temp=0.25 total_env_steps=51615 t=0.07s
Ep 1213: len= 25 黑胜 loss=16.1339 temp=0.25 total_env_steps=51640 t=0.08s
Ep 1214: len= 48 白胜 loss=15.2853 temp=0.25 total_env_steps=51688 t=0.13s
Ep 1215: len= 40 白胜 loss=15.4183 temp=0.25 total_env_steps=51728 t=0.11s
Ep 1216: len= 21 黑胜 loss=15.7139 temp=0.25 total_env_steps=51749 t=0.07s
Ep 1217: len= 28 白胜 loss=15.7855 temp=0.25 total_env_steps=51777 t=0.09s
Ep 1218: len= 44 白胜 loss=15.0982 temp=0.25 total_env_steps=51821 t=0.13s
Ep 1219: len= 25 黑胜 loss=14.8967 temp=0.25 total_env_steps=51846 t=0.08s
Ep 1220: len= 25 黑胜 loss=16.3973 temp=0.25 total_env_steps=51871 t=0.08s
Ep 1221: len= 25 黑胜 loss=16.4041 temp=0.25 total_env_steps=51896 t=0.09s
Ep 1222: len= 27 黑胜 loss=16.0216 temp=0.25 total_env_steps=51923 t=0.08s
Ep 1223: len= 43 黑胜 loss=14.7668 temp=0.25 total_env_steps=51966 t=0.12s
Ep 1224: len= 23 黑胜 loss=15.4524 temp=0.25 total_env_steps=51989 t=0.07s
Ep 1225: len= 33 黑胜 loss=14.8170 temp=0.25 total_env_steps=52022 t=0.10s
Ep 1226: len= 35 黑胜 loss=16.6921 temp=0.25 total_env_steps=52057 t=0.11s
Ep 1227: len= 27 黑胜 loss=15.4930 temp=0.25 total_env_steps=52084 t=0.08s
Ep 1228: len= 25 黑胜 loss=17.0078 temp=0.25 total_env_steps=52109 t=0.09s
Ep 1229: len= 45 黑胜 loss=15.1425 temp=0.25 total_env_steps=52154 t=0.12s
Ep 1230: len= 39 黑胜 loss=17.8889 temp=0.25 total_env_steps=52193 t=0.11s
Ep 1231: len= 33 黑胜 loss=14.9641 temp=0.25 total_env_steps=52226 t=0.10s
Ep 1232: len= 34 白胜 loss=14.4016 temp=0.25 total_env_steps=52260 t=0.10s
Ep 1233: len= 19 黑胜 loss=13.4708 temp=0.25 total_env_steps=52279 t=0.07s
Ep 1234: len= 19 黑胜 loss=18.0445 temp=0.25 total_env_steps=52298 t=0.07s
Ep 1235: len= 27 黑胜 loss=17.0007 temp=0.25 total_env_steps=52325 t=0.09s
Ep 1236: len= 23 黑胜 loss=16.9193 temp=0.25 total_env_steps=52348 t=0.07s
Ep 1237: len= 25 黑胜 loss=14.9964 temp=0.25 total_env_steps=52373 t=0.08s
Ep 1238: len= 33 黑胜 loss=14.9621 temp=0.25 total_env_steps=52406 t=0.10s
Ep 1239: len= 41 黑胜 loss=14.2342 temp=0.25 total_env_steps=52447 t=0.12s
Ep 1240: len= 32 白胜 loss=14.4044 temp=0.25 total_env_steps=52479 t=0.11s
Ep 1241: len= 25 黑胜 loss=16.1674 temp=0.25 total_env_steps=52504 t=0.08s
Ep 1242: len= 71 黑胜 loss=15.4990 temp=0.25 total_env_steps=52575 t=0.20s
Ep 1243: len= 36 白胜 loss=15.5929 temp=0.25 total_env_steps=52611 t=0.11s
Ep 1244: len= 49 黑胜 loss=14.8257 temp=0.25 total_env_steps=52660 t=0.14s
Ep 1245: len= 46 白胜 loss=14.7985 temp=0.25 total_env_steps=52706 t=0.13s
Ep 1246: len= 38 白胜 loss=13.6229 temp=0.25 total_env_steps=52744 t=0.11s
Ep 1247: len= 25 黑胜 loss=16.4340 temp=0.25 total_env_steps=52769 t=0.09s
Ep 1248: len= 33 黑胜 loss=14.4113 temp=0.25 total_env_steps=52802 t=0.10s
Ep 1249: len= 34 白胜 loss=15.3343 temp=0.25 total_env_steps=52836 t=0.11s
Ep 1250: len= 25 黑胜 loss=15.7992 temp=0.25 total_env_steps=52861 t=0.08s
Ep 1251: len= 41 黑胜 loss=14.9028 temp=0.25 total_env_steps=52902 t=0.12s
Ep 1252: len= 25 黑胜 loss=14.6733 temp=0.25 total_env_steps=52927 t=0.08s
Ep 1253: len= 38 白胜 loss=13.3987 temp=0.25 total_env_steps=52965 t=0.11s
Ep 1254: len= 27 黑胜 loss=15.3683 temp=0.25 total_env_steps=52992 t=0.08s
Ep 1255: len= 41 黑胜 loss=17.2567 temp=0.25 total_env_steps=53033 t=0.12s
Ep 1256: len= 26 白胜 loss=16.6427 temp=0.25 total_env_steps=53059 t=0.08s
Ep 1257: len= 23 黑胜 loss=15.0160 temp=0.25 total_env_steps=53082 t=0.08s
Ep 1258: len= 25 黑胜 loss=15.1295 temp=0.25 total_env_steps=53107 t=0.08s
Ep 1259: len= 23 黑胜 loss=16.0710 temp=0.25 total_env_steps=53130 t=0.07s
Ep 1260: len= 69 黑胜 loss=16.5810 temp=0.25 total_env_steps=53199 t=0.18s
Ep 1261: len= 23 黑胜 loss=14.3910 temp=0.25 total_env_steps=53222 t=0.08s
Ep 1262: len= 25 黑胜 loss=17.5205 temp=0.25 total_env_steps=53247 t=0.08s
Ep 1263: len= 25 黑胜 loss=16.4624 temp=0.25 total_env_steps=53272 t=0.08s
Ep 1264: len= 45 黑胜 loss=15.0380 temp=0.25 total_env_steps=53317 t=0.13s
Ep 1265: len= 25 黑胜 loss=15.1284 temp=0.25 total_env_steps=53342 t=0.08s
Ep 1266: len= 27 黑胜 loss=14.9106 temp=0.25 total_env_steps=53369 t=0.09s
Ep 1267: len= 23 黑胜 loss=16.5862 temp=0.25 total_env_steps=53392 t=0.08s
Ep 1268: len= 21 黑胜 loss=16.1081 temp=0.25 total_env_steps=53413 t=0.08s
Ep 1269: len= 42 白胜 loss=14.0911 temp=0.25 total_env_steps=53455 t=0.12s
Ep 1270: len= 33 黑胜 loss=14.3239 temp=0.25 total_env_steps=53488 t=0.10s
Ep 1271: len= 55 黑胜 loss=14.8330 temp=0.25 total_env_steps=53543 t=0.14s
Ep 1272: len= 60 白胜 loss=15.1870 temp=0.25 total_env_steps=53603 t=0.18s
Ep 1273: len= 25 黑胜 loss=14.3085 temp=0.25 total_env_steps=53628 t=0.08s
Ep 1274: len= 81 平局 loss=14.7899 temp=0.25 total_env_steps=53709 t=0.21s
Ep 1275: len= 39 黑胜 loss=15.2394 temp=0.25 total_env_steps=53748 t=0.11s
Ep 1276: len= 21 黑胜 loss=17.3449 temp=0.25 total_env_steps=53769 t=0.07s
Ep 1277: len= 23 黑胜 loss=18.7924 temp=0.25 total_env_steps=53792 t=0.08s
Ep 1278: len= 33 黑胜 loss=14.7319 temp=0.25 total_env_steps=53825 t=0.10s
Ep 1279: len= 64 白胜 loss=16.0660 temp=0.25 total_env_steps=53889 t=0.17s
Ep 1280: len= 34 白胜 loss=15.3792 temp=0.25 total_env_steps=53923 t=0.11s
Ep 1281: len= 29 黑胜 loss=15.0847 temp=0.25 total_env_steps=53952 t=0.10s
Ep 1282: len= 62 白胜 loss=14.7142 temp=0.25 total_env_steps=54014 t=0.17s
Ep 1283: len= 29 黑胜 loss=15.2946 temp=0.25 total_env_steps=54043 t=0.09s
Ep 1284: len= 25 黑胜 loss=17.1317 temp=0.25 total_env_steps=54068 t=0.08s
Ep 1285: len= 36 白胜 loss=16.2981 temp=0.25 total_env_steps=54104 t=0.12s
Ep 1286: len= 21 黑胜 loss=14.4759 temp=0.25 total_env_steps=54125 t=0.07s
Ep 1287: len= 23 黑胜 loss=13.7051 temp=0.25 total_env_steps=54148 t=0.08s
Ep 1288: len= 29 黑胜 loss=14.0907 temp=0.25 total_env_steps=54177 t=0.09s
Ep 1289: len= 31 黑胜 loss=16.7049 temp=0.25 total_env_steps=54208 t=0.10s
Ep 1290: len= 75 黑胜 loss=16.1061 temp=0.25 total_env_steps=54283 t=0.20s
Ep 1291: len= 21 黑胜 loss=15.6774 temp=0.25 total_env_steps=54304 t=0.07s
Ep 1292: len= 23 黑胜 loss=16.7472 temp=0.25 total_env_steps=54327 t=0.08s
Ep 1293: len= 27 黑胜 loss=15.6006 temp=0.25 total_env_steps=54354 t=0.09s
Ep 1294: len= 27 黑胜 loss=15.4896 temp=0.25 total_env_steps=54381 t=0.09s
Ep 1295: len= 23 黑胜 loss=14.7207 temp=0.25 total_env_steps=54404 t=0.09s
Ep 1296: len= 25 黑胜 loss=13.7114 temp=0.25 total_env_steps=54429 t=0.10s
Ep 1297: len= 25 黑胜 loss=17.9477 temp=0.25 total_env_steps=54454 t=0.09s
Ep 1298: len= 45 黑胜 loss=13.5939 temp=0.25 total_env_steps=54499 t=0.13s
Ep 1299: len= 23 黑胜 loss=16.2619 temp=0.25 total_env_steps=54522 t=0.08s
Ep 1300: len= 21 黑胜 loss=16.5508 temp=0.25 total_env_steps=54543 t=0.07s
Ep 1301: len= 32 白胜 loss=12.3794 temp=0.25 total_env_steps=54575 t=0.11s
Ep 1302: len= 63 黑胜 loss=16.8197 temp=0.25 total_env_steps=54638 t=0.18s
Ep 1303: len= 21 黑胜 loss=14.1287 temp=0.25 total_env_steps=54659 t=0.07s
Ep 1304: len= 21 黑胜 loss=13.5993 temp=0.25 total_env_steps=54680 t=0.08s
Ep 1305: len= 21 黑胜 loss=14.9639 temp=0.25 total_env_steps=54701 t=0.07s
Ep 1306: len= 23 黑胜 loss=14.5326 temp=0.25 total_env_steps=54724 t=0.08s
Ep 1307: len= 23 黑胜 loss=16.0508 temp=0.25 total_env_steps=54747 t=0.08s
Ep 1308: len= 66 白胜 loss=15.1572 temp=0.25 total_env_steps=54813 t=0.18s
Ep 1309: len= 25 黑胜 loss=15.6002 temp=0.25 total_env_steps=54838 t=0.08s
Ep 1310: len= 23 黑胜 loss=16.3875 temp=0.25 total_env_steps=54861 t=0.07s
Ep 1311: len= 23 黑胜 loss=17.7041 temp=0.25 total_env_steps=54884 t=0.08s
Ep 1312: len= 36 白胜 loss=16.4521 temp=0.25 total_env_steps=54920 t=0.11s
Ep 1313: len= 21 黑胜 loss=13.2535 temp=0.25 total_env_steps=54941 t=0.08s
Ep 1314: len= 23 黑胜 loss=17.0732 temp=0.25 total_env_steps=54964 t=0.08s
Ep 1315: len= 23 黑胜 loss=15.2619 temp=0.25 total_env_steps=54987 t=0.08s
Ep 1316: len= 25 黑胜 loss=13.1427 temp=0.25 total_env_steps=55012 t=0.09s
Ep 1317: len= 21 黑胜 loss=14.7680 temp=0.25 total_env_steps=55033 t=0.07s
Ep 1318: len= 23 黑胜 loss=15.3496 temp=0.25 total_env_steps=55056 t=0.08s
Ep 1319: len= 55 黑胜 loss=14.8809 temp=0.25 total_env_steps=55111 t=0.17s
Ep 1320: len= 47 黑胜 loss=15.7974 temp=0.25 total_env_steps=55158 t=0.13s
Ep 1321: len= 57 黑胜 loss=16.0691 temp=0.25 total_env_steps=55215 t=0.16s
Ep 1322: len= 21 黑胜 loss=16.1748 temp=0.25 total_env_steps=55236 t=0.07s
Ep 1323: len= 21 黑胜 loss=16.2644 temp=0.25 total_env_steps=55257 t=0.08s
Ep 1324: len= 33 黑胜 loss=14.1242 temp=0.25 total_env_steps=55290 t=0.10s
Ep 1325: len= 27 黑胜 loss=15.0886 temp=0.25 total_env_steps=55317 t=0.08s
Ep 1326: len= 38 白胜 loss=15.0773 temp=0.25 total_env_steps=55355 t=0.12s
Ep 1327: len= 21 黑胜 loss=15.9269 temp=0.25 total_env_steps=55376 t=0.07s
Ep 1328: len= 41 黑胜 loss=14.1139 temp=0.25 total_env_steps=55417 t=0.11s
Ep 1329: len= 21 黑胜 loss=16.1337 temp=0.25 total_env_steps=55438 t=0.08s
Ep 1330: len= 25 黑胜 loss=14.4106 temp=0.25 total_env_steps=55463 t=0.09s
Ep 1331: len= 23 黑胜 loss=14.5992 temp=0.25 total_env_steps=55486 t=0.08s
Ep 1332: len= 41 黑胜 loss=12.1166 temp=0.25 total_env_steps=55527 t=0.12s
Ep 1333: len= 33 黑胜 loss=14.4429 temp=0.25 total_env_steps=55560 t=0.10s
Ep 1334: len= 25 黑胜 loss=16.2190 temp=0.25 total_env_steps=55585 t=0.09s
Ep 1335: len= 34 白胜 loss=13.2507 temp=0.25 total_env_steps=55619 t=0.10s
Ep 1336: len= 23 黑胜 loss=15.0023 temp=0.25 total_env_steps=55642 t=0.08s
Ep 1337: len= 33 黑胜 loss=18.4727 temp=0.25 total_env_steps=55675 t=0.11s
Ep 1338: len= 45 黑胜 loss=15.2425 temp=0.25 total_env_steps=55720 t=0.12s
Ep 1339: len= 70 白胜 loss=15.7236 temp=0.25 total_env_steps=55790 t=0.18s
Ep 1340: len= 25 黑胜 loss=13.7161 temp=0.25 total_env_steps=55815 t=0.08s
Ep 1341: len= 23 黑胜 loss=15.0825 temp=0.25 total_env_steps=55838 t=0.07s
Ep 1342: len= 29 黑胜 loss=15.7794 temp=0.25 total_env_steps=55867 t=0.09s
Ep 1343: len= 23 黑胜 loss=17.0417 temp=0.25 total_env_steps=55890 t=0.07s
Ep 1344: len= 32 白胜 loss=14.4235 temp=0.25 total_env_steps=55922 t=0.10s
Ep 1345: len= 21 黑胜 loss=15.6749 temp=0.25 total_env_steps=55943 t=0.07s
Ep 1346: len= 21 黑胜 loss=15.5133 temp=0.25 total_env_steps=55964 t=0.07s
Ep 1347: len= 27 黑胜 loss=15.3231 temp=0.25 total_env_steps=55991 t=0.08s
Ep 1348: len= 21 黑胜 loss=14.2589 temp=0.25 total_env_steps=56012 t=0.07s
Ep 1349: len= 21 黑胜 loss=15.3448 temp=0.25 total_env_steps=56033 t=0.08s
Ep 1350: len= 27 黑胜 loss=12.5983 temp=0.25 total_env_steps=56060 t=0.09s
Ep 1351: len= 23 黑胜 loss=16.4019 temp=0.25 total_env_steps=56083 t=0.07s
Ep 1352: len= 23 黑胜 loss=14.1883 temp=0.25 total_env_steps=56106 t=0.07s
Ep 1353: len= 21 黑胜 loss=14.3436 temp=0.25 total_env_steps=56127 t=0.07s
Ep 1354: len= 19 黑胜 loss=14.1479 temp=0.25 total_env_steps=56146 t=0.07s
Ep 1355: len= 19 黑胜 loss=15.4825 temp=0.25 total_env_steps=56165 t=0.07s
Ep 1356: len= 21 黑胜 loss=15.4606 temp=0.25 total_env_steps=56186 t=0.08s
Ep 1357: len= 27 黑胜 loss=11.0978 temp=0.25 total_env_steps=56213 t=0.09s
Ep 1358: len= 23 黑胜 loss=14.2422 temp=0.25 total_env_steps=56236 t=0.08s
Ep 1359: len= 31 黑胜 loss=14.9074 temp=0.25 total_env_steps=56267 t=0.10s
Ep 1360: len= 29 黑胜 loss=14.7639 temp=0.25 total_env_steps=56296 t=0.10s
Ep 1361: len= 23 黑胜 loss=13.6961 temp=0.25 total_env_steps=56319 t=0.07s
Ep 1362: len= 58 白胜 loss=14.0380 temp=0.25 total_env_steps=56377 t=0.16s
Ep 1363: len= 23 黑胜 loss=13.9436 temp=0.25 total_env_steps=56400 t=0.08s
Ep 1364: len= 23 黑胜 loss=12.4350 temp=0.25 total_env_steps=56423 t=0.07s
Ep 1365: len= 62 白胜 loss=11.5846 temp=0.25 total_env_steps=56485 t=0.15s
Ep 1366: len= 37 黑胜 loss=13.5436 temp=0.25 total_env_steps=56522 t=0.11s
Ep 1367: len= 21 黑胜 loss=14.1493 temp=0.25 total_env_steps=56543 t=0.07s
Ep 1368: len= 21 黑胜 loss=12.4653 temp=0.25 total_env_steps=56564 t=0.09s
Ep 1369: len= 21 黑胜 loss=13.7644 temp=0.25 total_env_steps=56585 t=0.08s
Ep 1370: len= 21 黑胜 loss=12.5675 temp=0.25 total_env_steps=56606 t=0.08s
Ep 1371: len= 33 黑胜 loss=11.7599 temp=0.25 total_env_steps=56639 t=0.10s
Ep 1372: len= 23 黑胜 loss=14.6412 temp=0.25 total_env_steps=56662 t=0.08s
Ep 1373: len= 31 黑胜 loss=12.0210 temp=0.25 total_env_steps=56693 t=0.09s
Ep 1374: len= 21 黑胜 loss=12.4290 temp=0.25 total_env_steps=56714 t=0.08s
Ep 1375: len= 45 黑胜 loss=13.2993 temp=0.25 total_env_steps=56759 t=0.13s
Ep 1376: len= 41 黑胜 loss=14.4288 temp=0.25 total_env_steps=56800 t=0.12s
Ep 1377: len= 21 黑胜 loss=14.9056 temp=0.25 total_env_steps=56821 t=0.07s
Ep 1378: len= 31 黑胜 loss=12.0236 temp=0.25 total_env_steps=56852 t=0.09s
Ep 1379: len= 21 黑胜 loss=13.6882 temp=0.25 total_env_steps=56873 t=0.07s
Ep 1380: len= 23 黑胜 loss=13.7635 temp=0.25 total_env_steps=56896 t=0.08s
Ep 1381: len= 19 黑胜 loss=13.4471 temp=0.25 total_env_steps=56915 t=0.07s
Ep 1382: len= 28 白胜 loss=10.6932 temp=0.25 total_env_steps=56943 t=0.09s
Ep 1383: len= 23 黑胜 loss=12.0864 temp=0.25 total_env_steps=56966 t=0.08s
Ep 1384: len= 21 黑胜 loss=11.9655 temp=0.25 total_env_steps=56987 t=0.07s
Ep 1385: len= 21 黑胜 loss=13.5397 temp=0.25 total_env_steps=57008 t=0.07s
Ep 1386: len= 19 黑胜 loss=12.1099 temp=0.25 total_env_steps=57027 t=0.07s
Ep 1387: len= 19 黑胜 loss=11.2543 temp=0.25 total_env_steps=57046 t=0.07s
Ep 1388: len= 23 黑胜 loss=12.2599 temp=0.25 total_env_steps=57069 t=0.09s
Ep 1389: len= 33 黑胜 loss=11.8152 temp=0.25 total_env_steps=57102 t=0.10s
Ep 1390: len= 37 黑胜 loss=14.9171 temp=0.25 total_env_steps=57139 t=0.10s
Ep 1391: len= 25 黑胜 loss=14.1049 temp=0.25 total_env_steps=57164 t=0.08s
Ep 1392: len= 46 白胜 loss=13.4123 temp=0.25 total_env_steps=57210 t=0.13s
Ep 1393: len= 27 黑胜 loss=13.5900 temp=0.25 total_env_steps=57237 t=0.08s
Ep 1394: len= 19 黑胜 loss=14.4686 temp=0.25 total_env_steps=57256 t=0.07s
Ep 1395: len= 23 黑胜 loss=12.6652 temp=0.25 total_env_steps=57279 t=0.08s
Ep 1396: len= 23 黑胜 loss=14.3789 temp=0.25 total_env_steps=57302 t=0.07s
Ep 1397: len= 21 黑胜 loss=13.1634 temp=0.25 total_env_steps=57323 t=0.07s
Ep 1398: len= 19 黑胜 loss=14.4297 temp=0.25 total_env_steps=57342 t=0.07s
Ep 1399: len= 59 黑胜 loss=13.2726 temp=0.25 total_env_steps=57401 t=0.16s
Ep 1400: len= 39 黑胜 loss=13.3226 temp=0.25 total_env_steps=57440 t=0.11s
  eval vs Gomoku-random-v0: win_rate=0.95 mean_return=0.90（20 局，total_env_steps=57440）
Ep 1401: len= 21 黑胜 loss=13.6337 temp=0.25 total_env_steps=57461 t=0.08s
Ep 1402: len= 19 黑胜 loss=11.6202 temp=0.25 total_env_steps=57480 t=0.07s
Ep 1403: len= 29 黑胜 loss=12.3620 temp=0.25 total_env_steps=57509 t=0.09s
Ep 1404: len= 27 黑胜 loss=13.9322 temp=0.25 total_env_steps=57536 t=0.08s
Ep 1405: len= 25 黑胜 loss=13.4680 temp=0.25 total_env_steps=57561 t=0.08s
Ep 1406: len= 35 黑胜 loss=13.8390 temp=0.25 total_env_steps=57596 t=0.10s
Ep 1407: len= 21 黑胜 loss=12.1002 temp=0.25 total_env_steps=57617 t=0.08s
Ep 1408: len= 31 黑胜 loss=12.3457 temp=0.25 total_env_steps=57648 t=0.09s
Ep 1409: len= 21 黑胜 loss=13.2680 temp=0.25 total_env_steps=57669 t=0.07s
Ep 1410: len= 23 黑胜 loss=13.9303 temp=0.25 total_env_steps=57692 t=0.07s
Ep 1411: len= 21 黑胜 loss=14.9835 temp=0.25 total_env_steps=57713 t=0.08s
Ep 1412: len= 35 黑胜 loss=13.1698 temp=0.25 total_env_steps=57748 t=0.13s
Ep 1413: len= 21 黑胜 loss=13.0483 temp=0.25 total_env_steps=57769 t=0.09s
Ep 1414: len= 29 黑胜 loss=14.6269 temp=0.25 total_env_steps=57798 t=0.10s
Ep 1415: len= 63 黑胜 loss=14.1837 temp=0.25 total_env_steps=57861 t=0.18s
Ep 1416: len= 27 黑胜 loss=13.0292 temp=0.25 total_env_steps=57888 t=0.08s
Ep 1417: len= 27 黑胜 loss=11.4853 temp=0.25 total_env_steps=57915 t=0.10s
Ep 1418: len= 21 黑胜 loss=14.3008 temp=0.25 total_env_steps=57936 t=0.08s
Ep 1419: len= 31 黑胜 loss=13.4844 temp=0.25 total_env_steps=57967 t=0.10s
Ep 1420: len= 35 黑胜 loss=15.1253 temp=0.25 total_env_steps=58002 t=0.12s
Ep 1421: len= 19 黑胜 loss=12.8356 temp=0.25 total_env_steps=58021 t=0.08s
Ep 1422: len= 19 黑胜 loss=15.1793 temp=0.25 total_env_steps=58040 t=0.07s
Ep 1423: len= 27 黑胜 loss=15.0332 temp=0.25 total_env_steps=58067 t=0.09s
Ep 1424: len= 23 黑胜 loss=10.9543 temp=0.25 total_env_steps=58090 t=0.08s
Ep 1425: len= 23 黑胜 loss=13.4631 temp=0.25 total_env_steps=58113 t=0.08s
Ep 1426: len= 23 黑胜 loss=13.4326 temp=0.25 total_env_steps=58136 t=0.08s
Ep 1427: len= 21 黑胜 loss=11.7526 temp=0.25 total_env_steps=58157 t=0.07s
Ep 1428: len= 35 黑胜 loss=13.1331 temp=0.25 total_env_steps=58192 t=0.11s
Ep 1429: len= 21 黑胜 loss=14.0490 temp=0.25 total_env_steps=58213 t=0.08s
Ep 1430: len= 19 黑胜 loss=15.2401 temp=0.25 total_env_steps=58232 t=0.07s
Ep 1431: len= 19 黑胜 loss=11.7883 temp=0.25 total_env_steps=58251 t=0.07s
Ep 1432: len= 21 黑胜 loss=14.0003 temp=0.25 total_env_steps=58272 t=0.08s
Ep 1433: len= 19 黑胜 loss=12.9308 temp=0.25 total_env_steps=58291 t=0.07s
Ep 1434: len= 19 黑胜 loss=12.6486 temp=0.25 total_env_steps=58310 t=0.07s
Ep 1435: len= 19 黑胜 loss=12.5262 temp=0.25 total_env_steps=58329 t=0.08s
Ep 1436: len= 50 白胜 loss=13.6941 temp=0.25 total_env_steps=58379 t=0.15s
Ep 1437: len= 17 黑胜 loss=12.9239 temp=0.25 total_env_steps=58396 t=0.07s
Ep 1438: len= 19 黑胜 loss=12.2283 temp=0.25 total_env_steps=58415 t=0.07s
Ep 1439: len= 21 黑胜 loss=13.1480 temp=0.25 total_env_steps=58436 t=0.08s
Ep 1440: len= 21 黑胜 loss=12.3734 temp=0.25 total_env_steps=58457 t=0.08s
Ep 1441: len= 21 黑胜 loss=12.3985 temp=0.25 total_env_steps=58478 t=0.08s
Ep 1442: len= 19 黑胜 loss=12.9046 temp=0.25 total_env_steps=58497 t=0.08s
Ep 1443: len= 29 黑胜 loss=12.8356 temp=0.25 total_env_steps=58526 t=0.09s
Ep 1444: len= 21 黑胜 loss=12.1840 temp=0.25 total_env_steps=58547 t=0.08s
Ep 1445: len= 19 黑胜 loss=13.6488 temp=0.25 total_env_steps=58566 t=0.07s
Ep 1446: len= 25 黑胜 loss=13.9144 temp=0.25 total_env_steps=58591 t=0.09s
Ep 1447: len= 25 黑胜 loss=13.5290 temp=0.25 total_env_steps=58616 t=0.09s
Ep 1448: len= 21 黑胜 loss=10.0220 temp=0.25 total_env_steps=58637 t=0.08s
Ep 1449: len= 21 黑胜 loss=12.2637 temp=0.25 total_env_steps=58658 t=0.08s
Ep 1450: len= 21 黑胜 loss=11.2120 temp=0.25 total_env_steps=58679 t=0.08s
Ep 1451: len= 19 黑胜 loss=13.3189 temp=0.25 total_env_steps=58698 t=0.08s
Ep 1452: len= 19 黑胜 loss=13.8835 temp=0.25 total_env_steps=58717 t=0.07s
Ep 1453: len= 19 黑胜 loss=13.0490 temp=0.25 total_env_steps=58736 t=0.08s
Ep 1454: len= 19 黑胜 loss=12.1340 temp=0.25 total_env_steps=58755 t=0.08s
Ep 1455: len= 23 黑胜 loss=10.7060 temp=0.25 total_env_steps=58778 t=0.08s
Ep 1456: len= 19 黑胜 loss=13.8744 temp=0.25 total_env_steps=58797 t=0.09s
Ep 1457: len= 21 黑胜 loss=12.9852 temp=0.25 total_env_steps=58818 t=0.09s
Ep 1458: len= 21 黑胜 loss=12.1706 temp=0.25 total_env_steps=58839 t=0.08s
Ep 1459: len= 19 黑胜 loss=13.2581 temp=0.25 total_env_steps=58858 t=0.08s
Ep 1460: len= 43 黑胜 loss=11.9356 temp=0.25 total_env_steps=58901 t=0.14s
Ep 1461: len= 21 黑胜 loss=13.0106 temp=0.25 total_env_steps=58922 t=0.07s
Ep 1462: len= 21 黑胜 loss=9.7591 temp=0.25 total_env_steps=58943 t=0.08s
Ep 1463: len= 19 黑胜 loss=12.8579 temp=0.25 total_env_steps=58962 t=0.07s
Ep 1464: len= 19 黑胜 loss=13.8005 temp=0.25 total_env_steps=58981 t=0.07s
Ep 1465: len= 21 黑胜 loss=12.2018 temp=0.25 total_env_steps=59002 t=0.08s
Ep 1466: len= 19 黑胜 loss=12.3446 temp=0.25 total_env_steps=59021 t=0.07s
Ep 1467: len= 27 黑胜 loss=10.4282 temp=0.25 total_env_steps=59048 t=0.09s
Ep 1468: len= 21 黑胜 loss=11.0580 temp=0.25 total_env_steps=59069 t=0.08s
Ep 1469: len= 19 黑胜 loss=11.4570 temp=0.25 total_env_steps=59088 t=0.08s
Ep 1470: len= 19 黑胜 loss=11.2287 temp=0.25 total_env_steps=59107 t=0.08s
Ep 1471: len= 27 黑胜 loss=12.2828 temp=0.25 total_env_steps=59134 t=0.10s
Ep 1472: len= 21 黑胜 loss=10.3943 temp=0.25 total_env_steps=59155 t=0.08s
Ep 1473: len= 19 黑胜 loss=13.1400 temp=0.25 total_env_steps=59174 t=0.08s
Ep 1474: len= 19 黑胜 loss=10.2834 temp=0.25 total_env_steps=59193 t=0.08s
Ep 1475: len= 21 黑胜 loss=10.3262 temp=0.25 total_env_steps=59214 t=0.08s
Ep 1476: len= 19 黑胜 loss=11.2669 temp=0.25 total_env_steps=59233 t=0.08s
Ep 1477: len= 23 黑胜 loss=10.9128 temp=0.25 total_env_steps=59256 t=0.08s
Ep 1478: len= 19 黑胜 loss=11.2943 temp=0.25 total_env_steps=59275 t=0.08s
Ep 1479: len= 19 黑胜 loss=10.9109 temp=0.25 total_env_steps=59294 t=0.08s
Ep 1480: len= 19 黑胜 loss=10.1346 temp=0.25 total_env_steps=59313 t=0.08s
Ep 1481: len= 21 黑胜 loss=13.7273 temp=0.25 total_env_steps=59334 t=0.08s
Ep 1482: len= 25 黑胜 loss=11.6270 temp=0.25 total_env_steps=59359 t=0.10s
Ep 1483: len= 23 黑胜 loss=13.3090 temp=0.25 total_env_steps=59382 t=0.09s
Ep 1484: len= 21 黑胜 loss=10.9387 temp=0.25 total_env_steps=59403 t=0.09s
Ep 1485: len= 27 黑胜 loss=10.1841 temp=0.25 total_env_steps=59430 t=0.10s
Ep 1486: len= 21 黑胜 loss=12.9649 temp=0.25 total_env_steps=59451 t=0.08s
Ep 1487: len= 21 黑胜 loss=8.5615 temp=0.25 total_env_steps=59472 t=0.08s
Ep 1488: len= 21 黑胜 loss=11.0141 temp=0.25 total_env_steps=59493 t=0.08s
Ep 1489: len= 19 黑胜 loss=13.6083 temp=0.25 total_env_steps=59512 t=0.08s
Ep 1490: len= 19 黑胜 loss=13.1221 temp=0.25 total_env_steps=59531 t=0.07s
Ep 1491: len= 21 黑胜 loss=11.0148 temp=0.25 total_env_steps=59552 t=0.08s
Ep 1492: len= 19 黑胜 loss=12.2402 temp=0.25 total_env_steps=59571 t=0.07s
Ep 1493: len= 21 黑胜 loss=11.5995 temp=0.25 total_env_steps=59592 t=0.08s
Ep 1494: len= 21 黑胜 loss=10.5215 temp=0.25 total_env_steps=59613 t=0.08s
Ep 1495: len= 19 黑胜 loss=9.3004 temp=0.25 total_env_steps=59632 t=0.08s
Ep 1496: len= 19 黑胜 loss=10.1908 temp=0.25 total_env_steps=59651 t=0.08s
Ep 1497: len= 19 黑胜 loss=11.4420 temp=0.25 total_env_steps=59670 t=0.08s
Ep 1498: len= 19 黑胜 loss=11.2207 temp=0.25 total_env_steps=59689 t=0.08s
Ep 1499: len= 19 黑胜 loss=10.1740 temp=0.25 total_env_steps=59708 t=0.08s
Ep 1500: len= 19 黑胜 loss=10.8393 temp=0.25 total_env_steps=59727 t=0.07s
Ep 1501: len= 19 黑胜 loss=10.5601 temp=0.25 total_env_steps=59746 t=0.07s
Ep 1502: len= 19 黑胜 loss=9.8372 temp=0.25 total_env_steps=59765 t=0.07s
Ep 1503: len= 19 黑胜 loss=11.1751 temp=0.25 total_env_steps=59784 t=0.08s
Ep 1504: len= 19 黑胜 loss=11.1364 temp=0.25 total_env_steps=59803 t=0.07s
Ep 1505: len= 19 黑胜 loss=10.9502 temp=0.25 total_env_steps=59822 t=0.09s
Ep 1506: len= 19 黑胜 loss=11.9999 temp=0.25 total_env_steps=59841 t=0.09s
Ep 1507: len= 19 黑胜 loss=12.9346 temp=0.25 total_env_steps=59860 t=0.07s
Ep 1508: len= 21 黑胜 loss=12.7518 temp=0.25 total_env_steps=59881 t=0.08s
Ep 1509: len= 21 黑胜 loss=9.6865 temp=0.25 total_env_steps=59902 t=0.07s
Ep 1510: len= 21 黑胜 loss=10.5082 temp=0.25 total_env_steps=59923 t=0.08s
Ep 1511: len= 19 黑胜 loss=9.6380 temp=0.25 total_env_steps=59942 t=0.07s
Ep 1512: len= 19 黑胜 loss=8.6338 temp=0.25 total_env_steps=59961 t=0.07s
Ep 1513: len= 19 黑胜 loss=9.7900 temp=0.25 total_env_steps=59980 t=0.08s
Ep 1514: len= 19 黑胜 loss=11.4967 temp=0.25 total_env_steps=59999 t=0.07s
Ep 1515: len= 21 黑胜 loss=10.9951 temp=0.25 total_env_steps=60020 t=0.07s
Ep 1516: len= 19 黑胜 loss=10.8313 temp=0.25 total_env_steps=60039 t=0.08s
Ep 1517: len= 19 黑胜 loss=8.6475 temp=0.25 total_env_steps=60058 t=0.07s
Ep 1518: len= 27 黑胜 loss=9.7939 temp=0.25 total_env_steps=60085 t=0.09s
Ep 1519: len= 19 黑胜 loss=9.5915 temp=0.25 total_env_steps=60104 t=0.07s
Ep 1520: len= 19 黑胜 loss=9.5228 temp=0.25 total_env_steps=60123 t=0.07s
Ep 1521: len= 19 黑胜 loss=9.9101 temp=0.25 total_env_steps=60142 t=0.08s
Ep 1522: len= 19 黑胜 loss=9.3118 temp=0.25 total_env_steps=60161 t=0.07s
Ep 1523: len= 19 黑胜 loss=10.2366 temp=0.25 total_env_steps=60180 t=0.07s
Ep 1524: len= 19 黑胜 loss=11.5429 temp=0.25 total_env_steps=60199 t=0.08s
Ep 1525: len= 19 黑胜 loss=10.4949 temp=0.25 total_env_steps=60218 t=0.08s
Ep 1526: len= 19 黑胜 loss=11.2824 temp=0.25 total_env_steps=60237 t=0.07s
Ep 1527: len= 19 黑胜 loss=10.8737 temp=0.25 total_env_steps=60256 t=0.08s
Ep 1528: len= 19 黑胜 loss=9.5779 temp=0.25 total_env_steps=60275 t=0.07s
Ep 1529: len= 19 黑胜 loss=12.0345 temp=0.25 total_env_steps=60294 t=0.07s
Ep 1530: len= 19 黑胜 loss=9.7127 temp=0.25 total_env_steps=60313 t=0.07s
Ep 1531: len= 19 黑胜 loss=8.9860 temp=0.25 total_env_steps=60332 t=0.07s
Ep 1532: len= 23 黑胜 loss=9.8897 temp=0.25 total_env_steps=60355 t=0.08s
Ep 1533: len= 19 黑胜 loss=8.5354 temp=0.25 total_env_steps=60374 t=0.07s
Ep 1534: len= 19 黑胜 loss=9.4474 temp=0.25 total_env_steps=60393 t=0.07s
Ep 1535: len= 21 黑胜 loss=10.0466 temp=0.25 total_env_steps=60414 t=0.08s
Ep 1536: len= 21 黑胜 loss=9.9775 temp=0.25 total_env_steps=60435 t=0.08s
Ep 1537: len= 19 黑胜 loss=9.9534 temp=0.25 total_env_steps=60454 t=0.07s
Ep 1538: len= 19 黑胜 loss=9.9068 temp=0.25 total_env_steps=60473 t=0.07s
Ep 1539: len= 19 黑胜 loss=11.0624 temp=0.25 total_env_steps=60492 t=0.07s
Ep 1540: len= 19 黑胜 loss=9.6192 temp=0.25 total_env_steps=60511 t=0.08s
Ep 1541: len= 19 黑胜 loss=10.9345 temp=0.25 total_env_steps=60530 t=0.07s
Ep 1542: len= 19 黑胜 loss=9.2734 temp=0.25 total_env_steps=60549 t=0.07s
Ep 1543: len= 19 黑胜 loss=9.7890 temp=0.25 total_env_steps=60568 t=0.08s
Ep 1544: len= 19 黑胜 loss=8.7035 temp=0.25 total_env_steps=60587 t=0.07s
Ep 1545: len= 19 黑胜 loss=8.2427 temp=0.25 total_env_steps=60606 t=0.07s
Ep 1546: len= 19 黑胜 loss=9.0689 temp=0.25 total_env_steps=60625 t=0.07s
Ep 1547: len= 19 黑胜 loss=10.7575 temp=0.25 total_env_steps=60644 t=0.07s
Ep 1548: len= 17 黑胜 loss=9.9900 temp=0.25 total_env_steps=60661 t=0.07s
Ep 1549: len= 19 黑胜 loss=10.2612 temp=0.25 total_env_steps=60680 t=0.08s
Ep 1550: len= 19 黑胜 loss=7.3072 temp=0.25 total_env_steps=60699 t=0.07s
Ep 1551: len= 19 黑胜 loss=9.7778 temp=0.25 total_env_steps=60718 t=0.07s
Ep 1552: len= 25 黑胜 loss=8.4151 temp=0.25 total_env_steps=60743 t=0.09s
Ep 1553: len= 19 黑胜 loss=9.4123 temp=0.25 total_env_steps=60762 t=0.07s
Ep 1554: len= 19 黑胜 loss=10.2681 temp=0.25 total_env_steps=60781 t=0.10s
Ep 1555: len= 19 黑胜 loss=10.3751 temp=0.25 total_env_steps=60800 t=0.08s
Ep 1556: len= 21 黑胜 loss=9.4097 temp=0.25 total_env_steps=60821 t=0.08s
Ep 1557: len= 21 黑胜 loss=8.7137 temp=0.25 total_env_steps=60842 t=0.08s
Ep 1558: len= 19 黑胜 loss=8.3667 temp=0.25 total_env_steps=60861 t=0.07s
Ep 1559: len= 21 黑胜 loss=9.2618 temp=0.25 total_env_steps=60882 t=0.08s
Ep 1560: len= 23 黑胜 loss=10.3509 temp=0.25 total_env_steps=60905 t=0.09s
Ep 1561: len= 19 黑胜 loss=11.0571 temp=0.25 total_env_steps=60924 t=0.07s
Ep 1562: len= 19 黑胜 loss=9.8760 temp=0.25 total_env_steps=60943 t=0.07s
Ep 1563: len= 19 黑胜 loss=10.3425 temp=0.25 total_env_steps=60962 t=0.08s
Ep 1564: len= 19 黑胜 loss=10.2000 temp=0.25 total_env_steps=60981 t=0.07s
Ep 1565: len= 63 黑胜 loss=8.6910 temp=0.25 total_env_steps=61044 t=0.17s
Ep 1566: len= 19 黑胜 loss=11.0171 temp=0.25 total_env_steps=61063 t=0.08s
Ep 1567: len= 19 黑胜 loss=7.5072 temp=0.25 total_env_steps=61082 t=0.08s
Ep 1568: len= 19 黑胜 loss=9.7297 temp=0.25 total_env_steps=61101 t=0.07s
Ep 1569: len= 21 黑胜 loss=8.4624 temp=0.25 total_env_steps=61122 t=0.07s
Ep 1570: len= 19 黑胜 loss=8.3396 temp=0.25 total_env_steps=61141 t=0.07s
Ep 1571: len= 21 黑胜 loss=8.7348 temp=0.25 total_env_steps=61162 t=0.07s
Ep 1572: len= 19 黑胜 loss=10.7526 temp=0.25 total_env_steps=61181 t=0.08s
Ep 1573: len= 19 黑胜 loss=7.4122 temp=0.25 total_env_steps=61200 t=0.07s
Ep 1574: len= 19 黑胜 loss=9.8228 temp=0.25 total_env_steps=61219 t=0.07s
Ep 1575: len= 19 黑胜 loss=7.4314 temp=0.25 total_env_steps=61238 t=0.07s
Ep 1576: len= 19 黑胜 loss=9.9216 temp=0.25 total_env_steps=61257 t=0.07s
Ep 1577: len= 29 黑胜 loss=8.9557 temp=0.25 total_env_steps=61286 t=0.09s
Ep 1578: len= 19 黑胜 loss=8.9423 temp=0.25 total_env_steps=61305 t=0.08s
Ep 1579: len= 21 黑胜 loss=7.8369 temp=0.25 total_env_steps=61326 t=0.07s
Ep 1580: len= 19 黑胜 loss=10.6170 temp=0.25 total_env_steps=61345 t=0.07s
Ep 1581: len= 19 黑胜 loss=8.6878 temp=0.25 total_env_steps=61364 t=0.07s
Ep 1582: len= 52 白胜 loss=8.8160 temp=0.25 total_env_steps=61416 t=0.16s
Ep 1583: len= 19 黑胜 loss=9.9810 temp=0.25 total_env_steps=61435 t=0.08s
Ep 1584: len= 19 黑胜 loss=11.2942 temp=0.25 total_env_steps=61454 t=0.07s
Ep 1585: len= 19 黑胜 loss=7.1161 temp=0.25 total_env_steps=61473 t=0.08s
Ep 1586: len= 21 黑胜 loss=8.8548 temp=0.25 total_env_steps=61494 t=0.08s
Ep 1587: len= 19 黑胜 loss=9.3733 temp=0.25 total_env_steps=61513 t=0.07s
Ep 1588: len= 21 黑胜 loss=9.2554 temp=0.25 total_env_steps=61534 t=0.07s
Ep 1589: len= 21 黑胜 loss=5.7431 temp=0.25 total_env_steps=61555 t=0.07s
Ep 1590: len= 21 黑胜 loss=9.4689 temp=0.25 total_env_steps=61576 t=0.07s
Ep 1591: len= 33 黑胜 loss=7.9655 temp=0.25 total_env_steps=61609 t=0.11s
Ep 1592: len= 19 黑胜 loss=9.0065 temp=0.25 total_env_steps=61628 t=0.07s
Ep 1593: len= 19 黑胜 loss=9.7596 temp=0.25 total_env_steps=61647 t=0.07s
Ep 1594: len= 21 黑胜 loss=7.0113 temp=0.25 total_env_steps=61668 t=0.07s
Ep 1595: len= 19 黑胜 loss=9.6106 temp=0.25 total_env_steps=61687 t=0.07s
Ep 1596: len= 21 黑胜 loss=8.6889 temp=0.25 total_env_steps=61708 t=0.09s
Ep 1597: len= 21 黑胜 loss=9.1897 temp=0.25 total_env_steps=61729 t=0.10s
Ep 1598: len= 56 白胜 loss=5.8961 temp=0.25 total_env_steps=61785 t=0.15s
Ep 1599: len= 19 黑胜 loss=7.8944 temp=0.25 total_env_steps=61804 t=0.08s
Ep 1600: len= 19 黑胜 loss=8.0990 temp=0.25 total_env_steps=61823 t=0.08s
  eval vs Gomoku-random-v0: win_rate=0.95 mean_return=0.90（20 局，total_env_steps=61823）
Ep 1601: len= 19 黑胜 loss=7.6260 temp=0.25 total_env_steps=61842 t=0.07s
Ep 1602: len= 19 黑胜 loss=8.5400 temp=0.25 total_env_steps=61861 t=0.07s
Ep 1603: len= 19 黑胜 loss=7.3440 temp=0.25 total_env_steps=61880 t=0.07s
Ep 1604: len= 19 黑胜 loss=9.2966 temp=0.25 total_env_steps=61899 t=0.07s
Ep 1605: len= 17 黑胜 loss=7.9766 temp=0.25 total_env_steps=61916 t=0.07s
Ep 1606: len= 19 黑胜 loss=8.3685 temp=0.25 total_env_steps=61935 t=0.08s
Ep 1607: len= 19 黑胜 loss=9.7705 temp=0.25 total_env_steps=61954 t=0.07s
Ep 1608: len= 19 黑胜 loss=9.5193 temp=0.25 total_env_steps=61973 t=0.07s
Ep 1609: len= 19 黑胜 loss=8.0584 temp=0.25 total_env_steps=61992 t=0.07s
Ep 1610: len= 19 黑胜 loss=7.4883 temp=0.25 total_env_steps=62011 t=0.07s
Ep 1611: len= 19 黑胜 loss=7.0027 temp=0.25 total_env_steps=62030 t=0.08s
Ep 1612: len= 19 黑胜 loss=7.3949 temp=0.25 total_env_steps=62049 t=0.08s
Ep 1613: len= 19 黑胜 loss=9.2852 temp=0.25 total_env_steps=62068 t=0.08s
Ep 1614: len= 19 黑胜 loss=8.8094 temp=0.25 total_env_steps=62087 t=0.08s
Ep 1615: len= 19 黑胜 loss=7.7147 temp=0.25 total_env_steps=62106 t=0.08s
Ep 1616: len= 19 黑胜 loss=7.4300 temp=0.25 total_env_steps=62125 t=0.08s
Ep 1617: len= 19 黑胜 loss=8.2201 temp=0.25 total_env_steps=62144 t=0.07s
Ep 1618: len= 19 黑胜 loss=6.7067 temp=0.25 total_env_steps=62163 t=0.07s
Ep 1619: len= 19 黑胜 loss=8.1038 temp=0.25 total_env_steps=62182 t=0.08s
Ep 1620: len= 19 黑胜 loss=7.0567 temp=0.25 total_env_steps=62201 t=0.08s
Ep 1621: len= 25 黑胜 loss=7.2678 temp=0.25 total_env_steps=62226 t=0.09s
Ep 1622: len= 19 黑胜 loss=9.2443 temp=0.25 total_env_steps=62245 t=0.08s
Ep 1623: len= 19 黑胜 loss=7.0114 temp=0.25 total_env_steps=62264 t=0.07s
Ep 1624: len= 19 黑胜 loss=7.3925 temp=0.25 total_env_steps=62283 t=0.08s
Ep 1625: len= 19 黑胜 loss=7.2691 temp=0.25 total_env_steps=62302 t=0.07s
Ep 1626: len= 19 黑胜 loss=9.1690 temp=0.25 total_env_steps=62321 t=0.07s
Ep 1627: len= 19 黑胜 loss=6.9032 temp=0.25 total_env_steps=62340 t=0.07s
Ep 1628: len= 19 黑胜 loss=9.6079 temp=0.25 total_env_steps=62359 t=0.08s
Ep 1629: len= 19 黑胜 loss=7.1752 temp=0.25 total_env_steps=62378 t=0.06s
Ep 1630: len= 19 黑胜 loss=6.7013 temp=0.25 total_env_steps=62397 t=0.07s
Ep 1631: len= 21 黑胜 loss=8.1737 temp=0.25 total_env_steps=62418 t=0.07s
Ep 1632: len= 21 黑胜 loss=8.0809 temp=0.25 total_env_steps=62439 t=0.07s
Ep 1633: len= 19 黑胜 loss=9.0578 temp=0.25 total_env_steps=62458 t=0.07s
Ep 1634: len= 19 黑胜 loss=6.8747 temp=0.25 total_env_steps=62477 t=0.08s
Ep 1635: len= 19 黑胜 loss=7.8515 temp=0.25 total_env_steps=62496 t=0.08s
Ep 1636: len= 19 黑胜 loss=8.9723 temp=0.25 total_env_steps=62515 t=0.07s
Ep 1637: len= 19 黑胜 loss=8.8209 temp=0.25 total_env_steps=62534 t=0.07s
Ep 1638: len= 19 黑胜 loss=7.5162 temp=0.25 total_env_steps=62553 t=0.08s
Ep 1639: len= 19 黑胜 loss=6.5797 temp=0.25 total_env_steps=62572 t=0.08s
Ep 1640: len= 21 黑胜 loss=6.9688 temp=0.25 total_env_steps=62593 t=0.08s
Ep 1641: len= 21 黑胜 loss=7.0410 temp=0.25 total_env_steps=62614 t=0.08s
Ep 1642: len= 19 黑胜 loss=7.2209 temp=0.25 total_env_steps=62633 t=0.09s
Ep 1643: len= 19 黑胜 loss=8.4061 temp=0.25 total_env_steps=62652 t=0.08s
Ep 1644: len= 19 黑胜 loss=7.8144 temp=0.25 total_env_steps=62671 t=0.07s
Ep 1645: len= 19 黑胜 loss=5.6673 temp=0.25 total_env_steps=62690 t=0.08s
Ep 1646: len= 19 黑胜 loss=7.0277 temp=0.25 total_env_steps=62709 t=0.08s
Ep 1647: len= 19 黑胜 loss=6.3758 temp=0.25 total_env_steps=62728 t=0.07s
Ep 1648: len= 19 黑胜 loss=7.1691 temp=0.25 total_env_steps=62747 t=0.07s
Ep 1649: len= 19 黑胜 loss=7.2655 temp=0.25 total_env_steps=62766 t=0.07s
Ep 1650: len= 19 黑胜 loss=8.6433 temp=0.25 total_env_steps=62785 t=0.07s
Ep 1651: len= 19 黑胜 loss=5.7916 temp=0.25 total_env_steps=62804 t=0.07s
Ep 1652: len= 19 黑胜 loss=7.9247 temp=0.25 total_env_steps=62823 t=0.07s
Ep 1653: len= 19 黑胜 loss=7.2346 temp=0.25 total_env_steps=62842 t=0.07s
Ep 1654: len= 19 黑胜 loss=8.2051 temp=0.25 total_env_steps=62861 t=0.07s
Ep 1655: len= 19 黑胜 loss=7.1980 temp=0.25 total_env_steps=62880 t=0.08s
Ep 1656: len= 19 黑胜 loss=8.3983 temp=0.25 total_env_steps=62899 t=0.08s
Ep 1657: len= 19 黑胜 loss=8.3091 temp=0.25 total_env_steps=62918 t=0.08s
Ep 1658: len= 19 黑胜 loss=5.9712 temp=0.25 total_env_steps=62937 t=0.07s
Ep 1659: len= 19 黑胜 loss=7.7123 temp=0.25 total_env_steps=62956 t=0.08s
Ep 1660: len= 19 黑胜 loss=7.2434 temp=0.25 total_env_steps=62975 t=0.07s
Ep 1661: len= 19 黑胜 loss=7.6404 temp=0.25 total_env_steps=62994 t=0.08s
Ep 1662: len= 19 黑胜 loss=7.2618 temp=0.25 total_env_steps=63013 t=0.08s
Ep 1663: len= 19 黑胜 loss=9.1013 temp=0.25 total_env_steps=63032 t=0.07s
Ep 1664: len= 19 黑胜 loss=7.6465 temp=0.25 total_env_steps=63051 t=0.07s
Ep 1665: len= 19 黑胜 loss=6.8500 temp=0.25 total_env_steps=63070 t=0.07s
Ep 1666: len= 19 黑胜 loss=6.3444 temp=0.25 total_env_steps=63089 t=0.08s
Ep 1667: len= 19 黑胜 loss=7.8669 temp=0.25 total_env_steps=63108 t=0.08s
Ep 1668: len= 19 黑胜 loss=6.9277 temp=0.25 total_env_steps=63127 t=0.08s
Ep 1669: len= 19 黑胜 loss=6.0183 temp=0.25 total_env_steps=63146 t=0.08s
Ep 1670: len= 17 黑胜 loss=6.4741 temp=0.25 total_env_steps=63163 t=0.07s
Ep 1671: len= 19 黑胜 loss=6.1198 temp=0.25 total_env_steps=63182 t=0.07s
Ep 1672: len= 19 黑胜 loss=7.8555 temp=0.25 total_env_steps=63201 t=0.08s
Ep 1673: len= 19 黑胜 loss=8.4647 temp=0.25 total_env_steps=63220 t=0.07s
Ep 1674: len= 19 黑胜 loss=7.4873 temp=0.25 total_env_steps=63239 t=0.07s
Ep 1675: len= 19 黑胜 loss=6.2992 temp=0.25 total_env_steps=63258 t=0.07s
Ep 1676: len= 19 黑胜 loss=6.9901 temp=0.25 total_env_steps=63277 t=0.07s
Ep 1677: len= 19 黑胜 loss=6.2383 temp=0.25 total_env_steps=63296 t=0.08s
Ep 1678: len= 19 黑胜 loss=6.1136 temp=0.25 total_env_steps=63315 t=0.07s
Ep 1679: len= 19 黑胜 loss=7.9776 temp=0.25 total_env_steps=63334 t=0.07s
Ep 1680: len= 19 黑胜 loss=6.0401 temp=0.25 total_env_steps=63353 t=0.07s
Ep 1681: len= 19 黑胜 loss=7.2459 temp=0.25 total_env_steps=63372 t=0.07s
Ep 1682: len= 19 黑胜 loss=7.2086 temp=0.25 total_env_steps=63391 t=0.07s
Ep 1683: len= 19 黑胜 loss=7.0480 temp=0.25 total_env_steps=63410 t=0.07s
Ep 1684: len= 19 黑胜 loss=8.2659 temp=0.25 total_env_steps=63429 t=0.07s
Ep 1685: len= 19 黑胜 loss=6.7312 temp=0.25 total_env_steps=63448 t=0.07s
Ep 1686: len= 19 黑胜 loss=6.0783 temp=0.25 total_env_steps=63467 t=0.07s
Ep 1687: len= 19 黑胜 loss=7.0819 temp=0.25 total_env_steps=63486 t=0.09s
Ep 1688: len= 19 黑胜 loss=7.4086 temp=0.25 total_env_steps=63505 t=0.08s
Ep 1689: len= 19 黑胜 loss=7.1209 temp=0.25 total_env_steps=63524 t=0.08s
Ep 1690: len= 19 黑胜 loss=5.9172 temp=0.25 total_env_steps=63543 t=0.07s
Ep 1691: len= 51 黑胜 loss=7.9082 temp=0.25 total_env_steps=63594 t=0.13s
Ep 1692: len= 19 黑胜 loss=7.0342 temp=0.25 total_env_steps=63613 t=0.06s
Ep 1693: len= 19 黑胜 loss=5.8790 temp=0.25 total_env_steps=63632 t=0.08s
Ep 1694: len= 19 黑胜 loss=6.9425 temp=0.25 total_env_steps=63651 t=0.06s
Ep 1695: len= 19 黑胜 loss=6.7170 temp=0.25 total_env_steps=63670 t=0.06s
Ep 1696: len= 19 黑胜 loss=5.1725 temp=0.25 total_env_steps=63689 t=0.06s
Ep 1697: len= 19 黑胜 loss=5.9973 temp=0.25 total_env_steps=63708 t=0.07s
Ep 1698: len= 19 黑胜 loss=6.0406 temp=0.25 total_env_steps=63727 t=0.07s
Ep 1699: len= 19 黑胜 loss=7.3430 temp=0.25 total_env_steps=63746 t=0.07s
Ep 1700: len= 19 黑胜 loss=7.7577 temp=0.25 total_env_steps=63765 t=0.07s
Ep 1701: len= 19 黑胜 loss=6.5576 temp=0.25 total_env_steps=63784 t=0.08s
Ep 1702: len= 19 黑胜 loss=5.2215 temp=0.25 total_env_steps=63803 t=0.07s
Ep 1703: len= 19 黑胜 loss=5.8063 temp=0.25 total_env_steps=63822 t=0.06s
Ep 1704: len= 19 黑胜 loss=6.3782 temp=0.25 total_env_steps=63841 t=0.08s
Ep 1705: len= 19 黑胜 loss=7.0167 temp=0.25 total_env_steps=63860 t=0.08s
Ep 1706: len= 19 黑胜 loss=5.9358 temp=0.25 total_env_steps=63879 t=0.07s
Ep 1707: len= 19 黑胜 loss=5.9259 temp=0.25 total_env_steps=63898 t=0.06s
Ep 1708: len= 19 黑胜 loss=6.7938 temp=0.25 total_env_steps=63917 t=0.06s
Ep 1709: len= 19 黑胜 loss=7.3614 temp=0.25 total_env_steps=63936 t=0.08s
Ep 1710: len= 19 黑胜 loss=7.2392 temp=0.25 total_env_steps=63955 t=0.08s
Ep 1711: len= 19 黑胜 loss=6.6955 temp=0.25 total_env_steps=63974 t=0.07s
Ep 1712: len= 19 黑胜 loss=6.0000 temp=0.25 total_env_steps=63993 t=0.08s
Ep 1713: len= 19 黑胜 loss=7.1278 temp=0.25 total_env_steps=64012 t=0.07s
Ep 1714: len= 19 黑胜 loss=6.1559 temp=0.25 total_env_steps=64031 t=0.07s
Ep 1715: len= 19 黑胜 loss=6.5875 temp=0.25 total_env_steps=64050 t=0.08s
Ep 1716: len= 19 黑胜 loss=8.7366 temp=0.25 total_env_steps=64069 t=0.07s
Ep 1717: len= 19 黑胜 loss=7.4652 temp=0.25 total_env_steps=64088 t=0.07s
Ep 1718: len= 19 黑胜 loss=5.2193 temp=0.25 total_env_steps=64107 t=0.08s
Ep 1719: len= 19 黑胜 loss=8.3633 temp=0.25 total_env_steps=64126 t=0.07s
Ep 1720: len= 19 黑胜 loss=6.4895 temp=0.25 total_env_steps=64145 t=0.06s
Ep 1721: len= 19 黑胜 loss=7.4198 temp=0.25 total_env_steps=64164 t=0.08s
Ep 1722: len= 19 黑胜 loss=7.0782 temp=0.25 total_env_steps=64183 t=0.08s
Ep 1723: len= 19 黑胜 loss=9.7269 temp=0.25 total_env_steps=64202 t=0.07s
Ep 1724: len= 19 黑胜 loss=6.4735 temp=0.25 total_env_steps=64221 t=0.07s
Ep 1725: len= 19 黑胜 loss=6.7830 temp=0.25 total_env_steps=64240 t=0.07s
Ep 1726: len= 19 黑胜 loss=6.4304 temp=0.25 total_env_steps=64259 t=0.07s
Ep 1727: len= 19 黑胜 loss=5.9348 temp=0.25 total_env_steps=64278 t=0.07s
Ep 1728: len= 19 黑胜 loss=7.4913 temp=0.25 total_env_steps=64297 t=0.07s
Ep 1729: len= 19 黑胜 loss=7.8359 temp=0.25 total_env_steps=64316 t=0.07s
Ep 1730: len= 19 黑胜 loss=5.7614 temp=0.25 total_env_steps=64335 t=0.07s
Ep 1731: len= 19 黑胜 loss=6.3508 temp=0.25 total_env_steps=64354 t=0.08s
Ep 1732: len= 19 黑胜 loss=7.6236 temp=0.25 total_env_steps=64373 t=0.07s
Ep 1733: len= 19 黑胜 loss=9.7237 temp=0.25 total_env_steps=64392 t=0.07s
Ep 1734: len= 19 黑胜 loss=7.7818 temp=0.25 total_env_steps=64411 t=0.07s
Ep 1735: len= 23 黑胜 loss=6.7087 temp=0.25 total_env_steps=64434 t=0.10s
Ep 1736: len= 21 黑胜 loss=8.7124 temp=0.25 total_env_steps=64455 t=0.08s
Ep 1737: len= 19 黑胜 loss=6.9425 temp=0.25 total_env_steps=64474 t=0.06s
Ep 1738: len= 19 黑胜 loss=7.1291 temp=0.25 total_env_steps=64493 t=0.07s
Ep 1739: len= 19 黑胜 loss=8.9622 temp=0.25 total_env_steps=64512 t=0.07s
Ep 1740: len= 19 黑胜 loss=6.7547 temp=0.25 total_env_steps=64531 t=0.07s
Ep 1741: len= 19 黑胜 loss=7.2289 temp=0.25 total_env_steps=64550 t=0.07s
Ep 1742: len= 19 黑胜 loss=6.4698 temp=0.25 total_env_steps=64569 t=0.06s
Ep 1743: len= 19 黑胜 loss=6.0621 temp=0.25 total_env_steps=64588 t=0.07s
Ep 1744: len= 19 黑胜 loss=5.0383 temp=0.25 total_env_steps=64607 t=0.08s
Ep 1745: len= 19 黑胜 loss=8.1715 temp=0.25 total_env_steps=64626 t=0.07s
Ep 1746: len= 19 黑胜 loss=7.3551 temp=0.25 total_env_steps=64645 t=0.07s
Ep 1747: len= 19 黑胜 loss=6.1475 temp=0.25 total_env_steps=64664 t=0.07s
Ep 1748: len= 17 黑胜 loss=7.2967 temp=0.25 total_env_steps=64681 t=0.07s
Ep 1749: len= 19 黑胜 loss=8.1043 temp=0.25 total_env_steps=64700 t=0.07s
Ep 1750: len= 19 黑胜 loss=7.0295 temp=0.25 total_env_steps=64719 t=0.06s
Ep 1751: len= 19 黑胜 loss=6.8402 temp=0.25 total_env_steps=64738 t=0.06s
Ep 1752: len= 19 黑胜 loss=7.1816 temp=0.25 total_env_steps=64757 t=0.07s
Ep 1753: len= 19 黑胜 loss=7.3653 temp=0.25 total_env_steps=64776 t=0.07s
Ep 1754: len= 19 黑胜 loss=7.0715 temp=0.25 total_env_steps=64795 t=0.06s
Ep 1755: len= 19 黑胜 loss=8.0145 temp=0.25 total_env_steps=64814 t=0.06s
Ep 1756: len= 19 黑胜 loss=7.0553 temp=0.25 total_env_steps=64833 t=0.07s
Ep 1757: len= 19 黑胜 loss=6.9588 temp=0.25 total_env_steps=64852 t=0.06s
Ep 1758: len= 19 黑胜 loss=4.8840 temp=0.25 total_env_steps=64871 t=0.07s
Ep 1759: len= 29 黑胜 loss=7.3549 temp=0.25 total_env_steps=64900 t=0.10s
Ep 1760: len= 19 黑胜 loss=7.8124 temp=0.25 total_env_steps=64919 t=0.07s
Ep 1761: len= 19 黑胜 loss=6.8285 temp=0.25 total_env_steps=64938 t=0.07s
Ep 1762: len= 19 黑胜 loss=7.0095 temp=0.25 total_env_steps=64957 t=0.07s
Ep 1763: len= 19 黑胜 loss=6.2982 temp=0.25 total_env_steps=64976 t=0.07s
Ep 1764: len= 19 黑胜 loss=7.6729 temp=0.25 total_env_steps=64995 t=0.07s
Ep 1765: len= 19 黑胜 loss=6.1981 temp=0.25 total_env_steps=65014 t=0.07s
Ep 1766: len= 19 黑胜 loss=6.5951 temp=0.25 total_env_steps=65033 t=0.07s
Ep 1767: len= 19 黑胜 loss=6.7380 temp=0.25 total_env_steps=65052 t=0.07s
Ep 1768: len= 19 黑胜 loss=7.6428 temp=0.25 total_env_steps=65071 t=0.07s
Ep 1769: len= 19 黑胜 loss=6.7205 temp=0.25 total_env_steps=65090 t=0.07s
Ep 1770: len= 50 白胜 loss=6.9639 temp=0.25 total_env_steps=65140 t=0.13s
Ep 1771: len= 19 黑胜 loss=5.9642 temp=0.25 total_env_steps=65159 t=0.06s
Ep 1772: len= 17 黑胜 loss=5.3075 temp=0.25 total_env_steps=65176 t=0.07s
Ep 1773: len= 19 黑胜 loss=7.5387 temp=0.25 total_env_steps=65195 t=0.09s
Ep 1774: len= 19 黑胜 loss=4.8631 temp=0.25 total_env_steps=65214 t=0.07s
Ep 1775: len= 19 黑胜 loss=6.1065 temp=0.25 total_env_steps=65233 t=0.07s
Ep 1776: len= 19 黑胜 loss=6.1035 temp=0.25 total_env_steps=65252 t=0.07s
Ep 1777: len= 21 黑胜 loss=6.2027 temp=0.25 total_env_steps=65273 t=0.07s
Ep 1778: len= 19 黑胜 loss=6.7262 temp=0.25 total_env_steps=65292 t=0.08s
Ep 1779: len= 19 黑胜 loss=6.6459 temp=0.25 total_env_steps=65311 t=0.07s
Ep 1780: len= 19 黑胜 loss=8.5354 temp=0.25 total_env_steps=65330 t=0.07s
Ep 1781: len= 21 黑胜 loss=6.2533 temp=0.25 total_env_steps=65351 t=0.07s
Ep 1782: len= 19 黑胜 loss=6.4133 temp=0.25 total_env_steps=65370 t=0.06s
Ep 1783: len= 19 黑胜 loss=6.4735 temp=0.25 total_env_steps=65389 t=0.06s
Ep 1784: len= 19 黑胜 loss=5.6323 temp=0.25 total_env_steps=65408 t=0.06s
Ep 1785: len= 19 黑胜 loss=4.9373 temp=0.25 total_env_steps=65427 t=0.07s
Ep 1786: len= 19 黑胜 loss=5.9268 temp=0.25 total_env_steps=65446 t=0.07s
Ep 1787: len= 19 黑胜 loss=5.9115 temp=0.25 total_env_steps=65465 t=0.06s
Ep 1788: len= 21 黑胜 loss=6.7281 temp=0.25 total_env_steps=65486 t=0.08s
Ep 1789: len= 19 黑胜 loss=4.9350 temp=0.25 total_env_steps=65505 t=0.07s
Ep 1790: len= 19 黑胜 loss=5.9317 temp=0.25 total_env_steps=65524 t=0.08s
Ep 1791: len= 19 黑胜 loss=5.8811 temp=0.25 total_env_steps=65543 t=0.08s
Ep 1792: len= 19 黑胜 loss=5.8198 temp=0.25 total_env_steps=65562 t=0.07s
Ep 1793: len= 19 黑胜 loss=4.9869 temp=0.25 total_env_steps=65581 t=0.06s
Ep 1794: len= 19 黑胜 loss=5.8528 temp=0.25 total_env_steps=65600 t=0.07s
Ep 1795: len= 19 黑胜 loss=6.7743 temp=0.25 total_env_steps=65619 t=0.07s
Ep 1796: len= 19 黑胜 loss=6.4128 temp=0.25 total_env_steps=65638 t=0.07s
Ep 1797: len= 19 黑胜 loss=6.0739 temp=0.25 total_env_steps=65657 t=0.07s
Ep 1798: len= 21 黑胜 loss=6.1645 temp=0.25 total_env_steps=65678 t=0.07s
Ep 1799: len= 19 黑胜 loss=5.1459 temp=0.25 total_env_steps=65697 t=0.07s
Ep 1800: len= 19 黑胜 loss=5.7880 temp=0.25 total_env_steps=65716 t=0.08s
  eval vs Gomoku-random-v0: win_rate=0.90 mean_return=0.80（20 局，total_env_steps=65716）
Ep 1801: len= 19 黑胜 loss=5.4817 temp=0.25 total_env_steps=65735 t=0.07s
Ep 1802: len= 19 黑胜 loss=5.5242 temp=0.25 total_env_steps=65754 t=0.07s
Ep 1803: len= 19 黑胜 loss=6.2932 temp=0.25 total_env_steps=65773 t=0.07s
Ep 1804: len= 19 黑胜 loss=6.3055 temp=0.25 total_env_steps=65792 t=0.07s
Ep 1805: len= 19 黑胜 loss=6.0797 temp=0.25 total_env_steps=65811 t=0.07s
Ep 1806: len= 19 黑胜 loss=4.1122 temp=0.25 total_env_steps=65830 t=0.06s
Ep 1807: len= 19 黑胜 loss=5.2446 temp=0.25 total_env_steps=65849 t=0.07s
Ep 1808: len= 19 黑胜 loss=5.4670 temp=0.25 total_env_steps=65868 t=0.07s
Ep 1809: len= 19 黑胜 loss=5.2475 temp=0.25 total_env_steps=65887 t=0.06s
Ep 1810: len= 21 黑胜 loss=4.9958 temp=0.25 total_env_steps=65908 t=0.07s
Ep 1811: len= 19 黑胜 loss=6.0113 temp=0.25 total_env_steps=65927 t=0.07s
Ep 1812: len= 19 黑胜 loss=5.6730 temp=0.25 total_env_steps=65946 t=0.07s
Ep 1813: len= 19 黑胜 loss=4.3529 temp=0.25 total_env_steps=65965 t=0.07s
Ep 1814: len= 19 黑胜 loss=5.6142 temp=0.25 total_env_steps=65984 t=0.07s
Ep 1815: len= 21 黑胜 loss=6.2492 temp=0.25 total_env_steps=66005 t=0.08s
Ep 1816: len= 19 黑胜 loss=4.9616 temp=0.25 total_env_steps=66024 t=0.09s
Ep 1817: len= 19 黑胜 loss=5.5058 temp=0.25 total_env_steps=66043 t=0.08s
Ep 1818: len= 19 黑胜 loss=6.3653 temp=0.25 total_env_steps=66062 t=0.07s
Ep 1819: len= 19 黑胜 loss=6.5756 temp=0.25 total_env_steps=66081 t=0.06s
Ep 1820: len= 19 黑胜 loss=6.0379 temp=0.25 total_env_steps=66100 t=0.07s
Ep 1821: len= 19 黑胜 loss=5.4752 temp=0.25 total_env_steps=66119 t=0.07s
Ep 1822: len= 19 黑胜 loss=5.5962 temp=0.25 total_env_steps=66138 t=0.08s
Ep 1823: len= 19 黑胜 loss=4.8294 temp=0.25 total_env_steps=66157 t=0.07s
Ep 1824: len= 19 黑胜 loss=4.1448 temp=0.25 total_env_steps=66176 t=0.07s
Ep 1825: len= 19 黑胜 loss=4.9372 temp=0.25 total_env_steps=66195 t=0.06s
Ep 1826: len= 19 黑胜 loss=5.7632 temp=0.25 total_env_steps=66214 t=0.07s
Ep 1827: len= 19 黑胜 loss=7.0343 temp=0.25 total_env_steps=66233 t=0.06s
Ep 1828: len= 19 黑胜 loss=4.5632 temp=0.25 total_env_steps=66252 t=0.07s
Ep 1829: len= 19 黑胜 loss=6.9278 temp=0.25 total_env_steps=66271 t=0.07s
Ep 1830: len= 19 黑胜 loss=4.6478 temp=0.25 total_env_steps=66290 t=0.06s
Ep 1831: len= 19 黑胜 loss=5.5946 temp=0.25 total_env_steps=66309 t=0.08s
Ep 1832: len= 19 黑胜 loss=5.0896 temp=0.25 total_env_steps=66328 t=0.07s
Ep 1833: len= 19 黑胜 loss=6.2910 temp=0.25 total_env_steps=66347 t=0.07s
Ep 1834: len= 19 黑胜 loss=5.8915 temp=0.25 total_env_steps=66366 t=0.07s
Ep 1835: len= 19 黑胜 loss=5.0099 temp=0.25 total_env_steps=66385 t=0.07s
Ep 1836: len= 19 黑胜 loss=4.9314 temp=0.25 total_env_steps=66404 t=0.07s
Ep 1837: len= 19 黑胜 loss=5.4339 temp=0.25 total_env_steps=66423 t=0.08s
Ep 1838: len= 19 黑胜 loss=6.0739 temp=0.25 total_env_steps=66442 t=0.07s
Ep 1839: len= 19 黑胜 loss=5.5485 temp=0.25 total_env_steps=66461 t=0.07s
Ep 1840: len= 19 黑胜 loss=5.6110 temp=0.25 total_env_steps=66480 t=0.07s
Ep 1841: len= 55 黑胜 loss=5.8111 temp=0.25 total_env_steps=66535 t=0.15s
Ep 1842: len= 19 黑胜 loss=7.1272 temp=0.25 total_env_steps=66554 t=0.06s
Ep 1843: len= 19 黑胜 loss=5.5338 temp=0.25 total_env_steps=66573 t=0.06s
Ep 1844: len= 19 黑胜 loss=5.0642 temp=0.25 total_env_steps=66592 t=0.07s
Ep 1845: len= 19 黑胜 loss=5.5091 temp=0.25 total_env_steps=66611 t=0.07s
Ep 1846: len= 19 黑胜 loss=5.1740 temp=0.25 total_env_steps=66630 t=0.07s
Ep 1847: len= 19 黑胜 loss=6.2730 temp=0.25 total_env_steps=66649 t=0.07s
Ep 1848: len= 19 黑胜 loss=5.2252 temp=0.25 total_env_steps=66668 t=0.07s
Ep 1849: len= 19 黑胜 loss=6.6931 temp=0.25 total_env_steps=66687 t=0.07s
Ep 1850: len= 19 黑胜 loss=6.1434 temp=0.25 total_env_steps=66706 t=0.08s
Ep 1851: len= 19 黑胜 loss=6.0844 temp=0.25 total_env_steps=66725 t=0.09s
Ep 1852: len= 19 黑胜 loss=6.3785 temp=0.25 total_env_steps=66744 t=0.09s
Ep 1853: len= 19 黑胜 loss=5.2385 temp=0.25 total_env_steps=66763 t=0.09s
Ep 1854: len= 17 黑胜 loss=6.4943 temp=0.25 total_env_steps=66780 t=0.07s
Ep 1855: len= 19 黑胜 loss=5.9669 temp=0.25 total_env_steps=66799 t=0.07s
Ep 1856: len= 19 黑胜 loss=5.5343 temp=0.25 total_env_steps=66818 t=0.07s
Ep 1857: len= 19 黑胜 loss=4.6467 temp=0.25 total_env_steps=66837 t=0.07s
Ep 1858: len= 19 黑胜 loss=8.4169 temp=0.25 total_env_steps=66856 t=0.07s
Ep 1859: len= 19 黑胜 loss=6.3130 temp=0.25 total_env_steps=66875 t=0.07s
Ep 1860: len= 19 黑胜 loss=5.2236 temp=0.25 total_env_steps=66894 t=0.07s
Ep 1861: len= 19 黑胜 loss=5.0835 temp=0.25 total_env_steps=66913 t=0.07s
Ep 1862: len= 19 黑胜 loss=5.1167 temp=0.25 total_env_steps=66932 t=0.07s
Ep 1863: len= 19 黑胜 loss=5.0950 temp=0.25 total_env_steps=66951 t=0.09s
Ep 1864: len= 19 黑胜 loss=4.7982 temp=0.25 total_env_steps=66970 t=0.08s
Ep 1865: len= 19 黑胜 loss=5.8695 temp=0.25 total_env_steps=66989 t=0.08s
Ep 1866: len= 17 黑胜 loss=5.4894 temp=0.25 total_env_steps=67006 t=0.06s
Ep 1867: len= 19 黑胜 loss=5.0494 temp=0.25 total_env_steps=67025 t=0.07s
Ep 1868: len= 17 黑胜 loss=6.1327 temp=0.25 total_env_steps=67042 t=0.07s
Ep 1869: len= 69 黑胜 loss=4.1289 temp=0.25 total_env_steps=67111 t=0.18s
Ep 1870: len= 17 黑胜 loss=3.2715 temp=0.25 total_env_steps=67128 t=0.06s
Ep 1871: len= 19 黑胜 loss=6.0866 temp=0.25 total_env_steps=67147 t=0.07s
Ep 1872: len= 19 黑胜 loss=5.5512 temp=0.25 total_env_steps=67166 t=0.06s
Ep 1873: len= 19 黑胜 loss=6.3363 temp=0.25 total_env_steps=67185 t=0.07s
Ep 1874: len= 19 黑胜 loss=6.2571 temp=0.25 total_env_steps=67204 t=0.08s
Ep 1875: len= 19 黑胜 loss=5.7243 temp=0.25 total_env_steps=67223 t=0.07s
Ep 1876: len= 19 黑胜 loss=6.5414 temp=0.25 total_env_steps=67242 t=0.07s
Ep 1877: len= 19 黑胜 loss=7.0193 temp=0.25 total_env_steps=67261 t=0.07s
Ep 1878: len= 19 黑胜 loss=5.8878 temp=0.25 total_env_steps=67280 t=0.07s
Ep 1879: len= 19 黑胜 loss=5.8686 temp=0.25 total_env_steps=67299 t=0.06s
Ep 1880: len= 19 黑胜 loss=7.0521 temp=0.25 total_env_steps=67318 t=0.07s
Ep 1881: len= 19 黑胜 loss=6.1007 temp=0.25 total_env_steps=67337 t=0.06s
Ep 1882: len= 19 黑胜 loss=6.7672 temp=0.25 total_env_steps=67356 t=0.06s
Ep 1883: len= 19 黑胜 loss=6.6538 temp=0.25 total_env_steps=67375 t=0.07s
Ep 1884: len= 19 黑胜 loss=4.9067 temp=0.25 total_env_steps=67394 t=0.06s
Ep 1885: len= 19 黑胜 loss=5.8208 temp=0.25 total_env_steps=67413 t=0.07s
Ep 1886: len= 15 黑胜 loss=5.7116 temp=0.25 total_env_steps=67428 t=0.07s
Ep 1887: len= 19 黑胜 loss=6.5023 temp=0.25 total_env_steps=67447 t=0.07s
Ep 1888: len= 19 黑胜 loss=6.9596 temp=0.25 total_env_steps=67466 t=0.06s
Ep 1889: len= 19 黑胜 loss=4.3300 temp=0.25 total_env_steps=67485 t=0.08s
Ep 1890: len= 19 黑胜 loss=7.8235 temp=0.25 total_env_steps=67504 t=0.07s
Ep 1891: len= 19 黑胜 loss=4.8916 temp=0.25 total_env_steps=67523 t=0.08s
Ep 1892: len= 19 黑胜 loss=4.4174 temp=0.25 total_env_steps=67542 t=0.07s
Ep 1893: len= 19 黑胜 loss=7.0889 temp=0.25 total_env_steps=67561 t=0.08s
Ep 1894: len= 19 黑胜 loss=7.4765 temp=0.25 total_env_steps=67580 t=0.07s
Ep 1895: len= 21 黑胜 loss=6.8961 temp=0.25 total_env_steps=67601 t=0.07s
Ep 1896: len= 19 黑胜 loss=7.0467 temp=0.25 total_env_steps=67620 t=0.07s
Ep 1897: len= 19 黑胜 loss=5.6121 temp=0.25 total_env_steps=67639 t=0.07s
Ep 1898: len= 17 黑胜 loss=4.7443 temp=0.25 total_env_steps=67656 t=0.07s
Ep 1899: len= 57 黑胜 loss=6.7931 temp=0.25 total_env_steps=67713 t=0.14s
Ep 1900: len= 19 黑胜 loss=7.3275 temp=0.25 total_env_steps=67732 t=0.06s
Ep 1901: len= 19 黑胜 loss=5.1504 temp=0.25 total_env_steps=67751 t=0.07s
Ep 1902: len= 19 黑胜 loss=6.6342 temp=0.25 total_env_steps=67770 t=0.07s
Ep 1903: len= 19 黑胜 loss=4.7464 temp=0.25 total_env_steps=67789 t=0.06s
Ep 1904: len= 19 黑胜 loss=5.2662 temp=0.25 total_env_steps=67808 t=0.08s
Ep 1905: len= 19 黑胜 loss=5.3145 temp=0.25 total_env_steps=67827 t=0.07s
Ep 1906: len= 19 黑胜 loss=4.6809 temp=0.25 total_env_steps=67846 t=0.07s
Ep 1907: len= 19 黑胜 loss=5.5748 temp=0.25 total_env_steps=67865 t=0.06s
Ep 1908: len= 19 黑胜 loss=6.5219 temp=0.25 total_env_steps=67884 t=0.06s
Ep 1909: len= 19 黑胜 loss=5.9605 temp=0.25 total_env_steps=67903 t=0.07s
Ep 1910: len= 19 黑胜 loss=6.4430 temp=0.25 total_env_steps=67922 t=0.08s
Ep 1911: len= 19 黑胜 loss=8.7270 temp=0.25 total_env_steps=67941 t=0.08s
Ep 1912: len= 19 黑胜 loss=7.0830 temp=0.25 total_env_steps=67960 t=0.08s
Ep 1913: len= 19 黑胜 loss=5.0972 temp=0.25 total_env_steps=67979 t=0.06s
Ep 1914: len= 19 黑胜 loss=6.4832 temp=0.25 total_env_steps=67998 t=0.07s
Ep 1915: len= 19 黑胜 loss=6.1291 temp=0.25 total_env_steps=68017 t=0.06s
Ep 1916: len= 19 黑胜 loss=7.8540 temp=0.25 total_env_steps=68036 t=0.07s
Ep 1917: len= 19 黑胜 loss=8.8157 temp=0.25 total_env_steps=68055 t=0.08s
Ep 1918: len= 19 黑胜 loss=7.2372 temp=0.25 total_env_steps=68074 t=0.06s
Ep 1919: len= 19 黑胜 loss=6.5967 temp=0.25 total_env_steps=68093 t=0.06s
Ep 1920: len= 19 黑胜 loss=6.3605 temp=0.25 total_env_steps=68112 t=0.06s
Ep 1921: len= 19 黑胜 loss=7.2265 temp=0.25 total_env_steps=68131 t=0.07s
Ep 1922: len= 19 黑胜 loss=5.0052 temp=0.25 total_env_steps=68150 t=0.08s
Ep 1923: len= 19 黑胜 loss=5.7884 temp=0.25 total_env_steps=68169 t=0.08s
Ep 1924: len= 19 黑胜 loss=5.8853 temp=0.25 total_env_steps=68188 t=0.08s
Ep 1925: len= 19 黑胜 loss=8.4495 temp=0.25 total_env_steps=68207 t=0.08s
Ep 1926: len= 19 黑胜 loss=6.0141 temp=0.25 total_env_steps=68226 t=0.08s
Ep 1927: len= 19 黑胜 loss=7.6423 temp=0.25 total_env_steps=68245 t=0.07s
Ep 1928: len= 19 黑胜 loss=6.2495 temp=0.25 total_env_steps=68264 t=0.07s
Ep 1929: len= 19 黑胜 loss=6.4732 temp=0.25 total_env_steps=68283 t=0.07s
Ep 1930: len= 19 黑胜 loss=5.9390 temp=0.25 total_env_steps=68302 t=0.08s
Ep 1931: len= 19 黑胜 loss=4.7982 temp=0.25 total_env_steps=68321 t=0.08s
Ep 1932: len= 19 黑胜 loss=6.6117 temp=0.25 total_env_steps=68340 t=0.08s
Ep 1933: len= 19 黑胜 loss=6.2737 temp=0.25 total_env_steps=68359 t=0.08s
Ep 1934: len= 19 黑胜 loss=6.5696 temp=0.25 total_env_steps=68378 t=0.07s
Ep 1935: len= 19 黑胜 loss=6.5275 temp=0.25 total_env_steps=68397 t=0.08s
Ep 1936: len= 19 黑胜 loss=5.2048 temp=0.25 total_env_steps=68416 t=0.07s
Ep 1937: len= 19 黑胜 loss=6.4672 temp=0.25 total_env_steps=68435 t=0.07s
Ep 1938: len= 19 黑胜 loss=7.2146 temp=0.25 total_env_steps=68454 t=0.06s
Ep 1939: len= 19 黑胜 loss=6.7223 temp=0.25 total_env_steps=68473 t=0.07s
Ep 1940: len= 19 黑胜 loss=6.9551 temp=0.25 total_env_steps=68492 t=0.06s
Ep 1941: len= 19 黑胜 loss=5.8217 temp=0.25 total_env_steps=68511 t=0.06s
Ep 1942: len= 19 黑胜 loss=4.8493 temp=0.25 total_env_steps=68530 t=0.07s
Ep 1943: len= 19 黑胜 loss=6.9396 temp=0.25 total_env_steps=68549 t=0.06s
Ep 1944: len= 19 黑胜 loss=6.2838 temp=0.25 total_env_steps=68568 t=0.09s
Ep 1945: len= 19 黑胜 loss=8.1203 temp=0.25 total_env_steps=68587 t=0.09s
Ep 1946: len= 19 黑胜 loss=5.9769 temp=0.25 total_env_steps=68606 t=0.09s
Ep 1947: len= 19 黑胜 loss=5.6877 temp=0.25 total_env_steps=68625 t=0.08s
Ep 1948: len= 19 黑胜 loss=5.9473 temp=0.25 total_env_steps=68644 t=0.08s
Ep 1949: len= 19 黑胜 loss=5.1667 temp=0.25 total_env_steps=68663 t=0.07s
Ep 1950: len= 19 黑胜 loss=6.0745 temp=0.25 total_env_steps=68682 t=0.08s
Ep 1951: len= 19 黑胜 loss=5.4864 temp=0.25 total_env_steps=68701 t=0.08s
Ep 1952: len= 19 黑胜 loss=6.5595 temp=0.25 total_env_steps=68720 t=0.09s
Ep 1953: len= 19 黑胜 loss=4.3346 temp=0.25 total_env_steps=68739 t=0.07s
Ep 1954: len= 19 黑胜 loss=5.9099 temp=0.25 total_env_steps=68758 t=0.07s
Ep 1955: len= 19 黑胜 loss=5.9467 temp=0.25 total_env_steps=68777 t=0.08s
Ep 1956: len= 19 黑胜 loss=6.3277 temp=0.25 total_env_steps=68796 t=0.08s
Ep 1957: len= 19 黑胜 loss=6.7136 temp=0.25 total_env_steps=68815 t=0.06s
Ep 1958: len= 19 黑胜 loss=5.8848 temp=0.25 total_env_steps=68834 t=0.07s
Ep 1959: len= 19 黑胜 loss=6.2564 temp=0.25 total_env_steps=68853 t=0.07s
Ep 1960: len= 19 黑胜 loss=4.0457 temp=0.25 total_env_steps=68872 t=0.07s
Ep 1961: len= 19 黑胜 loss=7.3287 temp=0.25 total_env_steps=68891 t=0.06s
Ep 1962: len= 19 黑胜 loss=6.0471 temp=0.25 total_env_steps=68910 t=0.07s
Ep 1963: len= 17 黑胜 loss=7.4154 temp=0.25 total_env_steps=68927 t=0.06s
Ep 1964: len= 19 黑胜 loss=6.4474 temp=0.25 total_env_steps=68946 t=0.07s
Ep 1965: len= 19 黑胜 loss=6.1614 temp=0.25 total_env_steps=68965 t=0.07s
Ep 1966: len= 19 黑胜 loss=7.9188 temp=0.25 total_env_steps=68984 t=0.06s
Ep 1967: len= 19 黑胜 loss=6.8148 temp=0.25 total_env_steps=69003 t=0.07s
Ep 1968: len= 19 黑胜 loss=7.9948 temp=0.25 total_env_steps=69022 t=0.07s
Ep 1969: len= 19 黑胜 loss=5.8121 temp=0.25 total_env_steps=69041 t=0.07s
Ep 1970: len= 19 黑胜 loss=6.3446 temp=0.25 total_env_steps=69060 t=0.08s
Ep 1971: len= 19 黑胜 loss=5.0709 temp=0.25 total_env_steps=69079 t=0.08s
Ep 1972: len= 19 黑胜 loss=5.9996 temp=0.25 total_env_steps=69098 t=0.07s
Ep 1973: len= 19 黑胜 loss=5.9250 temp=0.25 total_env_steps=69117 t=0.06s
Ep 1974: len= 19 黑胜 loss=5.8437 temp=0.25 total_env_steps=69136 t=0.07s
Ep 1975: len= 19 黑胜 loss=7.3946 temp=0.25 total_env_steps=69155 t=0.07s
Ep 1976: len= 19 黑胜 loss=7.5458 temp=0.25 total_env_steps=69174 t=0.06s
Ep 1977: len= 19 黑胜 loss=7.7350 temp=0.25 total_env_steps=69193 t=0.07s
Ep 1978: len= 19 黑胜 loss=7.5262 temp=0.25 total_env_steps=69212 t=0.07s
Ep 1979: len= 19 黑胜 loss=5.5153 temp=0.25 total_env_steps=69231 t=0.06s
Ep 1980: len= 19 黑胜 loss=5.4070 temp=0.25 total_env_steps=69250 t=0.06s
Ep 1981: len= 19 黑胜 loss=5.9787 temp=0.25 total_env_steps=69269 t=0.07s
Ep 1982: len= 19 黑胜 loss=5.0301 temp=0.25 total_env_steps=69288 t=0.07s
Ep 1983: len= 19 黑胜 loss=4.6228 temp=0.25 total_env_steps=69307 t=0.07s
Ep 1984: len= 19 黑胜 loss=7.7679 temp=0.25 total_env_steps=69326 t=0.07s
Ep 1985: len= 19 黑胜 loss=6.1742 temp=0.25 total_env_steps=69345 t=0.07s
Ep 1986: len= 19 黑胜 loss=6.2042 temp=0.25 total_env_steps=69364 t=0.08s
Ep 1987: len= 19 黑胜 loss=7.2512 temp=0.25 total_env_steps=69383 t=0.08s
Ep 1988: len= 19 黑胜 loss=5.5851 temp=0.25 total_env_steps=69402 t=0.07s
Ep 1989: len= 19 黑胜 loss=5.6843 temp=0.25 total_env_steps=69421 t=0.08s
Ep 1990: len= 19 黑胜 loss=4.8043 temp=0.25 total_env_steps=69440 t=0.07s
Ep 1991: len= 19 黑胜 loss=5.7249 temp=0.25 total_env_steps=69459 t=0.07s
Ep 1992: len= 19 黑胜 loss=8.4490 temp=0.25 total_env_steps=69478 t=0.08s
Ep 1993: len= 19 黑胜 loss=4.5181 temp=0.25 total_env_steps=69497 t=0.09s
Ep 1994: len= 19 黑胜 loss=5.2030 temp=0.25 total_env_steps=69516 t=0.08s
Ep 1995: len= 19 黑胜 loss=6.5672 temp=0.25 total_env_steps=69535 t=0.08s
Ep 1996: len= 19 黑胜 loss=6.1881 temp=0.25 total_env_steps=69554 t=0.07s
Ep 1997: len= 19 黑胜 loss=5.3247 temp=0.25 total_env_steps=69573 t=0.07s
Ep 1998: len= 19 黑胜 loss=5.7605 temp=0.25 total_env_steps=69592 t=0.07s
Ep 1999: len= 19 黑胜 loss=6.7802 temp=0.25 total_env_steps=69611 t=0.07s
Ep 2000: len= 19 黑胜 loss=4.6049 temp=0.25 total_env_steps=69630 t=0.07s
  eval vs Gomoku-random-v0: win_rate=0.85 mean_return=0.70（20 局，total_env_steps=69630）
[闸门] vs random（40 局）: win_rate=0.925
[闸门] vs 半程快照（40 局，黑白各半）: score=0.500
[梯队] vs naive0（20 局，观察性）: win_rate=0.10
[梯队] vs naive1（20 局，观察性）: win_rate=0.05
[梯队] vs naive2（20 局，观察性）: win_rate=0.00
[梯队] vs naive3（20 局，观察性）: win_rate=0.00
📈 Gomoku-selfplay-v0 win_rate=0.85（best 1.00）| 门槛 0.95 | 222.1s

--- arm=budget_2000 seed=44 sims=100 ---
[MyZero-board Gomoku-selfplay-v0] obs=243(3×9²) |A|=81 sims=100 γ=1.0 negamax
Ep    1: len= 44 白胜 loss=0.0000 temp=1.00 total_env_steps=44 t=0.12s
Ep    2: len= 59 黑胜 loss=0.0000 temp=1.00 total_env_steps=103 t=0.15s
Ep    3: len= 55 黑胜 loss=0.0000 temp=1.00 total_env_steps=158 t=0.13s
Ep    4: len= 71 黑胜 loss=0.0000 temp=1.00 total_env_steps=229 t=0.18s
Ep    5: len= 60 白胜 loss=0.0000 temp=1.00 total_env_steps=289 t=0.15s
Ep    6: len= 41 黑胜 loss=0.0000 temp=1.00 total_env_steps=330 t=0.09s
Ep    7: len= 47 黑胜 loss=0.0000 temp=1.00 total_env_steps=377 t=0.12s
Ep    8: len= 66 白胜 loss=0.0000 temp=1.00 total_env_steps=443 t=0.16s
Ep    9: len= 63 黑胜 loss=0.0000 temp=1.00 total_env_steps=506 t=0.15s
Ep   10: len= 48 白胜 loss=37.3079 temp=1.00 total_env_steps=554 t=0.13s
Ep   11: len= 37 黑胜 loss=29.3256 temp=1.00 total_env_steps=591 t=0.10s
Ep   12: len= 51 黑胜 loss=28.8031 temp=1.00 total_env_steps=642 t=0.13s
Ep   13: len= 53 黑胜 loss=28.5302 temp=1.00 total_env_steps=695 t=0.16s
Ep   14: len= 53 黑胜 loss=28.6432 temp=1.00 total_env_steps=748 t=0.16s
Ep   15: len= 60 白胜 loss=28.1310 temp=1.00 total_env_steps=808 t=0.18s
Ep   16: len= 61 黑胜 loss=28.6883 temp=1.00 total_env_steps=869 t=0.18s
Ep   17: len= 51 黑胜 loss=28.4648 temp=1.00 total_env_steps=920 t=0.15s
Ep   18: len= 53 黑胜 loss=28.3087 temp=1.00 total_env_steps=973 t=0.13s
Ep   19: len= 65 黑胜 loss=28.3481 temp=1.00 total_env_steps=1038 t=0.16s
Ep   20: len= 44 白胜 loss=28.2920 temp=1.00 total_env_steps=1082 t=0.13s
Ep   21: len= 58 白胜 loss=28.0434 temp=1.00 total_env_steps=1140 t=0.16s
Ep   22: len= 27 黑胜 loss=28.1035 temp=1.00 total_env_steps=1167 t=0.08s
Ep   23: len= 66 白胜 loss=28.3204 temp=1.00 total_env_steps=1233 t=0.17s
Ep   24: len= 42 白胜 loss=27.8215 temp=1.00 total_env_steps=1275 t=0.16s
Ep   25: len= 49 黑胜 loss=28.0309 temp=1.00 total_env_steps=1324 t=0.12s
Ep   26: len= 66 白胜 loss=28.4618 temp=1.00 total_env_steps=1390 t=0.17s
Ep   27: len= 53 黑胜 loss=28.4641 temp=1.00 total_env_steps=1443 t=0.14s
Ep   28: len= 48 白胜 loss=28.6507 temp=1.00 total_env_steps=1491 t=0.13s
Ep   29: len= 48 白胜 loss=28.1455 temp=1.00 total_env_steps=1539 t=0.14s
Ep   30: len= 51 黑胜 loss=28.3789 temp=1.00 total_env_steps=1590 t=0.14s
Ep   31: len= 45 黑胜 loss=28.3802 temp=1.00 total_env_steps=1635 t=0.15s
Ep   32: len= 40 白胜 loss=28.0320 temp=1.00 total_env_steps=1675 t=0.13s
Ep   33: len= 50 白胜 loss=28.1781 temp=1.00 total_env_steps=1725 t=0.14s
Ep   34: len= 51 黑胜 loss=28.4098 temp=1.00 total_env_steps=1776 t=0.14s
Ep   35: len= 71 黑胜 loss=28.3770 temp=1.00 total_env_steps=1847 t=0.20s
Ep   36: len= 49 黑胜 loss=27.9797 temp=1.00 total_env_steps=1896 t=0.15s
Ep   37: len= 60 白胜 loss=28.8415 temp=1.00 total_env_steps=1956 t=0.18s
Ep   38: len= 55 黑胜 loss=28.4417 temp=1.00 total_env_steps=2011 t=0.16s
Ep   39: len= 41 黑胜 loss=28.1518 temp=1.00 total_env_steps=2052 t=0.13s
Ep   40: len= 44 白胜 loss=28.1410 temp=1.00 total_env_steps=2096 t=0.12s
Ep   41: len= 55 黑胜 loss=28.4297 temp=1.00 total_env_steps=2151 t=0.17s
Ep   42: len= 52 白胜 loss=28.4708 temp=1.00 total_env_steps=2203 t=0.15s
Ep   43: len= 69 黑胜 loss=28.2786 temp=1.00 total_env_steps=2272 t=0.21s
Ep   44: len= 67 黑胜 loss=28.4701 temp=1.00 total_env_steps=2339 t=0.17s
Ep   45: len= 81 平局 loss=27.9897 temp=1.00 total_env_steps=2420 t=0.26s
Ep   46: len= 65 黑胜 loss=28.1550 temp=1.00 total_env_steps=2485 t=0.18s
Ep   47: len= 68 白胜 loss=28.1468 temp=1.00 total_env_steps=2553 t=0.17s
Ep   48: len= 41 黑胜 loss=28.0182 temp=1.00 total_env_steps=2594 t=0.12s
Ep   49: len= 43 黑胜 loss=28.0242 temp=1.00 total_env_steps=2637 t=0.12s
Ep   50: len= 41 黑胜 loss=27.8975 temp=1.00 total_env_steps=2678 t=0.11s
Ep   51: len= 73 黑胜 loss=27.8275 temp=1.00 total_env_steps=2751 t=0.19s
Ep   52: len= 44 白胜 loss=28.1641 temp=1.00 total_env_steps=2795 t=0.12s
Ep   53: len= 67 黑胜 loss=28.1413 temp=1.00 total_env_steps=2862 t=0.17s
Ep   54: len= 53 黑胜 loss=27.8659 temp=1.00 total_env_steps=2915 t=0.13s
Ep   55: len= 51 黑胜 loss=28.3891 temp=1.00 total_env_steps=2966 t=0.13s
Ep   56: len= 49 黑胜 loss=28.3971 temp=1.00 total_env_steps=3015 t=0.13s
Ep   57: len= 55 黑胜 loss=28.2699 temp=1.00 total_env_steps=3070 t=0.14s
Ep   58: len= 52 白胜 loss=28.1565 temp=1.00 total_env_steps=3122 t=0.18s
Ep   59: len= 46 白胜 loss=28.6761 temp=1.00 total_env_steps=3168 t=0.14s
Ep   60: len= 58 白胜 loss=28.1919 temp=1.00 total_env_steps=3226 t=0.15s
Ep   61: len= 72 白胜 loss=28.2244 temp=1.00 total_env_steps=3298 t=0.19s
Ep   62: len= 47 黑胜 loss=28.2499 temp=1.00 total_env_steps=3345 t=0.12s
Ep   63: len= 50 白胜 loss=28.2437 temp=1.00 total_env_steps=3395 t=0.14s
Ep   64: len= 66 白胜 loss=28.0105 temp=1.00 total_env_steps=3461 t=0.18s
Ep   65: len= 57 黑胜 loss=28.3042 temp=1.00 total_env_steps=3518 t=0.18s
Ep   66: len= 57 黑胜 loss=28.8167 temp=1.00 total_env_steps=3575 t=0.17s
Ep   67: len= 54 白胜 loss=28.1951 temp=1.00 total_env_steps=3629 t=0.16s
Ep   68: len= 79 黑胜 loss=28.2341 temp=1.00 total_env_steps=3708 t=0.23s
Ep   69: len= 19 黑胜 loss=27.9709 temp=1.00 total_env_steps=3727 t=0.07s
Ep   70: len= 49 黑胜 loss=27.8288 temp=1.00 total_env_steps=3776 t=0.14s
Ep   71: len= 68 白胜 loss=27.9556 temp=1.00 total_env_steps=3844 t=0.19s
Ep   72: len= 50 白胜 loss=28.1521 temp=1.00 total_env_steps=3894 t=0.15s
Ep   73: len= 72 白胜 loss=27.9187 temp=1.00 total_env_steps=3966 t=0.21s
Ep   74: len= 25 黑胜 loss=28.0097 temp=1.00 total_env_steps=3991 t=0.08s
Ep   75: len= 57 黑胜 loss=28.0000 temp=1.00 total_env_steps=4048 t=0.19s
Ep   76: len= 53 黑胜 loss=28.0687 temp=1.00 total_env_steps=4101 t=0.14s
Ep   77: len= 54 白胜 loss=28.0307 temp=1.00 total_env_steps=4155 t=0.14s
Ep   78: len= 42 白胜 loss=27.9323 temp=1.00 total_env_steps=4197 t=0.13s
Ep   79: len= 20 白胜 loss=27.7790 temp=1.00 total_env_steps=4217 t=0.06s
Ep   80: len= 37 黑胜 loss=27.7299 temp=1.00 total_env_steps=4254 t=0.10s
Ep   81: len= 58 白胜 loss=28.0436 temp=1.00 total_env_steps=4312 t=0.19s
Ep   82: len= 50 白胜 loss=27.8038 temp=1.00 total_env_steps=4362 t=0.15s
Ep   83: len= 19 黑胜 loss=27.8659 temp=1.00 total_env_steps=4381 t=0.06s
Ep   84: len= 63 黑胜 loss=28.1380 temp=1.00 total_env_steps=4444 t=0.16s
Ep   85: len= 58 白胜 loss=28.0260 temp=1.00 total_env_steps=4502 t=0.15s
Ep   86: len= 46 白胜 loss=27.7102 temp=1.00 total_env_steps=4548 t=0.12s
Ep   87: len= 46 白胜 loss=28.0570 temp=1.00 total_env_steps=4594 t=0.13s
Ep   88: len= 40 白胜 loss=27.8960 temp=1.00 total_env_steps=4634 t=0.11s
Ep   89: len= 55 黑胜 loss=27.8628 temp=1.00 total_env_steps=4689 t=0.18s
Ep   90: len= 40 白胜 loss=27.9268 temp=1.00 total_env_steps=4729 t=0.11s
Ep   91: len= 48 白胜 loss=27.7607 temp=1.00 total_env_steps=4777 t=0.13s
Ep   92: len= 39 黑胜 loss=27.5931 temp=1.00 total_env_steps=4816 t=0.11s
Ep   93: len= 46 白胜 loss=27.9232 temp=1.00 total_env_steps=4862 t=0.12s
Ep   94: len= 39 黑胜 loss=27.5779 temp=1.00 total_env_steps=4901 t=0.10s
Ep   95: len= 48 白胜 loss=27.7453 temp=1.00 total_env_steps=4949 t=0.14s
Ep   96: len= 46 白胜 loss=27.7675 temp=1.00 total_env_steps=4995 t=0.12s
Ep   97: len= 47 黑胜 loss=27.7788 temp=1.00 total_env_steps=5042 t=0.12s
Ep   98: len= 53 黑胜 loss=27.8210 temp=1.00 total_env_steps=5095 t=0.14s
Ep   99: len= 56 白胜 loss=27.7440 temp=1.00 total_env_steps=5151 t=0.15s
Ep  100: len= 32 白胜 loss=27.7047 temp=1.00 total_env_steps=5183 t=0.09s
Ep  101: len= 29 黑胜 loss=27.9063 temp=1.00 total_env_steps=5212 t=0.09s
Ep  102: len= 17 黑胜 loss=27.7245 temp=0.99 total_env_steps=5229 t=0.06s
Ep  103: len= 47 黑胜 loss=27.8167 temp=0.99 total_env_steps=5276 t=0.12s
Ep  104: len= 59 黑胜 loss=27.8364 temp=0.98 total_env_steps=5335 t=0.15s
Ep  105: len= 62 白胜 loss=27.7746 temp=0.97 total_env_steps=5397 t=0.17s
Ep  106: len= 59 黑胜 loss=27.9808 temp=0.96 total_env_steps=5456 t=0.16s
Ep  107: len= 50 白胜 loss=28.0723 temp=0.95 total_env_steps=5506 t=0.13s
Ep  108: len= 43 黑胜 loss=27.7510 temp=0.95 total_env_steps=5549 t=0.14s
Ep  109: len= 65 黑胜 loss=28.1270 temp=0.94 total_env_steps=5614 t=0.22s
Ep  110: len= 53 黑胜 loss=28.0104 temp=0.93 total_env_steps=5667 t=0.13s
Ep  111: len= 73 黑胜 loss=27.8625 temp=0.93 total_env_steps=5740 t=0.18s
Ep  112: len= 38 白胜 loss=27.8857 temp=0.92 total_env_steps=5778 t=0.10s
Ep  113: len= 41 黑胜 loss=27.9953 temp=0.91 total_env_steps=5819 t=0.12s
Ep  114: len= 29 黑胜 loss=27.7977 temp=0.90 total_env_steps=5848 t=0.08s
Ep  115: len= 45 黑胜 loss=28.2388 temp=0.89 total_env_steps=5893 t=0.12s
Ep  116: len= 30 白胜 loss=27.6170 temp=0.89 total_env_steps=5923 t=0.11s
Ep  117: len= 44 白胜 loss=27.8867 temp=0.88 total_env_steps=5967 t=0.12s
Ep  118: len= 46 白胜 loss=27.6986 temp=0.87 total_env_steps=6013 t=0.13s
Ep  119: len= 67 黑胜 loss=28.0262 temp=0.87 total_env_steps=6080 t=0.18s
Ep  120: len= 31 黑胜 loss=28.0026 temp=0.86 total_env_steps=6111 t=0.09s
Ep  121: len= 34 白胜 loss=27.9328 temp=0.85 total_env_steps=6145 t=0.10s
Ep  122: len= 36 白胜 loss=27.8275 temp=0.84 total_env_steps=6181 t=0.11s
Ep  123: len= 55 黑胜 loss=27.8988 temp=0.84 total_env_steps=6236 t=0.16s
Ep  124: len= 42 白胜 loss=27.8005 temp=0.83 total_env_steps=6278 t=0.13s
Ep  125: len= 55 黑胜 loss=27.7386 temp=0.82 total_env_steps=6333 t=0.15s
Ep  126: len= 40 白胜 loss=27.9103 temp=0.81 total_env_steps=6373 t=0.12s
Ep  127: len= 36 白胜 loss=27.8749 temp=0.81 total_env_steps=6409 t=0.10s
Ep  128: len= 52 白胜 loss=27.8401 temp=0.80 total_env_steps=6461 t=0.15s
Ep  129: len= 57 黑胜 loss=27.9063 temp=0.79 total_env_steps=6518 t=0.17s
Ep  130: len= 53 黑胜 loss=27.9262 temp=0.78 total_env_steps=6571 t=0.15s
Ep  131: len= 48 白胜 loss=27.8994 temp=0.77 total_env_steps=6619 t=0.14s
Ep  132: len= 19 黑胜 loss=27.7909 temp=0.77 total_env_steps=6638 t=0.06s
Ep  133: len= 43 黑胜 loss=27.7932 temp=0.76 total_env_steps=6681 t=0.11s
Ep  134: len= 69 黑胜 loss=27.7533 temp=0.75 total_env_steps=6750 t=0.19s
Ep  135: len= 53 黑胜 loss=27.9416 temp=0.75 total_env_steps=6803 t=0.18s
Ep  136: len= 28 白胜 loss=27.8541 temp=0.74 total_env_steps=6831 t=0.10s
Ep  137: len= 54 白胜 loss=27.7409 temp=0.73 total_env_steps=6885 t=0.16s
Ep  138: len= 40 白胜 loss=27.9052 temp=0.72 total_env_steps=6925 t=0.11s
Ep  139: len= 25 黑胜 loss=27.9944 temp=0.72 total_env_steps=6950 t=0.09s
Ep  140: len= 57 黑胜 loss=27.6625 temp=0.71 total_env_steps=7007 t=0.16s
Ep  141: len= 24 白胜 loss=27.7675 temp=0.70 total_env_steps=7031 t=0.08s
Ep  142: len= 60 白胜 loss=28.1421 temp=0.69 total_env_steps=7091 t=0.18s
Ep  143: len= 39 黑胜 loss=28.1153 temp=0.69 total_env_steps=7130 t=0.12s
Ep  144: len= 37 黑胜 loss=27.8230 temp=0.68 total_env_steps=7167 t=0.11s
Ep  145: len= 36 白胜 loss=27.5236 temp=0.67 total_env_steps=7203 t=0.11s
Ep  146: len= 44 白胜 loss=28.0103 temp=0.66 total_env_steps=7247 t=0.14s
Ep  147: len= 57 黑胜 loss=27.8475 temp=0.65 total_env_steps=7304 t=0.16s
Ep  148: len= 50 白胜 loss=27.6783 temp=0.65 total_env_steps=7354 t=0.14s
Ep  149: len= 50 白胜 loss=27.8988 temp=0.64 total_env_steps=7404 t=0.14s
Ep  150: len= 56 白胜 loss=27.7673 temp=0.63 total_env_steps=7460 t=0.16s
Ep  151: len= 55 黑胜 loss=27.8736 temp=0.62 total_env_steps=7515 t=0.16s
Ep  152: len= 32 白胜 loss=27.7610 temp=0.62 total_env_steps=7547 t=0.10s
Ep  153: len= 71 黑胜 loss=27.8095 temp=0.61 total_env_steps=7618 t=0.20s
Ep  154: len= 46 白胜 loss=27.7951 temp=0.60 total_env_steps=7664 t=0.13s
Ep  155: len= 50 白胜 loss=27.8434 temp=0.59 total_env_steps=7714 t=0.15s
Ep  156: len= 35 黑胜 loss=27.7742 temp=0.59 total_env_steps=7749 t=0.11s
Ep  157: len= 36 白胜 loss=27.6677 temp=0.58 total_env_steps=7785 t=0.11s
Ep  158: len= 48 白胜 loss=27.9112 temp=0.57 total_env_steps=7833 t=0.14s
Ep  159: len= 40 白胜 loss=27.7723 temp=0.56 total_env_steps=7873 t=0.12s
Ep  160: len= 22 白胜 loss=27.8443 temp=0.56 total_env_steps=7895 t=0.07s
Ep  161: len= 28 白胜 loss=27.6486 temp=0.55 total_env_steps=7923 t=0.08s
Ep  162: len= 64 白胜 loss=27.9761 temp=0.54 total_env_steps=7987 t=0.18s
Ep  163: len= 40 白胜 loss=27.8019 temp=0.53 total_env_steps=8027 t=0.12s
Ep  164: len= 45 黑胜 loss=27.8871 temp=0.53 total_env_steps=8072 t=0.14s
Ep  165: len= 55 黑胜 loss=27.7895 temp=0.52 total_env_steps=8127 t=0.16s
Ep  166: len= 25 黑胜 loss=27.8341 temp=0.51 total_env_steps=8152 t=0.08s
Ep  167: len= 37 黑胜 loss=27.9373 temp=0.50 total_env_steps=8189 t=0.11s
Ep  168: len= 58 白胜 loss=27.6392 temp=0.50 total_env_steps=8247 t=0.18s
Ep  169: len= 38 白胜 loss=27.5629 temp=0.49 total_env_steps=8285 t=0.14s
Ep  170: len= 50 白胜 loss=27.8845 temp=0.48 total_env_steps=8335 t=0.15s
Ep  171: len= 43 黑胜 loss=27.7574 temp=0.48 total_env_steps=8378 t=0.13s
Ep  172: len= 65 黑胜 loss=27.7197 temp=0.47 total_env_steps=8443 t=0.19s
Ep  173: len= 44 白胜 loss=27.7391 temp=0.46 total_env_steps=8487 t=0.13s
Ep  174: len= 52 白胜 loss=27.8260 temp=0.45 total_env_steps=8539 t=0.17s
Ep  175: len= 35 黑胜 loss=27.6841 temp=0.44 total_env_steps=8574 t=0.11s
Ep  176: len= 57 黑胜 loss=27.6371 temp=0.44 total_env_steps=8631 t=0.18s
Ep  177: len= 43 黑胜 loss=27.9746 temp=0.43 total_env_steps=8674 t=0.13s
Ep  178: len= 35 黑胜 loss=27.7733 temp=0.42 total_env_steps=8709 t=0.11s
Ep  179: len= 48 白胜 loss=27.6994 temp=0.42 total_env_steps=8757 t=0.14s
Ep  180: len= 55 黑胜 loss=27.5986 temp=0.41 total_env_steps=8812 t=0.17s
Ep  181: len= 51 黑胜 loss=27.6981 temp=0.40 total_env_steps=8863 t=0.18s
Ep  182: len= 69 黑胜 loss=27.3048 temp=0.39 total_env_steps=8932 t=0.21s
Ep  183: len= 55 黑胜 loss=27.7109 temp=0.38 total_env_steps=8987 t=0.17s
Ep  184: len= 48 白胜 loss=27.8945 temp=0.38 total_env_steps=9035 t=0.15s
Ep  185: len= 55 黑胜 loss=27.6606 temp=0.37 total_env_steps=9090 t=0.17s
Ep  186: len= 38 白胜 loss=27.9915 temp=0.36 total_env_steps=9128 t=0.12s
Ep  187: len= 36 白胜 loss=27.6099 temp=0.36 total_env_steps=9164 t=0.11s
Ep  188: len= 32 白胜 loss=27.5500 temp=0.35 total_env_steps=9196 t=0.11s
Ep  189: len= 41 黑胜 loss=27.9788 temp=0.34 total_env_steps=9237 t=0.13s
Ep  190: len= 37 黑胜 loss=27.9200 temp=0.33 total_env_steps=9274 t=0.11s
Ep  191: len= 46 白胜 loss=27.6123 temp=0.33 total_env_steps=9320 t=0.13s
Ep  192: len= 66 白胜 loss=27.7286 temp=0.32 total_env_steps=9386 t=0.18s
Ep  193: len= 59 黑胜 loss=27.6871 temp=0.31 total_env_steps=9445 t=0.17s
Ep  194: len= 72 白胜 loss=27.5494 temp=0.30 total_env_steps=9517 t=0.22s
Ep  195: len= 46 白胜 loss=27.6728 temp=0.30 total_env_steps=9563 t=0.14s
Ep  196: len= 15 黑胜 loss=27.7147 temp=0.29 total_env_steps=9578 t=0.06s
Ep  197: len= 43 黑胜 loss=28.0432 temp=0.28 total_env_steps=9621 t=0.12s
Ep  198: len= 30 白胜 loss=27.6873 temp=0.27 total_env_steps=9651 t=0.09s
Ep  199: len= 33 黑胜 loss=27.4445 temp=0.26 total_env_steps=9684 t=0.11s
Ep  200: len= 40 白胜 loss=27.6605 temp=0.26 total_env_steps=9724 t=0.13s
  eval vs Gomoku-random-v0: win_rate=0.95 mean_return=0.90（20 局，total_env_steps=9724）
  ✅ 达标 ep=200 total_env_steps=9724
Ep  201: len= 37 黑胜 loss=27.5779 temp=0.25 total_env_steps=9761 t=0.11s
Ep  202: len= 37 黑胜 loss=27.4431 temp=0.25 total_env_steps=9798 t=0.12s
Ep  203: len= 37 黑胜 loss=27.6954 temp=0.25 total_env_steps=9835 t=0.12s
Ep  204: len= 39 黑胜 loss=27.7116 temp=0.25 total_env_steps=9874 t=0.13s
Ep  205: len= 62 白胜 loss=27.7072 temp=0.25 total_env_steps=9936 t=0.19s
Ep  206: len= 41 黑胜 loss=27.7480 temp=0.25 total_env_steps=9977 t=0.12s
Ep  207: len= 35 黑胜 loss=27.4548 temp=0.25 total_env_steps=10012 t=0.12s
Ep  208: len= 27 黑胜 loss=27.6327 temp=0.25 total_env_steps=10039 t=0.09s
Ep  209: len= 34 白胜 loss=27.4578 temp=0.25 total_env_steps=10073 t=0.11s
Ep  210: len= 30 白胜 loss=27.4513 temp=0.25 total_env_steps=10103 t=0.10s
Ep  211: len= 34 白胜 loss=27.8963 temp=0.25 total_env_steps=10137 t=0.11s
Ep  212: len= 58 白胜 loss=27.4191 temp=0.25 total_env_steps=10195 t=0.20s
Ep  213: len= 38 白胜 loss=27.4977 temp=0.25 total_env_steps=10233 t=0.12s
Ep  214: len= 45 黑胜 loss=27.4367 temp=0.25 total_env_steps=10278 t=0.15s
Ep  215: len= 50 白胜 loss=27.6468 temp=0.25 total_env_steps=10328 t=0.15s
Ep  216: len= 39 黑胜 loss=27.5159 temp=0.25 total_env_steps=10367 t=0.12s
Ep  217: len= 66 白胜 loss=27.7268 temp=0.25 total_env_steps=10433 t=0.23s
Ep  218: len= 30 白胜 loss=27.5187 temp=0.25 total_env_steps=10463 t=0.10s
Ep  219: len= 43 黑胜 loss=27.4295 temp=0.25 total_env_steps=10506 t=0.15s
Ep  220: len= 36 白胜 loss=27.6548 temp=0.25 total_env_steps=10542 t=0.12s
Ep  221: len= 46 白胜 loss=27.2460 temp=0.25 total_env_steps=10588 t=0.14s
Ep  222: len= 52 白胜 loss=27.4420 temp=0.25 total_env_steps=10640 t=0.16s
Ep  223: len= 13 黑胜 loss=27.8360 temp=0.25 total_env_steps=10653 t=0.06s
Ep  224: len= 46 白胜 loss=27.6487 temp=0.25 total_env_steps=10699 t=0.17s
Ep  225: len= 35 黑胜 loss=27.2821 temp=0.25 total_env_steps=10734 t=0.11s
Ep  226: len= 39 黑胜 loss=27.5930 temp=0.25 total_env_steps=10773 t=0.13s
Ep  227: len= 53 黑胜 loss=27.3853 temp=0.25 total_env_steps=10826 t=0.17s
Ep  228: len= 25 黑胜 loss=28.2304 temp=0.25 total_env_steps=10851 t=0.09s
Ep  229: len= 38 白胜 loss=27.5375 temp=0.25 total_env_steps=10889 t=0.12s
Ep  230: len= 52 白胜 loss=27.4371 temp=0.25 total_env_steps=10941 t=0.16s
Ep  231: len= 46 白胜 loss=27.7324 temp=0.25 total_env_steps=10987 t=0.13s
Ep  232: len= 27 黑胜 loss=27.5175 temp=0.25 total_env_steps=11014 t=0.09s
Ep  233: len= 62 白胜 loss=27.1493 temp=0.25 total_env_steps=11076 t=0.17s
Ep  234: len= 68 白胜 loss=27.1589 temp=0.25 total_env_steps=11144 t=0.20s
Ep  235: len= 29 黑胜 loss=27.3297 temp=0.25 total_env_steps=11173 t=0.11s
Ep  236: len= 37 黑胜 loss=27.6825 temp=0.25 total_env_steps=11210 t=0.12s
Ep  237: len= 41 黑胜 loss=27.3679 temp=0.25 total_env_steps=11251 t=0.14s
Ep  238: len= 33 黑胜 loss=27.7659 temp=0.25 total_env_steps=11284 t=0.10s
Ep  239: len= 39 黑胜 loss=27.2010 temp=0.25 total_env_steps=11323 t=0.13s
Ep  240: len= 44 白胜 loss=27.7168 temp=0.25 total_env_steps=11367 t=0.14s
Ep  241: len= 36 白胜 loss=27.5932 temp=0.25 total_env_steps=11403 t=0.11s
Ep  242: len= 23 黑胜 loss=27.4101 temp=0.25 total_env_steps=11426 t=0.09s
Ep  243: len= 48 白胜 loss=27.3005 temp=0.25 total_env_steps=11474 t=0.14s
Ep  244: len= 46 白胜 loss=27.2503 temp=0.25 total_env_steps=11520 t=0.14s
Ep  245: len= 42 白胜 loss=27.2293 temp=0.25 total_env_steps=11562 t=0.14s
Ep  246: len= 71 黑胜 loss=27.5422 temp=0.25 total_env_steps=11633 t=0.21s
Ep  247: len= 43 黑胜 loss=27.4201 temp=0.25 total_env_steps=11676 t=0.14s
Ep  248: len= 21 黑胜 loss=27.1005 temp=0.25 total_env_steps=11697 t=0.09s
Ep  249: len= 45 黑胜 loss=27.1122 temp=0.25 total_env_steps=11742 t=0.15s
Ep  250: len= 51 黑胜 loss=27.0103 temp=0.25 total_env_steps=11793 t=0.16s
Ep  251: len= 44 白胜 loss=27.1036 temp=0.25 total_env_steps=11837 t=0.14s
Ep  252: len= 40 白胜 loss=27.3272 temp=0.25 total_env_steps=11877 t=0.13s
Ep  253: len= 39 黑胜 loss=27.3656 temp=0.25 total_env_steps=11916 t=0.14s
Ep  254: len= 29 黑胜 loss=26.9156 temp=0.25 total_env_steps=11945 t=0.09s
Ep  255: len= 42 白胜 loss=27.1339 temp=0.25 total_env_steps=11987 t=0.15s
Ep  256: len= 30 白胜 loss=27.2290 temp=0.25 total_env_steps=12017 t=0.10s
Ep  257: len= 47 黑胜 loss=27.2388 temp=0.25 total_env_steps=12064 t=0.16s
Ep  258: len= 60 白胜 loss=27.3578 temp=0.25 total_env_steps=12124 t=0.18s
Ep  259: len= 29 黑胜 loss=27.2902 temp=0.25 total_env_steps=12153 t=0.11s
Ep  260: len= 41 黑胜 loss=27.0508 temp=0.25 total_env_steps=12194 t=0.15s
Ep  261: len= 49 黑胜 loss=26.7855 temp=0.25 total_env_steps=12243 t=0.17s
Ep  262: len= 34 白胜 loss=27.2161 temp=0.25 total_env_steps=12277 t=0.11s
Ep  263: len= 23 黑胜 loss=27.1295 temp=0.25 total_env_steps=12300 t=0.08s
Ep  264: len= 44 白胜 loss=26.9886 temp=0.25 total_env_steps=12344 t=0.15s
Ep  265: len= 57 黑胜 loss=26.8706 temp=0.25 total_env_steps=12401 t=0.18s
Ep  266: len= 36 白胜 loss=26.8303 temp=0.25 total_env_steps=12437 t=0.13s
Ep  267: len= 24 白胜 loss=26.9791 temp=0.25 total_env_steps=12461 t=0.09s
Ep  268: len= 41 黑胜 loss=26.8721 temp=0.25 total_env_steps=12502 t=0.14s
Ep  269: len= 53 黑胜 loss=27.0083 temp=0.25 total_env_steps=12555 t=0.17s
Ep  270: len= 67 黑胜 loss=26.5446 temp=0.25 total_env_steps=12622 t=0.20s
Ep  271: len= 36 白胜 loss=26.3390 temp=0.25 total_env_steps=12658 t=0.12s
Ep  272: len= 13 黑胜 loss=27.4295 temp=0.25 total_env_steps=12671 t=0.06s
Ep  273: len= 31 黑胜 loss=26.9308 temp=0.25 total_env_steps=12702 t=0.13s
Ep  274: len= 32 白胜 loss=26.9569 temp=0.25 total_env_steps=12734 t=0.12s
Ep  275: len= 60 白胜 loss=26.7770 temp=0.25 total_env_steps=12794 t=0.17s
Ep  276: len= 47 黑胜 loss=26.6197 temp=0.25 total_env_steps=12841 t=0.14s
Ep  277: len= 53 黑胜 loss=26.3329 temp=0.25 total_env_steps=12894 t=0.17s
Ep  278: len= 44 白胜 loss=26.8879 temp=0.25 total_env_steps=12938 t=0.15s
Ep  279: len= 33 黑胜 loss=26.8670 temp=0.25 total_env_steps=12971 t=0.11s
Ep  280: len= 52 白胜 loss=26.1388 temp=0.25 total_env_steps=13023 t=0.17s
Ep  281: len= 31 黑胜 loss=26.6636 temp=0.25 total_env_steps=13054 t=0.10s
Ep  282: len= 22 白胜 loss=26.9755 temp=0.25 total_env_steps=13076 t=0.08s
Ep  283: len= 46 白胜 loss=26.6964 temp=0.25 total_env_steps=13122 t=0.15s
Ep  284: len= 37 黑胜 loss=26.9606 temp=0.25 total_env_steps=13159 t=0.12s
Ep  285: len= 48 白胜 loss=27.0067 temp=0.25 total_env_steps=13207 t=0.17s
Ep  286: len= 38 白胜 loss=26.2557 temp=0.25 total_env_steps=13245 t=0.15s
Ep  287: len= 50 白胜 loss=26.7128 temp=0.25 total_env_steps=13295 t=0.16s
Ep  288: len= 40 白胜 loss=27.0953 temp=0.25 total_env_steps=13335 t=0.14s
Ep  289: len= 45 黑胜 loss=26.5569 temp=0.25 total_env_steps=13380 t=0.13s
Ep  290: len= 32 白胜 loss=26.6014 temp=0.25 total_env_steps=13412 t=0.11s
Ep  291: len= 66 白胜 loss=26.1244 temp=0.25 total_env_steps=13478 t=0.20s
Ep  292: len= 48 白胜 loss=26.5097 temp=0.25 total_env_steps=13526 t=0.16s
Ep  293: len= 48 白胜 loss=26.8232 temp=0.25 total_env_steps=13574 t=0.17s
Ep  294: len= 26 白胜 loss=26.0200 temp=0.25 total_env_steps=13600 t=0.10s
Ep  295: len= 28 白胜 loss=26.5981 temp=0.25 total_env_steps=13628 t=0.13s
Ep  296: len= 57 黑胜 loss=26.1883 temp=0.25 total_env_steps=13685 t=0.20s
Ep  297: len= 33 黑胜 loss=26.1623 temp=0.25 total_env_steps=13718 t=0.13s
Ep  298: len= 35 黑胜 loss=26.2491 temp=0.25 total_env_steps=13753 t=0.12s
Ep  299: len= 37 黑胜 loss=26.0674 temp=0.25 total_env_steps=13790 t=0.15s
Ep  300: len= 39 黑胜 loss=27.0005 temp=0.25 total_env_steps=13829 t=0.12s
Ep  301: len= 37 黑胜 loss=25.6442 temp=0.25 total_env_steps=13866 t=0.12s
Ep  302: len= 65 黑胜 loss=26.4035 temp=0.25 total_env_steps=13931 t=0.20s
Ep  303: len= 54 白胜 loss=26.4983 temp=0.25 total_env_steps=13985 t=0.16s
Ep  304: len= 39 黑胜 loss=25.6612 temp=0.25 total_env_steps=14024 t=0.13s
Ep  305: len= 36 白胜 loss=26.4343 temp=0.25 total_env_steps=14060 t=0.12s
Ep  306: len= 78 白胜 loss=26.0000 temp=0.25 total_env_steps=14138 t=0.22s
Ep  307: len= 35 黑胜 loss=25.9098 temp=0.25 total_env_steps=14173 t=0.12s
Ep  308: len= 46 白胜 loss=26.6615 temp=0.25 total_env_steps=14219 t=0.13s
Ep  309: len= 28 白胜 loss=26.3148 temp=0.25 total_env_steps=14247 t=0.10s
Ep  310: len= 38 白胜 loss=27.0072 temp=0.25 total_env_steps=14285 t=0.12s
Ep  311: len= 50 白胜 loss=26.2727 temp=0.25 total_env_steps=14335 t=0.15s
Ep  312: len= 59 黑胜 loss=26.5550 temp=0.25 total_env_steps=14394 t=0.21s
Ep  313: len= 33 黑胜 loss=26.6155 temp=0.25 total_env_steps=14427 t=0.13s
Ep  314: len= 23 黑胜 loss=26.4954 temp=0.25 total_env_steps=14450 t=0.11s
Ep  315: len= 69 黑胜 loss=26.4011 temp=0.25 total_env_steps=14519 t=0.21s
Ep  316: len= 54 白胜 loss=26.8231 temp=0.25 total_env_steps=14573 t=0.20s
Ep  317: len= 46 白胜 loss=26.5038 temp=0.25 total_env_steps=14619 t=0.15s
Ep  318: len= 50 白胜 loss=26.5676 temp=0.25 total_env_steps=14669 t=0.17s
Ep  319: len= 61 黑胜 loss=25.7480 temp=0.25 total_env_steps=14730 t=0.19s
Ep  320: len= 32 白胜 loss=25.6135 temp=0.25 total_env_steps=14762 t=0.11s
Ep  321: len= 52 白胜 loss=26.0816 temp=0.25 total_env_steps=14814 t=0.19s
Ep  322: len= 53 黑胜 loss=26.2422 temp=0.25 total_env_steps=14867 t=0.17s
Ep  323: len= 53 黑胜 loss=26.1520 temp=0.25 total_env_steps=14920 t=0.17s
Ep  324: len= 71 黑胜 loss=26.2332 temp=0.25 total_env_steps=14991 t=0.21s
Ep  325: len= 55 黑胜 loss=26.4573 temp=0.25 total_env_steps=15046 t=0.16s
Ep  326: len= 18 白胜 loss=25.6701 temp=0.25 total_env_steps=15064 t=0.07s
Ep  327: len= 50 白胜 loss=26.4590 temp=0.25 total_env_steps=15114 t=0.15s
Ep  328: len= 41 黑胜 loss=26.1526 temp=0.25 total_env_steps=15155 t=0.14s
Ep  329: len= 20 白胜 loss=26.0749 temp=0.25 total_env_steps=15175 t=0.08s
Ep  330: len= 27 黑胜 loss=26.4965 temp=0.25 total_env_steps=15202 t=0.09s
Ep  331: len= 45 黑胜 loss=25.5821 temp=0.25 total_env_steps=15247 t=0.16s
Ep  332: len= 41 黑胜 loss=26.0149 temp=0.25 total_env_steps=15288 t=0.13s
Ep  333: len= 53 黑胜 loss=26.1589 temp=0.25 total_env_steps=15341 t=0.17s
Ep  334: len= 63 黑胜 loss=26.4296 temp=0.25 total_env_steps=15404 t=0.19s
Ep  335: len= 30 白胜 loss=26.2589 temp=0.25 total_env_steps=15434 t=0.10s
Ep  336: len= 39 黑胜 loss=26.2010 temp=0.25 total_env_steps=15473 t=0.13s
Ep  337: len= 50 白胜 loss=25.8932 temp=0.25 total_env_steps=15523 t=0.14s
Ep  338: len= 49 黑胜 loss=26.0844 temp=0.25 total_env_steps=15572 t=0.15s
Ep  339: len= 72 白胜 loss=25.8518 temp=0.25 total_env_steps=15644 t=0.20s
Ep  340: len= 49 黑胜 loss=25.7755 temp=0.25 total_env_steps=15693 t=0.15s
Ep  341: len= 74 白胜 loss=26.6333 temp=0.25 total_env_steps=15767 t=0.21s
Ep  342: len= 38 白胜 loss=26.5193 temp=0.25 total_env_steps=15805 t=0.12s
Ep  343: len= 38 白胜 loss=26.4320 temp=0.25 total_env_steps=15843 t=0.12s
Ep  344: len= 28 白胜 loss=26.0559 temp=0.25 total_env_steps=15871 t=0.11s
Ep  345: len= 44 白胜 loss=26.0128 temp=0.25 total_env_steps=15915 t=0.13s
Ep  346: len= 64 白胜 loss=26.7287 temp=0.25 total_env_steps=15979 t=0.20s
Ep  347: len= 30 白胜 loss=25.4309 temp=0.25 total_env_steps=16009 t=0.10s
Ep  348: len= 42 白胜 loss=25.8778 temp=0.25 total_env_steps=16051 t=0.14s
Ep  349: len= 49 黑胜 loss=25.7603 temp=0.25 total_env_steps=16100 t=0.18s
Ep  350: len= 36 白胜 loss=26.2455 temp=0.25 total_env_steps=16136 t=0.14s
Ep  351: len= 30 白胜 loss=26.4431 temp=0.25 total_env_steps=16166 t=0.11s
Ep  352: len= 41 黑胜 loss=25.8880 temp=0.25 total_env_steps=16207 t=0.14s
Ep  353: len= 35 黑胜 loss=26.2917 temp=0.25 total_env_steps=16242 t=0.12s
Ep  354: len= 55 黑胜 loss=25.9928 temp=0.25 total_env_steps=16297 t=0.18s
Ep  355: len= 56 白胜 loss=26.4471 temp=0.25 total_env_steps=16353 t=0.17s
Ep  356: len= 35 黑胜 loss=26.2095 temp=0.25 total_env_steps=16388 t=0.11s
Ep  357: len= 39 黑胜 loss=25.7559 temp=0.25 total_env_steps=16427 t=0.13s
Ep  358: len= 37 黑胜 loss=25.8829 temp=0.25 total_env_steps=16464 t=0.13s
Ep  359: len= 81 平局 loss=25.3883 temp=0.25 total_env_steps=16545 t=0.29s
Ep  360: len= 19 黑胜 loss=25.5495 temp=0.25 total_env_steps=16564 t=0.07s
Ep  361: len= 28 白胜 loss=26.0978 temp=0.25 total_env_steps=16592 t=0.09s
Ep  362: len= 30 白胜 loss=25.8474 temp=0.25 total_env_steps=16622 t=0.11s
Ep  363: len= 28 白胜 loss=25.9020 temp=0.25 total_env_steps=16650 t=0.10s
Ep  364: len= 44 白胜 loss=25.4788 temp=0.25 total_env_steps=16694 t=0.14s
Ep  365: len= 19 黑胜 loss=25.9736 temp=0.25 total_env_steps=16713 t=0.07s
Ep  366: len= 50 白胜 loss=25.8047 temp=0.25 total_env_steps=16763 t=0.17s
Ep  367: len= 38 白胜 loss=25.7397 temp=0.25 total_env_steps=16801 t=0.12s
Ep  368: len= 49 黑胜 loss=25.8303 temp=0.25 total_env_steps=16850 t=0.15s
Ep  369: len= 42 白胜 loss=26.0543 temp=0.25 total_env_steps=16892 t=0.12s
Ep  370: len= 42 白胜 loss=25.9441 temp=0.25 total_env_steps=16934 t=0.15s
Ep  371: len= 51 黑胜 loss=26.0186 temp=0.25 total_env_steps=16985 t=0.15s
Ep  372: len= 21 黑胜 loss=26.2626 temp=0.25 total_env_steps=17006 t=0.08s
Ep  373: len= 51 黑胜 loss=26.1790 temp=0.25 total_env_steps=17057 t=0.17s
Ep  374: len= 27 黑胜 loss=25.7300 temp=0.25 total_env_steps=17084 t=0.09s
Ep  375: len= 32 白胜 loss=25.4332 temp=0.25 total_env_steps=17116 t=0.12s
Ep  376: len= 49 黑胜 loss=26.0301 temp=0.25 total_env_steps=17165 t=0.16s
Ep  377: len= 55 黑胜 loss=25.6559 temp=0.25 total_env_steps=17220 t=0.18s
Ep  378: len= 61 黑胜 loss=25.3535 temp=0.25 total_env_steps=17281 t=0.18s
Ep  379: len= 58 白胜 loss=25.9274 temp=0.25 total_env_steps=17339 t=0.18s
Ep  380: len= 68 白胜 loss=25.5976 temp=0.25 total_env_steps=17407 t=0.23s
Ep  381: len= 23 黑胜 loss=25.2750 temp=0.25 total_env_steps=17430 t=0.10s
Ep  382: len= 59 黑胜 loss=26.3329 temp=0.25 total_env_steps=17489 t=0.20s
Ep  383: len= 41 黑胜 loss=25.5302 temp=0.25 total_env_steps=17530 t=0.15s
Ep  384: len= 37 黑胜 loss=24.5560 temp=0.25 total_env_steps=17567 t=0.13s
Ep  385: len= 39 黑胜 loss=25.3570 temp=0.25 total_env_steps=17606 t=0.13s
Ep  386: len= 47 黑胜 loss=25.5013 temp=0.25 total_env_steps=17653 t=0.16s
Ep  387: len= 34 白胜 loss=25.6199 temp=0.25 total_env_steps=17687 t=0.11s
Ep  388: len= 47 黑胜 loss=25.7855 temp=0.25 total_env_steps=17734 t=0.17s
Ep  389: len= 22 白胜 loss=25.7456 temp=0.25 total_env_steps=17756 t=0.08s
Ep  390: len= 51 黑胜 loss=25.7624 temp=0.25 total_env_steps=17807 t=0.16s
Ep  391: len= 19 黑胜 loss=25.2719 temp=0.25 total_env_steps=17826 t=0.08s
Ep  392: len= 42 白胜 loss=26.1529 temp=0.25 total_env_steps=17868 t=0.14s
Ep  393: len= 57 黑胜 loss=25.1015 temp=0.25 total_env_steps=17925 t=0.18s
Ep  394: len= 73 黑胜 loss=25.1173 temp=0.25 total_env_steps=17998 t=0.25s
Ep  395: len= 49 黑胜 loss=26.4336 temp=0.25 total_env_steps=18047 t=0.14s
Ep  396: len= 57 黑胜 loss=25.2981 temp=0.25 total_env_steps=18104 t=0.17s
Ep  397: len= 33 黑胜 loss=25.1771 temp=0.25 total_env_steps=18137 t=0.11s
Ep  398: len= 27 黑胜 loss=25.8273 temp=0.25 total_env_steps=18164 t=0.11s
Ep  399: len= 57 黑胜 loss=25.0566 temp=0.25 total_env_steps=18221 t=0.16s
Ep  400: len= 69 黑胜 loss=25.7145 temp=0.25 total_env_steps=18290 t=0.22s
  eval vs Gomoku-random-v0: win_rate=0.95 mean_return=0.90（20 局，total_env_steps=18290）
Ep  401: len= 46 白胜 loss=25.3970 temp=0.25 total_env_steps=18336 t=0.15s
Ep  402: len= 47 黑胜 loss=25.3705 temp=0.25 total_env_steps=18383 t=0.15s
Ep  403: len= 32 白胜 loss=25.4973 temp=0.25 total_env_steps=18415 t=0.11s
Ep  404: len= 50 白胜 loss=25.6129 temp=0.25 total_env_steps=18465 t=0.15s
Ep  405: len= 30 白胜 loss=25.0747 temp=0.25 total_env_steps=18495 t=0.11s
Ep  406: len= 33 黑胜 loss=26.1065 temp=0.25 total_env_steps=18528 t=0.12s
Ep  407: len= 50 白胜 loss=25.1788 temp=0.25 total_env_steps=18578 t=0.15s
Ep  408: len= 63 黑胜 loss=25.6259 temp=0.25 total_env_steps=18641 t=0.18s
Ep  409: len= 25 黑胜 loss=25.9252 temp=0.25 total_env_steps=18666 t=0.08s
Ep  410: len= 30 白胜 loss=24.9022 temp=0.25 total_env_steps=18696 t=0.09s
Ep  411: len= 29 黑胜 loss=25.6251 temp=0.25 total_env_steps=18725 t=0.09s
Ep  412: len= 27 黑胜 loss=25.1673 temp=0.25 total_env_steps=18752 t=0.09s
Ep  413: len= 37 黑胜 loss=24.8173 temp=0.25 total_env_steps=18789 t=0.12s
Ep  414: len= 37 黑胜 loss=25.3274 temp=0.25 total_env_steps=18826 t=0.10s
Ep  415: len= 40 白胜 loss=25.5650 temp=0.25 total_env_steps=18866 t=0.12s
Ep  416: len= 48 白胜 loss=25.1991 temp=0.25 total_env_steps=18914 t=0.15s
Ep  417: len= 54 白胜 loss=25.4052 temp=0.25 total_env_steps=18968 t=0.15s
Ep  418: len= 48 白胜 loss=25.3204 temp=0.25 total_env_steps=19016 t=0.13s
Ep  419: len= 29 黑胜 loss=25.1528 temp=0.25 total_env_steps=19045 t=0.09s
Ep  420: len= 55 黑胜 loss=24.3820 temp=0.25 total_env_steps=19100 t=0.17s
Ep  421: len= 55 黑胜 loss=25.3460 temp=0.25 total_env_steps=19155 t=0.18s
Ep  422: len= 62 白胜 loss=24.8230 temp=0.25 total_env_steps=19217 t=0.20s
Ep  423: len= 67 黑胜 loss=25.5702 temp=0.25 total_env_steps=19284 t=0.21s
Ep  424: len= 72 白胜 loss=24.7089 temp=0.25 total_env_steps=19356 t=0.21s
Ep  425: len= 32 白胜 loss=25.3400 temp=0.25 total_env_steps=19388 t=0.11s
Ep  426: len= 63 黑胜 loss=25.3058 temp=0.25 total_env_steps=19451 t=0.21s
Ep  427: len= 61 黑胜 loss=24.2508 temp=0.25 total_env_steps=19512 t=0.21s
Ep  428: len= 54 白胜 loss=24.9265 temp=0.25 total_env_steps=19566 t=0.17s
Ep  429: len= 55 黑胜 loss=25.5998 temp=0.25 total_env_steps=19621 t=0.17s
Ep  430: len= 34 白胜 loss=24.5870 temp=0.25 total_env_steps=19655 t=0.13s
Ep  431: len= 44 白胜 loss=25.9404 temp=0.25 total_env_steps=19699 t=0.14s
Ep  432: len= 49 黑胜 loss=25.4796 temp=0.25 total_env_steps=19748 t=0.15s
Ep  433: len= 22 白胜 loss=25.2853 temp=0.25 total_env_steps=19770 t=0.08s
Ep  434: len= 59 黑胜 loss=24.3386 temp=0.25 total_env_steps=19829 t=0.18s
Ep  435: len= 37 黑胜 loss=25.3951 temp=0.25 total_env_steps=19866 t=0.13s
Ep  436: len= 20 白胜 loss=23.7423 temp=0.25 total_env_steps=19886 t=0.07s
Ep  437: len= 43 黑胜 loss=24.9334 temp=0.25 total_env_steps=19929 t=0.14s
Ep  438: len= 55 黑胜 loss=24.6005 temp=0.25 total_env_steps=19984 t=0.16s
Ep  439: len= 25 黑胜 loss=25.3415 temp=0.25 total_env_steps=20009 t=0.09s
Ep  440: len= 50 白胜 loss=25.5091 temp=0.25 total_env_steps=20059 t=0.16s
Ep  441: len= 30 白胜 loss=25.5843 temp=0.25 total_env_steps=20089 t=0.10s
Ep  442: len= 45 黑胜 loss=24.8135 temp=0.25 total_env_steps=20134 t=0.15s
Ep  443: len= 30 白胜 loss=24.7992 temp=0.25 total_env_steps=20164 t=0.10s
Ep  444: len= 35 黑胜 loss=24.9092 temp=0.25 total_env_steps=20199 t=0.12s
Ep  445: len= 30 白胜 loss=24.2142 temp=0.25 total_env_steps=20229 t=0.10s
Ep  446: len= 26 白胜 loss=25.6190 temp=0.25 total_env_steps=20255 t=0.09s
Ep  447: len= 69 黑胜 loss=25.4466 temp=0.25 total_env_steps=20324 t=0.21s
Ep  448: len= 28 白胜 loss=25.5570 temp=0.25 total_env_steps=20352 t=0.10s
Ep  449: len= 59 黑胜 loss=25.6606 temp=0.25 total_env_steps=20411 t=0.18s
Ep  450: len= 28 白胜 loss=25.3329 temp=0.25 total_env_steps=20439 t=0.10s
Ep  451: len= 34 白胜 loss=24.7670 temp=0.25 total_env_steps=20473 t=0.11s
Ep  452: len= 39 黑胜 loss=25.4617 temp=0.25 total_env_steps=20512 t=0.13s
Ep  453: len= 23 黑胜 loss=25.2107 temp=0.25 total_env_steps=20535 t=0.08s
Ep  454: len= 59 黑胜 loss=25.4373 temp=0.25 total_env_steps=20594 t=0.18s
Ep  455: len= 30 白胜 loss=24.8938 temp=0.25 total_env_steps=20624 t=0.10s
Ep  456: len= 56 白胜 loss=25.6140 temp=0.25 total_env_steps=20680 t=0.16s
Ep  457: len= 30 白胜 loss=24.8150 temp=0.25 total_env_steps=20710 t=0.10s
Ep  458: len= 39 黑胜 loss=25.1985 temp=0.25 total_env_steps=20749 t=0.13s
Ep  459: len= 64 白胜 loss=25.1097 temp=0.25 total_env_steps=20813 t=0.22s
Ep  460: len= 13 黑胜 loss=25.2952 temp=0.25 total_env_steps=20826 t=0.06s
Ep  461: len= 57 黑胜 loss=25.5876 temp=0.25 total_env_steps=20883 t=0.17s
Ep  462: len= 46 白胜 loss=25.0185 temp=0.25 total_env_steps=20929 t=0.14s
Ep  463: len= 27 黑胜 loss=25.9287 temp=0.25 total_env_steps=20956 t=0.10s
Ep  464: len= 61 黑胜 loss=25.4395 temp=0.25 total_env_steps=21017 t=0.19s
Ep  465: len= 22 白胜 loss=25.0135 temp=0.25 total_env_steps=21039 t=0.08s
Ep  466: len= 50 白胜 loss=24.6560 temp=0.25 total_env_steps=21089 t=0.17s
Ep  467: len= 39 黑胜 loss=24.7332 temp=0.25 total_env_steps=21128 t=0.12s
Ep  468: len= 23 黑胜 loss=25.0289 temp=0.25 total_env_steps=21151 t=0.08s
Ep  469: len= 29 黑胜 loss=25.8308 temp=0.25 total_env_steps=21180 t=0.10s
Ep  470: len= 21 黑胜 loss=24.5135 temp=0.25 total_env_steps=21201 t=0.08s
Ep  471: len= 26 白胜 loss=24.8759 temp=0.25 total_env_steps=21227 t=0.09s
Ep  472: len= 27 黑胜 loss=24.6983 temp=0.25 total_env_steps=21254 t=0.10s
Ep  473: len= 37 黑胜 loss=25.3785 temp=0.25 total_env_steps=21291 t=0.13s
Ep  474: len= 47 黑胜 loss=24.9488 temp=0.25 total_env_steps=21338 t=0.16s
Ep  475: len= 49 黑胜 loss=25.1951 temp=0.25 total_env_steps=21387 t=0.17s
Ep  476: len= 32 白胜 loss=23.9257 temp=0.25 total_env_steps=21419 t=0.10s
Ep  477: len= 59 黑胜 loss=24.4468 temp=0.25 total_env_steps=21478 t=0.17s
Ep  478: len= 47 黑胜 loss=25.3797 temp=0.25 total_env_steps=21525 t=0.15s
Ep  479: len= 45 黑胜 loss=24.3039 temp=0.25 total_env_steps=21570 t=0.14s
Ep  480: len= 33 黑胜 loss=25.7519 temp=0.25 total_env_steps=21603 t=0.11s
Ep  481: len= 45 黑胜 loss=24.6672 temp=0.25 total_env_steps=21648 t=0.14s
Ep  482: len= 32 白胜 loss=25.5874 temp=0.25 total_env_steps=21680 t=0.10s
Ep  483: len= 26 白胜 loss=25.0449 temp=0.25 total_env_steps=21706 t=0.09s
Ep  484: len= 31 黑胜 loss=25.0452 temp=0.25 total_env_steps=21737 t=0.11s
Ep  485: len= 21 黑胜 loss=24.8222 temp=0.25 total_env_steps=21758 t=0.07s
Ep  486: len= 65 黑胜 loss=24.9654 temp=0.25 total_env_steps=21823 t=0.19s
Ep  487: len= 42 白胜 loss=25.5991 temp=0.25 total_env_steps=21865 t=0.15s
Ep  488: len= 21 黑胜 loss=25.1548 temp=0.25 total_env_steps=21886 t=0.08s
Ep  489: len= 47 黑胜 loss=24.2785 temp=0.25 total_env_steps=21933 t=0.15s
Ep  490: len= 23 黑胜 loss=24.3459 temp=0.25 total_env_steps=21956 t=0.08s
Ep  491: len= 26 白胜 loss=25.3442 temp=0.25 total_env_steps=21982 t=0.09s
Ep  492: len= 64 白胜 loss=24.4713 temp=0.25 total_env_steps=22046 t=0.23s
Ep  493: len= 24 白胜 loss=25.5912 temp=0.25 total_env_steps=22070 t=0.09s
Ep  494: len= 22 白胜 loss=24.9874 temp=0.25 total_env_steps=22092 t=0.08s
Ep  495: len= 31 黑胜 loss=24.7913 temp=0.25 total_env_steps=22123 t=0.11s
Ep  496: len= 26 白胜 loss=24.5512 temp=0.25 total_env_steps=22149 t=0.09s
Ep  497: len= 63 黑胜 loss=25.6865 temp=0.25 total_env_steps=22212 t=0.19s
Ep  498: len= 57 黑胜 loss=24.7568 temp=0.25 total_env_steps=22269 t=0.17s
Ep  499: len= 47 黑胜 loss=24.4877 temp=0.25 total_env_steps=22316 t=0.18s
Ep  500: len= 35 黑胜 loss=24.5974 temp=0.25 total_env_steps=22351 t=0.11s
Ep  501: len= 48 白胜 loss=25.3022 temp=0.25 total_env_steps=22399 t=0.18s
Ep  502: len= 57 黑胜 loss=24.4571 temp=0.25 total_env_steps=22456 t=0.20s
Ep  503: len= 26 白胜 loss=24.6680 temp=0.25 total_env_steps=22482 t=0.10s
Ep  504: len= 22 白胜 loss=24.4933 temp=0.25 total_env_steps=22504 t=0.08s
Ep  505: len= 41 黑胜 loss=25.2582 temp=0.25 total_env_steps=22545 t=0.13s
Ep  506: len= 79 黑胜 loss=24.7103 temp=0.25 total_env_steps=22624 t=0.23s
Ep  507: len= 29 黑胜 loss=25.1035 temp=0.25 total_env_steps=22653 t=0.11s
Ep  508: len= 44 白胜 loss=24.3217 temp=0.25 total_env_steps=22697 t=0.14s
Ep  509: len= 45 黑胜 loss=24.6202 temp=0.25 total_env_steps=22742 t=0.15s
Ep  510: len= 39 黑胜 loss=23.4849 temp=0.25 total_env_steps=22781 t=0.13s
Ep  511: len= 29 黑胜 loss=25.2371 temp=0.25 total_env_steps=22810 t=0.10s
Ep  512: len= 21 黑胜 loss=25.0515 temp=0.25 total_env_steps=22831 t=0.07s
Ep  513: len= 39 黑胜 loss=24.9646 temp=0.25 total_env_steps=22870 t=0.13s
Ep  514: len= 23 黑胜 loss=25.5203 temp=0.25 total_env_steps=22893 t=0.08s
Ep  515: len= 46 白胜 loss=24.4765 temp=0.25 total_env_steps=22939 t=0.14s
Ep  516: len= 27 黑胜 loss=24.4557 temp=0.25 total_env_steps=22966 t=0.09s
Ep  517: len= 27 黑胜 loss=23.6232 temp=0.25 total_env_steps=22993 t=0.09s
Ep  518: len= 45 黑胜 loss=24.4587 temp=0.25 total_env_steps=23038 t=0.15s
Ep  519: len= 28 白胜 loss=24.2978 temp=0.25 total_env_steps=23066 t=0.10s
Ep  520: len= 31 黑胜 loss=23.5912 temp=0.25 total_env_steps=23097 t=0.11s
Ep  521: len= 39 黑胜 loss=23.9108 temp=0.25 total_env_steps=23136 t=0.13s
Ep  522: len= 30 白胜 loss=23.0332 temp=0.25 total_env_steps=23166 t=0.10s
Ep  523: len= 29 黑胜 loss=24.0131 temp=0.25 total_env_steps=23195 t=0.10s
Ep  524: len= 37 黑胜 loss=24.1269 temp=0.25 total_env_steps=23232 t=0.12s
Ep  525: len= 34 白胜 loss=24.0112 temp=0.25 total_env_steps=23266 t=0.11s
Ep  526: len= 46 白胜 loss=25.1722 temp=0.25 total_env_steps=23312 t=0.14s
Ep  527: len= 24 白胜 loss=23.9559 temp=0.25 total_env_steps=23336 t=0.08s
Ep  528: len= 30 白胜 loss=24.1453 temp=0.25 total_env_steps=23366 t=0.10s
Ep  529: len= 45 黑胜 loss=25.4542 temp=0.25 total_env_steps=23411 t=0.17s
Ep  530: len= 50 白胜 loss=23.8110 temp=0.25 total_env_steps=23461 t=0.15s
Ep  531: len= 20 白胜 loss=24.5781 temp=0.25 total_env_steps=23481 t=0.07s
Ep  532: len= 27 黑胜 loss=25.0619 temp=0.25 total_env_steps=23508 t=0.09s
Ep  533: len= 61 黑胜 loss=23.8507 temp=0.25 total_env_steps=23569 t=0.18s
Ep  534: len= 33 黑胜 loss=24.2258 temp=0.25 total_env_steps=23602 t=0.11s
Ep  535: len= 28 白胜 loss=23.9371 temp=0.25 total_env_steps=23630 t=0.11s
Ep  536: len= 44 白胜 loss=24.8799 temp=0.25 total_env_steps=23674 t=0.14s
Ep  537: len= 73 黑胜 loss=23.8749 temp=0.25 total_env_steps=23747 t=0.21s
Ep  538: len= 51 黑胜 loss=24.0236 temp=0.25 total_env_steps=23798 t=0.16s
Ep  539: len= 16 白胜 loss=23.2434 temp=0.25 total_env_steps=23814 t=0.07s
Ep  540: len= 52 白胜 loss=24.4148 temp=0.25 total_env_steps=23866 t=0.16s
Ep  541: len= 28 白胜 loss=23.1111 temp=0.25 total_env_steps=23894 t=0.09s
Ep  542: len= 39 黑胜 loss=24.4524 temp=0.25 total_env_steps=23933 t=0.12s
Ep  543: len= 24 白胜 loss=23.7186 temp=0.25 total_env_steps=23957 t=0.09s
Ep  544: len= 34 白胜 loss=23.7281 temp=0.25 total_env_steps=23991 t=0.12s
Ep  545: len= 50 白胜 loss=24.7220 temp=0.25 total_env_steps=24041 t=0.16s
Ep  546: len= 54 白胜 loss=24.0963 temp=0.25 total_env_steps=24095 t=0.16s
Ep  547: len= 19 黑胜 loss=23.7567 temp=0.25 total_env_steps=24114 t=0.07s
Ep  548: len= 31 黑胜 loss=23.6319 temp=0.25 total_env_steps=24145 t=0.10s
Ep  549: len= 33 黑胜 loss=25.5707 temp=0.25 total_env_steps=24178 t=0.11s
Ep  550: len= 34 白胜 loss=23.0466 temp=0.25 total_env_steps=24212 t=0.11s
Ep  551: len= 46 白胜 loss=24.3060 temp=0.25 total_env_steps=24258 t=0.14s
Ep  552: len= 22 白胜 loss=23.2183 temp=0.25 total_env_steps=24280 t=0.08s
Ep  553: len= 43 黑胜 loss=23.9097 temp=0.25 total_env_steps=24323 t=0.13s
Ep  554: len= 41 黑胜 loss=24.1629 temp=0.25 total_env_steps=24364 t=0.14s
Ep  555: len= 27 黑胜 loss=24.1857 temp=0.25 total_env_steps=24391 t=0.09s
Ep  556: len= 40 白胜 loss=23.8513 temp=0.25 total_env_steps=24431 t=0.13s
Ep  557: len= 39 黑胜 loss=24.0178 temp=0.25 total_env_steps=24470 t=0.13s
Ep  558: len= 74 白胜 loss=23.0741 temp=0.25 total_env_steps=24544 t=0.22s
Ep  559: len= 27 黑胜 loss=24.4192 temp=0.25 total_env_steps=24571 t=0.10s
Ep  560: len= 28 白胜 loss=24.1813 temp=0.25 total_env_steps=24599 t=0.10s
Ep  561: len= 35 黑胜 loss=24.7068 temp=0.25 total_env_steps=24634 t=0.11s
Ep  562: len= 72 白胜 loss=23.6411 temp=0.25 total_env_steps=24706 t=0.21s
Ep  563: len= 28 白胜 loss=22.9469 temp=0.25 total_env_steps=24734 t=0.10s
Ep  564: len= 23 黑胜 loss=23.6058 temp=0.25 total_env_steps=24757 t=0.09s
Ep  565: len= 45 黑胜 loss=23.6876 temp=0.25 total_env_steps=24802 t=0.14s
Ep  566: len= 21 黑胜 loss=24.2108 temp=0.25 total_env_steps=24823 t=0.08s
Ep  567: len= 44 白胜 loss=23.9928 temp=0.25 total_env_steps=24867 t=0.15s
Ep  568: len= 45 黑胜 loss=25.0036 temp=0.25 total_env_steps=24912 t=0.15s
Ep  569: len= 28 白胜 loss=23.3111 temp=0.25 total_env_steps=24940 t=0.09s
Ep  570: len= 68 白胜 loss=23.9248 temp=0.25 total_env_steps=25008 t=0.20s
Ep  571: len= 52 白胜 loss=23.6767 temp=0.25 total_env_steps=25060 t=0.16s
Ep  572: len= 47 黑胜 loss=24.7066 temp=0.25 total_env_steps=25107 t=0.15s
Ep  573: len= 72 白胜 loss=23.8836 temp=0.25 total_env_steps=25179 t=0.22s
Ep  574: len= 42 白胜 loss=23.5512 temp=0.25 total_env_steps=25221 t=0.14s
Ep  575: len= 38 白胜 loss=24.3029 temp=0.25 total_env_steps=25259 t=0.13s
Ep  576: len= 48 白胜 loss=22.9467 temp=0.25 total_env_steps=25307 t=0.16s
Ep  577: len= 35 黑胜 loss=22.6084 temp=0.25 total_env_steps=25342 t=0.11s
Ep  578: len= 41 黑胜 loss=23.2774 temp=0.25 total_env_steps=25383 t=0.13s
Ep  579: len= 18 白胜 loss=22.8407 temp=0.25 total_env_steps=25401 t=0.07s
Ep  580: len= 48 白胜 loss=22.1566 temp=0.25 total_env_steps=25449 t=0.15s
Ep  581: len= 32 白胜 loss=24.2037 temp=0.25 total_env_steps=25481 t=0.12s
Ep  582: len= 55 黑胜 loss=23.7002 temp=0.25 total_env_steps=25536 t=0.17s
Ep  583: len= 41 黑胜 loss=24.7225 temp=0.25 total_env_steps=25577 t=0.13s
Ep  584: len= 47 黑胜 loss=22.4331 temp=0.25 total_env_steps=25624 t=0.15s
Ep  585: len= 33 黑胜 loss=22.4393 temp=0.25 total_env_steps=25657 t=0.10s
Ep  586: len= 31 黑胜 loss=23.9094 temp=0.25 total_env_steps=25688 t=0.12s
Ep  587: len= 62 白胜 loss=23.9915 temp=0.25 total_env_steps=25750 t=0.18s
Ep  588: len= 27 黑胜 loss=23.6387 temp=0.25 total_env_steps=25777 t=0.10s
Ep  589: len= 43 黑胜 loss=24.4454 temp=0.25 total_env_steps=25820 t=0.15s
Ep  590: len= 19 黑胜 loss=22.9907 temp=0.25 total_env_steps=25839 t=0.08s
Ep  591: len= 55 黑胜 loss=23.1892 temp=0.25 total_env_steps=25894 t=0.18s
Ep  592: len= 36 白胜 loss=24.4813 temp=0.25 total_env_steps=25930 t=0.12s
Ep  593: len= 32 白胜 loss=23.4895 temp=0.25 total_env_steps=25962 t=0.11s
Ep  594: len= 49 黑胜 loss=22.6779 temp=0.25 total_env_steps=26011 t=0.16s
Ep  595: len= 62 白胜 loss=23.0084 temp=0.25 total_env_steps=26073 t=0.19s
Ep  596: len= 61 黑胜 loss=23.7378 temp=0.25 total_env_steps=26134 t=0.18s
Ep  597: len= 24 白胜 loss=24.1489 temp=0.25 total_env_steps=26158 t=0.09s
Ep  598: len= 52 白胜 loss=23.6453 temp=0.25 total_env_steps=26210 t=0.15s
Ep  599: len= 43 黑胜 loss=22.7640 temp=0.25 total_env_steps=26253 t=0.14s
Ep  600: len= 29 黑胜 loss=23.4961 temp=0.25 total_env_steps=26282 t=0.09s
  eval vs Gomoku-random-v0: win_rate=1.00 mean_return=1.00（20 局，total_env_steps=26282）
Ep  601: len= 41 黑胜 loss=22.6472 temp=0.25 total_env_steps=26323 t=0.14s
Ep  602: len= 25 黑胜 loss=22.8103 temp=0.25 total_env_steps=26348 t=0.09s
Ep  603: len= 24 白胜 loss=23.4190 temp=0.25 total_env_steps=26372 t=0.08s
Ep  604: len= 61 黑胜 loss=24.2028 temp=0.25 total_env_steps=26433 t=0.21s
Ep  605: len= 40 白胜 loss=21.8864 temp=0.25 total_env_steps=26473 t=0.14s
Ep  606: len= 61 黑胜 loss=23.0222 temp=0.25 total_env_steps=26534 t=0.17s
Ep  607: len= 21 黑胜 loss=23.8129 temp=0.25 total_env_steps=26555 t=0.08s
Ep  608: len= 27 黑胜 loss=23.6253 temp=0.25 total_env_steps=26582 t=0.10s
Ep  609: len= 59 黑胜 loss=22.5386 temp=0.25 total_env_steps=26641 t=0.18s
Ep  610: len= 35 黑胜 loss=23.2829 temp=0.25 total_env_steps=26676 t=0.12s
Ep  611: len= 39 黑胜 loss=22.9306 temp=0.25 total_env_steps=26715 t=0.12s
Ep  612: len= 44 白胜 loss=24.3218 temp=0.25 total_env_steps=26759 t=0.14s
Ep  613: len= 39 黑胜 loss=23.6546 temp=0.25 total_env_steps=26798 t=0.13s
Ep  614: len= 54 白胜 loss=22.8438 temp=0.25 total_env_steps=26852 t=0.17s
Ep  615: len= 48 白胜 loss=23.2588 temp=0.25 total_env_steps=26900 t=0.17s
Ep  616: len= 43 黑胜 loss=22.1946 temp=0.25 total_env_steps=26943 t=0.14s
Ep  617: len= 64 白胜 loss=23.6651 temp=0.25 total_env_steps=27007 t=0.16s
Ep  618: len= 34 白胜 loss=24.4274 temp=0.25 total_env_steps=27041 t=0.10s
Ep  619: len= 57 黑胜 loss=23.0581 temp=0.25 total_env_steps=27098 t=0.16s
Ep  620: len= 33 黑胜 loss=22.7414 temp=0.25 total_env_steps=27131 t=0.10s
Ep  621: len= 32 白胜 loss=23.6893 temp=0.25 total_env_steps=27163 t=0.10s
Ep  622: len= 42 白胜 loss=23.4542 temp=0.25 total_env_steps=27205 t=0.12s
Ep  623: len= 31 黑胜 loss=22.1303 temp=0.25 total_env_steps=27236 t=0.09s
Ep  624: len= 27 黑胜 loss=23.4608 temp=0.25 total_env_steps=27263 t=0.08s
Ep  625: len= 35 黑胜 loss=24.3554 temp=0.25 total_env_steps=27298 t=0.13s
Ep  626: len= 37 黑胜 loss=23.1310 temp=0.25 total_env_steps=27335 t=0.11s
Ep  627: len= 39 黑胜 loss=23.1465 temp=0.25 total_env_steps=27374 t=0.12s
Ep  628: len= 68 白胜 loss=23.3823 temp=0.25 total_env_steps=27442 t=0.19s
Ep  629: len= 41 黑胜 loss=22.9615 temp=0.25 total_env_steps=27483 t=0.11s
Ep  630: len= 61 黑胜 loss=21.8579 temp=0.25 total_env_steps=27544 t=0.17s
Ep  631: len= 35 黑胜 loss=22.1649 temp=0.25 total_env_steps=27579 t=0.10s
Ep  632: len= 21 黑胜 loss=22.7063 temp=0.25 total_env_steps=27600 t=0.11s
Ep  633: len= 49 黑胜 loss=23.5985 temp=0.25 total_env_steps=27649 t=0.14s
Ep  634: len= 39 黑胜 loss=23.3928 temp=0.25 total_env_steps=27688 t=0.12s
Ep  635: len= 63 黑胜 loss=22.5303 temp=0.25 total_env_steps=27751 t=0.16s
Ep  636: len= 37 黑胜 loss=22.6761 temp=0.25 total_env_steps=27788 t=0.11s
Ep  637: len= 36 白胜 loss=23.2834 temp=0.25 total_env_steps=27824 t=0.11s
Ep  638: len= 32 白胜 loss=22.3659 temp=0.25 total_env_steps=27856 t=0.10s
Ep  639: len= 37 黑胜 loss=22.6566 temp=0.25 total_env_steps=27893 t=0.10s
Ep  640: len= 27 黑胜 loss=23.1660 temp=0.25 total_env_steps=27920 t=0.08s
Ep  641: len= 60 白胜 loss=22.7822 temp=0.25 total_env_steps=27980 t=0.16s
Ep  642: len= 41 黑胜 loss=23.5294 temp=0.25 total_env_steps=28021 t=0.11s
Ep  643: len= 81 平局 loss=22.6057 temp=0.25 total_env_steps=28102 t=0.36s
Ep  644: len= 35 黑胜 loss=22.9272 temp=0.25 total_env_steps=28137 t=0.11s
Ep  645: len= 34 白胜 loss=23.7212 temp=0.25 total_env_steps=28171 t=0.11s
Ep  646: len= 35 黑胜 loss=22.6353 temp=0.25 total_env_steps=28206 t=0.11s
Ep  647: len= 64 白胜 loss=23.0816 temp=0.25 total_env_steps=28270 t=0.20s
Ep  648: len= 22 白胜 loss=23.6838 temp=0.25 total_env_steps=28292 t=0.09s
Ep  649: len= 51 黑胜 loss=22.4445 temp=0.25 total_env_steps=28343 t=0.18s
Ep  650: len= 54 白胜 loss=23.7527 temp=0.25 total_env_steps=28397 t=0.16s
Ep  651: len= 33 黑胜 loss=23.7498 temp=0.25 total_env_steps=28430 t=0.11s
Ep  652: len= 29 黑胜 loss=22.6014 temp=0.25 total_env_steps=28459 t=0.10s
Ep  653: len= 37 黑胜 loss=23.4648 temp=0.25 total_env_steps=28496 t=0.12s
Ep  654: len= 47 黑胜 loss=23.8001 temp=0.25 total_env_steps=28543 t=0.15s
Ep  655: len= 37 黑胜 loss=23.7356 temp=0.25 total_env_steps=28580 t=0.12s
Ep  656: len= 20 白胜 loss=22.3404 temp=0.25 total_env_steps=28600 t=0.07s
Ep  657: len= 38 白胜 loss=23.2012 temp=0.25 total_env_steps=28638 t=0.13s
Ep  658: len= 31 黑胜 loss=22.6102 temp=0.25 total_env_steps=28669 t=0.10s
Ep  659: len= 39 黑胜 loss=22.8286 temp=0.25 total_env_steps=28708 t=0.12s
Ep  660: len= 32 白胜 loss=21.8235 temp=0.25 total_env_steps=28740 t=0.10s
Ep  661: len= 49 黑胜 loss=22.3713 temp=0.25 total_env_steps=28789 t=0.14s
Ep  662: len= 34 白胜 loss=23.1155 temp=0.25 total_env_steps=28823 t=0.10s
Ep  663: len= 32 白胜 loss=22.0608 temp=0.25 total_env_steps=28855 t=0.10s
Ep  664: len= 28 白胜 loss=21.9105 temp=0.25 total_env_steps=28883 t=0.10s
Ep  665: len= 17 黑胜 loss=22.7785 temp=0.25 total_env_steps=28900 t=0.06s
Ep  666: len= 41 黑胜 loss=22.0327 temp=0.25 total_env_steps=28941 t=0.13s
Ep  667: len= 41 黑胜 loss=22.6528 temp=0.25 total_env_steps=28982 t=0.13s
Ep  668: len= 31 黑胜 loss=22.6848 temp=0.25 total_env_steps=29013 t=0.10s
Ep  669: len= 36 白胜 loss=21.5132 temp=0.25 total_env_steps=29049 t=0.11s
Ep  670: len= 39 黑胜 loss=23.5824 temp=0.25 total_env_steps=29088 t=0.12s
Ep  671: len= 46 白胜 loss=22.5490 temp=0.25 total_env_steps=29134 t=0.14s
Ep  672: len= 55 黑胜 loss=22.6942 temp=0.25 total_env_steps=29189 t=0.15s
Ep  673: len= 50 白胜 loss=22.2448 temp=0.25 total_env_steps=29239 t=0.14s
Ep  674: len= 26 白胜 loss=23.0899 temp=0.25 total_env_steps=29265 t=0.09s
Ep  675: len= 67 黑胜 loss=23.1918 temp=0.25 total_env_steps=29332 t=0.19s
Ep  676: len= 24 白胜 loss=22.3859 temp=0.25 total_env_steps=29356 t=0.07s
Ep  677: len= 59 黑胜 loss=21.8925 temp=0.25 total_env_steps=29415 t=0.16s
Ep  678: len= 23 黑胜 loss=21.8736 temp=0.25 total_env_steps=29438 t=0.07s
Ep  679: len= 29 黑胜 loss=23.1678 temp=0.25 total_env_steps=29467 t=0.09s
Ep  680: len= 26 白胜 loss=21.7916 temp=0.25 total_env_steps=29493 t=0.09s
Ep  681: len= 29 黑胜 loss=22.7325 temp=0.25 total_env_steps=29522 t=0.10s
Ep  682: len= 20 白胜 loss=22.4440 temp=0.25 total_env_steps=29542 t=0.07s
Ep  683: len= 38 白胜 loss=23.8020 temp=0.25 total_env_steps=29580 t=0.12s
Ep  684: len= 31 黑胜 loss=23.2226 temp=0.25 total_env_steps=29611 t=0.11s
Ep  685: len= 34 白胜 loss=22.0243 temp=0.25 total_env_steps=29645 t=0.12s
Ep  686: len= 32 白胜 loss=21.2526 temp=0.25 total_env_steps=29677 t=0.11s
Ep  687: len= 31 黑胜 loss=22.2246 temp=0.25 total_env_steps=29708 t=0.09s
Ep  688: len= 38 白胜 loss=22.8449 temp=0.25 total_env_steps=29746 t=0.12s
Ep  689: len= 65 黑胜 loss=22.1585 temp=0.25 total_env_steps=29811 t=0.18s
Ep  690: len= 37 黑胜 loss=20.9208 temp=0.25 total_env_steps=29848 t=0.11s
Ep  691: len= 49 黑胜 loss=22.3742 temp=0.25 total_env_steps=29897 t=0.13s
Ep  692: len= 45 黑胜 loss=21.4911 temp=0.25 total_env_steps=29942 t=0.13s
Ep  693: len= 17 黑胜 loss=22.9698 temp=0.25 total_env_steps=29959 t=0.06s
Ep  694: len= 36 白胜 loss=22.5494 temp=0.25 total_env_steps=29995 t=0.11s
Ep  695: len= 26 白胜 loss=21.5120 temp=0.25 total_env_steps=30021 t=0.08s
Ep  696: len= 50 白胜 loss=21.7302 temp=0.25 total_env_steps=30071 t=0.13s
Ep  697: len= 40 白胜 loss=21.4710 temp=0.25 total_env_steps=30111 t=0.12s
Ep  698: len= 20 白胜 loss=22.9067 temp=0.25 total_env_steps=30131 t=0.07s
Ep  699: len= 30 白胜 loss=22.0515 temp=0.25 total_env_steps=30161 t=0.09s
Ep  700: len= 49 黑胜 loss=23.2207 temp=0.25 total_env_steps=30210 t=0.14s
Ep  701: len= 23 黑胜 loss=21.5459 temp=0.25 total_env_steps=30233 t=0.08s
Ep  702: len= 38 白胜 loss=21.7380 temp=0.25 total_env_steps=30271 t=0.12s
Ep  703: len= 29 黑胜 loss=22.0115 temp=0.25 total_env_steps=30300 t=0.10s
Ep  704: len= 49 黑胜 loss=22.5093 temp=0.25 total_env_steps=30349 t=0.15s
Ep  705: len= 55 黑胜 loss=22.7740 temp=0.25 total_env_steps=30404 t=0.16s
Ep  706: len= 63 黑胜 loss=21.8496 temp=0.25 total_env_steps=30467 t=0.17s
Ep  707: len= 54 白胜 loss=21.9563 temp=0.25 total_env_steps=30521 t=0.14s
Ep  708: len= 18 白胜 loss=21.3638 temp=0.25 total_env_steps=30539 t=0.07s
Ep  709: len= 30 白胜 loss=22.4878 temp=0.25 total_env_steps=30569 t=0.10s
Ep  710: len= 30 白胜 loss=22.6792 temp=0.25 total_env_steps=30599 t=0.10s
Ep  711: len= 28 白胜 loss=22.6784 temp=0.25 total_env_steps=30627 t=0.10s
Ep  712: len= 23 黑胜 loss=21.2617 temp=0.25 total_env_steps=30650 t=0.08s
Ep  713: len= 15 黑胜 loss=20.7821 temp=0.25 total_env_steps=30665 t=0.07s
Ep  714: len= 34 白胜 loss=22.6248 temp=0.25 total_env_steps=30699 t=0.12s
Ep  715: len= 28 白胜 loss=21.6602 temp=0.25 total_env_steps=30727 t=0.09s
Ep  716: len= 25 黑胜 loss=22.2027 temp=0.25 total_env_steps=30752 t=0.09s
Ep  717: len= 25 黑胜 loss=21.4341 temp=0.25 total_env_steps=30777 t=0.09s
Ep  718: len= 13 黑胜 loss=21.3465 temp=0.25 total_env_steps=30790 t=0.05s
Ep  719: len= 22 白胜 loss=22.8262 temp=0.25 total_env_steps=30812 t=0.08s
Ep  720: len= 55 黑胜 loss=21.9197 temp=0.25 total_env_steps=30867 t=0.16s
Ep  721: len= 25 黑胜 loss=21.1716 temp=0.25 total_env_steps=30892 t=0.11s
Ep  722: len= 19 黑胜 loss=21.6909 temp=0.25 total_env_steps=30911 t=0.08s
Ep  723: len= 20 白胜 loss=22.6762 temp=0.25 total_env_steps=30931 t=0.07s
Ep  724: len= 55 黑胜 loss=21.6000 temp=0.25 total_env_steps=30986 t=0.15s
Ep  725: len= 32 白胜 loss=22.5675 temp=0.25 total_env_steps=31018 t=0.09s
Ep  726: len= 29 黑胜 loss=22.5094 temp=0.25 total_env_steps=31047 t=0.10s
Ep  727: len= 66 白胜 loss=21.9530 temp=0.25 total_env_steps=31113 t=0.18s
Ep  728: len= 23 黑胜 loss=22.4112 temp=0.25 total_env_steps=31136 t=0.08s
Ep  729: len= 56 白胜 loss=22.1811 temp=0.25 total_env_steps=31192 t=0.18s
Ep  730: len= 35 黑胜 loss=22.3129 temp=0.25 total_env_steps=31227 t=0.14s
Ep  731: len= 38 白胜 loss=21.3315 temp=0.25 total_env_steps=31265 t=0.13s
Ep  732: len= 50 白胜 loss=22.6640 temp=0.25 total_env_steps=31315 t=0.14s
Ep  733: len= 39 黑胜 loss=22.2668 temp=0.25 total_env_steps=31354 t=0.11s
Ep  734: len= 28 白胜 loss=22.3746 temp=0.25 total_env_steps=31382 t=0.09s
Ep  735: len= 43 黑胜 loss=21.4998 temp=0.25 total_env_steps=31425 t=0.12s
Ep  736: len= 22 白胜 loss=22.6172 temp=0.25 total_env_steps=31447 t=0.07s
Ep  737: len= 62 白胜 loss=22.0498 temp=0.25 total_env_steps=31509 t=0.17s
Ep  738: len= 36 白胜 loss=21.0176 temp=0.25 total_env_steps=31545 t=0.11s
Ep  739: len= 58 白胜 loss=22.7198 temp=0.25 total_env_steps=31603 t=0.20s
Ep  740: len= 19 黑胜 loss=21.6978 temp=0.25 total_env_steps=31622 t=0.07s
Ep  741: len= 21 黑胜 loss=21.6530 temp=0.25 total_env_steps=31643 t=0.08s
Ep  742: len= 56 白胜 loss=21.5726 temp=0.25 total_env_steps=31699 t=0.15s
Ep  743: len= 36 白胜 loss=21.7779 temp=0.25 total_env_steps=31735 t=0.12s
Ep  744: len= 61 黑胜 loss=21.1781 temp=0.25 total_env_steps=31796 t=0.18s
Ep  745: len= 41 黑胜 loss=20.1863 temp=0.25 total_env_steps=31837 t=0.11s
Ep  746: len= 32 白胜 loss=19.8359 temp=0.25 total_env_steps=31869 t=0.10s
Ep  747: len= 18 白胜 loss=22.5427 temp=0.25 total_env_steps=31887 t=0.07s
Ep  748: len= 17 黑胜 loss=20.8313 temp=0.25 total_env_steps=31904 t=0.06s
Ep  749: len= 32 白胜 loss=21.8595 temp=0.25 total_env_steps=31936 t=0.09s
Ep  750: len= 29 黑胜 loss=21.2107 temp=0.25 total_env_steps=31965 t=0.09s
Ep  751: len= 46 白胜 loss=21.2366 temp=0.25 total_env_steps=32011 t=0.13s
Ep  752: len= 22 白胜 loss=23.1078 temp=0.25 total_env_steps=32033 t=0.08s
Ep  753: len= 35 黑胜 loss=20.7432 temp=0.25 total_env_steps=32068 t=0.11s
Ep  754: len= 19 黑胜 loss=21.4707 temp=0.25 total_env_steps=32087 t=0.07s
Ep  755: len= 43 黑胜 loss=20.7800 temp=0.25 total_env_steps=32130 t=0.12s
Ep  756: len= 32 白胜 loss=21.3266 temp=0.25 total_env_steps=32162 t=0.10s
Ep  757: len= 57 黑胜 loss=20.8556 temp=0.25 total_env_steps=32219 t=0.16s
Ep  758: len= 28 白胜 loss=22.0432 temp=0.25 total_env_steps=32247 t=0.09s
Ep  759: len= 24 白胜 loss=20.7169 temp=0.25 total_env_steps=32271 t=0.08s
Ep  760: len= 68 白胜 loss=21.4639 temp=0.25 total_env_steps=32339 t=0.18s
Ep  761: len= 27 黑胜 loss=21.2695 temp=0.25 total_env_steps=32366 t=0.10s
Ep  762: len= 15 黑胜 loss=22.8136 temp=0.25 total_env_steps=32381 t=0.06s
Ep  763: len= 33 黑胜 loss=21.1998 temp=0.25 total_env_steps=32414 t=0.11s
Ep  764: len= 41 黑胜 loss=20.3359 temp=0.25 total_env_steps=32455 t=0.12s
Ep  765: len= 21 黑胜 loss=21.3960 temp=0.25 total_env_steps=32476 t=0.08s
Ep  766: len= 28 白胜 loss=21.8930 temp=0.25 total_env_steps=32504 t=0.09s
Ep  767: len= 19 黑胜 loss=21.0421 temp=0.25 total_env_steps=32523 t=0.07s
Ep  768: len= 64 白胜 loss=22.7616 temp=0.25 total_env_steps=32587 t=0.19s
Ep  769: len= 47 黑胜 loss=21.6556 temp=0.25 total_env_steps=32634 t=0.14s
Ep  770: len= 28 白胜 loss=23.4018 temp=0.25 total_env_steps=32662 t=0.09s
Ep  771: len= 59 黑胜 loss=20.9430 temp=0.25 total_env_steps=32721 t=0.18s
Ep  772: len= 31 黑胜 loss=21.1147 temp=0.25 total_env_steps=32752 t=0.10s
Ep  773: len= 29 黑胜 loss=20.0515 temp=0.25 total_env_steps=32781 t=0.09s
Ep  774: len= 19 黑胜 loss=21.7737 temp=0.25 total_env_steps=32800 t=0.07s
Ep  775: len= 48 白胜 loss=21.0031 temp=0.25 total_env_steps=32848 t=0.15s
Ep  776: len= 18 白胜 loss=22.1964 temp=0.25 total_env_steps=32866 t=0.07s
Ep  777: len= 15 黑胜 loss=19.9908 temp=0.25 total_env_steps=32881 t=0.06s
Ep  778: len= 36 白胜 loss=20.7840 temp=0.25 total_env_steps=32917 t=0.10s
Ep  779: len= 30 白胜 loss=20.5161 temp=0.25 total_env_steps=32947 t=0.09s
Ep  780: len= 45 黑胜 loss=21.9333 temp=0.25 total_env_steps=32992 t=0.12s
Ep  781: len= 36 白胜 loss=21.2407 temp=0.25 total_env_steps=33028 t=0.11s
Ep  782: len= 33 黑胜 loss=21.8354 temp=0.25 total_env_steps=33061 t=0.09s
Ep  783: len= 23 黑胜 loss=20.0782 temp=0.25 total_env_steps=33084 t=0.07s
Ep  784: len= 57 黑胜 loss=21.4777 temp=0.25 total_env_steps=33141 t=0.15s
Ep  785: len= 39 黑胜 loss=20.1611 temp=0.25 total_env_steps=33180 t=0.11s
Ep  786: len= 37 黑胜 loss=20.4723 temp=0.25 total_env_steps=33217 t=0.11s
Ep  787: len= 27 黑胜 loss=19.3512 temp=0.25 total_env_steps=33244 t=0.08s
Ep  788: len= 62 白胜 loss=20.1377 temp=0.25 total_env_steps=33306 t=0.17s
Ep  789: len= 49 黑胜 loss=21.4492 temp=0.25 total_env_steps=33355 t=0.14s
Ep  790: len= 66 白胜 loss=20.6141 temp=0.25 total_env_steps=33421 t=0.19s
Ep  791: len= 27 黑胜 loss=21.6379 temp=0.25 total_env_steps=33448 t=0.09s
Ep  792: len= 64 白胜 loss=20.6101 temp=0.25 total_env_steps=33512 t=0.17s
Ep  793: len= 23 黑胜 loss=21.4476 temp=0.25 total_env_steps=33535 t=0.08s
Ep  794: len= 19 黑胜 loss=21.4984 temp=0.25 total_env_steps=33554 t=0.07s
Ep  795: len= 43 黑胜 loss=20.3544 temp=0.25 total_env_steps=33597 t=0.14s
Ep  796: len= 53 黑胜 loss=21.7158 temp=0.25 total_env_steps=33650 t=0.15s
Ep  797: len= 27 黑胜 loss=19.8327 temp=0.25 total_env_steps=33677 t=0.09s
Ep  798: len= 33 黑胜 loss=21.8784 temp=0.25 total_env_steps=33710 t=0.11s
Ep  799: len= 52 白胜 loss=19.1737 temp=0.25 total_env_steps=33762 t=0.14s
Ep  800: len= 23 黑胜 loss=20.4538 temp=0.25 total_env_steps=33785 t=0.07s
  eval vs Gomoku-random-v0: win_rate=1.00 mean_return=1.00（20 局，total_env_steps=33785）
Ep  801: len= 48 白胜 loss=21.9629 temp=0.25 total_env_steps=33833 t=0.15s
Ep  802: len= 49 黑胜 loss=19.3145 temp=0.25 total_env_steps=33882 t=0.14s
Ep  803: len= 14 白胜 loss=21.0875 temp=0.25 total_env_steps=33896 t=0.06s
Ep  804: len= 55 黑胜 loss=19.0666 temp=0.25 total_env_steps=33951 t=0.17s
Ep  805: len= 30 白胜 loss=19.1500 temp=0.25 total_env_steps=33981 t=0.09s
Ep  806: len= 33 黑胜 loss=19.6119 temp=0.25 total_env_steps=34014 t=0.10s
Ep  807: len= 57 黑胜 loss=21.3167 temp=0.25 total_env_steps=34071 t=0.17s
Ep  808: len= 21 黑胜 loss=19.6141 temp=0.25 total_env_steps=34092 t=0.08s
Ep  809: len= 30 白胜 loss=20.2479 temp=0.25 total_env_steps=34122 t=0.10s
Ep  810: len= 39 黑胜 loss=20.4353 temp=0.25 total_env_steps=34161 t=0.12s
Ep  811: len= 30 白胜 loss=21.2252 temp=0.25 total_env_steps=34191 t=0.10s
Ep  812: len= 68 白胜 loss=20.4798 temp=0.25 total_env_steps=34259 t=0.18s
Ep  813: len= 21 黑胜 loss=19.6649 temp=0.25 total_env_steps=34280 t=0.07s
Ep  814: len= 13 黑胜 loss=20.6969 temp=0.25 total_env_steps=34293 t=0.05s
Ep  815: len= 34 白胜 loss=19.4654 temp=0.25 total_env_steps=34327 t=0.11s
Ep  816: len= 68 白胜 loss=20.5915 temp=0.25 total_env_steps=34395 t=0.19s
Ep  817: len= 15 黑胜 loss=20.0141 temp=0.25 total_env_steps=34410 t=0.06s
Ep  818: len= 31 黑胜 loss=19.4735 temp=0.25 total_env_steps=34441 t=0.09s
Ep  819: len= 35 黑胜 loss=21.4960 temp=0.25 total_env_steps=34476 t=0.10s
Ep  820: len= 41 黑胜 loss=20.9963 temp=0.25 total_env_steps=34517 t=0.11s
Ep  821: len= 19 黑胜 loss=20.9359 temp=0.25 total_env_steps=34536 t=0.06s
Ep  822: len= 15 黑胜 loss=20.2772 temp=0.25 total_env_steps=34551 t=0.06s
Ep  823: len= 47 黑胜 loss=19.2627 temp=0.25 total_env_steps=34598 t=0.14s
Ep  824: len= 21 黑胜 loss=20.4345 temp=0.25 total_env_steps=34619 t=0.07s
Ep  825: len= 38 白胜 loss=19.3336 temp=0.25 total_env_steps=34657 t=0.11s
Ep  826: len= 36 白胜 loss=20.2354 temp=0.25 total_env_steps=34693 t=0.12s
Ep  827: len= 64 白胜 loss=19.8468 temp=0.25 total_env_steps=34757 t=0.17s
Ep  828: len= 36 白胜 loss=20.7129 temp=0.25 total_env_steps=34793 t=0.12s
Ep  829: len= 29 黑胜 loss=19.5404 temp=0.25 total_env_steps=34822 t=0.10s
Ep  830: len= 58 白胜 loss=19.5490 temp=0.25 total_env_steps=34880 t=0.17s
Ep  831: len= 27 黑胜 loss=20.8851 temp=0.25 total_env_steps=34907 t=0.10s
Ep  832: len= 68 白胜 loss=20.1375 temp=0.25 total_env_steps=34975 t=0.19s
Ep  833: len= 21 黑胜 loss=21.5177 temp=0.25 total_env_steps=34996 t=0.08s
Ep  834: len= 38 白胜 loss=20.5738 temp=0.25 total_env_steps=35034 t=0.11s
Ep  835: len= 44 白胜 loss=21.9021 temp=0.25 total_env_steps=35078 t=0.14s
Ep  836: len= 43 黑胜 loss=19.6481 temp=0.25 total_env_steps=35121 t=0.13s
Ep  837: len= 33 黑胜 loss=19.9635 temp=0.25 total_env_steps=35154 t=0.10s
Ep  838: len= 34 白胜 loss=18.2471 temp=0.25 total_env_steps=35188 t=0.10s
Ep  839: len= 40 白胜 loss=17.6944 temp=0.25 total_env_steps=35228 t=0.13s
Ep  840: len= 25 黑胜 loss=17.8192 temp=0.25 total_env_steps=35253 t=0.09s
Ep  841: len= 39 黑胜 loss=19.1918 temp=0.25 total_env_steps=35292 t=0.12s
Ep  842: len= 30 白胜 loss=19.9268 temp=0.25 total_env_steps=35322 t=0.10s
Ep  843: len= 32 白胜 loss=21.1363 temp=0.25 total_env_steps=35354 t=0.10s
Ep  844: len= 37 黑胜 loss=20.2521 temp=0.25 total_env_steps=35391 t=0.12s
Ep  845: len= 25 黑胜 loss=18.9762 temp=0.25 total_env_steps=35416 t=0.09s
Ep  846: len= 15 黑胜 loss=21.4469 temp=0.25 total_env_steps=35431 t=0.06s
Ep  847: len= 27 黑胜 loss=19.8329 temp=0.25 total_env_steps=35458 t=0.09s
Ep  848: len= 39 黑胜 loss=19.8532 temp=0.25 total_env_steps=35497 t=0.12s
Ep  849: len= 19 黑胜 loss=20.0743 temp=0.25 total_env_steps=35516 t=0.08s
Ep  850: len= 35 黑胜 loss=18.5038 temp=0.25 total_env_steps=35551 t=0.12s
Ep  851: len= 18 白胜 loss=20.0497 temp=0.25 total_env_steps=35569 t=0.07s
Ep  852: len= 57 黑胜 loss=21.2823 temp=0.25 total_env_steps=35626 t=0.17s
Ep  853: len= 33 黑胜 loss=19.6708 temp=0.25 total_env_steps=35659 t=0.09s
Ep  854: len= 26 白胜 loss=20.2792 temp=0.25 total_env_steps=35685 t=0.09s
Ep  855: len= 36 白胜 loss=17.0770 temp=0.25 total_env_steps=35721 t=0.11s
Ep  856: len= 24 白胜 loss=19.1744 temp=0.25 total_env_steps=35745 t=0.08s
Ep  857: len= 17 黑胜 loss=18.9633 temp=0.25 total_env_steps=35762 t=0.06s
Ep  858: len= 26 白胜 loss=21.4664 temp=0.25 total_env_steps=35788 t=0.08s
Ep  859: len= 27 黑胜 loss=21.5908 temp=0.25 total_env_steps=35815 t=0.08s
Ep  860: len= 40 白胜 loss=20.6640 temp=0.25 total_env_steps=35855 t=0.13s
Ep  861: len= 81 平局 loss=20.3288 temp=0.25 total_env_steps=35936 t=0.22s
Ep  862: len= 39 黑胜 loss=20.5433 temp=0.25 total_env_steps=35975 t=0.11s
Ep  863: len= 17 黑胜 loss=19.8534 temp=0.25 total_env_steps=35992 t=0.06s
Ep  864: len= 25 黑胜 loss=19.7524 temp=0.25 total_env_steps=36017 t=0.09s
Ep  865: len= 70 白胜 loss=19.8731 temp=0.25 total_env_steps=36087 t=0.19s
Ep  866: len= 32 白胜 loss=19.4782 temp=0.25 total_env_steps=36119 t=0.09s
Ep  867: len= 23 黑胜 loss=19.1044 temp=0.25 total_env_steps=36142 t=0.09s
Ep  868: len= 59 黑胜 loss=18.5094 temp=0.25 total_env_steps=36201 t=0.19s
Ep  869: len= 42 白胜 loss=18.6748 temp=0.25 total_env_steps=36243 t=0.13s
Ep  870: len= 32 白胜 loss=19.3020 temp=0.25 total_env_steps=36275 t=0.10s
Ep  871: len= 32 白胜 loss=19.3691 temp=0.25 total_env_steps=36307 t=0.09s
Ep  872: len= 48 白胜 loss=18.8214 temp=0.25 total_env_steps=36355 t=0.14s
Ep  873: len= 32 白胜 loss=19.3695 temp=0.25 total_env_steps=36387 t=0.11s
Ep  874: len= 23 黑胜 loss=19.0659 temp=0.25 total_env_steps=36410 t=0.09s
Ep  875: len= 39 黑胜 loss=19.6822 temp=0.25 total_env_steps=36449 t=0.12s
Ep  876: len= 41 黑胜 loss=21.0021 temp=0.25 total_env_steps=36490 t=0.13s
Ep  877: len= 57 黑胜 loss=18.3203 temp=0.25 total_env_steps=36547 t=0.16s
Ep  878: len= 50 白胜 loss=18.8759 temp=0.25 total_env_steps=36597 t=0.14s
Ep  879: len= 21 黑胜 loss=20.0768 temp=0.25 total_env_steps=36618 t=0.07s
Ep  880: len= 29 黑胜 loss=19.3325 temp=0.25 total_env_steps=36647 t=0.09s
Ep  881: len= 29 黑胜 loss=17.9559 temp=0.25 total_env_steps=36676 t=0.09s
Ep  882: len= 17 黑胜 loss=19.3429 temp=0.25 total_env_steps=36693 t=0.06s
Ep  883: len= 48 白胜 loss=20.8175 temp=0.25 total_env_steps=36741 t=0.14s
Ep  884: len= 53 黑胜 loss=20.2655 temp=0.25 total_env_steps=36794 t=0.15s
Ep  885: len= 36 白胜 loss=18.6394 temp=0.25 total_env_steps=36830 t=0.11s
Ep  886: len= 34 白胜 loss=19.0642 temp=0.25 total_env_steps=36864 t=0.10s
Ep  887: len= 24 白胜 loss=19.1622 temp=0.25 total_env_steps=36888 t=0.08s
Ep  888: len= 17 黑胜 loss=21.3227 temp=0.25 total_env_steps=36905 t=0.06s
Ep  889: len= 41 黑胜 loss=19.6262 temp=0.25 total_env_steps=36946 t=0.12s
Ep  890: len= 22 白胜 loss=19.0370 temp=0.25 total_env_steps=36968 t=0.07s
Ep  891: len= 30 白胜 loss=19.8569 temp=0.25 total_env_steps=36998 t=0.09s
Ep  892: len= 41 黑胜 loss=18.1615 temp=0.25 total_env_steps=37039 t=0.11s
Ep  893: len= 56 白胜 loss=19.0230 temp=0.25 total_env_steps=37095 t=0.15s
Ep  894: len= 13 黑胜 loss=17.8171 temp=0.25 total_env_steps=37108 t=0.06s
Ep  895: len= 33 黑胜 loss=19.0331 temp=0.25 total_env_steps=37141 t=0.10s
Ep  896: len= 30 白胜 loss=19.8024 temp=0.25 total_env_steps=37171 t=0.09s
Ep  897: len= 47 黑胜 loss=19.2767 temp=0.25 total_env_steps=37218 t=0.13s
Ep  898: len= 15 黑胜 loss=20.7862 temp=0.25 total_env_steps=37233 t=0.06s
Ep  899: len= 32 白胜 loss=19.2507 temp=0.25 total_env_steps=37265 t=0.13s
Ep  900: len= 21 黑胜 loss=19.8461 temp=0.25 total_env_steps=37286 t=0.08s
Ep  901: len= 56 白胜 loss=17.8374 temp=0.25 total_env_steps=37342 t=0.16s
Ep  902: len= 62 白胜 loss=21.0777 temp=0.25 total_env_steps=37404 t=0.18s
Ep  903: len= 20 白胜 loss=19.9473 temp=0.25 total_env_steps=37424 t=0.07s
Ep  904: len= 62 白胜 loss=18.5177 temp=0.25 total_env_steps=37486 t=0.17s
Ep  905: len= 19 黑胜 loss=17.6187 temp=0.25 total_env_steps=37505 t=0.07s
Ep  906: len= 21 黑胜 loss=18.7372 temp=0.25 total_env_steps=37526 t=0.08s
Ep  907: len= 28 白胜 loss=19.3866 temp=0.25 total_env_steps=37554 t=0.09s
Ep  908: len= 48 白胜 loss=18.8789 temp=0.25 total_env_steps=37602 t=0.13s
Ep  909: len= 16 白胜 loss=19.5176 temp=0.25 total_env_steps=37618 t=0.07s
Ep  910: len= 33 黑胜 loss=19.5830 temp=0.25 total_env_steps=37651 t=0.11s
Ep  911: len= 51 黑胜 loss=19.0925 temp=0.25 total_env_steps=37702 t=0.15s
Ep  912: len= 42 白胜 loss=19.7621 temp=0.25 total_env_steps=37744 t=0.13s
Ep  913: len= 21 黑胜 loss=20.0195 temp=0.25 total_env_steps=37765 t=0.08s
Ep  914: len= 30 白胜 loss=18.7268 temp=0.25 total_env_steps=37795 t=0.09s
Ep  915: len= 46 白胜 loss=18.7169 temp=0.25 total_env_steps=37841 t=0.15s
Ep  916: len= 19 黑胜 loss=18.5306 temp=0.25 total_env_steps=37860 t=0.07s
Ep  917: len= 39 黑胜 loss=19.7837 temp=0.25 total_env_steps=37899 t=0.11s
Ep  918: len= 43 黑胜 loss=19.4703 temp=0.25 total_env_steps=37942 t=0.13s
Ep  919: len= 35 黑胜 loss=18.8952 temp=0.25 total_env_steps=37977 t=0.11s
Ep  920: len= 40 白胜 loss=20.2979 temp=0.25 total_env_steps=38017 t=0.12s
Ep  921: len= 34 白胜 loss=19.1856 temp=0.25 total_env_steps=38051 t=0.10s
Ep  922: len= 16 白胜 loss=20.7092 temp=0.25 total_env_steps=38067 t=0.06s
Ep  923: len= 56 白胜 loss=19.8715 temp=0.25 total_env_steps=38123 t=0.17s
Ep  924: len= 66 白胜 loss=17.6004 temp=0.25 total_env_steps=38189 t=0.18s
Ep  925: len= 17 黑胜 loss=19.4451 temp=0.25 total_env_steps=38206 t=0.06s
Ep  926: len= 35 黑胜 loss=18.5285 temp=0.25 total_env_steps=38241 t=0.12s
Ep  927: len= 15 黑胜 loss=18.9190 temp=0.25 total_env_steps=38256 t=0.06s
Ep  928: len= 38 白胜 loss=18.2795 temp=0.25 total_env_steps=38294 t=0.13s
Ep  929: len= 36 白胜 loss=19.7122 temp=0.25 total_env_steps=38330 t=0.13s
Ep  930: len= 30 白胜 loss=19.5795 temp=0.25 total_env_steps=38360 t=0.10s
Ep  931: len= 38 白胜 loss=18.8301 temp=0.25 total_env_steps=38398 t=0.13s
Ep  932: len= 62 白胜 loss=19.9902 temp=0.25 total_env_steps=38460 t=0.19s
Ep  933: len= 33 黑胜 loss=19.6282 temp=0.25 total_env_steps=38493 t=0.10s
Ep  934: len= 25 黑胜 loss=17.7732 temp=0.25 total_env_steps=38518 t=0.09s
Ep  935: len= 22 白胜 loss=18.4870 temp=0.25 total_env_steps=38540 t=0.08s
Ep  936: len= 23 黑胜 loss=20.0053 temp=0.25 total_env_steps=38563 t=0.08s
Ep  937: len= 21 黑胜 loss=19.8817 temp=0.25 total_env_steps=38584 t=0.07s
Ep  938: len= 21 黑胜 loss=18.2762 temp=0.25 total_env_steps=38605 t=0.08s
Ep  939: len= 25 黑胜 loss=18.3646 temp=0.25 total_env_steps=38630 t=0.08s
Ep  940: len= 29 黑胜 loss=18.9358 temp=0.25 total_env_steps=38659 t=0.09s
Ep  941: len= 32 白胜 loss=21.7227 temp=0.25 total_env_steps=38691 t=0.11s
Ep  942: len= 39 黑胜 loss=18.1796 temp=0.25 total_env_steps=38730 t=0.12s
Ep  943: len= 33 黑胜 loss=18.0067 temp=0.25 total_env_steps=38763 t=0.12s
Ep  944: len= 31 黑胜 loss=19.1938 temp=0.25 total_env_steps=38794 t=0.10s
Ep  945: len= 47 黑胜 loss=19.4048 temp=0.25 total_env_steps=38841 t=0.13s
Ep  946: len= 67 黑胜 loss=18.1286 temp=0.25 total_env_steps=38908 t=0.19s
Ep  947: len= 13 黑胜 loss=18.6833 temp=0.25 total_env_steps=38921 t=0.06s
Ep  948: len= 64 白胜 loss=17.3601 temp=0.25 total_env_steps=38985 t=0.18s
Ep  949: len= 37 黑胜 loss=17.9755 temp=0.25 total_env_steps=39022 t=0.12s
Ep  950: len= 42 白胜 loss=19.1991 temp=0.25 total_env_steps=39064 t=0.15s
Ep  951: len= 45 黑胜 loss=19.6128 temp=0.25 total_env_steps=39109 t=0.15s
Ep  952: len= 28 白胜 loss=17.7829 temp=0.25 total_env_steps=39137 t=0.10s
Ep  953: len= 56 白胜 loss=18.3254 temp=0.25 total_env_steps=39193 t=0.17s
Ep  954: len= 40 白胜 loss=17.8925 temp=0.25 total_env_steps=39233 t=0.12s
Ep  955: len= 17 黑胜 loss=18.6382 temp=0.25 total_env_steps=39250 t=0.07s
Ep  956: len= 28 白胜 loss=19.3981 temp=0.25 total_env_steps=39278 t=0.09s
Ep  957: len= 40 白胜 loss=17.9723 temp=0.25 total_env_steps=39318 t=0.13s
Ep  958: len= 50 白胜 loss=18.4740 temp=0.25 total_env_steps=39368 t=0.15s
Ep  959: len= 17 黑胜 loss=17.9768 temp=0.25 total_env_steps=39385 t=0.06s
Ep  960: len= 42 白胜 loss=19.0437 temp=0.25 total_env_steps=39427 t=0.12s
Ep  961: len= 34 白胜 loss=19.5060 temp=0.25 total_env_steps=39461 t=0.10s
Ep  962: len= 81 平局 loss=18.6810 temp=0.25 total_env_steps=39542 t=0.23s
Ep  963: len= 29 黑胜 loss=19.6979 temp=0.25 total_env_steps=39571 t=0.10s
Ep  964: len= 40 白胜 loss=19.5095 temp=0.25 total_env_steps=39611 t=0.12s
Ep  965: len= 55 黑胜 loss=19.6483 temp=0.25 total_env_steps=39666 t=0.15s
Ep  966: len= 35 黑胜 loss=19.0698 temp=0.25 total_env_steps=39701 t=0.11s
Ep  967: len= 24 白胜 loss=17.7086 temp=0.25 total_env_steps=39725 t=0.08s
Ep  968: len= 34 白胜 loss=17.4588 temp=0.25 total_env_steps=39759 t=0.11s
Ep  969: len= 32 白胜 loss=17.6451 temp=0.25 total_env_steps=39791 t=0.10s
Ep  970: len= 39 黑胜 loss=19.4441 temp=0.25 total_env_steps=39830 t=0.13s
Ep  971: len= 45 黑胜 loss=19.3987 temp=0.25 total_env_steps=39875 t=0.14s
Ep  972: len= 34 白胜 loss=19.5427 temp=0.25 total_env_steps=39909 t=0.10s
Ep  973: len= 22 白胜 loss=17.6370 temp=0.25 total_env_steps=39931 t=0.08s
Ep  974: len= 26 白胜 loss=17.1327 temp=0.25 total_env_steps=39957 t=0.10s
Ep  975: len= 58 白胜 loss=19.2857 temp=0.25 total_env_steps=40015 t=0.16s
Ep  976: len= 40 白胜 loss=19.1224 temp=0.25 total_env_steps=40055 t=0.12s
Ep  977: len= 24 白胜 loss=18.8309 temp=0.25 total_env_steps=40079 t=0.09s
Ep  978: len= 17 黑胜 loss=18.8295 temp=0.25 total_env_steps=40096 t=0.07s
Ep  979: len= 42 白胜 loss=16.9916 temp=0.25 total_env_steps=40138 t=0.14s
Ep  980: len= 60 白胜 loss=18.4364 temp=0.25 total_env_steps=40198 t=0.20s
Ep  981: len= 17 黑胜 loss=19.1717 temp=0.25 total_env_steps=40215 t=0.06s
Ep  982: len= 81 平局 loss=17.1805 temp=0.25 total_env_steps=40296 t=0.23s
Ep  983: len= 41 黑胜 loss=18.6809 temp=0.25 total_env_steps=40337 t=0.13s
Ep  984: len= 21 黑胜 loss=18.4164 temp=0.25 total_env_steps=40358 t=0.08s
Ep  985: len= 19 黑胜 loss=17.7480 temp=0.25 total_env_steps=40377 t=0.07s
Ep  986: len= 22 白胜 loss=19.7269 temp=0.25 total_env_steps=40399 t=0.08s
Ep  987: len= 33 黑胜 loss=19.0483 temp=0.25 total_env_steps=40432 t=0.10s
Ep  988: len= 22 白胜 loss=20.0598 temp=0.25 total_env_steps=40454 t=0.08s
Ep  989: len= 27 黑胜 loss=18.3284 temp=0.25 total_env_steps=40481 t=0.09s
Ep  990: len= 31 黑胜 loss=18.1001 temp=0.25 total_env_steps=40512 t=0.10s
Ep  991: len= 15 黑胜 loss=20.5677 temp=0.25 total_env_steps=40527 t=0.06s
Ep  992: len= 26 白胜 loss=17.7287 temp=0.25 total_env_steps=40553 t=0.09s
Ep  993: len= 24 白胜 loss=19.2717 temp=0.25 total_env_steps=40577 t=0.09s
Ep  994: len= 63 黑胜 loss=18.4694 temp=0.25 total_env_steps=40640 t=0.18s
Ep  995: len= 25 黑胜 loss=20.2027 temp=0.25 total_env_steps=40665 t=0.09s
Ep  996: len= 23 黑胜 loss=17.6710 temp=0.25 total_env_steps=40688 t=0.08s
Ep  997: len= 24 白胜 loss=20.0266 temp=0.25 total_env_steps=40712 t=0.08s
Ep  998: len= 61 黑胜 loss=19.6189 temp=0.25 total_env_steps=40773 t=0.17s
Ep  999: len= 36 白胜 loss=18.8760 temp=0.25 total_env_steps=40809 t=0.11s
Ep 1000: len= 36 白胜 loss=19.6956 temp=0.25 total_env_steps=40845 t=0.11s
  eval vs Gomoku-random-v0: win_rate=1.00 mean_return=1.00（20 局，total_env_steps=40845）
  📸 已拍权重快照（ep=1000，gating 对弈基准）
Ep 1001: len= 15 黑胜 loss=20.5594 temp=0.25 total_env_steps=40860 t=0.06s
Ep 1002: len= 40 白胜 loss=17.8066 temp=0.25 total_env_steps=40900 t=0.13s
Ep 1003: len= 42 白胜 loss=18.4906 temp=0.25 total_env_steps=40942 t=0.14s
Ep 1004: len= 27 黑胜 loss=17.7075 temp=0.25 total_env_steps=40969 t=0.10s
Ep 1005: len= 23 黑胜 loss=18.8471 temp=0.25 total_env_steps=40992 t=0.09s
Ep 1006: len= 39 黑胜 loss=15.7064 temp=0.25 total_env_steps=41031 t=0.11s
Ep 1007: len= 24 白胜 loss=17.1378 temp=0.25 total_env_steps=41055 t=0.08s
Ep 1008: len= 19 黑胜 loss=18.6672 temp=0.25 total_env_steps=41074 t=0.07s
Ep 1009: len= 26 白胜 loss=18.4943 temp=0.25 total_env_steps=41100 t=0.09s
Ep 1010: len= 43 黑胜 loss=18.8834 temp=0.25 total_env_steps=41143 t=0.13s
Ep 1011: len= 40 白胜 loss=18.3324 temp=0.25 total_env_steps=41183 t=0.13s
Ep 1012: len= 34 白胜 loss=18.5119 temp=0.25 total_env_steps=41217 t=0.10s
Ep 1013: len= 23 黑胜 loss=18.2215 temp=0.25 total_env_steps=41240 t=0.08s
Ep 1014: len= 20 白胜 loss=19.2866 temp=0.25 total_env_steps=41260 t=0.07s
Ep 1015: len= 46 白胜 loss=17.6745 temp=0.25 total_env_steps=41306 t=0.13s
Ep 1016: len= 38 白胜 loss=16.8209 temp=0.25 total_env_steps=41344 t=0.12s
Ep 1017: len= 23 黑胜 loss=19.6618 temp=0.25 total_env_steps=41367 t=0.08s
Ep 1018: len= 20 白胜 loss=19.4234 temp=0.25 total_env_steps=41387 t=0.07s
Ep 1019: len= 25 黑胜 loss=18.3000 temp=0.25 total_env_steps=41412 t=0.09s
Ep 1020: len= 17 黑胜 loss=18.8001 temp=0.25 total_env_steps=41429 t=0.07s
Ep 1021: len= 26 白胜 loss=18.0733 temp=0.25 total_env_steps=41455 t=0.09s
Ep 1022: len= 48 白胜 loss=18.2949 temp=0.25 total_env_steps=41503 t=0.15s
Ep 1023: len= 15 黑胜 loss=17.5274 temp=0.25 total_env_steps=41518 t=0.07s
Ep 1024: len= 17 黑胜 loss=19.6479 temp=0.25 total_env_steps=41535 t=0.06s
Ep 1025: len= 37 黑胜 loss=17.4728 temp=0.25 total_env_steps=41572 t=0.12s
Ep 1026: len= 22 白胜 loss=19.0106 temp=0.25 total_env_steps=41594 t=0.09s
Ep 1027: len= 43 黑胜 loss=19.7122 temp=0.25 total_env_steps=41637 t=0.14s
Ep 1028: len= 19 黑胜 loss=17.1639 temp=0.25 total_env_steps=41656 t=0.08s
Ep 1029: len= 35 黑胜 loss=18.4171 temp=0.25 total_env_steps=41691 t=0.11s
Ep 1030: len= 43 黑胜 loss=16.4243 temp=0.25 total_env_steps=41734 t=0.13s
Ep 1031: len= 54 白胜 loss=18.5075 temp=0.25 total_env_steps=41788 t=0.15s
Ep 1032: len= 27 黑胜 loss=18.1403 temp=0.25 total_env_steps=41815 t=0.09s
Ep 1033: len= 58 白胜 loss=17.6765 temp=0.25 total_env_steps=41873 t=0.16s
Ep 1034: len= 17 黑胜 loss=17.3844 temp=0.25 total_env_steps=41890 t=0.07s
Ep 1035: len= 40 白胜 loss=18.2154 temp=0.25 total_env_steps=41930 t=0.13s
Ep 1036: len= 19 黑胜 loss=20.1881 temp=0.25 total_env_steps=41949 t=0.07s
Ep 1037: len= 19 黑胜 loss=17.9453 temp=0.25 total_env_steps=41968 t=0.08s
Ep 1038: len= 35 黑胜 loss=16.4547 temp=0.25 total_env_steps=42003 t=0.10s
Ep 1039: len= 13 黑胜 loss=16.9364 temp=0.25 total_env_steps=42016 t=0.06s
Ep 1040: len= 37 黑胜 loss=18.5960 temp=0.25 total_env_steps=42053 t=0.11s
Ep 1041: len= 29 黑胜 loss=15.9422 temp=0.25 total_env_steps=42082 t=0.10s
Ep 1042: len= 43 黑胜 loss=16.2336 temp=0.25 total_env_steps=42125 t=0.13s
Ep 1043: len= 17 黑胜 loss=17.4253 temp=0.25 total_env_steps=42142 t=0.06s
Ep 1044: len= 22 白胜 loss=17.0801 temp=0.25 total_env_steps=42164 t=0.08s
Ep 1045: len= 21 黑胜 loss=18.6636 temp=0.25 total_env_steps=42185 t=0.07s
Ep 1046: len= 36 白胜 loss=20.6147 temp=0.25 total_env_steps=42221 t=0.12s
Ep 1047: len= 24 白胜 loss=18.0967 temp=0.25 total_env_steps=42245 t=0.08s
Ep 1048: len= 28 白胜 loss=17.6713 temp=0.25 total_env_steps=42273 t=0.09s
Ep 1049: len= 30 白胜 loss=16.9890 temp=0.25 total_env_steps=42303 t=0.09s
Ep 1050: len= 52 白胜 loss=19.3189 temp=0.25 total_env_steps=42355 t=0.15s
Ep 1051: len= 37 黑胜 loss=18.5978 temp=0.25 total_env_steps=42392 t=0.12s
Ep 1052: len= 61 黑胜 loss=16.6003 temp=0.25 total_env_steps=42453 t=0.18s
Ep 1053: len= 28 白胜 loss=18.3323 temp=0.25 total_env_steps=42481 t=0.09s
Ep 1054: len= 21 黑胜 loss=18.5231 temp=0.25 total_env_steps=42502 t=0.08s
Ep 1055: len= 16 白胜 loss=18.9522 temp=0.25 total_env_steps=42518 t=0.07s
Ep 1056: len= 38 白胜 loss=16.8240 temp=0.25 total_env_steps=42556 t=0.13s
Ep 1057: len= 15 黑胜 loss=18.9118 temp=0.25 total_env_steps=42571 t=0.06s
Ep 1058: len= 17 黑胜 loss=18.7843 temp=0.25 total_env_steps=42588 t=0.06s
Ep 1059: len= 40 白胜 loss=16.7207 temp=0.25 total_env_steps=42628 t=0.12s
Ep 1060: len= 64 白胜 loss=18.1609 temp=0.25 total_env_steps=42692 t=0.19s
Ep 1061: len= 17 黑胜 loss=16.9977 temp=0.25 total_env_steps=42709 t=0.07s
Ep 1062: len= 26 白胜 loss=15.1950 temp=0.25 total_env_steps=42735 t=0.09s
Ep 1063: len= 15 黑胜 loss=18.3888 temp=0.25 total_env_steps=42750 t=0.07s
Ep 1064: len= 13 黑胜 loss=20.5086 temp=0.25 total_env_steps=42763 t=0.06s
Ep 1065: len= 42 白胜 loss=18.0495 temp=0.25 total_env_steps=42805 t=0.14s
Ep 1066: len= 33 黑胜 loss=17.6257 temp=0.25 total_env_steps=42838 t=0.11s
Ep 1067: len= 36 白胜 loss=18.2627 temp=0.25 total_env_steps=42874 t=0.11s
Ep 1068: len= 66 白胜 loss=17.5620 temp=0.25 total_env_steps=42940 t=0.19s
Ep 1069: len= 20 白胜 loss=18.8859 temp=0.25 total_env_steps=42960 t=0.07s
Ep 1070: len= 35 黑胜 loss=17.9326 temp=0.25 total_env_steps=42995 t=0.13s
Ep 1071: len= 31 黑胜 loss=16.5728 temp=0.25 total_env_steps=43026 t=0.11s
Ep 1072: len= 17 黑胜 loss=18.9181 temp=0.25 total_env_steps=43043 t=0.08s
Ep 1073: len= 39 黑胜 loss=19.2627 temp=0.25 total_env_steps=43082 t=0.13s
Ep 1074: len= 41 黑胜 loss=18.8024 temp=0.25 total_env_steps=43123 t=0.13s
Ep 1075: len= 31 黑胜 loss=16.7476 temp=0.25 total_env_steps=43154 t=0.10s
Ep 1076: len= 56 白胜 loss=17.5345 temp=0.25 total_env_steps=43210 t=0.17s
Ep 1077: len= 32 白胜 loss=17.5906 temp=0.25 total_env_steps=43242 t=0.11s
Ep 1078: len= 23 黑胜 loss=16.5693 temp=0.25 total_env_steps=43265 t=0.09s
Ep 1079: len= 70 白胜 loss=17.6775 temp=0.25 total_env_steps=43335 t=0.21s
Ep 1080: len= 25 黑胜 loss=17.7576 temp=0.25 total_env_steps=43360 t=0.09s
Ep 1081: len= 38 白胜 loss=16.3945 temp=0.25 total_env_steps=43398 t=0.13s
Ep 1082: len= 41 黑胜 loss=17.9941 temp=0.25 total_env_steps=43439 t=0.13s
Ep 1083: len= 19 黑胜 loss=17.0727 temp=0.25 total_env_steps=43458 t=0.08s
Ep 1084: len= 46 白胜 loss=17.6366 temp=0.25 total_env_steps=43504 t=0.14s
Ep 1085: len= 54 白胜 loss=17.2714 temp=0.25 total_env_steps=43558 t=0.16s
Ep 1086: len= 47 黑胜 loss=18.5708 temp=0.25 total_env_steps=43605 t=0.16s
Ep 1087: len= 39 黑胜 loss=16.4425 temp=0.25 total_env_steps=43644 t=0.13s
Ep 1088: len= 36 白胜 loss=18.1633 temp=0.25 total_env_steps=43680 t=0.11s
Ep 1089: len= 23 黑胜 loss=19.3871 temp=0.25 total_env_steps=43703 t=0.09s
Ep 1090: len= 19 黑胜 loss=17.4809 temp=0.25 total_env_steps=43722 t=0.08s
Ep 1091: len= 27 黑胜 loss=17.5024 temp=0.25 total_env_steps=43749 t=0.10s
Ep 1092: len= 48 白胜 loss=17.0043 temp=0.25 total_env_steps=43797 t=0.16s
Ep 1093: len= 45 黑胜 loss=17.0372 temp=0.25 total_env_steps=43842 t=0.14s
Ep 1094: len= 27 黑胜 loss=19.3474 temp=0.25 total_env_steps=43869 t=0.11s
Ep 1095: len= 38 白胜 loss=17.7096 temp=0.25 total_env_steps=43907 t=0.14s
Ep 1096: len= 48 白胜 loss=18.0265 temp=0.25 total_env_steps=43955 t=0.16s
Ep 1097: len= 13 黑胜 loss=16.9438 temp=0.25 total_env_steps=43968 t=0.07s
Ep 1098: len= 43 黑胜 loss=15.7734 temp=0.25 total_env_steps=44011 t=0.16s
Ep 1099: len= 36 白胜 loss=18.7478 temp=0.25 total_env_steps=44047 t=0.12s
Ep 1100: len= 30 白胜 loss=16.4520 temp=0.25 total_env_steps=44077 t=0.11s
Ep 1101: len= 38 白胜 loss=18.6052 temp=0.25 total_env_steps=44115 t=0.12s
Ep 1102: len= 19 黑胜 loss=18.3780 temp=0.25 total_env_steps=44134 t=0.07s
Ep 1103: len= 34 白胜 loss=20.0323 temp=0.25 total_env_steps=44168 t=0.11s
Ep 1104: len= 34 白胜 loss=18.3514 temp=0.25 total_env_steps=44202 t=0.10s
Ep 1105: len= 15 黑胜 loss=19.1253 temp=0.25 total_env_steps=44217 t=0.06s
Ep 1106: len= 13 黑胜 loss=18.8822 temp=0.25 total_env_steps=44230 t=0.06s
Ep 1107: len= 15 黑胜 loss=18.3268 temp=0.25 total_env_steps=44245 t=0.07s
Ep 1108: len= 28 白胜 loss=17.6979 temp=0.25 total_env_steps=44273 t=0.10s
Ep 1109: len= 20 白胜 loss=16.9531 temp=0.25 total_env_steps=44293 t=0.08s
Ep 1110: len= 35 黑胜 loss=19.2391 temp=0.25 total_env_steps=44328 t=0.12s
Ep 1111: len= 15 黑胜 loss=17.9619 temp=0.25 total_env_steps=44343 t=0.07s
Ep 1112: len= 52 白胜 loss=17.6469 temp=0.25 total_env_steps=44395 t=0.17s
Ep 1113: len= 34 白胜 loss=19.1906 temp=0.25 total_env_steps=44429 t=0.12s
Ep 1114: len= 28 白胜 loss=17.5582 temp=0.25 total_env_steps=44457 t=0.10s
Ep 1115: len= 58 白胜 loss=18.2867 temp=0.25 total_env_steps=44515 t=0.19s
Ep 1116: len= 20 白胜 loss=17.2822 temp=0.25 total_env_steps=44535 t=0.08s
Ep 1117: len= 61 黑胜 loss=18.3789 temp=0.25 total_env_steps=44596 t=0.18s
Ep 1118: len= 18 白胜 loss=17.6927 temp=0.25 total_env_steps=44614 t=0.07s
Ep 1119: len= 56 白胜 loss=17.6965 temp=0.25 total_env_steps=44670 t=0.17s
Ep 1120: len= 81 黑胜 loss=19.2227 temp=0.25 total_env_steps=44751 t=0.21s
Ep 1121: len= 36 白胜 loss=17.5854 temp=0.25 total_env_steps=44787 t=0.12s
Ep 1122: len= 39 黑胜 loss=18.3674 temp=0.25 total_env_steps=44826 t=0.13s
Ep 1123: len= 33 黑胜 loss=16.5986 temp=0.25 total_env_steps=44859 t=0.10s
Ep 1124: len= 13 黑胜 loss=17.9821 temp=0.25 total_env_steps=44872 t=0.06s
Ep 1125: len= 31 黑胜 loss=16.6935 temp=0.25 total_env_steps=44903 t=0.10s
Ep 1126: len= 13 黑胜 loss=20.2660 temp=0.25 total_env_steps=44916 t=0.05s
Ep 1127: len= 34 白胜 loss=18.8083 temp=0.25 total_env_steps=44950 t=0.10s
Ep 1128: len= 31 黑胜 loss=17.7255 temp=0.25 total_env_steps=44981 t=0.11s
Ep 1129: len= 21 黑胜 loss=16.0121 temp=0.25 total_env_steps=45002 t=0.07s
Ep 1130: len= 48 白胜 loss=16.9714 temp=0.25 total_env_steps=45050 t=0.15s
Ep 1131: len= 22 白胜 loss=19.8494 temp=0.25 total_env_steps=45072 t=0.08s
Ep 1132: len= 21 黑胜 loss=18.7786 temp=0.25 total_env_steps=45093 t=0.07s
Ep 1133: len= 35 黑胜 loss=18.2574 temp=0.25 total_env_steps=45128 t=0.12s
Ep 1134: len= 45 黑胜 loss=18.4040 temp=0.25 total_env_steps=45173 t=0.13s
Ep 1135: len= 46 白胜 loss=17.2939 temp=0.25 total_env_steps=45219 t=0.14s
Ep 1136: len= 34 白胜 loss=17.5742 temp=0.25 total_env_steps=45253 t=0.11s
Ep 1137: len= 15 黑胜 loss=19.4326 temp=0.25 total_env_steps=45268 t=0.07s
Ep 1138: len= 54 白胜 loss=18.1026 temp=0.25 total_env_steps=45322 t=0.16s
Ep 1139: len= 31 黑胜 loss=17.9252 temp=0.25 total_env_steps=45353 t=0.10s
Ep 1140: len= 21 黑胜 loss=17.6378 temp=0.25 total_env_steps=45374 t=0.08s
Ep 1141: len= 42 白胜 loss=18.7961 temp=0.25 total_env_steps=45416 t=0.16s
Ep 1142: len= 13 黑胜 loss=16.7120 temp=0.25 total_env_steps=45429 t=0.06s
Ep 1143: len= 23 黑胜 loss=18.5536 temp=0.25 total_env_steps=45452 t=0.09s
Ep 1144: len= 22 白胜 loss=18.5710 temp=0.25 total_env_steps=45474 t=0.08s
Ep 1145: len= 32 白胜 loss=17.3827 temp=0.25 total_env_steps=45506 t=0.10s
Ep 1146: len= 15 黑胜 loss=18.5889 temp=0.25 total_env_steps=45521 t=0.07s
Ep 1147: len= 13 黑胜 loss=18.6815 temp=0.25 total_env_steps=45534 t=0.06s
Ep 1148: len= 15 黑胜 loss=17.7669 temp=0.25 total_env_steps=45549 t=0.06s
Ep 1149: len= 15 黑胜 loss=19.0535 temp=0.25 total_env_steps=45564 t=0.06s
Ep 1150: len= 21 黑胜 loss=15.9915 temp=0.25 total_env_steps=45585 t=0.07s
Ep 1151: len= 53 黑胜 loss=18.8320 temp=0.25 total_env_steps=45638 t=0.16s
Ep 1152: len= 19 黑胜 loss=19.2116 temp=0.25 total_env_steps=45657 t=0.08s
Ep 1153: len= 47 黑胜 loss=18.0683 temp=0.25 total_env_steps=45704 t=0.14s
Ep 1154: len= 18 白胜 loss=19.4387 temp=0.25 total_env_steps=45722 t=0.07s
Ep 1155: len= 13 黑胜 loss=16.9171 temp=0.25 total_env_steps=45735 t=0.05s
Ep 1156: len= 15 黑胜 loss=16.7211 temp=0.25 total_env_steps=45750 t=0.07s
Ep 1157: len= 13 黑胜 loss=16.5107 temp=0.25 total_env_steps=45763 t=0.06s
Ep 1158: len= 45 黑胜 loss=15.9167 temp=0.25 total_env_steps=45808 t=0.13s
Ep 1159: len= 45 黑胜 loss=18.2344 temp=0.25 total_env_steps=45853 t=0.14s
Ep 1160: len= 21 黑胜 loss=19.0440 temp=0.25 total_env_steps=45874 t=0.08s
Ep 1161: len= 13 黑胜 loss=16.8253 temp=0.25 total_env_steps=45887 t=0.06s
Ep 1162: len= 28 白胜 loss=17.7090 temp=0.25 total_env_steps=45915 t=0.09s
Ep 1163: len= 23 黑胜 loss=17.2714 temp=0.25 total_env_steps=45938 t=0.08s
Ep 1164: len= 81 平局 loss=18.4528 temp=0.25 total_env_steps=46019 t=0.24s
Ep 1165: len= 33 黑胜 loss=16.5716 temp=0.25 total_env_steps=46052 t=0.12s
Ep 1166: len= 15 黑胜 loss=19.6443 temp=0.25 total_env_steps=46067 t=0.06s
Ep 1167: len= 13 黑胜 loss=14.2837 temp=0.25 total_env_steps=46080 t=0.06s
Ep 1168: len= 31 黑胜 loss=16.7097 temp=0.25 total_env_steps=46111 t=0.11s
Ep 1169: len= 54 白胜 loss=16.3299 temp=0.25 total_env_steps=46165 t=0.16s
Ep 1170: len= 33 黑胜 loss=16.0074 temp=0.25 total_env_steps=46198 t=0.11s
Ep 1171: len= 18 白胜 loss=15.3549 temp=0.25 total_env_steps=46216 t=0.07s
Ep 1172: len= 70 白胜 loss=17.7556 temp=0.25 total_env_steps=46286 t=0.20s
Ep 1173: len= 13 黑胜 loss=17.0513 temp=0.25 total_env_steps=46299 t=0.07s
Ep 1174: len= 13 黑胜 loss=17.9303 temp=0.25 total_env_steps=46312 t=0.07s
Ep 1175: len= 36 白胜 loss=18.5701 temp=0.25 total_env_steps=46348 t=0.12s
Ep 1176: len= 28 白胜 loss=15.9682 temp=0.25 total_env_steps=46376 t=0.09s
Ep 1177: len= 27 黑胜 loss=17.5109 temp=0.25 total_env_steps=46403 t=0.10s
Ep 1178: len= 31 黑胜 loss=16.7866 temp=0.25 total_env_steps=46434 t=0.10s
Ep 1179: len= 31 黑胜 loss=16.7552 temp=0.25 total_env_steps=46465 t=0.10s
Ep 1180: len= 22 白胜 loss=17.6843 temp=0.25 total_env_steps=46487 t=0.08s
Ep 1181: len= 28 白胜 loss=14.9957 temp=0.25 total_env_steps=46515 t=0.09s
Ep 1182: len= 42 白胜 loss=16.7299 temp=0.25 total_env_steps=46557 t=0.13s
Ep 1183: len= 27 黑胜 loss=17.9889 temp=0.25 total_env_steps=46584 t=0.12s
Ep 1184: len= 21 黑胜 loss=17.9920 temp=0.25 total_env_steps=46605 t=0.10s
Ep 1185: len= 21 黑胜 loss=18.6190 temp=0.25 total_env_steps=46626 t=0.09s
Ep 1186: len= 32 白胜 loss=18.9284 temp=0.25 total_env_steps=46658 t=0.11s
Ep 1187: len= 19 黑胜 loss=16.1457 temp=0.25 total_env_steps=46677 t=0.07s
Ep 1188: len= 35 黑胜 loss=16.9458 temp=0.25 total_env_steps=46712 t=0.12s
Ep 1189: len= 13 黑胜 loss=17.6393 temp=0.25 total_env_steps=46725 t=0.06s
Ep 1190: len= 13 黑胜 loss=17.3694 temp=0.25 total_env_steps=46738 t=0.06s
Ep 1191: len= 56 白胜 loss=16.2541 temp=0.25 total_env_steps=46794 t=0.16s
Ep 1192: len= 49 黑胜 loss=15.8327 temp=0.25 total_env_steps=46843 t=0.15s
Ep 1193: len= 33 黑胜 loss=15.1996 temp=0.25 total_env_steps=46876 t=0.11s
Ep 1194: len= 19 黑胜 loss=17.7454 temp=0.25 total_env_steps=46895 t=0.07s
Ep 1195: len= 37 黑胜 loss=16.8562 temp=0.25 total_env_steps=46932 t=0.13s
Ep 1196: len= 66 白胜 loss=16.9219 temp=0.25 total_env_steps=46998 t=0.18s
Ep 1197: len= 25 黑胜 loss=18.5928 temp=0.25 total_env_steps=47023 t=0.09s
Ep 1198: len= 13 黑胜 loss=15.3211 temp=0.25 total_env_steps=47036 t=0.06s
Ep 1199: len= 13 黑胜 loss=17.6780 temp=0.25 total_env_steps=47049 t=0.06s
Ep 1200: len= 36 白胜 loss=17.2487 temp=0.25 total_env_steps=47085 t=0.13s
  eval vs Gomoku-random-v0: win_rate=0.95 mean_return=0.90（20 局，total_env_steps=47085）
Ep 1201: len= 46 白胜 loss=15.8861 temp=0.25 total_env_steps=47131 t=0.14s
Ep 1202: len= 15 黑胜 loss=15.0843 temp=0.25 total_env_steps=47146 t=0.07s
Ep 1203: len= 69 黑胜 loss=16.4725 temp=0.25 total_env_steps=47215 t=0.19s
Ep 1204: len= 49 黑胜 loss=17.5458 temp=0.25 total_env_steps=47264 t=0.15s
Ep 1205: len= 30 白胜 loss=17.5441 temp=0.25 total_env_steps=47294 t=0.10s
Ep 1206: len= 61 黑胜 loss=18.0074 temp=0.25 total_env_steps=47355 t=0.18s
Ep 1207: len= 13 黑胜 loss=15.3400 temp=0.25 total_env_steps=47368 t=0.06s
Ep 1208: len= 33 黑胜 loss=17.7403 temp=0.25 total_env_steps=47401 t=0.10s
Ep 1209: len= 15 黑胜 loss=14.8552 temp=0.25 total_env_steps=47416 t=0.07s
Ep 1210: len= 26 白胜 loss=15.5059 temp=0.25 total_env_steps=47442 t=0.09s
Ep 1211: len= 50 白胜 loss=14.0765 temp=0.25 total_env_steps=47492 t=0.15s
Ep 1212: len= 43 黑胜 loss=16.8771 temp=0.25 total_env_steps=47535 t=0.14s
Ep 1213: len= 34 白胜 loss=18.2559 temp=0.25 total_env_steps=47569 t=0.12s
Ep 1214: len= 15 黑胜 loss=16.7268 temp=0.25 total_env_steps=47584 t=0.07s
Ep 1215: len= 17 黑胜 loss=17.3858 temp=0.25 total_env_steps=47601 t=0.07s
Ep 1216: len= 29 黑胜 loss=18.1035 temp=0.25 total_env_steps=47630 t=0.10s
Ep 1217: len= 40 白胜 loss=16.6115 temp=0.25 total_env_steps=47670 t=0.13s
Ep 1218: len= 51 黑胜 loss=17.3686 temp=0.25 total_env_steps=47721 t=0.17s
Ep 1219: len= 45 黑胜 loss=16.0771 temp=0.25 total_env_steps=47766 t=0.16s
Ep 1220: len= 19 黑胜 loss=18.9308 temp=0.25 total_env_steps=47785 t=0.07s
Ep 1221: len= 27 黑胜 loss=17.8943 temp=0.25 total_env_steps=47812 t=0.10s
Ep 1222: len= 33 黑胜 loss=16.5702 temp=0.25 total_env_steps=47845 t=0.11s
Ep 1223: len= 13 黑胜 loss=15.4089 temp=0.25 total_env_steps=47858 t=0.08s
Ep 1224: len= 13 黑胜 loss=17.8029 temp=0.25 total_env_steps=47871 t=0.06s
Ep 1225: len= 33 黑胜 loss=16.9184 temp=0.25 total_env_steps=47904 t=0.10s
Ep 1226: len= 15 黑胜 loss=16.9738 temp=0.25 total_env_steps=47919 t=0.07s
Ep 1227: len= 66 白胜 loss=17.1428 temp=0.25 total_env_steps=47985 t=0.18s
Ep 1228: len= 48 白胜 loss=16.5963 temp=0.25 total_env_steps=48033 t=0.14s
Ep 1229: len= 43 黑胜 loss=16.2546 temp=0.25 total_env_steps=48076 t=0.13s
Ep 1230: len= 18 白胜 loss=16.7653 temp=0.25 total_env_steps=48094 t=0.07s
Ep 1231: len= 52 白胜 loss=17.1781 temp=0.25 total_env_steps=48146 t=0.16s
Ep 1232: len= 32 白胜 loss=16.5625 temp=0.25 total_env_steps=48178 t=0.11s
Ep 1233: len= 27 黑胜 loss=16.0211 temp=0.25 total_env_steps=48205 t=0.09s
Ep 1234: len= 55 黑胜 loss=16.4475 temp=0.25 total_env_steps=48260 t=0.16s
Ep 1235: len= 40 白胜 loss=16.7335 temp=0.25 total_env_steps=48300 t=0.12s
Ep 1236: len= 32 白胜 loss=19.2133 temp=0.25 total_env_steps=48332 t=0.11s
Ep 1237: len= 13 黑胜 loss=15.6528 temp=0.25 total_env_steps=48345 t=0.06s
Ep 1238: len= 17 黑胜 loss=16.3615 temp=0.25 total_env_steps=48362 t=0.07s
Ep 1239: len= 17 黑胜 loss=16.5944 temp=0.25 total_env_steps=48379 t=0.08s
Ep 1240: len= 22 白胜 loss=19.4231 temp=0.25 total_env_steps=48401 t=0.08s
Ep 1241: len= 19 黑胜 loss=16.1074 temp=0.25 total_env_steps=48420 t=0.08s
Ep 1242: len= 41 黑胜 loss=19.2032 temp=0.25 total_env_steps=48461 t=0.14s
Ep 1243: len= 13 黑胜 loss=15.8576 temp=0.25 total_env_steps=48474 t=0.07s
Ep 1244: len= 25 黑胜 loss=16.3716 temp=0.25 total_env_steps=48499 t=0.10s
Ep 1245: len= 30 白胜 loss=18.3683 temp=0.25 total_env_steps=48529 t=0.10s
Ep 1246: len= 25 黑胜 loss=14.8261 temp=0.25 total_env_steps=48554 t=0.09s
Ep 1247: len= 17 黑胜 loss=15.0767 temp=0.25 total_env_steps=48571 t=0.07s
Ep 1248: len= 41 黑胜 loss=17.2914 temp=0.25 total_env_steps=48612 t=0.12s
Ep 1249: len= 38 白胜 loss=15.8247 temp=0.25 total_env_steps=48650 t=0.12s
Ep 1250: len= 48 白胜 loss=16.3689 temp=0.25 total_env_steps=48698 t=0.14s
Ep 1251: len= 32 白胜 loss=17.1385 temp=0.25 total_env_steps=48730 t=0.11s
Ep 1252: len= 22 白胜 loss=15.9387 temp=0.25 total_env_steps=48752 t=0.08s
Ep 1253: len= 50 白胜 loss=16.9093 temp=0.25 total_env_steps=48802 t=0.14s
Ep 1254: len= 22 白胜 loss=15.6062 temp=0.25 total_env_steps=48824 t=0.08s
Ep 1255: len= 27 黑胜 loss=17.8618 temp=0.25 total_env_steps=48851 t=0.10s
Ep 1256: len= 13 黑胜 loss=16.0148 temp=0.25 total_env_steps=48864 t=0.06s
Ep 1257: len= 27 黑胜 loss=17.7813 temp=0.25 total_env_steps=48891 t=0.09s
Ep 1258: len= 59 黑胜 loss=16.1946 temp=0.25 total_env_steps=48950 t=0.18s
Ep 1259: len= 32 白胜 loss=15.8745 temp=0.25 total_env_steps=48982 t=0.13s
Ep 1260: len= 44 白胜 loss=17.2943 temp=0.25 total_env_steps=49026 t=0.15s
Ep 1261: len= 13 黑胜 loss=16.0095 temp=0.25 total_env_steps=49039 t=0.06s
Ep 1262: len= 23 黑胜 loss=16.0302 temp=0.25 total_env_steps=49062 t=0.08s
Ep 1263: len= 25 黑胜 loss=18.8355 temp=0.25 total_env_steps=49087 t=0.09s
Ep 1264: len= 13 黑胜 loss=17.4515 temp=0.25 total_env_steps=49100 t=0.07s
Ep 1265: len= 27 黑胜 loss=17.7252 temp=0.25 total_env_steps=49127 t=0.10s
Ep 1266: len= 19 黑胜 loss=17.6980 temp=0.25 total_env_steps=49146 t=0.07s
Ep 1267: len= 27 黑胜 loss=16.7079 temp=0.25 total_env_steps=49173 t=0.09s
Ep 1268: len= 62 白胜 loss=15.9337 temp=0.25 total_env_steps=49235 t=0.18s
Ep 1269: len= 30 白胜 loss=15.6456 temp=0.25 total_env_steps=49265 t=0.10s
Ep 1270: len= 28 白胜 loss=18.8075 temp=0.25 total_env_steps=49293 t=0.10s
Ep 1271: len= 28 白胜 loss=16.4041 temp=0.25 total_env_steps=49321 t=0.10s
Ep 1272: len= 34 白胜 loss=15.6659 temp=0.25 total_env_steps=49355 t=0.11s
Ep 1273: len= 17 黑胜 loss=17.9958 temp=0.25 total_env_steps=49372 t=0.07s
Ep 1274: len= 36 白胜 loss=16.2689 temp=0.25 total_env_steps=49408 t=0.11s
Ep 1275: len= 31 黑胜 loss=16.0889 temp=0.25 total_env_steps=49439 t=0.11s
Ep 1276: len= 40 白胜 loss=17.4405 temp=0.25 total_env_steps=49479 t=0.13s
Ep 1277: len= 35 黑胜 loss=15.5729 temp=0.25 total_env_steps=49514 t=0.11s
Ep 1278: len= 45 黑胜 loss=16.5538 temp=0.25 total_env_steps=49559 t=0.13s
Ep 1279: len= 26 白胜 loss=15.7043 temp=0.25 total_env_steps=49585 t=0.09s
Ep 1280: len= 58 白胜 loss=19.0087 temp=0.25 total_env_steps=49643 t=0.18s
Ep 1281: len= 20 白胜 loss=17.6174 temp=0.25 total_env_steps=49663 t=0.08s
Ep 1282: len= 28 白胜 loss=17.4506 temp=0.25 total_env_steps=49691 t=0.10s
Ep 1283: len= 55 黑胜 loss=17.0719 temp=0.25 total_env_steps=49746 t=0.17s
Ep 1284: len= 53 黑胜 loss=14.2952 temp=0.25 total_env_steps=49799 t=0.16s
Ep 1285: len= 24 白胜 loss=19.0730 temp=0.25 total_env_steps=49823 t=0.09s
Ep 1286: len= 32 白胜 loss=17.0982 temp=0.25 total_env_steps=49855 t=0.10s
Ep 1287: len= 21 黑胜 loss=17.4150 temp=0.25 total_env_steps=49876 t=0.08s
Ep 1288: len= 20 白胜 loss=15.9410 temp=0.25 total_env_steps=49896 t=0.07s
Ep 1289: len= 45 黑胜 loss=18.4749 temp=0.25 total_env_steps=49941 t=0.14s
Ep 1290: len= 36 白胜 loss=14.1905 temp=0.25 total_env_steps=49977 t=0.12s
Ep 1291: len= 53 黑胜 loss=16.3275 temp=0.25 total_env_steps=50030 t=0.14s
Ep 1292: len= 21 黑胜 loss=17.2818 temp=0.25 total_env_steps=50051 t=0.08s
Ep 1293: len= 30 白胜 loss=17.4510 temp=0.25 total_env_steps=50081 t=0.10s
Ep 1294: len= 55 黑胜 loss=15.9027 temp=0.25 total_env_steps=50136 t=0.16s
Ep 1295: len= 53 黑胜 loss=18.4129 temp=0.25 total_env_steps=50189 t=0.15s
Ep 1296: len= 27 黑胜 loss=16.9694 temp=0.25 total_env_steps=50216 t=0.09s
Ep 1297: len= 44 白胜 loss=18.1415 temp=0.25 total_env_steps=50260 t=0.14s
Ep 1298: len= 23 黑胜 loss=17.4028 temp=0.25 total_env_steps=50283 t=0.08s
Ep 1299: len= 36 白胜 loss=17.8589 temp=0.25 total_env_steps=50319 t=0.11s
Ep 1300: len= 24 白胜 loss=16.2160 temp=0.25 total_env_steps=50343 t=0.09s
Ep 1301: len= 23 黑胜 loss=17.0014 temp=0.25 total_env_steps=50366 t=0.08s
Ep 1302: len= 63 黑胜 loss=16.1051 temp=0.25 total_env_steps=50429 t=0.21s
Ep 1303: len= 13 黑胜 loss=16.4766 temp=0.25 total_env_steps=50442 t=0.06s
Ep 1304: len= 42 白胜 loss=16.7587 temp=0.25 total_env_steps=50484 t=0.14s
Ep 1305: len= 57 黑胜 loss=16.7243 temp=0.25 total_env_steps=50541 t=0.16s
Ep 1306: len= 23 黑胜 loss=17.0302 temp=0.25 total_env_steps=50564 t=0.09s
Ep 1307: len= 21 黑胜 loss=18.3640 temp=0.25 total_env_steps=50585 t=0.08s
Ep 1308: len= 26 白胜 loss=14.9924 temp=0.25 total_env_steps=50611 t=0.09s
Ep 1309: len= 25 黑胜 loss=16.0923 temp=0.25 total_env_steps=50636 t=0.09s
Ep 1310: len= 21 黑胜 loss=16.3364 temp=0.25 total_env_steps=50657 t=0.08s
Ep 1311: len= 23 黑胜 loss=16.6659 temp=0.25 total_env_steps=50680 t=0.09s
Ep 1312: len= 25 黑胜 loss=17.9509 temp=0.25 total_env_steps=50705 t=0.09s
Ep 1313: len= 25 黑胜 loss=16.0856 temp=0.25 total_env_steps=50730 t=0.09s
Ep 1314: len= 32 白胜 loss=17.5751 temp=0.25 total_env_steps=50762 t=0.11s
Ep 1315: len= 22 白胜 loss=15.0939 temp=0.25 total_env_steps=50784 t=0.09s
Ep 1316: len= 21 黑胜 loss=17.7256 temp=0.25 total_env_steps=50805 t=0.08s
Ep 1317: len= 23 黑胜 loss=16.6462 temp=0.25 total_env_steps=50828 t=0.08s
Ep 1318: len= 13 黑胜 loss=16.3107 temp=0.25 total_env_steps=50841 t=0.07s
Ep 1319: len= 21 黑胜 loss=15.5974 temp=0.25 total_env_steps=50862 t=0.07s
Ep 1320: len= 23 黑胜 loss=17.6279 temp=0.25 total_env_steps=50885 t=0.09s
Ep 1321: len= 27 黑胜 loss=15.7037 temp=0.25 total_env_steps=50912 t=0.10s
Ep 1322: len= 25 黑胜 loss=14.5709 temp=0.25 total_env_steps=50937 t=0.09s
Ep 1323: len= 15 黑胜 loss=15.8682 temp=0.25 total_env_steps=50952 t=0.07s
Ep 1324: len= 25 黑胜 loss=16.8896 temp=0.25 total_env_steps=50977 t=0.10s
Ep 1325: len= 17 黑胜 loss=15.9656 temp=0.25 total_env_steps=50994 t=0.07s
Ep 1326: len= 13 黑胜 loss=15.5493 temp=0.25 total_env_steps=51007 t=0.07s
Ep 1327: len= 13 黑胜 loss=14.6866 temp=0.25 total_env_steps=51020 t=0.06s
Ep 1328: len= 21 黑胜 loss=14.6261 temp=0.25 total_env_steps=51041 t=0.08s
Ep 1329: len= 52 白胜 loss=17.2104 temp=0.25 total_env_steps=51093 t=0.16s
Ep 1330: len= 17 黑胜 loss=14.3012 temp=0.25 total_env_steps=51110 t=0.07s
Ep 1331: len= 21 黑胜 loss=17.1033 temp=0.25 total_env_steps=51131 t=0.08s
Ep 1332: len= 23 黑胜 loss=14.8551 temp=0.25 total_env_steps=51154 t=0.08s
Ep 1333: len= 27 黑胜 loss=17.6352 temp=0.25 total_env_steps=51181 t=0.10s
Ep 1334: len= 23 黑胜 loss=16.3090 temp=0.25 total_env_steps=51204 t=0.08s
Ep 1335: len= 21 黑胜 loss=17.2932 temp=0.25 total_env_steps=51225 t=0.09s
Ep 1336: len= 23 黑胜 loss=16.6501 temp=0.25 total_env_steps=51248 t=0.08s
Ep 1337: len= 32 白胜 loss=16.9027 temp=0.25 total_env_steps=51280 t=0.11s
Ep 1338: len= 25 黑胜 loss=16.3876 temp=0.25 total_env_steps=51305 t=0.09s
Ep 1339: len= 41 黑胜 loss=16.7531 temp=0.25 total_env_steps=51346 t=0.14s
Ep 1340: len= 30 白胜 loss=15.9895 temp=0.25 total_env_steps=51376 t=0.13s
Ep 1341: len= 21 黑胜 loss=16.4394 temp=0.25 total_env_steps=51397 t=0.10s
Ep 1342: len= 21 黑胜 loss=16.7473 temp=0.25 total_env_steps=51418 t=0.09s
Ep 1343: len= 21 黑胜 loss=15.1027 temp=0.25 total_env_steps=51439 t=0.10s
Ep 1344: len= 23 黑胜 loss=15.6939 temp=0.25 total_env_steps=51462 t=0.09s
Ep 1345: len= 25 黑胜 loss=16.4649 temp=0.25 total_env_steps=51487 t=0.08s
Ep 1346: len= 29 黑胜 loss=15.3554 temp=0.25 total_env_steps=51516 t=0.10s
Ep 1347: len= 13 黑胜 loss=14.6432 temp=0.25 total_env_steps=51529 t=0.06s
Ep 1348: len= 28 白胜 loss=14.1820 temp=0.25 total_env_steps=51557 t=0.10s
Ep 1349: len= 19 黑胜 loss=15.8136 temp=0.25 total_env_steps=51576 t=0.07s
Ep 1350: len= 21 黑胜 loss=16.1220 temp=0.25 total_env_steps=51597 t=0.09s
Ep 1351: len= 21 黑胜 loss=15.3022 temp=0.25 total_env_steps=51618 t=0.08s
Ep 1352: len= 22 白胜 loss=17.4212 temp=0.25 total_env_steps=51640 t=0.09s
Ep 1353: len= 43 黑胜 loss=13.6216 temp=0.25 total_env_steps=51683 t=0.14s
Ep 1354: len= 21 黑胜 loss=17.1013 temp=0.25 total_env_steps=51704 t=0.08s
Ep 1355: len= 13 黑胜 loss=16.6496 temp=0.25 total_env_steps=51717 t=0.07s
Ep 1356: len= 21 黑胜 loss=16.1617 temp=0.25 total_env_steps=51738 t=0.08s
Ep 1357: len= 23 黑胜 loss=14.3861 temp=0.25 total_env_steps=51761 t=0.09s
Ep 1358: len= 20 白胜 loss=17.0060 temp=0.25 total_env_steps=51781 t=0.08s
Ep 1359: len= 35 黑胜 loss=17.6296 temp=0.25 total_env_steps=51816 t=0.11s
Ep 1360: len= 19 黑胜 loss=15.1148 temp=0.25 total_env_steps=51835 t=0.08s
Ep 1361: len= 42 白胜 loss=17.8358 temp=0.25 total_env_steps=51877 t=0.13s
Ep 1362: len= 21 黑胜 loss=16.0598 temp=0.25 total_env_steps=51898 t=0.09s
Ep 1363: len= 71 黑胜 loss=16.4755 temp=0.25 total_env_steps=51969 t=0.20s
Ep 1364: len= 46 白胜 loss=16.3291 temp=0.25 total_env_steps=52015 t=0.13s
Ep 1365: len= 20 白胜 loss=14.2548 temp=0.25 total_env_steps=52035 t=0.08s
Ep 1366: len= 19 黑胜 loss=15.6342 temp=0.25 total_env_steps=52054 t=0.08s
Ep 1367: len= 35 黑胜 loss=16.7858 temp=0.25 total_env_steps=52089 t=0.12s
Ep 1368: len= 68 白胜 loss=17.3614 temp=0.25 total_env_steps=52157 t=0.20s
Ep 1369: len= 18 白胜 loss=15.9096 temp=0.25 total_env_steps=52175 t=0.08s
Ep 1370: len= 30 白胜 loss=14.4625 temp=0.25 total_env_steps=52205 t=0.10s
Ep 1371: len= 40 白胜 loss=17.3869 temp=0.25 total_env_steps=52245 t=0.13s
Ep 1372: len= 19 黑胜 loss=18.6515 temp=0.25 total_env_steps=52264 t=0.08s
Ep 1373: len= 31 黑胜 loss=15.2906 temp=0.25 total_env_steps=52295 t=0.10s
Ep 1374: len= 19 黑胜 loss=14.1611 temp=0.25 total_env_steps=52314 t=0.08s
Ep 1375: len= 33 黑胜 loss=15.8764 temp=0.25 total_env_steps=52347 t=0.11s
Ep 1376: len= 16 白胜 loss=14.8899 temp=0.25 total_env_steps=52363 t=0.08s
Ep 1377: len= 18 白胜 loss=15.5794 temp=0.25 total_env_steps=52381 t=0.08s
Ep 1378: len= 19 黑胜 loss=14.9522 temp=0.25 total_env_steps=52400 t=0.08s
Ep 1379: len= 19 黑胜 loss=16.2106 temp=0.25 total_env_steps=52419 t=0.08s
Ep 1380: len= 59 黑胜 loss=16.9154 temp=0.25 total_env_steps=52478 t=0.18s
Ep 1381: len= 56 白胜 loss=18.1177 temp=0.25 total_env_steps=52534 t=0.17s
Ep 1382: len= 19 黑胜 loss=15.6709 temp=0.25 total_env_steps=52553 t=0.08s
Ep 1383: len= 21 黑胜 loss=16.2539 temp=0.25 total_env_steps=52574 t=0.09s
Ep 1384: len= 22 白胜 loss=15.0981 temp=0.25 total_env_steps=52596 t=0.10s
Ep 1385: len= 37 黑胜 loss=15.7336 temp=0.25 total_env_steps=52633 t=0.13s
Ep 1386: len= 38 白胜 loss=14.3191 temp=0.25 total_env_steps=52671 t=0.12s
Ep 1387: len= 33 黑胜 loss=17.9346 temp=0.25 total_env_steps=52704 t=0.11s
Ep 1388: len= 31 黑胜 loss=15.7013 temp=0.25 total_env_steps=52735 t=0.11s
Ep 1389: len= 19 黑胜 loss=18.1614 temp=0.25 total_env_steps=52754 t=0.09s
Ep 1390: len= 28 白胜 loss=14.9943 temp=0.25 total_env_steps=52782 t=0.10s
Ep 1391: len= 21 黑胜 loss=15.7503 temp=0.25 total_env_steps=52803 t=0.08s
Ep 1392: len= 29 黑胜 loss=17.1986 temp=0.25 total_env_steps=52832 t=0.10s
Ep 1393: len= 17 黑胜 loss=14.4590 temp=0.25 total_env_steps=52849 t=0.07s
Ep 1394: len= 19 黑胜 loss=14.9966 temp=0.25 total_env_steps=52868 t=0.08s
Ep 1395: len= 20 白胜 loss=13.9462 temp=0.25 total_env_steps=52888 t=0.09s
Ep 1396: len= 19 黑胜 loss=16.4555 temp=0.25 total_env_steps=52907 t=0.09s
Ep 1397: len= 19 黑胜 loss=16.3693 temp=0.25 total_env_steps=52926 t=0.09s
Ep 1398: len= 33 黑胜 loss=17.4939 temp=0.25 total_env_steps=52959 t=0.11s
Ep 1399: len= 19 黑胜 loss=16.9236 temp=0.25 total_env_steps=52978 t=0.08s
Ep 1400: len= 19 黑胜 loss=16.4961 temp=0.25 total_env_steps=52997 t=0.07s
  eval vs Gomoku-random-v0: win_rate=0.95 mean_return=0.90（20 局，total_env_steps=52997）
Ep 1401: len= 19 黑胜 loss=14.2861 temp=0.25 total_env_steps=53016 t=0.09s
Ep 1402: len= 21 黑胜 loss=16.8081 temp=0.25 total_env_steps=53037 t=0.09s
Ep 1403: len= 18 白胜 loss=17.1243 temp=0.25 total_env_steps=53055 t=0.09s
Ep 1404: len= 18 白胜 loss=14.6777 temp=0.25 total_env_steps=53073 t=0.08s
Ep 1405: len= 29 黑胜 loss=14.6525 temp=0.25 total_env_steps=53102 t=0.09s
Ep 1406: len= 38 白胜 loss=15.7307 temp=0.25 total_env_steps=53140 t=0.12s
Ep 1407: len= 40 白胜 loss=17.5118 temp=0.25 total_env_steps=53180 t=0.12s
Ep 1408: len= 18 白胜 loss=15.1028 temp=0.25 total_env_steps=53198 t=0.07s
Ep 1409: len= 26 白胜 loss=13.6936 temp=0.25 total_env_steps=53224 t=0.08s
Ep 1410: len= 19 黑胜 loss=15.4301 temp=0.25 total_env_steps=53243 t=0.07s
Ep 1411: len= 45 黑胜 loss=15.2077 temp=0.25 total_env_steps=53288 t=0.14s
Ep 1412: len= 26 白胜 loss=15.9584 temp=0.25 total_env_steps=53314 t=0.09s
Ep 1413: len= 28 白胜 loss=14.2605 temp=0.25 total_env_steps=53342 t=0.10s
Ep 1414: len= 38 白胜 loss=15.9620 temp=0.25 total_env_steps=53380 t=0.12s
Ep 1415: len= 26 白胜 loss=15.3017 temp=0.25 total_env_steps=53406 t=0.09s
Ep 1416: len= 13 黑胜 loss=13.5664 temp=0.25 total_env_steps=53419 t=0.06s
Ep 1417: len= 16 白胜 loss=17.0945 temp=0.25 total_env_steps=53435 t=0.07s
Ep 1418: len= 28 白胜 loss=17.0756 temp=0.25 total_env_steps=53463 t=0.09s
Ep 1419: len= 27 黑胜 loss=15.5072 temp=0.25 total_env_steps=53490 t=0.09s
Ep 1420: len= 19 黑胜 loss=15.1650 temp=0.25 total_env_steps=53509 t=0.08s
Ep 1421: len= 19 黑胜 loss=15.8330 temp=0.25 total_env_steps=53528 t=0.10s
Ep 1422: len= 18 白胜 loss=14.4805 temp=0.25 total_env_steps=53546 t=0.08s
Ep 1423: len= 32 白胜 loss=15.1748 temp=0.25 total_env_steps=53578 t=0.11s
Ep 1424: len= 19 黑胜 loss=13.6434 temp=0.25 total_env_steps=53597 t=0.08s
Ep 1425: len= 44 白胜 loss=16.1153 temp=0.25 total_env_steps=53641 t=0.14s
Ep 1426: len= 60 白胜 loss=15.2307 temp=0.25 total_env_steps=53701 t=0.17s
Ep 1427: len= 18 白胜 loss=17.2949 temp=0.25 total_env_steps=53719 t=0.07s
Ep 1428: len= 19 黑胜 loss=15.2120 temp=0.25 total_env_steps=53738 t=0.08s
Ep 1429: len= 29 黑胜 loss=14.8482 temp=0.25 total_env_steps=53767 t=0.10s
Ep 1430: len= 29 黑胜 loss=14.5945 temp=0.25 total_env_steps=53796 t=0.10s
Ep 1431: len= 16 白胜 loss=16.1635 temp=0.25 total_env_steps=53812 t=0.07s
Ep 1432: len= 27 黑胜 loss=15.0421 temp=0.25 total_env_steps=53839 t=0.09s
Ep 1433: len= 23 黑胜 loss=17.1521 temp=0.25 total_env_steps=53862 t=0.09s
Ep 1434: len= 19 黑胜 loss=14.2453 temp=0.25 total_env_steps=53881 t=0.08s
Ep 1435: len= 19 黑胜 loss=14.8203 temp=0.25 total_env_steps=53900 t=0.09s
Ep 1436: len= 19 黑胜 loss=17.1199 temp=0.25 total_env_steps=53919 t=0.08s
Ep 1437: len= 20 白胜 loss=15.3529 temp=0.25 total_env_steps=53939 t=0.07s
Ep 1438: len= 19 黑胜 loss=14.4939 temp=0.25 total_env_steps=53958 t=0.08s
Ep 1439: len= 20 白胜 loss=15.2165 temp=0.25 total_env_steps=53978 t=0.07s
Ep 1440: len= 26 白胜 loss=16.2644 temp=0.25 total_env_steps=54004 t=0.09s
Ep 1441: len= 18 白胜 loss=16.1826 temp=0.25 total_env_steps=54022 t=0.07s
Ep 1442: len= 25 黑胜 loss=14.1343 temp=0.25 total_env_steps=54047 t=0.09s
Ep 1443: len= 25 黑胜 loss=13.0289 temp=0.25 total_env_steps=54072 t=0.08s
Ep 1444: len= 18 白胜 loss=15.1909 temp=0.25 total_env_steps=54090 t=0.07s
Ep 1445: len= 33 黑胜 loss=13.6768 temp=0.25 total_env_steps=54123 t=0.12s
Ep 1446: len= 18 白胜 loss=16.0510 temp=0.25 total_env_steps=54141 t=0.07s
Ep 1447: len= 16 白胜 loss=15.6010 temp=0.25 total_env_steps=54157 t=0.07s
Ep 1448: len= 19 黑胜 loss=15.5466 temp=0.25 total_env_steps=54176 t=0.09s
Ep 1449: len= 19 黑胜 loss=15.0794 temp=0.25 total_env_steps=54195 t=0.07s
Ep 1450: len= 18 白胜 loss=12.4048 temp=0.25 total_env_steps=54213 t=0.07s
Ep 1451: len= 42 白胜 loss=14.8215 temp=0.25 total_env_steps=54255 t=0.12s
Ep 1452: len= 59 黑胜 loss=12.4491 temp=0.25 total_env_steps=54314 t=0.16s
Ep 1453: len= 23 黑胜 loss=15.9847 temp=0.25 total_env_steps=54337 t=0.09s
Ep 1454: len= 46 白胜 loss=15.3837 temp=0.25 total_env_steps=54383 t=0.13s
Ep 1455: len= 42 白胜 loss=13.4289 temp=0.25 total_env_steps=54425 t=0.12s
Ep 1456: len= 24 白胜 loss=14.0151 temp=0.25 total_env_steps=54449 t=0.10s
Ep 1457: len= 21 黑胜 loss=16.1547 temp=0.25 total_env_steps=54470 t=0.10s
Ep 1458: len= 19 黑胜 loss=15.0269 temp=0.25 total_env_steps=54489 t=0.08s
Ep 1459: len= 13 黑胜 loss=15.9499 temp=0.25 total_env_steps=54502 t=0.06s
Ep 1460: len= 19 黑胜 loss=16.9719 temp=0.25 total_env_steps=54521 t=0.08s
Ep 1461: len= 18 白胜 loss=16.0414 temp=0.25 total_env_steps=54539 t=0.07s
Ep 1462: len= 21 黑胜 loss=14.4906 temp=0.25 total_env_steps=54560 t=0.08s
Ep 1463: len= 28 白胜 loss=16.0681 temp=0.25 total_env_steps=54588 t=0.10s
Ep 1464: len= 23 黑胜 loss=14.1359 temp=0.25 total_env_steps=54611 t=0.09s
Ep 1465: len= 19 黑胜 loss=12.9775 temp=0.25 total_env_steps=54630 t=0.08s
Ep 1466: len= 19 黑胜 loss=13.0750 temp=0.25 total_env_steps=54649 t=0.08s
Ep 1467: len= 16 白胜 loss=13.0117 temp=0.25 total_env_steps=54665 t=0.07s
Ep 1468: len= 18 白胜 loss=17.7561 temp=0.25 total_env_steps=54683 t=0.07s
Ep 1469: len= 19 黑胜 loss=16.0459 temp=0.25 total_env_steps=54702 t=0.08s
Ep 1470: len= 35 黑胜 loss=15.0044 temp=0.25 total_env_steps=54737 t=0.11s
Ep 1471: len= 18 白胜 loss=15.0954 temp=0.25 total_env_steps=54755 t=0.08s
Ep 1472: len= 28 白胜 loss=14.5736 temp=0.25 total_env_steps=54783 t=0.10s
Ep 1473: len= 21 黑胜 loss=12.7149 temp=0.25 total_env_steps=54804 t=0.09s
Ep 1474: len= 16 白胜 loss=15.7897 temp=0.25 total_env_steps=54820 t=0.07s
Ep 1475: len= 19 黑胜 loss=12.6007 temp=0.25 total_env_steps=54839 t=0.08s
Ep 1476: len= 19 黑胜 loss=13.4333 temp=0.25 total_env_steps=54858 t=0.08s
Ep 1477: len= 23 黑胜 loss=12.5190 temp=0.25 total_env_steps=54881 t=0.09s
Ep 1478: len= 70 白胜 loss=14.7862 temp=0.25 total_env_steps=54951 t=0.19s
Ep 1479: len= 19 黑胜 loss=14.8908 temp=0.25 total_env_steps=54970 t=0.07s
Ep 1480: len= 13 黑胜 loss=14.0877 temp=0.25 total_env_steps=54983 t=0.07s
Ep 1481: len= 47 黑胜 loss=12.5394 temp=0.25 total_env_steps=55030 t=0.13s
Ep 1482: len= 25 黑胜 loss=13.5582 temp=0.25 total_env_steps=55055 t=0.09s
Ep 1483: len= 21 黑胜 loss=12.4092 temp=0.25 total_env_steps=55076 t=0.08s
Ep 1484: len= 18 白胜 loss=14.0541 temp=0.25 total_env_steps=55094 t=0.08s
Ep 1485: len= 18 白胜 loss=14.6023 temp=0.25 total_env_steps=55112 t=0.07s
Ep 1486: len= 13 黑胜 loss=12.5329 temp=0.25 total_env_steps=55125 t=0.06s
Ep 1487: len= 34 白胜 loss=14.8748 temp=0.25 total_env_steps=55159 t=0.11s
Ep 1488: len= 67 黑胜 loss=14.0321 temp=0.25 total_env_steps=55226 t=0.20s
Ep 1489: len= 23 黑胜 loss=14.7825 temp=0.25 total_env_steps=55249 t=0.08s
Ep 1490: len= 23 黑胜 loss=14.0786 temp=0.25 total_env_steps=55272 t=0.08s
Ep 1491: len= 23 黑胜 loss=13.3282 temp=0.25 total_env_steps=55295 t=0.09s
Ep 1492: len= 17 黑胜 loss=15.6669 temp=0.25 total_env_steps=55312 t=0.07s
Ep 1493: len= 28 白胜 loss=13.1437 temp=0.25 total_env_steps=55340 t=0.10s
Ep 1494: len= 13 黑胜 loss=14.1123 temp=0.25 total_env_steps=55353 t=0.06s
Ep 1495: len= 25 黑胜 loss=11.7648 temp=0.25 total_env_steps=55378 t=0.10s
Ep 1496: len= 67 黑胜 loss=16.4405 temp=0.25 total_env_steps=55445 t=0.19s
Ep 1497: len= 28 白胜 loss=16.3352 temp=0.25 total_env_steps=55473 t=0.09s
Ep 1498: len= 30 白胜 loss=12.4358 temp=0.25 total_env_steps=55503 t=0.10s
Ep 1499: len= 25 黑胜 loss=13.9046 temp=0.25 total_env_steps=55528 t=0.09s
Ep 1500: len= 19 黑胜 loss=13.2837 temp=0.25 total_env_steps=55547 t=0.09s
Ep 1501: len= 19 黑胜 loss=11.7615 temp=0.25 total_env_steps=55566 t=0.08s
Ep 1502: len= 60 白胜 loss=13.0393 temp=0.25 total_env_steps=55626 t=0.17s
Ep 1503: len= 21 黑胜 loss=15.7106 temp=0.25 total_env_steps=55647 t=0.08s
Ep 1504: len= 19 黑胜 loss=16.2520 temp=0.25 total_env_steps=55666 t=0.08s
Ep 1505: len= 13 黑胜 loss=12.9475 temp=0.25 total_env_steps=55679 t=0.06s
Ep 1506: len= 40 白胜 loss=11.9224 temp=0.25 total_env_steps=55719 t=0.16s
Ep 1507: len= 28 白胜 loss=13.4272 temp=0.25 total_env_steps=55747 t=0.11s
Ep 1508: len= 13 黑胜 loss=15.8273 temp=0.25 total_env_steps=55760 t=0.06s
Ep 1509: len= 25 黑胜 loss=11.7646 temp=0.25 total_env_steps=55785 t=0.09s
Ep 1510: len= 19 黑胜 loss=14.5731 temp=0.25 total_env_steps=55804 t=0.07s
Ep 1511: len= 19 黑胜 loss=14.3989 temp=0.25 total_env_steps=55823 t=0.09s
Ep 1512: len= 21 黑胜 loss=10.5233 temp=0.25 total_env_steps=55844 t=0.08s
Ep 1513: len= 19 黑胜 loss=12.4611 temp=0.25 total_env_steps=55863 t=0.08s
Ep 1514: len= 18 白胜 loss=12.4157 temp=0.25 total_env_steps=55881 t=0.08s
Ep 1515: len= 56 白胜 loss=12.9755 temp=0.25 total_env_steps=55937 t=0.17s
Ep 1516: len= 19 黑胜 loss=13.2222 temp=0.25 total_env_steps=55956 t=0.08s
Ep 1517: len= 18 白胜 loss=13.8423 temp=0.25 total_env_steps=55974 t=0.08s
Ep 1518: len= 19 黑胜 loss=13.5173 temp=0.25 total_env_steps=55993 t=0.09s
Ep 1519: len= 16 白胜 loss=14.0692 temp=0.25 total_env_steps=56009 t=0.07s
Ep 1520: len= 60 白胜 loss=14.5415 temp=0.25 total_env_steps=56069 t=0.17s
Ep 1521: len= 22 白胜 loss=13.2803 temp=0.25 total_env_steps=56091 t=0.09s
Ep 1522: len= 21 黑胜 loss=15.3579 temp=0.25 total_env_steps=56112 t=0.09s
Ep 1523: len= 24 白胜 loss=14.8965 temp=0.25 total_env_steps=56136 t=0.09s
Ep 1524: len= 60 白胜 loss=13.9216 temp=0.25 total_env_steps=56196 t=0.19s
Ep 1525: len= 16 白胜 loss=12.9514 temp=0.25 total_env_steps=56212 t=0.07s
Ep 1526: len= 19 黑胜 loss=11.9807 temp=0.25 total_env_steps=56231 t=0.08s
Ep 1527: len= 19 黑胜 loss=13.9392 temp=0.25 total_env_steps=56250 t=0.07s
Ep 1528: len= 19 黑胜 loss=15.6698 temp=0.25 total_env_steps=56269 t=0.08s
Ep 1529: len= 13 黑胜 loss=14.1123 temp=0.25 total_env_steps=56282 t=0.06s
Ep 1530: len= 19 黑胜 loss=13.9477 temp=0.25 total_env_steps=56301 t=0.07s
Ep 1531: len= 19 黑胜 loss=13.0691 temp=0.25 total_env_steps=56320 t=0.08s
Ep 1532: len= 19 黑胜 loss=10.2914 temp=0.25 total_env_steps=56339 t=0.08s
Ep 1533: len= 19 黑胜 loss=16.2771 temp=0.25 total_env_steps=56358 t=0.08s
Ep 1534: len= 19 黑胜 loss=14.1379 temp=0.25 total_env_steps=56377 t=0.08s
Ep 1535: len= 53 黑胜 loss=15.3798 temp=0.25 total_env_steps=56430 t=0.17s
Ep 1536: len= 19 黑胜 loss=14.3056 temp=0.25 total_env_steps=56449 t=0.07s
Ep 1537: len= 19 黑胜 loss=13.4239 temp=0.25 total_env_steps=56468 t=0.08s
Ep 1538: len= 50 白胜 loss=14.1044 temp=0.25 total_env_steps=56518 t=0.15s
Ep 1539: len= 18 白胜 loss=15.8713 temp=0.25 total_env_steps=56536 t=0.07s
Ep 1540: len= 19 黑胜 loss=12.0052 temp=0.25 total_env_steps=56555 t=0.07s
Ep 1541: len= 19 黑胜 loss=13.7053 temp=0.25 total_env_steps=56574 t=0.07s
Ep 1542: len= 19 黑胜 loss=12.6293 temp=0.25 total_env_steps=56593 t=0.08s
Ep 1543: len= 19 黑胜 loss=13.4925 temp=0.25 total_env_steps=56612 t=0.08s
Ep 1544: len= 15 黑胜 loss=11.7480 temp=0.25 total_env_steps=56627 t=0.08s
Ep 1545: len= 15 黑胜 loss=11.4183 temp=0.25 total_env_steps=56642 t=0.07s
Ep 1546: len= 16 白胜 loss=11.0335 temp=0.25 total_env_steps=56658 t=0.08s
Ep 1547: len= 19 黑胜 loss=13.9672 temp=0.25 total_env_steps=56677 t=0.09s
Ep 1548: len= 68 白胜 loss=10.3321 temp=0.25 total_env_steps=56745 t=0.20s
Ep 1549: len= 23 黑胜 loss=14.5777 temp=0.25 total_env_steps=56768 t=0.08s
Ep 1550: len= 19 黑胜 loss=12.5708 temp=0.25 total_env_steps=56787 t=0.07s
Ep 1551: len= 15 黑胜 loss=13.4629 temp=0.25 total_env_steps=56802 t=0.07s
Ep 1552: len= 49 黑胜 loss=14.0544 temp=0.25 total_env_steps=56851 t=0.16s
Ep 1553: len= 17 黑胜 loss=12.3416 temp=0.25 total_env_steps=56868 t=0.07s
Ep 1554: len= 21 黑胜 loss=13.1578 temp=0.25 total_env_steps=56889 t=0.09s
Ep 1555: len= 51 黑胜 loss=13.6156 temp=0.25 total_env_steps=56940 t=0.15s
Ep 1556: len= 16 白胜 loss=13.3417 temp=0.25 total_env_steps=56956 t=0.06s
Ep 1557: len= 19 黑胜 loss=13.1620 temp=0.25 total_env_steps=56975 t=0.07s
Ep 1558: len= 19 黑胜 loss=12.7613 temp=0.25 total_env_steps=56994 t=0.08s
Ep 1559: len= 19 黑胜 loss=12.7550 temp=0.25 total_env_steps=57013 t=0.07s
Ep 1560: len= 32 白胜 loss=13.3326 temp=0.25 total_env_steps=57045 t=0.11s
Ep 1561: len= 22 白胜 loss=10.6031 temp=0.25 total_env_steps=57067 t=0.08s
Ep 1562: len= 16 白胜 loss=12.4262 temp=0.25 total_env_steps=57083 t=0.07s
Ep 1563: len= 58 白胜 loss=11.1449 temp=0.25 total_env_steps=57141 t=0.17s
Ep 1564: len= 17 黑胜 loss=11.6828 temp=0.25 total_env_steps=57158 t=0.07s
Ep 1565: len= 15 黑胜 loss=13.3812 temp=0.25 total_env_steps=57173 t=0.06s
Ep 1566: len= 15 黑胜 loss=11.9696 temp=0.25 total_env_steps=57188 t=0.07s
Ep 1567: len= 18 白胜 loss=13.4394 temp=0.25 total_env_steps=57206 t=0.07s
Ep 1568: len= 19 黑胜 loss=11.8920 temp=0.25 total_env_steps=57225 t=0.08s
Ep 1569: len= 47 黑胜 loss=13.9488 temp=0.25 total_env_steps=57272 t=0.14s
Ep 1570: len= 19 黑胜 loss=12.5612 temp=0.25 total_env_steps=57291 t=0.07s
Ep 1571: len= 19 黑胜 loss=11.4696 temp=0.25 total_env_steps=57310 t=0.07s
Ep 1572: len= 22 白胜 loss=14.4149 temp=0.25 total_env_steps=57332 t=0.08s
Ep 1573: len= 19 黑胜 loss=11.4063 temp=0.25 total_env_steps=57351 t=0.07s
Ep 1574: len= 32 白胜 loss=12.8125 temp=0.25 total_env_steps=57383 t=0.11s
Ep 1575: len= 15 黑胜 loss=13.1316 temp=0.25 total_env_steps=57398 t=0.06s
Ep 1576: len= 44 白胜 loss=13.7198 temp=0.25 total_env_steps=57442 t=0.17s
Ep 1577: len= 15 黑胜 loss=14.9438 temp=0.25 total_env_steps=57457 t=0.07s
Ep 1578: len= 32 白胜 loss=12.1163 temp=0.25 total_env_steps=57489 t=0.11s
Ep 1579: len= 38 白胜 loss=12.2595 temp=0.25 total_env_steps=57527 t=0.11s
Ep 1580: len= 49 黑胜 loss=15.8331 temp=0.25 total_env_steps=57576 t=0.14s
Ep 1581: len= 15 黑胜 loss=13.0774 temp=0.25 total_env_steps=57591 t=0.07s
Ep 1582: len= 15 黑胜 loss=12.3764 temp=0.25 total_env_steps=57606 t=0.07s
Ep 1583: len= 15 黑胜 loss=13.3768 temp=0.25 total_env_steps=57621 t=0.07s
Ep 1584: len= 15 黑胜 loss=13.4338 temp=0.25 total_env_steps=57636 t=0.07s
Ep 1585: len= 15 黑胜 loss=12.7800 temp=0.25 total_env_steps=57651 t=0.07s
Ep 1586: len= 15 黑胜 loss=11.2901 temp=0.25 total_env_steps=57666 t=0.06s
Ep 1587: len= 25 黑胜 loss=12.3403 temp=0.25 total_env_steps=57691 t=0.09s
Ep 1588: len= 16 白胜 loss=12.3328 temp=0.25 total_env_steps=57707 t=0.07s
Ep 1589: len= 15 黑胜 loss=13.5874 temp=0.25 total_env_steps=57722 t=0.06s
Ep 1590: len= 17 黑胜 loss=12.8555 temp=0.25 total_env_steps=57739 t=0.07s
Ep 1591: len= 15 黑胜 loss=14.1056 temp=0.25 total_env_steps=57754 t=0.07s
Ep 1592: len= 15 黑胜 loss=11.9365 temp=0.25 total_env_steps=57769 t=0.07s
Ep 1593: len= 15 黑胜 loss=14.1225 temp=0.25 total_env_steps=57784 t=0.06s
Ep 1594: len= 15 黑胜 loss=13.0269 temp=0.25 total_env_steps=57799 t=0.06s
Ep 1595: len= 18 白胜 loss=12.0541 temp=0.25 total_env_steps=57817 t=0.08s
Ep 1596: len= 15 黑胜 loss=13.7694 temp=0.25 total_env_steps=57832 t=0.07s
Ep 1597: len= 16 白胜 loss=14.3766 temp=0.25 total_env_steps=57848 t=0.07s
Ep 1598: len= 19 黑胜 loss=13.7845 temp=0.25 total_env_steps=57867 t=0.07s
Ep 1599: len= 37 黑胜 loss=12.2924 temp=0.25 total_env_steps=57904 t=0.14s
Ep 1600: len= 15 黑胜 loss=10.9648 temp=0.25 total_env_steps=57919 t=0.07s
  eval vs Gomoku-random-v0: win_rate=0.95 mean_return=0.90（20 局，total_env_steps=57919）
Ep 1601: len= 45 黑胜 loss=12.9631 temp=0.25 total_env_steps=57964 t=0.14s
Ep 1602: len= 23 黑胜 loss=12.0262 temp=0.25 total_env_steps=57987 t=0.09s
Ep 1603: len= 18 白胜 loss=12.5530 temp=0.25 total_env_steps=58005 t=0.08s
Ep 1604: len= 18 白胜 loss=14.2915 temp=0.25 total_env_steps=58023 t=0.08s
Ep 1605: len= 16 白胜 loss=14.1997 temp=0.25 total_env_steps=58039 t=0.07s
Ep 1606: len= 15 黑胜 loss=12.8699 temp=0.25 total_env_steps=58054 t=0.09s
Ep 1607: len= 15 黑胜 loss=12.0299 temp=0.25 total_env_steps=58069 t=0.10s
Ep 1608: len= 16 白胜 loss=11.6476 temp=0.25 total_env_steps=58085 t=0.08s
Ep 1609: len= 18 白胜 loss=14.2749 temp=0.25 total_env_steps=58103 t=0.10s
Ep 1610: len= 15 黑胜 loss=12.7328 temp=0.25 total_env_steps=58118 t=0.07s
Ep 1611: len= 15 黑胜 loss=10.8715 temp=0.25 total_env_steps=58133 t=0.07s
Ep 1612: len= 18 白胜 loss=13.5396 temp=0.25 total_env_steps=58151 t=0.08s
Ep 1613: len= 16 白胜 loss=15.3109 temp=0.25 total_env_steps=58167 t=0.07s
Ep 1614: len= 17 黑胜 loss=12.1816 temp=0.25 total_env_steps=58184 t=0.08s
Ep 1615: len= 55 黑胜 loss=13.1041 temp=0.25 total_env_steps=58239 t=0.17s
Ep 1616: len= 15 黑胜 loss=12.2313 temp=0.25 total_env_steps=58254 t=0.06s
Ep 1617: len= 18 白胜 loss=12.1102 temp=0.25 total_env_steps=58272 t=0.08s
Ep 1618: len= 16 白胜 loss=12.3060 temp=0.25 total_env_steps=58288 t=0.06s
Ep 1619: len= 15 黑胜 loss=11.4832 temp=0.25 total_env_steps=58303 t=0.07s
Ep 1620: len= 15 黑胜 loss=13.8016 temp=0.25 total_env_steps=58318 t=0.06s
Ep 1621: len= 15 黑胜 loss=11.3133 temp=0.25 total_env_steps=58333 t=0.06s
Ep 1622: len= 19 黑胜 loss=13.1792 temp=0.25 total_env_steps=58352 t=0.07s
Ep 1623: len= 57 黑胜 loss=10.3630 temp=0.25 total_env_steps=58409 t=0.17s
Ep 1624: len= 46 白胜 loss=12.4210 temp=0.25 total_env_steps=58455 t=0.14s
Ep 1625: len= 15 黑胜 loss=12.1004 temp=0.25 total_env_steps=58470 t=0.07s
Ep 1626: len= 15 黑胜 loss=12.3561 temp=0.25 total_env_steps=58485 t=0.07s
Ep 1627: len= 14 白胜 loss=13.5716 temp=0.25 total_env_steps=58499 t=0.08s
Ep 1628: len= 15 黑胜 loss=11.9109 temp=0.25 total_env_steps=58514 t=0.08s
Ep 1629: len= 15 黑胜 loss=13.1299 temp=0.25 total_env_steps=58529 t=0.07s
Ep 1630: len= 16 白胜 loss=13.5300 temp=0.25 total_env_steps=58545 t=0.07s
Ep 1631: len= 15 黑胜 loss=10.2625 temp=0.25 total_env_steps=58560 t=0.07s
Ep 1632: len= 15 黑胜 loss=14.0338 temp=0.25 total_env_steps=58575 t=0.07s
Ep 1633: len= 13 黑胜 loss=13.4595 temp=0.25 total_env_steps=58588 t=0.07s
Ep 1634: len= 15 黑胜 loss=11.6589 temp=0.25 total_env_steps=58603 t=0.07s
Ep 1635: len= 15 黑胜 loss=11.5164 temp=0.25 total_env_steps=58618 t=0.06s
Ep 1636: len= 16 白胜 loss=12.6063 temp=0.25 total_env_steps=58634 t=0.07s
Ep 1637: len= 22 白胜 loss=11.8388 temp=0.25 total_env_steps=58656 t=0.09s
Ep 1638: len= 16 白胜 loss=12.4338 temp=0.25 total_env_steps=58672 t=0.07s
Ep 1639: len= 16 白胜 loss=8.6187 temp=0.25 total_env_steps=58688 t=0.07s
Ep 1640: len= 31 黑胜 loss=12.1609 temp=0.25 total_env_steps=58719 t=0.11s
Ep 1641: len= 15 黑胜 loss=13.0762 temp=0.25 total_env_steps=58734 t=0.06s
Ep 1642: len= 15 黑胜 loss=12.2254 temp=0.25 total_env_steps=58749 t=0.07s
Ep 1643: len= 15 黑胜 loss=11.5049 temp=0.25 total_env_steps=58764 t=0.07s
Ep 1644: len= 15 黑胜 loss=13.4984 temp=0.25 total_env_steps=58779 t=0.07s
Ep 1645: len= 15 黑胜 loss=12.4630 temp=0.25 total_env_steps=58794 t=0.07s
Ep 1646: len= 31 黑胜 loss=11.8656 temp=0.25 total_env_steps=58825 t=0.10s
Ep 1647: len= 45 黑胜 loss=12.9295 temp=0.25 total_env_steps=58870 t=0.14s
Ep 1648: len= 17 黑胜 loss=11.6634 temp=0.25 total_env_steps=58887 t=0.07s
Ep 1649: len= 33 黑胜 loss=12.3559 temp=0.25 total_env_steps=58920 t=0.12s
Ep 1650: len= 15 黑胜 loss=10.6231 temp=0.25 total_env_steps=58935 t=0.07s
Ep 1651: len= 15 黑胜 loss=11.6655 temp=0.25 total_env_steps=58950 t=0.07s
Ep 1652: len= 19 黑胜 loss=12.9042 temp=0.25 total_env_steps=58969 t=0.09s
Ep 1653: len= 15 黑胜 loss=13.0850 temp=0.25 total_env_steps=58984 t=0.06s
Ep 1654: len= 15 黑胜 loss=13.0077 temp=0.25 total_env_steps=58999 t=0.07s
Ep 1655: len= 15 黑胜 loss=11.3801 temp=0.25 total_env_steps=59014 t=0.07s
Ep 1656: len= 15 黑胜 loss=13.7564 temp=0.25 total_env_steps=59029 t=0.07s
Ep 1657: len= 17 黑胜 loss=11.5462 temp=0.25 total_env_steps=59046 t=0.08s
Ep 1658: len= 15 黑胜 loss=14.7669 temp=0.25 total_env_steps=59061 t=0.07s
Ep 1659: len= 15 黑胜 loss=10.7162 temp=0.25 total_env_steps=59076 t=0.07s
Ep 1660: len= 15 黑胜 loss=14.4963 temp=0.25 total_env_steps=59091 t=0.07s
Ep 1661: len= 15 黑胜 loss=13.9723 temp=0.25 total_env_steps=59106 t=0.06s
Ep 1662: len= 15 黑胜 loss=12.3378 temp=0.25 total_env_steps=59121 t=0.07s
Ep 1663: len= 15 黑胜 loss=11.4087 temp=0.25 total_env_steps=59136 t=0.07s
Ep 1664: len= 15 黑胜 loss=12.9837 temp=0.25 total_env_steps=59151 t=0.07s
Ep 1665: len= 18 白胜 loss=12.4223 temp=0.25 total_env_steps=59169 t=0.08s
Ep 1666: len= 15 黑胜 loss=10.8469 temp=0.25 total_env_steps=59184 t=0.08s
Ep 1667: len= 15 黑胜 loss=11.7520 temp=0.25 total_env_steps=59199 t=0.07s
Ep 1668: len= 15 黑胜 loss=10.0757 temp=0.25 total_env_steps=59214 t=0.07s
Ep 1669: len= 15 黑胜 loss=11.7427 temp=0.25 total_env_steps=59229 t=0.07s
Ep 1670: len= 15 黑胜 loss=10.6833 temp=0.25 total_env_steps=59244 t=0.07s
Ep 1671: len= 15 黑胜 loss=12.5567 temp=0.25 total_env_steps=59259 t=0.08s
Ep 1672: len= 15 黑胜 loss=12.3162 temp=0.25 total_env_steps=59274 t=0.07s
Ep 1673: len= 15 黑胜 loss=11.8174 temp=0.25 total_env_steps=59289 t=0.07s
Ep 1674: len= 13 黑胜 loss=12.9267 temp=0.25 total_env_steps=59302 t=0.07s
Ep 1675: len= 18 白胜 loss=10.7134 temp=0.25 total_env_steps=59320 t=0.08s
Ep 1676: len= 15 黑胜 loss=12.4293 temp=0.25 total_env_steps=59335 t=0.07s
Ep 1677: len= 15 黑胜 loss=10.9104 temp=0.25 total_env_steps=59350 t=0.08s
Ep 1678: len= 15 黑胜 loss=11.1453 temp=0.25 total_env_steps=59365 t=0.08s
Ep 1679: len= 15 黑胜 loss=11.0680 temp=0.25 total_env_steps=59380 t=0.08s
Ep 1680: len= 15 黑胜 loss=14.4302 temp=0.25 total_env_steps=59395 t=0.07s
Ep 1681: len= 15 黑胜 loss=11.3264 temp=0.25 total_env_steps=59410 t=0.07s
Ep 1682: len= 13 黑胜 loss=12.2505 temp=0.25 total_env_steps=59423 t=0.07s
Ep 1683: len= 13 黑胜 loss=11.9954 temp=0.25 total_env_steps=59436 t=0.06s
Ep 1684: len= 15 黑胜 loss=10.5569 temp=0.25 total_env_steps=59451 t=0.07s
Ep 1685: len= 15 黑胜 loss=11.0666 temp=0.25 total_env_steps=59466 t=0.07s
Ep 1686: len= 15 黑胜 loss=12.5109 temp=0.25 total_env_steps=59481 t=0.07s
Ep 1687: len= 15 黑胜 loss=12.0216 temp=0.25 total_env_steps=59496 t=0.07s
Ep 1688: len= 15 黑胜 loss=12.5059 temp=0.25 total_env_steps=59511 t=0.07s
Ep 1689: len= 15 黑胜 loss=14.5140 temp=0.25 total_env_steps=59526 t=0.06s
Ep 1690: len= 15 黑胜 loss=11.8326 temp=0.25 total_env_steps=59541 t=0.07s
Ep 1691: len= 15 黑胜 loss=8.5518 temp=0.25 total_env_steps=59556 t=0.08s
Ep 1692: len= 15 黑胜 loss=14.0661 temp=0.25 total_env_steps=59571 t=0.07s
Ep 1693: len= 15 黑胜 loss=12.3128 temp=0.25 total_env_steps=59586 t=0.07s
Ep 1694: len= 15 黑胜 loss=10.7058 temp=0.25 total_env_steps=59601 t=0.07s
Ep 1695: len= 15 黑胜 loss=9.9301 temp=0.25 total_env_steps=59616 t=0.07s
Ep 1696: len= 15 黑胜 loss=11.7866 temp=0.25 total_env_steps=59631 t=0.07s
Ep 1697: len= 15 黑胜 loss=10.2984 temp=0.25 total_env_steps=59646 t=0.06s
Ep 1698: len= 15 黑胜 loss=10.0002 temp=0.25 total_env_steps=59661 t=0.07s
Ep 1699: len= 15 黑胜 loss=10.2676 temp=0.25 total_env_steps=59676 t=0.07s
Ep 1700: len= 15 黑胜 loss=11.0979 temp=0.25 total_env_steps=59691 t=0.07s
Ep 1701: len= 15 黑胜 loss=10.5257 temp=0.25 total_env_steps=59706 t=0.08s
Ep 1702: len= 15 黑胜 loss=11.9911 temp=0.25 total_env_steps=59721 t=0.08s
Ep 1703: len= 15 黑胜 loss=10.9659 temp=0.25 total_env_steps=59736 t=0.07s
Ep 1704: len= 15 黑胜 loss=9.3653 temp=0.25 total_env_steps=59751 t=0.07s
Ep 1705: len= 15 黑胜 loss=10.1602 temp=0.25 total_env_steps=59766 t=0.06s
Ep 1706: len= 15 黑胜 loss=9.1302 temp=0.25 total_env_steps=59781 t=0.08s
Ep 1707: len= 15 黑胜 loss=13.0647 temp=0.25 total_env_steps=59796 t=0.07s
Ep 1708: len= 15 黑胜 loss=11.2958 temp=0.25 total_env_steps=59811 t=0.07s
Ep 1709: len= 15 黑胜 loss=10.3431 temp=0.25 total_env_steps=59826 t=0.07s
Ep 1710: len= 15 黑胜 loss=13.0240 temp=0.25 total_env_steps=59841 t=0.07s
Ep 1711: len= 15 黑胜 loss=13.2186 temp=0.25 total_env_steps=59856 t=0.07s
Ep 1712: len= 15 黑胜 loss=8.5204 temp=0.25 total_env_steps=59871 t=0.07s
Ep 1713: len= 15 黑胜 loss=11.2389 temp=0.25 total_env_steps=59886 t=0.07s
Ep 1714: len= 15 黑胜 loss=11.1646 temp=0.25 total_env_steps=59901 t=0.08s
Ep 1715: len= 15 黑胜 loss=9.9679 temp=0.25 total_env_steps=59916 t=0.09s
Ep 1716: len= 15 黑胜 loss=12.2432 temp=0.25 total_env_steps=59931 t=0.07s
Ep 1717: len= 15 黑胜 loss=8.4920 temp=0.25 total_env_steps=59946 t=0.07s
Ep 1718: len= 58 白胜 loss=11.4660 temp=0.25 total_env_steps=60004 t=0.17s
Ep 1719: len= 15 黑胜 loss=9.1786 temp=0.25 total_env_steps=60019 t=0.07s
Ep 1720: len= 15 黑胜 loss=11.0239 temp=0.25 total_env_steps=60034 t=0.07s
Ep 1721: len= 15 黑胜 loss=12.1892 temp=0.25 total_env_steps=60049 t=0.06s
Ep 1722: len= 15 黑胜 loss=9.2317 temp=0.25 total_env_steps=60064 t=0.07s
Ep 1723: len= 15 黑胜 loss=12.3772 temp=0.25 total_env_steps=60079 t=0.06s
Ep 1724: len= 15 黑胜 loss=10.7073 temp=0.25 total_env_steps=60094 t=0.07s
Ep 1725: len= 15 黑胜 loss=9.0852 temp=0.25 total_env_steps=60109 t=0.07s
Ep 1726: len= 48 白胜 loss=10.5266 temp=0.25 total_env_steps=60157 t=0.15s
Ep 1727: len= 15 黑胜 loss=10.0130 temp=0.25 total_env_steps=60172 t=0.07s
Ep 1728: len= 18 白胜 loss=8.6295 temp=0.25 total_env_steps=60190 t=0.08s
Ep 1729: len= 15 黑胜 loss=10.0730 temp=0.25 total_env_steps=60205 t=0.06s
Ep 1730: len= 15 黑胜 loss=10.3447 temp=0.25 total_env_steps=60220 t=0.07s
Ep 1731: len= 15 黑胜 loss=9.9964 temp=0.25 total_env_steps=60235 t=0.06s
Ep 1732: len= 15 黑胜 loss=11.1207 temp=0.25 total_env_steps=60250 t=0.07s
Ep 1733: len= 15 黑胜 loss=8.4701 temp=0.25 total_env_steps=60265 t=0.06s
Ep 1734: len= 15 黑胜 loss=9.5285 temp=0.25 total_env_steps=60280 t=0.07s
Ep 1735: len= 15 黑胜 loss=11.7136 temp=0.25 total_env_steps=60295 t=0.06s
Ep 1736: len= 15 黑胜 loss=9.7183 temp=0.25 total_env_steps=60310 t=0.06s
Ep 1737: len= 15 黑胜 loss=8.6526 temp=0.25 total_env_steps=60325 t=0.06s
Ep 1738: len= 15 黑胜 loss=10.4958 temp=0.25 total_env_steps=60340 t=0.07s
Ep 1739: len= 15 黑胜 loss=10.4551 temp=0.25 total_env_steps=60355 t=0.06s
Ep 1740: len= 15 黑胜 loss=8.8254 temp=0.25 total_env_steps=60370 t=0.07s
Ep 1741: len= 15 黑胜 loss=10.5441 temp=0.25 total_env_steps=60385 t=0.06s
Ep 1742: len= 15 黑胜 loss=11.8999 temp=0.25 total_env_steps=60400 t=0.07s
Ep 1743: len= 15 黑胜 loss=9.1295 temp=0.25 total_env_steps=60415 t=0.07s
Ep 1744: len= 15 黑胜 loss=9.9724 temp=0.25 total_env_steps=60430 t=0.06s
Ep 1745: len= 15 黑胜 loss=10.2376 temp=0.25 total_env_steps=60445 t=0.06s
Ep 1746: len= 15 黑胜 loss=11.2366 temp=0.25 total_env_steps=60460 t=0.07s
Ep 1747: len= 15 黑胜 loss=12.4642 temp=0.25 total_env_steps=60475 t=0.06s
Ep 1748: len= 17 黑胜 loss=9.1119 temp=0.25 total_env_steps=60492 t=0.07s
Ep 1749: len= 15 黑胜 loss=10.2625 temp=0.25 total_env_steps=60507 t=0.07s
Ep 1750: len= 16 白胜 loss=12.4144 temp=0.25 total_env_steps=60523 t=0.09s
Ep 1751: len= 16 白胜 loss=11.0592 temp=0.25 total_env_steps=60539 t=0.09s
Ep 1752: len= 15 黑胜 loss=9.2414 temp=0.25 total_env_steps=60554 t=0.07s
Ep 1753: len= 15 黑胜 loss=10.1030 temp=0.25 total_env_steps=60569 t=0.07s
Ep 1754: len= 15 黑胜 loss=9.3388 temp=0.25 total_env_steps=60584 t=0.08s
Ep 1755: len= 15 黑胜 loss=11.7462 temp=0.25 total_env_steps=60599 t=0.07s
Ep 1756: len= 15 黑胜 loss=11.1636 temp=0.25 total_env_steps=60614 t=0.06s
Ep 1757: len= 15 黑胜 loss=8.5796 temp=0.25 total_env_steps=60629 t=0.07s
Ep 1758: len= 63 黑胜 loss=11.8413 temp=0.25 total_env_steps=60692 t=0.18s
Ep 1759: len= 15 黑胜 loss=8.9046 temp=0.25 total_env_steps=60707 t=0.07s
Ep 1760: len= 16 白胜 loss=8.5049 temp=0.25 total_env_steps=60723 t=0.07s
Ep 1761: len= 16 白胜 loss=10.7378 temp=0.25 total_env_steps=60739 t=0.07s
Ep 1762: len= 17 黑胜 loss=10.0315 temp=0.25 total_env_steps=60756 t=0.07s
Ep 1763: len= 35 黑胜 loss=8.8091 temp=0.25 total_env_steps=60791 t=0.12s
Ep 1764: len= 18 白胜 loss=9.8790 temp=0.25 total_env_steps=60809 t=0.07s
Ep 1765: len= 15 黑胜 loss=9.0229 temp=0.25 total_env_steps=60824 t=0.06s
Ep 1766: len= 15 黑胜 loss=10.4917 temp=0.25 total_env_steps=60839 t=0.07s
Ep 1767: len= 15 黑胜 loss=11.5236 temp=0.25 total_env_steps=60854 t=0.06s
Ep 1768: len= 33 黑胜 loss=7.8405 temp=0.25 total_env_steps=60887 t=0.11s
Ep 1769: len= 19 黑胜 loss=10.5991 temp=0.25 total_env_steps=60906 t=0.08s
Ep 1770: len= 15 黑胜 loss=12.3121 temp=0.25 total_env_steps=60921 t=0.07s
Ep 1771: len= 15 黑胜 loss=10.8867 temp=0.25 total_env_steps=60936 t=0.07s
Ep 1772: len= 15 黑胜 loss=12.4212 temp=0.25 total_env_steps=60951 t=0.06s
Ep 1773: len= 15 黑胜 loss=6.7363 temp=0.25 total_env_steps=60966 t=0.07s
Ep 1774: len= 54 白胜 loss=8.9054 temp=0.25 total_env_steps=61020 t=0.16s
Ep 1775: len= 68 白胜 loss=8.2829 temp=0.25 total_env_steps=61088 t=0.21s
Ep 1776: len= 15 黑胜 loss=7.5911 temp=0.25 total_env_steps=61103 t=0.06s
Ep 1777: len= 19 黑胜 loss=11.3336 temp=0.25 total_env_steps=61122 t=0.08s
Ep 1778: len= 15 黑胜 loss=9.2605 temp=0.25 total_env_steps=61137 t=0.07s
Ep 1779: len= 15 黑胜 loss=9.4413 temp=0.25 total_env_steps=61152 t=0.06s
Ep 1780: len= 19 黑胜 loss=6.2879 temp=0.25 total_env_steps=61171 t=0.09s
Ep 1781: len= 15 黑胜 loss=9.5468 temp=0.25 total_env_steps=61186 t=0.08s
Ep 1782: len= 15 黑胜 loss=10.9220 temp=0.25 total_env_steps=61201 t=0.07s
Ep 1783: len= 68 白胜 loss=9.9143 temp=0.25 total_env_steps=61269 t=0.20s
Ep 1784: len= 15 黑胜 loss=9.6643 temp=0.25 total_env_steps=61284 t=0.07s
Ep 1785: len= 15 黑胜 loss=7.4251 temp=0.25 total_env_steps=61299 t=0.07s
Ep 1786: len= 15 黑胜 loss=10.2459 temp=0.25 total_env_steps=61314 t=0.07s
Ep 1787: len= 15 黑胜 loss=10.0678 temp=0.25 total_env_steps=61329 t=0.06s
Ep 1788: len= 15 黑胜 loss=10.6376 temp=0.25 total_env_steps=61344 t=0.07s
Ep 1789: len= 15 黑胜 loss=9.7767 temp=0.25 total_env_steps=61359 t=0.07s
Ep 1790: len= 15 黑胜 loss=7.2283 temp=0.25 total_env_steps=61374 t=0.07s
Ep 1791: len= 15 黑胜 loss=8.5319 temp=0.25 total_env_steps=61389 t=0.07s
Ep 1792: len= 15 黑胜 loss=12.6422 temp=0.25 total_env_steps=61404 t=0.07s
Ep 1793: len= 15 黑胜 loss=9.5132 temp=0.25 total_env_steps=61419 t=0.07s
Ep 1794: len= 15 黑胜 loss=8.6281 temp=0.25 total_env_steps=61434 t=0.06s
Ep 1795: len= 15 黑胜 loss=8.1066 temp=0.25 total_env_steps=61449 t=0.06s
Ep 1796: len= 15 黑胜 loss=9.6879 temp=0.25 total_env_steps=61464 t=0.07s
Ep 1797: len= 16 白胜 loss=9.5330 temp=0.25 total_env_steps=61480 t=0.07s
Ep 1798: len= 15 黑胜 loss=11.1052 temp=0.25 total_env_steps=61495 t=0.07s
Ep 1799: len= 15 黑胜 loss=10.3936 temp=0.25 total_env_steps=61510 t=0.07s
Ep 1800: len= 15 黑胜 loss=8.9736 temp=0.25 total_env_steps=61525 t=0.07s
  eval vs Gomoku-random-v0: win_rate=0.90 mean_return=0.80（20 局，total_env_steps=61525）
Ep 1801: len= 16 白胜 loss=8.7943 temp=0.25 total_env_steps=61541 t=0.07s
Ep 1802: len= 15 黑胜 loss=10.0189 temp=0.25 total_env_steps=61556 t=0.07s
Ep 1803: len= 15 黑胜 loss=10.5871 temp=0.25 total_env_steps=61571 t=0.07s
Ep 1804: len= 15 黑胜 loss=9.7929 temp=0.25 total_env_steps=61586 t=0.07s
Ep 1805: len= 15 黑胜 loss=9.4059 temp=0.25 total_env_steps=61601 t=0.07s
Ep 1806: len= 17 黑胜 loss=10.2012 temp=0.25 total_env_steps=61618 t=0.07s
Ep 1807: len= 15 黑胜 loss=11.3357 temp=0.25 total_env_steps=61633 t=0.06s
Ep 1808: len= 15 黑胜 loss=8.6044 temp=0.25 total_env_steps=61648 t=0.07s
Ep 1809: len= 15 黑胜 loss=7.6126 temp=0.25 total_env_steps=61663 t=0.08s
Ep 1810: len= 15 黑胜 loss=10.0744 temp=0.25 total_env_steps=61678 t=0.08s
Ep 1811: len= 15 黑胜 loss=8.5446 temp=0.25 total_env_steps=61693 t=0.07s
Ep 1812: len= 15 黑胜 loss=7.5441 temp=0.25 total_env_steps=61708 t=0.07s
Ep 1813: len= 15 黑胜 loss=9.2867 temp=0.25 total_env_steps=61723 t=0.07s
Ep 1814: len= 15 黑胜 loss=7.8503 temp=0.25 total_env_steps=61738 t=0.07s
Ep 1815: len= 15 黑胜 loss=9.5105 temp=0.25 total_env_steps=61753 t=0.08s
Ep 1816: len= 15 黑胜 loss=7.9744 temp=0.25 total_env_steps=61768 t=0.08s
Ep 1817: len= 15 黑胜 loss=9.4612 temp=0.25 total_env_steps=61783 t=0.08s
Ep 1818: len= 15 黑胜 loss=9.4998 temp=0.25 total_env_steps=61798 t=0.07s
Ep 1819: len= 16 白胜 loss=9.7953 temp=0.25 total_env_steps=61814 t=0.08s
Ep 1820: len= 15 黑胜 loss=8.3369 temp=0.25 total_env_steps=61829 t=0.07s
Ep 1821: len= 15 黑胜 loss=11.3158 temp=0.25 total_env_steps=61844 t=0.07s
Ep 1822: len= 15 黑胜 loss=9.5772 temp=0.25 total_env_steps=61859 t=0.07s
Ep 1823: len= 15 黑胜 loss=7.4741 temp=0.25 total_env_steps=61874 t=0.07s
Ep 1824: len= 15 黑胜 loss=9.0568 temp=0.25 total_env_steps=61889 t=0.07s
Ep 1825: len= 15 黑胜 loss=7.8197 temp=0.25 total_env_steps=61904 t=0.08s
Ep 1826: len= 15 黑胜 loss=8.4178 temp=0.25 total_env_steps=61919 t=0.07s
Ep 1827: len= 15 黑胜 loss=8.9660 temp=0.25 total_env_steps=61934 t=0.07s
Ep 1828: len= 15 黑胜 loss=8.0533 temp=0.25 total_env_steps=61949 t=0.07s
Ep 1829: len= 15 黑胜 loss=8.3639 temp=0.25 total_env_steps=61964 t=0.08s
Ep 1830: len= 15 黑胜 loss=7.7787 temp=0.25 total_env_steps=61979 t=0.07s
Ep 1831: len= 15 黑胜 loss=8.4616 temp=0.25 total_env_steps=61994 t=0.08s
Ep 1832: len= 15 黑胜 loss=7.7848 temp=0.25 total_env_steps=62009 t=0.07s
Ep 1833: len= 13 黑胜 loss=7.4023 temp=0.25 total_env_steps=62022 t=0.06s
Ep 1834: len= 15 黑胜 loss=8.9961 temp=0.25 total_env_steps=62037 t=0.07s
Ep 1835: len= 15 黑胜 loss=9.0643 temp=0.25 total_env_steps=62052 t=0.06s
Ep 1836: len= 15 黑胜 loss=7.9259 temp=0.25 total_env_steps=62067 t=0.07s
Ep 1837: len= 15 黑胜 loss=6.9711 temp=0.25 total_env_steps=62082 t=0.07s
Ep 1838: len= 15 黑胜 loss=6.6377 temp=0.25 total_env_steps=62097 t=0.07s
Ep 1839: len= 15 黑胜 loss=10.3175 temp=0.25 total_env_steps=62112 t=0.07s
Ep 1840: len= 15 黑胜 loss=8.2592 temp=0.25 total_env_steps=62127 t=0.07s
Ep 1841: len= 15 黑胜 loss=9.6204 temp=0.25 total_env_steps=62142 t=0.07s
Ep 1842: len= 15 黑胜 loss=9.8776 temp=0.25 total_env_steps=62157 t=0.08s
Ep 1843: len= 56 白胜 loss=7.7758 temp=0.25 total_env_steps=62213 t=0.20s
Ep 1844: len= 15 黑胜 loss=9.4821 temp=0.25 total_env_steps=62228 t=0.06s
Ep 1845: len= 31 黑胜 loss=8.9909 temp=0.25 total_env_steps=62259 t=0.11s
Ep 1846: len= 15 黑胜 loss=10.3664 temp=0.25 total_env_steps=62274 t=0.07s
Ep 1847: len= 15 黑胜 loss=9.5795 temp=0.25 total_env_steps=62289 t=0.06s
Ep 1848: len= 15 黑胜 loss=8.2714 temp=0.25 total_env_steps=62304 t=0.07s
Ep 1849: len= 15 黑胜 loss=8.3954 temp=0.25 total_env_steps=62319 t=0.07s
Ep 1850: len= 15 黑胜 loss=8.9944 temp=0.25 total_env_steps=62334 t=0.07s
Ep 1851: len= 15 黑胜 loss=7.9456 temp=0.25 total_env_steps=62349 t=0.07s
Ep 1852: len= 15 黑胜 loss=7.5870 temp=0.25 total_env_steps=62364 t=0.07s
Ep 1853: len= 62 白胜 loss=8.0828 temp=0.25 total_env_steps=62426 t=0.19s
Ep 1854: len= 15 黑胜 loss=7.1240 temp=0.25 total_env_steps=62441 t=0.07s
Ep 1855: len= 15 黑胜 loss=8.2422 temp=0.25 total_env_steps=62456 t=0.07s
Ep 1856: len= 40 白胜 loss=6.8291 temp=0.25 total_env_steps=62496 t=0.13s
Ep 1857: len= 37 黑胜 loss=8.5765 temp=0.25 total_env_steps=62533 t=0.12s
Ep 1858: len= 15 黑胜 loss=8.6139 temp=0.25 total_env_steps=62548 t=0.07s
Ep 1859: len= 15 黑胜 loss=8.8144 temp=0.25 total_env_steps=62563 t=0.07s
Ep 1860: len= 15 黑胜 loss=9.4240 temp=0.25 total_env_steps=62578 t=0.07s
Ep 1861: len= 15 黑胜 loss=8.3485 temp=0.25 total_env_steps=62593 t=0.07s
Ep 1862: len= 15 黑胜 loss=9.7987 temp=0.25 total_env_steps=62608 t=0.07s
Ep 1863: len= 24 白胜 loss=9.2012 temp=0.25 total_env_steps=62632 t=0.10s
Ep 1864: len= 15 黑胜 loss=9.3304 temp=0.25 total_env_steps=62647 t=0.07s
Ep 1865: len= 38 白胜 loss=8.9040 temp=0.25 total_env_steps=62685 t=0.13s
Ep 1866: len= 15 黑胜 loss=6.1371 temp=0.25 total_env_steps=62700 t=0.06s
Ep 1867: len= 15 黑胜 loss=7.3944 temp=0.25 total_env_steps=62715 t=0.08s
Ep 1868: len= 15 黑胜 loss=8.4435 temp=0.25 total_env_steps=62730 t=0.07s
Ep 1869: len= 13 黑胜 loss=7.5794 temp=0.25 total_env_steps=62743 t=0.06s
Ep 1870: len= 15 黑胜 loss=8.5613 temp=0.25 total_env_steps=62758 t=0.06s
Ep 1871: len= 15 黑胜 loss=9.4670 temp=0.25 total_env_steps=62773 t=0.07s
Ep 1872: len= 15 黑胜 loss=8.7194 temp=0.25 total_env_steps=62788 t=0.08s
Ep 1873: len= 15 黑胜 loss=9.9587 temp=0.25 total_env_steps=62803 t=0.09s
Ep 1874: len= 60 白胜 loss=9.1132 temp=0.25 total_env_steps=62863 t=0.18s
Ep 1875: len= 15 黑胜 loss=9.5675 temp=0.25 total_env_steps=62878 t=0.07s
Ep 1876: len= 15 黑胜 loss=10.3615 temp=0.25 total_env_steps=62893 t=0.07s
Ep 1877: len= 47 黑胜 loss=10.1389 temp=0.25 total_env_steps=62940 t=0.16s
Ep 1878: len= 15 黑胜 loss=8.7851 temp=0.25 total_env_steps=62955 t=0.07s
Ep 1879: len= 36 白胜 loss=9.0838 temp=0.25 total_env_steps=62991 t=0.12s
Ep 1880: len= 13 黑胜 loss=7.8201 temp=0.25 total_env_steps=63004 t=0.07s
Ep 1881: len= 15 黑胜 loss=9.0314 temp=0.25 total_env_steps=63019 t=0.07s
Ep 1882: len= 15 黑胜 loss=10.4224 temp=0.25 total_env_steps=63034 t=0.06s
Ep 1883: len= 15 黑胜 loss=8.6516 temp=0.25 total_env_steps=63049 t=0.07s
Ep 1884: len= 15 黑胜 loss=9.4020 temp=0.25 total_env_steps=63064 t=0.08s
Ep 1885: len= 15 黑胜 loss=10.6772 temp=0.25 total_env_steps=63079 t=0.07s
Ep 1886: len= 15 黑胜 loss=8.3158 temp=0.25 total_env_steps=63094 t=0.07s
Ep 1887: len= 15 黑胜 loss=7.9643 temp=0.25 total_env_steps=63109 t=0.07s
Ep 1888: len= 15 黑胜 loss=9.1829 temp=0.25 total_env_steps=63124 t=0.06s
Ep 1889: len= 52 白胜 loss=9.9995 temp=0.25 total_env_steps=63176 t=0.16s
Ep 1890: len= 15 黑胜 loss=11.3863 temp=0.25 total_env_steps=63191 t=0.06s
Ep 1891: len= 13 黑胜 loss=9.5992 temp=0.25 total_env_steps=63204 t=0.06s
Ep 1892: len= 15 黑胜 loss=7.9223 temp=0.25 total_env_steps=63219 t=0.06s
Ep 1893: len= 15 黑胜 loss=7.5870 temp=0.25 total_env_steps=63234 t=0.07s
Ep 1894: len= 15 黑胜 loss=7.1009 temp=0.25 total_env_steps=63249 t=0.06s
Ep 1895: len= 45 黑胜 loss=9.1003 temp=0.25 total_env_steps=63294 t=0.13s
Ep 1896: len= 15 黑胜 loss=7.5150 temp=0.25 total_env_steps=63309 t=0.06s
Ep 1897: len= 15 黑胜 loss=8.6225 temp=0.25 total_env_steps=63324 t=0.06s
Ep 1898: len= 15 黑胜 loss=7.9777 temp=0.25 total_env_steps=63339 t=0.07s
Ep 1899: len= 16 白胜 loss=10.2953 temp=0.25 total_env_steps=63355 t=0.08s
Ep 1900: len= 15 黑胜 loss=9.0205 temp=0.25 total_env_steps=63370 t=0.07s
Ep 1901: len= 15 黑胜 loss=10.0416 temp=0.25 total_env_steps=63385 t=0.07s
Ep 1902: len= 15 黑胜 loss=9.1104 temp=0.25 total_env_steps=63400 t=0.08s
Ep 1903: len= 15 黑胜 loss=8.3332 temp=0.25 total_env_steps=63415 t=0.07s
Ep 1904: len= 43 黑胜 loss=9.6941 temp=0.25 total_env_steps=63458 t=0.14s
Ep 1905: len= 15 黑胜 loss=8.1386 temp=0.25 total_env_steps=63473 t=0.06s
Ep 1906: len= 15 黑胜 loss=7.9749 temp=0.25 total_env_steps=63488 t=0.07s
Ep 1907: len= 13 黑胜 loss=9.8105 temp=0.25 total_env_steps=63501 t=0.06s
Ep 1908: len= 49 黑胜 loss=11.0781 temp=0.25 total_env_steps=63550 t=0.15s
Ep 1909: len= 57 黑胜 loss=9.3887 temp=0.25 total_env_steps=63607 t=0.22s
Ep 1910: len= 15 黑胜 loss=9.3806 temp=0.25 total_env_steps=63622 t=0.08s
Ep 1911: len= 18 白胜 loss=10.4043 temp=0.25 total_env_steps=63640 t=0.08s
Ep 1912: len= 15 黑胜 loss=8.4148 temp=0.25 total_env_steps=63655 t=0.06s
Ep 1913: len= 15 黑胜 loss=9.3032 temp=0.25 total_env_steps=63670 t=0.07s
Ep 1914: len= 15 黑胜 loss=10.6608 temp=0.25 total_env_steps=63685 t=0.07s
Ep 1915: len= 15 黑胜 loss=9.4328 temp=0.25 total_env_steps=63700 t=0.07s
Ep 1916: len= 15 黑胜 loss=7.7124 temp=0.25 total_env_steps=63715 t=0.07s
Ep 1917: len= 15 黑胜 loss=10.5713 temp=0.25 total_env_steps=63730 t=0.06s
Ep 1918: len= 15 黑胜 loss=9.5681 temp=0.25 total_env_steps=63745 t=0.07s
Ep 1919: len= 15 黑胜 loss=10.3730 temp=0.25 total_env_steps=63760 t=0.07s
Ep 1920: len= 15 黑胜 loss=8.3227 temp=0.25 total_env_steps=63775 t=0.07s
Ep 1921: len= 15 黑胜 loss=10.1184 temp=0.25 total_env_steps=63790 t=0.06s
Ep 1922: len= 15 黑胜 loss=7.7536 temp=0.25 total_env_steps=63805 t=0.07s
Ep 1923: len= 15 黑胜 loss=9.2570 temp=0.25 total_env_steps=63820 t=0.07s
Ep 1924: len= 15 黑胜 loss=9.8858 temp=0.25 total_env_steps=63835 t=0.07s
Ep 1925: len= 28 白胜 loss=9.2491 temp=0.25 total_env_steps=63863 t=0.10s
Ep 1926: len= 15 黑胜 loss=10.3310 temp=0.25 total_env_steps=63878 t=0.06s
Ep 1927: len= 15 黑胜 loss=10.2695 temp=0.25 total_env_steps=63893 t=0.08s
Ep 1928: len= 25 黑胜 loss=9.0851 temp=0.25 total_env_steps=63918 t=0.11s
Ep 1929: len= 17 黑胜 loss=8.5812 temp=0.25 total_env_steps=63935 t=0.06s
Ep 1930: len= 15 黑胜 loss=10.0140 temp=0.25 total_env_steps=63950 t=0.07s
Ep 1931: len= 15 黑胜 loss=8.3043 temp=0.25 total_env_steps=63965 t=0.07s
Ep 1932: len= 15 黑胜 loss=8.4007 temp=0.25 total_env_steps=63980 t=0.07s
Ep 1933: len= 13 黑胜 loss=10.5023 temp=0.25 total_env_steps=63993 t=0.06s
Ep 1934: len= 16 白胜 loss=11.0511 temp=0.25 total_env_steps=64009 t=0.07s
Ep 1935: len= 15 黑胜 loss=8.0603 temp=0.25 total_env_steps=64024 t=0.06s
Ep 1936: len= 67 黑胜 loss=11.9866 temp=0.25 total_env_steps=64091 t=0.20s
Ep 1937: len= 15 黑胜 loss=12.3722 temp=0.25 total_env_steps=64106 t=0.08s
Ep 1938: len= 15 黑胜 loss=8.1842 temp=0.25 total_env_steps=64121 t=0.07s
Ep 1939: len= 15 黑胜 loss=10.3302 temp=0.25 total_env_steps=64136 t=0.07s
Ep 1940: len= 36 白胜 loss=8.6207 temp=0.25 total_env_steps=64172 t=0.13s
Ep 1941: len= 15 黑胜 loss=10.4190 temp=0.25 total_env_steps=64187 t=0.08s
Ep 1942: len= 27 黑胜 loss=8.4634 temp=0.25 total_env_steps=64214 t=0.11s
Ep 1943: len= 15 黑胜 loss=10.0623 temp=0.25 total_env_steps=64229 t=0.07s
Ep 1944: len= 13 黑胜 loss=8.7333 temp=0.25 total_env_steps=64242 t=0.06s
Ep 1945: len= 15 黑胜 loss=11.0728 temp=0.25 total_env_steps=64257 t=0.06s
Ep 1946: len= 15 黑胜 loss=10.4133 temp=0.25 total_env_steps=64272 t=0.07s
Ep 1947: len= 15 黑胜 loss=11.3809 temp=0.25 total_env_steps=64287 t=0.06s
Ep 1948: len= 15 黑胜 loss=10.9926 temp=0.25 total_env_steps=64302 t=0.08s
Ep 1949: len= 15 黑胜 loss=9.4512 temp=0.25 total_env_steps=64317 t=0.07s
Ep 1950: len= 15 黑胜 loss=8.5784 temp=0.25 total_env_steps=64332 t=0.07s
Ep 1951: len= 15 黑胜 loss=10.2450 temp=0.25 total_env_steps=64347 t=0.07s
Ep 1952: len= 15 黑胜 loss=8.4719 temp=0.25 total_env_steps=64362 t=0.08s
Ep 1953: len= 54 白胜 loss=8.2516 temp=0.25 total_env_steps=64416 t=0.19s
Ep 1954: len= 24 白胜 loss=9.5762 temp=0.25 total_env_steps=64440 t=0.10s
Ep 1955: len= 15 黑胜 loss=8.7141 temp=0.25 total_env_steps=64455 t=0.08s
Ep 1956: len= 15 黑胜 loss=10.8953 temp=0.25 total_env_steps=64470 t=0.06s
Ep 1957: len= 15 黑胜 loss=9.3997 temp=0.25 total_env_steps=64485 t=0.06s
Ep 1958: len= 28 白胜 loss=9.9550 temp=0.25 total_env_steps=64513 t=0.11s
Ep 1959: len= 16 白胜 loss=9.5846 temp=0.25 total_env_steps=64529 t=0.07s
Ep 1960: len= 15 黑胜 loss=9.4181 temp=0.25 total_env_steps=64544 t=0.07s
Ep 1961: len= 15 黑胜 loss=8.6281 temp=0.25 total_env_steps=64559 t=0.08s
Ep 1962: len= 15 黑胜 loss=8.4385 temp=0.25 total_env_steps=64574 t=0.07s
Ep 1963: len= 13 黑胜 loss=9.0510 temp=0.25 total_env_steps=64587 t=0.06s
Ep 1964: len= 15 黑胜 loss=9.5770 temp=0.25 total_env_steps=64602 t=0.06s
Ep 1965: len= 13 黑胜 loss=9.0904 temp=0.25 total_env_steps=64615 t=0.07s
Ep 1966: len= 63 黑胜 loss=10.8223 temp=0.25 total_env_steps=64678 t=0.18s
Ep 1967: len= 54 白胜 loss=11.2772 temp=0.25 total_env_steps=64732 t=0.17s
Ep 1968: len= 44 白胜 loss=9.3454 temp=0.25 total_env_steps=64776 t=0.14s
Ep 1969: len= 63 黑胜 loss=10.6552 temp=0.25 total_env_steps=64839 t=0.19s
Ep 1970: len= 67 黑胜 loss=8.6086 temp=0.25 total_env_steps=64906 t=0.20s
Ep 1971: len= 64 白胜 loss=9.8645 temp=0.25 total_env_steps=64970 t=0.19s
Ep 1972: len= 21 黑胜 loss=11.7016 temp=0.25 total_env_steps=64991 t=0.08s
Ep 1973: len= 15 黑胜 loss=10.0288 temp=0.25 total_env_steps=65006 t=0.07s
Ep 1974: len= 15 黑胜 loss=9.6781 temp=0.25 total_env_steps=65021 t=0.07s
Ep 1975: len= 11 黑胜 loss=9.9602 temp=0.25 total_env_steps=65032 t=0.08s
Ep 1976: len= 15 黑胜 loss=10.0080 temp=0.25 total_env_steps=65047 t=0.09s
Ep 1977: len= 18 白胜 loss=12.2573 temp=0.25 total_env_steps=65065 t=0.07s
Ep 1978: len= 58 白胜 loss=9.6033 temp=0.25 total_env_steps=65123 t=0.18s
Ep 1979: len= 15 黑胜 loss=10.0640 temp=0.25 total_env_steps=65138 t=0.06s
Ep 1980: len= 15 黑胜 loss=8.6063 temp=0.25 total_env_steps=65153 t=0.06s
Ep 1981: len= 15 黑胜 loss=9.7488 temp=0.25 total_env_steps=65168 t=0.07s
Ep 1982: len= 15 黑胜 loss=10.2410 temp=0.25 total_env_steps=65183 t=0.07s
Ep 1983: len= 15 黑胜 loss=10.8254 temp=0.25 total_env_steps=65198 t=0.07s
Ep 1984: len= 42 白胜 loss=11.0605 temp=0.25 total_env_steps=65240 t=0.15s
Ep 1985: len= 19 黑胜 loss=11.5149 temp=0.25 total_env_steps=65259 t=0.08s
Ep 1986: len= 36 白胜 loss=9.7614 temp=0.25 total_env_steps=65295 t=0.12s
Ep 1987: len= 15 黑胜 loss=10.3836 temp=0.25 total_env_steps=65310 t=0.07s
Ep 1988: len= 15 黑胜 loss=11.3427 temp=0.25 total_env_steps=65325 t=0.07s
Ep 1989: len= 15 黑胜 loss=11.0786 temp=0.25 total_env_steps=65340 t=0.07s
Ep 1990: len= 15 黑胜 loss=9.6505 temp=0.25 total_env_steps=65355 t=0.07s
Ep 1991: len= 65 黑胜 loss=12.9294 temp=0.25 total_env_steps=65420 t=0.19s
Ep 1992: len= 71 黑胜 loss=11.0732 temp=0.25 total_env_steps=65491 t=0.22s
Ep 1993: len= 15 黑胜 loss=9.9594 temp=0.25 total_env_steps=65506 t=0.08s
Ep 1994: len= 13 黑胜 loss=11.1779 temp=0.25 total_env_steps=65519 t=0.06s
Ep 1995: len= 15 黑胜 loss=9.3313 temp=0.25 total_env_steps=65534 t=0.07s
Ep 1996: len= 15 黑胜 loss=11.2325 temp=0.25 total_env_steps=65549 t=0.07s
Ep 1997: len= 15 黑胜 loss=10.2431 temp=0.25 total_env_steps=65564 t=0.07s
Ep 1998: len= 18 白胜 loss=10.7480 temp=0.25 total_env_steps=65582 t=0.09s
Ep 1999: len= 21 黑胜 loss=10.3889 temp=0.25 total_env_steps=65603 t=0.09s
Ep 2000: len= 52 白胜 loss=11.9029 temp=0.25 total_env_steps=65655 t=0.17s
  eval vs Gomoku-random-v0: win_rate=0.80 mean_return=0.60（20 局，total_env_steps=65655）
[闸门] vs random（40 局）: win_rate=0.875
[闸门] vs 半程快照（40 局，黑白各半）: score=0.500
[梯队] vs naive0（20 局，观察性）: win_rate=0.10
[梯队] vs naive1（20 局，观察性）: win_rate=0.00
[梯队] vs naive2（20 局，观察性）: win_rate=0.00
[梯队] vs naive3（20 局，观察性）: win_rate=0.00
📈 Gomoku-selfplay-v0 win_rate=0.80（best 1.00）| 门槛 0.95 | 234.9s

--- M3 arm=budget_2000 汇总（base 对照见 bench 头注释）---
  seed=42 vs_random=1.000 vs_snapshot=0.700 | 梯队 naive0=0.15 naive1=0.00 naive2=0.00 naive3=0.00 | env_steps=83805 wall=268s
  seed=43 vs_random=0.925 vs_snapshot=0.500 | 梯队 naive0=0.10 naive1=0.05 naive2=0.00 naive3=0.00 | env_steps=69630 wall=222s
  seed=44 vs_random=0.875 vs_snapshot=0.500 | 梯队 naive0=0.10 naive1=0.00 naive2=0.00 naive3=0.00 | env_steps=65655 wall=235s
ok

test result: ok. 1 passed; 0 failed; 0 ignored; 0 measured; 3418 filtered out; finished in 724.90s

     Running tests\cse_dedup.rs (target\release\deps\cse_dedup-7a657e998c2a0176.exe)

running 0 tests

test result: ok. 0 passed; 0 failed; 0 ignored; 0 measured; 1 filtered out; finished in 0.00s

     Running tests\mode_invariants.rs (target\release\deps\mode_invariants-12496c59841ba5c8.exe)

running 0 tests

test result: ok. 0 passed; 0 failed; 0 ignored; 0 measured; 9 filtered out; finished in 0.00s

     Running tests\onnx_otm_load_bench.rs (target\release\deps\onnx_otm_load_bench-39da60dd6dcd2511.exe)

running 0 tests

test result: ok. 0 passed; 0 failed; 0 ignored; 0 measured; 1 filtered out; finished in 0.00s

     Running tests\yolov5_xiangqi_import.rs (target\release\deps\yolov5_xiangqi_import-5a55f6b67c0e8a85.exe)

running 0 tests

test result: ok. 0 passed; 0 failed; 0 ignored; 0 measured; 6 filtered out; finished in 0.00s

