   Compiling only_torch v0.25.0 (D:\DATA\BaiduSyncdisk\project\personal\only_torch)
    Finished `release` profile [optimized] target(s) in 1m 10s
     Running unittests src\lib.rs (target\release\deps\only_torch-45d502c1e61c3f90.exe)

running 1 test
test rl::algo::my_zero::tests::gomoku_m3_bench::gomoku_naive0_cnn_recipe ... 
--- arm=cnn_recipe seed=42 sims=100 ---
[MyZero-board Gomoku-selfplay-v0] obs=243(3×9²) |A|=81 sims=100 γ=1.0 negamax
[MyZero-board] repr=CNN（stride-1 棋盘塔）
[MyZero-board] 8 重对称增广开启（D4，采样时随机套变换）
[MyZero-board] 树内真规则开启（AlphaZero 式诊断；训练侧不变）
[MyZero-board] 战术开局课程开启（p=0.25，必挡局面前缀；eval 不受影响）
Ep    1: len= 31 黑胜 loss=0.0000 temp=1.00 total_env_steps=31 t=0.52s
Ep    2: len= 38 白胜 loss=0.0000 temp=1.00 total_env_steps=69 t=0.55s
Ep    3: len= 30 白胜 loss=0.0000 temp=1.00 total_env_steps=99 t=0.41s
Ep    4: len= 43 白胜 loss=0.0000 temp=1.00 total_env_steps=142 t=0.55s
Ep    5: len=  4 黑胜 loss=0.0000 temp=1.00 total_env_steps=146 t=0.04s
Ep    6: len= 41 黑胜 loss=0.0000 temp=1.00 total_env_steps=187 t=0.51s
Ep    7: len= 35 黑胜 loss=0.0000 temp=1.00 total_env_steps=222 t=0.44s
Ep    8: len= 44 白胜 loss=0.0000 temp=1.00 total_env_steps=266 t=0.56s
Ep    9: len=  2 黑胜 loss=0.0000 temp=1.00 total_env_steps=268 t=0.02s
Ep   10: len= 51 黑胜 loss=37.1324 temp=1.00 total_env_steps=319 t=0.71s
Ep   11: len= 28 白胜 loss=30.1285 temp=1.00 total_env_steps=347 t=0.40s
Ep   12: len=  4 白胜 loss=30.0097 temp=1.00 total_env_steps=351 t=0.09s
Ep   13: len= 31 黑胜 loss=29.4824 temp=1.00 total_env_steps=382 t=0.46s
Ep   14: len= 36 白胜 loss=29.0579 temp=1.00 total_env_steps=418 t=0.59s
Ep   15: len= 36 白胜 loss=29.0839 temp=1.00 total_env_steps=454 t=0.51s
Ep   16: len= 21 黑胜 loss=28.8705 temp=1.00 total_env_steps=475 t=0.32s
Ep   17: len= 27 黑胜 loss=28.8062 temp=1.00 total_env_steps=502 t=0.39s
Ep   18: len=  2 白胜 loss=28.5815 temp=1.00 total_env_steps=504 t=0.06s
Ep   19: len= 32 白胜 loss=28.7200 temp=1.00 total_env_steps=536 t=0.43s
Ep   20: len= 10 黑胜 loss=28.6225 temp=1.00 total_env_steps=546 t=0.17s
Ep   21: len= 18 白胜 loss=28.5751 temp=1.00 total_env_steps=564 t=0.27s
Ep   22: len= 36 白胜 loss=28.6396 temp=1.00 total_env_steps=600 t=0.47s
Ep   23: len= 41 黑胜 loss=28.7188 temp=1.00 total_env_steps=641 t=0.56s
Ep   24: len= 29 黑胜 loss=28.4002 temp=1.00 total_env_steps=670 t=0.39s
Ep   25: len= 38 白胜 loss=28.6286 temp=1.00 total_env_steps=708 t=0.49s
Ep   26: len=  6 白胜 loss=28.6621 temp=1.00 total_env_steps=714 t=0.10s
Ep   27: len= 26 白胜 loss=28.5320 temp=1.00 total_env_steps=740 t=0.34s
Ep   28: len= 35 黑胜 loss=28.6023 temp=1.00 total_env_steps=775 t=0.54s
Ep   29: len= 37 黑胜 loss=28.4479 temp=1.00 total_env_steps=812 t=0.53s
Ep   30: len= 33 黑胜 loss=28.7693 temp=1.00 total_env_steps=845 t=0.50s
Ep   31: len=  4 白胜 loss=28.5688 temp=1.00 total_env_steps=849 t=0.09s
Ep   32: len=  2 黑胜 loss=28.6839 temp=1.00 total_env_steps=851 t=0.06s
Ep   33: len= 37 黑胜 loss=28.5439 temp=1.00 total_env_steps=888 t=0.49s
Ep   34: len= 36 白胜 loss=28.5350 temp=1.00 total_env_steps=924 t=0.52s
Ep   35: len= 24 白胜 loss=28.5484 temp=1.00 total_env_steps=948 t=0.36s
Ep   36: len= 31 黑胜 loss=28.7279 temp=1.00 total_env_steps=979 t=0.41s
Ep   37: len= 36 白胜 loss=28.4893 temp=1.00 total_env_steps=1015 t=0.49s
Ep   38: len= 33 白胜 loss=28.4143 temp=1.00 total_env_steps=1048 t=0.43s
Ep   39: len= 27 黑胜 loss=28.5922 temp=1.00 total_env_steps=1075 t=0.37s
Ep   40: len= 33 黑胜 loss=28.3793 temp=1.00 total_env_steps=1108 t=0.45s
Ep   41: len= 33 黑胜 loss=28.6580 temp=1.00 total_env_steps=1141 t=0.45s
Ep   42: len= 29 黑胜 loss=28.5704 temp=1.00 total_env_steps=1170 t=0.38s
Ep   43: len= 55 黑胜 loss=28.4331 temp=1.00 total_env_steps=1225 t=0.72s
Ep   44: len= 21 黑胜 loss=28.6996 temp=1.00 total_env_steps=1246 t=0.30s
Ep   45: len= 33 黑胜 loss=28.5627 temp=1.00 total_env_steps=1279 t=0.43s
Ep   46: len= 30 白胜 loss=28.4687 temp=1.00 total_env_steps=1309 t=0.41s
Ep   47: len= 30 白胜 loss=28.4918 temp=1.00 total_env_steps=1339 t=0.39s
Ep   48: len=  4 白胜 loss=28.2823 temp=1.00 total_env_steps=1343 t=0.08s
Ep   49: len=  6 白胜 loss=28.3174 temp=1.00 total_env_steps=1349 t=0.09s
Ep   50: len=  2 白胜 loss=28.4104 temp=1.00 total_env_steps=1351 t=0.06s
Ep   51: len=  4 白胜 loss=28.7414 temp=1.00 total_env_steps=1355 t=0.08s
Ep   52: len= 10 白胜 loss=28.6073 temp=1.00 total_env_steps=1365 t=0.17s
Ep   53: len=  2 黑胜 loss=28.6276 temp=1.00 total_env_steps=1367 t=0.06s
Ep   54: len= 35 黑胜 loss=28.5439 temp=1.00 total_env_steps=1402 t=0.49s
Ep   55: len= 32 白胜 loss=28.5473 temp=1.00 total_env_steps=1434 t=0.41s
Ep   56: len= 37 黑胜 loss=28.4548 temp=1.00 total_env_steps=1471 t=0.51s
Ep   57: len= 43 黑胜 loss=28.4968 temp=1.00 total_env_steps=1514 t=0.57s
Ep   58: len= 23 黑胜 loss=28.5189 temp=1.00 total_env_steps=1537 t=0.31s
Ep   59: len= 26 白胜 loss=28.4295 temp=1.00 total_env_steps=1563 t=0.36s
Ep   60: len= 13 黑胜 loss=28.5351 temp=1.00 total_env_steps=1576 t=0.17s
Ep   61: len= 20 白胜 loss=28.5824 temp=1.00 total_env_steps=1596 t=0.27s
Ep   62: len= 44 白胜 loss=28.4130 temp=1.00 total_env_steps=1640 t=0.55s
Ep   63: len= 23 黑胜 loss=28.5958 temp=1.00 total_env_steps=1663 t=0.31s
Ep   64: len= 47 黑胜 loss=28.4687 temp=1.00 total_env_steps=1710 t=0.60s
Ep   65: len= 37 黑胜 loss=28.4873 temp=1.00 total_env_steps=1747 t=0.47s
Ep   66: len=  2 黑胜 loss=28.6281 temp=1.00 total_env_steps=1749 t=0.06s
Ep   67: len= 38 白胜 loss=28.4733 temp=1.00 total_env_steps=1787 t=0.49s
Ep   68: len= 44 白胜 loss=28.5421 temp=1.00 total_env_steps=1831 t=0.54s
Ep   69: len= 37 黑胜 loss=28.4205 temp=1.00 total_env_steps=1868 t=0.48s
Ep   70: len=  4 黑胜 loss=28.4926 temp=1.00 total_env_steps=1872 t=0.09s
Ep   71: len= 45 黑胜 loss=28.5579 temp=1.00 total_env_steps=1917 t=0.56s
Ep   72: len= 34 白胜 loss=28.4414 temp=1.00 total_env_steps=1951 t=0.46s
Ep   73: len= 44 白胜 loss=28.6781 temp=1.00 total_env_steps=1995 t=0.55s
Ep   74: len= 27 黑胜 loss=28.5243 temp=1.00 total_env_steps=2022 t=0.37s
Ep   75: len= 26 白胜 loss=28.6535 temp=1.00 total_env_steps=2048 t=0.35s
Ep   76: len= 44 白胜 loss=28.5019 temp=1.00 total_env_steps=2092 t=0.55s
Ep   77: len= 32 白胜 loss=28.5375 temp=1.00 total_env_steps=2124 t=0.43s
Ep   78: len=  6 黑胜 loss=28.5510 temp=1.00 total_env_steps=2130 t=0.11s
Ep   79: len= 32 白胜 loss=28.8208 temp=1.00 total_env_steps=2162 t=0.43s
Ep   80: len= 33 黑胜 loss=28.5614 temp=1.00 total_env_steps=2195 t=0.43s
Ep   81: len= 39 黑胜 loss=28.4953 temp=1.00 total_env_steps=2234 t=0.49s
Ep   82: len= 46 白胜 loss=28.5176 temp=1.00 total_env_steps=2280 t=0.56s
Ep   83: len=  2 黑胜 loss=28.3752 temp=1.00 total_env_steps=2282 t=0.06s
Ep   84: len=  4 白胜 loss=28.6049 temp=1.00 total_env_steps=2286 t=0.07s
Ep   85: len=  2 白胜 loss=28.3582 temp=1.00 total_env_steps=2288 t=0.06s
Ep   86: len= 26 白胜 loss=28.7779 temp=1.00 total_env_steps=2314 t=0.33s
Ep   87: len=  6 白胜 loss=28.4332 temp=1.00 total_env_steps=2320 t=0.10s
Ep   88: len= 32 白胜 loss=28.6565 temp=1.00 total_env_steps=2352 t=0.41s
Ep   89: len= 37 黑胜 loss=28.6945 temp=1.00 total_env_steps=2389 t=0.46s
Ep   90: len= 27 黑胜 loss=28.5316 temp=1.00 total_env_steps=2416 t=0.37s
Ep   91: len= 32 白胜 loss=28.5114 temp=1.00 total_env_steps=2448 t=0.42s
Ep   92: len=  2 白胜 loss=28.4840 temp=1.00 total_env_steps=2450 t=0.06s
Ep   93: len=  2 白胜 loss=28.7029 temp=1.00 total_env_steps=2452 t=0.07s
Ep   94: len= 29 黑胜 loss=28.5392 temp=1.00 total_env_steps=2481 t=0.37s
Ep   95: len=  6 黑胜 loss=28.6003 temp=1.00 total_env_steps=2487 t=0.10s
Ep   96: len=  8 白胜 loss=28.5687 temp=1.00 total_env_steps=2495 t=0.12s
Ep   97: len= 55 黑胜 loss=28.4953 temp=1.00 total_env_steps=2550 t=0.69s
Ep   98: len=  2 白胜 loss=28.5543 temp=1.00 total_env_steps=2552 t=0.06s
Ep   99: len=  4 白胜 loss=28.6190 temp=1.00 total_env_steps=2556 t=0.08s
Ep  100: len= 24 白胜 loss=28.5101 temp=1.00 total_env_steps=2580 t=0.30s
Ep  101: len= 31 黑胜 loss=28.5484 temp=1.00 total_env_steps=2611 t=0.41s
Ep  102: len= 26 白胜 loss=28.5458 temp=1.00 total_env_steps=2637 t=0.34s
Ep  103: len= 33 黑胜 loss=28.4744 temp=1.00 total_env_steps=2670 t=0.39s
Ep  104: len= 50 白胜 loss=28.7835 temp=1.00 total_env_steps=2720 t=0.61s
Ep  105: len= 35 黑胜 loss=28.5768 temp=1.00 total_env_steps=2755 t=0.43s
Ep  106: len=  2 黑胜 loss=28.7089 temp=1.00 total_env_steps=2757 t=0.06s
Ep  107: len= 28 白胜 loss=28.6031 temp=1.00 total_env_steps=2785 t=0.37s
Ep  108: len= 34 白胜 loss=28.5660 temp=1.00 total_env_steps=2819 t=0.48s
Ep  109: len= 27 黑胜 loss=28.6400 temp=1.00 total_env_steps=2846 t=0.47s
Ep  110: len= 10 白胜 loss=28.6200 temp=1.00 total_env_steps=2856 t=0.14s
Ep  111: len= 30 白胜 loss=28.4364 temp=1.00 total_env_steps=2886 t=0.44s
Ep  112: len=  2 白胜 loss=28.5519 temp=1.00 total_env_steps=2888 t=0.06s
Ep  113: len= 22 白胜 loss=28.5245 temp=1.00 total_env_steps=2910 t=0.36s
Ep  114: len= 42 白胜 loss=28.6652 temp=1.00 total_env_steps=2952 t=0.61s
Ep  115: len= 31 黑胜 loss=28.6201 temp=1.00 total_env_steps=2983 t=0.48s
Ep  116: len= 43 黑胜 loss=28.6088 temp=1.00 total_env_steps=3026 t=0.61s
Ep  117: len= 20 白胜 loss=28.5269 temp=1.00 total_env_steps=3046 t=0.32s
Ep  118: len= 37 黑胜 loss=28.5136 temp=1.00 total_env_steps=3083 t=0.53s
Ep  119: len= 43 黑胜 loss=28.5435 temp=1.00 total_env_steps=3126 t=0.63s
Ep  120: len=  4 黑胜 loss=28.5405 temp=1.00 total_env_steps=3130 t=0.09s
Ep  121: len= 39 黑胜 loss=28.6034 temp=1.00 total_env_steps=3169 t=0.81s
Ep  122: len= 38 白胜 loss=28.5885 temp=1.00 total_env_steps=3207 t=0.87s
Ep  123: len= 26 白胜 loss=28.4334 temp=1.00 total_env_steps=3233 t=0.61s
Ep  124: len= 27 黑胜 loss=28.5083 temp=1.00 total_env_steps=3260 t=0.63s
Ep  125: len=  4 黑胜 loss=28.4362 temp=1.00 total_env_steps=3264 t=0.12s
Ep  126: len= 33 黑胜 loss=28.5445 temp=1.00 total_env_steps=3297 t=0.77s
Ep  127: len= 35 黑胜 loss=28.7055 temp=1.00 total_env_steps=3332 t=0.79s
Ep  128: len= 41 黑胜 loss=28.4502 temp=1.00 total_env_steps=3373 t=0.96s
Ep  129: len=  2 白胜 loss=28.6510 temp=1.00 total_env_steps=3375 t=0.10s
Ep  130: len= 35 黑胜 loss=28.4153 temp=1.00 total_env_steps=3410 t=0.80s
Ep  131: len= 24 白胜 loss=28.7230 temp=1.00 total_env_steps=3434 t=0.58s
Ep  132: len= 46 白胜 loss=28.5863 temp=1.00 total_env_steps=3480 t=1.03s
Ep  133: len= 56 白胜 loss=28.6627 temp=1.00 total_env_steps=3536 t=1.21s
Ep  134: len= 29 黑胜 loss=28.4048 temp=1.00 total_env_steps=3565 t=0.68s
Ep  135: len= 34 白胜 loss=28.5361 temp=1.00 total_env_steps=3599 t=0.75s
Ep  136: len= 41 黑胜 loss=28.5834 temp=1.00 total_env_steps=3640 t=0.96s
Ep  137: len= 29 黑胜 loss=28.5926 temp=1.00 total_env_steps=3669 t=0.70s
Ep  138: len= 27 黑胜 loss=28.4056 temp=1.00 total_env_steps=3696 t=0.65s
Ep  139: len= 31 黑胜 loss=28.4913 temp=1.00 total_env_steps=3727 t=0.74s
Ep  140: len= 29 黑胜 loss=28.7247 temp=1.00 total_env_steps=3756 t=0.66s
Ep  141: len= 35 黑胜 loss=28.5682 temp=1.00 total_env_steps=3791 t=0.80s
Ep  142: len=  2 黑胜 loss=28.5360 temp=1.00 total_env_steps=3793 t=0.09s
Ep  143: len= 22 白胜 loss=28.5914 temp=1.00 total_env_steps=3815 t=0.52s
Ep  144: len= 44 白胜 loss=28.5218 temp=1.00 total_env_steps=3859 t=1.01s
Ep  145: len=  6 白胜 loss=28.6419 temp=1.00 total_env_steps=3865 t=0.15s
Ep  146: len= 35 黑胜 loss=28.4259 temp=1.00 total_env_steps=3900 t=0.80s
Ep  147: len= 36 白胜 loss=28.4982 temp=1.00 total_env_steps=3936 t=0.83s
Ep  148: len=  8 黑胜 loss=28.7149 temp=1.00 total_env_steps=3944 t=0.22s
Ep  149: len= 30 白胜 loss=28.5477 temp=1.00 total_env_steps=3974 t=0.67s
Ep  150: len= 33 黑胜 loss=28.6850 temp=1.00 total_env_steps=4007 t=0.80s
Ep  151: len=  2 黑胜 loss=28.5528 temp=1.00 total_env_steps=4009 t=0.09s
Ep  152: len= 27 黑胜 loss=28.4251 temp=1.00 total_env_steps=4036 t=0.64s
Ep  153: len= 49 黑胜 loss=28.5692 temp=1.00 total_env_steps=4085 t=1.15s
Ep  154: len= 39 黑胜 loss=28.7745 temp=1.00 total_env_steps=4124 t=0.90s
Ep  155: len= 44 白胜 loss=28.4602 temp=1.00 total_env_steps=4168 t=1.01s
Ep  156: len=  2 白胜 loss=28.5434 temp=1.00 total_env_steps=4170 t=0.08s
Ep  157: len=  4 黑胜 loss=28.4224 temp=1.00 total_env_steps=4174 t=0.15s
Ep  158: len= 29 黑胜 loss=28.5759 temp=1.00 total_env_steps=4203 t=0.73s
Ep  159: len= 22 白胜 loss=28.4845 temp=1.00 total_env_steps=4225 t=0.54s
Ep  160: len= 25 黑胜 loss=28.4517 temp=1.00 total_env_steps=4250 t=0.59s
Ep  161: len= 18 白胜 loss=28.5871 temp=1.00 total_env_steps=4268 t=0.50s
Ep  162: len= 26 白胜 loss=28.6177 temp=1.00 total_env_steps=4294 t=0.66s
Ep  163: len= 28 白胜 loss=28.4846 temp=1.00 total_env_steps=4322 t=0.68s
Ep  164: len=  4 黑胜 loss=28.6245 temp=1.00 total_env_steps=4326 t=0.14s
Ep  165: len=  4 白胜 loss=28.4483 temp=1.00 total_env_steps=4330 t=0.13s
Ep  166: len= 27 黑胜 loss=28.5202 temp=1.00 total_env_steps=4357 t=0.63s
Ep  167: len= 38 白胜 loss=28.5658 temp=1.00 total_env_steps=4395 t=0.90s
Ep  168: len= 28 白胜 loss=28.5781 temp=1.00 total_env_steps=4423 t=0.65s
Ep  169: len= 30 白胜 loss=28.5294 temp=1.00 total_env_steps=4453 t=0.71s
Ep  170: len=  2 白胜 loss=28.4641 temp=1.00 total_env_steps=4455 t=0.10s
Ep  171: len= 38 白胜 loss=28.4737 temp=1.00 total_env_steps=4493 t=0.89s
Ep  172: len= 31 黑胜 loss=28.6247 temp=1.00 total_env_steps=4524 t=0.74s
Ep  173: len= 47 黑胜 loss=28.5543 temp=1.00 total_env_steps=4571 t=1.08s
Ep  174: len= 33 黑胜 loss=28.5667 temp=1.00 total_env_steps=4604 t=0.76s
Ep  175: len= 53 黑胜 loss=28.5415 temp=1.00 total_env_steps=4657 t=1.22s
Ep  176: len= 29 黑胜 loss=28.5277 temp=1.00 total_env_steps=4686 t=0.65s
Ep  177: len= 29 黑胜 loss=28.6552 temp=1.00 total_env_steps=4715 t=0.67s
Ep  178: len= 32 白胜 loss=28.4905 temp=1.00 total_env_steps=4747 t=0.79s
Ep  179: len=  2 白胜 loss=28.4865 temp=1.00 total_env_steps=4749 t=0.08s
Ep  180: len= 33 黑胜 loss=28.4085 temp=1.00 total_env_steps=4782 t=0.74s
Ep  181: len= 50 白胜 loss=28.5795 temp=1.00 total_env_steps=4832 t=1.11s
Ep  182: len=  4 黑胜 loss=28.6853 temp=1.00 total_env_steps=4836 t=0.12s
Ep  183: len=  2 黑胜 loss=28.5332 temp=1.00 total_env_steps=4838 t=0.11s
Ep  184: len= 25 黑胜 loss=28.6300 temp=1.00 total_env_steps=4863 t=0.60s
Ep  185: len= 43 黑胜 loss=28.5937 temp=1.00 total_env_steps=4906 t=1.02s
Ep  186: len=  2 白胜 loss=28.6327 temp=1.00 total_env_steps=4908 t=0.09s
Ep  187: len= 47 黑胜 loss=28.5913 temp=1.00 total_env_steps=4955 t=1.09s
Ep  188: len= 52 白胜 loss=28.5055 temp=1.00 total_env_steps=5007 t=1.20s
Ep  189: len= 24 白胜 loss=28.6120 temp=1.00 total_env_steps=5031 t=0.57s
Ep  190: len= 33 黑胜 loss=28.6289 temp=1.00 total_env_steps=5064 t=0.81s
Ep  191: len= 32 白胜 loss=28.4020 temp=1.00 total_env_steps=5096 t=0.78s
Ep  192: len= 35 黑胜 loss=28.5721 temp=1.00 total_env_steps=5131 t=0.87s
Ep  193: len= 27 黑胜 loss=28.5876 temp=1.00 total_env_steps=5158 t=0.70s
Ep  194: len= 38 白胜 loss=28.4109 temp=1.00 total_env_steps=5196 t=0.92s
Ep  195: len= 39 黑胜 loss=28.3954 temp=1.00 total_env_steps=5235 t=0.95s
Ep  196: len= 32 白胜 loss=28.3510 temp=1.00 total_env_steps=5267 t=0.82s
Ep  197: len= 24 白胜 loss=28.5413 temp=1.00 total_env_steps=5291 t=0.66s
Ep  198: len= 22 白胜 loss=28.3895 temp=1.00 total_env_steps=5313 t=0.62s
Ep  199: len= 36 白胜 loss=28.5146 temp=1.00 total_env_steps=5349 t=0.91s
Ep  200: len=  4 黑胜 loss=28.5359 temp=1.00 total_env_steps=5353 t=0.20s
  eval vs Gomoku-random-v0: win_rate=1.00 mean_return=1.00（20 局，total_env_steps=5353）
  ✅ 达标 ep=200 total_env_steps=5353
Ep  201: len= 51 黑胜 loss=28.4910 temp=1.00 total_env_steps=5404 t=1.22s
Ep  202: len= 35 白胜 loss=28.6072 temp=1.00 total_env_steps=5439 t=0.86s
Ep  203: len= 14 黑胜 loss=28.4413 temp=1.00 total_env_steps=5453 t=0.42s
Ep  204: len=  6 白胜 loss=28.5999 temp=1.00 total_env_steps=5459 t=0.24s
Ep  205: len= 40 白胜 loss=28.4389 temp=1.00 total_env_steps=5499 t=0.98s
Ep  206: len= 45 黑胜 loss=28.5042 temp=1.00 total_env_steps=5544 t=1.09s
Ep  207: len= 38 白胜 loss=28.7079 temp=1.00 total_env_steps=5582 t=0.96s
Ep  208: len= 29 黑胜 loss=28.6119 temp=1.00 total_env_steps=5611 t=0.75s
Ep  209: len= 61 黑胜 loss=28.4660 temp=1.00 total_env_steps=5672 t=1.41s
Ep  210: len= 42 白胜 loss=28.4834 temp=1.00 total_env_steps=5714 t=1.02s
Ep  211: len=  2 黑胜 loss=28.5549 temp=1.00 total_env_steps=5716 t=0.17s
Ep  212: len= 36 白胜 loss=28.5874 temp=1.00 total_env_steps=5752 t=0.91s
Ep  213: len= 55 黑胜 loss=28.4410 temp=1.00 total_env_steps=5807 t=1.35s
Ep  214: len= 21 黑胜 loss=28.4548 temp=1.00 total_env_steps=5828 t=0.61s
Ep  215: len= 43 黑胜 loss=28.4684 temp=1.00 total_env_steps=5871 t=1.11s
Ep  216: len= 30 白胜 loss=28.7109 temp=1.00 total_env_steps=5901 t=0.81s
Ep  217: len= 25 黑胜 loss=28.5807 temp=1.00 total_env_steps=5926 t=0.69s
Ep  218: len= 19 黑胜 loss=28.5949 temp=1.00 total_env_steps=5945 t=0.56s
Ep  219: len= 18 黑胜 loss=28.4254 temp=1.00 total_env_steps=5963 t=0.55s
Ep  220: len= 22 白胜 loss=28.4656 temp=1.00 total_env_steps=5985 t=0.62s
Ep  221: len= 29 黑胜 loss=28.6050 temp=1.00 total_env_steps=6014 t=0.79s
Ep  222: len= 29 黑胜 loss=28.4862 temp=1.00 total_env_steps=6043 t=0.75s
Ep  223: len= 26 白胜 loss=28.5141 temp=1.00 total_env_steps=6069 t=0.68s
Ep  224: len= 32 白胜 loss=28.3862 temp=1.00 total_env_steps=6101 t=0.84s
Ep  225: len= 39 黑胜 loss=28.5732 temp=1.00 total_env_steps=6140 t=1.03s
Ep  226: len=  6 白胜 loss=28.5731 temp=1.00 total_env_steps=6146 t=0.27s
Ep  227: len= 28 白胜 loss=28.5500 temp=1.00 total_env_steps=6174 t=0.79s
Ep  228: len= 38 白胜 loss=28.4302 temp=1.00 total_env_steps=6212 t=1.05s
Ep  229: len= 31 黑胜 loss=28.4836 temp=1.00 total_env_steps=6243 t=0.88s
Ep  230: len=  2 黑胜 loss=28.5483 temp=1.00 total_env_steps=6245 t=0.19s
Ep  231: len= 32 白胜 loss=28.3142 temp=1.00 total_env_steps=6277 t=0.82s
Ep  232: len= 25 黑胜 loss=28.4559 temp=1.00 total_env_steps=6302 t=0.73s
Ep  233: len= 32 白胜 loss=28.5703 temp=1.00 total_env_steps=6334 t=0.80s
Ep  234: len= 33 黑胜 loss=28.2622 temp=1.00 total_env_steps=6367 t=0.86s
Ep  235: len= 52 白胜 loss=28.3970 temp=1.00 total_env_steps=6419 t=1.28s
Ep  236: len= 39 黑胜 loss=28.7006 temp=1.00 total_env_steps=6458 t=1.00s
Ep  237: len= 37 黑胜 loss=28.4350 temp=1.00 total_env_steps=6495 t=0.93s
Ep  238: len=  4 黑胜 loss=28.4207 temp=1.00 total_env_steps=6499 t=0.23s
Ep  239: len= 27 黑胜 loss=28.5135 temp=1.00 total_env_steps=6526 t=0.70s
Ep  240: len= 32 白胜 loss=28.4895 temp=1.00 total_env_steps=6558 t=0.85s
Ep  241: len=  2 黑胜 loss=28.4194 temp=1.00 total_env_steps=6560 t=0.17s
Ep  242: len= 28 白胜 loss=28.4038 temp=1.00 total_env_steps=6588 t=0.76s
Ep  243: len= 42 白胜 loss=28.5904 temp=1.00 total_env_steps=6630 t=1.06s
Ep  244: len=  2 白胜 loss=28.4482 temp=1.00 total_env_steps=6632 t=0.18s
Ep  245: len= 23 黑胜 loss=28.5105 temp=1.00 total_env_steps=6655 t=0.65s
Ep  246: len=  2 白胜 loss=28.6493 temp=1.00 total_env_steps=6657 t=0.19s
Ep  247: len= 36 白胜 loss=28.5624 temp=1.00 total_env_steps=6693 t=0.99s
Ep  248: len= 39 黑胜 loss=28.4726 temp=1.00 total_env_steps=6732 t=0.95s
Ep  249: len= 44 白胜 loss=28.4792 temp=1.00 total_env_steps=6776 t=1.13s
Ep  250: len= 50 白胜 loss=28.6691 temp=1.00 total_env_steps=6826 t=1.22s
Ep  251: len= 43 黑胜 loss=28.4995 temp=1.00 total_env_steps=6869 t=1.07s
Ep  252: len= 19 黑胜 loss=28.6400 temp=1.00 total_env_steps=6888 t=0.55s
Ep  253: len=  4 白胜 loss=28.5905 temp=1.00 total_env_steps=6892 t=0.22s
Ep  254: len=  2 黑胜 loss=28.5041 temp=1.00 total_env_steps=6894 t=0.19s
Ep  255: len=  6 白胜 loss=28.4942 temp=1.00 total_env_steps=6900 t=0.25s
Ep  256: len= 46 白胜 loss=28.4452 temp=1.00 total_env_steps=6946 t=1.16s
Ep  257: len=  2 黑胜 loss=28.5106 temp=1.00 total_env_steps=6948 t=0.18s
Ep  258: len=  2 白胜 loss=28.6492 temp=1.00 total_env_steps=6950 t=0.16s
Ep  259: len= 29 黑胜 loss=28.5881 temp=1.00 total_env_steps=6979 t=0.75s
Ep  260: len= 23 黑胜 loss=28.4306 temp=1.00 total_env_steps=7002 t=0.65s
Ep  261: len= 43 黑胜 loss=28.5717 temp=1.00 total_env_steps=7045 t=1.09s
Ep  262: len= 35 黑胜 loss=28.5388 temp=1.00 total_env_steps=7080 t=0.89s
Ep  263: len=  2 白胜 loss=28.5279 temp=1.00 total_env_steps=7082 t=0.19s
Ep  264: len= 36 白胜 loss=28.4940 temp=1.00 total_env_steps=7118 t=0.92s
Ep  265: len= 32 白胜 loss=28.5853 temp=1.00 total_env_steps=7150 t=0.80s
Ep  266: len=  2 黑胜 loss=28.4705 temp=1.00 total_env_steps=7152 t=0.16s
Ep  267: len=  2 黑胜 loss=28.4653 temp=1.00 total_env_steps=7154 t=0.14s
Ep  268: len=  2 黑胜 loss=28.7676 temp=1.00 total_env_steps=7156 t=0.15s
Ep  269: len= 33 黑胜 loss=28.4774 temp=1.00 total_env_steps=7189 t=0.83s
Ep  270: len=  8 黑胜 loss=28.3299 temp=1.00 total_env_steps=7197 t=0.25s
Ep  271: len= 39 黑胜 loss=28.5136 temp=1.00 total_env_steps=7236 t=1.02s
Ep  272: len= 41 黑胜 loss=28.3384 temp=1.00 total_env_steps=7277 t=1.02s
Ep  273: len= 30 白胜 loss=28.4100 temp=1.00 total_env_steps=7307 t=0.79s
Ep  274: len=  4 黑胜 loss=28.5517 temp=1.00 total_env_steps=7311 t=0.18s
Ep  275: len= 25 黑胜 loss=28.4847 temp=1.00 total_env_steps=7336 t=0.68s
Ep  276: len= 15 黑胜 loss=28.4448 temp=1.00 total_env_steps=7351 t=0.46s
Ep  277: len=  4 白胜 loss=28.5573 temp=1.00 total_env_steps=7355 t=0.17s
Ep  278: len= 53 黑胜 loss=28.4497 temp=1.00 total_env_steps=7408 t=1.26s
Ep  279: len= 29 黑胜 loss=28.4908 temp=1.00 total_env_steps=7437 t=0.72s
Ep  280: len= 33 黑胜 loss=28.4279 temp=1.00 total_env_steps=7470 t=0.86s
Ep  281: len= 39 黑胜 loss=28.4769 temp=1.00 total_env_steps=7509 t=1.01s
Ep  282: len= 37 黑胜 loss=28.5783 temp=1.00 total_env_steps=7546 t=0.92s
Ep  283: len= 37 黑胜 loss=28.3926 temp=1.00 total_env_steps=7583 t=0.94s
Ep  284: len= 28 白胜 loss=28.6590 temp=1.00 total_env_steps=7611 t=0.72s
Ep  285: len= 36 白胜 loss=28.4165 temp=1.00 total_env_steps=7647 t=0.92s
Ep  286: len= 41 黑胜 loss=28.5999 temp=1.00 total_env_steps=7688 t=1.03s
Ep  287: len= 18 白胜 loss=28.4372 temp=1.00 total_env_steps=7706 t=0.51s
Ep  288: len=  6 黑胜 loss=28.4088 temp=1.00 total_env_steps=7712 t=0.22s
Ep  289: len=  2 白胜 loss=28.4965 temp=1.00 total_env_steps=7714 t=0.15s
Ep  290: len=  2 白胜 loss=28.2885 temp=1.00 total_env_steps=7716 t=0.15s
Ep  291: len=  2 黑胜 loss=28.3922 temp=1.00 total_env_steps=7718 t=0.12s
Ep  292: len= 25 黑胜 loss=28.6052 temp=1.00 total_env_steps=7743 t=0.69s
Ep  293: len= 29 黑胜 loss=28.5119 temp=1.00 total_env_steps=7772 t=0.72s
Ep  294: len= 43 黑胜 loss=28.5309 temp=1.00 total_env_steps=7815 t=1.04s
Ep  295: len= 40 白胜 loss=28.3400 temp=1.00 total_env_steps=7855 t=0.97s
Ep  296: len= 34 白胜 loss=28.7642 temp=1.00 total_env_steps=7889 t=0.85s
Ep  297: len=  2 黑胜 loss=28.5856 temp=1.00 total_env_steps=7891 t=0.14s
Ep  298: len=  2 黑胜 loss=28.4954 temp=1.00 total_env_steps=7893 t=0.12s
Ep  299: len= 32 白胜 loss=28.3823 temp=1.00 total_env_steps=7925 t=0.82s
Ep  300: len= 25 黑胜 loss=28.4579 temp=1.00 total_env_steps=7950 t=0.65s
Ep  301: len=  2 黑胜 loss=28.4493 temp=1.00 total_env_steps=7952 t=0.12s
Ep  302: len= 34 白胜 loss=28.5167 temp=1.00 total_env_steps=7986 t=0.82s
Ep  303: len=  2 黑胜 loss=28.4184 temp=1.00 total_env_steps=7988 t=0.14s
Ep  304: len= 22 白胜 loss=28.5508 temp=1.00 total_env_steps=8010 t=0.59s
Ep  305: len= 27 黑胜 loss=28.3072 temp=1.00 total_env_steps=8037 t=0.70s
Ep  306: len= 23 黑胜 loss=28.4303 temp=1.00 total_env_steps=8060 t=0.59s
Ep  307: len=  2 黑胜 loss=28.5203 temp=1.00 total_env_steps=8062 t=0.13s
Ep  308: len= 47 黑胜 loss=28.3727 temp=1.00 total_env_steps=8109 t=1.12s
Ep  309: len= 40 白胜 loss=28.4224 temp=1.00 total_env_steps=8149 t=0.99s
Ep  310: len= 47 黑胜 loss=28.5446 temp=1.00 total_env_steps=8196 t=1.09s
Ep  311: len= 36 白胜 loss=28.6422 temp=1.00 total_env_steps=8232 t=0.92s
Ep  312: len= 16 白胜 loss=28.5263 temp=1.00 total_env_steps=8248 t=0.45s
Ep  313: len=  4 白胜 loss=28.3742 temp=1.00 total_env_steps=8252 t=0.16s
Ep  314: len= 33 黑胜 loss=28.5432 temp=1.00 total_env_steps=8285 t=0.80s
Ep  315: len= 33 黑胜 loss=28.4081 temp=1.00 total_env_steps=8318 t=0.82s
Ep  316: len=  2 白胜 loss=28.3428 temp=1.00 total_env_steps=8320 t=0.14s
Ep  317: len= 39 黑胜 loss=28.6240 temp=1.00 total_env_steps=8359 t=0.92s
Ep  318: len= 31 黑胜 loss=28.4138 temp=1.00 total_env_steps=8390 t=0.80s
Ep  319: len= 36 白胜 loss=28.5716 temp=1.00 total_env_steps=8426 t=0.91s
Ep  320: len= 26 白胜 loss=28.4498 temp=1.00 total_env_steps=8452 t=0.65s
Ep  321: len= 39 黑胜 loss=28.3637 temp=1.00 total_env_steps=8491 t=0.97s
Ep  322: len=  2 白胜 loss=28.2792 temp=1.00 total_env_steps=8493 t=0.12s
Ep  323: len= 38 白胜 loss=28.3130 temp=1.00 total_env_steps=8531 t=0.90s
Ep  324: len=  2 黑胜 loss=28.5254 temp=1.00 total_env_steps=8533 t=0.11s
Ep  325: len=  2 白胜 loss=28.3064 temp=1.00 total_env_steps=8535 t=0.11s
Ep  326: len= 16 黑胜 loss=28.3093 temp=1.00 total_env_steps=8551 t=0.45s
Ep  327: len= 21 黑胜 loss=28.4364 temp=1.00 total_env_steps=8572 t=0.55s
Ep  328: len=  2 黑胜 loss=28.5043 temp=1.00 total_env_steps=8574 t=0.13s
Ep  329: len= 38 白胜 loss=28.3936 temp=1.00 total_env_steps=8612 t=0.88s
Ep  330: len= 25 黑胜 loss=28.4607 temp=1.00 total_env_steps=8637 t=0.63s
Ep  331: len= 40 白胜 loss=28.5005 temp=1.00 total_env_steps=8677 t=0.97s
Ep  332: len= 54 白胜 loss=28.2411 temp=1.00 total_env_steps=8731 t=1.29s
Ep  333: len= 36 白胜 loss=28.5430 temp=1.00 total_env_steps=8767 t=0.90s
Ep  334: len= 10 白胜 loss=28.5733 temp=1.00 total_env_steps=8777 t=0.29s
Ep  335: len= 34 白胜 loss=28.3895 temp=1.00 total_env_steps=8811 t=0.82s
Ep  336: len= 40 白胜 loss=28.4583 temp=1.00 total_env_steps=8851 t=0.98s
Ep  337: len= 37 黑胜 loss=28.5542 temp=1.00 total_env_steps=8888 t=0.87s
Ep  338: len= 43 黑胜 loss=28.3984 temp=1.00 total_env_steps=8931 t=1.06s
Ep  339: len= 22 白胜 loss=28.3997 temp=1.00 total_env_steps=8953 t=0.53s
Ep  340: len= 25 黑胜 loss=28.5326 temp=1.00 total_env_steps=8978 t=0.62s
Ep  341: len= 24 白胜 loss=28.3447 temp=1.00 total_env_steps=9002 t=0.60s
Ep  342: len= 39 黑胜 loss=28.2854 temp=1.00 total_env_steps=9041 t=0.92s
Ep  343: len= 40 白胜 loss=28.2479 temp=1.00 total_env_steps=9081 t=0.87s
Ep  344: len= 33 黑胜 loss=28.2075 temp=1.00 total_env_steps=9114 t=0.82s
Ep  345: len= 32 白胜 loss=28.4659 temp=1.00 total_env_steps=9146 t=0.80s
Ep  346: len=  6 白胜 loss=28.4801 temp=1.00 total_env_steps=9152 t=0.18s
Ep  347: len= 16 白胜 loss=28.5118 temp=1.00 total_env_steps=9168 t=0.42s
Ep  348: len= 47 黑胜 loss=28.1719 temp=1.00 total_env_steps=9215 t=1.08s
Ep  349: len= 17 黑胜 loss=28.5167 temp=1.00 total_env_steps=9232 t=0.47s
Ep  350: len= 19 白胜 loss=28.4194 temp=1.00 total_env_steps=9251 t=0.50s
Ep  351: len= 32 白胜 loss=28.4300 temp=1.00 total_env_steps=9283 t=0.79s
Ep  352: len= 45 黑胜 loss=28.5093 temp=1.00 total_env_steps=9328 t=1.05s
Ep  353: len= 22 黑胜 loss=28.4553 temp=1.00 total_env_steps=9350 t=0.56s
Ep  354: len= 37 黑胜 loss=28.4680 temp=1.00 total_env_steps=9387 t=0.84s
Ep  355: len=  4 黑胜 loss=28.3721 temp=1.00 total_env_steps=9391 t=0.17s
Ep  356: len= 30 白胜 loss=28.3669 temp=1.00 total_env_steps=9421 t=0.77s
Ep  357: len=  4 白胜 loss=28.3298 temp=1.00 total_env_steps=9425 t=0.18s
Ep  358: len= 27 黑胜 loss=28.3723 temp=1.00 total_env_steps=9452 t=0.70s
Ep  359: len= 33 黑胜 loss=28.4273 temp=1.00 total_env_steps=9485 t=0.80s
Ep  360: len= 19 黑胜 loss=28.3851 temp=1.00 total_env_steps=9504 t=0.48s
Ep  361: len= 22 白胜 loss=28.3157 temp=1.00 total_env_steps=9526 t=0.56s
Ep  362: len= 31 黑胜 loss=28.5181 temp=1.00 total_env_steps=9557 t=0.76s
Ep  363: len= 12 白胜 loss=28.2948 temp=1.00 total_env_steps=9569 t=0.36s
Ep  364: len=  2 黑胜 loss=28.3078 temp=1.00 total_env_steps=9571 t=0.10s
Ep  365: len= 21 黑胜 loss=28.3841 temp=1.00 total_env_steps=9592 t=0.57s
Ep  366: len= 24 白胜 loss=28.3300 temp=1.00 total_env_steps=9616 t=0.62s
Ep  367: len= 24 白胜 loss=28.5172 temp=1.00 total_env_steps=9640 t=0.65s
Ep  368: len= 23 黑胜 loss=28.5595 temp=1.00 total_env_steps=9663 t=0.62s
Ep  369: len= 23 黑胜 loss=28.3896 temp=1.00 total_env_steps=9686 t=0.65s
Ep  370: len=  8 白胜 loss=28.3893 temp=1.00 total_env_steps=9694 t=0.27s
Ep  371: len= 16 白胜 loss=28.3107 temp=1.00 total_env_steps=9710 t=0.43s
Ep  372: len=  4 白胜 loss=28.4174 temp=1.00 total_env_steps=9714 t=0.18s
Ep  373: len= 24 白胜 loss=28.3757 temp=1.00 total_env_steps=9738 t=0.65s
Ep  374: len= 27 黑胜 loss=28.3366 temp=1.00 total_env_steps=9765 t=0.74s
Ep  375: len= 23 黑胜 loss=28.3622 temp=1.00 total_env_steps=9788 t=0.61s
Ep  376: len= 29 黑胜 loss=28.3207 temp=1.00 total_env_steps=9817 t=0.74s
Ep  377: len= 26 白胜 loss=28.3800 temp=1.00 total_env_steps=9843 t=0.66s
Ep  378: len= 14 白胜 loss=28.1330 temp=1.00 total_env_steps=9857 t=0.38s
Ep  379: len= 28 白胜 loss=28.4540 temp=1.00 total_env_steps=9885 t=0.70s
Ep  380: len= 31 黑胜 loss=28.3291 temp=1.00 total_env_steps=9916 t=0.77s
Ep  381: len= 20 白胜 loss=28.3165 temp=1.00 total_env_steps=9936 t=0.52s
Ep  382: len= 20 黑胜 loss=28.3593 temp=1.00 total_env_steps=9956 t=0.50s
Ep  383: len= 19 黑胜 loss=28.4147 temp=1.00 total_env_steps=9975 t=0.46s
Ep  384: len= 26 白胜 loss=28.3033 temp=1.00 total_env_steps=10001 t=0.67s
Ep  385: len= 42 白胜 loss=28.2532 temp=1.00 total_env_steps=10043 t=1.00s
Ep  386: len= 34 白胜 loss=28.2714 temp=1.00 total_env_steps=10077 t=0.83s
Ep  387: len=  2 黑胜 loss=28.0478 temp=1.00 total_env_steps=10079 t=0.12s
Ep  388: len= 35 黑胜 loss=28.4997 temp=1.00 total_env_steps=10114 t=0.86s
Ep  389: len= 43 黑胜 loss=28.1824 temp=1.00 total_env_steps=10157 t=1.00s
Ep  390: len= 36 白胜 loss=28.2203 temp=1.00 total_env_steps=10193 t=0.88s
Ep  391: len= 29 黑胜 loss=28.2864 temp=1.00 total_env_steps=10222 t=0.71s
Ep  392: len= 41 黑胜 loss=28.3756 temp=1.00 total_env_steps=10263 t=0.99s
Ep  393: len= 21 黑胜 loss=28.6653 temp=1.00 total_env_steps=10284 t=0.54s
Ep  394: len= 20 白胜 loss=28.4380 temp=1.00 total_env_steps=10304 t=0.54s
Ep  395: len= 24 白胜 loss=28.5101 temp=1.00 total_env_steps=10328 t=0.60s
Ep  396: len= 27 黑胜 loss=28.2253 temp=1.00 total_env_steps=10355 t=0.66s
Ep  397: len= 25 黑胜 loss=28.2857 temp=1.00 total_env_steps=10380 t=0.65s
Ep  398: len= 20 黑胜 loss=28.3821 temp=1.00 total_env_steps=10400 t=0.53s
Ep  399: len= 38 白胜 loss=28.3480 temp=1.00 total_env_steps=10438 t=0.93s
Ep  400: len= 24 白胜 loss=28.2809 temp=1.00 total_env_steps=10462 t=0.59s
  eval vs Gomoku-random-v0: win_rate=1.00 mean_return=1.00（20 局，total_env_steps=10462）
Ep  401: len= 26 白胜 loss=28.3770 temp=1.00 total_env_steps=10488 t=0.66s
Ep  402: len= 12 白胜 loss=28.1427 temp=1.00 total_env_steps=10500 t=0.32s
Ep  403: len= 27 黑胜 loss=28.2749 temp=1.00 total_env_steps=10527 t=0.69s
Ep  404: len= 20 白胜 loss=28.2304 temp=1.00 total_env_steps=10547 t=0.50s
Ep  405: len= 27 黑胜 loss=28.5195 temp=1.00 total_env_steps=10574 t=0.69s
Ep  406: len= 26 白胜 loss=28.2818 temp=1.00 total_env_steps=10600 t=0.69s
Ep  407: len=  6 黑胜 loss=28.2567 temp=1.00 total_env_steps=10606 t=0.22s
Ep  408: len= 25 黑胜 loss=28.3693 temp=1.00 total_env_steps=10631 t=0.63s
Ep  409: len= 17 白胜 loss=28.5249 temp=1.00 total_env_steps=10648 t=0.46s
Ep  410: len= 26 白胜 loss=28.3320 temp=1.00 total_env_steps=10674 t=0.65s
Ep  411: len= 13 黑胜 loss=28.3710 temp=1.00 total_env_steps=10687 t=0.36s
Ep  412: len= 23 黑胜 loss=28.6273 temp=1.00 total_env_steps=10710 t=0.59s
Ep  413: len= 32 白胜 loss=28.4288 temp=1.00 total_env_steps=10742 t=0.78s
Ep  414: len= 33 黑胜 loss=28.3055 temp=1.00 total_env_steps=10775 t=0.80s
Ep  415: len= 36 白胜 loss=28.3470 temp=1.00 total_env_steps=10811 t=0.87s
Ep  416: len= 27 黑胜 loss=28.1906 temp=1.00 total_env_steps=10838 t=0.64s
Ep  417: len= 36 白胜 loss=28.2129 temp=1.00 total_env_steps=10874 t=0.92s
Ep  418: len= 36 白胜 loss=28.2398 temp=1.00 total_env_steps=10910 t=0.83s
Ep  419: len= 33 黑胜 loss=28.3487 temp=1.00 total_env_steps=10943 t=0.79s
Ep  420: len= 27 黑胜 loss=28.2822 temp=1.00 total_env_steps=10970 t=0.67s
Ep  421: len=  4 白胜 loss=28.2854 temp=1.00 total_env_steps=10974 t=0.18s
Ep  422: len=  4 白胜 loss=28.2838 temp=1.00 total_env_steps=10978 t=0.17s
Ep  423: len= 30 白胜 loss=28.0999 temp=1.00 total_env_steps=11008 t=0.78s
Ep  424: len= 26 白胜 loss=28.3608 temp=1.00 total_env_steps=11034 t=0.69s
Ep  425: len= 36 白胜 loss=28.3095 temp=1.00 total_env_steps=11070 t=0.89s
Ep  426: len= 27 黑胜 loss=28.0985 temp=1.00 total_env_steps=11097 t=0.72s
Ep  427: len= 30 白胜 loss=28.2502 temp=1.00 total_env_steps=11127 t=0.68s
Ep  428: len= 27 黑胜 loss=28.2106 temp=1.00 total_env_steps=11154 t=0.66s
Ep  429: len= 41 黑胜 loss=28.3313 temp=1.00 total_env_steps=11195 t=0.93s
Ep  430: len= 26 白胜 loss=28.2480 temp=1.00 total_env_steps=11221 t=0.69s
Ep  431: len= 23 黑胜 loss=28.3051 temp=1.00 total_env_steps=11244 t=0.58s
Ep  432: len= 37 黑胜 loss=28.3672 temp=1.00 total_env_steps=11281 t=0.85s
Ep  433: len= 13 黑胜 loss=28.1538 temp=1.00 total_env_steps=11294 t=0.36s
Ep  434: len= 40 白胜 loss=28.1854 temp=1.00 total_env_steps=11334 t=0.93s
Ep  435: len= 24 白胜 loss=28.1786 temp=1.00 total_env_steps=11358 t=0.66s
Ep  436: len= 22 白胜 loss=28.3227 temp=1.00 total_env_steps=11380 t=0.59s
Ep  437: len= 21 黑胜 loss=28.0896 temp=1.00 total_env_steps=11401 t=0.56s
Ep  438: len= 32 白胜 loss=28.3095 temp=1.00 total_env_steps=11433 t=0.84s
Ep  439: len= 28 白胜 loss=28.2316 temp=1.00 total_env_steps=11461 t=0.72s
Ep  440: len= 15 黑胜 loss=28.1110 temp=1.00 total_env_steps=11476 t=0.45s
Ep  441: len= 25 黑胜 loss=28.2800 temp=1.00 total_env_steps=11501 t=0.74s
Ep  442: len=  2 白胜 loss=28.4861 temp=1.00 total_env_steps=11503 t=0.13s
Ep  443: len= 19 黑胜 loss=28.3255 temp=1.00 total_env_steps=11522 t=0.50s
Ep  444: len= 31 黑胜 loss=28.2007 temp=1.00 total_env_steps=11553 t=0.71s
Ep  445: len= 27 黑胜 loss=28.1652 temp=1.00 total_env_steps=11580 t=0.59s
Ep  446: len= 25 黑胜 loss=28.1375 temp=1.00 total_env_steps=11605 t=0.56s
Ep  447: len=  2 白胜 loss=28.1877 temp=1.00 total_env_steps=11607 t=0.12s
Ep  448: len= 25 黑胜 loss=28.0801 temp=1.00 total_env_steps=11632 t=0.62s
Ep  449: len=  2 黑胜 loss=28.3600 temp=1.00 total_env_steps=11634 t=0.11s
Ep  450: len= 24 白胜 loss=28.3570 temp=1.00 total_env_steps=11658 t=0.60s
Ep  451: len= 11 黑胜 loss=28.2337 temp=1.00 total_env_steps=11669 t=0.29s
Ep  452: len= 18 黑胜 loss=28.2863 temp=1.00 total_env_steps=11687 t=0.43s
Ep  453: len= 19 黑胜 loss=28.3856 temp=1.00 total_env_steps=11706 t=0.48s
Ep  454: len= 23 黑胜 loss=28.2827 temp=1.00 total_env_steps=11729 t=0.57s
Ep  455: len= 23 黑胜 loss=28.0750 temp=1.00 total_env_steps=11752 t=0.55s
Ep  456: len= 31 黑胜 loss=28.3469 temp=1.00 total_env_steps=11783 t=0.76s
Ep  457: len= 21 黑胜 loss=28.0869 temp=1.00 total_env_steps=11804 t=0.52s
Ep  458: len= 14 黑胜 loss=28.1413 temp=1.00 total_env_steps=11818 t=0.37s
Ep  459: len= 15 黑胜 loss=28.3670 temp=1.00 total_env_steps=11833 t=0.39s
Ep  460: len= 19 黑胜 loss=28.3573 temp=1.00 total_env_steps=11852 t=0.45s
Ep  461: len= 18 白胜 loss=28.1853 temp=1.00 total_env_steps=11870 t=0.50s
Ep  462: len= 29 黑胜 loss=28.0537 temp=1.00 total_env_steps=11899 t=0.71s
Ep  463: len= 32 白胜 loss=28.2067 temp=1.00 total_env_steps=11931 t=0.78s
Ep  464: len= 24 白胜 loss=28.1428 temp=1.00 total_env_steps=11955 t=0.61s
Ep  465: len= 19 黑胜 loss=28.1461 temp=1.00 total_env_steps=11974 t=0.53s
Ep  466: len= 22 白胜 loss=28.2078 temp=1.00 total_env_steps=11996 t=0.67s
Ep  467: len= 18 白胜 loss=28.2958 temp=1.00 total_env_steps=12014 t=0.51s
Ep  468: len= 24 白胜 loss=28.2432 temp=1.00 total_env_steps=12038 t=0.58s
Ep  469: len= 22 白胜 loss=28.1101 temp=1.00 total_env_steps=12060 t=0.57s
Ep  470: len= 12 黑胜 loss=28.1053 temp=1.00 total_env_steps=12072 t=0.41s
Ep  471: len= 27 黑胜 loss=28.5762 temp=1.00 total_env_steps=12099 t=0.71s
Ep  472: len= 24 白胜 loss=28.1763 temp=1.00 total_env_steps=12123 t=0.58s
Ep  473: len= 34 白胜 loss=28.2353 temp=1.00 total_env_steps=12157 t=0.77s
Ep  474: len=  2 白胜 loss=28.1852 temp=1.00 total_env_steps=12159 t=0.12s
Ep  475: len= 19 黑胜 loss=28.1846 temp=1.00 total_env_steps=12178 t=0.47s
Ep  476: len=  8 黑胜 loss=28.0897 temp=1.00 total_env_steps=12186 t=0.26s
Ep  477: len= 31 黑胜 loss=28.2850 temp=1.00 total_env_steps=12217 t=0.75s
Ep  478: len= 35 黑胜 loss=28.0656 temp=1.00 total_env_steps=12252 t=0.84s
Ep  479: len= 33 黑胜 loss=28.3067 temp=1.00 total_env_steps=12285 t=0.76s
Ep  480: len= 20 白胜 loss=28.3477 temp=1.00 total_env_steps=12305 t=0.55s
Ep  481: len= 10 白胜 loss=28.2044 temp=1.00 total_env_steps=12315 t=0.28s
Ep  482: len= 25 黑胜 loss=28.3431 temp=1.00 total_env_steps=12340 t=0.59s
Ep  483: len= 27 黑胜 loss=28.1394 temp=1.00 total_env_steps=12367 t=0.75s
Ep  484: len= 17 黑胜 loss=28.3220 temp=1.00 total_env_steps=12384 t=0.45s
Ep  485: len= 19 黑胜 loss=28.1573 temp=1.00 total_env_steps=12403 t=0.47s
Ep  486: len= 28 白胜 loss=28.2252 temp=1.00 total_env_steps=12431 t=0.64s
Ep  487: len=  2 黑胜 loss=28.3517 temp=1.00 total_env_steps=12433 t=0.10s
Ep  488: len= 38 白胜 loss=27.9729 temp=1.00 total_env_steps=12471 t=0.90s
Ep  489: len= 26 白胜 loss=27.9957 temp=1.00 total_env_steps=12497 t=0.67s
Ep  490: len=  4 白胜 loss=28.3494 temp=1.00 total_env_steps=12501 t=0.16s
Ep  491: len= 33 黑胜 loss=28.3022 temp=1.00 total_env_steps=12534 t=0.83s
Ep  492: len= 21 黑胜 loss=28.2776 temp=1.00 total_env_steps=12555 t=0.54s
Ep  493: len= 13 黑胜 loss=28.1347 temp=1.00 total_env_steps=12568 t=0.36s
Ep  494: len= 34 白胜 loss=28.1456 temp=1.00 total_env_steps=12602 t=0.83s
Ep  495: len= 15 白胜 loss=28.1214 temp=1.00 total_env_steps=12617 t=0.40s
Ep  496: len= 28 白胜 loss=28.2183 temp=1.00 total_env_steps=12645 t=0.72s
Ep  497: len= 27 黑胜 loss=28.0728 temp=1.00 total_env_steps=12672 t=0.67s
Ep  498: len= 34 白胜 loss=28.2461 temp=1.00 total_env_steps=12706 t=0.82s
Ep  499: len= 33 黑胜 loss=28.0499 temp=1.00 total_env_steps=12739 t=0.74s
Ep  500: len= 26 白胜 loss=28.3180 temp=1.00 total_env_steps=12765 t=0.59s
Ep  501: len= 12 白胜 loss=28.2048 temp=1.00 total_env_steps=12777 t=0.31s
Ep  502: len= 35 黑胜 loss=28.1521 temp=1.00 total_env_steps=12812 t=0.77s
Ep  503: len= 35 黑胜 loss=28.2462 temp=1.00 total_env_steps=12847 t=0.78s
Ep  504: len=  4 白胜 loss=28.2981 temp=1.00 total_env_steps=12851 t=0.15s
Ep  505: len= 30 白胜 loss=28.2523 temp=1.00 total_env_steps=12881 t=0.65s
Ep  506: len= 27 黑胜 loss=28.1131 temp=1.00 total_env_steps=12908 t=0.61s
Ep  507: len= 23 黑胜 loss=27.9827 temp=1.00 total_env_steps=12931 t=0.51s
Ep  508: len= 28 白胜 loss=28.2275 temp=1.00 total_env_steps=12959 t=0.62s
Ep  509: len= 19 黑胜 loss=27.9750 temp=1.00 total_env_steps=12978 t=0.42s
Ep  510: len= 13 白胜 loss=28.3555 temp=1.00 total_env_steps=12991 t=0.31s
Ep  511: len= 33 黑胜 loss=28.2130 temp=1.00 total_env_steps=13024 t=0.70s
Ep  512: len= 21 黑胜 loss=28.1181 temp=1.00 total_env_steps=13045 t=0.52s
Ep  513: len= 30 白胜 loss=28.0545 temp=1.00 total_env_steps=13075 t=0.64s
Ep  514: len= 25 黑胜 loss=28.1586 temp=1.00 total_env_steps=13100 t=0.57s
Ep  515: len= 19 黑胜 loss=28.2244 temp=1.00 total_env_steps=13119 t=0.44s
Ep  516: len= 16 白胜 loss=27.9164 temp=1.00 total_env_steps=13135 t=0.38s
Ep  517: len= 27 黑胜 loss=28.3060 temp=1.00 total_env_steps=13162 t=0.61s
Ep  518: len= 23 黑胜 loss=28.0843 temp=1.00 total_env_steps=13185 t=0.54s
Ep  519: len= 22 白胜 loss=27.9613 temp=1.00 total_env_steps=13207 t=0.55s
Ep  520: len= 34 白胜 loss=28.1805 temp=1.00 total_env_steps=13241 t=0.76s
Ep  521: len= 27 黑胜 loss=28.0448 temp=1.00 total_env_steps=13268 t=0.66s
Ep  522: len= 31 黑胜 loss=27.8919 temp=1.00 total_env_steps=13299 t=0.88s
Ep  523: len= 32 白胜 loss=27.7258 temp=1.00 total_env_steps=13331 t=0.93s
Ep  524: len= 23 黑胜 loss=27.9852 temp=1.00 total_env_steps=13354 t=0.56s
Ep  525: len= 28 白胜 loss=28.2966 temp=1.00 total_env_steps=13382 t=0.66s
Ep  526: len= 29 黑胜 loss=28.3725 temp=1.00 total_env_steps=13411 t=0.67s
Ep  527: len= 16 白胜 loss=28.2776 temp=1.00 total_env_steps=13427 t=0.41s
Ep  528: len= 30 白胜 loss=28.2637 temp=1.00 total_env_steps=13457 t=0.75s
Ep  529: len= 16 白胜 loss=28.1498 temp=1.00 total_env_steps=13473 t=0.40s
Ep  530: len= 27 黑胜 loss=28.2667 temp=1.00 total_env_steps=13500 t=0.65s
Ep  531: len= 10 白胜 loss=27.8802 temp=1.00 total_env_steps=13510 t=0.30s
Ep  532: len= 13 黑胜 loss=28.3366 temp=1.00 total_env_steps=13523 t=0.34s
Ep  533: len= 20 白胜 loss=28.0120 temp=1.00 total_env_steps=13543 t=0.53s
Ep  534: len= 20 白胜 loss=28.1865 temp=1.00 total_env_steps=13563 t=0.48s
Ep  535: len= 27 黑胜 loss=28.0525 temp=1.00 total_env_steps=13590 t=0.58s
Ep  536: len= 11 黑胜 loss=27.8886 temp=1.00 total_env_steps=13601 t=0.27s
Ep  537: len=  2 黑胜 loss=27.9502 temp=1.00 total_env_steps=13603 t=0.11s
Ep  538: len= 27 黑胜 loss=27.8438 temp=1.00 total_env_steps=13630 t=0.63s
Ep  539: len= 15 黑胜 loss=28.0101 temp=1.00 total_env_steps=13645 t=0.39s
Ep  540: len= 15 黑胜 loss=27.6619 temp=1.00 total_env_steps=13660 t=0.35s
Ep  541: len=  6 黑胜 loss=28.0920 temp=1.00 total_env_steps=13666 t=0.18s
Ep  542: len= 23 黑胜 loss=28.0223 temp=1.00 total_env_steps=13689 t=0.55s
Ep  543: len= 33 黑胜 loss=28.2433 temp=1.00 total_env_steps=13722 t=0.72s
Ep  544: len= 24 白胜 loss=28.1718 temp=1.00 total_env_steps=13746 t=0.55s
Ep  545: len= 27 黑胜 loss=28.1496 temp=1.00 total_env_steps=13773 t=0.63s
Ep  546: len=  2 白胜 loss=27.9812 temp=1.00 total_env_steps=13775 t=0.10s
Ep  547: len= 29 黑胜 loss=27.9550 temp=1.00 total_env_steps=13804 t=0.64s
Ep  548: len= 43 黑胜 loss=27.7154 temp=1.00 total_env_steps=13847 t=0.95s
Ep  549: len= 29 黑胜 loss=28.0168 temp=1.00 total_env_steps=13876 t=0.66s
Ep  550: len= 20 白胜 loss=28.2099 temp=1.00 total_env_steps=13896 t=0.48s
Ep  551: len= 15 黑胜 loss=27.8454 temp=1.00 total_env_steps=13911 t=0.37s
Ep  552: len= 33 黑胜 loss=28.0377 temp=1.00 total_env_steps=13944 t=0.74s
Ep  553: len= 35 黑胜 loss=27.8882 temp=1.00 total_env_steps=13979 t=0.76s
Ep  554: len= 31 黑胜 loss=27.6369 temp=1.00 total_env_steps=14010 t=0.69s
Ep  555: len= 19 黑胜 loss=27.9865 temp=1.00 total_env_steps=14029 t=0.44s
Ep  556: len= 15 黑胜 loss=28.1612 temp=1.00 total_env_steps=14044 t=0.35s
Ep  557: len= 43 黑胜 loss=27.7667 temp=1.00 total_env_steps=14087 t=0.92s
Ep  558: len= 26 黑胜 loss=27.8915 temp=1.00 total_env_steps=14113 t=0.60s
Ep  559: len= 25 黑胜 loss=28.0584 temp=1.00 total_env_steps=14138 t=0.54s
Ep  560: len= 22 白胜 loss=28.0686 temp=1.00 total_env_steps=14160 t=0.52s
Ep  561: len= 21 黑胜 loss=28.0050 temp=1.00 total_env_steps=14181 t=0.46s
Ep  562: len= 25 黑胜 loss=28.0169 temp=1.00 total_env_steps=14206 t=0.54s
Ep  563: len= 25 白胜 loss=28.0987 temp=1.00 total_env_steps=14231 t=0.59s
Ep  564: len=  2 白胜 loss=27.9231 temp=1.00 total_env_steps=14233 t=0.12s
Ep  565: len= 16 黑胜 loss=27.9038 temp=1.00 total_env_steps=14249 t=0.41s
Ep  566: len= 30 白胜 loss=28.1509 temp=1.00 total_env_steps=14279 t=0.68s
Ep  567: len= 20 白胜 loss=27.9498 temp=1.00 total_env_steps=14299 t=0.50s
Ep  568: len= 29 黑胜 loss=28.0233 temp=1.00 total_env_steps=14328 t=0.69s
Ep  569: len= 16 白胜 loss=28.0826 temp=1.00 total_env_steps=14344 t=0.39s
Ep  570: len= 37 黑胜 loss=27.8159 temp=1.00 total_env_steps=14381 t=0.84s
Ep  571: len= 36 白胜 loss=27.8435 temp=1.00 total_env_steps=14417 t=0.78s
Ep  572: len= 26 白胜 loss=28.1754 temp=1.00 total_env_steps=14443 t=0.58s
Ep  573: len= 16 白胜 loss=28.1500 temp=1.00 total_env_steps=14459 t=0.38s
Ep  574: len= 23 黑胜 loss=27.9910 temp=1.00 total_env_steps=14482 t=0.49s
Ep  575: len=  4 黑胜 loss=27.8097 temp=1.00 total_env_steps=14486 t=0.13s
Ep  576: len= 53 黑胜 loss=27.7333 temp=1.00 total_env_steps=14539 t=1.12s
Ep  577: len= 39 黑胜 loss=28.2344 temp=1.00 total_env_steps=14578 t=0.80s
Ep  578: len= 24 白胜 loss=27.9868 temp=1.00 total_env_steps=14602 t=0.54s
Ep  579: len= 31 黑胜 loss=27.9733 temp=1.00 total_env_steps=14633 t=0.69s
Ep  580: len= 39 黑胜 loss=28.0383 temp=1.00 total_env_steps=14672 t=0.81s
Ep  581: len= 19 黑胜 loss=27.5653 temp=1.00 total_env_steps=14691 t=0.44s
Ep  582: len= 39 黑胜 loss=27.9121 temp=1.00 total_env_steps=14730 t=0.89s
Ep  583: len=  6 黑胜 loss=27.8952 temp=1.00 total_env_steps=14736 t=0.21s
Ep  584: len=  2 黑胜 loss=27.9079 temp=1.00 total_env_steps=14738 t=0.12s
Ep  585: len=  2 白胜 loss=27.8638 temp=1.00 total_env_steps=14740 t=0.11s
Ep  586: len= 22 白胜 loss=27.7581 temp=1.00 total_env_steps=14762 t=0.53s
Ep  587: len= 27 黑胜 loss=27.4791 temp=1.00 total_env_steps=14789 t=0.59s
Ep  588: len= 37 黑胜 loss=27.9210 temp=1.00 total_env_steps=14826 t=0.81s
Ep  589: len= 23 黑胜 loss=27.8635 temp=1.00 total_env_steps=14849 t=0.52s
Ep  590: len= 25 黑胜 loss=27.9916 temp=1.00 total_env_steps=14874 t=0.49s
Ep  591: len=  6 白胜 loss=27.7815 temp=1.00 total_env_steps=14880 t=0.12s
Ep  592: len= 20 白胜 loss=27.9751 temp=1.00 total_env_steps=14900 t=0.31s
Ep  593: len= 19 黑胜 loss=28.0026 temp=1.00 total_env_steps=14919 t=0.29s
Ep  594: len= 21 黑胜 loss=28.0914 temp=1.00 total_env_steps=14940 t=0.29s
Ep  595: len= 29 黑胜 loss=27.7045 temp=1.00 total_env_steps=14969 t=0.45s
Ep  596: len= 17 黑胜 loss=27.7797 temp=1.00 total_env_steps=14986 t=0.28s
Ep  597: len= 19 黑胜 loss=28.2879 temp=1.00 total_env_steps=15005 t=0.26s
Ep  598: len= 28 白胜 loss=27.8957 temp=1.00 total_env_steps=15033 t=0.38s
Ep  599: len=  4 白胜 loss=28.1369 temp=1.00 total_env_steps=15037 t=0.08s
Ep  600: len=  2 黑胜 loss=27.7764 temp=1.00 total_env_steps=15039 t=0.06s
  eval vs Gomoku-random-v0: win_rate=1.00 mean_return=1.00（20 局，total_env_steps=15039）
Ep  601: len= 24 白胜 loss=28.1349 temp=1.00 total_env_steps=15063 t=0.32s
Ep  602: len= 21 黑胜 loss=27.9477 temp=1.00 total_env_steps=15084 t=0.28s
Ep  603: len= 19 黑胜 loss=28.0569 temp=1.00 total_env_steps=15103 t=0.28s
Ep  604: len= 25 黑胜 loss=28.0029 temp=1.00 total_env_steps=15128 t=0.34s
Ep  605: len= 25 黑胜 loss=27.9775 temp=1.00 total_env_steps=15153 t=0.34s
Ep  606: len=  4 白胜 loss=27.4317 temp=1.00 total_env_steps=15157 t=0.09s
Ep  607: len=  9 黑胜 loss=27.5965 temp=1.00 total_env_steps=15166 t=0.16s
Ep  608: len= 24 白胜 loss=27.9786 temp=1.00 total_env_steps=15190 t=0.34s
Ep  609: len=  4 黑胜 loss=27.8958 temp=1.00 total_env_steps=15194 t=0.10s
Ep  610: len= 17 黑胜 loss=27.8766 temp=1.00 total_env_steps=15211 t=0.25s
Ep  611: len= 12 白胜 loss=27.8813 temp=1.00 total_env_steps=15223 t=0.21s
Ep  612: len=  6 白胜 loss=27.9909 temp=1.00 total_env_steps=15229 t=0.12s
Ep  613: len= 12 白胜 loss=27.2372 temp=1.00 total_env_steps=15241 t=0.22s
Ep  614: len= 25 黑胜 loss=27.5684 temp=1.00 total_env_steps=15266 t=0.39s
Ep  615: len= 20 白胜 loss=27.4134 temp=1.00 total_env_steps=15286 t=0.32s
Ep  616: len= 25 黑胜 loss=27.7454 temp=1.00 total_env_steps=15311 t=0.40s
Ep  617: len= 29 黑胜 loss=27.8398 temp=1.00 total_env_steps=15340 t=0.42s
Ep  618: len= 18 黑胜 loss=27.6075 temp=1.00 total_env_steps=15358 t=0.30s
Ep  619: len= 27 黑胜 loss=27.4515 temp=1.00 total_env_steps=15385 t=0.38s
Ep  620: len= 33 黑胜 loss=27.4178 temp=1.00 total_env_steps=15418 t=0.46s
Ep  621: len= 31 黑胜 loss=27.8162 temp=1.00 total_env_steps=15449 t=0.40s
Ep  622: len= 29 黑胜 loss=27.8660 temp=1.00 total_env_steps=15478 t=0.45s
Ep  623: len= 28 白胜 loss=27.7475 temp=1.00 total_env_steps=15506 t=0.41s
Ep  624: len= 27 黑胜 loss=27.4137 temp=1.00 total_env_steps=15533 t=0.40s
Ep  625: len= 43 黑胜 loss=27.7038 temp=1.00 total_env_steps=15576 t=0.81s
Ep  626: len= 27 黑胜 loss=27.5780 temp=1.00 total_env_steps=15603 t=0.58s
Ep  627: len= 25 黑胜 loss=27.6165 temp=1.00 total_env_steps=15628 t=0.55s
Ep  628: len= 19 黑胜 loss=28.0985 temp=1.00 total_env_steps=15647 t=0.44s
Ep  629: len= 14 白胜 loss=27.6479 temp=1.00 total_env_steps=15661 t=0.35s
Ep  630: len=  2 黑胜 loss=27.4749 temp=1.00 total_env_steps=15663 t=0.12s
Ep  631: len= 21 黑胜 loss=27.8098 temp=1.00 total_env_steps=15684 t=0.52s
Ep  632: len= 21 黑胜 loss=27.7455 temp=1.00 total_env_steps=15705 t=0.49s
Ep  633: len= 29 黑胜 loss=27.5793 temp=1.00 total_env_steps=15734 t=0.67s
Ep  634: len= 23 黑胜 loss=27.5630 temp=1.00 total_env_steps=15757 t=0.61s
Ep  635: len= 27 黑胜 loss=27.3561 temp=1.00 total_env_steps=15784 t=0.65s
Ep  636: len= 23 黑胜 loss=27.4401 temp=1.00 total_env_steps=15807 t=0.56s
Ep  637: len= 31 黑胜 loss=27.2978 temp=1.00 total_env_steps=15838 t=0.70s
Ep  638: len= 11 黑胜 loss=27.8157 temp=1.00 total_env_steps=15849 t=0.29s
Ep  639: len=  6 黑胜 loss=27.5127 temp=1.00 total_env_steps=15855 t=0.16s
Ep  640: len= 17 黑胜 loss=27.4991 temp=1.00 total_env_steps=15872 t=0.41s
Ep  641: len= 23 黑胜 loss=27.5812 temp=1.00 total_env_steps=15895 t=0.55s
Ep  642: len= 27 黑胜 loss=27.7040 temp=1.00 total_env_steps=15922 t=0.67s
Ep  643: len=  8 白胜 loss=27.5828 temp=1.00 total_env_steps=15930 t=0.27s
Ep  644: len= 17 黑胜 loss=27.5674 temp=1.00 total_env_steps=15947 t=0.39s
Ep  645: len= 35 黑胜 loss=27.4183 temp=1.00 total_env_steps=15982 t=0.75s
Ep  646: len= 24 白胜 loss=27.6325 temp=1.00 total_env_steps=16006 t=0.54s
Ep  647: len= 27 黑胜 loss=27.5994 temp=1.00 total_env_steps=16033 t=0.61s
Ep  648: len= 15 黑胜 loss=27.6059 temp=1.00 total_env_steps=16048 t=0.36s
Ep  649: len= 23 黑胜 loss=27.3283 temp=1.00 total_env_steps=16071 t=0.54s
Ep  650: len= 29 黑胜 loss=27.2377 temp=1.00 total_env_steps=16100 t=0.64s
Ep  651: len= 17 黑胜 loss=27.7135 temp=1.00 total_env_steps=16117 t=0.40s
Ep  652: len= 11 黑胜 loss=27.4785 temp=1.00 total_env_steps=16128 t=0.30s
Ep  653: len= 29 黑胜 loss=27.7809 temp=1.00 total_env_steps=16157 t=0.67s
Ep  654: len= 35 黑胜 loss=27.4427 temp=1.00 total_env_steps=16192 t=0.80s
Ep  655: len= 25 黑胜 loss=27.3674 temp=1.00 total_env_steps=16217 t=0.57s
Ep  656: len= 27 黑胜 loss=27.2791 temp=1.00 total_env_steps=16244 t=0.63s
Ep  657: len= 31 黑胜 loss=27.4580 temp=1.00 total_env_steps=16275 t=0.65s
Ep  658: len= 27 黑胜 loss=27.6033 temp=1.00 total_env_steps=16302 t=0.59s
Ep  659: len= 25 黑胜 loss=27.4721 temp=1.00 total_env_steps=16327 t=0.55s
Ep  660: len= 15 黑胜 loss=27.5018 temp=1.00 total_env_steps=16342 t=0.35s
Ep  661: len= 29 黑胜 loss=27.2579 temp=1.00 total_env_steps=16371 t=0.66s
Ep  662: len=  6 白胜 loss=27.2516 temp=1.00 total_env_steps=16377 t=0.16s
Ep  663: len= 27 黑胜 loss=27.2251 temp=1.00 total_env_steps=16404 t=0.61s
Ep  664: len= 21 黑胜 loss=27.2538 temp=1.00 total_env_steps=16425 t=0.49s
Ep  665: len=  2 黑胜 loss=27.6773 temp=1.00 total_env_steps=16427 t=0.10s
Ep  666: len=  2 黑胜 loss=27.6098 temp=1.00 total_env_steps=16429 t=0.11s
Ep  667: len= 21 黑胜 loss=27.4881 temp=1.00 total_env_steps=16450 t=0.49s
Ep  668: len=  2 白胜 loss=27.1993 temp=1.00 total_env_steps=16452 t=0.11s
Ep  669: len= 22 黑胜 loss=27.5306 temp=1.00 total_env_steps=16474 t=0.51s
Ep  670: len=  2 黑胜 loss=27.6789 temp=1.00 total_env_steps=16476 t=0.10s
Ep  671: len= 25 黑胜 loss=27.5767 temp=1.00 total_env_steps=16501 t=0.55s
Ep  672: len= 17 黑胜 loss=27.2162 temp=1.00 total_env_steps=16518 t=0.40s
Ep  673: len= 26 白胜 loss=27.4277 temp=1.00 total_env_steps=16544 t=0.58s
Ep  674: len= 27 黑胜 loss=27.3150 temp=1.00 total_env_steps=16571 t=0.59s
Ep  675: len= 23 黑胜 loss=27.2704 temp=1.00 total_env_steps=16594 t=0.54s
Ep  676: len= 25 黑胜 loss=27.3307 temp=1.00 total_env_steps=16619 t=0.59s
Ep  677: len= 15 黑胜 loss=27.6651 temp=1.00 total_env_steps=16634 t=0.38s
Ep  678: len= 28 白胜 loss=27.5945 temp=1.00 total_env_steps=16662 t=0.64s
Ep  679: len= 23 黑胜 loss=27.2578 temp=1.00 total_env_steps=16685 t=0.53s
Ep  680: len=  2 白胜 loss=27.4468 temp=1.00 total_env_steps=16687 t=0.11s
Ep  681: len= 16 白胜 loss=27.2839 temp=1.00 total_env_steps=16703 t=0.40s
Ep  682: len= 19 黑胜 loss=27.3779 temp=1.00 total_env_steps=16722 t=0.48s
Ep  683: len= 15 黑胜 loss=27.4619 temp=1.00 total_env_steps=16737 t=0.40s
Ep  684: len= 21 黑胜 loss=27.0924 temp=1.00 total_env_steps=16758 t=0.60s
Ep  685: len= 12 白胜 loss=27.3716 temp=1.00 total_env_steps=16770 t=0.35s
Ep  686: len= 24 白胜 loss=27.3196 temp=1.00 total_env_steps=16794 t=0.58s
Ep  687: len= 37 黑胜 loss=27.5470 temp=1.00 total_env_steps=16831 t=0.83s
Ep  688: len=  8 白胜 loss=27.3667 temp=1.00 total_env_steps=16839 t=0.23s
Ep  689: len=  2 黑胜 loss=27.4608 temp=1.00 total_env_steps=16841 t=0.11s
Ep  690: len= 25 黑胜 loss=27.1431 temp=1.00 total_env_steps=16866 t=0.55s
Ep  691: len= 11 白胜 loss=27.3129 temp=1.00 total_env_steps=16877 t=0.29s
Ep  692: len= 23 黑胜 loss=27.0129 temp=1.00 total_env_steps=16900 t=0.53s
Ep  693: len= 23 黑胜 loss=27.4551 temp=1.00 total_env_steps=16923 t=0.52s
Ep  694: len= 29 黑胜 loss=27.2584 temp=1.00 total_env_steps=16952 t=0.64s
Ep  695: len=  2 白胜 loss=27.1704 temp=1.00 total_env_steps=16954 t=0.10s
Ep  696: len= 29 黑胜 loss=27.1956 temp=1.00 total_env_steps=16983 t=0.58s
Ep  697: len= 19 黑胜 loss=27.2181 temp=1.00 total_env_steps=17002 t=0.48s
Ep  698: len=  2 黑胜 loss=26.9520 temp=1.00 total_env_steps=17004 t=0.11s
Ep  699: len= 21 黑胜 loss=27.5262 temp=1.00 total_env_steps=17025 t=0.50s
Ep  700: len= 27 黑胜 loss=27.5519 temp=1.00 total_env_steps=17052 t=0.64s
Ep  701: len= 23 黑胜 loss=27.6149 temp=1.00 total_env_steps=17075 t=0.60s
Ep  702: len= 23 黑胜 loss=26.8497 temp=1.00 total_env_steps=17098 t=0.69s
Ep  703: len= 23 黑胜 loss=26.8753 temp=1.00 total_env_steps=17121 t=0.62s
Ep  704: len= 21 黑胜 loss=26.8910 temp=1.00 total_env_steps=17142 t=0.53s
Ep  705: len= 32 白胜 loss=27.7057 temp=1.00 total_env_steps=17174 t=0.72s
Ep  706: len= 14 黑胜 loss=27.1019 temp=1.00 total_env_steps=17188 t=0.36s
Ep  707: len=  2 白胜 loss=27.2530 temp=1.00 total_env_steps=17190 t=0.13s
Ep  708: len= 21 黑胜 loss=27.3959 temp=1.00 total_env_steps=17211 t=0.49s
Ep  709: len= 17 黑胜 loss=27.6029 temp=1.00 total_env_steps=17228 t=0.41s
Ep  710: len= 31 黑胜 loss=27.1886 temp=1.00 total_env_steps=17259 t=0.72s
Ep  711: len= 23 黑胜 loss=26.8385 temp=1.00 total_env_steps=17282 t=0.53s
Ep  712: len= 27 黑胜 loss=26.8882 temp=1.00 total_env_steps=17309 t=0.67s
Ep  713: len= 10 白胜 loss=27.1564 temp=1.00 total_env_steps=17319 t=0.29s
Ep  714: len= 34 白胜 loss=27.3233 temp=1.00 total_env_steps=17353 t=0.78s
Ep  715: len= 14 白胜 loss=27.3603 temp=1.00 total_env_steps=17367 t=0.36s
Ep  716: len= 17 黑胜 loss=26.7275 temp=1.00 total_env_steps=17384 t=0.42s
Ep  717: len= 27 黑胜 loss=26.8527 temp=1.00 total_env_steps=17411 t=0.61s
Ep  718: len= 15 黑胜 loss=27.2103 temp=1.00 total_env_steps=17426 t=0.37s
Ep  719: len= 21 黑胜 loss=27.0617 temp=1.00 total_env_steps=17447 t=0.48s
Ep  720: len= 18 白胜 loss=27.3797 temp=1.00 total_env_steps=17465 t=0.43s
Ep  721: len= 23 黑胜 loss=27.2224 temp=1.00 total_env_steps=17488 t=0.42s
Ep  722: len= 25 黑胜 loss=27.3218 temp=1.00 total_env_steps=17513 t=0.34s
Ep  723: len= 16 白胜 loss=27.0456 temp=1.00 total_env_steps=17529 t=0.25s
Ep  724: len= 21 黑胜 loss=27.5749 temp=1.00 total_env_steps=17550 t=0.36s
Ep  725: len= 15 黑胜 loss=27.6648 temp=1.00 total_env_steps=17565 t=0.24s
Ep  726: len= 10 白胜 loss=27.1357 temp=1.00 total_env_steps=17575 t=0.18s
Ep  727: len= 25 黑胜 loss=27.4056 temp=1.00 total_env_steps=17600 t=0.34s
Ep  728: len= 19 黑胜 loss=26.9458 temp=1.00 total_env_steps=17619 t=0.29s
Ep  729: len= 25 黑胜 loss=27.1402 temp=1.00 total_env_steps=17644 t=0.32s
Ep  730: len= 33 黑胜 loss=27.3244 temp=1.00 total_env_steps=17677 t=0.40s
Ep  731: len= 23 黑胜 loss=27.2784 temp=1.00 total_env_steps=17700 t=0.33s
Ep  732: len= 15 黑胜 loss=26.7576 temp=1.00 total_env_steps=17715 t=0.22s
Ep  733: len= 17 黑胜 loss=26.5483 temp=1.00 total_env_steps=17732 t=0.24s
Ep  734: len= 23 黑胜 loss=26.7456 temp=1.00 total_env_steps=17755 t=0.30s
Ep  735: len= 14 白胜 loss=27.0170 temp=1.00 total_env_steps=17769 t=0.20s
Ep  736: len= 19 黑胜 loss=27.3151 temp=1.00 total_env_steps=17788 t=0.26s
Ep  737: len= 24 黑胜 loss=26.7889 temp=1.00 total_env_steps=17812 t=0.31s
Ep  738: len= 14 白胜 loss=26.6587 temp=1.00 total_env_steps=17826 t=0.20s
Ep  739: len= 13 黑胜 loss=26.5932 temp=1.00 total_env_steps=17839 t=0.20s
Ep  740: len= 20 黑胜 loss=27.4190 temp=1.00 total_env_steps=17859 t=0.28s
Ep  741: len= 28 白胜 loss=26.8791 temp=1.00 total_env_steps=17887 t=0.39s
Ep  742: len= 34 白胜 loss=27.1723 temp=1.00 total_env_steps=17921 t=0.45s
Ep  743: len= 27 黑胜 loss=27.2498 temp=1.00 total_env_steps=17948 t=0.35s
Ep  744: len= 12 黑胜 loss=26.7468 temp=1.00 total_env_steps=17960 t=0.18s
Ep  745: len= 17 黑胜 loss=27.2425 temp=1.00 total_env_steps=17977 t=0.25s
Ep  746: len= 19 黑胜 loss=26.6171 temp=1.00 total_env_steps=17996 t=0.28s
Ep  747: len= 13 黑胜 loss=26.8304 temp=1.00 total_env_steps=18009 t=0.19s
Ep  748: len= 23 黑胜 loss=26.9905 temp=1.00 total_env_steps=18032 t=0.33s
Ep  749: len= 15 黑胜 loss=26.7064 temp=1.00 total_env_steps=18047 t=0.24s
Ep  750: len=  2 黑胜 loss=27.1354 temp=1.00 total_env_steps=18049 t=0.06s
Ep  751: len= 12 黑胜 loss=26.2732 temp=1.00 total_env_steps=18061 t=0.20s
Ep  752: len= 13 黑胜 loss=27.0285 temp=1.00 total_env_steps=18074 t=0.21s
Ep  753: len= 19 黑胜 loss=26.6529 temp=1.00 total_env_steps=18093 t=0.28s
Ep  754: len=  2 黑胜 loss=26.4195 temp=1.00 total_env_steps=18095 t=0.07s
Ep  755: len= 16 白胜 loss=26.3298 temp=1.00 total_env_steps=18111 t=0.22s
Ep  756: len= 24 白胜 loss=27.6030 temp=1.00 total_env_steps=18135 t=0.33s
Ep  757: len= 15 黑胜 loss=27.4123 temp=1.00 total_env_steps=18150 t=0.22s
Ep  758: len= 15 黑胜 loss=26.9255 temp=1.00 total_env_steps=18165 t=0.22s
Ep  759: len= 29 黑胜 loss=26.8233 temp=1.00 total_env_steps=18194 t=0.39s
Ep  760: len= 18 白胜 loss=27.1959 temp=1.00 total_env_steps=18212 t=0.24s
Ep  761: len= 26 白胜 loss=26.5500 temp=1.00 total_env_steps=18238 t=0.37s
Ep  762: len=  4 白胜 loss=26.9060 temp=1.00 total_env_steps=18242 t=0.09s
Ep  763: len= 21 黑胜 loss=27.2889 temp=1.00 total_env_steps=18263 t=0.29s
Ep  764: len= 10 白胜 loss=27.0714 temp=1.00 total_env_steps=18273 t=0.16s
Ep  765: len= 21 黑胜 loss=26.7647 temp=1.00 total_env_steps=18294 t=0.29s
Ep  766: len= 15 黑胜 loss=26.7947 temp=1.00 total_env_steps=18309 t=0.21s
Ep  767: len= 31 黑胜 loss=27.1374 temp=1.00 total_env_steps=18340 t=0.40s
Ep  768: len= 18 白胜 loss=26.4724 temp=1.00 total_env_steps=18358 t=0.25s
Ep  769: len= 10 白胜 loss=26.7004 temp=1.00 total_env_steps=18368 t=0.16s
Ep  770: len=  2 黑胜 loss=26.7972 temp=1.00 total_env_steps=18370 t=0.06s
Ep  771: len= 22 白胜 loss=26.2961 temp=1.00 total_env_steps=18392 t=0.32s
Ep  772: len= 21 黑胜 loss=26.8570 temp=1.00 total_env_steps=18413 t=0.26s
Ep  773: len=  4 白胜 loss=26.6237 temp=1.00 total_env_steps=18417 t=0.09s
Ep  774: len= 12 黑胜 loss=26.5326 temp=1.00 total_env_steps=18429 t=0.19s
Ep  775: len= 14 黑胜 loss=26.9650 temp=1.00 total_env_steps=18443 t=0.20s
Ep  776: len= 19 黑胜 loss=26.1624 temp=1.00 total_env_steps=18462 t=0.27s
Ep  777: len=  4 白胜 loss=26.8356 temp=1.00 total_env_steps=18466 t=0.09s
Ep  778: len= 19 黑胜 loss=26.6160 temp=1.00 total_env_steps=18485 t=0.29s
Ep  779: len= 21 黑胜 loss=26.6881 temp=1.00 total_env_steps=18506 t=0.28s
Ep  780: len=  4 黑胜 loss=26.8401 temp=1.00 total_env_steps=18510 t=0.10s
Ep  781: len= 36 白胜 loss=26.3974 temp=1.00 total_env_steps=18546 t=0.47s
Ep  782: len=  8 黑胜 loss=26.3480 temp=1.00 total_env_steps=18554 t=0.14s
Ep  783: len=  6 白胜 loss=26.6447 temp=1.00 total_env_steps=18560 t=0.12s
Ep  784: len= 15 黑胜 loss=26.9154 temp=1.00 total_env_steps=18575 t=0.24s
Ep  785: len= 12 黑胜 loss=26.8920 temp=1.00 total_env_steps=18587 t=0.18s
Ep  786: len= 13 黑胜 loss=26.7604 temp=1.00 total_env_steps=18600 t=0.19s
Ep  787: len= 15 黑胜 loss=26.8815 temp=1.00 total_env_steps=18615 t=0.21s
Ep  788: len=  2 黑胜 loss=26.5411 temp=1.00 total_env_steps=18617 t=0.06s
Ep  789: len=  2 白胜 loss=26.4079 temp=1.00 total_env_steps=18619 t=0.06s
Ep  790: len= 10 黑胜 loss=26.5412 temp=1.00 total_env_steps=18629 t=0.16s
Ep  791: len= 18 黑胜 loss=26.8927 temp=1.00 total_env_steps=18647 t=0.25s
Ep  792: len= 18 白胜 loss=26.5157 temp=1.00 total_env_steps=18665 t=0.26s
Ep  793: len= 19 黑胜 loss=26.8585 temp=1.00 total_env_steps=18684 t=0.25s
Ep  794: len= 19 黑胜 loss=26.9394 temp=1.00 total_env_steps=18703 t=0.25s
Ep  795: len= 26 白胜 loss=26.9814 temp=1.00 total_env_steps=18729 t=0.33s
Ep  796: len= 25 黑胜 loss=26.1089 temp=1.00 total_env_steps=18754 t=0.34s
Ep  797: len=  2 黑胜 loss=26.8616 temp=1.00 total_env_steps=18756 t=0.06s
Ep  798: len= 12 白胜 loss=26.3277 temp=1.00 total_env_steps=18768 t=0.17s
Ep  799: len= 19 黑胜 loss=26.8418 temp=1.00 total_env_steps=18787 t=0.24s
Ep  800: len=  6 黑胜 loss=26.3591 temp=1.00 total_env_steps=18793 t=0.10s
  eval vs Gomoku-random-v0: win_rate=1.00 mean_return=1.00（20 局，total_env_steps=18793）
Ep  801: len=  2 白胜 loss=26.7712 temp=1.00 total_env_steps=18795 t=0.07s
Ep  802: len= 17 黑胜 loss=26.8118 temp=1.00 total_env_steps=18812 t=0.26s
Ep  803: len= 13 黑胜 loss=26.5058 temp=1.00 total_env_steps=18825 t=0.19s
Ep  804: len= 21 黑胜 loss=26.7398 temp=1.00 total_env_steps=18846 t=0.27s
Ep  805: len= 13 黑胜 loss=26.5538 temp=1.00 total_env_steps=18859 t=0.20s
Ep  806: len= 17 黑胜 loss=26.1430 temp=1.00 total_env_steps=18876 t=0.25s
Ep  807: len= 15 黑胜 loss=27.1217 temp=1.00 total_env_steps=18891 t=0.22s
Ep  808: len= 15 黑胜 loss=26.7277 temp=1.00 total_env_steps=18906 t=0.22s
Ep  809: len= 29 黑胜 loss=26.5720 temp=1.00 total_env_steps=18935 t=0.38s
Ep  810: len= 17 黑胜 loss=26.9995 temp=1.00 total_env_steps=18952 t=0.24s
Ep  811: len= 41 黑胜 loss=26.6337 temp=1.00 total_env_steps=18993 t=0.50s
Ep  812: len= 33 黑胜 loss=26.8619 temp=1.00 total_env_steps=19026 t=0.40s
Ep  813: len= 25 黑胜 loss=26.3620 temp=1.00 total_env_steps=19051 t=0.33s
Ep  814: len= 23 黑胜 loss=26.7885 temp=1.00 total_env_steps=19074 t=0.30s
Ep  815: len= 16 白胜 loss=26.9680 temp=1.00 total_env_steps=19090 t=0.22s
Ep  816: len=  4 白胜 loss=25.9848 temp=1.00 total_env_steps=19094 t=0.08s
Ep  817: len= 15 黑胜 loss=26.5512 temp=1.00 total_env_steps=19109 t=0.20s
Ep  818: len= 22 黑胜 loss=26.2118 temp=1.00 total_env_steps=19131 t=0.28s
Ep  819: len= 19 黑胜 loss=26.3827 temp=1.00 total_env_steps=19150 t=0.26s
Ep  820: len= 17 黑胜 loss=26.9155 temp=1.00 total_env_steps=19167 t=0.24s
Ep  821: len= 23 黑胜 loss=27.1127 temp=1.00 total_env_steps=19190 t=0.31s
Ep  822: len= 25 黑胜 loss=26.6923 temp=1.00 total_env_steps=19215 t=0.32s
Ep  823: len=  8 黑胜 loss=25.9364 temp=1.00 total_env_steps=19223 t=0.17s
Ep  824: len= 18 黑胜 loss=26.9117 temp=1.00 total_env_steps=19241 t=0.30s
Ep  825: len=  2 黑胜 loss=26.6663 temp=1.00 total_env_steps=19243 t=0.07s
Ep  826: len=  4 白胜 loss=26.2282 temp=1.00 total_env_steps=19247 t=0.09s
Ep  827: len= 11 黑胜 loss=26.4532 temp=1.00 total_env_steps=19258 t=0.22s
Ep  828: len= 17 黑胜 loss=26.1492 temp=1.00 total_env_steps=19275 t=0.26s
Ep  829: len= 19 黑胜 loss=25.9470 temp=1.00 total_env_steps=19294 t=0.27s
Ep  830: len= 13 黑胜 loss=27.0725 temp=1.00 total_env_steps=19307 t=0.21s
Ep  831: len= 13 黑胜 loss=26.5051 temp=1.00 total_env_steps=19320 t=0.20s
Ep  832: len= 17 黑胜 loss=26.3473 temp=1.00 total_env_steps=19337 t=0.26s
Ep  833: len= 11 黑胜 loss=26.0965 temp=1.00 total_env_steps=19348 t=0.18s
Ep  834: len= 14 黑胜 loss=26.4718 temp=1.00 total_env_steps=19362 t=0.19s
Ep  835: len= 29 黑胜 loss=26.1487 temp=1.00 total_env_steps=19391 t=0.37s
Ep  836: len= 33 黑胜 loss=26.0532 temp=1.00 total_env_steps=19424 t=0.40s
Ep  837: len= 39 黑胜 loss=26.3132 temp=1.00 total_env_steps=19463 t=0.50s
Ep  838: len=  2 白胜 loss=26.5504 temp=1.00 total_env_steps=19465 t=0.06s
Ep  839: len= 38 白胜 loss=26.7732 temp=1.00 total_env_steps=19503 t=0.48s
Ep  840: len= 30 白胜 loss=26.4906 temp=1.00 total_env_steps=19533 t=0.39s
Ep  841: len= 11 黑胜 loss=26.9372 temp=1.00 total_env_steps=19544 t=0.17s
Ep  842: len= 25 黑胜 loss=26.1483 temp=1.00 total_env_steps=19569 t=0.35s
Ep  843: len= 15 黑胜 loss=25.8707 temp=1.00 total_env_steps=19584 t=0.24s
Ep  844: len= 13 黑胜 loss=25.9823 temp=1.00 total_env_steps=19597 t=0.20s
Ep  845: len= 12 黑胜 loss=26.4840 temp=1.00 total_env_steps=19609 t=0.15s
Ep  846: len= 37 黑胜 loss=26.3419 temp=1.00 total_env_steps=19646 t=0.49s
Ep  847: len= 15 黑胜 loss=26.4645 temp=1.00 total_env_steps=19661 t=0.22s
Ep  848: len= 13 黑胜 loss=26.6369 temp=1.00 total_env_steps=19674 t=0.18s
Ep  849: len= 25 黑胜 loss=26.4223 temp=1.00 total_env_steps=19699 t=0.38s
Ep  850: len= 13 黑胜 loss=26.2629 temp=1.00 total_env_steps=19712 t=0.19s
Ep  851: len= 39 黑胜 loss=26.4712 temp=1.00 total_env_steps=19751 t=0.50s
Ep  852: len= 15 黑胜 loss=26.0158 temp=1.00 total_env_steps=19766 t=0.22s
Ep  853: len= 33 黑胜 loss=26.0982 temp=1.00 total_env_steps=19799 t=0.45s
Ep  854: len= 13 黑胜 loss=26.3912 temp=1.00 total_env_steps=19812 t=0.24s
Ep  855: len= 13 黑胜 loss=26.4823 temp=1.00 total_env_steps=19825 t=0.22s
Ep  856: len= 17 黑胜 loss=26.4050 temp=1.00 total_env_steps=19842 t=0.24s
Ep  857: len= 25 黑胜 loss=26.1708 temp=1.00 total_env_steps=19867 t=0.35s
Ep  858: len= 17 黑胜 loss=26.3875 temp=1.00 total_env_steps=19884 t=0.24s
Ep  859: len= 13 黑胜 loss=26.2484 temp=1.00 total_env_steps=19897 t=0.19s
Ep  860: len= 10 白胜 loss=26.0219 temp=1.00 total_env_steps=19907 t=0.17s
Ep  861: len= 39 黑胜 loss=26.4641 temp=1.00 total_env_steps=19946 t=0.52s
Ep  862: len= 35 黑胜 loss=26.7552 temp=1.00 total_env_steps=19981 t=0.45s
Ep  863: len= 33 黑胜 loss=26.5566 temp=1.00 total_env_steps=20014 t=0.48s
Ep  864: len= 17 黑胜 loss=26.0615 temp=1.00 total_env_steps=20031 t=0.26s
Ep  865: len=  2 黑胜 loss=26.3843 temp=1.00 total_env_steps=20033 t=0.08s
Ep  866: len= 23 黑胜 loss=25.9296 temp=1.00 total_env_steps=20056 t=0.34s
Ep  867: len= 25 黑胜 loss=26.0126 temp=1.00 total_env_steps=20081 t=0.40s
Ep  868: len= 13 黑胜 loss=26.5957 temp=1.00 total_env_steps=20094 t=0.26s
Ep  869: len= 33 黑胜 loss=26.4069 temp=1.00 total_env_steps=20127 t=0.45s
Ep  870: len= 18 黑胜 loss=26.5825 temp=1.00 total_env_steps=20145 t=0.23s
Ep  871: len= 35 黑胜 loss=25.6019 temp=1.00 total_env_steps=20180 t=0.47s
Ep  872: len= 17 黑胜 loss=26.3689 temp=1.00 total_env_steps=20197 t=0.27s
Ep  873: len= 16 黑胜 loss=26.3081 temp=1.00 total_env_steps=20213 t=0.28s
Ep  874: len= 29 黑胜 loss=26.3814 temp=1.00 total_env_steps=20242 t=0.38s
Ep  875: len= 21 黑胜 loss=26.4950 temp=1.00 total_env_steps=20263 t=0.28s
Ep  876: len= 18 黑胜 loss=26.2777 temp=1.00 total_env_steps=20281 t=0.25s
Ep  877: len= 23 黑胜 loss=25.7617 temp=1.00 total_env_steps=20304 t=0.34s
Ep  878: len= 11 黑胜 loss=25.7259 temp=1.00 total_env_steps=20315 t=0.19s
Ep  879: len= 15 黑胜 loss=25.9630 temp=1.00 total_env_steps=20330 t=0.21s
Ep  880: len= 19 黑胜 loss=25.4689 temp=1.00 total_env_steps=20349 t=0.26s
Ep  881: len= 33 黑胜 loss=26.1495 temp=1.00 total_env_steps=20382 t=0.42s
Ep  882: len=  2 白胜 loss=25.6758 temp=1.00 total_env_steps=20384 t=0.07s
Ep  883: len=  4 黑胜 loss=25.8790 temp=1.00 total_env_steps=20388 t=0.10s
Ep  884: len= 23 黑胜 loss=26.5377 temp=1.00 total_env_steps=20411 t=0.34s
Ep  885: len= 27 黑胜 loss=26.3325 temp=1.00 total_env_steps=20438 t=0.34s
Ep  886: len= 36 白胜 loss=26.3610 temp=1.00 total_env_steps=20474 t=0.43s
Ep  887: len= 13 黑胜 loss=26.6826 temp=1.00 total_env_steps=20487 t=0.18s
Ep  888: len= 13 黑胜 loss=26.0554 temp=1.00 total_env_steps=20500 t=0.18s
Ep  889: len= 11 黑胜 loss=26.3333 temp=1.00 total_env_steps=20511 t=0.15s
Ep  890: len= 15 黑胜 loss=26.3945 temp=1.00 total_env_steps=20526 t=0.20s
Ep  891: len= 27 黑胜 loss=25.8479 temp=1.00 total_env_steps=20553 t=0.35s
Ep  892: len= 11 黑胜 loss=25.5237 temp=1.00 total_env_steps=20564 t=0.17s
Ep  893: len=  2 黑胜 loss=25.4769 temp=1.00 total_env_steps=20566 t=0.06s
Ep  894: len= 25 黑胜 loss=26.0797 temp=1.00 total_env_steps=20591 t=0.32s
Ep  895: len= 25 黑胜 loss=26.3628 temp=1.00 total_env_steps=20616 t=0.32s
Ep  896: len= 15 黑胜 loss=25.6073 temp=1.00 total_env_steps=20631 t=0.22s
Ep  897: len= 13 黑胜 loss=26.4245 temp=1.00 total_env_steps=20644 t=0.18s
Ep  898: len= 31 黑胜 loss=26.1611 temp=1.00 total_env_steps=20675 t=0.40s
Ep  899: len= 10 黑胜 loss=26.0307 temp=1.00 total_env_steps=20685 t=0.15s
Ep  900: len= 20 白胜 loss=25.8420 temp=1.00 total_env_steps=20705 t=0.28s
Ep  901: len= 19 黑胜 loss=26.3249 temp=1.00 total_env_steps=20724 t=0.26s
Ep  902: len= 17 黑胜 loss=25.7098 temp=1.00 total_env_steps=20741 t=0.24s
Ep  903: len= 11 黑胜 loss=25.7145 temp=1.00 total_env_steps=20752 t=0.17s
Ep  904: len= 15 黑胜 loss=25.9830 temp=1.00 total_env_steps=20767 t=0.21s
Ep  905: len= 41 黑胜 loss=26.1653 temp=1.00 total_env_steps=20808 t=0.51s
Ep  906: len= 17 黑胜 loss=25.7113 temp=1.00 total_env_steps=20825 t=0.26s
Ep  907: len= 15 黑胜 loss=26.0050 temp=1.00 total_env_steps=20840 t=0.23s
Ep  908: len= 13 黑胜 loss=26.2647 temp=1.00 total_env_steps=20853 t=0.19s
Ep  909: len= 32 白胜 loss=25.7411 temp=1.00 total_env_steps=20885 t=0.38s
Ep  910: len= 11 黑胜 loss=25.6325 temp=1.00 total_env_steps=20896 t=0.16s
Ep  911: len= 11 黑胜 loss=26.2317 temp=1.00 total_env_steps=20907 t=0.17s
Ep  912: len= 11 黑胜 loss=25.7334 temp=1.00 total_env_steps=20918 t=0.20s
Ep  913: len= 19 黑胜 loss=26.3029 temp=1.00 total_env_steps=20937 t=0.28s
Ep  914: len= 39 黑胜 loss=26.2314 temp=1.00 total_env_steps=20976 t=0.48s
Ep  915: len= 11 黑胜 loss=26.2902 temp=1.00 total_env_steps=20987 t=0.16s
Ep  916: len= 29 黑胜 loss=25.6784 temp=1.00 total_env_steps=21016 t=0.39s
Ep  917: len= 11 黑胜 loss=26.5614 temp=1.00 total_env_steps=21027 t=0.16s
Ep  918: len= 10 白胜 loss=25.6842 temp=1.00 total_env_steps=21037 t=0.15s
Ep  919: len=  4 黑胜 loss=25.9719 temp=1.00 total_env_steps=21041 t=0.09s
Ep  920: len= 11 黑胜 loss=25.6765 temp=1.00 total_env_steps=21052 t=0.18s
Ep  921: len=  2 黑胜 loss=25.4840 temp=1.00 total_env_steps=21054 t=0.06s
Ep  922: len=  9 黑胜 loss=26.1369 temp=1.00 total_env_steps=21063 t=0.14s
Ep  923: len= 31 黑胜 loss=26.2729 temp=1.00 total_env_steps=21094 t=0.40s
Ep  924: len=  2 白胜 loss=26.1202 temp=1.00 total_env_steps=21096 t=0.06s
Ep  925: len=  8 黑胜 loss=25.9499 temp=1.00 total_env_steps=21104 t=0.11s
Ep  926: len= 13 黑胜 loss=26.3814 temp=1.00 total_env_steps=21117 t=0.18s
Ep  927: len= 11 黑胜 loss=26.0462 temp=1.00 total_env_steps=21128 t=0.17s
Ep  928: len= 28 白胜 loss=25.5324 temp=1.00 total_env_steps=21156 t=0.37s
Ep  929: len=  9 黑胜 loss=25.3381 temp=1.00 total_env_steps=21165 t=0.20s
Ep  930: len= 23 黑胜 loss=26.1685 temp=1.00 total_env_steps=21188 t=0.33s
Ep  931: len= 13 黑胜 loss=26.2399 temp=1.00 total_env_steps=21201 t=0.21s
Ep  932: len= 29 黑胜 loss=25.6566 temp=1.00 total_env_steps=21230 t=0.39s
Ep  933: len= 13 黑胜 loss=25.9842 temp=1.00 total_env_steps=21243 t=0.19s
Ep  934: len= 13 黑胜 loss=25.8223 temp=1.00 total_env_steps=21256 t=0.20s
Ep  935: len= 11 黑胜 loss=26.0930 temp=1.00 total_env_steps=21267 t=0.16s
Ep  936: len= 21 黑胜 loss=25.8638 temp=1.00 total_env_steps=21288 t=0.27s
Ep  937: len= 21 黑胜 loss=26.0045 temp=1.00 total_env_steps=21309 t=0.28s
Ep  938: len=  6 黑胜 loss=26.4478 temp=1.00 total_env_steps=21315 t=0.10s
Ep  939: len= 13 黑胜 loss=25.4359 temp=1.00 total_env_steps=21328 t=0.18s
Ep  940: len= 29 黑胜 loss=25.9124 temp=1.00 total_env_steps=21357 t=0.38s
Ep  941: len= 22 白胜 loss=25.1703 temp=1.00 total_env_steps=21379 t=0.28s
Ep  942: len= 19 黑胜 loss=26.3129 temp=1.00 total_env_steps=21398 t=0.26s
Ep  943: len= 17 黑胜 loss=25.7842 temp=1.00 total_env_steps=21415 t=0.24s
Ep  944: len= 19 黑胜 loss=26.0009 temp=1.00 total_env_steps=21434 t=0.29s
Ep  945: len= 13 黑胜 loss=26.0560 temp=1.00 total_env_steps=21447 t=0.19s
Ep  946: len= 17 黑胜 loss=26.3043 temp=1.00 total_env_steps=21464 t=0.23s
Ep  947: len= 11 黑胜 loss=25.9888 temp=1.00 total_env_steps=21475 t=0.16s
Ep  948: len= 13 黑胜 loss=25.8214 temp=1.00 total_env_steps=21488 t=0.20s
Ep  949: len= 22 白胜 loss=25.9628 temp=1.00 total_env_steps=21510 t=0.29s
Ep  950: len= 27 黑胜 loss=25.6914 temp=1.00 total_env_steps=21537 t=0.35s
Ep  951: len= 32 白胜 loss=26.4975 temp=1.00 total_env_steps=21569 t=0.40s
Ep  952: len= 19 黑胜 loss=26.0321 temp=1.00 total_env_steps=21588 t=0.28s
Ep  953: len= 21 黑胜 loss=26.3813 temp=1.00 total_env_steps=21609 t=0.30s
Ep  954: len=  2 白胜 loss=25.8843 temp=1.00 total_env_steps=21611 t=0.06s
Ep  955: len= 11 黑胜 loss=26.0778 temp=1.00 total_env_steps=21622 t=0.17s
Ep  956: len= 11 黑胜 loss=25.8030 temp=1.00 total_env_steps=21633 t=0.16s
Ep  957: len= 19 黑胜 loss=25.5711 temp=1.00 total_env_steps=21652 t=0.24s
Ep  958: len= 21 黑胜 loss=25.3987 temp=1.00 total_env_steps=21673 t=0.27s
Ep  959: len=  2 白胜 loss=25.8804 temp=1.00 total_env_steps=21675 t=0.06s
Ep  960: len=  9 黑胜 loss=25.9618 temp=1.00 total_env_steps=21684 t=0.14s
Ep  961: len= 13 黑胜 loss=25.8893 temp=1.00 total_env_steps=21697 t=0.20s
Ep  962: len=  9 黑胜 loss=25.4606 temp=1.00 total_env_steps=21706 t=0.13s
Ep  963: len=  9 黑胜 loss=26.4724 temp=1.00 total_env_steps=21715 t=0.14s
Ep  964: len= 13 黑胜 loss=25.8587 temp=1.00 total_env_steps=21728 t=0.18s
Ep  965: len= 23 黑胜 loss=25.7475 temp=1.00 total_env_steps=21751 t=0.30s
Ep  966: len= 13 黑胜 loss=25.2661 temp=1.00 total_env_steps=21764 t=0.19s
Ep  967: len= 35 黑胜 loss=25.6625 temp=1.00 total_env_steps=21799 t=0.44s
Ep  968: len= 13 黑胜 loss=25.8614 temp=1.00 total_env_steps=21812 t=0.18s
Ep  969: len=  8 黑胜 loss=25.9255 temp=1.00 total_env_steps=21820 t=0.14s
Ep  970: len= 18 白胜 loss=26.0063 temp=1.00 total_env_steps=21838 t=0.24s
Ep  971: len= 13 黑胜 loss=25.5703 temp=1.00 total_env_steps=21851 t=0.18s
Ep  972: len=  9 黑胜 loss=25.4667 temp=1.00 total_env_steps=21860 t=0.13s
Ep  973: len=  2 白胜 loss=25.9755 temp=1.00 total_env_steps=21862 t=0.06s
Ep  974: len=  9 黑胜 loss=25.4960 temp=1.00 total_env_steps=21871 t=0.13s
Ep  975: len=  9 黑胜 loss=25.5867 temp=1.00 total_env_steps=21880 t=0.14s
Ep  976: len= 35 黑胜 loss=25.3794 temp=1.00 total_env_steps=21915 t=0.43s
Ep  977: len=  9 黑胜 loss=25.7821 temp=1.00 total_env_steps=21924 t=0.15s
Ep  978: len=  2 白胜 loss=25.7550 temp=1.00 total_env_steps=21926 t=0.07s
Ep  979: len=  8 白胜 loss=25.6369 temp=1.00 total_env_steps=21934 t=0.13s
Ep  980: len= 13 黑胜 loss=25.8162 temp=1.00 total_env_steps=21947 t=0.19s
Ep  981: len= 30 白胜 loss=25.7378 temp=1.00 total_env_steps=21977 t=0.37s
Ep  982: len=  2 黑胜 loss=25.0469 temp=1.00 total_env_steps=21979 t=0.07s
Ep  983: len= 11 黑胜 loss=25.7557 temp=1.00 total_env_steps=21990 t=0.18s
Ep  984: len= 11 黑胜 loss=25.3466 temp=1.00 total_env_steps=22001 t=0.17s
Ep  985: len= 11 黑胜 loss=25.5143 temp=1.00 total_env_steps=22012 t=0.16s
Ep  986: len= 13 黑胜 loss=25.8615 temp=1.00 total_env_steps=22025 t=0.20s
Ep  987: len=  4 黑胜 loss=26.1283 temp=1.00 total_env_steps=22029 t=0.07s
Ep  988: len= 26 白胜 loss=25.2278 temp=1.00 total_env_steps=22055 t=0.34s
Ep  989: len= 13 黑胜 loss=25.8543 temp=1.00 total_env_steps=22068 t=0.19s
Ep  990: len= 19 黑胜 loss=26.2551 temp=1.00 total_env_steps=22087 t=0.25s
Ep  991: len= 29 黑胜 loss=25.2053 temp=1.00 total_env_steps=22116 t=0.37s
Ep  992: len= 15 黑胜 loss=26.1728 temp=1.00 total_env_steps=22131 t=0.20s
Ep  993: len=  2 白胜 loss=25.2996 temp=1.00 total_env_steps=22133 t=0.06s
Ep  994: len= 27 黑胜 loss=25.7684 temp=1.00 total_env_steps=22160 t=0.33s
Ep  995: len=  9 黑胜 loss=24.9738 temp=1.00 total_env_steps=22169 t=0.14s
Ep  996: len= 21 黑胜 loss=24.9667 temp=1.00 total_env_steps=22190 t=0.28s
Ep  997: len= 15 黑胜 loss=25.3656 temp=1.00 total_env_steps=22205 t=0.22s
Ep  998: len=  2 黑胜 loss=25.8419 temp=1.00 total_env_steps=22207 t=0.06s
Ep  999: len=  9 黑胜 loss=25.2515 temp=1.00 total_env_steps=22216 t=0.14s
Ep 1000: len= 27 黑胜 loss=24.7895 temp=1.00 total_env_steps=22243 t=0.34s
  eval vs Gomoku-random-v0: win_rate=1.00 mean_return=1.00（20 局，total_env_steps=22243）
  📸 已拍权重快照（ep=1000，gating 对弈基准）
Ep 1001: len= 13 黑胜 loss=25.5709 temp=1.00 total_env_steps=22256 t=0.17s
Ep 1002: len=  6 白胜 loss=25.7335 temp=1.00 total_env_steps=22262 t=0.10s
Ep 1003: len= 21 黑胜 loss=25.5927 temp=1.00 total_env_steps=22283 t=0.25s
Ep 1004: len= 13 黑胜 loss=25.5410 temp=1.00 total_env_steps=22296 t=0.18s
Ep 1005: len= 19 黑胜 loss=25.7724 temp=1.00 total_env_steps=22315 t=0.24s
Ep 1006: len= 10 黑胜 loss=26.0876 temp=1.00 total_env_steps=22325 t=0.20s
Ep 1007: len= 29 黑胜 loss=25.2467 temp=1.00 total_env_steps=22354 t=0.42s
Ep 1008: len= 19 黑胜 loss=26.0371 temp=1.00 total_env_steps=22373 t=0.26s
Ep 1009: len=  2 白胜 loss=25.7522 temp=1.00 total_env_steps=22375 t=0.07s
Ep 1010: len= 15 黑胜 loss=25.2189 temp=1.00 total_env_steps=22390 t=0.23s
Ep 1011: len= 15 黑胜 loss=25.2896 temp=1.00 total_env_steps=22405 t=0.22s
Ep 1012: len= 15 黑胜 loss=25.5598 temp=1.00 total_env_steps=22420 t=0.22s
Ep 1013: len=  9 黑胜 loss=25.4493 temp=1.00 total_env_steps=22429 t=0.22s
Ep 1014: len=  2 白胜 loss=25.5767 temp=1.00 total_env_steps=22431 t=0.09s
Ep 1015: len= 23 黑胜 loss=25.8424 temp=1.00 total_env_steps=22454 t=0.38s
Ep 1016: len= 21 黑胜 loss=25.2295 temp=1.00 total_env_steps=22475 t=0.31s
Ep 1017: len= 13 黑胜 loss=25.7167 temp=1.00 total_env_steps=22488 t=0.20s
Ep 1018: len= 19 黑胜 loss=25.8234 temp=1.00 total_env_steps=22507 t=0.24s
Ep 1019: len= 11 黑胜 loss=25.2370 temp=1.00 total_env_steps=22518 t=0.18s
Ep 1020: len= 15 黑胜 loss=25.5185 temp=1.00 total_env_steps=22533 t=0.24s
Ep 1021: len= 15 黑胜 loss=25.3890 temp=1.00 total_env_steps=22548 t=0.22s
Ep 1022: len= 25 黑胜 loss=25.7708 temp=1.00 total_env_steps=22573 t=0.34s
Ep 1023: len=  2 黑胜 loss=25.1380 temp=1.00 total_env_steps=22575 t=0.07s
Ep 1024: len= 13 黑胜 loss=25.7910 temp=1.00 total_env_steps=22588 t=0.22s
Ep 1025: len= 23 黑胜 loss=25.3383 temp=1.00 total_env_steps=22611 t=0.33s
Ep 1026: len= 15 黑胜 loss=25.5742 temp=1.00 total_env_steps=22626 t=0.21s
Ep 1027: len=  2 白胜 loss=25.3799 temp=1.00 total_env_steps=22628 t=0.06s
Ep 1028: len= 11 黑胜 loss=25.3857 temp=1.00 total_env_steps=22639 t=0.16s
Ep 1029: len= 14 白胜 loss=25.7156 temp=1.00 total_env_steps=22653 t=0.22s
Ep 1030: len=  8 黑胜 loss=25.3594 temp=1.00 total_env_steps=22661 t=0.12s
Ep 1031: len= 16 白胜 loss=25.0740 temp=1.00 total_env_steps=22677 t=0.22s
Ep 1032: len= 11 黑胜 loss=24.9234 temp=1.00 total_env_steps=22688 t=0.16s
Ep 1033: len= 15 黑胜 loss=25.5809 temp=1.00 total_env_steps=22703 t=0.21s
Ep 1034: len= 19 黑胜 loss=25.1191 temp=1.00 total_env_steps=22722 t=0.26s
Ep 1035: len= 25 黑胜 loss=25.5047 temp=1.00 total_env_steps=22747 t=0.33s
Ep 1036: len= 15 黑胜 loss=25.1768 temp=1.00 total_env_steps=22762 t=0.21s
Ep 1037: len= 10 白胜 loss=25.3045 temp=1.00 total_env_steps=22772 t=0.14s
Ep 1038: len= 11 黑胜 loss=25.3231 temp=1.00 total_env_steps=22783 t=0.16s
Ep 1039: len=  2 黑胜 loss=25.2893 temp=1.00 total_env_steps=22785 t=0.06s
Ep 1040: len= 17 黑胜 loss=24.9471 temp=1.00 total_env_steps=22802 t=0.25s
Ep 1041: len= 11 黑胜 loss=25.2792 temp=1.00 total_env_steps=22813 t=0.17s
Ep 1042: len= 24 白胜 loss=25.1383 temp=1.00 total_env_steps=22837 t=0.33s
Ep 1043: len= 17 黑胜 loss=25.4014 temp=1.00 total_env_steps=22854 t=0.27s
Ep 1044: len=  4 黑胜 loss=24.9363 temp=1.00 total_env_steps=22858 t=0.09s
Ep 1045: len= 11 黑胜 loss=25.1352 temp=1.00 total_env_steps=22869 t=0.17s
Ep 1046: len=  4 白胜 loss=25.0124 temp=1.00 total_env_steps=22873 t=0.08s
Ep 1047: len= 17 黑胜 loss=25.3199 temp=1.00 total_env_steps=22890 t=0.24s
Ep 1048: len= 21 黑胜 loss=25.6343 temp=1.00 total_env_steps=22911 t=0.29s
Ep 1049: len= 13 黑胜 loss=25.0869 temp=1.00 total_env_steps=22924 t=0.19s
Ep 1050: len= 11 黑胜 loss=24.6470 temp=1.00 total_env_steps=22935 t=0.18s
Ep 1051: len=  9 黑胜 loss=24.9305 temp=1.00 total_env_steps=22944 t=0.15s
Ep 1052: len= 19 黑胜 loss=25.1277 temp=1.00 total_env_steps=22963 t=0.26s
Ep 1053: len= 13 黑胜 loss=25.5833 temp=1.00 total_env_steps=22976 t=0.19s
Ep 1054: len= 11 黑胜 loss=25.2369 temp=1.00 total_env_steps=22987 t=0.16s
Ep 1055: len=  2 白胜 loss=24.8441 temp=1.00 total_env_steps=22989 t=0.06s
Ep 1056: len= 17 黑胜 loss=24.9893 temp=1.00 total_env_steps=23006 t=0.23s
Ep 1057: len= 15 黑胜 loss=24.6550 temp=1.00 total_env_steps=23021 t=0.21s
Ep 1058: len= 17 黑胜 loss=25.5438 temp=1.00 total_env_steps=23038 t=0.24s
Ep 1059: len= 11 黑胜 loss=25.8968 temp=1.00 total_env_steps=23049 t=0.17s
Ep 1060: len=  9 黑胜 loss=25.3948 temp=1.00 total_env_steps=23058 t=0.14s
Ep 1061: len=  2 白胜 loss=24.9431 temp=1.00 total_env_steps=23060 t=0.06s
Ep 1062: len= 20 黑胜 loss=25.4944 temp=1.00 total_env_steps=23080 t=0.28s
Ep 1063: len= 33 黑胜 loss=24.4620 temp=1.00 total_env_steps=23113 t=0.38s
Ep 1064: len= 33 黑胜 loss=25.4167 temp=1.00 total_env_steps=23146 t=0.42s
Ep 1065: len= 29 黑胜 loss=25.3882 temp=1.00 total_env_steps=23175 t=0.38s
Ep 1066: len=  2 白胜 loss=25.0447 temp=1.00 total_env_steps=23177 t=0.06s
Ep 1067: len= 17 黑胜 loss=25.4353 temp=1.00 total_env_steps=23194 t=0.23s
Ep 1068: len=  9 黑胜 loss=24.8694 temp=1.00 total_env_steps=23203 t=0.14s
Ep 1069: len= 11 黑胜 loss=24.9712 temp=1.00 total_env_steps=23214 t=0.17s
Ep 1070: len= 13 黑胜 loss=24.8114 temp=1.00 total_env_steps=23227 t=0.20s
Ep 1071: len= 17 黑胜 loss=25.2489 temp=1.00 total_env_steps=23244 t=0.22s
Ep 1072: len= 13 黑胜 loss=25.9424 temp=1.00 total_env_steps=23257 t=0.19s
Ep 1073: len= 15 黑胜 loss=25.2125 temp=1.00 total_env_steps=23272 t=0.21s
Ep 1074: len= 19 黑胜 loss=25.2102 temp=1.00 total_env_steps=23291 t=0.26s
Ep 1075: len= 13 黑胜 loss=24.8085 temp=1.00 total_env_steps=23304 t=0.18s
Ep 1076: len= 11 黑胜 loss=24.9261 temp=1.00 total_env_steps=23315 t=0.17s
Ep 1077: len= 17 黑胜 loss=24.9737 temp=1.00 total_env_steps=23332 t=0.23s
Ep 1078: len= 13 黑胜 loss=25.1089 temp=1.00 total_env_steps=23345 t=0.19s
Ep 1079: len=  4 白胜 loss=24.7999 temp=1.00 total_env_steps=23349 t=0.08s
Ep 1080: len= 10 白胜 loss=24.8846 temp=1.00 total_env_steps=23359 t=0.14s
Ep 1081: len= 18 白胜 loss=24.5970 temp=1.00 total_env_steps=23377 t=0.24s
Ep 1082: len= 27 黑胜 loss=25.0765 temp=1.00 total_env_steps=23404 t=0.35s
Ep 1083: len= 12 白胜 loss=24.9633 temp=1.00 total_env_steps=23416 t=0.19s
Ep 1084: len= 14 白胜 loss=24.9152 temp=1.00 total_env_steps=23430 t=0.21s
Ep 1085: len= 20 白胜 loss=25.4174 temp=1.00 total_env_steps=23450 t=0.27s
Ep 1086: len= 27 黑胜 loss=25.3856 temp=1.00 total_env_steps=23477 t=0.35s
Ep 1087: len= 17 黑胜 loss=25.1110 temp=1.00 total_env_steps=23494 t=0.23s
Ep 1088: len= 24 黑胜 loss=25.1542 temp=1.00 total_env_steps=23518 t=0.31s
Ep 1089: len= 17 黑胜 loss=24.7938 temp=1.00 total_env_steps=23535 t=0.24s
Ep 1090: len= 11 黑胜 loss=24.6670 temp=1.00 total_env_steps=23546 t=0.16s
Ep 1091: len= 21 黑胜 loss=25.7336 temp=1.00 total_env_steps=23567 t=0.28s
Ep 1092: len=  2 白胜 loss=24.8690 temp=1.00 total_env_steps=23569 t=0.06s
Ep 1093: len= 15 黑胜 loss=25.0576 temp=1.00 total_env_steps=23584 t=0.22s
Ep 1094: len= 26 白胜 loss=25.1809 temp=1.00 total_env_steps=23610 t=0.35s
Ep 1095: len=  9 黑胜 loss=24.9141 temp=1.00 total_env_steps=23619 t=0.13s
Ep 1096: len= 10 黑胜 loss=25.1526 temp=1.00 total_env_steps=23629 t=0.16s
Ep 1097: len= 17 黑胜 loss=24.4541 temp=1.00 total_env_steps=23646 t=0.24s
Ep 1098: len= 15 黑胜 loss=25.0743 temp=1.00 total_env_steps=23661 t=0.22s
Ep 1099: len=  9 黑胜 loss=25.0004 temp=1.00 total_env_steps=23670 t=0.14s
Ep 1100: len= 15 黑胜 loss=24.4526 temp=1.00 total_env_steps=23685 t=0.20s
Ep 1101: len= 17 黑胜 loss=25.5699 temp=1.00 total_env_steps=23702 t=0.25s
Ep 1102: len=  6 白胜 loss=25.2461 temp=1.00 total_env_steps=23708 t=0.09s
Ep 1103: len= 19 黑胜 loss=24.4961 temp=1.00 total_env_steps=23727 t=0.27s
Ep 1104: len=  9 黑胜 loss=24.8685 temp=1.00 total_env_steps=23736 t=0.14s
Ep 1105: len= 10 白胜 loss=25.0085 temp=1.00 total_env_steps=23746 t=0.14s
Ep 1106: len=  2 白胜 loss=24.9630 temp=1.00 total_env_steps=23748 t=0.06s
Ep 1107: len=  2 白胜 loss=24.4732 temp=1.00 total_env_steps=23750 t=0.06s
Ep 1108: len=  2 黑胜 loss=25.3326 temp=1.00 total_env_steps=23752 t=0.06s
Ep 1109: len= 13 黑胜 loss=24.5923 temp=1.00 total_env_steps=23765 t=0.19s
Ep 1110: len= 13 黑胜 loss=24.8113 temp=1.00 total_env_steps=23778 t=0.20s
Ep 1111: len= 15 黑胜 loss=24.8500 temp=1.00 total_env_steps=23793 t=0.20s
Ep 1112: len= 13 黑胜 loss=24.5612 temp=1.00 total_env_steps=23806 t=0.19s
Ep 1113: len= 23 黑胜 loss=24.8869 temp=1.00 total_env_steps=23829 t=0.32s
Ep 1114: len= 18 黑胜 loss=25.0189 temp=1.00 total_env_steps=23847 t=0.24s
Ep 1115: len= 12 白胜 loss=24.6891 temp=1.00 total_env_steps=23859 t=0.17s
Ep 1116: len= 33 黑胜 loss=24.7956 temp=1.00 total_env_steps=23892 t=0.40s
Ep 1117: len= 11 黑胜 loss=25.1089 temp=1.00 total_env_steps=23903 t=0.17s
Ep 1118: len=  2 黑胜 loss=25.1108 temp=1.00 total_env_steps=23905 t=0.07s
Ep 1119: len= 16 白胜 loss=25.0370 temp=1.00 total_env_steps=23921 t=0.23s
Ep 1120: len= 15 黑胜 loss=25.0002 temp=1.00 total_env_steps=23936 t=0.22s
Ep 1121: len=  2 白胜 loss=24.3554 temp=1.00 total_env_steps=23938 t=0.06s
Ep 1122: len= 13 黑胜 loss=25.1941 temp=1.00 total_env_steps=23951 t=0.19s
Ep 1123: len= 15 黑胜 loss=25.1695 temp=1.00 total_env_steps=23966 t=0.22s
Ep 1124: len= 15 黑胜 loss=25.5315 temp=1.00 total_env_steps=23981 t=0.23s
Ep 1125: len= 11 黑胜 loss=24.7816 temp=1.00 total_env_steps=23992 t=0.17s
Ep 1126: len= 22 白胜 loss=24.8875 temp=1.00 total_env_steps=24014 t=0.29s
Ep 1127: len=  9 黑胜 loss=24.1834 temp=1.00 total_env_steps=24023 t=0.14s
Ep 1128: len= 11 黑胜 loss=24.6452 temp=1.00 total_env_steps=24034 t=0.16s
Ep 1129: len= 17 黑胜 loss=25.0361 temp=1.00 total_env_steps=24051 t=0.23s
Ep 1130: len=  9 黑胜 loss=24.5828 temp=1.00 total_env_steps=24060 t=0.15s
Ep 1131: len= 13 黑胜 loss=24.9282 temp=1.00 total_env_steps=24073 t=0.19s
Ep 1132: len= 13 黑胜 loss=24.5720 temp=1.00 total_env_steps=24086 t=0.19s
Ep 1133: len= 15 黑胜 loss=25.2781 temp=1.00 total_env_steps=24101 t=0.22s
Ep 1134: len= 34 白胜 loss=24.9752 temp=1.00 total_env_steps=24135 t=0.41s
Ep 1135: len= 23 黑胜 loss=24.6363 temp=1.00 total_env_steps=24158 t=0.29s
Ep 1136: len= 15 黑胜 loss=25.4884 temp=1.00 total_env_steps=24173 t=0.22s
Ep 1137: len= 15 黑胜 loss=25.3582 temp=1.00 total_env_steps=24188 t=0.21s
Ep 1138: len= 14 白胜 loss=25.0697 temp=1.00 total_env_steps=24202 t=0.20s
Ep 1139: len= 15 黑胜 loss=24.1662 temp=1.00 total_env_steps=24217 t=0.21s
Ep 1140: len= 21 黑胜 loss=25.4794 temp=1.00 total_env_steps=24238 t=0.25s
Ep 1141: len=  2 白胜 loss=24.7098 temp=1.00 total_env_steps=24240 t=0.06s
Ep 1142: len= 10 白胜 loss=24.7124 temp=1.00 total_env_steps=24250 t=0.15s
Ep 1143: len=  2 白胜 loss=24.4591 temp=1.00 total_env_steps=24252 t=0.07s
Ep 1144: len= 17 黑胜 loss=24.6990 temp=1.00 total_env_steps=24269 t=0.25s
Ep 1145: len= 12 白胜 loss=24.5339 temp=1.00 total_env_steps=24281 t=0.16s
Ep 1146: len= 10 黑胜 loss=24.6620 temp=1.00 total_env_steps=24291 t=0.14s
Ep 1147: len= 15 黑胜 loss=24.2225 temp=1.00 total_env_steps=24306 t=0.20s
Ep 1148: len=  6 黑胜 loss=24.1453 temp=1.00 total_env_steps=24312 t=0.11s
Ep 1149: len= 13 黑胜 loss=24.2009 temp=1.00 total_env_steps=24325 t=0.18s
Ep 1150: len= 13 黑胜 loss=23.7605 temp=1.00 total_env_steps=24338 t=0.19s
Ep 1151: len= 12 白胜 loss=24.5792 temp=1.00 total_env_steps=24350 t=0.18s
Ep 1152: len= 15 黑胜 loss=25.2294 temp=1.00 total_env_steps=24365 t=0.22s
Ep 1153: len= 19 黑胜 loss=24.4250 temp=1.00 total_env_steps=24384 t=0.26s
Ep 1154: len= 19 黑胜 loss=24.6247 temp=1.00 total_env_steps=24403 t=0.27s
Ep 1155: len= 13 黑胜 loss=24.0960 temp=1.00 total_env_steps=24416 t=0.17s
Ep 1156: len= 25 黑胜 loss=24.4103 temp=1.00 total_env_steps=24441 t=0.33s
Ep 1157: len= 10 白胜 loss=24.4691 temp=1.00 total_env_steps=24451 t=0.16s
Ep 1158: len=  4 白胜 loss=24.6089 temp=1.00 total_env_steps=24455 t=0.08s
Ep 1159: len= 17 黑胜 loss=24.0982 temp=1.00 total_env_steps=24472 t=0.25s
Ep 1160: len= 13 黑胜 loss=24.1792 temp=1.00 total_env_steps=24485 t=0.20s
Ep 1161: len= 11 黑胜 loss=24.3963 temp=1.00 total_env_steps=24496 t=0.16s
Ep 1162: len= 15 黑胜 loss=24.8489 temp=1.00 total_env_steps=24511 t=0.20s
Ep 1163: len=  2 黑胜 loss=24.7743 temp=1.00 total_env_steps=24513 t=0.06s
Ep 1164: len= 13 黑胜 loss=25.3981 temp=1.00 total_env_steps=24526 t=0.18s
Ep 1165: len= 24 黑胜 loss=25.0342 temp=1.00 total_env_steps=24550 t=0.31s
Ep 1166: len= 15 黑胜 loss=24.5022 temp=1.00 total_env_steps=24565 t=0.20s
Ep 1167: len= 24 白胜 loss=24.7362 temp=1.00 total_env_steps=24589 t=0.33s
Ep 1168: len= 13 黑胜 loss=24.2143 temp=1.00 total_env_steps=24602 t=0.19s
Ep 1169: len= 13 黑胜 loss=23.9477 temp=1.00 total_env_steps=24615 t=0.17s
Ep 1170: len= 13 黑胜 loss=24.3218 temp=1.00 total_env_steps=24628 t=0.18s
Ep 1171: len= 13 黑胜 loss=24.6178 temp=1.00 total_env_steps=24641 t=0.19s
Ep 1172: len= 33 黑胜 loss=23.9644 temp=1.00 total_env_steps=24674 t=0.42s
Ep 1173: len= 13 黑胜 loss=24.8778 temp=1.00 total_env_steps=24687 t=0.19s
Ep 1174: len= 11 黑胜 loss=24.4465 temp=1.00 total_env_steps=24698 t=0.16s
Ep 1175: len= 11 黑胜 loss=24.6578 temp=1.00 total_env_steps=24709 t=0.15s
Ep 1176: len= 18 白胜 loss=24.8713 temp=1.00 total_env_steps=24727 t=0.25s
Ep 1177: len= 11 黑胜 loss=23.9274 temp=1.00 total_env_steps=24738 t=0.16s
Ep 1178: len= 11 黑胜 loss=24.6060 temp=1.00 total_env_steps=24749 t=0.17s
Ep 1179: len=  2 白胜 loss=24.5075 temp=1.00 total_env_steps=24751 t=0.07s
Ep 1180: len= 15 黑胜 loss=24.5893 temp=1.00 total_env_steps=24766 t=0.20s
Ep 1181: len= 11 黑胜 loss=25.0369 temp=1.00 total_env_steps=24777 t=0.16s
Ep 1182: len= 12 白胜 loss=24.6619 temp=1.00 total_env_steps=24789 t=0.19s
Ep 1183: len= 15 黑胜 loss=24.7065 temp=1.00 total_env_steps=24804 t=0.19s
Ep 1184: len= 31 黑胜 loss=24.7357 temp=1.00 total_env_steps=24835 t=0.39s
Ep 1185: len= 13 黑胜 loss=24.6536 temp=1.00 total_env_steps=24848 t=0.19s
Ep 1186: len=  4 黑胜 loss=24.5822 temp=1.00 total_env_steps=24852 t=0.08s
Ep 1187: len=  4 黑胜 loss=24.9167 temp=1.00 total_env_steps=24856 t=0.07s
Ep 1188: len= 35 黑胜 loss=23.4648 temp=1.00 total_env_steps=24891 t=0.43s
Ep 1189: len=  2 白胜 loss=24.5379 temp=1.00 total_env_steps=24893 t=0.06s
Ep 1190: len=  4 白胜 loss=24.5965 temp=1.00 total_env_steps=24897 t=0.09s
Ep 1191: len= 11 黑胜 loss=23.7074 temp=1.00 total_env_steps=24908 t=0.16s
Ep 1192: len= 15 黑胜 loss=24.3122 temp=1.00 total_env_steps=24923 t=0.20s
Ep 1193: len= 13 黑胜 loss=24.4613 temp=1.00 total_env_steps=24936 t=0.18s
Ep 1194: len=  8 黑胜 loss=24.6537 temp=1.00 total_env_steps=24944 t=0.14s
Ep 1195: len=  9 黑胜 loss=24.0626 temp=1.00 total_env_steps=24953 t=0.16s
Ep 1196: len=  8 黑胜 loss=24.5738 temp=1.00 total_env_steps=24961 t=0.13s
Ep 1197: len= 11 黑胜 loss=25.2673 temp=1.00 total_env_steps=24972 t=0.16s
Ep 1198: len=  9 黑胜 loss=24.2939 temp=1.00 total_env_steps=24981 t=0.14s
Ep 1199: len= 19 黑胜 loss=23.8697 temp=1.00 total_env_steps=25000 t=0.25s
Ep 1200: len= 21 黑胜 loss=24.4831 temp=1.00 total_env_steps=25021 t=0.26s
  eval vs Gomoku-random-v0: win_rate=1.00 mean_return=1.00（20 局，total_env_steps=25021）
Ep 1201: len=  8 白胜 loss=24.3800 temp=1.00 total_env_steps=25029 t=0.14s
Ep 1202: len= 13 黑胜 loss=24.1751 temp=1.00 total_env_steps=25042 t=0.19s
Ep 1203: len=  9 黑胜 loss=23.8642 temp=1.00 total_env_steps=25051 t=0.15s
Ep 1204: len= 11 黑胜 loss=24.2743 temp=1.00 total_env_steps=25062 t=0.15s
Ep 1205: len= 22 黑胜 loss=24.6340 temp=1.00 total_env_steps=25084 t=0.29s
Ep 1206: len= 11 黑胜 loss=24.6774 temp=1.00 total_env_steps=25095 t=0.16s
Ep 1207: len= 15 黑胜 loss=24.2566 temp=1.00 total_env_steps=25110 t=0.20s
Ep 1208: len= 13 黑胜 loss=24.0509 temp=1.00 total_env_steps=25123 t=0.18s
Ep 1209: len=  8 黑胜 loss=24.7459 temp=1.00 total_env_steps=25131 t=0.14s
Ep 1210: len= 11 黑胜 loss=24.3636 temp=1.00 total_env_steps=25142 t=0.17s
Ep 1211: len=  2 黑胜 loss=24.4709 temp=1.00 total_env_steps=25144 t=0.06s
Ep 1212: len= 17 黑胜 loss=24.4794 temp=1.00 total_env_steps=25161 t=0.23s
Ep 1213: len= 21 黑胜 loss=23.7752 temp=1.00 total_env_steps=25182 t=0.27s
Ep 1214: len= 17 黑胜 loss=24.2591 temp=1.00 total_env_steps=25199 t=0.23s
Ep 1215: len= 15 黑胜 loss=24.3120 temp=1.00 total_env_steps=25214 t=0.20s
Ep 1216: len=  4 黑胜 loss=24.5599 temp=1.00 total_env_steps=25218 t=0.08s
Ep 1217: len=  8 黑胜 loss=24.1449 temp=1.00 total_env_steps=25226 t=0.13s
Ep 1218: len= 19 黑胜 loss=24.7410 temp=1.00 total_env_steps=25245 t=0.25s
Ep 1219: len= 19 黑胜 loss=24.0455 temp=1.00 total_env_steps=25264 t=0.25s
Ep 1220: len=  9 黑胜 loss=24.1802 temp=1.00 total_env_steps=25273 t=0.15s
Ep 1221: len= 23 黑胜 loss=23.9883 temp=1.00 total_env_steps=25296 t=0.29s
Ep 1222: len= 11 黑胜 loss=23.8690 temp=1.00 total_env_steps=25307 t=0.16s
Ep 1223: len= 11 黑胜 loss=23.1445 temp=1.00 total_env_steps=25318 t=0.17s
Ep 1224: len= 11 黑胜 loss=23.9465 temp=1.00 total_env_steps=25329 t=0.16s
Ep 1225: len= 15 黑胜 loss=23.7286 temp=1.00 total_env_steps=25344 t=0.22s
Ep 1226: len= 13 黑胜 loss=24.4597 temp=1.00 total_env_steps=25357 t=0.20s
Ep 1227: len=  2 白胜 loss=24.0956 temp=1.00 total_env_steps=25359 t=0.06s
Ep 1228: len=  9 黑胜 loss=24.4615 temp=1.00 total_env_steps=25368 t=0.14s
Ep 1229: len=  8 白胜 loss=24.4738 temp=1.00 total_env_steps=25376 t=0.13s
Ep 1230: len= 22 黑胜 loss=24.3457 temp=1.00 total_env_steps=25398 t=0.28s
Ep 1231: len= 13 黑胜 loss=24.0918 temp=1.00 total_env_steps=25411 t=0.19s
Ep 1232: len= 10 白胜 loss=23.9395 temp=1.00 total_env_steps=25421 t=0.15s
Ep 1233: len= 13 黑胜 loss=24.5250 temp=1.00 total_env_steps=25434 t=0.18s
Ep 1234: len= 13 黑胜 loss=23.9940 temp=1.00 total_env_steps=25447 t=0.17s
Ep 1235: len= 13 黑胜 loss=24.5072 temp=1.00 total_env_steps=25460 t=0.18s
Ep 1236: len= 27 黑胜 loss=24.4425 temp=1.00 total_env_steps=25487 t=0.35s
Ep 1237: len=  2 黑胜 loss=24.2253 temp=1.00 total_env_steps=25489 t=0.06s
Ep 1238: len= 11 黑胜 loss=23.9980 temp=1.00 total_env_steps=25500 t=0.17s
Ep 1239: len=  2 黑胜 loss=24.8695 temp=1.00 total_env_steps=25502 t=0.06s
Ep 1240: len= 19 黑胜 loss=24.3241 temp=1.00 total_env_steps=25521 t=0.25s
Ep 1241: len= 19 黑胜 loss=24.6472 temp=1.00 total_env_steps=25540 t=0.23s
Ep 1242: len= 13 黑胜 loss=23.5890 temp=1.00 total_env_steps=25553 t=0.20s
Ep 1243: len= 13 黑胜 loss=24.0573 temp=1.00 total_env_steps=25566 t=0.18s
Ep 1244: len=  2 黑胜 loss=23.3561 temp=1.00 total_env_steps=25568 t=0.07s
Ep 1245: len= 13 黑胜 loss=24.1253 temp=1.00 total_env_steps=25581 t=0.19s
Ep 1246: len=  2 白胜 loss=23.6186 temp=1.00 total_env_steps=25583 t=0.07s
Ep 1247: len= 14 白胜 loss=23.7014 temp=1.00 total_env_steps=25597 t=0.19s
Ep 1248: len=  9 黑胜 loss=23.6015 temp=1.00 total_env_steps=25606 t=0.14s
Ep 1249: len=  8 白胜 loss=24.0085 temp=1.00 total_env_steps=25614 t=0.13s
Ep 1250: len= 13 黑胜 loss=24.3107 temp=1.00 total_env_steps=25627 t=0.19s
Ep 1251: len= 37 黑胜 loss=24.1737 temp=1.00 total_env_steps=25664 t=0.45s
Ep 1252: len= 29 黑胜 loss=24.0569 temp=1.00 total_env_steps=25693 t=0.36s
Ep 1253: len= 11 黑胜 loss=24.0986 temp=1.00 total_env_steps=25704 t=0.16s
Ep 1254: len= 15 黑胜 loss=23.8645 temp=1.00 total_env_steps=25719 t=0.19s
Ep 1255: len=  4 白胜 loss=24.4760 temp=1.00 total_env_steps=25723 t=0.07s
Ep 1256: len= 13 黑胜 loss=24.3096 temp=1.00 total_env_steps=25736 t=0.19s
Ep 1257: len= 13 黑胜 loss=24.8823 temp=1.00 total_env_steps=25749 t=0.19s
Ep 1258: len=  9 黑胜 loss=23.8762 temp=1.00 total_env_steps=25758 t=0.15s
Ep 1259: len=  9 黑胜 loss=23.2618 temp=1.00 total_env_steps=25767 t=0.14s
Ep 1260: len=  2 黑胜 loss=24.0147 temp=1.00 total_env_steps=25769 t=0.05s
Ep 1261: len= 33 黑胜 loss=24.5868 temp=1.00 total_env_steps=25802 t=0.40s
Ep 1262: len= 15 黑胜 loss=24.1990 temp=1.00 total_env_steps=25817 t=0.21s
Ep 1263: len= 13 黑胜 loss=24.0704 temp=1.00 total_env_steps=25830 t=0.18s
Ep 1264: len= 18 黑胜 loss=23.8471 temp=1.00 total_env_steps=25848 t=0.25s
Ep 1265: len=  9 黑胜 loss=24.5760 temp=1.00 total_env_steps=25857 t=0.14s
Ep 1266: len= 23 黑胜 loss=24.3484 temp=1.00 total_env_steps=25880 t=0.31s
Ep 1267: len= 25 黑胜 loss=23.9266 temp=1.00 total_env_steps=25905 t=0.32s
Ep 1268: len= 11 黑胜 loss=24.6813 temp=1.00 total_env_steps=25916 t=0.16s
Ep 1269: len= 12 黑胜 loss=24.9931 temp=1.00 total_env_steps=25928 t=0.17s
Ep 1270: len= 13 黑胜 loss=24.4436 temp=1.00 total_env_steps=25941 t=0.19s
Ep 1271: len= 13 黑胜 loss=23.6656 temp=1.00 total_env_steps=25954 t=0.19s
Ep 1272: len= 19 黑胜 loss=23.8038 temp=1.00 total_env_steps=25973 t=0.26s
Ep 1273: len= 16 白胜 loss=24.2423 temp=1.00 total_env_steps=25989 t=0.23s
Ep 1274: len= 13 黑胜 loss=23.8551 temp=1.00 total_env_steps=26002 t=0.19s
Ep 1275: len= 12 黑胜 loss=24.3882 temp=1.00 total_env_steps=26014 t=0.18s
Ep 1276: len=  6 黑胜 loss=23.9644 temp=1.00 total_env_steps=26020 t=0.10s
Ep 1277: len= 13 黑胜 loss=23.9435 temp=1.00 total_env_steps=26033 t=0.19s
Ep 1278: len=  9 黑胜 loss=23.9220 temp=1.00 total_env_steps=26042 t=0.15s
Ep 1279: len=  9 黑胜 loss=23.9126 temp=1.00 total_env_steps=26051 t=0.15s
Ep 1280: len= 13 黑胜 loss=24.1590 temp=1.00 total_env_steps=26064 t=0.19s
Ep 1281: len=  2 白胜 loss=23.1763 temp=1.00 total_env_steps=26066 t=0.06s
Ep 1282: len= 21 黑胜 loss=24.3702 temp=1.00 total_env_steps=26087 t=0.28s
Ep 1283: len= 11 黑胜 loss=24.2051 temp=1.00 total_env_steps=26098 t=0.16s
Ep 1284: len= 11 黑胜 loss=24.1993 temp=1.00 total_env_steps=26109 t=0.16s
Ep 1285: len= 15 黑胜 loss=23.9711 temp=1.00 total_env_steps=26124 t=0.20s
Ep 1286: len= 13 黑胜 loss=23.2905 temp=1.00 total_env_steps=26137 t=0.19s
Ep 1287: len= 21 黑胜 loss=23.5118 temp=1.00 total_env_steps=26158 t=0.27s
Ep 1288: len=  2 白胜 loss=24.1828 temp=1.00 total_env_steps=26160 t=0.06s
Ep 1289: len= 26 白胜 loss=23.9699 temp=1.00 total_env_steps=26186 t=0.32s
Ep 1290: len=  9 黑胜 loss=24.2749 temp=1.00 total_env_steps=26195 t=0.15s
Ep 1291: len= 17 黑胜 loss=23.8468 temp=1.00 total_env_steps=26212 t=0.23s
Ep 1292: len= 13 黑胜 loss=24.0900 temp=1.00 total_env_steps=26225 t=0.18s
Ep 1293: len= 14 黑胜 loss=23.7443 temp=1.00 total_env_steps=26239 t=0.20s
Ep 1294: len= 15 黑胜 loss=24.3018 temp=1.00 total_env_steps=26254 t=0.19s
Ep 1295: len= 12 白胜 loss=24.1823 temp=1.00 total_env_steps=26266 t=0.18s
Ep 1296: len=  4 黑胜 loss=24.0612 temp=1.00 total_env_steps=26270 t=0.08s
Ep 1297: len= 21 黑胜 loss=23.6373 temp=1.00 total_env_steps=26291 t=0.28s
Ep 1298: len= 20 白胜 loss=23.8013 temp=1.00 total_env_steps=26311 t=0.26s
Ep 1299: len= 35 黑胜 loss=23.8051 temp=1.00 total_env_steps=26346 t=0.43s
Ep 1300: len= 17 黑胜 loss=23.0201 temp=1.00 total_env_steps=26363 t=0.23s
Ep 1301: len= 14 黑胜 loss=23.6372 temp=1.00 total_env_steps=26377 t=0.18s
Ep 1302: len= 23 黑胜 loss=23.6786 temp=1.00 total_env_steps=26400 t=0.30s
Ep 1303: len= 11 黑胜 loss=23.4025 temp=1.00 total_env_steps=26411 t=0.17s
Ep 1304: len= 21 黑胜 loss=24.2645 temp=1.00 total_env_steps=26432 t=0.29s
Ep 1305: len= 13 黑胜 loss=23.3086 temp=1.00 total_env_steps=26445 t=0.20s
Ep 1306: len=  9 黑胜 loss=24.1748 temp=1.00 total_env_steps=26454 t=0.15s
Ep 1307: len= 18 白胜 loss=23.9278 temp=1.00 total_env_steps=26472 t=0.25s
Ep 1308: len= 15 黑胜 loss=24.6459 temp=1.00 total_env_steps=26487 t=0.20s
Ep 1309: len= 13 黑胜 loss=23.7692 temp=1.00 total_env_steps=26500 t=0.19s
Ep 1310: len=  2 白胜 loss=23.7302 temp=1.00 total_env_steps=26502 t=0.06s
Ep 1311: len= 15 黑胜 loss=23.6705 temp=1.00 total_env_steps=26517 t=0.22s
Ep 1312: len= 16 黑胜 loss=24.3678 temp=1.00 total_env_steps=26533 t=0.22s
Ep 1313: len= 22 白胜 loss=23.8809 temp=1.00 total_env_steps=26555 t=0.28s
Ep 1314: len= 13 黑胜 loss=23.8690 temp=1.00 total_env_steps=26568 t=0.20s
Ep 1315: len= 11 黑胜 loss=23.4936 temp=1.00 total_env_steps=26579 t=0.16s
Ep 1316: len= 13 黑胜 loss=24.0130 temp=1.00 total_env_steps=26592 t=0.19s
Ep 1317: len= 42 白胜 loss=23.4852 temp=1.00 total_env_steps=26634 t=0.51s
Ep 1318: len= 32 白胜 loss=23.6242 temp=1.00 total_env_steps=26666 t=0.40s
Ep 1319: len=  4 黑胜 loss=23.9886 temp=1.00 total_env_steps=26670 t=0.08s
Ep 1320: len= 21 黑胜 loss=23.5685 temp=1.00 total_env_steps=26691 t=0.28s
Ep 1321: len=  2 黑胜 loss=24.1264 temp=1.00 total_env_steps=26693 t=0.06s
Ep 1322: len= 15 黑胜 loss=23.9894 temp=1.00 total_env_steps=26708 t=0.20s
Ep 1323: len= 12 黑胜 loss=24.0591 temp=1.00 total_env_steps=26720 t=0.17s
Ep 1324: len= 12 黑胜 loss=24.0167 temp=1.00 total_env_steps=26732 t=0.19s
Ep 1325: len= 13 黑胜 loss=23.7959 temp=1.00 total_env_steps=26745 t=0.20s
Ep 1326: len= 11 黑胜 loss=23.8441 temp=1.00 total_env_steps=26756 t=0.18s
Ep 1327: len= 15 黑胜 loss=23.7864 temp=1.00 total_env_steps=26771 t=0.23s
Ep 1328: len= 21 黑胜 loss=23.6448 temp=1.00 total_env_steps=26792 t=0.31s
Ep 1329: len=  2 白胜 loss=23.6455 temp=1.00 total_env_steps=26794 t=0.07s
Ep 1330: len= 15 黑胜 loss=23.9347 temp=1.00 total_env_steps=26809 t=0.23s
Ep 1331: len= 15 黑胜 loss=24.0574 temp=1.00 total_env_steps=26824 t=0.22s
Ep 1332: len= 12 白胜 loss=23.5865 temp=1.00 total_env_steps=26836 t=0.17s
Ep 1333: len= 15 黑胜 loss=24.5145 temp=1.00 total_env_steps=26851 t=0.21s
Ep 1334: len= 13 黑胜 loss=24.2194 temp=1.00 total_env_steps=26864 t=0.19s
Ep 1335: len= 11 黑胜 loss=24.3678 temp=1.00 total_env_steps=26875 t=0.18s
Ep 1336: len= 21 黑胜 loss=23.6093 temp=1.00 total_env_steps=26896 t=0.28s
Ep 1337: len= 28 黑胜 loss=23.4478 temp=1.00 total_env_steps=26924 t=0.37s
Ep 1338: len= 15 黑胜 loss=23.7587 temp=1.00 total_env_steps=26939 t=0.22s
Ep 1339: len=  9 黑胜 loss=23.7740 temp=1.00 total_env_steps=26948 t=0.14s
Ep 1340: len=  4 白胜 loss=23.2009 temp=1.00 total_env_steps=26952 t=0.09s
Ep 1341: len= 19 黑胜 loss=24.1568 temp=1.00 total_env_steps=26971 t=0.30s
Ep 1342: len= 32 白胜 loss=23.2830 temp=1.00 total_env_steps=27003 t=0.41s
Ep 1343: len= 11 黑胜 loss=24.4104 temp=1.00 total_env_steps=27014 t=0.15s
Ep 1344: len= 13 黑胜 loss=23.4090 temp=1.00 total_env_steps=27027 t=0.19s
Ep 1345: len= 31 黑胜 loss=24.3199 temp=1.00 total_env_steps=27058 t=0.40s
Ep 1346: len= 31 黑胜 loss=23.0708 temp=1.00 total_env_steps=27089 t=0.42s
Ep 1347: len=  9 黑胜 loss=24.4246 temp=1.00 total_env_steps=27098 t=0.15s
Ep 1348: len= 13 黑胜 loss=23.0351 temp=1.00 total_env_steps=27111 t=0.19s
Ep 1349: len= 13 黑胜 loss=23.5140 temp=1.00 total_env_steps=27124 t=0.17s
Ep 1350: len= 33 黑胜 loss=23.5634 temp=1.00 total_env_steps=27157 t=0.40s
Ep 1351: len= 13 黑胜 loss=23.7191 temp=1.00 total_env_steps=27170 t=0.18s
Ep 1352: len=  2 白胜 loss=23.7294 temp=1.00 total_env_steps=27172 t=0.06s
Ep 1353: len= 13 黑胜 loss=23.9290 temp=1.00 total_env_steps=27185 t=0.16s
Ep 1354: len= 15 黑胜 loss=23.4309 temp=1.00 total_env_steps=27200 t=0.21s
Ep 1355: len= 11 黑胜 loss=23.3200 temp=1.00 total_env_steps=27211 t=0.16s
Ep 1356: len=  9 黑胜 loss=23.7142 temp=1.00 total_env_steps=27220 t=0.15s
Ep 1357: len= 11 黑胜 loss=24.0966 temp=1.00 total_env_steps=27231 t=0.18s
Ep 1358: len= 11 黑胜 loss=23.6068 temp=1.00 total_env_steps=27242 t=0.20s
Ep 1359: len=  8 白胜 loss=23.0726 temp=1.00 total_env_steps=27250 t=0.11s
Ep 1360: len= 23 黑胜 loss=23.1522 temp=1.00 total_env_steps=27273 t=0.30s
Ep 1361: len= 16 白胜 loss=23.7407 temp=1.00 total_env_steps=27289 t=0.21s
Ep 1362: len=  9 黑胜 loss=24.1827 temp=1.00 total_env_steps=27298 t=0.14s
Ep 1363: len= 11 黑胜 loss=24.1446 temp=1.00 total_env_steps=27309 t=0.18s
Ep 1364: len=  9 黑胜 loss=23.0632 temp=1.00 total_env_steps=27318 t=0.16s
Ep 1365: len= 33 黑胜 loss=24.0427 temp=1.00 total_env_steps=27351 t=0.43s
Ep 1366: len= 11 黑胜 loss=23.9579 temp=1.00 total_env_steps=27362 t=0.15s
Ep 1367: len= 13 黑胜 loss=23.7964 temp=1.00 total_env_steps=27375 t=0.20s
Ep 1368: len= 15 黑胜 loss=24.7642 temp=1.00 total_env_steps=27390 t=0.22s
Ep 1369: len= 23 黑胜 loss=23.7032 temp=1.00 total_env_steps=27413 t=0.33s
Ep 1370: len= 13 黑胜 loss=23.9628 temp=1.00 total_env_steps=27426 t=0.20s
Ep 1371: len= 13 黑胜 loss=23.6867 temp=1.00 total_env_steps=27439 t=0.19s
Ep 1372: len= 23 黑胜 loss=23.9161 temp=1.00 total_env_steps=27462 t=0.33s
Ep 1373: len= 13 黑胜 loss=24.1685 temp=1.00 total_env_steps=27475 t=0.22s
Ep 1374: len= 13 黑胜 loss=24.4234 temp=1.00 total_env_steps=27488 t=1.51s
Ep 1375: len= 13 黑胜 loss=23.6846 temp=1.00 total_env_steps=27501 t=0.50s
Ep 1376: len=  9 黑胜 loss=23.2909 temp=1.00 total_env_steps=27510 t=0.28s
Ep 1377: len= 13 黑胜 loss=24.0448 temp=1.00 total_env_steps=27523 t=0.47s
Ep 1378: len= 33 黑胜 loss=23.7806 temp=1.00 total_env_steps=27556 t=0.62s
Ep 1379: len= 15 黑胜 loss=23.8067 temp=1.00 total_env_steps=27571 t=0.25s
Ep 1380: len= 33 黑胜 loss=23.2833 temp=1.00 total_env_steps=27604 t=0.54s
Ep 1381: len=  9 黑胜 loss=23.9158 temp=1.00 total_env_steps=27613 t=0.19s
Ep 1382: len= 22 黑胜 loss=23.4278 temp=1.00 total_env_steps=27635 t=0.33s
Ep 1383: len=  2 白胜 loss=24.1581 temp=1.00 total_env_steps=27637 t=0.07s
Ep 1384: len=  4 白胜 loss=23.5613 temp=1.00 total_env_steps=27641 t=0.09s
Ep 1385: len= 11 黑胜 loss=22.9615 temp=1.00 total_env_steps=27652 t=0.20s
Ep 1386: len= 12 白胜 loss=24.1838 temp=1.00 total_env_steps=27664 t=0.21s
Ep 1387: len=  2 白胜 loss=23.7205 temp=1.00 total_env_steps=27666 t=0.08s
Ep 1388: len= 11 黑胜 loss=24.6979 temp=1.00 total_env_steps=27677 t=0.21s
Ep 1389: len=  2 黑胜 loss=23.2724 temp=1.00 total_env_steps=27679 t=0.07s
Ep 1390: len= 40 白胜 loss=24.0551 temp=1.00 total_env_steps=27719 t=0.85s
Ep 1391: len= 13 黑胜 loss=24.0367 temp=1.00 total_env_steps=27732 t=0.33s
Ep 1392: len= 11 黑胜 loss=23.7313 temp=1.00 total_env_steps=27743 t=0.28s
Ep 1393: len= 15 黑胜 loss=23.0661 temp=1.00 total_env_steps=27758 t=0.27s
Ep 1394: len=  9 黑胜 loss=23.7449 temp=1.00 total_env_steps=27767 t=0.25s
Ep 1395: len= 29 黑胜 loss=23.9181 temp=1.00 total_env_steps=27796 t=0.50s
Ep 1396: len= 15 黑胜 loss=24.1729 temp=1.00 total_env_steps=27811 t=0.23s
Ep 1397: len=  9 黑胜 loss=23.2705 temp=1.00 total_env_steps=27820 t=0.16s
Ep 1398: len= 11 黑胜 loss=23.7007 temp=1.00 total_env_steps=27831 t=0.18s
Ep 1399: len= 27 黑胜 loss=23.1384 temp=1.00 total_env_steps=27858 t=0.40s
Ep 1400: len= 11 黑胜 loss=23.2294 temp=1.00 total_env_steps=27869 t=0.18s
  eval vs Gomoku-random-v0: win_rate=1.00 mean_return=1.00（20 局，total_env_steps=27869）
Ep 1401: len= 17 黑胜 loss=23.5987 temp=1.00 total_env_steps=27886 t=0.23s
Ep 1402: len= 19 黑胜 loss=23.1293 temp=1.00 total_env_steps=27905 t=0.26s
Ep 1403: len= 25 黑胜 loss=24.1754 temp=1.00 total_env_steps=27930 t=0.33s
Ep 1404: len= 11 黑胜 loss=24.0141 temp=1.00 total_env_steps=27941 t=0.15s
Ep 1405: len= 15 黑胜 loss=23.7869 temp=1.00 total_env_steps=27956 t=0.19s
Ep 1406: len= 11 黑胜 loss=25.0004 temp=1.00 total_env_steps=27967 t=0.16s
Ep 1407: len=  2 黑胜 loss=23.1539 temp=1.00 total_env_steps=27969 t=0.06s
Ep 1408: len= 13 黑胜 loss=23.1381 temp=1.00 total_env_steps=27982 t=0.17s
Ep 1409: len= 15 黑胜 loss=23.4119 temp=1.00 total_env_steps=27997 t=0.18s
Ep 1410: len= 11 黑胜 loss=23.5544 temp=1.00 total_env_steps=28008 t=0.15s
Ep 1411: len= 25 黑胜 loss=23.2870 temp=1.00 total_env_steps=28033 t=0.30s
Ep 1412: len= 15 黑胜 loss=24.2014 temp=1.00 total_env_steps=28048 t=0.20s
Ep 1413: len=  4 黑胜 loss=23.6427 temp=1.00 total_env_steps=28052 t=0.07s
Ep 1414: len= 13 黑胜 loss=23.4177 temp=1.00 total_env_steps=28065 t=0.16s
Ep 1415: len= 27 黑胜 loss=23.5621 temp=1.00 total_env_steps=28092 t=0.31s
Ep 1416: len= 10 白胜 loss=23.3476 temp=1.00 total_env_steps=28102 t=0.14s
Ep 1417: len= 14 黑胜 loss=23.5239 temp=1.00 total_env_steps=28116 t=0.19s
Ep 1418: len= 25 黑胜 loss=24.4429 temp=1.00 total_env_steps=28141 t=0.30s
Ep 1419: len= 13 黑胜 loss=23.1546 temp=1.00 total_env_steps=28154 t=0.18s
Ep 1420: len=  4 白胜 loss=24.1533 temp=1.00 total_env_steps=28158 t=0.07s
Ep 1421: len= 11 黑胜 loss=23.1831 temp=1.00 total_env_steps=28169 t=0.15s
Ep 1422: len= 15 黑胜 loss=22.4407 temp=1.00 total_env_steps=28184 t=0.19s
Ep 1423: len= 13 黑胜 loss=23.8015 temp=1.00 total_env_steps=28197 t=0.17s
Ep 1424: len= 28 白胜 loss=23.7737 temp=1.00 total_env_steps=28225 t=0.35s
Ep 1425: len= 11 黑胜 loss=23.7464 temp=1.00 total_env_steps=28236 t=0.16s
Ep 1426: len= 14 黑胜 loss=23.5839 temp=1.00 total_env_steps=28250 t=0.17s
Ep 1427: len= 13 黑胜 loss=23.9767 temp=1.00 total_env_steps=28263 t=0.17s
Ep 1428: len= 22 白胜 loss=23.1908 temp=1.00 total_env_steps=28285 t=0.28s
Ep 1429: len= 13 黑胜 loss=23.5426 temp=1.00 total_env_steps=28298 t=0.19s
Ep 1430: len= 20 黑胜 loss=24.4755 temp=1.00 total_env_steps=28318 t=0.24s
Ep 1431: len= 13 黑胜 loss=24.6614 temp=1.00 total_env_steps=28331 t=0.17s
Ep 1432: len= 21 黑胜 loss=23.2551 temp=1.00 total_env_steps=28352 t=0.28s
Ep 1433: len= 13 黑胜 loss=23.1218 temp=1.00 total_env_steps=28365 t=0.19s
Ep 1434: len= 11 黑胜 loss=23.2714 temp=1.00 total_env_steps=28376 t=0.17s
Ep 1435: len= 14 黑胜 loss=23.5541 temp=1.00 total_env_steps=28390 t=0.18s
Ep 1436: len= 13 黑胜 loss=23.1681 temp=1.00 total_env_steps=28403 t=0.17s
Ep 1437: len= 21 黑胜 loss=23.9739 temp=1.00 total_env_steps=28424 t=0.27s
Ep 1438: len= 13 黑胜 loss=23.6888 temp=1.00 total_env_steps=28437 t=0.18s
Ep 1439: len= 13 黑胜 loss=23.5266 temp=1.00 total_env_steps=28450 t=0.18s
Ep 1440: len= 11 黑胜 loss=23.4487 temp=1.00 total_env_steps=28461 t=0.15s
Ep 1441: len= 12 白胜 loss=24.2962 temp=1.00 total_env_steps=28473 t=0.16s
Ep 1442: len= 28 白胜 loss=24.5169 temp=1.00 total_env_steps=28501 t=0.31s
Ep 1443: len= 13 黑胜 loss=23.5178 temp=1.00 total_env_steps=28514 t=0.17s
Ep 1444: len= 11 黑胜 loss=23.2738 temp=1.00 total_env_steps=28525 t=0.15s
Ep 1445: len= 10 黑胜 loss=24.0815 temp=1.00 total_env_steps=28535 t=0.14s
Ep 1446: len= 36 白胜 loss=23.9470 temp=1.00 total_env_steps=28571 t=0.40s
Ep 1447: len= 13 黑胜 loss=24.0960 temp=1.00 total_env_steps=28584 t=0.18s
Ep 1448: len=  8 白胜 loss=23.3048 temp=1.00 total_env_steps=28592 t=0.13s
Ep 1449: len= 27 黑胜 loss=23.6098 temp=1.00 total_env_steps=28619 t=0.32s
Ep 1450: len= 25 黑胜 loss=23.6930 temp=1.00 total_env_steps=28644 t=0.30s
Ep 1451: len=  4 白胜 loss=23.3720 temp=1.00 total_env_steps=28648 t=0.07s
Ep 1452: len= 12 黑胜 loss=23.8379 temp=1.00 total_env_steps=28660 t=0.16s
Ep 1453: len= 16 白胜 loss=23.6996 temp=1.00 total_env_steps=28676 t=0.19s
Ep 1454: len= 28 白胜 loss=23.3494 temp=1.00 total_env_steps=28704 t=0.34s
Ep 1455: len= 39 黑胜 loss=23.2588 temp=1.00 total_env_steps=28743 t=0.43s
Ep 1456: len= 13 黑胜 loss=23.6178 temp=1.00 total_env_steps=28756 t=0.17s
Ep 1457: len= 13 黑胜 loss=23.8263 temp=1.00 total_env_steps=28769 t=0.17s
Ep 1458: len= 13 黑胜 loss=23.4976 temp=1.00 total_env_steps=28782 t=0.18s
Ep 1459: len= 13 黑胜 loss=23.2550 temp=1.00 total_env_steps=28795 t=0.17s
Ep 1460: len= 18 黑胜 loss=23.3597 temp=1.00 total_env_steps=28813 t=0.23s
Ep 1461: len=  9 黑胜 loss=23.4343 temp=1.00 total_env_steps=28822 t=0.15s
Ep 1462: len= 11 黑胜 loss=22.5488 temp=1.00 total_env_steps=28833 t=0.16s
Ep 1463: len= 15 黑胜 loss=24.0992 temp=1.00 total_env_steps=28848 t=0.21s
Ep 1464: len= 33 黑胜 loss=23.5125 temp=1.00 total_env_steps=28881 t=0.39s
Ep 1465: len= 12 白胜 loss=23.7903 temp=1.00 total_env_steps=28893 t=0.17s
Ep 1466: len= 11 黑胜 loss=24.4250 temp=1.00 total_env_steps=28904 t=0.16s
Ep 1467: len=  6 白胜 loss=23.6932 temp=1.00 total_env_steps=28910 t=0.10s
Ep 1468: len=  2 白胜 loss=23.6888 temp=1.00 total_env_steps=28912 t=0.06s
Ep 1469: len=  9 黑胜 loss=23.5830 temp=1.00 total_env_steps=28921 t=0.13s
Ep 1470: len=  9 黑胜 loss=23.1540 temp=1.00 total_env_steps=28930 t=0.15s
Ep 1471: len= 16 黑胜 loss=23.0568 temp=1.00 total_env_steps=28946 t=0.19s
Ep 1472: len=  9 黑胜 loss=23.3670 temp=1.00 total_env_steps=28955 t=0.14s
Ep 1473: len=  9 黑胜 loss=23.6530 temp=1.00 total_env_steps=28964 t=0.14s
Ep 1474: len=  2 白胜 loss=23.8673 temp=1.00 total_env_steps=28966 t=0.06s
Ep 1475: len= 23 黑胜 loss=24.1342 temp=1.00 total_env_steps=28989 t=0.28s
Ep 1476: len= 15 黑胜 loss=23.8625 temp=1.00 total_env_steps=29004 t=0.19s
Ep 1477: len= 21 黑胜 loss=23.3433 temp=1.00 total_env_steps=29025 t=0.26s
Ep 1478: len= 11 黑胜 loss=24.0961 temp=1.00 total_env_steps=29036 t=0.15s
Ep 1479: len= 11 黑胜 loss=22.9323 temp=1.00 total_env_steps=29047 t=0.14s
Ep 1480: len= 13 黑胜 loss=24.1713 temp=1.00 total_env_steps=29060 t=0.17s
Ep 1481: len= 25 黑胜 loss=23.4734 temp=1.00 total_env_steps=29085 t=0.29s
Ep 1482: len=  9 黑胜 loss=23.2131 temp=1.00 total_env_steps=29094 t=0.13s
Ep 1483: len= 26 白胜 loss=23.6279 temp=1.00 total_env_steps=29120 t=0.29s
Ep 1484: len= 13 黑胜 loss=24.3105 temp=1.00 total_env_steps=29133 t=0.17s
Ep 1485: len= 25 黑胜 loss=23.7525 temp=1.00 total_env_steps=29158 t=0.30s
Ep 1486: len= 13 黑胜 loss=23.5853 temp=1.00 total_env_steps=29171 t=0.18s
Ep 1487: len= 11 黑胜 loss=23.6594 temp=1.00 total_env_steps=29182 t=0.14s
Ep 1488: len= 13 黑胜 loss=22.9676 temp=1.00 total_env_steps=29195 t=0.16s
Ep 1489: len= 17 黑胜 loss=23.2750 temp=1.00 total_env_steps=29212 t=0.22s
Ep 1490: len= 27 黑胜 loss=22.9078 temp=1.00 total_env_steps=29239 t=0.33s
Ep 1491: len=  9 黑胜 loss=24.6581 temp=1.00 total_env_steps=29248 t=0.13s
Ep 1492: len= 13 黑胜 loss=23.1758 temp=1.00 total_env_steps=29261 t=0.18s
Ep 1493: len= 10 白胜 loss=23.8826 temp=1.00 total_env_steps=29271 t=0.16s
Ep 1494: len=  2 白胜 loss=23.0942 temp=1.00 total_env_steps=29273 t=0.05s
Ep 1495: len= 13 黑胜 loss=23.8206 temp=1.00 total_env_steps=29286 t=0.17s
Ep 1496: len= 10 白胜 loss=23.0880 temp=1.00 total_env_steps=29296 t=0.14s
Ep 1497: len=  9 黑胜 loss=24.0361 temp=1.00 total_env_steps=29305 t=0.14s
Ep 1498: len= 17 黑胜 loss=23.2083 temp=1.00 total_env_steps=29322 t=0.22s
Ep 1499: len= 14 黑胜 loss=23.6268 temp=1.00 total_env_steps=29336 t=0.18s
Ep 1500: len= 27 黑胜 loss=24.1624 temp=1.00 total_env_steps=29363 t=0.35s
Ep 1501: len= 27 黑胜 loss=24.2305 temp=1.00 total_env_steps=29390 t=0.33s
Ep 1502: len= 27 黑胜 loss=23.9620 temp=1.00 total_env_steps=29417 t=0.33s
Ep 1503: len= 15 黑胜 loss=23.9794 temp=1.00 total_env_steps=29432 t=0.20s
Ep 1504: len= 13 黑胜 loss=23.5214 temp=1.00 total_env_steps=29445 t=0.20s
Ep 1505: len=  4 白胜 loss=23.8671 temp=1.00 total_env_steps=29449 t=0.08s
Ep 1506: len= 13 黑胜 loss=23.5846 temp=1.00 total_env_steps=29462 t=0.19s
Ep 1507: len= 15 黑胜 loss=23.5412 temp=1.00 total_env_steps=29477 t=0.19s
Ep 1508: len= 13 黑胜 loss=24.0303 temp=1.00 total_env_steps=29490 t=0.16s
Ep 1509: len= 19 黑胜 loss=23.6644 temp=1.00 total_env_steps=29509 t=0.25s
Ep 1510: len= 19 黑胜 loss=24.3490 temp=1.00 total_env_steps=29528 t=0.28s
Ep 1511: len= 19 黑胜 loss=24.4547 temp=1.00 total_env_steps=29547 t=0.28s
Ep 1512: len= 17 黑胜 loss=23.9070 temp=1.00 total_env_steps=29564 t=0.26s
Ep 1513: len= 13 黑胜 loss=23.0887 temp=1.00 total_env_steps=29577 t=0.18s
Ep 1514: len= 19 黑胜 loss=23.8079 temp=1.00 total_env_steps=29596 t=0.27s
Ep 1515: len= 20 白胜 loss=24.3419 temp=1.00 total_env_steps=29616 t=0.26s
Ep 1516: len= 13 黑胜 loss=23.6526 temp=1.00 total_env_steps=29629 t=0.19s
Ep 1517: len= 12 黑胜 loss=23.3614 temp=1.00 total_env_steps=29641 t=0.16s
Ep 1518: len= 16 白胜 loss=23.5332 temp=1.00 total_env_steps=29657 t=0.21s
Ep 1519: len= 13 黑胜 loss=22.9284 temp=1.00 total_env_steps=29670 t=0.20s
Ep 1520: len= 15 黑胜 loss=22.9134 temp=1.00 total_env_steps=29685 t=0.23s
Ep 1521: len= 13 黑胜 loss=23.0746 temp=1.00 total_env_steps=29698 t=0.18s
Ep 1522: len= 13 黑胜 loss=23.4659 temp=1.00 total_env_steps=29711 t=0.18s
Ep 1523: len=  9 黑胜 loss=23.5567 temp=1.00 total_env_steps=29720 t=0.15s
Ep 1524: len= 15 黑胜 loss=24.0116 temp=1.00 total_env_steps=29735 t=0.21s
Ep 1525: len= 11 黑胜 loss=23.9854 temp=1.00 total_env_steps=29746 t=0.16s
Ep 1526: len= 10 白胜 loss=23.5009 temp=1.00 total_env_steps=29756 t=0.14s
Ep 1527: len=  2 白胜 loss=23.6720 temp=1.00 total_env_steps=29758 t=0.06s
Ep 1528: len= 11 黑胜 loss=23.9865 temp=1.00 total_env_steps=29769 t=0.16s
Ep 1529: len= 13 黑胜 loss=24.2773 temp=1.00 total_env_steps=29782 t=0.18s
Ep 1530: len= 16 黑胜 loss=23.1808 temp=1.00 total_env_steps=29798 t=0.22s
Ep 1531: len= 13 黑胜 loss=22.1781 temp=1.00 total_env_steps=29811 t=0.18s
Ep 1532: len= 18 白胜 loss=24.1192 temp=1.00 total_env_steps=29829 t=0.23s
Ep 1533: len= 13 黑胜 loss=23.4351 temp=1.00 total_env_steps=29842 t=0.19s
Ep 1534: len=  9 黑胜 loss=22.7289 temp=1.00 total_env_steps=29851 t=0.14s
Ep 1535: len= 33 黑胜 loss=22.8806 temp=1.00 total_env_steps=29884 t=0.40s
Ep 1536: len= 11 黑胜 loss=23.4861 temp=1.00 total_env_steps=29895 t=0.14s
Ep 1537: len= 29 黑胜 loss=24.8619 temp=1.00 total_env_steps=29924 t=0.37s
Ep 1538: len= 15 黑胜 loss=25.1004 temp=1.00 total_env_steps=29939 t=0.21s
Ep 1539: len= 23 黑胜 loss=23.5700 temp=1.00 total_env_steps=29962 t=0.29s
Ep 1540: len= 25 黑胜 loss=23.4062 temp=1.00 total_env_steps=29987 t=0.32s
Ep 1541: len= 13 黑胜 loss=23.2899 temp=1.00 total_env_steps=30000 t=0.19s
Ep 1542: len= 16 白胜 loss=23.2725 temp=1.00 total_env_steps=30016 t=0.21s
Ep 1543: len=  8 白胜 loss=23.1351 temp=1.00 total_env_steps=30024 t=0.11s
Ep 1544: len= 13 黑胜 loss=24.0678 temp=1.00 total_env_steps=30037 t=0.19s
Ep 1545: len=  9 黑胜 loss=23.6726 temp=1.00 total_env_steps=30046 t=0.14s
Ep 1546: len= 14 白胜 loss=23.8373 temp=1.00 total_env_steps=30060 t=0.18s
Ep 1547: len=  2 黑胜 loss=23.9321 temp=1.00 total_env_steps=30062 t=0.06s
Ep 1548: len=  8 白胜 loss=23.2654 temp=1.00 total_env_steps=30070 t=0.13s
Ep 1549: len= 11 黑胜 loss=23.8164 temp=1.00 total_env_steps=30081 t=0.17s
Ep 1550: len= 13 黑胜 loss=23.7592 temp=1.00 total_env_steps=30094 t=0.19s
Ep 1551: len= 15 黑胜 loss=23.3745 temp=1.00 total_env_steps=30109 t=0.19s
Ep 1552: len= 12 白胜 loss=23.5584 temp=1.00 total_env_steps=30121 t=0.17s
Ep 1553: len= 15 黑胜 loss=23.8987 temp=1.00 total_env_steps=30136 t=0.19s
Ep 1554: len= 13 黑胜 loss=23.1257 temp=1.00 total_env_steps=30149 t=0.20s
Ep 1555: len= 13 黑胜 loss=23.6081 temp=1.00 total_env_steps=30162 t=0.19s
Ep 1556: len= 15 黑胜 loss=23.2488 temp=1.00 total_env_steps=30177 t=0.22s
Ep 1557: len= 17 黑胜 loss=23.8072 temp=1.00 total_env_steps=30194 t=0.26s
Ep 1558: len= 13 黑胜 loss=23.6366 temp=1.00 total_env_steps=30207 t=0.18s
Ep 1559: len= 14 黑胜 loss=24.0708 temp=1.00 total_env_steps=30221 t=0.25s
Ep 1560: len= 13 黑胜 loss=23.2675 temp=1.00 total_env_steps=30234 t=0.20s
Ep 1561: len=  6 黑胜 loss=23.3763 temp=1.00 total_env_steps=30240 t=0.11s
Ep 1562: len=  9 黑胜 loss=23.5536 temp=1.00 total_env_steps=30249 t=0.15s
Ep 1563: len=  2 白胜 loss=23.8774 temp=1.00 total_env_steps=30251 t=0.07s
Ep 1564: len=  2 黑胜 loss=23.2790 temp=1.00 total_env_steps=30253 t=0.06s
Ep 1565: len= 15 黑胜 loss=22.5578 temp=1.00 total_env_steps=30268 t=0.19s
Ep 1566: len= 27 黑胜 loss=23.6279 temp=1.00 total_env_steps=30295 t=0.37s
Ep 1567: len= 13 黑胜 loss=23.0331 temp=1.00 total_env_steps=30308 t=0.18s
Ep 1568: len= 13 黑胜 loss=23.7826 temp=1.00 total_env_steps=30321 t=0.18s
Ep 1569: len= 15 黑胜 loss=22.8201 temp=1.00 total_env_steps=30336 t=0.19s
Ep 1570: len= 13 黑胜 loss=23.9825 temp=1.00 total_env_steps=30349 t=0.18s
Ep 1571: len=  9 黑胜 loss=23.6778 temp=1.00 total_env_steps=30358 t=0.13s
Ep 1572: len= 19 黑胜 loss=23.9291 temp=1.00 total_env_steps=30377 t=0.25s
Ep 1573: len= 15 黑胜 loss=23.6414 temp=1.00 total_env_steps=30392 t=0.18s
Ep 1574: len= 11 黑胜 loss=25.2084 temp=1.00 total_env_steps=30403 t=0.15s
Ep 1575: len= 11 黑胜 loss=23.8096 temp=1.00 total_env_steps=30414 t=0.16s
Ep 1576: len= 23 黑胜 loss=24.1951 temp=1.00 total_env_steps=30437 t=0.30s
Ep 1577: len= 13 黑胜 loss=22.9728 temp=1.00 total_env_steps=30450 t=0.19s
Ep 1578: len= 13 黑胜 loss=23.8147 temp=1.00 total_env_steps=30463 t=0.17s
Ep 1579: len=  6 黑胜 loss=23.2498 temp=1.00 total_env_steps=30469 t=0.11s
Ep 1580: len=  6 黑胜 loss=22.8794 temp=1.00 total_env_steps=30475 t=0.09s
Ep 1581: len= 15 黑胜 loss=23.6768 temp=1.00 total_env_steps=30490 t=0.22s
Ep 1582: len= 15 黑胜 loss=22.1374 temp=1.00 total_env_steps=30505 t=0.21s
Ep 1583: len= 15 黑胜 loss=23.4244 temp=1.00 total_env_steps=30520 t=0.20s
Ep 1584: len= 15 黑胜 loss=23.9661 temp=1.00 total_env_steps=30535 t=0.19s
Ep 1585: len= 17 黑胜 loss=24.5469 temp=1.00 total_env_steps=30552 t=0.23s
Ep 1586: len= 13 黑胜 loss=22.6348 temp=1.00 total_env_steps=30565 t=0.18s
Ep 1587: len= 15 黑胜 loss=23.8677 temp=1.00 total_env_steps=30580 t=0.20s
Ep 1588: len= 12 白胜 loss=24.0454 temp=1.00 total_env_steps=30592 t=0.17s
Ep 1589: len= 27 黑胜 loss=23.8385 temp=1.00 total_env_steps=30619 t=0.33s
Ep 1590: len= 25 黑胜 loss=23.2124 temp=1.00 total_env_steps=30644 t=0.31s
Ep 1591: len= 13 黑胜 loss=22.9988 temp=1.00 total_env_steps=30657 t=0.19s
Ep 1592: len=  9 黑胜 loss=23.6741 temp=1.00 total_env_steps=30666 t=0.15s
Ep 1593: len= 11 黑胜 loss=24.0702 temp=1.00 total_env_steps=30677 t=0.15s
Ep 1594: len=  4 白胜 loss=23.0510 temp=1.00 total_env_steps=30681 t=0.09s
Ep 1595: len= 19 黑胜 loss=23.2148 temp=1.00 total_env_steps=30700 t=0.24s
Ep 1596: len= 11 黑胜 loss=23.5860 temp=1.00 total_env_steps=30711 t=0.17s
Ep 1597: len=  2 黑胜 loss=23.9705 temp=1.00 total_env_steps=30713 t=0.07s
Ep 1598: len= 10 白胜 loss=23.0982 temp=1.00 total_env_steps=30723 t=0.16s
Ep 1599: len= 15 黑胜 loss=23.2007 temp=1.00 total_env_steps=30738 t=0.21s
Ep 1600: len= 23 黑胜 loss=23.1067 temp=1.00 total_env_steps=30761 t=0.30s
  eval vs Gomoku-random-v0: win_rate=1.00 mean_return=1.00（20 局，total_env_steps=30761）
Ep 1601: len=  2 白胜 loss=24.1632 temp=1.00 total_env_steps=30763 t=0.06s
Ep 1602: len= 12 黑胜 loss=22.9623 temp=1.00 total_env_steps=30775 t=0.18s
Ep 1603: len= 11 黑胜 loss=22.7755 temp=1.00 total_env_steps=30786 t=0.17s
Ep 1604: len=  2 白胜 loss=23.5740 temp=1.00 total_env_steps=30788 t=0.06s
Ep 1605: len=  4 黑胜 loss=23.5826 temp=1.00 total_env_steps=30792 t=0.09s
Ep 1606: len= 19 黑胜 loss=23.0097 temp=1.00 total_env_steps=30811 t=0.26s
Ep 1607: len= 27 黑胜 loss=22.8948 temp=1.00 total_env_steps=30838 t=0.34s
Ep 1608: len= 11 黑胜 loss=23.6255 temp=1.00 total_env_steps=30849 t=0.15s
Ep 1609: len= 15 黑胜 loss=23.3143 temp=1.00 total_env_steps=30864 t=0.18s
Ep 1610: len=  2 黑胜 loss=23.5229 temp=1.00 total_env_steps=30866 t=0.06s
Ep 1611: len= 29 黑胜 loss=23.1509 temp=1.00 total_env_steps=30895 t=0.33s
Ep 1612: len= 23 黑胜 loss=23.0311 temp=1.00 total_env_steps=30918 t=0.27s
Ep 1613: len= 38 白胜 loss=23.3876 temp=1.00 total_env_steps=30956 t=0.42s
Ep 1614: len= 13 黑胜 loss=24.2756 temp=1.00 total_env_steps=30969 t=0.18s
Ep 1615: len= 11 黑胜 loss=23.2306 temp=1.00 total_env_steps=30980 t=0.16s
Ep 1616: len= 15 黑胜 loss=23.0339 temp=1.00 total_env_steps=30995 t=0.21s
Ep 1617: len= 11 黑胜 loss=23.3494 temp=1.00 total_env_steps=31006 t=0.15s
Ep 1618: len=  2 黑胜 loss=23.9482 temp=1.00 total_env_steps=31008 t=0.06s
Ep 1619: len= 13 黑胜 loss=22.8882 temp=1.00 total_env_steps=31021 t=0.18s
Ep 1620: len= 39 黑胜 loss=23.6828 temp=1.00 total_env_steps=31060 t=0.43s
Ep 1621: len=  9 黑胜 loss=22.9943 temp=1.00 total_env_steps=31069 t=0.15s
Ep 1622: len= 20 白胜 loss=23.5444 temp=1.00 total_env_steps=31089 t=0.26s
Ep 1623: len= 23 黑胜 loss=23.9504 temp=1.00 total_env_steps=31112 t=0.29s
Ep 1624: len= 11 黑胜 loss=24.1024 temp=1.00 total_env_steps=31123 t=0.16s
Ep 1625: len=  2 黑胜 loss=22.8386 temp=1.00 total_env_steps=31125 t=0.06s
Ep 1626: len= 22 白胜 loss=24.1835 temp=1.00 total_env_steps=31147 t=0.26s
Ep 1627: len= 19 黑胜 loss=23.9576 temp=1.00 total_env_steps=31166 t=0.23s
Ep 1628: len= 11 黑胜 loss=24.0728 temp=1.00 total_env_steps=31177 t=0.15s
Ep 1629: len= 20 白胜 loss=23.8243 temp=1.00 total_env_steps=31197 t=0.23s
Ep 1630: len= 15 黑胜 loss=23.9575 temp=1.00 total_env_steps=31212 t=0.19s
Ep 1631: len= 15 黑胜 loss=23.8663 temp=1.00 total_env_steps=31227 t=0.19s
Ep 1632: len= 20 白胜 loss=23.4238 temp=1.00 total_env_steps=31247 t=0.27s
Ep 1633: len= 22 白胜 loss=23.6086 temp=1.00 total_env_steps=31269 t=0.27s
Ep 1634: len= 15 黑胜 loss=24.1723 temp=1.00 total_env_steps=31284 t=0.18s
Ep 1635: len= 14 黑胜 loss=23.1946 temp=1.00 total_env_steps=31298 t=0.20s
Ep 1636: len=  2 白胜 loss=24.3205 temp=1.00 total_env_steps=31300 t=0.06s
Ep 1637: len= 11 黑胜 loss=24.0384 temp=1.00 total_env_steps=31311 t=0.17s
Ep 1638: len= 13 黑胜 loss=22.7852 temp=1.00 total_env_steps=31324 t=0.19s
Ep 1639: len= 15 黑胜 loss=24.0741 temp=1.00 total_env_steps=31339 t=0.22s
Ep 1640: len= 15 黑胜 loss=23.3012 temp=1.00 total_env_steps=31354 t=0.21s
Ep 1641: len=  9 白胜 loss=23.8222 temp=1.00 total_env_steps=31363 t=0.15s
Ep 1642: len= 19 黑胜 loss=23.5078 temp=1.00 total_env_steps=31382 t=0.26s
Ep 1643: len= 35 黑胜 loss=23.1823 temp=1.00 total_env_steps=31417 t=0.45s
Ep 1644: len= 25 黑胜 loss=23.0774 temp=1.00 total_env_steps=31442 t=0.37s
Ep 1645: len= 13 黑胜 loss=23.8724 temp=1.00 total_env_steps=31455 t=0.17s
Ep 1646: len=  4 白胜 loss=23.5086 temp=1.00 total_env_steps=31459 t=0.09s
Ep 1647: len= 13 黑胜 loss=23.7014 temp=1.00 total_env_steps=31472 t=0.17s
Ep 1648: len=  4 白胜 loss=24.1009 temp=1.00 total_env_steps=31476 t=0.08s
Ep 1649: len= 13 黑胜 loss=24.3265 temp=1.00 total_env_steps=31489 t=0.17s
Ep 1650: len= 12 黑胜 loss=23.8818 temp=1.00 total_env_steps=31501 t=0.16s
Ep 1651: len= 23 黑胜 loss=23.5333 temp=1.00 total_env_steps=31524 t=0.29s
Ep 1652: len=  2 黑胜 loss=24.0396 temp=1.00 total_env_steps=31526 t=0.06s
Ep 1653: len= 32 白胜 loss=23.3191 temp=1.00 total_env_steps=31558 t=0.35s
Ep 1654: len= 15 黑胜 loss=23.4220 temp=1.00 total_env_steps=31573 t=0.18s
Ep 1655: len= 13 黑胜 loss=23.4171 temp=1.00 total_env_steps=31586 t=0.17s
Ep 1656: len= 13 黑胜 loss=23.8168 temp=1.00 total_env_steps=31599 t=0.16s
Ep 1657: len=  4 白胜 loss=24.0427 temp=1.00 total_env_steps=31603 t=0.08s
Ep 1658: len= 15 黑胜 loss=23.4358 temp=1.00 total_env_steps=31618 t=0.20s
Ep 1659: len= 11 黑胜 loss=23.5072 temp=1.00 total_env_steps=31629 t=0.15s
Ep 1660: len=  9 黑胜 loss=23.1324 temp=1.00 total_env_steps=31638 t=0.13s
Ep 1661: len= 10 黑胜 loss=23.1254 temp=1.00 total_env_steps=31648 t=0.14s
Ep 1662: len= 19 黑胜 loss=23.1528 temp=1.00 total_env_steps=31667 t=0.24s
Ep 1663: len= 13 黑胜 loss=23.1333 temp=1.00 total_env_steps=31680 t=0.18s
Ep 1664: len= 17 黑胜 loss=23.5587 temp=1.00 total_env_steps=31697 t=0.21s
Ep 1665: len= 15 黑胜 loss=23.9503 temp=1.00 total_env_steps=31712 t=0.20s
Ep 1666: len= 29 黑胜 loss=24.2367 temp=1.00 total_env_steps=31741 t=0.34s
Ep 1667: len= 13 黑胜 loss=23.0692 temp=1.00 total_env_steps=31754 t=0.18s
Ep 1668: len= 29 黑胜 loss=23.2201 temp=1.00 total_env_steps=31783 t=0.33s
Ep 1669: len= 11 黑胜 loss=24.1667 temp=1.00 total_env_steps=31794 t=0.16s
Ep 1670: len= 12 黑胜 loss=23.2582 temp=1.00 total_env_steps=31806 t=0.16s
Ep 1671: len= 31 黑胜 loss=23.7776 temp=1.00 total_env_steps=31837 t=0.37s
Ep 1672: len= 11 黑胜 loss=24.3968 temp=1.00 total_env_steps=31848 t=0.16s
Ep 1673: len= 18 白胜 loss=23.6992 temp=1.00 total_env_steps=31866 t=0.21s
Ep 1674: len= 13 黑胜 loss=24.0424 temp=1.00 total_env_steps=31879 t=0.17s
Ep 1675: len= 13 黑胜 loss=23.5967 temp=1.00 total_env_steps=31892 t=0.18s
Ep 1676: len= 15 黑胜 loss=24.4633 temp=1.00 total_env_steps=31907 t=0.19s
Ep 1677: len= 13 黑胜 loss=23.3826 temp=1.00 total_env_steps=31920 t=0.18s
Ep 1678: len= 13 黑胜 loss=23.1923 temp=1.00 total_env_steps=31933 t=0.17s
Ep 1679: len= 21 黑胜 loss=23.2513 temp=1.00 total_env_steps=31954 t=0.24s
Ep 1680: len= 15 黑胜 loss=24.7301 temp=1.00 total_env_steps=31969 t=0.20s
Ep 1681: len= 21 黑胜 loss=24.4653 temp=1.00 total_env_steps=31990 t=0.26s
Ep 1682: len=  9 黑胜 loss=23.9601 temp=1.00 total_env_steps=31999 t=0.14s
Ep 1683: len= 15 黑胜 loss=24.3894 temp=1.00 total_env_steps=32014 t=0.19s
Ep 1684: len=  2 黑胜 loss=23.6106 temp=1.00 total_env_steps=32016 t=0.06s
Ep 1685: len=  8 黑胜 loss=23.3432 temp=1.00 total_env_steps=32024 t=0.12s
Ep 1686: len= 15 黑胜 loss=23.7918 temp=1.00 total_env_steps=32039 t=0.19s
Ep 1687: len= 10 白胜 loss=22.7579 temp=1.00 total_env_steps=32049 t=0.14s
Ep 1688: len= 32 白胜 loss=23.3401 temp=1.00 total_env_steps=32081 t=0.37s
Ep 1689: len= 13 黑胜 loss=23.9846 temp=1.00 total_env_steps=32094 t=0.19s
Ep 1690: len= 15 黑胜 loss=24.2619 temp=1.00 total_env_steps=32109 t=0.19s
Ep 1691: len= 37 黑胜 loss=22.2811 temp=1.00 total_env_steps=32146 t=0.43s
Ep 1692: len= 15 黑胜 loss=24.5779 temp=1.00 total_env_steps=32161 t=0.19s
Ep 1693: len= 13 黑胜 loss=22.8398 temp=1.00 total_env_steps=32174 t=0.17s
Ep 1694: len= 14 白胜 loss=24.0024 temp=1.00 total_env_steps=32188 t=0.18s
Ep 1695: len= 13 黑胜 loss=23.2487 temp=1.00 total_env_steps=32201 t=0.19s
Ep 1696: len= 13 白胜 loss=23.7352 temp=1.00 total_env_steps=32214 t=0.20s
Ep 1697: len= 31 黑胜 loss=24.2007 temp=1.00 total_env_steps=32245 t=0.42s
Ep 1698: len= 27 黑胜 loss=24.3218 temp=1.00 total_env_steps=32272 t=0.38s
Ep 1699: len= 22 白胜 loss=23.5336 temp=1.00 total_env_steps=32294 t=0.31s
Ep 1700: len=  4 白胜 loss=23.5396 temp=1.00 total_env_steps=32298 t=0.07s
Ep 1701: len= 17 黑胜 loss=22.8302 temp=1.00 total_env_steps=32315 t=0.23s
Ep 1702: len= 25 黑胜 loss=22.8696 temp=1.00 total_env_steps=32340 t=0.32s
Ep 1703: len= 38 白胜 loss=23.8338 temp=1.00 total_env_steps=32378 t=0.45s
Ep 1704: len= 24 白胜 loss=23.4738 temp=1.00 total_env_steps=32402 t=0.29s
Ep 1705: len= 13 黑胜 loss=24.0183 temp=1.00 total_env_steps=32415 t=0.15s
Ep 1706: len= 24 黑胜 loss=23.9473 temp=1.00 total_env_steps=32439 t=0.27s
Ep 1707: len=  2 白胜 loss=23.3501 temp=1.00 total_env_steps=32441 t=0.05s
Ep 1708: len=  9 黑胜 loss=23.3929 temp=1.00 total_env_steps=32450 t=0.14s
Ep 1709: len= 35 黑胜 loss=23.6465 temp=1.00 total_env_steps=32485 t=0.42s
Ep 1710: len= 15 黑胜 loss=23.5007 temp=1.00 total_env_steps=32500 t=0.19s
Ep 1711: len= 17 黑胜 loss=23.2533 temp=1.00 total_env_steps=32517 t=0.22s
Ep 1712: len= 12 白胜 loss=23.3454 temp=1.00 total_env_steps=32529 t=0.16s
Ep 1713: len= 19 黑胜 loss=23.6370 temp=1.00 total_env_steps=32548 t=0.24s
Ep 1714: len= 11 黑胜 loss=23.6991 temp=1.00 total_env_steps=32559 t=0.15s
Ep 1715: len= 13 黑胜 loss=23.2792 temp=1.00 total_env_steps=32572 t=0.15s
Ep 1716: len= 10 白胜 loss=24.4001 temp=1.00 total_env_steps=32582 t=0.14s
Ep 1717: len= 15 黑胜 loss=22.6106 temp=1.00 total_env_steps=32597 t=0.18s
Ep 1718: len= 13 黑胜 loss=23.8729 temp=1.00 total_env_steps=32610 t=0.18s
Ep 1719: len= 31 黑胜 loss=24.2811 temp=1.00 total_env_steps=32641 t=0.37s
Ep 1720: len= 15 黑胜 loss=23.8703 temp=1.00 total_env_steps=32656 t=0.20s
Ep 1721: len= 17 黑胜 loss=23.4326 temp=1.00 total_env_steps=32673 t=0.22s
Ep 1722: len= 31 黑胜 loss=23.4907 temp=1.00 total_env_steps=32704 t=0.34s
Ep 1723: len=  6 黑胜 loss=24.0468 temp=1.00 total_env_steps=32710 t=0.10s
Ep 1724: len=  9 黑胜 loss=23.3311 temp=1.00 total_env_steps=32719 t=0.14s
Ep 1725: len= 29 黑胜 loss=23.5949 temp=1.00 total_env_steps=32748 t=0.35s
Ep 1726: len=  9 黑胜 loss=23.1195 temp=1.00 total_env_steps=32757 t=0.15s
Ep 1727: len= 35 黑胜 loss=23.6223 temp=1.00 total_env_steps=32792 t=0.45s
Ep 1728: len= 13 黑胜 loss=23.9934 temp=1.00 total_env_steps=32805 t=0.18s
Ep 1729: len= 15 黑胜 loss=23.3789 temp=1.00 total_env_steps=32820 t=0.20s
Ep 1730: len= 29 黑胜 loss=23.2178 temp=1.00 total_env_steps=32849 t=0.34s
Ep 1731: len= 12 白胜 loss=24.2615 temp=1.00 total_env_steps=32861 t=0.17s
Ep 1732: len= 15 黑胜 loss=22.4922 temp=1.00 total_env_steps=32876 t=0.18s
Ep 1733: len= 18 黑胜 loss=23.2442 temp=1.00 total_env_steps=32894 t=0.22s
Ep 1734: len= 15 黑胜 loss=23.3303 temp=1.00 total_env_steps=32909 t=0.20s
Ep 1735: len= 21 黑胜 loss=23.3828 temp=1.00 total_env_steps=32930 t=0.24s
Ep 1736: len= 34 白胜 loss=23.5637 temp=1.00 total_env_steps=32964 t=0.38s
Ep 1737: len=  8 白胜 loss=24.0180 temp=1.00 total_env_steps=32972 t=0.12s
Ep 1738: len= 23 黑胜 loss=23.8320 temp=1.00 total_env_steps=32995 t=0.28s
Ep 1739: len=  9 黑胜 loss=24.2703 temp=1.00 total_env_steps=33004 t=0.13s
Ep 1740: len=  2 黑胜 loss=23.9173 temp=1.00 total_env_steps=33006 t=0.06s
Ep 1741: len= 45 黑胜 loss=24.0940 temp=1.00 total_env_steps=33051 t=0.49s
Ep 1742: len=  9 黑胜 loss=23.2977 temp=1.00 total_env_steps=33060 t=0.13s
Ep 1743: len= 11 黑胜 loss=23.2938 temp=1.00 total_env_steps=33071 t=0.15s
Ep 1744: len= 11 黑胜 loss=24.4973 temp=1.00 total_env_steps=33082 t=0.16s
Ep 1745: len= 11 黑胜 loss=23.9526 temp=1.00 total_env_steps=33093 t=0.16s
Ep 1746: len=  2 白胜 loss=24.2373 temp=1.00 total_env_steps=33095 t=0.05s
Ep 1747: len= 10 黑胜 loss=23.6810 temp=1.00 total_env_steps=33105 t=0.14s
Ep 1748: len= 19 黑胜 loss=24.0455 temp=1.00 total_env_steps=33124 t=0.24s
Ep 1749: len=  8 白胜 loss=23.6405 temp=1.00 total_env_steps=33132 t=0.12s
Ep 1750: len= 10 白胜 loss=23.2261 temp=1.00 total_env_steps=33142 t=0.12s
Ep 1751: len= 16 黑胜 loss=24.0987 temp=1.00 total_env_steps=33158 t=0.19s
Ep 1752: len= 21 黑胜 loss=23.1140 temp=1.00 total_env_steps=33179 t=0.25s
Ep 1753: len= 14 黑胜 loss=23.2443 temp=1.00 total_env_steps=33193 t=0.19s
Ep 1754: len=  2 白胜 loss=23.9416 temp=1.00 total_env_steps=33195 t=0.05s
Ep 1755: len= 24 白胜 loss=23.6664 temp=1.00 total_env_steps=33219 t=0.29s
Ep 1756: len=  9 黑胜 loss=23.6685 temp=1.00 total_env_steps=33228 t=0.14s
Ep 1757: len= 11 黑胜 loss=23.3514 temp=1.00 total_env_steps=33239 t=0.15s
Ep 1758: len= 12 黑胜 loss=23.3028 temp=1.00 total_env_steps=33251 t=0.17s
Ep 1759: len= 15 黑胜 loss=23.6245 temp=1.00 total_env_steps=33266 t=0.18s
Ep 1760: len= 17 黑胜 loss=24.6568 temp=1.00 total_env_steps=33283 t=0.21s
Ep 1761: len= 13 黑胜 loss=22.6863 temp=1.00 total_env_steps=33296 t=0.19s
Ep 1762: len= 15 黑胜 loss=23.3966 temp=1.00 total_env_steps=33311 t=0.19s
Ep 1763: len= 13 黑胜 loss=23.6944 temp=1.00 total_env_steps=33324 t=0.17s
Ep 1764: len= 13 黑胜 loss=23.8066 temp=1.00 total_env_steps=33337 t=0.17s
Ep 1765: len= 17 黑胜 loss=23.6560 temp=1.00 total_env_steps=33354 t=0.21s
Ep 1766: len= 15 黑胜 loss=24.0162 temp=1.00 total_env_steps=33369 t=0.20s
Ep 1767: len= 13 黑胜 loss=23.3434 temp=1.00 total_env_steps=33382 t=0.18s
Ep 1768: len= 15 黑胜 loss=23.6145 temp=1.00 total_env_steps=33397 t=0.19s
Ep 1769: len= 11 黑胜 loss=24.0731 temp=1.00 total_env_steps=33408 t=0.14s
Ep 1770: len= 15 黑胜 loss=23.4442 temp=1.00 total_env_steps=33423 t=0.19s
Ep 1771: len= 23 黑胜 loss=24.2010 temp=1.00 total_env_steps=33446 t=0.27s
Ep 1772: len= 25 黑胜 loss=23.6940 temp=1.00 total_env_steps=33471 t=0.30s
Ep 1773: len= 17 黑胜 loss=23.9806 temp=1.00 total_env_steps=33488 t=0.20s
Ep 1774: len= 13 黑胜 loss=23.2736 temp=1.00 total_env_steps=33501 t=0.16s
Ep 1775: len= 15 黑胜 loss=24.2132 temp=1.00 total_env_steps=33516 t=0.19s
Ep 1776: len= 34 白胜 loss=23.9182 temp=1.00 total_env_steps=33550 t=0.41s
Ep 1777: len= 13 黑胜 loss=23.6540 temp=1.00 total_env_steps=33563 t=0.17s
Ep 1778: len= 19 黑胜 loss=23.6576 temp=1.00 total_env_steps=33582 t=0.23s
Ep 1779: len= 15 黑胜 loss=23.9899 temp=1.00 total_env_steps=33597 t=0.18s
Ep 1780: len= 13 黑胜 loss=22.7174 temp=1.00 total_env_steps=33610 t=0.17s
Ep 1781: len= 19 黑胜 loss=23.5378 temp=1.00 total_env_steps=33629 t=0.24s
Ep 1782: len= 13 黑胜 loss=23.9340 temp=1.00 total_env_steps=33642 t=0.17s
Ep 1783: len= 15 黑胜 loss=22.4697 temp=1.00 total_env_steps=33657 t=0.18s
Ep 1784: len= 15 黑胜 loss=23.7998 temp=1.00 total_env_steps=33672 t=0.20s
Ep 1785: len= 13 黑胜 loss=23.4578 temp=1.00 total_env_steps=33685 t=0.18s
Ep 1786: len=  2 黑胜 loss=23.2894 temp=1.00 total_env_steps=33687 t=0.06s
Ep 1787: len= 15 黑胜 loss=23.2368 temp=1.00 total_env_steps=33702 t=0.18s
Ep 1788: len= 15 黑胜 loss=23.5392 temp=1.00 total_env_steps=33717 t=0.18s
Ep 1789: len= 11 黑胜 loss=23.0458 temp=1.00 total_env_steps=33728 t=0.15s
Ep 1790: len= 15 黑胜 loss=24.3577 temp=1.00 total_env_steps=33743 t=0.18s
Ep 1791: len=  2 黑胜 loss=23.7182 temp=1.00 total_env_steps=33745 t=0.06s
Ep 1792: len= 15 黑胜 loss=23.4282 temp=1.00 total_env_steps=33760 t=0.19s
Ep 1793: len= 10 白胜 loss=24.4856 temp=1.00 total_env_steps=33770 t=0.14s
Ep 1794: len=  4 黑胜 loss=23.3300 temp=1.00 total_env_steps=33774 t=0.09s
Ep 1795: len= 11 黑胜 loss=23.7848 temp=1.00 total_env_steps=33785 t=0.17s
Ep 1796: len= 17 黑胜 loss=23.5193 temp=1.00 total_env_steps=33802 t=0.23s
Ep 1797: len= 15 黑胜 loss=23.5921 temp=1.00 total_env_steps=33817 t=0.19s
Ep 1798: len=  9 黑胜 loss=23.0826 temp=1.00 total_env_steps=33826 t=0.13s
Ep 1799: len=  4 黑胜 loss=23.6872 temp=1.00 total_env_steps=33830 t=0.08s
Ep 1800: len= 35 黑胜 loss=24.7946 temp=1.00 total_env_steps=33865 t=0.41s
  eval vs Gomoku-random-v0: win_rate=1.00 mean_return=1.00（20 局，total_env_steps=33865）
Ep 1801: len= 13 黑胜 loss=23.7414 temp=1.00 total_env_steps=33878 t=0.18s
Ep 1802: len=  8 白胜 loss=23.8250 temp=1.00 total_env_steps=33886 t=0.12s
Ep 1803: len=  4 黑胜 loss=23.7964 temp=1.00 total_env_steps=33890 t=0.08s
Ep 1804: len=  4 黑胜 loss=23.5218 temp=1.00 total_env_steps=33894 t=0.08s
Ep 1805: len=  2 白胜 loss=23.2521 temp=1.00 total_env_steps=33896 t=0.06s
Ep 1806: len= 12 白胜 loss=22.9991 temp=1.00 total_env_steps=33908 t=0.18s
Ep 1807: len= 15 黑胜 loss=24.0152 temp=1.00 total_env_steps=33923 t=0.20s
Ep 1808: len= 13 黑胜 loss=23.3125 temp=1.00 total_env_steps=33936 t=0.18s
Ep 1809: len= 13 黑胜 loss=23.4893 temp=1.00 total_env_steps=33949 t=0.17s
Ep 1810: len= 11 黑胜 loss=23.1019 temp=1.00 total_env_steps=33960 t=0.15s
Ep 1811: len= 11 黑胜 loss=23.8528 temp=1.00 total_env_steps=33971 t=0.16s
Ep 1812: len= 15 黑胜 loss=23.5426 temp=1.00 total_env_steps=33986 t=0.18s
Ep 1813: len= 10 黑胜 loss=23.8887 temp=1.00 total_env_steps=33996 t=0.16s
Ep 1814: len= 21 黑胜 loss=23.6651 temp=1.00 total_env_steps=34017 t=0.28s
Ep 1815: len= 13 黑胜 loss=23.2016 temp=1.00 total_env_steps=34030 t=0.16s
Ep 1816: len=  7 黑胜 loss=23.5732 temp=1.00 total_env_steps=34037 t=0.10s
Ep 1817: len= 13 黑胜 loss=24.0340 temp=1.00 total_env_steps=34050 t=0.17s
Ep 1818: len= 22 黑胜 loss=23.6469 temp=1.00 total_env_steps=34072 t=0.26s
Ep 1819: len= 32 白胜 loss=23.7685 temp=1.00 total_env_steps=34104 t=0.35s
Ep 1820: len= 25 黑胜 loss=23.0463 temp=1.00 total_env_steps=34129 t=0.28s
Ep 1821: len= 15 黑胜 loss=22.6241 temp=1.00 total_env_steps=34144 t=0.17s
Ep 1822: len= 11 黑胜 loss=23.9300 temp=1.00 total_env_steps=34155 t=0.15s
Ep 1823: len=  4 白胜 loss=23.9672 temp=1.00 total_env_steps=34159 t=0.07s
Ep 1824: len=  8 黑胜 loss=22.8003 temp=1.00 total_env_steps=34167 t=0.12s
Ep 1825: len= 15 黑胜 loss=23.8604 temp=1.00 total_env_steps=34182 t=0.19s
Ep 1826: len= 13 黑胜 loss=24.1336 temp=1.00 total_env_steps=34195 t=0.17s
Ep 1827: len=  9 黑胜 loss=23.9424 temp=1.00 total_env_steps=34204 t=0.13s
Ep 1828: len= 11 黑胜 loss=24.0148 temp=1.00 total_env_steps=34215 t=0.16s
Ep 1829: len= 15 黑胜 loss=24.1026 temp=1.00 total_env_steps=34230 t=0.19s
Ep 1830: len=  8 黑胜 loss=23.1313 temp=1.00 total_env_steps=34238 t=0.12s
Ep 1831: len= 11 黑胜 loss=23.5744 temp=1.00 total_env_steps=34249 t=0.16s
Ep 1832: len= 13 黑胜 loss=23.5685 temp=1.00 total_env_steps=34262 t=0.34s
Ep 1833: len= 19 黑胜 loss=23.6862 temp=1.00 total_env_steps=34281 t=0.48s
Ep 1834: len= 19 黑胜 loss=24.0267 temp=1.00 total_env_steps=34300 t=0.27s
Ep 1835: len= 21 黑胜 loss=23.4511 temp=1.00 total_env_steps=34321 t=0.30s
Ep 1836: len= 21 黑胜 loss=24.0919 temp=1.00 total_env_steps=34342 t=0.29s
Ep 1837: len=  8 白胜 loss=23.1613 temp=1.00 total_env_steps=34350 t=0.12s
Ep 1838: len= 11 黑胜 loss=24.2469 temp=1.00 total_env_steps=34361 t=0.16s
Ep 1839: len= 13 黑胜 loss=23.7935 temp=1.00 total_env_steps=34374 t=0.17s
Ep 1840: len= 15 黑胜 loss=23.6240 temp=1.00 total_env_steps=34389 t=0.19s
Ep 1841: len= 13 黑胜 loss=23.9879 temp=1.00 total_env_steps=34402 t=0.17s
Ep 1842: len= 34 白胜 loss=23.4655 temp=1.00 total_env_steps=34436 t=0.37s
Ep 1843: len= 11 黑胜 loss=23.6476 temp=1.00 total_env_steps=34447 t=0.15s
Ep 1844: len= 15 黑胜 loss=23.7237 temp=1.00 total_env_steps=34462 t=0.18s
Ep 1845: len= 23 黑胜 loss=23.3877 temp=1.00 total_env_steps=34485 t=0.25s
Ep 1846: len= 15 黑胜 loss=24.0552 temp=1.00 total_env_steps=34500 t=0.19s
Ep 1847: len= 15 黑胜 loss=23.2632 temp=1.00 total_env_steps=34515 t=0.21s
Ep 1848: len= 15 黑胜 loss=24.5187 temp=1.00 total_env_steps=34530 t=0.19s
Ep 1849: len=  9 黑胜 loss=23.8270 temp=1.00 total_env_steps=34539 t=0.13s
Ep 1850: len= 12 黑胜 loss=23.6383 temp=1.00 total_env_steps=34551 t=0.15s
Ep 1851: len= 13 黑胜 loss=23.7975 temp=1.00 total_env_steps=34564 t=0.18s
Ep 1852: len= 11 黑胜 loss=23.1607 temp=1.00 total_env_steps=34575 t=0.15s
Ep 1853: len=  6 白胜 loss=24.2358 temp=1.00 total_env_steps=34581 t=0.09s
Ep 1854: len= 22 白胜 loss=23.8069 temp=1.00 total_env_steps=34603 t=0.26s
Ep 1855: len= 17 黑胜 loss=24.0676 temp=1.00 total_env_steps=34620 t=0.20s
Ep 1856: len= 47 黑胜 loss=24.9167 temp=1.00 total_env_steps=34667 t=0.50s
Ep 1857: len= 15 黑胜 loss=23.8681 temp=1.00 total_env_steps=34682 t=0.19s
Ep 1858: len= 13 黑胜 loss=23.3309 temp=1.00 total_env_steps=34695 t=0.16s
Ep 1859: len= 13 黑胜 loss=23.8318 temp=1.00 total_env_steps=34708 t=0.17s
Ep 1860: len= 13 黑胜 loss=23.4390 temp=1.00 total_env_steps=34721 t=0.17s
Ep 1861: len= 13 黑胜 loss=24.0782 temp=1.00 total_env_steps=34734 t=0.17s
Ep 1862: len= 19 黑胜 loss=23.4434 temp=1.00 total_env_steps=34753 t=0.22s
Ep 1863: len= 11 黑胜 loss=23.2563 temp=1.00 total_env_steps=34764 t=0.14s
Ep 1864: len= 13 黑胜 loss=24.2840 temp=1.00 total_env_steps=34777 t=0.17s
Ep 1865: len= 27 黑胜 loss=23.4995 temp=1.00 total_env_steps=34804 t=0.29s
Ep 1866: len= 15 黑胜 loss=24.2905 temp=1.00 total_env_steps=34819 t=0.19s
Ep 1867: len= 16 白胜 loss=23.0811 temp=1.00 total_env_steps=34835 t=0.22s
Ep 1868: len= 15 黑胜 loss=24.7518 temp=1.00 total_env_steps=34850 t=0.19s
Ep 1869: len= 41 黑胜 loss=23.6956 temp=1.00 total_env_steps=34891 t=0.44s
Ep 1870: len= 17 黑胜 loss=23.4338 temp=1.00 total_env_steps=34908 t=0.20s
Ep 1871: len=  9 黑胜 loss=23.5310 temp=1.00 total_env_steps=34917 t=0.13s
Ep 1872: len= 13 黑胜 loss=23.6701 temp=1.00 total_env_steps=34930 t=0.17s
Ep 1873: len= 40 白胜 loss=23.0658 temp=1.00 total_env_steps=34970 t=0.43s
Ep 1874: len= 11 黑胜 loss=24.4030 temp=1.00 total_env_steps=34981 t=0.16s
Ep 1875: len= 10 黑胜 loss=23.3395 temp=1.00 total_env_steps=34991 t=0.13s
Ep 1876: len= 13 黑胜 loss=24.4534 temp=1.00 total_env_steps=35004 t=0.16s
Ep 1877: len= 21 黑胜 loss=23.4731 temp=1.00 total_env_steps=35025 t=0.24s
Ep 1878: len= 17 黑胜 loss=24.6274 temp=1.00 total_env_steps=35042 t=0.20s
Ep 1879: len= 15 黑胜 loss=24.1581 temp=1.00 total_env_steps=35057 t=0.19s
Ep 1880: len= 15 黑胜 loss=23.9242 temp=1.00 total_env_steps=35072 t=0.20s
Ep 1881: len= 39 黑胜 loss=23.4112 temp=1.00 total_env_steps=35111 t=0.43s
Ep 1882: len= 17 黑胜 loss=24.2363 temp=1.00 total_env_steps=35128 t=0.21s
Ep 1883: len= 13 黑胜 loss=23.7493 temp=1.00 total_env_steps=35141 t=0.18s
Ep 1884: len= 13 黑胜 loss=23.8807 temp=1.00 total_env_steps=35154 t=0.17s
Ep 1885: len= 16 黑胜 loss=23.1883 temp=1.00 total_env_steps=35170 t=0.18s
Ep 1886: len= 14 黑胜 loss=24.3293 temp=1.00 total_env_steps=35184 t=0.18s
Ep 1887: len=  8 白胜 loss=23.2643 temp=1.00 total_env_steps=35192 t=0.13s
Ep 1888: len= 13 黑胜 loss=23.6308 temp=1.00 total_env_steps=35205 t=0.18s
Ep 1889: len= 15 黑胜 loss=24.0244 temp=1.00 total_env_steps=35220 t=0.18s
Ep 1890: len=  2 黑胜 loss=24.0126 temp=1.00 total_env_steps=35222 t=0.07s
Ep 1891: len= 11 黑胜 loss=23.5571 temp=1.00 total_env_steps=35233 t=0.15s
Ep 1892: len= 13 黑胜 loss=23.4342 temp=1.00 total_env_steps=35246 t=0.16s
Ep 1893: len=  2 白胜 loss=24.1157 temp=1.00 total_env_steps=35248 t=0.05s
Ep 1894: len= 15 黑胜 loss=23.4495 temp=1.00 total_env_steps=35263 t=0.17s
Ep 1895: len= 17 黑胜 loss=24.2156 temp=1.00 total_env_steps=35280 t=0.22s
Ep 1896: len= 13 黑胜 loss=22.9885 temp=1.00 total_env_steps=35293 t=0.17s
Ep 1897: len= 13 黑胜 loss=22.9992 temp=1.00 total_env_steps=35306 t=0.19s
Ep 1898: len= 12 白胜 loss=23.5767 temp=1.00 total_env_steps=35318 t=0.15s
Ep 1899: len= 13 黑胜 loss=24.0128 temp=1.00 total_env_steps=35331 t=0.17s
Ep 1900: len= 13 黑胜 loss=24.2245 temp=1.00 total_env_steps=35344 t=0.17s
Ep 1901: len= 39 黑胜 loss=23.7450 temp=1.00 total_env_steps=35383 t=0.44s
Ep 1902: len= 14 黑胜 loss=23.4257 temp=1.00 total_env_steps=35397 t=0.20s
Ep 1903: len=  4 白胜 loss=23.5941 temp=1.00 total_env_steps=35401 t=0.08s
Ep 1904: len= 11 黑胜 loss=23.2125 temp=1.00 total_env_steps=35412 t=0.16s
Ep 1905: len= 11 黑胜 loss=24.1256 temp=1.00 total_env_steps=35423 t=0.15s
Ep 1906: len=  2 黑胜 loss=23.1892 temp=1.00 total_env_steps=35425 t=0.06s
Ep 1907: len= 15 黑胜 loss=23.0802 temp=1.00 total_env_steps=35440 t=0.20s
Ep 1908: len= 18 白胜 loss=24.2312 temp=1.00 total_env_steps=35458 t=0.22s
Ep 1909: len=  9 黑胜 loss=23.7627 temp=1.00 total_env_steps=35467 t=0.12s
Ep 1910: len= 13 黑胜 loss=23.5468 temp=1.00 total_env_steps=35480 t=0.18s
Ep 1911: len= 19 黑胜 loss=22.8919 temp=1.00 total_env_steps=35499 t=0.22s
Ep 1912: len= 33 黑胜 loss=23.8279 temp=1.00 total_env_steps=35532 t=0.37s
Ep 1913: len= 11 黑胜 loss=23.4572 temp=1.00 total_env_steps=35543 t=0.16s
Ep 1914: len= 13 黑胜 loss=23.6825 temp=1.00 total_env_steps=35556 t=0.17s
Ep 1915: len=  2 黑胜 loss=23.8883 temp=1.00 total_env_steps=35558 t=0.06s
Ep 1916: len= 11 黑胜 loss=23.4961 temp=1.00 total_env_steps=35569 t=0.16s
Ep 1917: len= 13 黑胜 loss=23.4103 temp=1.00 total_env_steps=35582 t=0.18s
Ep 1918: len= 24 白胜 loss=22.8465 temp=1.00 total_env_steps=35606 t=0.29s
Ep 1919: len= 13 黑胜 loss=24.0124 temp=1.00 total_env_steps=35619 t=0.18s
Ep 1920: len=  4 黑胜 loss=23.9002 temp=1.00 total_env_steps=35623 t=0.08s
Ep 1921: len= 15 黑胜 loss=22.9726 temp=1.00 total_env_steps=35638 t=0.20s
Ep 1922: len= 15 黑胜 loss=24.1020 temp=1.00 total_env_steps=35653 t=0.18s
Ep 1923: len= 11 黑胜 loss=24.1568 temp=1.00 total_env_steps=35664 t=0.14s
Ep 1924: len= 15 黑胜 loss=24.1176 temp=1.00 total_env_steps=35679 t=0.19s
Ep 1925: len= 13 黑胜 loss=22.2597 temp=1.00 total_env_steps=35692 t=0.18s
Ep 1926: len= 17 黑胜 loss=23.7854 temp=1.00 total_env_steps=35709 t=0.20s
Ep 1927: len= 15 黑胜 loss=23.8513 temp=1.00 total_env_steps=35724 t=0.18s
Ep 1928: len=  2 白胜 loss=22.6189 temp=1.00 total_env_steps=35726 t=0.05s
Ep 1929: len= 15 黑胜 loss=23.7902 temp=1.00 total_env_steps=35741 t=0.18s
Ep 1930: len= 11 黑胜 loss=22.8267 temp=1.00 total_env_steps=35752 t=0.15s
Ep 1931: len=  9 黑胜 loss=23.7330 temp=1.00 total_env_steps=35761 t=0.14s
Ep 1932: len= 12 白胜 loss=24.0667 temp=1.00 total_env_steps=35773 t=0.17s
Ep 1933: len= 15 黑胜 loss=24.3462 temp=1.00 total_env_steps=35788 t=0.18s
Ep 1934: len= 22 白胜 loss=23.4104 temp=1.00 total_env_steps=35810 t=0.25s
Ep 1935: len= 13 黑胜 loss=24.1517 temp=1.00 total_env_steps=35823 t=0.16s
Ep 1936: len= 12 白胜 loss=24.3706 temp=1.00 total_env_steps=35835 t=0.15s
Ep 1937: len= 11 黑胜 loss=23.8309 temp=1.00 total_env_steps=35846 t=0.15s
Ep 1938: len= 15 黑胜 loss=23.0535 temp=1.00 total_env_steps=35861 t=0.18s
Ep 1939: len=  2 白胜 loss=23.3015 temp=1.00 total_env_steps=35863 t=0.05s
Ep 1940: len= 26 白胜 loss=23.6736 temp=1.00 total_env_steps=35889 t=0.30s
Ep 1941: len= 13 黑胜 loss=23.8367 temp=1.00 total_env_steps=35902 t=0.18s
Ep 1942: len= 15 黑胜 loss=23.1537 temp=1.00 total_env_steps=35917 t=0.19s
Ep 1943: len= 21 黑胜 loss=23.3768 temp=1.00 total_env_steps=35938 t=0.23s
Ep 1944: len=  4 黑胜 loss=22.2771 temp=1.00 total_env_steps=35942 t=0.07s
Ep 1945: len= 11 黑胜 loss=22.5906 temp=1.00 total_env_steps=35953 t=0.16s
Ep 1946: len= 13 黑胜 loss=23.0503 temp=1.00 total_env_steps=35966 t=0.17s
Ep 1947: len= 19 黑胜 loss=23.3890 temp=1.00 total_env_steps=35985 t=0.24s
Ep 1948: len=  2 黑胜 loss=23.4995 temp=1.00 total_env_steps=35987 t=0.05s
Ep 1949: len= 11 黑胜 loss=22.9822 temp=1.00 total_env_steps=35998 t=0.15s
Ep 1950: len= 15 黑胜 loss=23.6918 temp=1.00 total_env_steps=36013 t=0.18s
Ep 1951: len= 20 白胜 loss=23.1031 temp=1.00 total_env_steps=36033 t=0.23s
Ep 1952: len= 15 黑胜 loss=23.8234 temp=1.00 total_env_steps=36048 t=0.19s
Ep 1953: len= 13 黑胜 loss=23.7171 temp=1.00 total_env_steps=36061 t=0.16s
Ep 1954: len= 15 黑胜 loss=23.4640 temp=1.00 total_env_steps=36076 t=0.19s
Ep 1955: len= 19 黑胜 loss=23.5453 temp=1.00 total_env_steps=36095 t=0.22s
Ep 1956: len= 13 黑胜 loss=23.2573 temp=1.00 total_env_steps=36108 t=0.16s
Ep 1957: len= 13 黑胜 loss=24.0475 temp=1.00 total_env_steps=36121 t=0.17s
Ep 1958: len= 31 黑胜 loss=23.0180 temp=1.00 total_env_steps=36152 t=0.35s
Ep 1959: len=  6 白胜 loss=23.6710 temp=1.00 total_env_steps=36158 t=0.09s
Ep 1960: len= 13 黑胜 loss=24.4356 temp=1.00 total_env_steps=36171 t=0.17s
Ep 1961: len= 11 黑胜 loss=23.6756 temp=1.00 total_env_steps=36182 t=0.15s
Ep 1962: len= 13 黑胜 loss=23.0896 temp=1.00 total_env_steps=36195 t=0.18s
Ep 1963: len= 17 黑胜 loss=23.9096 temp=1.00 total_env_steps=36212 t=0.21s
Ep 1964: len= 13 黑胜 loss=23.6422 temp=1.00 total_env_steps=36225 t=0.18s
Ep 1965: len=  9 黑胜 loss=23.6017 temp=1.00 total_env_steps=36234 t=0.13s
Ep 1966: len= 17 黑胜 loss=22.8891 temp=1.00 total_env_steps=36251 t=0.20s
Ep 1967: len= 33 黑胜 loss=23.3811 temp=1.00 total_env_steps=36284 t=0.37s
Ep 1968: len= 17 黑胜 loss=23.5841 temp=1.00 total_env_steps=36301 t=0.19s
Ep 1969: len= 11 黑胜 loss=23.0095 temp=1.00 total_env_steps=36312 t=0.15s
Ep 1970: len=  9 黑胜 loss=24.0176 temp=1.00 total_env_steps=36321 t=0.13s
Ep 1971: len= 23 黑胜 loss=23.6192 temp=1.00 total_env_steps=36344 t=0.25s
Ep 1972: len= 29 黑胜 loss=23.2019 temp=1.00 total_env_steps=36373 t=0.33s
Ep 1973: len= 15 黑胜 loss=23.3316 temp=1.00 total_env_steps=36388 t=0.18s
Ep 1974: len= 10 白胜 loss=23.2026 temp=1.00 total_env_steps=36398 t=0.12s
Ep 1975: len=  6 白胜 loss=23.4935 temp=1.00 total_env_steps=36404 t=0.10s
Ep 1976: len= 13 黑胜 loss=23.7630 temp=1.00 total_env_steps=36417 t=0.18s
Ep 1977: len=  9 黑胜 loss=23.0101 temp=1.00 total_env_steps=36426 t=0.12s
Ep 1978: len= 22 白胜 loss=23.2059 temp=1.00 total_env_steps=36448 t=0.25s
Ep 1979: len= 10 黑胜 loss=24.1439 temp=1.00 total_env_steps=36458 t=0.13s
Ep 1980: len=  2 白胜 loss=23.7876 temp=1.00 total_env_steps=36460 t=0.05s
Ep 1981: len=  2 黑胜 loss=23.4934 temp=1.00 total_env_steps=36462 t=0.05s
Ep 1982: len= 23 黑胜 loss=23.1924 temp=1.00 total_env_steps=36485 t=0.29s
Ep 1983: len= 19 黑胜 loss=24.2309 temp=1.00 total_env_steps=36504 t=0.24s
Ep 1984: len= 31 黑胜 loss=23.0778 temp=1.00 total_env_steps=36535 t=0.34s
Ep 1985: len= 13 黑胜 loss=23.3019 temp=1.00 total_env_steps=36548 t=0.16s
Ep 1986: len= 13 黑胜 loss=23.3592 temp=1.00 total_env_steps=36561 t=0.17s
Ep 1987: len= 13 黑胜 loss=22.7612 temp=1.00 total_env_steps=36574 t=0.17s
Ep 1988: len=  6 黑胜 loss=23.5328 temp=1.00 total_env_steps=36580 t=0.09s
Ep 1989: len= 13 黑胜 loss=23.0540 temp=1.00 total_env_steps=36593 t=0.16s
Ep 1990: len= 17 黑胜 loss=23.5399 temp=1.00 total_env_steps=36610 t=0.20s
Ep 1991: len= 13 黑胜 loss=24.3810 temp=1.00 total_env_steps=36623 t=0.17s
Ep 1992: len= 13 黑胜 loss=22.9839 temp=1.00 total_env_steps=36636 t=0.17s
Ep 1993: len= 15 黑胜 loss=23.3694 temp=1.00 total_env_steps=36651 t=0.19s
Ep 1994: len= 31 黑胜 loss=22.9649 temp=1.00 total_env_steps=36682 t=0.35s
Ep 1995: len= 19 黑胜 loss=23.7592 temp=1.00 total_env_steps=36701 t=0.22s
Ep 1996: len= 13 黑胜 loss=22.7891 temp=1.00 total_env_steps=36714 t=0.17s
Ep 1997: len= 13 黑胜 loss=23.1227 temp=1.00 total_env_steps=36727 t=0.18s
Ep 1998: len= 21 黑胜 loss=22.6613 temp=1.00 total_env_steps=36748 t=0.26s
Ep 1999: len=  2 黑胜 loss=22.8530 temp=1.00 total_env_steps=36750 t=0.05s
Ep 2000: len= 13 黑胜 loss=24.0340 temp=1.00 total_env_steps=36763 t=0.16s
  eval vs Gomoku-random-v0: win_rate=1.00 mean_return=1.00（20 局，total_env_steps=36763）
[闸门] vs random（40 局）: win_rate=1.000
[闸门] vs 半程快照（40 局，黑白各半）: score=0.300
[梯队] vs naive0（20 局，观察性）: win_rate=0.55
[梯队] vs naive1（20 局，观察性）: win_rate=0.15
[梯队] vs naive2（20 局，观察性）: win_rate=0.35
[梯队] vs naive3（20 局，观察性）: win_rate=0.00
📈 Gomoku-selfplay-v0 win_rate=1.00（best 1.00）| 门槛 0.95 | 701.9s

--- arm=cnn_recipe seed=43 sims=100 ---
[MyZero-board Gomoku-selfplay-v0] obs=243(3×9²) |A|=81 sims=100 γ=1.0 negamax
[MyZero-board] repr=CNN（stride-1 棋盘塔）
[MyZero-board] 8 重对称增广开启（D4，采样时随机套变换）
[MyZero-board] 树内真规则开启（AlphaZero 式诊断；训练侧不变）
[MyZero-board] 战术开局课程开启（p=0.25，必挡局面前缀；eval 不受影响）
Ep    1: len= 22 白胜 loss=0.0000 temp=1.00 total_env_steps=22 t=0.22s
Ep    2: len= 30 白胜 loss=0.0000 temp=1.00 total_env_steps=52 t=0.28s
Ep    3: len= 25 黑胜 loss=0.0000 temp=1.00 total_env_steps=77 t=0.24s
Ep    4: len= 36 白胜 loss=0.0000 temp=1.00 total_env_steps=113 t=0.35s
Ep    5: len= 25 黑胜 loss=0.0000 temp=1.00 total_env_steps=138 t=0.24s
Ep    6: len=  2 黑胜 loss=0.0000 temp=1.00 total_env_steps=140 t=0.01s
Ep    7: len= 35 黑胜 loss=0.0000 temp=1.00 total_env_steps=175 t=0.33s
Ep    8: len= 36 白胜 loss=0.0000 temp=1.00 total_env_steps=211 t=0.34s
Ep    9: len= 24 白胜 loss=0.0000 temp=1.00 total_env_steps=235 t=0.24s
Ep   10: len= 34 白胜 loss=36.5830 temp=1.00 total_env_steps=269 t=0.36s
Ep   11: len= 51 黑胜 loss=29.6401 temp=1.00 total_env_steps=320 t=0.54s
Ep   12: len= 35 黑胜 loss=28.9670 temp=1.00 total_env_steps=355 t=0.38s
Ep   13: len= 23 黑胜 loss=29.0907 temp=1.00 total_env_steps=378 t=0.26s
Ep   14: len=  6 白胜 loss=28.8023 temp=1.00 total_env_steps=384 t=0.09s
Ep   15: len= 35 黑胜 loss=28.7549 temp=1.00 total_env_steps=419 t=0.40s
Ep   16: len= 31 黑胜 loss=28.7231 temp=1.00 total_env_steps=450 t=0.33s
Ep   17: len= 20 白胜 loss=28.6248 temp=1.00 total_env_steps=470 t=0.23s
Ep   18: len= 36 白胜 loss=28.5575 temp=1.00 total_env_steps=506 t=0.37s
Ep   19: len= 22 白胜 loss=28.6462 temp=1.00 total_env_steps=528 t=0.25s
Ep   20: len= 37 黑胜 loss=28.5442 temp=1.00 total_env_steps=565 t=0.40s
Ep   21: len= 39 黑胜 loss=28.5789 temp=1.00 total_env_steps=604 t=0.42s
Ep   22: len= 23 黑胜 loss=28.3411 temp=1.00 total_env_steps=627 t=0.26s
Ep   23: len=  2 白胜 loss=28.5566 temp=1.00 total_env_steps=629 t=0.05s
Ep   24: len= 36 白胜 loss=28.6770 temp=1.00 total_env_steps=665 t=0.38s
Ep   25: len=  2 白胜 loss=28.6539 temp=1.00 total_env_steps=667 t=0.05s
Ep   26: len= 27 黑胜 loss=28.5302 temp=1.00 total_env_steps=694 t=0.30s
Ep   27: len= 19 黑胜 loss=28.6041 temp=1.00 total_env_steps=713 t=0.21s
Ep   28: len= 26 白胜 loss=28.4819 temp=1.00 total_env_steps=739 t=0.28s
Ep   29: len= 26 白胜 loss=28.7665 temp=1.00 total_env_steps=765 t=0.28s
Ep   30: len= 26 黑胜 loss=28.5900 temp=1.00 total_env_steps=791 t=0.28s
Ep   31: len= 28 白胜 loss=28.5643 temp=1.00 total_env_steps=819 t=0.32s
Ep   32: len= 15 黑胜 loss=28.2232 temp=1.00 total_env_steps=834 t=0.19s
Ep   33: len= 27 黑胜 loss=28.5530 temp=1.00 total_env_steps=861 t=0.29s
Ep   34: len= 28 白胜 loss=28.3772 temp=1.00 total_env_steps=889 t=0.31s
Ep   35: len= 39 黑胜 loss=28.3650 temp=1.00 total_env_steps=928 t=0.42s
Ep   36: len= 36 白胜 loss=28.5567 temp=1.00 total_env_steps=964 t=0.38s
Ep   37: len= 36 白胜 loss=28.3614 temp=1.00 total_env_steps=1000 t=0.38s
Ep   38: len= 33 黑胜 loss=28.5437 temp=1.00 total_env_steps=1033 t=0.36s
Ep   39: len= 37 黑胜 loss=28.3359 temp=1.00 total_env_steps=1070 t=0.40s
Ep   40: len= 32 白胜 loss=28.5780 temp=1.00 total_env_steps=1102 t=0.35s
Ep   41: len= 18 白胜 loss=28.5098 temp=1.00 total_env_steps=1120 t=0.21s
Ep   42: len= 29 黑胜 loss=28.3128 temp=1.00 total_env_steps=1149 t=0.31s
Ep   43: len= 34 白胜 loss=28.4330 temp=1.00 total_env_steps=1183 t=0.37s
Ep   44: len= 35 黑胜 loss=28.2830 temp=1.00 total_env_steps=1218 t=0.38s
Ep   45: len=  2 白胜 loss=28.3796 temp=1.00 total_env_steps=1220 t=0.05s
Ep   46: len= 23 黑胜 loss=28.3949 temp=1.00 total_env_steps=1243 t=0.25s
Ep   47: len= 30 白胜 loss=28.5918 temp=1.00 total_env_steps=1273 t=0.32s
Ep   48: len=  2 黑胜 loss=28.4815 temp=1.00 total_env_steps=1275 t=0.05s
Ep   49: len= 38 白胜 loss=28.5283 temp=1.00 total_env_steps=1313 t=0.44s
Ep   50: len=  4 白胜 loss=28.5433 temp=1.00 total_env_steps=1317 t=0.07s
Ep   51: len=  6 白胜 loss=28.4480 temp=1.00 total_env_steps=1323 t=0.09s
Ep   52: len=  2 黑胜 loss=28.6143 temp=1.00 total_env_steps=1325 t=0.05s
Ep   53: len= 28 白胜 loss=28.5397 temp=1.00 total_env_steps=1353 t=0.30s
Ep   54: len=  2 黑胜 loss=28.6031 temp=1.00 total_env_steps=1355 t=0.05s
Ep   55: len= 29 黑胜 loss=28.4345 temp=1.00 total_env_steps=1384 t=0.33s
Ep   56: len= 32 白胜 loss=28.5557 temp=1.00 total_env_steps=1416 t=0.33s
Ep   57: len= 40 白胜 loss=28.3775 temp=1.00 total_env_steps=1456 t=0.42s
Ep   58: len= 25 黑胜 loss=28.6035 temp=1.00 total_env_steps=1481 t=0.28s
Ep   59: len=  4 白胜 loss=28.4220 temp=1.00 total_env_steps=1485 t=0.07s
Ep   60: len= 22 白胜 loss=28.3451 temp=1.00 total_env_steps=1507 t=0.25s
Ep   61: len= 42 白胜 loss=28.3931 temp=1.00 total_env_steps=1549 t=0.43s
Ep   62: len= 25 黑胜 loss=28.4963 temp=1.00 total_env_steps=1574 t=0.28s
Ep   63: len= 32 白胜 loss=28.7601 temp=1.00 total_env_steps=1606 t=0.32s
Ep   64: len= 19 黑胜 loss=28.6368 temp=1.00 total_env_steps=1625 t=0.21s
Ep   65: len= 47 黑胜 loss=28.5606 temp=1.00 total_env_steps=1672 t=0.48s
Ep   66: len= 31 黑胜 loss=28.3982 temp=1.00 total_env_steps=1703 t=0.33s
Ep   67: len= 23 黑胜 loss=28.4650 temp=1.00 total_env_steps=1726 t=0.25s
Ep   68: len= 42 白胜 loss=28.5273 temp=1.00 total_env_steps=1768 t=0.44s
Ep   69: len=  2 黑胜 loss=28.3976 temp=1.00 total_env_steps=1770 t=0.05s
Ep   70: len= 34 白胜 loss=28.3247 temp=1.00 total_env_steps=1804 t=0.36s
Ep   71: len=  2 白胜 loss=28.3457 temp=1.00 total_env_steps=1806 t=0.05s
Ep   72: len= 43 黑胜 loss=28.5663 temp=1.00 total_env_steps=1849 t=0.45s
Ep   73: len= 25 黑胜 loss=28.4422 temp=1.00 total_env_steps=1874 t=0.27s
Ep   74: len=  4 黑胜 loss=28.5488 temp=1.00 total_env_steps=1878 t=0.07s
Ep   75: len= 51 黑胜 loss=28.3707 temp=1.00 total_env_steps=1929 t=0.52s
Ep   76: len= 50 白胜 loss=28.4093 temp=1.00 total_env_steps=1979 t=0.52s
Ep   77: len= 49 黑胜 loss=28.3134 temp=1.00 total_env_steps=2028 t=0.50s
Ep   78: len=  8 白胜 loss=28.5812 temp=1.00 total_env_steps=2036 t=0.10s
Ep   79: len= 52 白胜 loss=28.5464 temp=1.00 total_env_steps=2088 t=0.52s
Ep   80: len= 33 黑胜 loss=28.4276 temp=1.00 total_env_steps=2121 t=0.35s
Ep   81: len=  2 白胜 loss=28.4309 temp=1.00 total_env_steps=2123 t=0.05s
Ep   82: len= 12 白胜 loss=28.3881 temp=1.00 total_env_steps=2135 t=0.15s
Ep   83: len= 26 白胜 loss=28.6267 temp=1.00 total_env_steps=2161 t=0.29s
Ep   84: len= 34 白胜 loss=28.3976 temp=1.00 total_env_steps=2195 t=0.36s
Ep   85: len= 32 白胜 loss=28.3587 temp=1.00 total_env_steps=2227 t=0.35s
Ep   86: len= 30 白胜 loss=28.6119 temp=1.00 total_env_steps=2257 t=0.32s
Ep   87: len=  2 白胜 loss=28.4195 temp=1.00 total_env_steps=2259 t=0.05s
Ep   88: len= 50 白胜 loss=28.4432 temp=1.00 total_env_steps=2309 t=0.53s
Ep   89: len= 23 黑胜 loss=28.6380 temp=1.00 total_env_steps=2332 t=0.25s
Ep   90: len= 28 白胜 loss=28.5894 temp=1.00 total_env_steps=2360 t=0.32s
Ep   91: len= 31 黑胜 loss=28.4602 temp=1.00 total_env_steps=2391 t=0.33s
Ep   92: len= 30 白胜 loss=28.4180 temp=1.00 total_env_steps=2421 t=0.34s
Ep   93: len= 25 黑胜 loss=28.5289 temp=1.00 total_env_steps=2446 t=0.28s
Ep   94: len=  4 黑胜 loss=28.5697 temp=1.00 total_env_steps=2450 t=0.07s
Ep   95: len=  2 白胜 loss=28.4617 temp=1.00 total_env_steps=2452 t=0.05s
Ep   96: len= 30 白胜 loss=28.4903 temp=1.00 total_env_steps=2482 t=0.34s
Ep   97: len= 33 黑胜 loss=28.5739 temp=1.00 total_env_steps=2515 t=0.35s
Ep   98: len= 30 白胜 loss=28.5074 temp=1.00 total_env_steps=2545 t=0.32s
Ep   99: len=  2 黑胜 loss=28.6483 temp=1.00 total_env_steps=2547 t=0.05s
Ep  100: len= 34 白胜 loss=28.4747 temp=1.00 total_env_steps=2581 t=0.37s
Ep  101: len= 30 白胜 loss=28.4611 temp=1.00 total_env_steps=2611 t=0.33s
Ep  102: len= 18 白胜 loss=28.5151 temp=1.00 total_env_steps=2629 t=0.21s
Ep  103: len=  2 黑胜 loss=28.5288 temp=1.00 total_env_steps=2631 t=0.05s
Ep  104: len= 18 白胜 loss=28.5288 temp=1.00 total_env_steps=2649 t=0.21s
Ep  105: len= 35 黑胜 loss=28.3047 temp=1.00 total_env_steps=2684 t=0.39s
Ep  106: len= 27 黑胜 loss=28.3498 temp=1.00 total_env_steps=2711 t=0.29s
Ep  107: len= 33 黑胜 loss=28.4780 temp=1.00 total_env_steps=2744 t=0.36s
Ep  108: len= 24 白胜 loss=28.4397 temp=1.00 total_env_steps=2768 t=0.27s
Ep  109: len= 29 黑胜 loss=28.2425 temp=1.00 total_env_steps=2797 t=0.31s
Ep  110: len= 35 黑胜 loss=28.4469 temp=1.00 total_env_steps=2832 t=0.37s
Ep  111: len= 40 白胜 loss=28.5696 temp=1.00 total_env_steps=2872 t=0.43s
Ep  112: len= 29 黑胜 loss=28.6616 temp=1.00 total_env_steps=2901 t=0.30s
Ep  113: len= 31 黑胜 loss=28.5108 temp=1.00 total_env_steps=2932 t=0.33s
Ep  114: len= 30 白胜 loss=28.4983 temp=1.00 total_env_steps=2962 t=0.32s
Ep  115: len= 35 黑胜 loss=28.7545 temp=1.00 total_env_steps=2997 t=0.36s
Ep  116: len= 22 白胜 loss=28.4507 temp=1.00 total_env_steps=3019 t=0.25s
Ep  117: len= 33 黑胜 loss=28.2957 temp=1.00 total_env_steps=3052 t=0.37s
Ep  118: len= 38 白胜 loss=28.5308 temp=1.00 total_env_steps=3090 t=0.40s
Ep  119: len= 32 白胜 loss=28.5369 temp=1.00 total_env_steps=3122 t=0.35s
Ep  120: len=  2 黑胜 loss=28.4735 temp=1.00 total_env_steps=3124 t=0.04s
Ep  121: len= 36 白胜 loss=28.2496 temp=1.00 total_env_steps=3160 t=0.38s
Ep  122: len= 38 白胜 loss=28.3629 temp=1.00 total_env_steps=3198 t=0.40s
Ep  123: len= 46 白胜 loss=28.6841 temp=1.00 total_env_steps=3244 t=0.47s
Ep  124: len= 23 黑胜 loss=28.4531 temp=1.00 total_env_steps=3267 t=0.25s
Ep  125: len= 20 白胜 loss=28.5269 temp=1.00 total_env_steps=3287 t=0.22s
Ep  126: len=  2 黑胜 loss=28.3952 temp=1.00 total_env_steps=3289 t=0.05s
Ep  127: len= 28 白胜 loss=28.5462 temp=1.00 total_env_steps=3317 t=0.30s
Ep  128: len= 33 黑胜 loss=28.5335 temp=1.00 total_env_steps=3350 t=0.35s
Ep  129: len= 25 黑胜 loss=28.3615 temp=1.00 total_env_steps=3375 t=0.28s
Ep  130: len= 35 黑胜 loss=28.4094 temp=1.00 total_env_steps=3410 t=0.37s
Ep  131: len=  2 黑胜 loss=28.3211 temp=1.00 total_env_steps=3412 t=0.05s
Ep  132: len=  2 黑胜 loss=28.5427 temp=1.00 total_env_steps=3414 t=0.05s
Ep  133: len=  2 白胜 loss=28.3727 temp=1.00 total_env_steps=3416 t=0.05s
Ep  134: len=  2 黑胜 loss=28.5293 temp=1.00 total_env_steps=3418 t=0.04s
Ep  135: len= 24 白胜 loss=28.6805 temp=1.00 total_env_steps=3442 t=0.27s
Ep  136: len=  2 黑胜 loss=28.5477 temp=1.00 total_env_steps=3444 t=0.05s
Ep  137: len= 54 白胜 loss=28.3984 temp=1.00 total_env_steps=3498 t=0.56s
Ep  138: len= 30 白胜 loss=28.3955 temp=1.00 total_env_steps=3528 t=0.33s
Ep  139: len= 34 白胜 loss=28.6172 temp=1.00 total_env_steps=3562 t=0.37s
Ep  140: len= 45 黑胜 loss=28.5939 temp=1.00 total_env_steps=3607 t=0.48s
Ep  141: len= 41 黑胜 loss=28.5340 temp=1.00 total_env_steps=3648 t=0.43s
Ep  142: len= 29 黑胜 loss=28.3954 temp=1.00 total_env_steps=3677 t=0.32s
Ep  143: len= 26 白胜 loss=28.4228 temp=1.00 total_env_steps=3703 t=0.28s
Ep  144: len=  6 白胜 loss=28.3958 temp=1.00 total_env_steps=3709 t=0.08s
Ep  145: len= 33 黑胜 loss=28.4270 temp=1.00 total_env_steps=3742 t=0.36s
Ep  146: len= 30 白胜 loss=28.4700 temp=1.00 total_env_steps=3772 t=0.34s
Ep  147: len= 36 白胜 loss=28.4200 temp=1.00 total_env_steps=3808 t=0.43s
Ep  148: len= 30 白胜 loss=28.5586 temp=1.00 total_env_steps=3838 t=0.33s
Ep  149: len= 28 白胜 loss=28.4873 temp=1.00 total_env_steps=3866 t=0.30s
Ep  150: len= 29 黑胜 loss=28.4944 temp=1.00 total_env_steps=3895 t=0.31s
Ep  151: len=  2 黑胜 loss=28.4664 temp=1.00 total_env_steps=3897 t=0.05s
Ep  152: len= 30 白胜 loss=28.4171 temp=1.00 total_env_steps=3927 t=0.32s
Ep  153: len= 40 白胜 loss=28.2499 temp=1.00 total_env_steps=3967 t=0.42s
Ep  154: len= 42 白胜 loss=28.3314 temp=1.00 total_env_steps=4009 t=0.44s
Ep  155: len= 21 黑胜 loss=28.4987 temp=1.00 total_env_steps=4030 t=0.23s
Ep  156: len= 29 黑胜 loss=28.6387 temp=1.00 total_env_steps=4059 t=0.32s
Ep  157: len= 42 白胜 loss=28.5217 temp=1.00 total_env_steps=4101 t=0.43s
Ep  158: len= 29 黑胜 loss=28.5469 temp=1.00 total_env_steps=4130 t=0.31s
Ep  159: len= 28 白胜 loss=28.4728 temp=1.00 total_env_steps=4158 t=0.30s
Ep  160: len= 27 黑胜 loss=28.4432 temp=1.00 total_env_steps=4185 t=0.32s
Ep  161: len=  4 白胜 loss=28.3714 temp=1.00 total_env_steps=4189 t=0.07s
Ep  162: len= 35 黑胜 loss=28.4383 temp=1.00 total_env_steps=4224 t=0.39s
Ep  163: len= 20 白胜 loss=28.3523 temp=1.00 total_env_steps=4244 t=0.26s
Ep  164: len= 24 白胜 loss=28.3823 temp=1.00 total_env_steps=4268 t=0.28s
Ep  165: len= 33 黑胜 loss=28.4303 temp=1.00 total_env_steps=4301 t=0.37s
Ep  166: len= 21 黑胜 loss=28.5094 temp=1.00 total_env_steps=4322 t=0.23s
Ep  167: len= 24 白胜 loss=28.4017 temp=1.00 total_env_steps=4346 t=0.26s
Ep  168: len= 19 黑胜 loss=28.2633 temp=1.00 total_env_steps=4365 t=0.22s
Ep  169: len= 32 白胜 loss=28.2888 temp=1.00 total_env_steps=4397 t=0.36s
Ep  170: len= 22 白胜 loss=28.4400 temp=1.00 total_env_steps=4419 t=0.25s
Ep  171: len=  6 黑胜 loss=28.4550 temp=1.00 total_env_steps=4425 t=0.08s
Ep  172: len=  4 黑胜 loss=28.4141 temp=1.00 total_env_steps=4429 t=0.07s
Ep  173: len= 35 黑胜 loss=28.3657 temp=1.00 total_env_steps=4464 t=0.39s
Ep  174: len= 34 白胜 loss=28.4562 temp=1.00 total_env_steps=4498 t=0.37s
Ep  175: len=  4 白胜 loss=28.4079 temp=1.00 total_env_steps=4502 t=0.07s
Ep  176: len= 29 黑胜 loss=28.4054 temp=1.00 total_env_steps=4531 t=0.33s
Ep  177: len= 10 黑胜 loss=28.4371 temp=1.00 total_env_steps=4541 t=0.12s
Ep  178: len= 22 白胜 loss=28.4714 temp=1.00 total_env_steps=4563 t=0.27s
Ep  179: len= 27 黑胜 loss=28.2449 temp=1.00 total_env_steps=4590 t=0.30s
Ep  180: len= 38 白胜 loss=28.3517 temp=1.00 total_env_steps=4628 t=0.40s
Ep  181: len=  2 白胜 loss=28.2837 temp=1.00 total_env_steps=4630 t=0.05s
Ep  182: len= 23 黑胜 loss=28.3312 temp=1.00 total_env_steps=4653 t=0.26s
Ep  183: len= 35 黑胜 loss=28.5001 temp=1.00 total_env_steps=4688 t=0.38s
Ep  184: len=  2 白胜 loss=28.4360 temp=1.00 total_env_steps=4690 t=0.05s
Ep  185: len= 33 黑胜 loss=28.5436 temp=1.00 total_env_steps=4723 t=0.34s
Ep  186: len= 44 白胜 loss=28.3849 temp=1.00 total_env_steps=4767 t=0.46s
Ep  187: len=  4 黑胜 loss=28.5752 temp=1.00 total_env_steps=4771 t=0.07s
Ep  188: len=  6 白胜 loss=28.4678 temp=1.00 total_env_steps=4777 t=0.09s
Ep  189: len= 22 白胜 loss=28.3017 temp=1.00 total_env_steps=4799 t=0.24s
Ep  190: len= 23 黑胜 loss=28.4588 temp=1.00 total_env_steps=4822 t=0.27s
Ep  191: len= 48 白胜 loss=28.3866 temp=1.00 total_env_steps=4870 t=0.50s
Ep  192: len=  4 白胜 loss=28.4233 temp=1.00 total_env_steps=4874 t=0.07s
Ep  193: len= 24 白胜 loss=28.5002 temp=1.00 total_env_steps=4898 t=0.26s
Ep  194: len= 26 白胜 loss=28.5145 temp=1.00 total_env_steps=4924 t=0.30s
Ep  195: len=  2 黑胜 loss=28.5039 temp=1.00 total_env_steps=4926 t=0.05s
Ep  196: len= 38 白胜 loss=28.4855 temp=1.00 total_env_steps=4964 t=0.41s
Ep  197: len=  2 黑胜 loss=28.4258 temp=1.00 total_env_steps=4966 t=0.05s
Ep  198: len= 47 黑胜 loss=28.6403 temp=1.00 total_env_steps=5013 t=0.50s
Ep  199: len=  8 白胜 loss=28.3556 temp=1.00 total_env_steps=5021 t=0.09s
Ep  200: len= 23 黑胜 loss=28.4879 temp=1.00 total_env_steps=5044 t=0.28s
  eval vs Gomoku-random-v0: win_rate=1.00 mean_return=1.00（20 局，total_env_steps=5044）
  ✅ 达标 ep=200 total_env_steps=5044
Ep  201: len= 45 黑胜 loss=28.4809 temp=1.00 total_env_steps=5089 t=0.45s
Ep  202: len= 52 白胜 loss=28.4089 temp=1.00 total_env_steps=5141 t=0.55s
Ep  203: len= 42 白胜 loss=28.3640 temp=1.00 total_env_steps=5183 t=0.45s
Ep  204: len= 33 黑胜 loss=28.4850 temp=1.00 total_env_steps=5216 t=0.36s
Ep  205: len= 24 白胜 loss=28.3158 temp=1.00 total_env_steps=5240 t=0.28s
Ep  206: len= 38 白胜 loss=28.2142 temp=1.00 total_env_steps=5278 t=0.41s
Ep  207: len=  2 黑胜 loss=28.3518 temp=1.00 total_env_steps=5280 t=0.06s
Ep  208: len=  2 白胜 loss=28.4899 temp=1.00 total_env_steps=5282 t=0.06s
Ep  209: len= 31 黑胜 loss=28.3599 temp=1.00 total_env_steps=5313 t=0.34s
Ep  210: len= 33 黑胜 loss=28.4902 temp=1.00 total_env_steps=5346 t=0.36s
Ep  211: len=  2 黑胜 loss=28.4938 temp=1.00 total_env_steps=5348 t=0.06s
Ep  212: len= 42 白胜 loss=28.4101 temp=1.00 total_env_steps=5390 t=0.45s
Ep  213: len= 23 黑胜 loss=28.4346 temp=1.00 total_env_steps=5413 t=0.26s
Ep  214: len= 31 黑胜 loss=28.3850 temp=1.00 total_env_steps=5444 t=0.32s
Ep  215: len=  6 黑胜 loss=28.4465 temp=1.00 total_env_steps=5450 t=0.11s
Ep  216: len= 43 黑胜 loss=28.4314 temp=1.00 total_env_steps=5493 t=0.47s
Ep  217: len= 23 黑胜 loss=28.5402 temp=1.00 total_env_steps=5516 t=0.27s
Ep  218: len= 44 白胜 loss=28.3206 temp=1.00 total_env_steps=5560 t=0.48s
Ep  219: len= 19 黑胜 loss=28.3818 temp=1.00 total_env_steps=5579 t=0.24s
Ep  220: len= 43 黑胜 loss=28.2449 temp=1.00 total_env_steps=5622 t=0.45s
Ep  221: len= 31 黑胜 loss=28.3470 temp=1.00 total_env_steps=5653 t=0.35s
Ep  222: len=  2 黑胜 loss=28.3985 temp=1.00 total_env_steps=5655 t=0.06s
Ep  223: len=  2 黑胜 loss=28.5965 temp=1.00 total_env_steps=5657 t=0.06s
Ep  224: len=  6 黑胜 loss=28.4166 temp=1.00 total_env_steps=5663 t=0.10s
Ep  225: len= 21 黑胜 loss=28.4062 temp=1.00 total_env_steps=5684 t=0.25s
Ep  226: len= 35 黑胜 loss=28.4648 temp=1.00 total_env_steps=5719 t=0.37s
Ep  227: len= 43 黑胜 loss=28.3235 temp=1.00 total_env_steps=5762 t=0.45s
Ep  228: len=  2 黑胜 loss=28.4579 temp=1.00 total_env_steps=5764 t=0.06s
Ep  229: len= 40 白胜 loss=28.3872 temp=1.00 total_env_steps=5804 t=0.43s
Ep  230: len= 32 白胜 loss=28.4841 temp=1.00 total_env_steps=5836 t=0.36s
Ep  231: len= 40 白胜 loss=28.5014 temp=1.00 total_env_steps=5876 t=0.41s
Ep  232: len=  4 白胜 loss=28.3503 temp=1.00 total_env_steps=5880 t=0.08s
Ep  233: len=  2 黑胜 loss=28.4324 temp=1.00 total_env_steps=5882 t=0.06s
Ep  234: len= 44 白胜 loss=28.2450 temp=1.00 total_env_steps=5926 t=0.47s
Ep  235: len= 29 黑胜 loss=28.4428 temp=1.00 total_env_steps=5955 t=0.33s
Ep  236: len= 37 黑胜 loss=28.5074 temp=1.00 total_env_steps=5992 t=0.41s
Ep  237: len=  2 白胜 loss=28.3951 temp=1.00 total_env_steps=5994 t=0.06s
Ep  238: len= 30 白胜 loss=28.4452 temp=1.00 total_env_steps=6024 t=0.34s
Ep  239: len= 24 白胜 loss=28.4357 temp=1.00 total_env_steps=6048 t=0.27s
Ep  240: len= 22 白胜 loss=28.4549 temp=1.00 total_env_steps=6070 t=0.26s
Ep  241: len= 32 白胜 loss=28.2557 temp=1.00 total_env_steps=6102 t=0.34s
Ep  242: len= 25 黑胜 loss=28.4446 temp=1.00 total_env_steps=6127 t=0.29s
Ep  243: len= 31 黑胜 loss=28.3600 temp=1.00 total_env_steps=6158 t=0.35s
Ep  244: len= 35 黑胜 loss=28.3681 temp=1.00 total_env_steps=6193 t=0.38s
Ep  245: len=  2 黑胜 loss=28.3006 temp=1.00 total_env_steps=6195 t=0.06s
Ep  246: len= 45 黑胜 loss=28.5548 temp=1.00 total_env_steps=6240 t=0.51s
Ep  247: len= 37 黑胜 loss=28.4212 temp=1.00 total_env_steps=6277 t=0.41s
Ep  248: len=  6 黑胜 loss=28.5119 temp=1.00 total_env_steps=6283 t=0.09s
Ep  249: len= 30 白胜 loss=28.3815 temp=1.00 total_env_steps=6313 t=0.33s
Ep  250: len= 25 黑胜 loss=28.4160 temp=1.00 total_env_steps=6338 t=0.28s
Ep  251: len= 28 白胜 loss=28.4129 temp=1.00 total_env_steps=6366 t=0.31s
Ep  252: len= 34 白胜 loss=28.2682 temp=1.00 total_env_steps=6400 t=0.38s
Ep  253: len=  6 黑胜 loss=28.3503 temp=1.00 total_env_steps=6406 t=0.09s
Ep  254: len= 23 黑胜 loss=28.5241 temp=1.00 total_env_steps=6429 t=0.26s
Ep  255: len= 23 黑胜 loss=28.2974 temp=1.00 total_env_steps=6452 t=0.27s
Ep  256: len= 38 白胜 loss=28.3834 temp=1.00 total_env_steps=6490 t=0.41s
Ep  257: len= 43 黑胜 loss=28.3219 temp=1.00 total_env_steps=6533 t=0.46s
Ep  258: len= 40 白胜 loss=28.3867 temp=1.00 total_env_steps=6573 t=0.42s
Ep  259: len= 52 白胜 loss=28.2680 temp=1.00 total_env_steps=6625 t=0.56s
Ep  260: len= 34 白胜 loss=28.3049 temp=1.00 total_env_steps=6659 t=0.39s
Ep  261: len=  2 黑胜 loss=28.6424 temp=1.00 total_env_steps=6661 t=0.05s
Ep  262: len= 28 白胜 loss=28.5396 temp=1.00 total_env_steps=6689 t=0.31s
Ep  263: len= 18 白胜 loss=28.3111 temp=1.00 total_env_steps=6707 t=0.23s
Ep  264: len=  2 黑胜 loss=28.6065 temp=1.00 total_env_steps=6709 t=0.05s
Ep  265: len= 39 黑胜 loss=28.5854 temp=1.00 total_env_steps=6748 t=0.42s
Ep  266: len= 26 白胜 loss=28.5213 temp=1.00 total_env_steps=6774 t=0.30s
Ep  267: len=  2 黑胜 loss=28.3589 temp=1.00 total_env_steps=6776 t=0.06s
Ep  268: len= 16 白胜 loss=28.3900 temp=1.00 total_env_steps=6792 t=0.21s
Ep  269: len= 45 黑胜 loss=28.4598 temp=1.00 total_env_steps=6837 t=0.48s
Ep  270: len= 27 黑胜 loss=28.3548 temp=1.00 total_env_steps=6864 t=0.29s
Ep  271: len=  4 白胜 loss=28.3759 temp=1.00 total_env_steps=6868 t=0.08s
Ep  272: len= 28 白胜 loss=28.3065 temp=1.00 total_env_steps=6896 t=0.31s
Ep  273: len= 34 白胜 loss=28.1741 temp=1.00 total_env_steps=6930 t=0.37s
Ep  274: len=  2 黑胜 loss=28.5706 temp=1.00 total_env_steps=6932 t=0.06s
Ep  275: len= 36 白胜 loss=28.3801 temp=1.00 total_env_steps=6968 t=0.40s
Ep  276: len= 29 黑胜 loss=28.3817 temp=1.00 total_env_steps=6997 t=0.32s
Ep  277: len= 17 黑胜 loss=28.3126 temp=1.00 total_env_steps=7014 t=0.21s
Ep  278: len= 21 黑胜 loss=28.3213 temp=1.00 total_env_steps=7035 t=0.24s
Ep  279: len= 10 黑胜 loss=28.4520 temp=1.00 total_env_steps=7045 t=0.15s
Ep  280: len= 21 黑胜 loss=28.3093 temp=1.00 total_env_steps=7066 t=0.24s
Ep  281: len=  2 白胜 loss=28.3369 temp=1.00 total_env_steps=7068 t=0.05s
Ep  282: len= 30 白胜 loss=28.4964 temp=1.00 total_env_steps=7098 t=0.34s
Ep  283: len= 36 黑胜 loss=28.1675 temp=1.00 total_env_steps=7134 t=0.39s
Ep  284: len= 25 黑胜 loss=28.3017 temp=1.00 total_env_steps=7159 t=0.29s
Ep  285: len=  2 白胜 loss=28.1449 temp=1.00 total_env_steps=7161 t=0.05s
Ep  286: len=  4 黑胜 loss=28.2668 temp=1.00 total_env_steps=7165 t=0.07s
Ep  287: len= 32 白胜 loss=28.3579 temp=1.00 total_env_steps=7197 t=0.35s
Ep  288: len= 36 白胜 loss=28.4390 temp=1.00 total_env_steps=7233 t=0.40s
Ep  289: len= 23 黑胜 loss=28.2733 temp=1.00 total_env_steps=7256 t=0.25s
Ep  290: len=  4 白胜 loss=28.4576 temp=1.00 total_env_steps=7260 t=0.08s
Ep  291: len= 32 白胜 loss=28.5221 temp=1.00 total_env_steps=7292 t=0.37s
Ep  292: len= 12 白胜 loss=28.4895 temp=1.00 total_env_steps=7304 t=0.15s
Ep  293: len= 30 白胜 loss=28.3549 temp=1.00 total_env_steps=7334 t=0.33s
Ep  294: len= 31 黑胜 loss=28.4291 temp=1.00 total_env_steps=7365 t=0.34s
Ep  295: len= 26 白胜 loss=28.1468 temp=1.00 total_env_steps=7391 t=0.29s
Ep  296: len= 34 白胜 loss=28.3661 temp=1.00 total_env_steps=7425 t=0.37s
Ep  297: len= 29 黑胜 loss=28.4605 temp=1.00 total_env_steps=7454 t=0.32s
Ep  298: len= 20 白胜 loss=28.3307 temp=1.00 total_env_steps=7474 t=0.23s
Ep  299: len= 26 黑胜 loss=28.3141 temp=1.00 total_env_steps=7500 t=0.29s
Ep  300: len=  2 黑胜 loss=28.2101 temp=1.00 total_env_steps=7502 t=0.05s
Ep  301: len= 12 白胜 loss=28.2517 temp=1.00 total_env_steps=7514 t=0.14s
Ep  302: len= 17 黑胜 loss=28.2775 temp=1.00 total_env_steps=7531 t=0.17s
Ep  303: len= 27 黑胜 loss=28.3819 temp=1.00 total_env_steps=7558 t=0.31s
Ep  304: len= 29 黑胜 loss=28.3059 temp=1.00 total_env_steps=7587 t=0.31s
Ep  305: len=  2 黑胜 loss=28.3557 temp=1.00 total_env_steps=7589 t=0.05s
Ep  306: len= 42 白胜 loss=28.1809 temp=1.00 total_env_steps=7631 t=0.45s
Ep  307: len=  6 白胜 loss=28.4765 temp=1.00 total_env_steps=7637 t=0.09s
Ep  308: len= 18 白胜 loss=28.3618 temp=1.00 total_env_steps=7655 t=0.23s
Ep  309: len= 18 白胜 loss=28.2157 temp=1.00 total_env_steps=7673 t=0.21s
Ep  310: len= 25 黑胜 loss=28.1451 temp=1.00 total_env_steps=7698 t=0.28s
Ep  311: len= 22 白胜 loss=28.4093 temp=1.00 total_env_steps=7720 t=0.25s
Ep  312: len= 20 黑胜 loss=28.2994 temp=1.00 total_env_steps=7740 t=0.22s
Ep  313: len= 15 黑胜 loss=28.2902 temp=1.00 total_env_steps=7755 t=0.18s
Ep  314: len= 26 白胜 loss=28.3059 temp=1.00 total_env_steps=7781 t=0.29s
Ep  315: len=  8 白胜 loss=28.3583 temp=1.00 total_env_steps=7789 t=0.11s
Ep  316: len= 35 黑胜 loss=28.3169 temp=1.00 total_env_steps=7824 t=0.38s
Ep  317: len=  4 白胜 loss=28.2871 temp=1.00 total_env_steps=7828 t=0.09s
Ep  318: len= 25 黑胜 loss=28.2331 temp=1.00 total_env_steps=7853 t=0.29s
Ep  319: len= 26 白胜 loss=28.3438 temp=1.00 total_env_steps=7879 t=0.29s
Ep  320: len= 12 白胜 loss=28.4412 temp=1.00 total_env_steps=7891 t=0.15s
Ep  321: len= 30 白胜 loss=28.4531 temp=1.00 total_env_steps=7921 t=0.33s
Ep  322: len= 18 白胜 loss=28.6258 temp=1.00 total_env_steps=7939 t=0.21s
Ep  323: len= 19 黑胜 loss=28.2094 temp=1.00 total_env_steps=7958 t=0.22s
Ep  324: len= 22 白胜 loss=28.2215 temp=1.00 total_env_steps=7980 t=0.26s
Ep  325: len= 28 白胜 loss=28.3252 temp=1.00 total_env_steps=8008 t=0.32s
Ep  326: len= 37 黑胜 loss=28.2765 temp=1.00 total_env_steps=8045 t=0.39s
Ep  327: len= 29 黑胜 loss=28.2573 temp=1.00 total_env_steps=8074 t=0.32s
Ep  328: len= 17 黑胜 loss=28.4762 temp=1.00 total_env_steps=8091 t=0.21s
Ep  329: len= 24 白胜 loss=28.3220 temp=1.00 total_env_steps=8115 t=0.27s
Ep  330: len= 32 白胜 loss=28.2341 temp=1.00 total_env_steps=8147 t=0.33s
Ep  331: len= 33 黑胜 loss=28.3569 temp=1.00 total_env_steps=8180 t=0.37s
Ep  332: len= 30 黑胜 loss=28.4141 temp=1.00 total_env_steps=8210 t=0.33s
Ep  333: len= 27 黑胜 loss=28.2878 temp=1.00 total_env_steps=8237 t=0.30s
Ep  334: len= 22 白胜 loss=28.4624 temp=1.00 total_env_steps=8259 t=0.25s
Ep  335: len= 37 黑胜 loss=28.4933 temp=1.00 total_env_steps=8296 t=0.40s
Ep  336: len= 22 白胜 loss=28.3827 temp=1.00 total_env_steps=8318 t=0.25s
Ep  337: len= 17 黑胜 loss=28.1669 temp=1.00 total_env_steps=8335 t=0.21s
Ep  338: len= 30 白胜 loss=28.2956 temp=1.00 total_env_steps=8365 t=0.34s
Ep  339: len= 24 白胜 loss=28.4013 temp=1.00 total_env_steps=8389 t=0.28s
Ep  340: len= 31 黑胜 loss=28.2330 temp=1.00 total_env_steps=8420 t=0.34s
Ep  341: len= 17 黑胜 loss=28.2717 temp=1.00 total_env_steps=8437 t=0.20s
Ep  342: len= 16 白胜 loss=28.2282 temp=1.00 total_env_steps=8453 t=0.19s
Ep  343: len= 38 白胜 loss=28.2122 temp=1.00 total_env_steps=8491 t=0.42s
Ep  344: len= 34 白胜 loss=28.4032 temp=1.00 total_env_steps=8525 t=0.38s
Ep  345: len= 39 黑胜 loss=28.1951 temp=1.00 total_env_steps=8564 t=0.42s
Ep  346: len= 41 黑胜 loss=28.4069 temp=1.00 total_env_steps=8605 t=0.45s
Ep  347: len= 19 黑胜 loss=28.4489 temp=1.00 total_env_steps=8624 t=0.22s
Ep  348: len=  2 白胜 loss=28.2066 temp=1.00 total_env_steps=8626 t=0.05s
Ep  349: len= 29 黑胜 loss=28.2293 temp=1.00 total_env_steps=8655 t=0.33s
Ep  350: len=  2 白胜 loss=28.3453 temp=1.00 total_env_steps=8657 t=0.05s
Ep  351: len= 24 白胜 loss=28.1809 temp=1.00 total_env_steps=8681 t=0.35s
Ep  352: len= 20 白胜 loss=28.3459 temp=1.00 total_env_steps=8701 t=0.24s
Ep  353: len= 27 黑胜 loss=28.4243 temp=1.00 total_env_steps=8728 t=0.30s
Ep  354: len= 40 白胜 loss=28.2452 temp=1.00 total_env_steps=8768 t=0.42s
Ep  355: len= 26 黑胜 loss=28.4222 temp=1.00 total_env_steps=8794 t=0.28s
Ep  356: len= 26 白胜 loss=28.1439 temp=1.00 total_env_steps=8820 t=0.31s
Ep  357: len=  2 白胜 loss=28.1635 temp=1.00 total_env_steps=8822 t=0.05s
Ep  358: len=  4 白胜 loss=28.2662 temp=1.00 total_env_steps=8826 t=0.06s
Ep  359: len= 33 黑胜 loss=28.5560 temp=1.00 total_env_steps=8859 t=0.38s
Ep  360: len= 25 黑胜 loss=28.2620 temp=1.00 total_env_steps=8884 t=0.28s
Ep  361: len=  8 白胜 loss=28.3063 temp=1.00 total_env_steps=8892 t=0.12s
Ep  362: len= 24 白胜 loss=28.1245 temp=1.00 total_env_steps=8916 t=0.27s
Ep  363: len= 31 黑胜 loss=28.2394 temp=1.00 total_env_steps=8947 t=0.33s
Ep  364: len= 31 黑胜 loss=28.2454 temp=1.00 total_env_steps=8978 t=0.35s
Ep  365: len=  2 黑胜 loss=28.2882 temp=1.00 total_env_steps=8980 t=0.05s
Ep  366: len= 22 白胜 loss=28.1873 temp=1.00 total_env_steps=9002 t=0.26s
Ep  367: len= 37 黑胜 loss=28.0675 temp=1.00 total_env_steps=9039 t=0.41s
Ep  368: len= 21 黑胜 loss=28.2138 temp=1.00 total_env_steps=9060 t=0.25s
Ep  369: len= 22 白胜 loss=28.2312 temp=1.00 total_env_steps=9082 t=0.28s
Ep  370: len= 31 黑胜 loss=28.1298 temp=1.00 total_env_steps=9113 t=0.35s
Ep  371: len= 33 黑胜 loss=28.2120 temp=1.00 total_env_steps=9146 t=0.34s
Ep  372: len= 35 黑胜 loss=28.3784 temp=1.00 total_env_steps=9181 t=0.39s
Ep  373: len= 28 白胜 loss=28.2651 temp=1.00 total_env_steps=9209 t=0.31s
Ep  374: len= 14 白胜 loss=28.2181 temp=1.00 total_env_steps=9223 t=0.17s
Ep  375: len= 21 黑胜 loss=28.4061 temp=1.00 total_env_steps=9244 t=0.25s
Ep  376: len= 30 白胜 loss=28.2076 temp=1.00 total_env_steps=9274 t=0.31s
Ep  377: len= 17 黑胜 loss=28.1732 temp=1.00 total_env_steps=9291 t=0.20s
Ep  378: len= 26 白胜 loss=28.3260 temp=1.00 total_env_steps=9317 t=0.31s
Ep  379: len= 29 黑胜 loss=28.2015 temp=1.00 total_env_steps=9346 t=0.33s
Ep  380: len=  4 黑胜 loss=28.2153 temp=1.00 total_env_steps=9350 t=0.07s
Ep  381: len= 14 白胜 loss=28.1734 temp=1.00 total_env_steps=9364 t=0.18s
Ep  382: len= 20 白胜 loss=28.1969 temp=1.00 total_env_steps=9384 t=0.23s
Ep  383: len= 30 白胜 loss=28.2532 temp=1.00 total_env_steps=9414 t=0.35s
Ep  384: len= 29 黑胜 loss=28.2644 temp=1.00 total_env_steps=9443 t=0.32s
Ep  385: len=  2 白胜 loss=28.2262 temp=1.00 total_env_steps=9445 t=0.06s
Ep  386: len= 17 黑胜 loss=28.2178 temp=1.00 total_env_steps=9462 t=0.21s
Ep  387: len= 14 白胜 loss=28.1266 temp=1.00 total_env_steps=9476 t=0.18s
Ep  388: len= 39 黑胜 loss=28.0591 temp=1.00 total_env_steps=9515 t=0.43s
Ep  389: len= 18 白胜 loss=28.2491 temp=1.00 total_env_steps=9533 t=0.18s
Ep  390: len= 10 白胜 loss=28.1078 temp=1.00 total_env_steps=9543 t=0.12s
Ep  391: len= 31 黑胜 loss=27.9938 temp=1.00 total_env_steps=9574 t=0.36s
Ep  392: len= 26 白胜 loss=28.3481 temp=1.00 total_env_steps=9600 t=0.30s
Ep  393: len= 28 白胜 loss=28.0097 temp=1.00 total_env_steps=9628 t=0.32s
Ep  394: len= 19 黑胜 loss=28.0710 temp=1.00 total_env_steps=9647 t=0.24s
Ep  395: len= 23 黑胜 loss=28.2070 temp=1.00 total_env_steps=9670 t=0.27s
Ep  396: len= 45 黑胜 loss=28.1403 temp=1.00 total_env_steps=9715 t=0.47s
Ep  397: len=  4 黑胜 loss=28.2359 temp=1.00 total_env_steps=9719 t=0.07s
Ep  398: len= 33 黑胜 loss=28.1878 temp=1.00 total_env_steps=9752 t=0.37s
Ep  399: len= 26 白胜 loss=28.2205 temp=1.00 total_env_steps=9778 t=0.30s
Ep  400: len= 27 黑胜 loss=28.3337 temp=1.00 total_env_steps=9805 t=0.32s
  eval vs Gomoku-random-v0: win_rate=1.00 mean_return=1.00（20 局，total_env_steps=9805）
Ep  401: len= 31 黑胜 loss=28.3607 temp=1.00 total_env_steps=9836 t=0.38s
Ep  402: len= 29 黑胜 loss=28.2777 temp=1.00 total_env_steps=9865 t=0.38s
Ep  403: len= 22 白胜 loss=28.1610 temp=1.00 total_env_steps=9887 t=0.26s
Ep  404: len= 13 黑胜 loss=28.2827 temp=1.00 total_env_steps=9900 t=0.19s
Ep  405: len= 25 黑胜 loss=28.2621 temp=1.00 total_env_steps=9925 t=0.30s
Ep  406: len= 13 黑胜 loss=28.2892 temp=1.00 total_env_steps=9938 t=0.19s
Ep  407: len= 30 白胜 loss=28.2440 temp=1.00 total_env_steps=9968 t=0.36s
Ep  408: len= 25 黑胜 loss=28.3530 temp=1.00 total_env_steps=9993 t=0.32s
Ep  409: len= 36 白胜 loss=28.4180 temp=1.00 total_env_steps=10029 t=0.41s
Ep  410: len= 25 黑胜 loss=28.3248 temp=1.00 total_env_steps=10054 t=0.30s
Ep  411: len= 26 白胜 loss=28.2380 temp=1.00 total_env_steps=10080 t=0.33s
Ep  412: len= 11 黑胜 loss=27.9744 temp=1.00 total_env_steps=10091 t=0.17s
Ep  413: len= 24 白胜 loss=28.4522 temp=1.00 total_env_steps=10115 t=0.30s
Ep  414: len= 36 白胜 loss=28.2832 temp=1.00 total_env_steps=10151 t=0.44s
Ep  415: len= 24 白胜 loss=28.3337 temp=1.00 total_env_steps=10175 t=0.29s
Ep  416: len= 40 白胜 loss=28.2722 temp=1.00 total_env_steps=10215 t=0.45s
Ep  417: len= 37 黑胜 loss=28.1761 temp=1.00 total_env_steps=10252 t=0.45s
Ep  418: len= 38 白胜 loss=27.8697 temp=1.00 total_env_steps=10290 t=0.47s
Ep  419: len= 23 黑胜 loss=28.0263 temp=1.00 total_env_steps=10313 t=0.27s
Ep  420: len=  8 白胜 loss=28.2266 temp=1.00 total_env_steps=10321 t=0.12s
Ep  421: len= 24 白胜 loss=28.2010 temp=1.00 total_env_steps=10345 t=0.30s
Ep  422: len= 16 白胜 loss=28.0792 temp=1.00 total_env_steps=10361 t=0.23s
Ep  423: len= 31 黑胜 loss=28.3765 temp=1.00 total_env_steps=10392 t=0.38s
Ep  424: len= 32 白胜 loss=28.0352 temp=1.00 total_env_steps=10424 t=0.40s
Ep  425: len= 23 黑胜 loss=28.4414 temp=1.00 total_env_steps=10447 t=0.29s
Ep  426: len= 31 黑胜 loss=28.1735 temp=1.00 total_env_steps=10478 t=0.38s
Ep  427: len= 11 白胜 loss=27.9800 temp=1.00 total_env_steps=10489 t=0.15s
Ep  428: len= 14 白胜 loss=28.2025 temp=1.00 total_env_steps=10503 t=0.19s
Ep  429: len= 25 黑胜 loss=28.0576 temp=1.00 total_env_steps=10528 t=0.30s
Ep  430: len= 33 黑胜 loss=28.1077 temp=1.00 total_env_steps=10561 t=0.38s
Ep  431: len= 29 黑胜 loss=28.0870 temp=1.00 total_env_steps=10590 t=0.35s
Ep  432: len= 21 黑胜 loss=28.2712 temp=1.00 total_env_steps=10611 t=0.25s
Ep  433: len= 29 黑胜 loss=28.3037 temp=1.00 total_env_steps=10640 t=0.36s
Ep  434: len=  2 白胜 loss=28.4527 temp=1.00 total_env_steps=10642 t=0.06s
Ep  435: len= 14 黑胜 loss=28.1415 temp=1.00 total_env_steps=10656 t=0.18s
Ep  436: len= 23 黑胜 loss=28.3185 temp=1.00 total_env_steps=10679 t=0.28s
Ep  437: len= 40 白胜 loss=28.0875 temp=1.00 total_env_steps=10719 t=0.46s
Ep  438: len= 26 黑胜 loss=28.0324 temp=1.00 total_env_steps=10745 t=0.34s
Ep  439: len= 13 黑胜 loss=28.0402 temp=1.00 total_env_steps=10758 t=0.18s
Ep  440: len= 20 黑胜 loss=28.1802 temp=1.00 total_env_steps=10778 t=0.25s
Ep  441: len= 29 黑胜 loss=28.2917 temp=1.00 total_env_steps=10807 t=0.36s
Ep  442: len= 38 黑胜 loss=28.1943 temp=1.00 total_env_steps=10845 t=0.46s
Ep  443: len= 22 白胜 loss=28.0904 temp=1.00 total_env_steps=10867 t=0.27s
Ep  444: len= 33 黑胜 loss=28.2640 temp=1.00 total_env_steps=10900 t=0.40s
Ep  445: len= 23 黑胜 loss=28.2544 temp=1.00 total_env_steps=10923 t=0.28s
Ep  446: len= 20 白胜 loss=28.3149 temp=1.00 total_env_steps=10943 t=0.27s
Ep  447: len= 20 白胜 loss=28.0574 temp=1.00 total_env_steps=10963 t=0.24s
Ep  448: len= 18 白胜 loss=28.2000 temp=1.00 total_env_steps=10981 t=0.25s
Ep  449: len=  4 白胜 loss=28.0148 temp=1.00 total_env_steps=10985 t=0.08s
Ep  450: len= 33 黑胜 loss=28.0263 temp=1.00 total_env_steps=11018 t=0.40s
Ep  451: len= 26 白胜 loss=28.1937 temp=1.00 total_env_steps=11044 t=0.31s
Ep  452: len= 25 黑胜 loss=28.1365 temp=1.00 total_env_steps=11069 t=0.30s
Ep  453: len= 16 白胜 loss=28.1392 temp=1.00 total_env_steps=11085 t=0.22s
Ep  454: len= 28 白胜 loss=28.4444 temp=1.00 total_env_steps=11113 t=0.33s
Ep  455: len= 34 白胜 loss=28.0001 temp=1.00 total_env_steps=11147 t=0.38s
Ep  456: len= 12 白胜 loss=28.0584 temp=1.00 total_env_steps=11159 t=0.17s
Ep  457: len= 27 黑胜 loss=28.0110 temp=1.00 total_env_steps=11186 t=0.32s
Ep  458: len= 31 黑胜 loss=28.1672 temp=1.00 total_env_steps=11217 t=0.38s
Ep  459: len=  2 白胜 loss=28.0132 temp=1.00 total_env_steps=11219 t=0.06s
Ep  460: len= 27 黑胜 loss=28.2046 temp=1.00 total_env_steps=11246 t=0.32s
Ep  461: len= 26 白胜 loss=27.9267 temp=1.00 total_env_steps=11272 t=0.31s
Ep  462: len= 27 黑胜 loss=28.3574 temp=1.00 total_env_steps=11299 t=0.32s
Ep  463: len= 17 黑胜 loss=28.0839 temp=1.00 total_env_steps=11316 t=0.23s
Ep  464: len= 37 黑胜 loss=28.2368 temp=1.00 total_env_steps=11353 t=0.43s
Ep  465: len= 34 白胜 loss=28.0958 temp=1.00 total_env_steps=11387 t=0.40s
Ep  466: len= 19 黑胜 loss=28.0376 temp=1.00 total_env_steps=11406 t=0.26s
Ep  467: len= 15 黑胜 loss=28.1870 temp=1.00 total_env_steps=11421 t=0.19s
Ep  468: len= 10 白胜 loss=28.0570 temp=1.00 total_env_steps=11431 t=0.14s
Ep  469: len= 31 黑胜 loss=28.1414 temp=1.00 total_env_steps=11462 t=0.39s
Ep  470: len= 28 白胜 loss=28.1601 temp=1.00 total_env_steps=11490 t=0.35s
Ep  471: len= 24 黑胜 loss=28.0915 temp=1.00 total_env_steps=11514 t=0.29s
Ep  472: len= 10 白胜 loss=28.2337 temp=1.00 total_env_steps=11524 t=0.14s
Ep  473: len= 25 黑胜 loss=27.9561 temp=1.00 total_env_steps=11549 t=0.33s
Ep  474: len= 28 白胜 loss=28.1416 temp=1.00 total_env_steps=11577 t=0.34s
Ep  475: len=  2 白胜 loss=28.0408 temp=1.00 total_env_steps=11579 t=0.05s
Ep  476: len= 41 黑胜 loss=28.1447 temp=1.00 total_env_steps=11620 t=0.46s
Ep  477: len=  8 黑胜 loss=28.2171 temp=1.00 total_env_steps=11628 t=0.13s
Ep  478: len= 37 黑胜 loss=28.1925 temp=1.00 total_env_steps=11665 t=0.46s
Ep  479: len= 31 黑胜 loss=27.9453 temp=1.00 total_env_steps=11696 t=0.38s
Ep  480: len= 25 黑胜 loss=28.1204 temp=1.00 total_env_steps=11721 t=0.33s
Ep  481: len= 31 黑胜 loss=28.3619 temp=1.00 total_env_steps=11752 t=0.38s
Ep  482: len= 21 黑胜 loss=28.1043 temp=1.00 total_env_steps=11773 t=0.27s
Ep  483: len= 21 黑胜 loss=28.1838 temp=1.00 total_env_steps=11794 t=0.26s
Ep  484: len= 33 黑胜 loss=28.1597 temp=1.00 total_env_steps=11827 t=0.38s
Ep  485: len= 21 白胜 loss=28.0717 temp=1.00 total_env_steps=11848 t=0.25s
Ep  486: len= 25 黑胜 loss=27.9952 temp=1.00 total_env_steps=11873 t=0.31s
Ep  487: len= 27 黑胜 loss=28.2958 temp=1.00 total_env_steps=11900 t=0.33s
Ep  488: len=  2 白胜 loss=28.0243 temp=1.00 total_env_steps=11902 t=0.06s
Ep  489: len= 25 黑胜 loss=28.0847 temp=1.00 total_env_steps=11927 t=0.31s
Ep  490: len= 23 黑胜 loss=27.8095 temp=1.00 total_env_steps=11950 t=0.29s
Ep  491: len= 31 黑胜 loss=28.2355 temp=1.00 total_env_steps=11981 t=0.38s
Ep  492: len= 33 黑胜 loss=28.0793 temp=1.00 total_env_steps=12014 t=0.40s
Ep  493: len= 20 白胜 loss=28.1120 temp=1.00 total_env_steps=12034 t=0.27s
Ep  494: len= 20 黑胜 loss=28.1000 temp=1.00 total_env_steps=12054 t=0.25s
Ep  495: len= 27 黑胜 loss=27.9971 temp=1.00 total_env_steps=12081 t=0.32s
Ep  496: len= 13 黑胜 loss=27.7341 temp=1.00 total_env_steps=12094 t=0.19s
Ep  497: len= 25 黑胜 loss=27.9567 temp=1.00 total_env_steps=12119 t=0.30s
Ep  498: len=  2 白胜 loss=28.0702 temp=1.00 total_env_steps=12121 t=0.06s
Ep  499: len= 22 白胜 loss=27.9185 temp=1.00 total_env_steps=12143 t=0.28s
Ep  500: len= 20 白胜 loss=28.0836 temp=1.00 total_env_steps=12163 t=0.26s
Ep  501: len= 29 黑胜 loss=28.0652 temp=1.00 total_env_steps=12192 t=0.37s
Ep  502: len= 23 黑胜 loss=28.1136 temp=1.00 total_env_steps=12215 t=0.29s
Ep  503: len= 23 黑胜 loss=28.1827 temp=1.00 total_env_steps=12238 t=0.31s
Ep  504: len= 34 白胜 loss=28.1795 temp=1.00 total_env_steps=12272 t=0.45s
Ep  505: len= 22 白胜 loss=28.1777 temp=1.00 total_env_steps=12294 t=0.27s
Ep  506: len= 22 黑胜 loss=27.9294 temp=1.00 total_env_steps=12316 t=0.28s
Ep  507: len= 26 黑胜 loss=28.1872 temp=1.00 total_env_steps=12342 t=0.32s
Ep  508: len= 12 黑胜 loss=27.9783 temp=1.00 total_env_steps=12354 t=0.16s
Ep  509: len= 32 白胜 loss=28.0216 temp=1.00 total_env_steps=12386 t=0.35s
Ep  510: len= 30 白胜 loss=27.9322 temp=1.00 total_env_steps=12416 t=0.37s
Ep  511: len=  6 黑胜 loss=28.1274 temp=1.00 total_env_steps=12422 t=0.10s
Ep  512: len= 26 黑胜 loss=28.0885 temp=1.00 total_env_steps=12448 t=0.38s
Ep  513: len= 31 黑胜 loss=27.8650 temp=1.00 total_env_steps=12479 t=0.38s
Ep  514: len= 33 黑胜 loss=27.9691 temp=1.00 total_env_steps=12512 t=0.41s
Ep  515: len= 32 白胜 loss=28.1749 temp=1.00 total_env_steps=12544 t=0.43s
Ep  516: len= 19 黑胜 loss=28.0832 temp=1.00 total_env_steps=12563 t=0.26s
Ep  517: len= 28 白胜 loss=27.9876 temp=1.00 total_env_steps=12591 t=0.34s
Ep  518: len= 29 黑胜 loss=28.0405 temp=1.00 total_env_steps=12620 t=0.35s
Ep  519: len= 22 白胜 loss=28.0917 temp=1.00 total_env_steps=12642 t=0.27s
Ep  520: len= 31 黑胜 loss=27.8497 temp=1.00 total_env_steps=12673 t=0.38s
Ep  521: len= 14 黑胜 loss=27.9960 temp=1.00 total_env_steps=12687 t=0.21s
Ep  522: len= 30 白胜 loss=27.9415 temp=1.00 total_env_steps=12717 t=0.38s
Ep  523: len= 23 黑胜 loss=28.3561 temp=1.00 total_env_steps=12740 t=0.30s
Ep  524: len= 23 黑胜 loss=28.2083 temp=1.00 total_env_steps=12763 t=0.31s
Ep  525: len= 27 黑胜 loss=28.0871 temp=1.00 total_env_steps=12790 t=0.34s
Ep  526: len= 41 黑胜 loss=28.2510 temp=1.00 total_env_steps=12831 t=0.47s
Ep  527: len= 15 黑胜 loss=28.0934 temp=1.00 total_env_steps=12846 t=0.20s
Ep  528: len= 31 黑胜 loss=28.1028 temp=1.00 total_env_steps=12877 t=0.37s
Ep  529: len= 42 白胜 loss=28.0626 temp=1.00 total_env_steps=12919 t=0.45s
Ep  530: len= 33 黑胜 loss=28.0372 temp=1.00 total_env_steps=12952 t=0.40s
Ep  531: len= 27 黑胜 loss=28.2924 temp=1.00 total_env_steps=12979 t=0.32s
Ep  532: len= 15 黑胜 loss=28.1423 temp=1.00 total_env_steps=12994 t=0.21s
Ep  533: len= 31 黑胜 loss=27.8320 temp=1.00 total_env_steps=13025 t=0.36s
Ep  534: len= 27 黑胜 loss=27.7077 temp=1.00 total_env_steps=13052 t=0.31s
Ep  535: len= 31 黑胜 loss=27.9509 temp=1.00 total_env_steps=13083 t=0.38s
Ep  536: len= 18 白胜 loss=28.1507 temp=1.00 total_env_steps=13101 t=0.21s
Ep  537: len= 25 黑胜 loss=27.9687 temp=1.00 total_env_steps=13126 t=0.32s
Ep  538: len= 29 黑胜 loss=27.7029 temp=1.00 total_env_steps=13155 t=0.34s
Ep  539: len= 10 黑胜 loss=27.8509 temp=1.00 total_env_steps=13165 t=0.14s
Ep  540: len= 21 黑胜 loss=28.2364 temp=1.00 total_env_steps=13186 t=0.27s
Ep  541: len= 34 白胜 loss=27.9857 temp=1.00 total_env_steps=13220 t=0.40s
Ep  542: len= 11 白胜 loss=27.9655 temp=1.00 total_env_steps=13231 t=0.16s
Ep  543: len= 27 黑胜 loss=28.0877 temp=1.00 total_env_steps=13258 t=0.34s
Ep  544: len= 22 白胜 loss=27.8572 temp=1.00 total_env_steps=13280 t=0.28s
Ep  545: len=  8 黑胜 loss=28.0564 temp=1.00 total_env_steps=13288 t=0.12s
Ep  546: len=  2 黑胜 loss=28.2332 temp=1.00 total_env_steps=13290 t=0.07s
Ep  547: len= 40 白胜 loss=27.8249 temp=1.00 total_env_steps=13330 t=0.46s
Ep  548: len= 23 黑胜 loss=27.9319 temp=1.00 total_env_steps=13353 t=0.30s
Ep  549: len= 15 黑胜 loss=27.7656 temp=1.00 total_env_steps=13368 t=0.21s
Ep  550: len= 29 黑胜 loss=28.0111 temp=1.00 total_env_steps=13397 t=0.42s
Ep  551: len= 28 黑胜 loss=27.9134 temp=1.00 total_env_steps=13425 t=0.32s
Ep  552: len= 36 白胜 loss=27.8400 temp=1.00 total_env_steps=13461 t=0.40s
Ep  553: len= 24 白胜 loss=27.8951 temp=1.00 total_env_steps=13485 t=0.32s
Ep  554: len= 23 黑胜 loss=28.2000 temp=1.00 total_env_steps=13508 t=0.31s
Ep  555: len= 15 黑胜 loss=27.8739 temp=1.00 total_env_steps=13523 t=0.19s
Ep  556: len= 32 白胜 loss=27.8204 temp=1.00 total_env_steps=13555 t=0.37s
Ep  557: len=  4 黑胜 loss=27.9064 temp=1.00 total_env_steps=13559 t=0.07s
Ep  558: len= 31 黑胜 loss=27.9143 temp=1.00 total_env_steps=13590 t=0.38s
Ep  559: len= 34 白胜 loss=27.7680 temp=1.00 total_env_steps=13624 t=0.39s
Ep  560: len= 24 白胜 loss=28.1034 temp=1.00 total_env_steps=13648 t=0.28s
Ep  561: len= 22 白胜 loss=27.8213 temp=1.00 total_env_steps=13670 t=0.28s
Ep  562: len= 35 黑胜 loss=28.1569 temp=1.00 total_env_steps=13705 t=0.42s
Ep  563: len= 35 黑胜 loss=27.9748 temp=1.00 total_env_steps=13740 t=0.41s
Ep  564: len= 18 黑胜 loss=27.6795 temp=1.00 total_env_steps=13758 t=0.23s
Ep  565: len= 37 黑胜 loss=28.0753 temp=1.00 total_env_steps=13795 t=0.42s
Ep  566: len= 12 白胜 loss=27.8463 temp=1.00 total_env_steps=13807 t=0.17s
Ep  567: len= 12 黑胜 loss=27.9956 temp=1.00 total_env_steps=13819 t=0.17s
Ep  568: len= 38 白胜 loss=27.7008 temp=1.00 total_env_steps=13857 t=0.45s
Ep  569: len= 22 白胜 loss=28.0115 temp=1.00 total_env_steps=13879 t=0.28s
Ep  570: len= 15 黑胜 loss=28.0791 temp=1.00 total_env_steps=13894 t=0.22s
Ep  571: len= 29 黑胜 loss=28.0533 temp=1.00 total_env_steps=13923 t=0.35s
Ep  572: len= 36 白胜 loss=27.9231 temp=1.00 total_env_steps=13959 t=0.46s
Ep  573: len= 16 黑胜 loss=27.6825 temp=1.00 total_env_steps=13975 t=0.22s
Ep  574: len= 37 黑胜 loss=27.6499 temp=1.00 total_env_steps=14012 t=0.62s
Ep  575: len= 27 黑胜 loss=27.8338 temp=1.00 total_env_steps=14039 t=1.88s
Ep  576: len=  8 黑胜 loss=27.9763 temp=1.00 total_env_steps=14047 t=0.20s
Ep  577: len= 36 白胜 loss=27.6274 temp=1.00 total_env_steps=14083 t=0.61s
Ep  578: len= 18 白胜 loss=28.0027 temp=1.00 total_env_steps=14101 t=0.43s
Ep  579: len= 17 黑胜 loss=27.7296 temp=1.00 total_env_steps=14118 t=0.42s
Ep  580: len= 25 黑胜 loss=27.8687 temp=1.00 total_env_steps=14143 t=0.45s
Ep  581: len= 27 黑胜 loss=27.7091 temp=1.00 total_env_steps=14170 t=0.43s
Ep  582: len= 33 黑胜 loss=27.9930 temp=1.00 total_env_steps=14203 t=0.53s
Ep  583: len= 31 黑胜 loss=27.8451 temp=1.00 total_env_steps=14234 t=0.49s
Ep  584: len= 29 黑胜 loss=27.9717 temp=1.00 total_env_steps=14263 t=0.42s
Ep  585: len= 27 黑胜 loss=27.8109 temp=1.00 total_env_steps=14290 t=0.65s
Ep  586: len= 27 黑胜 loss=28.1581 temp=1.00 total_env_steps=14317 t=0.80s
Ep  587: len= 30 白胜 loss=27.6248 temp=1.00 total_env_steps=14347 t=0.59s
Ep  588: len= 22 白胜 loss=28.0217 temp=1.00 total_env_steps=14369 t=0.43s
Ep  589: len= 25 黑胜 loss=28.0337 temp=1.00 total_env_steps=14394 t=0.36s
Ep  590: len= 36 白胜 loss=27.8944 temp=1.00 total_env_steps=14430 t=0.53s
Ep  591: len= 14 白胜 loss=27.7343 temp=1.00 total_env_steps=14444 t=0.22s
Ep  592: len= 35 黑胜 loss=27.8097 temp=1.00 total_env_steps=14479 t=0.46s
Ep  593: len=  5 白胜 loss=28.1174 temp=1.00 total_env_steps=14484 t=0.11s
Ep  594: len= 18 白胜 loss=27.9122 temp=1.00 total_env_steps=14502 t=0.26s
Ep  595: len= 21 黑胜 loss=27.6914 temp=1.00 total_env_steps=14523 t=0.28s
Ep  596: len= 24 白胜 loss=27.6167 temp=1.00 total_env_steps=14547 t=0.33s
Ep  597: len= 35 白胜 loss=27.4166 temp=1.00 total_env_steps=14582 t=0.42s
Ep  598: len= 25 黑胜 loss=27.8596 temp=1.00 total_env_steps=14607 t=0.35s
Ep  599: len= 35 黑胜 loss=27.5690 temp=1.00 total_env_steps=14642 t=0.46s
Ep  600: len= 37 黑胜 loss=27.8904 temp=1.00 total_env_steps=14679 t=0.58s
  eval vs Gomoku-random-v0: win_rate=1.00 mean_return=1.00（20 局，total_env_steps=14679）
Ep  601: len=  8 白胜 loss=27.8025 temp=1.00 total_env_steps=14687 t=0.22s
Ep  602: len=  8 黑胜 loss=27.8273 temp=1.00 total_env_steps=14695 t=0.22s
Ep  603: len=  9 黑胜 loss=27.7371 temp=1.00 total_env_steps=14704 t=0.24s
Ep  604: len= 22 白胜 loss=27.8874 temp=1.00 total_env_steps=14726 t=0.51s
Ep  605: len= 35 黑胜 loss=27.6914 temp=1.00 total_env_steps=14761 t=0.81s
Ep  606: len= 34 白胜 loss=27.8452 temp=1.00 total_env_steps=14795 t=0.74s
Ep  607: len= 28 白胜 loss=27.7562 temp=1.00 total_env_steps=14823 t=0.60s
Ep  608: len=  4 白胜 loss=27.6555 temp=1.00 total_env_steps=14827 t=0.14s
Ep  609: len= 27 黑胜 loss=27.7268 temp=1.00 total_env_steps=14854 t=0.61s
Ep  610: len= 22 白胜 loss=27.8716 temp=1.00 total_env_steps=14876 t=0.49s
Ep  611: len= 31 白胜 loss=27.5936 temp=1.00 total_env_steps=14907 t=0.69s
Ep  612: len= 19 黑胜 loss=27.5953 temp=1.00 total_env_steps=14926 t=0.42s
Ep  613: len=  2 黑胜 loss=27.6616 temp=1.00 total_env_steps=14928 t=0.11s
Ep  614: len= 25 白胜 loss=27.9298 temp=1.00 total_env_steps=14953 t=0.59s
Ep  615: len= 24 白胜 loss=27.6990 temp=1.00 total_env_steps=14977 t=0.55s
Ep  616: len= 23 黑胜 loss=27.7059 temp=1.00 total_env_steps=15000 t=0.58s
Ep  617: len= 29 黑胜 loss=27.7390 temp=1.00 total_env_steps=15029 t=0.66s
Ep  618: len= 10 白胜 loss=27.7613 temp=1.00 total_env_steps=15039 t=0.28s
Ep  619: len= 26 白胜 loss=27.8073 temp=1.00 total_env_steps=15065 t=0.61s
Ep  620: len= 25 黑胜 loss=27.6475 temp=1.00 total_env_steps=15090 t=0.59s
Ep  621: len= 34 白胜 loss=27.9498 temp=1.00 total_env_steps=15124 t=0.82s
Ep  622: len= 29 黑胜 loss=27.6496 temp=1.00 total_env_steps=15153 t=0.68s
Ep  623: len= 36 白胜 loss=27.7955 temp=1.00 total_env_steps=15189 t=0.86s
Ep  624: len= 33 黑胜 loss=27.5739 temp=1.00 total_env_steps=15222 t=0.86s
Ep  625: len= 29 黑胜 loss=28.0392 temp=1.00 total_env_steps=15251 t=0.76s
Ep  626: len= 34 白胜 loss=27.8778 temp=1.00 total_env_steps=15285 t=0.90s
Ep  627: len= 23 黑胜 loss=27.8784 temp=1.00 total_env_steps=15308 t=0.67s
Ep  628: len= 17 黑胜 loss=27.6345 temp=1.00 total_env_steps=15325 t=0.53s
Ep  629: len= 21 黑胜 loss=27.7909 temp=1.00 total_env_steps=15346 t=0.59s
Ep  630: len= 19 黑胜 loss=27.8623 temp=1.00 total_env_steps=15365 t=0.55s
Ep  631: len= 30 白胜 loss=27.5819 temp=1.00 total_env_steps=15395 t=0.85s
Ep  632: len= 16 白胜 loss=27.6081 temp=1.00 total_env_steps=15411 t=0.44s
Ep  633: len= 18 白胜 loss=27.7196 temp=1.00 total_env_steps=15429 t=0.46s
Ep  634: len= 25 黑胜 loss=27.8044 temp=1.00 total_env_steps=15454 t=0.63s
Ep  635: len= 31 黑胜 loss=27.7331 temp=1.00 total_env_steps=15485 t=0.75s
Ep  636: len= 41 黑胜 loss=27.6876 temp=1.00 total_env_steps=15526 t=0.91s
Ep  637: len= 37 黑胜 loss=27.4539 temp=1.00 total_env_steps=15563 t=0.88s
Ep  638: len= 11 白胜 loss=27.6350 temp=1.00 total_env_steps=15574 t=0.31s
Ep  639: len= 32 白胜 loss=27.9060 temp=1.00 total_env_steps=15606 t=0.74s
Ep  640: len= 18 黑胜 loss=27.7110 temp=1.00 total_env_steps=15624 t=0.47s
Ep  641: len= 39 黑胜 loss=27.7981 temp=1.00 total_env_steps=15663 t=0.91s
Ep  642: len= 21 黑胜 loss=27.6561 temp=1.00 total_env_steps=15684 t=0.50s
Ep  643: len= 47 黑胜 loss=27.3878 temp=1.00 total_env_steps=15731 t=0.99s
Ep  644: len= 27 黑胜 loss=27.6465 temp=1.00 total_env_steps=15758 t=0.64s
Ep  645: len= 29 黑胜 loss=27.7812 temp=1.00 total_env_steps=15787 t=0.67s
Ep  646: len= 23 黑胜 loss=27.6466 temp=1.00 total_env_steps=15810 t=0.54s
Ep  647: len= 10 白胜 loss=27.2822 temp=1.00 total_env_steps=15820 t=0.29s
Ep  648: len= 21 黑胜 loss=27.6153 temp=1.00 total_env_steps=15841 t=0.52s
Ep  649: len= 12 白胜 loss=27.6400 temp=1.00 total_env_steps=15853 t=0.35s
Ep  650: len= 33 黑胜 loss=27.5238 temp=1.00 total_env_steps=15886 t=0.72s
Ep  651: len= 28 白胜 loss=27.0902 temp=1.00 total_env_steps=15914 t=0.64s
Ep  652: len= 32 白胜 loss=27.5706 temp=1.00 total_env_steps=15946 t=0.76s
Ep  653: len= 23 黑胜 loss=27.5825 temp=1.00 total_env_steps=15969 t=0.58s
Ep  654: len= 29 黑胜 loss=27.5582 temp=1.00 total_env_steps=15998 t=0.66s
Ep  655: len= 17 黑胜 loss=27.6866 temp=1.00 total_env_steps=16015 t=0.43s
Ep  656: len=  2 白胜 loss=27.5472 temp=1.00 total_env_steps=16017 t=0.11s
Ep  657: len= 14 黑胜 loss=27.7251 temp=1.00 total_env_steps=16031 t=0.36s
Ep  658: len= 37 黑胜 loss=27.5675 temp=1.00 total_env_steps=16068 t=0.84s
Ep  659: len= 20 白胜 loss=27.8436 temp=1.00 total_env_steps=16088 t=0.46s
Ep  660: len= 16 黑胜 loss=27.6251 temp=1.00 total_env_steps=16104 t=0.40s
Ep  661: len= 27 黑胜 loss=27.7115 temp=1.00 total_env_steps=16131 t=0.62s
Ep  662: len= 37 黑胜 loss=27.6232 temp=1.00 total_env_steps=16168 t=0.80s
Ep  663: len=  8 黑胜 loss=27.7993 temp=1.00 total_env_steps=16176 t=0.25s
Ep  664: len= 33 黑胜 loss=27.4826 temp=1.00 total_env_steps=16209 t=0.72s
Ep  665: len= 33 黑胜 loss=27.5821 temp=1.00 total_env_steps=16242 t=0.73s
Ep  666: len= 16 白胜 loss=27.3650 temp=1.00 total_env_steps=16258 t=0.39s
Ep  667: len= 41 黑胜 loss=27.7545 temp=1.00 total_env_steps=16299 t=0.91s
Ep  668: len= 34 白胜 loss=27.5058 temp=1.00 total_env_steps=16333 t=0.78s
Ep  669: len= 21 黑胜 loss=27.4388 temp=1.00 total_env_steps=16354 t=0.54s
Ep  670: len= 19 黑胜 loss=27.3466 temp=1.00 total_env_steps=16373 t=0.45s
Ep  671: len= 27 黑胜 loss=27.6393 temp=1.00 total_env_steps=16400 t=0.65s
Ep  672: len= 18 白胜 loss=27.6443 temp=1.00 total_env_steps=16418 t=0.41s
Ep  673: len=  2 黑胜 loss=27.6663 temp=1.00 total_env_steps=16420 t=0.13s
Ep  674: len= 36 白胜 loss=27.5722 temp=1.00 total_env_steps=16456 t=0.81s
Ep  675: len= 35 黑胜 loss=27.4648 temp=1.00 total_env_steps=16491 t=0.79s
Ep  676: len= 29 黑胜 loss=27.7988 temp=1.00 total_env_steps=16520 t=0.67s
Ep  677: len= 17 黑胜 loss=27.6548 temp=1.00 total_env_steps=16537 t=0.45s
Ep  678: len= 19 黑胜 loss=27.4384 temp=1.00 total_env_steps=16556 t=0.47s
Ep  679: len= 37 黑胜 loss=27.5294 temp=1.00 total_env_steps=16593 t=0.82s
Ep  680: len= 33 黑胜 loss=27.4665 temp=1.00 total_env_steps=16626 t=0.77s
Ep  681: len=  2 白胜 loss=27.3725 temp=1.00 total_env_steps=16628 t=0.13s
Ep  682: len= 38 白胜 loss=27.5211 temp=1.00 total_env_steps=16666 t=0.91s
Ep  683: len= 33 黑胜 loss=27.6264 temp=1.00 total_env_steps=16699 t=0.81s
Ep  684: len=  6 黑胜 loss=27.2325 temp=1.00 total_env_steps=16705 t=0.19s
Ep  685: len= 37 黑胜 loss=27.4967 temp=1.00 total_env_steps=16742 t=0.82s
Ep  686: len= 36 白胜 loss=27.6796 temp=1.00 total_env_steps=16778 t=0.82s
Ep  687: len=  2 黑胜 loss=27.3745 temp=1.00 total_env_steps=16780 t=0.14s
Ep  688: len= 29 黑胜 loss=27.5975 temp=1.00 total_env_steps=16809 t=0.68s
Ep  689: len= 39 黑胜 loss=27.3761 temp=1.00 total_env_steps=16848 t=0.87s
Ep  690: len= 31 黑胜 loss=27.5883 temp=1.00 total_env_steps=16879 t=0.75s
Ep  691: len= 19 黑胜 loss=27.4042 temp=1.00 total_env_steps=16898 t=0.49s
Ep  692: len= 32 白胜 loss=27.5453 temp=1.00 total_env_steps=16930 t=0.75s
Ep  693: len= 35 黑胜 loss=27.8415 temp=1.00 total_env_steps=16965 t=0.87s
Ep  694: len= 36 白胜 loss=27.6457 temp=1.00 total_env_steps=17001 t=0.85s
Ep  695: len=  9 黑胜 loss=27.6348 temp=1.00 total_env_steps=17010 t=0.32s
Ep  696: len= 27 黑胜 loss=27.3516 temp=1.00 total_env_steps=17037 t=0.66s
Ep  697: len= 19 黑胜 loss=27.4845 temp=1.00 total_env_steps=17056 t=0.50s
Ep  698: len= 37 黑胜 loss=27.7960 temp=1.00 total_env_steps=17093 t=0.88s
Ep  699: len= 27 黑胜 loss=27.5727 temp=1.00 total_env_steps=17120 t=0.64s
Ep  700: len= 34 白胜 loss=27.7137 temp=1.00 total_env_steps=17154 t=0.79s
Ep  701: len=  8 黑胜 loss=27.6775 temp=1.00 total_env_steps=17162 t=0.27s
Ep  702: len= 18 黑胜 loss=27.2022 temp=1.00 total_env_steps=17180 t=0.45s
Ep  703: len= 27 黑胜 loss=27.6978 temp=1.00 total_env_steps=17207 t=0.63s
Ep  704: len= 12 黑胜 loss=27.3966 temp=1.00 total_env_steps=17219 t=0.35s
Ep  705: len= 31 黑胜 loss=27.4002 temp=1.00 total_env_steps=17250 t=0.73s
Ep  706: len= 22 白胜 loss=27.7768 temp=1.00 total_env_steps=17272 t=0.54s
Ep  707: len= 35 黑胜 loss=27.3215 temp=1.00 total_env_steps=17307 t=0.84s
Ep  708: len= 25 黑胜 loss=27.4407 temp=1.00 total_env_steps=17332 t=0.61s
Ep  709: len= 21 黑胜 loss=27.4898 temp=1.00 total_env_steps=17353 t=0.53s
Ep  710: len= 50 白胜 loss=27.6426 temp=1.00 total_env_steps=17403 t=1.11s
Ep  711: len= 31 黑胜 loss=27.3906 temp=1.00 total_env_steps=17434 t=0.72s
Ep  712: len= 33 黑胜 loss=27.4272 temp=1.00 total_env_steps=17467 t=0.77s
Ep  713: len= 20 白胜 loss=27.8087 temp=1.00 total_env_steps=17487 t=0.52s
Ep  714: len=  2 白胜 loss=27.6201 temp=1.00 total_env_steps=17489 t=0.19s
Ep  715: len= 37 黑胜 loss=27.6037 temp=1.00 total_env_steps=17526 t=1.14s
Ep  716: len= 21 黑胜 loss=27.6376 temp=1.00 total_env_steps=17547 t=0.54s
Ep  717: len= 27 黑胜 loss=27.2445 temp=1.00 total_env_steps=17574 t=0.66s
Ep  718: len= 14 白胜 loss=27.4736 temp=1.00 total_env_steps=17588 t=0.37s
Ep  719: len= 39 黑胜 loss=27.4723 temp=1.00 total_env_steps=17627 t=0.92s
Ep  720: len= 25 黑胜 loss=27.4482 temp=1.00 total_env_steps=17652 t=0.61s
Ep  721: len= 39 黑胜 loss=27.5099 temp=1.00 total_env_steps=17691 t=0.87s
Ep  722: len= 23 黑胜 loss=27.5699 temp=1.00 total_env_steps=17714 t=0.59s
Ep  723: len= 31 黑胜 loss=27.4151 temp=1.00 total_env_steps=17745 t=0.71s
Ep  724: len= 18 白胜 loss=27.4043 temp=1.00 total_env_steps=17763 t=0.47s
Ep  725: len= 19 黑胜 loss=27.3919 temp=1.00 total_env_steps=17782 t=0.49s
Ep  726: len= 27 黑胜 loss=27.5896 temp=1.00 total_env_steps=17809 t=0.62s
Ep  727: len= 15 黑胜 loss=27.4086 temp=1.00 total_env_steps=17824 t=0.42s
Ep  728: len= 41 黑胜 loss=27.2358 temp=1.00 total_env_steps=17865 t=0.92s
Ep  729: len= 30 白胜 loss=27.6109 temp=1.00 total_env_steps=17895 t=0.71s
Ep  730: len= 12 白胜 loss=27.4025 temp=1.00 total_env_steps=17907 t=0.34s
Ep  731: len= 39 黑胜 loss=27.1863 temp=1.00 total_env_steps=17946 t=0.87s
Ep  732: len=  2 黑胜 loss=27.6100 temp=1.00 total_env_steps=17948 t=0.14s
Ep  733: len= 23 黑胜 loss=27.4871 temp=1.00 total_env_steps=17971 t=0.59s
Ep  734: len= 24 白胜 loss=27.2268 temp=1.00 total_env_steps=17995 t=0.59s
Ep  735: len= 27 黑胜 loss=27.6550 temp=1.00 total_env_steps=18022 t=0.67s
Ep  736: len= 16 黑胜 loss=27.1772 temp=1.00 total_env_steps=18038 t=0.40s
Ep  737: len= 34 白胜 loss=27.5506 temp=1.00 total_env_steps=18072 t=0.81s
Ep  738: len= 23 黑胜 loss=27.4916 temp=1.00 total_env_steps=18095 t=0.60s
Ep  739: len= 21 黑胜 loss=27.3426 temp=1.00 total_env_steps=18116 t=0.59s
Ep  740: len= 21 黑胜 loss=27.0387 temp=1.00 total_env_steps=18137 t=0.58s
Ep  741: len= 28 白胜 loss=27.4548 temp=1.00 total_env_steps=18165 t=0.62s
Ep  742: len= 21 黑胜 loss=27.4114 temp=1.00 total_env_steps=18186 t=0.54s
Ep  743: len=  2 白胜 loss=27.5750 temp=1.00 total_env_steps=18188 t=0.16s
Ep  744: len= 39 黑胜 loss=27.6061 temp=1.00 total_env_steps=18227 t=1.02s
Ep  745: len= 38 白胜 loss=27.2477 temp=1.00 total_env_steps=18265 t=1.01s
Ep  746: len= 27 黑胜 loss=27.5227 temp=1.00 total_env_steps=18292 t=0.69s
Ep  747: len=  6 黑胜 loss=27.2921 temp=1.00 total_env_steps=18298 t=0.18s
Ep  748: len= 34 白胜 loss=27.5354 temp=1.00 total_env_steps=18332 t=0.73s
Ep  749: len= 18 黑胜 loss=27.3596 temp=1.00 total_env_steps=18350 t=0.44s
Ep  750: len=  6 白胜 loss=27.5868 temp=1.00 total_env_steps=18356 t=0.19s
Ep  751: len= 39 黑胜 loss=27.4302 temp=1.00 total_env_steps=18395 t=0.80s
Ep  752: len= 24 白胜 loss=27.5185 temp=1.00 total_env_steps=18419 t=0.54s
Ep  753: len= 23 黑胜 loss=27.2885 temp=1.00 total_env_steps=18442 t=0.53s
Ep  754: len= 34 白胜 loss=27.6022 temp=1.00 total_env_steps=18476 t=0.79s
Ep  755: len= 26 白胜 loss=27.3197 temp=1.00 total_env_steps=18502 t=0.59s
Ep  756: len=  4 白胜 loss=27.4625 temp=1.00 total_env_steps=18506 t=0.17s
Ep  757: len= 25 黑胜 loss=27.4892 temp=1.00 total_env_steps=18531 t=0.57s
Ep  758: len= 22 白胜 loss=27.4195 temp=1.00 total_env_steps=18553 t=0.54s
Ep  759: len= 31 黑胜 loss=27.1537 temp=1.00 total_env_steps=18584 t=0.74s
Ep  760: len= 29 黑胜 loss=27.7180 temp=1.00 total_env_steps=18613 t=0.81s
Ep  761: len= 32 白胜 loss=27.4050 temp=1.00 total_env_steps=18645 t=0.95s
Ep  762: len= 21 黑胜 loss=27.2448 temp=1.00 total_env_steps=18666 t=0.67s
Ep  763: len= 23 黑胜 loss=26.9495 temp=1.00 total_env_steps=18689 t=0.67s
Ep  764: len=  2 白胜 loss=26.8569 temp=1.00 total_env_steps=18691 t=0.16s
Ep  765: len= 25 黑胜 loss=27.0735 temp=1.00 total_env_steps=18716 t=0.74s
Ep  766: len= 10 黑胜 loss=27.0806 temp=1.00 total_env_steps=18726 t=0.36s
Ep  767: len= 19 黑胜 loss=27.4183 temp=1.00 total_env_steps=18745 t=0.58s
Ep  768: len= 33 黑胜 loss=27.6957 temp=1.00 total_env_steps=18778 t=0.96s
Ep  769: len= 21 黑胜 loss=26.9187 temp=1.00 total_env_steps=18799 t=0.63s
Ep  770: len= 29 黑胜 loss=27.4346 temp=1.00 total_env_steps=18828 t=0.82s
Ep  771: len= 49 黑胜 loss=27.3775 temp=1.00 total_env_steps=18877 t=1.22s
Ep  772: len= 26 白胜 loss=27.6635 temp=1.00 total_env_steps=18903 t=0.78s
Ep  773: len= 25 黑胜 loss=27.3502 temp=1.00 total_env_steps=18928 t=0.73s
Ep  774: len= 23 黑胜 loss=27.2268 temp=1.00 total_env_steps=18951 t=0.67s
Ep  775: len= 29 黑胜 loss=27.6002 temp=1.00 total_env_steps=18980 t=0.83s
Ep  776: len= 39 黑胜 loss=27.3229 temp=1.00 total_env_steps=19019 t=1.00s
Ep  777: len= 29 黑胜 loss=27.2447 temp=1.00 total_env_steps=19048 t=0.69s
Ep  778: len= 27 白胜 loss=27.4811 temp=1.00 total_env_steps=19075 t=0.70s
Ep  779: len= 31 黑胜 loss=27.1931 temp=1.00 total_env_steps=19106 t=0.80s
Ep  780: len= 21 黑胜 loss=27.4098 temp=1.00 total_env_steps=19127 t=0.55s
Ep  781: len= 34 白胜 loss=27.4357 temp=1.00 total_env_steps=19161 t=0.80s
Ep  782: len= 21 黑胜 loss=27.4095 temp=1.00 total_env_steps=19182 t=0.64s
Ep  783: len= 22 白胜 loss=27.3041 temp=1.00 total_env_steps=19204 t=0.57s
Ep  784: len= 23 黑胜 loss=27.4664 temp=1.00 total_env_steps=19227 t=0.63s
Ep  785: len= 22 白胜 loss=27.0993 temp=1.00 total_env_steps=19249 t=0.58s
Ep  786: len= 18 白胜 loss=27.4111 temp=1.00 total_env_steps=19267 t=0.50s
Ep  787: len= 22 黑胜 loss=27.2047 temp=1.00 total_env_steps=19289 t=0.60s
Ep  788: len= 29 黑胜 loss=27.6112 temp=1.00 total_env_steps=19318 t=0.78s
Ep  789: len= 35 黑胜 loss=26.8822 temp=1.00 total_env_steps=19353 t=0.94s
Ep  790: len= 21 黑胜 loss=27.1924 temp=1.00 total_env_steps=19374 t=0.59s
Ep  791: len=  9 黑胜 loss=27.2350 temp=1.00 total_env_steps=19383 t=0.32s
Ep  792: len= 13 黑胜 loss=26.8325 temp=1.00 total_env_steps=19396 t=0.42s
Ep  793: len= 18 白胜 loss=27.2704 temp=1.00 total_env_steps=19414 t=0.50s
Ep  794: len= 20 白胜 loss=27.3075 temp=1.00 total_env_steps=19434 t=0.56s
Ep  795: len= 25 黑胜 loss=27.1984 temp=1.00 total_env_steps=19459 t=0.67s
Ep  796: len= 35 黑胜 loss=27.0891 temp=1.00 total_env_steps=19494 t=0.88s
Ep  797: len= 18 白胜 loss=27.5297 temp=1.00 total_env_steps=19512 t=0.48s
Ep  798: len= 16 黑胜 loss=27.1015 temp=1.00 total_env_steps=19528 t=0.45s
Ep  799: len= 27 黑胜 loss=27.3667 temp=1.00 total_env_steps=19555 t=0.73s
Ep  800: len= 31 黑胜 loss=27.4292 temp=1.00 total_env_steps=19586 t=0.78s
  eval vs Gomoku-random-v0: win_rate=1.00 mean_return=1.00（20 局，total_env_steps=19586）
Ep  801: len= 24 白胜 loss=27.3326 temp=1.00 total_env_steps=19610 t=0.62s
Ep  802: len= 25 黑胜 loss=27.1127 temp=1.00 total_env_steps=19635 t=0.63s
Ep  803: len= 28 白胜 loss=27.5122 temp=1.00 total_env_steps=19663 t=0.73s
Ep  804: len= 23 黑胜 loss=27.3059 temp=1.00 total_env_steps=19686 t=0.61s
Ep  805: len= 24 白胜 loss=27.2633 temp=1.00 total_env_steps=19710 t=0.65s
Ep  806: len=  2 黑胜 loss=27.0767 temp=1.00 total_env_steps=19712 t=0.15s
Ep  807: len= 21 黑胜 loss=27.3010 temp=1.00 total_env_steps=19733 t=0.54s
Ep  808: len= 20 白胜 loss=27.2736 temp=1.00 total_env_steps=19753 t=0.54s
Ep  809: len= 26 白胜 loss=27.4023 temp=1.00 total_env_steps=19779 t=0.67s
Ep  810: len= 37 黑胜 loss=26.9307 temp=1.00 total_env_steps=19816 t=0.88s
Ep  811: len= 31 黑胜 loss=27.0022 temp=1.00 total_env_steps=19847 t=0.81s
Ep  812: len=  4 黑胜 loss=27.1419 temp=1.00 total_env_steps=19851 t=0.20s
Ep  813: len= 22 白胜 loss=27.0467 temp=1.00 total_env_steps=19873 t=0.57s
Ep  814: len= 27 黑胜 loss=27.5692 temp=1.00 total_env_steps=19900 t=0.75s
Ep  815: len= 28 白胜 loss=26.9705 temp=1.00 total_env_steps=19928 t=0.73s
Ep  816: len= 29 黑胜 loss=27.0342 temp=1.00 total_env_steps=19957 t=0.71s
Ep  817: len= 29 黑胜 loss=26.8820 temp=1.00 total_env_steps=19986 t=0.72s
Ep  818: len=  2 黑胜 loss=27.3370 temp=1.00 total_env_steps=19988 t=0.17s
Ep  819: len= 30 白胜 loss=27.1413 temp=1.00 total_env_steps=20018 t=0.74s
Ep  820: len= 16 白胜 loss=26.8045 temp=1.00 total_env_steps=20034 t=0.44s
Ep  821: len= 27 黑胜 loss=27.1322 temp=1.00 total_env_steps=20061 t=0.71s
Ep  822: len= 19 黑胜 loss=27.5229 temp=1.00 total_env_steps=20080 t=0.54s
Ep  823: len= 19 黑胜 loss=27.1748 temp=1.00 total_env_steps=20099 t=0.54s
Ep  824: len= 23 黑胜 loss=27.2156 temp=1.00 total_env_steps=20122 t=0.64s
Ep  825: len= 36 黑胜 loss=27.3000 temp=1.00 total_env_steps=20158 t=0.84s
Ep  826: len= 31 黑胜 loss=27.5884 temp=1.00 total_env_steps=20189 t=0.83s
Ep  827: len= 21 黑胜 loss=27.5583 temp=1.00 total_env_steps=20210 t=0.58s
Ep  828: len= 25 黑胜 loss=27.0161 temp=1.00 total_env_steps=20235 t=0.62s
Ep  829: len= 27 黑胜 loss=27.0497 temp=1.00 total_env_steps=20262 t=0.70s
Ep  830: len= 29 黑胜 loss=27.2095 temp=1.00 total_env_steps=20291 t=0.72s
Ep  831: len= 17 黑胜 loss=27.2145 temp=1.00 total_env_steps=20308 t=0.49s
Ep  832: len= 33 黑胜 loss=27.1983 temp=1.00 total_env_steps=20341 t=0.84s
Ep  833: len= 21 黑胜 loss=26.8565 temp=1.00 total_env_steps=20362 t=0.55s
Ep  834: len= 31 黑胜 loss=27.0984 temp=1.00 total_env_steps=20393 t=0.80s
Ep  835: len=  2 白胜 loss=27.3769 temp=1.00 total_env_steps=20395 t=0.13s
Ep  836: len= 33 黑胜 loss=27.1771 temp=1.00 total_env_steps=20428 t=0.84s
Ep  837: len= 29 黑胜 loss=27.3091 temp=1.00 total_env_steps=20457 t=0.75s
Ep  838: len= 27 黑胜 loss=27.0982 temp=1.00 total_env_steps=20484 t=0.70s
Ep  839: len= 26 白胜 loss=26.8861 temp=1.00 total_env_steps=20510 t=0.63s
Ep  840: len= 16 白胜 loss=27.5618 temp=1.00 total_env_steps=20526 t=0.48s
Ep  841: len= 21 黑胜 loss=27.2390 temp=1.00 total_env_steps=20547 t=0.56s
Ep  842: len= 21 黑胜 loss=26.4665 temp=1.00 total_env_steps=20568 t=0.57s
Ep  843: len= 25 黑胜 loss=26.8030 temp=1.00 total_env_steps=20593 t=0.65s
Ep  844: len= 27 黑胜 loss=27.0427 temp=1.00 total_env_steps=20620 t=0.65s
Ep  845: len= 21 黑胜 loss=27.0208 temp=1.00 total_env_steps=20641 t=0.60s
Ep  846: len= 19 黑胜 loss=26.9000 temp=1.00 total_env_steps=20660 t=0.53s
Ep  847: len= 29 黑胜 loss=27.4349 temp=1.00 total_env_steps=20689 t=0.73s
Ep  848: len= 21 黑胜 loss=26.4933 temp=1.00 total_env_steps=20710 t=0.60s
Ep  849: len= 25 黑胜 loss=26.6795 temp=1.00 total_env_steps=20735 t=0.68s
Ep  850: len= 22 白胜 loss=26.5811 temp=1.00 total_env_steps=20757 t=0.60s
Ep  851: len= 22 白胜 loss=27.2579 temp=1.00 total_env_steps=20779 t=0.63s
Ep  852: len=  5 白胜 loss=27.3158 temp=1.00 total_env_steps=20784 t=0.25s
Ep  853: len=  2 白胜 loss=27.0755 temp=1.00 total_env_steps=20786 t=0.16s
Ep  854: len= 25 黑胜 loss=26.6395 temp=1.00 total_env_steps=20811 t=0.65s
Ep  855: len= 21 黑胜 loss=26.6234 temp=1.00 total_env_steps=20832 t=0.63s
Ep  856: len=  6 黑胜 loss=27.2076 temp=1.00 total_env_steps=20838 t=0.23s
Ep  857: len= 23 黑胜 loss=26.8552 temp=1.00 total_env_steps=20861 t=0.58s
Ep  858: len=  4 白胜 loss=26.8658 temp=1.00 total_env_steps=20865 t=0.19s
Ep  859: len= 21 黑胜 loss=26.9870 temp=1.00 total_env_steps=20886 t=0.57s
Ep  860: len= 29 黑胜 loss=27.2881 temp=1.00 total_env_steps=20915 t=0.71s
Ep  861: len=  2 黑胜 loss=27.0282 temp=1.00 total_env_steps=20917 t=0.14s
Ep  862: len= 21 黑胜 loss=27.0908 temp=1.00 total_env_steps=20938 t=0.57s
Ep  863: len= 23 黑胜 loss=27.1863 temp=1.00 total_env_steps=20961 t=0.59s
Ep  864: len=  2 白胜 loss=27.0088 temp=1.00 total_env_steps=20963 t=0.16s
Ep  865: len= 26 黑胜 loss=26.7906 temp=1.00 total_env_steps=20989 t=0.64s
Ep  866: len= 18 白胜 loss=26.9067 temp=1.00 total_env_steps=21007 t=0.50s
Ep  867: len= 31 黑胜 loss=26.8056 temp=1.00 total_env_steps=21038 t=0.77s
Ep  868: len= 20 黑胜 loss=26.6549 temp=1.00 total_env_steps=21058 t=0.53s
Ep  869: len= 36 白胜 loss=26.3311 temp=1.00 total_env_steps=21094 t=0.89s
Ep  870: len= 32 黑胜 loss=26.8123 temp=1.00 total_env_steps=21126 t=0.77s
Ep  871: len= 21 黑胜 loss=26.8163 temp=1.00 total_env_steps=21147 t=0.59s
Ep  872: len= 27 黑胜 loss=27.4491 temp=1.00 total_env_steps=21174 t=0.75s
Ep  873: len=  2 白胜 loss=26.5208 temp=1.00 total_env_steps=21176 t=0.17s
Ep  874: len= 25 黑胜 loss=27.0782 temp=1.00 total_env_steps=21201 t=0.67s
Ep  875: len= 31 黑胜 loss=26.4687 temp=1.00 total_env_steps=21232 t=0.77s
Ep  876: len= 24 白胜 loss=26.9445 temp=1.00 total_env_steps=21256 t=0.63s
Ep  877: len=  8 白胜 loss=26.9131 temp=1.00 total_env_steps=21264 t=0.28s
Ep  878: len= 37 黑胜 loss=26.9980 temp=1.00 total_env_steps=21301 t=0.96s
Ep  879: len= 19 黑胜 loss=26.5616 temp=1.00 total_env_steps=21320 t=0.55s
Ep  880: len= 10 白胜 loss=26.7988 temp=1.00 total_env_steps=21330 t=0.28s
Ep  881: len= 21 黑胜 loss=26.6579 temp=1.00 total_env_steps=21351 t=0.51s
Ep  882: len= 17 黑胜 loss=26.8425 temp=1.00 total_env_steps=21368 t=0.46s
Ep  883: len= 25 黑胜 loss=27.1506 temp=1.00 total_env_steps=21393 t=0.62s
Ep  884: len= 14 白胜 loss=26.5507 temp=1.00 total_env_steps=21407 t=0.39s
Ep  885: len= 17 黑胜 loss=26.8005 temp=1.00 total_env_steps=21424 t=0.42s
Ep  886: len= 21 黑胜 loss=26.5924 temp=1.00 total_env_steps=21445 t=0.52s
Ep  887: len= 23 黑胜 loss=26.6067 temp=1.00 total_env_steps=21468 t=0.61s
Ep  888: len= 25 黑胜 loss=27.1498 temp=1.00 total_env_steps=21493 t=0.56s
Ep  889: len= 25 黑胜 loss=26.3660 temp=1.00 total_env_steps=21518 t=0.40s
Ep  890: len= 10 白胜 loss=26.9287 temp=1.00 total_env_steps=21528 t=0.16s
Ep  891: len= 10 白胜 loss=26.5375 temp=1.00 total_env_steps=21538 t=0.16s
Ep  892: len= 10 白胜 loss=27.0683 temp=1.00 total_env_steps=21548 t=0.14s
Ep  893: len= 25 黑胜 loss=26.7629 temp=1.00 total_env_steps=21573 t=0.33s
Ep  894: len= 18 白胜 loss=27.2343 temp=1.00 total_env_steps=21591 t=0.23s
Ep  895: len= 27 黑胜 loss=26.6112 temp=1.00 total_env_steps=21618 t=0.34s
Ep  896: len= 37 黑胜 loss=27.0626 temp=1.00 total_env_steps=21655 t=0.42s
Ep  897: len= 23 黑胜 loss=26.6768 temp=1.00 total_env_steps=21678 t=0.31s
Ep  898: len= 21 黑胜 loss=26.3812 temp=1.00 total_env_steps=21699 t=0.27s
Ep  899: len= 23 黑胜 loss=26.5113 temp=1.00 total_env_steps=21722 t=0.28s
Ep  900: len= 25 黑胜 loss=26.5994 temp=1.00 total_env_steps=21747 t=0.32s
Ep  901: len= 19 黑胜 loss=26.8235 temp=1.00 total_env_steps=21766 t=0.25s
Ep  902: len= 22 白胜 loss=26.6665 temp=1.00 total_env_steps=21788 t=0.28s
Ep  903: len= 42 白胜 loss=26.3825 temp=1.00 total_env_steps=21830 t=0.51s
Ep  904: len=  4 白胜 loss=26.4564 temp=1.00 total_env_steps=21834 t=0.09s
Ep  905: len= 19 黑胜 loss=26.5116 temp=1.00 total_env_steps=21853 t=0.26s
Ep  906: len=  2 黑胜 loss=26.7414 temp=1.00 total_env_steps=21855 t=0.06s
Ep  907: len= 21 黑胜 loss=25.8197 temp=1.00 total_env_steps=21876 t=0.27s
Ep  908: len= 20 白胜 loss=26.8469 temp=1.00 total_env_steps=21896 t=0.25s
Ep  909: len= 27 黑胜 loss=26.5437 temp=1.00 total_env_steps=21923 t=0.31s
Ep  910: len= 31 黑胜 loss=26.2543 temp=1.00 total_env_steps=21954 t=0.38s
Ep  911: len= 10 白胜 loss=26.6028 temp=1.00 total_env_steps=21964 t=0.15s
Ep  912: len= 21 黑胜 loss=26.8388 temp=1.00 total_env_steps=21985 t=0.27s
Ep  913: len=  4 白胜 loss=26.3781 temp=1.00 total_env_steps=21989 t=0.06s
Ep  914: len= 22 白胜 loss=26.6016 temp=1.00 total_env_steps=22011 t=0.29s
Ep  915: len= 23 黑胜 loss=26.4354 temp=1.00 total_env_steps=22034 t=0.27s
Ep  916: len=  2 黑胜 loss=26.7430 temp=1.00 total_env_steps=22036 t=0.07s
Ep  917: len= 41 黑胜 loss=26.8975 temp=1.00 total_env_steps=22077 t=0.47s
Ep  918: len= 33 黑胜 loss=27.0111 temp=1.00 total_env_steps=22110 t=0.40s
Ep  919: len= 29 黑胜 loss=26.5411 temp=1.00 total_env_steps=22139 t=0.37s
Ep  920: len= 19 黑胜 loss=26.3831 temp=1.00 total_env_steps=22158 t=0.24s
Ep  921: len= 26 白胜 loss=26.3312 temp=1.00 total_env_steps=22184 t=0.31s
Ep  922: len= 19 黑胜 loss=27.3350 temp=1.00 total_env_steps=22203 t=0.25s
Ep  923: len= 25 黑胜 loss=26.6055 temp=1.00 total_env_steps=22228 t=0.31s
Ep  924: len= 19 黑胜 loss=26.7361 temp=1.00 total_env_steps=22247 t=0.24s
Ep  925: len= 29 黑胜 loss=26.8830 temp=1.00 total_env_steps=22276 t=0.37s
Ep  926: len= 19 黑胜 loss=25.6753 temp=1.00 total_env_steps=22295 t=0.26s
Ep  927: len= 32 白胜 loss=26.6398 temp=1.00 total_env_steps=22327 t=0.37s
Ep  928: len= 20 白胜 loss=25.9844 temp=1.00 total_env_steps=22347 t=0.27s
Ep  929: len= 21 黑胜 loss=26.4649 temp=1.00 total_env_steps=22368 t=0.30s
Ep  930: len= 21 黑胜 loss=26.1528 temp=1.00 total_env_steps=22389 t=0.28s
Ep  931: len= 17 黑胜 loss=26.3051 temp=1.00 total_env_steps=22406 t=0.22s
Ep  932: len= 21 黑胜 loss=26.3936 temp=1.00 total_env_steps=22427 t=0.26s
Ep  933: len= 30 白胜 loss=26.8921 temp=1.00 total_env_steps=22457 t=0.37s
Ep  934: len= 21 黑胜 loss=26.8108 temp=1.00 total_env_steps=22478 t=0.26s
Ep  935: len= 27 黑胜 loss=26.8970 temp=1.00 total_env_steps=22505 t=0.33s
Ep  936: len= 31 黑胜 loss=26.5986 temp=1.00 total_env_steps=22536 t=0.39s
Ep  937: len= 23 黑胜 loss=26.5622 temp=1.00 total_env_steps=22559 t=0.29s
Ep  938: len=  8 黑胜 loss=26.0461 temp=1.00 total_env_steps=22567 t=0.13s
Ep  939: len= 19 黑胜 loss=26.9190 temp=1.00 total_env_steps=22586 t=0.24s
Ep  940: len= 23 黑胜 loss=26.5204 temp=1.00 total_env_steps=22609 t=0.29s
Ep  941: len= 27 黑胜 loss=26.4746 temp=1.00 total_env_steps=22636 t=0.32s
Ep  942: len= 23 黑胜 loss=26.3425 temp=1.00 total_env_steps=22659 t=0.29s
Ep  943: len= 20 白胜 loss=26.3526 temp=1.00 total_env_steps=22679 t=0.26s
Ep  944: len= 17 黑胜 loss=26.4358 temp=1.00 total_env_steps=22696 t=0.24s
Ep  945: len= 23 黑胜 loss=26.2140 temp=1.00 total_env_steps=22719 t=0.26s
Ep  946: len= 10 黑胜 loss=26.0005 temp=1.00 total_env_steps=22729 t=0.14s
Ep  947: len= 12 白胜 loss=26.4571 temp=1.00 total_env_steps=22741 t=0.16s
Ep  948: len= 11 黑胜 loss=26.0835 temp=1.00 total_env_steps=22752 t=0.17s
Ep  949: len= 42 白胜 loss=26.1370 temp=1.00 total_env_steps=22794 t=0.48s
Ep  950: len= 32 白胜 loss=26.5393 temp=1.00 total_env_steps=22826 t=0.38s
Ep  951: len= 27 黑胜 loss=26.6978 temp=1.00 total_env_steps=22853 t=0.31s
Ep  952: len= 25 黑胜 loss=26.6464 temp=1.00 total_env_steps=22878 t=0.30s
Ep  953: len= 23 黑胜 loss=25.9569 temp=1.00 total_env_steps=22901 t=0.28s
Ep  954: len= 21 黑胜 loss=25.9477 temp=1.00 total_env_steps=22922 t=0.26s
Ep  955: len= 23 黑胜 loss=25.9140 temp=1.00 total_env_steps=22945 t=0.28s
Ep  956: len= 17 黑胜 loss=26.1385 temp=1.00 total_env_steps=22962 t=0.22s
Ep  957: len= 19 黑胜 loss=26.6070 temp=1.00 total_env_steps=22981 t=0.23s
Ep  958: len=  4 黑胜 loss=26.4594 temp=1.00 total_env_steps=22985 t=0.08s
Ep  959: len= 21 黑胜 loss=26.2653 temp=1.00 total_env_steps=23006 t=0.26s
Ep  960: len= 21 黑胜 loss=26.2476 temp=1.00 total_env_steps=23027 t=0.26s
Ep  961: len= 29 黑胜 loss=26.0236 temp=1.00 total_env_steps=23056 t=0.33s
Ep  962: len= 17 黑胜 loss=26.4089 temp=1.00 total_env_steps=23073 t=0.21s
Ep  963: len= 37 黑胜 loss=26.6956 temp=1.00 total_env_steps=23110 t=0.41s
Ep  964: len= 23 黑胜 loss=25.9490 temp=1.00 total_env_steps=23133 t=0.28s
Ep  965: len= 25 黑胜 loss=26.3026 temp=1.00 total_env_steps=23158 t=0.30s
Ep  966: len= 17 黑胜 loss=26.7125 temp=1.00 total_env_steps=23175 t=0.23s
Ep  967: len= 31 黑胜 loss=26.6143 temp=1.00 total_env_steps=23206 t=0.36s
Ep  968: len= 31 黑胜 loss=26.2815 temp=1.00 total_env_steps=23237 t=0.36s
Ep  969: len= 16 黑胜 loss=25.9945 temp=1.00 total_env_steps=23253 t=0.22s
Ep  970: len= 15 黑胜 loss=26.5257 temp=1.00 total_env_steps=23268 t=0.20s
Ep  971: len= 15 黑胜 loss=26.1190 temp=1.00 total_env_steps=23283 t=0.19s
Ep  972: len= 23 黑胜 loss=26.2616 temp=1.00 total_env_steps=23306 t=0.27s
Ep  973: len= 19 黑胜 loss=26.1787 temp=1.00 total_env_steps=23325 t=0.26s
Ep  974: len= 21 黑胜 loss=26.1613 temp=1.00 total_env_steps=23346 t=0.27s
Ep  975: len= 17 黑胜 loss=26.4409 temp=1.00 total_env_steps=23363 t=0.20s
Ep  976: len= 29 黑胜 loss=26.2235 temp=1.00 total_env_steps=23392 t=0.33s
Ep  977: len= 18 白胜 loss=26.2599 temp=1.00 total_env_steps=23410 t=0.24s
Ep  978: len= 33 黑胜 loss=26.0216 temp=1.00 total_env_steps=23443 t=0.38s
Ep  979: len= 19 黑胜 loss=25.7669 temp=1.00 total_env_steps=23462 t=0.24s
Ep  980: len= 19 黑胜 loss=25.5587 temp=1.00 total_env_steps=23481 t=0.23s
Ep  981: len= 19 黑胜 loss=25.6643 temp=1.00 total_env_steps=23500 t=0.23s
Ep  982: len= 33 黑胜 loss=26.0952 temp=1.00 total_env_steps=23533 t=0.39s
Ep  983: len=  2 黑胜 loss=25.8763 temp=1.00 total_env_steps=23535 t=0.06s
Ep  984: len= 19 黑胜 loss=26.1469 temp=1.00 total_env_steps=23554 t=0.23s
Ep  985: len= 19 黑胜 loss=25.4957 temp=1.00 total_env_steps=23573 t=0.24s
Ep  986: len= 23 黑胜 loss=26.2715 temp=1.00 total_env_steps=23596 t=0.28s
Ep  987: len= 23 黑胜 loss=26.3108 temp=1.00 total_env_steps=23619 t=0.27s
Ep  988: len= 29 黑胜 loss=26.1385 temp=1.00 total_env_steps=23648 t=0.34s
Ep  989: len=  2 黑胜 loss=25.8583 temp=1.00 total_env_steps=23650 t=0.05s
Ep  990: len= 19 黑胜 loss=25.7576 temp=1.00 total_env_steps=23669 t=0.23s
Ep  991: len= 23 黑胜 loss=26.3268 temp=1.00 total_env_steps=23692 t=0.27s
Ep  992: len= 19 黑胜 loss=25.7920 temp=1.00 total_env_steps=23711 t=0.23s
Ep  993: len= 17 黑胜 loss=25.6999 temp=1.00 total_env_steps=23728 t=0.20s
Ep  994: len= 19 黑胜 loss=26.5466 temp=1.00 total_env_steps=23747 t=0.24s
Ep  995: len= 19 黑胜 loss=25.5220 temp=1.00 total_env_steps=23766 t=0.23s
Ep  996: len=  2 黑胜 loss=26.3816 temp=1.00 total_env_steps=23768 t=0.05s
Ep  997: len= 26 白胜 loss=25.6529 temp=1.00 total_env_steps=23794 t=0.30s
Ep  998: len= 23 黑胜 loss=26.0413 temp=1.00 total_env_steps=23817 t=0.27s
Ep  999: len= 23 黑胜 loss=25.3765 temp=1.00 total_env_steps=23840 t=0.27s
Ep 1000: len= 32 白胜 loss=25.4169 temp=1.00 total_env_steps=23872 t=0.36s
  eval vs Gomoku-random-v0: win_rate=1.00 mean_return=1.00（20 局，total_env_steps=23872）
  📸 已拍权重快照（ep=1000，gating 对弈基准）
Ep 1001: len= 17 黑胜 loss=25.9646 temp=1.00 total_env_steps=23889 t=0.22s
Ep 1002: len= 17 黑胜 loss=25.2236 temp=1.00 total_env_steps=23906 t=0.21s
Ep 1003: len= 28 白胜 loss=25.0412 temp=1.00 total_env_steps=23934 t=0.32s
Ep 1004: len= 16 黑胜 loss=26.1078 temp=1.00 total_env_steps=23950 t=0.20s
Ep 1005: len=  6 黑胜 loss=25.8464 temp=1.00 total_env_steps=23956 t=0.09s
Ep 1006: len= 33 黑胜 loss=25.5937 temp=1.00 total_env_steps=23989 t=0.37s
Ep 1007: len= 21 黑胜 loss=25.7666 temp=1.00 total_env_steps=24010 t=0.26s
Ep 1008: len= 19 黑胜 loss=25.9272 temp=1.00 total_env_steps=24029 t=0.23s
Ep 1009: len= 15 黑胜 loss=25.7594 temp=1.00 total_env_steps=24044 t=0.19s
Ep 1010: len= 23 黑胜 loss=25.0843 temp=1.00 total_env_steps=24067 t=0.27s
Ep 1011: len=  4 白胜 loss=25.6860 temp=1.00 total_env_steps=24071 t=0.08s
Ep 1012: len= 23 黑胜 loss=25.2705 temp=1.00 total_env_steps=24094 t=0.28s
Ep 1013: len=  4 白胜 loss=26.1393 temp=1.00 total_env_steps=24098 t=0.07s
Ep 1014: len= 19 黑胜 loss=25.6309 temp=1.00 total_env_steps=24117 t=0.23s
Ep 1015: len= 29 黑胜 loss=25.4278 temp=1.00 total_env_steps=24146 t=0.32s
Ep 1016: len= 19 黑胜 loss=25.7032 temp=1.00 total_env_steps=24165 t=0.23s
Ep 1017: len= 19 黑胜 loss=25.4138 temp=1.00 total_env_steps=24184 t=0.23s
Ep 1018: len= 21 黑胜 loss=26.2072 temp=1.00 total_env_steps=24205 t=0.25s
Ep 1019: len= 15 黑胜 loss=24.9363 temp=1.00 total_env_steps=24220 t=0.19s
Ep 1020: len= 25 黑胜 loss=25.5224 temp=1.00 total_env_steps=24245 t=0.28s
Ep 1021: len= 19 黑胜 loss=25.5458 temp=1.00 total_env_steps=24264 t=0.23s
Ep 1022: len=  8 黑胜 loss=25.5395 temp=1.00 total_env_steps=24272 t=0.12s
Ep 1023: len= 19 黑胜 loss=25.7384 temp=1.00 total_env_steps=24291 t=0.23s
Ep 1024: len=  4 黑胜 loss=26.3443 temp=1.00 total_env_steps=24295 t=0.07s
Ep 1025: len= 16 黑胜 loss=26.1435 temp=1.00 total_env_steps=24311 t=0.19s
Ep 1026: len= 19 黑胜 loss=26.2178 temp=1.00 total_env_steps=24330 t=0.22s
Ep 1027: len= 17 黑胜 loss=26.0010 temp=1.00 total_env_steps=24347 t=0.23s
Ep 1028: len= 15 黑胜 loss=26.0994 temp=1.00 total_env_steps=24362 t=0.18s
Ep 1029: len= 21 黑胜 loss=25.6580 temp=1.00 total_env_steps=24383 t=0.25s
Ep 1030: len=  2 白胜 loss=25.8162 temp=1.00 total_env_steps=24385 t=0.05s
Ep 1031: len=  2 黑胜 loss=25.4122 temp=1.00 total_env_steps=24387 t=0.06s
Ep 1032: len= 22 黑胜 loss=25.7043 temp=1.00 total_env_steps=24409 t=0.26s
Ep 1033: len= 17 黑胜 loss=25.5114 temp=1.00 total_env_steps=24426 t=0.23s
Ep 1034: len= 23 黑胜 loss=25.5555 temp=1.00 total_env_steps=24449 t=0.27s
Ep 1035: len= 15 黑胜 loss=25.4982 temp=1.00 total_env_steps=24464 t=0.19s
Ep 1036: len= 19 黑胜 loss=26.0584 temp=1.00 total_env_steps=24483 t=0.23s
Ep 1037: len= 13 白胜 loss=25.6586 temp=1.00 total_env_steps=24496 t=0.17s
Ep 1038: len= 25 黑胜 loss=25.3238 temp=1.00 total_env_steps=24521 t=0.29s
Ep 1039: len= 19 黑胜 loss=26.0124 temp=1.00 total_env_steps=24540 t=0.23s
Ep 1040: len=  2 黑胜 loss=25.5538 temp=1.00 total_env_steps=24542 t=0.05s
Ep 1041: len= 17 黑胜 loss=25.5404 temp=1.00 total_env_steps=24559 t=0.21s
Ep 1042: len= 23 黑胜 loss=25.2625 temp=1.00 total_env_steps=24582 t=0.27s
Ep 1043: len= 17 黑胜 loss=25.1623 temp=1.00 total_env_steps=24599 t=0.21s
Ep 1044: len= 17 黑胜 loss=24.9832 temp=1.00 total_env_steps=24616 t=0.21s
Ep 1045: len= 19 黑胜 loss=25.6447 temp=1.00 total_env_steps=24635 t=0.23s
Ep 1046: len= 19 黑胜 loss=25.3710 temp=1.00 total_env_steps=24654 t=0.23s
Ep 1047: len= 19 黑胜 loss=25.6673 temp=1.00 total_env_steps=24673 t=0.24s
Ep 1048: len= 17 黑胜 loss=25.3601 temp=1.00 total_env_steps=24690 t=0.21s
Ep 1049: len= 19 黑胜 loss=24.9554 temp=1.00 total_env_steps=24709 t=0.23s
Ep 1050: len= 26 白胜 loss=25.0430 temp=1.00 total_env_steps=24735 t=0.30s
Ep 1051: len= 17 白胜 loss=25.1649 temp=1.00 total_env_steps=24752 t=0.22s
Ep 1052: len= 21 黑胜 loss=25.0146 temp=1.00 total_env_steps=24773 t=0.25s
Ep 1053: len= 15 黑胜 loss=25.5366 temp=1.00 total_env_steps=24788 t=0.19s
Ep 1054: len= 25 黑胜 loss=25.5440 temp=1.00 total_env_steps=24813 t=0.29s
Ep 1055: len= 16 白胜 loss=24.9739 temp=1.00 total_env_steps=24829 t=0.20s
Ep 1056: len= 19 黑胜 loss=26.0366 temp=1.00 total_env_steps=24848 t=0.23s
Ep 1057: len= 19 黑胜 loss=25.0980 temp=1.00 total_env_steps=24867 t=0.23s
Ep 1058: len= 21 黑胜 loss=25.9105 temp=1.00 total_env_steps=24888 t=0.26s
Ep 1059: len= 15 黑胜 loss=25.0346 temp=1.00 total_env_steps=24903 t=0.20s
Ep 1060: len= 19 黑胜 loss=25.4450 temp=1.00 total_env_steps=24922 t=0.24s
Ep 1061: len= 23 黑胜 loss=25.5865 temp=1.00 total_env_steps=24945 t=0.27s
Ep 1062: len= 15 黑胜 loss=25.2284 temp=1.00 total_env_steps=24960 t=0.19s
Ep 1063: len= 19 黑胜 loss=25.8460 temp=1.00 total_env_steps=24979 t=0.24s
Ep 1064: len= 17 黑胜 loss=24.5462 temp=1.00 total_env_steps=24996 t=0.21s
Ep 1065: len=  8 黑胜 loss=25.4738 temp=1.00 total_env_steps=25004 t=0.09s
Ep 1066: len= 19 黑胜 loss=24.8019 temp=1.00 total_env_steps=25023 t=0.24s
Ep 1067: len= 17 黑胜 loss=25.6252 temp=1.00 total_env_steps=25040 t=0.20s
Ep 1068: len=  2 白胜 loss=25.5257 temp=1.00 total_env_steps=25042 t=0.05s
Ep 1069: len=  4 黑胜 loss=25.2951 temp=1.00 total_env_steps=25046 t=0.07s
Ep 1070: len=  4 黑胜 loss=25.3564 temp=1.00 total_env_steps=25050 t=0.07s
Ep 1071: len= 20 白胜 loss=25.8868 temp=1.00 total_env_steps=25070 t=0.24s
Ep 1072: len=  6 白胜 loss=25.4506 temp=1.00 total_env_steps=25076 t=0.10s
Ep 1073: len= 17 黑胜 loss=24.7820 temp=1.00 total_env_steps=25093 t=0.21s
Ep 1074: len= 23 黑胜 loss=24.7339 temp=1.00 total_env_steps=25116 t=0.26s
Ep 1075: len=  8 白胜 loss=25.5688 temp=1.00 total_env_steps=25124 t=0.11s
Ep 1076: len= 17 黑胜 loss=25.0102 temp=1.00 total_env_steps=25141 t=0.22s
Ep 1077: len= 19 黑胜 loss=24.9919 temp=1.00 total_env_steps=25160 t=0.22s
Ep 1078: len= 23 白胜 loss=25.2472 temp=1.00 total_env_steps=25183 t=0.25s
Ep 1079: len= 19 黑胜 loss=24.8124 temp=1.00 total_env_steps=25202 t=0.23s
Ep 1080: len= 19 黑胜 loss=25.2228 temp=1.00 total_env_steps=25221 t=0.22s
Ep 1081: len= 21 黑胜 loss=25.2107 temp=1.00 total_env_steps=25242 t=0.25s
Ep 1082: len= 17 黑胜 loss=24.7643 temp=1.00 total_env_steps=25259 t=0.21s
Ep 1083: len= 19 黑胜 loss=25.0897 temp=1.00 total_env_steps=25278 t=0.23s
Ep 1084: len= 17 黑胜 loss=25.7372 temp=1.00 total_env_steps=25295 t=0.20s
Ep 1085: len= 15 黑胜 loss=25.2891 temp=1.00 total_env_steps=25310 t=0.19s
Ep 1086: len=  2 白胜 loss=25.0807 temp=1.00 total_env_steps=25312 t=0.05s
Ep 1087: len= 25 黑胜 loss=25.6538 temp=1.00 total_env_steps=25337 t=0.29s
Ep 1088: len= 18 白胜 loss=25.2509 temp=1.00 total_env_steps=25355 t=0.22s
Ep 1089: len= 17 黑胜 loss=24.8374 temp=1.00 total_env_steps=25372 t=0.22s
Ep 1090: len= 11 黑胜 loss=24.5619 temp=1.00 total_env_steps=25383 t=0.16s
Ep 1091: len= 17 黑胜 loss=24.9050 temp=1.00 total_env_steps=25400 t=0.22s
Ep 1092: len= 19 黑胜 loss=24.6672 temp=1.00 total_env_steps=25419 t=0.22s
Ep 1093: len= 17 黑胜 loss=24.9319 temp=1.00 total_env_steps=25436 t=0.21s
Ep 1094: len= 19 黑胜 loss=25.2639 temp=1.00 total_env_steps=25455 t=0.23s
Ep 1095: len= 31 黑胜 loss=25.2105 temp=1.00 total_env_steps=25486 t=0.39s
Ep 1096: len= 23 黑胜 loss=24.6626 temp=1.00 total_env_steps=25509 t=0.28s
Ep 1097: len= 19 黑胜 loss=25.6494 temp=1.00 total_env_steps=25528 t=0.24s
Ep 1098: len= 25 黑胜 loss=25.1985 temp=1.00 total_env_steps=25553 t=0.30s
Ep 1099: len= 23 黑胜 loss=25.3929 temp=1.00 total_env_steps=25576 t=0.28s
Ep 1100: len= 26 黑胜 loss=24.9533 temp=1.00 total_env_steps=25602 t=0.33s
Ep 1101: len= 17 黑胜 loss=25.1528 temp=1.00 total_env_steps=25619 t=0.24s
Ep 1102: len= 11 黑胜 loss=24.8656 temp=1.00 total_env_steps=25630 t=0.16s
Ep 1103: len= 25 黑胜 loss=25.4422 temp=1.00 total_env_steps=25655 t=0.28s
Ep 1104: len= 31 黑胜 loss=24.8416 temp=1.00 total_env_steps=25686 t=0.35s
Ep 1105: len= 21 黑胜 loss=25.4881 temp=1.00 total_env_steps=25707 t=0.23s
Ep 1106: len= 15 黑胜 loss=25.0209 temp=1.00 total_env_steps=25722 t=0.19s
Ep 1107: len= 33 黑胜 loss=24.8399 temp=1.00 total_env_steps=25755 t=0.37s
Ep 1108: len= 17 黑胜 loss=24.6566 temp=1.00 total_env_steps=25772 t=0.21s
Ep 1109: len=  8 黑胜 loss=25.0254 temp=1.00 total_env_steps=25780 t=0.10s
Ep 1110: len= 23 黑胜 loss=24.7783 temp=1.00 total_env_steps=25803 t=0.27s
Ep 1111: len= 21 黑胜 loss=24.6930 temp=1.00 total_env_steps=25824 t=0.24s
Ep 1112: len= 18 白胜 loss=24.6672 temp=1.00 total_env_steps=25842 t=0.23s
Ep 1113: len= 15 黑胜 loss=24.3573 temp=1.00 total_env_steps=25857 t=0.22s
Ep 1114: len= 21 黑胜 loss=25.1250 temp=1.00 total_env_steps=25878 t=0.24s
Ep 1115: len= 15 黑胜 loss=25.2082 temp=1.00 total_env_steps=25893 t=0.19s
Ep 1116: len= 17 黑胜 loss=24.7733 temp=1.00 total_env_steps=25910 t=0.21s
Ep 1117: len= 21 黑胜 loss=25.0464 temp=1.00 total_env_steps=25931 t=0.25s
Ep 1118: len= 15 黑胜 loss=24.5786 temp=1.00 total_env_steps=25946 t=0.19s
Ep 1119: len= 17 黑胜 loss=24.7551 temp=1.00 total_env_steps=25963 t=0.21s
Ep 1120: len= 14 黑胜 loss=24.7980 temp=1.00 total_env_steps=25977 t=0.19s
Ep 1121: len= 15 黑胜 loss=24.4891 temp=1.00 total_env_steps=25992 t=0.19s
Ep 1122: len=  2 黑胜 loss=24.9976 temp=1.00 total_env_steps=25994 t=0.06s
Ep 1123: len= 33 黑胜 loss=24.3534 temp=1.00 total_env_steps=26027 t=0.38s
Ep 1124: len= 23 黑胜 loss=24.8741 temp=1.00 total_env_steps=26050 t=0.27s
Ep 1125: len= 17 黑胜 loss=24.3417 temp=1.00 total_env_steps=26067 t=0.21s
Ep 1126: len= 19 黑胜 loss=25.0630 temp=1.00 total_env_steps=26086 t=0.23s
Ep 1127: len= 25 黑胜 loss=24.6351 temp=1.00 total_env_steps=26111 t=0.31s
Ep 1128: len= 28 黑胜 loss=25.0221 temp=1.00 total_env_steps=26139 t=0.31s
Ep 1129: len=  2 黑胜 loss=24.4663 temp=1.00 total_env_steps=26141 t=0.05s
Ep 1130: len= 15 黑胜 loss=24.9239 temp=1.00 total_env_steps=26156 t=0.19s
Ep 1131: len= 17 黑胜 loss=24.9465 temp=1.00 total_env_steps=26173 t=0.21s
Ep 1132: len= 17 黑胜 loss=25.3470 temp=1.00 total_env_steps=26190 t=0.22s
Ep 1133: len=  4 黑胜 loss=24.7060 temp=1.00 total_env_steps=26194 t=0.08s
Ep 1134: len= 21 黑胜 loss=24.6036 temp=1.00 total_env_steps=26215 t=0.27s
Ep 1135: len=  2 白胜 loss=24.7280 temp=1.00 total_env_steps=26217 t=0.06s
Ep 1136: len= 27 黑胜 loss=25.2593 temp=1.00 total_env_steps=26244 t=0.33s
Ep 1137: len= 10 白胜 loss=24.7683 temp=1.00 total_env_steps=26254 t=0.12s
Ep 1138: len= 19 黑胜 loss=24.3006 temp=1.00 total_env_steps=26273 t=0.25s
Ep 1139: len= 19 黑胜 loss=24.4754 temp=1.00 total_env_steps=26292 t=0.24s
Ep 1140: len= 15 黑胜 loss=24.4845 temp=1.00 total_env_steps=26307 t=0.18s
Ep 1141: len=  2 黑胜 loss=24.6631 temp=1.00 total_env_steps=26309 t=0.05s
Ep 1142: len= 13 黑胜 loss=24.7801 temp=1.00 total_env_steps=26322 t=0.16s
Ep 1143: len=  2 黑胜 loss=24.9605 temp=1.00 total_env_steps=26324 t=0.05s
Ep 1144: len= 13 黑胜 loss=24.8179 temp=1.00 total_env_steps=26337 t=0.18s
Ep 1145: len= 17 黑胜 loss=24.8214 temp=1.00 total_env_steps=26354 t=0.21s
Ep 1146: len= 12 白胜 loss=24.6750 temp=1.00 total_env_steps=26366 t=0.15s
Ep 1147: len= 16 黑胜 loss=24.7447 temp=1.00 total_env_steps=26382 t=0.20s
Ep 1148: len=  4 白胜 loss=24.4356 temp=1.00 total_env_steps=26386 t=0.06s
Ep 1149: len=  8 黑胜 loss=25.2920 temp=1.00 total_env_steps=26394 t=0.12s
Ep 1150: len= 29 黑胜 loss=24.9352 temp=1.00 total_env_steps=26423 t=0.32s
Ep 1151: len= 25 黑胜 loss=24.6906 temp=1.00 total_env_steps=26448 t=0.29s
Ep 1152: len= 19 黑胜 loss=25.0216 temp=1.00 total_env_steps=26467 t=0.23s
Ep 1153: len= 15 黑胜 loss=24.7323 temp=1.00 total_env_steps=26482 t=0.19s
Ep 1154: len=  4 黑胜 loss=25.3904 temp=1.00 total_env_steps=26486 t=0.07s
Ep 1155: len= 19 黑胜 loss=24.4658 temp=1.00 total_env_steps=26505 t=0.23s
Ep 1156: len= 14 黑胜 loss=24.7248 temp=1.00 total_env_steps=26519 t=0.18s
Ep 1157: len=  8 黑胜 loss=24.9324 temp=1.00 total_env_steps=26527 t=0.10s
Ep 1158: len= 19 黑胜 loss=24.6976 temp=1.00 total_env_steps=26546 t=0.22s
Ep 1159: len= 18 白胜 loss=24.9316 temp=1.00 total_env_steps=26564 t=0.21s
Ep 1160: len= 17 黑胜 loss=24.2463 temp=1.00 total_env_steps=26581 t=0.20s
Ep 1161: len= 17 黑胜 loss=24.8472 temp=1.00 total_env_steps=26598 t=0.21s
Ep 1162: len= 21 黑胜 loss=24.5538 temp=1.00 total_env_steps=26619 t=0.25s
Ep 1163: len= 15 黑胜 loss=24.2452 temp=1.00 total_env_steps=26634 t=0.18s
Ep 1164: len= 13 黑胜 loss=24.9262 temp=1.00 total_env_steps=26647 t=0.16s
Ep 1165: len= 13 黑胜 loss=24.9438 temp=1.00 total_env_steps=26660 t=0.17s
Ep 1166: len= 13 黑胜 loss=24.2541 temp=1.00 total_env_steps=26673 t=0.17s
Ep 1167: len= 17 黑胜 loss=24.7595 temp=1.00 total_env_steps=26690 t=0.21s
Ep 1168: len= 19 黑胜 loss=24.9806 temp=1.00 total_env_steps=26709 t=0.22s
Ep 1169: len= 15 黑胜 loss=24.5757 temp=1.00 total_env_steps=26724 t=0.18s
Ep 1170: len= 17 黑胜 loss=25.0528 temp=1.00 total_env_steps=26741 t=0.20s
Ep 1171: len= 10 白胜 loss=24.8292 temp=1.00 total_env_steps=26751 t=0.12s
Ep 1172: len= 15 黑胜 loss=24.8569 temp=1.00 total_env_steps=26766 t=0.19s
Ep 1173: len= 21 黑胜 loss=24.2837 temp=1.00 total_env_steps=26787 t=0.25s
Ep 1174: len=  2 黑胜 loss=24.7126 temp=1.00 total_env_steps=26789 t=0.05s
Ep 1175: len=  6 黑胜 loss=23.9625 temp=1.00 total_env_steps=26795 t=0.08s
Ep 1176: len= 29 黑胜 loss=23.9310 temp=1.00 total_env_steps=26824 t=0.34s
Ep 1177: len= 31 黑胜 loss=24.3492 temp=1.00 total_env_steps=26855 t=0.35s
Ep 1178: len= 17 黑胜 loss=24.3503 temp=1.00 total_env_steps=26872 t=0.20s
Ep 1179: len=  8 白胜 loss=25.1491 temp=1.00 total_env_steps=26880 t=0.11s
Ep 1180: len= 17 黑胜 loss=24.7297 temp=1.00 total_env_steps=26897 t=0.20s
Ep 1181: len= 19 黑胜 loss=25.5007 temp=1.00 total_env_steps=26916 t=0.23s
Ep 1182: len=  2 黑胜 loss=25.1228 temp=1.00 total_env_steps=26918 t=0.05s
Ep 1183: len= 21 黑胜 loss=23.9221 temp=1.00 total_env_steps=26939 t=0.26s
Ep 1184: len=  4 黑胜 loss=24.3474 temp=1.00 total_env_steps=26943 t=0.07s
Ep 1185: len= 19 黑胜 loss=24.8564 temp=1.00 total_env_steps=26962 t=0.22s
Ep 1186: len= 17 黑胜 loss=24.9163 temp=1.00 total_env_steps=26979 t=0.20s
Ep 1187: len= 21 黑胜 loss=24.4900 temp=1.00 total_env_steps=27000 t=0.25s
Ep 1188: len= 15 黑胜 loss=24.9126 temp=1.00 total_env_steps=27015 t=0.19s
Ep 1189: len= 17 黑胜 loss=24.8693 temp=1.00 total_env_steps=27032 t=0.21s
Ep 1190: len= 19 白胜 loss=24.5878 temp=1.00 total_env_steps=27051 t=0.22s
Ep 1191: len= 13 黑胜 loss=24.2408 temp=1.00 total_env_steps=27064 t=0.16s
Ep 1192: len= 25 黑胜 loss=23.8918 temp=1.00 total_env_steps=27089 t=0.28s
Ep 1193: len= 14 黑胜 loss=24.6289 temp=1.00 total_env_steps=27103 t=0.18s
Ep 1194: len= 17 黑胜 loss=24.6005 temp=1.00 total_env_steps=27120 t=0.21s
Ep 1195: len= 17 黑胜 loss=24.3587 temp=1.00 total_env_steps=27137 t=0.21s
Ep 1196: len= 13 黑胜 loss=24.6851 temp=1.00 total_env_steps=27150 t=0.17s
Ep 1197: len= 19 黑胜 loss=24.4002 temp=1.00 total_env_steps=27169 t=0.21s
Ep 1198: len= 23 黑胜 loss=24.7267 temp=1.00 total_env_steps=27192 t=0.27s
Ep 1199: len=  2 白胜 loss=23.8831 temp=1.00 total_env_steps=27194 t=0.05s
Ep 1200: len= 15 黑胜 loss=24.2297 temp=1.00 total_env_steps=27209 t=0.18s
  eval vs Gomoku-random-v0: win_rate=1.00 mean_return=1.00（20 局，total_env_steps=27209）
Ep 1201: len= 15 黑胜 loss=24.2759 temp=1.00 total_env_steps=27224 t=0.18s
Ep 1202: len= 20 白胜 loss=24.5203 temp=1.00 total_env_steps=27244 t=0.24s
Ep 1203: len= 19 黑胜 loss=24.3384 temp=1.00 total_env_steps=27263 t=0.23s
Ep 1204: len= 29 黑胜 loss=24.3243 temp=1.00 total_env_steps=27292 t=0.33s
Ep 1205: len=  2 黑胜 loss=24.8390 temp=1.00 total_env_steps=27294 t=0.06s
Ep 1206: len= 17 黑胜 loss=24.6231 temp=1.00 total_env_steps=27311 t=0.20s
Ep 1207: len= 19 黑胜 loss=24.0778 temp=1.00 total_env_steps=27330 t=0.22s
Ep 1208: len= 31 黑胜 loss=24.4767 temp=1.00 total_env_steps=27361 t=0.35s
Ep 1209: len= 35 黑胜 loss=23.6133 temp=1.00 total_env_steps=27396 t=0.40s
Ep 1210: len= 21 黑胜 loss=24.3309 temp=1.00 total_env_steps=27417 t=0.25s
Ep 1211: len= 19 黑胜 loss=24.2912 temp=1.00 total_env_steps=27436 t=0.24s
Ep 1212: len= 19 黑胜 loss=24.6803 temp=1.00 total_env_steps=27455 t=0.22s
Ep 1213: len= 19 黑胜 loss=24.4015 temp=1.00 total_env_steps=27474 t=0.24s
Ep 1214: len= 26 白胜 loss=24.2518 temp=1.00 total_env_steps=27500 t=0.30s
Ep 1215: len= 14 白胜 loss=24.6777 temp=1.00 total_env_steps=27514 t=0.17s
Ep 1216: len= 17 黑胜 loss=24.4627 temp=1.00 total_env_steps=27531 t=0.21s
Ep 1217: len= 15 黑胜 loss=24.8271 temp=1.00 total_env_steps=27546 t=0.19s
Ep 1218: len= 17 黑胜 loss=24.5910 temp=1.00 total_env_steps=27563 t=0.20s
Ep 1219: len= 11 黑胜 loss=24.4085 temp=1.00 total_env_steps=27574 t=0.14s
Ep 1220: len= 19 黑胜 loss=24.6118 temp=1.00 total_env_steps=27593 t=0.23s
Ep 1221: len= 21 黑胜 loss=24.5074 temp=1.00 total_env_steps=27614 t=0.25s
Ep 1222: len= 19 黑胜 loss=24.7166 temp=1.00 total_env_steps=27633 t=0.23s
Ep 1223: len=  4 白胜 loss=24.0647 temp=1.00 total_env_steps=27637 t=0.07s
Ep 1224: len= 23 黑胜 loss=24.4177 temp=1.00 total_env_steps=27660 t=0.27s
Ep 1225: len= 17 黑胜 loss=24.6287 temp=1.00 total_env_steps=27677 t=0.20s
Ep 1226: len= 13 黑胜 loss=24.0533 temp=1.00 total_env_steps=27690 t=0.17s
Ep 1227: len= 15 黑胜 loss=24.3346 temp=1.00 total_env_steps=27705 t=0.19s
Ep 1228: len=  4 白胜 loss=25.2450 temp=1.00 total_env_steps=27709 t=0.07s
Ep 1229: len= 17 黑胜 loss=24.4323 temp=1.00 total_env_steps=27726 t=0.21s
Ep 1230: len= 24 白胜 loss=24.3035 temp=1.00 total_env_steps=27750 t=0.29s
Ep 1231: len= 15 黑胜 loss=24.3260 temp=1.00 total_env_steps=27765 t=0.18s
Ep 1232: len= 14 黑胜 loss=24.4013 temp=1.00 total_env_steps=27779 t=0.19s
Ep 1233: len=  4 黑胜 loss=24.4744 temp=1.00 total_env_steps=27783 t=0.07s
Ep 1234: len= 19 黑胜 loss=23.5456 temp=1.00 total_env_steps=27802 t=0.23s
Ep 1235: len= 15 黑胜 loss=23.6469 temp=1.00 total_env_steps=27817 t=0.19s
Ep 1236: len= 19 黑胜 loss=24.3953 temp=1.00 total_env_steps=27836 t=0.22s
Ep 1237: len=  8 黑胜 loss=24.6724 temp=1.00 total_env_steps=27844 t=0.11s
Ep 1238: len= 17 黑胜 loss=24.8783 temp=1.00 total_env_steps=27861 t=0.22s
Ep 1239: len= 15 黑胜 loss=24.5532 temp=1.00 total_env_steps=27876 t=0.19s
Ep 1240: len=  2 黑胜 loss=23.7286 temp=1.00 total_env_steps=27878 t=0.05s
Ep 1241: len= 21 黑胜 loss=24.1335 temp=1.00 total_env_steps=27899 t=0.24s
Ep 1242: len= 15 黑胜 loss=24.4614 temp=1.00 total_env_steps=27914 t=0.18s
Ep 1243: len= 20 白胜 loss=24.2716 temp=1.00 total_env_steps=27934 t=0.23s
Ep 1244: len= 17 黑胜 loss=24.3215 temp=1.00 total_env_steps=27951 t=0.21s
Ep 1245: len= 15 黑胜 loss=23.6370 temp=1.00 total_env_steps=27966 t=0.19s
Ep 1246: len= 17 黑胜 loss=24.4910 temp=1.00 total_env_steps=27983 t=0.20s
Ep 1247: len= 17 黑胜 loss=24.4718 temp=1.00 total_env_steps=28000 t=0.20s
Ep 1248: len= 21 黑胜 loss=24.1660 temp=1.00 total_env_steps=28021 t=0.25s
Ep 1249: len= 17 黑胜 loss=24.5174 temp=1.00 total_env_steps=28038 t=0.20s
Ep 1250: len= 17 黑胜 loss=24.6907 temp=1.00 total_env_steps=28055 t=0.20s
Ep 1251: len= 15 黑胜 loss=24.2403 temp=1.00 total_env_steps=28070 t=0.19s
Ep 1252: len= 15 黑胜 loss=24.1488 temp=1.00 total_env_steps=28085 t=0.18s
Ep 1253: len= 20 黑胜 loss=24.3184 temp=1.00 total_env_steps=28105 t=0.24s
Ep 1254: len=  2 白胜 loss=24.8107 temp=1.00 total_env_steps=28107 t=0.06s
Ep 1255: len= 15 黑胜 loss=23.6691 temp=1.00 total_env_steps=28122 t=0.19s
Ep 1256: len= 19 黑胜 loss=24.5119 temp=1.00 total_env_steps=28141 t=0.22s
Ep 1257: len= 19 黑胜 loss=23.8347 temp=1.00 total_env_steps=28160 t=0.22s
Ep 1258: len= 15 黑胜 loss=24.5290 temp=1.00 total_env_steps=28175 t=0.18s
Ep 1259: len= 21 黑胜 loss=24.6860 temp=1.00 total_env_steps=28196 t=0.24s
Ep 1260: len= 19 黑胜 loss=23.7639 temp=1.00 total_env_steps=28215 t=0.22s
Ep 1261: len= 19 黑胜 loss=24.3507 temp=1.00 total_env_steps=28234 t=0.22s
Ep 1262: len= 13 黑胜 loss=23.7682 temp=1.00 total_env_steps=28247 t=0.17s
Ep 1263: len= 35 黑胜 loss=24.4294 temp=1.00 total_env_steps=28282 t=0.39s
Ep 1264: len=  6 白胜 loss=23.9544 temp=1.00 total_env_steps=28288 t=0.11s
Ep 1265: len= 25 黑胜 loss=24.5560 temp=1.00 total_env_steps=28313 t=0.29s
Ep 1266: len= 14 黑胜 loss=23.7550 temp=1.00 total_env_steps=28327 t=0.17s
Ep 1267: len= 18 白胜 loss=24.7600 temp=1.00 total_env_steps=28345 t=0.21s
Ep 1268: len=  4 黑胜 loss=24.4975 temp=1.00 total_env_steps=28349 t=0.07s
Ep 1269: len= 15 黑胜 loss=23.6810 temp=1.00 total_env_steps=28364 t=0.19s
Ep 1270: len=  4 白胜 loss=24.3207 temp=1.00 total_env_steps=28368 t=0.07s
Ep 1271: len= 25 黑胜 loss=23.9797 temp=1.00 total_env_steps=28393 t=0.28s
Ep 1272: len= 17 黑胜 loss=24.1462 temp=1.00 total_env_steps=28410 t=0.20s
Ep 1273: len=  8 黑胜 loss=24.1644 temp=1.00 total_env_steps=28418 t=0.12s
Ep 1274: len= 39 黑胜 loss=24.3173 temp=1.00 total_env_steps=28457 t=0.44s
Ep 1275: len= 17 黑胜 loss=25.0853 temp=1.00 total_env_steps=28474 t=0.20s
Ep 1276: len= 23 黑胜 loss=23.6681 temp=1.00 total_env_steps=28497 t=0.26s
Ep 1277: len= 21 黑胜 loss=23.9823 temp=1.00 total_env_steps=28518 t=0.23s
Ep 1278: len= 27 黑胜 loss=24.9989 temp=1.00 total_env_steps=28545 t=0.31s
Ep 1279: len= 27 黑胜 loss=24.5554 temp=1.00 total_env_steps=28572 t=0.32s
Ep 1280: len= 21 黑胜 loss=23.9831 temp=1.00 total_env_steps=28593 t=0.22s
Ep 1281: len= 15 黑胜 loss=24.4978 temp=1.00 total_env_steps=28608 t=0.19s
Ep 1282: len= 33 黑胜 loss=24.7512 temp=1.00 total_env_steps=28641 t=0.36s
Ep 1283: len= 15 黑胜 loss=24.0621 temp=1.00 total_env_steps=28656 t=0.19s
Ep 1284: len= 17 黑胜 loss=23.9100 temp=1.00 total_env_steps=28673 t=0.20s
Ep 1285: len= 19 黑胜 loss=24.2780 temp=1.00 total_env_steps=28692 t=0.22s
Ep 1286: len= 15 黑胜 loss=24.6488 temp=1.00 total_env_steps=28707 t=0.19s
Ep 1287: len= 13 黑胜 loss=24.5132 temp=1.00 total_env_steps=28720 t=0.17s
Ep 1288: len= 27 黑胜 loss=24.7615 temp=1.00 total_env_steps=28747 t=0.28s
Ep 1289: len= 17 黑胜 loss=23.6677 temp=1.00 total_env_steps=28764 t=0.21s
Ep 1290: len= 15 黑胜 loss=24.2507 temp=1.00 total_env_steps=28779 t=0.18s
Ep 1291: len= 19 黑胜 loss=24.4223 temp=1.00 total_env_steps=28798 t=0.23s
Ep 1292: len= 19 黑胜 loss=23.7279 temp=1.00 total_env_steps=28817 t=0.22s
Ep 1293: len= 17 黑胜 loss=23.8985 temp=1.00 total_env_steps=28834 t=0.19s
Ep 1294: len= 19 黑胜 loss=24.2132 temp=1.00 total_env_steps=28853 t=0.22s
Ep 1295: len= 19 黑胜 loss=23.4294 temp=1.00 total_env_steps=28872 t=0.23s
Ep 1296: len= 24 黑胜 loss=24.2136 temp=1.00 total_env_steps=28896 t=0.27s
Ep 1297: len= 19 黑胜 loss=23.8933 temp=1.00 total_env_steps=28915 t=0.22s
Ep 1298: len= 21 黑胜 loss=24.4014 temp=1.00 total_env_steps=28936 t=0.24s
Ep 1299: len= 15 黑胜 loss=24.1132 temp=1.00 total_env_steps=28951 t=0.18s
Ep 1300: len= 23 黑胜 loss=24.2808 temp=1.00 total_env_steps=28974 t=0.25s
Ep 1301: len= 31 黑胜 loss=24.5125 temp=1.00 total_env_steps=29005 t=0.35s
Ep 1302: len= 13 黑胜 loss=24.0623 temp=1.00 total_env_steps=29018 t=0.17s
Ep 1303: len= 19 黑胜 loss=24.2684 temp=1.00 total_env_steps=29037 t=0.23s
Ep 1304: len= 21 黑胜 loss=24.0222 temp=1.00 total_env_steps=29058 t=0.25s
Ep 1305: len= 17 黑胜 loss=25.0899 temp=1.00 total_env_steps=29075 t=0.20s
Ep 1306: len= 18 白胜 loss=23.6052 temp=1.00 total_env_steps=29093 t=0.21s
Ep 1307: len= 19 黑胜 loss=23.7764 temp=1.00 total_env_steps=29112 t=0.22s
Ep 1308: len= 19 黑胜 loss=24.2957 temp=1.00 total_env_steps=29131 t=0.21s
Ep 1309: len= 13 黑胜 loss=23.6323 temp=1.00 total_env_steps=29144 t=0.16s
Ep 1310: len= 25 黑胜 loss=23.5873 temp=1.00 total_env_steps=29169 t=0.27s
Ep 1311: len= 15 黑胜 loss=24.0440 temp=1.00 total_env_steps=29184 t=0.19s
Ep 1312: len=  2 黑胜 loss=24.0648 temp=1.00 total_env_steps=29186 t=0.06s
Ep 1313: len= 13 黑胜 loss=23.7530 temp=1.00 total_env_steps=29199 t=0.16s
Ep 1314: len= 16 白胜 loss=24.2119 temp=1.00 total_env_steps=29215 t=0.21s
Ep 1315: len= 17 黑胜 loss=24.3352 temp=1.00 total_env_steps=29232 t=0.21s
Ep 1316: len=  4 白胜 loss=24.2072 temp=1.00 total_env_steps=29236 t=0.06s
Ep 1317: len= 13 黑胜 loss=24.0994 temp=1.00 total_env_steps=29249 t=0.16s
Ep 1318: len= 29 黑胜 loss=23.9856 temp=1.00 total_env_steps=29278 t=0.33s
Ep 1319: len= 25 黑胜 loss=23.7734 temp=1.00 total_env_steps=29303 t=0.30s
Ep 1320: len= 15 黑胜 loss=24.2096 temp=1.00 total_env_steps=29318 t=0.18s
Ep 1321: len= 36 白胜 loss=24.0249 temp=1.00 total_env_steps=29354 t=0.38s
Ep 1322: len=  4 黑胜 loss=24.2560 temp=1.00 total_env_steps=29358 t=0.07s
Ep 1323: len= 13 白胜 loss=23.8436 temp=1.00 total_env_steps=29371 t=0.17s
Ep 1324: len= 15 黑胜 loss=23.7853 temp=1.00 total_env_steps=29386 t=0.18s
Ep 1325: len= 17 黑胜 loss=24.0008 temp=1.00 total_env_steps=29403 t=0.21s
Ep 1326: len= 17 黑胜 loss=23.7161 temp=1.00 total_env_steps=29420 t=0.22s
Ep 1327: len= 10 白胜 loss=23.7094 temp=1.00 total_env_steps=29430 t=0.14s
Ep 1328: len=  8 白胜 loss=23.7579 temp=1.00 total_env_steps=29438 t=0.12s
Ep 1329: len= 31 黑胜 loss=24.1835 temp=1.00 total_env_steps=29469 t=0.38s
Ep 1330: len= 19 黑胜 loss=23.5557 temp=1.00 total_env_steps=29488 t=0.24s
Ep 1331: len=  2 黑胜 loss=24.2338 temp=1.00 total_env_steps=29490 t=0.05s
Ep 1332: len= 17 黑胜 loss=24.1712 temp=1.00 total_env_steps=29507 t=0.21s
Ep 1333: len= 23 黑胜 loss=23.4912 temp=1.00 total_env_steps=29530 t=0.26s
Ep 1334: len=  4 白胜 loss=24.6219 temp=1.00 total_env_steps=29534 t=0.06s
Ep 1335: len= 21 黑胜 loss=23.7133 temp=1.00 total_env_steps=29555 t=0.25s
Ep 1336: len= 19 黑胜 loss=24.2164 temp=1.00 total_env_steps=29574 t=0.23s
Ep 1337: len= 23 黑胜 loss=24.5968 temp=1.00 total_env_steps=29597 t=0.24s
Ep 1338: len= 10 黑胜 loss=24.0018 temp=1.00 total_env_steps=29607 t=0.15s
Ep 1339: len= 17 黑胜 loss=23.5485 temp=1.00 total_env_steps=29624 t=0.23s
Ep 1340: len= 37 黑胜 loss=23.6026 temp=1.00 total_env_steps=29661 t=0.40s
Ep 1341: len= 17 黑胜 loss=24.7045 temp=1.00 total_env_steps=29678 t=0.20s
Ep 1342: len= 15 黑胜 loss=24.0380 temp=1.00 total_env_steps=29693 t=0.19s
Ep 1343: len= 21 黑胜 loss=24.5605 temp=1.00 total_env_steps=29714 t=0.24s
Ep 1344: len= 23 黑胜 loss=24.4347 temp=1.00 total_env_steps=29737 t=0.27s
Ep 1345: len= 15 黑胜 loss=24.1707 temp=1.00 total_env_steps=29752 t=0.19s
Ep 1346: len= 17 黑胜 loss=23.8102 temp=1.00 total_env_steps=29769 t=0.21s
Ep 1347: len=  2 黑胜 loss=24.1311 temp=1.00 total_env_steps=29771 t=0.05s
Ep 1348: len= 13 黑胜 loss=23.9729 temp=1.00 total_env_steps=29784 t=0.17s
Ep 1349: len= 19 黑胜 loss=23.6773 temp=1.00 total_env_steps=29803 t=0.23s
Ep 1350: len=  2 白胜 loss=23.0536 temp=1.00 total_env_steps=29805 t=0.05s
Ep 1351: len= 21 黑胜 loss=23.9173 temp=1.00 total_env_steps=29826 t=0.25s
Ep 1352: len= 20 白胜 loss=23.9841 temp=1.00 total_env_steps=29846 t=0.23s
Ep 1353: len= 17 黑胜 loss=24.1611 temp=1.00 total_env_steps=29863 t=0.20s
Ep 1354: len=  6 白胜 loss=24.4141 temp=1.00 total_env_steps=29869 t=0.08s
Ep 1355: len= 17 黑胜 loss=24.1030 temp=1.00 total_env_steps=29886 t=0.20s
Ep 1356: len= 17 黑胜 loss=23.8997 temp=1.00 total_env_steps=29903 t=0.19s
Ep 1357: len= 10 白胜 loss=24.1299 temp=1.00 total_env_steps=29913 t=0.12s
Ep 1358: len= 15 黑胜 loss=24.3086 temp=1.00 total_env_steps=29928 t=0.19s
Ep 1359: len= 17 黑胜 loss=23.6754 temp=1.00 total_env_steps=29945 t=0.20s
Ep 1360: len= 25 黑胜 loss=23.8004 temp=1.00 total_env_steps=29970 t=0.28s
Ep 1361: len= 23 黑胜 loss=24.4762 temp=1.00 total_env_steps=29993 t=0.26s
Ep 1362: len= 15 黑胜 loss=23.7475 temp=1.00 total_env_steps=30008 t=0.17s
Ep 1363: len=  4 黑胜 loss=24.2182 temp=1.00 total_env_steps=30012 t=0.07s
Ep 1364: len= 20 白胜 loss=23.7179 temp=1.00 total_env_steps=30032 t=0.23s
Ep 1365: len=  4 白胜 loss=24.3374 temp=1.00 total_env_steps=30036 t=0.07s
Ep 1366: len= 21 黑胜 loss=23.7410 temp=1.00 total_env_steps=30057 t=0.24s
Ep 1367: len= 13 黑胜 loss=23.8830 temp=1.00 total_env_steps=30070 t=0.16s
Ep 1368: len= 21 黑胜 loss=24.2054 temp=1.00 total_env_steps=30091 t=0.24s
Ep 1369: len= 19 黑胜 loss=24.2575 temp=1.00 total_env_steps=30110 t=0.23s
Ep 1370: len= 15 黑胜 loss=24.2607 temp=1.00 total_env_steps=30125 t=0.18s
Ep 1371: len= 17 黑胜 loss=23.6347 temp=1.00 total_env_steps=30142 t=0.20s
Ep 1372: len= 10 白胜 loss=24.0519 temp=1.00 total_env_steps=30152 t=0.15s
Ep 1373: len= 17 黑胜 loss=24.1051 temp=1.00 total_env_steps=30169 t=0.20s
Ep 1374: len= 19 黑胜 loss=24.4010 temp=1.00 total_env_steps=30188 t=0.22s
Ep 1375: len= 21 黑胜 loss=23.5016 temp=1.00 total_env_steps=30209 t=0.22s
Ep 1376: len= 15 黑胜 loss=23.6970 temp=1.00 total_env_steps=30224 t=0.19s
Ep 1377: len= 15 黑胜 loss=23.5278 temp=1.00 total_env_steps=30239 t=0.18s
Ep 1378: len= 15 黑胜 loss=23.8159 temp=1.00 total_env_steps=30254 t=0.19s
Ep 1379: len= 19 黑胜 loss=23.6684 temp=1.00 total_env_steps=30273 t=0.24s
Ep 1380: len= 23 黑胜 loss=24.6411 temp=1.00 total_env_steps=30296 t=0.27s
Ep 1381: len= 17 黑胜 loss=24.2468 temp=1.00 total_env_steps=30313 t=0.20s
Ep 1382: len= 17 黑胜 loss=23.8845 temp=1.00 total_env_steps=30330 t=0.20s
Ep 1383: len= 15 黑胜 loss=24.2744 temp=1.00 total_env_steps=30345 t=0.18s
Ep 1384: len= 10 白胜 loss=23.7759 temp=1.00 total_env_steps=30355 t=0.13s
Ep 1385: len=  6 黑胜 loss=23.3906 temp=1.00 total_env_steps=30361 t=0.11s
Ep 1386: len= 17 黑胜 loss=23.3219 temp=1.00 total_env_steps=30378 t=0.22s
Ep 1387: len= 17 黑胜 loss=24.3577 temp=1.00 total_env_steps=30395 t=0.21s
Ep 1388: len= 34 白胜 loss=23.3741 temp=1.00 total_env_steps=30429 t=0.35s
Ep 1389: len=  4 黑胜 loss=23.4416 temp=1.00 total_env_steps=30433 t=0.08s
Ep 1390: len= 12 白胜 loss=24.4321 temp=1.00 total_env_steps=30445 t=0.16s
Ep 1391: len= 15 黑胜 loss=24.2617 temp=1.00 total_env_steps=30460 t=0.20s
Ep 1392: len= 19 黑胜 loss=24.1111 temp=1.00 total_env_steps=30479 t=0.24s
Ep 1393: len=  6 白胜 loss=23.3959 temp=1.00 total_env_steps=30485 t=0.09s
Ep 1394: len= 23 黑胜 loss=24.0510 temp=1.00 total_env_steps=30508 t=0.27s
Ep 1395: len= 35 黑胜 loss=23.5412 temp=1.00 total_env_steps=30543 t=0.37s
Ep 1396: len= 17 黑胜 loss=24.0821 temp=1.00 total_env_steps=30560 t=0.20s
Ep 1397: len= 16 白胜 loss=24.1855 temp=1.00 total_env_steps=30576 t=0.19s
Ep 1398: len= 13 黑胜 loss=24.4928 temp=1.00 total_env_steps=30589 t=0.16s
Ep 1399: len= 15 黑胜 loss=23.6171 temp=1.00 total_env_steps=30604 t=0.20s
Ep 1400: len= 15 黑胜 loss=24.1371 temp=1.00 total_env_steps=30619 t=0.18s
  eval vs Gomoku-random-v0: win_rate=1.00 mean_return=1.00（20 局，total_env_steps=30619）
Ep 1401: len= 31 黑胜 loss=24.0295 temp=1.00 total_env_steps=30650 t=0.36s
Ep 1402: len= 19 黑胜 loss=24.4255 temp=1.00 total_env_steps=30669 t=0.23s
Ep 1403: len= 15 黑胜 loss=23.9061 temp=1.00 total_env_steps=30684 t=0.18s
Ep 1404: len= 26 白胜 loss=23.4569 temp=1.00 total_env_steps=30710 t=0.30s
Ep 1405: len= 11 白胜 loss=23.7453 temp=1.00 total_env_steps=30721 t=0.15s
Ep 1406: len= 19 黑胜 loss=23.8020 temp=1.00 total_env_steps=30740 t=0.22s
Ep 1407: len= 17 黑胜 loss=23.8877 temp=1.00 total_env_steps=30757 t=0.20s
Ep 1408: len= 17 黑胜 loss=24.3340 temp=1.00 total_env_steps=30774 t=0.20s
Ep 1409: len= 20 白胜 loss=24.0167 temp=1.00 total_env_steps=30794 t=0.24s
Ep 1410: len= 22 白胜 loss=23.8312 temp=1.00 total_env_steps=30816 t=0.27s
Ep 1411: len= 19 黑胜 loss=24.3969 temp=1.00 total_env_steps=30835 t=0.23s
Ep 1412: len=  2 白胜 loss=24.1576 temp=1.00 total_env_steps=30837 t=0.06s
Ep 1413: len=  8 黑胜 loss=23.6648 temp=1.00 total_env_steps=30845 t=0.12s
Ep 1414: len=  6 黑胜 loss=23.8337 temp=1.00 total_env_steps=30851 t=0.10s
Ep 1415: len= 26 黑胜 loss=24.0687 temp=1.00 total_env_steps=30877 t=0.30s
Ep 1416: len= 14 白胜 loss=23.2428 temp=1.00 total_env_steps=30891 t=0.19s
Ep 1417: len= 15 黑胜 loss=23.8068 temp=1.00 total_env_steps=30906 t=0.18s
Ep 1418: len= 17 黑胜 loss=24.4646 temp=1.00 total_env_steps=30923 t=0.21s
Ep 1419: len= 15 黑胜 loss=23.9315 temp=1.00 total_env_steps=30938 t=0.19s
Ep 1420: len= 13 黑胜 loss=23.2623 temp=1.00 total_env_steps=30951 t=0.16s
Ep 1421: len= 19 黑胜 loss=24.2074 temp=1.00 total_env_steps=30970 t=0.23s
Ep 1422: len= 19 黑胜 loss=23.3934 temp=1.00 total_env_steps=30989 t=0.21s
Ep 1423: len= 17 黑胜 loss=24.4568 temp=1.00 total_env_steps=31006 t=0.20s
Ep 1424: len= 27 黑胜 loss=23.3555 temp=1.00 total_env_steps=31033 t=0.29s
Ep 1425: len= 17 黑胜 loss=24.5276 temp=1.00 total_env_steps=31050 t=0.20s
Ep 1426: len= 19 黑胜 loss=24.2497 temp=1.00 total_env_steps=31069 t=0.22s
Ep 1427: len= 30 白胜 loss=24.7954 temp=1.00 total_env_steps=31099 t=0.31s
Ep 1428: len= 17 黑胜 loss=24.9069 temp=1.00 total_env_steps=31116 t=0.22s
Ep 1429: len= 15 黑胜 loss=23.6613 temp=1.00 total_env_steps=31131 t=0.18s
Ep 1430: len= 13 黑胜 loss=24.3581 temp=1.00 total_env_steps=31144 t=0.17s
Ep 1431: len= 16 黑胜 loss=23.7340 temp=1.00 total_env_steps=31160 t=0.19s
Ep 1432: len= 18 白胜 loss=24.0507 temp=1.00 total_env_steps=31178 t=0.21s
Ep 1433: len= 17 黑胜 loss=24.2610 temp=1.00 total_env_steps=31195 t=0.20s
Ep 1434: len= 19 黑胜 loss=24.1869 temp=1.00 total_env_steps=31214 t=0.21s
Ep 1435: len= 21 黑胜 loss=24.0300 temp=1.00 total_env_steps=31235 t=0.24s
Ep 1436: len= 21 黑胜 loss=23.7555 temp=1.00 total_env_steps=31256 t=0.24s
Ep 1437: len= 13 黑胜 loss=24.6791 temp=1.00 total_env_steps=31269 t=0.16s
Ep 1438: len= 20 黑胜 loss=24.2633 temp=1.00 total_env_steps=31289 t=0.24s
Ep 1439: len= 33 黑胜 loss=23.8984 temp=1.00 total_env_steps=31322 t=0.36s
Ep 1440: len= 17 黑胜 loss=23.7559 temp=1.00 total_env_steps=31339 t=0.21s
Ep 1441: len= 15 黑胜 loss=24.6623 temp=1.00 total_env_steps=31354 t=0.19s
Ep 1442: len=  6 黑胜 loss=23.7094 temp=1.00 total_env_steps=31360 t=0.09s
Ep 1443: len= 23 黑胜 loss=23.6270 temp=1.00 total_env_steps=31383 t=0.26s
Ep 1444: len=  4 黑胜 loss=23.3973 temp=1.00 total_env_steps=31387 t=0.08s
Ep 1445: len=  4 黑胜 loss=23.4383 temp=1.00 total_env_steps=31391 t=0.09s
Ep 1446: len= 14 黑胜 loss=24.1119 temp=1.00 total_env_steps=31405 t=0.17s
Ep 1447: len= 18 白胜 loss=23.8072 temp=1.00 total_env_steps=31423 t=0.20s
Ep 1448: len=  2 白胜 loss=24.1065 temp=1.00 total_env_steps=31425 t=0.05s
Ep 1449: len= 17 黑胜 loss=23.4975 temp=1.00 total_env_steps=31442 t=0.20s
Ep 1450: len=  6 白胜 loss=23.5576 temp=1.00 total_env_steps=31448 t=0.09s
Ep 1451: len= 22 白胜 loss=23.5251 temp=1.00 total_env_steps=31470 t=0.27s
Ep 1452: len= 19 黑胜 loss=24.3594 temp=1.00 total_env_steps=31489 t=0.23s
Ep 1453: len= 15 黑胜 loss=24.3085 temp=1.00 total_env_steps=31504 t=0.18s
Ep 1454: len= 13 黑胜 loss=23.8221 temp=1.00 total_env_steps=31517 t=0.15s
Ep 1455: len=  2 黑胜 loss=23.9577 temp=1.00 total_env_steps=31519 t=0.05s
Ep 1456: len= 15 黑胜 loss=23.2038 temp=1.00 total_env_steps=31534 t=0.17s
Ep 1457: len= 15 黑胜 loss=23.4284 temp=1.00 total_env_steps=31549 t=0.19s
Ep 1458: len= 17 黑胜 loss=23.7569 temp=1.00 total_env_steps=31566 t=0.21s
Ep 1459: len= 23 黑胜 loss=23.8068 temp=1.00 total_env_steps=31589 t=0.25s
Ep 1460: len= 18 黑胜 loss=23.7798 temp=1.00 total_env_steps=31607 t=0.20s
Ep 1461: len= 19 黑胜 loss=23.8231 temp=1.00 total_env_steps=31626 t=0.23s
Ep 1462: len= 19 黑胜 loss=23.6809 temp=1.00 total_env_steps=31645 t=0.21s
Ep 1463: len= 13 黑胜 loss=23.3767 temp=1.00 total_env_steps=31658 t=0.17s
Ep 1464: len= 11 黑胜 loss=23.2579 temp=1.00 total_env_steps=31669 t=0.15s
Ep 1465: len=  2 黑胜 loss=23.6018 temp=1.00 total_env_steps=31671 t=0.05s
Ep 1466: len= 19 黑胜 loss=23.2688 temp=1.00 total_env_steps=31690 t=0.21s
Ep 1467: len= 17 黑胜 loss=23.2446 temp=1.00 total_env_steps=31707 t=0.19s
Ep 1468: len= 17 黑胜 loss=23.7641 temp=1.00 total_env_steps=31724 t=0.20s
Ep 1469: len= 13 黑胜 loss=24.5614 temp=1.00 total_env_steps=31737 t=0.17s
Ep 1470: len= 32 白胜 loss=24.4459 temp=1.00 total_env_steps=31769 t=0.37s
Ep 1471: len= 27 黑胜 loss=24.1454 temp=1.00 total_env_steps=31796 t=0.30s
Ep 1472: len= 21 黑胜 loss=23.9071 temp=1.00 total_env_steps=31817 t=0.23s
Ep 1473: len= 17 黑胜 loss=23.0053 temp=1.00 total_env_steps=31834 t=0.19s
Ep 1474: len= 17 黑胜 loss=24.2512 temp=1.00 total_env_steps=31851 t=0.21s
Ep 1475: len= 24 白胜 loss=24.1295 temp=1.00 total_env_steps=31875 t=0.28s
Ep 1476: len= 12 白胜 loss=24.1206 temp=1.00 total_env_steps=31887 t=0.14s
Ep 1477: len= 15 黑胜 loss=23.2387 temp=1.00 total_env_steps=31902 t=0.19s
Ep 1478: len= 13 黑胜 loss=23.8484 temp=1.00 total_env_steps=31915 t=0.17s
Ep 1479: len= 15 黑胜 loss=23.8626 temp=1.00 total_env_steps=31930 t=0.19s
Ep 1480: len= 19 黑胜 loss=23.3546 temp=1.00 total_env_steps=31949 t=0.22s
Ep 1481: len= 13 黑胜 loss=23.3222 temp=1.00 total_env_steps=31962 t=0.16s
Ep 1482: len= 13 黑胜 loss=23.5449 temp=1.00 total_env_steps=31975 t=0.16s
Ep 1483: len=  6 白胜 loss=23.5320 temp=1.00 total_env_steps=31981 t=0.10s
Ep 1484: len= 12 黑胜 loss=23.7684 temp=1.00 total_env_steps=31993 t=0.15s
Ep 1485: len= 17 黑胜 loss=23.2836 temp=1.00 total_env_steps=32010 t=0.19s
Ep 1486: len= 11 白胜 loss=23.7981 temp=1.00 total_env_steps=32021 t=0.14s
Ep 1487: len= 14 白胜 loss=23.8602 temp=1.00 total_env_steps=32035 t=0.17s
Ep 1488: len= 23 黑胜 loss=23.9002 temp=1.00 total_env_steps=32058 t=0.26s
Ep 1489: len= 25 黑胜 loss=24.0620 temp=1.00 total_env_steps=32083 t=0.28s
Ep 1490: len= 14 黑胜 loss=23.5808 temp=1.00 total_env_steps=32097 t=0.18s
Ep 1491: len= 15 黑胜 loss=24.0878 temp=1.00 total_env_steps=32112 t=0.17s
Ep 1492: len= 10 黑胜 loss=23.6261 temp=1.00 total_env_steps=32122 t=0.14s
Ep 1493: len= 21 黑胜 loss=23.5684 temp=1.00 total_env_steps=32143 t=0.25s
Ep 1494: len= 18 白胜 loss=23.9201 temp=1.00 total_env_steps=32161 t=0.21s
Ep 1495: len= 17 黑胜 loss=23.7018 temp=1.00 total_env_steps=32178 t=0.20s
Ep 1496: len= 17 黑胜 loss=24.0372 temp=1.00 total_env_steps=32195 t=0.20s
Ep 1497: len= 13 黑胜 loss=23.4098 temp=1.00 total_env_steps=32208 t=0.16s
Ep 1498: len= 31 黑胜 loss=23.9675 temp=1.00 total_env_steps=32239 t=0.34s
Ep 1499: len=  2 黑胜 loss=23.8254 temp=1.00 total_env_steps=32241 t=0.06s
Ep 1500: len= 15 黑胜 loss=24.0597 temp=1.00 total_env_steps=32256 t=0.18s
Ep 1501: len= 15 黑胜 loss=24.0946 temp=1.00 total_env_steps=32271 t=0.18s
Ep 1502: len= 11 黑胜 loss=24.0973 temp=1.00 total_env_steps=32282 t=0.15s
Ep 1503: len=  8 黑胜 loss=23.0908 temp=1.00 total_env_steps=32290 t=0.10s
Ep 1504: len= 10 白胜 loss=24.0759 temp=1.00 total_env_steps=32300 t=0.11s
Ep 1505: len= 18 白胜 loss=23.8746 temp=1.00 total_env_steps=32318 t=0.21s
Ep 1506: len=  2 白胜 loss=23.4629 temp=1.00 total_env_steps=32320 t=0.05s
Ep 1507: len= 19 黑胜 loss=23.7447 temp=1.00 total_env_steps=32339 t=0.22s
Ep 1508: len= 29 黑胜 loss=24.2033 temp=1.00 total_env_steps=32368 t=0.31s
Ep 1509: len= 32 白胜 loss=23.5694 temp=1.00 total_env_steps=32400 t=0.36s
Ep 1510: len= 21 黑胜 loss=22.6928 temp=1.00 total_env_steps=32421 t=0.23s
Ep 1511: len= 31 黑胜 loss=23.5559 temp=1.00 total_env_steps=32452 t=0.34s
Ep 1512: len= 11 黑胜 loss=24.4684 temp=1.00 total_env_steps=32463 t=0.15s
Ep 1513: len= 17 黑胜 loss=23.4550 temp=1.00 total_env_steps=32480 t=0.20s
Ep 1514: len= 17 黑胜 loss=24.1761 temp=1.00 total_env_steps=32497 t=0.20s
Ep 1515: len=  4 白胜 loss=23.7863 temp=1.00 total_env_steps=32501 t=0.08s
Ep 1516: len= 17 黑胜 loss=23.9099 temp=1.00 total_env_steps=32518 t=0.20s
Ep 1517: len=  4 白胜 loss=24.0965 temp=1.00 total_env_steps=32522 t=0.07s
Ep 1518: len= 18 白胜 loss=23.8853 temp=1.00 total_env_steps=32540 t=0.21s
Ep 1519: len= 13 黑胜 loss=24.0099 temp=1.00 total_env_steps=32553 t=0.16s
Ep 1520: len= 19 黑胜 loss=23.5236 temp=1.00 total_env_steps=32572 t=0.22s
Ep 1521: len=  2 黑胜 loss=24.6151 temp=1.00 total_env_steps=32574 t=0.05s
Ep 1522: len= 24 白胜 loss=23.7421 temp=1.00 total_env_steps=32598 t=0.27s
Ep 1523: len=  8 白胜 loss=23.1660 temp=1.00 total_env_steps=32606 t=0.12s
Ep 1524: len= 17 黑胜 loss=23.7104 temp=1.00 total_env_steps=32623 t=0.22s
Ep 1525: len= 20 白胜 loss=24.1044 temp=1.00 total_env_steps=32643 t=0.25s
Ep 1526: len= 17 黑胜 loss=24.1660 temp=1.00 total_env_steps=32660 t=0.20s
Ep 1527: len= 17 黑胜 loss=24.0334 temp=1.00 total_env_steps=32677 t=0.21s
Ep 1528: len= 15 黑胜 loss=23.9671 temp=1.00 total_env_steps=32692 t=0.18s
Ep 1529: len= 21 黑胜 loss=23.6618 temp=1.00 total_env_steps=32713 t=0.24s
Ep 1530: len= 20 黑胜 loss=24.0402 temp=1.00 total_env_steps=32733 t=0.24s
Ep 1531: len= 10 黑胜 loss=23.5747 temp=1.00 total_env_steps=32743 t=0.14s
Ep 1532: len= 19 黑胜 loss=23.9447 temp=1.00 total_env_steps=32762 t=0.22s
Ep 1533: len= 35 黑胜 loss=23.2083 temp=1.00 total_env_steps=32797 t=0.37s
Ep 1534: len=  6 白胜 loss=23.8180 temp=1.00 total_env_steps=32803 t=0.09s
Ep 1535: len= 19 黑胜 loss=23.9684 temp=1.00 total_env_steps=32822 t=0.21s
Ep 1536: len= 24 白胜 loss=23.8377 temp=1.00 total_env_steps=32846 t=0.27s
Ep 1537: len= 19 黑胜 loss=23.6005 temp=1.00 total_env_steps=32865 t=0.21s
Ep 1538: len= 31 黑胜 loss=24.0716 temp=1.00 total_env_steps=32896 t=0.34s
Ep 1539: len= 15 黑胜 loss=23.7530 temp=1.00 total_env_steps=32911 t=0.19s
Ep 1540: len= 19 黑胜 loss=23.5213 temp=1.00 total_env_steps=32930 t=0.22s
Ep 1541: len= 21 黑胜 loss=24.1690 temp=1.00 total_env_steps=32951 t=0.24s
Ep 1542: len= 14 白胜 loss=23.4762 temp=1.00 total_env_steps=32965 t=0.17s
Ep 1543: len= 30 白胜 loss=23.9610 temp=1.00 total_env_steps=32995 t=0.32s
Ep 1544: len= 15 黑胜 loss=24.0527 temp=1.00 total_env_steps=33010 t=0.18s
Ep 1545: len= 23 黑胜 loss=24.0344 temp=1.00 total_env_steps=33033 t=0.26s
Ep 1546: len=  6 黑胜 loss=24.0627 temp=1.00 total_env_steps=33039 t=0.09s
Ep 1547: len= 17 黑胜 loss=24.5475 temp=1.00 total_env_steps=33056 t=0.21s
Ep 1548: len= 19 黑胜 loss=24.0857 temp=1.00 total_env_steps=33075 t=0.22s
Ep 1549: len=  4 白胜 loss=24.0969 temp=1.00 total_env_steps=33079 t=0.07s
Ep 1550: len= 15 黑胜 loss=23.5328 temp=1.00 total_env_steps=33094 t=0.19s
Ep 1551: len= 17 黑胜 loss=23.7589 temp=1.00 total_env_steps=33111 t=0.21s
Ep 1552: len= 23 黑胜 loss=23.5156 temp=1.00 total_env_steps=33134 t=0.29s
Ep 1553: len= 13 黑胜 loss=23.5613 temp=1.00 total_env_steps=33147 t=0.16s
Ep 1554: len= 18 白胜 loss=23.6032 temp=1.00 total_env_steps=33165 t=0.20s
Ep 1555: len= 19 黑胜 loss=23.9898 temp=1.00 total_env_steps=33184 t=0.22s
Ep 1556: len= 17 黑胜 loss=24.4044 temp=1.00 total_env_steps=33201 t=0.20s
Ep 1557: len= 17 黑胜 loss=23.5184 temp=1.00 total_env_steps=33218 t=0.19s
Ep 1558: len= 15 黑胜 loss=23.3048 temp=1.00 total_env_steps=33233 t=0.19s
Ep 1559: len= 15 黑胜 loss=23.9251 temp=1.00 total_env_steps=33248 t=0.18s
Ep 1560: len= 13 黑胜 loss=24.5217 temp=1.00 total_env_steps=33261 t=0.16s
Ep 1561: len= 15 黑胜 loss=23.9338 temp=1.00 total_env_steps=33276 t=0.18s
Ep 1562: len= 13 黑胜 loss=24.2189 temp=1.00 total_env_steps=33289 t=0.17s
Ep 1563: len= 17 黑胜 loss=24.5858 temp=1.00 total_env_steps=33306 t=0.19s
Ep 1564: len= 29 黑胜 loss=24.3585 temp=1.00 total_env_steps=33335 t=0.34s
Ep 1565: len= 15 黑胜 loss=23.7716 temp=1.00 total_env_steps=33350 t=0.19s
Ep 1566: len= 29 黑胜 loss=24.6264 temp=1.00 total_env_steps=33379 t=0.31s
Ep 1567: len= 16 黑胜 loss=23.5460 temp=1.00 total_env_steps=33395 t=0.19s
Ep 1568: len= 22 白胜 loss=23.7467 temp=1.00 total_env_steps=33417 t=0.25s
Ep 1569: len= 17 黑胜 loss=24.3403 temp=1.00 total_env_steps=33434 t=0.20s
Ep 1570: len= 11 黑胜 loss=23.9143 temp=1.00 total_env_steps=33445 t=0.14s
Ep 1571: len=  8 白胜 loss=23.8507 temp=1.00 total_env_steps=33453 t=0.12s
Ep 1572: len= 15 黑胜 loss=24.3668 temp=1.00 total_env_steps=33468 t=0.17s
Ep 1573: len= 15 黑胜 loss=24.0028 temp=1.00 total_env_steps=33483 t=0.19s
Ep 1574: len= 17 黑胜 loss=23.6346 temp=1.00 total_env_steps=33500 t=0.20s
Ep 1575: len=  2 黑胜 loss=24.0123 temp=1.00 total_env_steps=33502 t=0.05s
Ep 1576: len= 17 黑胜 loss=23.9928 temp=1.00 total_env_steps=33519 t=0.20s
Ep 1577: len= 19 黑胜 loss=22.6002 temp=1.00 total_env_steps=33538 t=0.20s
Ep 1578: len= 19 黑胜 loss=23.3380 temp=1.00 total_env_steps=33557 t=0.22s
Ep 1579: len= 23 黑胜 loss=23.6276 temp=1.00 total_env_steps=33580 t=0.26s
Ep 1580: len=  4 白胜 loss=24.0889 temp=1.00 total_env_steps=33584 t=0.06s
Ep 1581: len= 15 黑胜 loss=23.9507 temp=1.00 total_env_steps=33599 t=0.19s
Ep 1582: len= 15 黑胜 loss=23.5656 temp=1.00 total_env_steps=33614 t=0.18s
Ep 1583: len= 15 黑胜 loss=23.8996 temp=1.00 total_env_steps=33629 t=0.18s
Ep 1584: len=  2 黑胜 loss=23.5652 temp=1.00 total_env_steps=33631 t=0.05s
Ep 1585: len= 15 黑胜 loss=23.4704 temp=1.00 total_env_steps=33646 t=0.19s
Ep 1586: len=  9 白胜 loss=24.2132 temp=1.00 total_env_steps=33655 t=0.13s
Ep 1587: len= 27 黑胜 loss=24.1612 temp=1.00 total_env_steps=33682 t=0.30s
Ep 1588: len= 17 黑胜 loss=23.8991 temp=1.00 total_env_steps=33699 t=0.20s
Ep 1589: len= 15 黑胜 loss=24.2568 temp=1.00 total_env_steps=33714 t=0.18s
Ep 1590: len= 17 黑胜 loss=23.5535 temp=1.00 total_env_steps=33731 t=0.21s
Ep 1591: len= 17 黑胜 loss=23.7633 temp=1.00 total_env_steps=33748 t=0.20s
Ep 1592: len=  4 白胜 loss=23.4596 temp=1.00 total_env_steps=33752 t=0.07s
Ep 1593: len= 26 白胜 loss=24.1168 temp=1.00 total_env_steps=33778 t=0.28s
Ep 1594: len=  2 白胜 loss=23.4976 temp=1.00 total_env_steps=33780 t=0.06s
Ep 1595: len= 17 黑胜 loss=23.4143 temp=1.00 total_env_steps=33797 t=0.21s
Ep 1596: len= 19 黑胜 loss=24.8569 temp=1.00 total_env_steps=33816 t=0.20s
Ep 1597: len= 21 黑胜 loss=23.0562 temp=1.00 total_env_steps=33837 t=0.25s
Ep 1598: len= 23 黑胜 loss=24.0363 temp=1.00 total_env_steps=33860 t=0.25s
Ep 1599: len= 25 黑胜 loss=23.6957 temp=1.00 total_env_steps=33885 t=0.30s
Ep 1600: len= 17 黑胜 loss=23.5449 temp=1.00 total_env_steps=33902 t=0.19s
  eval vs Gomoku-random-v0: win_rate=1.00 mean_return=1.00（20 局，total_env_steps=33902）
Ep 1601: len= 14 白胜 loss=23.8082 temp=1.00 total_env_steps=33916 t=0.17s
Ep 1602: len= 15 黑胜 loss=23.5779 temp=1.00 total_env_steps=33931 t=0.19s
Ep 1603: len= 17 黑胜 loss=23.9598 temp=1.00 total_env_steps=33948 t=0.21s
Ep 1604: len= 12 黑胜 loss=23.3261 temp=1.00 total_env_steps=33960 t=0.16s
Ep 1605: len= 17 黑胜 loss=23.7638 temp=1.00 total_env_steps=33977 t=0.19s
Ep 1606: len= 26 白胜 loss=23.5318 temp=1.00 total_env_steps=34003 t=0.29s
Ep 1607: len=  2 白胜 loss=23.4299 temp=1.00 total_env_steps=34005 t=0.05s
Ep 1608: len= 13 黑胜 loss=24.1250 temp=1.00 total_env_steps=34018 t=0.17s
Ep 1609: len= 19 黑胜 loss=23.7890 temp=1.00 total_env_steps=34037 t=0.21s
Ep 1610: len=  6 黑胜 loss=23.8187 temp=1.00 total_env_steps=34043 t=0.09s
Ep 1611: len= 19 黑胜 loss=24.2335 temp=1.00 total_env_steps=34062 t=0.22s
Ep 1612: len= 19 黑胜 loss=23.3687 temp=1.00 total_env_steps=34081 t=0.20s
Ep 1613: len= 11 黑胜 loss=24.5112 temp=1.00 total_env_steps=34092 t=0.14s
Ep 1614: len= 19 黑胜 loss=23.6739 temp=1.00 total_env_steps=34111 t=0.23s
Ep 1615: len= 12 白胜 loss=24.0553 temp=1.00 total_env_steps=34123 t=0.15s
Ep 1616: len= 28 白胜 loss=23.9804 temp=1.00 total_env_steps=34151 t=0.33s
Ep 1617: len= 17 黑胜 loss=23.4753 temp=1.00 total_env_steps=34168 t=0.20s
Ep 1618: len= 19 黑胜 loss=23.8248 temp=1.00 total_env_steps=34187 t=0.22s
Ep 1619: len= 15 黑胜 loss=23.8867 temp=1.00 total_env_steps=34202 t=0.18s
Ep 1620: len= 15 黑胜 loss=23.8036 temp=1.00 total_env_steps=34217 t=0.18s
Ep 1621: len= 17 黑胜 loss=24.0491 temp=1.00 total_env_steps=34234 t=0.21s
Ep 1622: len= 20 白胜 loss=23.8963 temp=1.00 total_env_steps=34254 t=0.24s
Ep 1623: len= 17 黑胜 loss=24.7339 temp=1.00 total_env_steps=34271 t=0.22s
Ep 1624: len= 17 黑胜 loss=24.5400 temp=1.00 total_env_steps=34288 t=0.21s
Ep 1625: len= 17 黑胜 loss=23.9280 temp=1.00 total_env_steps=34305 t=0.20s
Ep 1626: len= 19 黑胜 loss=23.4757 temp=1.00 total_env_steps=34324 t=0.22s
Ep 1627: len= 15 黑胜 loss=23.8400 temp=1.00 total_env_steps=34339 t=0.18s
Ep 1628: len= 17 白胜 loss=23.9788 temp=1.00 total_env_steps=34356 t=0.19s
Ep 1629: len= 16 黑胜 loss=24.5704 temp=1.00 total_env_steps=34372 t=0.19s
Ep 1630: len= 15 黑胜 loss=23.5000 temp=1.00 total_env_steps=34387 t=0.19s
Ep 1631: len= 15 黑胜 loss=23.7271 temp=1.00 total_env_steps=34402 t=0.18s
Ep 1632: len= 13 黑胜 loss=24.1181 temp=1.00 total_env_steps=34415 t=0.16s
Ep 1633: len=  2 黑胜 loss=23.7624 temp=1.00 total_env_steps=34417 t=0.06s
Ep 1634: len= 19 黑胜 loss=23.2509 temp=1.00 total_env_steps=34436 t=0.23s
Ep 1635: len= 17 黑胜 loss=23.2331 temp=1.00 total_env_steps=34453 t=0.20s
Ep 1636: len= 19 黑胜 loss=24.2610 temp=1.00 total_env_steps=34472 t=0.22s
Ep 1637: len= 15 黑胜 loss=24.2472 temp=1.00 total_env_steps=34487 t=0.18s
Ep 1638: len= 21 黑胜 loss=24.6735 temp=1.00 total_env_steps=34508 t=0.27s
Ep 1639: len= 13 黑胜 loss=24.0961 temp=1.00 total_env_steps=34521 t=0.17s
Ep 1640: len= 17 黑胜 loss=23.5542 temp=1.00 total_env_steps=34538 t=0.20s
Ep 1641: len= 15 黑胜 loss=23.8524 temp=1.00 total_env_steps=34553 t=0.18s
Ep 1642: len= 38 白胜 loss=23.7060 temp=1.00 total_env_steps=34591 t=0.40s
Ep 1643: len= 15 黑胜 loss=23.7884 temp=1.00 total_env_steps=34606 t=0.18s
Ep 1644: len= 13 黑胜 loss=23.5978 temp=1.00 total_env_steps=34619 t=0.16s
Ep 1645: len= 15 黑胜 loss=23.2611 temp=1.00 total_env_steps=34634 t=0.19s
Ep 1646: len= 21 黑胜 loss=24.1184 temp=1.00 total_env_steps=34655 t=0.23s
Ep 1647: len=  8 黑胜 loss=23.4615 temp=1.00 total_env_steps=34663 t=0.09s
Ep 1648: len=  4 白胜 loss=23.3417 temp=1.00 total_env_steps=34667 t=0.07s
Ep 1649: len= 19 黑胜 loss=23.6874 temp=1.00 total_env_steps=34686 t=0.22s
Ep 1650: len= 13 黑胜 loss=23.6196 temp=1.00 total_env_steps=34699 t=0.16s
Ep 1651: len= 19 黑胜 loss=24.4399 temp=1.00 total_env_steps=34718 t=0.22s
Ep 1652: len= 11 黑胜 loss=23.3176 temp=1.00 total_env_steps=34729 t=0.14s
Ep 1653: len=  8 白胜 loss=23.4331 temp=1.00 total_env_steps=34737 t=0.10s
Ep 1654: len= 15 黑胜 loss=23.3257 temp=1.00 total_env_steps=34752 t=0.18s
Ep 1655: len= 19 黑胜 loss=23.9415 temp=1.00 total_env_steps=34771 t=0.22s
Ep 1656: len= 17 黑胜 loss=24.0093 temp=1.00 total_env_steps=34788 t=0.20s
Ep 1657: len= 21 黑胜 loss=23.6206 temp=1.00 total_env_steps=34809 t=0.24s
Ep 1658: len= 15 黑胜 loss=23.7491 temp=1.00 total_env_steps=34824 t=0.17s
Ep 1659: len= 16 白胜 loss=24.0478 temp=1.00 total_env_steps=34840 t=0.17s
Ep 1660: len= 15 黑胜 loss=23.4743 temp=1.00 total_env_steps=34855 t=0.18s
Ep 1661: len= 13 黑胜 loss=24.0618 temp=1.00 total_env_steps=34868 t=0.17s
Ep 1662: len= 17 黑胜 loss=23.9271 temp=1.00 total_env_steps=34885 t=0.21s
Ep 1663: len= 13 黑胜 loss=23.1575 temp=1.00 total_env_steps=34898 t=0.16s
Ep 1664: len= 15 黑胜 loss=23.5366 temp=1.00 total_env_steps=34913 t=0.18s
Ep 1665: len= 17 黑胜 loss=23.2026 temp=1.00 total_env_steps=34930 t=0.21s
Ep 1666: len= 10 白胜 loss=23.9758 temp=1.00 total_env_steps=34940 t=0.12s
Ep 1667: len= 15 黑胜 loss=24.3984 temp=1.00 total_env_steps=34955 t=0.19s
Ep 1668: len=  2 白胜 loss=23.1828 temp=1.00 total_env_steps=34957 t=0.05s
Ep 1669: len= 15 黑胜 loss=23.7178 temp=1.00 total_env_steps=34972 t=0.18s
Ep 1670: len= 22 黑胜 loss=23.8164 temp=1.00 total_env_steps=34994 t=0.24s
Ep 1671: len= 10 黑胜 loss=23.5918 temp=1.00 total_env_steps=35004 t=0.13s
Ep 1672: len= 15 黑胜 loss=24.0959 temp=1.00 total_env_steps=35019 t=0.19s
Ep 1673: len= 13 黑胜 loss=23.5599 temp=1.00 total_env_steps=35032 t=0.17s
Ep 1674: len= 15 黑胜 loss=23.7112 temp=1.00 total_env_steps=35047 t=0.18s
Ep 1675: len= 15 黑胜 loss=23.9993 temp=1.00 total_env_steps=35062 t=0.19s
Ep 1676: len=  6 黑胜 loss=23.3518 temp=1.00 total_env_steps=35068 t=0.10s
Ep 1677: len= 25 黑胜 loss=23.7853 temp=1.00 total_env_steps=35093 t=0.29s
Ep 1678: len= 42 白胜 loss=24.1545 temp=1.00 total_env_steps=35135 t=0.45s
Ep 1679: len= 15 黑胜 loss=23.4619 temp=1.00 total_env_steps=35150 t=0.19s
Ep 1680: len=  2 黑胜 loss=23.0540 temp=1.00 total_env_steps=35152 t=0.05s
Ep 1681: len= 14 白胜 loss=23.7654 temp=1.00 total_env_steps=35166 t=0.16s
Ep 1682: len= 18 白胜 loss=23.5470 temp=1.00 total_env_steps=35184 t=0.21s
Ep 1683: len= 15 黑胜 loss=24.1257 temp=1.00 total_env_steps=35199 t=0.18s
Ep 1684: len= 11 黑胜 loss=23.8385 temp=1.00 total_env_steps=35210 t=0.15s
Ep 1685: len= 15 黑胜 loss=23.6784 temp=1.00 total_env_steps=35225 t=0.18s
Ep 1686: len= 13 黑胜 loss=23.8234 temp=1.00 total_env_steps=35238 t=0.16s
Ep 1687: len= 31 黑胜 loss=23.6980 temp=1.00 total_env_steps=35269 t=0.33s
Ep 1688: len=  2 黑胜 loss=23.8019 temp=1.00 total_env_steps=35271 t=0.06s
Ep 1689: len= 17 黑胜 loss=23.8714 temp=1.00 total_env_steps=35288 t=0.19s
Ep 1690: len= 15 黑胜 loss=23.6391 temp=1.00 total_env_steps=35303 t=0.18s
Ep 1691: len= 15 黑胜 loss=24.4624 temp=1.00 total_env_steps=35318 t=0.18s
Ep 1692: len= 31 黑胜 loss=23.7181 temp=1.00 total_env_steps=35349 t=0.34s
Ep 1693: len= 15 黑胜 loss=23.5131 temp=1.00 total_env_steps=35364 t=0.18s
Ep 1694: len= 34 白胜 loss=23.5572 temp=1.00 total_env_steps=35398 t=0.37s
Ep 1695: len= 19 黑胜 loss=24.7176 temp=1.00 total_env_steps=35417 t=0.22s
Ep 1696: len= 17 黑胜 loss=24.0970 temp=1.00 total_env_steps=35434 t=0.20s
Ep 1697: len= 12 白胜 loss=23.4824 temp=1.00 total_env_steps=35446 t=0.15s
Ep 1698: len= 15 黑胜 loss=23.4469 temp=1.00 total_env_steps=35461 t=0.18s
Ep 1699: len= 17 黑胜 loss=23.7286 temp=1.00 total_env_steps=35478 t=0.20s
Ep 1700: len= 10 黑胜 loss=22.8039 temp=1.00 total_env_steps=35488 t=0.14s
Ep 1701: len= 11 黑胜 loss=23.6850 temp=1.00 total_env_steps=35499 t=0.14s
Ep 1702: len= 16 黑胜 loss=23.4777 temp=1.00 total_env_steps=35515 t=0.18s
Ep 1703: len= 17 黑胜 loss=23.9444 temp=1.00 total_env_steps=35532 t=0.20s
Ep 1704: len=  2 黑胜 loss=23.5303 temp=1.00 total_env_steps=35534 t=0.06s
Ep 1705: len= 11 黑胜 loss=24.2136 temp=1.00 total_env_steps=35545 t=0.16s
Ep 1706: len= 13 黑胜 loss=23.8647 temp=1.00 total_env_steps=35558 t=0.17s
Ep 1707: len=  2 白胜 loss=23.5210 temp=1.00 total_env_steps=35560 t=0.05s
Ep 1708: len= 19 黑胜 loss=23.8658 temp=1.00 total_env_steps=35579 t=0.22s
Ep 1709: len= 15 黑胜 loss=24.0222 temp=1.00 total_env_steps=35594 t=0.18s
Ep 1710: len= 15 黑胜 loss=23.8827 temp=1.00 total_env_steps=35609 t=0.19s
Ep 1711: len=  2 白胜 loss=23.8287 temp=1.00 total_env_steps=35611 t=0.05s
Ep 1712: len=  2 白胜 loss=23.5359 temp=1.00 total_env_steps=35613 t=0.05s
Ep 1713: len= 13 黑胜 loss=23.6518 temp=1.00 total_env_steps=35626 t=0.17s
Ep 1714: len= 15 黑胜 loss=23.7791 temp=1.00 total_env_steps=35641 t=0.19s
Ep 1715: len= 10 白胜 loss=23.8323 temp=1.00 total_env_steps=35651 t=0.15s
Ep 1716: len= 15 黑胜 loss=23.4903 temp=1.00 total_env_steps=35666 t=0.20s
Ep 1717: len= 19 黑胜 loss=23.9612 temp=1.00 total_env_steps=35685 t=0.23s
Ep 1718: len=  2 白胜 loss=23.7728 temp=1.00 total_env_steps=35687 t=0.05s
Ep 1719: len= 19 黑胜 loss=23.6965 temp=1.00 total_env_steps=35706 t=0.23s
Ep 1720: len= 17 黑胜 loss=23.2195 temp=1.00 total_env_steps=35723 t=0.21s
Ep 1721: len= 21 黑胜 loss=24.0558 temp=1.00 total_env_steps=35744 t=0.25s
Ep 1722: len= 31 黑胜 loss=24.1861 temp=1.00 total_env_steps=35775 t=0.35s
Ep 1723: len= 19 黑胜 loss=23.1165 temp=1.00 total_env_steps=35794 t=0.23s
Ep 1724: len= 13 黑胜 loss=24.0178 temp=1.00 total_env_steps=35807 t=0.18s
Ep 1725: len=  2 白胜 loss=23.3199 temp=1.00 total_env_steps=35809 t=0.06s
Ep 1726: len= 23 黑胜 loss=23.2092 temp=1.00 total_env_steps=35832 t=0.26s
Ep 1727: len=  2 黑胜 loss=23.7011 temp=1.00 total_env_steps=35834 t=0.05s
Ep 1728: len= 19 黑胜 loss=23.9786 temp=1.00 total_env_steps=35853 t=0.23s
Ep 1729: len= 17 黑胜 loss=22.6872 temp=1.00 total_env_steps=35870 t=0.22s
Ep 1730: len= 19 黑胜 loss=23.8979 temp=1.00 total_env_steps=35889 t=0.22s
Ep 1731: len= 17 黑胜 loss=23.4867 temp=1.00 total_env_steps=35906 t=0.22s
Ep 1732: len= 15 黑胜 loss=23.3833 temp=1.00 total_env_steps=35921 t=0.21s
Ep 1733: len= 17 黑胜 loss=23.4844 temp=1.00 total_env_steps=35938 t=0.22s
Ep 1734: len= 13 黑胜 loss=23.7018 temp=1.00 total_env_steps=35951 t=0.17s
Ep 1735: len= 15 黑胜 loss=23.8601 temp=1.00 total_env_steps=35966 t=0.20s
Ep 1736: len= 15 黑胜 loss=24.0039 temp=1.00 total_env_steps=35981 t=0.20s
Ep 1737: len= 13 黑胜 loss=24.0790 temp=1.00 total_env_steps=35994 t=0.18s
Ep 1738: len=  7 白胜 loss=23.5036 temp=1.00 total_env_steps=36001 t=0.11s
Ep 1739: len= 15 黑胜 loss=23.9217 temp=1.00 total_env_steps=36016 t=0.20s
Ep 1740: len= 21 黑胜 loss=24.1246 temp=1.00 total_env_steps=36037 t=0.27s
Ep 1741: len= 15 黑胜 loss=23.3462 temp=1.00 total_env_steps=36052 t=0.20s
Ep 1742: len= 14 白胜 loss=23.7160 temp=1.00 total_env_steps=36066 t=0.19s
Ep 1743: len= 15 黑胜 loss=24.4772 temp=1.00 total_env_steps=36081 t=0.20s
Ep 1744: len= 50 白胜 loss=23.8302 temp=1.00 total_env_steps=36131 t=0.59s
Ep 1745: len= 13 黑胜 loss=24.0419 temp=1.00 total_env_steps=36144 t=0.17s
Ep 1746: len= 10 白胜 loss=23.1286 temp=1.00 total_env_steps=36154 t=0.14s
Ep 1747: len= 17 黑胜 loss=23.9386 temp=1.00 total_env_steps=36171 t=0.20s
Ep 1748: len= 13 黑胜 loss=23.7591 temp=1.00 total_env_steps=36184 t=0.18s
Ep 1749: len= 25 黑胜 loss=23.3281 temp=1.00 total_env_steps=36209 t=0.31s
Ep 1750: len= 19 黑胜 loss=23.3360 temp=1.00 total_env_steps=36228 t=0.23s
Ep 1751: len= 17 黑胜 loss=23.9886 temp=1.00 total_env_steps=36245 t=0.22s
Ep 1752: len= 17 黑胜 loss=23.4747 temp=1.00 total_env_steps=36262 t=0.21s
Ep 1753: len= 19 黑胜 loss=22.8023 temp=1.00 total_env_steps=36281 t=0.24s
Ep 1754: len= 17 黑胜 loss=24.4433 temp=1.00 total_env_steps=36298 t=0.21s
Ep 1755: len= 15 黑胜 loss=23.7603 temp=1.00 total_env_steps=36313 t=0.21s
Ep 1756: len= 15 黑胜 loss=23.6920 temp=1.00 total_env_steps=36328 t=0.20s
Ep 1757: len= 17 黑胜 loss=23.3977 temp=1.00 total_env_steps=36345 t=0.21s
Ep 1758: len= 13 黑胜 loss=23.9073 temp=1.00 total_env_steps=36358 t=0.17s
Ep 1759: len= 25 黑胜 loss=23.2572 temp=1.00 total_env_steps=36383 t=0.30s
Ep 1760: len= 25 黑胜 loss=23.2215 temp=1.00 total_env_steps=36408 t=0.30s
Ep 1761: len= 15 黑胜 loss=23.1455 temp=1.00 total_env_steps=36423 t=0.19s
Ep 1762: len= 15 黑胜 loss=23.7791 temp=1.00 total_env_steps=36438 t=0.19s
Ep 1763: len= 13 黑胜 loss=23.3023 temp=1.00 total_env_steps=36451 t=0.18s
Ep 1764: len= 13 黑胜 loss=23.3537 temp=1.00 total_env_steps=36464 t=0.19s
Ep 1765: len= 15 黑胜 loss=23.0464 temp=1.00 total_env_steps=36479 t=0.18s
Ep 1766: len= 17 黑胜 loss=24.1004 temp=1.00 total_env_steps=36496 t=0.22s
Ep 1767: len= 17 黑胜 loss=23.7037 temp=1.00 total_env_steps=36513 t=0.22s
Ep 1768: len= 19 黑胜 loss=23.5423 temp=1.00 total_env_steps=36532 t=0.23s
Ep 1769: len= 17 黑胜 loss=23.3449 temp=1.00 total_env_steps=36549 t=0.21s
Ep 1770: len= 13 黑胜 loss=23.4765 temp=1.00 total_env_steps=36562 t=0.17s
Ep 1771: len= 11 黑胜 loss=23.6258 temp=1.00 total_env_steps=36573 t=0.16s
Ep 1772: len= 19 黑胜 loss=23.5261 temp=1.00 total_env_steps=36592 t=0.24s
Ep 1773: len= 27 黑胜 loss=23.0397 temp=1.00 total_env_steps=36619 t=0.32s
Ep 1774: len=  2 黑胜 loss=23.0956 temp=1.00 total_env_steps=36621 t=0.06s
Ep 1775: len= 15 黑胜 loss=23.8986 temp=1.00 total_env_steps=36636 t=0.22s
Ep 1776: len= 15 黑胜 loss=23.0813 temp=1.00 total_env_steps=36651 t=0.21s
Ep 1777: len= 15 黑胜 loss=24.2646 temp=1.00 total_env_steps=36666 t=0.20s
Ep 1778: len= 33 黑胜 loss=24.5635 temp=1.00 total_env_steps=36699 t=0.38s
Ep 1779: len=  4 白胜 loss=23.7698 temp=1.00 total_env_steps=36703 t=0.08s
Ep 1780: len= 15 黑胜 loss=23.8062 temp=1.00 total_env_steps=36718 t=0.20s
Ep 1781: len= 25 黑胜 loss=23.3381 temp=1.00 total_env_steps=36743 t=0.32s
Ep 1782: len= 21 黑胜 loss=24.1739 temp=1.00 total_env_steps=36764 t=0.25s
Ep 1783: len= 19 黑胜 loss=23.6372 temp=1.00 total_env_steps=36783 t=0.22s
Ep 1784: len= 13 黑胜 loss=24.0168 temp=1.00 total_env_steps=36796 t=0.17s
Ep 1785: len= 27 黑胜 loss=23.5628 temp=1.00 total_env_steps=36823 t=0.35s
Ep 1786: len= 19 黑胜 loss=23.9575 temp=1.00 total_env_steps=36842 t=0.23s
Ep 1787: len= 17 黑胜 loss=23.4420 temp=1.00 total_env_steps=36859 t=0.23s
Ep 1788: len= 19 黑胜 loss=23.2625 temp=1.00 total_env_steps=36878 t=0.23s
Ep 1789: len= 14 白胜 loss=23.4068 temp=1.00 total_env_steps=36892 t=0.18s
Ep 1790: len= 20 黑胜 loss=23.4237 temp=1.00 total_env_steps=36912 t=0.25s
Ep 1791: len= 17 黑胜 loss=23.9304 temp=1.00 total_env_steps=36929 t=0.22s
Ep 1792: len= 23 黑胜 loss=23.3301 temp=1.00 total_env_steps=36952 t=0.28s
Ep 1793: len= 20 白胜 loss=23.0574 temp=1.00 total_env_steps=36972 t=0.25s
Ep 1794: len= 15 黑胜 loss=23.5396 temp=1.00 total_env_steps=36987 t=0.20s
Ep 1795: len= 21 黑胜 loss=24.0146 temp=1.00 total_env_steps=37008 t=0.23s
Ep 1796: len= 13 黑胜 loss=23.3138 temp=1.00 total_env_steps=37021 t=0.19s
Ep 1797: len= 15 黑胜 loss=24.1795 temp=1.00 total_env_steps=37036 t=0.19s
Ep 1798: len=  6 黑胜 loss=23.6309 temp=1.00 total_env_steps=37042 t=0.11s
Ep 1799: len= 17 黑胜 loss=23.7191 temp=1.00 total_env_steps=37059 t=0.20s
Ep 1800: len= 17 黑胜 loss=24.3469 temp=1.00 total_env_steps=37076 t=0.22s
  eval vs Gomoku-random-v0: win_rate=1.00 mean_return=1.00（20 局，total_env_steps=37076）
Ep 1801: len=  6 黑胜 loss=23.2338 temp=1.00 total_env_steps=37082 t=0.09s
Ep 1802: len= 17 黑胜 loss=23.6542 temp=1.00 total_env_steps=37099 t=0.19s
Ep 1803: len= 13 黑胜 loss=23.4517 temp=1.00 total_env_steps=37112 t=0.19s
Ep 1804: len= 18 黑胜 loss=23.4423 temp=1.00 total_env_steps=37130 t=0.24s
Ep 1805: len=  4 白胜 loss=23.3859 temp=1.00 total_env_steps=37134 t=0.09s
Ep 1806: len= 17 黑胜 loss=23.6672 temp=1.00 total_env_steps=37151 t=0.24s
Ep 1807: len=  2 黑胜 loss=23.3325 temp=1.00 total_env_steps=37153 t=0.05s
Ep 1808: len=  6 黑胜 loss=23.6956 temp=1.00 total_env_steps=37159 t=0.10s
Ep 1809: len= 13 黑胜 loss=24.0277 temp=1.00 total_env_steps=37172 t=0.19s
Ep 1810: len= 10 白胜 loss=23.6744 temp=1.00 total_env_steps=37182 t=0.15s
Ep 1811: len= 13 黑胜 loss=23.2696 temp=1.00 total_env_steps=37195 t=0.19s
Ep 1812: len= 17 黑胜 loss=23.2381 temp=1.00 total_env_steps=37212 t=0.21s
Ep 1813: len= 15 黑胜 loss=23.3738 temp=1.00 total_env_steps=37227 t=0.20s
Ep 1814: len= 29 黑胜 loss=23.1602 temp=1.00 total_env_steps=37256 t=0.35s
Ep 1815: len= 17 黑胜 loss=22.7298 temp=1.00 total_env_steps=37273 t=0.22s
Ep 1816: len= 17 黑胜 loss=24.3850 temp=1.00 total_env_steps=37290 t=0.22s
Ep 1817: len= 15 黑胜 loss=23.4807 temp=1.00 total_env_steps=37305 t=0.20s
Ep 1818: len= 17 黑胜 loss=24.0900 temp=1.00 total_env_steps=37322 t=0.21s
Ep 1819: len= 15 黑胜 loss=24.2913 temp=1.00 total_env_steps=37337 t=0.21s
Ep 1820: len= 25 黑胜 loss=23.4671 temp=1.00 total_env_steps=37362 t=0.31s
Ep 1821: len= 13 黑胜 loss=23.5220 temp=1.00 total_env_steps=37375 t=0.20s
Ep 1822: len= 17 黑胜 loss=23.1755 temp=1.00 total_env_steps=37392 t=0.22s
Ep 1823: len= 27 黑胜 loss=23.1626 temp=1.00 total_env_steps=37419 t=0.34s
Ep 1824: len=  6 黑胜 loss=24.0396 temp=1.00 total_env_steps=37425 t=0.10s
Ep 1825: len= 17 黑胜 loss=24.1739 temp=1.00 total_env_steps=37442 t=0.23s
Ep 1826: len=  4 白胜 loss=24.8251 temp=1.00 total_env_steps=37446 t=0.08s
Ep 1827: len= 15 黑胜 loss=23.3955 temp=1.00 total_env_steps=37461 t=0.20s
Ep 1828: len= 14 白胜 loss=23.3722 temp=1.00 total_env_steps=37475 t=0.17s
Ep 1829: len=  4 白胜 loss=23.2443 temp=1.00 total_env_steps=37479 t=0.08s
Ep 1830: len= 16 白胜 loss=24.4084 temp=1.00 total_env_steps=37495 t=0.19s
Ep 1831: len= 16 黑胜 loss=23.4680 temp=1.00 total_env_steps=37511 t=0.20s
Ep 1832: len= 19 黑胜 loss=23.4511 temp=1.00 total_env_steps=37530 t=0.25s
Ep 1833: len= 13 黑胜 loss=23.8039 temp=1.00 total_env_steps=37543 t=0.17s
Ep 1834: len= 11 黑胜 loss=24.1123 temp=1.00 total_env_steps=37554 t=0.15s
Ep 1835: len=  2 白胜 loss=22.9389 temp=1.00 total_env_steps=37556 t=0.06s
Ep 1836: len= 17 黑胜 loss=23.7252 temp=1.00 total_env_steps=37573 t=0.23s
Ep 1837: len=  2 白胜 loss=23.3439 temp=1.00 total_env_steps=37575 t=0.06s
Ep 1838: len= 15 黑胜 loss=23.4058 temp=1.00 total_env_steps=37590 t=0.22s
Ep 1839: len= 19 黑胜 loss=23.3701 temp=1.00 total_env_steps=37609 t=0.28s
Ep 1840: len= 21 黑胜 loss=23.0445 temp=1.00 total_env_steps=37630 t=0.26s
Ep 1841: len= 27 黑胜 loss=24.1798 temp=1.00 total_env_steps=37657 t=0.34s
Ep 1842: len= 15 黑胜 loss=23.3400 temp=1.00 total_env_steps=37672 t=0.20s
Ep 1843: len= 13 黑胜 loss=23.4913 temp=1.00 total_env_steps=37685 t=0.19s
Ep 1844: len= 33 黑胜 loss=23.0609 temp=1.00 total_env_steps=37718 t=0.42s
Ep 1845: len= 14 黑胜 loss=23.4119 temp=1.00 total_env_steps=37732 t=0.20s
Ep 1846: len= 13 黑胜 loss=22.0812 temp=1.00 total_env_steps=37745 t=0.19s
Ep 1847: len= 15 黑胜 loss=23.2554 temp=1.00 total_env_steps=37760 t=0.21s
Ep 1848: len=  4 白胜 loss=23.5432 temp=1.00 total_env_steps=37764 t=0.08s
Ep 1849: len= 15 黑胜 loss=23.4120 temp=1.00 total_env_steps=37779 t=0.19s
Ep 1850: len= 17 黑胜 loss=23.7342 temp=1.00 total_env_steps=37796 t=0.21s
Ep 1851: len= 17 黑胜 loss=23.3083 temp=1.00 total_env_steps=37813 t=0.22s
Ep 1852: len= 17 黑胜 loss=24.0254 temp=1.00 total_env_steps=37830 t=0.22s
Ep 1853: len= 15 黑胜 loss=23.4084 temp=1.00 total_env_steps=37845 t=0.20s
Ep 1854: len= 27 黑胜 loss=23.7415 temp=1.00 total_env_steps=37872 t=0.34s
Ep 1855: len= 13 黑胜 loss=23.5100 temp=1.00 total_env_steps=37885 t=0.19s
Ep 1856: len= 19 黑胜 loss=22.8074 temp=1.00 total_env_steps=37904 t=0.23s
Ep 1857: len= 17 黑胜 loss=22.7790 temp=1.00 total_env_steps=37921 t=0.24s
Ep 1858: len= 13 黑胜 loss=23.5100 temp=1.00 total_env_steps=37934 t=0.20s
Ep 1859: len= 17 黑胜 loss=24.0250 temp=1.00 total_env_steps=37951 t=0.21s
Ep 1860: len= 11 黑胜 loss=23.8047 temp=1.00 total_env_steps=37962 t=0.16s
Ep 1861: len= 13 黑胜 loss=23.8437 temp=1.00 total_env_steps=37975 t=0.18s
Ep 1862: len= 22 白胜 loss=23.6956 temp=1.00 total_env_steps=37997 t=0.27s
Ep 1863: len=  6 白胜 loss=23.6638 temp=1.00 total_env_steps=38003 t=0.13s
Ep 1864: len= 13 黑胜 loss=22.7928 temp=1.00 total_env_steps=38016 t=0.17s
Ep 1865: len= 17 黑胜 loss=24.2139 temp=1.00 total_env_steps=38033 t=0.21s
Ep 1866: len= 19 黑胜 loss=23.6009 temp=1.00 total_env_steps=38052 t=0.23s
Ep 1867: len= 17 黑胜 loss=23.7317 temp=1.00 total_env_steps=38069 t=0.23s
Ep 1868: len= 17 黑胜 loss=23.2259 temp=1.00 total_env_steps=38086 t=0.21s
Ep 1869: len= 14 黑胜 loss=23.2731 temp=1.00 total_env_steps=38100 t=0.19s
Ep 1870: len= 17 黑胜 loss=23.6072 temp=1.00 total_env_steps=38117 t=0.20s
Ep 1871: len= 19 黑胜 loss=23.7567 temp=1.00 total_env_steps=38136 t=0.24s
Ep 1872: len= 11 黑胜 loss=23.0046 temp=1.00 total_env_steps=38147 t=0.17s
Ep 1873: len=  8 白胜 loss=23.1195 temp=1.00 total_env_steps=38155 t=0.12s
Ep 1874: len= 14 白胜 loss=23.2389 temp=1.00 total_env_steps=38169 t=0.19s
Ep 1875: len= 23 黑胜 loss=23.2895 temp=1.00 total_env_steps=38192 t=0.30s
Ep 1876: len= 25 黑胜 loss=23.9555 temp=1.00 total_env_steps=38217 t=0.31s
Ep 1877: len= 17 黑胜 loss=23.1319 temp=1.00 total_env_steps=38234 t=0.22s
Ep 1878: len=  2 黑胜 loss=23.4590 temp=1.00 total_env_steps=38236 t=0.05s
Ep 1879: len= 20 白胜 loss=24.0423 temp=1.00 total_env_steps=38256 t=0.25s
Ep 1880: len= 16 白胜 loss=23.7952 temp=1.00 total_env_steps=38272 t=0.21s
Ep 1881: len= 17 黑胜 loss=23.5677 temp=1.00 total_env_steps=38289 t=0.22s
Ep 1882: len= 13 黑胜 loss=23.5925 temp=1.00 total_env_steps=38302 t=0.19s
Ep 1883: len= 15 黑胜 loss=23.4878 temp=1.00 total_env_steps=38317 t=0.22s
Ep 1884: len= 17 黑胜 loss=24.0565 temp=1.00 total_env_steps=38334 t=0.22s
Ep 1885: len= 11 黑胜 loss=24.4762 temp=1.00 total_env_steps=38345 t=0.16s
Ep 1886: len= 16 白胜 loss=23.9725 temp=1.00 total_env_steps=38361 t=0.21s
Ep 1887: len=  2 白胜 loss=23.4844 temp=1.00 total_env_steps=38363 t=0.06s
Ep 1888: len= 22 白胜 loss=23.7627 temp=1.00 total_env_steps=38385 t=0.27s
Ep 1889: len= 13 黑胜 loss=23.2581 temp=1.00 total_env_steps=38398 t=0.19s
Ep 1890: len= 17 黑胜 loss=23.6854 temp=1.00 total_env_steps=38415 t=0.22s
Ep 1891: len= 13 黑胜 loss=23.8027 temp=1.00 total_env_steps=38428 t=0.18s
Ep 1892: len= 19 黑胜 loss=22.5098 temp=1.00 total_env_steps=38447 t=0.23s
Ep 1893: len=  4 黑胜 loss=23.5036 temp=1.00 total_env_steps=38451 t=0.07s
Ep 1894: len= 12 黑胜 loss=23.3409 temp=1.00 total_env_steps=38463 t=0.15s
Ep 1895: len= 29 黑胜 loss=24.0496 temp=1.00 total_env_steps=38492 t=0.37s
Ep 1896: len= 12 黑胜 loss=23.7608 temp=1.00 total_env_steps=38504 t=0.16s
Ep 1897: len= 15 黑胜 loss=23.5808 temp=1.00 total_env_steps=38519 t=0.20s
Ep 1898: len= 21 黑胜 loss=24.3879 temp=1.00 total_env_steps=38540 t=0.27s
Ep 1899: len=  2 黑胜 loss=23.2810 temp=1.00 total_env_steps=38542 t=0.06s
Ep 1900: len= 17 黑胜 loss=23.5985 temp=1.00 total_env_steps=38559 t=0.21s
Ep 1901: len= 15 黑胜 loss=23.9277 temp=1.00 total_env_steps=38574 t=0.20s
Ep 1902: len= 12 黑胜 loss=23.4652 temp=1.00 total_env_steps=38586 t=0.17s
Ep 1903: len=  8 白胜 loss=23.3439 temp=1.00 total_env_steps=38594 t=0.12s
Ep 1904: len= 17 黑胜 loss=23.1533 temp=1.00 total_env_steps=38611 t=0.22s
Ep 1905: len= 24 白胜 loss=23.0965 temp=1.00 total_env_steps=38635 t=0.29s
Ep 1906: len= 15 黑胜 loss=23.3542 temp=1.00 total_env_steps=38650 t=0.19s
Ep 1907: len=  4 白胜 loss=23.2627 temp=1.00 total_env_steps=38654 t=0.08s
Ep 1908: len= 15 黑胜 loss=23.9574 temp=1.00 total_env_steps=38669 t=0.20s
Ep 1909: len= 15 黑胜 loss=23.3272 temp=1.00 total_env_steps=38684 t=0.19s
Ep 1910: len= 15 黑胜 loss=24.2993 temp=1.00 total_env_steps=38699 t=0.19s
Ep 1911: len= 11 黑胜 loss=22.8981 temp=1.00 total_env_steps=38710 t=0.16s
Ep 1912: len= 42 白胜 loss=23.5592 temp=1.00 total_env_steps=38752 t=0.50s
Ep 1913: len= 13 黑胜 loss=23.6000 temp=1.00 total_env_steps=38765 t=0.18s
Ep 1914: len= 13 黑胜 loss=24.2518 temp=1.00 total_env_steps=38778 t=0.18s
Ep 1915: len= 15 黑胜 loss=22.7143 temp=1.00 total_env_steps=38793 t=0.21s
Ep 1916: len=  8 白胜 loss=22.7528 temp=1.00 total_env_steps=38801 t=0.14s
Ep 1917: len=  2 白胜 loss=23.7488 temp=1.00 total_env_steps=38803 t=0.06s
Ep 1918: len=  4 黑胜 loss=23.7447 temp=1.00 total_env_steps=38807 t=0.08s
Ep 1919: len=  2 黑胜 loss=23.9417 temp=1.00 total_env_steps=38809 t=0.07s
Ep 1920: len= 17 黑胜 loss=23.5115 temp=1.00 total_env_steps=38826 t=0.22s
Ep 1921: len= 13 黑胜 loss=23.5257 temp=1.00 total_env_steps=38839 t=0.19s
Ep 1922: len= 13 黑胜 loss=24.0041 temp=1.00 total_env_steps=38852 t=0.17s
Ep 1923: len= 10 黑胜 loss=24.1742 temp=1.00 total_env_steps=38862 t=0.16s
Ep 1924: len=  6 黑胜 loss=23.2227 temp=1.00 total_env_steps=38868 t=0.10s
Ep 1925: len= 15 黑胜 loss=23.7551 temp=1.00 total_env_steps=38883 t=0.20s
Ep 1926: len=  2 白胜 loss=22.9102 temp=1.00 total_env_steps=38885 t=0.05s
Ep 1927: len= 17 黑胜 loss=24.1446 temp=1.00 total_env_steps=38902 t=0.23s
Ep 1928: len= 17 黑胜 loss=23.8637 temp=1.00 total_env_steps=38919 t=0.23s
Ep 1929: len= 27 黑胜 loss=23.6819 temp=1.00 total_env_steps=38946 t=0.33s
Ep 1930: len=  2 黑胜 loss=23.2974 temp=1.00 total_env_steps=38948 t=0.06s
Ep 1931: len= 33 黑胜 loss=23.6233 temp=1.00 total_env_steps=38981 t=0.39s
Ep 1932: len= 15 黑胜 loss=24.0077 temp=1.00 total_env_steps=38996 t=0.20s
Ep 1933: len= 29 黑胜 loss=24.3344 temp=1.00 total_env_steps=39025 t=0.36s
Ep 1934: len= 13 黑胜 loss=23.4582 temp=1.00 total_env_steps=39038 t=0.18s
Ep 1935: len= 17 黑胜 loss=23.6013 temp=1.00 total_env_steps=39055 t=0.23s
Ep 1936: len= 13 黑胜 loss=23.0146 temp=1.00 total_env_steps=39068 t=0.19s
Ep 1937: len= 10 黑胜 loss=23.8182 temp=1.00 total_env_steps=39078 t=0.14s
Ep 1938: len= 15 黑胜 loss=23.2266 temp=1.00 total_env_steps=39093 t=0.20s
Ep 1939: len= 10 黑胜 loss=23.7864 temp=1.00 total_env_steps=39103 t=0.15s
Ep 1940: len= 17 黑胜 loss=24.1578 temp=1.00 total_env_steps=39120 t=0.21s
Ep 1941: len= 30 白胜 loss=23.7862 temp=1.00 total_env_steps=39150 t=0.36s
Ep 1942: len= 17 黑胜 loss=24.2441 temp=1.00 total_env_steps=39167 t=0.21s
Ep 1943: len= 15 黑胜 loss=23.6854 temp=1.00 total_env_steps=39182 t=0.20s
Ep 1944: len= 17 黑胜 loss=22.8212 temp=1.00 total_env_steps=39199 t=0.21s
Ep 1945: len= 11 黑胜 loss=23.3139 temp=1.00 total_env_steps=39210 t=0.16s
Ep 1946: len= 15 黑胜 loss=23.6734 temp=1.00 total_env_steps=39225 t=0.18s
Ep 1947: len= 27 黑胜 loss=24.0704 temp=1.00 total_env_steps=39252 t=0.33s
Ep 1948: len= 10 黑胜 loss=23.7748 temp=1.00 total_env_steps=39262 t=0.13s
Ep 1949: len= 15 黑胜 loss=22.8294 temp=1.00 total_env_steps=39277 t=0.19s
Ep 1950: len= 11 黑胜 loss=23.1574 temp=1.00 total_env_steps=39288 t=0.17s
Ep 1951: len= 17 黑胜 loss=23.8661 temp=1.00 total_env_steps=39305 t=0.22s
Ep 1952: len= 17 黑胜 loss=23.8442 temp=1.00 total_env_steps=39322 t=0.20s
Ep 1953: len= 17 黑胜 loss=23.4233 temp=1.00 total_env_steps=39339 t=0.23s
Ep 1954: len= 14 白胜 loss=24.0752 temp=1.00 total_env_steps=39353 t=0.17s
Ep 1955: len= 17 黑胜 loss=23.0128 temp=1.00 total_env_steps=39370 t=0.21s
Ep 1956: len=  8 白胜 loss=23.6380 temp=1.00 total_env_steps=39378 t=0.12s
Ep 1957: len= 17 黑胜 loss=23.5265 temp=1.00 total_env_steps=39395 t=0.22s
Ep 1958: len=  2 白胜 loss=23.4423 temp=1.00 total_env_steps=39397 t=0.06s
Ep 1959: len= 11 黑胜 loss=23.7072 temp=1.00 total_env_steps=39408 t=0.16s
Ep 1960: len= 25 黑胜 loss=23.9717 temp=1.00 total_env_steps=39433 t=0.31s
Ep 1961: len=  4 白胜 loss=23.6393 temp=1.00 total_env_steps=39437 t=0.07s
Ep 1962: len= 15 黑胜 loss=23.9396 temp=1.00 total_env_steps=39452 t=0.20s
Ep 1963: len= 27 黑胜 loss=23.7492 temp=1.00 total_env_steps=39479 t=0.35s
Ep 1964: len= 13 黑胜 loss=24.0181 temp=1.00 total_env_steps=39492 t=0.18s
Ep 1965: len= 15 黑胜 loss=23.9888 temp=1.00 total_env_steps=39507 t=0.20s
Ep 1966: len= 16 白胜 loss=24.1021 temp=1.00 total_env_steps=39523 t=0.21s
Ep 1967: len= 15 黑胜 loss=24.2956 temp=1.00 total_env_steps=39538 t=0.20s
Ep 1968: len= 17 黑胜 loss=23.6773 temp=1.00 total_env_steps=39555 t=0.19s
Ep 1969: len= 17 黑胜 loss=23.2513 temp=1.00 total_env_steps=39572 t=0.22s
Ep 1970: len= 31 黑胜 loss=23.9628 temp=1.00 total_env_steps=39603 t=0.37s
Ep 1971: len= 15 黑胜 loss=24.4049 temp=1.00 total_env_steps=39618 t=0.20s
Ep 1972: len= 13 黑胜 loss=23.8995 temp=1.00 total_env_steps=39631 t=0.18s
Ep 1973: len= 13 黑胜 loss=23.7106 temp=1.00 total_env_steps=39644 t=0.18s
Ep 1974: len=  2 白胜 loss=23.6229 temp=1.00 total_env_steps=39646 t=0.06s
Ep 1975: len= 19 黑胜 loss=23.5095 temp=1.00 total_env_steps=39665 t=0.22s
Ep 1976: len= 17 黑胜 loss=23.4565 temp=1.00 total_env_steps=39682 t=0.22s
Ep 1977: len= 15 黑胜 loss=23.8044 temp=1.00 total_env_steps=39697 t=0.20s
Ep 1978: len=  2 黑胜 loss=23.8333 temp=1.00 total_env_steps=39699 t=0.06s
Ep 1979: len= 13 黑胜 loss=23.4377 temp=1.00 total_env_steps=39712 t=0.17s
Ep 1980: len= 17 黑胜 loss=23.6314 temp=1.00 total_env_steps=39729 t=0.25s
Ep 1981: len= 13 黑胜 loss=23.4376 temp=1.00 total_env_steps=39742 t=0.18s
Ep 1982: len= 17 黑胜 loss=23.5273 temp=1.00 total_env_steps=39759 t=0.21s
Ep 1983: len= 17 黑胜 loss=22.9820 temp=1.00 total_env_steps=39776 t=0.20s
Ep 1984: len= 17 黑胜 loss=23.3680 temp=1.00 total_env_steps=39793 t=0.21s
Ep 1985: len= 15 黑胜 loss=23.6238 temp=1.00 total_env_steps=39808 t=0.20s
Ep 1986: len= 10 白胜 loss=23.8343 temp=1.00 total_env_steps=39818 t=0.15s
Ep 1987: len= 15 黑胜 loss=23.8864 temp=1.00 total_env_steps=39833 t=0.18s
Ep 1988: len= 17 黑胜 loss=23.8188 temp=1.00 total_env_steps=39850 t=0.21s
Ep 1989: len= 23 黑胜 loss=22.8158 temp=1.00 total_env_steps=39873 t=0.30s
Ep 1990: len=  4 黑胜 loss=22.7471 temp=1.00 total_env_steps=39877 t=0.08s
Ep 1991: len=  2 白胜 loss=23.4625 temp=1.00 total_env_steps=39879 t=0.07s
Ep 1992: len= 13 黑胜 loss=23.3420 temp=1.00 total_env_steps=39892 t=0.18s
Ep 1993: len= 17 黑胜 loss=23.3198 temp=1.00 total_env_steps=39909 t=0.21s
Ep 1994: len= 15 黑胜 loss=23.0369 temp=1.00 total_env_steps=39924 t=0.18s
Ep 1995: len= 15 黑胜 loss=23.8589 temp=1.00 total_env_steps=39939 t=0.22s
Ep 1996: len= 45 黑胜 loss=23.1387 temp=1.00 total_env_steps=39984 t=0.54s
Ep 1997: len= 19 黑胜 loss=23.0440 temp=1.00 total_env_steps=40003 t=0.26s
Ep 1998: len= 17 黑胜 loss=23.5034 temp=1.00 total_env_steps=40020 t=0.21s
Ep 1999: len= 11 黑胜 loss=24.0803 temp=1.00 total_env_steps=40031 t=0.17s
Ep 2000: len= 15 黑胜 loss=24.2986 temp=1.00 total_env_steps=40046 t=0.21s
  eval vs Gomoku-random-v0: win_rate=1.00 mean_return=1.00（20 局，total_env_steps=40046）
[闸门] vs random（40 局）: win_rate=1.000
[闸门] vs 半程快照（40 局，黑白各半）: score=0.350
[梯队] vs naive0（20 局，观察性）: win_rate=0.75
[梯队] vs naive1（20 局，观察性）: win_rate=0.20
[梯队] vs naive2（20 局，观察性）: win_rate=0.05
[梯队] vs naive3（20 局，观察性）: win_rate=0.00
📈 Gomoku-selfplay-v0 win_rate=1.00（best 1.00）| 门槛 0.95 | 620.5s

--- arm=cnn_recipe seed=44 sims=100 ---
[MyZero-board Gomoku-selfplay-v0] obs=243(3×9²) |A|=81 sims=100 γ=1.0 negamax
[MyZero-board] repr=CNN（stride-1 棋盘塔）
[MyZero-board] 8 重对称增广开启（D4，采样时随机套变换）
[MyZero-board] 树内真规则开启（AlphaZero 式诊断；训练侧不变）
[MyZero-board] 战术开局课程开启（p=0.25，必挡局面前缀；eval 不受影响）
Ep    1: len= 50 白胜 loss=0.0000 temp=1.00 total_env_steps=50 t=0.52s
Ep    2: len=  6 白胜 loss=0.0000 temp=1.00 total_env_steps=56 t=0.06s
Ep    3: len= 34 白胜 loss=0.0000 temp=1.00 total_env_steps=90 t=0.36s
Ep    4: len= 30 白胜 loss=0.0000 temp=1.00 total_env_steps=120 t=0.31s
Ep    5: len= 24 黑胜 loss=0.0000 temp=1.00 total_env_steps=144 t=0.26s
Ep    6: len= 30 白胜 loss=0.0000 temp=1.00 total_env_steps=174 t=0.33s
Ep    7: len= 33 白胜 loss=0.0000 temp=1.00 total_env_steps=207 t=0.35s
Ep    8: len=  6 白胜 loss=0.0000 temp=1.00 total_env_steps=213 t=0.06s
Ep    9: len= 14 黑胜 loss=0.0000 temp=1.00 total_env_steps=227 t=0.15s
Ep   10: len= 18 黑胜 loss=38.0124 temp=1.00 total_env_steps=245 t=0.24s
Ep   11: len= 39 黑胜 loss=29.6645 temp=1.00 total_env_steps=284 t=0.42s
Ep   12: len=  2 黑胜 loss=29.7018 temp=1.00 total_env_steps=286 t=0.06s
Ep   13: len= 44 白胜 loss=29.4776 temp=1.00 total_env_steps=330 t=0.51s
Ep   14: len=  6 白胜 loss=29.0797 temp=1.00 total_env_steps=336 t=0.09s
Ep   15: len= 31 黑胜 loss=29.3171 temp=1.00 total_env_steps=367 t=0.37s
Ep   16: len= 15 黑胜 loss=29.1119 temp=1.00 total_env_steps=382 t=0.19s
Ep   17: len= 36 白胜 loss=29.3421 temp=1.00 total_env_steps=418 t=0.41s
Ep   18: len=  6 白胜 loss=28.7823 temp=1.00 total_env_steps=424 t=0.09s
Ep   19: len= 31 黑胜 loss=28.7875 temp=1.00 total_env_steps=455 t=0.36s
Ep   20: len= 36 白胜 loss=28.7885 temp=1.00 total_env_steps=491 t=0.42s
Ep   21: len= 28 白胜 loss=28.6603 temp=1.00 total_env_steps=519 t=0.33s
Ep   22: len= 53 黑胜 loss=28.7513 temp=1.00 total_env_steps=572 t=0.60s
Ep   23: len= 42 白胜 loss=28.8618 temp=1.00 total_env_steps=614 t=0.48s
Ep   24: len= 47 黑胜 loss=28.7235 temp=1.00 total_env_steps=661 t=0.57s
Ep   25: len= 38 白胜 loss=28.6238 temp=1.00 total_env_steps=699 t=0.45s
Ep   26: len=  2 白胜 loss=28.7228 temp=1.00 total_env_steps=701 t=0.06s
Ep   27: len= 28 白胜 loss=28.8088 temp=1.00 total_env_steps=729 t=0.33s
Ep   28: len= 36 白胜 loss=28.8508 temp=1.00 total_env_steps=765 t=0.43s
Ep   29: len= 30 白胜 loss=28.6427 temp=1.00 total_env_steps=795 t=0.35s
Ep   30: len=  4 黑胜 loss=28.7540 temp=1.00 total_env_steps=799 t=0.07s
Ep   31: len= 27 黑胜 loss=28.6740 temp=1.00 total_env_steps=826 t=0.33s
Ep   32: len= 16 白胜 loss=28.6362 temp=1.00 total_env_steps=842 t=0.22s
Ep   33: len=  4 白胜 loss=28.6607 temp=1.00 total_env_steps=846 t=0.08s
Ep   34: len= 51 黑胜 loss=28.8838 temp=1.00 total_env_steps=897 t=0.64s
Ep   35: len= 38 白胜 loss=28.7081 temp=1.00 total_env_steps=935 t=0.48s
Ep   36: len= 33 黑胜 loss=28.7293 temp=1.00 total_env_steps=968 t=0.42s
Ep   37: len= 33 黑胜 loss=28.7734 temp=1.00 total_env_steps=1001 t=0.41s
Ep   38: len= 45 黑胜 loss=28.6964 temp=1.00 total_env_steps=1046 t=0.50s
Ep   39: len= 29 黑胜 loss=28.6116 temp=1.00 total_env_steps=1075 t=0.35s
Ep   40: len= 42 白胜 loss=28.5745 temp=1.00 total_env_steps=1117 t=0.51s
Ep   41: len= 36 白胜 loss=28.5522 temp=1.00 total_env_steps=1153 t=0.42s
Ep   42: len= 56 白胜 loss=28.4877 temp=1.00 total_env_steps=1209 t=0.64s
Ep   43: len=  4 黑胜 loss=28.4651 temp=1.00 total_env_steps=1213 t=0.07s
Ep   44: len= 27 黑胜 loss=28.5800 temp=1.00 total_env_steps=1240 t=0.33s
Ep   45: len= 27 黑胜 loss=28.4476 temp=1.00 total_env_steps=1267 t=0.35s
Ep   46: len= 48 白胜 loss=28.5887 temp=1.00 total_env_steps=1315 t=0.53s
Ep   47: len= 35 黑胜 loss=28.4963 temp=1.00 total_env_steps=1350 t=0.38s
Ep   48: len=  6 黑胜 loss=28.5929 temp=1.00 total_env_steps=1356 t=0.08s
Ep   49: len= 49 黑胜 loss=28.4876 temp=1.00 total_env_steps=1405 t=0.52s
Ep   50: len= 32 白胜 loss=28.4302 temp=1.00 total_env_steps=1437 t=0.33s
Ep   51: len= 28 白胜 loss=28.7042 temp=1.00 total_env_steps=1465 t=0.33s
Ep   52: len= 19 黑胜 loss=28.6018 temp=1.00 total_env_steps=1484 t=0.21s
Ep   53: len= 40 白胜 loss=28.3441 temp=1.00 total_env_steps=1524 t=0.43s
Ep   54: len=  4 白胜 loss=28.7314 temp=1.00 total_env_steps=1528 t=0.08s
Ep   55: len= 37 黑胜 loss=28.7179 temp=1.00 total_env_steps=1565 t=0.40s
Ep   56: len=  8 黑胜 loss=28.6578 temp=1.00 total_env_steps=1573 t=0.10s
Ep   57: len= 29 黑胜 loss=28.5467 temp=1.00 total_env_steps=1602 t=0.32s
Ep   58: len= 45 黑胜 loss=28.5087 temp=1.00 total_env_steps=1647 t=0.52s
Ep   59: len= 19 黑胜 loss=28.3234 temp=1.00 total_env_steps=1666 t=0.23s
Ep   60: len= 37 黑胜 loss=28.5722 temp=1.00 total_env_steps=1703 t=0.44s
Ep   61: len= 32 白胜 loss=28.4883 temp=1.00 total_env_steps=1735 t=0.39s
Ep   62: len= 28 白胜 loss=28.7046 temp=1.00 total_env_steps=1763 t=0.36s
Ep   63: len= 47 黑胜 loss=28.4812 temp=1.00 total_env_steps=1810 t=0.53s
Ep   64: len=  2 白胜 loss=28.7722 temp=1.00 total_env_steps=1812 t=0.05s
Ep   65: len= 26 白胜 loss=28.4065 temp=1.00 total_env_steps=1838 t=0.31s
Ep   66: len= 49 黑胜 loss=28.7215 temp=1.00 total_env_steps=1887 t=0.62s
Ep   67: len=  2 白胜 loss=28.6589 temp=1.00 total_env_steps=1889 t=0.05s
Ep   68: len= 62 白胜 loss=28.5508 temp=1.00 total_env_steps=1951 t=0.69s
Ep   69: len= 36 白胜 loss=28.5725 temp=1.00 total_env_steps=1987 t=0.42s
Ep   70: len= 49 黑胜 loss=28.4158 temp=1.00 total_env_steps=2036 t=0.58s
Ep   71: len= 40 白胜 loss=28.5811 temp=1.00 total_env_steps=2076 t=0.50s
Ep   72: len= 41 黑胜 loss=28.4681 temp=1.00 total_env_steps=2117 t=0.49s
Ep   73: len= 53 黑胜 loss=28.3504 temp=1.00 total_env_steps=2170 t=0.63s
Ep   74: len= 21 白胜 loss=28.4649 temp=1.00 total_env_steps=2191 t=0.26s
Ep   75: len=  4 黑胜 loss=28.5100 temp=1.00 total_env_steps=2195 t=0.06s
Ep   76: len= 19 黑胜 loss=28.5241 temp=1.00 total_env_steps=2214 t=0.24s
Ep   77: len= 50 白胜 loss=28.6375 temp=1.00 total_env_steps=2264 t=0.58s
Ep   78: len=  4 黑胜 loss=28.6397 temp=1.00 total_env_steps=2268 t=0.07s
Ep   79: len= 31 黑胜 loss=28.5774 temp=1.00 total_env_steps=2299 t=0.38s
Ep   80: len= 46 白胜 loss=28.7339 temp=1.00 total_env_steps=2345 t=0.54s
Ep   81: len= 32 白胜 loss=28.3563 temp=1.00 total_env_steps=2377 t=0.36s
Ep   82: len= 23 黑胜 loss=28.3470 temp=1.00 total_env_steps=2400 t=0.26s
Ep   83: len= 40 黑胜 loss=28.6150 temp=1.00 total_env_steps=2440 t=0.42s
Ep   84: len=  2 白胜 loss=28.4630 temp=1.00 total_env_steps=2442 t=0.05s
Ep   85: len= 37 黑胜 loss=28.4716 temp=1.00 total_env_steps=2479 t=0.42s
Ep   86: len= 37 黑胜 loss=28.4499 temp=1.00 total_env_steps=2516 t=0.42s
Ep   87: len= 27 黑胜 loss=28.2398 temp=1.00 total_env_steps=2543 t=0.33s
Ep   88: len= 34 白胜 loss=28.7296 temp=1.00 total_env_steps=2577 t=0.42s
Ep   89: len= 36 白胜 loss=28.5190 temp=1.00 total_env_steps=2613 t=0.46s
Ep   90: len=  8 白胜 loss=28.5779 temp=1.00 total_env_steps=2621 t=0.10s
Ep   91: len= 36 白胜 loss=28.6306 temp=1.00 total_env_steps=2657 t=0.43s
Ep   92: len= 56 白胜 loss=28.4637 temp=1.00 total_env_steps=2713 t=0.65s
Ep   93: len= 42 白胜 loss=28.4679 temp=1.00 total_env_steps=2755 t=0.45s
Ep   94: len= 21 黑胜 loss=28.5112 temp=1.00 total_env_steps=2776 t=0.27s
Ep   95: len= 41 黑胜 loss=28.5149 temp=1.00 total_env_steps=2817 t=0.46s
Ep   96: len= 39 黑胜 loss=28.5315 temp=1.00 total_env_steps=2856 t=0.47s
Ep   97: len=  2 黑胜 loss=28.5477 temp=1.00 total_env_steps=2858 t=0.05s
Ep   98: len= 35 黑胜 loss=28.5596 temp=1.00 total_env_steps=2893 t=0.44s
Ep   99: len= 48 白胜 loss=28.2984 temp=1.00 total_env_steps=2941 t=0.55s
Ep  100: len=  6 白胜 loss=28.6034 temp=1.00 total_env_steps=2947 t=0.09s
Ep  101: len= 44 白胜 loss=28.6773 temp=1.00 total_env_steps=2991 t=0.49s
Ep  102: len= 50 白胜 loss=28.5438 temp=1.00 total_env_steps=3041 t=0.61s
Ep  103: len= 26 白胜 loss=28.5048 temp=1.00 total_env_steps=3067 t=0.33s
Ep  104: len= 47 黑胜 loss=28.5720 temp=1.00 total_env_steps=3114 t=0.59s
Ep  105: len= 43 黑胜 loss=28.3989 temp=1.00 total_env_steps=3157 t=0.51s
Ep  106: len= 36 白胜 loss=28.5815 temp=1.00 total_env_steps=3193 t=0.43s
Ep  107: len= 36 白胜 loss=28.5055 temp=1.00 total_env_steps=3229 t=0.44s
Ep  108: len= 47 黑胜 loss=28.5090 temp=1.00 total_env_steps=3276 t=0.54s
Ep  109: len=  4 白胜 loss=28.5286 temp=1.00 total_env_steps=3280 t=0.07s
Ep  110: len= 34 白胜 loss=28.7362 temp=1.00 total_env_steps=3314 t=0.39s
Ep  111: len= 35 黑胜 loss=28.5261 temp=1.00 total_env_steps=3349 t=0.42s
Ep  112: len=  6 白胜 loss=28.6740 temp=1.00 total_env_steps=3355 t=0.10s
Ep  113: len= 46 白胜 loss=28.6128 temp=1.00 total_env_steps=3401 t=0.51s
Ep  114: len= 23 黑胜 loss=28.5211 temp=1.00 total_env_steps=3424 t=0.28s
Ep  115: len= 31 黑胜 loss=28.5757 temp=1.00 total_env_steps=3455 t=0.38s
Ep  116: len= 36 白胜 loss=28.4144 temp=1.00 total_env_steps=3491 t=0.44s
Ep  117: len= 28 白胜 loss=28.6121 temp=1.00 total_env_steps=3519 t=0.40s
Ep  118: len= 29 黑胜 loss=28.6451 temp=1.00 total_env_steps=3548 t=1.83s
Ep  119: len= 47 黑胜 loss=28.5940 temp=1.00 total_env_steps=3595 t=1.41s
Ep  120: len= 23 黑胜 loss=28.3876 temp=1.00 total_env_steps=3618 t=0.45s
Ep  121: len=  2 白胜 loss=28.5198 temp=1.00 total_env_steps=3620 t=0.06s
Ep  122: len=  2 白胜 loss=28.5256 temp=1.00 total_env_steps=3622 t=0.05s
Ep  123: len=  2 白胜 loss=28.5549 temp=1.00 total_env_steps=3624 t=0.06s
Ep  124: len= 29 黑胜 loss=28.3269 temp=1.00 total_env_steps=3653 t=0.49s
Ep  125: len= 38 白胜 loss=28.3757 temp=1.00 total_env_steps=3691 t=0.52s
Ep  126: len= 35 黑胜 loss=28.5451 temp=1.00 total_env_steps=3726 t=0.50s
Ep  127: len= 43 黑胜 loss=28.6752 temp=1.00 total_env_steps=3769 t=0.65s
Ep  128: len= 48 白胜 loss=28.5034 temp=1.00 total_env_steps=3817 t=1.04s
Ep  129: len= 33 黑胜 loss=28.4242 temp=1.00 total_env_steps=3850 t=0.60s
Ep  130: len=  6 白胜 loss=28.3370 temp=1.00 total_env_steps=3856 t=0.12s
Ep  131: len= 50 白胜 loss=28.4507 temp=1.00 total_env_steps=3906 t=0.69s
Ep  132: len= 26 白胜 loss=28.3131 temp=1.00 total_env_steps=3932 t=0.36s
Ep  133: len= 40 白胜 loss=28.4269 temp=1.00 total_env_steps=3972 t=0.75s
Ep  134: len= 24 白胜 loss=28.6333 temp=1.00 total_env_steps=3996 t=0.42s
Ep  135: len= 39 黑胜 loss=28.5910 temp=1.00 total_env_steps=4035 t=0.82s
Ep  136: len= 33 黑胜 loss=28.5929 temp=1.00 total_env_steps=4068 t=0.52s
Ep  137: len= 31 黑胜 loss=28.5753 temp=1.00 total_env_steps=4099 t=0.46s
Ep  138: len= 10 白胜 loss=28.4715 temp=1.00 total_env_steps=4109 t=0.16s
Ep  139: len= 39 黑胜 loss=28.3974 temp=1.00 total_env_steps=4148 t=0.57s
Ep  140: len= 18 白胜 loss=28.3510 temp=1.00 total_env_steps=4166 t=0.27s
Ep  141: len=  2 黑胜 loss=28.5689 temp=1.00 total_env_steps=4168 t=0.06s
Ep  142: len=  6 白胜 loss=28.4868 temp=1.00 total_env_steps=4174 t=0.11s
Ep  143: len= 36 白胜 loss=28.5862 temp=1.00 total_env_steps=4210 t=0.44s
Ep  144: len= 38 白胜 loss=28.6204 temp=1.00 total_env_steps=4248 t=0.45s
Ep  145: len=  4 黑胜 loss=28.6890 temp=1.00 total_env_steps=4252 t=0.06s
Ep  146: len= 34 白胜 loss=28.7059 temp=1.00 total_env_steps=4286 t=0.40s
Ep  147: len= 35 黑胜 loss=28.5762 temp=1.00 total_env_steps=4321 t=0.42s
Ep  148: len=  6 白胜 loss=28.6728 temp=1.00 total_env_steps=4327 t=0.09s
Ep  149: len= 30 白胜 loss=28.5590 temp=1.00 total_env_steps=4357 t=0.35s
Ep  150: len=  6 白胜 loss=28.7518 temp=1.00 total_env_steps=4363 t=0.08s
Ep  151: len= 34 白胜 loss=28.4199 temp=1.00 total_env_steps=4397 t=0.40s
Ep  152: len=  2 白胜 loss=28.6154 temp=1.00 total_env_steps=4399 t=0.05s
Ep  153: len=  6 白胜 loss=28.4357 temp=1.00 total_env_steps=4405 t=0.09s
Ep  154: len=  4 黑胜 loss=28.6356 temp=1.00 total_env_steps=4409 t=0.07s
Ep  155: len=  2 黑胜 loss=28.6999 temp=1.00 total_env_steps=4411 t=0.05s
Ep  156: len= 37 黑胜 loss=28.5129 temp=1.00 total_env_steps=4448 t=0.45s
Ep  157: len= 39 黑胜 loss=28.4181 temp=1.00 total_env_steps=4487 t=0.47s
Ep  158: len= 27 黑胜 loss=28.2907 temp=1.00 total_env_steps=4514 t=0.32s
Ep  159: len= 37 黑胜 loss=28.7023 temp=1.00 total_env_steps=4551 t=0.47s
Ep  160: len= 48 白胜 loss=28.5623 temp=1.00 total_env_steps=4599 t=0.54s
Ep  161: len= 41 黑胜 loss=28.5338 temp=1.00 total_env_steps=4640 t=0.50s
Ep  162: len= 49 黑胜 loss=28.6913 temp=1.00 total_env_steps=4689 t=0.57s
Ep  163: len=  2 白胜 loss=28.5019 temp=1.00 total_env_steps=4691 t=0.05s
Ep  164: len=  2 黑胜 loss=28.4321 temp=1.00 total_env_steps=4693 t=0.05s
Ep  165: len=  2 白胜 loss=28.5907 temp=1.00 total_env_steps=4695 t=0.05s
Ep  166: len= 61 黑胜 loss=28.6702 temp=1.00 total_env_steps=4756 t=0.80s
Ep  167: len= 24 白胜 loss=28.5064 temp=1.00 total_env_steps=4780 t=0.32s
Ep  168: len= 30 白胜 loss=28.4586 temp=1.00 total_env_steps=4810 t=0.35s
Ep  169: len= 29 黑胜 loss=28.4595 temp=1.00 total_env_steps=4839 t=0.35s
Ep  170: len=  4 白胜 loss=28.5952 temp=1.00 total_env_steps=4843 t=0.08s
Ep  171: len= 29 黑胜 loss=28.3808 temp=1.00 total_env_steps=4872 t=0.35s
Ep  172: len=  4 黑胜 loss=28.7247 temp=1.00 total_env_steps=4876 t=0.07s
Ep  173: len= 19 黑胜 loss=28.6292 temp=1.00 total_env_steps=4895 t=0.23s
Ep  174: len= 31 黑胜 loss=28.6939 temp=1.00 total_env_steps=4926 t=0.40s
Ep  175: len= 29 黑胜 loss=28.3868 temp=1.00 total_env_steps=4955 t=0.37s
Ep  176: len=  2 黑胜 loss=28.5734 temp=1.00 total_env_steps=4957 t=0.05s
Ep  177: len= 26 白胜 loss=28.4830 temp=1.00 total_env_steps=4983 t=0.35s
Ep  178: len=  8 黑胜 loss=28.5617 temp=1.00 total_env_steps=4991 t=0.13s
Ep  179: len= 22 白胜 loss=28.5089 temp=1.00 total_env_steps=5013 t=0.28s
Ep  180: len= 42 白胜 loss=28.5913 temp=1.00 total_env_steps=5055 t=0.53s
Ep  181: len= 43 黑胜 loss=28.3179 temp=1.00 total_env_steps=5098 t=0.62s
Ep  182: len= 51 黑胜 loss=28.6451 temp=1.00 total_env_steps=5149 t=0.65s
Ep  183: len= 27 黑胜 loss=28.5844 temp=1.00 total_env_steps=5176 t=0.31s
Ep  184: len= 35 黑胜 loss=28.6418 temp=1.00 total_env_steps=5211 t=0.42s
Ep  185: len= 38 白胜 loss=28.3839 temp=1.00 total_env_steps=5249 t=0.47s
Ep  186: len= 41 黑胜 loss=28.5326 temp=1.00 total_env_steps=5290 t=0.51s
Ep  187: len=  8 黑胜 loss=28.4108 temp=1.00 total_env_steps=5298 t=0.13s
Ep  188: len= 39 黑胜 loss=28.5319 temp=1.00 total_env_steps=5337 t=0.50s
Ep  189: len= 44 白胜 loss=28.5621 temp=1.00 total_env_steps=5381 t=0.56s
Ep  190: len= 19 黑胜 loss=28.4569 temp=1.00 total_env_steps=5400 t=0.28s
Ep  191: len= 28 白胜 loss=28.5065 temp=1.00 total_env_steps=5428 t=0.34s
Ep  192: len= 30 白胜 loss=28.4895 temp=1.00 total_env_steps=5458 t=0.39s
Ep  193: len=  6 黑胜 loss=28.4612 temp=1.00 total_env_steps=5464 t=0.09s
Ep  194: len= 36 白胜 loss=28.5439 temp=1.00 total_env_steps=5500 t=0.48s
Ep  195: len=  2 白胜 loss=28.4599 temp=1.00 total_env_steps=5502 t=0.07s
Ep  196: len= 48 白胜 loss=28.5354 temp=1.00 total_env_steps=5550 t=0.61s
Ep  197: len=  6 黑胜 loss=28.5058 temp=1.00 total_env_steps=5556 t=0.11s
Ep  198: len= 34 白胜 loss=28.5441 temp=1.00 total_env_steps=5590 t=0.42s
Ep  199: len= 49 黑胜 loss=28.7175 temp=1.00 total_env_steps=5639 t=0.64s
Ep  200: len=  4 白胜 loss=28.5387 temp=1.00 total_env_steps=5643 t=0.07s
  eval vs Gomoku-random-v0: win_rate=0.85 mean_return=0.70（20 局，total_env_steps=5643）
Ep  201: len=  2 黑胜 loss=28.4384 temp=1.00 total_env_steps=5645 t=0.07s
Ep  202: len=  8 黑胜 loss=28.5603 temp=1.00 total_env_steps=5653 t=0.11s
Ep  203: len= 18 白胜 loss=28.6021 temp=1.00 total_env_steps=5671 t=0.24s
Ep  204: len= 54 白胜 loss=28.5795 temp=1.00 total_env_steps=5725 t=0.66s
Ep  205: len= 17 黑胜 loss=28.4859 temp=1.00 total_env_steps=5742 t=0.23s
Ep  206: len=  2 白胜 loss=28.4440 temp=1.00 total_env_steps=5744 t=0.07s
Ep  207: len= 35 黑胜 loss=28.5876 temp=1.00 total_env_steps=5779 t=0.47s
Ep  208: len=  4 白胜 loss=28.4996 temp=1.00 total_env_steps=5783 t=0.08s
Ep  209: len= 41 黑胜 loss=28.3841 temp=1.00 total_env_steps=5824 t=0.56s
Ep  210: len= 21 黑胜 loss=28.6783 temp=1.00 total_env_steps=5845 t=0.27s
Ep  211: len= 39 黑胜 loss=28.4846 temp=1.00 total_env_steps=5884 t=0.54s
Ep  212: len= 36 白胜 loss=28.5776 temp=1.00 total_env_steps=5920 t=0.47s
Ep  213: len=  2 黑胜 loss=28.5270 temp=1.00 total_env_steps=5922 t=0.06s
Ep  214: len=  6 黑胜 loss=28.3214 temp=1.00 total_env_steps=5928 t=0.11s
Ep  215: len= 18 黑胜 loss=28.3778 temp=1.00 total_env_steps=5946 t=0.22s
Ep  216: len= 49 黑胜 loss=28.4465 temp=1.00 total_env_steps=5995 t=0.64s
Ep  217: len= 32 白胜 loss=28.6935 temp=1.00 total_env_steps=6027 t=0.39s
Ep  218: len=  2 黑胜 loss=28.5293 temp=1.00 total_env_steps=6029 t=0.07s
Ep  219: len= 38 白胜 loss=28.6305 temp=1.00 total_env_steps=6067 t=0.52s
Ep  220: len= 35 黑胜 loss=28.5977 temp=1.00 total_env_steps=6102 t=0.45s
Ep  221: len= 39 黑胜 loss=28.6929 temp=1.00 total_env_steps=6141 t=0.49s
Ep  222: len= 30 白胜 loss=28.2893 temp=1.00 total_env_steps=6171 t=0.40s
Ep  223: len= 36 白胜 loss=28.5919 temp=1.00 total_env_steps=6207 t=0.45s
Ep  224: len= 34 白胜 loss=28.5747 temp=1.00 total_env_steps=6241 t=0.44s
Ep  225: len= 40 白胜 loss=28.5411 temp=1.00 total_env_steps=6281 t=0.54s
Ep  226: len=  4 白胜 loss=28.4930 temp=1.00 total_env_steps=6285 t=0.08s
Ep  227: len=  4 黑胜 loss=28.5542 temp=1.00 total_env_steps=6289 t=0.08s
Ep  228: len= 35 黑胜 loss=28.4992 temp=1.00 total_env_steps=6324 t=0.46s
Ep  229: len= 31 黑胜 loss=28.4914 temp=1.00 total_env_steps=6355 t=0.42s
Ep  230: len= 31 黑胜 loss=28.5652 temp=1.00 total_env_steps=6386 t=0.40s
Ep  231: len= 44 白胜 loss=28.4126 temp=1.00 total_env_steps=6430 t=0.56s
Ep  232: len=  4 黑胜 loss=28.4845 temp=1.00 total_env_steps=6434 t=0.08s
Ep  233: len= 15 黑胜 loss=28.3997 temp=1.00 total_env_steps=6449 t=0.20s
Ep  234: len= 16 黑胜 loss=28.4268 temp=1.00 total_env_steps=6465 t=0.23s
Ep  235: len= 34 白胜 loss=28.3904 temp=1.00 total_env_steps=6499 t=0.44s
Ep  236: len= 27 黑胜 loss=28.5363 temp=1.00 total_env_steps=6526 t=0.34s
Ep  237: len= 59 黑胜 loss=28.5638 temp=1.00 total_env_steps=6585 t=0.73s
Ep  238: len= 21 白胜 loss=28.5684 temp=1.00 total_env_steps=6606 t=0.27s
Ep  239: len= 35 黑胜 loss=28.4312 temp=1.00 total_env_steps=6641 t=0.48s
Ep  240: len= 40 白胜 loss=28.4774 temp=1.00 total_env_steps=6681 t=0.53s
Ep  241: len= 43 黑胜 loss=28.2677 temp=1.00 total_env_steps=6724 t=0.53s
Ep  242: len= 41 黑胜 loss=28.5083 temp=1.00 total_env_steps=6765 t=0.54s
Ep  243: len=  2 黑胜 loss=28.5522 temp=1.00 total_env_steps=6767 t=0.06s
Ep  244: len= 49 黑胜 loss=28.4755 temp=1.00 total_env_steps=6816 t=0.65s
Ep  245: len=  9 黑胜 loss=28.3650 temp=1.00 total_env_steps=6825 t=0.15s
Ep  246: len= 29 黑胜 loss=28.5832 temp=1.00 total_env_steps=6854 t=0.35s
Ep  247: len= 30 白胜 loss=28.6044 temp=1.00 total_env_steps=6884 t=0.39s
Ep  248: len= 41 黑胜 loss=28.4255 temp=1.00 total_env_steps=6925 t=0.61s
Ep  249: len=  6 白胜 loss=28.6897 temp=1.00 total_env_steps=6931 t=0.12s
Ep  250: len=  4 白胜 loss=28.6316 temp=1.00 total_env_steps=6935 t=0.10s
Ep  251: len= 43 黑胜 loss=28.4489 temp=1.00 total_env_steps=6978 t=0.53s
Ep  252: len= 39 黑胜 loss=28.5704 temp=1.00 total_env_steps=7017 t=0.54s
Ep  253: len= 35 黑胜 loss=28.4220 temp=1.00 total_env_steps=7052 t=0.43s
Ep  254: len= 56 白胜 loss=28.5509 temp=1.00 total_env_steps=7108 t=0.70s
Ep  255: len= 40 白胜 loss=28.4232 temp=1.00 total_env_steps=7148 t=0.54s
Ep  256: len= 26 白胜 loss=28.5470 temp=1.00 total_env_steps=7174 t=0.37s
Ep  257: len= 27 黑胜 loss=28.4485 temp=1.00 total_env_steps=7201 t=0.35s
Ep  258: len= 10 白胜 loss=28.4789 temp=1.00 total_env_steps=7211 t=0.13s
Ep  259: len= 27 黑胜 loss=28.4131 temp=1.00 total_env_steps=7238 t=0.37s
Ep  260: len= 35 黑胜 loss=28.5440 temp=1.00 total_env_steps=7273 t=0.50s
Ep  261: len= 41 黑胜 loss=28.4089 temp=1.00 total_env_steps=7314 t=0.52s
Ep  262: len= 23 黑胜 loss=28.5233 temp=1.00 total_env_steps=7337 t=0.33s
Ep  263: len= 49 黑胜 loss=28.3287 temp=1.00 total_env_steps=7386 t=0.58s
Ep  264: len= 31 黑胜 loss=28.2164 temp=1.00 total_env_steps=7417 t=0.40s
Ep  265: len=  6 黑胜 loss=28.3691 temp=1.00 total_env_steps=7423 t=0.11s
Ep  266: len= 21 黑胜 loss=28.3775 temp=1.00 total_env_steps=7444 t=0.29s
Ep  267: len=  6 黑胜 loss=28.5987 temp=1.00 total_env_steps=7450 t=0.10s
Ep  268: len= 48 白胜 loss=28.5115 temp=1.00 total_env_steps=7498 t=0.60s
Ep  269: len= 34 白胜 loss=28.5196 temp=1.00 total_env_steps=7532 t=0.47s
Ep  270: len= 40 白胜 loss=28.4696 temp=1.00 total_env_steps=7572 t=0.54s
Ep  271: len= 38 白胜 loss=28.6290 temp=1.00 total_env_steps=7610 t=0.46s
Ep  272: len= 28 白胜 loss=28.5216 temp=1.00 total_env_steps=7638 t=0.37s
Ep  273: len= 29 黑胜 loss=28.6778 temp=1.00 total_env_steps=7667 t=0.39s
Ep  274: len= 34 白胜 loss=28.3953 temp=1.00 total_env_steps=7701 t=0.46s
Ep  275: len= 51 黑胜 loss=28.4701 temp=1.00 total_env_steps=7752 t=0.64s
Ep  276: len= 24 白胜 loss=28.4422 temp=1.00 total_env_steps=7776 t=0.34s
Ep  277: len=  2 白胜 loss=28.5138 temp=1.00 total_env_steps=7778 t=0.06s
Ep  278: len= 33 黑胜 loss=28.3802 temp=1.00 total_env_steps=7811 t=0.43s
Ep  279: len= 42 白胜 loss=28.4758 temp=1.00 total_env_steps=7853 t=0.52s
Ep  280: len= 41 黑胜 loss=28.3540 temp=1.00 total_env_steps=7894 t=0.49s
Ep  281: len= 46 白胜 loss=28.6095 temp=1.00 total_env_steps=7940 t=0.57s
Ep  282: len=  6 黑胜 loss=28.4783 temp=1.00 total_env_steps=7946 t=0.11s
Ep  283: len= 31 黑胜 loss=28.4721 temp=1.00 total_env_steps=7977 t=0.38s
Ep  284: len= 50 白胜 loss=28.3982 temp=1.00 total_env_steps=8027 t=0.62s
Ep  285: len= 44 白胜 loss=28.6183 temp=1.00 total_env_steps=8071 t=0.55s
Ep  286: len=  2 白胜 loss=28.4353 temp=1.00 total_env_steps=8073 t=0.07s
Ep  287: len= 27 黑胜 loss=28.4084 temp=1.00 total_env_steps=8100 t=0.37s
Ep  288: len= 25 黑胜 loss=28.5787 temp=1.00 total_env_steps=8125 t=0.32s
Ep  289: len= 14 白胜 loss=28.4484 temp=1.00 total_env_steps=8139 t=0.18s
Ep  290: len= 35 黑胜 loss=28.4645 temp=1.00 total_env_steps=8174 t=0.44s
Ep  291: len= 20 白胜 loss=28.4551 temp=1.00 total_env_steps=8194 t=0.27s
Ep  292: len= 47 黑胜 loss=28.5511 temp=1.00 total_env_steps=8241 t=0.55s
Ep  293: len= 37 黑胜 loss=28.4124 temp=1.00 total_env_steps=8278 t=0.45s
Ep  294: len= 45 黑胜 loss=28.4466 temp=1.00 total_env_steps=8323 t=0.57s
Ep  295: len=  2 黑胜 loss=28.3883 temp=1.00 total_env_steps=8325 t=0.06s
Ep  296: len= 59 黑胜 loss=28.6038 temp=1.00 total_env_steps=8384 t=0.80s
Ep  297: len=  4 黑胜 loss=28.5027 temp=1.00 total_env_steps=8388 t=0.10s
Ep  298: len=  6 黑胜 loss=28.4655 temp=1.00 total_env_steps=8394 t=0.12s
Ep  299: len=  2 白胜 loss=28.6487 temp=1.00 total_env_steps=8396 t=0.07s
Ep  300: len=  2 白胜 loss=28.4719 temp=1.00 total_env_steps=8398 t=0.06s
Ep  301: len= 24 白胜 loss=28.4401 temp=1.00 total_env_steps=8422 t=0.32s
Ep  302: len= 32 白胜 loss=28.5052 temp=1.00 total_env_steps=8454 t=0.44s
Ep  303: len= 35 黑胜 loss=28.5133 temp=1.00 total_env_steps=8489 t=0.49s
Ep  304: len=  4 白胜 loss=28.5468 temp=1.00 total_env_steps=8493 t=0.08s
Ep  305: len=  2 黑胜 loss=28.5821 temp=1.00 total_env_steps=8495 t=0.07s
Ep  306: len=  4 黑胜 loss=28.3026 temp=1.00 total_env_steps=8499 t=0.10s
Ep  307: len= 28 白胜 loss=28.3751 temp=1.00 total_env_steps=8527 t=0.42s
Ep  308: len= 24 白胜 loss=28.4238 temp=1.00 total_env_steps=8551 t=0.38s
Ep  309: len=  2 黑胜 loss=28.4813 temp=1.00 total_env_steps=8553 t=0.06s
Ep  310: len= 41 黑胜 loss=28.4104 temp=1.00 total_env_steps=8594 t=0.56s
Ep  311: len= 23 黑胜 loss=28.6478 temp=1.00 total_env_steps=8617 t=0.35s
Ep  312: len=  2 黑胜 loss=28.3523 temp=1.00 total_env_steps=8619 t=0.07s
Ep  313: len= 34 白胜 loss=28.3760 temp=1.00 total_env_steps=8653 t=0.52s
Ep  314: len= 32 白胜 loss=28.5124 temp=1.00 total_env_steps=8685 t=0.45s
Ep  315: len=  8 白胜 loss=28.5138 temp=1.00 total_env_steps=8693 t=0.22s
Ep  316: len= 21 黑胜 loss=28.5918 temp=1.00 total_env_steps=8714 t=0.54s
Ep  317: len= 42 白胜 loss=28.5885 temp=1.00 total_env_steps=8756 t=0.99s
Ep  318: len= 29 黑胜 loss=28.4693 temp=1.00 total_env_steps=8785 t=0.70s
Ep  319: len=  4 黑胜 loss=28.5978 temp=1.00 total_env_steps=8789 t=0.22s
Ep  320: len=  4 白胜 loss=28.4791 temp=1.00 total_env_steps=8793 t=0.21s
Ep  321: len= 29 黑胜 loss=28.3357 temp=1.00 total_env_steps=8822 t=0.76s
Ep  322: len= 31 黑胜 loss=28.3860 temp=1.00 total_env_steps=8853 t=0.85s
Ep  323: len= 28 白胜 loss=28.4030 temp=1.00 total_env_steps=8881 t=0.81s
Ep  324: len= 35 黑胜 loss=28.3451 temp=1.00 total_env_steps=8916 t=1.00s
Ep  325: len=  4 白胜 loss=28.4522 temp=1.00 total_env_steps=8920 t=0.21s
Ep  326: len= 46 白胜 loss=28.5513 temp=1.00 total_env_steps=8966 t=1.19s
Ep  327: len=  2 白胜 loss=28.3790 temp=1.00 total_env_steps=8968 t=0.17s
Ep  328: len= 25 黑胜 loss=28.4594 temp=1.00 total_env_steps=8993 t=0.67s
Ep  329: len= 31 黑胜 loss=28.6362 temp=1.00 total_env_steps=9024 t=0.72s
Ep  330: len=  4 黑胜 loss=28.4799 temp=1.00 total_env_steps=9028 t=0.20s
Ep  331: len= 39 黑胜 loss=28.6870 temp=1.00 total_env_steps=9067 t=0.93s
Ep  332: len=  2 黑胜 loss=28.5577 temp=1.00 total_env_steps=9069 t=0.16s
Ep  333: len=  2 黑胜 loss=28.3110 temp=1.00 total_env_steps=9071 t=0.15s
Ep  334: len= 37 黑胜 loss=28.5405 temp=1.00 total_env_steps=9108 t=0.91s
Ep  335: len= 22 黑胜 loss=28.5773 temp=1.00 total_env_steps=9130 t=0.56s
Ep  336: len= 51 黑胜 loss=28.6218 temp=1.00 total_env_steps=9181 t=1.22s
Ep  337: len= 40 白胜 loss=28.3402 temp=1.00 total_env_steps=9221 t=0.95s
Ep  338: len= 22 白胜 loss=28.5927 temp=1.00 total_env_steps=9243 t=0.65s
Ep  339: len= 42 白胜 loss=28.5160 temp=1.00 total_env_steps=9285 t=1.03s
Ep  340: len= 47 黑胜 loss=28.5625 temp=1.00 total_env_steps=9332 t=1.02s
Ep  341: len=  2 白胜 loss=28.5324 temp=1.00 total_env_steps=9334 t=0.12s
Ep  342: len= 24 白胜 loss=28.1955 temp=1.00 total_env_steps=9358 t=0.57s
Ep  343: len= 23 黑胜 loss=28.4073 temp=1.00 total_env_steps=9381 t=0.56s
Ep  344: len= 37 黑胜 loss=28.4500 temp=1.00 total_env_steps=9418 t=0.80s
Ep  345: len= 48 白胜 loss=28.4850 temp=1.00 total_env_steps=9466 t=1.03s
Ep  346: len= 10 黑胜 loss=28.5823 temp=1.00 total_env_steps=9476 t=0.34s
Ep  347: len= 43 黑胜 loss=28.4728 temp=1.00 total_env_steps=9519 t=1.00s
Ep  348: len= 28 白胜 loss=28.5260 temp=1.00 total_env_steps=9547 t=0.77s
Ep  349: len= 32 白胜 loss=28.3552 temp=1.00 total_env_steps=9579 t=0.78s
Ep  350: len= 39 黑胜 loss=28.5074 temp=1.00 total_env_steps=9618 t=0.88s
Ep  351: len= 34 白胜 loss=28.5200 temp=1.00 total_env_steps=9652 t=0.77s
Ep  352: len=  2 黑胜 loss=28.5260 temp=1.00 total_env_steps=9654 t=0.13s
Ep  353: len= 38 白胜 loss=28.4854 temp=1.00 total_env_steps=9692 t=0.86s
Ep  354: len= 48 白胜 loss=28.3535 temp=1.00 total_env_steps=9740 t=1.08s
Ep  355: len= 29 黑胜 loss=28.5609 temp=1.00 total_env_steps=9769 t=0.78s
Ep  356: len= 39 黑胜 loss=28.4878 temp=1.00 total_env_steps=9808 t=1.13s
Ep  357: len= 23 黑胜 loss=28.7355 temp=1.00 total_env_steps=9831 t=0.61s
Ep  358: len= 45 黑胜 loss=28.4163 temp=1.00 total_env_steps=9876 t=1.26s
Ep  359: len= 43 黑胜 loss=28.3797 temp=1.00 total_env_steps=9919 t=1.21s
Ep  360: len= 30 白胜 loss=28.5793 temp=1.00 total_env_steps=9949 t=0.91s
Ep  361: len= 15 黑胜 loss=28.3243 temp=1.00 total_env_steps=9964 t=0.48s
Ep  362: len= 38 白胜 loss=28.5342 temp=1.00 total_env_steps=10002 t=1.07s
Ep  363: len=  2 黑胜 loss=28.3524 temp=1.00 total_env_steps=10004 t=0.18s
Ep  364: len= 51 黑胜 loss=28.5126 temp=1.00 total_env_steps=10055 t=1.37s
Ep  365: len=  2 白胜 loss=28.4882 temp=1.00 total_env_steps=10057 t=0.18s
Ep  366: len= 31 黑胜 loss=28.4642 temp=1.00 total_env_steps=10088 t=0.91s
Ep  367: len= 35 黑胜 loss=28.3541 temp=1.00 total_env_steps=10123 t=1.04s
Ep  368: len= 31 黑胜 loss=28.6208 temp=1.00 total_env_steps=10154 t=0.88s
Ep  369: len= 41 黑胜 loss=28.5246 temp=1.00 total_env_steps=10195 t=1.12s
Ep  370: len= 38 白胜 loss=28.3268 temp=1.00 total_env_steps=10233 t=1.01s
Ep  371: len= 33 黑胜 loss=28.5669 temp=1.00 total_env_steps=10266 t=0.95s
Ep  372: len=  2 黑胜 loss=28.5816 temp=1.00 total_env_steps=10268 t=0.17s
Ep  373: len= 33 黑胜 loss=28.4678 temp=1.00 total_env_steps=10301 t=0.95s
Ep  374: len= 38 白胜 loss=28.6255 temp=1.00 total_env_steps=10339 t=1.06s
Ep  375: len= 26 白胜 loss=28.4855 temp=1.00 total_env_steps=10365 t=0.76s
Ep  376: len= 45 黑胜 loss=28.4013 temp=1.00 total_env_steps=10410 t=1.26s
Ep  377: len= 41 黑胜 loss=28.5934 temp=1.00 total_env_steps=10451 t=1.16s
Ep  378: len=  2 黑胜 loss=28.4551 temp=1.00 total_env_steps=10453 t=0.18s
Ep  379: len= 35 黑胜 loss=28.3480 temp=1.00 total_env_steps=10488 t=1.00s
Ep  380: len= 23 黑胜 loss=28.4558 temp=1.00 total_env_steps=10511 t=0.75s
Ep  381: len=  2 白胜 loss=28.2876 temp=1.00 total_env_steps=10513 t=0.18s
Ep  382: len= 20 白胜 loss=28.4020 temp=1.00 total_env_steps=10533 t=0.62s
Ep  383: len=  2 白胜 loss=28.5169 temp=1.00 total_env_steps=10535 t=0.19s
Ep  384: len= 21 黑胜 loss=28.6083 temp=1.00 total_env_steps=10556 t=0.68s
Ep  385: len= 23 黑胜 loss=28.5372 temp=1.00 total_env_steps=10579 t=0.68s
Ep  386: len= 34 白胜 loss=28.6038 temp=1.00 total_env_steps=10613 t=0.96s
Ep  387: len=  2 黑胜 loss=28.3807 temp=1.00 total_env_steps=10615 t=0.18s
Ep  388: len= 26 白胜 loss=28.4745 temp=1.00 total_env_steps=10641 t=0.75s
Ep  389: len= 35 黑胜 loss=28.4161 temp=1.00 total_env_steps=10676 t=0.97s
Ep  390: len= 29 黑胜 loss=28.4804 temp=1.00 total_env_steps=10705 t=0.85s
Ep  391: len= 37 黑胜 loss=28.4656 temp=1.00 total_env_steps=10742 t=1.08s
Ep  392: len= 20 白胜 loss=28.3164 temp=1.00 total_env_steps=10762 t=0.63s
Ep  393: len= 12 白胜 loss=28.5437 temp=1.00 total_env_steps=10774 t=0.40s
Ep  394: len= 28 白胜 loss=28.5068 temp=1.00 total_env_steps=10802 t=0.82s
Ep  395: len= 49 黑胜 loss=28.3638 temp=1.00 total_env_steps=10851 t=1.33s
Ep  396: len= 22 白胜 loss=28.6310 temp=1.00 total_env_steps=10873 t=0.62s
Ep  397: len= 24 白胜 loss=28.3744 temp=1.00 total_env_steps=10897 t=0.76s
Ep  398: len= 36 白胜 loss=28.2562 temp=1.00 total_env_steps=10933 t=1.01s
Ep  399: len= 31 黑胜 loss=28.4040 temp=1.00 total_env_steps=10964 t=0.89s
Ep  400: len= 37 黑胜 loss=28.5538 temp=1.00 total_env_steps=11001 t=1.07s
  eval vs Gomoku-random-v0: win_rate=0.85 mean_return=0.70（20 局，total_env_steps=11001）
Ep  401: len= 45 黑胜 loss=28.4384 temp=1.00 total_env_steps=11046 t=0.56s
Ep  402: len= 29 黑胜 loss=28.4929 temp=1.00 total_env_steps=11075 t=0.37s
Ep  403: len= 47 黑胜 loss=28.6084 temp=1.00 total_env_steps=11122 t=0.57s
Ep  404: len= 23 黑胜 loss=28.4780 temp=1.00 total_env_steps=11145 t=0.30s
Ep  405: len= 26 白胜 loss=28.4334 temp=1.00 total_env_steps=11171 t=0.33s
Ep  406: len= 47 黑胜 loss=28.5565 temp=1.00 total_env_steps=11218 t=0.62s
Ep  407: len= 13 黑胜 loss=28.4432 temp=1.00 total_env_steps=11231 t=0.19s
Ep  408: len= 30 白胜 loss=28.3970 temp=1.00 total_env_steps=11261 t=0.38s
Ep  409: len= 44 白胜 loss=28.5009 temp=1.00 total_env_steps=11305 t=0.55s
Ep  410: len= 36 白胜 loss=28.3424 temp=1.00 total_env_steps=11341 t=0.51s
Ep  411: len= 32 白胜 loss=28.0992 temp=1.00 total_env_steps=11373 t=0.47s
Ep  412: len= 25 黑胜 loss=28.2897 temp=1.00 total_env_steps=11398 t=0.35s
Ep  413: len= 36 白胜 loss=28.4241 temp=1.00 total_env_steps=11434 t=0.54s
Ep  414: len= 40 白胜 loss=28.4258 temp=1.00 total_env_steps=11474 t=0.51s
Ep  415: len=  8 白胜 loss=28.3389 temp=1.00 total_env_steps=11482 t=0.14s
Ep  416: len= 20 白胜 loss=28.3204 temp=1.00 total_env_steps=11502 t=0.29s
Ep  417: len= 21 黑胜 loss=28.4559 temp=1.00 total_env_steps=11523 t=0.27s
Ep  418: len=  8 白胜 loss=28.4335 temp=1.00 total_env_steps=11531 t=0.13s
Ep  419: len= 32 白胜 loss=28.3953 temp=1.00 total_env_steps=11563 t=0.42s
Ep  420: len= 35 黑胜 loss=28.4792 temp=1.00 total_env_steps=11598 t=0.43s
Ep  421: len= 30 黑胜 loss=28.5814 temp=1.00 total_env_steps=11628 t=0.36s
Ep  422: len= 34 白胜 loss=28.6278 temp=1.00 total_env_steps=11662 t=0.42s
Ep  423: len= 18 白胜 loss=28.5058 temp=1.00 total_env_steps=11680 t=0.24s
Ep  424: len= 30 白胜 loss=28.5239 temp=1.00 total_env_steps=11710 t=0.40s
Ep  425: len= 41 黑胜 loss=28.3634 temp=1.00 total_env_steps=11751 t=0.49s
Ep  426: len= 32 白胜 loss=28.5914 temp=1.00 total_env_steps=11783 t=0.39s
Ep  427: len= 32 白胜 loss=28.4628 temp=1.00 total_env_steps=11815 t=0.43s
Ep  428: len= 27 黑胜 loss=28.4792 temp=1.00 total_env_steps=11842 t=0.33s
Ep  429: len= 43 黑胜 loss=28.3165 temp=1.00 total_env_steps=11885 t=0.53s
Ep  430: len= 25 黑胜 loss=28.4448 temp=1.00 total_env_steps=11910 t=0.30s
Ep  431: len= 41 黑胜 loss=28.3866 temp=1.00 total_env_steps=11951 t=0.51s
Ep  432: len= 33 黑胜 loss=28.4831 temp=1.00 total_env_steps=11984 t=0.41s
Ep  433: len= 43 黑胜 loss=28.2916 temp=1.00 total_env_steps=12027 t=0.51s
Ep  434: len= 56 白胜 loss=28.4507 temp=1.00 total_env_steps=12083 t=0.69s
Ep  435: len= 27 黑胜 loss=28.3585 temp=1.00 total_env_steps=12110 t=0.37s
Ep  436: len= 35 黑胜 loss=28.4539 temp=1.00 total_env_steps=12145 t=0.56s
Ep  437: len= 42 白胜 loss=28.6541 temp=1.00 total_env_steps=12187 t=2.01s
Ep  438: len= 63 黑胜 loss=28.3617 temp=1.00 total_env_steps=12250 t=1.61s
Ep  439: len= 31 黑胜 loss=28.4872 temp=1.00 total_env_steps=12281 t=0.52s
Ep  440: len= 26 白胜 loss=28.4554 temp=1.00 total_env_steps=12307 t=0.47s
Ep  441: len=  2 黑胜 loss=28.6744 temp=1.00 total_env_steps=12309 t=0.09s
Ep  442: len=  8 白胜 loss=28.6123 temp=1.00 total_env_steps=12317 t=0.17s
Ep  443: len= 29 黑胜 loss=28.1999 temp=1.00 total_env_steps=12346 t=0.41s
Ep  444: len= 31 黑胜 loss=28.4096 temp=1.00 total_env_steps=12377 t=0.49s
Ep  445: len= 26 白胜 loss=28.2776 temp=1.00 total_env_steps=12403 t=0.42s
Ep  446: len=  6 白胜 loss=28.5315 temp=1.00 total_env_steps=12409 t=0.14s
Ep  447: len= 21 黑胜 loss=28.4075 temp=1.00 total_env_steps=12430 t=0.58s
Ep  448: len= 43 黑胜 loss=28.3600 temp=1.00 total_env_steps=12473 t=0.82s
Ep  449: len= 12 黑胜 loss=28.4692 temp=1.00 total_env_steps=12485 t=0.20s
Ep  450: len= 12 黑胜 loss=28.4068 temp=1.00 total_env_steps=12497 t=0.20s
Ep  451: len= 35 黑胜 loss=28.4056 temp=1.00 total_env_steps=12532 t=0.49s
Ep  452: len= 41 黑胜 loss=28.3874 temp=1.00 total_env_steps=12573 t=0.59s
Ep  453: len= 18 白胜 loss=28.4181 temp=1.00 total_env_steps=12591 t=0.28s
Ep  454: len= 16 黑胜 loss=28.4512 temp=1.00 total_env_steps=12607 t=0.25s
Ep  455: len= 41 黑胜 loss=28.5413 temp=1.00 total_env_steps=12648 t=0.60s
Ep  456: len=  4 白胜 loss=28.4382 temp=1.00 total_env_steps=12652 t=0.09s
Ep  457: len= 46 白胜 loss=28.6998 temp=1.00 total_env_steps=12698 t=0.62s
Ep  458: len= 40 白胜 loss=28.3436 temp=1.00 total_env_steps=12738 t=0.51s
Ep  459: len= 33 黑胜 loss=28.3094 temp=1.00 total_env_steps=12771 t=0.42s
Ep  460: len= 34 白胜 loss=28.3315 temp=1.00 total_env_steps=12805 t=0.43s
Ep  461: len= 24 白胜 loss=28.3796 temp=1.00 total_env_steps=12829 t=0.33s
Ep  462: len= 26 白胜 loss=28.3641 temp=1.00 total_env_steps=12855 t=0.35s
Ep  463: len= 46 白胜 loss=28.6352 temp=1.00 total_env_steps=12901 t=0.56s
Ep  464: len= 25 黑胜 loss=28.2762 temp=1.00 total_env_steps=12926 t=0.33s
Ep  465: len= 43 黑胜 loss=28.1907 temp=1.00 total_env_steps=12969 t=0.52s
Ep  466: len= 20 白胜 loss=28.4600 temp=1.00 total_env_steps=12989 t=0.27s
Ep  467: len= 31 黑胜 loss=28.3596 temp=1.00 total_env_steps=13020 t=0.39s
Ep  468: len= 33 黑胜 loss=28.4091 temp=1.00 total_env_steps=13053 t=0.41s
Ep  469: len= 36 白胜 loss=28.5156 temp=1.00 total_env_steps=13089 t=0.44s
Ep  470: len= 12 黑胜 loss=28.2816 temp=1.00 total_env_steps=13101 t=0.18s
Ep  471: len= 21 黑胜 loss=28.3021 temp=1.00 total_env_steps=13122 t=0.29s
Ep  472: len= 38 白胜 loss=28.3984 temp=1.00 total_env_steps=13160 t=0.45s
Ep  473: len= 18 白胜 loss=28.2413 temp=1.00 total_env_steps=13178 t=0.24s
Ep  474: len= 18 黑胜 loss=28.3734 temp=1.00 total_env_steps=13196 t=0.24s
Ep  475: len=  2 白胜 loss=28.4854 temp=1.00 total_env_steps=13198 t=0.07s
Ep  476: len= 22 白胜 loss=28.2753 temp=1.00 total_env_steps=13220 t=0.29s
Ep  477: len=  8 白胜 loss=28.3001 temp=1.00 total_env_steps=13228 t=0.13s
Ep  478: len= 39 黑胜 loss=28.4827 temp=1.00 total_env_steps=13267 t=0.47s
Ep  479: len= 28 白胜 loss=28.3715 temp=1.00 total_env_steps=13295 t=0.36s
Ep  480: len= 33 黑胜 loss=28.3254 temp=1.00 total_env_steps=13328 t=0.43s
Ep  481: len= 33 黑胜 loss=28.3799 temp=1.00 total_env_steps=13361 t=0.41s
Ep  482: len= 44 白胜 loss=28.4342 temp=1.00 total_env_steps=13405 t=0.52s
Ep  483: len= 28 白胜 loss=28.3508 temp=1.00 total_env_steps=13433 t=0.38s
Ep  484: len= 27 黑胜 loss=28.3788 temp=1.00 total_env_steps=13460 t=0.38s
Ep  485: len= 31 黑胜 loss=28.3478 temp=1.00 total_env_steps=13491 t=0.41s
Ep  486: len= 23 黑胜 loss=28.4569 temp=1.00 total_env_steps=13514 t=0.33s
Ep  487: len= 33 黑胜 loss=28.3469 temp=1.00 total_env_steps=13547 t=0.45s
Ep  488: len= 32 白胜 loss=28.4682 temp=1.00 total_env_steps=13579 t=0.43s
Ep  489: len=  8 白胜 loss=28.3534 temp=1.00 total_env_steps=13587 t=0.18s
Ep  490: len= 29 黑胜 loss=28.2996 temp=1.00 total_env_steps=13616 t=1.29s
Ep  491: len= 15 黑胜 loss=28.5021 temp=1.00 total_env_steps=13631 t=0.55s
Ep  492: len= 50 白胜 loss=28.3644 temp=1.00 total_env_steps=13681 t=0.66s
Ep  493: len= 22 白胜 loss=28.4599 temp=1.00 total_env_steps=13703 t=0.31s
Ep  494: len= 33 黑胜 loss=28.3541 temp=1.00 total_env_steps=13736 t=0.42s
Ep  495: len= 34 白胜 loss=28.5826 temp=1.00 total_env_steps=13770 t=0.42s
Ep  496: len= 19 黑胜 loss=28.3246 temp=1.00 total_env_steps=13789 t=0.25s
Ep  497: len= 35 黑胜 loss=28.5061 temp=1.00 total_env_steps=13824 t=0.44s
Ep  498: len= 38 白胜 loss=28.5491 temp=1.00 total_env_steps=13862 t=0.47s
Ep  499: len= 35 黑胜 loss=28.5037 temp=1.00 total_env_steps=13897 t=0.43s
Ep  500: len= 14 白胜 loss=28.3572 temp=1.00 total_env_steps=13911 t=0.20s
Ep  501: len= 27 黑胜 loss=28.2078 temp=1.00 total_env_steps=13938 t=0.37s
Ep  502: len= 26 白胜 loss=28.4003 temp=1.00 total_env_steps=13964 t=0.35s
Ep  503: len= 33 黑胜 loss=28.4007 temp=1.00 total_env_steps=13997 t=0.42s
Ep  504: len= 34 白胜 loss=28.4536 temp=1.00 total_env_steps=14031 t=0.42s
Ep  505: len= 33 黑胜 loss=28.4956 temp=1.00 total_env_steps=14064 t=0.40s
Ep  506: len= 25 黑胜 loss=28.4326 temp=1.00 total_env_steps=14089 t=0.31s
Ep  507: len= 17 黑胜 loss=28.4294 temp=1.00 total_env_steps=14106 t=0.24s
Ep  508: len= 17 黑胜 loss=28.5054 temp=1.00 total_env_steps=14123 t=0.22s
Ep  509: len= 30 白胜 loss=28.3558 temp=1.00 total_env_steps=14153 t=0.41s
Ep  510: len= 16 白胜 loss=28.4773 temp=1.00 total_env_steps=14169 t=0.24s
Ep  511: len= 10 白胜 loss=28.3996 temp=1.00 total_env_steps=14179 t=0.17s
Ep  512: len= 21 黑胜 loss=28.3622 temp=1.00 total_env_steps=14200 t=0.33s
Ep  513: len=  6 黑胜 loss=28.4172 temp=1.00 total_env_steps=14206 t=0.13s
Ep  514: len= 33 黑胜 loss=28.4303 temp=1.00 total_env_steps=14239 t=0.47s
Ep  515: len= 40 白胜 loss=28.5065 temp=1.00 total_env_steps=14279 t=0.50s
Ep  516: len= 37 黑胜 loss=28.4503 temp=1.00 total_env_steps=14316 t=0.46s
Ep  517: len= 37 黑胜 loss=28.4050 temp=1.00 total_env_steps=14353 t=0.45s
Ep  518: len= 37 黑胜 loss=28.4193 temp=1.00 total_env_steps=14390 t=0.43s
Ep  519: len= 33 黑胜 loss=28.4936 temp=1.00 total_env_steps=14423 t=0.41s
Ep  520: len= 32 白胜 loss=28.3308 temp=1.00 total_env_steps=14455 t=0.40s
Ep  521: len= 15 黑胜 loss=28.4756 temp=1.00 total_env_steps=14470 t=0.20s
Ep  522: len= 23 黑胜 loss=28.3030 temp=1.00 total_env_steps=14493 t=0.31s
Ep  523: len=  4 白胜 loss=28.4717 temp=1.00 total_env_steps=14497 t=0.08s
Ep  524: len=  2 白胜 loss=28.5115 temp=1.00 total_env_steps=14499 t=0.06s
Ep  525: len= 11 黑胜 loss=28.3139 temp=1.00 total_env_steps=14510 t=0.15s
Ep  526: len= 23 白胜 loss=28.3786 temp=1.00 total_env_steps=14533 t=0.28s
Ep  527: len= 15 黑胜 loss=28.4008 temp=1.00 total_env_steps=14548 t=0.21s
Ep  528: len= 23 黑胜 loss=28.1792 temp=1.00 total_env_steps=14571 t=0.29s
Ep  529: len= 49 黑胜 loss=28.4083 temp=1.00 total_env_steps=14620 t=0.58s
Ep  530: len= 27 黑胜 loss=28.5812 temp=1.00 total_env_steps=14647 t=0.33s
Ep  531: len= 25 黑胜 loss=28.4520 temp=1.00 total_env_steps=14672 t=0.32s
Ep  532: len= 49 黑胜 loss=28.3538 temp=1.00 total_env_steps=14721 t=0.58s
Ep  533: len= 27 黑胜 loss=28.5164 temp=1.00 total_env_steps=14748 t=0.38s
Ep  534: len= 29 黑胜 loss=28.3516 temp=1.00 total_env_steps=14777 t=0.41s
Ep  535: len= 32 白胜 loss=28.4388 temp=1.00 total_env_steps=14809 t=0.48s
Ep  536: len=  2 白胜 loss=28.4162 temp=1.00 total_env_steps=14811 t=0.07s
Ep  537: len= 59 黑胜 loss=28.4270 temp=1.00 total_env_steps=14870 t=0.81s
Ep  538: len=  8 白胜 loss=28.2518 temp=1.00 total_env_steps=14878 t=0.12s
Ep  539: len= 44 白胜 loss=28.4519 temp=1.00 total_env_steps=14922 t=0.54s
Ep  540: len= 28 白胜 loss=28.3581 temp=1.00 total_env_steps=14950 t=0.36s
Ep  541: len= 24 白胜 loss=28.3209 temp=1.00 total_env_steps=14974 t=0.32s
Ep  542: len= 12 白胜 loss=28.4851 temp=1.00 total_env_steps=14986 t=0.17s
Ep  543: len= 23 黑胜 loss=28.3661 temp=1.00 total_env_steps=15009 t=0.31s
Ep  544: len= 12 黑胜 loss=28.6520 temp=1.00 total_env_steps=15021 t=0.18s
Ep  545: len= 28 白胜 loss=28.4328 temp=1.00 total_env_steps=15049 t=0.32s
Ep  546: len= 14 黑胜 loss=28.2990 temp=1.00 total_env_steps=15063 t=0.19s
Ep  547: len= 34 白胜 loss=28.5123 temp=1.00 total_env_steps=15097 t=0.47s
Ep  548: len= 25 黑胜 loss=28.3243 temp=1.00 total_env_steps=15122 t=0.31s
Ep  549: len= 28 白胜 loss=28.5415 temp=1.00 total_env_steps=15150 t=0.34s
Ep  550: len= 19 黑胜 loss=28.3270 temp=1.00 total_env_steps=15169 t=0.30s
Ep  551: len= 35 黑胜 loss=28.5969 temp=1.00 total_env_steps=15204 t=0.48s
Ep  552: len= 27 黑胜 loss=28.3909 temp=1.00 total_env_steps=15231 t=0.35s
Ep  553: len= 19 黑胜 loss=28.3999 temp=1.00 total_env_steps=15250 t=0.26s
Ep  554: len= 53 黑胜 loss=28.4953 temp=1.00 total_env_steps=15303 t=0.65s
Ep  555: len= 31 黑胜 loss=28.5800 temp=1.00 total_env_steps=15334 t=0.37s
Ep  556: len= 42 白胜 loss=28.5322 temp=1.00 total_env_steps=15376 t=0.52s
Ep  557: len=  8 黑胜 loss=28.5925 temp=1.00 total_env_steps=15384 t=0.12s
Ep  558: len= 47 黑胜 loss=28.2426 temp=1.00 total_env_steps=15431 t=0.56s
Ep  559: len= 22 白胜 loss=28.5290 temp=1.00 total_env_steps=15453 t=0.28s
Ep  560: len= 13 黑胜 loss=28.4884 temp=1.00 total_env_steps=15466 t=0.21s
Ep  561: len= 27 黑胜 loss=28.2930 temp=1.00 total_env_steps=15493 t=0.37s
Ep  562: len= 29 黑胜 loss=28.5147 temp=1.00 total_env_steps=15522 t=0.41s
Ep  563: len= 12 白胜 loss=28.3530 temp=1.00 total_env_steps=15534 t=0.21s
Ep  564: len= 35 黑胜 loss=28.3156 temp=1.00 total_env_steps=15569 t=0.49s
Ep  565: len=  4 白胜 loss=28.4042 temp=1.00 total_env_steps=15573 t=0.08s
Ep  566: len= 14 黑胜 loss=28.3634 temp=1.00 total_env_steps=15587 t=0.19s
Ep  567: len= 52 白胜 loss=28.3449 temp=1.00 total_env_steps=15639 t=0.59s
Ep  568: len= 25 黑胜 loss=28.5785 temp=1.00 total_env_steps=15664 t=0.32s
Ep  569: len= 19 黑胜 loss=28.4010 temp=1.00 total_env_steps=15683 t=0.24s
Ep  570: len= 28 白胜 loss=28.4404 temp=1.00 total_env_steps=15711 t=0.33s
Ep  571: len=  2 白胜 loss=28.3389 temp=1.00 total_env_steps=15713 t=0.06s
Ep  572: len=  4 白胜 loss=28.2164 temp=1.00 total_env_steps=15717 t=0.07s
Ep  573: len= 26 白胜 loss=28.2267 temp=1.00 total_env_steps=15743 t=0.32s
Ep  574: len=  6 白胜 loss=28.3234 temp=1.00 total_env_steps=15749 t=0.10s
Ep  575: len= 10 黑胜 loss=28.4181 temp=1.00 total_env_steps=15759 t=0.15s
Ep  576: len= 38 白胜 loss=28.3219 temp=1.00 total_env_steps=15797 t=0.48s
Ep  577: len=  4 白胜 loss=28.3446 temp=1.00 total_env_steps=15801 t=0.07s
Ep  578: len= 28 白胜 loss=28.7143 temp=1.00 total_env_steps=15829 t=0.34s
Ep  579: len= 49 黑胜 loss=28.5223 temp=1.00 total_env_steps=15878 t=0.56s
Ep  580: len=  2 黑胜 loss=28.3724 temp=1.00 total_env_steps=15880 t=0.06s
Ep  581: len= 26 白胜 loss=28.3015 temp=1.00 total_env_steps=15906 t=0.31s
Ep  582: len= 35 黑胜 loss=28.4480 temp=1.00 total_env_steps=15941 t=0.43s
Ep  583: len= 20 白胜 loss=28.5804 temp=1.00 total_env_steps=15961 t=0.25s
Ep  584: len= 31 黑胜 loss=28.5843 temp=1.00 total_env_steps=15992 t=0.41s
Ep  585: len= 37 黑胜 loss=28.3403 temp=1.00 total_env_steps=16029 t=0.47s
Ep  586: len= 31 黑胜 loss=28.3997 temp=1.00 total_env_steps=16060 t=0.38s
Ep  587: len= 49 黑胜 loss=28.3400 temp=1.00 total_env_steps=16109 t=0.57s
Ep  588: len= 42 白胜 loss=28.4195 temp=1.00 total_env_steps=16151 t=0.49s
Ep  589: len=  8 白胜 loss=28.5171 temp=1.00 total_env_steps=16159 t=0.13s
Ep  590: len= 31 黑胜 loss=28.3722 temp=1.00 total_env_steps=16190 t=0.40s
Ep  591: len= 37 黑胜 loss=28.5190 temp=1.00 total_env_steps=16227 t=0.51s
Ep  592: len= 32 白胜 loss=28.5133 temp=1.00 total_env_steps=16259 t=0.44s
Ep  593: len= 40 白胜 loss=28.3760 temp=1.00 total_env_steps=16299 t=0.52s
Ep  594: len= 31 黑胜 loss=28.2910 temp=1.00 total_env_steps=16330 t=0.43s
Ep  595: len= 46 白胜 loss=28.5249 temp=1.00 total_env_steps=16376 t=0.62s
Ep  596: len= 31 黑胜 loss=28.2234 temp=1.00 total_env_steps=16407 t=0.42s
Ep  597: len= 32 白胜 loss=28.4765 temp=1.00 total_env_steps=16439 t=0.39s
Ep  598: len= 41 黑胜 loss=28.2534 temp=1.00 total_env_steps=16480 t=0.48s
Ep  599: len= 31 黑胜 loss=28.6394 temp=1.00 total_env_steps=16511 t=0.38s
Ep  600: len=  8 白胜 loss=28.3902 temp=1.00 total_env_steps=16519 t=0.13s
  eval vs Gomoku-random-v0: win_rate=0.95 mean_return=0.90（20 局，total_env_steps=16519）
  ✅ 达标 ep=600 total_env_steps=16519
Ep  601: len= 35 黑胜 loss=28.1936 temp=1.00 total_env_steps=16554 t=0.41s
Ep  602: len= 42 白胜 loss=28.3548 temp=1.00 total_env_steps=16596 t=0.48s
Ep  603: len= 12 白胜 loss=28.3016 temp=1.00 total_env_steps=16608 t=0.18s
Ep  604: len= 18 白胜 loss=28.2178 temp=1.00 total_env_steps=16626 t=0.22s
Ep  605: len= 23 黑胜 loss=28.2613 temp=1.00 total_env_steps=16649 t=0.28s
Ep  606: len= 29 黑胜 loss=28.3690 temp=1.00 total_env_steps=16678 t=0.34s
Ep  607: len= 21 黑胜 loss=28.3041 temp=1.00 total_env_steps=16699 t=0.26s
Ep  608: len= 46 白胜 loss=28.2941 temp=1.00 total_env_steps=16745 t=0.53s
Ep  609: len= 25 黑胜 loss=28.2629 temp=1.00 total_env_steps=16770 t=0.35s
Ep  610: len= 19 黑胜 loss=28.4780 temp=1.00 total_env_steps=16789 t=0.30s
Ep  611: len= 33 黑胜 loss=28.2924 temp=1.00 total_env_steps=16822 t=0.51s
Ep  612: len= 20 白胜 loss=28.3768 temp=1.00 total_env_steps=16842 t=0.30s
Ep  613: len= 11 黑胜 loss=28.4013 temp=1.00 total_env_steps=16853 t=0.19s
Ep  614: len= 41 黑胜 loss=28.3763 temp=1.00 total_env_steps=16894 t=0.60s
Ep  615: len= 16 白胜 loss=28.4724 temp=1.00 total_env_steps=16910 t=0.31s
Ep  616: len= 50 白胜 loss=28.2962 temp=1.00 total_env_steps=16960 t=0.73s
Ep  617: len= 28 白胜 loss=28.3921 temp=1.00 total_env_steps=16988 t=0.46s
Ep  618: len= 31 黑胜 loss=28.6168 temp=1.00 total_env_steps=17019 t=0.44s
Ep  619: len= 27 黑胜 loss=28.1706 temp=1.00 total_env_steps=17046 t=0.42s
Ep  620: len=  2 白胜 loss=28.3574 temp=1.00 total_env_steps=17048 t=0.07s
Ep  621: len= 40 白胜 loss=28.4118 temp=1.00 total_env_steps=17088 t=0.57s
Ep  622: len= 22 白胜 loss=28.3314 temp=1.00 total_env_steps=17110 t=0.38s
Ep  623: len= 29 黑胜 loss=28.4252 temp=1.00 total_env_steps=17139 t=0.81s
Ep  624: len=  2 黑胜 loss=28.3163 temp=1.00 total_env_steps=17141 t=0.17s
Ep  625: len= 29 黑胜 loss=28.3630 temp=1.00 total_env_steps=17170 t=0.79s
Ep  626: len= 37 黑胜 loss=28.1597 temp=1.00 total_env_steps=17207 t=0.96s
Ep  627: len= 41 黑胜 loss=28.2407 temp=1.00 total_env_steps=17248 t=1.05s
Ep  628: len= 29 黑胜 loss=28.5805 temp=1.00 total_env_steps=17277 t=0.80s
Ep  629: len=  2 黑胜 loss=28.3253 temp=1.00 total_env_steps=17279 t=0.17s
Ep  630: len= 40 白胜 loss=28.5571 temp=1.00 total_env_steps=17319 t=1.04s
Ep  631: len= 26 白胜 loss=28.4260 temp=1.00 total_env_steps=17345 t=0.74s
Ep  632: len= 32 白胜 loss=28.3735 temp=1.00 total_env_steps=17377 t=0.84s
Ep  633: len= 42 白胜 loss=28.3274 temp=1.00 total_env_steps=17419 t=1.07s
Ep  634: len= 41 黑胜 loss=28.4248 temp=1.00 total_env_steps=17460 t=1.02s
Ep  635: len=  4 黑胜 loss=28.4081 temp=1.00 total_env_steps=17464 t=0.21s
Ep  636: len= 32 白胜 loss=28.3527 temp=1.00 total_env_steps=17496 t=0.86s
Ep  637: len= 55 黑胜 loss=28.3240 temp=1.00 total_env_steps=17551 t=1.40s
Ep  638: len=  6 黑胜 loss=28.4066 temp=1.00 total_env_steps=17557 t=0.26s
Ep  639: len= 10 黑胜 loss=28.4901 temp=1.00 total_env_steps=17567 t=0.39s
Ep  640: len= 27 黑胜 loss=28.1592 temp=1.00 total_env_steps=17594 t=0.71s
Ep  641: len= 27 黑胜 loss=28.2396 temp=1.00 total_env_steps=17621 t=0.66s
Ep  642: len= 31 黑胜 loss=28.2198 temp=1.00 total_env_steps=17652 t=0.74s
Ep  643: len=  8 白胜 loss=28.4504 temp=1.00 total_env_steps=17660 t=0.26s
Ep  644: len= 14 白胜 loss=28.4740 temp=1.00 total_env_steps=17674 t=0.38s
Ep  645: len=  2 白胜 loss=28.4199 temp=1.00 total_env_steps=17676 t=0.13s
Ep  646: len= 34 白胜 loss=28.2448 temp=1.00 total_env_steps=17710 t=0.78s
Ep  647: len= 22 白胜 loss=28.3042 temp=1.00 total_env_steps=17732 t=0.56s
Ep  648: len= 34 白胜 loss=28.3326 temp=1.00 total_env_steps=17766 t=0.90s
Ep  649: len= 35 黑胜 loss=28.3330 temp=1.00 total_env_steps=17801 t=0.93s
Ep  650: len= 40 白胜 loss=28.2412 temp=1.00 total_env_steps=17841 t=1.09s
Ep  651: len= 36 白胜 loss=28.2211 temp=1.00 total_env_steps=17877 t=1.00s
Ep  652: len= 28 白胜 loss=28.2455 temp=1.00 total_env_steps=17905 t=0.76s
Ep  653: len= 24 白胜 loss=28.2827 temp=1.00 total_env_steps=17929 t=0.68s
Ep  654: len= 32 白胜 loss=28.3862 temp=1.00 total_env_steps=17961 t=0.90s
Ep  655: len= 29 黑胜 loss=28.1807 temp=1.00 total_env_steps=17990 t=0.81s
Ep  656: len= 18 白胜 loss=28.2070 temp=1.00 total_env_steps=18008 t=0.58s
Ep  657: len= 32 白胜 loss=28.3069 temp=1.00 total_env_steps=18040 t=0.81s
Ep  658: len= 43 黑胜 loss=28.3941 temp=1.00 total_env_steps=18083 t=1.04s
Ep  659: len= 21 黑胜 loss=28.3685 temp=1.00 total_env_steps=18104 t=0.56s
Ep  660: len= 20 白胜 loss=28.1894 temp=1.00 total_env_steps=18124 t=0.55s
Ep  661: len= 24 白胜 loss=28.3120 temp=1.00 total_env_steps=18148 t=0.61s
Ep  662: len= 16 白胜 loss=28.5343 temp=1.00 total_env_steps=18164 t=0.43s
Ep  663: len= 31 黑胜 loss=28.3481 temp=1.00 total_env_steps=18195 t=0.75s
Ep  664: len= 12 白胜 loss=28.5301 temp=1.00 total_env_steps=18207 t=0.33s
Ep  665: len= 26 白胜 loss=28.2526 temp=1.00 total_env_steps=18233 t=0.69s
Ep  666: len= 47 黑胜 loss=28.2581 temp=1.00 total_env_steps=18280 t=1.09s
Ep  667: len= 21 黑胜 loss=28.3347 temp=1.00 total_env_steps=18301 t=0.55s
Ep  668: len=  2 黑胜 loss=28.3753 temp=1.00 total_env_steps=18303 t=0.12s
Ep  669: len=  8 黑胜 loss=28.4752 temp=1.00 total_env_steps=18311 t=0.28s
Ep  670: len=  2 黑胜 loss=28.5495 temp=1.00 total_env_steps=18313 t=0.13s
Ep  671: len= 19 黑胜 loss=28.5479 temp=1.00 total_env_steps=18332 t=0.49s
Ep  672: len= 34 白胜 loss=28.3176 temp=1.00 total_env_steps=18366 t=0.80s
Ep  673: len= 41 黑胜 loss=28.1399 temp=1.00 total_env_steps=18407 t=0.94s
Ep  674: len= 48 白胜 loss=28.2921 temp=1.00 total_env_steps=18455 t=1.05s
Ep  675: len= 35 黑胜 loss=28.3248 temp=1.00 total_env_steps=18490 t=0.82s
Ep  676: len= 25 黑胜 loss=28.3644 temp=1.00 total_env_steps=18515 t=0.62s
Ep  677: len= 19 黑胜 loss=28.3585 temp=1.00 total_env_steps=18534 t=0.46s
Ep  678: len=  2 黑胜 loss=28.4819 temp=1.00 total_env_steps=18536 t=0.14s
Ep  679: len= 21 白胜 loss=28.3883 temp=1.00 total_env_steps=18557 t=0.44s
Ep  680: len= 36 白胜 loss=28.3392 temp=1.00 total_env_steps=18593 t=0.86s
Ep  681: len= 26 白胜 loss=28.2662 temp=1.00 total_env_steps=18619 t=0.61s
Ep  682: len= 27 黑胜 loss=28.3905 temp=1.00 total_env_steps=18646 t=0.62s
Ep  683: len= 40 白胜 loss=28.2045 temp=1.00 total_env_steps=18686 t=0.88s
Ep  684: len= 45 黑胜 loss=28.3021 temp=1.00 total_env_steps=18731 t=1.03s
Ep  685: len= 31 黑胜 loss=28.3648 temp=1.00 total_env_steps=18762 t=0.71s
Ep  686: len= 25 黑胜 loss=28.2618 temp=1.00 total_env_steps=18787 t=0.63s
Ep  687: len= 23 黑胜 loss=28.2819 temp=1.00 total_env_steps=18810 t=0.54s
Ep  688: len= 21 黑胜 loss=28.3498 temp=1.00 total_env_steps=18831 t=0.52s
Ep  689: len= 27 黑胜 loss=28.2318 temp=1.00 total_env_steps=18858 t=0.59s
Ep  690: len= 25 黑胜 loss=28.3148 temp=1.00 total_env_steps=18883 t=0.55s
Ep  691: len= 21 黑胜 loss=28.3840 temp=1.00 total_env_steps=18904 t=0.50s
Ep  692: len= 50 白胜 loss=28.2257 temp=1.00 total_env_steps=18954 t=1.01s
Ep  693: len= 17 黑胜 loss=28.2272 temp=1.00 total_env_steps=18971 t=0.38s
Ep  694: len= 38 白胜 loss=28.2992 temp=1.00 total_env_steps=19009 t=0.81s
Ep  695: len=  6 黑胜 loss=28.2794 temp=1.00 total_env_steps=19015 t=0.19s
Ep  696: len= 48 白胜 loss=28.4732 temp=1.00 total_env_steps=19063 t=1.02s
Ep  697: len= 31 黑胜 loss=28.2995 temp=1.00 total_env_steps=19094 t=0.65s
Ep  698: len= 37 黑胜 loss=28.4189 temp=1.00 total_env_steps=19131 t=0.83s
Ep  699: len= 42 白胜 loss=28.1455 temp=1.00 total_env_steps=19173 t=0.94s
Ep  700: len= 46 白胜 loss=28.4049 temp=1.00 total_env_steps=19219 t=1.00s
Ep  701: len=  6 白胜 loss=28.2666 temp=1.00 total_env_steps=19225 t=0.17s
Ep  702: len=  2 白胜 loss=28.0703 temp=1.00 total_env_steps=19227 t=0.11s
Ep  703: len= 43 黑胜 loss=28.2334 temp=1.00 total_env_steps=19270 t=0.90s
Ep  704: len= 38 白胜 loss=28.4743 temp=1.00 total_env_steps=19308 t=0.82s
Ep  705: len= 44 白胜 loss=28.2348 temp=1.00 total_env_steps=19352 t=0.90s
Ep  706: len= 26 白胜 loss=28.2400 temp=1.00 total_env_steps=19378 t=0.58s
Ep  707: len= 42 白胜 loss=28.3426 temp=1.00 total_env_steps=19420 t=0.89s
Ep  708: len= 33 黑胜 loss=28.0965 temp=1.00 total_env_steps=19453 t=0.72s
Ep  709: len= 24 白胜 loss=28.2621 temp=1.00 total_env_steps=19477 t=0.59s
Ep  710: len= 47 黑胜 loss=28.4645 temp=1.00 total_env_steps=19524 t=1.04s
Ep  711: len= 24 白胜 loss=28.4363 temp=1.00 total_env_steps=19548 t=0.57s
Ep  712: len= 24 白胜 loss=28.5258 temp=1.00 total_env_steps=19572 t=0.38s
Ep  713: len= 20 白胜 loss=28.2020 temp=1.00 total_env_steps=19592 t=0.27s
Ep  714: len= 25 黑胜 loss=28.2391 temp=1.00 total_env_steps=19617 t=0.31s
Ep  715: len= 24 白胜 loss=28.5003 temp=1.00 total_env_steps=19641 t=0.31s
Ep  716: len= 36 白胜 loss=28.3244 temp=1.00 total_env_steps=19677 t=0.44s
Ep  717: len= 22 白胜 loss=28.4052 temp=1.00 total_env_steps=19699 t=0.28s
Ep  718: len= 28 白胜 loss=28.2915 temp=1.00 total_env_steps=19727 t=0.35s
Ep  719: len= 36 白胜 loss=28.2715 temp=1.00 total_env_steps=19763 t=0.44s
Ep  720: len=  4 白胜 loss=28.2473 temp=1.00 total_env_steps=19767 t=0.07s
Ep  721: len= 16 黑胜 loss=28.4442 temp=1.00 total_env_steps=19783 t=0.21s
Ep  722: len= 15 黑胜 loss=28.4185 temp=1.00 total_env_steps=19798 t=0.20s
Ep  723: len= 45 黑胜 loss=28.3959 temp=1.00 total_env_steps=19843 t=0.53s
Ep  724: len= 71 黑胜 loss=28.3691 temp=1.00 total_env_steps=19914 t=0.84s
Ep  725: len= 45 黑胜 loss=28.3438 temp=1.00 total_env_steps=19959 t=0.55s
Ep  726: len= 22 白胜 loss=28.3985 temp=1.00 total_env_steps=19981 t=0.34s
Ep  727: len= 33 黑胜 loss=28.3635 temp=1.00 total_env_steps=20014 t=0.47s
Ep  728: len= 38 白胜 loss=28.3826 temp=1.00 total_env_steps=20052 t=0.52s
Ep  729: len= 33 黑胜 loss=28.4937 temp=1.00 total_env_steps=20085 t=0.42s
Ep  730: len= 14 白胜 loss=28.3006 temp=1.00 total_env_steps=20099 t=0.20s
Ep  731: len= 45 黑胜 loss=28.1765 temp=1.00 total_env_steps=20144 t=0.55s
Ep  732: len= 28 白胜 loss=28.4937 temp=1.00 total_env_steps=20172 t=0.35s
Ep  733: len= 36 白胜 loss=28.2834 temp=1.00 total_env_steps=20208 t=0.41s
Ep  734: len=  8 黑胜 loss=28.3318 temp=1.00 total_env_steps=20216 t=0.11s
Ep  735: len= 19 黑胜 loss=28.1594 temp=1.00 total_env_steps=20235 t=0.25s
Ep  736: len= 10 黑胜 loss=28.4297 temp=1.00 total_env_steps=20245 t=0.15s
Ep  737: len= 45 黑胜 loss=28.3400 temp=1.00 total_env_steps=20290 t=0.52s
Ep  738: len= 29 黑胜 loss=28.1964 temp=1.00 total_env_steps=20319 t=0.36s
Ep  739: len= 24 白胜 loss=28.2983 temp=1.00 total_env_steps=20343 t=0.30s
Ep  740: len= 12 黑胜 loss=28.4537 temp=1.00 total_env_steps=20355 t=0.18s
Ep  741: len= 25 黑胜 loss=28.3163 temp=1.00 total_env_steps=20380 t=0.30s
Ep  742: len= 40 白胜 loss=28.1906 temp=1.00 total_env_steps=20420 t=0.50s
Ep  743: len= 36 白胜 loss=28.1554 temp=1.00 total_env_steps=20456 t=0.45s
Ep  744: len= 29 黑胜 loss=28.4467 temp=1.00 total_env_steps=20485 t=0.35s
Ep  745: len= 29 黑胜 loss=28.2979 temp=1.00 total_env_steps=20514 t=0.40s
Ep  746: len= 26 白胜 loss=28.0923 temp=1.00 total_env_steps=20540 t=0.34s
Ep  747: len= 33 黑胜 loss=28.2517 temp=1.00 total_env_steps=20573 t=0.43s
Ep  748: len= 31 黑胜 loss=28.3439 temp=1.00 total_env_steps=20604 t=0.42s
Ep  749: len= 40 白胜 loss=28.1568 temp=1.00 total_env_steps=20644 t=0.54s
Ep  750: len= 27 黑胜 loss=28.3895 temp=1.00 total_env_steps=20671 t=0.37s
Ep  751: len= 37 黑胜 loss=28.2521 temp=1.00 total_env_steps=20708 t=0.48s
Ep  752: len= 20 白胜 loss=28.3685 temp=1.00 total_env_steps=20728 t=0.26s
Ep  753: len= 39 黑胜 loss=28.1564 temp=1.00 total_env_steps=20767 t=0.47s
Ep  754: len= 32 白胜 loss=28.3380 temp=1.00 total_env_steps=20799 t=0.41s
Ep  755: len= 37 黑胜 loss=28.2890 temp=1.00 total_env_steps=20836 t=0.44s
Ep  756: len=  4 白胜 loss=28.2647 temp=1.00 total_env_steps=20840 t=0.08s
Ep  757: len= 39 黑胜 loss=28.5221 temp=1.00 total_env_steps=20879 t=0.47s
Ep  758: len= 33 黑胜 loss=28.3394 temp=1.00 total_env_steps=20912 t=0.40s
Ep  759: len= 33 黑胜 loss=28.4891 temp=1.00 total_env_steps=20945 t=0.41s
Ep  760: len= 31 黑胜 loss=28.4106 temp=1.00 total_env_steps=20976 t=0.39s
Ep  761: len=  6 白胜 loss=28.3240 temp=1.00 total_env_steps=20982 t=0.10s
Ep  762: len=  6 黑胜 loss=28.2067 temp=1.00 total_env_steps=20988 t=0.10s
Ep  763: len= 32 白胜 loss=28.3275 temp=1.00 total_env_steps=21020 t=0.41s
Ep  764: len= 14 白胜 loss=28.3032 temp=1.00 total_env_steps=21034 t=0.20s
Ep  765: len= 21 黑胜 loss=28.1395 temp=1.00 total_env_steps=21055 t=0.30s
Ep  766: len= 24 白胜 loss=28.3437 temp=1.00 total_env_steps=21079 t=0.33s
Ep  767: len= 27 黑胜 loss=28.3417 temp=1.00 total_env_steps=21106 t=0.37s
Ep  768: len= 24 白胜 loss=28.2686 temp=1.00 total_env_steps=21130 t=0.30s
Ep  769: len= 34 白胜 loss=28.5323 temp=1.00 total_env_steps=21164 t=0.41s
Ep  770: len= 39 黑胜 loss=28.2353 temp=1.00 total_env_steps=21203 t=0.45s
Ep  771: len=  4 黑胜 loss=28.0386 temp=1.00 total_env_steps=21207 t=0.09s
Ep  772: len= 30 白胜 loss=28.4206 temp=1.00 total_env_steps=21237 t=0.41s
Ep  773: len=  2 白胜 loss=28.3348 temp=1.00 total_env_steps=21239 t=0.06s
Ep  774: len= 27 黑胜 loss=28.4282 temp=1.00 total_env_steps=21266 t=0.36s
Ep  775: len= 36 白胜 loss=28.3398 temp=1.00 total_env_steps=21302 t=0.44s
Ep  776: len= 41 黑胜 loss=28.1685 temp=1.00 total_env_steps=21343 t=0.54s
Ep  777: len= 48 白胜 loss=28.2135 temp=1.00 total_env_steps=21391 t=0.57s
Ep  778: len= 34 白胜 loss=28.1612 temp=1.00 total_env_steps=21425 t=0.48s
Ep  779: len=  2 黑胜 loss=28.4304 temp=1.00 total_env_steps=21427 t=0.06s
Ep  780: len= 21 黑胜 loss=28.1935 temp=1.00 total_env_steps=21448 t=0.32s
Ep  781: len= 40 白胜 loss=28.2098 temp=1.00 total_env_steps=21488 t=0.57s
Ep  782: len= 27 黑胜 loss=28.1527 temp=1.00 total_env_steps=21515 t=0.42s
Ep  783: len= 35 黑胜 loss=28.6324 temp=1.00 total_env_steps=21550 t=0.48s
Ep  784: len= 39 黑胜 loss=28.3868 temp=1.00 total_env_steps=21589 t=0.52s
Ep  785: len= 27 黑胜 loss=28.3482 temp=1.00 total_env_steps=21616 t=0.37s
Ep  786: len= 41 黑胜 loss=28.1099 temp=1.00 total_env_steps=21657 t=0.52s
Ep  787: len= 34 白胜 loss=28.4238 temp=1.00 total_env_steps=21691 t=0.48s
Ep  788: len= 30 白胜 loss=28.0826 temp=1.00 total_env_steps=21721 t=0.41s
Ep  789: len= 35 黑胜 loss=28.2682 temp=1.00 total_env_steps=21756 t=0.46s
Ep  790: len= 29 黑胜 loss=28.2177 temp=1.00 total_env_steps=21785 t=0.41s
Ep  791: len= 24 白胜 loss=28.2901 temp=1.00 total_env_steps=21809 t=0.33s
Ep  792: len= 33 黑胜 loss=28.2769 temp=1.00 total_env_steps=21842 t=0.44s
Ep  793: len= 51 黑胜 loss=28.0440 temp=1.00 total_env_steps=21893 t=0.67s
Ep  794: len= 34 白胜 loss=28.1979 temp=1.00 total_env_steps=21927 t=0.45s
Ep  795: len= 12 白胜 loss=28.3254 temp=1.00 total_env_steps=21939 t=0.19s
Ep  796: len= 46 白胜 loss=28.3787 temp=1.00 total_env_steps=21985 t=0.58s
Ep  797: len= 37 黑胜 loss=28.2453 temp=1.00 total_env_steps=22022 t=0.48s
Ep  798: len=  2 白胜 loss=28.1963 temp=1.00 total_env_steps=22024 t=0.06s
Ep  799: len= 37 黑胜 loss=28.1418 temp=1.00 total_env_steps=22061 t=0.47s
Ep  800: len= 23 黑胜 loss=28.4028 temp=1.00 total_env_steps=22084 t=0.32s
  eval vs Gomoku-random-v0: win_rate=1.00 mean_return=1.00（20 局，total_env_steps=22084）
Ep  801: len= 36 白胜 loss=28.1779 temp=1.00 total_env_steps=22120 t=0.42s
Ep  802: len= 35 黑胜 loss=28.2222 temp=1.00 total_env_steps=22155 t=0.42s
Ep  803: len=  6 白胜 loss=28.3235 temp=1.00 total_env_steps=22161 t=0.11s
Ep  804: len= 38 白胜 loss=28.3689 temp=1.00 total_env_steps=22199 t=0.48s
Ep  805: len= 31 黑胜 loss=28.2178 temp=1.00 total_env_steps=22230 t=0.38s
Ep  806: len= 20 白胜 loss=28.3555 temp=1.00 total_env_steps=22250 t=0.24s
Ep  807: len= 27 白胜 loss=28.2838 temp=1.00 total_env_steps=22277 t=0.35s
Ep  808: len= 18 白胜 loss=28.0599 temp=1.00 total_env_steps=22295 t=0.24s
Ep  809: len=  8 白胜 loss=28.2314 temp=1.00 total_env_steps=22303 t=0.13s
Ep  810: len= 37 黑胜 loss=28.1612 temp=1.00 total_env_steps=22340 t=0.44s
Ep  811: len= 36 白胜 loss=28.1649 temp=1.00 total_env_steps=22376 t=0.43s
Ep  812: len= 41 黑胜 loss=28.1983 temp=1.00 total_env_steps=22417 t=0.50s
Ep  813: len= 30 白胜 loss=28.3237 temp=1.00 total_env_steps=22447 t=0.41s
Ep  814: len= 35 黑胜 loss=28.2301 temp=1.00 total_env_steps=22482 t=0.47s
Ep  815: len= 33 黑胜 loss=28.1539 temp=1.00 total_env_steps=22515 t=0.50s
Ep  816: len= 46 白胜 loss=28.1881 temp=1.00 total_env_steps=22561 t=0.60s
Ep  817: len= 34 白胜 loss=28.2889 temp=1.00 total_env_steps=22595 t=0.41s
Ep  818: len= 19 黑胜 loss=28.3587 temp=1.00 total_env_steps=22614 t=0.25s
Ep  819: len= 20 白胜 loss=28.3735 temp=1.00 total_env_steps=22634 t=0.24s
Ep  820: len= 12 白胜 loss=28.4909 temp=1.00 total_env_steps=22646 t=0.16s
Ep  821: len= 23 黑胜 loss=28.5468 temp=1.00 total_env_steps=22669 t=0.29s
Ep  822: len= 51 黑胜 loss=28.2680 temp=1.00 total_env_steps=22720 t=0.58s
Ep  823: len=  2 白胜 loss=28.1368 temp=1.00 total_env_steps=22722 t=0.05s
Ep  824: len=  2 黑胜 loss=28.0806 temp=1.00 total_env_steps=22724 t=0.06s
Ep  825: len=  2 白胜 loss=28.1383 temp=1.00 total_env_steps=22726 t=0.05s
Ep  826: len= 31 黑胜 loss=28.0980 temp=1.00 total_env_steps=22757 t=0.37s
Ep  827: len= 45 黑胜 loss=28.3534 temp=1.00 total_env_steps=22802 t=0.53s
Ep  828: len= 20 黑胜 loss=28.1247 temp=1.00 total_env_steps=22822 t=0.25s
Ep  829: len= 41 黑胜 loss=28.3176 temp=1.00 total_env_steps=22863 t=0.48s
Ep  830: len= 36 白胜 loss=28.3537 temp=1.00 total_env_steps=22899 t=0.45s
Ep  831: len= 31 黑胜 loss=28.1790 temp=1.00 total_env_steps=22930 t=0.36s
Ep  832: len= 39 黑胜 loss=28.3396 temp=1.00 total_env_steps=22969 t=0.47s
Ep  833: len= 32 白胜 loss=28.2434 temp=1.00 total_env_steps=23001 t=0.39s
Ep  834: len= 22 白胜 loss=28.4555 temp=1.00 total_env_steps=23023 t=0.28s
Ep  835: len= 30 白胜 loss=28.3131 temp=1.00 total_env_steps=23053 t=0.43s
Ep  836: len= 47 黑胜 loss=28.0164 temp=1.00 total_env_steps=23100 t=0.64s
Ep  837: len= 30 白胜 loss=28.2842 temp=1.00 total_env_steps=23130 t=0.44s
Ep  838: len= 42 白胜 loss=28.3133 temp=1.00 total_env_steps=23172 t=0.59s
Ep  839: len= 30 白胜 loss=28.2999 temp=1.00 total_env_steps=23202 t=0.39s
Ep  840: len= 34 白胜 loss=28.4415 temp=1.00 total_env_steps=23236 t=0.55s
Ep  841: len= 41 黑胜 loss=28.2120 temp=1.00 total_env_steps=23277 t=0.49s
Ep  842: len= 39 黑胜 loss=28.2092 temp=1.00 total_env_steps=23316 t=0.51s
Ep  843: len= 31 黑胜 loss=28.3604 temp=1.00 total_env_steps=23347 t=0.40s
Ep  844: len= 12 白胜 loss=28.1669 temp=1.00 total_env_steps=23359 t=0.17s
Ep  845: len=  2 白胜 loss=28.2618 temp=1.00 total_env_steps=23361 t=0.06s
Ep  846: len= 52 白胜 loss=28.2560 temp=1.00 total_env_steps=23413 t=0.64s
Ep  847: len= 37 黑胜 loss=28.3489 temp=1.00 total_env_steps=23450 t=0.46s
Ep  848: len= 28 白胜 loss=28.3368 temp=1.00 total_env_steps=23478 t=0.35s
Ep  849: len= 35 黑胜 loss=28.2702 temp=1.00 total_env_steps=23513 t=0.43s
Ep  850: len= 35 黑胜 loss=28.2396 temp=1.00 total_env_steps=23548 t=0.43s
Ep  851: len= 23 黑胜 loss=28.2036 temp=1.00 total_env_steps=23571 t=0.26s
Ep  852: len= 32 白胜 loss=28.1944 temp=1.00 total_env_steps=23603 t=0.39s
Ep  853: len= 24 白胜 loss=28.1772 temp=1.00 total_env_steps=23627 t=0.29s
Ep  854: len= 23 黑胜 loss=28.2589 temp=1.00 total_env_steps=23650 t=0.30s
Ep  855: len= 40 白胜 loss=28.2796 temp=1.00 total_env_steps=23690 t=0.47s
Ep  856: len= 39 黑胜 loss=28.1878 temp=1.00 total_env_steps=23729 t=0.46s
Ep  857: len= 48 白胜 loss=28.1255 temp=1.00 total_env_steps=23777 t=0.54s
Ep  858: len=  2 白胜 loss=28.5008 temp=1.00 total_env_steps=23779 t=0.06s
Ep  859: len= 37 黑胜 loss=28.2966 temp=1.00 total_env_steps=23816 t=0.43s
Ep  860: len= 15 黑胜 loss=28.3305 temp=1.00 total_env_steps=23831 t=0.20s
Ep  861: len=  8 白胜 loss=28.4535 temp=1.00 total_env_steps=23839 t=0.12s
Ep  862: len= 33 黑胜 loss=28.3625 temp=1.00 total_env_steps=23872 t=0.40s
Ep  863: len= 12 白胜 loss=28.1908 temp=1.00 total_env_steps=23884 t=0.19s
Ep  864: len= 36 白胜 loss=28.2320 temp=1.00 total_env_steps=23920 t=0.45s
Ep  865: len= 41 黑胜 loss=28.4417 temp=1.00 total_env_steps=23961 t=0.55s
Ep  866: len= 35 黑胜 loss=28.1238 temp=1.00 total_env_steps=23996 t=0.44s
Ep  867: len=  2 白胜 loss=28.4608 temp=1.00 total_env_steps=23998 t=0.08s
Ep  868: len= 35 黑胜 loss=28.2442 temp=1.00 total_env_steps=24033 t=0.45s
Ep  869: len=  2 黑胜 loss=28.2252 temp=1.00 total_env_steps=24035 t=0.06s
Ep  870: len= 22 黑胜 loss=28.4073 temp=1.00 total_env_steps=24057 t=0.29s
Ep  871: len= 40 白胜 loss=28.2797 temp=1.00 total_env_steps=24097 t=0.49s
Ep  872: len= 18 黑胜 loss=28.3364 temp=1.00 total_env_steps=24115 t=0.22s
Ep  873: len=  2 白胜 loss=28.2482 temp=1.00 total_env_steps=24117 t=0.06s
Ep  874: len= 38 白胜 loss=28.1952 temp=1.00 total_env_steps=24155 t=0.43s
Ep  875: len= 42 白胜 loss=28.4510 temp=1.00 total_env_steps=24197 t=0.50s
Ep  876: len= 14 黑胜 loss=28.0614 temp=1.00 total_env_steps=24211 t=0.16s
Ep  877: len= 41 黑胜 loss=28.1457 temp=1.00 total_env_steps=24252 t=0.51s
Ep  878: len= 28 白胜 loss=28.2378 temp=1.00 total_env_steps=24280 t=0.35s
Ep  879: len= 19 黑胜 loss=28.3787 temp=1.00 total_env_steps=24299 t=0.23s
Ep  880: len= 31 黑胜 loss=28.1874 temp=1.00 total_env_steps=24330 t=0.38s
Ep  881: len= 36 白胜 loss=28.1526 temp=1.00 total_env_steps=24366 t=0.42s
Ep  882: len= 27 黑胜 loss=28.1997 temp=1.00 total_env_steps=24393 t=0.31s
Ep  883: len= 34 白胜 loss=28.1345 temp=1.00 total_env_steps=24427 t=0.40s
Ep  884: len= 35 黑胜 loss=28.1548 temp=1.00 total_env_steps=24462 t=0.41s
Ep  885: len= 22 白胜 loss=28.3773 temp=1.00 total_env_steps=24484 t=0.27s
Ep  886: len=  4 黑胜 loss=28.2094 temp=1.00 total_env_steps=24488 t=0.08s
Ep  887: len= 17 黑胜 loss=28.3433 temp=1.00 total_env_steps=24505 t=0.23s
Ep  888: len=  6 白胜 loss=28.2198 temp=1.00 total_env_steps=24511 t=0.10s
Ep  889: len=  2 黑胜 loss=28.3745 temp=1.00 total_env_steps=24513 t=0.07s
Ep  890: len= 41 黑胜 loss=28.0211 temp=1.00 total_env_steps=24554 t=0.48s
Ep  891: len= 35 黑胜 loss=28.2831 temp=1.00 total_env_steps=24589 t=0.42s
Ep  892: len= 36 白胜 loss=28.1954 temp=1.00 total_env_steps=24625 t=0.39s
Ep  893: len= 26 白胜 loss=28.4602 temp=1.00 total_env_steps=24651 t=0.34s
Ep  894: len= 12 白胜 loss=28.1210 temp=1.00 total_env_steps=24663 t=0.20s
Ep  895: len= 29 黑胜 loss=28.3505 temp=1.00 total_env_steps=24692 t=0.38s
Ep  896: len= 15 黑胜 loss=28.2017 temp=1.00 total_env_steps=24707 t=0.20s
Ep  897: len= 38 白胜 loss=28.4163 temp=1.00 total_env_steps=24745 t=0.53s
Ep  898: len= 10 白胜 loss=28.3651 temp=1.00 total_env_steps=24755 t=0.16s
Ep  899: len=  2 黑胜 loss=28.4243 temp=1.00 total_env_steps=24757 t=0.07s
Ep  900: len= 37 黑胜 loss=28.3419 temp=1.00 total_env_steps=24794 t=0.46s
Ep  901: len= 33 黑胜 loss=28.1729 temp=1.00 total_env_steps=24827 t=0.43s
Ep  902: len= 49 黑胜 loss=28.3616 temp=1.00 total_env_steps=24876 t=0.57s
Ep  903: len= 39 黑胜 loss=28.2403 temp=1.00 total_env_steps=24915 t=0.46s
Ep  904: len= 36 白胜 loss=28.0895 temp=1.00 total_env_steps=24951 t=0.40s
Ep  905: len= 25 黑胜 loss=28.3857 temp=1.00 total_env_steps=24976 t=0.31s
Ep  906: len= 25 黑胜 loss=28.2875 temp=1.00 total_env_steps=25001 t=0.30s
Ep  907: len= 19 黑胜 loss=28.2881 temp=1.00 total_env_steps=25020 t=0.25s
Ep  908: len= 18 黑胜 loss=28.2998 temp=1.00 total_env_steps=25038 t=0.25s
Ep  909: len= 14 黑胜 loss=28.2537 temp=1.00 total_env_steps=25052 t=0.20s
Ep  910: len=  8 白胜 loss=28.1581 temp=1.00 total_env_steps=25060 t=0.11s
Ep  911: len= 31 黑胜 loss=28.2688 temp=1.00 total_env_steps=25091 t=0.43s
Ep  912: len= 39 黑胜 loss=28.1286 temp=1.00 total_env_steps=25130 t=0.55s
Ep  913: len= 29 黑胜 loss=28.3340 temp=1.00 total_env_steps=25159 t=0.38s
Ep  914: len= 43 黑胜 loss=28.4186 temp=1.00 total_env_steps=25202 t=0.53s
Ep  915: len= 39 黑胜 loss=28.1562 temp=1.00 total_env_steps=25241 t=0.50s
Ep  916: len= 33 黑胜 loss=28.2720 temp=1.00 total_env_steps=25274 t=0.42s
Ep  917: len= 16 白胜 loss=28.2375 temp=1.00 total_env_steps=25290 t=0.22s
Ep  918: len= 37 黑胜 loss=28.2968 temp=1.00 total_env_steps=25327 t=0.48s
Ep  919: len= 41 黑胜 loss=28.1721 temp=1.00 total_env_steps=25368 t=0.49s
Ep  920: len=  4 白胜 loss=28.2441 temp=1.00 total_env_steps=25372 t=0.07s
Ep  921: len= 46 白胜 loss=28.2002 temp=1.00 total_env_steps=25418 t=0.53s
Ep  922: len=  4 白胜 loss=28.1969 temp=1.00 total_env_steps=25422 t=0.08s
Ep  923: len= 19 黑胜 loss=28.2172 temp=1.00 total_env_steps=25441 t=0.25s
Ep  924: len= 38 白胜 loss=28.0764 temp=1.00 total_env_steps=25479 t=0.43s
Ep  925: len= 29 黑胜 loss=28.0328 temp=1.00 total_env_steps=25508 t=0.33s
Ep  926: len=  4 白胜 loss=28.3003 temp=1.00 total_env_steps=25512 t=0.08s
Ep  927: len= 14 白胜 loss=28.3337 temp=1.00 total_env_steps=25526 t=0.21s
Ep  928: len= 47 黑胜 loss=28.1293 temp=1.00 total_env_steps=25573 t=0.54s
Ep  929: len= 38 白胜 loss=28.1704 temp=1.00 total_env_steps=25611 t=0.44s
Ep  930: len= 36 白胜 loss=28.4995 temp=1.00 total_env_steps=25647 t=0.41s
Ep  931: len= 51 黑胜 loss=28.3777 temp=1.00 total_env_steps=25698 t=0.55s
Ep  932: len= 28 白胜 loss=28.2859 temp=1.00 total_env_steps=25726 t=0.35s
Ep  933: len=  4 黑胜 loss=28.2616 temp=1.00 total_env_steps=25730 t=0.09s
Ep  934: len=  2 白胜 loss=28.3031 temp=1.00 total_env_steps=25732 t=0.07s
Ep  935: len= 12 白胜 loss=28.1614 temp=1.00 total_env_steps=25744 t=0.19s
Ep  936: len=  6 黑胜 loss=28.2301 temp=1.00 total_env_steps=25750 t=0.12s
Ep  937: len= 40 白胜 loss=28.2281 temp=1.00 total_env_steps=25790 t=0.47s
Ep  938: len= 55 黑胜 loss=28.2111 temp=1.00 total_env_steps=25845 t=0.65s
Ep  939: len= 14 黑胜 loss=28.4102 temp=1.00 total_env_steps=25859 t=0.18s
Ep  940: len= 47 黑胜 loss=28.2648 temp=1.00 total_env_steps=25906 t=0.53s
Ep  941: len=  8 白胜 loss=28.3973 temp=1.00 total_env_steps=25914 t=0.13s
Ep  942: len= 20 白胜 loss=28.2236 temp=1.00 total_env_steps=25934 t=0.26s
Ep  943: len=  4 黑胜 loss=28.1893 temp=1.00 total_env_steps=25938 t=0.07s
Ep  944: len= 21 黑胜 loss=28.3960 temp=1.00 total_env_steps=25959 t=0.28s
Ep  945: len= 30 白胜 loss=28.3631 temp=1.00 total_env_steps=25989 t=0.38s
Ep  946: len= 24 白胜 loss=28.0391 temp=1.00 total_env_steps=26013 t=0.31s
Ep  947: len=  8 白胜 loss=28.2222 temp=1.00 total_env_steps=26021 t=0.14s
Ep  948: len= 60 白胜 loss=28.3535 temp=1.00 total_env_steps=26081 t=0.79s
Ep  949: len= 39 黑胜 loss=28.3580 temp=1.00 total_env_steps=26120 t=0.51s
Ep  950: len= 12 白胜 loss=28.2590 temp=1.00 total_env_steps=26132 t=0.18s
Ep  951: len= 26 白胜 loss=28.3548 temp=1.00 total_env_steps=26158 t=0.35s
Ep  952: len= 38 白胜 loss=28.1469 temp=1.00 total_env_steps=26196 t=0.46s
Ep  953: len= 21 黑胜 loss=28.2982 temp=1.00 total_env_steps=26217 t=0.31s
Ep  954: len= 14 白胜 loss=28.2466 temp=1.00 total_env_steps=26231 t=0.21s
Ep  955: len=  2 黑胜 loss=28.3429 temp=1.00 total_env_steps=26233 t=0.08s
Ep  956: len= 29 黑胜 loss=28.3188 temp=1.00 total_env_steps=26262 t=0.41s
Ep  957: len= 37 黑胜 loss=28.3612 temp=1.00 total_env_steps=26299 t=0.49s
Ep  958: len= 41 黑胜 loss=28.2674 temp=1.00 total_env_steps=26340 t=0.53s
Ep  959: len= 31 黑胜 loss=28.3449 temp=1.00 total_env_steps=26371 t=0.43s
Ep  960: len= 31 黑胜 loss=28.2863 temp=1.00 total_env_steps=26402 t=0.42s
Ep  961: len= 41 黑胜 loss=28.1610 temp=1.00 total_env_steps=26443 t=0.50s
Ep  962: len= 24 白胜 loss=28.2767 temp=1.00 total_env_steps=26467 t=0.31s
Ep  963: len= 40 白胜 loss=28.3353 temp=1.00 total_env_steps=26507 t=0.46s
Ep  964: len= 40 白胜 loss=28.2227 temp=1.00 total_env_steps=26547 t=0.49s
Ep  965: len= 47 黑胜 loss=28.2960 temp=1.00 total_env_steps=26594 t=0.53s
Ep  966: len= 28 白胜 loss=28.5175 temp=1.00 total_env_steps=26622 t=0.35s
Ep  967: len= 24 黑胜 loss=28.4203 temp=1.00 total_env_steps=26646 t=0.28s
Ep  968: len= 43 黑胜 loss=28.3433 temp=1.00 total_env_steps=26689 t=0.49s
Ep  969: len= 36 白胜 loss=28.3266 temp=1.00 total_env_steps=26725 t=0.42s
Ep  970: len= 45 黑胜 loss=28.0847 temp=1.00 total_env_steps=26770 t=0.51s
Ep  971: len= 36 白胜 loss=28.3429 temp=1.00 total_env_steps=26806 t=0.47s
Ep  972: len= 37 黑胜 loss=28.4315 temp=1.00 total_env_steps=26843 t=0.49s
Ep  973: len= 33 黑胜 loss=28.4687 temp=1.00 total_env_steps=26876 t=0.46s
Ep  974: len= 36 白胜 loss=28.3557 temp=1.00 total_env_steps=26912 t=0.49s
Ep  975: len= 32 白胜 loss=28.4812 temp=1.00 total_env_steps=26944 t=0.43s
Ep  976: len= 45 黑胜 loss=28.1103 temp=1.00 total_env_steps=26989 t=0.57s
Ep  977: len= 17 黑胜 loss=28.4413 temp=1.00 total_env_steps=27006 t=0.27s
Ep  978: len= 56 白胜 loss=28.3878 temp=1.00 total_env_steps=27062 t=0.69s
Ep  979: len= 31 黑胜 loss=28.2702 temp=1.00 total_env_steps=27093 t=0.41s
Ep  980: len= 22 白胜 loss=28.1233 temp=1.00 total_env_steps=27115 t=0.29s
Ep  981: len= 35 黑胜 loss=28.0640 temp=1.00 total_env_steps=27150 t=0.42s
Ep  982: len=  2 黑胜 loss=28.4314 temp=1.00 total_env_steps=27152 t=0.05s
Ep  983: len= 56 白胜 loss=28.3985 temp=1.00 total_env_steps=27208 t=0.64s
Ep  984: len=  8 白胜 loss=28.3697 temp=1.00 total_env_steps=27216 t=0.11s
Ep  985: len= 16 白胜 loss=28.3200 temp=1.00 total_env_steps=27232 t=0.21s
Ep  986: len= 44 白胜 loss=28.1425 temp=1.00 total_env_steps=27276 t=0.49s
Ep  987: len= 40 白胜 loss=28.3873 temp=1.00 total_env_steps=27316 t=0.50s
Ep  988: len= 30 白胜 loss=28.2071 temp=1.00 total_env_steps=27346 t=0.40s
Ep  989: len= 35 黑胜 loss=28.1914 temp=1.00 total_env_steps=27381 t=0.45s
Ep  990: len= 44 白胜 loss=28.2552 temp=1.00 total_env_steps=27425 t=0.64s
Ep  991: len= 33 黑胜 loss=28.2093 temp=1.00 total_env_steps=27458 t=0.39s
Ep  992: len= 27 黑胜 loss=28.1552 temp=1.00 total_env_steps=27485 t=0.35s
Ep  993: len= 38 白胜 loss=28.4465 temp=1.00 total_env_steps=27523 t=0.44s
Ep  994: len= 18 白胜 loss=28.2845 temp=1.00 total_env_steps=27541 t=0.23s
Ep  995: len=  4 黑胜 loss=28.2566 temp=1.00 total_env_steps=27545 t=0.07s
Ep  996: len= 24 白胜 loss=28.2344 temp=1.00 total_env_steps=27569 t=0.30s
Ep  997: len=  6 黑胜 loss=28.3886 temp=1.00 total_env_steps=27575 t=0.10s
Ep  998: len= 15 黑胜 loss=28.2221 temp=1.00 total_env_steps=27590 t=0.19s
Ep  999: len= 30 白胜 loss=28.1605 temp=1.00 total_env_steps=27620 t=0.36s
Ep 1000: len= 30 白胜 loss=28.3101 temp=1.00 total_env_steps=27650 t=0.36s
  eval vs Gomoku-random-v0: win_rate=1.00 mean_return=1.00（20 局，total_env_steps=27650）
  📸 已拍权重快照（ep=1000，gating 对弈基准）
Ep 1001: len= 22 白胜 loss=28.2808 temp=1.00 total_env_steps=27672 t=0.26s
Ep 1002: len= 27 黑胜 loss=28.2146 temp=1.00 total_env_steps=27699 t=0.33s
Ep 1003: len= 20 白胜 loss=28.2111 temp=1.00 total_env_steps=27719 t=0.24s
Ep 1004: len= 30 白胜 loss=28.3118 temp=1.00 total_env_steps=27749 t=0.39s
Ep 1005: len= 23 黑胜 loss=28.1807 temp=1.00 total_env_steps=27772 t=0.30s
Ep 1006: len= 23 黑胜 loss=28.2220 temp=1.00 total_env_steps=27795 t=0.31s
Ep 1007: len= 26 白胜 loss=28.2681 temp=1.00 total_env_steps=27821 t=0.37s
Ep 1008: len= 23 黑胜 loss=28.2756 temp=1.00 total_env_steps=27844 t=0.33s
Ep 1009: len=  2 白胜 loss=28.3256 temp=1.00 total_env_steps=27846 t=0.06s
Ep 1010: len=  2 白胜 loss=28.1842 temp=1.00 total_env_steps=27848 t=0.07s
Ep 1011: len=  6 白胜 loss=28.2904 temp=1.00 total_env_steps=27854 t=0.11s
Ep 1012: len=  6 黑胜 loss=28.1731 temp=1.00 total_env_steps=27860 t=0.11s
Ep 1013: len= 33 黑胜 loss=28.0391 temp=1.00 total_env_steps=27893 t=0.41s
Ep 1014: len= 22 白胜 loss=28.2305 temp=1.00 total_env_steps=27915 t=0.29s
Ep 1015: len= 34 白胜 loss=28.2685 temp=1.00 total_env_steps=27949 t=0.41s
Ep 1016: len= 21 黑胜 loss=28.2171 temp=1.00 total_env_steps=27970 t=0.28s
Ep 1017: len= 36 白胜 loss=27.9911 temp=1.00 total_env_steps=28006 t=0.43s
Ep 1018: len= 30 白胜 loss=28.2187 temp=1.00 total_env_steps=28036 t=0.38s
Ep 1019: len= 40 白胜 loss=28.2289 temp=1.00 total_env_steps=28076 t=0.46s
Ep 1020: len= 42 白胜 loss=28.4108 temp=1.00 total_env_steps=28118 t=0.51s
Ep 1021: len=  2 白胜 loss=28.4443 temp=1.00 total_env_steps=28120 t=0.06s
Ep 1022: len= 28 白胜 loss=28.3226 temp=1.00 total_env_steps=28148 t=0.32s
Ep 1023: len= 43 黑胜 loss=28.1627 temp=1.00 total_env_steps=28191 t=0.47s
Ep 1024: len= 47 黑胜 loss=28.1994 temp=1.00 total_env_steps=28238 t=0.51s
Ep 1025: len= 41 黑胜 loss=28.2740 temp=1.00 total_env_steps=28279 t=0.46s
Ep 1026: len= 19 黑胜 loss=28.0999 temp=1.00 total_env_steps=28298 t=0.24s
Ep 1027: len= 26 白胜 loss=28.1095 temp=1.00 total_env_steps=28324 t=0.30s
Ep 1028: len= 45 黑胜 loss=28.1286 temp=1.00 total_env_steps=28369 t=0.56s
Ep 1029: len= 40 白胜 loss=28.1982 temp=1.00 total_env_steps=28409 t=0.55s
Ep 1030: len= 20 白胜 loss=28.2969 temp=1.00 total_env_steps=28429 t=0.29s
Ep 1031: len= 27 黑胜 loss=28.3634 temp=1.00 total_env_steps=28456 t=0.39s
Ep 1032: len=  2 白胜 loss=28.2502 temp=1.00 total_env_steps=28458 t=0.07s
Ep 1033: len= 40 白胜 loss=28.2455 temp=1.00 total_env_steps=28498 t=0.53s
Ep 1034: len= 38 白胜 loss=28.1507 temp=1.00 total_env_steps=28536 t=0.51s
Ep 1035: len=  6 黑胜 loss=28.3823 temp=1.00 total_env_steps=28542 t=0.10s
Ep 1036: len= 44 白胜 loss=28.1738 temp=1.00 total_env_steps=28586 t=0.52s
Ep 1037: len= 24 白胜 loss=28.3332 temp=1.00 total_env_steps=28610 t=0.33s
Ep 1038: len= 22 黑胜 loss=28.2314 temp=1.00 total_env_steps=28632 t=0.29s
Ep 1039: len= 43 黑胜 loss=28.2885 temp=1.00 total_env_steps=28675 t=0.53s
Ep 1040: len= 29 黑胜 loss=28.3495 temp=1.00 total_env_steps=28704 t=0.36s
Ep 1041: len= 34 白胜 loss=28.0625 temp=1.00 total_env_steps=28738 t=0.39s
Ep 1042: len= 53 黑胜 loss=28.3511 temp=1.00 total_env_steps=28791 t=0.65s
Ep 1043: len= 29 黑胜 loss=28.4186 temp=1.00 total_env_steps=28820 t=0.35s
Ep 1044: len= 29 黑胜 loss=28.2089 temp=1.00 total_env_steps=28849 t=0.34s
Ep 1045: len= 19 黑胜 loss=28.3106 temp=1.00 total_env_steps=28868 t=0.25s
Ep 1046: len= 47 黑胜 loss=28.1393 temp=1.00 total_env_steps=28915 t=0.53s
Ep 1047: len= 36 白胜 loss=28.1606 temp=1.00 total_env_steps=28951 t=0.41s
Ep 1048: len= 35 黑胜 loss=28.3542 temp=1.00 total_env_steps=28986 t=0.40s
Ep 1049: len= 14 白胜 loss=28.2047 temp=1.00 total_env_steps=29000 t=0.19s
Ep 1050: len= 29 黑胜 loss=28.2459 temp=1.00 total_env_steps=29029 t=0.35s
Ep 1051: len= 12 白胜 loss=28.1506 temp=1.00 total_env_steps=29041 t=0.17s
Ep 1052: len= 64 白胜 loss=28.3418 temp=1.00 total_env_steps=29105 t=0.72s
Ep 1053: len=  4 黑胜 loss=28.3842 temp=1.00 total_env_steps=29109 t=0.08s
Ep 1054: len= 26 白胜 loss=28.2441 temp=1.00 total_env_steps=29135 t=0.31s
Ep 1055: len= 47 黑胜 loss=28.1322 temp=1.00 total_env_steps=29182 t=0.51s
Ep 1056: len= 31 黑胜 loss=28.2493 temp=1.00 total_env_steps=29213 t=0.35s
Ep 1057: len=  6 白胜 loss=28.2055 temp=1.00 total_env_steps=29219 t=0.10s
Ep 1058: len= 32 白胜 loss=28.5230 temp=1.00 total_env_steps=29251 t=0.40s
Ep 1059: len= 43 黑胜 loss=28.2328 temp=1.00 total_env_steps=29294 t=0.51s
Ep 1060: len= 30 白胜 loss=28.2837 temp=1.00 total_env_steps=29324 t=0.35s
Ep 1061: len= 18 黑胜 loss=28.4445 temp=1.00 total_env_steps=29342 t=0.23s
Ep 1062: len= 33 黑胜 loss=28.5012 temp=1.00 total_env_steps=29375 t=0.37s
Ep 1063: len= 48 白胜 loss=28.4067 temp=1.00 total_env_steps=29423 t=0.53s
Ep 1064: len= 27 黑胜 loss=28.2924 temp=1.00 total_env_steps=29450 t=0.31s
Ep 1065: len=  4 白胜 loss=28.2551 temp=1.00 total_env_steps=29454 t=0.08s
Ep 1066: len= 31 黑胜 loss=28.4645 temp=1.00 total_env_steps=29485 t=0.35s
Ep 1067: len= 25 黑胜 loss=28.1953 temp=1.00 total_env_steps=29510 t=0.30s
Ep 1068: len= 18 白胜 loss=28.3063 temp=1.00 total_env_steps=29528 t=0.23s
Ep 1069: len=  2 黑胜 loss=28.1545 temp=1.00 total_env_steps=29530 t=0.06s
Ep 1070: len= 31 黑胜 loss=28.3958 temp=1.00 total_env_steps=29561 t=0.37s
Ep 1071: len=  2 白胜 loss=28.2154 temp=1.00 total_env_steps=29563 t=0.06s
Ep 1072: len=  4 黑胜 loss=28.1565 temp=1.00 total_env_steps=29567 t=0.07s
Ep 1073: len= 31 黑胜 loss=28.1396 temp=1.00 total_env_steps=29598 t=0.38s
Ep 1074: len=  3 黑胜 loss=28.2931 temp=1.00 total_env_steps=29601 t=0.06s
Ep 1075: len= 21 黑胜 loss=28.2492 temp=1.00 total_env_steps=29622 t=0.26s
Ep 1076: len= 24 白胜 loss=28.1043 temp=1.00 total_env_steps=29646 t=0.29s
Ep 1077: len= 16 白胜 loss=28.2446 temp=1.00 total_env_steps=29662 t=0.20s
Ep 1078: len= 26 白胜 loss=28.2929 temp=1.00 total_env_steps=29688 t=0.34s
Ep 1079: len= 20 白胜 loss=28.2954 temp=1.00 total_env_steps=29708 t=0.26s
Ep 1080: len= 43 黑胜 loss=28.2898 temp=1.00 total_env_steps=29751 t=0.46s
Ep 1081: len= 47 黑胜 loss=28.2768 temp=1.00 total_env_steps=29798 t=0.52s
Ep 1082: len= 31 黑胜 loss=28.2483 temp=1.00 total_env_steps=29829 t=0.36s
Ep 1083: len=  6 白胜 loss=28.1967 temp=1.00 total_env_steps=29835 t=0.10s
Ep 1084: len= 22 白胜 loss=28.0575 temp=1.00 total_env_steps=29857 t=0.27s
Ep 1085: len= 33 黑胜 loss=28.2520 temp=1.00 total_env_steps=29890 t=0.38s
Ep 1086: len= 35 黑胜 loss=28.2601 temp=1.00 total_env_steps=29925 t=0.42s
Ep 1087: len= 43 黑胜 loss=28.2328 temp=1.00 total_env_steps=29968 t=0.49s
Ep 1088: len=  8 白胜 loss=28.2261 temp=1.00 total_env_steps=29976 t=0.11s
Ep 1089: len= 32 白胜 loss=28.2162 temp=1.00 total_env_steps=30008 t=0.39s
Ep 1090: len= 32 白胜 loss=28.2248 temp=1.00 total_env_steps=30040 t=0.40s
Ep 1091: len= 29 黑胜 loss=28.0473 temp=1.00 total_env_steps=30069 t=0.33s
Ep 1092: len= 52 白胜 loss=28.4582 temp=1.00 total_env_steps=30121 t=0.60s
Ep 1093: len=  2 黑胜 loss=28.4417 temp=1.00 total_env_steps=30123 t=0.05s
Ep 1094: len= 12 白胜 loss=28.1730 temp=1.00 total_env_steps=30135 t=0.16s
Ep 1095: len= 14 黑胜 loss=28.2673 temp=1.00 total_env_steps=30149 t=0.19s
Ep 1096: len= 29 黑胜 loss=28.3584 temp=1.00 total_env_steps=30178 t=0.33s
Ep 1097: len=  4 白胜 loss=28.4576 temp=1.00 total_env_steps=30182 t=0.08s
Ep 1098: len= 23 黑胜 loss=28.2131 temp=1.00 total_env_steps=30205 t=0.28s
Ep 1099: len= 33 黑胜 loss=28.2592 temp=1.00 total_env_steps=30238 t=0.38s
Ep 1100: len= 37 黑胜 loss=28.2200 temp=1.00 total_env_steps=30275 t=0.41s
Ep 1101: len= 40 白胜 loss=28.2407 temp=1.00 total_env_steps=30315 t=0.44s
Ep 1102: len= 31 黑胜 loss=28.3635 temp=1.00 total_env_steps=30346 t=0.35s
Ep 1103: len= 43 黑胜 loss=28.1615 temp=1.00 total_env_steps=30389 t=0.50s
Ep 1104: len= 20 白胜 loss=28.1585 temp=1.00 total_env_steps=30409 t=0.24s
Ep 1105: len= 24 白胜 loss=28.3075 temp=1.00 total_env_steps=30433 t=0.29s
Ep 1106: len=  2 白胜 loss=28.2795 temp=1.00 total_env_steps=30435 t=0.06s
Ep 1107: len= 34 白胜 loss=28.3318 temp=1.00 total_env_steps=30469 t=0.38s
Ep 1108: len=  2 黑胜 loss=28.2368 temp=1.00 total_env_steps=30471 t=0.06s
Ep 1109: len= 28 白胜 loss=28.2612 temp=1.00 total_env_steps=30499 t=0.33s
Ep 1110: len= 18 白胜 loss=28.0399 temp=1.00 total_env_steps=30517 t=0.24s
Ep 1111: len=  4 白胜 loss=28.3907 temp=1.00 total_env_steps=30521 t=0.08s
Ep 1112: len= 24 白胜 loss=28.1730 temp=1.00 total_env_steps=30545 t=0.28s
Ep 1113: len= 51 黑胜 loss=28.3519 temp=1.00 total_env_steps=30596 t=0.56s
Ep 1114: len= 36 白胜 loss=28.1806 temp=1.00 total_env_steps=30632 t=0.40s
Ep 1115: len= 42 白胜 loss=28.3626 temp=1.00 total_env_steps=30674 t=0.46s
Ep 1116: len= 10 白胜 loss=28.3993 temp=1.00 total_env_steps=30684 t=0.14s
Ep 1117: len= 34 白胜 loss=28.2086 temp=1.00 total_env_steps=30718 t=0.38s
Ep 1118: len=  2 黑胜 loss=28.4480 temp=1.00 total_env_steps=30720 t=0.05s
Ep 1119: len= 32 白胜 loss=28.3146 temp=1.00 total_env_steps=30752 t=0.36s
Ep 1120: len= 36 白胜 loss=28.2726 temp=1.00 total_env_steps=30788 t=0.41s
Ep 1121: len= 31 黑胜 loss=28.2228 temp=1.00 total_env_steps=30819 t=0.36s
Ep 1122: len=  4 白胜 loss=28.2751 temp=1.00 total_env_steps=30823 t=0.07s
Ep 1123: len= 20 白胜 loss=28.3455 temp=1.00 total_env_steps=30843 t=0.24s
Ep 1124: len= 29 黑胜 loss=28.1764 temp=1.00 total_env_steps=30872 t=0.35s
Ep 1125: len=  2 白胜 loss=28.1586 temp=1.00 total_env_steps=30874 t=0.06s
Ep 1126: len= 40 白胜 loss=28.1981 temp=1.00 total_env_steps=30914 t=0.44s
Ep 1127: len=  8 白胜 loss=28.4327 temp=1.00 total_env_steps=30922 t=0.12s
Ep 1128: len= 10 黑胜 loss=28.4215 temp=1.00 total_env_steps=30932 t=0.14s
Ep 1129: len= 21 黑胜 loss=28.3687 temp=1.00 total_env_steps=30953 t=0.23s
Ep 1130: len=  4 白胜 loss=28.1945 temp=1.00 total_env_steps=30957 t=0.07s
Ep 1131: len=  2 黑胜 loss=28.2088 temp=1.00 total_env_steps=30959 t=0.05s
Ep 1132: len= 21 黑胜 loss=28.1736 temp=1.00 total_env_steps=30980 t=0.24s
Ep 1133: len= 12 黑胜 loss=28.0824 temp=1.00 total_env_steps=30992 t=0.17s
Ep 1134: len= 34 白胜 loss=28.5623 temp=1.00 total_env_steps=31026 t=0.38s
Ep 1135: len= 35 黑胜 loss=28.3962 temp=1.00 total_env_steps=31061 t=0.38s
Ep 1136: len= 31 黑胜 loss=28.1954 temp=1.00 total_env_steps=31092 t=0.37s
Ep 1137: len= 42 白胜 loss=28.2148 temp=1.00 total_env_steps=31134 t=0.48s
Ep 1138: len= 39 黑胜 loss=28.3036 temp=1.00 total_env_steps=31173 t=0.43s
Ep 1139: len= 33 黑胜 loss=28.2331 temp=1.00 total_env_steps=31206 t=0.39s
Ep 1140: len= 47 黑胜 loss=28.2616 temp=1.00 total_env_steps=31253 t=0.50s
Ep 1141: len= 36 白胜 loss=28.2391 temp=1.00 total_env_steps=31289 t=0.39s
Ep 1142: len=  2 黑胜 loss=28.3679 temp=1.00 total_env_steps=31291 t=0.05s
Ep 1143: len= 32 白胜 loss=28.0833 temp=1.00 total_env_steps=31323 t=0.37s
Ep 1144: len= 34 白胜 loss=28.2925 temp=1.00 total_env_steps=31357 t=0.37s
Ep 1145: len= 37 黑胜 loss=28.1655 temp=1.00 total_env_steps=31394 t=0.41s
Ep 1146: len= 50 白胜 loss=28.1589 temp=1.00 total_env_steps=31444 t=0.55s
Ep 1147: len= 43 黑胜 loss=28.4897 temp=1.00 total_env_steps=31487 t=0.47s
Ep 1148: len= 38 白胜 loss=28.2506 temp=1.00 total_env_steps=31525 t=0.41s
Ep 1149: len= 23 黑胜 loss=28.4363 temp=1.00 total_env_steps=31548 t=0.28s
Ep 1150: len= 39 黑胜 loss=28.2382 temp=1.00 total_env_steps=31587 t=0.43s
Ep 1151: len= 10 黑胜 loss=28.2981 temp=1.00 total_env_steps=31597 t=0.14s
Ep 1152: len= 26 白胜 loss=28.1834 temp=1.00 total_env_steps=31623 t=0.30s
Ep 1153: len= 49 黑胜 loss=28.3374 temp=1.00 total_env_steps=31672 t=0.55s
Ep 1154: len= 57 黑胜 loss=28.2076 temp=1.00 total_env_steps=31729 t=0.58s
Ep 1155: len=  4 黑胜 loss=28.2911 temp=1.00 total_env_steps=31733 t=0.07s
Ep 1156: len= 18 白胜 loss=28.3505 temp=1.00 total_env_steps=31751 t=0.21s
Ep 1157: len= 26 白胜 loss=28.2978 temp=1.00 total_env_steps=31777 t=0.32s
Ep 1158: len= 40 白胜 loss=28.3826 temp=1.00 total_env_steps=31817 t=0.46s
Ep 1159: len= 36 白胜 loss=28.2552 temp=1.00 total_env_steps=31853 t=0.39s
Ep 1160: len=  6 白胜 loss=28.1265 temp=1.00 total_env_steps=31859 t=0.09s
Ep 1161: len= 22 白胜 loss=28.2871 temp=1.00 total_env_steps=31881 t=0.26s
Ep 1162: len= 38 白胜 loss=28.2003 temp=1.00 total_env_steps=31919 t=0.44s
Ep 1163: len=  2 黑胜 loss=28.2653 temp=1.00 total_env_steps=31921 t=0.06s
Ep 1164: len= 34 白胜 loss=28.2185 temp=1.00 total_env_steps=31955 t=0.39s
Ep 1165: len= 41 黑胜 loss=28.0728 temp=1.00 total_env_steps=31996 t=0.48s
Ep 1166: len=  4 黑胜 loss=28.3325 temp=1.00 total_env_steps=32000 t=0.07s
Ep 1167: len= 13 黑胜 loss=28.2291 temp=1.00 total_env_steps=32013 t=0.16s
Ep 1168: len=  6 黑胜 loss=28.2949 temp=1.00 total_env_steps=32019 t=0.09s
Ep 1169: len= 21 黑胜 loss=28.3824 temp=1.00 total_env_steps=32040 t=0.24s
Ep 1170: len=  4 白胜 loss=28.1832 temp=1.00 total_env_steps=32044 t=0.08s
Ep 1171: len= 12 白胜 loss=28.2642 temp=1.00 total_env_steps=32056 t=0.16s
Ep 1172: len= 14 白胜 loss=28.1732 temp=1.00 total_env_steps=32070 t=0.15s
Ep 1173: len= 18 白胜 loss=28.1800 temp=1.00 total_env_steps=32088 t=0.22s
Ep 1174: len= 26 白胜 loss=28.1174 temp=1.00 total_env_steps=32114 t=0.31s
Ep 1175: len= 15 白胜 loss=28.1019 temp=1.00 total_env_steps=32129 t=0.19s
Ep 1176: len= 47 黑胜 loss=28.0907 temp=1.00 total_env_steps=32176 t=0.53s
Ep 1177: len= 41 黑胜 loss=28.3605 temp=1.00 total_env_steps=32217 t=0.45s
Ep 1178: len= 37 黑胜 loss=28.4138 temp=1.00 total_env_steps=32254 t=0.43s
Ep 1179: len= 48 白胜 loss=28.2878 temp=1.00 total_env_steps=32302 t=0.54s
Ep 1180: len= 18 白胜 loss=28.2400 temp=1.00 total_env_steps=32320 t=0.23s
Ep 1181: len= 17 黑胜 loss=28.1479 temp=1.00 total_env_steps=32337 t=0.22s
Ep 1182: len= 35 黑胜 loss=28.3076 temp=1.00 total_env_steps=32372 t=0.39s
Ep 1183: len=  6 黑胜 loss=28.3037 temp=1.00 total_env_steps=32378 t=0.10s
Ep 1184: len= 13 黑胜 loss=28.3442 temp=1.00 total_env_steps=32391 t=0.19s
Ep 1185: len= 21 黑胜 loss=28.2052 temp=1.00 total_env_steps=32412 t=0.26s
Ep 1186: len= 26 白胜 loss=28.2625 temp=1.00 total_env_steps=32438 t=0.29s
Ep 1187: len= 37 黑胜 loss=28.2460 temp=1.00 total_env_steps=32475 t=0.40s
Ep 1188: len= 10 白胜 loss=28.1962 temp=1.00 total_env_steps=32485 t=0.15s
Ep 1189: len= 25 黑胜 loss=28.2763 temp=1.00 total_env_steps=32510 t=0.27s
Ep 1190: len= 14 黑胜 loss=28.1423 temp=1.00 total_env_steps=32524 t=0.17s
Ep 1191: len= 25 黑胜 loss=28.2386 temp=1.00 total_env_steps=32549 t=0.30s
Ep 1192: len= 25 黑胜 loss=28.2019 temp=1.00 total_env_steps=32574 t=0.30s
Ep 1193: len= 30 白胜 loss=28.1375 temp=1.00 total_env_steps=32604 t=0.33s
Ep 1194: len= 36 白胜 loss=28.2746 temp=1.00 total_env_steps=32640 t=0.38s
Ep 1195: len= 43 黑胜 loss=28.4098 temp=1.00 total_env_steps=32683 t=0.47s
Ep 1196: len= 55 黑胜 loss=28.3226 temp=1.00 total_env_steps=32738 t=0.59s
Ep 1197: len= 46 白胜 loss=28.1590 temp=1.00 total_env_steps=32784 t=0.51s
Ep 1198: len= 31 黑胜 loss=28.1961 temp=1.00 total_env_steps=32815 t=0.34s
Ep 1199: len= 32 白胜 loss=28.1949 temp=1.00 total_env_steps=32847 t=0.37s
Ep 1200: len= 20 黑胜 loss=28.3882 temp=1.00 total_env_steps=32867 t=0.23s
  eval vs Gomoku-random-v0: win_rate=1.00 mean_return=1.00（20 局，total_env_steps=32867）
Ep 1201: len= 19 黑胜 loss=28.1054 temp=1.00 total_env_steps=32886 t=0.22s
Ep 1202: len= 35 黑胜 loss=28.2361 temp=1.00 total_env_steps=32921 t=0.39s
Ep 1203: len= 16 白胜 loss=28.3504 temp=1.00 total_env_steps=32937 t=0.20s
Ep 1204: len= 36 白胜 loss=28.2656 temp=1.00 total_env_steps=32973 t=0.39s
Ep 1205: len= 20 黑胜 loss=28.1272 temp=1.00 total_env_steps=32993 t=0.23s
Ep 1206: len= 41 黑胜 loss=28.2616 temp=1.00 total_env_steps=33034 t=0.45s
Ep 1207: len= 28 白胜 loss=28.3862 temp=1.00 total_env_steps=33062 t=0.29s
Ep 1208: len= 28 白胜 loss=28.2081 temp=1.00 total_env_steps=33090 t=0.31s
Ep 1209: len= 17 黑胜 loss=28.1134 temp=1.00 total_env_steps=33107 t=0.21s
Ep 1210: len= 37 黑胜 loss=28.1510 temp=1.00 total_env_steps=33144 t=0.43s
Ep 1211: len= 25 黑胜 loss=28.1521 temp=1.00 total_env_steps=33169 t=0.30s
Ep 1212: len= 28 白胜 loss=28.2178 temp=1.00 total_env_steps=33197 t=0.33s
Ep 1213: len=  2 黑胜 loss=28.2048 temp=1.00 total_env_steps=33199 t=0.05s
Ep 1214: len= 18 白胜 loss=28.0169 temp=1.00 total_env_steps=33217 t=0.23s
Ep 1215: len= 22 白胜 loss=28.2689 temp=1.00 total_env_steps=33239 t=0.27s
Ep 1216: len=  6 黑胜 loss=27.8703 temp=1.00 total_env_steps=33245 t=0.10s
Ep 1217: len= 37 黑胜 loss=28.5687 temp=1.00 total_env_steps=33282 t=0.41s
Ep 1218: len= 29 黑胜 loss=28.3237 temp=1.00 total_env_steps=33311 t=0.31s
Ep 1219: len= 27 黑胜 loss=28.1997 temp=1.00 total_env_steps=33338 t=0.30s
Ep 1220: len= 28 白胜 loss=28.1723 temp=1.00 total_env_steps=33366 t=0.34s
Ep 1221: len= 11 黑胜 loss=28.2457 temp=1.00 total_env_steps=33377 t=0.14s
Ep 1222: len= 40 白胜 loss=28.3267 temp=1.00 total_env_steps=33417 t=0.43s
Ep 1223: len= 35 黑胜 loss=28.3200 temp=1.00 total_env_steps=33452 t=0.42s
Ep 1224: len= 44 白胜 loss=28.2394 temp=1.00 total_env_steps=33496 t=0.48s
Ep 1225: len= 27 黑胜 loss=28.0889 temp=1.00 total_env_steps=33523 t=0.32s
Ep 1226: len= 30 白胜 loss=28.4501 temp=1.00 total_env_steps=33553 t=0.35s
Ep 1227: len= 23 黑胜 loss=28.0507 temp=1.00 total_env_steps=33576 t=0.26s
Ep 1228: len= 38 白胜 loss=28.1809 temp=1.00 total_env_steps=33614 t=0.40s
Ep 1229: len= 30 白胜 loss=28.2959 temp=1.00 total_env_steps=33644 t=0.34s
Ep 1230: len= 23 黑胜 loss=28.3508 temp=1.00 total_env_steps=33667 t=0.25s
Ep 1231: len= 21 黑胜 loss=28.2989 temp=1.00 total_env_steps=33688 t=0.24s
Ep 1232: len= 44 白胜 loss=28.2174 temp=1.00 total_env_steps=33732 t=0.46s
Ep 1233: len= 48 白胜 loss=28.2991 temp=1.00 total_env_steps=33780 t=0.50s
Ep 1234: len= 23 黑胜 loss=28.3246 temp=1.00 total_env_steps=33803 t=0.26s
Ep 1235: len= 51 黑胜 loss=28.3284 temp=1.00 total_env_steps=33854 t=0.55s
Ep 1236: len= 27 黑胜 loss=28.1818 temp=1.00 total_env_steps=33881 t=0.30s
Ep 1237: len= 41 黑胜 loss=28.2497 temp=1.00 total_env_steps=33922 t=0.43s
Ep 1238: len= 29 黑胜 loss=28.2909 temp=1.00 total_env_steps=33951 t=0.31s
Ep 1239: len= 14 白胜 loss=28.2599 temp=1.00 total_env_steps=33965 t=0.17s
Ep 1240: len= 21 黑胜 loss=28.0526 temp=1.00 total_env_steps=33986 t=0.24s
Ep 1241: len= 36 白胜 loss=28.3036 temp=1.00 total_env_steps=34022 t=0.40s
Ep 1242: len= 24 白胜 loss=28.1490 temp=1.00 total_env_steps=34046 t=0.27s
Ep 1243: len= 14 白胜 loss=28.0581 temp=1.00 total_env_steps=34060 t=0.17s
Ep 1244: len= 19 黑胜 loss=28.2104 temp=1.00 total_env_steps=34079 t=0.22s
Ep 1245: len=  8 黑胜 loss=28.1972 temp=1.00 total_env_steps=34087 t=0.13s
Ep 1246: len= 40 白胜 loss=28.2628 temp=1.00 total_env_steps=34127 t=0.45s
Ep 1247: len= 39 黑胜 loss=28.2834 temp=1.00 total_env_steps=34166 t=0.41s
Ep 1248: len= 27 黑胜 loss=28.1096 temp=1.00 total_env_steps=34193 t=0.33s
Ep 1249: len= 16 白胜 loss=28.2515 temp=1.00 total_env_steps=34209 t=0.18s
Ep 1250: len= 24 白胜 loss=28.0684 temp=1.00 total_env_steps=34233 t=0.27s
Ep 1251: len= 19 黑胜 loss=28.2002 temp=1.00 total_env_steps=34252 t=0.22s
Ep 1252: len= 23 黑胜 loss=28.1993 temp=1.00 total_env_steps=34275 t=0.30s
Ep 1253: len= 39 黑胜 loss=28.1708 temp=1.00 total_env_steps=34314 t=0.57s
Ep 1254: len= 32 白胜 loss=28.2140 temp=1.00 total_env_steps=34346 t=0.38s
Ep 1255: len= 40 白胜 loss=28.0882 temp=1.00 total_env_steps=34386 t=0.45s
Ep 1256: len= 33 黑胜 loss=28.0830 temp=1.00 total_env_steps=34419 t=0.38s
Ep 1257: len= 35 黑胜 loss=28.2781 temp=1.00 total_env_steps=34454 t=0.38s
Ep 1258: len= 20 白胜 loss=28.2358 temp=1.00 total_env_steps=34474 t=0.22s
Ep 1259: len= 26 白胜 loss=27.9889 temp=1.00 total_env_steps=34500 t=0.29s
Ep 1260: len= 15 黑胜 loss=28.1027 temp=1.00 total_env_steps=34515 t=0.18s
Ep 1261: len= 19 黑胜 loss=28.3133 temp=1.00 total_env_steps=34534 t=0.22s
Ep 1262: len= 36 白胜 loss=28.1847 temp=1.00 total_env_steps=34570 t=0.39s
Ep 1263: len= 23 黑胜 loss=28.3170 temp=1.00 total_env_steps=34593 t=0.26s
Ep 1264: len= 20 白胜 loss=28.1641 temp=1.00 total_env_steps=34613 t=0.23s
Ep 1265: len= 39 黑胜 loss=28.0316 temp=1.00 total_env_steps=34652 t=0.43s
Ep 1266: len= 27 黑胜 loss=28.0800 temp=1.00 total_env_steps=34679 t=0.31s
Ep 1267: len=  8 白胜 loss=28.1472 temp=1.00 total_env_steps=34687 t=0.12s
Ep 1268: len= 16 白胜 loss=28.3663 temp=1.00 total_env_steps=34703 t=0.19s
Ep 1269: len= 19 黑胜 loss=28.1075 temp=1.00 total_env_steps=34722 t=0.23s
Ep 1270: len= 10 白胜 loss=28.2457 temp=1.00 total_env_steps=34732 t=0.14s
Ep 1271: len= 41 黑胜 loss=28.4993 temp=1.00 total_env_steps=34773 t=0.44s
Ep 1272: len= 47 黑胜 loss=28.0218 temp=1.00 total_env_steps=34820 t=0.50s
Ep 1273: len=  2 黑胜 loss=28.0066 temp=1.00 total_env_steps=34822 t=0.05s
Ep 1274: len= 30 白胜 loss=28.2465 temp=1.00 total_env_steps=34852 t=0.34s
Ep 1275: len= 16 白胜 loss=28.1784 temp=1.00 total_env_steps=34868 t=0.20s
Ep 1276: len= 17 黑胜 loss=28.1161 temp=1.00 total_env_steps=34885 t=0.22s
Ep 1277: len= 18 白胜 loss=28.3026 temp=1.00 total_env_steps=34903 t=0.20s
Ep 1278: len= 32 白胜 loss=28.2948 temp=1.00 total_env_steps=34935 t=0.37s
Ep 1279: len= 26 白胜 loss=28.0177 temp=1.00 total_env_steps=34961 t=0.31s
Ep 1280: len= 25 黑胜 loss=28.2106 temp=1.00 total_env_steps=34986 t=0.28s
Ep 1281: len= 27 黑胜 loss=28.1075 temp=1.00 total_env_steps=35013 t=0.30s
Ep 1282: len= 32 白胜 loss=28.1671 temp=1.00 total_env_steps=35045 t=0.37s
Ep 1283: len= 30 白胜 loss=28.1735 temp=1.00 total_env_steps=35075 t=0.35s
Ep 1284: len=  4 白胜 loss=28.1630 temp=1.00 total_env_steps=35079 t=0.07s
Ep 1285: len= 10 白胜 loss=28.1726 temp=1.00 total_env_steps=35089 t=0.14s
Ep 1286: len=  2 白胜 loss=27.8490 temp=1.00 total_env_steps=35091 t=0.05s
Ep 1287: len= 32 白胜 loss=28.2921 temp=1.00 total_env_steps=35123 t=0.36s
Ep 1288: len= 31 黑胜 loss=28.4267 temp=1.00 total_env_steps=35154 t=0.33s
Ep 1289: len= 20 白胜 loss=28.2745 temp=1.00 total_env_steps=35174 t=0.23s
Ep 1290: len= 20 黑胜 loss=28.3200 temp=1.00 total_env_steps=35194 t=0.23s
Ep 1291: len= 17 黑胜 loss=28.0572 temp=1.00 total_env_steps=35211 t=0.20s
Ep 1292: len= 33 黑胜 loss=28.2938 temp=1.00 total_env_steps=35244 t=0.37s
Ep 1293: len= 14 白胜 loss=28.0625 temp=1.00 total_env_steps=35258 t=0.17s
Ep 1294: len= 20 白胜 loss=28.3637 temp=1.00 total_env_steps=35278 t=0.23s
Ep 1295: len= 34 白胜 loss=27.9965 temp=1.00 total_env_steps=35312 t=0.39s
Ep 1296: len= 24 白胜 loss=28.2073 temp=1.00 total_env_steps=35336 t=0.27s
Ep 1297: len= 10 黑胜 loss=28.1572 temp=1.00 total_env_steps=35346 t=0.14s
Ep 1298: len= 16 白胜 loss=28.0434 temp=1.00 total_env_steps=35362 t=0.19s
Ep 1299: len= 23 黑胜 loss=28.3594 temp=1.00 total_env_steps=35385 t=0.26s
Ep 1300: len= 27 黑胜 loss=27.9806 temp=1.00 total_env_steps=35412 t=0.29s
Ep 1301: len= 24 黑胜 loss=28.0311 temp=1.00 total_env_steps=35436 t=0.25s
Ep 1302: len=  8 白胜 loss=28.1626 temp=1.00 total_env_steps=35444 t=0.12s
Ep 1303: len= 15 黑胜 loss=28.0829 temp=1.00 total_env_steps=35459 t=0.19s
Ep 1304: len= 12 白胜 loss=28.2654 temp=1.00 total_env_steps=35471 t=0.15s
Ep 1305: len= 17 黑胜 loss=28.2787 temp=1.00 total_env_steps=35488 t=0.19s
Ep 1306: len= 12 黑胜 loss=28.2253 temp=1.00 total_env_steps=35500 t=0.15s
Ep 1307: len= 47 黑胜 loss=28.1454 temp=1.00 total_env_steps=35547 t=0.50s
Ep 1308: len= 13 黑胜 loss=28.1654 temp=1.00 total_env_steps=35560 t=0.17s
Ep 1309: len= 26 黑胜 loss=28.1925 temp=1.00 total_env_steps=35586 t=0.29s
Ep 1310: len= 17 黑胜 loss=28.1628 temp=1.00 total_env_steps=35603 t=0.20s
Ep 1311: len= 25 黑胜 loss=28.3871 temp=1.00 total_env_steps=35628 t=0.28s
Ep 1312: len= 13 黑胜 loss=28.2108 temp=1.00 total_env_steps=35641 t=0.16s
Ep 1313: len=  8 黑胜 loss=28.0667 temp=1.00 total_env_steps=35649 t=0.11s
Ep 1314: len=  2 黑胜 loss=28.2343 temp=1.00 total_env_steps=35651 t=0.05s
Ep 1315: len= 37 黑胜 loss=28.3785 temp=1.00 total_env_steps=35688 t=0.39s
Ep 1316: len=  2 黑胜 loss=28.2050 temp=1.00 total_env_steps=35690 t=0.05s
Ep 1317: len= 29 黑胜 loss=28.1743 temp=1.00 total_env_steps=35719 t=0.33s
Ep 1318: len= 42 白胜 loss=28.3238 temp=1.00 total_env_steps=35761 t=0.46s
Ep 1319: len= 14 白胜 loss=28.1808 temp=1.00 total_env_steps=35775 t=0.17s
Ep 1320: len= 17 黑胜 loss=28.2531 temp=1.00 total_env_steps=35792 t=0.20s
Ep 1321: len= 31 黑胜 loss=28.2130 temp=1.00 total_env_steps=35823 t=0.34s
Ep 1322: len=  9 黑胜 loss=28.2275 temp=1.00 total_env_steps=35832 t=0.11s
Ep 1323: len= 10 白胜 loss=27.9936 temp=1.00 total_env_steps=35842 t=0.13s
Ep 1324: len= 26 白胜 loss=27.9724 temp=1.00 total_env_steps=35868 t=0.29s
Ep 1325: len= 18 黑胜 loss=28.2872 temp=1.00 total_env_steps=35886 t=0.21s
Ep 1326: len= 14 白胜 loss=28.2162 temp=1.00 total_env_steps=35900 t=0.17s
Ep 1327: len=  4 黑胜 loss=28.0651 temp=1.00 total_env_steps=35904 t=0.08s
Ep 1328: len= 35 黑胜 loss=28.0288 temp=1.00 total_env_steps=35939 t=0.39s
Ep 1329: len= 11 黑胜 loss=28.0418 temp=1.00 total_env_steps=35950 t=0.15s
Ep 1330: len= 13 黑胜 loss=28.0543 temp=1.00 total_env_steps=35963 t=0.19s
Ep 1331: len= 11 黑胜 loss=28.1723 temp=1.00 total_env_steps=35974 t=0.14s
Ep 1332: len= 32 白胜 loss=28.3942 temp=1.00 total_env_steps=36006 t=0.35s
Ep 1333: len= 31 黑胜 loss=28.1512 temp=1.00 total_env_steps=36037 t=0.37s
Ep 1334: len= 38 白胜 loss=27.8947 temp=1.00 total_env_steps=36075 t=0.44s
Ep 1335: len= 30 白胜 loss=28.1274 temp=1.00 total_env_steps=36105 t=0.33s
Ep 1336: len= 50 白胜 loss=28.1770 temp=1.00 total_env_steps=36155 t=0.53s
Ep 1337: len= 30 白胜 loss=28.0990 temp=1.00 total_env_steps=36185 t=0.33s
Ep 1338: len= 30 白胜 loss=28.0104 temp=1.00 total_env_steps=36215 t=0.34s
Ep 1339: len= 11 黑胜 loss=28.1274 temp=1.00 total_env_steps=36226 t=0.15s
Ep 1340: len= 20 白胜 loss=28.0849 temp=1.00 total_env_steps=36246 t=0.24s
Ep 1341: len= 15 黑胜 loss=28.1712 temp=1.00 total_env_steps=36261 t=0.18s
Ep 1342: len=  4 黑胜 loss=27.9881 temp=1.00 total_env_steps=36265 t=0.06s
Ep 1343: len=  6 白胜 loss=28.2858 temp=1.00 total_env_steps=36271 t=0.10s
Ep 1344: len= 20 黑胜 loss=28.0530 temp=1.00 total_env_steps=36291 t=0.25s
Ep 1345: len= 16 白胜 loss=28.0364 temp=1.00 total_env_steps=36307 t=0.22s
Ep 1346: len= 15 黑胜 loss=28.0956 temp=1.00 total_env_steps=36322 t=0.19s
Ep 1347: len=  4 白胜 loss=28.1350 temp=1.00 total_env_steps=36326 t=0.07s
Ep 1348: len= 42 白胜 loss=28.1801 temp=1.00 total_env_steps=36368 t=0.46s
Ep 1349: len= 36 白胜 loss=28.0481 temp=1.00 total_env_steps=36404 t=0.41s
Ep 1350: len= 49 黑胜 loss=27.9013 temp=1.00 total_env_steps=36453 t=0.54s
Ep 1351: len= 14 白胜 loss=28.2218 temp=1.00 total_env_steps=36467 t=0.19s
Ep 1352: len= 14 白胜 loss=28.1300 temp=1.00 total_env_steps=36481 t=0.19s
Ep 1353: len= 14 白胜 loss=27.7413 temp=1.00 total_env_steps=36495 t=0.18s
Ep 1354: len= 21 黑胜 loss=27.8841 temp=1.00 total_env_steps=36516 t=0.25s
Ep 1355: len= 12 白胜 loss=28.0188 temp=1.00 total_env_steps=36528 t=0.16s
Ep 1356: len= 21 黑胜 loss=27.9070 temp=1.00 total_env_steps=36549 t=0.24s
Ep 1357: len= 21 黑胜 loss=27.8967 temp=1.00 total_env_steps=36570 t=0.25s
Ep 1358: len=  9 黑胜 loss=28.0283 temp=1.00 total_env_steps=36579 t=0.12s
Ep 1359: len= 27 黑胜 loss=28.0561 temp=1.00 total_env_steps=36606 t=0.30s
Ep 1360: len= 33 黑胜 loss=28.1191 temp=1.00 total_env_steps=36639 t=0.37s
Ep 1361: len= 36 白胜 loss=27.9681 temp=1.00 total_env_steps=36675 t=0.39s
Ep 1362: len= 40 白胜 loss=27.9963 temp=1.00 total_env_steps=36715 t=0.44s
Ep 1363: len= 19 黑胜 loss=27.8498 temp=1.00 total_env_steps=36734 t=0.22s
Ep 1364: len= 17 黑胜 loss=27.8580 temp=1.00 total_env_steps=36751 t=0.23s
Ep 1365: len=  2 白胜 loss=27.9533 temp=1.00 total_env_steps=36753 t=0.05s
Ep 1366: len=  2 黑胜 loss=28.1211 temp=1.00 total_env_steps=36755 t=0.05s
Ep 1367: len=  2 黑胜 loss=27.9498 temp=1.00 total_env_steps=36757 t=0.05s
Ep 1368: len= 11 黑胜 loss=27.8124 temp=1.00 total_env_steps=36768 t=0.14s
Ep 1369: len= 24 白胜 loss=27.7772 temp=1.00 total_env_steps=36792 t=0.26s
Ep 1370: len= 26 白胜 loss=28.1195 temp=1.00 total_env_steps=36818 t=0.30s
Ep 1371: len= 19 黑胜 loss=27.6688 temp=1.00 total_env_steps=36837 t=0.23s
Ep 1372: len=  2 白胜 loss=28.0838 temp=1.00 total_env_steps=36839 t=0.05s
Ep 1373: len= 25 黑胜 loss=28.1274 temp=1.00 total_env_steps=36864 t=0.28s
Ep 1374: len= 20 白胜 loss=27.9181 temp=1.00 total_env_steps=36884 t=0.23s
Ep 1375: len= 10 黑胜 loss=27.9463 temp=1.00 total_env_steps=36894 t=0.14s
Ep 1376: len= 23 黑胜 loss=27.9773 temp=1.00 total_env_steps=36917 t=0.26s
Ep 1377: len= 15 黑胜 loss=27.7794 temp=1.00 total_env_steps=36932 t=0.19s
Ep 1378: len= 28 白胜 loss=27.8194 temp=1.00 total_env_steps=36960 t=0.30s
Ep 1379: len= 13 黑胜 loss=27.6879 temp=1.00 total_env_steps=36973 t=0.16s
Ep 1380: len= 15 黑胜 loss=28.0218 temp=1.00 total_env_steps=36988 t=0.18s
Ep 1381: len= 29 黑胜 loss=28.2525 temp=1.00 total_env_steps=37017 t=0.32s
Ep 1382: len= 11 黑胜 loss=28.0562 temp=1.00 total_env_steps=37028 t=0.14s
Ep 1383: len= 31 黑胜 loss=28.1083 temp=1.00 total_env_steps=37059 t=0.34s
Ep 1384: len= 17 黑胜 loss=28.2055 temp=1.00 total_env_steps=37076 t=0.21s
Ep 1385: len= 10 白胜 loss=28.1296 temp=1.00 total_env_steps=37086 t=0.13s
Ep 1386: len= 22 黑胜 loss=28.0003 temp=1.00 total_env_steps=37108 t=0.25s
Ep 1387: len=  4 黑胜 loss=28.2190 temp=1.00 total_env_steps=37112 t=0.08s
Ep 1388: len= 13 黑胜 loss=28.0229 temp=1.00 total_env_steps=37125 t=0.16s
Ep 1389: len= 13 黑胜 loss=27.8136 temp=1.00 total_env_steps=37138 t=0.15s
Ep 1390: len= 17 黑胜 loss=28.1164 temp=1.00 total_env_steps=37155 t=0.21s
Ep 1391: len= 11 黑胜 loss=27.6494 temp=1.00 total_env_steps=37166 t=0.14s
Ep 1392: len= 13 黑胜 loss=27.7566 temp=1.00 total_env_steps=37179 t=0.17s
Ep 1393: len=  2 白胜 loss=27.9503 temp=1.00 total_env_steps=37181 t=0.05s
Ep 1394: len= 15 黑胜 loss=27.8559 temp=1.00 total_env_steps=37196 t=0.18s
Ep 1395: len= 13 黑胜 loss=27.9974 temp=1.00 total_env_steps=37209 t=0.17s
Ep 1396: len= 14 白胜 loss=28.1323 temp=1.00 total_env_steps=37223 t=0.18s
Ep 1397: len= 12 白胜 loss=28.1491 temp=1.00 total_env_steps=37235 t=0.17s
Ep 1398: len= 29 黑胜 loss=27.9658 temp=1.00 total_env_steps=37264 t=0.32s
Ep 1399: len=  6 白胜 loss=27.7930 temp=1.00 total_env_steps=37270 t=0.08s
Ep 1400: len= 20 白胜 loss=27.8329 temp=1.00 total_env_steps=37290 t=0.24s
  eval vs Gomoku-random-v0: win_rate=1.00 mean_return=1.00（20 局，total_env_steps=37290）
Ep 1401: len= 37 黑胜 loss=27.7104 temp=1.00 total_env_steps=37327 t=0.40s
Ep 1402: len= 25 黑胜 loss=27.3012 temp=1.00 total_env_steps=37352 t=0.28s
Ep 1403: len= 42 白胜 loss=27.9921 temp=1.00 total_env_steps=37394 t=0.45s
Ep 1404: len= 13 黑胜 loss=27.8280 temp=1.00 total_env_steps=37407 t=0.16s
Ep 1405: len=  8 白胜 loss=27.8393 temp=1.00 total_env_steps=37415 t=0.12s
Ep 1406: len=  9 黑胜 loss=27.8478 temp=1.00 total_env_steps=37424 t=0.12s
Ep 1407: len= 12 黑胜 loss=27.6050 temp=1.00 total_env_steps=37436 t=0.15s
Ep 1408: len= 11 黑胜 loss=27.7265 temp=1.00 total_env_steps=37447 t=0.15s
Ep 1409: len= 13 黑胜 loss=27.8333 temp=1.00 total_env_steps=37460 t=0.16s
Ep 1410: len= 13 黑胜 loss=27.4056 temp=1.00 total_env_steps=37473 t=0.17s
Ep 1411: len= 15 黑胜 loss=27.6998 temp=1.00 total_env_steps=37488 t=0.17s
Ep 1412: len= 15 黑胜 loss=27.8837 temp=1.00 total_env_steps=37503 t=0.17s
Ep 1413: len= 15 黑胜 loss=28.1176 temp=1.00 total_env_steps=37518 t=0.17s
Ep 1414: len= 15 黑胜 loss=27.6068 temp=1.00 total_env_steps=37533 t=0.18s
Ep 1415: len= 22 白胜 loss=26.8490 temp=1.00 total_env_steps=37555 t=0.26s
Ep 1416: len= 13 黑胜 loss=28.0832 temp=1.00 total_env_steps=37568 t=0.16s
Ep 1417: len= 13 黑胜 loss=27.8030 temp=1.00 total_env_steps=37581 t=0.16s
Ep 1418: len= 25 黑胜 loss=27.3851 temp=1.00 total_env_steps=37606 t=0.28s
Ep 1419: len= 11 黑胜 loss=27.9517 temp=1.00 total_env_steps=37617 t=0.14s
Ep 1420: len= 17 黑胜 loss=27.6882 temp=1.00 total_env_steps=37634 t=0.21s
Ep 1421: len=  2 白胜 loss=27.5140 temp=1.00 total_env_steps=37636 t=0.06s
Ep 1422: len=  9 黑胜 loss=27.5617 temp=1.00 total_env_steps=37645 t=0.13s
Ep 1423: len= 14 白胜 loss=27.5209 temp=1.00 total_env_steps=37659 t=0.18s
Ep 1424: len= 13 黑胜 loss=27.1414 temp=1.00 total_env_steps=37672 t=0.16s
Ep 1425: len= 13 黑胜 loss=27.5290 temp=1.00 total_env_steps=37685 t=0.16s
Ep 1426: len=  2 黑胜 loss=27.0159 temp=1.00 total_env_steps=37687 t=0.06s
Ep 1427: len= 11 黑胜 loss=27.4625 temp=1.00 total_env_steps=37698 t=0.14s
Ep 1428: len= 34 白胜 loss=27.4540 temp=1.00 total_env_steps=37732 t=0.37s
Ep 1429: len= 11 黑胜 loss=27.7419 temp=1.00 total_env_steps=37743 t=0.15s
Ep 1430: len= 33 黑胜 loss=27.5828 temp=1.00 total_env_steps=37776 t=0.36s
Ep 1431: len= 15 黑胜 loss=27.4771 temp=1.00 total_env_steps=37791 t=0.17s
Ep 1432: len= 13 黑胜 loss=27.1773 temp=1.00 total_env_steps=37804 t=0.16s
Ep 1433: len= 13 黑胜 loss=27.4737 temp=1.00 total_env_steps=37817 t=0.16s
Ep 1434: len=  2 白胜 loss=27.2395 temp=1.00 total_env_steps=37819 t=0.06s
Ep 1435: len=  2 黑胜 loss=26.8159 temp=1.00 total_env_steps=37821 t=0.06s
Ep 1436: len=  9 黑胜 loss=26.9818 temp=1.00 total_env_steps=37830 t=0.14s
Ep 1437: len= 13 黑胜 loss=27.5345 temp=1.00 total_env_steps=37843 t=0.16s
Ep 1438: len= 13 黑胜 loss=26.6785 temp=1.00 total_env_steps=37856 t=0.16s
Ep 1439: len= 11 黑胜 loss=27.0055 temp=1.00 total_env_steps=37867 t=0.15s
Ep 1440: len= 15 黑胜 loss=27.2582 temp=1.00 total_env_steps=37882 t=0.18s
Ep 1441: len= 12 白胜 loss=26.9563 temp=1.00 total_env_steps=37894 t=0.15s
Ep 1442: len= 15 黑胜 loss=27.0445 temp=1.00 total_env_steps=37909 t=0.17s
Ep 1443: len= 15 黑胜 loss=26.6572 temp=1.00 total_env_steps=37924 t=0.17s
Ep 1444: len= 11 黑胜 loss=27.4263 temp=1.00 total_env_steps=37935 t=0.14s
Ep 1445: len= 13 黑胜 loss=27.2537 temp=1.00 total_env_steps=37948 t=0.16s
Ep 1446: len= 13 黑胜 loss=27.2698 temp=1.00 total_env_steps=37961 t=0.15s
Ep 1447: len= 16 白胜 loss=26.7486 temp=1.00 total_env_steps=37977 t=0.19s
Ep 1448: len= 15 黑胜 loss=27.3903 temp=1.00 total_env_steps=37992 t=0.17s
Ep 1449: len= 17 黑胜 loss=27.4380 temp=1.00 total_env_steps=38009 t=0.20s
Ep 1450: len=  4 白胜 loss=26.6879 temp=1.00 total_env_steps=38013 t=0.07s
Ep 1451: len= 33 黑胜 loss=26.8989 temp=1.00 total_env_steps=38046 t=0.34s
Ep 1452: len= 29 黑胜 loss=27.0209 temp=1.00 total_env_steps=38075 t=0.33s
Ep 1453: len= 13 黑胜 loss=27.4267 temp=1.00 total_env_steps=38088 t=0.16s
Ep 1454: len=  8 白胜 loss=27.7897 temp=1.00 total_env_steps=38096 t=0.11s
Ep 1455: len= 11 黑胜 loss=27.4645 temp=1.00 total_env_steps=38107 t=0.14s
Ep 1456: len= 16 白胜 loss=27.5665 temp=1.00 total_env_steps=38123 t=0.17s
Ep 1457: len= 37 黑胜 loss=26.8549 temp=1.00 total_env_steps=38160 t=0.40s
Ep 1458: len= 17 黑胜 loss=27.2238 temp=1.00 total_env_steps=38177 t=0.20s
Ep 1459: len=  4 黑胜 loss=26.5794 temp=1.00 total_env_steps=38181 t=0.06s
Ep 1460: len=  2 白胜 loss=26.9348 temp=1.00 total_env_steps=38183 t=0.05s
Ep 1461: len= 15 黑胜 loss=26.5004 temp=1.00 total_env_steps=38198 t=0.18s
Ep 1462: len= 13 黑胜 loss=26.8866 temp=1.00 total_env_steps=38211 t=0.17s
Ep 1463: len= 15 黑胜 loss=27.2776 temp=1.00 total_env_steps=38226 t=0.18s
Ep 1464: len=  4 黑胜 loss=27.0787 temp=1.00 total_env_steps=38230 t=0.08s
Ep 1465: len=  2 白胜 loss=27.0983 temp=1.00 total_env_steps=38232 t=0.05s
Ep 1466: len= 28 白胜 loss=27.1293 temp=1.00 total_env_steps=38260 t=0.34s
Ep 1467: len= 12 黑胜 loss=26.2310 temp=1.00 total_env_steps=38272 t=0.15s
Ep 1468: len= 16 黑胜 loss=27.1436 temp=1.00 total_env_steps=38288 t=0.19s
Ep 1469: len= 13 黑胜 loss=27.6742 temp=1.00 total_env_steps=38301 t=0.16s
Ep 1470: len=  9 黑胜 loss=27.0254 temp=1.00 total_env_steps=38310 t=0.12s
Ep 1471: len= 11 黑胜 loss=27.1110 temp=1.00 total_env_steps=38321 t=0.15s
Ep 1472: len= 15 黑胜 loss=26.6676 temp=1.00 total_env_steps=38336 t=0.17s
Ep 1473: len= 15 黑胜 loss=27.1527 temp=1.00 total_env_steps=38351 t=0.19s
Ep 1474: len= 15 黑胜 loss=26.9686 temp=1.00 total_env_steps=38366 t=0.18s
Ep 1475: len= 19 黑胜 loss=26.8890 temp=1.00 total_env_steps=38385 t=0.25s
Ep 1476: len= 15 黑胜 loss=27.2369 temp=1.00 total_env_steps=38400 t=0.19s
Ep 1477: len= 15 黑胜 loss=26.8306 temp=1.00 total_env_steps=38415 t=0.19s
Ep 1478: len= 15 黑胜 loss=26.9570 temp=1.00 total_env_steps=38430 t=0.17s
Ep 1479: len= 16 白胜 loss=26.3660 temp=1.00 total_env_steps=38446 t=0.17s
Ep 1480: len= 17 黑胜 loss=26.3542 temp=1.00 total_env_steps=38463 t=0.20s
Ep 1481: len= 13 黑胜 loss=26.5926 temp=1.00 total_env_steps=38476 t=0.16s
Ep 1482: len= 15 黑胜 loss=26.7932 temp=1.00 total_env_steps=38491 t=0.18s
Ep 1483: len=  6 白胜 loss=26.6218 temp=1.00 total_env_steps=38497 t=0.09s
Ep 1484: len= 11 黑胜 loss=26.1710 temp=1.00 total_env_steps=38508 t=0.14s
Ep 1485: len= 13 黑胜 loss=26.1603 temp=1.00 total_env_steps=38521 t=0.15s
Ep 1486: len= 15 黑胜 loss=26.1907 temp=1.00 total_env_steps=38536 t=0.18s
Ep 1487: len= 15 黑胜 loss=26.6054 temp=1.00 total_env_steps=38551 t=0.18s
Ep 1488: len= 15 黑胜 loss=26.5193 temp=1.00 total_env_steps=38566 t=0.16s
Ep 1489: len= 15 黑胜 loss=26.7517 temp=1.00 total_env_steps=38581 t=0.18s
Ep 1490: len= 11 黑胜 loss=25.4191 temp=1.00 total_env_steps=38592 t=0.14s
Ep 1491: len= 15 黑胜 loss=26.7647 temp=1.00 total_env_steps=38607 t=0.16s
Ep 1492: len= 17 黑胜 loss=26.5152 temp=1.00 total_env_steps=38624 t=0.21s
Ep 1493: len= 20 黑胜 loss=26.4387 temp=1.00 total_env_steps=38644 t=0.24s
Ep 1494: len= 10 黑胜 loss=26.2239 temp=1.00 total_env_steps=38654 t=0.14s
Ep 1495: len=  2 黑胜 loss=26.8307 temp=1.00 total_env_steps=38656 t=0.05s
Ep 1496: len= 15 黑胜 loss=26.4777 temp=1.00 total_env_steps=38671 t=0.17s
Ep 1497: len= 16 白胜 loss=27.3211 temp=1.00 total_env_steps=38687 t=0.20s
Ep 1498: len= 13 黑胜 loss=26.3515 temp=1.00 total_env_steps=38700 t=0.16s
Ep 1499: len= 14 白胜 loss=26.1418 temp=1.00 total_env_steps=38714 t=0.18s
Ep 1500: len= 20 黑胜 loss=26.5277 temp=1.00 total_env_steps=38734 t=0.22s
Ep 1501: len= 13 黑胜 loss=26.3542 temp=1.00 total_env_steps=38747 t=0.15s
Ep 1502: len= 15 黑胜 loss=26.3573 temp=1.00 total_env_steps=38762 t=0.17s
Ep 1503: len= 15 黑胜 loss=26.6721 temp=1.00 total_env_steps=38777 t=0.18s
Ep 1504: len= 13 黑胜 loss=25.8615 temp=1.00 total_env_steps=38790 t=0.17s
Ep 1505: len= 15 黑胜 loss=26.4373 temp=1.00 total_env_steps=38805 t=0.19s
Ep 1506: len=  4 黑胜 loss=26.7363 temp=1.00 total_env_steps=38809 t=0.08s
Ep 1507: len= 13 黑胜 loss=27.0317 temp=1.00 total_env_steps=38822 t=0.15s
Ep 1508: len= 30 白胜 loss=25.5103 temp=1.00 total_env_steps=38852 t=0.32s
Ep 1509: len=  2 白胜 loss=26.9446 temp=1.00 total_env_steps=38854 t=0.05s
Ep 1510: len= 15 黑胜 loss=25.8804 temp=1.00 total_env_steps=38869 t=0.18s
Ep 1511: len= 13 黑胜 loss=26.2107 temp=1.00 total_env_steps=38882 t=0.17s
Ep 1512: len= 12 白胜 loss=25.7382 temp=1.00 total_env_steps=38894 t=0.15s
Ep 1513: len= 10 白胜 loss=26.5972 temp=1.00 total_env_steps=38904 t=0.14s
Ep 1514: len= 13 黑胜 loss=25.9149 temp=1.00 total_env_steps=38917 t=0.17s
Ep 1515: len= 11 黑胜 loss=26.2467 temp=1.00 total_env_steps=38928 t=0.14s
Ep 1516: len= 13 黑胜 loss=26.1232 temp=1.00 total_env_steps=38941 t=0.17s
Ep 1517: len= 13 黑胜 loss=25.5874 temp=1.00 total_env_steps=38954 t=0.16s
Ep 1518: len= 11 黑胜 loss=26.6604 temp=1.00 total_env_steps=38965 t=0.14s
Ep 1519: len= 15 黑胜 loss=26.8790 temp=1.00 total_env_steps=38980 t=0.18s
Ep 1520: len=  2 白胜 loss=26.0942 temp=1.00 total_env_steps=38982 t=0.06s
Ep 1521: len= 13 黑胜 loss=26.0030 temp=1.00 total_env_steps=38995 t=0.16s
Ep 1522: len= 10 白胜 loss=26.2372 temp=1.00 total_env_steps=39005 t=0.13s
Ep 1523: len= 11 黑胜 loss=26.1231 temp=1.00 total_env_steps=39016 t=0.14s
Ep 1524: len= 15 黑胜 loss=25.9634 temp=1.00 total_env_steps=39031 t=0.18s
Ep 1525: len= 23 黑胜 loss=25.4217 temp=1.00 total_env_steps=39054 t=0.26s
Ep 1526: len= 13 黑胜 loss=25.9607 temp=1.00 total_env_steps=39067 t=0.16s
Ep 1527: len= 27 黑胜 loss=25.8110 temp=1.00 total_env_steps=39094 t=0.29s
Ep 1528: len= 22 白胜 loss=26.3543 temp=1.00 total_env_steps=39116 t=0.24s
Ep 1529: len= 17 黑胜 loss=25.0793 temp=1.00 total_env_steps=39133 t=0.19s
Ep 1530: len= 13 黑胜 loss=25.6694 temp=1.00 total_env_steps=39146 t=0.16s
Ep 1531: len= 13 黑胜 loss=25.9089 temp=1.00 total_env_steps=39159 t=0.16s
Ep 1532: len= 14 黑胜 loss=25.8215 temp=1.00 total_env_steps=39173 t=0.17s
Ep 1533: len= 15 黑胜 loss=25.8067 temp=1.00 total_env_steps=39188 t=0.17s
Ep 1534: len= 35 黑胜 loss=25.9297 temp=1.00 total_env_steps=39223 t=0.38s
Ep 1535: len= 23 黑胜 loss=25.9930 temp=1.00 total_env_steps=39246 t=0.25s
Ep 1536: len= 11 黑胜 loss=25.7677 temp=1.00 total_env_steps=39257 t=0.14s
Ep 1537: len= 11 黑胜 loss=25.8880 temp=1.00 total_env_steps=39268 t=0.15s
Ep 1538: len= 13 黑胜 loss=25.6303 temp=1.00 total_env_steps=39281 t=0.15s
Ep 1539: len= 15 黑胜 loss=25.3377 temp=1.00 total_env_steps=39296 t=0.18s
Ep 1540: len= 15 黑胜 loss=25.3318 temp=1.00 total_env_steps=39311 t=0.19s
Ep 1541: len=  9 黑胜 loss=25.3022 temp=1.00 total_env_steps=39320 t=0.12s
Ep 1542: len=  4 黑胜 loss=25.3981 temp=1.00 total_env_steps=39324 t=0.07s
Ep 1543: len= 15 黑胜 loss=25.2204 temp=1.00 total_env_steps=39339 t=0.16s
Ep 1544: len=  2 黑胜 loss=26.2239 temp=1.00 total_env_steps=39341 t=0.05s
Ep 1545: len= 14 白胜 loss=25.6472 temp=1.00 total_env_steps=39355 t=0.15s
Ep 1546: len= 27 黑胜 loss=25.5055 temp=1.00 total_env_steps=39382 t=0.31s
Ep 1547: len= 13 黑胜 loss=25.5844 temp=1.00 total_env_steps=39395 t=0.16s
Ep 1548: len= 13 黑胜 loss=26.0556 temp=1.00 total_env_steps=39408 t=0.16s
Ep 1549: len=  2 黑胜 loss=25.6322 temp=1.00 total_env_steps=39410 t=0.06s
Ep 1550: len= 11 黑胜 loss=26.2549 temp=1.00 total_env_steps=39421 t=0.15s
Ep 1551: len=  9 黑胜 loss=25.7513 temp=1.00 total_env_steps=39430 t=0.13s
Ep 1552: len= 15 黑胜 loss=25.6520 temp=1.00 total_env_steps=39445 t=0.17s
Ep 1553: len= 15 黑胜 loss=25.9618 temp=1.00 total_env_steps=39460 t=0.19s
Ep 1554: len= 11 黑胜 loss=25.5603 temp=1.00 total_env_steps=39471 t=0.15s
Ep 1555: len=  9 黑胜 loss=26.0559 temp=1.00 total_env_steps=39480 t=0.12s
Ep 1556: len= 17 黑胜 loss=25.3633 temp=1.00 total_env_steps=39497 t=0.21s
Ep 1557: len= 12 白胜 loss=25.1184 temp=1.00 total_env_steps=39509 t=0.17s
Ep 1558: len= 14 黑胜 loss=25.8220 temp=1.00 total_env_steps=39523 t=0.18s
Ep 1559: len=  9 黑胜 loss=25.2837 temp=1.00 total_env_steps=39532 t=0.14s
Ep 1560: len= 16 黑胜 loss=26.2412 temp=1.00 total_env_steps=39548 t=0.18s
Ep 1561: len= 20 白胜 loss=24.7237 temp=1.00 total_env_steps=39568 t=0.22s
Ep 1562: len= 11 黑胜 loss=25.6799 temp=1.00 total_env_steps=39579 t=0.14s
Ep 1563: len= 13 黑胜 loss=25.1491 temp=1.00 total_env_steps=39592 t=0.18s
Ep 1564: len=  9 黑胜 loss=26.1066 temp=1.00 total_env_steps=39601 t=0.12s
Ep 1565: len=  9 黑胜 loss=25.2344 temp=1.00 total_env_steps=39610 t=0.14s
Ep 1566: len= 22 白胜 loss=25.5093 temp=1.00 total_env_steps=39632 t=0.25s
Ep 1567: len= 13 黑胜 loss=25.7760 temp=1.00 total_env_steps=39645 t=0.17s
Ep 1568: len=  9 黑胜 loss=25.6360 temp=1.00 total_env_steps=39654 t=0.14s
Ep 1569: len= 17 黑胜 loss=25.5558 temp=1.00 total_env_steps=39671 t=0.20s
Ep 1570: len=  4 黑胜 loss=25.6951 temp=1.00 total_env_steps=39675 t=0.07s
Ep 1571: len=  4 黑胜 loss=25.8048 temp=1.00 total_env_steps=39679 t=0.07s
Ep 1572: len= 15 黑胜 loss=24.5422 temp=1.00 total_env_steps=39694 t=0.19s
Ep 1573: len= 12 白胜 loss=24.5972 temp=1.00 total_env_steps=39706 t=0.16s
Ep 1574: len= 24 黑胜 loss=25.1127 temp=1.00 total_env_steps=39730 t=0.26s
Ep 1575: len=  9 黑胜 loss=24.5019 temp=1.00 total_env_steps=39739 t=0.13s
Ep 1576: len= 10 白胜 loss=25.4204 temp=1.00 total_env_steps=39749 t=0.13s
Ep 1577: len=  9 黑胜 loss=25.5751 temp=1.00 total_env_steps=39758 t=0.13s
Ep 1578: len= 15 黑胜 loss=24.9056 temp=1.00 total_env_steps=39773 t=0.20s
Ep 1579: len=  2 黑胜 loss=24.5991 temp=1.00 total_env_steps=39775 t=0.05s
Ep 1580: len= 11 黑胜 loss=25.0905 temp=1.00 total_env_steps=39786 t=0.15s
Ep 1581: len= 14 白胜 loss=25.4035 temp=1.00 total_env_steps=39800 t=0.16s
Ep 1582: len=  4 黑胜 loss=25.4866 temp=1.00 total_env_steps=39804 t=0.07s
Ep 1583: len=  5 黑胜 loss=24.8399 temp=1.00 total_env_steps=39809 t=0.08s
Ep 1584: len= 13 黑胜 loss=25.2030 temp=1.00 total_env_steps=39822 t=0.17s
Ep 1585: len= 17 黑胜 loss=24.7180 temp=1.00 total_env_steps=39839 t=0.20s
Ep 1586: len= 15 黑胜 loss=24.1939 temp=1.00 total_env_steps=39854 t=0.19s
Ep 1587: len= 13 黑胜 loss=24.9415 temp=1.00 total_env_steps=39867 t=0.17s
Ep 1588: len= 15 黑胜 loss=25.2003 temp=1.00 total_env_steps=39882 t=0.18s
Ep 1589: len=  9 黑胜 loss=25.2049 temp=1.00 total_env_steps=39891 t=0.13s
Ep 1590: len= 13 黑胜 loss=25.3474 temp=1.00 total_env_steps=39904 t=0.17s
Ep 1591: len= 13 黑胜 loss=25.1843 temp=1.00 total_env_steps=39917 t=0.16s
Ep 1592: len= 15 黑胜 loss=25.2560 temp=1.00 total_env_steps=39932 t=0.16s
Ep 1593: len= 13 黑胜 loss=24.2264 temp=1.00 total_env_steps=39945 t=0.16s
Ep 1594: len=  6 黑胜 loss=25.4864 temp=1.00 total_env_steps=39951 t=0.09s
Ep 1595: len= 15 黑胜 loss=24.4271 temp=1.00 total_env_steps=39966 t=0.16s
Ep 1596: len= 15 黑胜 loss=24.8542 temp=1.00 total_env_steps=39981 t=0.18s
Ep 1597: len= 13 黑胜 loss=25.8817 temp=1.00 total_env_steps=39994 t=0.16s
Ep 1598: len= 11 黑胜 loss=24.4089 temp=1.00 total_env_steps=40005 t=0.15s
Ep 1599: len= 15 黑胜 loss=24.6059 temp=1.00 total_env_steps=40020 t=0.19s
Ep 1600: len=  8 白胜 loss=24.6051 temp=1.00 total_env_steps=40028 t=0.09s
  eval vs Gomoku-random-v0: win_rate=1.00 mean_return=1.00（20 局，total_env_steps=40028）
Ep 1601: len=  2 白胜 loss=24.6679 temp=1.00 total_env_steps=40030 t=0.05s
Ep 1602: len= 17 黑胜 loss=24.7729 temp=1.00 total_env_steps=40047 t=0.20s
Ep 1603: len= 15 黑胜 loss=24.5010 temp=1.00 total_env_steps=40062 t=0.17s
Ep 1604: len= 10 白胜 loss=24.2603 temp=1.00 total_env_steps=40072 t=0.13s
Ep 1605: len= 13 黑胜 loss=25.0257 temp=1.00 total_env_steps=40085 t=0.17s
Ep 1606: len= 15 黑胜 loss=25.4402 temp=1.00 total_env_steps=40100 t=0.17s
Ep 1607: len=  8 黑胜 loss=25.0699 temp=1.00 total_env_steps=40108 t=0.10s
Ep 1608: len= 14 白胜 loss=25.3736 temp=1.00 total_env_steps=40122 t=0.16s
Ep 1609: len= 11 黑胜 loss=25.1268 temp=1.00 total_env_steps=40133 t=0.15s
Ep 1610: len=  2 黑胜 loss=25.1014 temp=1.00 total_env_steps=40135 t=0.05s
Ep 1611: len=  2 白胜 loss=24.5116 temp=1.00 total_env_steps=40137 t=0.06s
Ep 1612: len= 15 黑胜 loss=24.7275 temp=1.00 total_env_steps=40152 t=0.17s
Ep 1613: len= 11 黑胜 loss=24.4885 temp=1.00 total_env_steps=40163 t=0.14s
Ep 1614: len= 13 黑胜 loss=25.0676 temp=1.00 total_env_steps=40176 t=0.17s
Ep 1615: len= 15 黑胜 loss=25.1252 temp=1.00 total_env_steps=40191 t=0.17s
Ep 1616: len= 11 黑胜 loss=25.0350 temp=1.00 total_env_steps=40202 t=0.15s
Ep 1617: len=  4 黑胜 loss=25.2127 temp=1.00 total_env_steps=40206 t=0.07s
Ep 1618: len= 11 黑胜 loss=24.7807 temp=1.00 total_env_steps=40217 t=0.14s
Ep 1619: len= 15 黑胜 loss=24.6735 temp=1.00 total_env_steps=40232 t=0.19s
Ep 1620: len=  6 黑胜 loss=24.6019 temp=1.00 total_env_steps=40238 t=0.08s
Ep 1621: len= 13 黑胜 loss=24.1762 temp=1.00 total_env_steps=40251 t=0.17s
Ep 1622: len= 15 黑胜 loss=24.0308 temp=1.00 total_env_steps=40266 t=0.18s
Ep 1623: len= 15 黑胜 loss=25.0066 temp=1.00 total_env_steps=40281 t=0.18s
Ep 1624: len= 11 黑胜 loss=24.4672 temp=1.00 total_env_steps=40292 t=0.15s
Ep 1625: len= 15 黑胜 loss=23.5650 temp=1.00 total_env_steps=40307 t=0.17s
Ep 1626: len= 15 黑胜 loss=24.3745 temp=1.00 total_env_steps=40322 t=0.17s
Ep 1627: len= 10 黑胜 loss=24.7509 temp=1.00 total_env_steps=40332 t=0.13s
Ep 1628: len= 11 黑胜 loss=24.1408 temp=1.00 total_env_steps=40343 t=0.14s
Ep 1629: len=  2 白胜 loss=24.1712 temp=1.00 total_env_steps=40345 t=0.05s
Ep 1630: len= 13 黑胜 loss=24.1440 temp=1.00 total_env_steps=40358 t=0.17s
Ep 1631: len= 11 黑胜 loss=24.3223 temp=1.00 total_env_steps=40369 t=0.15s
Ep 1632: len= 15 黑胜 loss=24.6630 temp=1.00 total_env_steps=40384 t=0.18s
Ep 1633: len= 13 黑胜 loss=24.1486 temp=1.00 total_env_steps=40397 t=0.17s
Ep 1634: len= 12 白胜 loss=24.4089 temp=1.00 total_env_steps=40409 t=0.15s
Ep 1635: len= 15 黑胜 loss=24.3320 temp=1.00 total_env_steps=40424 t=0.17s
Ep 1636: len= 15 黑胜 loss=24.6022 temp=1.00 total_env_steps=40439 t=0.17s
Ep 1637: len= 13 黑胜 loss=23.6604 temp=1.00 total_env_steps=40452 t=0.16s
Ep 1638: len= 15 黑胜 loss=24.5782 temp=1.00 total_env_steps=40467 t=0.17s
Ep 1639: len= 13 黑胜 loss=23.8879 temp=1.00 total_env_steps=40480 t=0.15s
Ep 1640: len= 13 黑胜 loss=24.5696 temp=1.00 total_env_steps=40493 t=0.18s
Ep 1641: len= 12 黑胜 loss=24.0876 temp=1.00 total_env_steps=40505 t=0.15s
Ep 1642: len= 25 黑胜 loss=24.4867 temp=1.00 total_env_steps=40530 t=0.28s
Ep 1643: len= 15 黑胜 loss=23.9655 temp=1.00 total_env_steps=40545 t=0.17s
Ep 1644: len= 15 黑胜 loss=23.4427 temp=1.00 total_env_steps=40560 t=0.17s
Ep 1645: len= 13 黑胜 loss=25.2938 temp=1.00 total_env_steps=40573 t=0.16s
Ep 1646: len= 24 白胜 loss=24.5435 temp=1.00 total_env_steps=40597 t=0.27s
Ep 1647: len= 15 黑胜 loss=24.3406 temp=1.00 total_env_steps=40612 t=0.18s
Ep 1648: len= 15 黑胜 loss=23.9606 temp=1.00 total_env_steps=40627 t=0.16s
Ep 1649: len= 17 黑胜 loss=24.7439 temp=1.00 total_env_steps=40644 t=0.19s
Ep 1650: len= 13 黑胜 loss=23.9717 temp=1.00 total_env_steps=40657 t=0.16s
Ep 1651: len= 23 白胜 loss=23.8272 temp=1.00 total_env_steps=40680 t=0.24s
Ep 1652: len= 15 黑胜 loss=23.7559 temp=1.00 total_env_steps=40695 t=0.17s
Ep 1653: len=  9 黑胜 loss=23.6264 temp=1.00 total_env_steps=40704 t=0.13s
Ep 1654: len= 11 黑胜 loss=25.0510 temp=1.00 total_env_steps=40715 t=0.14s
Ep 1655: len= 23 黑胜 loss=23.7970 temp=1.00 total_env_steps=40738 t=0.27s
Ep 1656: len= 15 白胜 loss=23.8939 temp=1.00 total_env_steps=40753 t=0.17s
Ep 1657: len= 11 黑胜 loss=25.4603 temp=1.00 total_env_steps=40764 t=0.15s
Ep 1658: len=  9 黑胜 loss=24.2474 temp=1.00 total_env_steps=40773 t=0.12s
Ep 1659: len=  2 白胜 loss=24.3047 temp=1.00 total_env_steps=40775 t=0.05s
Ep 1660: len= 15 黑胜 loss=25.1737 temp=1.00 total_env_steps=40790 t=0.18s
Ep 1661: len=  2 白胜 loss=24.9863 temp=1.00 total_env_steps=40792 t=0.05s
Ep 1662: len= 26 白胜 loss=23.9059 temp=1.00 total_env_steps=40818 t=0.30s
Ep 1663: len= 15 黑胜 loss=23.8833 temp=1.00 total_env_steps=40833 t=0.18s
Ep 1664: len=  9 黑胜 loss=23.8415 temp=1.00 total_env_steps=40842 t=0.12s
Ep 1665: len= 11 黑胜 loss=23.7987 temp=1.00 total_env_steps=40853 t=0.14s
Ep 1666: len= 11 黑胜 loss=23.9618 temp=1.00 total_env_steps=40864 t=0.14s
Ep 1667: len= 12 黑胜 loss=24.0545 temp=1.00 total_env_steps=40876 t=0.15s
Ep 1668: len= 15 黑胜 loss=23.6918 temp=1.00 total_env_steps=40891 t=0.18s
Ep 1669: len= 25 黑胜 loss=24.4683 temp=1.00 total_env_steps=40916 t=0.28s
Ep 1670: len=  9 黑胜 loss=23.7296 temp=1.00 total_env_steps=40925 t=0.12s
Ep 1671: len= 18 黑胜 loss=23.5796 temp=1.00 total_env_steps=40943 t=0.20s
Ep 1672: len= 15 黑胜 loss=24.3997 temp=1.00 total_env_steps=40958 t=0.17s
Ep 1673: len= 11 黑胜 loss=23.8762 temp=1.00 total_env_steps=40969 t=0.15s
Ep 1674: len= 15 黑胜 loss=24.3472 temp=1.00 total_env_steps=40984 t=0.17s
Ep 1675: len= 13 黑胜 loss=24.6000 temp=1.00 total_env_steps=40997 t=0.16s
Ep 1676: len= 13 黑胜 loss=23.7451 temp=1.00 total_env_steps=41010 t=0.16s
Ep 1677: len= 15 黑胜 loss=22.9829 temp=1.00 total_env_steps=41025 t=0.17s
Ep 1678: len= 11 黑胜 loss=24.4636 temp=1.00 total_env_steps=41036 t=0.14s
Ep 1679: len= 13 黑胜 loss=23.8844 temp=1.00 total_env_steps=41049 t=0.17s
Ep 1680: len= 21 黑胜 loss=23.8802 temp=1.00 total_env_steps=41070 t=0.23s
Ep 1681: len= 13 黑胜 loss=24.0205 temp=1.00 total_env_steps=41083 t=0.16s
Ep 1682: len= 15 黑胜 loss=24.3665 temp=1.00 total_env_steps=41098 t=0.18s
Ep 1683: len=  2 白胜 loss=24.0263 temp=1.00 total_env_steps=41100 t=0.05s
Ep 1684: len=  4 黑胜 loss=23.6943 temp=1.00 total_env_steps=41104 t=0.07s
Ep 1685: len= 15 黑胜 loss=23.7693 temp=1.00 total_env_steps=41119 t=0.18s
Ep 1686: len= 15 黑胜 loss=24.0377 temp=1.00 total_env_steps=41134 t=0.17s
Ep 1687: len= 15 黑胜 loss=24.1803 temp=1.00 total_env_steps=41149 t=0.17s
Ep 1688: len= 13 黑胜 loss=23.9571 temp=1.00 total_env_steps=41162 t=0.16s
Ep 1689: len=  9 黑胜 loss=23.6382 temp=1.00 total_env_steps=41171 t=0.12s
Ep 1690: len= 16 黑胜 loss=23.9595 temp=1.00 total_env_steps=41187 t=0.20s
Ep 1691: len= 13 黑胜 loss=23.8887 temp=1.00 total_env_steps=41200 t=0.17s
Ep 1692: len=  4 黑胜 loss=24.6289 temp=1.00 total_env_steps=41204 t=0.07s
Ep 1693: len=  9 黑胜 loss=23.4016 temp=1.00 total_env_steps=41213 t=0.13s
Ep 1694: len=  4 白胜 loss=23.6689 temp=1.00 total_env_steps=41217 t=0.07s
Ep 1695: len= 11 黑胜 loss=24.0333 temp=1.00 total_env_steps=41228 t=0.16s
Ep 1696: len= 14 黑胜 loss=24.2783 temp=1.00 total_env_steps=41242 t=0.17s
Ep 1697: len= 10 黑胜 loss=24.2298 temp=1.00 total_env_steps=41252 t=0.15s
Ep 1698: len= 17 黑胜 loss=23.8768 temp=1.00 total_env_steps=41269 t=0.19s
Ep 1699: len= 15 黑胜 loss=24.2634 temp=1.00 total_env_steps=41284 t=0.17s
Ep 1700: len= 14 白胜 loss=24.5291 temp=1.00 total_env_steps=41298 t=0.17s
Ep 1701: len= 15 黑胜 loss=23.4443 temp=1.00 total_env_steps=41313 t=0.17s
Ep 1702: len= 13 黑胜 loss=23.9431 temp=1.00 total_env_steps=41326 t=0.16s
Ep 1703: len= 19 黑胜 loss=23.9686 temp=1.00 total_env_steps=41345 t=0.23s
Ep 1704: len= 13 黑胜 loss=23.1464 temp=1.00 total_env_steps=41358 t=0.17s
Ep 1705: len=  9 黑胜 loss=23.7238 temp=1.00 total_env_steps=41367 t=0.13s
Ep 1706: len= 15 黑胜 loss=24.2942 temp=1.00 total_env_steps=41382 t=0.18s
Ep 1707: len= 15 黑胜 loss=23.5973 temp=1.00 total_env_steps=41397 t=0.18s
Ep 1708: len=  8 黑胜 loss=23.6603 temp=1.00 total_env_steps=41405 t=0.11s
Ep 1709: len=  2 黑胜 loss=23.2204 temp=1.00 total_env_steps=41407 t=0.06s
Ep 1710: len= 11 黑胜 loss=23.0588 temp=1.00 total_env_steps=41418 t=0.14s
Ep 1711: len= 13 黑胜 loss=24.0966 temp=1.00 total_env_steps=41431 t=0.16s
Ep 1712: len= 17 黑胜 loss=24.7699 temp=1.00 total_env_steps=41448 t=0.19s
Ep 1713: len= 13 黑胜 loss=24.1940 temp=1.00 total_env_steps=41461 t=0.18s
Ep 1714: len=  2 白胜 loss=23.4384 temp=1.00 total_env_steps=41463 t=0.06s
Ep 1715: len= 10 黑胜 loss=23.4293 temp=1.00 total_env_steps=41473 t=0.12s
Ep 1716: len= 13 黑胜 loss=24.3725 temp=1.00 total_env_steps=41486 t=0.16s
Ep 1717: len= 11 黑胜 loss=24.1670 temp=1.00 total_env_steps=41497 t=0.15s
Ep 1718: len= 11 黑胜 loss=23.9497 temp=1.00 total_env_steps=41508 t=0.15s
Ep 1719: len= 15 黑胜 loss=23.8390 temp=1.00 total_env_steps=41523 t=0.18s
Ep 1720: len= 37 黑胜 loss=24.0921 temp=1.00 total_env_steps=41560 t=0.42s
Ep 1721: len= 13 黑胜 loss=24.2160 temp=1.00 total_env_steps=41573 t=0.16s
Ep 1722: len= 13 黑胜 loss=24.0538 temp=1.00 total_env_steps=41586 t=0.17s
Ep 1723: len= 15 黑胜 loss=24.0407 temp=1.00 total_env_steps=41601 t=0.18s
Ep 1724: len= 11 黑胜 loss=23.7259 temp=1.00 total_env_steps=41612 t=0.15s
Ep 1725: len= 11 黑胜 loss=23.8849 temp=1.00 total_env_steps=41623 t=0.15s
Ep 1726: len= 13 黑胜 loss=23.7442 temp=1.00 total_env_steps=41636 t=0.16s
Ep 1727: len= 17 黑胜 loss=23.8679 temp=1.00 total_env_steps=41653 t=0.19s
Ep 1728: len= 13 黑胜 loss=23.2748 temp=1.00 total_env_steps=41666 t=0.16s
Ep 1729: len= 10 黑胜 loss=23.5792 temp=1.00 total_env_steps=41676 t=0.12s
Ep 1730: len= 13 黑胜 loss=23.6580 temp=1.00 total_env_steps=41689 t=0.17s
Ep 1731: len= 15 黑胜 loss=24.4012 temp=1.00 total_env_steps=41704 t=0.16s
Ep 1732: len=  9 黑胜 loss=23.9639 temp=1.00 total_env_steps=41713 t=0.12s
Ep 1733: len=  8 白胜 loss=23.5079 temp=1.00 total_env_steps=41721 t=0.12s
Ep 1734: len= 16 黑胜 loss=23.8901 temp=1.00 total_env_steps=41737 t=0.21s
Ep 1735: len= 13 黑胜 loss=23.6539 temp=1.00 total_env_steps=41750 t=0.17s
Ep 1736: len= 13 黑胜 loss=23.5528 temp=1.00 total_env_steps=41763 t=0.16s
Ep 1737: len= 15 黑胜 loss=23.7863 temp=1.00 total_env_steps=41778 t=0.17s
Ep 1738: len= 24 白胜 loss=23.7453 temp=1.00 total_env_steps=41802 t=0.26s
Ep 1739: len= 13 黑胜 loss=24.3065 temp=1.00 total_env_steps=41815 t=0.16s
Ep 1740: len= 12 白胜 loss=24.0746 temp=1.00 total_env_steps=41827 t=0.15s
Ep 1741: len= 13 黑胜 loss=23.5197 temp=1.00 total_env_steps=41840 t=0.17s
Ep 1742: len= 14 黑胜 loss=23.9391 temp=1.00 total_env_steps=41854 t=0.17s
Ep 1743: len=  6 黑胜 loss=24.2607 temp=1.00 total_env_steps=41860 t=0.08s
Ep 1744: len=  9 黑胜 loss=23.7409 temp=1.00 total_env_steps=41869 t=0.13s
Ep 1745: len= 34 白胜 loss=23.9294 temp=1.00 total_env_steps=41903 t=0.37s
Ep 1746: len= 41 黑胜 loss=23.2160 temp=1.00 total_env_steps=41944 t=0.43s
Ep 1747: len=  2 白胜 loss=24.0054 temp=1.00 total_env_steps=41946 t=0.05s
Ep 1748: len= 15 黑胜 loss=23.4119 temp=1.00 total_env_steps=41961 t=0.18s
Ep 1749: len= 11 黑胜 loss=23.8847 temp=1.00 total_env_steps=41972 t=0.14s
Ep 1750: len= 26 白胜 loss=23.2618 temp=1.00 total_env_steps=41998 t=0.29s
Ep 1751: len= 11 黑胜 loss=24.0301 temp=1.00 total_env_steps=42009 t=0.14s
Ep 1752: len= 11 黑胜 loss=23.6932 temp=1.00 total_env_steps=42020 t=0.14s
Ep 1753: len=  2 黑胜 loss=24.2539 temp=1.00 total_env_steps=42022 t=0.05s
Ep 1754: len= 13 黑胜 loss=23.6139 temp=1.00 total_env_steps=42035 t=0.16s
Ep 1755: len=  6 白胜 loss=24.0133 temp=1.00 total_env_steps=42041 t=0.09s
Ep 1756: len= 15 黑胜 loss=24.4130 temp=1.00 total_env_steps=42056 t=0.17s
Ep 1757: len= 41 黑胜 loss=23.7727 temp=1.00 total_env_steps=42097 t=0.44s
Ep 1758: len= 13 黑胜 loss=23.4892 temp=1.00 total_env_steps=42110 t=0.16s
Ep 1759: len=  2 黑胜 loss=23.7020 temp=1.00 total_env_steps=42112 t=0.05s
Ep 1760: len= 11 黑胜 loss=24.3619 temp=1.00 total_env_steps=42123 t=0.14s
Ep 1761: len=  9 黑胜 loss=23.2609 temp=1.00 total_env_steps=42132 t=0.12s
Ep 1762: len= 11 黑胜 loss=24.1601 temp=1.00 total_env_steps=42143 t=0.14s
Ep 1763: len= 15 黑胜 loss=23.5131 temp=1.00 total_env_steps=42158 t=0.18s
Ep 1764: len=  2 黑胜 loss=23.5003 temp=1.00 total_env_steps=42160 t=0.05s
Ep 1765: len=  2 黑胜 loss=24.0711 temp=1.00 total_env_steps=42162 t=0.05s
Ep 1766: len=  2 白胜 loss=23.5432 temp=1.00 total_env_steps=42164 t=0.05s
Ep 1767: len=  3 黑胜 loss=24.3991 temp=1.00 total_env_steps=42167 t=0.06s
Ep 1768: len=  9 黑胜 loss=24.1264 temp=1.00 total_env_steps=42176 t=0.12s
Ep 1769: len= 15 黑胜 loss=24.4422 temp=1.00 total_env_steps=42191 t=0.19s
Ep 1770: len= 13 黑胜 loss=23.8904 temp=1.00 total_env_steps=42204 t=0.16s
Ep 1771: len= 15 黑胜 loss=24.2272 temp=1.00 total_env_steps=42219 t=0.16s
Ep 1772: len= 27 黑胜 loss=24.6403 temp=1.00 total_env_steps=42246 t=0.31s
Ep 1773: len= 27 黑胜 loss=23.6268 temp=1.00 total_env_steps=42273 t=0.30s
Ep 1774: len= 25 黑胜 loss=23.9160 temp=1.00 total_env_steps=42298 t=0.27s
Ep 1775: len= 15 黑胜 loss=23.6969 temp=1.00 total_env_steps=42313 t=0.18s
Ep 1776: len= 11 黑胜 loss=24.4231 temp=1.00 total_env_steps=42324 t=0.15s
Ep 1777: len=  9 黑胜 loss=23.1183 temp=1.00 total_env_steps=42333 t=0.13s
Ep 1778: len= 14 白胜 loss=24.1066 temp=1.00 total_env_steps=42347 t=0.17s
Ep 1779: len= 15 黑胜 loss=23.7974 temp=1.00 total_env_steps=42362 t=0.17s
Ep 1780: len= 16 白胜 loss=23.9276 temp=1.00 total_env_steps=42378 t=0.19s
Ep 1781: len= 15 黑胜 loss=23.6893 temp=1.00 total_env_steps=42393 t=0.20s
Ep 1782: len= 11 黑胜 loss=24.3275 temp=1.00 total_env_steps=42404 t=0.14s
Ep 1783: len= 11 黑胜 loss=23.5276 temp=1.00 total_env_steps=42415 t=0.15s
Ep 1784: len= 15 黑胜 loss=24.2525 temp=1.00 total_env_steps=42430 t=0.18s
Ep 1785: len=  8 黑胜 loss=23.8544 temp=1.00 total_env_steps=42438 t=0.12s
Ep 1786: len= 11 黑胜 loss=23.6869 temp=1.00 total_env_steps=42449 t=0.15s
Ep 1787: len= 15 黑胜 loss=22.9428 temp=1.00 total_env_steps=42464 t=0.17s
Ep 1788: len= 11 黑胜 loss=23.9975 temp=1.00 total_env_steps=42475 t=0.14s
Ep 1789: len= 11 黑胜 loss=24.3409 temp=1.00 total_env_steps=42486 t=0.15s
Ep 1790: len= 15 黑胜 loss=23.8606 temp=1.00 total_env_steps=42501 t=0.19s
Ep 1791: len= 13 黑胜 loss=24.6162 temp=1.00 total_env_steps=42514 t=0.16s
Ep 1792: len= 13 黑胜 loss=23.1889 temp=1.00 total_env_steps=42527 t=0.16s
Ep 1793: len= 11 黑胜 loss=24.0011 temp=1.00 total_env_steps=42538 t=0.14s
Ep 1794: len= 18 黑胜 loss=23.0072 temp=1.00 total_env_steps=42556 t=0.19s
Ep 1795: len= 13 黑胜 loss=23.8933 temp=1.00 total_env_steps=42569 t=0.17s
Ep 1796: len= 15 黑胜 loss=24.0127 temp=1.00 total_env_steps=42584 t=0.16s
Ep 1797: len= 13 黑胜 loss=23.3237 temp=1.00 total_env_steps=42597 t=0.17s
Ep 1798: len=  4 黑胜 loss=24.6649 temp=1.00 total_env_steps=42601 t=0.08s
Ep 1799: len= 13 黑胜 loss=24.1640 temp=1.00 total_env_steps=42614 t=0.16s
Ep 1800: len= 13 黑胜 loss=24.0708 temp=1.00 total_env_steps=42627 t=0.16s
  eval vs Gomoku-random-v0: win_rate=1.00 mean_return=1.00（20 局，total_env_steps=42627）
Ep 1801: len= 15 黑胜 loss=23.5932 temp=1.00 total_env_steps=42642 t=0.17s
Ep 1802: len= 15 黑胜 loss=23.7290 temp=1.00 total_env_steps=42657 t=0.17s
Ep 1803: len= 13 黑胜 loss=23.7753 temp=1.00 total_env_steps=42670 t=0.18s
Ep 1804: len=  9 黑胜 loss=24.1232 temp=1.00 total_env_steps=42679 t=0.12s
Ep 1805: len=  9 黑胜 loss=24.3436 temp=1.00 total_env_steps=42688 t=0.13s
Ep 1806: len= 21 黑胜 loss=23.5996 temp=1.00 total_env_steps=42709 t=0.26s
Ep 1807: len= 11 黑胜 loss=24.1379 temp=1.00 total_env_steps=42720 t=0.16s
Ep 1808: len= 11 黑胜 loss=23.8252 temp=1.00 total_env_steps=42731 t=0.14s
Ep 1809: len=  9 黑胜 loss=24.3484 temp=1.00 total_env_steps=42740 t=0.12s
Ep 1810: len= 13 黑胜 loss=23.6234 temp=1.00 total_env_steps=42753 t=0.16s
Ep 1811: len= 30 白胜 loss=24.3498 temp=1.00 total_env_steps=42783 t=0.31s
Ep 1812: len= 16 黑胜 loss=24.3289 temp=1.00 total_env_steps=42799 t=0.18s
Ep 1813: len= 19 黑胜 loss=23.4942 temp=1.00 total_env_steps=42818 t=0.22s
Ep 1814: len=  4 黑胜 loss=24.1009 temp=1.00 total_env_steps=42822 t=0.08s
Ep 1815: len=  9 黑胜 loss=24.1829 temp=1.00 total_env_steps=42831 t=0.13s
Ep 1816: len= 11 黑胜 loss=23.7815 temp=1.00 total_env_steps=42842 t=0.14s
Ep 1817: len= 15 黑胜 loss=24.1966 temp=1.00 total_env_steps=42857 t=0.18s
Ep 1818: len= 22 白胜 loss=23.8437 temp=1.00 total_env_steps=42879 t=0.25s
Ep 1819: len=  4 白胜 loss=23.4417 temp=1.00 total_env_steps=42883 t=0.07s
Ep 1820: len= 15 黑胜 loss=23.3380 temp=1.00 total_env_steps=42898 t=0.17s
Ep 1821: len= 13 黑胜 loss=23.9743 temp=1.00 total_env_steps=42911 t=0.17s
Ep 1822: len= 11 黑胜 loss=23.9777 temp=1.00 total_env_steps=42922 t=0.14s
Ep 1823: len= 15 黑胜 loss=23.9103 temp=1.00 total_env_steps=42937 t=0.18s
Ep 1824: len=  6 黑胜 loss=24.3596 temp=1.00 total_env_steps=42943 t=0.08s
Ep 1825: len= 15 黑胜 loss=23.7806 temp=1.00 total_env_steps=42958 t=0.20s
Ep 1826: len= 13 黑胜 loss=23.7211 temp=1.00 total_env_steps=42971 t=0.16s
Ep 1827: len= 16 白胜 loss=23.1832 temp=1.00 total_env_steps=42987 t=0.20s
Ep 1828: len= 13 黑胜 loss=24.0876 temp=1.00 total_env_steps=43000 t=0.17s
Ep 1829: len= 15 黑胜 loss=23.9091 temp=1.00 total_env_steps=43015 t=0.17s
Ep 1830: len= 31 黑胜 loss=23.7216 temp=1.00 total_env_steps=43046 t=0.34s
Ep 1831: len= 16 白胜 loss=23.8006 temp=1.00 total_env_steps=43062 t=0.19s
Ep 1832: len= 14 白胜 loss=23.8476 temp=1.00 total_env_steps=43076 t=0.17s
Ep 1833: len= 13 黑胜 loss=23.6241 temp=1.00 total_env_steps=43089 t=0.17s
Ep 1834: len= 12 白胜 loss=23.4626 temp=1.00 total_env_steps=43101 t=0.16s
Ep 1835: len= 15 黑胜 loss=23.6032 temp=1.00 total_env_steps=43116 t=0.18s
Ep 1836: len=  2 白胜 loss=23.7565 temp=1.00 total_env_steps=43118 t=0.05s
Ep 1837: len= 13 黑胜 loss=23.5916 temp=1.00 total_env_steps=43131 t=0.17s
Ep 1838: len= 15 黑胜 loss=23.8192 temp=1.00 total_env_steps=43146 t=0.17s
Ep 1839: len=  9 黑胜 loss=24.0210 temp=1.00 total_env_steps=43155 t=0.12s
Ep 1840: len= 15 黑胜 loss=23.8533 temp=1.00 total_env_steps=43170 t=0.17s
Ep 1841: len= 12 黑胜 loss=24.3899 temp=1.00 total_env_steps=43182 t=0.15s
Ep 1842: len= 27 黑胜 loss=23.7736 temp=1.00 total_env_steps=43209 t=0.29s
Ep 1843: len= 13 黑胜 loss=23.4226 temp=1.00 total_env_steps=43222 t=0.16s
Ep 1844: len= 20 白胜 loss=23.1135 temp=1.00 total_env_steps=43242 t=0.19s
Ep 1845: len= 15 黑胜 loss=24.0435 temp=1.00 total_env_steps=43257 t=0.18s
Ep 1846: len= 25 黑胜 loss=24.0040 temp=1.00 total_env_steps=43282 t=0.30s
Ep 1847: len= 13 黑胜 loss=23.4566 temp=1.00 total_env_steps=43295 t=0.16s
Ep 1848: len= 13 黑胜 loss=23.3618 temp=1.00 total_env_steps=43308 t=0.16s
Ep 1849: len= 13 黑胜 loss=23.8850 temp=1.00 total_env_steps=43321 t=0.16s
Ep 1850: len=  2 黑胜 loss=24.0170 temp=1.00 total_env_steps=43323 t=0.06s
Ep 1851: len=  9 黑胜 loss=23.7789 temp=1.00 total_env_steps=43332 t=0.13s
Ep 1852: len= 11 黑胜 loss=23.7311 temp=1.00 total_env_steps=43343 t=0.14s
Ep 1853: len= 10 黑胜 loss=23.9407 temp=1.00 total_env_steps=43353 t=0.13s
Ep 1854: len= 15 黑胜 loss=23.8468 temp=1.00 total_env_steps=43368 t=0.18s
Ep 1855: len= 15 黑胜 loss=23.9643 temp=1.00 total_env_steps=43383 t=0.17s
Ep 1856: len=  8 白胜 loss=23.7199 temp=1.00 total_env_steps=43391 t=0.11s
Ep 1857: len= 15 黑胜 loss=24.2705 temp=1.00 total_env_steps=43406 t=0.17s
Ep 1858: len= 12 白胜 loss=24.3723 temp=1.00 total_env_steps=43418 t=0.15s
Ep 1859: len= 13 黑胜 loss=24.8890 temp=1.00 total_env_steps=43431 t=0.15s
Ep 1860: len= 13 黑胜 loss=23.6567 temp=1.00 total_env_steps=43444 t=0.17s
Ep 1861: len= 11 黑胜 loss=23.9676 temp=1.00 total_env_steps=43455 t=0.14s
Ep 1862: len=  8 白胜 loss=23.4431 temp=1.00 total_env_steps=43463 t=0.12s
Ep 1863: len=  2 白胜 loss=23.4063 temp=1.00 total_env_steps=43465 t=0.06s
Ep 1864: len= 15 黑胜 loss=23.3529 temp=1.00 total_env_steps=43480 t=0.17s
Ep 1865: len= 13 黑胜 loss=23.0076 temp=1.00 total_env_steps=43493 t=0.16s
Ep 1866: len= 11 黑胜 loss=23.8273 temp=1.00 total_env_steps=43504 t=0.15s
Ep 1867: len= 45 黑胜 loss=24.1702 temp=1.00 total_env_steps=43549 t=0.48s
Ep 1868: len= 13 黑胜 loss=23.6972 temp=1.00 total_env_steps=43562 t=0.16s
Ep 1869: len= 15 黑胜 loss=24.3608 temp=1.00 total_env_steps=43577 t=0.18s
Ep 1870: len=  6 白胜 loss=24.5085 temp=1.00 total_env_steps=43583 t=0.09s
Ep 1871: len= 19 黑胜 loss=23.9474 temp=1.00 total_env_steps=43602 t=0.22s
Ep 1872: len= 15 黑胜 loss=24.4737 temp=1.00 total_env_steps=43617 t=0.18s
Ep 1873: len= 14 黑胜 loss=23.1747 temp=1.00 total_env_steps=43631 t=0.16s
Ep 1874: len= 11 黑胜 loss=23.6491 temp=1.00 total_env_steps=43642 t=0.14s
Ep 1875: len=  8 白胜 loss=24.1444 temp=1.00 total_env_steps=43650 t=0.12s
Ep 1876: len= 15 黑胜 loss=24.2237 temp=1.00 total_env_steps=43665 t=0.17s
Ep 1877: len= 15 黑胜 loss=23.5559 temp=1.00 total_env_steps=43680 t=0.19s
Ep 1878: len= 11 黑胜 loss=23.7697 temp=1.00 total_env_steps=43691 t=0.15s
Ep 1879: len= 15 黑胜 loss=23.1939 temp=1.00 total_env_steps=43706 t=0.17s
Ep 1880: len=  2 白胜 loss=23.7277 temp=1.00 total_env_steps=43708 t=0.05s
Ep 1881: len= 17 黑胜 loss=23.8235 temp=1.00 total_env_steps=43725 t=0.20s
Ep 1882: len= 14 白胜 loss=23.5416 temp=1.00 total_env_steps=43739 t=0.17s
Ep 1883: len= 15 黑胜 loss=23.5139 temp=1.00 total_env_steps=43754 t=0.18s
Ep 1884: len= 24 黑胜 loss=24.0105 temp=1.00 total_env_steps=43778 t=0.28s
Ep 1885: len= 14 白胜 loss=23.8848 temp=1.00 total_env_steps=43792 t=0.17s
Ep 1886: len=  2 白胜 loss=24.2145 temp=1.00 total_env_steps=43794 t=0.06s
Ep 1887: len=  8 黑胜 loss=24.5740 temp=1.00 total_env_steps=43802 t=0.10s
Ep 1888: len= 15 黑胜 loss=23.0676 temp=1.00 total_env_steps=43817 t=0.17s
Ep 1889: len= 15 黑胜 loss=23.6045 temp=1.00 total_env_steps=43832 t=0.17s
Ep 1890: len=  8 黑胜 loss=23.6225 temp=1.00 total_env_steps=43840 t=0.11s
Ep 1891: len= 11 黑胜 loss=24.1950 temp=1.00 total_env_steps=43851 t=0.14s
Ep 1892: len= 15 黑胜 loss=23.4220 temp=1.00 total_env_steps=43866 t=0.17s
Ep 1893: len= 11 黑胜 loss=24.2872 temp=1.00 total_env_steps=43877 t=0.15s
Ep 1894: len= 11 黑胜 loss=24.2363 temp=1.00 total_env_steps=43888 t=0.14s
Ep 1895: len= 15 黑胜 loss=24.0508 temp=1.00 total_env_steps=43903 t=0.17s
Ep 1896: len= 12 黑胜 loss=23.8787 temp=1.00 total_env_steps=43915 t=0.16s
Ep 1897: len= 15 黑胜 loss=22.9779 temp=1.00 total_env_steps=43930 t=0.18s
Ep 1898: len= 15 黑胜 loss=24.6685 temp=1.00 total_env_steps=43945 t=0.17s
Ep 1899: len= 22 白胜 loss=23.5272 temp=1.00 total_env_steps=43967 t=0.25s
Ep 1900: len= 28 白胜 loss=24.8714 temp=1.00 total_env_steps=43995 t=0.30s
Ep 1901: len= 15 黑胜 loss=23.5763 temp=1.00 total_env_steps=44010 t=0.17s
Ep 1902: len=  9 黑胜 loss=24.8080 temp=1.00 total_env_steps=44019 t=0.12s
Ep 1903: len= 17 黑胜 loss=24.1507 temp=1.00 total_env_steps=44036 t=0.21s
Ep 1904: len= 35 黑胜 loss=23.8437 temp=1.00 total_env_steps=44071 t=0.40s
Ep 1905: len=  9 黑胜 loss=24.1071 temp=1.00 total_env_steps=44080 t=0.12s
Ep 1906: len= 13 黑胜 loss=23.7513 temp=1.00 total_env_steps=44093 t=0.17s
Ep 1907: len= 15 黑胜 loss=23.7585 temp=1.00 total_env_steps=44108 t=0.18s
Ep 1908: len= 10 黑胜 loss=24.2393 temp=1.00 total_env_steps=44118 t=0.13s
Ep 1909: len= 15 黑胜 loss=24.0823 temp=1.00 total_env_steps=44133 t=0.18s
Ep 1910: len= 11 黑胜 loss=24.6842 temp=1.00 total_env_steps=44144 t=0.14s
Ep 1911: len= 15 黑胜 loss=24.2943 temp=1.00 total_env_steps=44159 t=0.18s
Ep 1912: len= 18 黑胜 loss=23.8429 temp=1.00 total_env_steps=44177 t=0.21s
Ep 1913: len=  9 黑胜 loss=23.7842 temp=1.00 total_env_steps=44186 t=0.12s
Ep 1914: len=  2 黑胜 loss=24.1404 temp=1.00 total_env_steps=44188 t=0.06s
Ep 1915: len= 41 黑胜 loss=23.1717 temp=1.00 total_env_steps=44229 t=0.45s
Ep 1916: len= 13 黑胜 loss=24.0836 temp=1.00 total_env_steps=44242 t=0.15s
Ep 1917: len= 11 黑胜 loss=24.1133 temp=1.00 total_env_steps=44253 t=0.14s
Ep 1918: len= 20 黑胜 loss=23.8165 temp=1.00 total_env_steps=44273 t=0.23s
Ep 1919: len= 15 黑胜 loss=23.1977 temp=1.00 total_env_steps=44288 t=0.17s
Ep 1920: len= 29 黑胜 loss=23.9789 temp=1.00 total_env_steps=44317 t=0.31s
Ep 1921: len= 13 黑胜 loss=24.2160 temp=1.00 total_env_steps=44330 t=0.17s
Ep 1922: len= 30 白胜 loss=24.2286 temp=1.00 total_env_steps=44360 t=0.33s
Ep 1923: len= 29 黑胜 loss=23.6299 temp=1.00 total_env_steps=44389 t=0.31s
Ep 1924: len= 29 黑胜 loss=23.6588 temp=1.00 total_env_steps=44418 t=0.31s
Ep 1925: len= 16 黑胜 loss=23.3254 temp=1.00 total_env_steps=44434 t=0.18s
Ep 1926: len= 10 白胜 loss=24.0457 temp=1.00 total_env_steps=44444 t=0.13s
Ep 1927: len= 15 黑胜 loss=23.2011 temp=1.00 total_env_steps=44459 t=0.17s
Ep 1928: len= 15 黑胜 loss=23.7675 temp=1.00 total_env_steps=44474 t=0.18s
Ep 1929: len= 13 黑胜 loss=24.2218 temp=1.00 total_env_steps=44487 t=0.16s
Ep 1930: len= 13 黑胜 loss=24.2293 temp=1.00 total_env_steps=44500 t=0.16s
Ep 1931: len= 23 黑胜 loss=23.5122 temp=1.00 total_env_steps=44523 t=0.24s
Ep 1932: len= 11 黑胜 loss=23.5938 temp=1.00 total_env_steps=44534 t=0.15s
Ep 1933: len=  2 黑胜 loss=23.9291 temp=1.00 total_env_steps=44536 t=0.06s
Ep 1934: len= 17 黑胜 loss=23.7075 temp=1.00 total_env_steps=44553 t=0.19s
Ep 1935: len= 15 黑胜 loss=23.8000 temp=1.00 total_env_steps=44568 t=0.17s
Ep 1936: len= 15 黑胜 loss=23.7249 temp=1.00 total_env_steps=44583 t=0.17s
Ep 1937: len= 30 白胜 loss=24.2635 temp=1.00 total_env_steps=44613 t=0.33s
Ep 1938: len=  2 白胜 loss=23.9827 temp=1.00 total_env_steps=44615 t=0.05s
Ep 1939: len= 22 白胜 loss=24.1198 temp=1.00 total_env_steps=44637 t=0.26s
Ep 1940: len= 37 黑胜 loss=23.1090 temp=1.00 total_env_steps=44674 t=0.40s
Ep 1941: len= 15 黑胜 loss=24.7317 temp=1.00 total_env_steps=44689 t=0.17s
Ep 1942: len=  2 黑胜 loss=23.5434 temp=1.00 total_env_steps=44691 t=0.05s
Ep 1943: len=  9 黑胜 loss=23.8295 temp=1.00 total_env_steps=44700 t=0.13s
Ep 1944: len= 15 黑胜 loss=23.7186 temp=1.00 total_env_steps=44715 t=0.17s
Ep 1945: len= 13 黑胜 loss=23.3454 temp=1.00 total_env_steps=44728 t=0.16s
Ep 1946: len= 15 黑胜 loss=23.6057 temp=1.00 total_env_steps=44743 t=0.17s
Ep 1947: len= 13 黑胜 loss=23.6064 temp=1.00 total_env_steps=44756 t=0.17s
Ep 1948: len= 42 白胜 loss=23.9212 temp=1.00 total_env_steps=44798 t=0.43s
Ep 1949: len= 13 黑胜 loss=23.5626 temp=1.00 total_env_steps=44811 t=0.17s
Ep 1950: len=  9 黑胜 loss=24.6736 temp=1.00 total_env_steps=44820 t=0.13s
Ep 1951: len= 13 黑胜 loss=23.6569 temp=1.00 total_env_steps=44833 t=0.17s
Ep 1952: len= 15 黑胜 loss=24.8052 temp=1.00 total_env_steps=44848 t=0.18s
Ep 1953: len= 10 白胜 loss=23.3927 temp=1.00 total_env_steps=44858 t=0.11s
Ep 1954: len= 15 黑胜 loss=23.7802 temp=1.00 total_env_steps=44873 t=0.17s
Ep 1955: len= 11 黑胜 loss=23.5320 temp=1.00 total_env_steps=44884 t=0.15s
Ep 1956: len= 18 白胜 loss=24.1602 temp=1.00 total_env_steps=44902 t=0.22s
Ep 1957: len= 13 黑胜 loss=23.9651 temp=1.00 total_env_steps=44915 t=0.18s
Ep 1958: len= 13 黑胜 loss=23.7206 temp=1.00 total_env_steps=44928 t=0.17s
Ep 1959: len=  8 白胜 loss=24.7253 temp=1.00 total_env_steps=44936 t=0.11s
Ep 1960: len= 15 黑胜 loss=23.7318 temp=1.00 total_env_steps=44951 t=0.17s
Ep 1961: len=  6 白胜 loss=23.4809 temp=1.00 total_env_steps=44957 t=0.10s
Ep 1962: len= 15 黑胜 loss=23.8154 temp=1.00 total_env_steps=44972 t=0.17s
Ep 1963: len= 16 白胜 loss=23.0795 temp=1.00 total_env_steps=44988 t=0.18s
Ep 1964: len= 13 黑胜 loss=23.2915 temp=1.00 total_env_steps=45001 t=0.17s
Ep 1965: len=  9 黑胜 loss=24.6842 temp=1.00 total_env_steps=45010 t=0.12s
Ep 1966: len=  2 白胜 loss=23.6155 temp=1.00 total_env_steps=45012 t=0.05s
Ep 1967: len= 17 黑胜 loss=24.1469 temp=1.00 total_env_steps=45029 t=0.18s
Ep 1968: len= 13 黑胜 loss=23.8328 temp=1.00 total_env_steps=45042 t=0.16s
Ep 1969: len= 13 黑胜 loss=24.4312 temp=1.00 total_env_steps=45055 t=0.16s
Ep 1970: len= 11 黑胜 loss=23.9741 temp=1.00 total_env_steps=45066 t=0.15s
Ep 1971: len=  4 白胜 loss=24.1713 temp=1.00 total_env_steps=45070 t=0.06s
Ep 1972: len=  9 黑胜 loss=23.7048 temp=1.00 total_env_steps=45079 t=0.13s
Ep 1973: len= 13 黑胜 loss=24.0804 temp=1.00 total_env_steps=45092 t=0.16s
Ep 1974: len= 11 黑胜 loss=24.3394 temp=1.00 total_env_steps=45103 t=0.14s
Ep 1975: len= 15 黑胜 loss=23.8868 temp=1.00 total_env_steps=45118 t=0.17s
Ep 1976: len= 10 白胜 loss=24.0253 temp=1.00 total_env_steps=45128 t=0.12s
Ep 1977: len= 15 黑胜 loss=23.2918 temp=1.00 total_env_steps=45143 t=0.19s
Ep 1978: len= 17 黑胜 loss=24.2405 temp=1.00 total_env_steps=45160 t=0.19s
Ep 1979: len= 15 黑胜 loss=24.2211 temp=1.00 total_env_steps=45175 t=0.18s
Ep 1980: len= 10 黑胜 loss=23.7310 temp=1.00 total_env_steps=45185 t=0.14s
Ep 1981: len= 13 黑胜 loss=23.0880 temp=1.00 total_env_steps=45198 t=0.16s
Ep 1982: len= 15 黑胜 loss=23.3614 temp=1.00 total_env_steps=45213 t=0.16s
Ep 1983: len= 15 黑胜 loss=23.8300 temp=1.00 total_env_steps=45228 t=0.20s
Ep 1984: len=  4 白胜 loss=23.8047 temp=1.00 total_env_steps=45232 t=0.07s
Ep 1985: len= 10 白胜 loss=24.6593 temp=1.00 total_env_steps=45242 t=0.13s
Ep 1986: len= 15 黑胜 loss=23.5375 temp=1.00 total_env_steps=45257 t=0.17s
Ep 1987: len= 15 黑胜 loss=23.7668 temp=1.00 total_env_steps=45272 t=0.17s
Ep 1988: len= 15 黑胜 loss=23.4294 temp=1.00 total_env_steps=45287 t=0.17s
Ep 1989: len=  2 黑胜 loss=24.3469 temp=1.00 total_env_steps=45289 t=0.06s
Ep 1990: len= 13 黑胜 loss=25.0040 temp=1.00 total_env_steps=45302 t=0.16s
Ep 1991: len= 13 黑胜 loss=24.0218 temp=1.00 total_env_steps=45315 t=0.16s
Ep 1992: len=  2 黑胜 loss=23.7238 temp=1.00 total_env_steps=45317 t=0.06s
Ep 1993: len= 15 黑胜 loss=23.6853 temp=1.00 total_env_steps=45332 t=0.18s
Ep 1994: len= 11 黑胜 loss=23.3569 temp=1.00 total_env_steps=45343 t=0.14s
Ep 1995: len= 15 黑胜 loss=23.5901 temp=1.00 total_env_steps=45358 t=0.17s
Ep 1996: len=  9 黑胜 loss=23.8177 temp=1.00 total_env_steps=45367 t=0.12s
Ep 1997: len=  2 黑胜 loss=23.7969 temp=1.00 total_env_steps=45369 t=0.06s
Ep 1998: len= 11 黑胜 loss=24.1213 temp=1.00 total_env_steps=45380 t=0.14s
Ep 1999: len= 11 黑胜 loss=23.5635 temp=1.00 total_env_steps=45391 t=0.15s
Ep 2000: len= 35 黑胜 loss=24.1044 temp=1.00 total_env_steps=45426 t=0.38s
  eval vs Gomoku-random-v0: win_rate=1.00 mean_return=1.00（20 局，total_env_steps=45426）
[闸门] vs random（40 局）: win_rate=1.000
[闸门] vs 半程快照（40 局，黑白各半）: score=0.800
[梯队] vs naive0（20 局，观察性）: win_rate=0.20
[梯队] vs naive1（20 局，观察性）: win_rate=0.05
[梯队] vs naive2（20 局，观察性）: win_rate=0.00
[梯队] vs naive3（20 局，观察性）: win_rate=0.00
📈 Gomoku-selfplay-v0 win_rate=1.00（best 1.00）| 门槛 0.95 | 678.6s

--- M3 arm=cnn_recipe 汇总（base 对照见 bench 头注释）---
  seed=42 vs_random=1.000 vs_snapshot=0.300 | 梯队 naive0=0.55 naive1=0.15 naive2=0.35 naive3=0.00 | env_steps=36763 wall=702s
  seed=43 vs_random=1.000 vs_snapshot=0.350 | 梯队 naive0=0.75 naive1=0.20 naive2=0.05 naive3=0.00 | env_steps=40046 wall=621s
  seed=44 vs_random=1.000 vs_snapshot=0.800 | 梯队 naive0=0.20 naive1=0.05 naive2=0.00 naive3=0.00 | env_steps=45426 wall=679s
ok

test result: ok. 1 passed; 0 failed; 0 ignored; 0 measured; 3448 filtered out; finished in 2001.05s

     Running tests\cse_dedup.rs (target\release\deps\cse_dedup-7a657e998c2a0176.exe)

running 0 tests

test result: ok. 0 passed; 0 failed; 0 ignored; 0 measured; 1 filtered out; finished in 0.00s

     Running tests\mode_invariants.rs (target\release\deps\mode_invariants-12496c59841ba5c8.exe)

running 0 tests

test result: ok. 0 passed; 0 failed; 0 ignored; 0 measured; 9 filtered out; finished in 0.00s

     Running tests\onnx_otm_load_bench.rs (target\release\deps\onnx_otm_load_bench-39da60dd6dcd2511.exe)

running 0 tests

test result: ok. 0 passed; 0 failed; 0 ignored; 0 measured; 1 filtered out; finished in 0.00s

     Running tests\yolov5_xiangqi_import.rs (target\release\deps\yolov5_xiangqi_import-5a55f6b67c0e8a85.exe)

running 0 tests

test result: ok. 0 passed; 0 failed; 0 ignored; 0 measured; 6 filtered out; finished in 0.00s

