    Finished `release` profile [optimized] target(s) in 0.46s
     Running unittests src\lib.rs (target\release\deps\only_torch-45d502c1e61c3f90.exe)

running 1 test
test rl::algo::my_zero::tests::gomoku_m3_bench::gomoku_pure_selfplay_learned ... 
--- arm=pure_selfplay_learned seed=42 sims=100 ---
[MyZero-board Gomoku-selfplay-v0] obs=243(3×9²) |A|=81 sims=100 γ=1.0 negamax
[MyZero-board] repr=CNN（stride-1 棋盘塔）
[MyZero-board] 8 重对称增广开启（D4，采样时随机套变换）
Ep    1: len= 55 黑胜 loss=0.0000 temp=1.00 total_env_steps=55 t=0.16s
Ep    2: len= 61 黑胜 loss=0.0000 temp=1.00 total_env_steps=116 t=0.20s
Ep    3: len= 34 白胜 loss=0.0000 temp=1.00 total_env_steps=150 t=0.12s
Ep    4: len= 63 黑胜 loss=0.0000 temp=1.00 total_env_steps=213 t=0.25s
Ep    5: len= 65 黑胜 loss=0.0000 temp=1.00 total_env_steps=278 t=0.21s
Ep    6: len= 71 黑胜 loss=0.0000 temp=1.00 total_env_steps=349 t=0.22s
Ep    7: len= 63 黑胜 loss=0.0000 temp=1.00 total_env_steps=412 t=0.20s
Ep    8: len= 53 黑胜 loss=0.0000 temp=1.00 total_env_steps=465 t=0.17s
Ep    9: len= 64 白胜 loss=0.0000 temp=1.00 total_env_steps=529 t=0.19s
Ep   10: len= 67 黑胜 loss=36.1624 temp=1.00 total_env_steps=596 t=0.24s
Ep   11: len= 54 白胜 loss=29.5845 temp=1.00 total_env_steps=650 t=0.18s
Ep   12: len= 59 黑胜 loss=28.7508 temp=1.00 total_env_steps=709 t=0.20s
Ep   13: len= 37 黑胜 loss=28.8353 temp=1.00 total_env_steps=746 t=0.15s
Ep   14: len= 69 黑胜 loss=28.5108 temp=1.00 total_env_steps=815 t=0.23s
Ep   15: len= 51 黑胜 loss=28.4773 temp=1.00 total_env_steps=866 t=0.18s
Ep   16: len= 49 黑胜 loss=28.4510 temp=1.00 total_env_steps=915 t=0.16s
Ep   17: len= 53 黑胜 loss=28.4906 temp=1.00 total_env_steps=968 t=0.19s
Ep   18: len= 55 黑胜 loss=28.3791 temp=1.00 total_env_steps=1023 t=0.19s
Ep   19: len= 67 黑胜 loss=28.8475 temp=1.00 total_env_steps=1090 t=0.23s
Ep   20: len= 68 白胜 loss=28.8330 temp=1.00 total_env_steps=1158 t=0.22s
Ep   21: len= 41 黑胜 loss=28.5330 temp=1.00 total_env_steps=1199 t=0.15s
Ep   22: len= 65 黑胜 loss=28.2887 temp=1.00 total_env_steps=1264 t=0.22s
Ep   23: len= 52 白胜 loss=28.4876 temp=1.00 total_env_steps=1316 t=0.19s
Ep   24: len= 71 黑胜 loss=28.5735 temp=1.00 total_env_steps=1387 t=0.22s
Ep   25: len= 56 白胜 loss=28.5470 temp=1.00 total_env_steps=1443 t=0.18s
Ep   26: len= 46 白胜 loss=28.2199 temp=1.00 total_env_steps=1489 t=0.19s
Ep   27: len= 69 黑胜 loss=28.4579 temp=1.00 total_env_steps=1558 t=0.25s
Ep   28: len= 72 白胜 loss=28.5395 temp=1.00 total_env_steps=1630 t=0.24s
Ep   29: len= 34 白胜 loss=28.4562 temp=1.00 total_env_steps=1664 t=0.15s
Ep   30: len= 45 黑胜 loss=28.1183 temp=1.00 total_env_steps=1709 t=0.17s
Ep   31: len= 45 黑胜 loss=28.6618 temp=1.00 total_env_steps=1754 t=0.16s
Ep   32: len= 57 黑胜 loss=28.2073 temp=1.00 total_env_steps=1811 t=0.19s
Ep   33: len= 35 黑胜 loss=28.2817 temp=1.00 total_env_steps=1846 t=0.13s
Ep   34: len= 35 黑胜 loss=28.4440 temp=1.00 total_env_steps=1881 t=0.13s
Ep   35: len= 40 白胜 loss=28.4056 temp=1.00 total_env_steps=1921 t=0.17s
Ep   36: len= 41 黑胜 loss=28.3662 temp=1.00 total_env_steps=1962 t=0.13s
Ep   37: len= 51 黑胜 loss=28.1207 temp=1.00 total_env_steps=2013 t=0.16s
Ep   38: len= 56 白胜 loss=28.4785 temp=1.00 total_env_steps=2069 t=0.17s
Ep   39: len= 41 黑胜 loss=28.0391 temp=1.00 total_env_steps=2110 t=0.14s
Ep   40: len= 61 黑胜 loss=28.2922 temp=1.00 total_env_steps=2171 t=0.20s
Ep   41: len= 49 黑胜 loss=28.1588 temp=1.00 total_env_steps=2220 t=0.17s
Ep   42: len= 30 白胜 loss=28.3263 temp=1.00 total_env_steps=2250 t=0.12s
Ep   43: len= 53 黑胜 loss=28.1273 temp=1.00 total_env_steps=2303 t=0.18s
Ep   44: len= 63 黑胜 loss=28.0922 temp=1.00 total_env_steps=2366 t=0.20s
Ep   45: len= 58 白胜 loss=28.2151 temp=1.00 total_env_steps=2424 t=0.19s
Ep   46: len= 34 白胜 loss=28.2664 temp=1.00 total_env_steps=2458 t=0.13s
Ep   47: len= 51 黑胜 loss=28.3266 temp=1.00 total_env_steps=2509 t=0.21s
Ep   48: len= 55 黑胜 loss=28.1355 temp=1.00 total_env_steps=2564 t=0.17s
Ep   49: len= 46 白胜 loss=28.1048 temp=1.00 total_env_steps=2610 t=0.15s
Ep   50: len= 40 白胜 loss=28.2822 temp=1.00 total_env_steps=2650 t=0.13s
Ep   51: len= 38 白胜 loss=28.1619 temp=1.00 total_env_steps=2688 t=0.14s
Ep   52: len= 42 白胜 loss=28.2827 temp=1.00 total_env_steps=2730 t=0.16s
Ep   53: len= 44 白胜 loss=28.3874 temp=1.00 total_env_steps=2774 t=0.14s
Ep   54: len= 42 白胜 loss=28.2754 temp=1.00 total_env_steps=2816 t=0.15s
Ep   55: len= 58 白胜 loss=28.0451 temp=1.00 total_env_steps=2874 t=0.18s
Ep   56: len= 53 黑胜 loss=28.2793 temp=1.00 total_env_steps=2927 t=0.16s
Ep   57: len= 34 白胜 loss=28.1259 temp=1.00 total_env_steps=2961 t=0.12s
Ep   58: len= 40 白胜 loss=28.0791 temp=1.00 total_env_steps=3001 t=0.16s
Ep   59: len= 59 黑胜 loss=28.0475 temp=1.00 total_env_steps=3060 t=0.18s
Ep   60: len= 48 白胜 loss=28.0614 temp=1.00 total_env_steps=3108 t=0.15s
Ep   61: len= 29 黑胜 loss=28.2604 temp=1.00 total_env_steps=3137 t=0.11s
Ep   62: len= 45 黑胜 loss=28.3012 temp=1.00 total_env_steps=3182 t=0.18s
Ep   63: len= 45 黑胜 loss=28.1680 temp=1.00 total_env_steps=3227 t=0.23s
Ep   64: len= 17 黑胜 loss=28.3234 temp=1.00 total_env_steps=3244 t=0.09s
Ep   65: len= 45 黑胜 loss=28.2073 temp=1.00 total_env_steps=3289 t=0.16s
Ep   66: len= 50 白胜 loss=28.3020 temp=1.00 total_env_steps=3339 t=0.18s
Ep   67: len= 51 黑胜 loss=28.1659 temp=1.00 total_env_steps=3390 t=0.23s
Ep   68: len= 51 黑胜 loss=28.2330 temp=1.00 total_env_steps=3441 t=0.20s
Ep   69: len= 28 白胜 loss=28.2028 temp=1.00 total_env_steps=3469 t=0.13s
Ep   70: len= 61 黑胜 loss=28.1608 temp=1.00 total_env_steps=3530 t=0.27s
Ep   71: len= 59 黑胜 loss=28.3519 temp=1.00 total_env_steps=3589 t=0.23s
Ep   72: len= 33 黑胜 loss=28.1090 temp=1.00 total_env_steps=3622 t=0.19s
Ep   73: len= 64 白胜 loss=28.1537 temp=1.00 total_env_steps=3686 t=0.20s
Ep   74: len= 48 白胜 loss=28.0274 temp=1.00 total_env_steps=3734 t=0.19s
Ep   75: len= 39 黑胜 loss=28.1894 temp=1.00 total_env_steps=3773 t=0.15s
Ep   76: len= 65 黑胜 loss=28.1986 temp=1.00 total_env_steps=3838 t=0.19s
Ep   77: len= 30 白胜 loss=28.2783 temp=1.00 total_env_steps=3868 t=0.17s
Ep   78: len= 35 黑胜 loss=28.0980 temp=1.00 total_env_steps=3903 t=0.17s
Ep   79: len= 36 白胜 loss=28.0882 temp=1.00 total_env_steps=3939 t=0.13s
Ep   80: len= 43 黑胜 loss=28.1233 temp=1.00 total_env_steps=3982 t=0.19s
Ep   81: len= 52 白胜 loss=28.1486 temp=1.00 total_env_steps=4034 t=0.18s
Ep   82: len= 37 黑胜 loss=28.4002 temp=1.00 total_env_steps=4071 t=0.14s
Ep   83: len= 54 白胜 loss=28.2009 temp=1.00 total_env_steps=4125 t=0.16s
Ep   84: len= 62 白胜 loss=28.1981 temp=1.00 total_env_steps=4187 t=0.20s
Ep   85: len= 48 白胜 loss=28.1270 temp=1.00 total_env_steps=4235 t=0.14s
Ep   86: len= 60 白胜 loss=28.0122 temp=1.00 total_env_steps=4295 t=0.17s
Ep   87: len= 62 白胜 loss=28.1477 temp=1.00 total_env_steps=4357 t=0.19s
Ep   88: len= 53 黑胜 loss=27.9586 temp=1.00 total_env_steps=4410 t=0.16s
Ep   89: len= 43 黑胜 loss=28.2829 temp=1.00 total_env_steps=4453 t=0.14s
Ep   90: len= 40 白胜 loss=28.2087 temp=1.00 total_env_steps=4493 t=0.14s
Ep   91: len= 29 黑胜 loss=28.1142 temp=1.00 total_env_steps=4522 t=0.11s
Ep   92: len= 51 黑胜 loss=28.0973 temp=1.00 total_env_steps=4573 t=0.16s
Ep   93: len= 45 黑胜 loss=28.3456 temp=1.00 total_env_steps=4618 t=0.14s
Ep   94: len= 48 白胜 loss=28.1528 temp=1.00 total_env_steps=4666 t=0.15s
Ep   95: len= 58 白胜 loss=28.3091 temp=1.00 total_env_steps=4724 t=0.17s
Ep   96: len= 59 黑胜 loss=28.2081 temp=1.00 total_env_steps=4783 t=0.19s
Ep   97: len= 58 白胜 loss=28.2326 temp=1.00 total_env_steps=4841 t=0.19s
Ep   98: len= 60 白胜 loss=28.0759 temp=1.00 total_env_steps=4901 t=0.19s
Ep   99: len= 49 黑胜 loss=28.0302 temp=1.00 total_env_steps=4950 t=0.16s
Ep  100: len= 52 白胜 loss=27.9200 temp=1.00 total_env_steps=5002 t=0.17s
Ep  101: len= 47 黑胜 loss=28.0642 temp=1.00 total_env_steps=5049 t=0.16s
Ep  102: len= 27 黑胜 loss=28.0568 temp=1.00 total_env_steps=5076 t=0.11s
Ep  103: len= 32 白胜 loss=28.2941 temp=1.00 total_env_steps=5108 t=0.12s
Ep  104: len= 31 黑胜 loss=28.1741 temp=1.00 total_env_steps=5139 t=0.16s
Ep  105: len= 40 白胜 loss=28.0620 temp=1.00 total_env_steps=5179 t=0.15s
Ep  106: len= 69 黑胜 loss=28.0145 temp=1.00 total_env_steps=5248 t=0.24s
Ep  107: len= 52 白胜 loss=28.1277 temp=1.00 total_env_steps=5300 t=0.17s
Ep  108: len= 67 黑胜 loss=27.9967 temp=1.00 total_env_steps=5367 t=0.31s
Ep  109: len= 39 黑胜 loss=28.3028 temp=1.00 total_env_steps=5406 t=0.24s
Ep  110: len= 66 白胜 loss=28.2508 temp=1.00 total_env_steps=5472 t=0.23s
Ep  111: len= 48 白胜 loss=27.9730 temp=1.00 total_env_steps=5520 t=0.18s
Ep  112: len= 55 黑胜 loss=27.9874 temp=1.00 total_env_steps=5575 t=0.18s
Ep  113: len= 45 黑胜 loss=28.0961 temp=1.00 total_env_steps=5620 t=0.16s
Ep  114: len= 59 黑胜 loss=28.0650 temp=1.00 total_env_steps=5679 t=0.20s
Ep  115: len= 21 黑胜 loss=28.0254 temp=1.00 total_env_steps=5700 t=0.11s
Ep  116: len= 53 黑胜 loss=28.0858 temp=1.00 total_env_steps=5753 t=0.18s
Ep  117: len= 52 白胜 loss=28.1545 temp=1.00 total_env_steps=5805 t=0.18s
Ep  118: len= 63 黑胜 loss=28.2592 temp=1.00 total_env_steps=5868 t=0.19s
Ep  119: len= 47 黑胜 loss=27.9213 temp=1.00 total_env_steps=5915 t=0.16s
Ep  120: len= 54 白胜 loss=28.0260 temp=1.00 total_env_steps=5969 t=0.17s
Ep  121: len= 37 黑胜 loss=28.0644 temp=1.00 total_env_steps=6006 t=0.16s
Ep  122: len= 35 黑胜 loss=28.1102 temp=1.00 total_env_steps=6041 t=0.19s
Ep  123: len= 40 白胜 loss=28.0835 temp=1.00 total_env_steps=6081 t=0.15s
Ep  124: len= 49 黑胜 loss=28.1299 temp=1.00 total_env_steps=6130 t=0.15s
Ep  125: len= 49 黑胜 loss=28.0342 temp=1.00 total_env_steps=6179 t=0.17s
Ep  126: len= 45 黑胜 loss=28.2791 temp=1.00 total_env_steps=6224 t=0.16s
Ep  127: len= 53 黑胜 loss=28.2519 temp=1.00 total_env_steps=6277 t=0.16s
Ep  128: len= 42 白胜 loss=27.9981 temp=1.00 total_env_steps=6319 t=0.16s
Ep  129: len= 63 黑胜 loss=28.1178 temp=1.00 total_env_steps=6382 t=0.21s
Ep  130: len= 39 黑胜 loss=28.2480 temp=1.00 total_env_steps=6421 t=0.14s
Ep  131: len= 66 白胜 loss=27.9808 temp=1.00 total_env_steps=6487 t=0.22s
Ep  132: len= 28 白胜 loss=28.0265 temp=1.00 total_env_steps=6515 t=0.11s
Ep  133: len= 46 白胜 loss=27.8704 temp=1.00 total_env_steps=6561 t=0.16s
Ep  134: len= 58 白胜 loss=28.1369 temp=1.00 total_env_steps=6619 t=0.19s
Ep  135: len= 65 黑胜 loss=28.2279 temp=1.00 total_env_steps=6684 t=0.25s
Ep  136: len= 56 白胜 loss=28.2262 temp=1.00 total_env_steps=6740 t=0.23s
Ep  137: len= 63 黑胜 loss=28.0296 temp=1.00 total_env_steps=6803 t=0.20s
Ep  138: len= 54 白胜 loss=28.0886 temp=1.00 total_env_steps=6857 t=0.16s
Ep  139: len= 59 黑胜 loss=28.0818 temp=1.00 total_env_steps=6916 t=0.19s
Ep  140: len= 59 黑胜 loss=27.9082 temp=1.00 total_env_steps=6975 t=0.19s
Ep  141: len= 44 白胜 loss=28.4118 temp=1.00 total_env_steps=7019 t=0.14s
Ep  142: len= 60 白胜 loss=28.3395 temp=1.00 total_env_steps=7079 t=0.22s
Ep  143: len= 42 白胜 loss=28.0200 temp=1.00 total_env_steps=7121 t=0.15s
Ep  144: len= 71 黑胜 loss=28.2166 temp=1.00 total_env_steps=7192 t=0.22s
Ep  145: len= 33 黑胜 loss=28.0469 temp=1.00 total_env_steps=7225 t=0.12s
Ep  146: len= 44 白胜 loss=28.2616 temp=1.00 total_env_steps=7269 t=0.15s
Ep  147: len= 56 白胜 loss=28.0359 temp=1.00 total_env_steps=7325 t=0.22s
Ep  148: len= 64 白胜 loss=28.0474 temp=1.00 total_env_steps=7389 t=0.23s
Ep  149: len= 46 白胜 loss=28.1245 temp=1.00 total_env_steps=7435 t=0.16s
Ep  150: len= 53 黑胜 loss=27.7760 temp=1.00 total_env_steps=7488 t=0.24s
Ep  151: len= 41 黑胜 loss=28.3019 temp=1.00 total_env_steps=7529 t=0.16s
Ep  152: len= 26 白胜 loss=28.2147 temp=1.00 total_env_steps=7555 t=0.13s
Ep  153: len= 55 黑胜 loss=28.0074 temp=1.00 total_env_steps=7610 t=0.20s
Ep  154: len= 45 黑胜 loss=27.9565 temp=1.00 total_env_steps=7655 t=0.16s
Ep  155: len= 49 黑胜 loss=27.8695 temp=1.00 total_env_steps=7704 t=0.16s
Ep  156: len= 79 黑胜 loss=28.2510 temp=1.00 total_env_steps=7783 t=0.24s
Ep  157: len= 53 黑胜 loss=28.0804 temp=1.00 total_env_steps=7836 t=0.18s
Ep  158: len= 41 黑胜 loss=28.0883 temp=1.00 total_env_steps=7877 t=0.14s
Ep  159: len= 65 黑胜 loss=28.2676 temp=1.00 total_env_steps=7942 t=0.20s
Ep  160: len= 50 白胜 loss=28.1179 temp=1.00 total_env_steps=7992 t=0.16s
Ep  161: len= 49 黑胜 loss=27.9519 temp=1.00 total_env_steps=8041 t=0.16s
Ep  162: len= 48 白胜 loss=28.0036 temp=1.00 total_env_steps=8089 t=0.14s
Ep  163: len= 62 白胜 loss=28.0316 temp=1.00 total_env_steps=8151 t=0.19s
Ep  164: len= 51 黑胜 loss=27.9393 temp=1.00 total_env_steps=8202 t=0.17s
Ep  165: len= 26 白胜 loss=28.2102 temp=1.00 total_env_steps=8228 t=0.11s
Ep  166: len= 53 黑胜 loss=28.0135 temp=1.00 total_env_steps=8281 t=0.17s
Ep  167: len= 39 黑胜 loss=27.9371 temp=1.00 total_env_steps=8320 t=0.14s
Ep  168: len= 53 黑胜 loss=28.0038 temp=1.00 total_env_steps=8373 t=0.15s
Ep  169: len= 47 黑胜 loss=28.1806 temp=1.00 total_env_steps=8420 t=0.15s
Ep  170: len= 35 黑胜 loss=28.2319 temp=1.00 total_env_steps=8455 t=0.12s
Ep  171: len= 43 黑胜 loss=28.1178 temp=1.00 total_env_steps=8498 t=0.17s
Ep  172: len= 36 白胜 loss=28.1291 temp=1.00 total_env_steps=8534 t=0.13s
Ep  173: len= 47 黑胜 loss=27.9506 temp=1.00 total_env_steps=8581 t=0.15s
Ep  174: len= 58 白胜 loss=27.8496 temp=1.00 total_env_steps=8639 t=0.18s
Ep  175: len= 26 白胜 loss=28.2496 temp=1.00 total_env_steps=8665 t=0.09s
Ep  176: len= 71 黑胜 loss=28.0255 temp=1.00 total_env_steps=8736 t=0.23s
Ep  177: len= 49 黑胜 loss=27.9580 temp=1.00 total_env_steps=8785 t=0.15s
Ep  178: len= 28 白胜 loss=27.8921 temp=1.00 total_env_steps=8813 t=0.11s
Ep  179: len= 40 白胜 loss=27.9922 temp=1.00 total_env_steps=8853 t=0.13s
Ep  180: len= 36 白胜 loss=28.3101 temp=1.00 total_env_steps=8889 t=0.15s
Ep  181: len= 44 白胜 loss=27.9548 temp=1.00 total_env_steps=8933 t=0.18s
Ep  182: len= 60 白胜 loss=28.0267 temp=1.00 total_env_steps=8993 t=0.24s
Ep  183: len= 32 白胜 loss=28.2455 temp=1.00 total_env_steps=9025 t=0.11s
Ep  184: len= 44 白胜 loss=27.9436 temp=1.00 total_env_steps=9069 t=0.15s
Ep  185: len= 32 白胜 loss=28.0278 temp=1.00 total_env_steps=9101 t=0.13s
Ep  186: len= 37 黑胜 loss=28.1564 temp=1.00 total_env_steps=9138 t=0.12s
Ep  187: len= 28 白胜 loss=27.9352 temp=1.00 total_env_steps=9166 t=0.10s
Ep  188: len= 50 白胜 loss=28.2227 temp=1.00 total_env_steps=9216 t=0.14s
Ep  189: len= 35 黑胜 loss=28.0947 temp=1.00 total_env_steps=9251 t=0.13s
Ep  190: len= 39 黑胜 loss=28.1382 temp=1.00 total_env_steps=9290 t=0.12s
Ep  191: len= 37 黑胜 loss=28.0481 temp=1.00 total_env_steps=9327 t=0.12s
Ep  192: len= 48 白胜 loss=28.2380 temp=1.00 total_env_steps=9375 t=0.14s
Ep  193: len= 28 白胜 loss=28.0675 temp=1.00 total_env_steps=9403 t=0.10s
Ep  194: len= 45 黑胜 loss=28.1309 temp=1.00 total_env_steps=9448 t=0.16s
Ep  195: len= 37 黑胜 loss=28.0931 temp=1.00 total_env_steps=9485 t=0.12s
Ep  196: len= 39 黑胜 loss=27.9756 temp=1.00 total_env_steps=9524 t=0.14s
Ep  197: len= 56 白胜 loss=27.8966 temp=1.00 total_env_steps=9580 t=0.16s
Ep  198: len= 42 白胜 loss=28.2471 temp=1.00 total_env_steps=9622 t=0.13s
Ep  199: len= 60 白胜 loss=27.9607 temp=1.00 total_env_steps=9682 t=0.20s
Ep  200: len= 81 平局 loss=28.0567 temp=1.00 total_env_steps=9763 t=0.25s
Ep  201: len= 31 黑胜 loss=28.0823 temp=1.00 total_env_steps=9794 t=0.10s
Ep  202: len= 59 黑胜 loss=28.2374 temp=1.00 total_env_steps=9853 t=0.24s
Ep  203: len= 33 黑胜 loss=28.0275 temp=1.00 total_env_steps=9886 t=0.19s
Ep  204: len= 57 黑胜 loss=28.2168 temp=1.00 total_env_steps=9943 t=0.20s
Ep  205: len= 25 黑胜 loss=28.0184 temp=1.00 total_env_steps=9968 t=0.12s
Ep  206: len= 44 白胜 loss=27.9794 temp=1.00 total_env_steps=10012 t=0.19s
Ep  207: len= 56 白胜 loss=27.9308 temp=1.00 total_env_steps=10068 t=0.21s
Ep  208: len= 62 白胜 loss=27.9849 temp=1.00 total_env_steps=10130 t=0.21s
Ep  209: len= 58 白胜 loss=28.0886 temp=1.00 total_env_steps=10188 t=0.22s
Ep  210: len= 35 黑胜 loss=27.9098 temp=1.00 total_env_steps=10223 t=0.15s
Ep  211: len= 56 白胜 loss=28.1751 temp=1.00 total_env_steps=10279 t=0.21s
Ep  212: len= 46 白胜 loss=27.9773 temp=1.00 total_env_steps=10325 t=0.18s
Ep  213: len= 53 黑胜 loss=28.0404 temp=1.00 total_env_steps=10378 t=0.18s
Ep  214: len= 36 白胜 loss=27.8460 temp=1.00 total_env_steps=10414 t=0.13s
Ep  215: len= 37 黑胜 loss=27.8965 temp=1.00 total_env_steps=10451 t=0.14s
Ep  216: len= 30 白胜 loss=28.1615 temp=1.00 total_env_steps=10481 t=0.11s
Ep  217: len= 50 白胜 loss=28.0275 temp=1.00 total_env_steps=10531 t=0.17s
Ep  218: len= 41 黑胜 loss=28.1280 temp=1.00 total_env_steps=10572 t=0.15s
Ep  219: len= 35 黑胜 loss=28.2381 temp=1.00 total_env_steps=10607 t=0.12s
Ep  220: len= 35 黑胜 loss=27.8945 temp=1.00 total_env_steps=10642 t=0.13s
Ep  221: len= 53 黑胜 loss=28.1657 temp=1.00 total_env_steps=10695 t=0.16s
Ep  222: len= 41 黑胜 loss=28.1961 temp=1.00 total_env_steps=10736 t=0.14s
Ep  223: len= 31 黑胜 loss=28.1067 temp=1.00 total_env_steps=10767 t=0.12s
Ep  224: len= 53 黑胜 loss=28.0525 temp=1.00 total_env_steps=10820 t=0.18s
Ep  225: len= 24 白胜 loss=28.1728 temp=1.00 total_env_steps=10844 t=0.13s
Ep  226: len= 32 白胜 loss=28.0239 temp=1.00 total_env_steps=10876 t=0.13s
Ep  227: len= 77 黑胜 loss=28.0737 temp=1.00 total_env_steps=10953 t=0.27s
Ep  228: len= 34 白胜 loss=28.2287 temp=1.00 total_env_steps=10987 t=0.12s
Ep  229: len= 37 黑胜 loss=28.1376 temp=1.00 total_env_steps=11024 t=0.13s
Ep  230: len= 45 黑胜 loss=28.0931 temp=1.00 total_env_steps=11069 t=0.14s
Ep  231: len= 26 白胜 loss=28.2664 temp=1.00 total_env_steps=11095 t=0.11s
Ep  232: len= 31 黑胜 loss=27.8929 temp=1.00 total_env_steps=11126 t=0.12s
Ep  233: len= 51 黑胜 loss=28.1813 temp=1.00 total_env_steps=11177 t=0.16s
Ep  234: len= 45 黑胜 loss=27.9837 temp=1.00 total_env_steps=11222 t=0.15s
Ep  235: len= 50 白胜 loss=27.9340 temp=1.00 total_env_steps=11272 t=0.18s
Ep  236: len= 23 黑胜 loss=27.8977 temp=1.00 total_env_steps=11295 t=0.09s
Ep  237: len= 40 白胜 loss=28.3195 temp=1.00 total_env_steps=11335 t=0.13s
Ep  238: len= 53 黑胜 loss=28.0023 temp=1.00 total_env_steps=11388 t=0.19s
Ep  239: len= 39 黑胜 loss=27.9757 temp=1.00 total_env_steps=11427 t=0.16s
Ep  240: len= 52 白胜 loss=27.9797 temp=1.00 total_env_steps=11479 t=0.18s
Ep  241: len= 45 黑胜 loss=28.1186 temp=1.00 total_env_steps=11524 t=0.14s
Ep  242: len= 37 黑胜 loss=27.9258 temp=1.00 total_env_steps=11561 t=0.13s
Ep  243: len= 41 黑胜 loss=28.0934 temp=1.00 total_env_steps=11602 t=0.14s
Ep  244: len= 44 白胜 loss=27.9242 temp=1.00 total_env_steps=11646 t=0.15s
Ep  245: len= 48 白胜 loss=28.1303 temp=1.00 total_env_steps=11694 t=0.17s
Ep  246: len= 42 白胜 loss=27.8246 temp=1.00 total_env_steps=11736 t=0.13s
Ep  247: len= 66 白胜 loss=27.8141 temp=1.00 total_env_steps=11802 t=0.19s
Ep  248: len= 36 白胜 loss=28.1742 temp=1.00 total_env_steps=11838 t=0.14s
Ep  249: len= 47 黑胜 loss=28.0534 temp=1.00 total_env_steps=11885 t=0.17s
Ep  250: len= 42 白胜 loss=27.9357 temp=1.00 total_env_steps=11927 t=0.14s
Ep  251: len= 48 白胜 loss=27.9803 temp=1.00 total_env_steps=11975 t=0.17s
Ep  252: len= 55 黑胜 loss=28.0552 temp=1.00 total_env_steps=12030 t=0.21s
Ep  253: len= 29 黑胜 loss=28.0591 temp=1.00 total_env_steps=12059 t=0.13s
Ep  254: len= 60 白胜 loss=27.9903 temp=1.00 total_env_steps=12119 t=0.22s
Ep  255: len= 59 黑胜 loss=28.0420 temp=1.00 total_env_steps=12178 t=0.18s
Ep  256: len= 50 白胜 loss=28.1333 temp=1.00 total_env_steps=12228 t=0.17s
Ep  257: len= 56 白胜 loss=28.0126 temp=1.00 total_env_steps=12284 t=0.17s
Ep  258: len= 21 黑胜 loss=27.8912 temp=1.00 total_env_steps=12305 t=0.10s
Ep  259: len= 38 白胜 loss=28.0509 temp=1.00 total_env_steps=12343 t=0.12s
Ep  260: len= 61 黑胜 loss=27.9332 temp=1.00 total_env_steps=12404 t=0.17s
Ep  261: len= 39 黑胜 loss=28.0778 temp=1.00 total_env_steps=12443 t=0.12s
Ep  262: len= 48 白胜 loss=28.0261 temp=1.00 total_env_steps=12491 t=0.16s
Ep  263: len= 54 白胜 loss=27.9470 temp=1.00 total_env_steps=12545 t=0.16s
Ep  264: len= 39 黑胜 loss=28.1974 temp=1.00 total_env_steps=12584 t=0.12s
Ep  265: len= 65 黑胜 loss=28.0681 temp=1.00 total_env_steps=12649 t=0.19s
Ep  266: len= 61 黑胜 loss=28.0091 temp=1.00 total_env_steps=12710 t=0.18s
Ep  267: len= 63 黑胜 loss=28.0011 temp=1.00 total_env_steps=12773 t=0.20s
Ep  268: len= 54 白胜 loss=28.0187 temp=1.00 total_env_steps=12827 t=0.16s
Ep  269: len= 58 白胜 loss=28.1598 temp=1.00 total_env_steps=12885 t=0.18s
Ep  270: len= 31 黑胜 loss=27.9785 temp=1.00 total_env_steps=12916 t=0.11s
Ep  271: len= 29 黑胜 loss=27.8986 temp=1.00 total_env_steps=12945 t=0.12s
Ep  272: len= 47 黑胜 loss=27.9623 temp=1.00 total_env_steps=12992 t=0.16s
Ep  273: len= 39 黑胜 loss=28.0370 temp=1.00 total_env_steps=13031 t=0.13s
Ep  274: len= 72 白胜 loss=27.9001 temp=1.00 total_env_steps=13103 t=0.23s
Ep  275: len= 36 白胜 loss=28.0880 temp=1.00 total_env_steps=13139 t=0.12s
Ep  276: len= 39 黑胜 loss=27.9881 temp=1.00 total_env_steps=13178 t=0.13s
Ep  277: len= 74 白胜 loss=28.0420 temp=1.00 total_env_steps=13252 t=0.22s
Ep  278: len= 51 黑胜 loss=28.0118 temp=1.00 total_env_steps=13303 t=0.17s
Ep  279: len= 45 黑胜 loss=28.1421 temp=1.00 total_env_steps=13348 t=0.15s
Ep  280: len= 25 黑胜 loss=28.0425 temp=1.00 total_env_steps=13373 t=0.11s
Ep  281: len= 81 平局 loss=27.8371 temp=1.00 total_env_steps=13454 t=0.24s
Ep  282: len= 52 白胜 loss=28.0218 temp=1.00 total_env_steps=13506 t=0.15s
Ep  283: len= 25 黑胜 loss=27.9381 temp=1.00 total_env_steps=13531 t=0.10s
Ep  284: len= 46 白胜 loss=28.0501 temp=1.00 total_env_steps=13577 t=0.15s
Ep  285: len= 81 平局 loss=27.8711 temp=1.00 total_env_steps=13658 t=0.26s
Ep  286: len= 62 白胜 loss=28.1501 temp=1.00 total_env_steps=13720 t=0.18s
Ep  287: len= 40 白胜 loss=27.9617 temp=1.00 total_env_steps=13760 t=0.14s
Ep  288: len= 40 白胜 loss=28.1083 temp=1.00 total_env_steps=13800 t=0.14s
Ep  289: len= 47 黑胜 loss=28.0138 temp=1.00 total_env_steps=13847 t=0.14s
Ep  290: len= 42 白胜 loss=27.9337 temp=1.00 total_env_steps=13889 t=0.14s
Ep  291: len= 48 白胜 loss=27.8814 temp=1.00 total_env_steps=13937 t=0.15s
Ep  292: len= 36 白胜 loss=28.2693 temp=1.00 total_env_steps=13973 t=0.12s
Ep  293: len= 45 黑胜 loss=27.9808 temp=1.00 total_env_steps=14018 t=0.14s
Ep  294: len= 36 白胜 loss=27.8257 temp=1.00 total_env_steps=14054 t=0.12s
Ep  295: len= 37 黑胜 loss=27.8900 temp=1.00 total_env_steps=14091 t=0.13s
Ep  296: len= 59 黑胜 loss=27.8999 temp=1.00 total_env_steps=14150 t=0.18s
Ep  297: len= 38 白胜 loss=27.9984 temp=1.00 total_env_steps=14188 t=0.13s
Ep  298: len= 20 白胜 loss=28.1849 temp=1.00 total_env_steps=14208 t=0.09s
Ep  299: len= 39 黑胜 loss=27.9547 temp=1.00 total_env_steps=14247 t=0.13s
Ep  300: len= 40 白胜 loss=28.0529 temp=1.00 total_env_steps=14287 t=0.13s
Ep  301: len= 42 白胜 loss=28.1540 temp=1.00 total_env_steps=14329 t=0.14s
Ep  302: len= 42 白胜 loss=27.8867 temp=1.00 total_env_steps=14371 t=0.16s
Ep  303: len= 42 白胜 loss=28.0342 temp=1.00 total_env_steps=14413 t=0.15s
Ep  304: len= 38 白胜 loss=28.0444 temp=1.00 total_env_steps=14451 t=0.13s
Ep  305: len= 35 黑胜 loss=28.1444 temp=1.00 total_env_steps=14486 t=0.14s
Ep  306: len= 39 黑胜 loss=27.8767 temp=1.00 total_env_steps=14525 t=0.15s
Ep  307: len= 55 黑胜 loss=27.6260 temp=1.00 total_env_steps=14580 t=0.20s
Ep  308: len= 43 黑胜 loss=28.1043 temp=1.00 total_env_steps=14623 t=0.15s
Ep  309: len= 19 黑胜 loss=28.1828 temp=1.00 total_env_steps=14642 t=0.10s
Ep  310: len= 40 白胜 loss=27.8601 temp=1.00 total_env_steps=14682 t=0.14s
Ep  311: len= 48 白胜 loss=27.8154 temp=1.00 total_env_steps=14730 t=0.19s
Ep  312: len= 44 白胜 loss=27.7771 temp=1.00 total_env_steps=14774 t=0.15s
Ep  313: len= 55 黑胜 loss=28.1692 temp=1.00 total_env_steps=14829 t=0.19s
Ep  314: len= 32 白胜 loss=28.0336 temp=1.00 total_env_steps=14861 t=0.12s
Ep  315: len= 48 白胜 loss=27.9455 temp=1.00 total_env_steps=14909 t=0.15s
Ep  316: len= 68 白胜 loss=27.8977 temp=1.00 total_env_steps=14977 t=0.19s
Ep  317: len= 54 白胜 loss=27.9760 temp=1.00 total_env_steps=15031 t=0.16s
Ep  318: len= 49 黑胜 loss=27.8838 temp=1.00 total_env_steps=15080 t=0.16s
Ep  319: len= 36 白胜 loss=27.8404 temp=1.00 total_env_steps=15116 t=0.13s
Ep  320: len= 38 白胜 loss=28.0437 temp=1.00 total_env_steps=15154 t=0.14s
Ep  321: len= 45 黑胜 loss=28.0175 temp=1.00 total_env_steps=15199 t=0.17s
Ep  322: len= 59 黑胜 loss=27.8023 temp=1.00 total_env_steps=15258 t=0.20s
Ep  323: len= 31 黑胜 loss=28.0344 temp=1.00 total_env_steps=15289 t=0.14s
Ep  324: len= 39 黑胜 loss=28.0598 temp=1.00 total_env_steps=15328 t=0.13s
Ep  325: len= 52 白胜 loss=27.9817 temp=1.00 total_env_steps=15380 t=0.17s
Ep  326: len= 49 黑胜 loss=27.9051 temp=1.00 total_env_steps=15429 t=0.15s
Ep  327: len= 39 黑胜 loss=27.6908 temp=1.00 total_env_steps=15468 t=0.14s
Ep  328: len= 23 黑胜 loss=27.9663 temp=1.00 total_env_steps=15491 t=0.09s
Ep  329: len= 62 白胜 loss=28.0631 temp=1.00 total_env_steps=15553 t=0.18s
Ep  330: len= 24 白胜 loss=27.6597 temp=1.00 total_env_steps=15577 t=0.11s
Ep  331: len= 47 黑胜 loss=28.0959 temp=1.00 total_env_steps=15624 t=0.15s
Ep  332: len= 44 白胜 loss=27.8378 temp=1.00 total_env_steps=15668 t=0.14s
Ep  333: len= 26 白胜 loss=28.0822 temp=1.00 total_env_steps=15694 t=0.10s
Ep  334: len= 51 黑胜 loss=28.0273 temp=1.00 total_env_steps=15745 t=0.15s
Ep  335: len= 31 黑胜 loss=28.0669 temp=1.00 total_env_steps=15776 t=0.11s
Ep  336: len= 40 白胜 loss=27.9252 temp=1.00 total_env_steps=15816 t=0.13s
Ep  337: len= 31 黑胜 loss=28.1337 temp=1.00 total_env_steps=15847 t=0.11s
Ep  338: len= 37 黑胜 loss=27.8642 temp=1.00 total_env_steps=15884 t=0.13s
Ep  339: len= 56 白胜 loss=27.7781 temp=1.00 total_env_steps=15940 t=0.17s
Ep  340: len= 40 白胜 loss=27.7854 temp=1.00 total_env_steps=15980 t=0.14s
Ep  341: len= 31 黑胜 loss=27.9543 temp=1.00 total_env_steps=16011 t=0.11s
Ep  342: len= 28 白胜 loss=27.9968 temp=1.00 total_env_steps=16039 t=0.11s
Ep  343: len= 44 白胜 loss=27.8606 temp=1.00 total_env_steps=16083 t=0.14s
Ep  344: len= 52 白胜 loss=27.8483 temp=1.00 total_env_steps=16135 t=0.19s
Ep  345: len= 46 白胜 loss=27.8511 temp=1.00 total_env_steps=16181 t=0.15s
Ep  346: len= 34 白胜 loss=28.0073 temp=1.00 total_env_steps=16215 t=0.13s
Ep  347: len= 46 白胜 loss=27.9738 temp=1.00 total_env_steps=16261 t=0.15s
Ep  348: len= 51 黑胜 loss=27.9884 temp=1.00 total_env_steps=16312 t=0.19s
Ep  349: len= 34 白胜 loss=28.0672 temp=1.00 total_env_steps=16346 t=0.13s
Ep  350: len= 40 白胜 loss=27.8478 temp=1.00 total_env_steps=16386 t=0.16s
Ep  351: len= 52 白胜 loss=27.9254 temp=1.00 total_env_steps=16438 t=0.18s
Ep  352: len= 33 黑胜 loss=27.9209 temp=1.00 total_env_steps=16471 t=0.14s
Ep  353: len= 46 白胜 loss=27.8216 temp=1.00 total_env_steps=16517 t=0.17s
Ep  354: len= 34 白胜 loss=27.8482 temp=1.00 total_env_steps=16551 t=0.13s
Ep  355: len= 60 白胜 loss=27.8147 temp=1.00 total_env_steps=16611 t=0.20s
Ep  356: len= 34 白胜 loss=27.8125 temp=1.00 total_env_steps=16645 t=0.12s
Ep  357: len= 54 白胜 loss=27.8152 temp=1.00 total_env_steps=16699 t=0.18s
Ep  358: len= 44 白胜 loss=27.8857 temp=1.00 total_env_steps=16743 t=0.15s
Ep  359: len= 68 白胜 loss=27.9131 temp=1.00 total_env_steps=16811 t=0.22s
Ep  360: len= 49 黑胜 loss=28.0228 temp=1.00 total_env_steps=16860 t=0.18s
Ep  361: len= 33 黑胜 loss=27.6947 temp=1.00 total_env_steps=16893 t=0.17s
Ep  362: len= 57 黑胜 loss=27.9457 temp=1.00 total_env_steps=16950 t=0.19s
Ep  363: len= 46 白胜 loss=27.8628 temp=1.00 total_env_steps=16996 t=0.15s
Ep  364: len= 39 黑胜 loss=27.9558 temp=1.00 total_env_steps=17035 t=0.13s
Ep  365: len= 37 黑胜 loss=28.1397 temp=1.00 total_env_steps=17072 t=0.14s
Ep  366: len= 56 白胜 loss=27.8740 temp=1.00 total_env_steps=17128 t=0.18s
Ep  367: len= 56 白胜 loss=28.1291 temp=1.00 total_env_steps=17184 t=0.17s
Ep  368: len= 31 黑胜 loss=27.9676 temp=1.00 total_env_steps=17215 t=0.11s
Ep  369: len= 47 黑胜 loss=27.9570 temp=1.00 total_env_steps=17262 t=0.15s
Ep  370: len= 41 黑胜 loss=27.8322 temp=1.00 total_env_steps=17303 t=0.15s
Ep  371: len= 33 黑胜 loss=28.0445 temp=1.00 total_env_steps=17336 t=0.13s
Ep  372: len= 44 白胜 loss=27.7492 temp=1.00 total_env_steps=17380 t=0.16s
Ep  373: len= 52 白胜 loss=27.9000 temp=1.00 total_env_steps=17432 t=0.17s
Ep  374: len= 45 黑胜 loss=27.9610 temp=1.00 total_env_steps=17477 t=0.15s
Ep  375: len= 40 白胜 loss=27.8860 temp=1.00 total_env_steps=17517 t=0.16s
Ep  376: len= 31 黑胜 loss=27.8546 temp=1.00 total_env_steps=17548 t=0.12s
Ep  377: len= 37 黑胜 loss=28.0421 temp=1.00 total_env_steps=17585 t=0.13s
Ep  378: len= 49 黑胜 loss=27.9124 temp=1.00 total_env_steps=17634 t=0.19s
Ep  379: len= 43 黑胜 loss=27.9296 temp=1.00 total_env_steps=17677 t=0.14s
Ep  380: len= 36 白胜 loss=27.7963 temp=1.00 total_env_steps=17713 t=0.12s
Ep  381: len= 61 黑胜 loss=27.7618 temp=1.00 total_env_steps=17774 t=0.18s
Ep  382: len= 47 黑胜 loss=27.9541 temp=1.00 total_env_steps=17821 t=0.16s
Ep  383: len= 41 黑胜 loss=28.0800 temp=1.00 total_env_steps=17862 t=0.14s
Ep  384: len= 43 黑胜 loss=27.9046 temp=1.00 total_env_steps=17905 t=0.16s
Ep  385: len= 36 白胜 loss=27.7574 temp=1.00 total_env_steps=17941 t=0.13s
Ep  386: len= 28 白胜 loss=27.8891 temp=1.00 total_env_steps=17969 t=0.11s
Ep  387: len= 45 黑胜 loss=27.8721 temp=1.00 total_env_steps=18014 t=0.16s
Ep  388: len= 36 白胜 loss=27.8207 temp=1.00 total_env_steps=18050 t=0.13s
Ep  389: len= 42 白胜 loss=27.9113 temp=1.00 total_env_steps=18092 t=0.14s
Ep  390: len= 24 白胜 loss=28.1061 temp=1.00 total_env_steps=18116 t=0.10s
Ep  391: len= 33 黑胜 loss=27.8427 temp=1.00 total_env_steps=18149 t=0.13s
Ep  392: len= 36 白胜 loss=28.0591 temp=1.00 total_env_steps=18185 t=0.14s
Ep  393: len= 30 白胜 loss=28.2099 temp=1.00 total_env_steps=18215 t=0.11s
Ep  394: len= 40 白胜 loss=27.8968 temp=1.00 total_env_steps=18255 t=0.15s
Ep  395: len= 54 白胜 loss=28.0537 temp=1.00 total_env_steps=18309 t=0.18s
Ep  396: len= 45 黑胜 loss=27.8644 temp=1.00 total_env_steps=18354 t=0.15s
Ep  397: len= 52 白胜 loss=28.0422 temp=1.00 total_env_steps=18406 t=0.17s
Ep  398: len= 48 白胜 loss=27.8198 temp=1.00 total_env_steps=18454 t=0.15s
Ep  399: len= 40 白胜 loss=27.9842 temp=1.00 total_env_steps=18494 t=0.14s
Ep  400: len= 37 黑胜 loss=28.0069 temp=1.00 total_env_steps=18531 t=0.14s
Ep  401: len= 49 黑胜 loss=27.6524 temp=1.00 total_env_steps=18580 t=0.17s
Ep  402: len= 41 黑胜 loss=27.7714 temp=1.00 total_env_steps=18621 t=0.15s
Ep  403: len= 53 黑胜 loss=28.0758 temp=1.00 total_env_steps=18674 t=0.17s
Ep  404: len= 43 黑胜 loss=27.8376 temp=1.00 total_env_steps=18717 t=0.15s
Ep  405: len= 48 白胜 loss=28.0826 temp=1.00 total_env_steps=18765 t=0.17s
Ep  406: len= 45 黑胜 loss=27.7832 temp=1.00 total_env_steps=18810 t=0.17s
Ep  407: len= 40 白胜 loss=27.8723 temp=1.00 total_env_steps=18850 t=0.14s
Ep  408: len= 54 白胜 loss=27.7713 temp=1.00 total_env_steps=18904 t=0.18s
Ep  409: len= 37 黑胜 loss=27.9912 temp=1.00 total_env_steps=18941 t=0.14s
Ep  410: len= 49 黑胜 loss=28.0029 temp=1.00 total_env_steps=18990 t=0.17s
Ep  411: len= 58 白胜 loss=27.9536 temp=1.00 total_env_steps=19048 t=0.18s
Ep  412: len= 67 黑胜 loss=27.9162 temp=1.00 total_env_steps=19115 t=0.22s
Ep  413: len= 33 黑胜 loss=27.9309 temp=1.00 total_env_steps=19148 t=0.13s
Ep  414: len= 31 黑胜 loss=27.9422 temp=1.00 total_env_steps=19179 t=0.13s
Ep  415: len= 35 黑胜 loss=27.8269 temp=1.00 total_env_steps=19214 t=0.14s
Ep  416: len= 36 白胜 loss=27.6424 temp=1.00 total_env_steps=19250 t=0.13s
Ep  417: len= 42 白胜 loss=27.5931 temp=1.00 total_env_steps=19292 t=0.14s
Ep  418: len= 44 白胜 loss=27.7190 temp=1.00 total_env_steps=19336 t=0.14s
Ep  419: len= 29 黑胜 loss=27.7189 temp=1.00 total_env_steps=19365 t=0.11s
Ep  420: len= 34 白胜 loss=28.0463 temp=1.00 total_env_steps=19399 t=0.12s
Ep  421: len= 32 白胜 loss=27.9814 temp=1.00 total_env_steps=19431 t=0.12s
Ep  422: len= 75 黑胜 loss=27.9486 temp=1.00 total_env_steps=19506 t=0.22s
Ep  423: len= 33 黑胜 loss=27.9486 temp=1.00 total_env_steps=19539 t=0.11s
Ep  424: len= 33 黑胜 loss=27.9828 temp=1.00 total_env_steps=19572 t=0.11s
Ep  425: len= 49 黑胜 loss=27.8029 temp=1.00 total_env_steps=19621 t=0.16s
Ep  426: len= 35 黑胜 loss=27.7299 temp=1.00 total_env_steps=19656 t=0.12s
Ep  427: len= 36 白胜 loss=27.7634 temp=1.00 total_env_steps=19692 t=0.12s
Ep  428: len= 31 黑胜 loss=27.9999 temp=1.00 total_env_steps=19723 t=0.11s
Ep  429: len= 31 黑胜 loss=27.7031 temp=1.00 total_env_steps=19754 t=0.11s
Ep  430: len= 48 白胜 loss=27.9342 temp=1.00 total_env_steps=19802 t=0.15s
Ep  431: len= 49 黑胜 loss=27.9250 temp=1.00 total_env_steps=19851 t=0.16s
Ep  432: len= 66 白胜 loss=27.9773 temp=1.00 total_env_steps=19917 t=0.19s
Ep  433: len= 52 白胜 loss=27.9643 temp=1.00 total_env_steps=19969 t=0.16s
Ep  434: len= 43 黑胜 loss=27.6953 temp=1.00 total_env_steps=20012 t=0.15s
Ep  435: len= 55 黑胜 loss=27.9697 temp=1.00 total_env_steps=20067 t=0.16s
Ep  436: len= 44 白胜 loss=28.0022 temp=1.00 total_env_steps=20111 t=0.14s
Ep  437: len= 38 白胜 loss=27.6269 temp=1.00 total_env_steps=20149 t=0.13s
Ep  438: len= 41 黑胜 loss=27.7714 temp=1.00 total_env_steps=20190 t=0.13s
Ep  439: len= 38 白胜 loss=27.7790 temp=1.00 total_env_steps=20228 t=0.12s
Ep  440: len= 32 白胜 loss=27.9712 temp=1.00 total_env_steps=20260 t=0.11s
Ep  441: len= 49 黑胜 loss=27.6747 temp=1.00 total_env_steps=20309 t=0.16s
Ep  442: len= 57 黑胜 loss=27.7270 temp=1.00 total_env_steps=20366 t=0.18s
Ep  443: len= 38 白胜 loss=28.1107 temp=1.00 total_env_steps=20404 t=0.13s
Ep  444: len= 30 白胜 loss=27.8267 temp=1.00 total_env_steps=20434 t=0.11s
Ep  445: len= 34 白胜 loss=27.7591 temp=1.00 total_env_steps=20468 t=0.12s
Ep  446: len= 67 黑胜 loss=27.9275 temp=1.00 total_env_steps=20535 t=0.23s
Ep  447: len= 43 黑胜 loss=27.8339 temp=1.00 total_env_steps=20578 t=0.14s
Ep  448: len= 23 黑胜 loss=27.9516 temp=1.00 total_env_steps=20601 t=0.10s
Ep  449: len= 45 黑胜 loss=27.9567 temp=1.00 total_env_steps=20646 t=0.15s
Ep  450: len= 39 黑胜 loss=27.9302 temp=1.00 total_env_steps=20685 t=0.14s
Ep  451: len= 49 黑胜 loss=27.9304 temp=1.00 total_env_steps=20734 t=0.15s
Ep  452: len= 39 黑胜 loss=27.8092 temp=1.00 total_env_steps=20773 t=0.13s
Ep  453: len= 40 白胜 loss=27.8552 temp=1.00 total_env_steps=20813 t=0.13s
Ep  454: len= 45 黑胜 loss=27.9478 temp=1.00 total_env_steps=20858 t=0.15s
Ep  455: len= 48 白胜 loss=28.0551 temp=1.00 total_env_steps=20906 t=0.16s
Ep  456: len= 31 黑胜 loss=27.9931 temp=1.00 total_env_steps=20937 t=0.12s
Ep  457: len= 26 白胜 loss=27.6995 temp=1.00 total_env_steps=20963 t=0.10s
Ep  458: len= 32 白胜 loss=27.6773 temp=1.00 total_env_steps=20995 t=0.12s
Ep  459: len= 33 黑胜 loss=27.7940 temp=1.00 total_env_steps=21028 t=0.12s
Ep  460: len= 35 黑胜 loss=27.9419 temp=1.00 total_env_steps=21063 t=0.12s
Ep  461: len= 47 黑胜 loss=27.6363 temp=1.00 total_env_steps=21110 t=0.16s
Ep  462: len= 46 白胜 loss=27.6685 temp=1.00 total_env_steps=21156 t=0.16s
Ep  463: len= 58 白胜 loss=27.8139 temp=1.00 total_env_steps=21214 t=0.20s
Ep  464: len= 23 黑胜 loss=27.9220 temp=1.00 total_env_steps=21237 t=0.10s
Ep  465: len= 38 白胜 loss=27.8452 temp=1.00 total_env_steps=21275 t=0.13s
Ep  466: len= 38 白胜 loss=27.7742 temp=1.00 total_env_steps=21313 t=0.14s
Ep  467: len= 32 白胜 loss=27.6804 temp=1.00 total_env_steps=21345 t=0.12s
Ep  468: len= 25 黑胜 loss=27.9821 temp=1.00 total_env_steps=21370 t=0.11s
Ep  469: len= 35 黑胜 loss=27.6973 temp=1.00 total_env_steps=21405 t=0.13s
Ep  470: len= 40 白胜 loss=27.7277 temp=1.00 total_env_steps=21445 t=0.15s
Ep  471: len= 30 白胜 loss=28.0245 temp=1.00 total_env_steps=21475 t=0.12s
Ep  472: len= 63 黑胜 loss=28.0129 temp=1.00 total_env_steps=21538 t=0.22s
Ep  473: len= 64 白胜 loss=27.8139 temp=1.00 total_env_steps=21602 t=0.20s
Ep  474: len= 36 白胜 loss=27.8632 temp=1.00 total_env_steps=21638 t=0.13s
Ep  475: len= 24 白胜 loss=27.9316 temp=1.00 total_env_steps=21662 t=0.11s
Ep  476: len= 34 白胜 loss=27.6883 temp=1.00 total_env_steps=21696 t=0.13s
Ep  477: len= 50 白胜 loss=27.8682 temp=1.00 total_env_steps=21746 t=0.16s
Ep  478: len= 38 白胜 loss=27.9024 temp=1.00 total_env_steps=21784 t=0.12s
Ep  479: len= 41 黑胜 loss=27.9465 temp=1.00 total_env_steps=21825 t=0.13s
Ep  480: len= 66 白胜 loss=27.7318 temp=1.00 total_env_steps=21891 t=0.21s
Ep  481: len= 37 黑胜 loss=27.7134 temp=1.00 total_env_steps=21928 t=0.13s
Ep  482: len= 33 黑胜 loss=28.0109 temp=1.00 total_env_steps=21961 t=0.11s
Ep  483: len= 45 黑胜 loss=27.6734 temp=1.00 total_env_steps=22006 t=0.16s
Ep  484: len= 23 黑胜 loss=27.8186 temp=1.00 total_env_steps=22029 t=0.10s
Ep  485: len= 32 白胜 loss=27.7107 temp=1.00 total_env_steps=22061 t=0.13s
Ep  486: len= 42 白胜 loss=27.9071 temp=1.00 total_env_steps=22103 t=0.14s
Ep  487: len= 32 白胜 loss=27.8141 temp=1.00 total_env_steps=22135 t=0.12s
Ep  488: len= 20 白胜 loss=27.6025 temp=1.00 total_env_steps=22155 t=0.10s
Ep  489: len= 35 黑胜 loss=27.7583 temp=1.00 total_env_steps=22190 t=0.13s
Ep  490: len= 34 白胜 loss=27.9760 temp=1.00 total_env_steps=22224 t=0.12s
Ep  491: len= 45 黑胜 loss=27.6119 temp=1.00 total_env_steps=22269 t=0.15s
Ep  492: len= 41 黑胜 loss=27.8704 temp=1.00 total_env_steps=22310 t=0.13s
Ep  493: len= 32 白胜 loss=27.7976 temp=1.00 total_env_steps=22342 t=0.12s
Ep  494: len= 55 黑胜 loss=27.6534 temp=1.00 total_env_steps=22397 t=0.18s
Ep  495: len= 33 黑胜 loss=27.9534 temp=1.00 total_env_steps=22430 t=0.12s
Ep  496: len= 54 白胜 loss=27.7780 temp=1.00 total_env_steps=22484 t=0.18s
Ep  497: len= 35 黑胜 loss=27.6589 temp=1.00 total_env_steps=22519 t=0.12s
Ep  498: len= 62 白胜 loss=27.6907 temp=1.00 total_env_steps=22581 t=0.19s
Ep  499: len= 50 白胜 loss=27.8874 temp=1.00 total_env_steps=22631 t=0.16s
Ep  500: len= 73 黑胜 loss=27.6874 temp=1.00 total_env_steps=22704 t=0.22s
  eval vs Gomoku-random-v0: win_rate=1.00 mean_return=1.00（20 局，total_env_steps=22704）
  ✅ 达标 ep=500 total_env_steps=22704
Ep  501: len= 40 白胜 loss=27.5879 temp=1.00 total_env_steps=22744 t=0.14s
Ep  502: len= 41 黑胜 loss=28.0748 temp=1.00 total_env_steps=22785 t=0.13s
Ep  503: len= 32 白胜 loss=27.7580 temp=1.00 total_env_steps=22817 t=0.11s
Ep  504: len= 34 白胜 loss=28.0111 temp=1.00 total_env_steps=22851 t=0.12s
Ep  505: len= 47 黑胜 loss=27.9577 temp=1.00 total_env_steps=22898 t=0.16s
Ep  506: len= 25 黑胜 loss=27.6634 temp=1.00 total_env_steps=22923 t=0.10s
Ep  507: len= 37 黑胜 loss=27.8746 temp=1.00 total_env_steps=22960 t=0.12s
Ep  508: len= 36 白胜 loss=27.7761 temp=1.00 total_env_steps=22996 t=0.13s
Ep  509: len= 40 白胜 loss=27.6178 temp=1.00 total_env_steps=23036 t=0.16s
Ep  510: len= 43 黑胜 loss=27.8019 temp=1.00 total_env_steps=23079 t=0.14s
Ep  511: len= 33 黑胜 loss=27.8178 temp=1.00 total_env_steps=23112 t=0.12s
Ep  512: len= 35 黑胜 loss=27.8464 temp=1.00 total_env_steps=23147 t=0.13s
Ep  513: len= 21 黑胜 loss=27.8521 temp=1.00 total_env_steps=23168 t=0.09s
Ep  514: len= 39 黑胜 loss=27.7705 temp=1.00 total_env_steps=23207 t=0.14s
Ep  515: len= 21 黑胜 loss=27.7144 temp=1.00 total_env_steps=23228 t=0.11s
Ep  516: len= 36 白胜 loss=27.6373 temp=1.00 total_env_steps=23264 t=0.13s
Ep  517: len= 45 黑胜 loss=27.7583 temp=1.00 total_env_steps=23309 t=0.16s
Ep  518: len= 55 黑胜 loss=27.6317 temp=1.00 total_env_steps=23364 t=0.19s
Ep  519: len= 24 白胜 loss=27.8539 temp=1.00 total_env_steps=23388 t=0.10s
Ep  520: len= 70 白胜 loss=27.9237 temp=1.00 total_env_steps=23458 t=0.20s
Ep  521: len= 69 黑胜 loss=27.6808 temp=1.00 total_env_steps=23527 t=0.21s
Ep  522: len= 44 白胜 loss=27.8801 temp=1.00 total_env_steps=23571 t=0.14s
Ep  523: len= 23 黑胜 loss=27.7832 temp=1.00 total_env_steps=23594 t=0.09s
Ep  524: len= 39 黑胜 loss=27.9140 temp=1.00 total_env_steps=23633 t=0.14s
Ep  525: len= 34 白胜 loss=27.7473 temp=1.00 total_env_steps=23667 t=0.12s
Ep  526: len= 35 黑胜 loss=27.5988 temp=1.00 total_env_steps=23702 t=0.12s
Ep  527: len= 67 黑胜 loss=27.6193 temp=1.00 total_env_steps=23769 t=0.19s
Ep  528: len= 44 白胜 loss=27.6716 temp=1.00 total_env_steps=23813 t=0.14s
Ep  529: len= 27 黑胜 loss=27.6688 temp=1.00 total_env_steps=23840 t=0.10s
Ep  530: len= 48 白胜 loss=27.8886 temp=1.00 total_env_steps=23888 t=0.15s
Ep  531: len= 42 白胜 loss=27.8403 temp=1.00 total_env_steps=23930 t=0.14s
Ep  532: len= 30 白胜 loss=27.7473 temp=1.00 total_env_steps=23960 t=0.11s
Ep  533: len= 37 黑胜 loss=27.4353 temp=1.00 total_env_steps=23997 t=0.12s
Ep  534: len= 47 黑胜 loss=27.9816 temp=1.00 total_env_steps=24044 t=0.14s
Ep  535: len= 67 黑胜 loss=27.6432 temp=1.00 total_env_steps=24111 t=0.18s
Ep  536: len= 20 白胜 loss=27.6495 temp=1.00 total_env_steps=24131 t=0.08s
Ep  537: len= 26 白胜 loss=27.5979 temp=1.00 total_env_steps=24157 t=0.10s
Ep  538: len= 66 白胜 loss=27.7047 temp=1.00 total_env_steps=24223 t=0.18s
Ep  539: len= 23 黑胜 loss=27.6314 temp=1.00 total_env_steps=24246 t=0.10s
Ep  540: len= 62 白胜 loss=27.9076 temp=1.00 total_env_steps=24308 t=0.17s
Ep  541: len= 70 白胜 loss=27.6352 temp=1.00 total_env_steps=24378 t=0.20s
Ep  542: len= 35 黑胜 loss=27.8492 temp=1.00 total_env_steps=24413 t=0.11s
Ep  543: len= 50 白胜 loss=27.8662 temp=1.00 total_env_steps=24463 t=0.15s
Ep  544: len= 51 黑胜 loss=27.9111 temp=1.00 total_env_steps=24514 t=0.17s
Ep  545: len= 36 白胜 loss=27.7777 temp=1.00 total_env_steps=24550 t=0.11s
Ep  546: len= 60 白胜 loss=27.7102 temp=1.00 total_env_steps=24610 t=0.17s
Ep  547: len= 36 白胜 loss=27.6419 temp=1.00 total_env_steps=24646 t=0.12s
Ep  548: len= 19 黑胜 loss=27.5066 temp=1.00 total_env_steps=24665 t=0.09s
Ep  549: len= 34 白胜 loss=27.7337 temp=1.00 total_env_steps=24699 t=0.12s
Ep  550: len= 32 白胜 loss=27.7957 temp=1.00 total_env_steps=24731 t=0.11s
Ep  551: len= 24 白胜 loss=27.4939 temp=1.00 total_env_steps=24755 t=0.09s
Ep  552: len= 74 白胜 loss=27.5760 temp=1.00 total_env_steps=24829 t=0.23s
Ep  553: len= 33 黑胜 loss=27.6722 temp=1.00 total_env_steps=24862 t=0.13s
Ep  554: len= 40 白胜 loss=27.6433 temp=1.00 total_env_steps=24902 t=0.14s
Ep  555: len= 21 黑胜 loss=27.7403 temp=1.00 total_env_steps=24923 t=0.09s
Ep  556: len= 32 白胜 loss=27.8276 temp=1.00 total_env_steps=24955 t=0.11s
Ep  557: len= 75 黑胜 loss=27.6541 temp=1.00 total_env_steps=25030 t=0.24s
Ep  558: len= 31 黑胜 loss=27.8910 temp=1.00 total_env_steps=25061 t=0.11s
Ep  559: len= 33 黑胜 loss=27.8001 temp=1.00 total_env_steps=25094 t=0.12s
Ep  560: len= 29 黑胜 loss=27.7676 temp=1.00 total_env_steps=25123 t=0.12s
Ep  561: len= 44 白胜 loss=27.9444 temp=1.00 total_env_steps=25167 t=0.14s
Ep  562: len= 31 黑胜 loss=27.4935 temp=1.00 total_env_steps=25198 t=0.12s
Ep  563: len= 45 黑胜 loss=27.8939 temp=1.00 total_env_steps=25243 t=0.16s
Ep  564: len= 32 白胜 loss=27.6249 temp=1.00 total_env_steps=25275 t=0.12s
Ep  565: len= 52 白胜 loss=27.5831 temp=1.00 total_env_steps=25327 t=0.17s
Ep  566: len= 64 白胜 loss=27.8148 temp=1.00 total_env_steps=25391 t=0.19s
Ep  567: len= 44 白胜 loss=27.8619 temp=1.00 total_env_steps=25435 t=0.14s
Ep  568: len= 45 黑胜 loss=27.7637 temp=1.00 total_env_steps=25480 t=0.15s
Ep  569: len= 29 黑胜 loss=27.6566 temp=1.00 total_env_steps=25509 t=0.10s
Ep  570: len= 47 黑胜 loss=27.8379 temp=1.00 total_env_steps=25556 t=0.16s
Ep  571: len= 34 白胜 loss=27.5523 temp=1.00 total_env_steps=25590 t=0.11s
Ep  572: len= 42 白胜 loss=27.5109 temp=1.00 total_env_steps=25632 t=0.14s
Ep  573: len= 46 白胜 loss=27.7891 temp=1.00 total_env_steps=25678 t=0.15s
Ep  574: len= 45 黑胜 loss=27.7957 temp=1.00 total_env_steps=25723 t=0.16s
Ep  575: len= 43 黑胜 loss=27.6026 temp=1.00 total_env_steps=25766 t=0.13s
Ep  576: len= 37 黑胜 loss=27.5497 temp=1.00 total_env_steps=25803 t=0.12s
Ep  577: len= 64 白胜 loss=27.6518 temp=1.00 total_env_steps=25867 t=0.18s
Ep  578: len= 28 白胜 loss=27.5892 temp=1.00 total_env_steps=25895 t=0.12s
Ep  579: len= 39 黑胜 loss=27.6428 temp=1.00 total_env_steps=25934 t=0.13s
Ep  580: len= 34 白胜 loss=27.6356 temp=1.00 total_env_steps=25968 t=0.11s
Ep  581: len= 43 黑胜 loss=27.6965 temp=1.00 total_env_steps=26011 t=0.15s
Ep  582: len= 49 黑胜 loss=27.5049 temp=1.00 total_env_steps=26060 t=0.16s
Ep  583: len= 55 黑胜 loss=27.4850 temp=1.00 total_env_steps=26115 t=0.15s
Ep  584: len= 26 白胜 loss=27.5215 temp=1.00 total_env_steps=26141 t=0.09s
Ep  585: len= 35 黑胜 loss=27.6263 temp=1.00 total_env_steps=26176 t=0.11s
Ep  586: len= 52 白胜 loss=27.6442 temp=1.00 total_env_steps=26228 t=0.17s
Ep  587: len= 23 黑胜 loss=27.7404 temp=1.00 total_env_steps=26251 t=0.09s
Ep  588: len= 25 黑胜 loss=27.7886 temp=1.00 total_env_steps=26276 t=0.10s
Ep  589: len= 27 黑胜 loss=27.6011 temp=1.00 total_env_steps=26303 t=0.10s
Ep  590: len= 46 白胜 loss=27.3755 temp=1.00 total_env_steps=26349 t=0.14s
Ep  591: len= 25 黑胜 loss=27.7295 temp=1.00 total_env_steps=26374 t=0.09s
Ep  592: len= 40 白胜 loss=27.6581 temp=1.00 total_env_steps=26414 t=0.12s
Ep  593: len= 36 白胜 loss=27.8210 temp=1.00 total_env_steps=26450 t=0.12s
Ep  594: len= 76 白胜 loss=27.5432 temp=1.00 total_env_steps=26526 t=0.20s
Ep  595: len= 36 白胜 loss=27.5754 temp=1.00 total_env_steps=26562 t=0.11s
Ep  596: len= 37 黑胜 loss=27.7349 temp=1.00 total_env_steps=26599 t=0.13s
Ep  597: len= 34 白胜 loss=27.6828 temp=1.00 total_env_steps=26633 t=0.13s
Ep  598: len= 40 白胜 loss=27.6664 temp=1.00 total_env_steps=26673 t=0.12s
Ep  599: len= 27 黑胜 loss=27.7176 temp=1.00 total_env_steps=26700 t=0.10s
Ep  600: len= 41 黑胜 loss=27.5220 temp=1.00 total_env_steps=26741 t=0.13s
Ep  601: len= 59 黑胜 loss=27.6386 temp=1.00 total_env_steps=26800 t=0.16s
Ep  602: len= 54 白胜 loss=27.5743 temp=1.00 total_env_steps=26854 t=0.16s
Ep  603: len= 48 白胜 loss=27.6318 temp=1.00 total_env_steps=26902 t=0.15s
Ep  604: len= 46 白胜 loss=27.5884 temp=1.00 total_env_steps=26948 t=0.14s
Ep  605: len= 32 白胜 loss=27.5671 temp=1.00 total_env_steps=26980 t=0.11s
Ep  606: len= 45 黑胜 loss=27.6120 temp=1.00 total_env_steps=27025 t=0.14s
Ep  607: len= 18 白胜 loss=27.6009 temp=1.00 total_env_steps=27043 t=0.08s
Ep  608: len= 26 白胜 loss=27.7218 temp=1.00 total_env_steps=27069 t=0.10s
Ep  609: len= 79 黑胜 loss=27.4750 temp=1.00 total_env_steps=27148 t=0.24s
Ep  610: len= 44 白胜 loss=27.4867 temp=1.00 total_env_steps=27192 t=0.13s
Ep  611: len= 48 白胜 loss=27.9131 temp=1.00 total_env_steps=27240 t=0.16s
Ep  612: len= 43 黑胜 loss=27.4935 temp=1.00 total_env_steps=27283 t=0.14s
Ep  613: len= 45 黑胜 loss=27.5860 temp=1.00 total_env_steps=27328 t=0.14s
Ep  614: len= 27 黑胜 loss=27.6804 temp=1.00 total_env_steps=27355 t=0.10s
Ep  615: len= 37 黑胜 loss=27.4821 temp=1.00 total_env_steps=27392 t=0.12s
Ep  616: len= 53 黑胜 loss=27.7921 temp=1.00 total_env_steps=27445 t=0.18s
Ep  617: len= 37 黑胜 loss=27.6301 temp=1.00 total_env_steps=27482 t=0.12s
Ep  618: len= 33 黑胜 loss=27.4923 temp=1.00 total_env_steps=27515 t=0.14s
Ep  619: len= 32 白胜 loss=27.5610 temp=1.00 total_env_steps=27547 t=0.11s
Ep  620: len= 39 黑胜 loss=27.7616 temp=1.00 total_env_steps=27586 t=0.14s
Ep  621: len= 38 白胜 loss=27.5548 temp=1.00 total_env_steps=27624 t=0.14s
Ep  622: len= 49 黑胜 loss=27.6495 temp=1.00 total_env_steps=27673 t=0.16s
Ep  623: len= 57 黑胜 loss=27.4605 temp=1.00 total_env_steps=27730 t=0.19s
Ep  624: len= 44 白胜 loss=27.5351 temp=1.00 total_env_steps=27774 t=0.15s
Ep  625: len= 23 黑胜 loss=27.5406 temp=1.00 total_env_steps=27797 t=0.10s
Ep  626: len= 28 白胜 loss=27.5892 temp=1.00 total_env_steps=27825 t=0.10s
Ep  627: len= 42 白胜 loss=27.6805 temp=1.00 total_env_steps=27867 t=0.16s
Ep  628: len= 25 黑胜 loss=27.3194 temp=1.00 total_env_steps=27892 t=0.10s
Ep  629: len= 77 黑胜 loss=27.7544 temp=1.00 total_env_steps=27969 t=0.23s
Ep  630: len= 52 白胜 loss=27.6347 temp=1.00 total_env_steps=28021 t=0.17s
Ep  631: len= 46 白胜 loss=27.6392 temp=1.00 total_env_steps=28067 t=0.16s
Ep  632: len= 27 黑胜 loss=27.6201 temp=1.00 total_env_steps=28094 t=0.11s
Ep  633: len= 43 黑胜 loss=27.7186 temp=1.00 total_env_steps=28137 t=0.16s
Ep  634: len= 64 白胜 loss=27.3020 temp=1.00 total_env_steps=28201 t=0.22s
Ep  635: len= 21 黑胜 loss=27.6394 temp=1.00 total_env_steps=28222 t=0.11s
Ep  636: len= 34 白胜 loss=27.5769 temp=1.00 total_env_steps=28256 t=0.11s
Ep  637: len= 37 黑胜 loss=27.4298 temp=1.00 total_env_steps=28293 t=0.11s
Ep  638: len= 44 白胜 loss=27.6020 temp=1.00 total_env_steps=28337 t=0.13s
Ep  639: len= 18 白胜 loss=27.5862 temp=1.00 total_env_steps=28355 t=0.08s
Ep  640: len= 39 黑胜 loss=27.6178 temp=1.00 total_env_steps=28394 t=0.14s
Ep  641: len= 55 黑胜 loss=27.5896 temp=1.00 total_env_steps=28449 t=0.19s
Ep  642: len= 68 白胜 loss=27.5867 temp=1.00 total_env_steps=28517 t=0.19s
Ep  643: len= 23 黑胜 loss=27.5079 temp=1.00 total_env_steps=28540 t=0.09s
Ep  644: len= 36 白胜 loss=27.3360 temp=1.00 total_env_steps=28576 t=0.13s
Ep  645: len= 27 黑胜 loss=27.5452 temp=1.00 total_env_steps=28603 t=0.11s
Ep  646: len= 49 黑胜 loss=27.4110 temp=1.00 total_env_steps=28652 t=0.14s
Ep  647: len= 51 黑胜 loss=27.3484 temp=1.00 total_env_steps=28703 t=0.14s
Ep  648: len= 42 白胜 loss=27.2316 temp=1.00 total_env_steps=28745 t=0.13s
Ep  649: len= 37 黑胜 loss=27.3555 temp=1.00 total_env_steps=28782 t=0.12s
Ep  650: len= 36 白胜 loss=27.2635 temp=1.00 total_env_steps=28818 t=0.12s
Ep  651: len= 45 黑胜 loss=27.4528 temp=1.00 total_env_steps=28863 t=0.14s
Ep  652: len= 59 黑胜 loss=27.4206 temp=1.00 total_env_steps=28922 t=0.16s
Ep  653: len= 28 白胜 loss=27.4839 temp=1.00 total_env_steps=28950 t=0.10s
Ep  654: len= 61 黑胜 loss=27.4051 temp=1.00 total_env_steps=29011 t=0.20s
Ep  655: len= 43 黑胜 loss=27.6136 temp=1.00 total_env_steps=29054 t=0.14s
Ep  656: len= 27 黑胜 loss=27.6068 temp=1.00 total_env_steps=29081 t=0.10s
Ep  657: len= 32 白胜 loss=27.5317 temp=1.00 total_env_steps=29113 t=0.11s
Ep  658: len= 50 白胜 loss=27.6987 temp=1.00 total_env_steps=29163 t=0.18s
Ep  659: len= 27 黑胜 loss=27.0789 temp=1.00 total_env_steps=29190 t=0.11s
Ep  660: len= 23 黑胜 loss=27.5970 temp=1.00 total_env_steps=29213 t=0.09s
Ep  661: len= 29 黑胜 loss=27.6231 temp=1.00 total_env_steps=29242 t=0.10s
Ep  662: len= 33 黑胜 loss=27.4693 temp=1.00 total_env_steps=29275 t=0.11s
Ep  663: len= 33 黑胜 loss=27.7193 temp=1.00 total_env_steps=29308 t=0.11s
Ep  664: len= 28 白胜 loss=27.6356 temp=1.00 total_env_steps=29336 t=0.10s
Ep  665: len= 35 黑胜 loss=27.3333 temp=1.00 total_env_steps=29371 t=0.11s
Ep  666: len= 34 白胜 loss=27.4307 temp=1.00 total_env_steps=29405 t=0.11s
Ep  667: len= 46 白胜 loss=27.8117 temp=1.00 total_env_steps=29451 t=0.14s
Ep  668: len= 17 黑胜 loss=27.6621 temp=1.00 total_env_steps=29468 t=0.08s
Ep  669: len= 35 黑胜 loss=27.6782 temp=1.00 total_env_steps=29503 t=0.12s
Ep  670: len= 39 黑胜 loss=27.6826 temp=1.00 total_env_steps=29542 t=0.12s
Ep  671: len= 35 黑胜 loss=27.6129 temp=1.00 total_env_steps=29577 t=0.13s
Ep  672: len= 36 白胜 loss=27.6028 temp=1.00 total_env_steps=29613 t=0.12s
Ep  673: len= 38 白胜 loss=27.2379 temp=1.00 total_env_steps=29651 t=0.12s
Ep  674: len= 66 白胜 loss=27.6378 temp=1.00 total_env_steps=29717 t=0.19s
Ep  675: len= 28 白胜 loss=27.3816 temp=1.00 total_env_steps=29745 t=0.12s
Ep  676: len= 28 白胜 loss=27.2404 temp=1.00 total_env_steps=29773 t=0.13s
Ep  677: len= 32 白胜 loss=27.3394 temp=1.00 total_env_steps=29805 t=0.12s
Ep  678: len= 21 黑胜 loss=27.3934 temp=1.00 total_env_steps=29826 t=0.10s
Ep  679: len= 26 白胜 loss=27.6140 temp=1.00 total_env_steps=29852 t=0.09s
Ep  680: len= 40 白胜 loss=27.5466 temp=1.00 total_env_steps=29892 t=0.13s
Ep  681: len= 59 黑胜 loss=27.5885 temp=1.00 total_env_steps=29951 t=0.19s
Ep  682: len= 36 白胜 loss=27.4895 temp=1.00 total_env_steps=29987 t=0.12s
Ep  683: len= 36 白胜 loss=27.5850 temp=1.00 total_env_steps=30023 t=0.12s
Ep  684: len= 23 黑胜 loss=27.8947 temp=1.00 total_env_steps=30046 t=0.09s
Ep  685: len= 47 黑胜 loss=27.6038 temp=1.00 total_env_steps=30093 t=0.17s
Ep  686: len= 26 白胜 loss=27.5600 temp=1.00 total_env_steps=30119 t=0.10s
Ep  687: len= 22 白胜 loss=27.4565 temp=1.00 total_env_steps=30141 t=0.08s
Ep  688: len= 62 白胜 loss=27.5629 temp=1.00 total_env_steps=30203 t=0.19s
Ep  689: len= 44 白胜 loss=27.6087 temp=1.00 total_env_steps=30247 t=0.14s
Ep  690: len= 31 黑胜 loss=27.3843 temp=1.00 total_env_steps=30278 t=0.11s
Ep  691: len= 32 白胜 loss=27.3915 temp=1.00 total_env_steps=30310 t=0.11s
Ep  692: len= 47 黑胜 loss=27.3687 temp=1.00 total_env_steps=30357 t=0.15s
Ep  693: len= 37 黑胜 loss=27.5536 temp=1.00 total_env_steps=30394 t=0.12s
Ep  694: len= 30 白胜 loss=27.5106 temp=1.00 total_env_steps=30424 t=0.10s
Ep  695: len= 48 白胜 loss=27.5218 temp=1.00 total_env_steps=30472 t=0.15s
Ep  696: len= 35 黑胜 loss=27.8288 temp=1.00 total_env_steps=30507 t=0.12s
Ep  697: len= 58 白胜 loss=27.3221 temp=1.00 total_env_steps=30565 t=0.20s
Ep  698: len= 27 黑胜 loss=27.2752 temp=1.00 total_env_steps=30592 t=0.10s
Ep  699: len= 25 黑胜 loss=27.1905 temp=1.00 total_env_steps=30617 t=0.09s
Ep  700: len= 33 黑胜 loss=27.2777 temp=1.00 total_env_steps=30650 t=0.11s
Ep  701: len= 46 白胜 loss=27.4339 temp=1.00 total_env_steps=30696 t=0.13s
Ep  702: len= 73 黑胜 loss=27.6402 temp=1.00 total_env_steps=30769 t=0.20s
Ep  703: len= 36 白胜 loss=27.4768 temp=1.00 total_env_steps=30805 t=0.14s
Ep  704: len= 59 黑胜 loss=27.5777 temp=1.00 total_env_steps=30864 t=0.19s
Ep  705: len= 27 黑胜 loss=27.6050 temp=1.00 total_env_steps=30891 t=0.09s
Ep  706: len= 48 白胜 loss=27.6632 temp=1.00 total_env_steps=30939 t=0.15s
Ep  707: len= 44 白胜 loss=27.4410 temp=1.00 total_env_steps=30983 t=0.15s
Ep  708: len= 35 黑胜 loss=27.6165 temp=1.00 total_env_steps=31018 t=0.15s
Ep  709: len= 21 黑胜 loss=27.6164 temp=1.00 total_env_steps=31039 t=0.09s
Ep  710: len= 40 白胜 loss=27.3166 temp=1.00 total_env_steps=31079 t=0.15s
Ep  711: len= 30 白胜 loss=27.6193 temp=1.00 total_env_steps=31109 t=0.10s
Ep  712: len= 34 白胜 loss=27.4313 temp=1.00 total_env_steps=31143 t=0.13s
Ep  713: len= 28 白胜 loss=27.3776 temp=1.00 total_env_steps=31171 t=0.10s
Ep  714: len= 23 黑胜 loss=27.3649 temp=1.00 total_env_steps=31194 t=0.09s
Ep  715: len= 42 白胜 loss=27.2800 temp=1.00 total_env_steps=31236 t=0.13s
Ep  716: len= 38 白胜 loss=27.1939 temp=1.00 total_env_steps=31274 t=0.12s
Ep  717: len= 49 黑胜 loss=27.5109 temp=1.00 total_env_steps=31323 t=0.16s
Ep  718: len= 39 黑胜 loss=27.8264 temp=1.00 total_env_steps=31362 t=0.13s
Ep  719: len= 27 黑胜 loss=27.7226 temp=1.00 total_env_steps=31389 t=0.10s
Ep  720: len= 50 白胜 loss=27.3342 temp=1.00 total_env_steps=31439 t=0.19s
Ep  721: len= 33 黑胜 loss=27.2412 temp=1.00 total_env_steps=31472 t=0.11s
Ep  722: len= 38 白胜 loss=27.3314 temp=1.00 total_env_steps=31510 t=0.14s
Ep  723: len= 36 白胜 loss=27.4730 temp=1.00 total_env_steps=31546 t=0.12s
Ep  724: len= 40 白胜 loss=27.4452 temp=1.00 total_env_steps=31586 t=0.12s
Ep  725: len= 23 黑胜 loss=27.3680 temp=1.00 total_env_steps=31609 t=0.09s
Ep  726: len= 41 黑胜 loss=27.3338 temp=1.00 total_env_steps=31650 t=0.14s
Ep  727: len= 26 白胜 loss=27.5518 temp=1.00 total_env_steps=31676 t=0.10s
Ep  728: len= 34 白胜 loss=27.3103 temp=1.00 total_env_steps=31710 t=0.12s
Ep  729: len= 35 黑胜 loss=27.2968 temp=1.00 total_env_steps=31745 t=0.13s
Ep  730: len= 33 黑胜 loss=27.6101 temp=1.00 total_env_steps=31778 t=0.12s
Ep  731: len= 43 黑胜 loss=27.4393 temp=1.00 total_env_steps=31821 t=0.14s
Ep  732: len= 53 黑胜 loss=27.1699 temp=1.00 total_env_steps=31874 t=0.17s
Ep  733: len= 39 黑胜 loss=27.3368 temp=1.00 total_env_steps=31913 t=0.12s
Ep  734: len= 57 黑胜 loss=27.4697 temp=1.00 total_env_steps=31970 t=0.20s
Ep  735: len= 35 黑胜 loss=27.4613 temp=1.00 total_env_steps=32005 t=0.12s
Ep  736: len= 48 白胜 loss=27.7100 temp=1.00 total_env_steps=32053 t=0.16s
Ep  737: len= 32 白胜 loss=27.1517 temp=1.00 total_env_steps=32085 t=0.11s
Ep  738: len= 35 黑胜 loss=27.3170 temp=1.00 total_env_steps=32120 t=0.12s
Ep  739: len= 23 黑胜 loss=27.0753 temp=1.00 total_env_steps=32143 t=0.10s
Ep  740: len= 37 黑胜 loss=27.5848 temp=1.00 total_env_steps=32180 t=0.15s
Ep  741: len= 26 白胜 loss=27.3997 temp=1.00 total_env_steps=32206 t=0.10s
Ep  742: len= 64 白胜 loss=27.3496 temp=1.00 total_env_steps=32270 t=0.22s
Ep  743: len= 31 黑胜 loss=27.4596 temp=1.00 total_env_steps=32301 t=0.12s
Ep  744: len= 36 白胜 loss=27.3257 temp=1.00 total_env_steps=32337 t=0.13s
Ep  745: len= 39 黑胜 loss=27.5010 temp=1.00 total_env_steps=32376 t=0.15s
Ep  746: len= 33 黑胜 loss=27.6188 temp=1.00 total_env_steps=32409 t=0.12s
Ep  747: len= 24 白胜 loss=27.3096 temp=1.00 total_env_steps=32433 t=0.09s
Ep  748: len= 70 白胜 loss=27.7118 temp=1.00 total_env_steps=32503 t=0.19s
Ep  749: len= 59 黑胜 loss=26.9016 temp=1.00 total_env_steps=32562 t=0.17s
Ep  750: len= 27 黑胜 loss=27.3856 temp=1.00 total_env_steps=32589 t=0.11s
Ep  751: len= 47 黑胜 loss=27.5604 temp=1.00 total_env_steps=32636 t=0.14s
Ep  752: len= 52 白胜 loss=27.4512 temp=1.00 total_env_steps=32688 t=0.16s
Ep  753: len= 53 黑胜 loss=27.3792 temp=1.00 total_env_steps=32741 t=0.16s
Ep  754: len= 36 白胜 loss=27.4878 temp=1.00 total_env_steps=32777 t=0.12s
Ep  755: len= 36 白胜 loss=27.1772 temp=1.00 total_env_steps=32813 t=0.12s
Ep  756: len= 49 黑胜 loss=27.3412 temp=1.00 total_env_steps=32862 t=0.15s
Ep  757: len= 34 白胜 loss=27.0799 temp=1.00 total_env_steps=32896 t=0.12s
Ep  758: len= 52 白胜 loss=27.1866 temp=1.00 total_env_steps=32948 t=0.17s
Ep  759: len= 26 白胜 loss=27.4382 temp=1.00 total_env_steps=32974 t=0.10s
Ep  760: len= 48 白胜 loss=27.3315 temp=1.00 total_env_steps=33022 t=0.17s
Ep  761: len= 53 黑胜 loss=27.0551 temp=1.00 total_env_steps=33075 t=0.17s
Ep  762: len= 36 白胜 loss=27.2803 temp=1.00 total_env_steps=33111 t=0.11s
Ep  763: len= 52 白胜 loss=27.3249 temp=1.00 total_env_steps=33163 t=0.18s
Ep  764: len= 42 白胜 loss=27.2905 temp=1.00 total_env_steps=33205 t=0.15s
Ep  765: len= 28 白胜 loss=27.4498 temp=1.00 total_env_steps=33233 t=0.10s
Ep  766: len= 81 平局 loss=27.2444 temp=1.00 total_env_steps=33314 t=0.25s
Ep  767: len= 49 黑胜 loss=27.5291 temp=1.00 total_env_steps=33363 t=0.17s
Ep  768: len= 33 黑胜 loss=27.4438 temp=1.00 total_env_steps=33396 t=0.12s
Ep  769: len= 45 黑胜 loss=27.1305 temp=1.00 total_env_steps=33441 t=0.17s
Ep  770: len= 58 白胜 loss=27.3184 temp=1.00 total_env_steps=33499 t=0.17s
Ep  771: len= 52 白胜 loss=27.3948 temp=1.00 total_env_steps=33551 t=0.14s
Ep  772: len= 31 黑胜 loss=27.3900 temp=1.00 total_env_steps=33582 t=0.11s
Ep  773: len= 56 白胜 loss=27.4455 temp=1.00 total_env_steps=33638 t=0.18s
Ep  774: len= 49 黑胜 loss=27.5322 temp=1.00 total_env_steps=33687 t=0.17s
Ep  775: len= 25 黑胜 loss=27.6008 temp=1.00 total_env_steps=33712 t=0.09s
Ep  776: len= 38 白胜 loss=27.4142 temp=1.00 total_env_steps=33750 t=0.14s
Ep  777: len= 22 白胜 loss=27.3903 temp=1.00 total_env_steps=33772 t=0.10s
Ep  778: len= 33 黑胜 loss=27.4961 temp=1.00 total_env_steps=33805 t=0.12s
Ep  779: len= 42 白胜 loss=27.3555 temp=1.00 total_env_steps=33847 t=0.13s
Ep  780: len= 27 黑胜 loss=27.1758 temp=1.00 total_env_steps=33874 t=0.11s
Ep  781: len= 42 白胜 loss=27.7056 temp=1.00 total_env_steps=33916 t=0.14s
Ep  782: len= 43 黑胜 loss=27.2528 temp=1.00 total_env_steps=33959 t=0.14s
Ep  783: len= 54 白胜 loss=26.9843 temp=1.00 total_env_steps=34013 t=0.21s
Ep  784: len= 25 黑胜 loss=27.3569 temp=1.00 total_env_steps=34038 t=0.09s
Ep  785: len= 64 白胜 loss=27.2324 temp=1.00 total_env_steps=34102 t=0.21s
Ep  786: len= 53 黑胜 loss=27.4844 temp=1.00 total_env_steps=34155 t=0.15s
Ep  787: len= 67 黑胜 loss=27.4288 temp=1.00 total_env_steps=34222 t=0.17s
Ep  788: len= 81 平局 loss=27.1900 temp=1.00 total_env_steps=34303 t=0.20s
Ep  789: len= 32 白胜 loss=27.2947 temp=1.00 total_env_steps=34335 t=0.11s
Ep  790: len= 30 白胜 loss=27.2807 temp=1.00 total_env_steps=34365 t=0.10s
Ep  791: len= 38 白胜 loss=27.3447 temp=1.00 total_env_steps=34403 t=0.12s
Ep  792: len= 54 白胜 loss=27.2569 temp=1.00 total_env_steps=34457 t=0.16s
Ep  793: len= 37 黑胜 loss=27.4232 temp=1.00 total_env_steps=34494 t=0.12s
Ep  794: len= 54 白胜 loss=27.4386 temp=1.00 total_env_steps=34548 t=0.17s
Ep  795: len= 51 黑胜 loss=27.0854 temp=1.00 total_env_steps=34599 t=0.14s
Ep  796: len= 27 黑胜 loss=27.1582 temp=1.00 total_env_steps=34626 t=0.10s
Ep  797: len= 22 白胜 loss=27.2550 temp=1.00 total_env_steps=34648 t=0.09s
Ep  798: len= 50 白胜 loss=27.2729 temp=1.00 total_env_steps=34698 t=0.16s
Ep  799: len= 40 白胜 loss=27.5853 temp=1.00 total_env_steps=34738 t=0.12s
Ep  800: len= 19 黑胜 loss=27.5058 temp=1.00 total_env_steps=34757 t=0.08s
Ep  801: len= 35 黑胜 loss=27.2903 temp=1.00 total_env_steps=34792 t=0.11s
Ep  802: len= 41 黑胜 loss=27.1827 temp=1.00 total_env_steps=34833 t=0.13s
Ep  803: len= 26 白胜 loss=27.3803 temp=1.00 total_env_steps=34859 t=0.10s
Ep  804: len= 26 白胜 loss=26.9769 temp=1.00 total_env_steps=34885 t=0.10s
Ep  805: len= 40 白胜 loss=27.2967 temp=1.00 total_env_steps=34925 t=0.13s
Ep  806: len= 54 白胜 loss=27.1138 temp=1.00 total_env_steps=34979 t=0.16s
Ep  807: len= 25 黑胜 loss=27.4163 temp=1.00 total_env_steps=35004 t=0.10s
Ep  808: len= 55 黑胜 loss=27.2741 temp=1.00 total_env_steps=35059 t=0.16s
Ep  809: len= 21 黑胜 loss=27.1885 temp=1.00 total_env_steps=35080 t=0.09s
Ep  810: len= 44 白胜 loss=27.4123 temp=1.00 total_env_steps=35124 t=0.15s
Ep  811: len= 28 白胜 loss=27.5047 temp=1.00 total_env_steps=35152 t=0.10s
Ep  812: len= 56 白胜 loss=26.9870 temp=1.00 total_env_steps=35208 t=0.17s
Ep  813: len= 39 黑胜 loss=27.5007 temp=1.00 total_env_steps=35247 t=0.12s
Ep  814: len= 40 白胜 loss=27.4307 temp=1.00 total_env_steps=35287 t=0.13s
Ep  815: len= 50 白胜 loss=27.5206 temp=1.00 total_env_steps=35337 t=0.17s
Ep  816: len= 22 白胜 loss=27.2844 temp=1.00 total_env_steps=35359 t=0.09s
Ep  817: len= 32 白胜 loss=27.3165 temp=1.00 total_env_steps=35391 t=0.12s
Ep  818: len= 21 黑胜 loss=27.4337 temp=1.00 total_env_steps=35412 t=0.09s
Ep  819: len= 39 黑胜 loss=27.4203 temp=1.00 total_env_steps=35451 t=0.14s
Ep  820: len= 43 黑胜 loss=27.3020 temp=1.00 total_env_steps=35494 t=0.14s
Ep  821: len= 52 白胜 loss=27.5340 temp=1.00 total_env_steps=35546 t=0.18s
Ep  822: len= 48 白胜 loss=27.3084 temp=1.00 total_env_steps=35594 t=0.16s
Ep  823: len= 46 白胜 loss=27.4033 temp=1.00 total_env_steps=35640 t=0.16s
Ep  824: len= 29 黑胜 loss=27.2838 temp=1.00 total_env_steps=35669 t=0.10s
Ep  825: len= 27 黑胜 loss=27.3438 temp=1.00 total_env_steps=35696 t=0.10s
Ep  826: len= 48 白胜 loss=27.3585 temp=1.00 total_env_steps=35744 t=0.15s
Ep  827: len= 25 黑胜 loss=27.1288 temp=1.00 total_env_steps=35769 t=0.09s
Ep  828: len= 33 黑胜 loss=26.8718 temp=1.00 total_env_steps=35802 t=0.11s
Ep  829: len= 44 白胜 loss=27.3428 temp=1.00 total_env_steps=35846 t=0.14s
Ep  830: len= 37 黑胜 loss=26.8906 temp=1.00 total_env_steps=35883 t=0.12s
Ep  831: len= 34 白胜 loss=27.0860 temp=1.00 total_env_steps=35917 t=0.13s
Ep  832: len= 24 白胜 loss=27.4211 temp=1.00 total_env_steps=35941 t=0.09s
Ep  833: len= 44 白胜 loss=27.1518 temp=1.00 total_env_steps=35985 t=0.13s
Ep  834: len= 26 白胜 loss=27.3262 temp=1.00 total_env_steps=36011 t=0.10s
Ep  835: len= 36 白胜 loss=26.9061 temp=1.00 total_env_steps=36047 t=0.11s
Ep  836: len= 18 白胜 loss=27.4306 temp=1.00 total_env_steps=36065 t=0.08s
Ep  837: len= 40 白胜 loss=27.0400 temp=1.00 total_env_steps=36105 t=0.13s
Ep  838: len= 23 黑胜 loss=27.1547 temp=1.00 total_env_steps=36128 t=0.09s
Ep  839: len= 40 白胜 loss=27.2351 temp=1.00 total_env_steps=36168 t=0.13s
Ep  840: len= 28 白胜 loss=27.3553 temp=1.00 total_env_steps=36196 t=0.11s
Ep  841: len= 44 白胜 loss=27.1769 temp=1.00 total_env_steps=36240 t=0.14s
Ep  842: len= 44 白胜 loss=27.1189 temp=1.00 total_env_steps=36284 t=0.14s
Ep  843: len= 37 黑胜 loss=27.1652 temp=1.00 total_env_steps=36321 t=0.13s
Ep  844: len= 44 白胜 loss=27.3684 temp=1.00 total_env_steps=36365 t=0.13s
Ep  845: len= 44 白胜 loss=27.0051 temp=1.00 total_env_steps=36409 t=0.14s
Ep  846: len= 30 白胜 loss=27.2888 temp=1.00 total_env_steps=36439 t=0.11s
Ep  847: len= 28 白胜 loss=27.2982 temp=1.00 total_env_steps=36467 t=0.11s
Ep  848: len= 49 黑胜 loss=27.6019 temp=1.00 total_env_steps=36516 t=0.15s
Ep  849: len= 29 黑胜 loss=27.3257 temp=1.00 total_env_steps=36545 t=0.11s
Ep  850: len= 51 黑胜 loss=27.4128 temp=1.00 total_env_steps=36596 t=0.17s
Ep  851: len= 30 白胜 loss=27.1448 temp=1.00 total_env_steps=36626 t=0.12s
Ep  852: len= 44 白胜 loss=27.1672 temp=1.00 total_env_steps=36670 t=0.14s
Ep  853: len= 36 白胜 loss=27.3291 temp=1.00 total_env_steps=36706 t=0.12s
Ep  854: len= 33 黑胜 loss=27.0726 temp=1.00 total_env_steps=36739 t=0.11s
Ep  855: len= 35 黑胜 loss=27.4007 temp=1.00 total_env_steps=36774 t=0.11s
Ep  856: len= 27 黑胜 loss=27.3532 temp=1.00 total_env_steps=36801 t=0.10s
Ep  857: len= 34 白胜 loss=27.2416 temp=1.00 total_env_steps=36835 t=0.12s
Ep  858: len= 28 白胜 loss=27.2392 temp=1.00 total_env_steps=36863 t=0.11s
Ep  859: len= 40 白胜 loss=27.4570 temp=1.00 total_env_steps=36903 t=0.12s
Ep  860: len= 55 黑胜 loss=27.2075 temp=1.00 total_env_steps=36958 t=0.16s
Ep  861: len= 22 白胜 loss=27.0979 temp=1.00 total_env_steps=36980 t=0.09s
Ep  862: len= 56 白胜 loss=27.3915 temp=1.00 total_env_steps=37036 t=0.18s
Ep  863: len= 44 白胜 loss=27.5072 temp=1.00 total_env_steps=37080 t=0.15s
Ep  864: len= 42 白胜 loss=27.4002 temp=1.00 total_env_steps=37122 t=0.15s
Ep  865: len= 57 黑胜 loss=27.1246 temp=1.00 total_env_steps=37179 t=0.18s
Ep  866: len= 39 黑胜 loss=27.0902 temp=1.00 total_env_steps=37218 t=0.12s
Ep  867: len= 22 白胜 loss=27.4677 temp=1.00 total_env_steps=37240 t=0.09s
Ep  868: len= 48 白胜 loss=27.4089 temp=1.00 total_env_steps=37288 t=0.18s
Ep  869: len= 37 黑胜 loss=27.1747 temp=1.00 total_env_steps=37325 t=0.15s
Ep  870: len= 39 黑胜 loss=27.2856 temp=1.00 total_env_steps=37364 t=0.14s
Ep  871: len= 59 黑胜 loss=27.1730 temp=1.00 total_env_steps=37423 t=0.19s
Ep  872: len= 64 白胜 loss=27.2108 temp=1.00 total_env_steps=37487 t=0.18s
Ep  873: len= 57 黑胜 loss=27.1262 temp=1.00 total_env_steps=37544 t=0.17s
Ep  874: len= 48 白胜 loss=27.4658 temp=1.00 total_env_steps=37592 t=0.16s
Ep  875: len= 38 白胜 loss=27.1707 temp=1.00 total_env_steps=37630 t=0.13s
Ep  876: len= 45 黑胜 loss=27.3757 temp=1.00 total_env_steps=37675 t=0.15s
Ep  877: len= 36 白胜 loss=27.3434 temp=1.00 total_env_steps=37711 t=0.12s
Ep  878: len= 34 白胜 loss=27.4423 temp=1.00 total_env_steps=37745 t=0.14s
Ep  879: len= 60 白胜 loss=26.9801 temp=1.00 total_env_steps=37805 t=0.23s
Ep  880: len= 37 黑胜 loss=27.0167 temp=1.00 total_env_steps=37842 t=0.12s
Ep  881: len= 33 黑胜 loss=27.2948 temp=1.00 total_env_steps=37875 t=0.12s
Ep  882: len= 33 黑胜 loss=26.8585 temp=1.00 total_env_steps=37908 t=0.11s
Ep  883: len= 38 白胜 loss=27.0701 temp=1.00 total_env_steps=37946 t=0.13s
Ep  884: len= 67 黑胜 loss=27.2290 temp=1.00 total_env_steps=38013 t=0.19s
Ep  885: len= 39 黑胜 loss=27.1822 temp=1.00 total_env_steps=38052 t=0.13s
Ep  886: len= 48 白胜 loss=27.1481 temp=1.00 total_env_steps=38100 t=0.14s
Ep  887: len= 32 白胜 loss=27.3499 temp=1.00 total_env_steps=38132 t=0.11s
Ep  888: len= 33 黑胜 loss=27.1878 temp=1.00 total_env_steps=38165 t=0.12s
Ep  889: len= 55 黑胜 loss=27.1936 temp=1.00 total_env_steps=38220 t=0.19s
Ep  890: len= 36 白胜 loss=27.3108 temp=1.00 total_env_steps=38256 t=0.13s
Ep  891: len= 60 白胜 loss=27.0942 temp=1.00 total_env_steps=38316 t=0.21s
Ep  892: len= 49 黑胜 loss=27.1740 temp=1.00 total_env_steps=38365 t=0.16s
Ep  893: len= 25 黑胜 loss=27.2295 temp=1.00 total_env_steps=38390 t=0.10s
Ep  894: len= 28 白胜 loss=27.1771 temp=1.00 total_env_steps=38418 t=0.11s
Ep  895: len= 20 白胜 loss=27.1525 temp=1.00 total_env_steps=38438 t=0.09s
Ep  896: len= 28 白胜 loss=27.2020 temp=1.00 total_env_steps=38466 t=0.11s
Ep  897: len= 45 黑胜 loss=27.2698 temp=1.00 total_env_steps=38511 t=0.16s
Ep  898: len= 34 白胜 loss=27.2948 temp=1.00 total_env_steps=38545 t=0.13s
Ep  899: len= 31 黑胜 loss=27.2115 temp=1.00 total_env_steps=38576 t=0.12s
Ep  900: len= 56 白胜 loss=27.0590 temp=1.00 total_env_steps=38632 t=0.17s
Ep  901: len= 48 白胜 loss=27.3923 temp=1.00 total_env_steps=38680 t=0.15s
Ep  902: len= 42 白胜 loss=27.0131 temp=1.00 total_env_steps=38722 t=0.14s
Ep  903: len= 60 白胜 loss=27.0427 temp=1.00 total_env_steps=38782 t=0.20s
Ep  904: len= 51 黑胜 loss=26.7117 temp=1.00 total_env_steps=38833 t=0.15s
Ep  905: len= 45 黑胜 loss=26.9903 temp=1.00 total_env_steps=38878 t=0.15s
Ep  906: len= 38 白胜 loss=27.0463 temp=1.00 total_env_steps=38916 t=0.13s
Ep  907: len= 42 白胜 loss=27.0072 temp=1.00 total_env_steps=38958 t=0.15s
Ep  908: len= 21 黑胜 loss=26.9746 temp=1.00 total_env_steps=38979 t=0.09s
Ep  909: len= 24 白胜 loss=27.1586 temp=1.00 total_env_steps=39003 t=0.09s
Ep  910: len= 24 白胜 loss=27.4072 temp=1.00 total_env_steps=39027 t=0.10s
Ep  911: len= 31 黑胜 loss=26.9081 temp=1.00 total_env_steps=39058 t=0.12s
Ep  912: len= 65 黑胜 loss=27.3829 temp=1.00 total_env_steps=39123 t=0.22s
Ep  913: len= 45 黑胜 loss=27.3416 temp=1.00 total_env_steps=39168 t=0.17s
Ep  914: len= 36 白胜 loss=27.0510 temp=1.00 total_env_steps=39204 t=0.12s
Ep  915: len= 25 黑胜 loss=27.0580 temp=1.00 total_env_steps=39229 t=0.10s
Ep  916: len= 23 黑胜 loss=27.0835 temp=1.00 total_env_steps=39252 t=0.09s
Ep  917: len= 40 白胜 loss=27.0736 temp=1.00 total_env_steps=39292 t=0.12s
Ep  918: len= 39 黑胜 loss=27.0519 temp=1.00 total_env_steps=39331 t=0.14s
Ep  919: len= 35 黑胜 loss=26.9104 temp=1.00 total_env_steps=39366 t=0.13s
Ep  920: len= 39 黑胜 loss=26.7077 temp=1.00 total_env_steps=39405 t=0.14s
Ep  921: len= 36 白胜 loss=27.1687 temp=1.00 total_env_steps=39441 t=0.12s
Ep  922: len= 31 黑胜 loss=27.1370 temp=1.00 total_env_steps=39472 t=0.12s
Ep  923: len= 49 黑胜 loss=27.2042 temp=1.00 total_env_steps=39521 t=0.16s
Ep  924: len= 32 白胜 loss=27.1500 temp=1.00 total_env_steps=39553 t=0.11s
Ep  925: len= 26 白胜 loss=27.2361 temp=1.00 total_env_steps=39579 t=0.10s
Ep  926: len= 43 黑胜 loss=27.3159 temp=1.00 total_env_steps=39622 t=0.15s
Ep  927: len= 36 白胜 loss=27.0213 temp=1.00 total_env_steps=39658 t=0.13s
Ep  928: len= 25 黑胜 loss=26.9137 temp=1.00 total_env_steps=39683 t=0.11s
Ep  929: len= 33 黑胜 loss=27.1838 temp=1.00 total_env_steps=39716 t=0.11s
Ep  930: len= 32 白胜 loss=26.9739 temp=1.00 total_env_steps=39748 t=0.12s
Ep  931: len= 24 白胜 loss=27.2031 temp=1.00 total_env_steps=39772 t=0.09s
Ep  932: len= 61 黑胜 loss=26.8212 temp=1.00 total_env_steps=39833 t=0.19s
Ep  933: len= 22 白胜 loss=27.0786 temp=1.00 total_env_steps=39855 t=0.09s
Ep  934: len= 53 黑胜 loss=26.9642 temp=1.00 total_env_steps=39908 t=0.15s
Ep  935: len= 49 黑胜 loss=26.8710 temp=1.00 total_env_steps=39957 t=0.17s
Ep  936: len= 25 黑胜 loss=27.1890 temp=1.00 total_env_steps=39982 t=0.10s
Ep  937: len= 42 白胜 loss=27.2478 temp=1.00 total_env_steps=40024 t=0.13s
Ep  938: len= 49 黑胜 loss=26.9051 temp=1.00 total_env_steps=40073 t=0.16s
Ep  939: len= 54 白胜 loss=27.1291 temp=1.00 total_env_steps=40127 t=0.17s
Ep  940: len= 55 黑胜 loss=26.9605 temp=1.00 total_env_steps=40182 t=0.19s
Ep  941: len= 31 黑胜 loss=26.9733 temp=1.00 total_env_steps=40213 t=0.11s
Ep  942: len= 52 白胜 loss=27.0854 temp=1.00 total_env_steps=40265 t=0.17s
Ep  943: len= 29 黑胜 loss=27.0251 temp=1.00 total_env_steps=40294 t=0.10s
Ep  944: len= 38 白胜 loss=27.3560 temp=1.00 total_env_steps=40332 t=0.13s
Ep  945: len= 45 黑胜 loss=27.0751 temp=1.00 total_env_steps=40377 t=0.16s
Ep  946: len= 41 黑胜 loss=27.1341 temp=1.00 total_env_steps=40418 t=0.14s
Ep  947: len= 50 白胜 loss=26.8272 temp=1.00 total_env_steps=40468 t=0.19s
Ep  948: len= 56 白胜 loss=27.0398 temp=1.00 total_env_steps=40524 t=0.19s
Ep  949: len= 34 白胜 loss=26.9178 temp=1.00 total_env_steps=40558 t=0.16s
Ep  950: len= 32 白胜 loss=27.0897 temp=1.00 total_env_steps=40590 t=0.13s
Ep  951: len= 35 黑胜 loss=27.2298 temp=1.00 total_env_steps=40625 t=0.13s
Ep  952: len= 66 白胜 loss=27.1862 temp=1.00 total_env_steps=40691 t=0.19s
Ep  953: len= 30 白胜 loss=27.2269 temp=1.00 total_env_steps=40721 t=0.10s
Ep  954: len= 39 黑胜 loss=26.8957 temp=1.00 total_env_steps=40760 t=0.14s
Ep  955: len= 42 白胜 loss=27.0518 temp=1.00 total_env_steps=40802 t=0.14s
Ep  956: len= 43 黑胜 loss=27.4115 temp=1.00 total_env_steps=40845 t=0.14s
Ep  957: len= 34 白胜 loss=26.9841 temp=1.00 total_env_steps=40879 t=0.12s
Ep  958: len= 27 黑胜 loss=27.1705 temp=1.00 total_env_steps=40906 t=0.11s
Ep  959: len= 43 黑胜 loss=27.2877 temp=1.00 total_env_steps=40949 t=0.15s
Ep  960: len= 30 白胜 loss=26.9002 temp=1.00 total_env_steps=40979 t=0.11s
Ep  961: len= 61 黑胜 loss=26.7642 temp=1.00 total_env_steps=41040 t=0.19s
Ep  962: len= 25 黑胜 loss=27.0177 temp=1.00 total_env_steps=41065 t=0.10s
Ep  963: len= 55 黑胜 loss=26.7595 temp=1.00 total_env_steps=41120 t=0.17s
Ep  964: len= 49 黑胜 loss=27.0017 temp=1.00 total_env_steps=41169 t=0.18s
Ep  965: len= 52 白胜 loss=27.1200 temp=1.00 total_env_steps=41221 t=0.19s
Ep  966: len= 48 白胜 loss=27.2875 temp=1.00 total_env_steps=41269 t=0.16s
Ep  967: len= 32 白胜 loss=27.1355 temp=1.00 total_env_steps=41301 t=0.11s
Ep  968: len= 55 黑胜 loss=26.9655 temp=1.00 total_env_steps=41356 t=0.18s
Ep  969: len= 47 黑胜 loss=26.8864 temp=1.00 total_env_steps=41403 t=0.17s
Ep  970: len= 29 黑胜 loss=27.1841 temp=1.00 total_env_steps=41432 t=0.11s
Ep  971: len= 33 黑胜 loss=26.9846 temp=1.00 total_env_steps=41465 t=0.13s
Ep  972: len= 57 黑胜 loss=27.0663 temp=1.00 total_env_steps=41522 t=0.17s
Ep  973: len= 25 黑胜 loss=27.2486 temp=1.00 total_env_steps=41547 t=0.11s
Ep  974: len= 34 白胜 loss=26.8262 temp=1.00 total_env_steps=41581 t=0.14s
Ep  975: len= 31 黑胜 loss=27.0242 temp=1.00 total_env_steps=41612 t=0.13s
Ep  976: len= 34 白胜 loss=27.4585 temp=1.00 total_env_steps=41646 t=0.13s
Ep  977: len= 32 白胜 loss=27.2570 temp=1.00 total_env_steps=41678 t=0.12s
Ep  978: len= 29 黑胜 loss=27.0259 temp=1.00 total_env_steps=41707 t=0.12s
Ep  979: len= 30 白胜 loss=27.1919 temp=1.00 total_env_steps=41737 t=0.13s
Ep  980: len= 48 白胜 loss=27.0877 temp=1.00 total_env_steps=41785 t=0.17s
Ep  981: len= 32 白胜 loss=27.4880 temp=1.00 total_env_steps=41817 t=0.14s
Ep  982: len= 47 黑胜 loss=26.9193 temp=1.00 total_env_steps=41864 t=0.17s
Ep  983: len= 59 黑胜 loss=26.9906 temp=1.00 total_env_steps=41923 t=0.22s
Ep  984: len= 32 白胜 loss=26.9845 temp=1.00 total_env_steps=41955 t=0.14s
Ep  985: len= 18 白胜 loss=27.0000 temp=1.00 total_env_steps=41973 t=0.10s
Ep  986: len= 46 白胜 loss=26.9441 temp=1.00 total_env_steps=42019 t=0.20s
Ep  987: len= 33 黑胜 loss=27.0398 temp=1.00 total_env_steps=42052 t=0.15s
Ep  988: len= 27 黑胜 loss=27.2728 temp=1.00 total_env_steps=42079 t=0.24s
Ep  989: len= 40 白胜 loss=27.1763 temp=1.00 total_env_steps=42119 t=0.48s
Ep  990: len= 17 黑胜 loss=27.2664 temp=1.00 total_env_steps=42136 t=0.45s
Ep  991: len= 48 白胜 loss=27.3796 temp=1.00 total_env_steps=42184 t=0.62s
Ep  992: len= 33 黑胜 loss=27.3182 temp=1.00 total_env_steps=42217 t=0.26s
Ep  993: len= 60 白胜 loss=26.9658 temp=1.00 total_env_steps=42277 t=0.37s
Ep  994: len= 44 白胜 loss=27.1807 temp=1.00 total_env_steps=42321 t=0.23s
Ep  995: len= 41 黑胜 loss=27.0667 temp=1.00 total_env_steps=42362 t=0.19s
Ep  996: len= 45 黑胜 loss=26.9509 temp=1.00 total_env_steps=42407 t=0.22s
Ep  997: len= 32 白胜 loss=27.2355 temp=1.00 total_env_steps=42439 t=0.19s
Ep  998: len= 60 白胜 loss=26.5709 temp=1.00 total_env_steps=42499 t=0.28s
Ep  999: len= 49 黑胜 loss=27.1923 temp=1.00 total_env_steps=42548 t=0.23s
Ep 1000: len= 61 黑胜 loss=27.2450 temp=1.00 total_env_steps=42609 t=0.24s
  eval vs Gomoku-random-v0: win_rate=1.00 mean_return=1.00（20 局，total_env_steps=42609）
Ep 1001: len= 46 白胜 loss=27.0834 temp=1.00 total_env_steps=42655 t=0.19s
Ep 1002: len= 47 黑胜 loss=26.9733 temp=1.00 total_env_steps=42702 t=0.20s
Ep 1003: len= 54 白胜 loss=26.6607 temp=1.00 total_env_steps=42756 t=0.25s
Ep 1004: len= 45 黑胜 loss=26.9827 temp=1.00 total_env_steps=42801 t=0.20s
Ep 1005: len= 25 黑胜 loss=27.1325 temp=1.00 total_env_steps=42826 t=0.13s
Ep 1006: len= 37 黑胜 loss=26.9538 temp=1.00 total_env_steps=42863 t=0.16s
Ep 1007: len= 52 白胜 loss=26.9528 temp=1.00 total_env_steps=42915 t=0.21s
Ep 1008: len= 30 白胜 loss=26.8098 temp=1.00 total_env_steps=42945 t=0.14s
Ep 1009: len= 81 平局 loss=27.4668 temp=1.00 total_env_steps=43026 t=0.33s
Ep 1010: len= 43 黑胜 loss=26.9237 temp=1.00 total_env_steps=43069 t=0.17s
Ep 1011: len= 62 白胜 loss=27.3902 temp=1.00 total_env_steps=43131 t=0.27s
Ep 1012: len= 53 黑胜 loss=27.0001 temp=1.00 total_env_steps=43184 t=0.24s
Ep 1013: len= 46 白胜 loss=27.0149 temp=1.00 total_env_steps=43230 t=0.18s
Ep 1014: len= 52 白胜 loss=27.1877 temp=1.00 total_env_steps=43282 t=0.19s
Ep 1015: len= 64 白胜 loss=27.0988 temp=1.00 total_env_steps=43346 t=0.21s
Ep 1016: len= 41 黑胜 loss=27.3066 temp=1.00 total_env_steps=43387 t=0.17s
Ep 1017: len= 42 白胜 loss=27.0111 temp=1.00 total_env_steps=43429 t=0.16s
Ep 1018: len= 43 黑胜 loss=27.2490 temp=1.00 total_env_steps=43472 t=0.20s
Ep 1019: len= 62 白胜 loss=27.1467 temp=1.00 total_env_steps=43534 t=0.28s
Ep 1020: len= 30 白胜 loss=27.2515 temp=1.00 total_env_steps=43564 t=0.14s
Ep 1021: len= 30 白胜 loss=27.0891 temp=1.00 total_env_steps=43594 t=0.14s
Ep 1022: len= 34 白胜 loss=26.9297 temp=1.00 total_env_steps=43628 t=0.15s
Ep 1023: len= 61 黑胜 loss=27.0527 temp=1.00 total_env_steps=43689 t=0.24s
Ep 1024: len= 47 黑胜 loss=27.0823 temp=1.00 total_env_steps=43736 t=0.19s
Ep 1025: len= 68 白胜 loss=27.4545 temp=1.00 total_env_steps=43804 t=0.29s
Ep 1026: len= 41 黑胜 loss=27.0248 temp=1.00 total_env_steps=43845 t=0.16s
Ep 1027: len= 30 白胜 loss=27.0439 temp=1.00 total_env_steps=43875 t=0.13s
Ep 1028: len= 41 黑胜 loss=27.1231 temp=1.00 total_env_steps=43916 t=0.17s
Ep 1029: len= 41 黑胜 loss=27.2714 temp=1.00 total_env_steps=43957 t=0.17s
Ep 1030: len= 63 黑胜 loss=27.0168 temp=1.00 total_env_steps=44020 t=0.24s
Ep 1031: len= 38 白胜 loss=27.0989 temp=1.00 total_env_steps=44058 t=0.16s
Ep 1032: len= 48 白胜 loss=26.7509 temp=1.00 total_env_steps=44106 t=0.18s
Ep 1033: len= 71 黑胜 loss=27.2241 temp=1.00 total_env_steps=44177 t=0.28s
Ep 1034: len= 63 黑胜 loss=26.9591 temp=1.00 total_env_steps=44240 t=0.29s
Ep 1035: len= 37 黑胜 loss=27.0621 temp=1.00 total_env_steps=44277 t=0.18s
Ep 1036: len= 23 黑胜 loss=26.7297 temp=1.00 total_env_steps=44300 t=0.14s
Ep 1037: len= 47 黑胜 loss=26.9467 temp=1.00 total_env_steps=44347 t=0.23s
Ep 1038: len= 31 黑胜 loss=26.9746 temp=1.00 total_env_steps=44378 t=0.17s
Ep 1039: len= 31 黑胜 loss=26.9768 temp=1.00 total_env_steps=44409 t=0.16s
Ep 1040: len= 39 黑胜 loss=26.9020 temp=1.00 total_env_steps=44448 t=0.16s
Ep 1041: len= 29 黑胜 loss=26.9510 temp=1.00 total_env_steps=44477 t=0.13s
Ep 1042: len= 52 白胜 loss=26.6601 temp=1.00 total_env_steps=44529 t=0.22s
Ep 1043: len= 26 白胜 loss=27.1225 temp=1.00 total_env_steps=44555 t=0.12s
Ep 1044: len= 59 黑胜 loss=27.0159 temp=1.00 total_env_steps=44614 t=0.21s
Ep 1045: len= 24 白胜 loss=26.7566 temp=1.00 total_env_steps=44638 t=0.12s
Ep 1046: len= 20 白胜 loss=27.3018 temp=1.00 total_env_steps=44658 t=0.11s
Ep 1047: len= 25 黑胜 loss=27.1965 temp=1.00 total_env_steps=44683 t=0.12s
Ep 1048: len= 52 白胜 loss=27.1112 temp=1.00 total_env_steps=44735 t=0.20s
Ep 1049: len= 29 黑胜 loss=26.9011 temp=1.00 total_env_steps=44764 t=0.13s
Ep 1050: len= 51 黑胜 loss=26.8405 temp=1.00 total_env_steps=44815 t=0.19s
Ep 1051: len= 46 白胜 loss=27.0674 temp=1.00 total_env_steps=44861 t=0.19s
Ep 1052: len= 54 白胜 loss=26.9653 temp=1.00 total_env_steps=44915 t=0.20s
Ep 1053: len= 50 白胜 loss=27.2306 temp=1.00 total_env_steps=44965 t=0.19s
Ep 1054: len= 47 黑胜 loss=27.3563 temp=1.00 total_env_steps=45012 t=0.17s
Ep 1055: len= 64 白胜 loss=27.2888 temp=1.00 total_env_steps=45076 t=0.22s
Ep 1056: len= 51 黑胜 loss=26.8388 temp=1.00 total_env_steps=45127 t=0.22s
Ep 1057: len= 44 白胜 loss=26.9635 temp=1.00 total_env_steps=45171 t=0.18s
Ep 1058: len= 23 黑胜 loss=27.0744 temp=1.00 total_env_steps=45194 t=0.11s
Ep 1059: len= 40 白胜 loss=26.9574 temp=1.00 total_env_steps=45234 t=0.16s
Ep 1060: len= 29 黑胜 loss=27.6099 temp=1.00 total_env_steps=45263 t=0.13s
Ep 1061: len= 40 白胜 loss=27.0088 temp=1.00 total_env_steps=45303 t=0.16s
Ep 1062: len= 41 黑胜 loss=27.0630 temp=1.00 total_env_steps=45344 t=0.18s
Ep 1063: len= 31 黑胜 loss=27.1188 temp=1.00 total_env_steps=45375 t=0.14s
Ep 1064: len= 47 黑胜 loss=27.0147 temp=1.00 total_env_steps=45422 t=0.19s
Ep 1065: len= 24 白胜 loss=27.0438 temp=1.00 total_env_steps=45446 t=0.12s
Ep 1066: len= 35 黑胜 loss=26.8453 temp=1.00 total_env_steps=45481 t=0.15s
Ep 1067: len= 54 白胜 loss=27.5063 temp=1.00 total_env_steps=45535 t=0.26s
Ep 1068: len= 43 黑胜 loss=27.0164 temp=1.00 total_env_steps=45578 t=0.22s
Ep 1069: len= 43 黑胜 loss=27.1430 temp=1.00 total_env_steps=45621 t=0.20s
Ep 1070: len= 26 白胜 loss=26.9341 temp=1.00 total_env_steps=45647 t=0.14s
Ep 1071: len= 31 黑胜 loss=27.3195 temp=1.00 total_env_steps=45678 t=0.14s
Ep 1072: len= 34 白胜 loss=26.8720 temp=1.00 total_env_steps=45712 t=0.15s
Ep 1073: len= 47 黑胜 loss=27.2430 temp=1.00 total_env_steps=45759 t=0.20s
Ep 1074: len= 34 白胜 loss=27.3321 temp=1.00 total_env_steps=45793 t=0.15s
Ep 1075: len= 46 白胜 loss=26.9464 temp=1.00 total_env_steps=45839 t=0.18s
Ep 1076: len= 48 白胜 loss=27.1553 temp=1.00 total_env_steps=45887 t=0.18s
Ep 1077: len= 65 黑胜 loss=27.2362 temp=1.00 total_env_steps=45952 t=0.22s
Ep 1078: len= 47 黑胜 loss=27.1743 temp=1.00 total_env_steps=45999 t=0.17s
Ep 1079: len= 46 白胜 loss=27.1320 temp=1.00 total_env_steps=46045 t=0.17s
Ep 1080: len= 31 黑胜 loss=26.8545 temp=1.00 total_env_steps=46076 t=0.14s
Ep 1081: len= 38 白胜 loss=27.2674 temp=1.00 total_env_steps=46114 t=0.15s
Ep 1082: len= 45 黑胜 loss=27.4642 temp=1.00 total_env_steps=46159 t=0.17s
Ep 1083: len= 46 白胜 loss=27.0406 temp=1.00 total_env_steps=46205 t=0.19s
Ep 1084: len= 44 白胜 loss=26.8947 temp=1.00 total_env_steps=46249 t=0.17s
Ep 1085: len= 48 白胜 loss=27.3610 temp=1.00 total_env_steps=46297 t=0.17s
Ep 1086: len= 47 黑胜 loss=26.9471 temp=1.00 total_env_steps=46344 t=0.18s
Ep 1087: len= 32 白胜 loss=27.1638 temp=1.00 total_env_steps=46376 t=0.14s
Ep 1088: len= 45 黑胜 loss=27.0416 temp=1.00 total_env_steps=46421 t=0.17s
Ep 1089: len= 22 白胜 loss=27.1599 temp=1.00 total_env_steps=46443 t=0.12s
Ep 1090: len= 50 白胜 loss=27.3346 temp=1.00 total_env_steps=46493 t=0.20s
Ep 1091: len= 29 黑胜 loss=26.8569 temp=1.00 total_env_steps=46522 t=0.13s
Ep 1092: len= 46 白胜 loss=27.0944 temp=1.00 total_env_steps=46568 t=0.18s
Ep 1093: len= 35 黑胜 loss=27.3153 temp=1.00 total_env_steps=46603 t=0.15s
Ep 1094: len= 51 黑胜 loss=26.9965 temp=1.00 total_env_steps=46654 t=0.21s
Ep 1095: len= 53 黑胜 loss=27.3734 temp=1.00 total_env_steps=46707 t=0.19s
Ep 1096: len= 35 黑胜 loss=27.3453 temp=1.00 total_env_steps=46742 t=0.15s
Ep 1097: len= 60 白胜 loss=27.0576 temp=1.00 total_env_steps=46802 t=0.24s
Ep 1098: len= 38 白胜 loss=27.3214 temp=1.00 total_env_steps=46840 t=0.18s
Ep 1099: len= 46 白胜 loss=27.4290 temp=1.00 total_env_steps=46886 t=0.23s
Ep 1100: len= 40 白胜 loss=27.2033 temp=1.00 total_env_steps=46926 t=0.21s
Ep 1101: len= 57 黑胜 loss=27.3026 temp=1.00 total_env_steps=46983 t=0.23s
Ep 1102: len= 41 黑胜 loss=27.4035 temp=1.00 total_env_steps=47024 t=0.16s
Ep 1103: len= 54 白胜 loss=27.2258 temp=1.00 total_env_steps=47078 t=0.19s
Ep 1104: len= 61 黑胜 loss=26.9112 temp=1.00 total_env_steps=47139 t=0.24s
Ep 1105: len= 59 黑胜 loss=27.5436 temp=1.00 total_env_steps=47198 t=0.24s
Ep 1106: len= 40 白胜 loss=27.2091 temp=1.00 total_env_steps=47238 t=0.19s
Ep 1107: len= 50 白胜 loss=27.1093 temp=1.00 total_env_steps=47288 t=0.20s
Ep 1108: len= 62 白胜 loss=27.2786 temp=1.00 total_env_steps=47350 t=0.25s
Ep 1109: len= 41 黑胜 loss=27.1903 temp=1.00 total_env_steps=47391 t=0.16s
Ep 1110: len= 33 黑胜 loss=27.0661 temp=1.00 total_env_steps=47424 t=0.14s
Ep 1111: len= 33 黑胜 loss=27.2238 temp=1.00 total_env_steps=47457 t=0.14s
Ep 1112: len= 27 黑胜 loss=27.1517 temp=1.00 total_env_steps=47484 t=0.13s
Ep 1113: len= 45 黑胜 loss=27.4983 temp=1.00 total_env_steps=47529 t=0.18s
Ep 1114: len= 80 白胜 loss=27.0513 temp=1.00 total_env_steps=47609 t=0.29s
Ep 1115: len= 32 白胜 loss=26.9147 temp=1.00 total_env_steps=47641 t=0.14s
Ep 1116: len= 65 黑胜 loss=27.3764 temp=1.00 total_env_steps=47706 t=0.27s
Ep 1117: len= 55 黑胜 loss=26.7132 temp=1.00 total_env_steps=47761 t=0.25s
Ep 1118: len= 24 白胜 loss=27.2185 temp=1.00 total_env_steps=47785 t=0.13s
Ep 1119: len= 51 黑胜 loss=27.1330 temp=1.00 total_env_steps=47836 t=0.20s
Ep 1120: len= 33 黑胜 loss=26.9598 temp=1.00 total_env_steps=47869 t=0.14s
Ep 1121: len= 17 黑胜 loss=26.6048 temp=1.00 total_env_steps=47886 t=0.10s
Ep 1122: len= 35 黑胜 loss=27.2459 temp=1.00 total_env_steps=47921 t=0.14s
Ep 1123: len= 27 黑胜 loss=27.0783 temp=1.00 total_env_steps=47948 t=0.12s
Ep 1124: len= 48 白胜 loss=27.0432 temp=1.00 total_env_steps=47996 t=0.19s
Ep 1125: len= 23 黑胜 loss=27.0533 temp=1.00 total_env_steps=48019 t=0.11s
Ep 1126: len= 61 黑胜 loss=27.2749 temp=1.00 total_env_steps=48080 t=0.22s
Ep 1127: len= 62 白胜 loss=27.0173 temp=1.00 total_env_steps=48142 t=0.24s
Ep 1128: len= 70 白胜 loss=26.9757 temp=1.00 total_env_steps=48212 t=0.28s
Ep 1129: len= 46 白胜 loss=27.4425 temp=1.00 total_env_steps=48258 t=0.18s
Ep 1130: len= 43 黑胜 loss=26.7845 temp=1.00 total_env_steps=48301 t=0.20s
Ep 1131: len= 18 白胜 loss=27.3989 temp=1.00 total_env_steps=48319 t=0.10s
Ep 1132: len= 20 白胜 loss=26.8960 temp=1.00 total_env_steps=48339 t=0.11s
Ep 1133: len= 28 白胜 loss=27.1957 temp=1.00 total_env_steps=48367 t=0.13s
Ep 1134: len= 34 白胜 loss=27.1484 temp=1.00 total_env_steps=48401 t=0.15s
Ep 1135: len= 31 黑胜 loss=27.2759 temp=1.00 total_env_steps=48432 t=0.14s
Ep 1136: len= 34 白胜 loss=26.9155 temp=1.00 total_env_steps=48466 t=0.15s
Ep 1137: len= 66 白胜 loss=26.9996 temp=1.00 total_env_steps=48532 t=0.27s
Ep 1138: len= 39 黑胜 loss=27.0210 temp=1.00 total_env_steps=48571 t=0.16s
Ep 1139: len= 28 白胜 loss=27.3680 temp=1.00 total_env_steps=48599 t=0.13s
Ep 1140: len= 45 黑胜 loss=27.3194 temp=1.00 total_env_steps=48644 t=0.18s
Ep 1141: len= 42 白胜 loss=26.8531 temp=1.00 total_env_steps=48686 t=0.17s
Ep 1142: len= 37 黑胜 loss=27.0311 temp=1.00 total_env_steps=48723 t=0.16s
Ep 1143: len= 34 白胜 loss=27.0651 temp=1.00 total_env_steps=48757 t=0.15s
Ep 1144: len= 39 黑胜 loss=27.0017 temp=1.00 total_env_steps=48796 t=0.16s
Ep 1145: len= 37 黑胜 loss=27.2688 temp=1.00 total_env_steps=48833 t=0.14s
Ep 1146: len= 49 黑胜 loss=26.9789 temp=1.00 total_env_steps=48882 t=0.17s
Ep 1147: len= 63 黑胜 loss=26.8558 temp=1.00 total_env_steps=48945 t=0.20s
Ep 1148: len= 38 白胜 loss=27.2023 temp=1.00 total_env_steps=48983 t=0.14s
Ep 1149: len= 36 白胜 loss=26.9345 temp=1.00 total_env_steps=49019 t=0.15s
Ep 1150: len= 31 黑胜 loss=27.1733 temp=1.00 total_env_steps=49050 t=0.12s
Ep 1151: len= 37 黑胜 loss=26.8399 temp=1.00 total_env_steps=49087 t=0.14s
Ep 1152: len= 35 黑胜 loss=27.0564 temp=1.00 total_env_steps=49122 t=0.13s
Ep 1153: len= 38 白胜 loss=27.2034 temp=1.00 total_env_steps=49160 t=0.14s
Ep 1154: len= 43 黑胜 loss=27.2575 temp=1.00 total_env_steps=49203 t=0.15s
Ep 1155: len= 40 白胜 loss=27.2409 temp=1.00 total_env_steps=49243 t=0.14s
Ep 1156: len= 40 白胜 loss=27.0518 temp=1.00 total_env_steps=49283 t=0.14s
Ep 1157: len= 33 黑胜 loss=27.4208 temp=1.00 total_env_steps=49316 t=0.13s
Ep 1158: len= 70 白胜 loss=27.2979 temp=1.00 total_env_steps=49386 t=0.24s
Ep 1159: len= 28 白胜 loss=27.1638 temp=1.00 total_env_steps=49414 t=0.11s
Ep 1160: len= 40 白胜 loss=26.9419 temp=1.00 total_env_steps=49454 t=0.14s
Ep 1161: len= 47 黑胜 loss=27.1690 temp=1.00 total_env_steps=49501 t=0.18s
Ep 1162: len= 53 黑胜 loss=27.1725 temp=1.00 total_env_steps=49554 t=0.19s
Ep 1163: len= 35 黑胜 loss=26.9887 temp=1.00 total_env_steps=49589 t=0.15s
Ep 1164: len= 42 白胜 loss=26.8861 temp=1.00 total_env_steps=49631 t=0.15s
Ep 1165: len= 39 黑胜 loss=26.7493 temp=1.00 total_env_steps=49670 t=0.14s
Ep 1166: len= 41 黑胜 loss=27.2751 temp=1.00 total_env_steps=49711 t=0.15s
Ep 1167: len= 38 白胜 loss=27.1968 temp=1.00 total_env_steps=49749 t=0.15s
Ep 1168: len= 39 黑胜 loss=27.3875 temp=1.00 total_env_steps=49788 t=0.15s
Ep 1169: len= 62 白胜 loss=27.1124 temp=1.00 total_env_steps=49850 t=0.22s
Ep 1170: len= 64 白胜 loss=26.7779 temp=1.00 total_env_steps=49914 t=0.21s
Ep 1171: len= 64 白胜 loss=27.3738 temp=1.00 total_env_steps=49978 t=0.22s
Ep 1172: len= 34 白胜 loss=27.1257 temp=1.00 total_env_steps=50012 t=0.14s
Ep 1173: len= 34 白胜 loss=26.8937 temp=1.00 total_env_steps=50046 t=0.13s
Ep 1174: len= 33 黑胜 loss=27.1036 temp=1.00 total_env_steps=50079 t=0.13s
Ep 1175: len= 29 黑胜 loss=26.7268 temp=1.00 total_env_steps=50108 t=0.11s
Ep 1176: len= 37 黑胜 loss=26.9731 temp=1.00 total_env_steps=50145 t=0.14s
Ep 1177: len= 55 黑胜 loss=27.4238 temp=1.00 total_env_steps=50200 t=0.17s
Ep 1178: len= 55 黑胜 loss=27.0401 temp=1.00 total_env_steps=50255 t=0.18s
Ep 1179: len= 54 白胜 loss=27.1021 temp=1.00 total_env_steps=50309 t=0.19s
Ep 1180: len= 40 白胜 loss=27.2275 temp=1.00 total_env_steps=50349 t=0.16s
Ep 1181: len= 46 白胜 loss=27.2647 temp=1.00 total_env_steps=50395 t=0.16s
Ep 1182: len= 60 白胜 loss=27.2938 temp=1.00 total_env_steps=50455 t=0.19s
Ep 1183: len= 58 白胜 loss=27.1398 temp=1.00 total_env_steps=50513 t=0.17s
Ep 1184: len= 37 黑胜 loss=27.1755 temp=1.00 total_env_steps=50550 t=0.14s
Ep 1185: len= 59 黑胜 loss=27.3280 temp=1.00 total_env_steps=50609 t=0.19s
Ep 1186: len= 43 黑胜 loss=26.9481 temp=1.00 total_env_steps=50652 t=0.15s
Ep 1187: len= 28 白胜 loss=27.1227 temp=1.00 total_env_steps=50680 t=0.11s
Ep 1188: len= 57 黑胜 loss=27.2805 temp=1.00 total_env_steps=50737 t=0.21s
Ep 1189: len= 43 黑胜 loss=26.9851 temp=1.00 total_env_steps=50780 t=0.16s
Ep 1190: len= 25 黑胜 loss=27.1421 temp=1.00 total_env_steps=50805 t=0.10s
Ep 1191: len= 55 黑胜 loss=27.0557 temp=1.00 total_env_steps=50860 t=0.17s
Ep 1192: len= 39 黑胜 loss=27.0461 temp=1.00 total_env_steps=50899 t=0.14s
Ep 1193: len= 43 黑胜 loss=27.0043 temp=1.00 total_env_steps=50942 t=0.15s
Ep 1194: len= 40 白胜 loss=27.2513 temp=1.00 total_env_steps=50982 t=0.15s
Ep 1195: len= 31 黑胜 loss=27.3168 temp=1.00 total_env_steps=51013 t=0.12s
Ep 1196: len= 38 白胜 loss=26.9363 temp=1.00 total_env_steps=51051 t=0.13s
Ep 1197: len= 27 黑胜 loss=27.1743 temp=1.00 total_env_steps=51078 t=0.11s
Ep 1198: len= 40 白胜 loss=27.2697 temp=1.00 total_env_steps=51118 t=0.15s
Ep 1199: len= 33 黑胜 loss=27.1270 temp=1.00 total_env_steps=51151 t=0.13s
Ep 1200: len= 27 黑胜 loss=27.1984 temp=1.00 total_env_steps=51178 t=0.11s
Ep 1201: len= 47 黑胜 loss=27.1358 temp=1.00 total_env_steps=51225 t=0.16s
Ep 1202: len= 38 白胜 loss=27.1269 temp=1.00 total_env_steps=51263 t=0.15s
Ep 1203: len= 27 黑胜 loss=27.1552 temp=1.00 total_env_steps=51290 t=0.11s
Ep 1204: len= 67 黑胜 loss=26.7928 temp=1.00 total_env_steps=51357 t=0.20s
Ep 1205: len= 44 白胜 loss=27.3072 temp=1.00 total_env_steps=51401 t=0.15s
Ep 1206: len= 61 黑胜 loss=27.4315 temp=1.00 total_env_steps=51462 t=0.19s
Ep 1207: len= 40 白胜 loss=27.2852 temp=1.00 total_env_steps=51502 t=0.14s
Ep 1208: len= 47 黑胜 loss=27.0783 temp=1.00 total_env_steps=51549 t=0.16s
Ep 1209: len= 32 白胜 loss=27.0825 temp=1.00 total_env_steps=51581 t=0.12s
Ep 1210: len= 41 黑胜 loss=27.3318 temp=1.00 total_env_steps=51622 t=0.14s
Ep 1211: len= 48 白胜 loss=27.3610 temp=1.00 total_env_steps=51670 t=0.16s
Ep 1212: len= 33 黑胜 loss=27.0700 temp=1.00 total_env_steps=51703 t=0.13s
Ep 1213: len= 41 黑胜 loss=27.2271 temp=1.00 total_env_steps=51744 t=0.15s
Ep 1214: len= 62 白胜 loss=27.1881 temp=1.00 total_env_steps=51806 t=0.26s
Ep 1215: len= 32 白胜 loss=27.1727 temp=1.00 total_env_steps=51838 t=0.12s
Ep 1216: len= 59 黑胜 loss=27.1603 temp=1.00 total_env_steps=51897 t=0.19s
Ep 1217: len= 28 白胜 loss=27.1419 temp=1.00 total_env_steps=51925 t=0.11s
Ep 1218: len= 78 白胜 loss=27.0227 temp=1.00 total_env_steps=52003 t=0.23s
Ep 1219: len= 25 黑胜 loss=26.9515 temp=1.00 total_env_steps=52028 t=0.11s
Ep 1220: len= 37 黑胜 loss=26.9764 temp=1.00 total_env_steps=52065 t=0.14s
Ep 1221: len= 26 白胜 loss=27.2340 temp=1.00 total_env_steps=52091 t=0.12s
Ep 1222: len= 33 黑胜 loss=27.2782 temp=1.00 total_env_steps=52124 t=0.13s
Ep 1223: len= 26 白胜 loss=27.1006 temp=1.00 total_env_steps=52150 t=0.12s
Ep 1224: len= 52 白胜 loss=27.3581 temp=1.00 total_env_steps=52202 t=0.17s
Ep 1225: len= 54 白胜 loss=27.4895 temp=1.00 total_env_steps=52256 t=0.18s
Ep 1226: len= 37 黑胜 loss=27.2366 temp=1.00 total_env_steps=52293 t=0.14s
Ep 1227: len= 46 白胜 loss=27.1133 temp=1.00 total_env_steps=52339 t=0.18s
Ep 1228: len= 23 黑胜 loss=26.8376 temp=1.00 total_env_steps=52362 t=0.11s
Ep 1229: len= 38 白胜 loss=27.3098 temp=1.00 total_env_steps=52400 t=0.15s
Ep 1230: len= 37 黑胜 loss=27.1713 temp=1.00 total_env_steps=52437 t=0.14s
Ep 1231: len= 36 白胜 loss=27.3232 temp=1.00 total_env_steps=52473 t=0.13s
Ep 1232: len= 57 黑胜 loss=26.9503 temp=1.00 total_env_steps=52530 t=0.17s
Ep 1233: len= 58 白胜 loss=27.0639 temp=1.00 total_env_steps=52588 t=0.19s
Ep 1234: len= 37 黑胜 loss=27.1523 temp=1.00 total_env_steps=52625 t=0.14s
Ep 1235: len= 57 黑胜 loss=26.8166 temp=1.00 total_env_steps=52682 t=0.19s
Ep 1236: len= 48 白胜 loss=27.1259 temp=1.00 total_env_steps=52730 t=0.17s
Ep 1237: len= 43 黑胜 loss=27.2885 temp=1.00 total_env_steps=52773 t=0.14s
Ep 1238: len= 43 黑胜 loss=27.0270 temp=1.00 total_env_steps=52816 t=0.15s
Ep 1239: len= 38 白胜 loss=27.3265 temp=1.00 total_env_steps=52854 t=0.14s
Ep 1240: len= 30 白胜 loss=26.9586 temp=1.00 total_env_steps=52884 t=0.12s
Ep 1241: len= 49 黑胜 loss=27.4829 temp=1.00 total_env_steps=52933 t=0.18s
Ep 1242: len= 32 白胜 loss=27.1420 temp=1.00 total_env_steps=52965 t=0.13s
Ep 1243: len= 39 黑胜 loss=26.8849 temp=1.00 total_env_steps=53004 t=0.18s
Ep 1244: len= 31 黑胜 loss=27.0870 temp=1.00 total_env_steps=53035 t=0.12s
Ep 1245: len= 35 黑胜 loss=27.4609 temp=1.00 total_env_steps=53070 t=0.14s
Ep 1246: len= 41 黑胜 loss=27.4082 temp=1.00 total_env_steps=53111 t=0.15s
Ep 1247: len= 51 黑胜 loss=27.2025 temp=1.00 total_env_steps=53162 t=0.16s
Ep 1248: len= 55 黑胜 loss=27.3791 temp=1.00 total_env_steps=53217 t=0.21s
Ep 1249: len= 44 白胜 loss=27.2789 temp=1.00 total_env_steps=53261 t=0.15s
Ep 1250: len= 32 白胜 loss=27.0037 temp=1.00 total_env_steps=53293 t=0.13s
Ep 1251: len= 45 黑胜 loss=26.9921 temp=1.00 total_env_steps=53338 t=0.18s
Ep 1252: len= 38 白胜 loss=27.1655 temp=1.00 total_env_steps=53376 t=0.13s
Ep 1253: len= 77 黑胜 loss=26.9491 temp=1.00 total_env_steps=53453 t=0.23s
Ep 1254: len= 37 黑胜 loss=27.2715 temp=1.00 total_env_steps=53490 t=0.14s
Ep 1255: len= 40 白胜 loss=26.7509 temp=1.00 total_env_steps=53530 t=0.15s
Ep 1256: len= 33 黑胜 loss=27.2042 temp=1.00 total_env_steps=53563 t=0.13s
Ep 1257: len= 46 白胜 loss=27.2091 temp=1.00 total_env_steps=53609 t=0.16s
Ep 1258: len= 42 白胜 loss=27.2314 temp=1.00 total_env_steps=53651 t=0.15s
Ep 1259: len= 48 白胜 loss=27.3946 temp=1.00 total_env_steps=53699 t=0.16s
Ep 1260: len= 38 白胜 loss=27.0693 temp=1.00 total_env_steps=53737 t=0.14s
Ep 1261: len= 17 黑胜 loss=27.0511 temp=1.00 total_env_steps=53754 t=0.09s
Ep 1262: len= 32 白胜 loss=27.2157 temp=1.00 total_env_steps=53786 t=0.12s
Ep 1263: len= 47 黑胜 loss=27.0682 temp=1.00 total_env_steps=53833 t=0.16s
Ep 1264: len= 61 黑胜 loss=27.1432 temp=1.00 total_env_steps=53894 t=0.21s
Ep 1265: len= 44 白胜 loss=27.4492 temp=1.00 total_env_steps=53938 t=0.17s
Ep 1266: len= 53 黑胜 loss=27.0678 temp=1.00 total_env_steps=53991 t=0.19s
Ep 1267: len= 28 白胜 loss=26.9822 temp=1.00 total_env_steps=54019 t=0.12s
Ep 1268: len= 55 黑胜 loss=27.2069 temp=1.00 total_env_steps=54074 t=0.17s
Ep 1269: len= 67 黑胜 loss=27.2419 temp=1.00 total_env_steps=54141 t=0.21s
Ep 1270: len= 54 白胜 loss=27.3432 temp=1.00 total_env_steps=54195 t=0.19s
Ep 1271: len= 54 白胜 loss=27.2886 temp=1.00 total_env_steps=54249 t=0.20s
Ep 1272: len= 30 白胜 loss=27.0604 temp=1.00 total_env_steps=54279 t=0.12s
Ep 1273: len= 15 黑胜 loss=27.2601 temp=1.00 total_env_steps=54294 t=0.08s
Ep 1274: len= 41 黑胜 loss=27.4495 temp=1.00 total_env_steps=54335 t=0.16s
Ep 1275: len= 48 白胜 loss=27.1543 temp=1.00 total_env_steps=54383 t=0.17s
Ep 1276: len= 41 黑胜 loss=27.0051 temp=1.00 total_env_steps=54424 t=0.15s
Ep 1277: len= 25 黑胜 loss=27.2095 temp=1.00 total_env_steps=54449 t=0.11s
Ep 1278: len= 45 黑胜 loss=27.3072 temp=1.00 total_env_steps=54494 t=0.16s
Ep 1279: len= 37 黑胜 loss=27.1629 temp=1.00 total_env_steps=54531 t=0.13s
Ep 1280: len= 51 黑胜 loss=27.1656 temp=1.00 total_env_steps=54582 t=0.18s
Ep 1281: len= 53 黑胜 loss=27.2656 temp=1.00 total_env_steps=54635 t=0.17s
Ep 1282: len= 44 白胜 loss=26.9925 temp=1.00 total_env_steps=54679 t=0.15s
Ep 1283: len= 27 黑胜 loss=27.0112 temp=1.00 total_env_steps=54706 t=0.11s
Ep 1284: len= 58 白胜 loss=27.5713 temp=1.00 total_env_steps=54764 t=0.20s
Ep 1285: len= 37 黑胜 loss=27.1014 temp=1.00 total_env_steps=54801 t=0.14s
Ep 1286: len= 59 黑胜 loss=27.5380 temp=1.00 total_env_steps=54860 t=0.23s
Ep 1287: len= 31 黑胜 loss=27.1559 temp=1.00 total_env_steps=54891 t=0.12s
Ep 1288: len= 23 黑胜 loss=27.1135 temp=1.00 total_env_steps=54914 t=0.10s
Ep 1289: len= 31 黑胜 loss=27.3969 temp=1.00 total_env_steps=54945 t=0.12s
Ep 1290: len= 49 黑胜 loss=27.2352 temp=1.00 total_env_steps=54994 t=0.16s
Ep 1291: len= 31 黑胜 loss=27.1028 temp=1.00 total_env_steps=55025 t=0.12s
Ep 1292: len= 40 白胜 loss=27.1038 temp=1.00 total_env_steps=55065 t=0.15s
Ep 1293: len= 56 白胜 loss=27.2742 temp=1.00 total_env_steps=55121 t=0.22s
Ep 1294: len= 36 白胜 loss=27.1397 temp=1.00 total_env_steps=55157 t=0.13s
Ep 1295: len= 37 黑胜 loss=27.0459 temp=1.00 total_env_steps=55194 t=0.13s
Ep 1296: len= 27 黑胜 loss=27.0069 temp=1.00 total_env_steps=55221 t=0.11s
Ep 1297: len= 51 黑胜 loss=27.3849 temp=1.00 total_env_steps=55272 t=0.17s
Ep 1298: len= 31 黑胜 loss=27.1538 temp=1.00 total_env_steps=55303 t=0.12s
Ep 1299: len= 50 白胜 loss=26.9378 temp=1.00 total_env_steps=55353 t=0.17s
Ep 1300: len= 76 白胜 loss=27.1046 temp=1.00 total_env_steps=55429 t=0.22s
Ep 1301: len= 56 白胜 loss=27.2772 temp=1.00 total_env_steps=55485 t=0.17s
Ep 1302: len= 35 黑胜 loss=27.1919 temp=1.00 total_env_steps=55520 t=0.13s
Ep 1303: len= 47 黑胜 loss=27.0848 temp=1.00 total_env_steps=55567 t=0.17s
Ep 1304: len= 28 白胜 loss=27.0767 temp=1.00 total_env_steps=55595 t=0.12s
Ep 1305: len= 48 白胜 loss=27.4735 temp=1.00 total_env_steps=55643 t=0.18s
Ep 1306: len= 29 黑胜 loss=27.3872 temp=1.00 total_env_steps=55672 t=0.12s
Ep 1307: len= 53 黑胜 loss=27.2316 temp=1.00 total_env_steps=55725 t=0.18s
Ep 1308: len= 48 白胜 loss=27.4311 temp=1.00 total_env_steps=55773 t=0.17s
Ep 1309: len= 31 黑胜 loss=27.4803 temp=1.00 total_env_steps=55804 t=0.12s
Ep 1310: len= 34 白胜 loss=27.1488 temp=1.00 total_env_steps=55838 t=0.13s
Ep 1311: len= 43 黑胜 loss=26.9428 temp=1.00 total_env_steps=55881 t=0.15s
Ep 1312: len= 39 黑胜 loss=27.5004 temp=1.00 total_env_steps=55920 t=0.15s
Ep 1313: len= 45 黑胜 loss=26.9919 temp=1.00 total_env_steps=55965 t=0.17s
Ep 1314: len= 31 黑胜 loss=27.0671 temp=1.00 total_env_steps=55996 t=0.13s
Ep 1315: len= 35 黑胜 loss=27.2201 temp=1.00 total_env_steps=56031 t=0.13s
Ep 1316: len= 34 白胜 loss=27.0920 temp=1.00 total_env_steps=56065 t=0.14s
Ep 1317: len= 53 黑胜 loss=27.2573 temp=1.00 total_env_steps=56118 t=0.19s
Ep 1318: len= 38 白胜 loss=27.0991 temp=1.00 total_env_steps=56156 t=0.14s
Ep 1319: len= 24 白胜 loss=27.0959 temp=1.00 total_env_steps=56180 t=0.10s
Ep 1320: len= 65 黑胜 loss=27.0603 temp=1.00 total_env_steps=56245 t=0.21s
Ep 1321: len= 41 黑胜 loss=27.1759 temp=1.00 total_env_steps=56286 t=0.15s
Ep 1322: len= 32 白胜 loss=27.1426 temp=1.00 total_env_steps=56318 t=0.12s
Ep 1323: len= 30 白胜 loss=27.1063 temp=1.00 total_env_steps=56348 t=0.12s
Ep 1324: len= 44 白胜 loss=27.3105 temp=1.00 total_env_steps=56392 t=0.18s
Ep 1325: len= 31 黑胜 loss=27.2590 temp=1.00 total_env_steps=56423 t=0.13s
Ep 1326: len= 72 白胜 loss=27.2325 temp=1.00 total_env_steps=56495 t=0.29s
Ep 1327: len= 33 黑胜 loss=27.3530 temp=1.00 total_env_steps=56528 t=0.13s
Ep 1328: len= 40 白胜 loss=27.3218 temp=1.00 total_env_steps=56568 t=0.14s
Ep 1329: len= 56 白胜 loss=27.2501 temp=1.00 total_env_steps=56624 t=0.21s
Ep 1330: len= 47 黑胜 loss=27.2037 temp=1.00 total_env_steps=56671 t=0.15s
Ep 1331: len= 34 白胜 loss=27.3704 temp=1.00 total_env_steps=56705 t=0.14s
Ep 1332: len= 25 黑胜 loss=27.3882 temp=1.00 total_env_steps=56730 t=0.11s
Ep 1333: len= 70 白胜 loss=26.9342 temp=1.00 total_env_steps=56800 t=0.24s
Ep 1334: len= 36 白胜 loss=27.4711 temp=1.00 total_env_steps=56836 t=0.13s
Ep 1335: len= 55 黑胜 loss=27.3696 temp=1.00 total_env_steps=56891 t=0.20s
Ep 1336: len= 21 黑胜 loss=27.1442 temp=1.00 total_env_steps=56912 t=0.10s
Ep 1337: len= 34 白胜 loss=27.0181 temp=1.00 total_env_steps=56946 t=0.12s
Ep 1338: len= 31 黑胜 loss=27.5191 temp=1.00 total_env_steps=56977 t=0.12s
Ep 1339: len= 37 黑胜 loss=27.3476 temp=1.00 total_env_steps=57014 t=0.13s
Ep 1340: len= 43 黑胜 loss=27.2186 temp=1.00 total_env_steps=57057 t=0.16s
Ep 1341: len= 62 白胜 loss=27.3964 temp=1.00 total_env_steps=57119 t=0.19s
Ep 1342: len= 19 黑胜 loss=27.2229 temp=1.00 total_env_steps=57138 t=0.10s
Ep 1343: len= 41 黑胜 loss=27.1755 temp=1.00 total_env_steps=57179 t=0.14s
Ep 1344: len= 34 白胜 loss=27.1048 temp=1.00 total_env_steps=57213 t=0.13s
Ep 1345: len= 27 黑胜 loss=26.9461 temp=1.00 total_env_steps=57240 t=0.11s
Ep 1346: len= 25 黑胜 loss=27.1688 temp=1.00 total_env_steps=57265 t=0.11s
Ep 1347: len= 32 白胜 loss=27.2124 temp=1.00 total_env_steps=57297 t=0.12s
Ep 1348: len= 34 白胜 loss=27.0943 temp=1.00 total_env_steps=57331 t=0.13s
Ep 1349: len= 40 白胜 loss=26.9216 temp=1.00 total_env_steps=57371 t=0.14s
Ep 1350: len= 48 白胜 loss=27.2245 temp=1.00 total_env_steps=57419 t=0.17s
Ep 1351: len= 45 黑胜 loss=26.8252 temp=1.00 total_env_steps=57464 t=0.15s
Ep 1352: len= 37 黑胜 loss=27.1663 temp=1.00 total_env_steps=57501 t=0.13s
Ep 1353: len= 25 黑胜 loss=27.4109 temp=1.00 total_env_steps=57526 t=0.11s
Ep 1354: len= 68 白胜 loss=27.1366 temp=1.00 total_env_steps=57594 t=0.22s
Ep 1355: len= 37 黑胜 loss=27.1439 temp=1.00 total_env_steps=57631 t=0.14s
Ep 1356: len= 51 黑胜 loss=27.4706 temp=1.00 total_env_steps=57682 t=0.17s
Ep 1357: len= 48 白胜 loss=27.0340 temp=1.00 total_env_steps=57730 t=0.18s
Ep 1358: len= 66 白胜 loss=27.6160 temp=1.00 total_env_steps=57796 t=0.22s
Ep 1359: len= 26 白胜 loss=27.4670 temp=1.00 total_env_steps=57822 t=0.12s
Ep 1360: len= 62 白胜 loss=27.1783 temp=1.00 total_env_steps=57884 t=0.20s
Ep 1361: len= 50 白胜 loss=27.1395 temp=1.00 total_env_steps=57934 t=0.16s
Ep 1362: len= 49 黑胜 loss=27.2235 temp=1.00 total_env_steps=57983 t=0.16s
Ep 1363: len= 66 白胜 loss=27.3967 temp=1.00 total_env_steps=58049 t=0.20s
Ep 1364: len= 33 黑胜 loss=26.9825 temp=1.00 total_env_steps=58082 t=0.13s
Ep 1365: len= 31 黑胜 loss=27.2485 temp=1.00 total_env_steps=58113 t=0.12s
Ep 1366: len= 58 白胜 loss=27.1141 temp=1.00 total_env_steps=58171 t=0.19s
Ep 1367: len= 27 黑胜 loss=27.2008 temp=1.00 total_env_steps=58198 t=0.12s
Ep 1368: len= 60 白胜 loss=27.0316 temp=1.00 total_env_steps=58258 t=0.18s
Ep 1369: len= 35 黑胜 loss=27.3759 temp=1.00 total_env_steps=58293 t=0.13s
Ep 1370: len= 70 白胜 loss=27.1521 temp=1.00 total_env_steps=58363 t=0.21s
Ep 1371: len= 59 黑胜 loss=27.2842 temp=1.00 total_env_steps=58422 t=0.19s
Ep 1372: len= 42 白胜 loss=26.9331 temp=1.00 total_env_steps=58464 t=0.14s
Ep 1373: len= 25 黑胜 loss=27.2055 temp=1.00 total_env_steps=58489 t=0.11s
Ep 1374: len= 51 黑胜 loss=27.2857 temp=1.00 total_env_steps=58540 t=0.17s
Ep 1375: len= 55 黑胜 loss=27.5214 temp=1.00 total_env_steps=58595 t=0.17s
Ep 1376: len= 29 黑胜 loss=27.2118 temp=1.00 total_env_steps=58624 t=0.11s
Ep 1377: len= 53 黑胜 loss=27.2706 temp=1.00 total_env_steps=58677 t=0.17s
Ep 1378: len= 33 黑胜 loss=27.3305 temp=1.00 total_env_steps=58710 t=0.12s
Ep 1379: len= 44 白胜 loss=27.0099 temp=1.00 total_env_steps=58754 t=0.15s
Ep 1380: len= 47 黑胜 loss=27.0093 temp=1.00 total_env_steps=58801 t=0.18s
Ep 1381: len= 38 白胜 loss=27.1973 temp=1.00 total_env_steps=58839 t=0.16s
Ep 1382: len= 37 黑胜 loss=27.2905 temp=1.00 total_env_steps=58876 t=0.14s
Ep 1383: len= 65 黑胜 loss=27.5099 temp=1.00 total_env_steps=58941 t=0.26s
Ep 1384: len= 22 白胜 loss=27.2904 temp=1.00 total_env_steps=58963 t=0.10s
Ep 1385: len= 38 白胜 loss=27.4331 temp=1.00 total_env_steps=59001 t=0.15s
Ep 1386: len= 27 黑胜 loss=27.2839 temp=1.00 total_env_steps=59028 t=0.12s
Ep 1387: len= 47 黑胜 loss=27.1510 temp=1.00 total_env_steps=59075 t=0.16s
Ep 1388: len= 57 黑胜 loss=27.4313 temp=1.00 total_env_steps=59132 t=0.18s
Ep 1389: len= 44 白胜 loss=27.4354 temp=1.00 total_env_steps=59176 t=0.15s
Ep 1390: len= 49 黑胜 loss=27.0771 temp=1.00 total_env_steps=59225 t=0.16s
Ep 1391: len= 52 白胜 loss=26.8534 temp=1.00 total_env_steps=59277 t=0.17s
Ep 1392: len= 65 黑胜 loss=27.2354 temp=1.00 total_env_steps=59342 t=0.23s
Ep 1393: len= 43 黑胜 loss=27.2141 temp=1.00 total_env_steps=59385 t=0.15s
Ep 1394: len= 43 黑胜 loss=27.1773 temp=1.00 total_env_steps=59428 t=0.16s
Ep 1395: len= 31 黑胜 loss=27.2441 temp=1.00 total_env_steps=59459 t=0.12s
Ep 1396: len= 41 黑胜 loss=27.4624 temp=1.00 total_env_steps=59500 t=0.15s
Ep 1397: len= 39 黑胜 loss=27.4399 temp=1.00 total_env_steps=59539 t=0.15s
Ep 1398: len= 56 白胜 loss=27.3232 temp=1.00 total_env_steps=59595 t=0.19s
Ep 1399: len= 25 黑胜 loss=27.1580 temp=1.00 total_env_steps=59620 t=0.10s
Ep 1400: len= 60 白胜 loss=27.3402 temp=1.00 total_env_steps=59680 t=0.19s
Ep 1401: len= 39 黑胜 loss=27.0538 temp=1.00 total_env_steps=59719 t=0.14s
Ep 1402: len= 42 白胜 loss=27.4405 temp=1.00 total_env_steps=59761 t=0.15s
Ep 1403: len= 30 白胜 loss=27.2652 temp=1.00 total_env_steps=59791 t=0.12s
Ep 1404: len= 47 黑胜 loss=27.0792 temp=1.00 total_env_steps=59838 t=0.16s
Ep 1405: len= 31 黑胜 loss=27.0583 temp=1.00 total_env_steps=59869 t=0.12s
Ep 1406: len= 37 黑胜 loss=27.2764 temp=1.00 total_env_steps=59906 t=0.14s
Ep 1407: len= 41 黑胜 loss=27.1544 temp=1.00 total_env_steps=59947 t=0.15s
Ep 1408: len= 48 白胜 loss=27.5823 temp=1.00 total_env_steps=59995 t=0.18s
Ep 1409: len= 61 黑胜 loss=27.4359 temp=1.00 total_env_steps=60056 t=0.20s
Ep 1410: len= 64 白胜 loss=27.2366 temp=1.00 total_env_steps=60120 t=0.20s
Ep 1411: len= 48 白胜 loss=27.4078 temp=1.00 total_env_steps=60168 t=0.16s
Ep 1412: len= 64 白胜 loss=26.9939 temp=1.00 total_env_steps=60232 t=0.20s
Ep 1413: len= 34 白胜 loss=27.3413 temp=1.00 total_env_steps=60266 t=0.13s
Ep 1414: len= 44 白胜 loss=26.8776 temp=1.00 total_env_steps=60310 t=0.15s
Ep 1415: len= 30 白胜 loss=27.5171 temp=1.00 total_env_steps=60340 t=0.12s
Ep 1416: len= 51 黑胜 loss=27.0443 temp=1.00 total_env_steps=60391 t=0.18s
Ep 1417: len= 31 黑胜 loss=27.1337 temp=1.00 total_env_steps=60422 t=0.13s
Ep 1418: len= 42 白胜 loss=27.3180 temp=1.00 total_env_steps=60464 t=0.15s
Ep 1419: len= 43 黑胜 loss=27.1317 temp=1.00 total_env_steps=60507 t=0.16s
Ep 1420: len= 48 白胜 loss=27.2843 temp=1.00 total_env_steps=60555 t=0.16s
Ep 1421: len= 63 黑胜 loss=27.4771 temp=1.00 total_env_steps=60618 t=0.23s
Ep 1422: len= 54 白胜 loss=27.2312 temp=1.00 total_env_steps=60672 t=0.21s
Ep 1423: len= 48 白胜 loss=27.0972 temp=1.00 total_env_steps=60720 t=0.18s
Ep 1424: len= 25 黑胜 loss=27.2232 temp=1.00 total_env_steps=60745 t=0.11s
Ep 1425: len= 29 黑胜 loss=27.0918 temp=1.00 total_env_steps=60774 t=0.12s
Ep 1426: len= 51 黑胜 loss=27.0322 temp=1.00 total_env_steps=60825 t=0.18s
Ep 1427: len= 26 白胜 loss=27.3123 temp=1.00 total_env_steps=60851 t=0.11s
Ep 1428: len= 34 白胜 loss=27.4989 temp=1.00 total_env_steps=60885 t=0.12s
Ep 1429: len= 32 白胜 loss=27.0381 temp=1.00 total_env_steps=60917 t=0.12s
Ep 1430: len= 44 白胜 loss=27.4423 temp=1.00 total_env_steps=60961 t=0.16s
Ep 1431: len= 29 黑胜 loss=27.3423 temp=1.00 total_env_steps=60990 t=0.12s
Ep 1432: len= 26 白胜 loss=27.1959 temp=1.00 total_env_steps=61016 t=0.11s
Ep 1433: len= 40 白胜 loss=27.2765 temp=1.00 total_env_steps=61056 t=0.14s
Ep 1434: len= 19 黑胜 loss=27.2702 temp=1.00 total_env_steps=61075 t=0.09s
Ep 1435: len= 41 黑胜 loss=27.2014 temp=1.00 total_env_steps=61116 t=0.15s
Ep 1436: len= 28 白胜 loss=27.0984 temp=1.00 total_env_steps=61144 t=0.11s
Ep 1437: len= 63 黑胜 loss=27.2929 temp=1.00 total_env_steps=61207 t=0.22s
Ep 1438: len= 49 黑胜 loss=27.2628 temp=1.00 total_env_steps=61256 t=0.17s
Ep 1439: len= 33 黑胜 loss=27.4995 temp=1.00 total_env_steps=61289 t=0.12s
Ep 1440: len= 29 黑胜 loss=27.4185 temp=1.00 total_env_steps=61318 t=0.12s
Ep 1441: len= 32 白胜 loss=27.4764 temp=1.00 total_env_steps=61350 t=0.13s
Ep 1442: len= 68 白胜 loss=27.4043 temp=1.00 total_env_steps=61418 t=0.21s
Ep 1443: len= 29 黑胜 loss=27.3905 temp=1.00 total_env_steps=61447 t=0.12s
Ep 1444: len= 29 黑胜 loss=27.5126 temp=1.00 total_env_steps=61476 t=0.12s
Ep 1445: len= 36 白胜 loss=27.1937 temp=1.00 total_env_steps=61512 t=0.15s
Ep 1446: len= 33 黑胜 loss=27.2125 temp=1.00 total_env_steps=61545 t=0.14s
Ep 1447: len= 26 白胜 loss=27.2457 temp=1.00 total_env_steps=61571 t=0.11s
Ep 1448: len= 24 白胜 loss=27.2629 temp=1.00 total_env_steps=61595 t=0.10s
Ep 1449: len= 21 黑胜 loss=27.3812 temp=1.00 total_env_steps=61616 t=0.10s
Ep 1450: len= 23 黑胜 loss=27.1930 temp=1.00 total_env_steps=61639 t=0.10s
Ep 1451: len= 49 黑胜 loss=26.8162 temp=1.00 total_env_steps=61688 t=0.17s
Ep 1452: len= 37 黑胜 loss=27.1744 temp=1.00 total_env_steps=61725 t=0.14s
Ep 1453: len= 26 白胜 loss=27.2337 temp=1.00 total_env_steps=61751 t=0.12s
Ep 1454: len= 17 黑胜 loss=27.2040 temp=1.00 total_env_steps=61768 t=0.09s
Ep 1455: len= 58 白胜 loss=27.0697 temp=1.00 total_env_steps=61826 t=0.20s
Ep 1456: len= 54 白胜 loss=27.3641 temp=1.00 total_env_steps=61880 t=0.20s
Ep 1457: len= 59 黑胜 loss=27.1605 temp=1.00 total_env_steps=61939 t=0.21s
Ep 1458: len= 70 白胜 loss=27.2358 temp=1.00 total_env_steps=62009 t=0.27s
Ep 1459: len= 36 白胜 loss=27.1466 temp=1.00 total_env_steps=62045 t=0.15s
Ep 1460: len= 57 黑胜 loss=27.2763 temp=1.00 total_env_steps=62102 t=0.19s
Ep 1461: len= 60 白胜 loss=27.1456 temp=1.00 total_env_steps=62162 t=0.21s
Ep 1462: len= 48 白胜 loss=27.2387 temp=1.00 total_env_steps=62210 t=0.18s
Ep 1463: len= 61 黑胜 loss=27.3510 temp=1.00 total_env_steps=62271 t=0.21s
Ep 1464: len= 43 黑胜 loss=26.9472 temp=1.00 total_env_steps=62314 t=0.15s
Ep 1465: len= 77 黑胜 loss=27.2956 temp=1.00 total_env_steps=62391 t=0.24s
Ep 1466: len= 44 白胜 loss=27.3916 temp=1.00 total_env_steps=62435 t=0.16s
Ep 1467: len= 44 白胜 loss=27.0690 temp=1.00 total_env_steps=62479 t=0.15s
Ep 1468: len= 34 白胜 loss=27.2041 temp=1.00 total_env_steps=62513 t=0.13s
Ep 1469: len= 34 白胜 loss=27.3652 temp=1.00 total_env_steps=62547 t=0.13s
Ep 1470: len= 51 黑胜 loss=27.3553 temp=1.00 total_env_steps=62598 t=0.18s
Ep 1471: len= 43 黑胜 loss=27.3361 temp=1.00 total_env_steps=62641 t=0.16s
Ep 1472: len= 35 黑胜 loss=27.1767 temp=1.00 total_env_steps=62676 t=0.13s
Ep 1473: len= 43 黑胜 loss=27.4166 temp=1.00 total_env_steps=62719 t=0.16s
Ep 1474: len= 25 黑胜 loss=27.3140 temp=1.00 total_env_steps=62744 t=0.11s
Ep 1475: len= 53 黑胜 loss=27.1266 temp=1.00 total_env_steps=62797 t=0.20s
Ep 1476: len= 27 黑胜 loss=27.4160 temp=1.00 total_env_steps=62824 t=0.12s
Ep 1477: len= 34 白胜 loss=27.5230 temp=1.00 total_env_steps=62858 t=0.14s
Ep 1478: len= 46 白胜 loss=27.2530 temp=1.00 total_env_steps=62904 t=0.18s
Ep 1479: len= 48 白胜 loss=27.1608 temp=1.00 total_env_steps=62952 t=0.18s
Ep 1480: len= 48 白胜 loss=27.2956 temp=1.00 total_env_steps=63000 t=0.19s
Ep 1481: len= 68 白胜 loss=27.1895 temp=1.00 total_env_steps=63068 t=0.26s
Ep 1482: len= 41 黑胜 loss=27.4042 temp=1.00 total_env_steps=63109 t=0.15s
Ep 1483: len= 41 黑胜 loss=27.1462 temp=1.00 total_env_steps=63150 t=0.16s
Ep 1484: len= 68 白胜 loss=27.5086 temp=1.00 total_env_steps=63218 t=0.19s
Ep 1485: len= 28 白胜 loss=27.0686 temp=1.00 total_env_steps=63246 t=0.12s
Ep 1486: len= 40 白胜 loss=26.9088 temp=1.00 total_env_steps=63286 t=0.17s
Ep 1487: len= 29 黑胜 loss=27.4181 temp=1.00 total_env_steps=63315 t=0.12s
Ep 1488: len= 56 白胜 loss=27.2662 temp=1.00 total_env_steps=63371 t=0.21s
Ep 1489: len= 39 黑胜 loss=27.1732 temp=1.00 total_env_steps=63410 t=0.15s
Ep 1490: len= 28 白胜 loss=27.2673 temp=1.00 total_env_steps=63438 t=0.11s
Ep 1491: len= 50 白胜 loss=27.1930 temp=1.00 total_env_steps=63488 t=0.16s
Ep 1492: len= 43 黑胜 loss=27.1352 temp=1.00 total_env_steps=63531 t=0.15s
Ep 1493: len= 52 白胜 loss=27.1403 temp=1.00 total_env_steps=63583 t=0.16s
Ep 1494: len= 38 白胜 loss=27.2621 temp=1.00 total_env_steps=63621 t=0.15s
Ep 1495: len= 35 黑胜 loss=27.3943 temp=1.00 total_env_steps=63656 t=0.13s
Ep 1496: len= 40 白胜 loss=27.0811 temp=1.00 total_env_steps=63696 t=0.16s
Ep 1497: len= 31 黑胜 loss=27.2729 temp=1.00 total_env_steps=63727 t=0.12s
Ep 1498: len= 33 黑胜 loss=27.5279 temp=1.00 total_env_steps=63760 t=0.13s
Ep 1499: len= 41 黑胜 loss=27.3302 temp=1.00 total_env_steps=63801 t=0.16s
Ep 1500: len= 33 黑胜 loss=27.5453 temp=1.00 total_env_steps=63834 t=0.12s
  eval vs Gomoku-random-v0: win_rate=0.95 mean_return=0.90（20 局，total_env_steps=63834）
Ep 1501: len= 33 黑胜 loss=27.2510 temp=1.00 total_env_steps=63867 t=0.13s
Ep 1502: len= 51 黑胜 loss=26.9404 temp=1.00 total_env_steps=63918 t=0.16s
Ep 1503: len= 52 白胜 loss=27.6221 temp=1.00 total_env_steps=63970 t=0.17s
Ep 1504: len= 35 黑胜 loss=27.4981 temp=1.00 total_env_steps=64005 t=0.14s
Ep 1505: len= 31 黑胜 loss=27.1793 temp=1.00 total_env_steps=64036 t=0.13s
Ep 1506: len= 38 白胜 loss=27.2252 temp=1.00 total_env_steps=64074 t=0.16s
Ep 1507: len= 31 黑胜 loss=27.1950 temp=1.00 total_env_steps=64105 t=0.13s
Ep 1508: len= 34 白胜 loss=27.3825 temp=1.00 total_env_steps=64139 t=0.14s
Ep 1509: len= 37 黑胜 loss=27.2535 temp=1.00 total_env_steps=64176 t=0.15s
Ep 1510: len= 58 白胜 loss=27.3535 temp=1.00 total_env_steps=64234 t=0.24s
Ep 1511: len= 27 黑胜 loss=27.4538 temp=1.00 total_env_steps=64261 t=0.12s
Ep 1512: len= 52 白胜 loss=27.3383 temp=1.00 total_env_steps=64313 t=0.17s
Ep 1513: len= 44 白胜 loss=26.9192 temp=1.00 total_env_steps=64357 t=0.16s
Ep 1514: len= 41 黑胜 loss=27.3267 temp=1.00 total_env_steps=64398 t=0.15s
Ep 1515: len= 40 白胜 loss=27.3264 temp=1.00 total_env_steps=64438 t=0.16s
Ep 1516: len= 44 白胜 loss=27.2982 temp=1.00 total_env_steps=64482 t=0.16s
Ep 1517: len= 60 白胜 loss=27.2729 temp=1.00 total_env_steps=64542 t=0.22s
Ep 1518: len= 33 黑胜 loss=27.2722 temp=1.00 total_env_steps=64575 t=0.13s
Ep 1519: len= 41 黑胜 loss=27.4862 temp=1.00 total_env_steps=64616 t=0.15s
Ep 1520: len= 38 白胜 loss=26.9072 temp=1.00 total_env_steps=64654 t=0.14s
Ep 1521: len= 62 白胜 loss=27.1386 temp=1.00 total_env_steps=64716 t=0.21s
Ep 1522: len= 29 黑胜 loss=27.3477 temp=1.00 total_env_steps=64745 t=0.13s
Ep 1523: len= 56 白胜 loss=27.3324 temp=1.00 total_env_steps=64801 t=0.21s
Ep 1524: len= 29 黑胜 loss=27.3692 temp=1.00 total_env_steps=64830 t=0.12s
Ep 1525: len= 56 白胜 loss=27.0515 temp=1.00 total_env_steps=64886 t=0.20s
Ep 1526: len= 30 白胜 loss=27.3820 temp=1.00 total_env_steps=64916 t=0.12s
Ep 1527: len= 46 白胜 loss=27.4355 temp=1.00 total_env_steps=64962 t=0.15s
Ep 1528: len= 24 白胜 loss=27.5634 temp=1.00 total_env_steps=64986 t=0.10s
Ep 1529: len= 49 黑胜 loss=27.1262 temp=1.00 total_env_steps=65035 t=0.18s
Ep 1530: len= 37 黑胜 loss=27.2152 temp=1.00 total_env_steps=65072 t=0.13s
Ep 1531: len= 56 白胜 loss=27.0124 temp=1.00 total_env_steps=65128 t=0.18s
Ep 1532: len= 49 黑胜 loss=27.2802 temp=1.00 total_env_steps=65177 t=0.16s
Ep 1533: len= 52 白胜 loss=27.0873 temp=1.00 total_env_steps=65229 t=0.18s
Ep 1534: len= 35 黑胜 loss=27.1305 temp=1.00 total_env_steps=65264 t=0.14s
Ep 1535: len= 35 黑胜 loss=26.9365 temp=1.00 total_env_steps=65299 t=0.14s
Ep 1536: len= 46 白胜 loss=27.1201 temp=1.00 total_env_steps=65345 t=0.17s
Ep 1537: len= 49 黑胜 loss=27.4359 temp=1.00 total_env_steps=65394 t=0.19s
Ep 1538: len= 55 黑胜 loss=27.4152 temp=1.00 total_env_steps=65449 t=0.19s
Ep 1539: len= 46 白胜 loss=27.3491 temp=1.00 total_env_steps=65495 t=0.16s
Ep 1540: len= 42 白胜 loss=27.4407 temp=1.00 total_env_steps=65537 t=0.15s
Ep 1541: len= 55 黑胜 loss=27.3720 temp=1.00 total_env_steps=65592 t=0.18s
Ep 1542: len= 41 黑胜 loss=27.4861 temp=1.00 total_env_steps=65633 t=0.17s
Ep 1543: len= 51 黑胜 loss=27.5572 temp=1.00 total_env_steps=65684 t=0.20s
Ep 1544: len= 27 黑胜 loss=27.0596 temp=1.00 total_env_steps=65711 t=0.12s
Ep 1545: len= 23 黑胜 loss=27.4640 temp=1.00 total_env_steps=65734 t=0.10s
Ep 1546: len= 32 白胜 loss=26.9360 temp=1.00 total_env_steps=65766 t=0.13s
Ep 1547: len= 30 白胜 loss=27.2850 temp=1.00 total_env_steps=65796 t=0.14s
Ep 1548: len= 41 黑胜 loss=27.3298 temp=1.00 total_env_steps=65837 t=0.16s
Ep 1549: len= 45 黑胜 loss=27.2294 temp=1.00 total_env_steps=65882 t=0.18s
Ep 1550: len= 29 黑胜 loss=27.2340 temp=1.00 total_env_steps=65911 t=0.15s
Ep 1551: len= 19 黑胜 loss=27.1658 temp=1.00 total_env_steps=65930 t=0.12s
Ep 1552: len= 50 白胜 loss=27.3985 temp=1.00 total_env_steps=65980 t=0.20s
Ep 1553: len= 16 白胜 loss=27.0345 temp=1.00 total_env_steps=65996 t=0.10s
Ep 1554: len= 32 白胜 loss=27.1913 temp=1.00 total_env_steps=66028 t=0.13s
Ep 1555: len= 32 白胜 loss=27.3129 temp=1.00 total_env_steps=66060 t=0.13s
Ep 1556: len= 21 黑胜 loss=27.3004 temp=1.00 total_env_steps=66081 t=0.11s
Ep 1557: len= 36 白胜 loss=27.4339 temp=1.00 total_env_steps=66117 t=0.14s
Ep 1558: len= 54 白胜 loss=27.3362 temp=1.00 total_env_steps=66171 t=0.18s
Ep 1559: len= 47 黑胜 loss=27.1762 temp=1.00 total_env_steps=66218 t=0.16s
Ep 1560: len= 47 黑胜 loss=27.2645 temp=1.00 total_env_steps=66265 t=0.16s
Ep 1561: len= 38 白胜 loss=27.2526 temp=1.00 total_env_steps=66303 t=0.15s
Ep 1562: len= 30 白胜 loss=27.0986 temp=1.00 total_env_steps=66333 t=0.12s
Ep 1563: len= 29 黑胜 loss=27.3054 temp=1.00 total_env_steps=66362 t=0.12s
Ep 1564: len= 31 黑胜 loss=27.3510 temp=1.00 total_env_steps=66393 t=0.13s
Ep 1565: len= 53 黑胜 loss=27.1319 temp=1.00 total_env_steps=66446 t=0.19s
Ep 1566: len= 58 白胜 loss=27.4122 temp=1.00 total_env_steps=66504 t=0.18s
Ep 1567: len= 42 白胜 loss=27.2074 temp=1.00 total_env_steps=66546 t=0.15s
Ep 1568: len= 34 白胜 loss=27.3585 temp=1.00 total_env_steps=66580 t=0.13s
Ep 1569: len= 43 黑胜 loss=27.3691 temp=1.00 total_env_steps=66623 t=0.16s
Ep 1570: len= 43 黑胜 loss=27.3194 temp=1.00 total_env_steps=66666 t=0.17s
Ep 1571: len= 24 白胜 loss=27.4935 temp=1.00 total_env_steps=66690 t=0.11s
Ep 1572: len= 41 黑胜 loss=27.5032 temp=1.00 total_env_steps=66731 t=0.16s
Ep 1573: len= 36 白胜 loss=27.2809 temp=1.00 total_env_steps=66767 t=0.14s
Ep 1574: len= 54 白胜 loss=27.4034 temp=1.00 total_env_steps=66821 t=0.17s
Ep 1575: len= 29 黑胜 loss=27.2866 temp=1.00 total_env_steps=66850 t=0.13s
Ep 1576: len= 49 黑胜 loss=27.2216 temp=1.00 total_env_steps=66899 t=0.18s
Ep 1577: len= 29 黑胜 loss=27.3311 temp=1.00 total_env_steps=66928 t=0.12s
Ep 1578: len= 43 黑胜 loss=27.3088 temp=1.00 total_env_steps=66971 t=0.17s
Ep 1579: len= 55 黑胜 loss=27.1965 temp=1.00 total_env_steps=67026 t=0.20s
Ep 1580: len= 48 白胜 loss=27.2363 temp=1.00 total_env_steps=67074 t=0.17s
Ep 1581: len= 59 黑胜 loss=26.9878 temp=1.00 total_env_steps=67133 t=0.22s
Ep 1582: len= 33 黑胜 loss=27.3722 temp=1.00 total_env_steps=67166 t=0.16s
Ep 1583: len= 37 黑胜 loss=27.1229 temp=1.00 total_env_steps=67203 t=0.14s
Ep 1584: len= 69 黑胜 loss=27.1171 temp=1.00 total_env_steps=67272 t=0.23s
Ep 1585: len= 67 黑胜 loss=27.4251 temp=1.00 total_env_steps=67339 t=0.20s
Ep 1586: len= 40 白胜 loss=27.1780 temp=1.00 total_env_steps=67379 t=0.14s
Ep 1587: len= 43 黑胜 loss=27.1922 temp=1.00 total_env_steps=67422 t=0.16s
Ep 1588: len= 47 黑胜 loss=27.0650 temp=1.00 total_env_steps=67469 t=0.16s
Ep 1589: len= 25 黑胜 loss=27.5078 temp=1.00 total_env_steps=67494 t=0.11s
Ep 1590: len= 47 黑胜 loss=27.1771 temp=1.00 total_env_steps=67541 t=0.18s
Ep 1591: len= 60 白胜 loss=27.2908 temp=1.00 total_env_steps=67601 t=0.20s
Ep 1592: len= 44 白胜 loss=27.4780 temp=1.00 total_env_steps=67645 t=0.16s
Ep 1593: len= 46 白胜 loss=27.3457 temp=1.00 total_env_steps=67691 t=0.17s
Ep 1594: len= 39 黑胜 loss=27.1895 temp=1.00 total_env_steps=67730 t=0.15s
Ep 1595: len= 34 白胜 loss=27.4524 temp=1.00 total_env_steps=67764 t=0.13s
Ep 1596: len= 58 白胜 loss=27.4560 temp=1.00 total_env_steps=67822 t=0.22s
Ep 1597: len= 29 黑胜 loss=27.2319 temp=1.00 total_env_steps=67851 t=0.12s
Ep 1598: len= 38 白胜 loss=27.1894 temp=1.00 total_env_steps=67889 t=0.14s
Ep 1599: len= 45 黑胜 loss=27.3150 temp=1.00 total_env_steps=67934 t=0.16s
Ep 1600: len= 32 白胜 loss=27.3980 temp=1.00 total_env_steps=67966 t=0.13s
Ep 1601: len= 45 黑胜 loss=27.2145 temp=1.00 total_env_steps=68011 t=0.16s
Ep 1602: len= 41 黑胜 loss=27.3744 temp=1.00 total_env_steps=68052 t=0.15s
Ep 1603: len= 38 白胜 loss=27.1784 temp=1.00 total_env_steps=68090 t=0.14s
Ep 1604: len= 23 黑胜 loss=27.2151 temp=1.00 total_env_steps=68113 t=0.10s
Ep 1605: len= 41 黑胜 loss=27.2253 temp=1.00 total_env_steps=68154 t=0.15s
Ep 1606: len= 41 黑胜 loss=27.1683 temp=1.00 total_env_steps=68195 t=0.15s
Ep 1607: len= 27 黑胜 loss=27.0646 temp=1.00 total_env_steps=68222 t=0.12s
Ep 1608: len= 40 白胜 loss=27.4137 temp=1.00 total_env_steps=68262 t=0.15s
Ep 1609: len= 34 白胜 loss=27.2313 temp=1.00 total_env_steps=68296 t=0.14s
Ep 1610: len= 31 黑胜 loss=27.3800 temp=1.00 total_env_steps=68327 t=0.13s
Ep 1611: len= 41 黑胜 loss=27.1714 temp=1.00 total_env_steps=68368 t=0.18s
Ep 1612: len= 37 黑胜 loss=27.1269 temp=1.00 total_env_steps=68405 t=0.15s
Ep 1613: len= 51 黑胜 loss=27.2948 temp=1.00 total_env_steps=68456 t=0.18s
Ep 1614: len= 59 黑胜 loss=27.1968 temp=1.00 total_env_steps=68515 t=0.21s
Ep 1615: len= 33 黑胜 loss=27.0236 temp=1.00 total_env_steps=68548 t=0.13s
Ep 1616: len= 46 白胜 loss=27.4309 temp=1.00 total_env_steps=68594 t=0.17s
Ep 1617: len= 35 黑胜 loss=26.8511 temp=1.00 total_env_steps=68629 t=0.13s
Ep 1618: len= 33 黑胜 loss=27.0790 temp=1.00 total_env_steps=68662 t=0.13s
Ep 1619: len= 81 黑胜 loss=27.4087 temp=1.00 total_env_steps=68743 t=0.25s
Ep 1620: len= 40 白胜 loss=27.3507 temp=1.00 total_env_steps=68783 t=0.16s
Ep 1621: len= 38 白胜 loss=27.0312 temp=1.00 total_env_steps=68821 t=0.16s
Ep 1622: len= 31 黑胜 loss=27.3394 temp=1.00 total_env_steps=68852 t=0.13s
Ep 1623: len= 69 黑胜 loss=27.4974 temp=1.00 total_env_steps=68921 t=0.23s
Ep 1624: len= 32 白胜 loss=26.8781 temp=1.00 total_env_steps=68953 t=0.13s
Ep 1625: len= 37 黑胜 loss=27.0032 temp=1.00 total_env_steps=68990 t=0.15s
Ep 1626: len= 77 黑胜 loss=27.1944 temp=1.00 total_env_steps=69067 t=0.24s
Ep 1627: len= 53 黑胜 loss=27.3811 temp=1.00 total_env_steps=69120 t=0.18s
Ep 1628: len= 43 黑胜 loss=27.5240 temp=1.00 total_env_steps=69163 t=0.15s
Ep 1629: len= 50 白胜 loss=27.1912 temp=1.00 total_env_steps=69213 t=0.18s
Ep 1630: len= 61 黑胜 loss=27.1918 temp=1.00 total_env_steps=69274 t=0.20s
Ep 1631: len= 43 黑胜 loss=27.2181 temp=1.00 total_env_steps=69317 t=0.16s
Ep 1632: len= 37 黑胜 loss=27.2452 temp=1.00 total_env_steps=69354 t=0.15s
Ep 1633: len= 36 白胜 loss=27.1403 temp=1.00 total_env_steps=69390 t=0.14s
Ep 1634: len= 56 白胜 loss=27.0410 temp=1.00 total_env_steps=69446 t=0.19s
Ep 1635: len= 64 白胜 loss=27.0546 temp=1.00 total_env_steps=69510 t=0.26s
Ep 1636: len= 30 白胜 loss=27.2512 temp=1.00 total_env_steps=69540 t=0.13s
Ep 1637: len= 37 黑胜 loss=27.1644 temp=1.00 total_env_steps=69577 t=0.14s
Ep 1638: len= 44 白胜 loss=27.1530 temp=1.00 total_env_steps=69621 t=0.15s
Ep 1639: len= 33 黑胜 loss=27.2858 temp=1.00 total_env_steps=69654 t=0.14s
Ep 1640: len= 44 白胜 loss=27.1434 temp=1.00 total_env_steps=69698 t=0.17s
Ep 1641: len= 47 黑胜 loss=27.1895 temp=1.00 total_env_steps=69745 t=0.18s
Ep 1642: len= 35 黑胜 loss=27.3555 temp=1.00 total_env_steps=69780 t=0.14s
Ep 1643: len= 41 黑胜 loss=27.2473 temp=1.00 total_env_steps=69821 t=0.16s
Ep 1644: len= 41 黑胜 loss=27.0892 temp=1.00 total_env_steps=69862 t=0.16s
Ep 1645: len= 28 白胜 loss=27.0587 temp=1.00 total_env_steps=69890 t=0.12s
Ep 1646: len= 28 白胜 loss=27.2261 temp=1.00 total_env_steps=69918 t=0.12s
Ep 1647: len= 35 黑胜 loss=27.2839 temp=1.00 total_env_steps=69953 t=0.13s
Ep 1648: len= 37 黑胜 loss=27.5483 temp=1.00 total_env_steps=69990 t=0.14s
Ep 1649: len= 45 黑胜 loss=27.2354 temp=1.00 total_env_steps=70035 t=0.16s
Ep 1650: len= 49 黑胜 loss=27.5968 temp=1.00 total_env_steps=70084 t=0.18s
Ep 1651: len= 33 黑胜 loss=27.2366 temp=1.00 total_env_steps=70117 t=0.14s
Ep 1652: len= 45 黑胜 loss=27.4952 temp=1.00 total_env_steps=70162 t=0.16s
Ep 1653: len= 27 黑胜 loss=27.2911 temp=1.00 total_env_steps=70189 t=0.11s
Ep 1654: len= 59 黑胜 loss=27.5522 temp=1.00 total_env_steps=70248 t=0.20s
Ep 1655: len= 47 黑胜 loss=27.3474 temp=1.00 total_env_steps=70295 t=0.17s
Ep 1656: len= 49 黑胜 loss=27.3412 temp=1.00 total_env_steps=70344 t=0.19s
Ep 1657: len= 60 白胜 loss=27.1105 temp=1.00 total_env_steps=70404 t=0.22s
Ep 1658: len= 39 黑胜 loss=27.2080 temp=1.00 total_env_steps=70443 t=0.14s
Ep 1659: len= 43 黑胜 loss=27.2926 temp=1.00 total_env_steps=70486 t=0.15s
Ep 1660: len= 37 黑胜 loss=27.0820 temp=1.00 total_env_steps=70523 t=0.13s
Ep 1661: len= 54 白胜 loss=27.2582 temp=1.00 total_env_steps=70577 t=0.19s
Ep 1662: len= 40 白胜 loss=27.4430 temp=1.00 total_env_steps=70617 t=0.16s
Ep 1663: len= 56 白胜 loss=27.3454 temp=1.00 total_env_steps=70673 t=0.19s
Ep 1664: len= 33 黑胜 loss=27.0758 temp=1.00 total_env_steps=70706 t=0.13s
Ep 1665: len= 38 白胜 loss=27.6229 temp=1.00 total_env_steps=70744 t=0.13s
Ep 1666: len= 49 黑胜 loss=27.2015 temp=1.00 total_env_steps=70793 t=0.17s
Ep 1667: len= 52 白胜 loss=27.1794 temp=1.00 total_env_steps=70845 t=0.18s
Ep 1668: len= 43 黑胜 loss=27.4525 temp=1.00 total_env_steps=70888 t=0.15s
Ep 1669: len= 50 白胜 loss=27.2753 temp=1.00 total_env_steps=70938 t=0.19s
Ep 1670: len= 66 白胜 loss=27.2177 temp=1.00 total_env_steps=71004 t=0.23s
Ep 1671: len= 57 黑胜 loss=27.4155 temp=1.00 total_env_steps=71061 t=0.21s
Ep 1672: len= 33 黑胜 loss=27.3646 temp=1.00 total_env_steps=71094 t=0.13s
Ep 1673: len= 41 黑胜 loss=27.3455 temp=1.00 total_env_steps=71135 t=0.15s
Ep 1674: len= 28 白胜 loss=27.2900 temp=1.00 total_env_steps=71163 t=0.12s
Ep 1675: len= 49 黑胜 loss=27.3599 temp=1.00 total_env_steps=71212 t=0.17s
Ep 1676: len= 40 白胜 loss=27.2224 temp=1.00 total_env_steps=71252 t=0.14s
Ep 1677: len= 30 白胜 loss=27.1685 temp=1.00 total_env_steps=71282 t=0.13s
Ep 1678: len= 23 黑胜 loss=27.2520 temp=1.00 total_env_steps=71305 t=0.11s
Ep 1679: len= 40 白胜 loss=27.0486 temp=1.00 total_env_steps=71345 t=0.14s
Ep 1680: len= 27 黑胜 loss=27.6213 temp=1.00 total_env_steps=71372 t=0.11s
Ep 1681: len= 29 黑胜 loss=27.3305 temp=1.00 total_env_steps=71401 t=0.12s
Ep 1682: len= 45 黑胜 loss=27.0427 temp=1.00 total_env_steps=71446 t=0.18s
Ep 1683: len= 58 白胜 loss=27.4332 temp=1.00 total_env_steps=71504 t=0.21s
Ep 1684: len= 23 黑胜 loss=27.3585 temp=1.00 total_env_steps=71527 t=0.11s
Ep 1685: len= 31 黑胜 loss=27.3545 temp=1.00 total_env_steps=71558 t=0.13s
Ep 1686: len= 24 白胜 loss=27.0715 temp=1.00 total_env_steps=71582 t=0.11s
Ep 1687: len= 51 黑胜 loss=27.0255 temp=1.00 total_env_steps=71633 t=0.17s
Ep 1688: len= 56 白胜 loss=27.0905 temp=1.00 total_env_steps=71689 t=0.18s
Ep 1689: len= 40 白胜 loss=26.9483 temp=1.00 total_env_steps=71729 t=0.16s
Ep 1690: len= 51 黑胜 loss=27.6265 temp=1.00 total_env_steps=71780 t=0.19s
Ep 1691: len= 44 白胜 loss=27.3200 temp=1.00 total_env_steps=71824 t=0.19s
Ep 1692: len= 42 白胜 loss=27.1225 temp=1.00 total_env_steps=71866 t=0.18s
Ep 1693: len= 36 白胜 loss=27.3610 temp=1.00 total_env_steps=71902 t=0.17s
Ep 1694: len= 46 白胜 loss=27.3028 temp=1.00 total_env_steps=71948 t=0.17s
Ep 1695: len= 29 黑胜 loss=27.3250 temp=1.00 total_env_steps=71977 t=0.12s
Ep 1696: len= 39 黑胜 loss=27.2507 temp=1.00 total_env_steps=72016 t=0.17s
Ep 1697: len= 35 黑胜 loss=27.2601 temp=1.00 total_env_steps=72051 t=0.14s
Ep 1698: len= 65 黑胜 loss=27.3581 temp=1.00 total_env_steps=72116 t=0.22s
Ep 1699: len= 43 黑胜 loss=27.5436 temp=1.00 total_env_steps=72159 t=0.17s
Ep 1700: len= 54 白胜 loss=27.2822 temp=1.00 total_env_steps=72213 t=0.21s
Ep 1701: len= 49 黑胜 loss=27.3033 temp=1.00 total_env_steps=72262 t=0.17s
Ep 1702: len= 36 白胜 loss=27.3697 temp=1.00 total_env_steps=72298 t=0.14s
Ep 1703: len= 25 黑胜 loss=27.2787 temp=1.00 total_env_steps=72323 t=0.11s
Ep 1704: len= 29 黑胜 loss=27.2724 temp=1.00 total_env_steps=72352 t=0.13s
Ep 1705: len= 26 白胜 loss=27.2831 temp=1.00 total_env_steps=72378 t=0.12s
Ep 1706: len= 51 黑胜 loss=27.1715 temp=1.00 total_env_steps=72429 t=0.19s
Ep 1707: len= 35 黑胜 loss=27.2475 temp=1.00 total_env_steps=72464 t=0.14s
Ep 1708: len= 47 黑胜 loss=27.1559 temp=1.00 total_env_steps=72511 t=0.18s
Ep 1709: len= 34 白胜 loss=27.0601 temp=1.00 total_env_steps=72545 t=0.15s
Ep 1710: len= 49 黑胜 loss=27.4758 temp=1.00 total_env_steps=72594 t=0.17s
Ep 1711: len= 39 黑胜 loss=27.2675 temp=1.00 total_env_steps=72633 t=0.15s
Ep 1712: len= 49 黑胜 loss=27.0743 temp=1.00 total_env_steps=72682 t=0.18s
Ep 1713: len= 53 黑胜 loss=27.4262 temp=1.00 total_env_steps=72735 t=0.19s
Ep 1714: len= 23 黑胜 loss=27.1179 temp=1.00 total_env_steps=72758 t=0.11s
Ep 1715: len= 40 白胜 loss=27.1950 temp=1.00 total_env_steps=72798 t=0.16s
Ep 1716: len= 54 白胜 loss=26.9768 temp=1.00 total_env_steps=72852 t=0.20s
Ep 1717: len= 45 黑胜 loss=27.1691 temp=1.00 total_env_steps=72897 t=0.15s
Ep 1718: len= 34 白胜 loss=27.3162 temp=1.00 total_env_steps=72931 t=0.13s
Ep 1719: len= 36 白胜 loss=27.2834 temp=1.00 total_env_steps=72967 t=0.14s
Ep 1720: len= 51 黑胜 loss=27.3841 temp=1.00 total_env_steps=73018 t=0.17s
Ep 1721: len= 30 白胜 loss=27.1395 temp=1.00 total_env_steps=73048 t=0.12s
Ep 1722: len= 39 黑胜 loss=27.1411 temp=1.00 total_env_steps=73087 t=0.14s
Ep 1723: len= 35 黑胜 loss=27.0526 temp=1.00 total_env_steps=73122 t=0.14s
Ep 1724: len= 21 黑胜 loss=27.3236 temp=1.00 total_env_steps=73143 t=0.10s
Ep 1725: len= 74 白胜 loss=27.1119 temp=1.00 total_env_steps=73217 t=0.23s
Ep 1726: len= 38 白胜 loss=27.1263 temp=1.00 total_env_steps=73255 t=0.15s
Ep 1727: len= 18 白胜 loss=27.3339 temp=1.00 total_env_steps=73273 t=0.10s
Ep 1728: len= 50 白胜 loss=27.4730 temp=1.00 total_env_steps=73323 t=0.18s
Ep 1729: len= 44 白胜 loss=27.1564 temp=1.00 total_env_steps=73367 t=0.15s
Ep 1730: len= 25 黑胜 loss=27.4136 temp=1.00 total_env_steps=73392 t=0.11s
Ep 1731: len= 35 黑胜 loss=27.0743 temp=1.00 total_env_steps=73427 t=0.14s
Ep 1732: len= 44 白胜 loss=27.3986 temp=1.00 total_env_steps=73471 t=0.16s
Ep 1733: len= 34 白胜 loss=27.3113 temp=1.00 total_env_steps=73505 t=0.14s
Ep 1734: len= 46 白胜 loss=27.2992 temp=1.00 total_env_steps=73551 t=0.16s
Ep 1735: len= 45 黑胜 loss=26.9704 temp=1.00 total_env_steps=73596 t=0.16s
Ep 1736: len= 43 黑胜 loss=26.9762 temp=1.00 total_env_steps=73639 t=0.17s
Ep 1737: len= 25 黑胜 loss=27.4519 temp=1.00 total_env_steps=73664 t=0.11s
Ep 1738: len= 39 黑胜 loss=27.1771 temp=1.00 total_env_steps=73703 t=0.14s
Ep 1739: len= 57 黑胜 loss=27.1583 temp=1.00 total_env_steps=73760 t=0.20s
Ep 1740: len= 32 白胜 loss=27.3045 temp=1.00 total_env_steps=73792 t=0.13s
Ep 1741: len= 33 黑胜 loss=26.9273 temp=1.00 total_env_steps=73825 t=0.13s
Ep 1742: len= 31 黑胜 loss=27.2437 temp=1.00 total_env_steps=73856 t=0.13s
Ep 1743: len= 32 白胜 loss=27.1903 temp=1.00 total_env_steps=73888 t=0.13s
Ep 1744: len= 51 黑胜 loss=27.2771 temp=1.00 total_env_steps=73939 t=0.19s
Ep 1745: len= 44 白胜 loss=27.3195 temp=1.00 total_env_steps=73983 t=0.16s
Ep 1746: len= 36 白胜 loss=27.1614 temp=1.00 total_env_steps=74019 t=0.14s
Ep 1747: len= 20 白胜 loss=27.1671 temp=1.00 total_env_steps=74039 t=0.11s
Ep 1748: len= 48 白胜 loss=27.3318 temp=1.00 total_env_steps=74087 t=0.19s
Ep 1749: len= 19 黑胜 loss=27.3518 temp=1.00 total_env_steps=74106 t=0.10s
Ep 1750: len= 43 黑胜 loss=27.3314 temp=1.00 total_env_steps=74149 t=0.16s
Ep 1751: len= 45 黑胜 loss=27.2800 temp=1.00 total_env_steps=74194 t=0.16s
Ep 1752: len= 45 黑胜 loss=27.4328 temp=1.00 total_env_steps=74239 t=0.18s
Ep 1753: len= 34 白胜 loss=27.4244 temp=1.00 total_env_steps=74273 t=0.14s
Ep 1754: len= 40 白胜 loss=27.4578 temp=1.00 total_env_steps=74313 t=0.15s
Ep 1755: len= 74 白胜 loss=27.1428 temp=1.00 total_env_steps=74387 t=0.26s
Ep 1756: len= 32 白胜 loss=27.3642 temp=1.00 total_env_steps=74419 t=0.13s
Ep 1757: len= 45 黑胜 loss=27.2857 temp=1.00 total_env_steps=74464 t=0.17s
Ep 1758: len= 45 黑胜 loss=27.4284 temp=1.00 total_env_steps=74509 t=0.17s
Ep 1759: len= 35 黑胜 loss=27.4557 temp=1.00 total_env_steps=74544 t=0.13s
Ep 1760: len= 55 黑胜 loss=27.0502 temp=1.00 total_env_steps=74599 t=0.19s
Ep 1761: len= 36 白胜 loss=27.3514 temp=1.00 total_env_steps=74635 t=0.13s
Ep 1762: len= 43 黑胜 loss=27.2603 temp=1.00 total_env_steps=74678 t=0.16s
Ep 1763: len= 42 白胜 loss=27.2447 temp=1.00 total_env_steps=74720 t=0.16s
Ep 1764: len= 40 白胜 loss=27.1915 temp=1.00 total_env_steps=74760 t=0.14s
Ep 1765: len= 46 白胜 loss=27.0306 temp=1.00 total_env_steps=74806 t=0.15s
Ep 1766: len= 35 黑胜 loss=27.3551 temp=1.00 total_env_steps=74841 t=0.14s
Ep 1767: len= 54 白胜 loss=27.1267 temp=1.00 total_env_steps=74895 t=0.18s
Ep 1768: len= 48 白胜 loss=27.5924 temp=1.00 total_env_steps=74943 t=0.16s
Ep 1769: len= 47 黑胜 loss=27.3817 temp=1.00 total_env_steps=74990 t=0.16s
Ep 1770: len= 47 黑胜 loss=27.5110 temp=1.00 total_env_steps=75037 t=0.18s
Ep 1771: len= 42 白胜 loss=27.4124 temp=1.00 total_env_steps=75079 t=0.15s
Ep 1772: len= 26 白胜 loss=27.5353 temp=1.00 total_env_steps=75105 t=0.11s
Ep 1773: len= 58 白胜 loss=27.1998 temp=1.00 total_env_steps=75163 t=0.19s
Ep 1774: len= 35 黑胜 loss=27.2690 temp=1.00 total_env_steps=75198 t=0.14s
Ep 1775: len= 35 黑胜 loss=27.0758 temp=1.00 total_env_steps=75233 t=0.13s
Ep 1776: len= 59 黑胜 loss=27.2703 temp=1.00 total_env_steps=75292 t=0.19s
Ep 1777: len= 44 白胜 loss=27.3919 temp=1.00 total_env_steps=75336 t=0.16s
Ep 1778: len= 49 黑胜 loss=27.2341 temp=1.00 total_env_steps=75385 t=0.17s
Ep 1779: len= 35 黑胜 loss=27.4088 temp=1.00 total_env_steps=75420 t=0.15s
Ep 1780: len= 59 黑胜 loss=27.1393 temp=1.00 total_env_steps=75479 t=0.23s
Ep 1781: len= 37 黑胜 loss=27.3245 temp=1.00 total_env_steps=75516 t=0.15s
Ep 1782: len= 33 黑胜 loss=27.1873 temp=1.00 total_env_steps=75549 t=0.13s
Ep 1783: len= 54 白胜 loss=27.2958 temp=1.00 total_env_steps=75603 t=0.20s
Ep 1784: len= 45 黑胜 loss=27.3136 temp=1.00 total_env_steps=75648 t=0.19s
Ep 1785: len= 25 黑胜 loss=26.8811 temp=1.00 total_env_steps=75673 t=0.12s
Ep 1786: len= 46 白胜 loss=26.9294 temp=1.00 total_env_steps=75719 t=0.20s
Ep 1787: len= 46 白胜 loss=27.1015 temp=1.00 total_env_steps=75765 t=0.17s
Ep 1788: len= 32 白胜 loss=27.6818 temp=1.00 total_env_steps=75797 t=0.13s
Ep 1789: len= 39 黑胜 loss=26.9422 temp=1.00 total_env_steps=75836 t=0.16s
Ep 1790: len= 42 白胜 loss=27.2531 temp=1.00 total_env_steps=75878 t=0.18s
Ep 1791: len= 31 黑胜 loss=27.2965 temp=1.00 total_env_steps=75909 t=0.13s
Ep 1792: len= 39 黑胜 loss=27.4159 temp=1.00 total_env_steps=75948 t=0.15s
Ep 1793: len= 38 白胜 loss=27.3922 temp=1.00 total_env_steps=75986 t=0.16s
Ep 1794: len= 34 白胜 loss=27.3856 temp=1.00 total_env_steps=76020 t=0.13s
Ep 1795: len= 30 白胜 loss=27.2842 temp=1.00 total_env_steps=76050 t=0.13s
Ep 1796: len= 49 黑胜 loss=27.4803 temp=1.00 total_env_steps=76099 t=0.21s
Ep 1797: len= 37 黑胜 loss=27.2840 temp=1.00 total_env_steps=76136 t=0.16s
Ep 1798: len= 23 黑胜 loss=27.3309 temp=1.00 total_env_steps=76159 t=0.10s
Ep 1799: len= 28 白胜 loss=27.2755 temp=1.00 total_env_steps=76187 t=0.12s
Ep 1800: len= 27 黑胜 loss=27.1190 temp=1.00 total_env_steps=76214 t=0.13s
Ep 1801: len= 35 黑胜 loss=27.4180 temp=1.00 total_env_steps=76249 t=0.14s
Ep 1802: len= 34 白胜 loss=27.4834 temp=1.00 total_env_steps=76283 t=0.13s
Ep 1803: len= 29 黑胜 loss=27.5619 temp=1.00 total_env_steps=76312 t=0.13s
Ep 1804: len= 52 白胜 loss=27.2958 temp=1.00 total_env_steps=76364 t=0.21s
Ep 1805: len= 36 白胜 loss=27.2774 temp=1.00 total_env_steps=76400 t=0.16s
Ep 1806: len= 33 黑胜 loss=27.3675 temp=1.00 total_env_steps=76433 t=0.13s
Ep 1807: len= 65 黑胜 loss=27.0044 temp=1.00 total_env_steps=76498 t=0.22s
Ep 1808: len= 28 白胜 loss=27.4231 temp=1.00 total_env_steps=76526 t=0.12s
Ep 1809: len= 27 黑胜 loss=27.2766 temp=1.00 total_env_steps=76553 t=0.12s
Ep 1810: len= 35 黑胜 loss=27.2513 temp=1.00 total_env_steps=76588 t=0.14s
Ep 1811: len= 32 白胜 loss=27.2943 temp=1.00 total_env_steps=76620 t=0.13s
Ep 1812: len= 52 白胜 loss=27.1165 temp=1.00 total_env_steps=76672 t=0.20s
Ep 1813: len= 17 黑胜 loss=27.0303 temp=1.00 total_env_steps=76689 t=0.10s
Ep 1814: len= 57 黑胜 loss=27.2238 temp=1.00 total_env_steps=76746 t=0.21s
Ep 1815: len= 47 黑胜 loss=27.0430 temp=1.00 total_env_steps=76793 t=0.18s
Ep 1816: len= 76 白胜 loss=27.1814 temp=1.00 total_env_steps=76869 t=0.23s
Ep 1817: len= 36 白胜 loss=27.1764 temp=1.00 total_env_steps=76905 t=0.13s
Ep 1818: len= 60 白胜 loss=27.3226 temp=1.00 total_env_steps=76965 t=0.19s
Ep 1819: len= 55 黑胜 loss=27.4610 temp=1.00 total_env_steps=77020 t=0.18s
Ep 1820: len= 45 黑胜 loss=27.1867 temp=1.00 total_env_steps=77065 t=0.17s
Ep 1821: len= 59 黑胜 loss=27.1873 temp=1.00 total_env_steps=77124 t=0.22s
Ep 1822: len= 58 白胜 loss=27.2866 temp=1.00 total_env_steps=77182 t=0.20s
Ep 1823: len= 45 黑胜 loss=27.3883 temp=1.00 total_env_steps=77227 t=0.16s
Ep 1824: len= 43 黑胜 loss=27.0776 temp=1.00 total_env_steps=77270 t=0.18s
Ep 1825: len= 33 黑胜 loss=27.1441 temp=1.00 total_env_steps=77303 t=0.16s
Ep 1826: len= 34 白胜 loss=27.1454 temp=1.00 total_env_steps=77337 t=0.14s
Ep 1827: len= 40 白胜 loss=27.1091 temp=1.00 total_env_steps=77377 t=0.16s
Ep 1828: len= 32 白胜 loss=27.2385 temp=1.00 total_env_steps=77409 t=0.13s
Ep 1829: len= 37 黑胜 loss=27.3050 temp=1.00 total_env_steps=77446 t=0.15s
Ep 1830: len= 25 黑胜 loss=27.2782 temp=1.00 total_env_steps=77471 t=0.12s
Ep 1831: len= 44 白胜 loss=27.2740 temp=1.00 total_env_steps=77515 t=0.19s
Ep 1832: len= 58 白胜 loss=27.1295 temp=1.00 total_env_steps=77573 t=0.25s
Ep 1833: len= 40 白胜 loss=27.2260 temp=1.00 total_env_steps=77613 t=0.17s
Ep 1834: len= 37 黑胜 loss=27.3116 temp=1.00 total_env_steps=77650 t=0.16s
Ep 1835: len= 42 白胜 loss=27.1456 temp=1.00 total_env_steps=77692 t=0.16s
Ep 1836: len= 55 黑胜 loss=27.0138 temp=1.00 total_env_steps=77747 t=0.21s
Ep 1837: len= 68 白胜 loss=27.2608 temp=1.00 total_env_steps=77815 t=0.22s
Ep 1838: len= 20 白胜 loss=27.4936 temp=1.00 total_env_steps=77835 t=0.10s
Ep 1839: len= 65 黑胜 loss=27.1686 temp=1.00 total_env_steps=77900 t=0.22s
Ep 1840: len= 46 白胜 loss=27.2252 temp=1.00 total_env_steps=77946 t=0.18s
Ep 1841: len= 51 黑胜 loss=27.2815 temp=1.00 total_env_steps=77997 t=0.18s
Ep 1842: len= 27 黑胜 loss=27.1458 temp=1.00 total_env_steps=78024 t=0.12s
Ep 1843: len= 54 白胜 loss=27.3974 temp=1.00 total_env_steps=78078 t=0.20s
Ep 1844: len= 36 白胜 loss=27.2844 temp=1.00 total_env_steps=78114 t=0.14s
Ep 1845: len= 30 白胜 loss=27.2015 temp=1.00 total_env_steps=78144 t=0.13s
Ep 1846: len= 52 白胜 loss=27.4544 temp=1.00 total_env_steps=78196 t=0.19s
Ep 1847: len= 39 黑胜 loss=27.2289 temp=1.00 total_env_steps=78235 t=0.15s
Ep 1848: len= 27 黑胜 loss=27.1082 temp=1.00 total_env_steps=78262 t=0.12s
Ep 1849: len= 61 黑胜 loss=27.2231 temp=1.00 total_env_steps=78323 t=0.24s
Ep 1850: len= 29 黑胜 loss=27.3515 temp=1.00 total_env_steps=78352 t=0.13s
Ep 1851: len= 22 白胜 loss=27.1456 temp=1.00 total_env_steps=78374 t=0.10s
Ep 1852: len= 57 黑胜 loss=27.3290 temp=1.00 total_env_steps=78431 t=0.21s
Ep 1853: len= 53 黑胜 loss=27.2986 temp=1.00 total_env_steps=78484 t=0.18s
Ep 1854: len= 32 白胜 loss=27.3093 temp=1.00 total_env_steps=78516 t=0.14s
Ep 1855: len= 54 白胜 loss=27.3402 temp=1.00 total_env_steps=78570 t=0.18s
Ep 1856: len= 54 白胜 loss=27.2353 temp=1.00 total_env_steps=78624 t=0.19s
Ep 1857: len= 46 白胜 loss=27.0232 temp=1.00 total_env_steps=78670 t=0.15s
Ep 1858: len= 40 白胜 loss=27.1998 temp=1.00 total_env_steps=78710 t=0.15s
Ep 1859: len= 62 白胜 loss=27.1619 temp=1.00 total_env_steps=78772 t=0.24s
Ep 1860: len= 57 黑胜 loss=26.8728 temp=1.00 total_env_steps=78829 t=0.23s
Ep 1861: len= 52 白胜 loss=27.2902 temp=1.00 total_env_steps=78881 t=0.21s
Ep 1862: len= 26 白胜 loss=27.1272 temp=1.00 total_env_steps=78907 t=0.12s
Ep 1863: len= 36 白胜 loss=27.2769 temp=1.00 total_env_steps=78943 t=0.14s
Ep 1864: len= 55 黑胜 loss=27.2333 temp=1.00 total_env_steps=78998 t=0.18s
Ep 1865: len= 21 黑胜 loss=27.2077 temp=1.00 total_env_steps=79019 t=0.11s
Ep 1866: len= 37 黑胜 loss=27.3738 temp=1.00 total_env_steps=79056 t=0.14s
Ep 1867: len= 44 白胜 loss=27.1005 temp=1.00 total_env_steps=79100 t=0.17s
Ep 1868: len= 33 黑胜 loss=27.3552 temp=1.00 total_env_steps=79133 t=0.14s
Ep 1869: len= 28 白胜 loss=27.2272 temp=1.00 total_env_steps=79161 t=0.12s
Ep 1870: len= 35 黑胜 loss=27.4965 temp=1.00 total_env_steps=79196 t=0.14s
Ep 1871: len= 55 黑胜 loss=27.0159 temp=1.00 total_env_steps=79251 t=0.24s
Ep 1872: len= 37 黑胜 loss=27.1686 temp=1.00 total_env_steps=79288 t=0.14s
Ep 1873: len= 31 黑胜 loss=27.2782 temp=1.00 total_env_steps=79319 t=0.13s
Ep 1874: len= 51 黑胜 loss=27.4872 temp=1.00 total_env_steps=79370 t=0.24s
Ep 1875: len= 40 白胜 loss=27.2054 temp=1.00 total_env_steps=79410 t=0.17s
Ep 1876: len= 35 黑胜 loss=26.9610 temp=1.00 total_env_steps=79445 t=0.15s
Ep 1877: len= 37 黑胜 loss=27.4134 temp=1.00 total_env_steps=79482 t=0.15s
Ep 1878: len= 36 白胜 loss=27.2974 temp=1.00 total_env_steps=79518 t=0.17s
Ep 1879: len= 26 白胜 loss=27.4669 temp=1.00 total_env_steps=79544 t=0.13s
Ep 1880: len= 46 白胜 loss=27.4535 temp=1.00 total_env_steps=79590 t=0.18s
Ep 1881: len= 52 白胜 loss=27.2520 temp=1.00 total_env_steps=79642 t=0.20s
Ep 1882: len= 53 黑胜 loss=27.3756 temp=1.00 total_env_steps=79695 t=0.23s
Ep 1883: len= 25 黑胜 loss=27.1294 temp=1.00 total_env_steps=79720 t=0.11s
Ep 1884: len= 40 白胜 loss=27.3173 temp=1.00 total_env_steps=79760 t=0.16s
Ep 1885: len= 73 黑胜 loss=27.4973 temp=1.00 total_env_steps=79833 t=0.28s
Ep 1886: len= 42 白胜 loss=27.1926 temp=1.00 total_env_steps=79875 t=0.15s
Ep 1887: len= 30 白胜 loss=27.2115 temp=1.00 total_env_steps=79905 t=0.13s
Ep 1888: len= 37 黑胜 loss=27.1407 temp=1.00 total_env_steps=79942 t=0.15s
Ep 1889: len= 52 白胜 loss=27.1280 temp=1.00 total_env_steps=79994 t=0.21s
Ep 1890: len= 43 黑胜 loss=27.2732 temp=1.00 total_env_steps=80037 t=0.18s
Ep 1891: len= 37 黑胜 loss=27.3436 temp=1.00 total_env_steps=80074 t=0.15s
Ep 1892: len= 59 黑胜 loss=27.1500 temp=1.00 total_env_steps=80133 t=0.25s
Ep 1893: len= 30 白胜 loss=27.1866 temp=1.00 total_env_steps=80163 t=0.14s
Ep 1894: len= 33 黑胜 loss=27.1698 temp=1.00 total_env_steps=80196 t=0.17s
Ep 1895: len= 34 白胜 loss=27.4458 temp=1.00 total_env_steps=80230 t=0.16s
Ep 1896: len= 55 黑胜 loss=27.2608 temp=1.00 total_env_steps=80285 t=0.20s
Ep 1897: len= 63 黑胜 loss=27.3220 temp=1.00 total_env_steps=80348 t=0.26s
Ep 1898: len= 48 白胜 loss=27.2147 temp=1.00 total_env_steps=80396 t=0.23s
Ep 1899: len= 43 黑胜 loss=27.1273 temp=1.00 total_env_steps=80439 t=0.17s
Ep 1900: len= 44 白胜 loss=27.2808 temp=1.00 total_env_steps=80483 t=0.17s
Ep 1901: len= 43 黑胜 loss=27.0479 temp=1.00 total_env_steps=80526 t=0.15s
Ep 1902: len= 34 白胜 loss=27.1756 temp=1.00 total_env_steps=80560 t=0.13s
Ep 1903: len= 41 黑胜 loss=27.2033 temp=1.00 total_env_steps=80601 t=0.15s
Ep 1904: len= 49 黑胜 loss=27.1247 temp=1.00 total_env_steps=80650 t=0.17s
Ep 1905: len= 46 白胜 loss=27.1397 temp=1.00 total_env_steps=80696 t=0.17s
Ep 1906: len= 65 黑胜 loss=27.4814 temp=1.00 total_env_steps=80761 t=0.19s
Ep 1907: len= 52 白胜 loss=27.1624 temp=1.00 total_env_steps=80813 t=0.17s
Ep 1908: len= 26 白胜 loss=27.2774 temp=1.00 total_env_steps=80839 t=0.13s
Ep 1909: len= 45 黑胜 loss=27.1537 temp=1.00 total_env_steps=80884 t=0.16s
Ep 1910: len= 33 黑胜 loss=27.4218 temp=1.00 total_env_steps=80917 t=0.13s
Ep 1911: len= 44 白胜 loss=27.3647 temp=1.00 total_env_steps=80961 t=0.17s
Ep 1912: len= 44 白胜 loss=27.4712 temp=1.00 total_env_steps=81005 t=0.16s
Ep 1913: len= 53 黑胜 loss=27.4559 temp=1.00 total_env_steps=81058 t=0.18s
Ep 1914: len= 30 白胜 loss=27.2407 temp=1.00 total_env_steps=81088 t=0.12s
Ep 1915: len= 45 黑胜 loss=27.2739 temp=1.00 total_env_steps=81133 t=0.17s
Ep 1916: len= 60 白胜 loss=27.2741 temp=1.00 total_env_steps=81193 t=0.23s
Ep 1917: len= 64 白胜 loss=27.5016 temp=1.00 total_env_steps=81257 t=0.22s
Ep 1918: len= 61 黑胜 loss=27.2198 temp=1.00 total_env_steps=81318 t=0.23s
Ep 1919: len= 23 黑胜 loss=27.0322 temp=1.00 total_env_steps=81341 t=0.11s
Ep 1920: len= 38 白胜 loss=26.7863 temp=1.00 total_env_steps=81379 t=0.14s
Ep 1921: len= 59 黑胜 loss=27.1955 temp=1.00 total_env_steps=81438 t=0.19s
Ep 1922: len= 47 黑胜 loss=27.4047 temp=1.00 total_env_steps=81485 t=0.17s
Ep 1923: len= 51 黑胜 loss=27.0683 temp=1.00 total_env_steps=81536 t=0.17s
Ep 1924: len= 33 黑胜 loss=27.2332 temp=1.00 total_env_steps=81569 t=0.14s
Ep 1925: len= 34 白胜 loss=27.1553 temp=1.00 total_env_steps=81603 t=0.14s
Ep 1926: len= 28 白胜 loss=27.0706 temp=1.00 total_env_steps=81631 t=0.13s
Ep 1927: len= 67 黑胜 loss=27.0302 temp=1.00 total_env_steps=81698 t=0.21s
Ep 1928: len= 37 黑胜 loss=27.2976 temp=1.00 total_env_steps=81735 t=0.14s
Ep 1929: len= 40 白胜 loss=27.3186 temp=1.00 total_env_steps=81775 t=0.15s
Ep 1930: len= 24 白胜 loss=27.1549 temp=1.00 total_env_steps=81799 t=0.12s
Ep 1931: len= 22 白胜 loss=27.4243 temp=1.00 total_env_steps=81821 t=0.11s
Ep 1932: len= 32 白胜 loss=26.9918 temp=1.00 total_env_steps=81853 t=0.14s
Ep 1933: len= 36 白胜 loss=27.2289 temp=1.00 total_env_steps=81889 t=0.14s
Ep 1934: len= 38 白胜 loss=27.6122 temp=1.00 total_env_steps=81927 t=0.17s
Ep 1935: len= 34 白胜 loss=27.3161 temp=1.00 total_env_steps=81961 t=0.13s
Ep 1936: len= 49 黑胜 loss=27.2112 temp=1.00 total_env_steps=82010 t=0.19s
Ep 1937: len= 34 白胜 loss=27.2020 temp=1.00 total_env_steps=82044 t=0.14s
Ep 1938: len= 30 白胜 loss=27.1571 temp=1.00 total_env_steps=82074 t=0.13s
Ep 1939: len= 56 白胜 loss=27.2482 temp=1.00 total_env_steps=82130 t=0.22s
Ep 1940: len= 22 白胜 loss=27.1091 temp=1.00 total_env_steps=82152 t=0.11s
Ep 1941: len= 42 白胜 loss=27.3065 temp=1.00 total_env_steps=82194 t=0.15s
Ep 1942: len= 41 黑胜 loss=27.1323 temp=1.00 total_env_steps=82235 t=0.15s
Ep 1943: len= 32 白胜 loss=27.1309 temp=1.00 total_env_steps=82267 t=0.13s
Ep 1944: len= 30 白胜 loss=26.9106 temp=1.00 total_env_steps=82297 t=0.13s
Ep 1945: len= 35 黑胜 loss=27.3367 temp=1.00 total_env_steps=82332 t=0.16s
Ep 1946: len= 18 白胜 loss=27.4138 temp=1.00 total_env_steps=82350 t=0.12s
Ep 1947: len= 74 白胜 loss=27.2709 temp=1.00 total_env_steps=82424 t=0.32s
Ep 1948: len= 31 黑胜 loss=27.3938 temp=1.00 total_env_steps=82455 t=0.16s
Ep 1949: len= 43 黑胜 loss=27.3556 temp=1.00 total_env_steps=82498 t=0.19s
Ep 1950: len= 43 黑胜 loss=27.2563 temp=1.00 total_env_steps=82541 t=0.17s
Ep 1951: len= 43 黑胜 loss=27.2054 temp=1.00 total_env_steps=82584 t=0.17s
Ep 1952: len= 51 黑胜 loss=27.4362 temp=1.00 total_env_steps=82635 t=0.21s
Ep 1953: len= 49 黑胜 loss=27.3760 temp=1.00 total_env_steps=82684 t=0.21s
Ep 1954: len= 81 平局 loss=27.3703 temp=1.00 total_env_steps=82765 t=0.35s
Ep 1955: len= 39 黑胜 loss=27.0049 temp=1.00 total_env_steps=82804 t=0.17s
Ep 1956: len= 29 黑胜 loss=27.4851 temp=1.00 total_env_steps=82833 t=0.13s
Ep 1957: len= 34 白胜 loss=27.2171 temp=1.00 total_env_steps=82867 t=0.15s
Ep 1958: len= 25 黑胜 loss=27.3580 temp=1.00 total_env_steps=82892 t=0.12s
Ep 1959: len= 42 白胜 loss=27.0084 temp=1.00 total_env_steps=82934 t=0.16s
Ep 1960: len= 46 白胜 loss=27.2269 temp=1.00 total_env_steps=82980 t=0.16s
Ep 1961: len= 46 白胜 loss=27.4006 temp=1.00 total_env_steps=83026 t=0.17s
Ep 1962: len= 46 白胜 loss=27.1788 temp=1.00 total_env_steps=83072 t=0.16s
Ep 1963: len= 37 黑胜 loss=27.1992 temp=1.00 total_env_steps=83109 t=0.14s
Ep 1964: len= 50 白胜 loss=27.1737 temp=1.00 total_env_steps=83159 t=0.19s
Ep 1965: len= 38 白胜 loss=27.0811 temp=1.00 total_env_steps=83197 t=0.15s
Ep 1966: len= 29 黑胜 loss=27.2733 temp=1.00 total_env_steps=83226 t=0.13s
Ep 1967: len= 47 黑胜 loss=27.2866 temp=1.00 total_env_steps=83273 t=0.16s
Ep 1968: len= 39 黑胜 loss=27.2811 temp=1.00 total_env_steps=83312 t=0.14s
Ep 1969: len= 25 黑胜 loss=27.2892 temp=1.00 total_env_steps=83337 t=0.11s
Ep 1970: len= 45 黑胜 loss=27.2246 temp=1.00 total_env_steps=83382 t=0.15s
Ep 1971: len= 30 白胜 loss=27.1750 temp=1.00 total_env_steps=83412 t=0.13s
Ep 1972: len= 37 黑胜 loss=27.3333 temp=1.00 total_env_steps=83449 t=0.14s
Ep 1973: len= 35 黑胜 loss=27.2379 temp=1.00 total_env_steps=83484 t=0.14s
Ep 1974: len= 24 白胜 loss=26.9226 temp=1.00 total_env_steps=83508 t=0.11s
Ep 1975: len= 35 黑胜 loss=26.9841 temp=1.00 total_env_steps=83543 t=0.14s
Ep 1976: len= 67 黑胜 loss=27.2001 temp=1.00 total_env_steps=83610 t=0.25s
Ep 1977: len= 59 黑胜 loss=27.2699 temp=1.00 total_env_steps=83669 t=0.21s
Ep 1978: len= 44 白胜 loss=27.1199 temp=1.00 total_env_steps=83713 t=0.17s
Ep 1979: len= 42 白胜 loss=27.3059 temp=1.00 total_env_steps=83755 t=0.17s
Ep 1980: len= 54 白胜 loss=26.9664 temp=1.00 total_env_steps=83809 t=0.20s
Ep 1981: len= 48 白胜 loss=27.4299 temp=1.00 total_env_steps=83857 t=0.19s
Ep 1982: len= 37 黑胜 loss=27.3851 temp=1.00 total_env_steps=83894 t=0.14s
Ep 1983: len= 21 黑胜 loss=27.1446 temp=1.00 total_env_steps=83915 t=0.10s
Ep 1984: len= 45 黑胜 loss=27.2168 temp=1.00 total_env_steps=83960 t=0.16s
Ep 1985: len= 52 白胜 loss=27.1221 temp=1.00 total_env_steps=84012 t=0.18s
Ep 1986: len= 33 黑胜 loss=27.2512 temp=1.00 total_env_steps=84045 t=0.13s
Ep 1987: len= 31 黑胜 loss=27.0154 temp=1.00 total_env_steps=84076 t=0.13s
Ep 1988: len= 35 黑胜 loss=27.0972 temp=1.00 total_env_steps=84111 t=0.14s
Ep 1989: len= 68 白胜 loss=27.0186 temp=1.00 total_env_steps=84179 t=0.22s
Ep 1990: len= 29 黑胜 loss=27.4769 temp=1.00 total_env_steps=84208 t=0.12s
Ep 1991: len= 27 黑胜 loss=27.0497 temp=1.00 total_env_steps=84235 t=0.11s
Ep 1992: len= 52 白胜 loss=27.1563 temp=1.00 total_env_steps=84287 t=0.20s
Ep 1993: len= 28 白胜 loss=27.4586 temp=1.00 total_env_steps=84315 t=0.12s
Ep 1994: len= 41 黑胜 loss=27.3679 temp=1.00 total_env_steps=84356 t=0.15s
Ep 1995: len= 37 黑胜 loss=27.2234 temp=1.00 total_env_steps=84393 t=0.15s
Ep 1996: len= 24 白胜 loss=27.2333 temp=1.00 total_env_steps=84417 t=0.11s
Ep 1997: len= 39 黑胜 loss=27.4186 temp=1.00 total_env_steps=84456 t=0.14s
Ep 1998: len= 49 黑胜 loss=27.2440 temp=1.00 total_env_steps=84505 t=0.16s
Ep 1999: len= 40 白胜 loss=27.0854 temp=1.00 total_env_steps=84545 t=0.16s
Ep 2000: len= 30 白胜 loss=27.1677 temp=1.00 total_env_steps=84575 t=0.13s
  eval vs Gomoku-random-v0: win_rate=1.00 mean_return=1.00（20 局，total_env_steps=84575）
Ep 2001: len= 52 白胜 loss=27.1850 temp=1.00 total_env_steps=84627 t=0.19s
Ep 2002: len= 32 白胜 loss=27.0664 temp=1.00 total_env_steps=84659 t=0.18s
Ep 2003: len= 36 白胜 loss=27.4500 temp=1.00 total_env_steps=84695 t=0.16s
Ep 2004: len= 44 白胜 loss=27.0405 temp=1.00 total_env_steps=84739 t=0.20s
Ep 2005: len= 46 白胜 loss=27.2305 temp=1.00 total_env_steps=84785 t=0.20s
Ep 2006: len= 39 黑胜 loss=27.3184 temp=1.00 total_env_steps=84824 t=0.16s
Ep 2007: len= 44 白胜 loss=26.9661 temp=1.00 total_env_steps=84868 t=0.20s
Ep 2008: len= 42 白胜 loss=27.3538 temp=1.00 total_env_steps=84910 t=0.21s
Ep 2009: len= 35 黑胜 loss=27.0066 temp=1.00 total_env_steps=84945 t=0.15s
Ep 2010: len= 27 黑胜 loss=27.1082 temp=1.00 total_env_steps=84972 t=0.13s
Ep 2011: len= 43 黑胜 loss=27.6729 temp=1.00 total_env_steps=85015 t=0.19s
Ep 2012: len= 32 白胜 loss=27.2995 temp=1.00 total_env_steps=85047 t=0.17s
Ep 2013: len= 27 黑胜 loss=27.2858 temp=1.00 total_env_steps=85074 t=0.14s
Ep 2014: len= 40 白胜 loss=27.4255 temp=1.00 total_env_steps=85114 t=0.18s
Ep 2015: len= 41 黑胜 loss=27.4359 temp=1.00 total_env_steps=85155 t=0.17s
Ep 2016: len= 38 白胜 loss=27.1864 temp=1.00 total_env_steps=85193 t=0.16s
Ep 2017: len= 52 白胜 loss=27.2174 temp=1.00 total_env_steps=85245 t=0.19s
Ep 2018: len= 29 黑胜 loss=27.4146 temp=1.00 total_env_steps=85274 t=0.12s
Ep 2019: len= 33 黑胜 loss=27.3624 temp=1.00 total_env_steps=85307 t=0.13s
Ep 2020: len= 33 黑胜 loss=26.8502 temp=1.00 total_env_steps=85340 t=0.13s
Ep 2021: len= 31 黑胜 loss=27.4084 temp=1.00 total_env_steps=85371 t=0.12s
Ep 2022: len= 48 白胜 loss=27.1626 temp=1.00 total_env_steps=85419 t=0.18s
Ep 2023: len= 26 白胜 loss=27.1293 temp=1.00 total_env_steps=85445 t=0.11s
Ep 2024: len= 40 白胜 loss=27.1325 temp=1.00 total_env_steps=85485 t=0.14s
Ep 2025: len= 32 白胜 loss=27.2959 temp=1.00 total_env_steps=85517 t=0.13s
Ep 2026: len= 42 白胜 loss=27.1591 temp=1.00 total_env_steps=85559 t=0.16s
Ep 2027: len= 32 白胜 loss=27.0859 temp=1.00 total_env_steps=85591 t=0.13s
Ep 2028: len= 60 白胜 loss=26.7978 temp=1.00 total_env_steps=85651 t=0.24s
Ep 2029: len= 36 白胜 loss=27.0900 temp=1.00 total_env_steps=85687 t=0.15s
Ep 2030: len= 31 黑胜 loss=27.0640 temp=1.00 total_env_steps=85718 t=0.13s
Ep 2031: len= 49 黑胜 loss=27.5050 temp=1.00 total_env_steps=85767 t=0.20s
Ep 2032: len= 31 黑胜 loss=27.3620 temp=1.00 total_env_steps=85798 t=0.13s
Ep 2033: len= 30 白胜 loss=27.2364 temp=1.00 total_env_steps=85828 t=0.12s
Ep 2034: len= 35 黑胜 loss=27.3283 temp=1.00 total_env_steps=85863 t=0.13s
Ep 2035: len= 36 白胜 loss=27.2354 temp=1.00 total_env_steps=85899 t=0.17s
Ep 2036: len= 37 黑胜 loss=27.1724 temp=1.00 total_env_steps=85936 t=0.15s
Ep 2037: len= 58 白胜 loss=27.1102 temp=1.00 total_env_steps=85994 t=0.19s
Ep 2038: len= 76 白胜 loss=27.2559 temp=1.00 total_env_steps=86070 t=0.23s
Ep 2039: len= 29 黑胜 loss=27.2531 temp=1.00 total_env_steps=86099 t=0.13s
Ep 2040: len= 35 黑胜 loss=26.9500 temp=1.00 total_env_steps=86134 t=0.14s
Ep 2041: len= 44 白胜 loss=26.9420 temp=1.00 total_env_steps=86178 t=0.17s
Ep 2042: len= 53 黑胜 loss=27.0041 temp=1.00 total_env_steps=86231 t=0.19s
Ep 2043: len= 41 黑胜 loss=27.1858 temp=1.00 total_env_steps=86272 t=0.15s
Ep 2044: len= 35 黑胜 loss=27.4084 temp=1.00 total_env_steps=86307 t=0.14s
Ep 2045: len= 63 黑胜 loss=27.2569 temp=1.00 total_env_steps=86370 t=0.24s
Ep 2046: len= 46 白胜 loss=27.4167 temp=1.00 total_env_steps=86416 t=0.17s
Ep 2047: len= 27 黑胜 loss=27.2968 temp=1.00 total_env_steps=86443 t=0.12s
Ep 2048: len= 28 白胜 loss=27.1558 temp=1.00 total_env_steps=86471 t=0.12s
Ep 2049: len= 60 白胜 loss=27.1177 temp=1.00 total_env_steps=86531 t=0.21s
Ep 2050: len= 39 黑胜 loss=27.4867 temp=1.00 total_env_steps=86570 t=0.15s
Ep 2051: len= 49 黑胜 loss=27.4913 temp=1.00 total_env_steps=86619 t=0.16s
Ep 2052: len= 32 白胜 loss=27.1930 temp=1.00 total_env_steps=86651 t=0.12s
Ep 2053: len= 24 白胜 loss=27.3616 temp=1.00 total_env_steps=86675 t=0.12s
Ep 2054: len= 40 白胜 loss=27.2910 temp=1.00 total_env_steps=86715 t=0.16s
Ep 2055: len= 52 白胜 loss=27.1798 temp=1.00 total_env_steps=86767 t=0.19s
Ep 2056: len= 28 白胜 loss=27.2222 temp=1.00 total_env_steps=86795 t=0.12s
Ep 2057: len= 36 白胜 loss=27.0185 temp=1.00 total_env_steps=86831 t=0.15s
Ep 2058: len= 37 黑胜 loss=27.0696 temp=1.00 total_env_steps=86868 t=0.15s
Ep 2059: len= 56 白胜 loss=27.1518 temp=1.00 total_env_steps=86924 t=0.21s
Ep 2060: len= 66 白胜 loss=27.1035 temp=1.00 total_env_steps=86990 t=0.25s
Ep 2061: len= 80 白胜 loss=26.9277 temp=1.00 total_env_steps=87070 t=0.29s
Ep 2062: len= 44 白胜 loss=27.1444 temp=1.00 total_env_steps=87114 t=0.16s
Ep 2063: len= 30 白胜 loss=27.4317 temp=1.00 total_env_steps=87144 t=0.13s
Ep 2064: len= 38 白胜 loss=27.1405 temp=1.00 total_env_steps=87182 t=0.14s
Ep 2065: len= 34 白胜 loss=27.1122 temp=1.00 total_env_steps=87216 t=0.13s
Ep 2066: len= 38 白胜 loss=27.2292 temp=1.00 total_env_steps=87254 t=0.13s
Ep 2067: len= 46 白胜 loss=27.3146 temp=1.00 total_env_steps=87300 t=0.17s
Ep 2068: len= 38 白胜 loss=27.2519 temp=1.00 total_env_steps=87338 t=0.15s
Ep 2069: len= 39 黑胜 loss=27.0887 temp=1.00 total_env_steps=87377 t=0.17s
Ep 2070: len= 40 白胜 loss=27.3473 temp=1.00 total_env_steps=87417 t=0.15s
Ep 2071: len= 43 黑胜 loss=27.1739 temp=1.00 total_env_steps=87460 t=0.16s
Ep 2072: len= 30 白胜 loss=27.0618 temp=1.00 total_env_steps=87490 t=0.13s
Ep 2073: len= 33 黑胜 loss=27.0356 temp=1.00 total_env_steps=87523 t=0.13s
Ep 2074: len= 39 黑胜 loss=27.1143 temp=1.00 total_env_steps=87562 t=0.14s
Ep 2075: len= 22 白胜 loss=27.0106 temp=1.00 total_env_steps=87584 t=0.11s
Ep 2076: len= 30 白胜 loss=27.1638 temp=1.00 total_env_steps=87614 t=0.13s
Ep 2077: len= 30 白胜 loss=27.5434 temp=1.00 total_env_steps=87644 t=0.13s
Ep 2078: len= 35 黑胜 loss=27.2482 temp=1.00 total_env_steps=87679 t=0.14s
Ep 2079: len= 47 黑胜 loss=27.3153 temp=1.00 total_env_steps=87726 t=0.16s
Ep 2080: len= 61 黑胜 loss=27.1689 temp=1.00 total_env_steps=87787 t=0.21s
Ep 2081: len= 45 黑胜 loss=27.3111 temp=1.00 total_env_steps=87832 t=0.18s
Ep 2082: len= 40 白胜 loss=27.2299 temp=1.00 total_env_steps=87872 t=0.17s
Ep 2083: len= 27 黑胜 loss=27.0023 temp=1.00 total_env_steps=87899 t=0.13s
Ep 2084: len= 51 黑胜 loss=26.9640 temp=1.00 total_env_steps=87950 t=0.19s
Ep 2085: len= 44 白胜 loss=27.2629 temp=1.00 total_env_steps=87994 t=0.16s
Ep 2086: len= 74 白胜 loss=26.9752 temp=1.00 total_env_steps=88068 t=0.29s
Ep 2087: len= 41 黑胜 loss=27.1320 temp=1.00 total_env_steps=88109 t=0.17s
Ep 2088: len= 55 黑胜 loss=27.4000 temp=1.00 total_env_steps=88164 t=0.20s
Ep 2089: len= 55 黑胜 loss=27.0038 temp=1.00 total_env_steps=88219 t=0.21s
Ep 2090: len= 54 白胜 loss=27.3796 temp=1.00 total_env_steps=88273 t=0.22s
Ep 2091: len= 33 黑胜 loss=27.3965 temp=1.00 total_env_steps=88306 t=0.12s
Ep 2092: len= 62 白胜 loss=27.2308 temp=1.00 total_env_steps=88368 t=0.18s
Ep 2093: len= 53 黑胜 loss=27.0903 temp=1.00 total_env_steps=88421 t=0.19s
Ep 2094: len= 74 白胜 loss=26.9634 temp=1.00 total_env_steps=88495 t=0.26s
Ep 2095: len= 49 黑胜 loss=27.2787 temp=1.00 total_env_steps=88544 t=0.15s
Ep 2096: len= 67 黑胜 loss=27.1522 temp=1.00 total_env_steps=88611 t=0.19s
Ep 2097: len= 37 黑胜 loss=27.4964 temp=1.00 total_env_steps=88648 t=0.14s
Ep 2098: len= 55 黑胜 loss=27.2582 temp=1.00 total_env_steps=88703 t=0.21s
Ep 2099: len= 27 黑胜 loss=26.9397 temp=1.00 total_env_steps=88730 t=0.12s
Ep 2100: len= 40 白胜 loss=26.8878 temp=1.00 total_env_steps=88770 t=0.17s
Ep 2101: len= 55 黑胜 loss=26.9682 temp=1.00 total_env_steps=88825 t=0.18s
Ep 2102: len= 66 白胜 loss=27.5165 temp=1.00 total_env_steps=88891 t=0.20s
Ep 2103: len= 36 白胜 loss=27.2720 temp=1.00 total_env_steps=88927 t=0.14s
Ep 2104: len= 41 黑胜 loss=26.9774 temp=1.00 total_env_steps=88968 t=0.16s
Ep 2105: len= 41 黑胜 loss=27.0793 temp=1.00 total_env_steps=89009 t=0.17s
Ep 2106: len= 59 黑胜 loss=26.9652 temp=1.00 total_env_steps=89068 t=0.21s
Ep 2107: len= 47 黑胜 loss=27.1501 temp=1.00 total_env_steps=89115 t=0.19s
Ep 2108: len= 56 白胜 loss=27.1578 temp=1.00 total_env_steps=89171 t=0.20s
Ep 2109: len= 23 黑胜 loss=26.8689 temp=1.00 total_env_steps=89194 t=0.12s
Ep 2110: len= 37 黑胜 loss=27.1091 temp=1.00 total_env_steps=89231 t=0.19s
Ep 2111: len= 42 白胜 loss=27.3129 temp=1.00 total_env_steps=89273 t=0.18s
Ep 2112: len= 81 平局 loss=27.4109 temp=1.00 total_env_steps=89354 t=0.28s
Ep 2113: len= 56 白胜 loss=27.4766 temp=1.00 total_env_steps=89410 t=0.21s
Ep 2114: len= 36 白胜 loss=27.1408 temp=1.00 total_env_steps=89446 t=0.14s
Ep 2115: len= 30 白胜 loss=27.0849 temp=1.00 total_env_steps=89476 t=0.12s
Ep 2116: len= 53 黑胜 loss=27.2961 temp=1.00 total_env_steps=89529 t=0.20s
Ep 2117: len= 53 黑胜 loss=27.2490 temp=1.00 total_env_steps=89582 t=0.18s
Ep 2118: len= 59 黑胜 loss=27.3195 temp=1.00 total_env_steps=89641 t=0.18s
Ep 2119: len= 73 黑胜 loss=27.0233 temp=1.00 total_env_steps=89714 t=0.23s
Ep 2120: len= 25 黑胜 loss=27.1849 temp=1.00 total_env_steps=89739 t=0.11s
Ep 2121: len= 36 白胜 loss=27.2494 temp=1.00 total_env_steps=89775 t=0.15s
Ep 2122: len= 35 黑胜 loss=26.9892 temp=1.00 total_env_steps=89810 t=0.13s
Ep 2123: len= 56 白胜 loss=27.1135 temp=1.00 total_env_steps=89866 t=0.19s
Ep 2124: len= 31 黑胜 loss=27.3884 temp=1.00 total_env_steps=89897 t=0.13s
Ep 2125: len= 37 黑胜 loss=27.3775 temp=1.00 total_env_steps=89934 t=0.13s
Ep 2126: len= 41 黑胜 loss=27.2224 temp=1.00 total_env_steps=89975 t=0.15s
Ep 2127: len= 48 白胜 loss=27.1394 temp=1.00 total_env_steps=90023 t=0.16s
Ep 2128: len= 35 黑胜 loss=27.6791 temp=1.00 total_env_steps=90058 t=0.15s
Ep 2129: len= 43 黑胜 loss=27.1124 temp=1.00 total_env_steps=90101 t=0.17s
Ep 2130: len= 51 黑胜 loss=27.1382 temp=1.00 total_env_steps=90152 t=0.19s
Ep 2131: len= 46 白胜 loss=27.1311 temp=1.00 total_env_steps=90198 t=0.16s
Ep 2132: len= 42 白胜 loss=27.0050 temp=1.00 total_env_steps=90240 t=0.15s
Ep 2133: len= 41 黑胜 loss=27.2405 temp=1.00 total_env_steps=90281 t=0.15s
Ep 2134: len= 54 白胜 loss=27.0961 temp=1.00 total_env_steps=90335 t=0.19s
Ep 2135: len= 48 白胜 loss=27.2443 temp=1.00 total_env_steps=90383 t=0.16s
Ep 2136: len= 48 白胜 loss=27.1063 temp=1.00 total_env_steps=90431 t=0.17s
Ep 2137: len= 52 白胜 loss=27.2505 temp=1.00 total_env_steps=90483 t=0.17s
Ep 2138: len= 31 黑胜 loss=27.2283 temp=1.00 total_env_steps=90514 t=0.12s
Ep 2139: len= 49 黑胜 loss=27.0983 temp=1.00 total_env_steps=90563 t=0.19s
Ep 2140: len= 43 黑胜 loss=27.2153 temp=1.00 total_env_steps=90606 t=0.16s
Ep 2141: len= 40 白胜 loss=27.2817 temp=1.00 total_env_steps=90646 t=0.15s
Ep 2142: len= 21 黑胜 loss=27.5017 temp=1.00 total_env_steps=90667 t=0.10s
Ep 2143: len= 47 黑胜 loss=27.2926 temp=1.00 total_env_steps=90714 t=0.16s
Ep 2144: len= 35 黑胜 loss=27.1923 temp=1.00 total_env_steps=90749 t=0.14s
Ep 2145: len= 42 白胜 loss=27.3394 temp=1.00 total_env_steps=90791 t=0.15s
Ep 2146: len= 47 黑胜 loss=27.4017 temp=1.00 total_env_steps=90838 t=0.17s
Ep 2147: len= 28 白胜 loss=27.1445 temp=1.00 total_env_steps=90866 t=0.12s
Ep 2148: len= 33 黑胜 loss=27.0859 temp=1.00 total_env_steps=90899 t=0.14s
Ep 2149: len= 56 白胜 loss=27.2338 temp=1.00 total_env_steps=90955 t=0.18s
Ep 2150: len= 41 黑胜 loss=26.9498 temp=1.00 total_env_steps=90996 t=0.15s
Ep 2151: len= 44 白胜 loss=26.8968 temp=1.00 total_env_steps=91040 t=0.16s
Ep 2152: len= 36 白胜 loss=27.0955 temp=1.00 total_env_steps=91076 t=0.14s
Ep 2153: len= 42 白胜 loss=27.3008 temp=1.00 total_env_steps=91118 t=0.16s
Ep 2154: len= 41 黑胜 loss=27.3063 temp=1.00 total_env_steps=91159 t=0.19s
Ep 2155: len= 33 黑胜 loss=27.2552 temp=1.00 total_env_steps=91192 t=0.15s
Ep 2156: len= 36 白胜 loss=27.1635 temp=1.00 total_env_steps=91228 t=0.16s
Ep 2157: len= 45 黑胜 loss=27.3249 temp=1.00 total_env_steps=91273 t=0.17s
Ep 2158: len= 39 黑胜 loss=27.1864 temp=1.00 total_env_steps=91312 t=0.15s
Ep 2159: len= 44 白胜 loss=27.3111 temp=1.00 total_env_steps=91356 t=0.16s
Ep 2160: len= 40 白胜 loss=27.3652 temp=1.00 total_env_steps=91396 t=0.14s
Ep 2161: len= 48 白胜 loss=27.2826 temp=1.00 total_env_steps=91444 t=0.19s
Ep 2162: len= 40 白胜 loss=27.1308 temp=1.00 total_env_steps=91484 t=0.15s
Ep 2163: len= 24 白胜 loss=27.2559 temp=1.00 total_env_steps=91508 t=0.12s
Ep 2164: len= 41 黑胜 loss=27.2571 temp=1.00 total_env_steps=91549 t=0.17s
Ep 2165: len= 47 黑胜 loss=27.5831 temp=1.00 total_env_steps=91596 t=0.17s
Ep 2166: len= 53 黑胜 loss=27.2090 temp=1.00 total_env_steps=91649 t=0.17s
Ep 2167: len= 51 黑胜 loss=26.8603 temp=1.00 total_env_steps=91700 t=0.19s
Ep 2168: len= 40 白胜 loss=27.3482 temp=1.00 total_env_steps=91740 t=0.15s
Ep 2169: len= 32 白胜 loss=27.3027 temp=1.00 total_env_steps=91772 t=0.13s
Ep 2170: len= 31 黑胜 loss=27.1387 temp=1.00 total_env_steps=91803 t=0.13s
Ep 2171: len= 32 白胜 loss=26.8854 temp=1.00 total_env_steps=91835 t=0.12s
Ep 2172: len= 31 黑胜 loss=27.2875 temp=1.00 total_env_steps=91866 t=0.12s
Ep 2173: len= 22 白胜 loss=27.2508 temp=1.00 total_env_steps=91888 t=0.11s
Ep 2174: len= 34 白胜 loss=26.9359 temp=1.00 total_env_steps=91922 t=0.14s
Ep 2175: len= 38 白胜 loss=27.0798 temp=1.00 total_env_steps=91960 t=0.14s
Ep 2176: len= 33 黑胜 loss=27.0232 temp=1.00 total_env_steps=91993 t=0.13s
Ep 2177: len= 48 白胜 loss=27.1671 temp=1.00 total_env_steps=92041 t=0.16s
Ep 2178: len= 72 白胜 loss=27.2446 temp=1.00 total_env_steps=92113 t=0.21s
Ep 2179: len= 48 白胜 loss=26.8980 temp=1.00 total_env_steps=92161 t=0.16s
Ep 2180: len= 48 白胜 loss=27.2746 temp=1.00 total_env_steps=92209 t=0.18s
Ep 2181: len= 43 黑胜 loss=26.7977 temp=1.00 total_env_steps=92252 t=0.16s
Ep 2182: len= 36 白胜 loss=27.3144 temp=1.00 total_env_steps=92288 t=0.14s
Ep 2183: len= 36 白胜 loss=27.2178 temp=1.00 total_env_steps=92324 t=0.15s
Ep 2184: len= 49 黑胜 loss=27.1398 temp=1.00 total_env_steps=92373 t=0.19s
Ep 2185: len= 34 白胜 loss=27.2604 temp=1.00 total_env_steps=92407 t=0.15s
Ep 2186: len= 33 黑胜 loss=27.0905 temp=1.00 total_env_steps=92440 t=0.15s
Ep 2187: len= 44 白胜 loss=26.8703 temp=1.00 total_env_steps=92484 t=0.16s
Ep 2188: len= 61 黑胜 loss=27.3640 temp=1.00 total_env_steps=92545 t=0.22s
Ep 2189: len= 42 白胜 loss=27.1579 temp=1.00 total_env_steps=92587 t=0.16s
Ep 2190: len= 26 白胜 loss=27.2023 temp=1.00 total_env_steps=92613 t=0.11s
Ep 2191: len= 32 白胜 loss=27.2262 temp=1.00 total_env_steps=92645 t=0.13s
Ep 2192: len= 41 黑胜 loss=27.0330 temp=1.00 total_env_steps=92686 t=0.15s
Ep 2193: len= 19 黑胜 loss=26.9546 temp=1.00 total_env_steps=92705 t=0.11s
Ep 2194: len= 17 黑胜 loss=27.2167 temp=1.00 total_env_steps=92722 t=0.10s
Ep 2195: len= 46 白胜 loss=27.1459 temp=1.00 total_env_steps=92768 t=0.18s
Ep 2196: len= 26 白胜 loss=27.0688 temp=1.00 total_env_steps=92794 t=0.12s
Ep 2197: len= 46 白胜 loss=27.1351 temp=1.00 total_env_steps=92840 t=0.17s
Ep 2198: len= 60 白胜 loss=27.3191 temp=1.00 total_env_steps=92900 t=0.22s
Ep 2199: len= 29 黑胜 loss=27.2669 temp=1.00 total_env_steps=92929 t=0.13s
Ep 2200: len= 49 黑胜 loss=27.2974 temp=1.00 total_env_steps=92978 t=0.17s
Ep 2201: len= 38 白胜 loss=27.5030 temp=1.00 total_env_steps=93016 t=0.14s
Ep 2202: len= 48 白胜 loss=27.3630 temp=1.00 total_env_steps=93064 t=0.17s
Ep 2203: len= 33 黑胜 loss=27.2611 temp=1.00 total_env_steps=93097 t=0.15s
Ep 2204: len= 48 白胜 loss=27.1809 temp=1.00 total_env_steps=93145 t=0.19s
Ep 2205: len= 25 黑胜 loss=27.2118 temp=1.00 total_env_steps=93170 t=0.12s
Ep 2206: len= 21 黑胜 loss=27.3238 temp=1.00 total_env_steps=93191 t=0.12s
Ep 2207: len= 60 白胜 loss=27.1014 temp=1.00 total_env_steps=93251 t=0.24s
Ep 2208: len= 61 黑胜 loss=27.1409 temp=1.00 total_env_steps=93312 t=0.22s
Ep 2209: len= 25 黑胜 loss=27.0659 temp=1.00 total_env_steps=93337 t=0.12s
Ep 2210: len= 71 黑胜 loss=27.0551 temp=1.00 total_env_steps=93408 t=0.27s
Ep 2211: len= 41 黑胜 loss=27.3997 temp=1.00 total_env_steps=93449 t=0.17s
Ep 2212: len= 43 黑胜 loss=27.0570 temp=1.00 total_env_steps=93492 t=0.17s
Ep 2213: len= 41 黑胜 loss=27.4044 temp=1.00 total_env_steps=93533 t=0.16s
Ep 2214: len= 43 黑胜 loss=27.3333 temp=1.00 total_env_steps=93576 t=0.17s
Ep 2215: len= 44 白胜 loss=27.1864 temp=1.00 total_env_steps=93620 t=0.16s
Ep 2216: len= 22 白胜 loss=27.2389 temp=1.00 total_env_steps=93642 t=0.11s
Ep 2217: len= 28 白胜 loss=27.2941 temp=1.00 total_env_steps=93670 t=0.12s
Ep 2218: len= 47 黑胜 loss=27.0291 temp=1.00 total_env_steps=93717 t=0.18s
Ep 2219: len= 35 黑胜 loss=27.3231 temp=1.00 total_env_steps=93752 t=0.14s
Ep 2220: len= 58 白胜 loss=26.7687 temp=1.00 total_env_steps=93810 t=0.24s
Ep 2221: len= 44 白胜 loss=27.2897 temp=1.00 total_env_steps=93854 t=0.17s
Ep 2222: len= 39 黑胜 loss=27.0921 temp=1.00 total_env_steps=93893 t=0.15s
Ep 2223: len= 25 黑胜 loss=27.3638 temp=1.00 total_env_steps=93918 t=0.12s
Ep 2224: len= 37 黑胜 loss=27.1062 temp=1.00 total_env_steps=93955 t=0.18s
Ep 2225: len= 35 黑胜 loss=27.2038 temp=1.00 total_env_steps=93990 t=0.14s
Ep 2226: len= 56 白胜 loss=27.4221 temp=1.00 total_env_steps=94046 t=0.19s
Ep 2227: len= 39 黑胜 loss=27.0489 temp=1.00 total_env_steps=94085 t=0.17s
Ep 2228: len= 35 黑胜 loss=27.0397 temp=1.00 total_env_steps=94120 t=0.18s
Ep 2229: len= 44 白胜 loss=27.2248 temp=1.00 total_env_steps=94164 t=0.22s
Ep 2230: len= 44 白胜 loss=27.1326 temp=1.00 total_env_steps=94208 t=0.18s
Ep 2231: len= 42 白胜 loss=27.0905 temp=1.00 total_env_steps=94250 t=0.18s
Ep 2232: len= 28 白胜 loss=27.1978 temp=1.00 total_env_steps=94278 t=0.15s
Ep 2233: len= 50 白胜 loss=27.2906 temp=1.00 total_env_steps=94328 t=0.23s
Ep 2234: len= 33 黑胜 loss=27.5644 temp=1.00 total_env_steps=94361 t=0.17s
Ep 2235: len= 30 白胜 loss=27.3184 temp=1.00 total_env_steps=94391 t=0.13s
Ep 2236: len= 40 白胜 loss=27.1882 temp=1.00 total_env_steps=94431 t=0.18s
Ep 2237: len= 48 白胜 loss=27.3703 temp=1.00 total_env_steps=94479 t=0.18s
Ep 2238: len= 25 黑胜 loss=27.2007 temp=1.00 total_env_steps=94504 t=0.13s
Ep 2239: len= 52 白胜 loss=27.2884 temp=1.00 total_env_steps=94556 t=0.21s
Ep 2240: len= 38 白胜 loss=27.1126 temp=1.00 total_env_steps=94594 t=0.15s
Ep 2241: len= 29 黑胜 loss=27.1570 temp=1.00 total_env_steps=94623 t=0.14s
Ep 2242: len= 56 白胜 loss=27.0506 temp=1.00 total_env_steps=94679 t=0.22s
Ep 2243: len= 34 白胜 loss=27.2536 temp=1.00 total_env_steps=94713 t=0.14s
Ep 2244: len= 45 黑胜 loss=26.9811 temp=1.00 total_env_steps=94758 t=0.16s
Ep 2245: len= 59 黑胜 loss=26.8697 temp=1.00 total_env_steps=94817 t=0.19s
Ep 2246: len= 48 白胜 loss=27.1111 temp=1.00 total_env_steps=94865 t=0.17s
Ep 2247: len= 62 白胜 loss=27.1200 temp=1.00 total_env_steps=94927 t=0.22s
Ep 2248: len= 37 黑胜 loss=27.0990 temp=1.00 total_env_steps=94964 t=0.15s
Ep 2249: len= 23 黑胜 loss=27.0178 temp=1.00 total_env_steps=94987 t=0.12s
Ep 2250: len= 39 黑胜 loss=27.1070 temp=1.00 total_env_steps=95026 t=0.17s
Ep 2251: len= 54 白胜 loss=27.1439 temp=1.00 total_env_steps=95080 t=0.25s
Ep 2252: len= 62 白胜 loss=27.4583 temp=1.00 total_env_steps=95142 t=0.22s
Ep 2253: len= 43 黑胜 loss=27.1584 temp=1.00 total_env_steps=95185 t=0.16s
Ep 2254: len= 31 黑胜 loss=27.0781 temp=1.00 total_env_steps=95216 t=0.13s
Ep 2255: len= 32 白胜 loss=26.8426 temp=1.00 total_env_steps=95248 t=0.14s
Ep 2256: len= 64 白胜 loss=27.1057 temp=1.00 total_env_steps=95312 t=0.26s
Ep 2257: len= 28 白胜 loss=27.2287 temp=1.00 total_env_steps=95340 t=0.15s
Ep 2258: len= 56 白胜 loss=27.1422 temp=1.00 total_env_steps=95396 t=0.26s
Ep 2259: len= 37 黑胜 loss=27.4833 temp=1.00 total_env_steps=95433 t=0.15s
Ep 2260: len= 16 白胜 loss=26.8469 temp=1.00 total_env_steps=95449 t=0.10s
Ep 2261: len= 46 白胜 loss=27.0637 temp=1.00 total_env_steps=95495 t=0.16s
Ep 2262: len= 40 白胜 loss=27.1113 temp=1.00 total_env_steps=95535 t=0.15s
Ep 2263: len= 66 白胜 loss=27.2934 temp=1.00 total_env_steps=95601 t=0.20s
Ep 2264: len= 34 白胜 loss=27.0766 temp=1.00 total_env_steps=95635 t=0.14s
Ep 2265: len= 45 黑胜 loss=27.2645 temp=1.00 total_env_steps=95680 t=0.19s
Ep 2266: len= 40 白胜 loss=27.2034 temp=1.00 total_env_steps=95720 t=0.15s
Ep 2267: len= 63 黑胜 loss=27.1958 temp=1.00 total_env_steps=95783 t=0.24s
Ep 2268: len= 34 白胜 loss=27.2446 temp=1.00 total_env_steps=95817 t=0.15s
Ep 2269: len= 28 白胜 loss=27.1330 temp=1.00 total_env_steps=95845 t=0.14s
Ep 2270: len= 51 黑胜 loss=27.4616 temp=1.00 total_env_steps=95896 t=0.20s
Ep 2271: len= 23 黑胜 loss=27.2745 temp=1.00 total_env_steps=95919 t=0.11s
Ep 2272: len= 81 平局 loss=27.1672 temp=1.00 total_env_steps=96000 t=0.31s
Ep 2273: len= 31 黑胜 loss=27.2582 temp=1.00 total_env_steps=96031 t=0.13s
Ep 2274: len= 32 白胜 loss=27.0647 temp=1.00 total_env_steps=96063 t=0.13s
Ep 2275: len= 25 黑胜 loss=27.0992 temp=1.00 total_env_steps=96088 t=0.12s
Ep 2276: len= 39 黑胜 loss=27.0991 temp=1.00 total_env_steps=96127 t=0.16s
Ep 2277: len= 39 黑胜 loss=27.1213 temp=1.00 total_env_steps=96166 t=0.16s
Ep 2278: len= 45 黑胜 loss=27.2406 temp=1.00 total_env_steps=96211 t=0.17s
Ep 2279: len= 35 黑胜 loss=26.9284 temp=1.00 total_env_steps=96246 t=0.13s
Ep 2280: len= 38 白胜 loss=27.1102 temp=1.00 total_env_steps=96284 t=0.16s
Ep 2281: len= 33 黑胜 loss=27.1502 temp=1.00 total_env_steps=96317 t=0.15s
Ep 2282: len= 28 白胜 loss=27.3888 temp=1.00 total_env_steps=96345 t=0.14s
Ep 2283: len= 81 平局 loss=27.4687 temp=1.00 total_env_steps=96426 t=0.31s
Ep 2284: len= 40 白胜 loss=27.1669 temp=1.00 total_env_steps=96466 t=0.18s
Ep 2285: len= 36 白胜 loss=27.1213 temp=1.00 total_env_steps=96502 t=0.15s
Ep 2286: len= 42 白胜 loss=27.1320 temp=1.00 total_env_steps=96544 t=0.17s
Ep 2287: len= 71 黑胜 loss=27.1891 temp=1.00 total_env_steps=96615 t=0.24s
Ep 2288: len= 37 黑胜 loss=27.3536 temp=1.00 total_env_steps=96652 t=0.17s
Ep 2289: len= 33 黑胜 loss=26.7775 temp=1.00 total_env_steps=96685 t=0.15s
Ep 2290: len= 28 白胜 loss=27.0964 temp=1.00 total_env_steps=96713 t=0.14s
Ep 2291: len= 34 白胜 loss=27.4293 temp=1.00 total_env_steps=96747 t=0.16s
Ep 2292: len= 37 黑胜 loss=27.1941 temp=1.00 total_env_steps=96784 t=0.15s
Ep 2293: len= 57 黑胜 loss=27.2136 temp=1.00 total_env_steps=96841 t=0.24s
Ep 2294: len= 41 黑胜 loss=26.8141 temp=1.00 total_env_steps=96882 t=0.16s
Ep 2295: len= 34 白胜 loss=27.2162 temp=1.00 total_env_steps=96916 t=0.14s
Ep 2296: len= 43 黑胜 loss=27.2153 temp=1.00 total_env_steps=96959 t=0.16s
Ep 2297: len= 46 白胜 loss=27.2946 temp=1.00 total_env_steps=97005 t=0.16s
Ep 2298: len= 53 黑胜 loss=27.2505 temp=1.00 total_env_steps=97058 t=0.17s
Ep 2299: len= 63 黑胜 loss=27.1286 temp=1.00 total_env_steps=97121 t=0.20s
Ep 2300: len= 65 黑胜 loss=26.9489 temp=1.00 total_env_steps=97186 t=0.23s
Ep 2301: len= 48 白胜 loss=27.3903 temp=1.00 total_env_steps=97234 t=0.18s
Ep 2302: len= 33 黑胜 loss=27.1696 temp=1.00 total_env_steps=97267 t=0.13s
Ep 2303: len= 40 白胜 loss=27.0509 temp=1.00 total_env_steps=97307 t=0.15s
Ep 2304: len= 32 白胜 loss=27.1679 temp=1.00 total_env_steps=97339 t=0.13s
Ep 2305: len= 23 黑胜 loss=27.1585 temp=1.00 total_env_steps=97362 t=0.11s
Ep 2306: len= 31 黑胜 loss=27.1189 temp=1.00 total_env_steps=97393 t=0.12s
Ep 2307: len= 32 白胜 loss=27.2452 temp=1.00 total_env_steps=97425 t=0.13s
Ep 2308: len= 45 黑胜 loss=27.1881 temp=1.00 total_env_steps=97470 t=0.16s
Ep 2309: len= 54 白胜 loss=27.3742 temp=1.00 total_env_steps=97524 t=0.17s
Ep 2310: len= 37 黑胜 loss=26.8686 temp=1.00 total_env_steps=97561 t=0.14s
Ep 2311: len= 25 黑胜 loss=27.0221 temp=1.00 total_env_steps=97586 t=0.11s
Ep 2312: len= 39 黑胜 loss=27.3412 temp=1.00 total_env_steps=97625 t=0.13s
Ep 2313: len= 47 黑胜 loss=27.2532 temp=1.00 total_env_steps=97672 t=0.16s
Ep 2314: len= 46 白胜 loss=27.3531 temp=1.00 total_env_steps=97718 t=0.15s
Ep 2315: len= 29 黑胜 loss=27.2126 temp=1.00 total_env_steps=97747 t=0.12s
Ep 2316: len= 19 黑胜 loss=27.2496 temp=1.00 total_env_steps=97766 t=0.09s
Ep 2317: len= 40 白胜 loss=26.8875 temp=1.00 total_env_steps=97806 t=0.16s
Ep 2318: len= 43 黑胜 loss=27.0357 temp=1.00 total_env_steps=97849 t=0.15s
Ep 2319: len= 74 白胜 loss=27.1743 temp=1.00 total_env_steps=97923 t=0.22s
Ep 2320: len= 29 黑胜 loss=26.9716 temp=1.00 total_env_steps=97952 t=0.12s
Ep 2321: len= 42 白胜 loss=27.0554 temp=1.00 total_env_steps=97994 t=0.14s
Ep 2322: len= 40 白胜 loss=26.9331 temp=1.00 total_env_steps=98034 t=0.15s
Ep 2323: len= 37 黑胜 loss=27.1073 temp=1.00 total_env_steps=98071 t=0.14s
Ep 2324: len= 60 白胜 loss=27.3052 temp=1.00 total_env_steps=98131 t=0.20s
Ep 2325: len= 38 白胜 loss=26.9616 temp=1.00 total_env_steps=98169 t=0.17s
Ep 2326: len= 37 黑胜 loss=26.8352 temp=1.00 total_env_steps=98206 t=0.17s
Ep 2327: len= 71 黑胜 loss=27.1840 temp=1.00 total_env_steps=98277 t=0.24s
Ep 2328: len= 29 黑胜 loss=27.0135 temp=1.00 total_env_steps=98306 t=0.12s
Ep 2329: len= 24 白胜 loss=27.0908 temp=1.00 total_env_steps=98330 t=0.11s
Ep 2330: len= 31 黑胜 loss=26.7853 temp=1.00 total_env_steps=98361 t=0.14s
Ep 2331: len= 25 黑胜 loss=27.3310 temp=1.00 total_env_steps=98386 t=0.12s
Ep 2332: len= 41 黑胜 loss=27.0189 temp=1.00 total_env_steps=98427 t=0.15s
Ep 2333: len= 26 白胜 loss=27.2437 temp=1.00 total_env_steps=98453 t=0.13s
Ep 2334: len= 34 白胜 loss=26.9708 temp=1.00 total_env_steps=98487 t=0.14s
Ep 2335: len= 35 黑胜 loss=27.2234 temp=1.00 total_env_steps=98522 t=0.13s
Ep 2336: len= 20 白胜 loss=27.0172 temp=1.00 total_env_steps=98542 t=0.12s
Ep 2337: len= 23 黑胜 loss=27.1504 temp=1.00 total_env_steps=98565 t=0.13s
Ep 2338: len= 25 黑胜 loss=27.1364 temp=1.00 total_env_steps=98590 t=0.13s
Ep 2339: len= 38 白胜 loss=27.0327 temp=1.00 total_env_steps=98628 t=0.15s
Ep 2340: len= 51 黑胜 loss=27.1275 temp=1.00 total_env_steps=98679 t=0.20s
Ep 2341: len= 35 黑胜 loss=27.1860 temp=1.00 total_env_steps=98714 t=0.16s
Ep 2342: len= 31 黑胜 loss=27.3525 temp=1.00 total_env_steps=98745 t=0.15s
Ep 2343: len= 32 白胜 loss=27.0264 temp=1.00 total_env_steps=98777 t=0.15s
Ep 2344: len= 59 黑胜 loss=27.1191 temp=1.00 total_env_steps=98836 t=0.26s
Ep 2345: len= 41 黑胜 loss=27.0270 temp=1.00 total_env_steps=98877 t=0.19s
Ep 2346: len= 61 黑胜 loss=27.0060 temp=1.00 total_env_steps=98938 t=0.25s
Ep 2347: len= 36 白胜 loss=26.9224 temp=1.00 total_env_steps=98974 t=0.17s
Ep 2348: len= 35 黑胜 loss=26.9985 temp=1.00 total_env_steps=99009 t=0.16s
Ep 2349: len= 29 黑胜 loss=27.2236 temp=1.00 total_env_steps=99038 t=0.15s
Ep 2350: len= 23 黑胜 loss=27.1506 temp=1.00 total_env_steps=99061 t=0.12s
Ep 2351: len= 50 白胜 loss=27.3679 temp=1.00 total_env_steps=99111 t=0.20s
Ep 2352: len= 53 黑胜 loss=27.0860 temp=1.00 total_env_steps=99164 t=0.23s
Ep 2353: len= 32 白胜 loss=27.1472 temp=1.00 total_env_steps=99196 t=0.14s
Ep 2354: len= 45 黑胜 loss=27.1360 temp=1.00 total_env_steps=99241 t=0.17s
Ep 2355: len= 36 白胜 loss=27.1654 temp=1.00 total_env_steps=99277 t=0.16s
Ep 2356: len= 50 白胜 loss=26.9511 temp=1.00 total_env_steps=99327 t=0.22s
Ep 2357: len= 25 黑胜 loss=27.5060 temp=1.00 total_env_steps=99352 t=0.13s
Ep 2358: len= 29 黑胜 loss=27.3002 temp=1.00 total_env_steps=99381 t=0.14s
Ep 2359: len= 52 白胜 loss=26.7711 temp=1.00 total_env_steps=99433 t=0.25s
Ep 2360: len= 26 白胜 loss=27.2582 temp=1.00 total_env_steps=99459 t=0.15s
Ep 2361: len= 44 白胜 loss=26.8617 temp=1.00 total_env_steps=99503 t=0.23s
Ep 2362: len= 56 白胜 loss=27.1278 temp=1.00 total_env_steps=99559 t=0.31s
Ep 2363: len= 31 黑胜 loss=27.1897 temp=1.00 total_env_steps=99590 t=0.19s
Ep 2364: len= 21 黑胜 loss=26.8572 temp=1.00 total_env_steps=99611 t=0.14s
Ep 2365: len= 43 黑胜 loss=27.2140 temp=1.00 total_env_steps=99654 t=0.24s
Ep 2366: len= 25 黑胜 loss=26.6851 temp=1.00 total_env_steps=99679 t=0.17s
Ep 2367: len= 43 黑胜 loss=27.2076 temp=1.00 total_env_steps=99722 t=0.23s
Ep 2368: len= 54 白胜 loss=27.4199 temp=1.00 total_env_steps=99776 t=0.27s
Ep 2369: len= 46 白胜 loss=26.9808 temp=1.00 total_env_steps=99822 t=0.24s
Ep 2370: len= 39 黑胜 loss=26.9082 temp=1.00 total_env_steps=99861 t=0.20s
Ep 2371: len= 23 黑胜 loss=26.8640 temp=1.00 total_env_steps=99884 t=0.15s
Ep 2372: len= 41 黑胜 loss=27.2982 temp=1.00 total_env_steps=99925 t=0.21s
Ep 2373: len= 57 黑胜 loss=26.8160 temp=1.00 total_env_steps=99982 t=0.23s
Ep 2374: len= 27 黑胜 loss=27.2020 temp=1.00 total_env_steps=100009 t=0.14s
Ep 2375: len= 50 白胜 loss=27.0114 temp=1.00 total_env_steps=100059 t=0.22s
Ep 2376: len= 21 黑胜 loss=27.1791 temp=1.00 total_env_steps=100080 t=0.12s
Ep 2377: len= 35 黑胜 loss=27.1234 temp=1.00 total_env_steps=100115 t=0.18s
Ep 2378: len= 31 黑胜 loss=27.0100 temp=1.00 total_env_steps=100146 t=0.15s
Ep 2379: len= 42 白胜 loss=27.2070 temp=1.00 total_env_steps=100188 t=0.18s
Ep 2380: len= 61 黑胜 loss=27.1467 temp=1.00 total_env_steps=100249 t=0.25s
Ep 2381: len= 63 黑胜 loss=27.2881 temp=1.00 total_env_steps=100312 t=0.23s
Ep 2382: len= 29 黑胜 loss=27.0203 temp=1.00 total_env_steps=100341 t=0.14s
Ep 2383: len= 57 黑胜 loss=27.3185 temp=1.00 total_env_steps=100398 t=0.22s
Ep 2384: len= 33 黑胜 loss=27.0233 temp=1.00 total_env_steps=100431 t=0.16s
Ep 2385: len= 21 黑胜 loss=26.7319 temp=1.00 total_env_steps=100452 t=0.13s
Ep 2386: len= 35 黑胜 loss=27.0934 temp=1.00 total_env_steps=100487 t=0.36s
Ep 2387: len= 62 白胜 loss=26.9355 temp=1.00 total_env_steps=100549 t=0.71s
Ep 2388: len= 36 白胜 loss=26.6810 temp=1.00 total_env_steps=100585 t=0.48s
Ep 2389: len= 43 黑胜 loss=27.5974 temp=1.00 total_env_steps=100628 t=0.47s
Ep 2390: len= 57 黑胜 loss=27.1590 temp=1.00 total_env_steps=100685 t=0.38s
Ep 2391: len= 66 白胜 loss=27.0776 temp=1.00 total_env_steps=100751 t=0.39s
Ep 2392: len= 35 黑胜 loss=26.8083 temp=1.00 total_env_steps=100786 t=0.22s
Ep 2393: len= 32 白胜 loss=26.9298 temp=1.00 total_env_steps=100818 t=0.19s
Ep 2394: len= 31 黑胜 loss=27.1245 temp=1.00 total_env_steps=100849 t=0.18s
Ep 2395: len= 33 黑胜 loss=27.3993 temp=1.00 total_env_steps=100882 t=0.20s
Ep 2396: len= 34 白胜 loss=27.0833 temp=1.00 total_env_steps=100916 t=0.20s
Ep 2397: len= 35 黑胜 loss=27.1778 temp=1.00 total_env_steps=100951 t=0.19s
Ep 2398: len= 32 白胜 loss=27.2385 temp=1.00 total_env_steps=100983 t=0.20s
Ep 2399: len= 45 黑胜 loss=27.0082 temp=1.00 total_env_steps=101028 t=0.26s
Ep 2400: len= 32 白胜 loss=27.0126 temp=1.00 total_env_steps=101060 t=0.20s
Ep 2401: len= 28 白胜 loss=27.1147 temp=1.00 total_env_steps=101088 t=0.15s
Ep 2402: len= 46 白胜 loss=26.7207 temp=1.00 total_env_steps=101134 t=0.22s
Ep 2403: len= 50 白胜 loss=26.6923 temp=1.00 total_env_steps=101184 t=0.26s
Ep 2404: len= 57 黑胜 loss=26.8588 temp=1.00 total_env_steps=101241 t=0.25s
Ep 2405: len= 29 黑胜 loss=27.2561 temp=1.00 total_env_steps=101270 t=0.16s
Ep 2406: len= 24 白胜 loss=27.1098 temp=1.00 total_env_steps=101294 t=0.14s
Ep 2407: len= 53 黑胜 loss=26.9511 temp=1.00 total_env_steps=101347 t=0.23s
Ep 2408: len= 30 白胜 loss=26.8592 temp=1.00 total_env_steps=101377 t=0.16s
Ep 2409: len= 31 黑胜 loss=27.2325 temp=1.00 total_env_steps=101408 t=0.16s
Ep 2410: len= 51 黑胜 loss=26.9417 temp=1.00 total_env_steps=101459 t=0.24s
Ep 2411: len= 51 黑胜 loss=27.4656 temp=1.00 total_env_steps=101510 t=0.23s
Ep 2412: len= 34 白胜 loss=27.0219 temp=1.00 total_env_steps=101544 t=0.15s
Ep 2413: len= 54 白胜 loss=26.8803 temp=1.00 total_env_steps=101598 t=0.23s
Ep 2414: len= 31 黑胜 loss=27.1019 temp=1.00 total_env_steps=101629 t=0.16s
Ep 2415: len= 30 白胜 loss=27.0102 temp=1.00 total_env_steps=101659 t=0.16s
Ep 2416: len= 40 白胜 loss=26.9037 temp=1.00 total_env_steps=101699 t=0.20s
Ep 2417: len= 42 白胜 loss=26.9938 temp=1.00 total_env_steps=101741 t=0.19s
Ep 2418: len= 43 黑胜 loss=27.1490 temp=1.00 total_env_steps=101784 t=0.21s
Ep 2419: len= 25 黑胜 loss=27.2042 temp=1.00 total_env_steps=101809 t=0.12s
Ep 2420: len= 42 白胜 loss=27.0120 temp=1.00 total_env_steps=101851 t=0.21s
Ep 2421: len= 58 白胜 loss=27.1862 temp=1.00 total_env_steps=101909 t=0.27s
Ep 2422: len= 30 白胜 loss=26.9015 temp=1.00 total_env_steps=101939 t=0.16s
Ep 2423: len= 45 黑胜 loss=27.2021 temp=1.00 total_env_steps=101984 t=0.20s
Ep 2424: len= 37 黑胜 loss=26.7995 temp=1.00 total_env_steps=102021 t=0.19s
Ep 2425: len= 54 白胜 loss=26.9645 temp=1.00 total_env_steps=102075 t=0.24s
Ep 2426: len= 30 白胜 loss=27.2244 temp=1.00 total_env_steps=102105 t=0.16s
Ep 2427: len= 44 白胜 loss=26.8924 temp=1.00 total_env_steps=102149 t=0.18s
Ep 2428: len= 30 白胜 loss=27.3035 temp=1.00 total_env_steps=102179 t=0.15s
Ep 2429: len= 41 黑胜 loss=26.9483 temp=1.00 total_env_steps=102220 t=0.20s
Ep 2430: len= 34 白胜 loss=26.8357 temp=1.00 total_env_steps=102254 t=0.17s
Ep 2431: len= 48 白胜 loss=27.0734 temp=1.00 total_env_steps=102302 t=0.21s
Ep 2432: len= 24 白胜 loss=27.4264 temp=1.00 total_env_steps=102326 t=0.14s
Ep 2433: len= 38 白胜 loss=27.1611 temp=1.00 total_env_steps=102364 t=0.18s
Ep 2434: len= 54 白胜 loss=27.1459 temp=1.00 total_env_steps=102418 t=0.24s
Ep 2435: len= 37 黑胜 loss=26.8529 temp=1.00 total_env_steps=102455 t=0.17s
Ep 2436: len= 29 黑胜 loss=27.0694 temp=1.00 total_env_steps=102484 t=0.16s
Ep 2437: len= 62 白胜 loss=27.1140 temp=1.00 total_env_steps=102546 t=0.31s
Ep 2438: len= 47 黑胜 loss=26.6779 temp=1.00 total_env_steps=102593 t=0.21s
Ep 2439: len= 42 白胜 loss=27.1022 temp=1.00 total_env_steps=102635 t=0.19s
Ep 2440: len= 35 黑胜 loss=27.0953 temp=1.00 total_env_steps=102670 t=0.18s
Ep 2441: len= 32 白胜 loss=27.2665 temp=1.00 total_env_steps=102702 t=0.19s
Ep 2442: len= 51 黑胜 loss=27.3443 temp=1.00 total_env_steps=102753 t=0.32s
Ep 2443: len= 42 白胜 loss=26.8473 temp=1.00 total_env_steps=102795 t=0.23s
Ep 2444: len= 25 黑胜 loss=26.9735 temp=1.00 total_env_steps=102820 t=0.13s
Ep 2445: len= 40 白胜 loss=26.9470 temp=1.00 total_env_steps=102860 t=0.17s
Ep 2446: len= 34 白胜 loss=27.0309 temp=1.00 total_env_steps=102894 t=0.17s
Ep 2447: len= 40 白胜 loss=27.1360 temp=1.00 total_env_steps=102934 t=0.18s
Ep 2448: len= 48 白胜 loss=26.5875 temp=1.00 total_env_steps=102982 t=0.19s
Ep 2449: len= 62 白胜 loss=26.9233 temp=1.00 total_env_steps=103044 t=0.22s
Ep 2450: len= 56 白胜 loss=27.4172 temp=1.00 total_env_steps=103100 t=0.21s
Ep 2451: len= 55 黑胜 loss=27.2100 temp=1.00 total_env_steps=103155 t=0.21s
Ep 2452: len= 39 黑胜 loss=26.8853 temp=1.00 total_env_steps=103194 t=0.18s
Ep 2453: len= 33 黑胜 loss=26.6573 temp=1.00 total_env_steps=103227 t=0.15s
Ep 2454: len= 29 黑胜 loss=27.0894 temp=1.00 total_env_steps=103256 t=0.15s
Ep 2455: len= 33 黑胜 loss=27.0905 temp=1.00 total_env_steps=103289 t=0.15s
Ep 2456: len= 60 白胜 loss=26.9901 temp=1.00 total_env_steps=103349 t=0.29s
Ep 2457: len= 33 黑胜 loss=27.1364 temp=1.00 total_env_steps=103382 t=0.16s
Ep 2458: len= 19 黑胜 loss=27.3161 temp=1.00 total_env_steps=103401 t=0.11s
Ep 2459: len= 37 黑胜 loss=26.8630 temp=1.00 total_env_steps=103438 t=0.17s
Ep 2460: len= 46 白胜 loss=27.1326 temp=1.00 total_env_steps=103484 t=0.21s
Ep 2461: len= 49 黑胜 loss=27.0573 temp=1.00 total_env_steps=103533 t=0.26s
Ep 2462: len= 40 白胜 loss=27.2774 temp=1.00 total_env_steps=103573 t=0.20s
Ep 2463: len= 61 黑胜 loss=27.0016 temp=1.00 total_env_steps=103634 t=0.29s
Ep 2464: len= 40 白胜 loss=26.9727 temp=1.00 total_env_steps=103674 t=0.18s
Ep 2465: len= 37 黑胜 loss=26.7929 temp=1.00 total_env_steps=103711 t=0.17s
Ep 2466: len= 38 白胜 loss=27.3199 temp=1.00 total_env_steps=103749 t=0.18s
Ep 2467: len= 56 白胜 loss=26.8682 temp=1.00 total_env_steps=103805 t=0.31s
Ep 2468: len= 27 黑胜 loss=27.0318 temp=1.00 total_env_steps=103832 t=0.17s
Ep 2469: len= 59 黑胜 loss=26.9618 temp=1.00 total_env_steps=103891 t=0.28s
Ep 2470: len= 65 黑胜 loss=26.8980 temp=1.00 total_env_steps=103956 t=0.28s
Ep 2471: len= 72 白胜 loss=26.7967 temp=1.00 total_env_steps=104028 t=0.31s
Ep 2472: len= 52 白胜 loss=27.1026 temp=1.00 total_env_steps=104080 t=0.23s
Ep 2473: len= 26 白胜 loss=27.1035 temp=1.00 total_env_steps=104106 t=0.14s
Ep 2474: len= 45 黑胜 loss=26.8550 temp=1.00 total_env_steps=104151 t=0.18s
Ep 2475: len= 35 黑胜 loss=27.0105 temp=1.00 total_env_steps=104186 t=0.16s
Ep 2476: len= 38 白胜 loss=27.3704 temp=1.00 total_env_steps=104224 t=0.17s
Ep 2477: len= 37 黑胜 loss=27.0658 temp=1.00 total_env_steps=104261 t=0.17s
Ep 2478: len= 52 白胜 loss=27.0668 temp=1.00 total_env_steps=104313 t=0.24s
Ep 2479: len= 52 白胜 loss=26.9832 temp=1.00 total_env_steps=104365 t=0.24s
Ep 2480: len= 25 黑胜 loss=26.9106 temp=1.00 total_env_steps=104390 t=0.14s
Ep 2481: len= 36 白胜 loss=27.1131 temp=1.00 total_env_steps=104426 t=0.16s
Ep 2482: len= 25 黑胜 loss=26.8441 temp=1.00 total_env_steps=104451 t=0.13s
Ep 2483: len= 18 白胜 loss=27.3269 temp=1.00 total_env_steps=104469 t=0.11s
Ep 2484: len= 59 黑胜 loss=26.8405 temp=1.00 total_env_steps=104528 t=0.25s
Ep 2485: len= 33 黑胜 loss=26.9313 temp=1.00 total_env_steps=104561 t=0.16s
Ep 2486: len= 46 白胜 loss=26.9422 temp=1.00 total_env_steps=104607 t=0.19s
Ep 2487: len= 36 白胜 loss=27.2177 temp=1.00 total_env_steps=104643 t=0.17s
Ep 2488: len= 36 白胜 loss=27.2821 temp=1.00 total_env_steps=104679 t=0.18s
Ep 2489: len= 37 黑胜 loss=26.8964 temp=1.00 total_env_steps=104716 t=0.17s
Ep 2490: len= 51 黑胜 loss=26.6683 temp=1.00 total_env_steps=104767 t=0.23s
Ep 2491: len= 41 黑胜 loss=27.3343 temp=1.00 total_env_steps=104808 t=0.18s
Ep 2492: len= 34 白胜 loss=27.2107 temp=1.00 total_env_steps=104842 t=0.16s
Ep 2493: len= 59 黑胜 loss=26.7931 temp=1.00 total_env_steps=104901 t=0.23s
Ep 2494: len= 63 黑胜 loss=27.0792 temp=1.00 total_env_steps=104964 t=0.30s
Ep 2495: len= 38 白胜 loss=27.2852 temp=1.00 total_env_steps=105002 t=0.22s
Ep 2496: len= 38 白胜 loss=26.8097 temp=1.00 total_env_steps=105040 t=0.19s
Ep 2497: len= 25 黑胜 loss=27.2242 temp=1.00 total_env_steps=105065 t=0.14s
Ep 2498: len= 50 白胜 loss=27.0974 temp=1.00 total_env_steps=105115 t=0.22s
Ep 2499: len= 32 白胜 loss=26.7485 temp=1.00 total_env_steps=105147 t=0.15s
Ep 2500: len= 43 黑胜 loss=26.9788 temp=1.00 total_env_steps=105190 t=0.20s
  eval vs Gomoku-random-v0: win_rate=1.00 mean_return=1.00（20 局，total_env_steps=105190）
  📸 已拍权重快照（ep=2500，gating 对弈基准）
Ep 2501: len= 29 黑胜 loss=26.9175 temp=1.00 total_env_steps=105219 t=0.14s
Ep 2502: len= 34 白胜 loss=27.1199 temp=1.00 total_env_steps=105253 t=0.15s
Ep 2503: len= 45 黑胜 loss=26.9963 temp=1.00 total_env_steps=105298 t=0.18s
Ep 2504: len= 67 黑胜 loss=26.9752 temp=1.00 total_env_steps=105365 t=0.24s
Ep 2505: len= 44 白胜 loss=26.9467 temp=1.00 total_env_steps=105409 t=0.18s
Ep 2506: len= 15 黑胜 loss=26.9805 temp=1.00 total_env_steps=105424 t=0.11s
Ep 2507: len= 57 黑胜 loss=27.3193 temp=1.00 total_env_steps=105481 t=0.24s
Ep 2508: len= 31 黑胜 loss=27.2009 temp=1.00 total_env_steps=105512 t=0.15s
Ep 2509: len= 32 白胜 loss=27.2815 temp=1.00 total_env_steps=105544 t=0.17s
Ep 2510: len= 32 白胜 loss=26.9780 temp=1.00 total_env_steps=105576 t=0.15s
Ep 2511: len= 39 黑胜 loss=27.0750 temp=1.00 total_env_steps=105615 t=0.19s
Ep 2512: len= 81 平局 loss=26.8695 temp=1.00 total_env_steps=105696 t=0.36s
Ep 2513: len= 33 黑胜 loss=27.1741 temp=1.00 total_env_steps=105729 t=0.15s
Ep 2514: len= 36 白胜 loss=27.3495 temp=1.00 total_env_steps=105765 t=0.17s
Ep 2515: len= 49 黑胜 loss=26.6746 temp=1.00 total_env_steps=105814 t=0.24s
Ep 2516: len= 34 白胜 loss=26.8921 temp=1.00 total_env_steps=105848 t=0.18s
Ep 2517: len= 51 黑胜 loss=27.3789 temp=1.00 total_env_steps=105899 t=0.25s
Ep 2518: len= 31 黑胜 loss=26.7591 temp=1.00 total_env_steps=105930 t=0.17s
Ep 2519: len= 43 黑胜 loss=26.8941 temp=1.00 total_env_steps=105973 t=0.22s
Ep 2520: len= 63 黑胜 loss=26.6745 temp=1.00 total_env_steps=106036 t=0.26s
Ep 2521: len= 63 黑胜 loss=27.0256 temp=1.00 total_env_steps=106099 t=0.24s
Ep 2522: len= 49 黑胜 loss=27.1308 temp=1.00 total_env_steps=106148 t=0.22s
Ep 2523: len= 45 黑胜 loss=26.9196 temp=1.00 total_env_steps=106193 t=0.20s
Ep 2524: len= 39 黑胜 loss=26.8896 temp=1.00 total_env_steps=106232 t=0.17s
Ep 2525: len= 38 白胜 loss=26.6255 temp=1.00 total_env_steps=106270 t=0.17s
Ep 2526: len= 25 黑胜 loss=26.9105 temp=1.00 total_env_steps=106295 t=0.13s
Ep 2527: len= 27 黑胜 loss=26.8509 temp=1.00 total_env_steps=106322 t=0.14s
Ep 2528: len= 31 黑胜 loss=27.0942 temp=1.00 total_env_steps=106353 t=0.16s
Ep 2529: len= 68 白胜 loss=26.9220 temp=1.00 total_env_steps=106421 t=0.30s
Ep 2530: len= 31 黑胜 loss=27.1401 temp=1.00 total_env_steps=106452 t=0.16s
Ep 2531: len= 25 黑胜 loss=26.8346 temp=1.00 total_env_steps=106477 t=0.13s
Ep 2532: len= 55 黑胜 loss=27.0428 temp=1.00 total_env_steps=106532 t=0.21s
Ep 2533: len= 45 黑胜 loss=27.0993 temp=1.00 total_env_steps=106577 t=0.18s
Ep 2534: len= 28 白胜 loss=27.0778 temp=1.00 total_env_steps=106605 t=0.14s
Ep 2535: len= 43 黑胜 loss=27.0676 temp=1.00 total_env_steps=106648 t=0.21s
Ep 2536: len= 44 白胜 loss=26.9043 temp=1.00 total_env_steps=106692 t=0.21s
Ep 2537: len= 21 黑胜 loss=26.9226 temp=1.00 total_env_steps=106713 t=0.12s
Ep 2538: len= 36 白胜 loss=27.0049 temp=1.00 total_env_steps=106749 t=0.16s
Ep 2539: len= 35 黑胜 loss=26.8597 temp=1.00 total_env_steps=106784 t=0.16s
Ep 2540: len= 58 白胜 loss=27.0746 temp=1.00 total_env_steps=106842 t=0.25s
Ep 2541: len= 41 黑胜 loss=27.2297 temp=1.00 total_env_steps=106883 t=0.19s
Ep 2542: len= 29 黑胜 loss=27.0735 temp=1.00 total_env_steps=106912 t=0.14s
Ep 2543: len= 43 黑胜 loss=27.4748 temp=1.00 total_env_steps=106955 t=0.19s
Ep 2544: len= 73 黑胜 loss=26.8353 temp=1.00 total_env_steps=107028 t=0.32s
Ep 2545: len= 63 黑胜 loss=26.8901 temp=1.00 total_env_steps=107091 t=0.26s
Ep 2546: len= 32 白胜 loss=26.9087 temp=1.00 total_env_steps=107123 t=0.17s
Ep 2547: len= 29 黑胜 loss=26.9209 temp=1.00 total_env_steps=107152 t=0.15s
Ep 2548: len= 41 黑胜 loss=27.0231 temp=1.00 total_env_steps=107193 t=0.18s
Ep 2549: len= 52 白胜 loss=27.3179 temp=1.00 total_env_steps=107245 t=0.22s
Ep 2550: len= 56 白胜 loss=26.9243 temp=1.00 total_env_steps=107301 t=0.23s
Ep 2551: len= 38 白胜 loss=27.2339 temp=1.00 total_env_steps=107339 t=0.18s
Ep 2552: len= 61 黑胜 loss=26.8975 temp=1.00 total_env_steps=107400 t=0.22s
Ep 2553: len= 27 黑胜 loss=27.3061 temp=1.00 total_env_steps=107427 t=0.13s
Ep 2554: len= 35 黑胜 loss=26.8523 temp=1.00 total_env_steps=107462 t=0.16s
Ep 2555: len= 40 白胜 loss=26.7917 temp=1.00 total_env_steps=107502 t=0.17s
Ep 2556: len= 42 白胜 loss=26.8571 temp=1.00 total_env_steps=107544 t=0.19s
Ep 2557: len= 42 白胜 loss=26.6362 temp=1.00 total_env_steps=107586 t=0.19s
Ep 2558: len= 33 黑胜 loss=27.0330 temp=1.00 total_env_steps=107619 t=0.17s
Ep 2559: len= 32 白胜 loss=26.9336 temp=1.00 total_env_steps=107651 t=0.15s
Ep 2560: len= 31 黑胜 loss=27.0371 temp=1.00 total_env_steps=107682 t=0.15s
Ep 2561: len= 46 白胜 loss=26.8640 temp=1.00 total_env_steps=107728 t=0.21s
Ep 2562: len= 23 黑胜 loss=27.0630 temp=1.00 total_env_steps=107751 t=0.14s
Ep 2563: len= 49 黑胜 loss=27.3008 temp=1.00 total_env_steps=107800 t=0.20s
Ep 2564: len= 47 黑胜 loss=26.9377 temp=1.00 total_env_steps=107847 t=0.22s
Ep 2565: len= 37 黑胜 loss=26.8726 temp=1.00 total_env_steps=107884 t=0.19s
Ep 2566: len= 38 白胜 loss=26.9660 temp=1.00 total_env_steps=107922 t=0.18s
Ep 2567: len= 52 白胜 loss=26.7044 temp=1.00 total_env_steps=107974 t=0.20s
Ep 2568: len= 41 黑胜 loss=26.8066 temp=1.00 total_env_steps=108015 t=0.18s
Ep 2569: len= 56 白胜 loss=26.7732 temp=1.00 total_env_steps=108071 t=0.23s
Ep 2570: len= 33 黑胜 loss=26.8426 temp=1.00 total_env_steps=108104 t=0.15s
Ep 2571: len= 45 黑胜 loss=27.1131 temp=1.00 total_env_steps=108149 t=0.20s
Ep 2572: len= 35 黑胜 loss=27.0716 temp=1.00 total_env_steps=108184 t=0.16s
Ep 2573: len= 38 白胜 loss=27.3074 temp=1.00 total_env_steps=108222 t=0.19s
Ep 2574: len= 44 白胜 loss=27.0247 temp=1.00 total_env_steps=108266 t=0.19s
Ep 2575: len= 51 黑胜 loss=27.0138 temp=1.00 total_env_steps=108317 t=0.22s
Ep 2576: len= 48 白胜 loss=26.9808 temp=1.00 total_env_steps=108365 t=0.21s
Ep 2577: len= 46 白胜 loss=27.0345 temp=1.00 total_env_steps=108411 t=0.23s
Ep 2578: len= 31 黑胜 loss=27.1512 temp=1.00 total_env_steps=108442 t=0.15s
Ep 2579: len= 64 白胜 loss=27.2734 temp=1.00 total_env_steps=108506 t=0.30s
Ep 2580: len= 42 白胜 loss=26.9681 temp=1.00 total_env_steps=108548 t=0.18s
Ep 2581: len= 40 白胜 loss=27.4592 temp=1.00 total_env_steps=108588 t=0.17s
Ep 2582: len= 58 白胜 loss=27.0631 temp=1.00 total_env_steps=108646 t=0.25s
Ep 2583: len= 24 白胜 loss=27.1337 temp=1.00 total_env_steps=108670 t=0.13s
Ep 2584: len= 71 黑胜 loss=26.7587 temp=1.00 total_env_steps=108741 t=0.31s
Ep 2585: len= 39 黑胜 loss=27.0686 temp=1.00 total_env_steps=108780 t=0.17s
Ep 2586: len= 37 黑胜 loss=26.6409 temp=1.00 total_env_steps=108817 t=0.17s
Ep 2587: len= 44 白胜 loss=26.8676 temp=1.00 total_env_steps=108861 t=0.22s
Ep 2588: len= 46 白胜 loss=27.2112 temp=1.00 total_env_steps=108907 t=0.18s
Ep 2589: len= 30 白胜 loss=26.9042 temp=1.00 total_env_steps=108937 t=0.15s
Ep 2590: len= 31 黑胜 loss=26.7511 temp=1.00 total_env_steps=108968 t=0.15s
Ep 2591: len= 47 黑胜 loss=26.9400 temp=1.00 total_env_steps=109015 t=0.19s
Ep 2592: len= 30 白胜 loss=27.0431 temp=1.00 total_env_steps=109045 t=0.15s
Ep 2593: len= 48 白胜 loss=27.0428 temp=1.00 total_env_steps=109093 t=0.22s
Ep 2594: len= 45 黑胜 loss=26.9496 temp=1.00 total_env_steps=109138 t=0.21s
Ep 2595: len= 27 黑胜 loss=27.2022 temp=1.00 total_env_steps=109165 t=0.15s
Ep 2596: len= 33 黑胜 loss=26.7564 temp=1.00 total_env_steps=109198 t=0.18s
Ep 2597: len= 52 白胜 loss=26.9487 temp=1.00 total_env_steps=109250 t=0.24s
Ep 2598: len= 24 白胜 loss=27.0610 temp=1.00 total_env_steps=109274 t=0.15s
Ep 2599: len= 48 白胜 loss=27.1781 temp=1.00 total_env_steps=109322 t=0.22s
Ep 2600: len= 41 黑胜 loss=26.9279 temp=1.00 total_env_steps=109363 t=0.19s
Ep 2601: len= 55 黑胜 loss=27.1342 temp=1.00 total_env_steps=109418 t=0.24s
Ep 2602: len= 30 白胜 loss=26.8930 temp=1.00 total_env_steps=109448 t=0.15s
Ep 2603: len= 34 白胜 loss=27.0946 temp=1.00 total_env_steps=109482 t=0.17s
Ep 2604: len= 18 白胜 loss=26.9070 temp=1.00 total_env_steps=109500 t=0.12s
Ep 2605: len= 50 白胜 loss=27.2188 temp=1.00 total_env_steps=109550 t=0.21s
Ep 2606: len= 47 黑胜 loss=26.8326 temp=1.00 total_env_steps=109597 t=0.21s
Ep 2607: len= 29 黑胜 loss=26.9209 temp=1.00 total_env_steps=109626 t=0.15s
Ep 2608: len= 24 白胜 loss=27.0893 temp=1.00 total_env_steps=109650 t=0.14s
Ep 2609: len= 28 白胜 loss=27.2103 temp=1.00 total_env_steps=109678 t=0.15s
Ep 2610: len= 31 黑胜 loss=26.9214 temp=1.00 total_env_steps=109709 t=0.17s
Ep 2611: len= 31 黑胜 loss=27.1269 temp=1.00 total_env_steps=109740 t=0.16s
Ep 2612: len= 41 黑胜 loss=26.9527 temp=1.00 total_env_steps=109781 t=0.19s
Ep 2613: len= 42 白胜 loss=26.7045 temp=1.00 total_env_steps=109823 t=0.20s
Ep 2614: len= 40 白胜 loss=26.7618 temp=1.00 total_env_steps=109863 t=0.18s
Ep 2615: len= 33 黑胜 loss=27.0161 temp=1.00 total_env_steps=109896 t=0.16s
Ep 2616: len= 44 白胜 loss=27.0351 temp=1.00 total_env_steps=109940 t=0.20s
Ep 2617: len= 26 白胜 loss=27.1021 temp=1.00 total_env_steps=109966 t=0.14s
Ep 2618: len= 51 黑胜 loss=27.0531 temp=1.00 total_env_steps=110017 t=0.22s
Ep 2619: len= 31 黑胜 loss=26.9337 temp=1.00 total_env_steps=110048 t=0.16s
Ep 2620: len= 58 白胜 loss=27.1193 temp=1.00 total_env_steps=110106 t=0.26s
Ep 2621: len= 62 白胜 loss=27.0600 temp=1.00 total_env_steps=110168 t=0.29s
Ep 2622: len= 43 黑胜 loss=26.9614 temp=1.00 total_env_steps=110211 t=0.22s
Ep 2623: len= 53 黑胜 loss=26.6311 temp=1.00 total_env_steps=110264 t=0.26s
Ep 2624: len= 52 白胜 loss=26.8069 temp=1.00 total_env_steps=110316 t=0.24s
Ep 2625: len= 65 黑胜 loss=27.3583 temp=1.00 total_env_steps=110381 t=0.30s
Ep 2626: len= 50 白胜 loss=26.7608 temp=1.00 total_env_steps=110431 t=0.24s
Ep 2627: len= 44 白胜 loss=26.9937 temp=1.00 total_env_steps=110475 t=0.21s
Ep 2628: len= 70 白胜 loss=27.2294 temp=1.00 total_env_steps=110545 t=0.36s
Ep 2629: len= 30 白胜 loss=26.9965 temp=1.00 total_env_steps=110575 t=0.17s
Ep 2630: len= 52 白胜 loss=26.9645 temp=1.00 total_env_steps=110627 t=0.27s
Ep 2631: len= 52 白胜 loss=26.9255 temp=1.00 total_env_steps=110679 t=0.25s
Ep 2632: len= 38 白胜 loss=27.2749 temp=1.00 total_env_steps=110717 t=0.19s
Ep 2633: len= 46 白胜 loss=27.2089 temp=1.00 total_env_steps=110763 t=0.23s
Ep 2634: len= 26 白胜 loss=26.8900 temp=1.00 total_env_steps=110789 t=0.15s
Ep 2635: len= 37 黑胜 loss=27.0628 temp=1.00 total_env_steps=110826 t=0.19s
Ep 2636: len= 41 黑胜 loss=26.6699 temp=1.00 total_env_steps=110867 t=0.20s
Ep 2637: len= 22 白胜 loss=26.8562 temp=1.00 total_env_steps=110889 t=0.13s
Ep 2638: len= 43 黑胜 loss=27.1172 temp=1.00 total_env_steps=110932 t=0.19s
Ep 2639: len= 48 白胜 loss=27.1162 temp=1.00 total_env_steps=110980 t=0.21s
Ep 2640: len= 31 黑胜 loss=27.2740 temp=1.00 total_env_steps=111011 t=0.17s
Ep 2641: len= 55 黑胜 loss=27.0008 temp=1.00 total_env_steps=111066 t=0.23s
Ep 2642: len= 33 黑胜 loss=26.7747 temp=1.00 total_env_steps=111099 t=0.16s
Ep 2643: len= 47 黑胜 loss=27.1980 temp=1.00 total_env_steps=111146 t=0.24s
Ep 2644: len= 58 白胜 loss=26.7092 temp=1.00 total_env_steps=111204 t=0.28s
Ep 2645: len= 49 黑胜 loss=26.7247 temp=1.00 total_env_steps=111253 t=0.23s
Ep 2646: len= 36 白胜 loss=27.2665 temp=1.00 total_env_steps=111289 t=0.18s
Ep 2647: len= 54 白胜 loss=26.9954 temp=1.00 total_env_steps=111343 t=0.24s
Ep 2648: len= 53 黑胜 loss=26.7888 temp=1.00 total_env_steps=111396 t=0.24s
Ep 2649: len= 39 黑胜 loss=26.6276 temp=1.00 total_env_steps=111435 t=0.18s
Ep 2650: len= 25 黑胜 loss=26.9753 temp=1.00 total_env_steps=111460 t=0.14s
Ep 2651: len= 46 白胜 loss=26.5378 temp=1.00 total_env_steps=111506 t=0.19s
Ep 2652: len= 49 黑胜 loss=27.1436 temp=1.00 total_env_steps=111555 t=0.21s
Ep 2653: len= 35 黑胜 loss=26.9637 temp=1.00 total_env_steps=111590 t=0.17s
Ep 2654: len= 40 白胜 loss=27.0006 temp=1.00 total_env_steps=111630 t=0.20s
Ep 2655: len= 13 黑胜 loss=26.8861 temp=1.00 total_env_steps=111643 t=0.10s
Ep 2656: len= 33 黑胜 loss=26.8102 temp=1.00 total_env_steps=111676 t=0.17s
Ep 2657: len= 18 白胜 loss=26.6852 temp=1.00 total_env_steps=111694 t=0.11s
Ep 2658: len= 47 黑胜 loss=26.5769 temp=1.00 total_env_steps=111741 t=0.24s
Ep 2659: len= 17 黑胜 loss=27.0735 temp=1.00 total_env_steps=111758 t=0.11s
Ep 2660: len= 25 黑胜 loss=26.7623 temp=1.00 total_env_steps=111783 t=0.13s
Ep 2661: len= 26 白胜 loss=26.8527 temp=1.00 total_env_steps=111809 t=0.14s
Ep 2662: len= 39 黑胜 loss=27.3312 temp=1.00 total_env_steps=111848 t=0.19s
Ep 2663: len= 26 白胜 loss=27.0655 temp=1.00 total_env_steps=111874 t=0.14s
Ep 2664: len= 57 黑胜 loss=26.6226 temp=1.00 total_env_steps=111931 t=0.25s
Ep 2665: len= 27 黑胜 loss=26.9338 temp=1.00 total_env_steps=111958 t=0.14s
Ep 2666: len= 23 黑胜 loss=27.0313 temp=1.00 total_env_steps=111981 t=0.13s
Ep 2667: len= 53 黑胜 loss=26.6711 temp=1.00 total_env_steps=112034 t=0.24s
Ep 2668: len= 49 黑胜 loss=26.8760 temp=1.00 total_env_steps=112083 t=0.22s
Ep 2669: len= 43 黑胜 loss=26.6496 temp=1.00 total_env_steps=112126 t=0.20s
Ep 2670: len= 49 黑胜 loss=26.8174 temp=1.00 total_env_steps=112175 t=0.24s
Ep 2671: len= 33 黑胜 loss=27.0328 temp=1.00 total_env_steps=112208 t=0.16s
Ep 2672: len= 70 白胜 loss=26.6477 temp=1.00 total_env_steps=112278 t=0.30s
Ep 2673: len= 54 白胜 loss=27.0024 temp=1.00 total_env_steps=112332 t=0.24s
Ep 2674: len= 53 黑胜 loss=26.6125 temp=1.00 total_env_steps=112385 t=0.22s
Ep 2675: len= 42 白胜 loss=26.9687 temp=1.00 total_env_steps=112427 t=0.18s
Ep 2676: len= 49 黑胜 loss=27.0914 temp=1.00 total_env_steps=112476 t=0.20s
Ep 2677: len= 47 黑胜 loss=26.9566 temp=1.00 total_env_steps=112523 t=0.21s
Ep 2678: len= 42 白胜 loss=26.8596 temp=1.00 total_env_steps=112565 t=0.20s
Ep 2679: len= 32 白胜 loss=26.9828 temp=1.00 total_env_steps=112597 t=0.16s
Ep 2680: len= 25 黑胜 loss=26.9202 temp=1.00 total_env_steps=112622 t=0.14s
Ep 2681: len= 39 黑胜 loss=26.9110 temp=1.00 total_env_steps=112661 t=0.17s
Ep 2682: len= 39 黑胜 loss=26.9150 temp=1.00 total_env_steps=112700 t=0.17s
Ep 2683: len= 23 黑胜 loss=26.7773 temp=1.00 total_env_steps=112723 t=0.13s
Ep 2684: len= 44 白胜 loss=26.7756 temp=1.00 total_env_steps=112767 t=0.18s
Ep 2685: len= 50 白胜 loss=27.1457 temp=1.00 total_env_steps=112817 t=0.20s
Ep 2686: len= 43 黑胜 loss=27.1366 temp=1.00 total_env_steps=112860 t=0.18s
Ep 2687: len= 42 白胜 loss=26.7563 temp=1.00 total_env_steps=112902 t=0.18s
Ep 2688: len= 43 黑胜 loss=26.7200 temp=1.00 total_env_steps=112945 t=0.19s
Ep 2689: len= 26 白胜 loss=26.6430 temp=1.00 total_env_steps=112971 t=0.13s
Ep 2690: len= 45 黑胜 loss=27.4903 temp=1.00 total_env_steps=113016 t=0.19s
Ep 2691: len= 52 白胜 loss=26.7994 temp=1.00 total_env_steps=113068 t=0.22s
Ep 2692: len= 40 白胜 loss=26.6290 temp=1.00 total_env_steps=113108 t=0.17s
Ep 2693: len= 56 白胜 loss=26.9500 temp=1.00 total_env_steps=113164 t=0.23s
Ep 2694: len= 35 黑胜 loss=26.6095 temp=1.00 total_env_steps=113199 t=0.16s
Ep 2695: len= 58 白胜 loss=27.1585 temp=1.00 total_env_steps=113257 t=0.26s
Ep 2696: len= 61 黑胜 loss=26.6940 temp=1.00 total_env_steps=113318 t=0.27s
Ep 2697: len= 33 黑胜 loss=27.0868 temp=1.00 total_env_steps=113351 t=0.16s
Ep 2698: len= 69 黑胜 loss=27.0866 temp=1.00 total_env_steps=113420 t=0.30s
Ep 2699: len= 44 白胜 loss=27.0702 temp=1.00 total_env_steps=113464 t=0.19s
Ep 2700: len= 68 白胜 loss=27.0512 temp=1.00 total_env_steps=113532 t=0.26s
Ep 2701: len= 31 黑胜 loss=26.7756 temp=1.00 total_env_steps=113563 t=0.15s
Ep 2702: len= 29 黑胜 loss=27.3045 temp=1.00 total_env_steps=113592 t=0.14s
Ep 2703: len= 42 白胜 loss=27.0117 temp=1.00 total_env_steps=113634 t=0.18s
Ep 2704: len= 33 黑胜 loss=26.6750 temp=1.00 total_env_steps=113667 t=0.15s
Ep 2705: len= 45 黑胜 loss=26.7345 temp=1.00 total_env_steps=113712 t=0.18s
Ep 2706: len= 43 黑胜 loss=26.3234 temp=1.00 total_env_steps=113755 t=0.18s
Ep 2707: len= 37 黑胜 loss=27.3548 temp=1.00 total_env_steps=113792 t=0.17s
Ep 2708: len= 53 黑胜 loss=26.9418 temp=1.00 total_env_steps=113845 t=0.21s
Ep 2709: len= 57 黑胜 loss=26.8612 temp=1.00 total_env_steps=113902 t=0.25s
Ep 2710: len= 41 黑胜 loss=27.0507 temp=1.00 total_env_steps=113943 t=0.19s
Ep 2711: len= 38 白胜 loss=27.1637 temp=1.00 total_env_steps=113981 t=0.18s
Ep 2712: len= 36 白胜 loss=26.9607 temp=1.00 total_env_steps=114017 t=0.17s
Ep 2713: len= 36 白胜 loss=26.8428 temp=1.00 total_env_steps=114053 t=0.18s
Ep 2714: len= 69 黑胜 loss=27.1635 temp=1.00 total_env_steps=114122 t=0.31s
Ep 2715: len= 42 白胜 loss=26.4160 temp=1.00 total_env_steps=114164 t=0.19s
Ep 2716: len= 31 黑胜 loss=26.7613 temp=1.00 total_env_steps=114195 t=0.15s
Ep 2717: len= 42 白胜 loss=26.8357 temp=1.00 total_env_steps=114237 t=0.19s
Ep 2718: len= 42 白胜 loss=26.8253 temp=1.00 total_env_steps=114279 t=0.18s
Ep 2719: len= 47 黑胜 loss=26.6363 temp=1.00 total_env_steps=114326 t=0.20s
Ep 2720: len= 24 白胜 loss=27.0335 temp=1.00 total_env_steps=114350 t=0.13s
Ep 2721: len= 22 白胜 loss=26.9778 temp=1.00 total_env_steps=114372 t=0.13s
Ep 2722: len= 38 白胜 loss=26.7324 temp=1.00 total_env_steps=114410 t=0.19s
Ep 2723: len= 76 白胜 loss=26.6242 temp=1.00 total_env_steps=114486 t=0.36s
Ep 2724: len= 30 白胜 loss=26.6930 temp=1.00 total_env_steps=114516 t=0.15s
Ep 2725: len= 30 白胜 loss=26.8734 temp=1.00 total_env_steps=114546 t=0.16s
Ep 2726: len= 28 白胜 loss=26.6659 temp=1.00 total_env_steps=114574 t=0.14s
Ep 2727: len= 53 黑胜 loss=26.6248 temp=1.00 total_env_steps=114627 t=0.21s
Ep 2728: len= 55 黑胜 loss=26.9403 temp=1.00 total_env_steps=114682 t=0.21s
Ep 2729: len= 34 白胜 loss=26.9387 temp=1.00 total_env_steps=114716 t=0.16s
Ep 2730: len= 46 白胜 loss=26.9644 temp=1.00 total_env_steps=114762 t=0.19s
Ep 2731: len= 40 白胜 loss=27.0788 temp=1.00 total_env_steps=114802 t=0.17s
Ep 2732: len= 41 黑胜 loss=27.0086 temp=1.00 total_env_steps=114843 t=0.18s
Ep 2733: len= 33 黑胜 loss=27.0289 temp=1.00 total_env_steps=114876 t=0.16s
Ep 2734: len= 21 黑胜 loss=26.9119 temp=1.00 total_env_steps=114897 t=0.12s
Ep 2735: len= 44 白胜 loss=27.0533 temp=1.00 total_env_steps=114941 t=0.18s
Ep 2736: len= 41 黑胜 loss=26.6468 temp=1.00 total_env_steps=114982 t=0.18s
Ep 2737: len= 47 黑胜 loss=26.8494 temp=1.00 total_env_steps=115029 t=0.23s
Ep 2738: len= 44 白胜 loss=26.9419 temp=1.00 total_env_steps=115073 t=0.19s
Ep 2739: len= 54 白胜 loss=26.6676 temp=1.00 total_env_steps=115127 t=0.22s
Ep 2740: len= 46 白胜 loss=26.9229 temp=1.00 total_env_steps=115173 t=0.20s
Ep 2741: len= 48 白胜 loss=26.6244 temp=1.00 total_env_steps=115221 t=0.20s
Ep 2742: len= 30 白胜 loss=26.8187 temp=1.00 total_env_steps=115251 t=0.14s
Ep 2743: len= 50 白胜 loss=26.9546 temp=1.00 total_env_steps=115301 t=0.20s
Ep 2744: len= 34 白胜 loss=26.5177 temp=1.00 total_env_steps=115335 t=0.16s
Ep 2745: len= 45 黑胜 loss=26.9428 temp=1.00 total_env_steps=115380 t=0.21s
Ep 2746: len= 26 白胜 loss=27.0280 temp=1.00 total_env_steps=115406 t=0.15s
Ep 2747: len= 32 白胜 loss=26.7642 temp=1.00 total_env_steps=115438 t=0.15s
Ep 2748: len= 40 白胜 loss=26.9862 temp=1.00 total_env_steps=115478 t=0.17s
Ep 2749: len= 44 白胜 loss=26.9957 temp=1.00 total_env_steps=115522 t=0.18s
Ep 2750: len= 45 黑胜 loss=27.1879 temp=1.00 total_env_steps=115567 t=0.23s
Ep 2751: len= 43 黑胜 loss=26.9132 temp=1.00 total_env_steps=115610 t=0.21s
Ep 2752: len= 27 黑胜 loss=26.9952 temp=1.00 total_env_steps=115637 t=0.14s
Ep 2753: len= 52 白胜 loss=27.1647 temp=1.00 total_env_steps=115689 t=0.26s
Ep 2754: len= 41 黑胜 loss=26.7663 temp=1.00 total_env_steps=115730 t=0.21s
Ep 2755: len= 22 白胜 loss=26.7509 temp=1.00 total_env_steps=115752 t=0.14s
Ep 2756: len= 36 白胜 loss=26.4931 temp=1.00 total_env_steps=115788 t=0.20s
Ep 2757: len= 29 黑胜 loss=26.5381 temp=1.00 total_env_steps=115817 t=0.17s
Ep 2758: len= 30 白胜 loss=26.9249 temp=1.00 total_env_steps=115847 t=0.17s
Ep 2759: len= 30 白胜 loss=26.9099 temp=1.00 total_env_steps=115877 t=0.17s
Ep 2760: len= 31 黑胜 loss=26.9382 temp=1.00 total_env_steps=115908 t=0.16s
Ep 2761: len= 49 黑胜 loss=26.7843 temp=1.00 total_env_steps=115957 t=0.22s
Ep 2762: len= 42 白胜 loss=27.0665 temp=1.00 total_env_steps=115999 t=0.19s
Ep 2763: len= 48 白胜 loss=26.8293 temp=1.00 total_env_steps=116047 t=0.21s
Ep 2764: len= 42 白胜 loss=26.7069 temp=1.00 total_env_steps=116089 t=0.20s
Ep 2765: len= 42 白胜 loss=26.4965 temp=1.00 total_env_steps=116131 t=0.19s
Ep 2766: len= 47 黑胜 loss=26.6624 temp=1.00 total_env_steps=116178 t=0.20s
Ep 2767: len= 32 白胜 loss=27.1078 temp=1.00 total_env_steps=116210 t=0.16s
Ep 2768: len= 41 黑胜 loss=26.7980 temp=1.00 total_env_steps=116251 t=0.19s
Ep 2769: len= 61 黑胜 loss=27.2149 temp=1.00 total_env_steps=116312 t=0.28s
Ep 2770: len= 41 黑胜 loss=27.1400 temp=1.00 total_env_steps=116353 t=0.20s
Ep 2771: len= 30 白胜 loss=26.8168 temp=1.00 total_env_steps=116383 t=0.14s
Ep 2772: len= 33 黑胜 loss=26.6371 temp=1.00 total_env_steps=116416 t=0.16s
Ep 2773: len= 28 白胜 loss=26.5127 temp=1.00 total_env_steps=116444 t=0.14s
Ep 2774: len= 39 黑胜 loss=27.0604 temp=1.00 total_env_steps=116483 t=0.17s
Ep 2775: len= 27 黑胜 loss=26.6540 temp=1.00 total_env_steps=116510 t=0.14s
Ep 2776: len= 45 黑胜 loss=26.9611 temp=1.00 total_env_steps=116555 t=0.19s
Ep 2777: len= 29 黑胜 loss=26.9177 temp=1.00 total_env_steps=116584 t=0.14s
Ep 2778: len= 77 黑胜 loss=26.9029 temp=1.00 total_env_steps=116661 t=0.29s
Ep 2779: len= 39 黑胜 loss=26.7576 temp=1.00 total_env_steps=116700 t=0.18s
Ep 2780: len= 20 白胜 loss=26.8050 temp=1.00 total_env_steps=116720 t=0.12s
Ep 2781: len= 27 黑胜 loss=26.8111 temp=1.00 total_env_steps=116747 t=0.14s
Ep 2782: len= 52 白胜 loss=27.0822 temp=1.00 total_env_steps=116799 t=0.23s
Ep 2783: len= 76 白胜 loss=26.6321 temp=1.00 total_env_steps=116875 t=0.29s
Ep 2784: len= 41 黑胜 loss=26.9049 temp=1.00 total_env_steps=116916 t=0.19s
Ep 2785: len= 36 白胜 loss=26.7390 temp=1.00 total_env_steps=116952 t=0.19s
Ep 2786: len= 38 白胜 loss=26.9038 temp=1.00 total_env_steps=116990 t=0.19s
Ep 2787: len= 65 黑胜 loss=26.8152 temp=1.00 total_env_steps=117055 t=0.25s
Ep 2788: len= 29 黑胜 loss=26.7770 temp=1.00 total_env_steps=117084 t=0.14s
Ep 2789: len= 32 白胜 loss=27.0056 temp=1.00 total_env_steps=117116 t=0.16s
Ep 2790: len= 51 黑胜 loss=26.8344 temp=1.00 total_env_steps=117167 t=0.22s
Ep 2791: len= 47 黑胜 loss=26.7547 temp=1.00 total_env_steps=117214 t=0.20s
Ep 2792: len= 47 黑胜 loss=27.1143 temp=1.00 total_env_steps=117261 t=0.20s
Ep 2793: len= 44 白胜 loss=26.6437 temp=1.00 total_env_steps=117305 t=0.20s
Ep 2794: len= 37 黑胜 loss=26.5269 temp=1.00 total_env_steps=117342 t=0.19s
Ep 2795: len= 26 白胜 loss=26.7435 temp=1.00 total_env_steps=117368 t=0.13s
Ep 2796: len= 42 白胜 loss=26.8411 temp=1.00 total_env_steps=117410 t=0.20s
Ep 2797: len= 39 黑胜 loss=26.5496 temp=1.00 total_env_steps=117449 t=0.20s
Ep 2798: len= 15 黑胜 loss=26.5645 temp=1.00 total_env_steps=117464 t=0.11s
Ep 2799: len= 38 白胜 loss=26.6807 temp=1.00 total_env_steps=117502 t=0.18s
Ep 2800: len= 42 白胜 loss=26.6442 temp=1.00 total_env_steps=117544 t=0.19s
Ep 2801: len= 30 白胜 loss=26.6223 temp=1.00 total_env_steps=117574 t=0.14s
Ep 2802: len= 25 黑胜 loss=27.0262 temp=1.00 total_env_steps=117599 t=0.15s
Ep 2803: len= 57 黑胜 loss=26.9028 temp=1.00 total_env_steps=117656 t=0.21s
Ep 2804: len= 38 白胜 loss=26.8875 temp=1.00 total_env_steps=117694 t=0.17s
Ep 2805: len= 25 黑胜 loss=26.7328 temp=1.00 total_env_steps=117719 t=0.13s
Ep 2806: len= 37 黑胜 loss=27.1910 temp=1.00 total_env_steps=117756 t=0.16s
Ep 2807: len= 26 白胜 loss=26.7393 temp=1.00 total_env_steps=117782 t=0.14s
Ep 2808: len= 30 白胜 loss=26.7709 temp=1.00 total_env_steps=117812 t=0.15s
Ep 2809: len= 34 白胜 loss=26.9627 temp=1.00 total_env_steps=117846 t=0.17s
Ep 2810: len= 20 白胜 loss=26.5315 temp=1.00 total_env_steps=117866 t=0.12s
Ep 2811: len= 35 黑胜 loss=27.0946 temp=1.00 total_env_steps=117901 t=0.17s
Ep 2812: len= 40 白胜 loss=26.7311 temp=1.00 total_env_steps=117941 t=0.20s
Ep 2813: len= 25 黑胜 loss=26.6316 temp=1.00 total_env_steps=117966 t=0.14s
Ep 2814: len= 27 黑胜 loss=26.9457 temp=1.00 total_env_steps=117993 t=0.15s
Ep 2815: len= 58 白胜 loss=26.9253 temp=1.00 total_env_steps=118051 t=0.26s
Ep 2816: len= 53 黑胜 loss=26.4966 temp=1.00 total_env_steps=118104 t=0.25s
Ep 2817: len= 65 黑胜 loss=26.7477 temp=1.00 total_env_steps=118169 t=0.28s
Ep 2818: len= 41 黑胜 loss=27.2734 temp=1.00 total_env_steps=118210 t=0.18s
Ep 2819: len= 50 白胜 loss=26.9638 temp=1.00 total_env_steps=118260 t=0.22s
Ep 2820: len= 35 黑胜 loss=27.0559 temp=1.00 total_env_steps=118295 t=0.18s
Ep 2821: len= 66 白胜 loss=26.7502 temp=1.00 total_env_steps=118361 t=0.31s
Ep 2822: len= 50 白胜 loss=26.6878 temp=1.00 total_env_steps=118411 t=0.24s
Ep 2823: len= 48 白胜 loss=26.4740 temp=1.00 total_env_steps=118459 t=0.24s
Ep 2824: len= 41 黑胜 loss=26.5230 temp=1.00 total_env_steps=118500 t=0.22s
Ep 2825: len= 32 白胜 loss=26.5318 temp=1.00 total_env_steps=118532 t=0.15s
Ep 2826: len= 19 黑胜 loss=27.1980 temp=1.00 total_env_steps=118551 t=0.12s
Ep 2827: len= 51 黑胜 loss=26.8882 temp=1.00 total_env_steps=118602 t=0.24s
Ep 2828: len= 28 白胜 loss=26.8900 temp=1.00 total_env_steps=118630 t=0.14s
Ep 2829: len= 51 黑胜 loss=26.6797 temp=1.00 total_env_steps=118681 t=0.25s
Ep 2830: len= 55 黑胜 loss=26.6734 temp=1.00 total_env_steps=118736 t=0.26s
Ep 2831: len= 44 白胜 loss=26.8517 temp=1.00 total_env_steps=118780 t=0.18s
Ep 2832: len= 45 黑胜 loss=26.6584 temp=1.00 total_env_steps=118825 t=0.19s
Ep 2833: len= 50 白胜 loss=27.0315 temp=1.00 total_env_steps=118875 t=0.20s
Ep 2834: len= 51 黑胜 loss=26.7003 temp=1.00 total_env_steps=118926 t=0.20s
Ep 2835: len= 50 白胜 loss=26.7453 temp=1.00 total_env_steps=118976 t=0.20s
Ep 2836: len= 37 黑胜 loss=26.7144 temp=1.00 total_env_steps=119013 t=0.16s
Ep 2837: len= 31 黑胜 loss=26.6365 temp=1.00 total_env_steps=119044 t=0.17s
Ep 2838: len= 32 白胜 loss=26.7162 temp=1.00 total_env_steps=119076 t=0.16s
Ep 2839: len= 42 白胜 loss=26.6152 temp=1.00 total_env_steps=119118 t=0.20s
Ep 2840: len= 32 白胜 loss=26.7315 temp=1.00 total_env_steps=119150 t=0.17s
Ep 2841: len= 35 黑胜 loss=26.6969 temp=1.00 total_env_steps=119185 t=0.18s
Ep 2842: len= 25 黑胜 loss=26.6109 temp=1.00 total_env_steps=119210 t=0.14s
Ep 2843: len= 40 白胜 loss=26.6091 temp=1.00 total_env_steps=119250 t=0.18s
Ep 2844: len= 39 黑胜 loss=26.4582 temp=1.00 total_env_steps=119289 t=0.18s
Ep 2845: len= 39 黑胜 loss=26.7708 temp=1.00 total_env_steps=119328 t=0.17s
Ep 2846: len= 45 黑胜 loss=26.8609 temp=1.00 total_env_steps=119373 t=0.19s
Ep 2847: len= 49 黑胜 loss=26.9698 temp=1.00 total_env_steps=119422 t=0.20s
Ep 2848: len= 32 白胜 loss=27.0350 temp=1.00 total_env_steps=119454 t=0.17s
Ep 2849: len= 35 黑胜 loss=26.8251 temp=1.00 total_env_steps=119489 t=0.17s
Ep 2850: len= 37 黑胜 loss=26.7056 temp=1.00 total_env_steps=119526 t=0.17s
Ep 2851: len= 50 白胜 loss=26.5709 temp=1.00 total_env_steps=119576 t=0.20s
Ep 2852: len= 27 黑胜 loss=26.9122 temp=1.00 total_env_steps=119603 t=0.14s
Ep 2853: len= 34 白胜 loss=26.7482 temp=1.00 total_env_steps=119637 t=0.16s
Ep 2854: len= 22 白胜 loss=27.2045 temp=1.00 total_env_steps=119659 t=0.13s
Ep 2855: len= 30 白胜 loss=26.9294 temp=1.00 total_env_steps=119689 t=0.15s
Ep 2856: len= 73 黑胜 loss=26.8163 temp=1.00 total_env_steps=119762 t=0.32s
Ep 2857: len= 46 白胜 loss=26.8717 temp=1.00 total_env_steps=119808 t=0.20s
Ep 2858: len= 34 白胜 loss=27.1362 temp=1.00 total_env_steps=119842 t=0.16s
Ep 2859: len= 30 白胜 loss=26.9221 temp=1.00 total_env_steps=119872 t=0.14s
Ep 2860: len= 24 白胜 loss=26.6959 temp=1.00 total_env_steps=119896 t=0.13s
Ep 2861: len= 50 白胜 loss=26.6060 temp=1.00 total_env_steps=119946 t=0.19s
Ep 2862: len= 34 白胜 loss=26.9349 temp=1.00 total_env_steps=119980 t=0.16s
Ep 2863: len= 30 白胜 loss=26.9845 temp=1.00 total_env_steps=120010 t=0.15s
Ep 2864: len= 41 黑胜 loss=26.7327 temp=1.00 total_env_steps=120051 t=0.17s
Ep 2865: len= 19 黑胜 loss=27.0993 temp=1.00 total_env_steps=120070 t=0.12s
Ep 2866: len= 39 黑胜 loss=27.2565 temp=1.00 total_env_steps=120109 t=0.18s
Ep 2867: len= 33 黑胜 loss=26.8764 temp=1.00 total_env_steps=120142 t=0.15s
Ep 2868: len= 40 白胜 loss=26.7988 temp=1.00 total_env_steps=120182 t=0.18s
Ep 2869: len= 68 白胜 loss=26.7315 temp=1.00 total_env_steps=120250 t=0.26s
Ep 2870: len= 45 黑胜 loss=26.9240 temp=1.00 total_env_steps=120295 t=0.22s
Ep 2871: len= 46 白胜 loss=26.7612 temp=1.00 total_env_steps=120341 t=0.23s
Ep 2872: len= 30 白胜 loss=27.0941 temp=1.00 total_env_steps=120371 t=0.15s
Ep 2873: len= 34 白胜 loss=27.0243 temp=1.00 total_env_steps=120405 t=0.16s
Ep 2874: len= 31 黑胜 loss=26.6936 temp=1.00 total_env_steps=120436 t=0.15s
Ep 2875: len= 56 白胜 loss=26.8219 temp=1.00 total_env_steps=120492 t=0.24s
Ep 2876: len= 33 黑胜 loss=27.0687 temp=1.00 total_env_steps=120525 t=0.16s
Ep 2877: len= 31 黑胜 loss=26.7178 temp=1.00 total_env_steps=120556 t=0.16s
Ep 2878: len= 33 黑胜 loss=26.4189 temp=1.00 total_env_steps=120589 t=0.16s
Ep 2879: len= 53 黑胜 loss=26.6205 temp=1.00 total_env_steps=120642 t=0.24s
Ep 2880: len= 35 黑胜 loss=26.5631 temp=1.00 total_env_steps=120677 t=0.16s
Ep 2881: len= 33 黑胜 loss=26.5895 temp=1.00 total_env_steps=120710 t=0.16s
Ep 2882: len= 46 白胜 loss=26.6668 temp=1.00 total_env_steps=120756 t=0.18s
Ep 2883: len= 33 黑胜 loss=26.9037 temp=1.00 total_env_steps=120789 t=0.15s
Ep 2884: len= 61 黑胜 loss=27.1114 temp=1.00 total_env_steps=120850 t=0.23s
Ep 2885: len= 36 白胜 loss=26.6769 temp=1.00 total_env_steps=120886 t=0.16s
Ep 2886: len= 49 黑胜 loss=26.7706 temp=1.00 total_env_steps=120935 t=0.22s
Ep 2887: len= 21 黑胜 loss=26.8390 temp=1.00 total_env_steps=120956 t=0.13s
Ep 2888: len= 57 黑胜 loss=26.7552 temp=1.00 total_env_steps=121013 t=0.28s
Ep 2889: len= 46 白胜 loss=26.7756 temp=1.00 total_env_steps=121059 t=0.22s
Ep 2890: len= 43 黑胜 loss=26.6702 temp=1.00 total_env_steps=121102 t=0.22s
Ep 2891: len= 28 白胜 loss=26.8165 temp=1.00 total_env_steps=121130 t=0.14s
Ep 2892: len= 50 白胜 loss=26.4970 temp=1.00 total_env_steps=121180 t=0.20s
Ep 2893: len= 42 白胜 loss=27.0629 temp=1.00 total_env_steps=121222 t=0.17s
Ep 2894: len= 27 黑胜 loss=26.8767 temp=1.00 total_env_steps=121249 t=0.14s
Ep 2895: len= 32 白胜 loss=26.5732 temp=1.00 total_env_steps=121281 t=0.18s
Ep 2896: len= 46 白胜 loss=26.5346 temp=1.00 total_env_steps=121327 t=0.22s
Ep 2897: len= 45 黑胜 loss=26.2405 temp=1.00 total_env_steps=121372 t=0.19s
Ep 2898: len= 59 黑胜 loss=26.9617 temp=1.00 total_env_steps=121431 t=0.22s
Ep 2899: len= 40 白胜 loss=26.7028 temp=1.00 total_env_steps=121471 t=0.18s
Ep 2900: len= 40 白胜 loss=26.3325 temp=1.00 total_env_steps=121511 t=0.19s
Ep 2901: len= 34 白胜 loss=26.7270 temp=1.00 total_env_steps=121545 t=0.17s
Ep 2902: len= 27 黑胜 loss=26.5307 temp=1.00 total_env_steps=121572 t=0.18s
Ep 2903: len= 28 白胜 loss=26.4921 temp=1.00 total_env_steps=121600 t=0.15s
Ep 2904: len= 39 黑胜 loss=27.0391 temp=1.00 total_env_steps=121639 t=0.17s
Ep 2905: len= 35 黑胜 loss=26.7150 temp=1.00 total_env_steps=121674 t=0.15s
Ep 2906: len= 30 白胜 loss=26.8286 temp=1.00 total_env_steps=121704 t=0.16s
Ep 2907: len= 38 白胜 loss=26.6605 temp=1.00 total_env_steps=121742 t=0.17s
Ep 2908: len= 40 白胜 loss=26.4544 temp=1.00 total_env_steps=121782 t=0.17s
Ep 2909: len= 57 黑胜 loss=27.0243 temp=1.00 total_env_steps=121839 t=0.22s
Ep 2910: len= 47 黑胜 loss=26.8675 temp=1.00 total_env_steps=121886 t=0.23s
Ep 2911: len= 49 黑胜 loss=26.8070 temp=1.00 total_env_steps=121935 t=0.20s
Ep 2912: len= 29 黑胜 loss=26.7379 temp=1.00 total_env_steps=121964 t=0.14s
Ep 2913: len= 35 黑胜 loss=26.6192 temp=1.00 total_env_steps=121999 t=0.16s
Ep 2914: len= 38 白胜 loss=26.9164 temp=1.00 total_env_steps=122037 t=0.17s
Ep 2915: len= 44 白胜 loss=27.0449 temp=1.00 total_env_steps=122081 t=0.21s
Ep 2916: len= 31 黑胜 loss=26.5527 temp=1.00 total_env_steps=122112 t=0.17s
Ep 2917: len= 40 白胜 loss=27.0455 temp=1.00 total_env_steps=122152 t=0.17s
Ep 2918: len= 34 白胜 loss=26.6010 temp=1.00 total_env_steps=122186 t=0.16s
Ep 2919: len= 32 白胜 loss=26.7737 temp=1.00 total_env_steps=122218 t=0.16s
Ep 2920: len= 45 黑胜 loss=26.6644 temp=1.00 total_env_steps=122263 t=0.20s
Ep 2921: len= 41 黑胜 loss=26.7641 temp=1.00 total_env_steps=122304 t=0.17s
Ep 2922: len= 61 黑胜 loss=26.9599 temp=1.00 total_env_steps=122365 t=0.23s
Ep 2923: len= 25 黑胜 loss=26.5844 temp=1.00 total_env_steps=122390 t=0.13s
Ep 2924: len= 31 黑胜 loss=26.8955 temp=1.00 total_env_steps=122421 t=0.17s
Ep 2925: len= 32 白胜 loss=26.4219 temp=1.00 total_env_steps=122453 t=0.17s
Ep 2926: len= 43 黑胜 loss=26.8784 temp=1.00 total_env_steps=122496 t=0.24s
Ep 2927: len= 40 白胜 loss=26.5853 temp=1.00 total_env_steps=122536 t=0.18s
Ep 2928: len= 41 黑胜 loss=26.4281 temp=1.00 total_env_steps=122577 t=0.18s
Ep 2929: len= 43 黑胜 loss=27.1106 temp=1.00 total_env_steps=122620 t=0.18s
Ep 2930: len= 39 黑胜 loss=26.5871 temp=1.00 total_env_steps=122659 t=0.17s
Ep 2931: len= 47 黑胜 loss=26.3146 temp=1.00 total_env_steps=122706 t=0.20s
Ep 2932: len= 45 黑胜 loss=26.7894 temp=1.00 total_env_steps=122751 t=0.20s
Ep 2933: len= 35 黑胜 loss=26.6535 temp=1.00 total_env_steps=122786 t=0.17s
Ep 2934: len= 47 黑胜 loss=27.2583 temp=1.00 total_env_steps=122833 t=0.23s
Ep 2935: len= 50 白胜 loss=26.5638 temp=1.00 total_env_steps=122883 t=0.26s
Ep 2936: len= 40 白胜 loss=26.8257 temp=1.00 total_env_steps=122923 t=0.22s
Ep 2937: len= 42 白胜 loss=26.4278 temp=1.00 total_env_steps=122965 t=0.22s
Ep 2938: len= 39 黑胜 loss=26.9348 temp=1.00 total_env_steps=123004 t=0.22s
Ep 2939: len= 33 黑胜 loss=26.9504 temp=1.00 total_env_steps=123037 t=0.18s
Ep 2940: len= 47 黑胜 loss=26.5561 temp=1.00 total_env_steps=123084 t=0.23s
Ep 2941: len= 31 黑胜 loss=26.6135 temp=1.00 total_env_steps=123115 t=0.16s
Ep 2942: len= 48 白胜 loss=27.1002 temp=1.00 total_env_steps=123163 t=0.19s
Ep 2943: len= 43 黑胜 loss=26.5940 temp=1.00 total_env_steps=123206 t=0.20s
Ep 2944: len= 59 黑胜 loss=26.9295 temp=1.00 total_env_steps=123265 t=0.27s
Ep 2945: len= 45 黑胜 loss=26.1599 temp=1.00 total_env_steps=123310 t=0.20s
Ep 2946: len= 40 白胜 loss=27.0167 temp=1.00 total_env_steps=123350 t=0.18s
Ep 2947: len= 35 黑胜 loss=26.7943 temp=1.00 total_env_steps=123385 t=0.18s
Ep 2948: len= 40 白胜 loss=26.6902 temp=1.00 total_env_steps=123425 t=0.19s
Ep 2949: len= 49 黑胜 loss=26.7655 temp=1.00 total_env_steps=123474 t=0.24s
Ep 2950: len= 25 黑胜 loss=26.8112 temp=1.00 total_env_steps=123499 t=0.13s
Ep 2951: len= 22 白胜 loss=26.5422 temp=1.00 total_env_steps=123521 t=0.13s
Ep 2952: len= 39 黑胜 loss=26.9265 temp=1.00 total_env_steps=123560 t=0.19s
Ep 2953: len= 51 黑胜 loss=26.6629 temp=1.00 total_env_steps=123611 t=0.26s
Ep 2954: len= 56 白胜 loss=26.6810 temp=1.00 total_env_steps=123667 t=0.25s
Ep 2955: len= 37 黑胜 loss=26.3463 temp=1.00 total_env_steps=123704 t=0.20s
Ep 2956: len= 17 黑胜 loss=26.7152 temp=1.00 total_env_steps=123721 t=0.11s
Ep 2957: len= 44 白胜 loss=26.8289 temp=1.00 total_env_steps=123765 t=0.20s
Ep 2958: len= 54 白胜 loss=26.9412 temp=1.00 total_env_steps=123819 t=0.22s
Ep 2959: len= 38 白胜 loss=26.8349 temp=1.00 total_env_steps=123857 t=0.17s
Ep 2960: len= 32 白胜 loss=26.6412 temp=1.00 total_env_steps=123889 t=0.15s
Ep 2961: len= 30 白胜 loss=26.7822 temp=1.00 total_env_steps=123919 t=0.17s
Ep 2962: len= 41 黑胜 loss=26.4836 temp=1.00 total_env_steps=123960 t=0.18s
Ep 2963: len= 55 黑胜 loss=26.9037 temp=1.00 total_env_steps=124015 t=0.23s
Ep 2964: len= 62 白胜 loss=26.4301 temp=1.00 total_env_steps=124077 t=0.24s
Ep 2965: len= 37 黑胜 loss=26.8606 temp=1.00 total_env_steps=124114 t=0.17s
Ep 2966: len= 43 黑胜 loss=26.3052 temp=1.00 total_env_steps=124157 t=0.19s
Ep 2967: len= 29 黑胜 loss=26.3768 temp=1.00 total_env_steps=124186 t=0.14s
Ep 2968: len= 49 黑胜 loss=26.4639 temp=1.00 total_env_steps=124235 t=0.20s
Ep 2969: len= 33 黑胜 loss=26.9422 temp=1.00 total_env_steps=124268 t=0.16s
Ep 2970: len= 27 黑胜 loss=26.9825 temp=1.00 total_env_steps=124295 t=0.13s
Ep 2971: len= 66 白胜 loss=27.0133 temp=1.00 total_env_steps=124361 t=0.28s
Ep 2972: len= 27 黑胜 loss=26.7044 temp=1.00 total_env_steps=124388 t=0.13s
Ep 2973: len= 51 黑胜 loss=26.9102 temp=1.00 total_env_steps=124439 t=0.22s
Ep 2974: len= 37 黑胜 loss=26.7766 temp=1.00 total_env_steps=124476 t=0.16s
Ep 2975: len= 37 黑胜 loss=26.7780 temp=1.00 total_env_steps=124513 t=0.19s
Ep 2976: len= 35 黑胜 loss=27.2102 temp=1.00 total_env_steps=124548 t=0.17s
Ep 2977: len= 28 白胜 loss=26.7673 temp=1.00 total_env_steps=124576 t=0.14s
Ep 2978: len= 23 黑胜 loss=26.7090 temp=1.00 total_env_steps=124599 t=0.13s
Ep 2979: len= 39 黑胜 loss=26.8672 temp=1.00 total_env_steps=124638 t=0.17s
Ep 2980: len= 36 白胜 loss=26.8513 temp=1.00 total_env_steps=124674 t=0.17s
Ep 2981: len= 44 白胜 loss=26.3480 temp=1.00 total_env_steps=124718 t=0.19s
Ep 2982: len= 40 白胜 loss=26.7093 temp=1.00 total_env_steps=124758 t=0.19s
Ep 2983: len= 46 白胜 loss=26.7368 temp=1.00 total_env_steps=124804 t=0.21s
Ep 2984: len= 30 白胜 loss=26.7728 temp=1.00 total_env_steps=124834 t=0.15s
Ep 2985: len= 26 白胜 loss=26.5677 temp=1.00 total_env_steps=124860 t=0.14s
Ep 2986: len= 41 黑胜 loss=26.6189 temp=1.00 total_env_steps=124901 t=0.21s
Ep 2987: len= 35 黑胜 loss=26.8314 temp=1.00 total_env_steps=124936 t=0.17s
Ep 2988: len= 32 白胜 loss=26.3955 temp=1.00 total_env_steps=124968 t=0.15s
Ep 2989: len= 33 黑胜 loss=26.6965 temp=1.00 total_env_steps=125001 t=0.15s
Ep 2990: len= 30 白胜 loss=26.9614 temp=1.00 total_env_steps=125031 t=0.15s
Ep 2991: len= 55 黑胜 loss=26.6619 temp=1.00 total_env_steps=125086 t=0.25s
Ep 2992: len= 34 白胜 loss=26.8399 temp=1.00 total_env_steps=125120 t=0.16s
Ep 2993: len= 39 黑胜 loss=26.6988 temp=1.00 total_env_steps=125159 t=0.20s
Ep 2994: len= 49 黑胜 loss=26.6019 temp=1.00 total_env_steps=125208 t=0.23s
Ep 2995: len= 47 黑胜 loss=26.7554 temp=1.00 total_env_steps=125255 t=0.21s
Ep 2996: len= 29 黑胜 loss=26.6810 temp=1.00 total_env_steps=125284 t=0.17s
Ep 2997: len= 49 黑胜 loss=27.1017 temp=1.00 total_env_steps=125333 t=0.23s
Ep 2998: len= 40 白胜 loss=26.3815 temp=1.00 total_env_steps=125373 t=0.21s
Ep 2999: len= 22 白胜 loss=26.4626 temp=1.00 total_env_steps=125395 t=0.13s
Ep 3000: len= 51 黑胜 loss=26.5715 temp=1.00 total_env_steps=125446 t=0.22s
  eval vs Gomoku-random-v0: win_rate=1.00 mean_return=1.00（20 局，total_env_steps=125446）
Ep 3001: len= 53 黑胜 loss=26.7892 temp=1.00 total_env_steps=125499 t=0.25s
Ep 3002: len= 14 白胜 loss=26.7886 temp=1.00 total_env_steps=125513 t=0.11s
Ep 3003: len= 46 白胜 loss=26.7399 temp=1.00 total_env_steps=125559 t=0.21s
Ep 3004: len= 47 黑胜 loss=26.2561 temp=1.00 total_env_steps=125606 t=0.20s
Ep 3005: len= 42 白胜 loss=27.0126 temp=1.00 total_env_steps=125648 t=0.18s
Ep 3006: len= 38 白胜 loss=26.5298 temp=1.00 total_env_steps=125686 t=0.18s
Ep 3007: len= 27 黑胜 loss=27.0146 temp=1.00 total_env_steps=125713 t=0.15s
Ep 3008: len= 40 白胜 loss=26.6466 temp=1.00 total_env_steps=125753 t=0.19s
Ep 3009: len= 32 白胜 loss=27.2564 temp=1.00 total_env_steps=125785 t=0.17s
Ep 3010: len= 15 黑胜 loss=26.6175 temp=1.00 total_env_steps=125800 t=0.11s
Ep 3011: len= 55 黑胜 loss=26.5569 temp=1.00 total_env_steps=125855 t=0.20s
Ep 3012: len= 41 黑胜 loss=26.5459 temp=1.00 total_env_steps=125896 t=0.17s
Ep 3013: len= 39 黑胜 loss=26.4383 temp=1.00 total_env_steps=125935 t=0.19s
Ep 3014: len= 31 黑胜 loss=26.4167 temp=1.00 total_env_steps=125966 t=0.17s
Ep 3015: len= 51 黑胜 loss=27.0709 temp=1.00 total_env_steps=126017 t=0.20s
Ep 3016: len= 23 黑胜 loss=26.4057 temp=1.00 total_env_steps=126040 t=0.13s
Ep 3017: len= 50 白胜 loss=27.1508 temp=1.00 total_env_steps=126090 t=0.21s
Ep 3018: len= 49 黑胜 loss=26.7930 temp=1.00 total_env_steps=126139 t=0.20s
Ep 3019: len= 38 白胜 loss=26.9677 temp=1.00 total_env_steps=126177 t=0.17s
Ep 3020: len= 21 黑胜 loss=26.3022 temp=1.00 total_env_steps=126198 t=0.13s
Ep 3021: len= 49 黑胜 loss=26.7622 temp=1.00 total_env_steps=126247 t=0.25s
Ep 3022: len= 62 白胜 loss=26.9421 temp=1.00 total_env_steps=126309 t=0.28s
Ep 3023: len= 48 白胜 loss=26.5775 temp=1.00 total_env_steps=126357 t=0.26s
Ep 3024: len= 50 白胜 loss=27.0392 temp=1.00 total_env_steps=126407 t=0.26s
Ep 3025: len= 31 黑胜 loss=26.7366 temp=1.00 total_env_steps=126438 t=0.18s
Ep 3026: len= 30 白胜 loss=26.5338 temp=1.00 total_env_steps=126468 t=0.15s
Ep 3027: len= 40 白胜 loss=26.6946 temp=1.00 total_env_steps=126508 t=0.21s
Ep 3028: len= 48 白胜 loss=26.8464 temp=1.00 total_env_steps=126556 t=0.23s
Ep 3029: len= 75 黑胜 loss=26.6654 temp=1.00 total_env_steps=126631 t=0.31s
Ep 3030: len= 30 白胜 loss=26.3821 temp=1.00 total_env_steps=126661 t=0.14s
Ep 3031: len= 43 黑胜 loss=26.3475 temp=1.00 total_env_steps=126704 t=0.23s
Ep 3032: len= 52 白胜 loss=26.4995 temp=1.00 total_env_steps=126756 t=0.25s
Ep 3033: len= 43 黑胜 loss=26.5116 temp=1.00 total_env_steps=126799 t=0.20s
Ep 3034: len= 57 黑胜 loss=26.5602 temp=1.00 total_env_steps=126856 t=0.21s
Ep 3035: len= 42 白胜 loss=26.4501 temp=1.00 total_env_steps=126898 t=0.18s
Ep 3036: len= 45 黑胜 loss=26.7446 temp=1.00 total_env_steps=126943 t=0.19s
Ep 3037: len= 22 白胜 loss=26.4263 temp=1.00 total_env_steps=126965 t=0.13s
Ep 3038: len= 50 白胜 loss=26.6725 temp=1.00 total_env_steps=127015 t=0.26s
Ep 3039: len= 48 白胜 loss=26.3686 temp=1.00 total_env_steps=127063 t=0.23s
Ep 3040: len= 45 黑胜 loss=26.9242 temp=1.00 total_env_steps=127108 t=0.21s
Ep 3041: len= 31 黑胜 loss=27.1052 temp=1.00 total_env_steps=127139 t=0.15s
Ep 3042: len= 50 白胜 loss=26.7046 temp=1.00 total_env_steps=127189 t=0.26s
Ep 3043: len= 43 黑胜 loss=26.8900 temp=1.00 total_env_steps=127232 t=0.25s
Ep 3044: len= 43 黑胜 loss=26.4046 temp=1.00 total_env_steps=127275 t=0.22s
Ep 3045: len= 41 黑胜 loss=26.4858 temp=1.00 total_env_steps=127316 t=0.21s
Ep 3046: len= 28 白胜 loss=26.6617 temp=1.00 total_env_steps=127344 t=0.14s
Ep 3047: len= 36 白胜 loss=27.0495 temp=1.00 total_env_steps=127380 t=0.17s
Ep 3048: len= 51 黑胜 loss=26.5562 temp=1.00 total_env_steps=127431 t=0.24s
Ep 3049: len= 41 黑胜 loss=26.6993 temp=1.00 total_env_steps=127472 t=0.19s
Ep 3050: len= 26 白胜 loss=27.0608 temp=1.00 total_env_steps=127498 t=0.15s
Ep 3051: len= 32 白胜 loss=26.7158 temp=1.00 total_env_steps=127530 t=0.17s
Ep 3052: len= 55 黑胜 loss=26.4972 temp=1.00 total_env_steps=127585 t=0.27s
Ep 3053: len= 26 白胜 loss=26.5076 temp=1.00 total_env_steps=127611 t=0.14s
Ep 3054: len= 52 白胜 loss=26.5992 temp=1.00 total_env_steps=127663 t=0.20s
Ep 3055: len= 39 黑胜 loss=26.4139 temp=1.00 total_env_steps=127702 t=0.17s
Ep 3056: len= 47 黑胜 loss=26.4071 temp=1.00 total_env_steps=127749 t=0.20s
Ep 3057: len= 53 黑胜 loss=26.4749 temp=1.00 total_env_steps=127802 t=0.19s
Ep 3058: len= 25 黑胜 loss=26.6772 temp=1.00 total_env_steps=127827 t=0.13s
Ep 3059: len= 29 黑胜 loss=26.6425 temp=1.00 total_env_steps=127856 t=0.15s
Ep 3060: len= 41 黑胜 loss=26.5410 temp=1.00 total_env_steps=127897 t=0.20s
Ep 3061: len= 27 黑胜 loss=26.5895 temp=1.00 total_env_steps=127924 t=0.14s
Ep 3062: len= 77 黑胜 loss=26.9026 temp=1.00 total_env_steps=128001 t=0.26s
Ep 3063: len= 53 黑胜 loss=26.7514 temp=1.00 total_env_steps=128054 t=0.22s
Ep 3064: len= 48 白胜 loss=26.8423 temp=1.00 total_env_steps=128102 t=0.22s
Ep 3065: len= 47 黑胜 loss=26.7575 temp=1.00 total_env_steps=128149 t=0.22s
Ep 3066: len= 34 白胜 loss=26.2765 temp=1.00 total_env_steps=128183 t=0.16s
Ep 3067: len= 32 白胜 loss=26.6816 temp=1.00 total_env_steps=128215 t=0.16s
Ep 3068: len= 47 黑胜 loss=27.0038 temp=1.00 total_env_steps=128262 t=0.23s
Ep 3069: len= 40 白胜 loss=26.8861 temp=1.00 total_env_steps=128302 t=0.17s
Ep 3070: len= 35 黑胜 loss=26.7736 temp=1.00 total_env_steps=128337 t=0.18s
Ep 3071: len= 23 黑胜 loss=26.6322 temp=1.00 total_env_steps=128360 t=0.13s
Ep 3072: len= 30 白胜 loss=26.4755 temp=1.00 total_env_steps=128390 t=0.15s
Ep 3073: len= 39 黑胜 loss=26.5440 temp=1.00 total_env_steps=128429 t=0.17s
Ep 3074: len= 41 黑胜 loss=26.2892 temp=1.00 total_env_steps=128470 t=0.19s
Ep 3075: len= 42 白胜 loss=26.5879 temp=1.00 total_env_steps=128512 t=0.21s
Ep 3076: len= 39 黑胜 loss=26.5218 temp=1.00 total_env_steps=128551 t=0.17s
Ep 3077: len= 36 白胜 loss=26.6522 temp=1.00 total_env_steps=128587 t=0.16s
Ep 3078: len= 50 白胜 loss=26.5048 temp=1.00 total_env_steps=128637 t=0.20s
Ep 3079: len= 37 黑胜 loss=26.8444 temp=1.00 total_env_steps=128674 t=0.19s
Ep 3080: len= 19 黑胜 loss=26.4139 temp=1.00 total_env_steps=128693 t=0.12s
Ep 3081: len= 40 白胜 loss=26.4074 temp=1.00 total_env_steps=128733 t=0.18s
Ep 3082: len= 24 白胜 loss=26.3593 temp=1.00 total_env_steps=128757 t=0.13s
Ep 3083: len= 41 黑胜 loss=26.4856 temp=1.00 total_env_steps=128798 t=0.18s
Ep 3084: len= 41 黑胜 loss=26.4737 temp=1.00 total_env_steps=128839 t=0.17s
Ep 3085: len= 24 白胜 loss=26.2807 temp=1.00 total_env_steps=128863 t=0.13s
Ep 3086: len= 43 黑胜 loss=26.7335 temp=1.00 total_env_steps=128906 t=0.18s
Ep 3087: len= 27 黑胜 loss=27.0282 temp=1.00 total_env_steps=128933 t=0.14s
Ep 3088: len= 36 白胜 loss=26.3226 temp=1.00 total_env_steps=128969 t=0.18s
Ep 3089: len= 30 白胜 loss=26.7871 temp=1.00 total_env_steps=128999 t=0.17s
Ep 3090: len= 81 平局 loss=26.3780 temp=1.00 total_env_steps=129080 t=0.27s
Ep 3091: len= 38 白胜 loss=26.7391 temp=1.00 total_env_steps=129118 t=0.17s
Ep 3092: len= 40 白胜 loss=26.9657 temp=1.00 total_env_steps=129158 t=0.19s
Ep 3093: len= 36 白胜 loss=26.7379 temp=1.00 total_env_steps=129194 t=0.16s
Ep 3094: len= 29 黑胜 loss=26.8168 temp=1.00 total_env_steps=129223 t=0.14s
Ep 3095: len= 35 黑胜 loss=26.4975 temp=1.00 total_env_steps=129258 t=0.15s
Ep 3096: len= 45 黑胜 loss=26.9103 temp=1.00 total_env_steps=129303 t=0.19s
Ep 3097: len= 14 白胜 loss=26.8259 temp=1.00 total_env_steps=129317 t=0.11s
Ep 3098: len= 47 黑胜 loss=26.3994 temp=1.00 total_env_steps=129364 t=0.18s
Ep 3099: len= 41 黑胜 loss=26.7512 temp=1.00 total_env_steps=129405 t=0.17s
Ep 3100: len= 32 白胜 loss=26.6012 temp=1.00 total_env_steps=129437 t=0.17s
Ep 3101: len= 24 白胜 loss=26.7178 temp=1.00 total_env_steps=129461 t=0.13s
Ep 3102: len= 47 黑胜 loss=26.7271 temp=1.00 total_env_steps=129508 t=0.21s
Ep 3103: len= 45 黑胜 loss=26.6635 temp=1.00 total_env_steps=129553 t=0.20s
Ep 3104: len= 59 黑胜 loss=26.6442 temp=1.00 total_env_steps=129612 t=0.24s
Ep 3105: len= 53 黑胜 loss=26.3316 temp=1.00 total_env_steps=129665 t=0.21s
Ep 3106: len= 71 黑胜 loss=26.7070 temp=1.00 total_env_steps=129736 t=0.25s
Ep 3107: len= 34 白胜 loss=26.7987 temp=1.00 total_env_steps=129770 t=0.16s
Ep 3108: len= 51 黑胜 loss=26.9259 temp=1.00 total_env_steps=129821 t=0.20s
Ep 3109: len= 42 白胜 loss=26.4545 temp=1.00 total_env_steps=129863 t=0.19s
Ep 3110: len= 48 白胜 loss=26.6517 temp=1.00 total_env_steps=129911 t=0.23s
Ep 3111: len= 61 黑胜 loss=26.5244 temp=1.00 total_env_steps=129972 t=0.23s
Ep 3112: len= 37 黑胜 loss=26.8189 temp=1.00 total_env_steps=130009 t=0.17s
Ep 3113: len= 66 白胜 loss=26.9773 temp=1.00 total_env_steps=130075 t=0.24s
Ep 3114: len= 31 黑胜 loss=26.9871 temp=1.00 total_env_steps=130106 t=0.15s
Ep 3115: len= 36 白胜 loss=26.5759 temp=1.00 total_env_steps=130142 t=0.18s
Ep 3116: len= 58 白胜 loss=26.8147 temp=1.00 total_env_steps=130200 t=0.23s
Ep 3117: len= 35 黑胜 loss=26.2264 temp=1.00 total_env_steps=130235 t=0.16s
Ep 3118: len= 43 黑胜 loss=26.9907 temp=1.00 total_env_steps=130278 t=0.20s
Ep 3119: len= 33 黑胜 loss=26.7438 temp=1.00 total_env_steps=130311 t=0.16s
Ep 3120: len= 46 白胜 loss=26.8461 temp=1.00 total_env_steps=130357 t=0.19s
Ep 3121: len= 43 黑胜 loss=26.6664 temp=1.00 total_env_steps=130400 t=0.19s
Ep 3122: len= 32 白胜 loss=26.4033 temp=1.00 total_env_steps=130432 t=0.15s
Ep 3123: len= 34 白胜 loss=26.7826 temp=1.00 total_env_steps=130466 t=0.16s
Ep 3124: len= 43 黑胜 loss=26.4594 temp=1.00 total_env_steps=130509 t=0.19s
Ep 3125: len= 47 黑胜 loss=26.9418 temp=1.00 total_env_steps=130556 t=0.19s
Ep 3126: len= 48 白胜 loss=26.4510 temp=1.00 total_env_steps=130604 t=0.19s
Ep 3127: len= 52 白胜 loss=26.5420 temp=1.00 total_env_steps=130656 t=0.22s
Ep 3128: len= 41 黑胜 loss=26.4156 temp=1.00 total_env_steps=130697 t=0.18s
Ep 3129: len= 36 白胜 loss=26.4879 temp=1.00 total_env_steps=130733 t=0.18s
Ep 3130: len= 55 黑胜 loss=26.4878 temp=1.00 total_env_steps=130788 t=0.23s
Ep 3131: len= 35 黑胜 loss=26.3979 temp=1.00 total_env_steps=130823 t=0.16s
Ep 3132: len= 41 黑胜 loss=26.3662 temp=1.00 total_env_steps=130864 t=0.19s
Ep 3133: len= 52 白胜 loss=26.6502 temp=1.00 total_env_steps=130916 t=0.22s
Ep 3134: len= 28 白胜 loss=26.2212 temp=1.00 total_env_steps=130944 t=0.14s
Ep 3135: len= 50 白胜 loss=26.4851 temp=1.00 total_env_steps=130994 t=0.22s
Ep 3136: len= 43 黑胜 loss=26.6715 temp=1.00 total_env_steps=131037 t=0.19s
Ep 3137: len= 55 黑胜 loss=26.8798 temp=1.00 total_env_steps=131092 t=0.24s
Ep 3138: len= 53 黑胜 loss=26.4198 temp=1.00 total_env_steps=131145 t=0.23s
Ep 3139: len= 31 黑胜 loss=26.4041 temp=1.00 total_env_steps=131176 t=0.19s
Ep 3140: len= 73 黑胜 loss=26.8243 temp=1.00 total_env_steps=131249 t=0.27s
Ep 3141: len= 43 黑胜 loss=26.8297 temp=1.00 total_env_steps=131292 t=0.19s
Ep 3142: len= 66 白胜 loss=26.1069 temp=1.00 total_env_steps=131358 t=0.25s
Ep 3143: len= 49 黑胜 loss=26.7379 temp=1.00 total_env_steps=131407 t=0.22s
Ep 3144: len= 60 白胜 loss=26.8095 temp=1.00 total_env_steps=131467 t=0.23s
Ep 3145: len= 54 白胜 loss=26.6072 temp=1.00 total_env_steps=131521 t=0.23s
Ep 3146: len= 45 黑胜 loss=27.0972 temp=1.00 total_env_steps=131566 t=0.21s
Ep 3147: len= 32 白胜 loss=26.5083 temp=1.00 total_env_steps=131598 t=0.17s
Ep 3148: len= 49 黑胜 loss=26.9233 temp=1.00 total_env_steps=131647 t=0.21s
Ep 3149: len= 40 白胜 loss=26.9438 temp=1.00 total_env_steps=131687 t=0.21s
Ep 3150: len= 34 白胜 loss=26.7052 temp=1.00 total_env_steps=131721 t=0.16s
Ep 3151: len= 21 黑胜 loss=26.3889 temp=1.00 total_env_steps=131742 t=0.13s
Ep 3152: len= 52 白胜 loss=26.8215 temp=1.00 total_env_steps=131794 t=0.22s
Ep 3153: len= 52 白胜 loss=26.8485 temp=1.00 total_env_steps=131846 t=0.22s
Ep 3154: len= 50 白胜 loss=26.6559 temp=1.00 total_env_steps=131896 t=0.21s
Ep 3155: len= 36 白胜 loss=26.7209 temp=1.00 total_env_steps=131932 t=0.17s
Ep 3156: len= 29 黑胜 loss=26.5850 temp=1.00 total_env_steps=131961 t=0.15s
Ep 3157: len= 35 黑胜 loss=26.3369 temp=1.00 total_env_steps=131996 t=0.18s
Ep 3158: len= 51 黑胜 loss=26.7007 temp=1.00 total_env_steps=132047 t=0.20s
Ep 3159: len= 34 白胜 loss=26.7341 temp=1.00 total_env_steps=132081 t=0.16s
Ep 3160: len= 33 黑胜 loss=27.2417 temp=1.00 total_env_steps=132114 t=0.16s
Ep 3161: len= 37 黑胜 loss=26.7279 temp=1.00 total_env_steps=132151 t=0.17s
Ep 3162: len= 42 白胜 loss=26.7756 temp=1.00 total_env_steps=132193 t=0.20s
Ep 3163: len= 53 黑胜 loss=26.7236 temp=1.00 total_env_steps=132246 t=0.22s
Ep 3164: len= 49 黑胜 loss=26.8134 temp=1.00 total_env_steps=132295 t=0.20s
Ep 3165: len= 77 黑胜 loss=26.7138 temp=1.00 total_env_steps=132372 t=0.27s
Ep 3166: len= 40 白胜 loss=26.6883 temp=1.00 total_env_steps=132412 t=0.18s
Ep 3167: len= 44 白胜 loss=26.9575 temp=1.00 total_env_steps=132456 t=0.18s
Ep 3168: len= 37 黑胜 loss=26.7188 temp=1.00 total_env_steps=132493 t=0.16s
Ep 3169: len= 37 黑胜 loss=26.4241 temp=1.00 total_env_steps=132530 t=0.17s
Ep 3170: len= 37 黑胜 loss=26.7296 temp=1.00 total_env_steps=132567 t=0.20s
Ep 3171: len= 46 白胜 loss=26.5877 temp=1.00 total_env_steps=132613 t=0.19s
Ep 3172: len= 47 黑胜 loss=26.0850 temp=1.00 total_env_steps=132660 t=0.19s
Ep 3173: len= 32 白胜 loss=26.6035 temp=1.00 total_env_steps=132692 t=0.16s
Ep 3174: len= 35 黑胜 loss=26.7729 temp=1.00 total_env_steps=132727 t=0.18s
Ep 3175: len= 39 黑胜 loss=26.2885 temp=1.00 total_env_steps=132766 t=0.17s
Ep 3176: len= 38 白胜 loss=26.7024 temp=1.00 total_env_steps=132804 t=0.18s
Ep 3177: len= 34 白胜 loss=26.6539 temp=1.00 total_env_steps=132838 t=0.18s
Ep 3178: len= 32 白胜 loss=26.4893 temp=1.00 total_env_steps=132870 t=0.17s
Ep 3179: len= 41 黑胜 loss=27.0027 temp=1.00 total_env_steps=132911 t=0.21s
Ep 3180: len= 47 黑胜 loss=26.2123 temp=1.00 total_env_steps=132958 t=0.19s
Ep 3181: len= 43 黑胜 loss=27.1037 temp=1.00 total_env_steps=133001 t=0.19s
Ep 3182: len= 56 白胜 loss=26.8255 temp=1.00 total_env_steps=133057 t=0.23s
Ep 3183: len= 33 黑胜 loss=26.3947 temp=1.00 total_env_steps=133090 t=0.19s
Ep 3184: len= 41 黑胜 loss=26.9318 temp=1.00 total_env_steps=133131 t=0.18s
Ep 3185: len= 36 白胜 loss=26.5822 temp=1.00 total_env_steps=133167 t=0.18s
Ep 3186: len= 40 白胜 loss=26.3114 temp=1.00 total_env_steps=133207 t=0.20s
Ep 3187: len= 57 黑胜 loss=26.9281 temp=1.00 total_env_steps=133264 t=0.28s
Ep 3188: len= 57 黑胜 loss=26.8600 temp=1.00 total_env_steps=133321 t=0.24s
Ep 3189: len= 41 黑胜 loss=26.9069 temp=1.00 total_env_steps=133362 t=0.20s
Ep 3190: len= 29 黑胜 loss=26.7210 temp=1.00 total_env_steps=133391 t=0.16s
Ep 3191: len= 62 白胜 loss=27.2538 temp=1.00 total_env_steps=133453 t=0.34s
Ep 3192: len= 43 黑胜 loss=26.4013 temp=1.00 total_env_steps=133496 t=0.24s
Ep 3193: len= 40 白胜 loss=26.8849 temp=1.00 total_env_steps=133536 t=0.19s
Ep 3194: len= 58 白胜 loss=26.2452 temp=1.00 total_env_steps=133594 t=0.27s
Ep 3195: len= 55 黑胜 loss=26.7209 temp=1.00 total_env_steps=133649 t=0.29s
Ep 3196: len= 39 黑胜 loss=26.8685 temp=1.00 total_env_steps=133688 t=0.18s
Ep 3197: len= 48 白胜 loss=26.6290 temp=1.00 total_env_steps=133736 t=0.23s
Ep 3198: len= 30 白胜 loss=26.4709 temp=1.00 total_env_steps=133766 t=0.19s
Ep 3199: len= 46 白胜 loss=26.6623 temp=1.00 total_env_steps=133812 t=0.22s
Ep 3200: len= 43 黑胜 loss=26.6788 temp=1.00 total_env_steps=133855 t=0.20s
Ep 3201: len= 24 白胜 loss=26.6341 temp=1.00 total_env_steps=133879 t=0.13s
Ep 3202: len= 31 黑胜 loss=26.9020 temp=1.00 total_env_steps=133910 t=0.16s
Ep 3203: len= 46 白胜 loss=26.7213 temp=1.00 total_env_steps=133956 t=0.19s
Ep 3204: len= 50 白胜 loss=26.7929 temp=1.00 total_env_steps=134006 t=0.20s
Ep 3205: len= 30 白胜 loss=26.6040 temp=1.00 total_env_steps=134036 t=0.15s
Ep 3206: len= 25 黑胜 loss=26.5376 temp=1.00 total_env_steps=134061 t=0.13s
Ep 3207: len= 35 黑胜 loss=26.7239 temp=1.00 total_env_steps=134096 t=0.14s
Ep 3208: len= 39 黑胜 loss=26.4927 temp=1.00 total_env_steps=134135 t=0.16s
Ep 3209: len= 44 白胜 loss=26.6994 temp=1.00 total_env_steps=134179 t=0.18s
Ep 3210: len= 38 白胜 loss=27.1388 temp=1.00 total_env_steps=134217 t=0.17s
Ep 3211: len= 54 白胜 loss=26.8227 temp=1.00 total_env_steps=134271 t=0.20s
Ep 3212: len= 48 白胜 loss=26.4755 temp=1.00 total_env_steps=134319 t=0.19s
Ep 3213: len= 31 黑胜 loss=26.5856 temp=1.00 total_env_steps=134350 t=0.14s
Ep 3214: len= 59 黑胜 loss=26.9742 temp=1.00 total_env_steps=134409 t=0.21s
Ep 3215: len= 42 白胜 loss=26.4007 temp=1.00 total_env_steps=134451 t=0.18s
Ep 3216: len= 42 白胜 loss=26.7438 temp=1.00 total_env_steps=134493 t=0.17s
Ep 3217: len= 48 白胜 loss=26.2420 temp=1.00 total_env_steps=134541 t=0.19s
Ep 3218: len= 43 黑胜 loss=26.7481 temp=1.00 total_env_steps=134584 t=0.19s
Ep 3219: len= 27 黑胜 loss=26.7770 temp=1.00 total_env_steps=134611 t=0.15s
Ep 3220: len= 40 白胜 loss=26.9770 temp=1.00 total_env_steps=134651 t=0.18s
Ep 3221: len= 54 白胜 loss=26.5984 temp=1.00 total_env_steps=134705 t=0.21s
Ep 3222: len= 23 黑胜 loss=26.9901 temp=1.00 total_env_steps=134728 t=0.13s
Ep 3223: len= 78 白胜 loss=26.6759 temp=1.00 total_env_steps=134806 t=0.26s
Ep 3224: len= 58 白胜 loss=26.8900 temp=1.00 total_env_steps=134864 t=0.20s
Ep 3225: len= 51 黑胜 loss=26.7299 temp=1.00 total_env_steps=134915 t=0.18s
Ep 3226: len= 45 黑胜 loss=26.8810 temp=1.00 total_env_steps=134960 t=0.18s
Ep 3227: len= 37 黑胜 loss=26.8448 temp=1.00 total_env_steps=134997 t=0.17s
Ep 3228: len= 25 黑胜 loss=26.7229 temp=1.00 total_env_steps=135022 t=0.12s
Ep 3229: len= 41 黑胜 loss=26.6469 temp=1.00 total_env_steps=135063 t=0.19s
Ep 3230: len= 39 黑胜 loss=26.6571 temp=1.00 total_env_steps=135102 t=0.17s
Ep 3231: len= 38 白胜 loss=27.0994 temp=1.00 total_env_steps=135140 t=0.15s
Ep 3232: len= 35 黑胜 loss=26.8102 temp=1.00 total_env_steps=135175 t=0.15s
Ep 3233: len= 28 白胜 loss=26.8527 temp=1.00 total_env_steps=135203 t=0.15s
Ep 3234: len= 44 白胜 loss=26.9092 temp=1.00 total_env_steps=135247 t=0.19s
Ep 3235: len= 22 白胜 loss=26.4514 temp=1.00 total_env_steps=135269 t=0.13s
Ep 3236: len= 35 黑胜 loss=26.3931 temp=1.00 total_env_steps=135304 t=0.16s
Ep 3237: len= 36 白胜 loss=26.9785 temp=1.00 total_env_steps=135340 t=0.15s
Ep 3238: len= 26 白胜 loss=26.7932 temp=1.00 total_env_steps=135366 t=0.14s
Ep 3239: len= 34 白胜 loss=26.8502 temp=1.00 total_env_steps=135400 t=0.15s
Ep 3240: len= 44 白胜 loss=26.4463 temp=1.00 total_env_steps=135444 t=0.18s
Ep 3241: len= 33 黑胜 loss=26.7681 temp=1.00 total_env_steps=135477 t=0.16s
Ep 3242: len= 34 白胜 loss=26.6555 temp=1.00 total_env_steps=135511 t=0.16s
Ep 3243: len= 41 黑胜 loss=26.8972 temp=1.00 total_env_steps=135552 t=0.19s
Ep 3244: len= 28 白胜 loss=26.6702 temp=1.00 total_env_steps=135580 t=0.14s
Ep 3245: len= 32 白胜 loss=26.4526 temp=1.00 total_env_steps=135612 t=0.16s
Ep 3246: len= 37 黑胜 loss=26.5765 temp=1.00 total_env_steps=135649 t=0.17s
Ep 3247: len= 51 黑胜 loss=26.8223 temp=1.00 total_env_steps=135700 t=0.20s
Ep 3248: len= 30 白胜 loss=26.5218 temp=1.00 total_env_steps=135730 t=0.14s
Ep 3249: len= 37 黑胜 loss=26.8846 temp=1.00 total_env_steps=135767 t=0.16s
Ep 3250: len= 28 白胜 loss=27.1875 temp=1.00 total_env_steps=135795 t=0.15s
Ep 3251: len= 41 黑胜 loss=26.8962 temp=1.00 total_env_steps=135836 t=0.18s
Ep 3252: len= 41 黑胜 loss=26.7667 temp=1.00 total_env_steps=135877 t=0.17s
Ep 3253: len= 38 白胜 loss=26.8419 temp=1.00 total_env_steps=135915 t=0.19s
Ep 3254: len= 50 白胜 loss=26.4292 temp=1.00 total_env_steps=135965 t=0.20s
Ep 3255: len= 42 白胜 loss=26.5321 temp=1.00 total_env_steps=136007 t=0.18s
Ep 3256: len= 39 黑胜 loss=26.6189 temp=1.00 total_env_steps=136046 t=0.18s
Ep 3257: len= 33 黑胜 loss=26.4478 temp=1.00 total_env_steps=136079 t=0.14s
Ep 3258: len= 45 黑胜 loss=26.9389 temp=1.00 total_env_steps=136124 t=0.17s
Ep 3259: len= 60 白胜 loss=26.8822 temp=1.00 total_env_steps=136184 t=0.21s
Ep 3260: len= 58 白胜 loss=26.6537 temp=1.00 total_env_steps=136242 t=0.21s
Ep 3261: len= 54 白胜 loss=26.6137 temp=1.00 total_env_steps=136296 t=0.20s
Ep 3262: len= 35 黑胜 loss=26.5931 temp=1.00 total_env_steps=136331 t=0.15s
Ep 3263: len= 36 白胜 loss=27.1151 temp=1.00 total_env_steps=136367 t=0.15s
Ep 3264: len= 26 白胜 loss=26.5776 temp=1.00 total_env_steps=136393 t=0.12s
Ep 3265: len= 22 白胜 loss=26.8805 temp=1.00 total_env_steps=136415 t=0.12s
Ep 3266: len= 24 白胜 loss=26.8945 temp=1.00 total_env_steps=136439 t=0.12s
Ep 3267: len= 35 黑胜 loss=26.4141 temp=1.00 total_env_steps=136474 t=0.16s
Ep 3268: len= 46 白胜 loss=26.7144 temp=1.00 total_env_steps=136520 t=0.19s
Ep 3269: len= 31 黑胜 loss=26.7424 temp=1.00 total_env_steps=136551 t=0.15s
Ep 3270: len= 43 黑胜 loss=26.5822 temp=1.00 total_env_steps=136594 t=0.16s
Ep 3271: len= 31 黑胜 loss=26.8646 temp=1.00 total_env_steps=136625 t=0.14s
Ep 3272: len= 51 黑胜 loss=26.9126 temp=1.00 total_env_steps=136676 t=0.19s
Ep 3273: len= 26 白胜 loss=26.4508 temp=1.00 total_env_steps=136702 t=0.13s
Ep 3274: len= 38 白胜 loss=26.8237 temp=1.00 total_env_steps=136740 t=0.15s
Ep 3275: len= 39 黑胜 loss=26.8814 temp=1.00 total_env_steps=136779 t=0.17s
Ep 3276: len= 44 白胜 loss=26.8598 temp=1.00 total_env_steps=136823 t=0.21s
Ep 3277: len= 49 黑胜 loss=26.8350 temp=1.00 total_env_steps=136872 t=0.20s
Ep 3278: len= 44 白胜 loss=27.0833 temp=1.00 total_env_steps=136916 t=0.19s
Ep 3279: len= 27 黑胜 loss=26.5081 temp=1.00 total_env_steps=136943 t=0.14s
Ep 3280: len= 37 黑胜 loss=26.7853 temp=1.00 total_env_steps=136980 t=0.17s
Ep 3281: len= 55 黑胜 loss=26.6638 temp=1.00 total_env_steps=137035 t=0.20s
Ep 3282: len= 61 黑胜 loss=26.9010 temp=1.00 total_env_steps=137096 t=0.24s
Ep 3283: len= 44 白胜 loss=26.8111 temp=1.00 total_env_steps=137140 t=0.19s
Ep 3284: len= 45 黑胜 loss=26.7062 temp=1.00 total_env_steps=137185 t=0.18s
Ep 3285: len= 31 黑胜 loss=26.7516 temp=1.00 total_env_steps=137216 t=0.13s
Ep 3286: len= 32 白胜 loss=26.8893 temp=1.00 total_env_steps=137248 t=0.14s
Ep 3287: len= 45 黑胜 loss=26.7410 temp=1.00 total_env_steps=137293 t=0.17s
Ep 3288: len= 28 白胜 loss=26.4176 temp=1.00 total_env_steps=137321 t=0.13s
Ep 3289: len= 66 白胜 loss=26.5688 temp=1.00 total_env_steps=137387 t=0.23s
Ep 3290: len= 45 黑胜 loss=26.9195 temp=1.00 total_env_steps=137432 t=0.18s
Ep 3291: len= 33 黑胜 loss=27.0684 temp=1.00 total_env_steps=137465 t=0.15s
Ep 3292: len= 60 白胜 loss=26.6483 temp=1.00 total_env_steps=137525 t=0.23s
Ep 3293: len= 35 黑胜 loss=26.9161 temp=1.00 total_env_steps=137560 t=0.17s
Ep 3294: len= 30 白胜 loss=26.8181 temp=1.00 total_env_steps=137590 t=0.14s
Ep 3295: len= 33 黑胜 loss=26.6249 temp=1.00 total_env_steps=137623 t=0.15s
Ep 3296: len= 29 黑胜 loss=26.9146 temp=1.00 total_env_steps=137652 t=0.15s
Ep 3297: len= 44 白胜 loss=27.1224 temp=1.00 total_env_steps=137696 t=0.20s
Ep 3298: len= 19 黑胜 loss=26.5512 temp=1.00 total_env_steps=137715 t=0.15s
Ep 3299: len= 40 白胜 loss=26.7715 temp=1.00 total_env_steps=137755 t=0.18s
Ep 3300: len= 28 白胜 loss=26.5320 temp=1.00 total_env_steps=137783 t=0.15s
Ep 3301: len= 41 黑胜 loss=27.0684 temp=1.00 total_env_steps=137824 t=0.18s
Ep 3302: len= 48 白胜 loss=26.8607 temp=1.00 total_env_steps=137872 t=0.18s
Ep 3303: len= 65 黑胜 loss=26.6043 temp=1.00 total_env_steps=137937 t=0.21s
Ep 3304: len= 54 白胜 loss=26.8476 temp=1.00 total_env_steps=137991 t=0.19s
Ep 3305: len= 54 白胜 loss=26.8655 temp=1.00 total_env_steps=138045 t=0.20s
Ep 3306: len= 58 白胜 loss=26.6641 temp=1.00 total_env_steps=138103 t=0.23s
Ep 3307: len= 46 白胜 loss=26.9169 temp=1.00 total_env_steps=138149 t=0.16s
Ep 3308: len= 47 黑胜 loss=26.9567 temp=1.00 total_env_steps=138196 t=0.16s
Ep 3309: len= 45 黑胜 loss=26.8158 temp=1.00 total_env_steps=138241 t=0.17s
Ep 3310: len= 68 白胜 loss=26.8277 temp=1.00 total_env_steps=138309 t=0.27s
Ep 3311: len= 32 白胜 loss=26.6259 temp=1.00 total_env_steps=138341 t=0.13s
Ep 3312: len= 29 黑胜 loss=27.2468 temp=1.00 total_env_steps=138370 t=0.12s
Ep 3313: len= 62 白胜 loss=27.1362 temp=1.00 total_env_steps=138432 t=0.20s
Ep 3314: len= 32 白胜 loss=26.7853 temp=1.00 total_env_steps=138464 t=0.13s
Ep 3315: len= 50 白胜 loss=27.0271 temp=1.00 total_env_steps=138514 t=0.17s
Ep 3316: len= 28 白胜 loss=26.8046 temp=1.00 total_env_steps=138542 t=0.14s
Ep 3317: len= 34 白胜 loss=26.7251 temp=1.00 total_env_steps=138576 t=0.15s
Ep 3318: len= 48 白胜 loss=26.4320 temp=1.00 total_env_steps=138624 t=0.18s
Ep 3319: len= 43 黑胜 loss=27.0317 temp=1.00 total_env_steps=138667 t=0.17s
Ep 3320: len= 27 黑胜 loss=27.3426 temp=1.00 total_env_steps=138694 t=0.13s
Ep 3321: len= 43 黑胜 loss=26.8162 temp=1.00 total_env_steps=138737 t=0.17s
Ep 3322: len= 63 黑胜 loss=26.8297 temp=1.00 total_env_steps=138800 t=0.21s
Ep 3323: len= 26 白胜 loss=26.8112 temp=1.00 total_env_steps=138826 t=0.12s
Ep 3324: len= 54 白胜 loss=26.6135 temp=1.00 total_env_steps=138880 t=0.18s
Ep 3325: len= 32 白胜 loss=26.6077 temp=1.00 total_env_steps=138912 t=0.14s
Ep 3326: len= 36 白胜 loss=27.0972 temp=1.00 total_env_steps=138948 t=0.16s
Ep 3327: len= 34 白胜 loss=26.9573 temp=1.00 total_env_steps=138982 t=0.14s
Ep 3328: len= 45 黑胜 loss=26.5615 temp=1.00 total_env_steps=139027 t=0.18s
Ep 3329: len= 42 白胜 loss=26.6307 temp=1.00 total_env_steps=139069 t=0.18s
Ep 3330: len= 29 黑胜 loss=26.4856 temp=1.00 total_env_steps=139098 t=0.14s
Ep 3331: len= 60 白胜 loss=26.9251 temp=1.00 total_env_steps=139158 t=0.20s
Ep 3332: len= 45 黑胜 loss=26.8623 temp=1.00 total_env_steps=139203 t=0.16s
Ep 3333: len= 42 白胜 loss=26.9250 temp=1.00 total_env_steps=139245 t=0.16s
Ep 3334: len= 37 黑胜 loss=27.1968 temp=1.00 total_env_steps=139282 t=0.16s
Ep 3335: len= 48 白胜 loss=26.7056 temp=1.00 total_env_steps=139330 t=0.22s
Ep 3336: len= 36 白胜 loss=26.7495 temp=1.00 total_env_steps=139366 t=0.16s
Ep 3337: len= 44 白胜 loss=27.0572 temp=1.00 total_env_steps=139410 t=0.17s
Ep 3338: len= 48 白胜 loss=26.9410 temp=1.00 total_env_steps=139458 t=0.17s
Ep 3339: len= 48 白胜 loss=26.6839 temp=1.00 total_env_steps=139506 t=0.17s
Ep 3340: len= 50 白胜 loss=26.9162 temp=1.00 total_env_steps=139556 t=0.19s
Ep 3341: len= 40 白胜 loss=26.6415 temp=1.00 total_env_steps=139596 t=0.16s
Ep 3342: len= 39 黑胜 loss=26.6218 temp=1.00 total_env_steps=139635 t=0.17s
Ep 3343: len= 48 白胜 loss=26.8776 temp=1.00 total_env_steps=139683 t=0.23s
Ep 3344: len= 39 黑胜 loss=26.9451 temp=1.00 total_env_steps=139722 t=0.19s
Ep 3345: len= 38 白胜 loss=27.1237 temp=1.00 total_env_steps=139760 t=0.20s
Ep 3346: len= 50 白胜 loss=27.0544 temp=1.00 total_env_steps=139810 t=0.23s
Ep 3347: len= 29 黑胜 loss=26.8833 temp=1.00 total_env_steps=139839 t=0.16s
Ep 3348: len= 24 白胜 loss=26.6471 temp=1.00 total_env_steps=139863 t=0.15s
Ep 3349: len= 42 白胜 loss=26.5850 temp=1.00 total_env_steps=139905 t=0.20s
Ep 3350: len= 40 白胜 loss=26.9659 temp=1.00 total_env_steps=139945 t=0.17s
Ep 3351: len= 46 白胜 loss=26.7787 temp=1.00 total_env_steps=139991 t=0.19s
Ep 3352: len= 81 平局 loss=26.8190 temp=1.00 total_env_steps=140072 t=0.25s
Ep 3353: len= 45 黑胜 loss=27.1146 temp=1.00 total_env_steps=140117 t=0.18s
Ep 3354: len= 35 黑胜 loss=26.7468 temp=1.00 total_env_steps=140152 t=0.15s
Ep 3355: len= 30 白胜 loss=26.8999 temp=1.00 total_env_steps=140182 t=0.15s
Ep 3356: len= 27 黑胜 loss=26.9202 temp=1.00 total_env_steps=140209 t=0.14s
Ep 3357: len= 41 黑胜 loss=26.7591 temp=1.00 total_env_steps=140250 t=0.20s
Ep 3358: len= 23 黑胜 loss=27.0552 temp=1.00 total_env_steps=140273 t=0.13s
Ep 3359: len= 34 白胜 loss=26.9299 temp=1.00 total_env_steps=140307 t=0.16s
Ep 3360: len= 19 黑胜 loss=26.9358 temp=1.00 total_env_steps=140326 t=0.11s
Ep 3361: len= 33 黑胜 loss=27.0655 temp=1.00 total_env_steps=140359 t=0.14s
Ep 3362: len= 28 白胜 loss=26.5181 temp=1.00 total_env_steps=140387 t=0.15s
Ep 3363: len= 49 黑胜 loss=27.1680 temp=1.00 total_env_steps=140436 t=0.20s
Ep 3364: len= 38 白胜 loss=27.0679 temp=1.00 total_env_steps=140474 t=0.14s
Ep 3365: len= 38 白胜 loss=27.0400 temp=1.00 total_env_steps=140512 t=0.16s
Ep 3366: len= 43 黑胜 loss=26.6230 temp=1.00 total_env_steps=140555 t=0.16s
Ep 3367: len= 48 白胜 loss=26.9206 temp=1.00 total_env_steps=140603 t=0.17s
Ep 3368: len= 47 黑胜 loss=26.9672 temp=1.00 total_env_steps=140650 t=0.17s
Ep 3369: len= 32 白胜 loss=26.6501 temp=1.00 total_env_steps=140682 t=0.15s
Ep 3370: len= 36 白胜 loss=26.6765 temp=1.00 total_env_steps=140718 t=0.16s
Ep 3371: len= 48 白胜 loss=26.8017 temp=1.00 total_env_steps=140766 t=0.18s
Ep 3372: len= 37 黑胜 loss=26.5742 temp=1.00 total_env_steps=140803 t=0.14s
Ep 3373: len= 43 黑胜 loss=26.9429 temp=1.00 total_env_steps=140846 t=0.16s
Ep 3374: len= 40 白胜 loss=26.9326 temp=1.00 total_env_steps=140886 t=0.17s
Ep 3375: len= 40 白胜 loss=26.7873 temp=1.00 total_env_steps=140926 t=0.16s
Ep 3376: len= 47 黑胜 loss=26.6581 temp=1.00 total_env_steps=140973 t=0.20s
Ep 3377: len= 41 黑胜 loss=26.3401 temp=1.00 total_env_steps=141014 t=0.16s
Ep 3378: len= 45 黑胜 loss=26.7677 temp=1.00 total_env_steps=141059 t=0.17s
Ep 3379: len= 38 白胜 loss=26.9288 temp=1.00 total_env_steps=141097 t=0.15s
Ep 3380: len= 40 白胜 loss=26.6175 temp=1.00 total_env_steps=141137 t=0.15s
Ep 3381: len= 59 黑胜 loss=27.1686 temp=1.00 total_env_steps=141196 t=0.22s
Ep 3382: len= 47 黑胜 loss=26.7469 temp=1.00 total_env_steps=141243 t=0.18s
Ep 3383: len= 38 白胜 loss=26.8543 temp=1.00 total_env_steps=141281 t=0.16s
Ep 3384: len= 49 黑胜 loss=26.7009 temp=1.00 total_env_steps=141330 t=0.19s
Ep 3385: len= 70 白胜 loss=26.9133 temp=1.00 total_env_steps=141400 t=0.23s
Ep 3386: len= 47 黑胜 loss=26.6092 temp=1.00 total_env_steps=141447 t=0.19s
Ep 3387: len= 44 白胜 loss=27.1331 temp=1.00 total_env_steps=141491 t=0.17s
Ep 3388: len= 68 白胜 loss=26.7928 temp=1.00 total_env_steps=141559 t=0.23s
Ep 3389: len= 33 黑胜 loss=26.7534 temp=1.00 total_env_steps=141592 t=0.14s
Ep 3390: len= 41 黑胜 loss=26.7907 temp=1.00 total_env_steps=141633 t=0.16s
Ep 3391: len= 62 白胜 loss=26.6051 temp=1.00 total_env_steps=141695 t=0.21s
Ep 3392: len= 63 黑胜 loss=26.9373 temp=1.00 total_env_steps=141758 t=0.21s
Ep 3393: len= 39 黑胜 loss=26.7798 temp=1.00 total_env_steps=141797 t=0.19s
Ep 3394: len= 37 黑胜 loss=26.9557 temp=1.00 total_env_steps=141834 t=0.18s
Ep 3395: len= 53 黑胜 loss=26.8545 temp=1.00 total_env_steps=141887 t=0.21s
Ep 3396: len= 37 黑胜 loss=26.8853 temp=1.00 total_env_steps=141924 t=0.18s
Ep 3397: len= 42 白胜 loss=26.6842 temp=1.00 total_env_steps=141966 t=0.22s
Ep 3398: len= 28 白胜 loss=26.6910 temp=1.00 total_env_steps=141994 t=0.16s
Ep 3399: len= 39 黑胜 loss=26.8396 temp=1.00 total_env_steps=142033 t=0.18s
Ep 3400: len= 59 黑胜 loss=26.7487 temp=1.00 total_env_steps=142092 t=0.21s
Ep 3401: len= 41 黑胜 loss=26.8893 temp=1.00 total_env_steps=142133 t=0.16s
Ep 3402: len= 27 黑胜 loss=26.9310 temp=1.00 total_env_steps=142160 t=0.12s
Ep 3403: len= 26 白胜 loss=26.8482 temp=1.00 total_env_steps=142186 t=0.14s
Ep 3404: len= 37 黑胜 loss=27.2555 temp=1.00 total_env_steps=142223 t=0.16s
Ep 3405: len= 47 黑胜 loss=26.9252 temp=1.00 total_env_steps=142270 t=0.19s
Ep 3406: len= 81 平局 loss=26.9552 temp=1.00 total_env_steps=142351 t=0.28s
Ep 3407: len= 25 黑胜 loss=26.8954 temp=1.00 total_env_steps=142376 t=0.13s
Ep 3408: len= 33 黑胜 loss=26.7077 temp=1.00 total_env_steps=142409 t=0.16s
Ep 3409: len= 43 黑胜 loss=27.0407 temp=1.00 total_env_steps=142452 t=0.16s
Ep 3410: len= 23 黑胜 loss=26.8072 temp=1.00 total_env_steps=142475 t=0.13s
Ep 3411: len= 41 黑胜 loss=26.8634 temp=1.00 total_env_steps=142516 t=0.16s
Ep 3412: len= 31 黑胜 loss=26.9313 temp=1.00 total_env_steps=142547 t=0.15s
Ep 3413: len= 42 白胜 loss=27.2654 temp=1.00 total_env_steps=142589 t=0.15s
Ep 3414: len= 46 白胜 loss=27.2637 temp=1.00 total_env_steps=142635 t=0.17s
Ep 3415: len= 37 黑胜 loss=26.9638 temp=1.00 total_env_steps=142672 t=0.17s
Ep 3416: len= 49 黑胜 loss=27.1187 temp=1.00 total_env_steps=142721 t=0.19s
Ep 3417: len= 53 黑胜 loss=27.1261 temp=1.00 total_env_steps=142774 t=0.18s
Ep 3418: len= 49 黑胜 loss=27.0398 temp=1.00 total_env_steps=142823 t=0.18s
Ep 3419: len= 47 黑胜 loss=26.8780 temp=1.00 total_env_steps=142870 t=0.18s
Ep 3420: len= 26 白胜 loss=27.2076 temp=1.00 total_env_steps=142896 t=0.12s
Ep 3421: len= 29 黑胜 loss=26.9502 temp=1.00 total_env_steps=142925 t=0.14s
Ep 3422: len= 54 白胜 loss=27.0744 temp=1.00 total_env_steps=142979 t=0.26s
Ep 3423: len= 52 白胜 loss=26.7722 temp=1.00 total_env_steps=143031 t=0.25s
Ep 3424: len= 50 白胜 loss=27.0240 temp=1.00 total_env_steps=143081 t=0.21s
Ep 3425: len= 27 黑胜 loss=27.2893 temp=1.00 total_env_steps=143108 t=0.14s
Ep 3426: len= 26 白胜 loss=26.5980 temp=1.00 total_env_steps=143134 t=0.13s
Ep 3427: len= 51 黑胜 loss=27.1076 temp=1.00 total_env_steps=143185 t=0.19s
Ep 3428: len= 49 黑胜 loss=27.3100 temp=1.00 total_env_steps=143234 t=0.17s
Ep 3429: len= 36 白胜 loss=26.6429 temp=1.00 total_env_steps=143270 t=0.15s
Ep 3430: len= 37 黑胜 loss=26.9585 temp=1.00 total_env_steps=143307 t=0.14s
Ep 3431: len= 42 白胜 loss=27.0585 temp=1.00 total_env_steps=143349 t=0.15s
Ep 3432: len= 33 黑胜 loss=27.1763 temp=1.00 total_env_steps=143382 t=0.13s
Ep 3433: len= 47 黑胜 loss=26.8334 temp=1.00 total_env_steps=143429 t=0.17s
Ep 3434: len= 48 白胜 loss=26.4654 temp=1.00 total_env_steps=143477 t=0.17s
Ep 3435: len= 45 黑胜 loss=26.5568 temp=1.00 total_env_steps=143522 t=0.16s
Ep 3436: len= 66 白胜 loss=27.0789 temp=1.00 total_env_steps=143588 t=0.21s
Ep 3437: len= 57 黑胜 loss=26.4099 temp=1.00 total_env_steps=143645 t=0.19s
Ep 3438: len= 47 黑胜 loss=27.1722 temp=1.00 total_env_steps=143692 t=0.17s
Ep 3439: len= 40 白胜 loss=26.5901 temp=1.00 total_env_steps=143732 t=0.19s
Ep 3440: len= 27 黑胜 loss=26.8370 temp=1.00 total_env_steps=143759 t=0.13s
Ep 3441: len= 33 黑胜 loss=26.7871 temp=1.00 total_env_steps=143792 t=0.14s
Ep 3442: len= 48 白胜 loss=26.6004 temp=1.00 total_env_steps=143840 t=0.17s
Ep 3443: len= 60 白胜 loss=26.9420 temp=1.00 total_env_steps=143900 t=0.19s
Ep 3444: len= 51 黑胜 loss=26.5109 temp=1.00 total_env_steps=143951 t=0.20s
Ep 3445: len= 42 白胜 loss=26.4947 temp=1.00 total_env_steps=143993 t=0.16s
Ep 3446: len= 52 白胜 loss=27.0851 temp=1.00 total_env_steps=144045 t=0.20s
Ep 3447: len= 30 白胜 loss=26.2026 temp=1.00 total_env_steps=144075 t=0.13s
Ep 3448: len= 44 白胜 loss=26.5689 temp=1.00 total_env_steps=144119 t=0.15s
Ep 3449: len= 47 黑胜 loss=26.7484 temp=1.00 total_env_steps=144166 t=0.16s
Ep 3450: len= 45 黑胜 loss=26.8288 temp=1.00 total_env_steps=144211 t=0.17s
Ep 3451: len= 44 白胜 loss=26.6696 temp=1.00 total_env_steps=144255 t=0.17s
Ep 3452: len= 36 白胜 loss=26.9097 temp=1.00 total_env_steps=144291 t=0.16s
Ep 3453: len= 30 白胜 loss=26.9464 temp=1.00 total_env_steps=144321 t=0.14s
Ep 3454: len= 42 白胜 loss=26.7068 temp=1.00 total_env_steps=144363 t=0.17s
Ep 3455: len= 22 白胜 loss=26.8201 temp=1.00 total_env_steps=144385 t=0.11s
Ep 3456: len= 49 黑胜 loss=26.8073 temp=1.00 total_env_steps=144434 t=0.19s
Ep 3457: len= 36 白胜 loss=26.8847 temp=1.00 total_env_steps=144470 t=0.16s
Ep 3458: len= 32 白胜 loss=27.1898 temp=1.00 total_env_steps=144502 t=0.13s
Ep 3459: len= 33 黑胜 loss=27.2969 temp=1.00 total_env_steps=144535 t=0.13s
Ep 3460: len= 43 黑胜 loss=26.8086 temp=1.00 total_env_steps=144578 t=0.17s
Ep 3461: len= 51 黑胜 loss=26.6324 temp=1.00 total_env_steps=144629 t=0.20s
Ep 3462: len= 52 白胜 loss=26.9494 temp=1.00 total_env_steps=144681 t=0.19s
Ep 3463: len= 29 黑胜 loss=26.8588 temp=1.00 total_env_steps=144710 t=0.12s
Ep 3464: len= 42 白胜 loss=26.4479 temp=1.00 total_env_steps=144752 t=0.15s
Ep 3465: len= 42 白胜 loss=27.0813 temp=1.00 total_env_steps=144794 t=0.16s
Ep 3466: len= 40 白胜 loss=26.6969 temp=1.00 total_env_steps=144834 t=0.15s
Ep 3467: len= 35 黑胜 loss=26.7487 temp=1.00 total_env_steps=144869 t=0.14s
Ep 3468: len= 48 白胜 loss=26.7526 temp=1.00 total_env_steps=144917 t=0.16s
Ep 3469: len= 30 白胜 loss=26.9242 temp=1.00 total_env_steps=144947 t=0.13s
Ep 3470: len= 51 黑胜 loss=26.6274 temp=1.00 total_env_steps=144998 t=0.18s
Ep 3471: len= 50 白胜 loss=26.9113 temp=1.00 total_env_steps=145048 t=0.18s
Ep 3472: len= 39 黑胜 loss=27.1421 temp=1.00 total_env_steps=145087 t=0.16s
Ep 3473: len= 33 黑胜 loss=26.9797 temp=1.00 total_env_steps=145120 t=0.14s
Ep 3474: len= 42 白胜 loss=26.9160 temp=1.00 total_env_steps=145162 t=0.17s
Ep 3475: len= 37 黑胜 loss=27.0938 temp=1.00 total_env_steps=145199 t=0.14s
Ep 3476: len= 40 白胜 loss=26.9196 temp=1.00 total_env_steps=145239 t=0.15s
Ep 3477: len= 42 白胜 loss=27.0201 temp=1.00 total_env_steps=145281 t=0.15s
Ep 3478: len= 26 白胜 loss=26.5732 temp=1.00 total_env_steps=145307 t=0.12s
Ep 3479: len= 41 黑胜 loss=27.0610 temp=1.00 total_env_steps=145348 t=0.19s
Ep 3480: len= 47 黑胜 loss=27.1584 temp=1.00 total_env_steps=145395 t=0.20s
Ep 3481: len= 51 黑胜 loss=26.9770 temp=1.00 total_env_steps=145446 t=0.19s
Ep 3482: len= 57 黑胜 loss=27.0038 temp=1.00 total_env_steps=145503 t=0.24s
Ep 3483: len= 33 黑胜 loss=26.8102 temp=1.00 total_env_steps=145536 t=0.18s
Ep 3484: len= 46 白胜 loss=26.5232 temp=1.00 total_env_steps=145582 t=0.18s
Ep 3485: len= 27 黑胜 loss=26.8688 temp=1.00 total_env_steps=145609 t=0.11s
Ep 3486: len= 59 黑胜 loss=27.3331 temp=1.00 total_env_steps=145668 t=0.18s
Ep 3487: len= 38 白胜 loss=26.7258 temp=1.00 total_env_steps=145706 t=0.14s
Ep 3488: len= 29 黑胜 loss=26.4480 temp=1.00 total_env_steps=145735 t=0.13s
Ep 3489: len= 33 黑胜 loss=27.0757 temp=1.00 total_env_steps=145768 t=0.13s
Ep 3490: len= 35 黑胜 loss=26.6400 temp=1.00 total_env_steps=145803 t=0.16s
Ep 3491: len= 65 黑胜 loss=27.0577 temp=1.00 total_env_steps=145868 t=0.25s
Ep 3492: len= 46 白胜 loss=26.8094 temp=1.00 total_env_steps=145914 t=0.20s
Ep 3493: len= 42 白胜 loss=27.2085 temp=1.00 total_env_steps=145956 t=0.16s
Ep 3494: len= 50 白胜 loss=26.7914 temp=1.00 total_env_steps=146006 t=0.19s
Ep 3495: len= 59 黑胜 loss=26.9507 temp=1.00 total_env_steps=146065 t=0.24s
Ep 3496: len= 49 黑胜 loss=26.9672 temp=1.00 total_env_steps=146114 t=0.20s
Ep 3497: len= 40 白胜 loss=27.0644 temp=1.00 total_env_steps=146154 t=0.19s
Ep 3498: len= 49 黑胜 loss=26.6506 temp=1.00 total_env_steps=146203 t=0.19s
Ep 3499: len= 38 白胜 loss=26.9950 temp=1.00 total_env_steps=146241 t=0.17s
Ep 3500: len= 30 白胜 loss=26.7272 temp=1.00 total_env_steps=146271 t=0.13s
  eval vs Gomoku-random-v0: win_rate=1.00 mean_return=1.00（20 局，total_env_steps=146271）
Ep 3501: len= 45 黑胜 loss=26.9546 temp=1.00 total_env_steps=146316 t=0.18s
Ep 3502: len= 25 黑胜 loss=26.9082 temp=1.00 total_env_steps=146341 t=0.13s
Ep 3503: len= 35 黑胜 loss=26.8786 temp=1.00 total_env_steps=146376 t=0.14s
Ep 3504: len= 40 白胜 loss=27.0869 temp=1.00 total_env_steps=146416 t=0.15s
Ep 3505: len= 52 白胜 loss=26.8247 temp=1.00 total_env_steps=146468 t=0.18s
Ep 3506: len= 58 白胜 loss=26.9983 temp=1.00 total_env_steps=146526 t=0.24s
Ep 3507: len= 62 白胜 loss=26.5582 temp=1.00 total_env_steps=146588 t=0.24s
Ep 3508: len= 64 白胜 loss=26.6367 temp=1.00 total_env_steps=146652 t=0.23s
Ep 3509: len= 33 黑胜 loss=26.7688 temp=1.00 total_env_steps=146685 t=0.13s
Ep 3510: len= 40 白胜 loss=26.8109 temp=1.00 total_env_steps=146725 t=0.14s
Ep 3511: len= 54 白胜 loss=27.1780 temp=1.00 total_env_steps=146779 t=0.21s
Ep 3512: len= 47 黑胜 loss=26.6846 temp=1.00 total_env_steps=146826 t=0.20s
Ep 3513: len= 41 黑胜 loss=27.1266 temp=1.00 total_env_steps=146867 t=0.15s
Ep 3514: len= 51 黑胜 loss=27.0855 temp=1.00 total_env_steps=146918 t=0.17s
Ep 3515: len= 22 白胜 loss=26.6828 temp=1.00 total_env_steps=146940 t=0.11s
Ep 3516: len= 43 黑胜 loss=26.8267 temp=1.00 total_env_steps=146983 t=0.15s
Ep 3517: len= 50 白胜 loss=26.9383 temp=1.00 total_env_steps=147033 t=0.19s
Ep 3518: len= 48 白胜 loss=26.7046 temp=1.00 total_env_steps=147081 t=0.19s
Ep 3519: len= 34 白胜 loss=26.8630 temp=1.00 total_env_steps=147115 t=0.15s
Ep 3520: len= 29 黑胜 loss=27.0400 temp=1.00 total_env_steps=147144 t=0.14s
Ep 3521: len= 26 白胜 loss=26.8360 temp=1.00 total_env_steps=147170 t=0.13s
Ep 3522: len= 42 白胜 loss=27.3294 temp=1.00 total_env_steps=147212 t=0.18s
Ep 3523: len= 24 白胜 loss=26.9739 temp=1.00 total_env_steps=147236 t=0.12s
Ep 3524: len= 32 白胜 loss=26.8458 temp=1.00 total_env_steps=147268 t=0.14s
Ep 3525: len= 57 黑胜 loss=26.8039 temp=1.00 total_env_steps=147325 t=0.21s
Ep 3526: len= 43 黑胜 loss=27.1356 temp=1.00 total_env_steps=147368 t=0.17s
Ep 3527: len= 58 白胜 loss=27.3191 temp=1.00 total_env_steps=147426 t=0.22s
Ep 3528: len= 32 白胜 loss=26.5450 temp=1.00 total_env_steps=147458 t=0.15s
Ep 3529: len= 66 白胜 loss=27.0727 temp=1.00 total_env_steps=147524 t=0.29s
Ep 3530: len= 51 黑胜 loss=26.9239 temp=1.00 total_env_steps=147575 t=0.19s
Ep 3531: len= 34 白胜 loss=26.5070 temp=1.00 total_env_steps=147609 t=0.15s
Ep 3532: len= 32 白胜 loss=27.3914 temp=1.00 total_env_steps=147641 t=0.13s
Ep 3533: len= 65 黑胜 loss=27.2588 temp=1.00 total_env_steps=147706 t=0.21s
Ep 3534: len= 36 白胜 loss=26.8242 temp=1.00 total_env_steps=147742 t=0.16s
Ep 3535: len= 51 黑胜 loss=26.8657 temp=1.00 total_env_steps=147793 t=0.21s
Ep 3536: len= 34 白胜 loss=26.7793 temp=1.00 total_env_steps=147827 t=0.16s
Ep 3537: len= 45 黑胜 loss=27.0315 temp=1.00 total_env_steps=147872 t=0.17s
Ep 3538: len= 45 黑胜 loss=26.6972 temp=1.00 total_env_steps=147917 t=0.16s
Ep 3539: len= 32 白胜 loss=27.1454 temp=1.00 total_env_steps=147949 t=0.13s
Ep 3540: len= 35 黑胜 loss=27.1703 temp=1.00 total_env_steps=147984 t=0.14s
Ep 3541: len= 46 白胜 loss=27.1100 temp=1.00 total_env_steps=148030 t=0.16s
Ep 3542: len= 34 白胜 loss=27.2474 temp=1.00 total_env_steps=148064 t=0.15s
Ep 3543: len= 33 黑胜 loss=27.0635 temp=1.00 total_env_steps=148097 t=0.17s
Ep 3544: len= 35 黑胜 loss=26.7329 temp=1.00 total_env_steps=148132 t=0.14s
Ep 3545: len= 37 黑胜 loss=27.1001 temp=1.00 total_env_steps=148169 t=0.16s
Ep 3546: len= 46 白胜 loss=27.1879 temp=1.00 total_env_steps=148215 t=0.19s
Ep 3547: len= 35 黑胜 loss=27.1694 temp=1.00 total_env_steps=148250 t=0.15s
Ep 3548: len= 67 黑胜 loss=27.2957 temp=1.00 total_env_steps=148317 t=0.28s
Ep 3549: len= 23 黑胜 loss=27.1093 temp=1.00 total_env_steps=148340 t=0.11s
Ep 3550: len= 16 白胜 loss=27.0263 temp=1.00 total_env_steps=148356 t=0.09s
Ep 3551: len= 40 白胜 loss=26.6324 temp=1.00 total_env_steps=148396 t=0.17s
Ep 3552: len= 52 白胜 loss=26.9543 temp=1.00 total_env_steps=148448 t=0.17s
Ep 3553: len= 36 白胜 loss=27.0025 temp=1.00 total_env_steps=148484 t=0.14s
Ep 3554: len= 28 白胜 loss=27.1127 temp=1.00 total_env_steps=148512 t=0.13s
Ep 3555: len= 25 黑胜 loss=27.2083 temp=1.00 total_env_steps=148537 t=0.12s
Ep 3556: len= 43 黑胜 loss=26.9961 temp=1.00 total_env_steps=148580 t=0.15s
Ep 3557: len= 37 黑胜 loss=26.9100 temp=1.00 total_env_steps=148617 t=0.15s
Ep 3558: len= 33 黑胜 loss=26.8470 temp=1.00 total_env_steps=148650 t=0.14s
Ep 3559: len= 56 白胜 loss=27.2319 temp=1.00 total_env_steps=148706 t=0.20s
Ep 3560: len= 31 黑胜 loss=27.1318 temp=1.00 total_env_steps=148737 t=0.13s
Ep 3561: len= 42 白胜 loss=27.0410 temp=1.00 total_env_steps=148779 t=0.16s
Ep 3562: len= 34 白胜 loss=26.8132 temp=1.00 total_env_steps=148813 t=0.14s
Ep 3563: len= 41 黑胜 loss=27.2361 temp=1.00 total_env_steps=148854 t=0.16s
Ep 3564: len= 41 黑胜 loss=26.8881 temp=1.00 total_env_steps=148895 t=0.15s
Ep 3565: len= 49 黑胜 loss=26.9757 temp=1.00 total_env_steps=148944 t=0.16s
Ep 3566: len= 57 黑胜 loss=27.0869 temp=1.00 total_env_steps=149001 t=0.19s
Ep 3567: len= 25 黑胜 loss=26.9498 temp=1.00 total_env_steps=149026 t=0.13s
Ep 3568: len= 44 白胜 loss=26.9582 temp=1.00 total_env_steps=149070 t=0.17s
Ep 3569: len= 53 黑胜 loss=27.1377 temp=1.00 total_env_steps=149123 t=0.21s
Ep 3570: len= 54 白胜 loss=27.0173 temp=1.00 total_env_steps=149177 t=0.22s
Ep 3571: len= 38 白胜 loss=27.1918 temp=1.00 total_env_steps=149215 t=0.17s
Ep 3572: len= 43 黑胜 loss=26.8694 temp=1.00 total_env_steps=149258 t=0.18s
Ep 3573: len= 28 白胜 loss=26.9483 temp=1.00 total_env_steps=149286 t=0.13s
Ep 3574: len= 49 黑胜 loss=26.9980 temp=1.00 total_env_steps=149335 t=0.17s
Ep 3575: len= 31 黑胜 loss=27.2517 temp=1.00 total_env_steps=149366 t=0.13s
Ep 3576: len= 44 白胜 loss=26.6644 temp=1.00 total_env_steps=149410 t=0.16s
Ep 3577: len= 33 黑胜 loss=26.8885 temp=1.00 total_env_steps=149443 t=0.13s
Ep 3578: len= 39 黑胜 loss=26.9600 temp=1.00 total_env_steps=149482 t=0.17s
Ep 3579: len= 45 黑胜 loss=26.7958 temp=1.00 total_env_steps=149527 t=0.19s
Ep 3580: len= 77 黑胜 loss=26.8365 temp=1.00 total_env_steps=149604 t=0.27s
Ep 3581: len= 42 白胜 loss=27.0633 temp=1.00 total_env_steps=149646 t=0.18s
Ep 3582: len= 55 黑胜 loss=26.8878 temp=1.00 total_env_steps=149701 t=0.20s
Ep 3583: len= 43 黑胜 loss=26.8500 temp=1.00 total_env_steps=149744 t=0.18s
Ep 3584: len= 40 白胜 loss=26.8270 temp=1.00 total_env_steps=149784 t=0.20s
Ep 3585: len= 60 白胜 loss=27.0159 temp=1.00 total_env_steps=149844 t=0.23s
Ep 3586: len= 46 白胜 loss=27.1423 temp=1.00 total_env_steps=149890 t=0.15s
Ep 3587: len= 35 黑胜 loss=26.8801 temp=1.00 total_env_steps=149925 t=0.14s
Ep 3588: len= 25 黑胜 loss=26.7904 temp=1.00 total_env_steps=149950 t=0.12s
Ep 3589: len= 51 黑胜 loss=26.7875 temp=1.00 total_env_steps=150001 t=0.17s
Ep 3590: len= 45 黑胜 loss=26.7200 temp=1.00 total_env_steps=150046 t=0.15s
Ep 3591: len= 23 黑胜 loss=27.2036 temp=1.00 total_env_steps=150069 t=0.12s
Ep 3592: len= 48 白胜 loss=27.2483 temp=1.00 total_env_steps=150117 t=0.16s
Ep 3593: len= 41 黑胜 loss=27.1335 temp=1.00 total_env_steps=150158 t=0.15s
Ep 3594: len= 45 黑胜 loss=26.9676 temp=1.00 total_env_steps=150203 t=0.19s
Ep 3595: len= 37 黑胜 loss=26.8383 temp=1.00 total_env_steps=150240 t=0.16s
Ep 3596: len= 32 白胜 loss=27.0202 temp=1.00 total_env_steps=150272 t=0.13s
Ep 3597: len= 41 黑胜 loss=26.9076 temp=1.00 total_env_steps=150313 t=0.16s
Ep 3598: len= 58 白胜 loss=27.2723 temp=1.00 total_env_steps=150371 t=0.18s
Ep 3599: len= 26 白胜 loss=27.7754 temp=1.00 total_env_steps=150397 t=0.12s
Ep 3600: len= 44 白胜 loss=26.6463 temp=1.00 total_env_steps=150441 t=0.16s
Ep 3601: len= 53 黑胜 loss=27.0576 temp=1.00 total_env_steps=150494 t=0.19s
Ep 3602: len= 36 白胜 loss=27.1772 temp=1.00 total_env_steps=150530 t=0.14s
Ep 3603: len= 49 黑胜 loss=27.1300 temp=1.00 total_env_steps=150579 t=0.17s
Ep 3604: len= 61 黑胜 loss=27.0703 temp=1.00 total_env_steps=150640 t=0.19s
Ep 3605: len= 40 白胜 loss=26.8434 temp=1.00 total_env_steps=150680 t=0.14s
Ep 3606: len= 32 白胜 loss=27.0981 temp=1.00 total_env_steps=150712 t=0.13s
Ep 3607: len= 48 白胜 loss=27.1349 temp=1.00 total_env_steps=150760 t=0.17s
Ep 3608: len= 47 黑胜 loss=27.1049 temp=1.00 total_env_steps=150807 t=0.17s
Ep 3609: len= 29 黑胜 loss=26.8638 temp=1.00 total_env_steps=150836 t=0.13s
Ep 3610: len= 77 黑胜 loss=26.7641 temp=1.00 total_env_steps=150913 t=0.28s
Ep 3611: len= 51 黑胜 loss=26.6222 temp=1.00 total_env_steps=150964 t=0.20s
Ep 3612: len= 42 白胜 loss=27.0460 temp=1.00 total_env_steps=151006 t=0.15s
Ep 3613: len= 31 黑胜 loss=26.8676 temp=1.00 total_env_steps=151037 t=0.13s
Ep 3614: len= 43 黑胜 loss=26.9379 temp=1.00 total_env_steps=151080 t=0.18s
Ep 3615: len= 28 白胜 loss=26.8143 temp=1.00 total_env_steps=151108 t=0.14s
Ep 3616: len= 45 黑胜 loss=27.0524 temp=1.00 total_env_steps=151153 t=0.20s
Ep 3617: len= 28 白胜 loss=26.9331 temp=1.00 total_env_steps=151181 t=0.14s
Ep 3618: len= 33 黑胜 loss=26.9008 temp=1.00 total_env_steps=151214 t=0.16s
Ep 3619: len= 27 黑胜 loss=27.1387 temp=1.00 total_env_steps=151241 t=0.13s
Ep 3620: len= 54 白胜 loss=27.3304 temp=1.00 total_env_steps=151295 t=0.19s
Ep 3621: len= 48 白胜 loss=27.1054 temp=1.00 total_env_steps=151343 t=0.18s
Ep 3622: len= 33 黑胜 loss=27.1770 temp=1.00 total_env_steps=151376 t=0.17s
Ep 3623: len= 50 白胜 loss=27.0208 temp=1.00 total_env_steps=151426 t=0.23s
Ep 3624: len= 43 黑胜 loss=27.0790 temp=1.00 total_env_steps=151469 t=0.16s
Ep 3625: len= 58 白胜 loss=26.8691 temp=1.00 total_env_steps=151527 t=0.21s
Ep 3626: len= 32 白胜 loss=26.9879 temp=1.00 total_env_steps=151559 t=0.13s
Ep 3627: len= 32 白胜 loss=26.9919 temp=1.00 total_env_steps=151591 t=0.13s
Ep 3628: len= 59 黑胜 loss=27.0809 temp=1.00 total_env_steps=151650 t=0.18s
Ep 3629: len= 53 黑胜 loss=26.7713 temp=1.00 total_env_steps=151703 t=0.22s
Ep 3630: len= 58 白胜 loss=27.2761 temp=1.00 total_env_steps=151761 t=0.20s
Ep 3631: len= 52 白胜 loss=26.8777 temp=1.00 total_env_steps=151813 t=0.19s
Ep 3632: len= 31 黑胜 loss=26.6681 temp=1.00 total_env_steps=151844 t=0.13s
Ep 3633: len= 39 黑胜 loss=27.1352 temp=1.00 total_env_steps=151883 t=0.15s
Ep 3634: len= 36 白胜 loss=27.1321 temp=1.00 total_env_steps=151919 t=0.15s
Ep 3635: len= 31 黑胜 loss=27.1220 temp=1.00 total_env_steps=151950 t=0.14s
Ep 3636: len= 30 白胜 loss=27.2338 temp=1.00 total_env_steps=151980 t=0.12s
Ep 3637: len= 24 白胜 loss=27.2970 temp=1.00 total_env_steps=152004 t=0.13s
Ep 3638: len= 58 白胜 loss=26.9729 temp=1.00 total_env_steps=152062 t=0.24s
Ep 3639: len= 31 黑胜 loss=26.9712 temp=1.00 total_env_steps=152093 t=0.14s
Ep 3640: len= 31 黑胜 loss=26.9223 temp=1.00 total_env_steps=152124 t=0.14s
Ep 3641: len= 41 黑胜 loss=27.1902 temp=1.00 total_env_steps=152165 t=0.16s
Ep 3642: len= 76 白胜 loss=27.0605 temp=1.00 total_env_steps=152241 t=0.26s
Ep 3643: len= 32 白胜 loss=27.1143 temp=1.00 total_env_steps=152273 t=0.14s
Ep 3644: len= 34 白胜 loss=27.4395 temp=1.00 total_env_steps=152307 t=0.13s
Ep 3645: len= 39 黑胜 loss=26.8855 temp=1.00 total_env_steps=152346 t=0.15s
Ep 3646: len= 35 黑胜 loss=26.6098 temp=1.00 total_env_steps=152381 t=0.13s
Ep 3647: len= 25 黑胜 loss=26.7034 temp=1.00 total_env_steps=152406 t=0.12s
Ep 3648: len= 46 白胜 loss=26.9042 temp=1.00 total_env_steps=152452 t=0.16s
Ep 3649: len= 55 黑胜 loss=26.9154 temp=1.00 total_env_steps=152507 t=0.21s
Ep 3650: len= 49 黑胜 loss=26.8024 temp=1.00 total_env_steps=152556 t=0.21s
Ep 3651: len= 34 白胜 loss=26.9423 temp=1.00 total_env_steps=152590 t=0.14s
Ep 3652: len= 51 黑胜 loss=26.6488 temp=1.00 total_env_steps=152641 t=0.18s
Ep 3653: len= 44 白胜 loss=26.8610 temp=1.00 total_env_steps=152685 t=0.17s
Ep 3654: len= 44 白胜 loss=27.2525 temp=1.00 total_env_steps=152729 t=0.16s
Ep 3655: len= 36 白胜 loss=27.0054 temp=1.00 total_env_steps=152765 t=0.14s
Ep 3656: len= 58 白胜 loss=26.7923 temp=1.00 total_env_steps=152823 t=0.19s
Ep 3657: len= 48 白胜 loss=27.3853 temp=1.00 total_env_steps=152871 t=0.17s
Ep 3658: len= 50 白胜 loss=26.8657 temp=1.00 total_env_steps=152921 t=0.19s
Ep 3659: len= 40 白胜 loss=26.5834 temp=1.00 total_env_steps=152961 t=0.20s
Ep 3660: len= 36 白胜 loss=26.7229 temp=1.00 total_env_steps=152997 t=0.16s
Ep 3661: len= 54 白胜 loss=27.0056 temp=1.00 total_env_steps=153051 t=0.23s
Ep 3662: len= 40 白胜 loss=26.9100 temp=1.00 total_env_steps=153091 t=0.17s
Ep 3663: len= 36 白胜 loss=27.3686 temp=1.00 total_env_steps=153127 t=0.14s
Ep 3664: len= 49 黑胜 loss=26.9755 temp=1.00 total_env_steps=153176 t=0.18s
Ep 3665: len= 27 黑胜 loss=27.1553 temp=1.00 total_env_steps=153203 t=0.13s
Ep 3666: len= 56 白胜 loss=26.6345 temp=1.00 total_env_steps=153259 t=0.23s
Ep 3667: len= 44 白胜 loss=27.3513 temp=1.00 total_env_steps=153303 t=0.19s
Ep 3668: len= 34 白胜 loss=26.6671 temp=1.00 total_env_steps=153337 t=0.17s
Ep 3669: len= 54 白胜 loss=27.0538 temp=1.00 total_env_steps=153391 t=0.24s
Ep 3670: len= 31 黑胜 loss=26.9272 temp=1.00 total_env_steps=153422 t=0.13s
Ep 3671: len= 50 白胜 loss=26.9586 temp=1.00 total_env_steps=153472 t=0.17s
Ep 3672: len= 24 白胜 loss=27.1144 temp=1.00 total_env_steps=153496 t=0.11s
Ep 3673: len= 56 白胜 loss=26.9936 temp=1.00 total_env_steps=153552 t=0.21s
Ep 3674: len= 33 黑胜 loss=27.2930 temp=1.00 total_env_steps=153585 t=0.14s
Ep 3675: len= 47 黑胜 loss=27.1038 temp=1.00 total_env_steps=153632 t=0.21s
Ep 3676: len= 33 黑胜 loss=27.0414 temp=1.00 total_env_steps=153665 t=0.14s
Ep 3677: len= 52 白胜 loss=26.9163 temp=1.00 total_env_steps=153717 t=0.19s
Ep 3678: len= 30 白胜 loss=27.2264 temp=1.00 total_env_steps=153747 t=0.13s
Ep 3679: len= 28 白胜 loss=26.6706 temp=1.00 total_env_steps=153775 t=0.12s
Ep 3680: len= 35 黑胜 loss=26.7013 temp=1.00 total_env_steps=153810 t=0.14s
Ep 3681: len= 27 黑胜 loss=27.2637 temp=1.00 total_env_steps=153837 t=0.13s
Ep 3682: len= 39 黑胜 loss=26.9174 temp=1.00 total_env_steps=153876 t=0.15s
Ep 3683: len= 49 黑胜 loss=26.6800 temp=1.00 total_env_steps=153925 t=0.17s
Ep 3684: len= 33 黑胜 loss=26.7759 temp=1.00 total_env_steps=153958 t=0.16s
Ep 3685: len= 57 黑胜 loss=27.3103 temp=1.00 total_env_steps=154015 t=0.18s
Ep 3686: len= 40 白胜 loss=27.1309 temp=1.00 total_env_steps=154055 t=0.15s
Ep 3687: len= 49 黑胜 loss=27.1331 temp=1.00 total_env_steps=154104 t=0.18s
Ep 3688: len= 31 黑胜 loss=27.2901 temp=1.00 total_env_steps=154135 t=0.14s
Ep 3689: len= 48 白胜 loss=26.6594 temp=1.00 total_env_steps=154183 t=0.16s
Ep 3690: len= 49 黑胜 loss=27.0830 temp=1.00 total_env_steps=154232 t=0.17s
Ep 3691: len= 81 黑胜 loss=27.5228 temp=1.00 total_env_steps=154313 t=0.23s
Ep 3692: len= 41 黑胜 loss=26.8828 temp=1.00 total_env_steps=154354 t=0.14s
Ep 3693: len= 30 白胜 loss=27.1439 temp=1.00 total_env_steps=154384 t=0.14s
Ep 3694: len= 40 白胜 loss=27.0724 temp=1.00 total_env_steps=154424 t=0.15s
Ep 3695: len= 46 白胜 loss=26.8561 temp=1.00 total_env_steps=154470 t=0.16s
Ep 3696: len= 40 白胜 loss=27.0729 temp=1.00 total_env_steps=154510 t=0.15s
Ep 3697: len= 30 白胜 loss=26.8984 temp=1.00 total_env_steps=154540 t=0.13s
Ep 3698: len= 41 黑胜 loss=27.1479 temp=1.00 total_env_steps=154581 t=0.16s
Ep 3699: len= 33 黑胜 loss=27.0526 temp=1.00 total_env_steps=154614 t=0.13s
Ep 3700: len= 64 白胜 loss=26.9147 temp=1.00 total_env_steps=154678 t=0.24s
Ep 3701: len= 15 黑胜 loss=26.6923 temp=1.00 total_env_steps=154693 t=0.09s
Ep 3702: len= 43 黑胜 loss=27.0580 temp=1.00 total_env_steps=154736 t=0.15s
Ep 3703: len= 40 白胜 loss=26.5760 temp=1.00 total_env_steps=154776 t=0.14s
Ep 3704: len= 20 白胜 loss=26.7734 temp=1.00 total_env_steps=154796 t=0.10s
Ep 3705: len= 42 白胜 loss=27.3414 temp=1.00 total_env_steps=154838 t=0.15s
Ep 3706: len= 55 黑胜 loss=26.7216 temp=1.00 total_env_steps=154893 t=0.19s
Ep 3707: len= 38 白胜 loss=26.6802 temp=1.00 total_env_steps=154931 t=0.15s
Ep 3708: len= 38 白胜 loss=27.2412 temp=1.00 total_env_steps=154969 t=0.15s
Ep 3709: len= 38 白胜 loss=27.1029 temp=1.00 total_env_steps=155007 t=0.15s
Ep 3710: len= 48 白胜 loss=27.0036 temp=1.00 total_env_steps=155055 t=0.19s
Ep 3711: len= 40 白胜 loss=27.0520 temp=1.00 total_env_steps=155095 t=0.16s
Ep 3712: len= 48 白胜 loss=27.0143 temp=1.00 total_env_steps=155143 t=0.17s
Ep 3713: len= 49 黑胜 loss=27.0593 temp=1.00 total_env_steps=155192 t=0.16s
Ep 3714: len= 29 黑胜 loss=26.9008 temp=1.00 total_env_steps=155221 t=0.15s
Ep 3715: len= 49 黑胜 loss=27.1544 temp=1.00 total_env_steps=155270 t=0.17s
Ep 3716: len= 49 黑胜 loss=27.1471 temp=1.00 total_env_steps=155319 t=0.16s
Ep 3717: len= 49 黑胜 loss=26.6639 temp=1.00 total_env_steps=155368 t=0.17s
Ep 3718: len= 47 黑胜 loss=26.9918 temp=1.00 total_env_steps=155415 t=0.16s
Ep 3719: len= 47 黑胜 loss=26.8806 temp=1.00 total_env_steps=155462 t=0.17s
Ep 3720: len= 43 黑胜 loss=26.9740 temp=1.00 total_env_steps=155505 t=0.16s
Ep 3721: len= 50 白胜 loss=27.3464 temp=1.00 total_env_steps=155555 t=0.17s
Ep 3722: len= 43 黑胜 loss=27.2328 temp=1.00 total_env_steps=155598 t=0.16s
Ep 3723: len= 44 白胜 loss=27.0366 temp=1.00 total_env_steps=155642 t=0.16s
Ep 3724: len= 51 黑胜 loss=26.5850 temp=1.00 total_env_steps=155693 t=0.19s
Ep 3725: len= 45 黑胜 loss=26.7262 temp=1.00 total_env_steps=155738 t=0.15s
Ep 3726: len= 52 白胜 loss=27.4582 temp=1.00 total_env_steps=155790 t=0.17s
Ep 3727: len= 41 黑胜 loss=27.1053 temp=1.00 total_env_steps=155831 t=0.14s
Ep 3728: len= 38 白胜 loss=26.7669 temp=1.00 total_env_steps=155869 t=0.15s
Ep 3729: len= 72 白胜 loss=26.8394 temp=1.00 total_env_steps=155941 t=0.22s
Ep 3730: len= 38 白胜 loss=27.2145 temp=1.00 total_env_steps=155979 t=0.14s
Ep 3731: len= 50 白胜 loss=27.2934 temp=1.00 total_env_steps=156029 t=0.18s
Ep 3732: len= 33 黑胜 loss=27.3300 temp=1.00 total_env_steps=156062 t=0.14s
Ep 3733: len= 42 白胜 loss=26.7201 temp=1.00 total_env_steps=156104 t=0.15s
Ep 3734: len= 52 白胜 loss=26.9445 temp=1.00 total_env_steps=156156 t=0.18s
Ep 3735: len= 41 黑胜 loss=26.7812 temp=1.00 total_env_steps=156197 t=0.14s
Ep 3736: len= 36 白胜 loss=26.8594 temp=1.00 total_env_steps=156233 t=0.13s
Ep 3737: len= 39 黑胜 loss=26.7454 temp=1.00 total_env_steps=156272 t=0.14s
Ep 3738: len= 45 黑胜 loss=26.8038 temp=1.00 total_env_steps=156317 t=0.16s
Ep 3739: len= 36 白胜 loss=27.1507 temp=1.00 total_env_steps=156353 t=0.13s
Ep 3740: len= 47 黑胜 loss=27.4290 temp=1.00 total_env_steps=156400 t=0.15s
Ep 3741: len= 38 白胜 loss=26.5765 temp=1.00 total_env_steps=156438 t=0.14s
Ep 3742: len= 37 黑胜 loss=26.8124 temp=1.00 total_env_steps=156475 t=0.14s
Ep 3743: len= 42 白胜 loss=26.8052 temp=1.00 total_env_steps=156517 t=0.15s
Ep 3744: len= 42 白胜 loss=27.0167 temp=1.00 total_env_steps=156559 t=0.15s
Ep 3745: len= 38 白胜 loss=26.9309 temp=1.00 total_env_steps=156597 t=0.15s
Ep 3746: len= 37 黑胜 loss=26.7905 temp=1.00 total_env_steps=156634 t=0.14s
Ep 3747: len= 54 白胜 loss=26.7974 temp=1.00 total_env_steps=156688 t=0.17s
Ep 3748: len= 22 白胜 loss=27.3078 temp=1.00 total_env_steps=156710 t=0.10s
Ep 3749: len= 43 黑胜 loss=27.0930 temp=1.00 total_env_steps=156753 t=0.15s
Ep 3750: len= 37 黑胜 loss=26.7581 temp=1.00 total_env_steps=156790 t=0.16s
Ep 3751: len= 50 白胜 loss=26.9330 temp=1.00 total_env_steps=156840 t=0.18s
Ep 3752: len= 74 白胜 loss=27.1168 temp=1.00 total_env_steps=156914 t=0.22s
Ep 3753: len= 39 黑胜 loss=27.0705 temp=1.00 total_env_steps=156953 t=0.15s
Ep 3754: len= 48 白胜 loss=27.0321 temp=1.00 total_env_steps=157001 t=0.16s
Ep 3755: len= 53 黑胜 loss=26.9641 temp=1.00 total_env_steps=157054 t=0.19s
Ep 3756: len= 20 白胜 loss=27.3818 temp=1.00 total_env_steps=157074 t=0.10s
Ep 3757: len= 44 白胜 loss=26.9387 temp=1.00 total_env_steps=157118 t=0.17s
Ep 3758: len= 31 黑胜 loss=26.7079 temp=1.00 total_env_steps=157149 t=0.13s
Ep 3759: len= 40 白胜 loss=27.1214 temp=1.00 total_env_steps=157189 t=0.14s
Ep 3760: len= 29 黑胜 loss=27.3751 temp=1.00 total_env_steps=157218 t=0.12s
Ep 3761: len= 44 白胜 loss=26.9956 temp=1.00 total_env_steps=157262 t=0.16s
Ep 3762: len= 54 白胜 loss=26.3313 temp=1.00 total_env_steps=157316 t=0.18s
Ep 3763: len= 44 白胜 loss=26.7603 temp=1.00 total_env_steps=157360 t=0.18s
Ep 3764: len= 37 黑胜 loss=26.5792 temp=1.00 total_env_steps=157397 t=0.17s
Ep 3765: len= 28 白胜 loss=27.2203 temp=1.00 total_env_steps=157425 t=0.12s
Ep 3766: len= 58 白胜 loss=27.1682 temp=1.00 total_env_steps=157483 t=0.20s
Ep 3767: len= 61 黑胜 loss=27.3061 temp=1.00 total_env_steps=157544 t=0.18s
Ep 3768: len= 48 白胜 loss=27.0714 temp=1.00 total_env_steps=157592 t=0.17s
Ep 3769: len= 36 白胜 loss=26.6160 temp=1.00 total_env_steps=157628 t=0.15s
Ep 3770: len= 39 黑胜 loss=26.9130 temp=1.00 total_env_steps=157667 t=0.14s
Ep 3771: len= 46 白胜 loss=26.8188 temp=1.00 total_env_steps=157713 t=0.16s
Ep 3772: len= 44 白胜 loss=27.3253 temp=1.00 total_env_steps=157757 t=0.16s
Ep 3773: len= 70 白胜 loss=26.9924 temp=1.00 total_env_steps=157827 t=0.20s
Ep 3774: len= 36 白胜 loss=26.9523 temp=1.00 total_env_steps=157863 t=0.14s
Ep 3775: len= 37 黑胜 loss=26.8165 temp=1.00 total_env_steps=157900 t=0.15s
Ep 3776: len= 36 白胜 loss=26.8275 temp=1.00 total_env_steps=157936 t=0.14s
Ep 3777: len= 31 黑胜 loss=26.7032 temp=1.00 total_env_steps=157967 t=0.14s
Ep 3778: len= 51 黑胜 loss=27.3741 temp=1.00 total_env_steps=158018 t=0.21s
Ep 3779: len= 37 黑胜 loss=27.2525 temp=1.00 total_env_steps=158055 t=0.14s
Ep 3780: len= 46 白胜 loss=26.6907 temp=1.00 total_env_steps=158101 t=0.16s
Ep 3781: len= 40 白胜 loss=26.4246 temp=1.00 total_env_steps=158141 t=0.15s
Ep 3782: len= 39 黑胜 loss=27.1050 temp=1.00 total_env_steps=158180 t=0.14s
Ep 3783: len= 53 黑胜 loss=27.0699 temp=1.00 total_env_steps=158233 t=0.20s
Ep 3784: len= 65 黑胜 loss=26.8456 temp=1.00 total_env_steps=158298 t=0.23s
Ep 3785: len= 34 白胜 loss=26.7458 temp=1.00 total_env_steps=158332 t=0.15s
Ep 3786: len= 46 白胜 loss=27.2954 temp=1.00 total_env_steps=158378 t=0.18s
Ep 3787: len= 51 黑胜 loss=27.0366 temp=1.00 total_env_steps=158429 t=0.18s
Ep 3788: len= 51 黑胜 loss=26.9026 temp=1.00 total_env_steps=158480 t=0.18s
Ep 3789: len= 58 白胜 loss=27.1640 temp=1.00 total_env_steps=158538 t=0.25s
Ep 3790: len= 32 白胜 loss=26.6408 temp=1.00 total_env_steps=158570 t=0.15s
Ep 3791: len= 32 白胜 loss=27.2128 temp=1.00 total_env_steps=158602 t=0.14s
Ep 3792: len= 44 白胜 loss=27.0734 temp=1.00 total_env_steps=158646 t=0.16s
Ep 3793: len= 37 黑胜 loss=26.4764 temp=1.00 total_env_steps=158683 t=0.14s
Ep 3794: len= 28 白胜 loss=26.9758 temp=1.00 total_env_steps=158711 t=0.15s
Ep 3795: len= 39 黑胜 loss=26.9619 temp=1.00 total_env_steps=158750 t=0.16s
Ep 3796: len= 52 白胜 loss=27.0013 temp=1.00 total_env_steps=158802 t=0.17s
Ep 3797: len= 53 黑胜 loss=27.3685 temp=1.00 total_env_steps=158855 t=0.19s
Ep 3798: len= 61 黑胜 loss=27.2665 temp=1.00 total_env_steps=158916 t=0.21s
Ep 3799: len= 34 白胜 loss=26.8981 temp=1.00 total_env_steps=158950 t=0.15s
Ep 3800: len= 34 白胜 loss=26.8754 temp=1.00 total_env_steps=158984 t=0.15s
Ep 3801: len= 81 平局 loss=27.1548 temp=1.00 total_env_steps=159065 t=0.27s
Ep 3802: len= 40 白胜 loss=26.6298 temp=1.00 total_env_steps=159105 t=0.16s
Ep 3803: len= 30 白胜 loss=26.7762 temp=1.00 total_env_steps=159135 t=0.13s
Ep 3804: len= 35 黑胜 loss=27.0647 temp=1.00 total_env_steps=159170 t=0.14s
Ep 3805: len= 36 白胜 loss=26.8332 temp=1.00 total_env_steps=159206 t=0.14s
Ep 3806: len= 46 白胜 loss=26.9184 temp=1.00 total_env_steps=159252 t=0.17s
Ep 3807: len= 38 白胜 loss=27.2578 temp=1.00 total_env_steps=159290 t=0.15s
Ep 3808: len= 48 白胜 loss=26.9868 temp=1.00 total_env_steps=159338 t=0.16s
Ep 3809: len= 58 白胜 loss=27.2330 temp=1.00 total_env_steps=159396 t=0.19s
Ep 3810: len= 31 黑胜 loss=27.2440 temp=1.00 total_env_steps=159427 t=0.13s
Ep 3811: len= 36 白胜 loss=26.9399 temp=1.00 total_env_steps=159463 t=0.14s
Ep 3812: len= 50 白胜 loss=26.5778 temp=1.00 total_env_steps=159513 t=0.19s
Ep 3813: len= 49 黑胜 loss=26.8655 temp=1.00 total_env_steps=159562 t=0.18s
Ep 3814: len= 45 黑胜 loss=27.1874 temp=1.00 total_env_steps=159607 t=0.17s
Ep 3815: len= 26 白胜 loss=26.7456 temp=1.00 total_env_steps=159633 t=0.12s
Ep 3816: len= 43 黑胜 loss=27.1075 temp=1.00 total_env_steps=159676 t=0.16s
Ep 3817: len= 43 黑胜 loss=27.1227 temp=1.00 total_env_steps=159719 t=0.15s
Ep 3818: len= 39 黑胜 loss=27.1633 temp=1.00 total_env_steps=159758 t=0.14s
Ep 3819: len= 27 黑胜 loss=27.2174 temp=1.00 total_env_steps=159785 t=0.12s
Ep 3820: len= 39 黑胜 loss=27.1187 temp=1.00 total_env_steps=159824 t=0.16s
Ep 3821: len= 49 黑胜 loss=27.4219 temp=1.00 total_env_steps=159873 t=0.16s
Ep 3822: len= 38 白胜 loss=27.1341 temp=1.00 total_env_steps=159911 t=0.15s
Ep 3823: len= 69 黑胜 loss=27.1275 temp=1.00 total_env_steps=159980 t=0.21s
Ep 3824: len= 44 白胜 loss=27.3622 temp=1.00 total_env_steps=160024 t=0.16s
Ep 3825: len= 48 白胜 loss=27.3129 temp=1.00 total_env_steps=160072 t=0.16s
Ep 3826: len= 33 黑胜 loss=26.7527 temp=1.00 total_env_steps=160105 t=0.14s
Ep 3827: len= 37 黑胜 loss=26.9860 temp=1.00 total_env_steps=160142 t=0.15s
Ep 3828: len= 50 白胜 loss=27.3782 temp=1.00 total_env_steps=160192 t=0.16s
Ep 3829: len= 34 白胜 loss=26.8616 temp=1.00 total_env_steps=160226 t=0.14s
Ep 3830: len= 34 白胜 loss=27.0455 temp=1.00 total_env_steps=160260 t=0.13s
Ep 3831: len= 37 黑胜 loss=27.2062 temp=1.00 total_env_steps=160297 t=0.13s
Ep 3832: len= 16 白胜 loss=27.3011 temp=1.00 total_env_steps=160313 t=0.09s
Ep 3833: len= 16 白胜 loss=26.5212 temp=1.00 total_env_steps=160329 t=0.09s
Ep 3834: len= 39 黑胜 loss=26.8773 temp=1.00 total_env_steps=160368 t=0.14s
Ep 3835: len= 29 黑胜 loss=27.1980 temp=1.00 total_env_steps=160397 t=0.12s
Ep 3836: len= 31 黑胜 loss=27.0991 temp=1.00 total_env_steps=160428 t=0.13s
Ep 3837: len= 27 黑胜 loss=27.1084 temp=1.00 total_env_steps=160455 t=0.12s
Ep 3838: len= 53 黑胜 loss=26.9660 temp=1.00 total_env_steps=160508 t=0.19s
