# seed 并行跑合并日志：arm=gomoku_pure_selfplay_ctrlext seeds=(45 46) 生成于 2026-07-07 20:59:26
# 注意：并行跑的 t=/wall= 计时含资源竞争，略大于独占机器；env_steps 与学习指标不受影响

===== seed 45 =====

running 1 test
test rl::algo::my_zero::tests::gomoku_m3_bench::gomoku_pure_selfplay_ctrlext ... [seed-par] M3_SEEDS=45 → 本进程只跑 [45]（臂全集 [45, 46]）

--- arm=pure_selfplay_ctrlext seed=45 sims=100 ---
[MyZero-board Gomoku-selfplay-v0] obs=243(3×9²) |A|=81 sims=100 γ=1.0 negamax
[MyZero-board] repr=CNN（stride-1 棋盘塔）
[MyZero-board] 8 重对称增广开启（D4，采样时随机套变换）
Ep    1: len= 39 黑胜 loss=0.0000 temp=1.00 total_env_steps=39 t=0.12s
Ep    2: len= 62 白胜 loss=0.0000 temp=1.00 total_env_steps=101 t=0.20s
Ep    3: len= 38 白胜 loss=0.0000 temp=1.00 total_env_steps=139 t=0.13s
Ep    4: len= 63 黑胜 loss=0.0000 temp=1.00 total_env_steps=202 t=0.20s
Ep    5: len= 46 白胜 loss=0.0000 temp=1.00 total_env_steps=248 t=0.15s
Ep    6: len= 64 白胜 loss=0.0000 temp=1.00 total_env_steps=312 t=0.21s
Ep    7: len= 68 白胜 loss=0.0000 temp=1.00 total_env_steps=380 t=0.22s
Ep    8: len= 68 白胜 loss=0.0000 temp=1.00 total_env_steps=448 t=0.22s
Ep    9: len= 43 黑胜 loss=0.0000 temp=1.00 total_env_steps=491 t=0.13s
Ep   10: len= 45 黑胜 loss=35.4059 temp=1.00 total_env_steps=536 t=0.20s
Ep   11: len= 60 白胜 loss=29.0320 temp=1.00 total_env_steps=596 t=0.24s
Ep   12: len= 44 白胜 loss=28.9949 temp=1.00 total_env_steps=640 t=0.18s
Ep   13: len= 57 黑胜 loss=28.6921 temp=1.00 total_env_steps=697 t=0.23s
Ep   14: len= 38 白胜 loss=28.5555 temp=1.00 total_env_steps=735 t=0.16s
Ep   15: len= 58 白胜 loss=28.2088 temp=1.00 total_env_steps=793 t=0.22s
Ep   16: len= 74 白胜 loss=28.4501 temp=1.00 total_env_steps=867 t=0.41s
Ep   17: len= 55 黑胜 loss=28.5801 temp=1.00 total_env_steps=922 t=0.22s
Ep   18: len= 42 白胜 loss=28.6278 temp=1.00 total_env_steps=964 t=0.18s
Ep   19: len= 35 黑胜 loss=28.5262 temp=1.00 total_env_steps=999 t=0.17s
Ep   20: len= 74 白胜 loss=28.2221 temp=1.00 total_env_steps=1073 t=0.27s
Ep   21: len= 61 黑胜 loss=28.5030 temp=1.00 total_env_steps=1134 t=0.21s
Ep   22: len= 61 黑胜 loss=28.2871 temp=1.00 total_env_steps=1195 t=0.23s
Ep   23: len= 57 黑胜 loss=28.2831 temp=1.00 total_env_steps=1252 t=0.22s
Ep   24: len= 50 白胜 loss=28.3082 temp=1.00 total_env_steps=1302 t=0.20s
Ep   25: len= 25 黑胜 loss=28.4189 temp=1.00 total_env_steps=1327 t=0.13s
Ep   26: len= 42 白胜 loss=28.5908 temp=1.00 total_env_steps=1369 t=0.17s
Ep   27: len= 52 白胜 loss=28.3225 temp=1.00 total_env_steps=1421 t=0.20s
Ep   28: len= 67 黑胜 loss=28.3226 temp=1.00 total_env_steps=1488 t=0.24s
Ep   29: len= 48 白胜 loss=28.6203 temp=1.00 total_env_steps=1536 t=0.18s
Ep   30: len= 62 白胜 loss=28.2920 temp=1.00 total_env_steps=1598 t=0.25s
Ep   31: len= 42 白胜 loss=28.3913 temp=1.00 total_env_steps=1640 t=0.16s
Ep   32: len= 65 黑胜 loss=28.3350 temp=1.00 total_env_steps=1705 t=0.23s
Ep   33: len= 53 黑胜 loss=28.2181 temp=1.00 total_env_steps=1758 t=0.20s
Ep   34: len= 44 白胜 loss=28.0854 temp=1.00 total_env_steps=1802 t=0.20s
Ep   35: len= 59 黑胜 loss=28.2621 temp=1.00 total_env_steps=1861 t=0.21s
Ep   36: len= 40 白胜 loss=28.5534 temp=1.00 total_env_steps=1901 t=0.17s
Ep   37: len= 58 白胜 loss=28.3852 temp=1.00 total_env_steps=1959 t=0.21s
Ep   38: len= 70 白胜 loss=28.2621 temp=1.00 total_env_steps=2029 t=0.27s
Ep   39: len= 65 黑胜 loss=28.2416 temp=1.00 total_env_steps=2094 t=0.44s
Ep   40: len= 66 白胜 loss=28.3398 temp=1.00 total_env_steps=2160 t=0.44s
Ep   41: len= 38 白胜 loss=28.2395 temp=1.00 total_env_steps=2198 t=0.29s
Ep   42: len= 56 白胜 loss=28.0472 temp=1.00 total_env_steps=2254 t=0.49s
Ep   43: len= 46 白胜 loss=28.2735 temp=1.00 total_env_steps=2300 t=0.39s
Ep   44: len= 56 白胜 loss=28.1158 temp=1.00 total_env_steps=2356 t=0.39s
Ep   45: len= 48 白胜 loss=28.1832 temp=1.00 total_env_steps=2404 t=0.32s
Ep   46: len= 38 白胜 loss=28.1602 temp=1.00 total_env_steps=2442 t=0.29s
Ep   47: len= 38 白胜 loss=28.0497 temp=1.00 total_env_steps=2480 t=0.29s
Ep   48: len= 41 黑胜 loss=28.1387 temp=1.00 total_env_steps=2521 t=0.31s
Ep   49: len= 39 黑胜 loss=28.2947 temp=1.00 total_env_steps=2560 t=0.29s
Ep   50: len= 50 白胜 loss=28.2369 temp=1.00 total_env_steps=2610 t=0.36s
Ep   51: len= 46 白胜 loss=28.3527 temp=1.00 total_env_steps=2656 t=0.28s
Ep   52: len= 49 黑胜 loss=28.3495 temp=1.00 total_env_steps=2705 t=0.35s
Ep   53: len= 60 白胜 loss=28.0135 temp=1.00 total_env_steps=2765 t=0.43s
Ep   54: len= 67 黑胜 loss=28.1136 temp=1.00 total_env_steps=2832 t=0.44s
Ep   55: len= 71 黑胜 loss=28.0739 temp=1.00 total_env_steps=2903 t=0.45s
Ep   56: len= 49 黑胜 loss=28.1333 temp=1.00 total_env_steps=2952 t=0.36s
Ep   57: len= 52 白胜 loss=28.1566 temp=1.00 total_env_steps=3004 t=0.38s
Ep   58: len= 49 黑胜 loss=28.0192 temp=1.00 total_env_steps=3053 t=0.35s
Ep   59: len= 49 黑胜 loss=27.9678 temp=1.00 total_env_steps=3102 t=0.34s
Ep   60: len= 57 黑胜 loss=28.0552 temp=1.00 total_env_steps=3159 t=0.38s
Ep   61: len= 46 白胜 loss=28.1132 temp=1.00 total_env_steps=3205 t=0.32s
Ep   62: len= 64 白胜 loss=28.4502 temp=1.00 total_env_steps=3269 t=0.41s
Ep   63: len= 57 黑胜 loss=28.2016 temp=1.00 total_env_steps=3326 t=0.39s
Ep   64: len= 25 黑胜 loss=27.7932 temp=1.00 total_env_steps=3351 t=0.20s
Ep   65: len= 63 黑胜 loss=28.3127 temp=1.00 total_env_steps=3414 t=0.43s
Ep   66: len= 56 白胜 loss=28.3070 temp=1.00 total_env_steps=3470 t=0.38s
Ep   67: len= 58 白胜 loss=28.2899 temp=1.00 total_env_steps=3528 t=0.39s
Ep   68: len= 56 白胜 loss=28.3840 temp=1.00 total_env_steps=3584 t=0.39s
Ep   69: len= 56 白胜 loss=28.1977 temp=1.00 total_env_steps=3640 t=0.42s
Ep   70: len= 64 白胜 loss=28.0423 temp=1.00 total_env_steps=3704 t=0.42s
Ep   71: len= 41 黑胜 loss=28.0597 temp=1.00 total_env_steps=3745 t=0.30s
Ep   72: len= 81 平局 loss=28.2520 temp=1.00 total_env_steps=3826 t=0.53s
Ep   73: len= 44 白胜 loss=28.1979 temp=1.00 total_env_steps=3870 t=0.31s
Ep   74: len= 32 白胜 loss=28.0333 temp=1.00 total_env_steps=3902 t=0.29s
Ep   75: len= 29 黑胜 loss=28.1124 temp=1.00 total_env_steps=3931 t=0.25s
Ep   76: len= 39 黑胜 loss=28.0508 temp=1.00 total_env_steps=3970 t=0.30s
Ep   77: len= 49 黑胜 loss=28.1885 temp=1.00 total_env_steps=4019 t=0.36s
Ep   78: len= 26 白胜 loss=28.0245 temp=1.00 total_env_steps=4045 t=0.24s
Ep   79: len= 64 白胜 loss=28.0483 temp=1.00 total_env_steps=4109 t=0.51s
Ep   80: len= 25 黑胜 loss=27.9846 temp=1.00 total_env_steps=4134 t=0.22s
Ep   81: len= 51 黑胜 loss=28.1011 temp=1.00 total_env_steps=4185 t=0.36s
Ep   82: len= 39 黑胜 loss=28.2629 temp=1.00 total_env_steps=4224 t=0.32s
Ep   83: len= 53 黑胜 loss=28.0907 temp=1.00 total_env_steps=4277 t=0.42s
Ep   84: len= 53 黑胜 loss=28.0673 temp=1.00 total_env_steps=4330 t=0.37s
Ep   85: len= 51 黑胜 loss=28.0339 temp=1.00 total_env_steps=4381 t=0.35s
Ep   86: len= 53 黑胜 loss=28.1256 temp=1.00 total_env_steps=4434 t=0.37s
Ep   87: len= 35 黑胜 loss=27.9503 temp=1.00 total_env_steps=4469 t=0.26s
Ep   88: len= 43 黑胜 loss=28.1722 temp=1.00 total_env_steps=4512 t=0.32s
Ep   89: len= 45 黑胜 loss=28.1119 temp=1.00 total_env_steps=4557 t=0.32s
Ep   90: len= 64 白胜 loss=28.3793 temp=1.00 total_env_steps=4621 t=0.43s
Ep   91: len= 54 白胜 loss=28.1670 temp=1.00 total_env_steps=4675 t=0.38s
Ep   92: len= 72 白胜 loss=27.9605 temp=1.00 total_env_steps=4747 t=0.46s
Ep   93: len= 43 黑胜 loss=28.1190 temp=1.00 total_env_steps=4790 t=0.32s
Ep   94: len= 29 黑胜 loss=28.3230 temp=1.00 total_env_steps=4819 t=0.24s
Ep   95: len= 57 黑胜 loss=28.0735 temp=1.00 total_env_steps=4876 t=0.40s
Ep   96: len= 59 黑胜 loss=28.2067 temp=1.00 total_env_steps=4935 t=0.40s
Ep   97: len= 37 黑胜 loss=28.0604 temp=1.00 total_env_steps=4972 t=0.28s
Ep   98: len= 47 黑胜 loss=27.7888 temp=1.00 total_env_steps=5019 t=0.32s
Ep   99: len= 35 黑胜 loss=28.0613 temp=1.00 total_env_steps=5054 t=0.27s
Ep  100: len= 43 黑胜 loss=27.9291 temp=1.00 total_env_steps=5097 t=0.32s
Ep  101: len= 64 白胜 loss=28.0563 temp=1.00 total_env_steps=5161 t=0.42s
Ep  102: len= 42 白胜 loss=28.2183 temp=1.00 total_env_steps=5203 t=0.33s
Ep  103: len= 34 白胜 loss=28.1360 temp=1.00 total_env_steps=5237 t=0.28s
Ep  104: len= 48 白胜 loss=28.0368 temp=1.00 total_env_steps=5285 t=0.42s
Ep  105: len= 34 白胜 loss=28.0609 temp=1.00 total_env_steps=5319 t=0.26s
Ep  106: len= 27 黑胜 loss=28.0508 temp=1.00 total_env_steps=5346 t=0.23s
Ep  107: len= 37 黑胜 loss=28.0172 temp=1.00 total_env_steps=5383 t=0.28s
Ep  108: len= 51 黑胜 loss=28.2015 temp=1.00 total_env_steps=5434 t=0.34s
Ep  109: len= 38 白胜 loss=28.0908 temp=1.00 total_env_steps=5472 t=0.29s
Ep  110: len= 52 白胜 loss=28.1223 temp=1.00 total_env_steps=5524 t=0.37s
Ep  111: len= 36 白胜 loss=27.9550 temp=1.00 total_env_steps=5560 t=0.29s
Ep  112: len= 56 白胜 loss=28.0954 temp=1.00 total_env_steps=5616 t=0.39s
Ep  113: len= 33 黑胜 loss=27.9276 temp=1.00 total_env_steps=5649 t=0.36s
Ep  114: len= 46 白胜 loss=28.1634 temp=1.00 total_env_steps=5695 t=0.33s
Ep  115: len= 54 白胜 loss=28.1098 temp=1.00 total_env_steps=5749 t=0.37s
Ep  116: len= 43 黑胜 loss=28.2854 temp=1.00 total_env_steps=5792 t=0.31s
Ep  117: len= 45 黑胜 loss=28.0143 temp=1.00 total_env_steps=5837 t=0.34s
Ep  118: len= 39 黑胜 loss=28.2741 temp=1.00 total_env_steps=5876 t=0.29s
Ep  119: len= 42 白胜 loss=28.0444 temp=1.00 total_env_steps=5918 t=0.33s
Ep  120: len= 36 白胜 loss=28.0905 temp=1.00 total_env_steps=5954 t=0.31s
Ep  121: len= 36 白胜 loss=27.9901 temp=1.00 total_env_steps=5990 t=0.29s
Ep  122: len= 48 白胜 loss=28.1140 temp=1.00 total_env_steps=6038 t=0.33s
Ep  123: len= 61 黑胜 loss=28.0760 temp=1.00 total_env_steps=6099 t=0.42s
Ep  124: len= 39 黑胜 loss=28.0596 temp=1.00 total_env_steps=6138 t=0.29s
Ep  125: len= 36 白胜 loss=27.8605 temp=1.00 total_env_steps=6174 t=0.28s
Ep  126: len= 53 黑胜 loss=28.1479 temp=1.00 total_env_steps=6227 t=0.36s
Ep  127: len= 51 黑胜 loss=28.0267 temp=1.00 total_env_steps=6278 t=0.38s
Ep  128: len= 37 黑胜 loss=28.2059 temp=1.00 total_env_steps=6315 t=0.32s
Ep  129: len= 42 白胜 loss=28.0290 temp=1.00 total_env_steps=6357 t=0.32s
Ep  130: len= 45 黑胜 loss=28.1588 temp=1.00 total_env_steps=6402 t=0.34s
Ep  131: len= 52 白胜 loss=28.0702 temp=1.00 total_env_steps=6454 t=0.36s
Ep  132: len= 53 黑胜 loss=28.1077 temp=1.00 total_env_steps=6507 t=0.34s
Ep  133: len= 62 白胜 loss=28.2197 temp=1.00 total_env_steps=6569 t=0.41s
Ep  134: len= 25 黑胜 loss=27.9325 temp=1.00 total_env_steps=6594 t=0.21s
Ep  135: len= 42 白胜 loss=28.0940 temp=1.00 total_env_steps=6636 t=0.30s
Ep  136: len= 43 黑胜 loss=28.0497 temp=1.00 total_env_steps=6679 t=0.31s
Ep  137: len= 53 黑胜 loss=27.9534 temp=1.00 total_env_steps=6732 t=0.35s
Ep  138: len= 49 黑胜 loss=27.9656 temp=1.00 total_env_steps=6781 t=0.35s
Ep  139: len= 49 黑胜 loss=27.8996 temp=1.00 total_env_steps=6830 t=0.35s
Ep  140: len= 38 白胜 loss=28.0011 temp=1.00 total_env_steps=6868 t=0.28s
Ep  141: len= 50 白胜 loss=27.9975 temp=1.00 total_env_steps=6918 t=0.37s
Ep  142: len= 36 白胜 loss=28.2041 temp=1.00 total_env_steps=6954 t=0.28s
Ep  143: len= 27 黑胜 loss=27.9782 temp=1.00 total_env_steps=6981 t=0.22s
Ep  144: len= 42 白胜 loss=28.2119 temp=1.00 total_env_steps=7023 t=0.31s
Ep  145: len= 61 黑胜 loss=28.2118 temp=1.00 total_env_steps=7084 t=0.43s
Ep  146: len= 40 白胜 loss=27.9721 temp=1.00 total_env_steps=7124 t=0.28s
Ep  147: len= 46 白胜 loss=28.1854 temp=1.00 total_env_steps=7170 t=0.33s
Ep  148: len= 34 白胜 loss=28.0073 temp=1.00 total_env_steps=7204 t=0.26s
Ep  149: len= 47 黑胜 loss=27.7825 temp=1.00 total_env_steps=7251 t=0.34s
Ep  150: len= 38 白胜 loss=27.7255 temp=1.00 total_env_steps=7289 t=0.28s
Ep  151: len= 45 黑胜 loss=27.6288 temp=1.00 total_env_steps=7334 t=0.33s
Ep  152: len= 63 黑胜 loss=27.9612 temp=1.00 total_env_steps=7397 t=0.42s
Ep  153: len= 34 白胜 loss=27.8659 temp=1.00 total_env_steps=7431 t=0.25s
Ep  154: len= 35 黑胜 loss=28.2186 temp=1.00 total_env_steps=7466 t=0.27s
Ep  155: len= 61 黑胜 loss=27.8531 temp=1.00 total_env_steps=7527 t=0.42s
Ep  156: len= 35 黑胜 loss=28.1364 temp=1.00 total_env_steps=7562 t=0.33s
Ep  157: len= 41 黑胜 loss=28.0132 temp=1.00 total_env_steps=7603 t=0.29s
Ep  158: len= 34 白胜 loss=27.9846 temp=1.00 total_env_steps=7637 t=0.28s
Ep  159: len= 27 黑胜 loss=28.0985 temp=1.00 total_env_steps=7664 t=0.21s
Ep  160: len= 44 白胜 loss=27.9889 temp=1.00 total_env_steps=7708 t=0.33s
Ep  161: len= 29 黑胜 loss=28.1532 temp=1.00 total_env_steps=7737 t=0.24s
Ep  162: len= 29 黑胜 loss=27.9461 temp=1.00 total_env_steps=7766 t=0.23s
Ep  163: len= 81 平局 loss=27.9913 temp=1.00 total_env_steps=7847 t=0.55s
Ep  164: len= 28 白胜 loss=27.9296 temp=1.00 total_env_steps=7875 t=0.23s
Ep  165: len= 34 白胜 loss=27.7799 temp=1.00 total_env_steps=7909 t=0.25s
Ep  166: len= 35 黑胜 loss=28.0250 temp=1.00 total_env_steps=7944 t=0.27s
Ep  167: len= 43 黑胜 loss=28.0118 temp=1.00 total_env_steps=7987 t=0.31s
Ep  168: len= 47 黑胜 loss=28.0870 temp=1.00 total_env_steps=8034 t=0.34s
Ep  169: len= 39 黑胜 loss=28.0064 temp=1.00 total_env_steps=8073 t=0.28s
Ep  170: len= 39 黑胜 loss=28.0753 temp=1.00 total_env_steps=8112 t=0.28s
Ep  171: len= 48 白胜 loss=28.0489 temp=1.00 total_env_steps=8160 t=0.36s
Ep  172: len= 27 黑胜 loss=28.0156 temp=1.00 total_env_steps=8187 t=0.22s
Ep  173: len= 71 黑胜 loss=27.9315 temp=1.00 total_env_steps=8258 t=0.46s
Ep  174: len= 62 白胜 loss=28.0031 temp=1.00 total_env_steps=8320 t=0.39s
Ep  175: len= 37 黑胜 loss=28.0736 temp=1.00 total_env_steps=8357 t=0.25s
Ep  176: len= 42 白胜 loss=28.1244 temp=1.00 total_env_steps=8399 t=0.28s
Ep  177: len= 54 白胜 loss=27.8937 temp=1.00 total_env_steps=8453 t=0.37s
Ep  178: len= 81 平局 loss=27.7952 temp=1.00 total_env_steps=8534 t=0.49s
Ep  179: len= 33 黑胜 loss=28.0853 temp=1.00 total_env_steps=8567 t=0.24s
Ep  180: len= 58 白胜 loss=27.9784 temp=1.00 total_env_steps=8625 t=0.36s
Ep  181: len= 41 黑胜 loss=27.8250 temp=1.00 total_env_steps=8666 t=0.29s
Ep  182: len= 47 黑胜 loss=28.0181 temp=1.00 total_env_steps=8713 t=0.31s
Ep  183: len= 41 黑胜 loss=27.8951 temp=1.00 total_env_steps=8754 t=0.31s
Ep  184: len= 43 黑胜 loss=28.1535 temp=1.00 total_env_steps=8797 t=0.30s
Ep  185: len= 42 白胜 loss=28.1066 temp=1.00 total_env_steps=8839 t=0.30s
Ep  186: len= 60 白胜 loss=27.8561 temp=1.00 total_env_steps=8899 t=0.42s
Ep  187: len= 45 黑胜 loss=28.0177 temp=1.00 total_env_steps=8944 t=0.31s
Ep  188: len= 39 黑胜 loss=27.8520 temp=1.00 total_env_steps=8983 t=0.27s
Ep  189: len= 52 白胜 loss=28.1056 temp=1.00 total_env_steps=9035 t=0.35s
Ep  190: len= 80 白胜 loss=28.0653 temp=1.00 total_env_steps=9115 t=0.51s
Ep  191: len= 56 白胜 loss=27.8168 temp=1.00 total_env_steps=9171 t=0.39s
Ep  192: len= 34 白胜 loss=27.9003 temp=1.00 total_env_steps=9205 t=0.26s
Ep  193: len= 46 白胜 loss=27.9293 temp=1.00 total_env_steps=9251 t=0.33s
Ep  194: len= 49 黑胜 loss=28.1254 temp=1.00 total_env_steps=9300 t=0.36s
Ep  195: len= 62 白胜 loss=27.8833 temp=1.00 total_env_steps=9362 t=0.43s
Ep  196: len= 67 黑胜 loss=27.8074 temp=1.00 total_env_steps=9429 t=0.46s
Ep  197: len= 37 黑胜 loss=28.0311 temp=1.00 total_env_steps=9466 t=0.29s
Ep  198: len= 30 白胜 loss=27.8052 temp=1.00 total_env_steps=9496 t=0.26s
Ep  199: len= 37 黑胜 loss=28.0028 temp=1.00 total_env_steps=9533 t=0.31s
Ep  200: len= 43 黑胜 loss=27.9904 temp=1.00 total_env_steps=9576 t=0.34s
Ep  201: len= 73 黑胜 loss=27.8677 temp=1.00 total_env_steps=9649 t=0.51s
Ep  202: len= 35 黑胜 loss=27.7933 temp=1.00 total_env_steps=9684 t=0.31s
Ep  203: len= 51 黑胜 loss=27.8572 temp=1.00 total_env_steps=9735 t=0.40s
Ep  204: len= 38 白胜 loss=28.1621 temp=1.00 total_env_steps=9773 t=0.33s
Ep  205: len= 39 黑胜 loss=27.9656 temp=1.00 total_env_steps=9812 t=0.33s
Ep  206: len= 47 黑胜 loss=27.9101 temp=1.00 total_env_steps=9859 t=0.40s
Ep  207: len= 54 白胜 loss=27.9436 temp=1.00 total_env_steps=9913 t=0.41s
Ep  208: len= 50 白胜 loss=27.8246 temp=1.00 total_env_steps=9963 t=0.39s
Ep  209: len= 49 黑胜 loss=27.9096 temp=1.00 total_env_steps=10012 t=0.37s
Ep  210: len= 46 白胜 loss=28.0962 temp=1.00 total_env_steps=10058 t=0.36s
Ep  211: len= 55 黑胜 loss=27.9898 temp=1.00 total_env_steps=10113 t=0.43s
Ep  212: len= 54 白胜 loss=27.9076 temp=1.00 total_env_steps=10167 t=0.42s
Ep  213: len= 47 黑胜 loss=27.8816 temp=1.00 total_env_steps=10214 t=0.39s
Ep  214: len= 44 白胜 loss=28.1184 temp=1.00 total_env_steps=10258 t=0.39s
Ep  215: len= 71 黑胜 loss=28.1275 temp=1.00 total_env_steps=10329 t=0.50s
Ep  216: len= 40 白胜 loss=27.9844 temp=1.00 total_env_steps=10369 t=0.36s
Ep  217: len= 53 黑胜 loss=27.7828 temp=1.00 total_env_steps=10422 t=0.43s
Ep  218: len= 57 黑胜 loss=28.0771 temp=1.00 total_env_steps=10479 t=0.45s
Ep  219: len= 48 白胜 loss=27.9491 temp=1.00 total_env_steps=10527 t=0.41s
Ep  220: len= 50 白胜 loss=27.8234 temp=1.00 total_env_steps=10577 t=0.40s
Ep  221: len= 47 黑胜 loss=27.8102 temp=1.00 total_env_steps=10624 t=0.40s
Ep  222: len= 58 白胜 loss=28.0393 temp=1.00 total_env_steps=10682 t=0.44s
Ep  223: len= 60 白胜 loss=27.8110 temp=1.00 total_env_steps=10742 t=0.47s
Ep  224: len= 55 黑胜 loss=27.9000 temp=1.00 total_env_steps=10797 t=0.43s
Ep  225: len= 45 黑胜 loss=27.9259 temp=1.00 total_env_steps=10842 t=0.39s
Ep  226: len= 68 白胜 loss=27.8826 temp=1.00 total_env_steps=10910 t=0.50s
Ep  227: len= 36 白胜 loss=28.0004 temp=1.00 total_env_steps=10946 t=0.34s
Ep  228: len= 31 黑胜 loss=27.8663 temp=1.00 total_env_steps=10977 t=0.32s
Ep  229: len= 34 白胜 loss=27.8137 temp=1.00 total_env_steps=11011 t=0.33s
Ep  230: len= 43 黑胜 loss=27.9395 temp=1.00 total_env_steps=11054 t=0.40s
Ep  231: len= 39 黑胜 loss=27.8270 temp=1.00 total_env_steps=11093 t=0.37s
Ep  232: len= 36 白胜 loss=28.0380 temp=1.00 total_env_steps=11129 t=0.35s
Ep  233: len= 53 黑胜 loss=28.2658 temp=1.00 total_env_steps=11182 t=0.44s
Ep  234: len= 31 黑胜 loss=27.8385 temp=1.00 total_env_steps=11213 t=0.31s
Ep  235: len= 28 白胜 loss=27.8282 temp=1.00 total_env_steps=11241 t=0.29s
Ep  236: len= 40 白胜 loss=28.0625 temp=1.00 total_env_steps=11281 t=0.38s
Ep  237: len= 38 白胜 loss=28.0252 temp=1.00 total_env_steps=11319 t=0.35s
Ep  238: len= 35 黑胜 loss=27.9504 temp=1.00 total_env_steps=11354 t=0.35s
Ep  239: len= 53 黑胜 loss=27.9642 temp=1.00 total_env_steps=11407 t=0.42s
Ep  240: len= 42 白胜 loss=27.7691 temp=1.00 total_env_steps=11449 t=0.38s
Ep  241: len= 60 白胜 loss=27.9963 temp=1.00 total_env_steps=11509 t=0.52s
Ep  242: len= 43 黑胜 loss=28.0083 temp=1.00 total_env_steps=11552 t=0.38s
Ep  243: len= 63 黑胜 loss=27.8632 temp=1.00 total_env_steps=11615 t=0.48s
Ep  244: len= 42 白胜 loss=27.8702 temp=1.00 total_env_steps=11657 t=0.41s
Ep  245: len= 61 黑胜 loss=28.0479 temp=1.00 total_env_steps=11718 t=0.48s
Ep  246: len= 48 白胜 loss=27.7757 temp=1.00 total_env_steps=11766 t=0.41s
Ep  247: len= 58 白胜 loss=27.8839 temp=1.00 total_env_steps=11824 t=0.45s
Ep  248: len= 54 白胜 loss=27.9683 temp=1.00 total_env_steps=11878 t=0.44s
Ep  249: len= 55 黑胜 loss=27.9666 temp=1.00 total_env_steps=11933 t=0.44s
Ep  250: len= 59 黑胜 loss=27.7976 temp=1.00 total_env_steps=11992 t=0.45s
Ep  251: len= 69 黑胜 loss=28.0063 temp=1.00 total_env_steps=12061 t=0.52s
Ep  252: len= 51 黑胜 loss=27.8591 temp=1.00 total_env_steps=12112 t=0.42s
Ep  253: len= 38 白胜 loss=27.9803 temp=1.00 total_env_steps=12150 t=0.35s
Ep  254: len= 37 黑胜 loss=28.0029 temp=1.00 total_env_steps=12187 t=0.35s
Ep  255: len= 39 黑胜 loss=27.8795 temp=1.00 total_env_steps=12226 t=0.37s
Ep  256: len= 50 白胜 loss=27.7593 temp=1.00 total_env_steps=12276 t=0.43s
Ep  257: len= 33 黑胜 loss=27.8626 temp=1.00 total_env_steps=12309 t=0.33s
Ep  258: len= 32 白胜 loss=27.6340 temp=1.00 total_env_steps=12341 t=0.32s
Ep  259: len= 37 黑胜 loss=27.9079 temp=1.00 total_env_steps=12378 t=0.35s
Ep  260: len= 50 白胜 loss=27.9910 temp=1.00 total_env_steps=12428 t=0.40s
Ep  261: len= 40 白胜 loss=27.9351 temp=1.00 total_env_steps=12468 t=0.37s
Ep  262: len= 44 白胜 loss=27.7470 temp=1.00 total_env_steps=12512 t=0.43s
Ep  263: len= 36 白胜 loss=27.7718 temp=1.00 total_env_steps=12548 t=0.33s
Ep  264: len= 56 白胜 loss=27.8826 temp=1.00 total_env_steps=12604 t=0.45s
Ep  265: len= 24 白胜 loss=27.8897 temp=1.00 total_env_steps=12628 t=0.28s
Ep  266: len= 42 白胜 loss=28.0137 temp=1.00 total_env_steps=12670 t=0.37s
Ep  267: len= 48 白胜 loss=27.8429 temp=1.00 total_env_steps=12718 t=0.41s
Ep  268: len= 57 黑胜 loss=27.6905 temp=1.00 total_env_steps=12775 t=0.45s
Ep  269: len= 69 黑胜 loss=28.2357 temp=1.00 total_env_steps=12844 t=0.49s
Ep  270: len= 55 黑胜 loss=28.1440 temp=1.00 total_env_steps=12899 t=0.45s
Ep  271: len= 32 白胜 loss=27.9576 temp=1.00 total_env_steps=12931 t=0.33s
Ep  272: len= 32 白胜 loss=27.9931 temp=1.00 total_env_steps=12963 t=0.32s
Ep  273: len= 55 黑胜 loss=27.9227 temp=1.00 total_env_steps=13018 t=0.41s
Ep  274: len= 33 黑胜 loss=28.0376 temp=1.00 total_env_steps=13051 t=0.31s
Ep  275: len= 46 白胜 loss=27.6675 temp=1.00 total_env_steps=13097 t=0.41s
Ep  276: len= 43 黑胜 loss=27.8396 temp=1.00 total_env_steps=13140 t=0.37s
Ep  277: len= 43 黑胜 loss=27.8883 temp=1.00 total_env_steps=13183 t=0.38s
Ep  278: len= 40 白胜 loss=28.0132 temp=1.00 total_env_steps=13223 t=0.35s
Ep  279: len= 55 黑胜 loss=27.9867 temp=1.00 total_env_steps=13278 t=0.44s
Ep  280: len= 37 黑胜 loss=27.9555 temp=1.00 total_env_steps=13315 t=0.33s
Ep  281: len= 45 黑胜 loss=27.8042 temp=1.00 total_env_steps=13360 t=0.36s
Ep  282: len= 27 黑胜 loss=28.0915 temp=1.00 total_env_steps=13387 t=0.28s
Ep  283: len= 52 白胜 loss=28.1257 temp=1.00 total_env_steps=13439 t=0.41s
Ep  284: len= 34 白胜 loss=27.7578 temp=1.00 total_env_steps=13473 t=0.32s
Ep  285: len= 32 白胜 loss=27.8746 temp=1.00 total_env_steps=13505 t=0.31s
Ep  286: len= 38 白胜 loss=28.0272 temp=1.00 total_env_steps=13543 t=0.34s
Ep  287: len= 70 白胜 loss=28.0431 temp=1.00 total_env_steps=13613 t=0.50s
Ep  288: len= 51 黑胜 loss=27.9486 temp=1.00 total_env_steps=13664 t=0.41s
Ep  289: len= 38 白胜 loss=27.9394 temp=1.00 total_env_steps=13702 t=0.39s
Ep  290: len= 34 白胜 loss=27.8833 temp=1.00 total_env_steps=13736 t=0.34s
Ep  291: len= 44 白胜 loss=27.8229 temp=1.00 total_env_steps=13780 t=0.45s
Ep  292: len= 63 黑胜 loss=27.8335 temp=1.00 total_env_steps=13843 t=0.52s
Ep  293: len= 53 黑胜 loss=27.7877 temp=1.00 total_env_steps=13896 t=0.45s
Ep  294: len= 54 白胜 loss=27.8787 temp=1.00 total_env_steps=13950 t=0.42s
Ep  295: len= 60 白胜 loss=27.8679 temp=1.00 total_env_steps=14010 t=0.44s
Ep  296: len= 58 白胜 loss=27.9062 temp=1.00 total_env_steps=14068 t=0.45s
Ep  297: len= 53 黑胜 loss=27.8322 temp=1.00 total_env_steps=14121 t=0.42s
Ep  298: len= 54 白胜 loss=28.0731 temp=1.00 total_env_steps=14175 t=0.41s
Ep  299: len= 53 黑胜 loss=27.9425 temp=1.00 total_env_steps=14228 t=0.43s
Ep  300: len= 38 白胜 loss=27.9077 temp=1.00 total_env_steps=14266 t=0.33s
Ep  301: len= 25 黑胜 loss=27.7738 temp=1.00 total_env_steps=14291 t=0.27s
Ep  302: len= 33 黑胜 loss=28.0139 temp=1.00 total_env_steps=14324 t=0.31s
Ep  303: len= 44 白胜 loss=27.8767 temp=1.00 total_env_steps=14368 t=0.35s
Ep  304: len= 35 黑胜 loss=28.0107 temp=1.00 total_env_steps=14403 t=0.31s
Ep  305: len= 65 黑胜 loss=27.7129 temp=1.00 total_env_steps=14468 t=0.46s
Ep  306: len= 44 白胜 loss=27.7656 temp=1.00 total_env_steps=14512 t=0.37s
Ep  307: len= 59 黑胜 loss=27.9081 temp=1.00 total_env_steps=14571 t=0.45s
Ep  308: len= 56 白胜 loss=27.7594 temp=1.00 total_env_steps=14627 t=0.43s
Ep  309: len= 47 黑胜 loss=27.9677 temp=1.00 total_env_steps=14674 t=0.38s
Ep  310: len= 39 黑胜 loss=27.9634 temp=1.00 total_env_steps=14713 t=0.35s
Ep  311: len= 45 黑胜 loss=27.7898 temp=1.00 total_env_steps=14758 t=0.38s
Ep  312: len= 57 黑胜 loss=28.0581 temp=1.00 total_env_steps=14815 t=0.44s
Ep  313: len= 63 黑胜 loss=27.9845 temp=1.00 total_env_steps=14878 t=0.45s
Ep  314: len= 63 黑胜 loss=28.0682 temp=1.00 total_env_steps=14941 t=0.45s
Ep  315: len= 35 黑胜 loss=28.0076 temp=1.00 total_env_steps=14976 t=0.32s
Ep  316: len= 29 黑胜 loss=27.9122 temp=1.00 total_env_steps=15005 t=0.29s
Ep  317: len= 36 白胜 loss=27.7100 temp=1.00 total_env_steps=15041 t=0.32s
Ep  318: len= 25 黑胜 loss=27.8727 temp=1.00 total_env_steps=15066 t=0.27s
Ep  319: len= 39 黑胜 loss=28.0296 temp=1.00 total_env_steps=15105 t=0.37s
Ep  320: len= 43 黑胜 loss=28.0460 temp=1.00 total_env_steps=15148 t=0.35s
Ep  321: len= 39 黑胜 loss=27.8797 temp=1.00 total_env_steps=15187 t=0.34s
Ep  322: len= 33 黑胜 loss=27.8718 temp=1.00 total_env_steps=15220 t=0.31s
Ep  323: len= 56 白胜 loss=27.8193 temp=1.00 total_env_steps=15276 t=0.46s
Ep  324: len= 51 黑胜 loss=27.9457 temp=1.00 total_env_steps=15327 t=0.39s
Ep  325: len= 46 白胜 loss=27.8606 temp=1.00 total_env_steps=15373 t=0.36s
Ep  326: len= 46 白胜 loss=27.8307 temp=1.00 total_env_steps=15419 t=0.35s
Ep  327: len= 57 黑胜 loss=27.8499 temp=1.00 total_env_steps=15476 t=0.41s
Ep  328: len= 33 黑胜 loss=27.7309 temp=1.00 total_env_steps=15509 t=0.30s
Ep  329: len= 57 黑胜 loss=27.8141 temp=1.00 total_env_steps=15566 t=0.42s
Ep  330: len= 38 白胜 loss=27.9433 temp=1.00 total_env_steps=15604 t=0.33s
Ep  331: len= 37 黑胜 loss=27.9533 temp=1.00 total_env_steps=15641 t=0.34s
Ep  332: len= 50 白胜 loss=27.8573 temp=1.00 total_env_steps=15691 t=0.44s
Ep  333: len= 40 白胜 loss=27.6793 temp=1.00 total_env_steps=15731 t=0.37s
Ep  334: len= 66 白胜 loss=27.9818 temp=1.00 total_env_steps=15797 t=0.45s
Ep  335: len= 48 白胜 loss=27.8055 temp=1.00 total_env_steps=15845 t=0.38s
Ep  336: len= 40 白胜 loss=27.9967 temp=1.00 total_env_steps=15885 t=0.33s
Ep  337: len= 62 白胜 loss=27.7751 temp=1.00 total_env_steps=15947 t=0.46s
Ep  338: len= 33 黑胜 loss=27.8589 temp=1.00 total_env_steps=15980 t=0.31s
Ep  339: len= 65 黑胜 loss=27.9898 temp=1.00 total_env_steps=16045 t=0.47s
Ep  340: len= 46 白胜 loss=27.7995 temp=1.00 total_env_steps=16091 t=0.38s
Ep  341: len= 46 白胜 loss=27.9197 temp=1.00 total_env_steps=16137 t=0.41s
Ep  342: len= 43 黑胜 loss=27.8915 temp=1.00 total_env_steps=16180 t=0.36s
Ep  343: len= 36 白胜 loss=27.7723 temp=1.00 total_env_steps=16216 t=0.36s
Ep  344: len= 66 白胜 loss=27.8500 temp=1.00 total_env_steps=16282 t=0.47s
Ep  345: len= 40 白胜 loss=27.8634 temp=1.00 total_env_steps=16322 t=0.32s
Ep  346: len= 57 黑胜 loss=27.8597 temp=1.00 total_env_steps=16379 t=0.41s
Ep  347: len= 54 白胜 loss=27.8757 temp=1.00 total_env_steps=16433 t=0.39s
Ep  348: len= 76 白胜 loss=27.8856 temp=1.00 total_env_steps=16509 t=0.49s
Ep  349: len= 56 白胜 loss=27.7438 temp=1.00 total_env_steps=16565 t=0.41s
Ep  350: len= 58 白胜 loss=27.8449 temp=1.00 total_env_steps=16623 t=0.40s
Ep  351: len= 60 白胜 loss=27.8009 temp=1.00 total_env_steps=16683 t=0.41s
Ep  352: len= 45 黑胜 loss=27.7168 temp=1.00 total_env_steps=16728 t=0.36s
Ep  353: len= 22 白胜 loss=28.0598 temp=1.00 total_env_steps=16750 t=0.25s
Ep  354: len= 34 白胜 loss=27.8016 temp=1.00 total_env_steps=16784 t=0.31s
Ep  355: len= 35 黑胜 loss=27.8141 temp=1.00 total_env_steps=16819 t=0.30s
Ep  356: len= 37 黑胜 loss=27.7017 temp=1.00 total_env_steps=16856 t=0.36s
Ep  357: len= 44 白胜 loss=27.7723 temp=1.00 total_env_steps=16900 t=0.38s
Ep  358: len= 63 黑胜 loss=28.1441 temp=1.00 total_env_steps=16963 t=0.45s
Ep  359: len= 33 黑胜 loss=27.9419 temp=1.00 total_env_steps=16996 t=0.30s
Ep  360: len= 38 白胜 loss=27.9200 temp=1.00 total_env_steps=17034 t=0.32s
Ep  361: len= 81 平局 loss=27.8292 temp=1.00 total_env_steps=17115 t=0.51s
Ep  362: len= 60 白胜 loss=28.0140 temp=1.00 total_env_steps=17175 t=0.41s
Ep  363: len= 29 黑胜 loss=27.8209 temp=1.00 total_env_steps=17204 t=0.28s
Ep  364: len= 42 白胜 loss=27.9355 temp=1.00 total_env_steps=17246 t=0.36s
Ep  365: len= 30 白胜 loss=27.7883 temp=1.00 total_env_steps=17276 t=0.28s
Ep  366: len= 34 白胜 loss=27.9271 temp=1.00 total_env_steps=17310 t=0.29s
Ep  367: len= 39 黑胜 loss=28.0532 temp=1.00 total_env_steps=17349 t=0.31s
Ep  368: len= 48 白胜 loss=28.0640 temp=1.00 total_env_steps=17397 t=0.37s
Ep  369: len= 31 黑胜 loss=27.9080 temp=1.00 total_env_steps=17428 t=0.29s
Ep  370: len= 46 白胜 loss=27.7929 temp=1.00 total_env_steps=17474 t=0.35s
Ep  371: len= 47 黑胜 loss=27.7530 temp=1.00 total_env_steps=17521 t=0.36s
Ep  372: len= 38 白胜 loss=27.7851 temp=1.00 total_env_steps=17559 t=0.33s
Ep  373: len= 42 白胜 loss=27.7839 temp=1.00 total_env_steps=17601 t=0.34s
Ep  374: len= 35 黑胜 loss=27.6494 temp=1.00 total_env_steps=17636 t=0.30s
Ep  375: len= 65 黑胜 loss=27.9170 temp=1.00 total_env_steps=17701 t=0.43s
Ep  376: len= 39 黑胜 loss=28.0724 temp=1.00 total_env_steps=17740 t=0.32s
Ep  377: len= 48 白胜 loss=27.7930 temp=1.00 total_env_steps=17788 t=0.40s
Ep  378: len= 47 黑胜 loss=27.9852 temp=1.00 total_env_steps=17835 t=0.40s
Ep  379: len= 38 白胜 loss=28.0829 temp=1.00 total_env_steps=17873 t=0.32s
Ep  380: len= 47 黑胜 loss=27.6851 temp=1.00 total_env_steps=17920 t=0.37s
Ep  381: len= 41 黑胜 loss=28.0124 temp=1.00 total_env_steps=17961 t=0.32s
Ep  382: len= 26 白胜 loss=27.8371 temp=1.00 total_env_steps=17987 t=0.26s
Ep  383: len= 17 黑胜 loss=27.8395 temp=1.00 total_env_steps=18004 t=0.22s
Ep  384: len= 39 黑胜 loss=27.8103 temp=1.00 total_env_steps=18043 t=0.32s
Ep  385: len= 45 黑胜 loss=28.0903 temp=1.00 total_env_steps=18088 t=0.34s
Ep  386: len= 45 黑胜 loss=27.8709 temp=1.00 total_env_steps=18133 t=0.35s
Ep  387: len= 42 白胜 loss=28.0915 temp=1.00 total_env_steps=18175 t=0.33s
Ep  388: len= 35 黑胜 loss=27.9606 temp=1.00 total_env_steps=18210 t=0.30s
Ep  389: len= 35 黑胜 loss=27.8486 temp=1.00 total_env_steps=18245 t=0.32s
Ep  390: len= 46 白胜 loss=27.7877 temp=1.00 total_env_steps=18291 t=0.37s
Ep  391: len= 45 黑胜 loss=27.8174 temp=1.00 total_env_steps=18336 t=0.37s
Ep  392: len= 42 白胜 loss=27.7963 temp=1.00 total_env_steps=18378 t=0.35s
Ep  393: len= 38 白胜 loss=27.8938 temp=1.00 total_env_steps=18416 t=0.33s
Ep  394: len= 36 白胜 loss=27.7477 temp=1.00 total_env_steps=18452 t=0.31s
Ep  395: len= 36 白胜 loss=27.8477 temp=1.00 total_env_steps=18488 t=0.32s
Ep  396: len= 58 白胜 loss=27.8437 temp=1.00 total_env_steps=18546 t=0.44s
Ep  397: len= 42 白胜 loss=28.0534 temp=1.00 total_env_steps=18588 t=0.35s
Ep  398: len= 43 黑胜 loss=27.9593 temp=1.00 total_env_steps=18631 t=0.36s
Ep  399: len= 44 白胜 loss=27.9505 temp=1.00 total_env_steps=18675 t=0.40s
Ep  400: len= 70 白胜 loss=28.1791 temp=1.00 total_env_steps=18745 t=0.46s
Ep  401: len= 44 白胜 loss=27.7523 temp=1.00 total_env_steps=18789 t=0.40s
Ep  402: len= 37 黑胜 loss=27.7505 temp=1.00 total_env_steps=18826 t=0.33s
Ep  403: len= 31 黑胜 loss=27.8463 temp=1.00 total_env_steps=18857 t=0.30s
Ep  404: len= 56 白胜 loss=27.9731 temp=1.00 total_env_steps=18913 t=0.41s
Ep  405: len= 50 白胜 loss=27.8983 temp=1.00 total_env_steps=18963 t=0.39s
Ep  406: len= 26 白胜 loss=27.8226 temp=1.00 total_env_steps=18989 t=0.28s
Ep  407: len= 23 黑胜 loss=27.9145 temp=1.00 total_env_steps=19012 t=0.25s
Ep  408: len= 46 白胜 loss=28.0407 temp=1.00 total_env_steps=19058 t=0.38s
Ep  409: len= 26 白胜 loss=27.9106 temp=1.00 total_env_steps=19084 t=0.27s
Ep  410: len= 45 黑胜 loss=27.8594 temp=1.00 total_env_steps=19129 t=0.37s
Ep  411: len= 34 白胜 loss=27.7511 temp=1.00 total_env_steps=19163 t=0.31s
Ep  412: len= 33 黑胜 loss=27.9975 temp=1.00 total_env_steps=19196 t=0.30s
Ep  413: len= 28 白胜 loss=27.7213 temp=1.00 total_env_steps=19224 t=0.32s
Ep  414: len= 63 黑胜 loss=27.5890 temp=1.00 total_env_steps=19287 t=0.44s
Ep  415: len= 47 黑胜 loss=27.9303 temp=1.00 total_env_steps=19334 t=0.36s
Ep  416: len= 60 白胜 loss=27.9667 temp=1.00 total_env_steps=19394 t=0.43s
Ep  417: len= 29 黑胜 loss=27.7808 temp=1.00 total_env_steps=19423 t=0.29s
Ep  418: len= 71 黑胜 loss=27.8149 temp=1.00 total_env_steps=19494 t=0.49s
Ep  419: len= 35 黑胜 loss=27.7901 temp=1.00 total_env_steps=19529 t=0.31s
Ep  420: len= 44 白胜 loss=27.7519 temp=1.00 total_env_steps=19573 t=0.35s
Ep  421: len= 38 白胜 loss=27.9653 temp=1.00 total_env_steps=19611 t=0.32s
Ep  422: len= 46 白胜 loss=27.6938 temp=1.00 total_env_steps=19657 t=0.37s
Ep  423: len= 45 黑胜 loss=27.8096 temp=1.00 total_env_steps=19702 t=0.37s
Ep  424: len= 48 白胜 loss=27.7611 temp=1.00 total_env_steps=19750 t=0.39s
Ep  425: len= 34 白胜 loss=27.6802 temp=1.00 total_env_steps=19784 t=0.31s
Ep  426: len= 27 黑胜 loss=27.9905 temp=1.00 total_env_steps=19811 t=0.26s
Ep  427: len= 31 黑胜 loss=27.8122 temp=1.00 total_env_steps=19842 t=0.29s
Ep  428: len= 50 白胜 loss=27.7711 temp=1.00 total_env_steps=19892 t=0.43s
Ep  429: len= 64 白胜 loss=27.8073 temp=1.00 total_env_steps=19956 t=0.47s
Ep  430: len= 40 白胜 loss=27.9524 temp=1.00 total_env_steps=19996 t=0.34s
Ep  431: len= 41 黑胜 loss=27.8875 temp=1.00 total_env_steps=20037 t=0.36s
Ep  432: len= 39 黑胜 loss=27.9606 temp=1.00 total_env_steps=20076 t=0.35s
Ep  433: len= 53 黑胜 loss=28.0334 temp=1.00 total_env_steps=20129 t=0.40s
Ep  434: len= 56 白胜 loss=27.8964 temp=1.00 total_env_steps=20185 t=0.45s
Ep  435: len= 46 白胜 loss=27.8914 temp=1.00 total_env_steps=20231 t=0.38s
Ep  436: len= 70 白胜 loss=27.8981 temp=1.00 total_env_steps=20301 t=0.50s
Ep  437: len= 41 黑胜 loss=27.7057 temp=1.00 total_env_steps=20342 t=0.34s
Ep  438: len= 49 黑胜 loss=27.8368 temp=1.00 total_env_steps=20391 t=0.38s
Ep  439: len= 56 白胜 loss=28.0235 temp=1.00 total_env_steps=20447 t=0.40s
Ep  440: len= 41 黑胜 loss=27.5767 temp=1.00 total_env_steps=20488 t=0.34s
Ep  441: len= 52 白胜 loss=27.9767 temp=1.00 total_env_steps=20540 t=0.45s
Ep  442: len= 49 黑胜 loss=27.7972 temp=1.00 total_env_steps=20589 t=0.46s
Ep  443: len= 36 白胜 loss=27.6375 temp=1.00 total_env_steps=20625 t=0.33s
Ep  444: len= 37 黑胜 loss=28.0630 temp=1.00 total_env_steps=20662 t=0.32s
Ep  445: len= 40 白胜 loss=27.8332 temp=1.00 total_env_steps=20702 t=0.32s
Ep  446: len= 46 白胜 loss=27.8852 temp=1.00 total_env_steps=20748 t=0.36s
Ep  447: len= 22 白胜 loss=28.0876 temp=1.00 total_env_steps=20770 t=0.24s
Ep  448: len= 41 黑胜 loss=27.8142 temp=1.00 total_env_steps=20811 t=0.33s
Ep  449: len= 29 黑胜 loss=27.6362 temp=1.00 total_env_steps=20840 t=0.27s
Ep  450: len= 40 白胜 loss=27.6962 temp=1.00 total_env_steps=20880 t=0.32s
Ep  451: len= 42 白胜 loss=27.8166 temp=1.00 total_env_steps=20922 t=0.32s
Ep  452: len= 42 白胜 loss=27.8764 temp=1.00 total_env_steps=20964 t=0.32s
Ep  453: len= 31 黑胜 loss=27.6831 temp=1.00 total_env_steps=20995 t=0.28s
Ep  454: len= 52 白胜 loss=27.8954 temp=1.00 total_env_steps=21047 t=0.38s
Ep  455: len= 41 黑胜 loss=27.4985 temp=1.00 total_env_steps=21088 t=0.32s
Ep  456: len= 44 白胜 loss=27.7752 temp=1.00 total_env_steps=21132 t=0.33s
Ep  457: len= 32 白胜 loss=27.7065 temp=1.00 total_env_steps=21164 t=0.29s
Ep  458: len= 39 黑胜 loss=27.9115 temp=1.00 total_env_steps=21203 t=0.33s
Ep  459: len= 31 黑胜 loss=27.9926 temp=1.00 total_env_steps=21234 t=0.28s
Ep  460: len= 34 白胜 loss=27.8480 temp=1.00 total_env_steps=21268 t=0.30s
Ep  461: len= 17 黑胜 loss=27.7215 temp=1.00 total_env_steps=21285 t=0.23s
Ep  462: len= 22 白胜 loss=28.0264 temp=1.00 total_env_steps=21307 t=0.27s
Ep  463: len= 34 白胜 loss=27.8872 temp=1.00 total_env_steps=21341 t=0.33s
Ep  464: len= 41 黑胜 loss=27.8470 temp=1.00 total_env_steps=21382 t=0.34s
Ep  465: len= 62 白胜 loss=27.7787 temp=1.00 total_env_steps=21444 t=0.44s
Ep  466: len= 28 白胜 loss=27.7826 temp=1.00 total_env_steps=21472 t=0.26s
Ep  467: len= 49 黑胜 loss=28.0049 temp=1.00 total_env_steps=21521 t=0.37s
Ep  468: len= 59 黑胜 loss=27.9881 temp=1.00 total_env_steps=21580 t=0.42s
Ep  469: len= 36 白胜 loss=27.7381 temp=1.00 total_env_steps=21616 t=0.30s
Ep  470: len= 58 白胜 loss=27.6674 temp=1.00 total_env_steps=21674 t=0.45s
Ep  471: len= 40 白胜 loss=27.9288 temp=1.00 total_env_steps=21714 t=0.32s
Ep  472: len= 40 白胜 loss=27.9376 temp=1.00 total_env_steps=21754 t=0.31s
Ep  473: len= 40 白胜 loss=27.9791 temp=1.00 total_env_steps=21794 t=0.31s
Ep  474: len= 38 白胜 loss=27.6221 temp=1.00 total_env_steps=21832 t=0.32s
Ep  475: len= 46 白胜 loss=27.7432 temp=1.00 total_env_steps=21878 t=0.34s
Ep  476: len= 38 白胜 loss=27.7066 temp=1.00 total_env_steps=21916 t=0.31s
Ep  477: len= 39 黑胜 loss=27.8286 temp=1.00 total_env_steps=21955 t=0.35s
Ep  478: len= 13 黑胜 loss=27.8437 temp=1.00 total_env_steps=21968 t=0.20s
Ep  479: len= 33 黑胜 loss=27.7474 temp=1.00 total_env_steps=22001 t=0.29s
Ep  480: len= 35 黑胜 loss=27.6526 temp=1.00 total_env_steps=22036 t=0.31s
Ep  481: len= 50 白胜 loss=27.8768 temp=1.00 total_env_steps=22086 t=0.37s
Ep  482: len= 59 黑胜 loss=27.9878 temp=1.00 total_env_steps=22145 t=0.43s
Ep  483: len= 39 黑胜 loss=27.8834 temp=1.00 total_env_steps=22184 t=0.35s
Ep  484: len= 44 白胜 loss=27.7244 temp=1.00 total_env_steps=22228 t=0.34s
Ep  485: len= 19 黑胜 loss=27.8283 temp=1.00 total_env_steps=22247 t=0.23s
Ep  486: len= 40 白胜 loss=27.7291 temp=1.00 total_env_steps=22287 t=0.33s
Ep  487: len= 36 白胜 loss=27.6570 temp=1.00 total_env_steps=22323 t=0.38s
Ep  488: len= 39 黑胜 loss=27.8340 temp=1.00 total_env_steps=22362 t=0.32s
Ep  489: len= 52 白胜 loss=27.7950 temp=1.00 total_env_steps=22414 t=0.38s
Ep  490: len= 53 黑胜 loss=27.8094 temp=1.00 total_env_steps=22467 t=0.41s
Ep  491: len= 42 白胜 loss=27.6048 temp=1.00 total_env_steps=22509 t=0.36s
Ep  492: len= 45 黑胜 loss=27.7410 temp=1.00 total_env_steps=22554 t=0.37s
Ep  493: len= 47 黑胜 loss=27.6616 temp=1.00 total_env_steps=22601 t=0.38s
Ep  494: len= 24 白胜 loss=27.8409 temp=1.00 total_env_steps=22625 t=0.27s
Ep  495: len= 47 黑胜 loss=27.8273 temp=1.00 total_env_steps=22672 t=0.41s
Ep  496: len= 43 黑胜 loss=27.6972 temp=1.00 total_env_steps=22715 t=0.36s
Ep  497: len= 42 白胜 loss=27.6172 temp=1.00 total_env_steps=22757 t=0.36s
Ep  498: len= 70 白胜 loss=27.7343 temp=1.00 total_env_steps=22827 t=0.59s
Ep  499: len= 26 白胜 loss=27.9536 temp=1.00 total_env_steps=22853 t=0.32s
Ep  500: len= 42 白胜 loss=27.7942 temp=1.00 total_env_steps=22895 t=0.42s
  eval vs Gomoku-random-v0: win_rate=0.95 mean_return=0.90（20 局，total_env_steps=22895）
  ✅ 达标 ep=500 total_env_steps=22895
Ep  501: len= 22 白胜 loss=27.9448 temp=1.00 total_env_steps=22917 t=0.33s
Ep  502: len= 54 白胜 loss=27.8378 temp=1.00 total_env_steps=22971 t=0.56s
Ep  503: len= 27 黑胜 loss=27.7140 temp=1.00 total_env_steps=22998 t=0.35s
Ep  504: len= 48 白胜 loss=27.7404 temp=1.00 total_env_steps=23046 t=0.49s
Ep  505: len= 47 黑胜 loss=27.5496 temp=1.00 total_env_steps=23093 t=0.47s
Ep  506: len= 20 白胜 loss=27.6528 temp=1.00 total_env_steps=23113 t=0.31s
Ep  507: len= 49 黑胜 loss=27.6988 temp=1.00 total_env_steps=23162 t=0.49s
Ep  508: len= 63 黑胜 loss=27.4931 temp=1.00 total_env_steps=23225 t=0.58s
Ep  509: len= 51 黑胜 loss=27.9631 temp=1.00 total_env_steps=23276 t=0.50s
Ep  510: len= 20 白胜 loss=27.5663 temp=1.00 total_env_steps=23296 t=0.38s
Ep  511: len= 40 白胜 loss=27.9332 temp=1.00 total_env_steps=23336 t=0.53s
Ep  512: len= 41 黑胜 loss=27.7805 temp=1.00 total_env_steps=23377 t=0.56s
Ep  513: len= 26 白胜 loss=27.8765 temp=1.00 total_env_steps=23403 t=0.42s
Ep  514: len= 44 白胜 loss=27.7142 temp=1.00 total_env_steps=23447 t=0.56s
Ep  515: len= 31 黑胜 loss=27.7997 temp=1.00 total_env_steps=23478 t=0.51s
Ep  516: len= 31 黑胜 loss=27.7328 temp=1.00 total_env_steps=23509 t=0.45s
Ep  517: len= 41 黑胜 loss=27.8645 temp=1.00 total_env_steps=23550 t=0.52s
Ep  518: len= 48 白胜 loss=27.6976 temp=1.00 total_env_steps=23598 t=0.62s
Ep  519: len= 35 黑胜 loss=27.7500 temp=1.00 total_env_steps=23633 t=0.49s
Ep  520: len= 39 黑胜 loss=27.7527 temp=1.00 total_env_steps=23672 t=0.55s
Ep  521: len= 32 白胜 loss=27.7522 temp=1.00 total_env_steps=23704 t=0.48s
Ep  522: len= 54 白胜 loss=27.6464 temp=1.00 total_env_steps=23758 t=0.66s
Ep  523: len= 32 白胜 loss=27.7143 temp=1.00 total_env_steps=23790 t=0.48s
Ep  524: len= 49 黑胜 loss=27.5402 temp=1.00 total_env_steps=23839 t=0.59s
Ep  525: len= 41 黑胜 loss=27.6793 temp=1.00 total_env_steps=23880 t=0.52s
Ep  526: len= 48 白胜 loss=27.9323 temp=1.00 total_env_steps=23928 t=0.56s
Ep  527: len= 45 黑胜 loss=27.8181 temp=1.00 total_env_steps=23973 t=0.54s
Ep  528: len= 40 白胜 loss=27.9100 temp=1.00 total_env_steps=24013 t=0.52s
Ep  529: len= 27 黑胜 loss=27.6747 temp=1.00 total_env_steps=24040 t=0.45s
Ep  530: len= 41 黑胜 loss=27.7531 temp=1.00 total_env_steps=24081 t=0.58s
Ep  531: len= 49 黑胜 loss=27.5896 temp=1.00 total_env_steps=24130 t=0.59s
Ep  532: len= 36 白胜 loss=27.7786 temp=1.00 total_env_steps=24166 t=0.52s
Ep  533: len= 26 白胜 loss=27.7113 temp=1.00 total_env_steps=24192 t=0.43s
Ep  534: len= 58 白胜 loss=27.4125 temp=1.00 total_env_steps=24250 t=0.71s
Ep  535: len= 53 黑胜 loss=27.6103 temp=1.00 total_env_steps=24303 t=0.63s
Ep  536: len= 30 白胜 loss=27.7537 temp=1.00 total_env_steps=24333 t=0.45s
Ep  537: len= 40 白胜 loss=28.0032 temp=1.00 total_env_steps=24373 t=0.48s
Ep  538: len= 31 黑胜 loss=27.7417 temp=1.00 total_env_steps=24404 t=0.44s
Ep  539: len= 41 黑胜 loss=27.7843 temp=1.00 total_env_steps=24445 t=0.50s
Ep  540: len= 37 黑胜 loss=27.5970 temp=1.00 total_env_steps=24482 t=0.47s
Ep  541: len= 26 白胜 loss=27.7544 temp=1.00 total_env_steps=24508 t=0.39s
Ep  542: len= 19 黑胜 loss=27.7865 temp=1.00 total_env_steps=24527 t=0.35s
Ep  543: len= 66 白胜 loss=27.6063 temp=1.00 total_env_steps=24593 t=0.64s
Ep  544: len= 53 黑胜 loss=27.6678 temp=1.00 total_env_steps=24646 t=0.56s
Ep  545: len= 32 白胜 loss=27.6055 temp=1.00 total_env_steps=24678 t=0.42s
Ep  546: len= 48 白胜 loss=27.8298 temp=1.00 total_env_steps=24726 t=0.52s
Ep  547: len= 63 黑胜 loss=27.6131 temp=1.00 total_env_steps=24789 t=0.66s
Ep  548: len= 34 白胜 loss=27.7754 temp=1.00 total_env_steps=24823 t=0.44s
Ep  549: len= 44 白胜 loss=27.7345 temp=1.00 total_env_steps=24867 t=0.55s
Ep  550: len= 49 黑胜 loss=27.9309 temp=1.00 total_env_steps=24916 t=0.54s
Ep  551: len= 50 白胜 loss=27.6772 temp=1.00 total_env_steps=24966 t=0.58s
Ep  552: len= 28 白胜 loss=27.6838 temp=1.00 total_env_steps=24994 t=0.44s
Ep  553: len= 37 黑胜 loss=27.7005 temp=1.00 total_env_steps=25031 t=0.49s
Ep  554: len= 34 白胜 loss=27.4466 temp=1.00 total_env_steps=25065 t=0.49s
Ep  555: len= 35 黑胜 loss=27.7070 temp=1.00 total_env_steps=25100 t=0.47s
Ep  556: len= 53 黑胜 loss=27.6017 temp=1.00 total_env_steps=25153 t=0.59s
Ep  557: len= 34 白胜 loss=27.6494 temp=1.00 total_env_steps=25187 t=0.49s
Ep  558: len= 43 黑胜 loss=27.6143 temp=1.00 total_env_steps=25230 t=0.51s
Ep  559: len= 59 黑胜 loss=27.9117 temp=1.00 total_env_steps=25289 t=0.71s
Ep  560: len= 45 黑胜 loss=27.4708 temp=1.00 total_env_steps=25334 t=0.53s
Ep  561: len= 42 白胜 loss=27.9726 temp=1.00 total_env_steps=25376 t=0.51s
Ep  562: len= 20 白胜 loss=27.9349 temp=1.00 total_env_steps=25396 t=0.38s
Ep  563: len= 53 黑胜 loss=27.7036 temp=1.00 total_env_steps=25449 t=0.66s
Ep  564: len= 42 白胜 loss=27.7653 temp=1.00 total_env_steps=25491 t=0.55s
Ep  565: len= 37 黑胜 loss=27.6542 temp=1.00 total_env_steps=25528 t=0.47s
Ep  566: len= 40 白胜 loss=27.6433 temp=1.00 total_env_steps=25568 t=0.57s
Ep  567: len= 24 白胜 loss=27.7383 temp=1.00 total_env_steps=25592 t=0.39s
Ep  568: len= 38 白胜 loss=27.7083 temp=1.00 total_env_steps=25630 t=0.49s
Ep  569: len= 56 白胜 loss=27.4898 temp=1.00 total_env_steps=25686 t=0.61s
Ep  570: len= 62 白胜 loss=27.3140 temp=1.00 total_env_steps=25748 t=0.63s
Ep  571: len= 31 黑胜 loss=27.9153 temp=1.00 total_env_steps=25779 t=0.44s
Ep  572: len= 22 白胜 loss=27.6400 temp=1.00 total_env_steps=25801 t=0.37s
Ep  573: len= 27 黑胜 loss=27.7741 temp=1.00 total_env_steps=25828 t=0.40s
Ep  574: len= 50 白胜 loss=27.5393 temp=1.00 total_env_steps=25878 t=0.53s
Ep  575: len= 57 黑胜 loss=27.6330 temp=1.00 total_env_steps=25935 t=0.60s
Ep  576: len= 73 黑胜 loss=27.3928 temp=1.00 total_env_steps=26008 t=0.72s
Ep  577: len= 36 白胜 loss=27.9120 temp=1.00 total_env_steps=26044 t=0.46s
Ep  578: len= 43 黑胜 loss=27.5125 temp=1.00 total_env_steps=26087 t=0.51s
Ep  579: len= 52 白胜 loss=27.4967 temp=1.00 total_env_steps=26139 t=0.57s
Ep  580: len= 42 白胜 loss=27.4971 temp=1.00 total_env_steps=26181 t=0.51s
Ep  581: len= 50 白胜 loss=27.6152 temp=1.00 total_env_steps=26231 t=0.56s
Ep  582: len= 37 黑胜 loss=27.6095 temp=1.00 total_env_steps=26268 t=0.47s
Ep  583: len= 49 黑胜 loss=27.5491 temp=1.00 total_env_steps=26317 t=0.57s
Ep  584: len= 47 黑胜 loss=27.7577 temp=1.00 total_env_steps=26364 t=0.59s
Ep  585: len= 42 白胜 loss=27.6809 temp=1.00 total_env_steps=26406 t=0.53s
Ep  586: len= 47 黑胜 loss=27.7232 temp=1.00 total_env_steps=26453 t=0.54s
Ep  587: len= 24 白胜 loss=27.7948 temp=1.00 total_env_steps=26477 t=0.38s
Ep  588: len= 33 黑胜 loss=27.5645 temp=1.00 total_env_steps=26510 t=0.52s
Ep  589: len= 41 黑胜 loss=27.8948 temp=1.00 total_env_steps=26551 t=0.51s
Ep  590: len= 42 白胜 loss=27.6442 temp=1.00 total_env_steps=26593 t=0.49s
Ep  591: len= 59 黑胜 loss=27.8557 temp=1.00 total_env_steps=26652 t=0.59s
Ep  592: len= 35 黑胜 loss=27.6531 temp=1.00 total_env_steps=26687 t=0.43s
Ep  593: len= 38 白胜 loss=27.6717 temp=1.00 total_env_steps=26725 t=0.49s
Ep  594: len= 33 黑胜 loss=27.6381 temp=1.00 total_env_steps=26758 t=0.47s
Ep  595: len= 33 黑胜 loss=27.6366 temp=1.00 total_env_steps=26791 t=0.49s
Ep  596: len= 50 白胜 loss=27.6831 temp=1.00 total_env_steps=26841 t=0.60s
Ep  597: len= 27 黑胜 loss=27.9264 temp=1.00 total_env_steps=26868 t=0.38s
Ep  598: len= 27 黑胜 loss=27.4787 temp=1.00 total_env_steps=26895 t=0.42s
Ep  599: len= 49 黑胜 loss=27.5036 temp=1.00 total_env_steps=26944 t=0.51s
Ep  600: len= 39 黑胜 loss=27.8447 temp=1.00 total_env_steps=26983 t=0.47s
Ep  601: len= 47 黑胜 loss=27.9221 temp=1.00 total_env_steps=27030 t=0.53s
Ep  602: len= 31 黑胜 loss=27.8912 temp=1.00 total_env_steps=27061 t=0.46s
Ep  603: len= 28 白胜 loss=27.4913 temp=1.00 total_env_steps=27089 t=0.44s
Ep  604: len= 42 白胜 loss=27.5933 temp=1.00 total_env_steps=27131 t=0.53s
Ep  605: len= 36 白胜 loss=27.5070 temp=1.00 total_env_steps=27167 t=0.51s
Ep  606: len= 25 黑胜 loss=27.6451 temp=1.00 total_env_steps=27192 t=0.40s
Ep  607: len= 35 黑胜 loss=27.6745 temp=1.00 total_env_steps=27227 t=0.47s
Ep  608: len= 27 黑胜 loss=27.7775 temp=1.00 total_env_steps=27254 t=0.46s
Ep  609: len= 59 黑胜 loss=27.8826 temp=1.00 total_env_steps=27313 t=0.70s
Ep  610: len= 55 黑胜 loss=27.6921 temp=1.00 total_env_steps=27368 t=0.67s
Ep  611: len= 39 黑胜 loss=27.4888 temp=1.00 total_env_steps=27407 t=0.52s
Ep  612: len= 60 白胜 loss=27.5386 temp=1.00 total_env_steps=27467 t=0.65s
Ep  613: len= 48 白胜 loss=27.5595 temp=1.00 total_env_steps=27515 t=0.58s
Ep  614: len= 65 黑胜 loss=27.5375 temp=1.00 total_env_steps=27580 t=0.69s
Ep  615: len= 40 白胜 loss=27.5477 temp=1.00 total_env_steps=27620 t=0.52s
Ep  616: len= 35 黑胜 loss=27.9325 temp=1.00 total_env_steps=27655 t=0.58s
Ep  617: len= 42 白胜 loss=27.7471 temp=1.00 total_env_steps=27697 t=0.50s
Ep  618: len= 42 白胜 loss=27.7314 temp=1.00 total_env_steps=27739 t=0.53s
Ep  619: len= 45 黑胜 loss=27.5728 temp=1.00 total_env_steps=27784 t=0.56s
Ep  620: len= 79 黑胜 loss=27.6286 temp=1.00 total_env_steps=27863 t=0.76s
Ep  621: len= 41 黑胜 loss=27.3533 temp=1.00 total_env_steps=27904 t=0.50s
Ep  622: len= 39 黑胜 loss=27.6514 temp=1.00 total_env_steps=27943 t=0.49s
Ep  623: len= 30 白胜 loss=27.4874 temp=1.00 total_env_steps=27973 t=0.47s
Ep  624: len= 47 黑胜 loss=27.6333 temp=1.00 total_env_steps=28020 t=0.56s
Ep  625: len= 50 白胜 loss=27.6222 temp=1.00 total_env_steps=28070 t=0.57s
Ep  626: len= 35 黑胜 loss=27.6033 temp=1.00 total_env_steps=28105 t=0.48s
Ep  627: len= 44 白胜 loss=27.5263 temp=1.00 total_env_steps=28149 t=0.53s
Ep  628: len= 55 黑胜 loss=27.6717 temp=1.00 total_env_steps=28204 t=0.63s
Ep  629: len= 42 白胜 loss=27.7202 temp=1.00 total_env_steps=28246 t=0.52s
Ep  630: len= 43 黑胜 loss=27.4485 temp=1.00 total_env_steps=28289 t=0.53s
Ep  631: len= 47 黑胜 loss=27.4115 temp=1.00 total_env_steps=28336 t=0.61s
Ep  632: len= 26 白胜 loss=27.7980 temp=1.00 total_env_steps=28362 t=0.48s
Ep  633: len= 43 黑胜 loss=27.7606 temp=1.00 total_env_steps=28405 t=0.52s
Ep  634: len= 41 黑胜 loss=27.7351 temp=1.00 total_env_steps=28446 t=0.51s
Ep  635: len= 45 黑胜 loss=27.6842 temp=1.00 total_env_steps=28491 t=0.56s
Ep  636: len= 42 白胜 loss=27.7715 temp=1.00 total_env_steps=28533 t=0.57s
Ep  637: len= 49 黑胜 loss=27.5767 temp=1.00 total_env_steps=28582 t=0.59s
Ep  638: len= 49 黑胜 loss=27.6714 temp=1.00 total_env_steps=28631 t=0.56s
Ep  639: len= 43 黑胜 loss=27.6537 temp=1.00 total_env_steps=28674 t=0.52s
Ep  640: len= 50 白胜 loss=27.4056 temp=1.00 total_env_steps=28724 t=0.55s
Ep  641: len= 40 白胜 loss=27.4607 temp=1.00 total_env_steps=28764 t=0.50s
Ep  642: len= 44 白胜 loss=27.7218 temp=1.00 total_env_steps=28808 t=0.49s
Ep  643: len= 29 黑胜 loss=27.1726 temp=1.00 total_env_steps=28837 t=0.41s
Ep  644: len= 35 黑胜 loss=27.5525 temp=1.00 total_env_steps=28872 t=0.44s
Ep  645: len= 67 黑胜 loss=27.4575 temp=1.00 total_env_steps=28939 t=0.66s
Ep  646: len= 34 白胜 loss=27.7520 temp=1.00 total_env_steps=28973 t=0.47s
Ep  647: len= 45 黑胜 loss=27.6397 temp=1.00 total_env_steps=29018 t=0.56s
Ep  648: len= 33 黑胜 loss=27.5806 temp=1.00 total_env_steps=29051 t=0.46s
Ep  649: len= 25 黑胜 loss=27.4507 temp=1.00 total_env_steps=29076 t=0.41s
Ep  650: len= 49 黑胜 loss=27.7337 temp=1.00 total_env_steps=29125 t=0.56s
Ep  651: len= 44 白胜 loss=27.3726 temp=1.00 total_env_steps=29169 t=0.50s
Ep  652: len= 22 白胜 loss=27.4619 temp=1.00 total_env_steps=29191 t=0.37s
Ep  653: len= 35 黑胜 loss=27.4806 temp=1.00 total_env_steps=29226 t=0.47s
Ep  654: len= 38 白胜 loss=27.7453 temp=1.00 total_env_steps=29264 t=0.49s
Ep  655: len= 50 白胜 loss=27.6805 temp=1.00 total_env_steps=29314 t=0.58s
Ep  656: len= 46 白胜 loss=27.4980 temp=1.00 total_env_steps=29360 t=0.60s
Ep  657: len= 26 白胜 loss=27.3570 temp=1.00 total_env_steps=29386 t=0.40s
Ep  658: len= 76 白胜 loss=27.5729 temp=1.00 total_env_steps=29462 t=0.82s
Ep  659: len= 29 黑胜 loss=27.7044 temp=1.00 total_env_steps=29491 t=0.45s
Ep  660: len= 44 白胜 loss=27.4983 temp=1.00 total_env_steps=29535 t=0.50s
Ep  661: len= 30 白胜 loss=27.6728 temp=1.00 total_env_steps=29565 t=0.47s
Ep  662: len= 30 白胜 loss=27.5069 temp=1.00 total_env_steps=29595 t=0.45s
Ep  663: len= 31 黑胜 loss=27.4974 temp=1.00 total_env_steps=29626 t=0.45s
Ep  664: len= 22 白胜 loss=27.8014 temp=1.00 total_env_steps=29648 t=0.40s
Ep  665: len= 39 黑胜 loss=27.3412 temp=1.00 total_env_steps=29687 t=0.47s
Ep  666: len= 42 白胜 loss=27.6134 temp=1.00 total_env_steps=29729 t=0.50s
Ep  667: len= 38 白胜 loss=27.6289 temp=1.00 total_env_steps=29767 t=0.51s
Ep  668: len= 40 白胜 loss=27.6361 temp=1.00 total_env_steps=29807 t=0.49s
Ep  669: len= 59 黑胜 loss=27.3706 temp=1.00 total_env_steps=29866 t=0.66s
Ep  670: len= 43 黑胜 loss=27.3312 temp=1.00 total_env_steps=29909 t=0.48s
Ep  671: len= 33 黑胜 loss=27.4680 temp=1.00 total_env_steps=29942 t=0.45s
Ep  672: len= 47 黑胜 loss=27.5125 temp=1.00 total_env_steps=29989 t=0.51s
Ep  673: len= 37 黑胜 loss=27.4934 temp=1.00 total_env_steps=30026 t=0.48s
Ep  674: len= 34 白胜 loss=27.5551 temp=1.00 total_env_steps=30060 t=0.48s
Ep  675: len= 39 黑胜 loss=27.7117 temp=1.00 total_env_steps=30099 t=0.47s
Ep  676: len= 64 白胜 loss=27.5148 temp=1.00 total_env_steps=30163 t=0.62s
Ep  677: len= 40 白胜 loss=27.4605 temp=1.00 total_env_steps=30203 t=0.49s
Ep  678: len= 45 黑胜 loss=27.3550 temp=1.00 total_env_steps=30248 t=0.54s
Ep  679: len= 39 黑胜 loss=27.5917 temp=1.00 total_env_steps=30287 t=0.51s
Ep  680: len= 54 白胜 loss=27.6588 temp=1.00 total_env_steps=30341 t=0.64s
Ep  681: len= 71 黑胜 loss=27.2335 temp=1.00 total_env_steps=30412 t=0.85s
Ep  682: len= 39 黑胜 loss=27.5761 temp=1.00 total_env_steps=30451 t=0.51s
Ep  683: len= 36 白胜 loss=27.3682 temp=1.00 total_env_steps=30487 t=0.70s
Ep  684: len= 46 白胜 loss=27.3801 temp=1.00 total_env_steps=30533 t=0.55s
Ep  685: len= 29 黑胜 loss=27.4603 temp=1.00 total_env_steps=30562 t=0.43s
Ep  686: len= 81 平局 loss=27.5373 temp=1.00 total_env_steps=30643 t=0.76s
Ep  687: len= 39 黑胜 loss=27.3801 temp=1.00 total_env_steps=30682 t=0.47s
Ep  688: len= 57 黑胜 loss=27.5028 temp=1.00 total_env_steps=30739 t=0.57s
Ep  689: len= 41 黑胜 loss=27.5382 temp=1.00 total_env_steps=30780 t=0.48s
Ep  690: len= 47 黑胜 loss=27.2986 temp=1.00 total_env_steps=30827 t=0.51s
Ep  691: len= 53 黑胜 loss=27.9598 temp=1.00 total_env_steps=30880 t=0.61s
Ep  692: len= 44 白胜 loss=27.6367 temp=1.00 total_env_steps=30924 t=0.51s
Ep  693: len= 52 白胜 loss=27.6191 temp=1.00 total_env_steps=30976 t=0.56s
Ep  694: len= 23 黑胜 loss=27.5083 temp=1.00 total_env_steps=30999 t=0.38s
Ep  695: len= 49 黑胜 loss=27.3214 temp=1.00 total_env_steps=31048 t=0.59s
Ep  696: len= 38 白胜 loss=27.7903 temp=1.00 total_env_steps=31086 t=0.50s
Ep  697: len= 43 黑胜 loss=27.6170 temp=1.00 total_env_steps=31129 t=0.53s
Ep  698: len= 59 黑胜 loss=27.3344 temp=1.00 total_env_steps=31188 t=0.65s
Ep  699: len= 44 白胜 loss=27.3104 temp=1.00 total_env_steps=31232 t=0.54s
Ep  700: len= 33 黑胜 loss=27.4319 temp=1.00 total_env_steps=31265 t=0.44s
Ep  701: len= 44 白胜 loss=27.7587 temp=1.00 total_env_steps=31309 t=0.49s
Ep  702: len= 65 黑胜 loss=27.3949 temp=1.00 total_env_steps=31374 t=0.63s
Ep  703: len= 58 白胜 loss=27.4194 temp=1.00 total_env_steps=31432 t=0.58s
Ep  704: len= 47 黑胜 loss=27.5577 temp=1.00 total_env_steps=31479 t=0.51s
Ep  705: len= 33 黑胜 loss=27.4384 temp=1.00 total_env_steps=31512 t=0.46s
Ep  706: len= 49 黑胜 loss=27.6806 temp=1.00 total_env_steps=31561 t=0.59s
Ep  707: len= 39 黑胜 loss=27.6145 temp=1.00 total_env_steps=31600 t=0.48s
Ep  708: len= 39 黑胜 loss=27.5156 temp=1.00 total_env_steps=31639 t=0.57s
Ep  709: len= 35 黑胜 loss=27.5638 temp=1.00 total_env_steps=31674 t=0.49s
Ep  710: len= 19 黑胜 loss=27.7238 temp=1.00 total_env_steps=31693 t=0.41s
Ep  711: len= 44 白胜 loss=27.5799 temp=1.00 total_env_steps=31737 t=0.57s
Ep  712: len= 44 白胜 loss=27.4237 temp=1.00 total_env_steps=31781 t=0.77s
Ep  713: len= 39 黑胜 loss=27.5606 temp=1.00 total_env_steps=31820 t=0.53s
Ep  714: len= 31 黑胜 loss=27.5467 temp=1.00 total_env_steps=31851 t=0.47s
Ep  715: len= 37 黑胜 loss=27.4289 temp=1.00 total_env_steps=31888 t=0.50s
Ep  716: len= 39 黑胜 loss=27.8263 temp=1.00 total_env_steps=31927 t=0.52s
Ep  717: len= 36 白胜 loss=27.3143 temp=1.00 total_env_steps=31963 t=0.51s
Ep  718: len= 32 白胜 loss=27.3380 temp=1.00 total_env_steps=31995 t=0.51s
Ep  719: len= 31 黑胜 loss=27.4784 temp=1.00 total_env_steps=32026 t=0.46s
Ep  720: len= 44 白胜 loss=27.7314 temp=1.00 total_env_steps=32070 t=0.61s
Ep  721: len= 43 黑胜 loss=27.6564 temp=1.00 total_env_steps=32113 t=0.57s
Ep  722: len= 53 黑胜 loss=27.3003 temp=1.00 total_env_steps=32166 t=0.62s
Ep  723: len= 35 黑胜 loss=27.3746 temp=1.00 total_env_steps=32201 t=0.47s
Ep  724: len= 62 白胜 loss=27.3366 temp=1.00 total_env_steps=32263 t=0.68s
Ep  725: len= 47 黑胜 loss=27.5361 temp=1.00 total_env_steps=32310 t=0.57s
Ep  726: len= 40 白胜 loss=27.2906 temp=1.00 total_env_steps=32350 t=0.53s
Ep  727: len= 34 白胜 loss=27.3869 temp=1.00 total_env_steps=32384 t=0.50s
Ep  728: len= 28 白胜 loss=27.5119 temp=1.00 total_env_steps=32412 t=0.44s
Ep  729: len= 30 白胜 loss=27.2689 temp=1.00 total_env_steps=32442 t=0.46s
Ep  730: len= 47 黑胜 loss=27.5929 temp=1.00 total_env_steps=32489 t=0.61s
Ep  731: len= 49 黑胜 loss=27.4325 temp=1.00 total_env_steps=32538 t=0.58s
Ep  732: len= 43 黑胜 loss=27.5670 temp=1.00 total_env_steps=32581 t=0.50s
Ep  733: len= 19 黑胜 loss=27.4898 temp=1.00 total_env_steps=32600 t=0.38s
Ep  734: len= 23 黑胜 loss=27.2769 temp=1.00 total_env_steps=32623 t=0.40s
Ep  735: len= 27 黑胜 loss=27.4760 temp=1.00 total_env_steps=32650 t=0.41s
Ep  736: len= 52 白胜 loss=27.1127 temp=1.00 total_env_steps=32702 t=0.60s
Ep  737: len= 37 黑胜 loss=27.4710 temp=1.00 total_env_steps=32739 t=0.48s
Ep  738: len= 45 黑胜 loss=27.5377 temp=1.00 total_env_steps=32784 t=0.55s
Ep  739: len= 54 白胜 loss=27.5459 temp=1.00 total_env_steps=32838 t=0.67s
Ep  740: len= 21 黑胜 loss=27.3114 temp=1.00 total_env_steps=32859 t=0.41s
Ep  741: len= 23 黑胜 loss=27.4230 temp=1.00 total_env_steps=32882 t=0.37s
Ep  742: len= 67 黑胜 loss=27.4361 temp=1.00 total_env_steps=32949 t=0.69s
Ep  743: len= 40 白胜 loss=27.4406 temp=1.00 total_env_steps=32989 t=0.50s
Ep  744: len= 46 白胜 loss=27.4934 temp=1.00 total_env_steps=33035 t=0.52s
Ep  745: len= 37 黑胜 loss=27.5974 temp=1.00 total_env_steps=33072 t=0.49s
Ep  746: len= 37 黑胜 loss=27.3517 temp=1.00 total_env_steps=33109 t=0.52s
Ep  747: len= 43 黑胜 loss=27.4073 temp=1.00 total_env_steps=33152 t=0.55s
Ep  748: len= 36 白胜 loss=27.3682 temp=1.00 total_env_steps=33188 t=0.48s
Ep  749: len= 36 白胜 loss=27.5823 temp=1.00 total_env_steps=33224 t=0.50s
Ep  750: len= 39 黑胜 loss=27.5134 temp=1.00 total_env_steps=33263 t=0.50s
Ep  751: len= 49 黑胜 loss=27.3688 temp=1.00 total_env_steps=33312 t=0.57s
Ep  752: len= 48 白胜 loss=27.7236 temp=1.00 total_env_steps=33360 t=0.57s
Ep  753: len= 42 白胜 loss=27.4297 temp=1.00 total_env_steps=33402 t=0.52s
Ep  754: len= 40 白胜 loss=27.1828 temp=1.00 total_env_steps=33442 t=0.52s
Ep  755: len= 34 白胜 loss=27.6936 temp=1.00 total_env_steps=33476 t=0.48s
Ep  756: len= 53 黑胜 loss=27.4942 temp=1.00 total_env_steps=33529 t=0.63s
Ep  757: len= 48 白胜 loss=27.3128 temp=1.00 total_env_steps=33577 t=0.61s
Ep  758: len= 26 白胜 loss=27.4621 temp=1.00 total_env_steps=33603 t=0.43s
Ep  759: len= 25 黑胜 loss=27.1303 temp=1.00 total_env_steps=33628 t=0.43s
Ep  760: len= 41 黑胜 loss=27.1601 temp=1.00 total_env_steps=33669 t=0.54s
Ep  761: len= 36 白胜 loss=27.6369 temp=1.00 total_env_steps=33705 t=0.50s
Ep  762: len= 40 白胜 loss=27.2124 temp=1.00 total_env_steps=33745 t=0.52s
Ep  763: len= 36 白胜 loss=27.4749 temp=1.00 total_env_steps=33781 t=0.53s
Ep  764: len= 38 白胜 loss=27.7306 temp=1.00 total_env_steps=33819 t=0.50s
Ep  765: len= 36 白胜 loss=27.4727 temp=1.00 total_env_steps=33855 t=0.52s
Ep  766: len= 39 黑胜 loss=27.4227 temp=1.00 total_env_steps=33894 t=0.58s
Ep  767: len= 43 黑胜 loss=27.4125 temp=1.00 total_env_steps=33937 t=0.53s
Ep  768: len= 66 白胜 loss=27.7275 temp=1.00 total_env_steps=34003 t=0.75s
Ep  769: len= 41 黑胜 loss=27.4888 temp=1.00 total_env_steps=34044 t=0.50s
Ep  770: len= 30 白胜 loss=27.3121 temp=1.00 total_env_steps=34074 t=0.46s
Ep  771: len= 46 白胜 loss=27.4462 temp=1.00 total_env_steps=34120 t=0.59s
Ep  772: len= 47 黑胜 loss=27.4621 temp=1.00 total_env_steps=34167 t=0.68s
Ep  773: len= 62 白胜 loss=27.5824 temp=1.00 total_env_steps=34229 t=0.66s
Ep  774: len= 32 白胜 loss=27.3551 temp=1.00 total_env_steps=34261 t=0.46s
Ep  775: len= 27 黑胜 loss=27.5416 temp=1.00 total_env_steps=34288 t=0.43s
Ep  776: len= 42 白胜 loss=27.3318 temp=1.00 total_env_steps=34330 t=0.53s
Ep  777: len= 58 白胜 loss=27.3908 temp=1.00 total_env_steps=34388 t=0.64s
Ep  778: len= 45 黑胜 loss=27.0556 temp=1.00 total_env_steps=34433 t=0.52s
Ep  779: len= 62 白胜 loss=27.4826 temp=1.00 total_env_steps=34495 t=0.67s
Ep  780: len= 60 白胜 loss=27.6086 temp=1.00 total_env_steps=34555 t=0.64s
Ep  781: len= 45 黑胜 loss=27.4008 temp=1.00 total_env_steps=34600 t=0.54s
Ep  782: len= 27 黑胜 loss=27.3166 temp=1.00 total_env_steps=34627 t=0.44s
Ep  783: len= 30 白胜 loss=27.6205 temp=1.00 total_env_steps=34657 t=0.46s
Ep  784: len= 44 白胜 loss=27.1339 temp=1.00 total_env_steps=34701 t=0.58s
Ep  785: len= 51 黑胜 loss=27.2636 temp=1.00 total_env_steps=34752 t=0.59s
Ep  786: len= 49 黑胜 loss=27.6402 temp=1.00 total_env_steps=34801 t=0.58s
Ep  787: len= 37 黑胜 loss=27.4312 temp=1.00 total_env_steps=34838 t=0.48s
Ep  788: len= 31 黑胜 loss=27.3593 temp=1.00 total_env_steps=34869 t=0.46s
Ep  789: len= 25 黑胜 loss=27.5715 temp=1.00 total_env_steps=34894 t=0.45s
Ep  790: len= 28 白胜 loss=27.0664 temp=1.00 total_env_steps=34922 t=0.46s
Ep  791: len= 50 白胜 loss=27.7387 temp=1.00 total_env_steps=34972 t=0.63s
Ep  792: len= 51 黑胜 loss=27.6010 temp=1.00 total_env_steps=35023 t=0.59s
Ep  793: len= 47 黑胜 loss=27.4003 temp=1.00 total_env_steps=35070 t=0.64s
Ep  794: len= 46 白胜 loss=27.4304 temp=1.00 total_env_steps=35116 t=0.67s
Ep  795: len= 31 黑胜 loss=27.1625 temp=1.00 total_env_steps=35147 t=0.45s
Ep  796: len= 32 白胜 loss=27.5365 temp=1.00 total_env_steps=35179 t=0.50s
Ep  797: len= 25 黑胜 loss=27.3484 temp=1.00 total_env_steps=35204 t=0.45s
Ep  798: len= 41 黑胜 loss=27.1637 temp=1.00 total_env_steps=35245 t=0.52s
Ep  799: len= 40 白胜 loss=27.4297 temp=1.00 total_env_steps=35285 t=0.50s
Ep  800: len= 36 白胜 loss=26.9506 temp=1.00 total_env_steps=35321 t=0.51s
Ep  801: len= 59 黑胜 loss=27.5348 temp=1.00 total_env_steps=35380 t=0.60s
Ep  802: len= 30 白胜 loss=27.3226 temp=1.00 total_env_steps=35410 t=0.45s
Ep  803: len= 33 黑胜 loss=27.1508 temp=1.00 total_env_steps=35443 t=0.48s
Ep  804: len= 25 黑胜 loss=27.4462 temp=1.00 total_env_steps=35468 t=0.43s
Ep  805: len= 47 黑胜 loss=27.1021 temp=1.00 total_env_steps=35515 t=0.62s
Ep  806: len= 30 白胜 loss=27.2105 temp=1.00 total_env_steps=35545 t=0.44s
Ep  807: len= 51 黑胜 loss=27.2297 temp=1.00 total_env_steps=35596 t=0.63s
Ep  808: len= 28 白胜 loss=27.4059 temp=1.00 total_env_steps=35624 t=0.42s
Ep  809: len= 64 白胜 loss=27.4530 temp=1.00 total_env_steps=35688 t=0.69s
Ep  810: len= 74 白胜 loss=26.9040 temp=1.00 total_env_steps=35762 t=0.75s
Ep  811: len= 47 黑胜 loss=27.7235 temp=1.00 total_env_steps=35809 t=0.60s
Ep  812: len= 46 白胜 loss=27.0146 temp=1.00 total_env_steps=35855 t=0.56s
Ep  813: len= 41 黑胜 loss=27.4400 temp=1.00 total_env_steps=35896 t=0.51s
Ep  814: len= 60 白胜 loss=27.2083 temp=1.00 total_env_steps=35956 t=0.63s
Ep  815: len= 46 白胜 loss=27.5790 temp=1.00 total_env_steps=36002 t=0.57s
Ep  816: len= 31 黑胜 loss=27.1307 temp=1.00 total_env_steps=36033 t=0.47s
Ep  817: len= 48 白胜 loss=26.9927 temp=1.00 total_env_steps=36081 t=0.60s
Ep  818: len= 46 白胜 loss=26.9893 temp=1.00 total_env_steps=36127 t=0.57s
Ep  819: len= 33 黑胜 loss=27.4662 temp=1.00 total_env_steps=36160 t=0.46s
Ep  820: len= 18 白胜 loss=27.3551 temp=1.00 total_env_steps=36178 t=0.37s
Ep  821: len= 26 白胜 loss=27.2969 temp=1.00 total_env_steps=36204 t=0.42s
Ep  822: len= 36 白胜 loss=27.2324 temp=1.00 total_env_steps=36240 t=0.49s
Ep  823: len= 34 白胜 loss=27.0969 temp=1.00 total_env_steps=36274 t=0.49s
Ep  824: len= 44 白胜 loss=27.0597 temp=1.00 total_env_steps=36318 t=0.58s
Ep  825: len= 45 黑胜 loss=27.4646 temp=1.00 total_env_steps=36363 t=0.57s
Ep  826: len= 38 白胜 loss=26.9823 temp=1.00 total_env_steps=36401 t=0.57s
Ep  827: len= 37 黑胜 loss=27.1974 temp=1.00 total_env_steps=36438 t=0.49s
Ep  828: len= 37 黑胜 loss=27.3342 temp=1.00 total_env_steps=36475 t=0.47s
Ep  829: len= 42 白胜 loss=27.1663 temp=1.00 total_env_steps=36517 t=0.52s
Ep  830: len= 23 黑胜 loss=27.2489 temp=1.00 total_env_steps=36540 t=0.43s
Ep  831: len= 43 黑胜 loss=26.9166 temp=1.00 total_env_steps=36583 t=0.50s
Ep  832: len= 32 白胜 loss=27.1430 temp=1.00 total_env_steps=36615 t=0.47s
Ep  833: len= 31 黑胜 loss=27.2228 temp=1.00 total_env_steps=36646 t=0.48s
Ep  834: len= 49 黑胜 loss=27.5352 temp=1.00 total_env_steps=36695 t=0.67s
Ep  835: len= 49 黑胜 loss=27.3207 temp=1.00 total_env_steps=36744 t=0.69s
Ep  836: len= 68 白胜 loss=27.3342 temp=1.00 total_env_steps=36812 t=0.76s
Ep  837: len= 32 白胜 loss=26.8409 temp=1.00 total_env_steps=36844 t=0.47s
Ep  838: len= 24 白胜 loss=27.3253 temp=1.00 total_env_steps=36868 t=0.45s
Ep  839: len= 20 白胜 loss=27.4279 temp=1.00 total_env_steps=36888 t=0.39s
Ep  840: len= 31 黑胜 loss=27.0348 temp=1.00 total_env_steps=36919 t=0.47s
Ep  841: len= 22 白胜 loss=27.2836 temp=1.00 total_env_steps=36941 t=0.41s
Ep  842: len= 35 黑胜 loss=27.2174 temp=1.00 total_env_steps=36976 t=0.51s
Ep  843: len= 30 白胜 loss=27.2522 temp=1.00 total_env_steps=37006 t=0.44s
Ep  844: len= 39 黑胜 loss=26.9954 temp=1.00 total_env_steps=37045 t=0.51s
Ep  845: len= 40 白胜 loss=27.1179 temp=1.00 total_env_steps=37085 t=0.51s
Ep  846: len= 43 黑胜 loss=27.2010 temp=1.00 total_env_steps=37128 t=0.54s
Ep  847: len= 31 黑胜 loss=27.3297 temp=1.00 total_env_steps=37159 t=0.45s
Ep  848: len= 43 黑胜 loss=26.9848 temp=1.00 total_env_steps=37202 t=0.54s
Ep  849: len= 48 白胜 loss=27.2371 temp=1.00 total_env_steps=37250 t=0.56s
Ep  850: len= 60 白胜 loss=27.1948 temp=1.00 total_env_steps=37310 t=0.65s
Ep  851: len= 43 黑胜 loss=27.1812 temp=1.00 total_env_steps=37353 t=0.55s
Ep  852: len= 31 黑胜 loss=26.8569 temp=1.00 total_env_steps=37384 t=0.49s
Ep  853: len= 33 黑胜 loss=27.1044 temp=1.00 total_env_steps=37417 t=0.46s
Ep  854: len= 51 黑胜 loss=26.8673 temp=1.00 total_env_steps=37468 t=0.63s
Ep  855: len= 27 黑胜 loss=27.4334 temp=1.00 total_env_steps=37495 t=0.48s
Ep  856: len= 40 白胜 loss=27.1294 temp=1.00 total_env_steps=37535 t=0.54s
Ep  857: len= 43 黑胜 loss=27.3773 temp=1.00 total_env_steps=37578 t=0.58s
Ep  858: len= 36 白胜 loss=27.1404 temp=1.00 total_env_steps=37614 t=0.54s
Ep  859: len= 42 白胜 loss=27.0827 temp=1.00 total_env_steps=37656 t=0.59s
Ep  860: len= 37 黑胜 loss=27.1211 temp=1.00 total_env_steps=37693 t=0.56s
Ep  861: len= 21 黑胜 loss=27.2378 temp=1.00 total_env_steps=37714 t=0.45s
Ep  862: len= 46 白胜 loss=27.0905 temp=1.00 total_env_steps=37760 t=0.59s
Ep  863: len= 29 黑胜 loss=27.2699 temp=1.00 total_env_steps=37789 t=0.52s
Ep  864: len= 51 黑胜 loss=27.3518 temp=1.00 total_env_steps=37840 t=0.62s
Ep  865: len= 42 白胜 loss=27.4954 temp=1.00 total_env_steps=37882 t=0.55s
Ep  866: len= 33 黑胜 loss=27.0843 temp=1.00 total_env_steps=37915 t=0.52s
Ep  867: len= 40 白胜 loss=27.1807 temp=1.00 total_env_steps=37955 t=0.59s
Ep  868: len= 41 黑胜 loss=27.3623 temp=1.00 total_env_steps=37996 t=0.65s
Ep  869: len= 58 白胜 loss=27.1202 temp=1.00 total_env_steps=38054 t=0.71s
Ep  870: len= 40 白胜 loss=27.1316 temp=1.00 total_env_steps=38094 t=0.68s
Ep  871: len= 57 黑胜 loss=26.9956 temp=1.00 total_env_steps=38151 t=0.71s
Ep  872: len= 63 黑胜 loss=26.8596 temp=1.00 total_env_steps=38214 t=0.76s
Ep  873: len= 23 黑胜 loss=27.3503 temp=1.00 total_env_steps=38237 t=0.44s
Ep  874: len= 45 黑胜 loss=27.1159 temp=1.00 total_env_steps=38282 t=0.60s
Ep  875: len= 55 黑胜 loss=26.9348 temp=1.00 total_env_steps=38337 t=0.65s
Ep  876: len= 62 白胜 loss=27.1535 temp=1.00 total_env_steps=38399 t=0.69s
Ep  877: len= 27 黑胜 loss=27.1471 temp=1.00 total_env_steps=38426 t=0.45s
Ep  878: len= 32 白胜 loss=26.7560 temp=1.00 total_env_steps=38458 t=0.47s
Ep  879: len= 39 黑胜 loss=27.3418 temp=1.00 total_env_steps=38497 t=0.52s
Ep  880: len= 21 黑胜 loss=27.3399 temp=1.00 total_env_steps=38518 t=0.41s
Ep  881: len= 66 白胜 loss=27.0519 temp=1.00 total_env_steps=38584 t=0.69s
Ep  882: len= 34 白胜 loss=26.9827 temp=1.00 total_env_steps=38618 t=0.53s
Ep  883: len= 24 白胜 loss=27.3984 temp=1.00 total_env_steps=38642 t=0.46s
Ep  884: len= 39 黑胜 loss=26.6234 temp=1.00 total_env_steps=38681 t=0.51s
Ep  885: len= 26 白胜 loss=27.4056 temp=1.00 total_env_steps=38707 t=0.41s
Ep  886: len= 37 黑胜 loss=27.1073 temp=1.00 total_env_steps=38744 t=0.58s
Ep  887: len= 38 白胜 loss=26.9122 temp=1.00 total_env_steps=38782 t=0.49s
Ep  888: len= 45 黑胜 loss=27.0590 temp=1.00 total_env_steps=38827 t=0.57s
Ep  889: len= 43 黑胜 loss=26.8306 temp=1.00 total_env_steps=38870 t=0.54s
Ep  890: len= 36 白胜 loss=26.9822 temp=1.00 total_env_steps=38906 t=0.51s
Ep  891: len= 56 白胜 loss=27.0539 temp=1.00 total_env_steps=38962 t=0.63s
Ep  892: len= 44 白胜 loss=27.2338 temp=1.00 total_env_steps=39006 t=0.55s
Ep  893: len= 56 白胜 loss=27.7192 temp=1.00 total_env_steps=39062 t=0.60s
Ep  894: len= 45 黑胜 loss=27.1280 temp=1.00 total_env_steps=39107 t=0.55s
Ep  895: len= 40 白胜 loss=26.9693 temp=1.00 total_env_steps=39147 t=0.51s
Ep  896: len= 35 黑胜 loss=27.0357 temp=1.00 total_env_steps=39182 t=0.49s
Ep  897: len= 49 黑胜 loss=27.1205 temp=1.00 total_env_steps=39231 t=0.58s
Ep  898: len= 54 白胜 loss=27.1699 temp=1.00 total_env_steps=39285 t=0.60s
Ep  899: len= 75 黑胜 loss=27.2935 temp=1.00 total_env_steps=39360 t=0.73s
Ep  900: len= 53 黑胜 loss=27.3411 temp=1.00 total_env_steps=39413 t=0.59s
Ep  901: len= 50 白胜 loss=26.9405 temp=1.00 total_env_steps=39463 t=0.57s
Ep  902: len= 51 黑胜 loss=26.9102 temp=1.00 total_env_steps=39514 t=0.56s
Ep  903: len= 31 黑胜 loss=27.0046 temp=1.00 total_env_steps=39545 t=0.46s
Ep  904: len= 49 黑胜 loss=27.1376 temp=1.00 total_env_steps=39594 t=0.58s
Ep  905: len= 35 黑胜 loss=27.0060 temp=1.00 total_env_steps=39629 t=0.47s
Ep  906: len= 49 黑胜 loss=27.1498 temp=1.00 total_env_steps=39678 t=0.57s
Ep  907: len= 26 白胜 loss=27.1404 temp=1.00 total_env_steps=39704 t=0.40s
Ep  908: len= 41 黑胜 loss=27.0607 temp=1.00 total_env_steps=39745 t=0.51s
Ep  909: len= 25 黑胜 loss=27.2905 temp=1.00 total_env_steps=39770 t=0.41s
Ep  910: len= 46 白胜 loss=27.4179 temp=1.00 total_env_steps=39816 t=0.55s
Ep  911: len= 30 白胜 loss=27.0299 temp=1.00 total_env_steps=39846 t=0.44s
Ep  912: len= 47 黑胜 loss=27.3950 temp=1.00 total_env_steps=39893 t=0.55s
Ep  913: len= 24 白胜 loss=26.9495 temp=1.00 total_env_steps=39917 t=0.40s
Ep  914: len= 40 白胜 loss=27.2339 temp=1.00 total_env_steps=39957 t=0.53s
Ep  915: len= 22 白胜 loss=27.1018 temp=1.00 total_env_steps=39979 t=0.38s
Ep  916: len= 48 白胜 loss=26.9191 temp=1.00 total_env_steps=40027 t=0.56s
Ep  917: len= 38 白胜 loss=27.1313 temp=1.00 total_env_steps=40065 t=0.49s
Ep  918: len= 18 白胜 loss=27.1843 temp=1.00 total_env_steps=40083 t=0.36s
Ep  919: len= 54 白胜 loss=27.2283 temp=1.00 total_env_steps=40137 t=0.60s
Ep  920: len= 29 黑胜 loss=27.2938 temp=1.00 total_env_steps=40166 t=0.42s
Ep  921: len= 34 白胜 loss=27.1393 temp=1.00 total_env_steps=40200 t=0.46s
Ep  922: len= 19 黑胜 loss=26.9220 temp=1.00 total_env_steps=40219 t=0.38s
Ep  923: len= 55 黑胜 loss=27.2200 temp=1.00 total_env_steps=40274 t=0.61s
Ep  924: len= 60 白胜 loss=26.9622 temp=1.00 total_env_steps=40334 t=0.63s
Ep  925: len= 33 黑胜 loss=26.9998 temp=1.00 total_env_steps=40367 t=0.45s
Ep  926: len= 26 白胜 loss=27.1014 temp=1.00 total_env_steps=40393 t=0.51s
Ep  927: len= 21 黑胜 loss=27.3210 temp=1.00 total_env_steps=40414 t=0.38s
Ep  928: len= 36 白胜 loss=27.2339 temp=1.00 total_env_steps=40450 t=0.50s
Ep  929: len= 46 白胜 loss=27.2467 temp=1.00 total_env_steps=40496 t=0.57s
Ep  930: len= 46 白胜 loss=27.3055 temp=1.00 total_env_steps=40542 t=0.57s
Ep  931: len= 49 黑胜 loss=27.1406 temp=1.00 total_env_steps=40591 t=0.60s
Ep  932: len= 44 白胜 loss=26.9161 temp=1.00 total_env_steps=40635 t=0.51s
Ep  933: len= 36 白胜 loss=27.1534 temp=1.00 total_env_steps=40671 t=0.47s
Ep  934: len= 26 白胜 loss=27.0278 temp=1.00 total_env_steps=40697 t=0.42s
Ep  935: len= 24 白胜 loss=27.0416 temp=1.00 total_env_steps=40721 t=0.42s
Ep  936: len= 47 黑胜 loss=26.9335 temp=1.00 total_env_steps=40768 t=0.54s
Ep  937: len= 46 白胜 loss=27.0514 temp=1.00 total_env_steps=40814 t=0.68s
Ep  938: len= 41 黑胜 loss=27.2306 temp=1.00 total_env_steps=40855 t=0.52s
Ep  939: len= 40 白胜 loss=27.1071 temp=1.00 total_env_steps=40895 t=0.51s
Ep  940: len= 24 白胜 loss=27.1093 temp=1.00 total_env_steps=40919 t=0.40s
Ep  941: len= 33 黑胜 loss=27.1174 temp=1.00 total_env_steps=40952 t=0.47s
Ep  942: len= 57 黑胜 loss=26.9608 temp=1.00 total_env_steps=41009 t=0.67s
Ep  943: len= 50 白胜 loss=26.8199 temp=1.00 total_env_steps=41059 t=0.56s
Ep  944: len= 50 白胜 loss=27.1457 temp=1.00 total_env_steps=41109 t=0.57s
Ep  945: len= 35 黑胜 loss=26.9237 temp=1.00 total_env_steps=41144 t=0.50s
Ep  946: len= 38 白胜 loss=26.8930 temp=1.00 total_env_steps=41182 t=0.51s
Ep  947: len= 35 黑胜 loss=26.9631 temp=1.00 total_env_steps=41217 t=0.49s
Ep  948: len= 54 白胜 loss=26.8308 temp=1.00 total_env_steps=41271 t=0.59s
Ep  949: len= 42 白胜 loss=26.9321 temp=1.00 total_env_steps=41313 t=0.51s
Ep  950: len= 29 黑胜 loss=27.1854 temp=1.00 total_env_steps=41342 t=0.43s
Ep  951: len= 22 白胜 loss=26.7029 temp=1.00 total_env_steps=41364 t=0.42s
Ep  952: len= 37 黑胜 loss=27.0298 temp=1.00 total_env_steps=41401 t=0.46s
Ep  953: len= 43 黑胜 loss=26.8913 temp=1.00 total_env_steps=41444 t=0.52s
Ep  954: len= 32 白胜 loss=27.1562 temp=1.00 total_env_steps=41476 t=0.45s
Ep  955: len= 38 白胜 loss=26.9403 temp=1.00 total_env_steps=41514 t=0.49s
Ep  956: len= 41 黑胜 loss=26.9060 temp=1.00 total_env_steps=41555 t=0.51s
Ep  957: len= 41 黑胜 loss=26.5865 temp=1.00 total_env_steps=41596 t=0.56s
Ep  958: len= 71 黑胜 loss=26.8070 temp=1.00 total_env_steps=41667 t=0.70s
Ep  959: len= 76 白胜 loss=27.2210 temp=1.00 total_env_steps=41743 t=0.73s
Ep  960: len= 33 黑胜 loss=27.0720 temp=1.00 total_env_steps=41776 t=0.46s
Ep  961: len= 68 白胜 loss=26.9511 temp=1.00 total_env_steps=41844 t=0.64s
Ep  962: len= 43 黑胜 loss=27.0272 temp=1.00 total_env_steps=41887 t=0.52s
Ep  963: len= 63 黑胜 loss=26.8615 temp=1.00 total_env_steps=41950 t=0.63s
Ep  964: len= 58 白胜 loss=27.0647 temp=1.00 total_env_steps=42008 t=0.67s
Ep  965: len= 35 黑胜 loss=27.3824 temp=1.00 total_env_steps=42043 t=0.47s
Ep  966: len= 54 白胜 loss=27.0693 temp=1.00 total_env_steps=42097 t=0.58s
Ep  967: len= 61 黑胜 loss=27.5095 temp=1.00 total_env_steps=42158 t=0.65s
Ep  968: len= 37 黑胜 loss=26.8526 temp=1.00 total_env_steps=42195 t=0.47s
Ep  969: len= 42 白胜 loss=26.8756 temp=1.00 total_env_steps=42237 t=0.54s
Ep  970: len= 48 白胜 loss=26.7846 temp=1.00 total_env_steps=42285 t=0.61s
Ep  971: len= 35 黑胜 loss=27.0192 temp=1.00 total_env_steps=42320 t=0.51s
Ep  972: len= 43 黑胜 loss=27.2510 temp=1.00 total_env_steps=42363 t=0.53s
Ep  973: len= 42 白胜 loss=27.0478 temp=1.00 total_env_steps=42405 t=0.57s
Ep  974: len= 44 白胜 loss=27.0808 temp=1.00 total_env_steps=42449 t=0.54s
Ep  975: len= 26 白胜 loss=27.0070 temp=1.00 total_env_steps=42475 t=0.40s
Ep  976: len= 20 白胜 loss=27.0734 temp=1.00 total_env_steps=42495 t=0.37s
Ep  977: len= 56 白胜 loss=27.2094 temp=1.00 total_env_steps=42551 t=0.62s
Ep  978: len= 45 黑胜 loss=26.5926 temp=1.00 total_env_steps=42596 t=0.57s
Ep  979: len= 39 黑胜 loss=26.9190 temp=1.00 total_env_steps=42635 t=0.55s
Ep  980: len= 38 白胜 loss=27.1204 temp=1.00 total_env_steps=42673 t=0.55s
Ep  981: len= 48 白胜 loss=27.0263 temp=1.00 total_env_steps=42721 t=0.64s
Ep  982: len= 40 白胜 loss=27.2099 temp=1.00 total_env_steps=42761 t=0.64s
Ep  983: len= 37 黑胜 loss=27.1846 temp=1.00 total_env_steps=42798 t=0.57s
Ep  984: len= 30 白胜 loss=26.6691 temp=1.00 total_env_steps=42828 t=0.47s
Ep  985: len= 35 黑胜 loss=27.0275 temp=1.00 total_env_steps=42863 t=0.53s
Ep  986: len= 52 白胜 loss=26.7804 temp=1.00 total_env_steps=42915 t=0.64s
Ep  987: len= 37 黑胜 loss=26.7855 temp=1.00 total_env_steps=42952 t=0.56s
Ep  988: len= 50 白胜 loss=26.9492 temp=1.00 total_env_steps=43002 t=0.58s
Ep  989: len= 36 白胜 loss=27.4922 temp=1.00 total_env_steps=43038 t=0.49s
Ep  990: len= 41 黑胜 loss=27.0997 temp=1.00 total_env_steps=43079 t=0.53s
Ep  991: len= 61 黑胜 loss=27.1409 temp=1.00 total_env_steps=43140 t=0.66s
Ep  992: len= 50 白胜 loss=26.6981 temp=1.00 total_env_steps=43190 t=0.57s
Ep  993: len= 41 黑胜 loss=26.8208 temp=1.00 total_env_steps=43231 t=0.50s
Ep  994: len= 36 白胜 loss=27.1112 temp=1.00 total_env_steps=43267 t=0.46s
Ep  995: len= 48 白胜 loss=26.9424 temp=1.00 total_env_steps=43315 t=0.55s
Ep  996: len= 65 黑胜 loss=26.9403 temp=1.00 total_env_steps=43380 t=0.64s
Ep  997: len= 15 黑胜 loss=27.0468 temp=1.00 total_env_steps=43395 t=0.33s
Ep  998: len= 41 黑胜 loss=26.7392 temp=1.00 total_env_steps=43436 t=0.52s
Ep  999: len= 49 黑胜 loss=27.0240 temp=1.00 total_env_steps=43485 t=0.58s
Ep 1000: len= 39 黑胜 loss=27.0815 temp=1.00 total_env_steps=43524 t=0.46s
  eval vs Gomoku-random-v0: win_rate=0.95 mean_return=0.90（20 局，total_env_steps=43524）
Ep 1001: len= 62 白胜 loss=27.0539 temp=1.00 total_env_steps=43586 t=0.62s
Ep 1002: len= 39 黑胜 loss=26.4888 temp=1.00 total_env_steps=43625 t=0.58s
Ep 1003: len= 40 白胜 loss=27.0070 temp=1.00 total_env_steps=43665 t=0.50s
Ep 1004: len= 25 黑胜 loss=27.0990 temp=1.00 total_env_steps=43690 t=0.39s
Ep 1005: len= 36 白胜 loss=27.1922 temp=1.00 total_env_steps=43726 t=0.48s
Ep 1006: len= 36 白胜 loss=27.0394 temp=1.00 total_env_steps=43762 t=0.49s
Ep 1007: len= 25 黑胜 loss=27.1828 temp=1.00 total_env_steps=43787 t=0.42s
Ep 1008: len= 54 白胜 loss=27.1658 temp=1.00 total_env_steps=43841 t=0.61s
Ep 1009: len= 42 白胜 loss=27.1625 temp=1.00 total_env_steps=43883 t=0.53s
Ep 1010: len= 27 黑胜 loss=27.3010 temp=1.00 total_env_steps=43910 t=0.43s
Ep 1011: len= 41 黑胜 loss=26.9466 temp=1.00 total_env_steps=43951 t=0.50s
Ep 1012: len= 62 白胜 loss=26.8632 temp=1.00 total_env_steps=44013 t=0.64s
Ep 1013: len= 41 黑胜 loss=27.1301 temp=1.00 total_env_steps=44054 t=0.53s
Ep 1014: len= 43 黑胜 loss=26.7172 temp=1.00 total_env_steps=44097 t=0.54s
Ep 1015: len= 38 白胜 loss=27.1319 temp=1.00 total_env_steps=44135 t=0.51s
Ep 1016: len= 37 黑胜 loss=27.0147 temp=1.00 total_env_steps=44172 t=0.53s
Ep 1017: len= 59 黑胜 loss=27.0719 temp=1.00 total_env_steps=44231 t=0.63s
Ep 1018: len= 37 黑胜 loss=27.1689 temp=1.00 total_env_steps=44268 t=0.49s
Ep 1019: len= 60 白胜 loss=26.7248 temp=1.00 total_env_steps=44328 t=0.64s
Ep 1020: len= 46 白胜 loss=27.2164 temp=1.00 total_env_steps=44374 t=0.53s
Ep 1021: len= 32 白胜 loss=27.0223 temp=1.00 total_env_steps=44406 t=0.49s
Ep 1022: len= 44 白胜 loss=26.8695 temp=1.00 total_env_steps=44450 t=0.56s
Ep 1023: len= 50 白胜 loss=27.4418 temp=1.00 total_env_steps=44500 t=0.59s
Ep 1024: len= 40 白胜 loss=26.6767 temp=1.00 total_env_steps=44540 t=0.48s
Ep 1025: len= 66 白胜 loss=27.3695 temp=1.00 total_env_steps=44606 t=0.67s
Ep 1026: len= 29 黑胜 loss=26.8508 temp=1.00 total_env_steps=44635 t=0.45s
Ep 1027: len= 35 黑胜 loss=26.7341 temp=1.00 total_env_steps=44670 t=0.48s
Ep 1028: len= 35 黑胜 loss=27.0129 temp=1.00 total_env_steps=44705 t=0.46s
Ep 1029: len= 42 白胜 loss=27.2320 temp=1.00 total_env_steps=44747 t=0.54s
Ep 1030: len= 55 黑胜 loss=27.4320 temp=1.00 total_env_steps=44802 t=0.60s
Ep 1031: len= 43 黑胜 loss=27.1149 temp=1.00 total_env_steps=44845 t=0.52s
Ep 1032: len= 27 黑胜 loss=27.0138 temp=1.00 total_env_steps=44872 t=0.41s
Ep 1033: len= 56 白胜 loss=27.1108 temp=1.00 total_env_steps=44928 t=0.63s
Ep 1034: len= 49 黑胜 loss=26.8062 temp=1.00 total_env_steps=44977 t=0.60s
Ep 1035: len= 41 黑胜 loss=26.9125 temp=1.00 total_env_steps=45018 t=0.55s
Ep 1036: len= 46 白胜 loss=26.9513 temp=1.00 total_env_steps=45064 t=0.52s
Ep 1037: len= 48 白胜 loss=27.1265 temp=1.00 total_env_steps=45112 t=0.58s
Ep 1038: len= 36 白胜 loss=27.1729 temp=1.00 total_env_steps=45148 t=0.51s
Ep 1039: len= 29 黑胜 loss=27.1671 temp=1.00 total_env_steps=45177 t=0.47s
Ep 1040: len= 22 白胜 loss=26.4880 temp=1.00 total_env_steps=45199 t=0.42s
Ep 1041: len= 46 白胜 loss=27.0974 temp=1.00 total_env_steps=45245 t=0.63s
Ep 1042: len= 21 黑胜 loss=26.9554 temp=1.00 total_env_steps=45266 t=0.40s
Ep 1043: len= 31 黑胜 loss=26.9949 temp=1.00 total_env_steps=45297 t=0.30s
Ep 1044: len= 18 白胜 loss=26.9798 temp=1.00 total_env_steps=45315 t=0.22s
Ep 1045: len= 21 黑胜 loss=26.9085 temp=1.00 total_env_steps=45336 t=0.26s
Ep 1046: len= 61 黑胜 loss=27.1153 temp=1.00 total_env_steps=45397 t=0.62s
Ep 1047: len= 59 黑胜 loss=27.1336 temp=1.00 total_env_steps=45456 t=0.48s
Ep 1048: len= 41 黑胜 loss=26.9069 temp=1.00 total_env_steps=45497 t=0.36s
Ep 1049: len= 38 白胜 loss=26.8656 temp=1.00 total_env_steps=45535 t=0.31s
Ep 1050: len= 50 白胜 loss=26.7255 temp=1.00 total_env_steps=45585 t=0.39s
Ep 1051: len= 33 黑胜 loss=26.8040 temp=1.00 total_env_steps=45618 t=0.30s
Ep 1052: len= 21 黑胜 loss=27.1516 temp=1.00 total_env_steps=45639 t=0.24s
Ep 1053: len= 57 黑胜 loss=27.0871 temp=1.00 total_env_steps=45696 t=0.45s
Ep 1054: len= 42 白胜 loss=27.2097 temp=1.00 total_env_steps=45738 t=0.35s
Ep 1055: len= 32 白胜 loss=27.2814 temp=1.00 total_env_steps=45770 t=0.29s
Ep 1056: len= 34 白胜 loss=26.9158 temp=1.00 total_env_steps=45804 t=0.33s
Ep 1057: len= 54 白胜 loss=26.9146 temp=1.00 total_env_steps=45858 t=0.47s
Ep 1058: len= 39 黑胜 loss=26.8900 temp=1.00 total_env_steps=45897 t=0.33s
Ep 1059: len= 31 黑胜 loss=27.2403 temp=1.00 total_env_steps=45928 t=0.26s
Ep 1060: len= 49 黑胜 loss=26.7092 temp=1.00 total_env_steps=45977 t=0.41s
Ep 1061: len= 60 白胜 loss=26.9141 temp=1.00 total_env_steps=46037 t=0.47s
Ep 1062: len= 38 白胜 loss=27.1244 temp=1.00 total_env_steps=46075 t=0.39s
Ep 1063: len= 68 白胜 loss=27.0465 temp=1.00 total_env_steps=46143 t=0.55s
Ep 1064: len= 28 白胜 loss=26.9930 temp=1.00 total_env_steps=46171 t=0.26s
Ep 1065: len= 31 黑胜 loss=26.8533 temp=1.00 total_env_steps=46202 t=0.29s
Ep 1066: len= 66 白胜 loss=26.9399 temp=1.00 total_env_steps=46268 t=0.54s
Ep 1067: len= 37 黑胜 loss=27.0994 temp=1.00 total_env_steps=46305 t=0.36s
Ep 1068: len= 40 白胜 loss=27.0279 temp=1.00 total_env_steps=46345 t=0.39s
Ep 1069: len= 38 白胜 loss=26.9123 temp=1.00 total_env_steps=46383 t=0.35s
Ep 1070: len= 36 白胜 loss=27.1850 temp=1.00 total_env_steps=46419 t=0.33s
Ep 1071: len= 51 黑胜 loss=27.1422 temp=1.00 total_env_steps=46470 t=0.38s
Ep 1072: len= 53 黑胜 loss=26.6176 temp=1.00 total_env_steps=46523 t=0.44s
Ep 1073: len= 26 白胜 loss=27.0471 temp=1.00 total_env_steps=46549 t=0.27s
Ep 1074: len= 33 黑胜 loss=26.8621 temp=1.00 total_env_steps=46582 t=0.30s
Ep 1075: len= 41 黑胜 loss=27.2880 temp=1.00 total_env_steps=46623 t=0.32s
Ep 1076: len= 35 黑胜 loss=26.9290 temp=1.00 total_env_steps=46658 t=0.29s
Ep 1077: len= 19 黑胜 loss=26.9082 temp=1.00 total_env_steps=46677 t=0.24s
Ep 1078: len= 55 黑胜 loss=27.0085 temp=1.00 total_env_steps=46732 t=0.40s
Ep 1079: len= 36 白胜 loss=26.6915 temp=1.00 total_env_steps=46768 t=0.30s
Ep 1080: len= 53 黑胜 loss=26.7749 temp=1.00 total_env_steps=46821 t=0.40s
Ep 1081: len= 81 平局 loss=26.9452 temp=1.00 total_env_steps=46902 t=0.60s
Ep 1082: len= 30 白胜 loss=26.6619 temp=1.00 total_env_steps=46932 t=0.29s
Ep 1083: len= 27 黑胜 loss=26.8185 temp=1.00 total_env_steps=46959 t=0.26s
Ep 1084: len= 52 白胜 loss=27.0265 temp=1.00 total_env_steps=47011 t=0.42s
Ep 1085: len= 33 黑胜 loss=26.8829 temp=1.00 total_env_steps=47044 t=0.32s
Ep 1086: len= 33 黑胜 loss=26.7390 temp=1.00 total_env_steps=47077 t=0.30s
Ep 1087: len= 25 黑胜 loss=26.8387 temp=1.00 total_env_steps=47102 t=0.25s
Ep 1088: len= 24 白胜 loss=26.4838 temp=1.00 total_env_steps=47126 t=0.24s
Ep 1089: len= 63 黑胜 loss=26.5807 temp=1.00 total_env_steps=47189 t=0.52s
Ep 1090: len= 44 白胜 loss=27.0607 temp=1.00 total_env_steps=47233 t=0.37s
Ep 1091: len= 39 黑胜 loss=26.9897 temp=1.00 total_env_steps=47272 t=0.33s
Ep 1092: len= 32 白胜 loss=26.9211 temp=1.00 total_env_steps=47304 t=0.29s
Ep 1093: len= 11 黑胜 loss=26.7983 temp=1.00 total_env_steps=47315 t=0.15s
Ep 1094: len= 35 黑胜 loss=27.2718 temp=1.00 total_env_steps=47350 t=0.30s
Ep 1095: len= 34 白胜 loss=26.6186 temp=1.00 total_env_steps=47384 t=0.32s
Ep 1096: len= 46 白胜 loss=27.0225 temp=1.00 total_env_steps=47430 t=0.38s
Ep 1097: len= 29 黑胜 loss=26.9383 temp=1.00 total_env_steps=47459 t=0.27s
Ep 1098: len= 47 黑胜 loss=26.8211 temp=1.00 total_env_steps=47506 t=0.38s
Ep 1099: len= 23 黑胜 loss=26.8062 temp=1.00 total_env_steps=47529 t=0.27s
Ep 1100: len= 43 黑胜 loss=26.8644 temp=1.00 total_env_steps=47572 t=0.37s
Ep 1101: len= 47 黑胜 loss=26.5490 temp=1.00 total_env_steps=47619 t=0.44s
Ep 1102: len= 39 黑胜 loss=26.9544 temp=1.00 total_env_steps=47658 t=0.36s
Ep 1103: len= 26 白胜 loss=26.8062 temp=1.00 total_env_steps=47684 t=0.27s
Ep 1104: len= 42 白胜 loss=27.3293 temp=1.00 total_env_steps=47726 t=0.35s
Ep 1105: len= 59 黑胜 loss=26.8414 temp=1.00 total_env_steps=47785 t=0.48s
Ep 1106: len= 36 白胜 loss=26.8594 temp=1.00 total_env_steps=47821 t=0.32s
Ep 1107: len= 59 黑胜 loss=26.6999 temp=1.00 total_env_steps=47880 t=0.47s
Ep 1108: len= 31 黑胜 loss=26.7442 temp=1.00 total_env_steps=47911 t=0.27s
Ep 1109: len= 72 白胜 loss=27.0471 temp=1.00 total_env_steps=47983 t=0.53s
Ep 1110: len= 50 白胜 loss=26.9987 temp=1.00 total_env_steps=48033 t=0.46s
Ep 1111: len= 33 黑胜 loss=26.4140 temp=1.00 total_env_steps=48066 t=0.33s
Ep 1112: len= 33 黑胜 loss=26.4731 temp=1.00 total_env_steps=48099 t=0.34s
Ep 1113: len= 39 黑胜 loss=26.9954 temp=1.00 total_env_steps=48138 t=0.34s
Ep 1114: len= 33 黑胜 loss=27.1148 temp=1.00 total_env_steps=48171 t=0.42s
Ep 1115: len= 24 白胜 loss=27.1345 temp=1.00 total_env_steps=48195 t=0.42s
Ep 1116: len= 58 白胜 loss=26.6069 temp=1.00 total_env_steps=48253 t=0.71s
Ep 1117: len= 28 白胜 loss=26.9165 temp=1.00 total_env_steps=48281 t=0.43s
Ep 1118: len= 54 白胜 loss=26.8027 temp=1.00 total_env_steps=48335 t=0.67s
Ep 1119: len= 25 黑胜 loss=26.8396 temp=1.00 total_env_steps=48360 t=0.44s
Ep 1120: len= 49 黑胜 loss=26.7031 temp=1.00 total_env_steps=48409 t=0.67s
Ep 1121: len= 33 黑胜 loss=26.9207 temp=1.00 total_env_steps=48442 t=0.54s
Ep 1122: len= 21 黑胜 loss=27.0048 temp=1.00 total_env_steps=48463 t=0.44s
Ep 1123: len= 63 黑胜 loss=26.7854 temp=1.00 total_env_steps=48526 t=0.81s
Ep 1124: len= 56 白胜 loss=26.7977 temp=1.00 total_env_steps=48582 t=0.64s
Ep 1125: len= 27 黑胜 loss=26.9533 temp=1.00 total_env_steps=48609 t=0.44s
Ep 1126: len= 45 黑胜 loss=27.0266 temp=1.00 total_env_steps=48654 t=0.59s
Ep 1127: len= 33 黑胜 loss=26.6599 temp=1.00 total_env_steps=48687 t=0.52s
Ep 1128: len= 63 黑胜 loss=26.8002 temp=1.00 total_env_steps=48750 t=0.68s
Ep 1129: len= 51 黑胜 loss=26.8490 temp=1.00 total_env_steps=48801 t=0.59s
Ep 1130: len= 40 白胜 loss=26.7329 temp=1.00 total_env_steps=48841 t=0.51s
Ep 1131: len= 32 白胜 loss=26.9211 temp=1.00 total_env_steps=48873 t=0.50s
Ep 1132: len= 44 白胜 loss=26.4929 temp=1.00 total_env_steps=48917 t=0.56s
Ep 1133: len= 50 白胜 loss=26.9814 temp=1.00 total_env_steps=48967 t=0.60s
Ep 1134: len= 26 白胜 loss=26.7767 temp=1.00 total_env_steps=48993 t=0.46s
Ep 1135: len= 29 黑胜 loss=26.3665 temp=1.00 total_env_steps=49022 t=0.44s
Ep 1136: len= 39 黑胜 loss=26.8181 temp=1.00 total_env_steps=49061 t=0.51s
Ep 1137: len= 49 黑胜 loss=26.9692 temp=1.00 total_env_steps=49110 t=0.62s
Ep 1138: len= 56 白胜 loss=26.6862 temp=1.00 total_env_steps=49166 t=0.71s
Ep 1139: len= 80 白胜 loss=26.8093 temp=1.00 total_env_steps=49246 t=0.92s
Ep 1140: len= 31 黑胜 loss=26.8317 temp=1.00 total_env_steps=49277 t=0.47s
Ep 1141: len= 56 白胜 loss=26.6343 temp=1.00 total_env_steps=49333 t=0.73s
Ep 1142: len= 32 白胜 loss=26.5692 temp=1.00 total_env_steps=49365 t=0.53s
Ep 1143: len= 34 白胜 loss=26.7726 temp=1.00 total_env_steps=49399 t=0.56s
Ep 1144: len= 26 白胜 loss=26.6462 temp=1.00 total_env_steps=49425 t=0.49s
Ep 1145: len= 34 白胜 loss=27.0726 temp=1.00 total_env_steps=49459 t=0.53s
Ep 1146: len= 71 黑胜 loss=26.8596 temp=1.00 total_env_steps=49530 t=0.85s
Ep 1147: len= 31 黑胜 loss=26.7040 temp=1.00 total_env_steps=49561 t=0.52s
Ep 1148: len= 28 白胜 loss=26.8235 temp=1.00 total_env_steps=49589 t=0.49s
Ep 1149: len= 25 黑胜 loss=26.6731 temp=1.00 total_env_steps=49614 t=0.46s
Ep 1150: len= 35 黑胜 loss=26.6581 temp=1.00 total_env_steps=49649 t=0.54s
Ep 1151: len= 44 白胜 loss=26.6526 temp=1.00 total_env_steps=49693 t=0.61s
Ep 1152: len= 29 黑胜 loss=26.9625 temp=1.00 total_env_steps=49722 t=0.47s
Ep 1153: len= 29 黑胜 loss=26.9006 temp=1.00 total_env_steps=49751 t=0.45s
Ep 1154: len= 43 黑胜 loss=27.2563 temp=1.00 total_env_steps=49794 t=0.58s
Ep 1155: len= 54 白胜 loss=26.9774 temp=1.00 total_env_steps=49848 t=0.62s
Ep 1156: len= 57 黑胜 loss=26.8524 temp=1.00 total_env_steps=49905 t=0.72s
Ep 1157: len= 25 黑胜 loss=26.6687 temp=1.00 total_env_steps=49930 t=0.43s
Ep 1158: len= 62 白胜 loss=26.8952 temp=1.00 total_env_steps=49992 t=0.69s
Ep 1159: len= 43 黑胜 loss=26.7757 temp=1.00 total_env_steps=50035 t=0.55s
Ep 1160: len= 25 黑胜 loss=27.1922 temp=1.00 total_env_steps=50060 t=0.43s
Ep 1161: len= 47 黑胜 loss=26.6287 temp=1.00 total_env_steps=50107 t=0.57s
Ep 1162: len= 40 白胜 loss=26.7056 temp=1.00 total_env_steps=50147 t=0.51s
Ep 1163: len= 38 白胜 loss=26.8027 temp=1.00 total_env_steps=50185 t=0.54s
Ep 1164: len= 43 黑胜 loss=27.1594 temp=1.00 total_env_steps=50228 t=0.55s
Ep 1165: len= 46 白胜 loss=27.1721 temp=1.00 total_env_steps=50274 t=0.57s
Ep 1166: len= 44 白胜 loss=26.7186 temp=1.00 total_env_steps=50318 t=0.55s
Ep 1167: len= 45 黑胜 loss=26.8832 temp=1.00 total_env_steps=50363 t=0.58s
Ep 1168: len= 59 黑胜 loss=26.7342 temp=1.00 total_env_steps=50422 t=0.63s
Ep 1169: len= 48 白胜 loss=27.0289 temp=1.00 total_env_steps=50470 t=0.59s
Ep 1170: len= 37 黑胜 loss=26.6200 temp=1.00 total_env_steps=50507 t=0.52s
Ep 1171: len= 34 白胜 loss=26.7792 temp=1.00 total_env_steps=50541 t=0.62s
Ep 1172: len= 59 黑胜 loss=26.6002 temp=1.00 total_env_steps=50600 t=0.66s
Ep 1173: len= 40 白胜 loss=26.7748 temp=1.00 total_env_steps=50640 t=0.57s
Ep 1174: len= 39 黑胜 loss=26.9383 temp=1.00 total_env_steps=50679 t=0.52s
Ep 1175: len= 58 白胜 loss=26.8111 temp=1.00 total_env_steps=50737 t=0.66s
Ep 1176: len= 81 黑胜 loss=27.1450 temp=1.00 total_env_steps=50818 t=0.81s
Ep 1177: len= 40 白胜 loss=26.8504 temp=1.00 total_env_steps=50858 t=0.55s
Ep 1178: len= 24 白胜 loss=27.1028 temp=1.00 total_env_steps=50882 t=0.45s
Ep 1179: len= 28 白胜 loss=26.8441 temp=1.00 total_env_steps=50910 t=0.47s
Ep 1180: len= 47 黑胜 loss=26.7380 temp=1.00 total_env_steps=50957 t=0.59s
Ep 1181: len= 33 黑胜 loss=26.6017 temp=1.00 total_env_steps=50990 t=0.58s
Ep 1182: len= 45 黑胜 loss=26.7235 temp=1.00 total_env_steps=51035 t=0.65s
Ep 1183: len= 67 黑胜 loss=26.9182 temp=1.00 total_env_steps=51102 t=0.75s
Ep 1184: len= 40 白胜 loss=26.9764 temp=1.00 total_env_steps=51142 t=0.55s
Ep 1185: len= 60 白胜 loss=26.7239 temp=1.00 total_env_steps=51202 t=0.70s
Ep 1186: len= 43 黑胜 loss=26.8224 temp=1.00 total_env_steps=51245 t=0.65s
Ep 1187: len= 28 白胜 loss=27.1172 temp=1.00 total_env_steps=51273 t=0.47s
Ep 1188: len= 44 白胜 loss=26.9100 temp=1.00 total_env_steps=51317 t=0.67s
Ep 1189: len= 26 白胜 loss=26.8133 temp=1.00 total_env_steps=51343 t=0.50s
Ep 1190: len= 31 黑胜 loss=26.4927 temp=1.00 total_env_steps=51374 t=0.56s
Ep 1191: len= 21 黑胜 loss=26.8109 temp=1.00 total_env_steps=51395 t=0.43s
Ep 1192: len= 34 白胜 loss=26.5488 temp=1.00 total_env_steps=51429 t=0.54s
Ep 1193: len= 48 白胜 loss=27.2253 temp=1.00 total_env_steps=51477 t=0.66s
Ep 1194: len= 20 白胜 loss=26.4578 temp=1.00 total_env_steps=51497 t=0.47s
Ep 1195: len= 44 白胜 loss=26.8689 temp=1.00 total_env_steps=51541 t=0.82s
Ep 1196: len= 27 黑胜 loss=27.0970 temp=1.00 total_env_steps=51568 t=0.61s
Ep 1197: len= 35 黑胜 loss=26.7413 temp=1.00 total_env_steps=51603 t=0.64s
Ep 1198: len= 27 黑胜 loss=26.9592 temp=1.00 total_env_steps=51630 t=0.72s
Ep 1199: len= 30 白胜 loss=26.7054 temp=1.00 total_env_steps=51660 t=0.48s
Ep 1200: len= 37 黑胜 loss=26.6807 temp=1.00 total_env_steps=51697 t=0.61s
Ep 1201: len= 24 白胜 loss=26.5592 temp=1.00 total_env_steps=51721 t=0.50s
Ep 1202: len= 29 黑胜 loss=26.8768 temp=1.00 total_env_steps=51750 t=0.54s
Ep 1203: len= 46 白胜 loss=27.0891 temp=1.00 total_env_steps=51796 t=0.65s
Ep 1204: len= 35 黑胜 loss=27.0550 temp=1.00 total_env_steps=51831 t=0.58s
Ep 1205: len= 54 白胜 loss=27.0061 temp=1.00 total_env_steps=51885 t=0.76s
Ep 1206: len= 26 白胜 loss=26.5735 temp=1.00 total_env_steps=51911 t=0.53s
Ep 1207: len= 55 黑胜 loss=26.9425 temp=1.00 total_env_steps=51966 t=0.74s
Ep 1208: len= 15 黑胜 loss=27.0858 temp=1.00 total_env_steps=51981 t=0.44s
Ep 1209: len= 62 白胜 loss=27.0811 temp=1.00 total_env_steps=52043 t=0.87s
Ep 1210: len= 36 白胜 loss=26.7643 temp=1.00 total_env_steps=52079 t=0.66s
Ep 1211: len= 38 白胜 loss=26.6417 temp=1.00 total_env_steps=52117 t=0.55s
Ep 1212: len= 39 黑胜 loss=26.7361 temp=1.00 total_env_steps=52156 t=0.56s
Ep 1213: len= 42 白胜 loss=26.7496 temp=1.00 total_env_steps=52198 t=0.60s
Ep 1214: len= 50 白胜 loss=26.7990 temp=1.00 total_env_steps=52248 t=0.68s
Ep 1215: len= 27 黑胜 loss=27.1226 temp=1.00 total_env_steps=52275 t=0.49s
Ep 1216: len= 20 白胜 loss=26.8985 temp=1.00 total_env_steps=52295 t=0.42s
Ep 1217: len= 27 黑胜 loss=26.7538 temp=1.00 total_env_steps=52322 t=0.49s
Ep 1218: len= 42 白胜 loss=27.1566 temp=1.00 total_env_steps=52364 t=0.55s
Ep 1219: len= 63 黑胜 loss=26.7762 temp=1.00 total_env_steps=52427 t=0.72s
Ep 1220: len= 32 白胜 loss=26.7317 temp=1.00 total_env_steps=52459 t=0.53s
Ep 1221: len= 28 白胜 loss=26.8337 temp=1.00 total_env_steps=52487 t=0.48s
Ep 1222: len= 35 黑胜 loss=26.8771 temp=1.00 total_env_steps=52522 t=0.51s
Ep 1223: len= 44 白胜 loss=26.4194 temp=1.00 total_env_steps=52566 t=0.61s
Ep 1224: len= 57 黑胜 loss=26.7240 temp=1.00 total_env_steps=52623 t=0.68s
Ep 1225: len= 22 白胜 loss=26.4754 temp=1.00 total_env_steps=52645 t=0.45s
Ep 1226: len= 45 黑胜 loss=26.6069 temp=1.00 total_env_steps=52690 t=0.64s
Ep 1227: len= 41 黑胜 loss=26.7060 temp=1.00 total_env_steps=52731 t=0.62s
Ep 1228: len= 42 白胜 loss=26.7880 temp=1.00 total_env_steps=52773 t=0.60s
Ep 1229: len= 36 白胜 loss=26.5671 temp=1.00 total_env_steps=52809 t=0.57s
Ep 1230: len= 31 黑胜 loss=26.6709 temp=1.00 total_env_steps=52840 t=0.52s
Ep 1231: len= 26 白胜 loss=26.5611 temp=1.00 total_env_steps=52866 t=0.50s
Ep 1232: len= 37 黑胜 loss=26.8323 temp=1.00 total_env_steps=52903 t=0.55s
Ep 1233: len= 40 白胜 loss=27.0286 temp=1.00 total_env_steps=52943 t=0.63s
Ep 1234: len= 44 白胜 loss=26.8035 temp=1.00 total_env_steps=52987 t=0.73s
Ep 1235: len= 35 黑胜 loss=26.8969 temp=1.00 total_env_steps=53022 t=0.58s
Ep 1236: len= 35 黑胜 loss=26.9112 temp=1.00 total_env_steps=53057 t=0.58s
Ep 1237: len= 47 黑胜 loss=26.7493 temp=1.00 total_env_steps=53104 t=0.63s
Ep 1238: len= 39 黑胜 loss=26.5819 temp=1.00 total_env_steps=53143 t=0.58s
Ep 1239: len= 34 白胜 loss=26.6869 temp=1.00 total_env_steps=53177 t=0.54s
Ep 1240: len= 23 黑胜 loss=26.6932 temp=1.00 total_env_steps=53200 t=0.67s
Ep 1241: len= 30 白胜 loss=26.4688 temp=1.00 total_env_steps=53230 t=0.51s
Ep 1242: len= 44 白胜 loss=26.7943 temp=1.00 total_env_steps=53274 t=0.61s
Ep 1243: len= 43 黑胜 loss=26.8288 temp=1.00 total_env_steps=53317 t=0.63s
Ep 1244: len= 52 白胜 loss=26.9326 temp=1.00 total_env_steps=53369 t=0.70s
Ep 1245: len= 33 黑胜 loss=26.7356 temp=1.00 total_env_steps=53402 t=0.52s
Ep 1246: len= 29 黑胜 loss=26.6335 temp=1.00 total_env_steps=53431 t=0.51s
Ep 1247: len= 49 黑胜 loss=26.8592 temp=1.00 total_env_steps=53480 t=0.63s
Ep 1248: len= 44 白胜 loss=26.4793 temp=1.00 total_env_steps=53524 t=0.61s
Ep 1249: len= 34 白胜 loss=26.6100 temp=1.00 total_env_steps=53558 t=0.59s
Ep 1250: len= 43 黑胜 loss=26.9462 temp=1.00 total_env_steps=53601 t=0.65s
Ep 1251: len= 31 黑胜 loss=26.5728 temp=1.00 total_env_steps=53632 t=0.71s
Ep 1252: len= 38 白胜 loss=26.5124 temp=1.00 total_env_steps=53670 t=0.59s
Ep 1253: len= 46 白胜 loss=26.5810 temp=1.00 total_env_steps=53716 t=0.67s
Ep 1254: len= 40 白胜 loss=26.6012 temp=1.00 total_env_steps=53756 t=0.57s
Ep 1255: len= 32 白胜 loss=26.3627 temp=1.00 total_env_steps=53788 t=0.55s
Ep 1256: len= 42 白胜 loss=27.1373 temp=1.00 total_env_steps=53830 t=0.62s
Ep 1257: len= 27 黑胜 loss=26.2936 temp=1.00 total_env_steps=53857 t=0.52s
Ep 1258: len= 50 白胜 loss=26.6677 temp=1.00 total_env_steps=53907 t=0.73s
Ep 1259: len= 68 白胜 loss=26.5126 temp=1.00 total_env_steps=53975 t=0.86s
Ep 1260: len= 36 白胜 loss=26.6318 temp=1.00 total_env_steps=54011 t=0.67s
Ep 1261: len= 33 黑胜 loss=26.6617 temp=1.00 total_env_steps=54044 t=0.58s
Ep 1262: len= 57 黑胜 loss=26.3430 temp=1.00 total_env_steps=54101 t=0.83s
Ep 1263: len= 39 黑胜 loss=26.8529 temp=1.00 total_env_steps=54140 t=0.60s
Ep 1264: len= 45 黑胜 loss=26.8357 temp=1.00 total_env_steps=54185 t=0.63s
Ep 1265: len= 39 黑胜 loss=26.4712 temp=1.00 total_env_steps=54224 t=0.64s
Ep 1266: len= 40 白胜 loss=26.7658 temp=1.00 total_env_steps=54264 t=0.59s
Ep 1267: len= 43 黑胜 loss=26.7583 temp=1.00 total_env_steps=54307 t=0.60s
Ep 1268: len= 53 黑胜 loss=26.7362 temp=1.00 total_env_steps=54360 t=0.68s
Ep 1269: len= 72 白胜 loss=26.9717 temp=1.00 total_env_steps=54432 t=0.82s
Ep 1270: len= 30 白胜 loss=26.6343 temp=1.00 total_env_steps=54462 t=0.51s
Ep 1271: len= 21 黑胜 loss=26.1752 temp=1.00 total_env_steps=54483 t=0.54s
Ep 1272: len= 20 白胜 loss=26.6984 temp=1.00 total_env_steps=54503 t=0.49s
Ep 1273: len= 29 黑胜 loss=26.6824 temp=1.00 total_env_steps=54532 t=0.55s
Ep 1274: len= 57 黑胜 loss=26.7984 temp=1.00 total_env_steps=54589 t=0.81s
Ep 1275: len= 53 黑胜 loss=27.0433 temp=1.00 total_env_steps=54642 t=0.79s
Ep 1276: len= 14 白胜 loss=26.9377 temp=1.00 total_env_steps=54656 t=0.51s
Ep 1277: len= 36 白胜 loss=26.5257 temp=1.00 total_env_steps=54692 t=0.65s
Ep 1278: len= 48 白胜 loss=26.5780 temp=1.00 total_env_steps=54740 t=0.72s
Ep 1279: len= 20 白胜 loss=26.8269 temp=1.00 total_env_steps=54760 t=0.52s
Ep 1280: len= 46 白胜 loss=26.5742 temp=1.00 total_env_steps=54806 t=0.67s
Ep 1281: len= 44 白胜 loss=26.7692 temp=1.00 total_env_steps=54850 t=0.73s
Ep 1282: len= 47 黑胜 loss=25.9875 temp=1.00 total_env_steps=54897 t=0.71s
Ep 1283: len= 33 黑胜 loss=26.3556 temp=1.00 total_env_steps=54930 t=0.62s
Ep 1284: len= 22 白胜 loss=26.7349 temp=1.00 total_env_steps=54952 t=0.56s
Ep 1285: len= 53 黑胜 loss=26.8334 temp=1.00 total_env_steps=55005 t=0.83s
Ep 1286: len= 29 黑胜 loss=26.7626 temp=1.00 total_env_steps=55034 t=0.58s
Ep 1287: len= 36 白胜 loss=26.6831 temp=1.00 total_env_steps=55070 t=0.75s
Ep 1288: len= 37 黑胜 loss=26.6182 temp=1.00 total_env_steps=55107 t=0.63s
Ep 1289: len= 21 黑胜 loss=27.1139 temp=1.00 total_env_steps=55128 t=0.52s
Ep 1290: len= 21 黑胜 loss=27.1608 temp=1.00 total_env_steps=55149 t=0.49s
Ep 1291: len= 18 白胜 loss=26.4285 temp=1.00 total_env_steps=55167 t=0.51s
Ep 1292: len= 26 白胜 loss=26.6396 temp=1.00 total_env_steps=55193 t=0.56s
Ep 1293: len= 25 黑胜 loss=26.4060 temp=1.00 total_env_steps=55218 t=0.53s
Ep 1294: len= 50 白胜 loss=26.5420 temp=1.00 total_env_steps=55268 t=0.70s
Ep 1295: len= 29 黑胜 loss=26.9579 temp=1.00 total_env_steps=55297 t=0.57s
Ep 1296: len= 20 白胜 loss=26.5581 temp=1.00 total_env_steps=55317 t=0.50s
Ep 1297: len= 38 白胜 loss=26.7744 temp=1.00 total_env_steps=55355 t=0.61s
Ep 1298: len= 47 黑胜 loss=26.1208 temp=1.00 total_env_steps=55402 t=0.67s
Ep 1299: len= 50 白胜 loss=27.2111 temp=1.00 total_env_steps=55452 t=0.71s
Ep 1300: len= 78 白胜 loss=26.7096 temp=1.00 total_env_steps=55530 t=0.91s
Ep 1301: len= 47 黑胜 loss=26.7916 temp=1.00 total_env_steps=55577 t=0.66s
Ep 1302: len= 49 黑胜 loss=26.4580 temp=1.00 total_env_steps=55626 t=0.70s
Ep 1303: len= 39 黑胜 loss=26.7994 temp=1.00 total_env_steps=55665 t=0.61s
Ep 1304: len= 19 黑胜 loss=27.0835 temp=1.00 total_env_steps=55684 t=0.47s
Ep 1305: len= 51 黑胜 loss=26.5629 temp=1.00 total_env_steps=55735 t=0.69s
Ep 1306: len= 23 黑胜 loss=26.7699 temp=1.00 total_env_steps=55758 t=0.61s
Ep 1307: len= 32 白胜 loss=26.5164 temp=1.00 total_env_steps=55790 t=0.55s
Ep 1308: len= 69 黑胜 loss=26.8131 temp=1.00 total_env_steps=55859 t=0.88s
Ep 1309: len= 27 黑胜 loss=27.0878 temp=1.00 total_env_steps=55886 t=0.50s
Ep 1310: len= 73 黑胜 loss=26.6176 temp=1.00 total_env_steps=55959 t=0.88s
Ep 1311: len= 33 黑胜 loss=26.7055 temp=1.00 total_env_steps=55992 t=0.56s
Ep 1312: len= 40 白胜 loss=27.0508 temp=1.00 total_env_steps=56032 t=0.63s
Ep 1313: len= 39 黑胜 loss=26.8037 temp=1.00 total_env_steps=56071 t=0.60s
Ep 1314: len= 49 黑胜 loss=26.7571 temp=1.00 total_env_steps=56120 t=0.68s
Ep 1315: len= 45 黑胜 loss=26.6908 temp=1.00 total_env_steps=56165 t=0.66s
Ep 1316: len= 24 白胜 loss=26.4496 temp=1.00 total_env_steps=56189 t=0.51s
Ep 1317: len= 25 黑胜 loss=26.7424 temp=1.00 total_env_steps=56214 t=0.55s
Ep 1318: len= 28 白胜 loss=26.8411 temp=1.00 total_env_steps=56242 t=0.55s
Ep 1319: len= 34 白胜 loss=26.7596 temp=1.00 total_env_steps=56276 t=0.63s
Ep 1320: len= 46 白胜 loss=26.5871 temp=1.00 total_env_steps=56322 t=0.65s
Ep 1321: len= 29 黑胜 loss=27.0598 temp=1.00 total_env_steps=56351 t=0.68s
Ep 1322: len= 34 白胜 loss=27.0267 temp=1.00 total_env_steps=56385 t=0.56s
Ep 1323: len= 34 白胜 loss=26.5817 temp=1.00 total_env_steps=56419 t=0.57s
Ep 1324: len= 39 黑胜 loss=26.5045 temp=1.00 total_env_steps=56458 t=0.63s
Ep 1325: len= 35 黑胜 loss=26.7141 temp=1.00 total_env_steps=56493 t=0.58s
Ep 1326: len= 31 黑胜 loss=26.6636 temp=1.00 total_env_steps=56524 t=0.51s
Ep 1327: len= 24 白胜 loss=27.0681 temp=1.00 total_env_steps=56548 t=0.48s
Ep 1328: len= 27 黑胜 loss=26.6997 temp=1.00 total_env_steps=56575 t=0.53s
Ep 1329: len= 27 黑胜 loss=26.6787 temp=1.00 total_env_steps=56602 t=0.52s
Ep 1330: len= 23 黑胜 loss=26.5566 temp=1.00 total_env_steps=56625 t=0.50s
Ep 1331: len= 29 黑胜 loss=26.6070 temp=1.00 total_env_steps=56654 t=0.57s
Ep 1332: len= 33 黑胜 loss=26.6623 temp=1.00 total_env_steps=56687 t=0.58s
Ep 1333: len= 35 黑胜 loss=26.4949 temp=1.00 total_env_steps=56722 t=0.80s
Ep 1334: len= 69 黑胜 loss=26.8652 temp=1.00 total_env_steps=56791 t=0.85s
Ep 1335: len= 28 白胜 loss=26.9085 temp=1.00 total_env_steps=56819 t=0.52s
Ep 1336: len= 50 白胜 loss=26.8163 temp=1.00 total_env_steps=56869 t=0.75s
Ep 1337: len= 52 白胜 loss=26.8344 temp=1.00 total_env_steps=56921 t=0.70s
Ep 1338: len= 50 白胜 loss=26.4767 temp=1.00 total_env_steps=56971 t=0.79s
Ep 1339: len= 27 黑胜 loss=26.3915 temp=1.00 total_env_steps=56998 t=0.67s
Ep 1340: len= 28 白胜 loss=26.5824 temp=1.00 total_env_steps=57026 t=0.55s
Ep 1341: len= 49 黑胜 loss=26.7701 temp=1.00 total_env_steps=57075 t=0.75s
Ep 1342: len= 35 黑胜 loss=26.2380 temp=1.00 total_env_steps=57110 t=0.61s
Ep 1343: len= 32 白胜 loss=26.8834 temp=1.00 total_env_steps=57142 t=0.57s
Ep 1344: len= 41 黑胜 loss=26.5119 temp=1.00 total_env_steps=57183 t=0.64s
Ep 1345: len= 50 白胜 loss=26.5454 temp=1.00 total_env_steps=57233 t=0.75s
Ep 1346: len= 62 白胜 loss=26.4375 temp=1.00 total_env_steps=57295 t=0.80s
Ep 1347: len= 27 黑胜 loss=26.9122 temp=1.00 total_env_steps=57322 t=0.57s
Ep 1348: len= 50 白胜 loss=26.7069 temp=1.00 total_env_steps=57372 t=0.77s
Ep 1349: len= 31 黑胜 loss=26.6460 temp=1.00 total_env_steps=57403 t=0.58s
Ep 1350: len= 33 黑胜 loss=26.7300 temp=1.00 total_env_steps=57436 t=0.58s
Ep 1351: len= 47 黑胜 loss=26.5919 temp=1.00 total_env_steps=57483 t=0.67s
Ep 1352: len= 49 黑胜 loss=26.6425 temp=1.00 total_env_steps=57532 t=0.71s
Ep 1353: len= 15 黑胜 loss=27.3555 temp=1.00 total_env_steps=57547 t=0.47s
Ep 1354: len= 41 黑胜 loss=26.9503 temp=1.00 total_env_steps=57588 t=0.67s
Ep 1355: len= 67 黑胜 loss=26.7232 temp=1.00 total_env_steps=57655 t=0.89s
Ep 1356: len= 53 黑胜 loss=26.5138 temp=1.00 total_env_steps=57708 t=0.76s
Ep 1357: len= 48 白胜 loss=26.5353 temp=1.00 total_env_steps=57756 t=0.71s
Ep 1358: len= 35 黑胜 loss=26.5502 temp=1.00 total_env_steps=57791 t=0.59s
Ep 1359: len= 29 黑胜 loss=27.0914 temp=1.00 total_env_steps=57820 t=0.55s
Ep 1360: len= 35 黑胜 loss=26.1848 temp=1.00 total_env_steps=57855 t=0.58s
Ep 1361: len= 34 白胜 loss=26.5443 temp=1.00 total_env_steps=57889 t=0.58s
Ep 1362: len= 22 白胜 loss=26.1959 temp=1.00 total_env_steps=57911 t=0.48s
Ep 1363: len= 45 黑胜 loss=27.2273 temp=1.00 total_env_steps=57956 t=0.63s
Ep 1364: len= 39 黑胜 loss=26.1452 temp=1.00 total_env_steps=57995 t=0.61s
Ep 1365: len= 49 黑胜 loss=26.3789 temp=1.00 total_env_steps=58044 t=0.71s
Ep 1366: len= 24 白胜 loss=26.4094 temp=1.00 total_env_steps=58068 t=0.59s
Ep 1367: len= 20 白胜 loss=26.7555 temp=1.00 total_env_steps=58088 t=0.43s
Ep 1368: len= 27 黑胜 loss=26.4495 temp=1.00 total_env_steps=58115 t=0.52s
Ep 1369: len= 49 黑胜 loss=26.5329 temp=1.00 total_env_steps=58164 t=0.70s
Ep 1370: len= 23 黑胜 loss=26.6744 temp=1.00 total_env_steps=58187 t=0.48s
Ep 1371: len= 39 黑胜 loss=26.4908 temp=1.00 total_env_steps=58226 t=0.57s
Ep 1372: len= 74 白胜 loss=26.1376 temp=1.00 total_env_steps=58300 t=0.91s
Ep 1373: len= 21 黑胜 loss=26.4653 temp=1.00 total_env_steps=58321 t=0.48s
Ep 1374: len= 45 黑胜 loss=26.6815 temp=1.00 total_env_steps=58366 t=0.65s
Ep 1375: len= 49 黑胜 loss=26.4916 temp=1.00 total_env_steps=58415 t=0.65s
Ep 1376: len= 61 黑胜 loss=26.9717 temp=1.00 total_env_steps=58476 t=0.73s
Ep 1377: len= 30 白胜 loss=26.7901 temp=1.00 total_env_steps=58506 t=0.55s
Ep 1378: len= 53 黑胜 loss=26.5326 temp=1.00 total_env_steps=58559 t=0.75s
Ep 1379: len= 27 黑胜 loss=26.5454 temp=1.00 total_env_steps=58586 t=0.53s
Ep 1380: len= 12 白胜 loss=26.9743 temp=1.00 total_env_steps=58598 t=0.41s
Ep 1381: len= 29 黑胜 loss=26.8295 temp=1.00 total_env_steps=58627 t=0.52s
Ep 1382: len= 47 黑胜 loss=26.3605 temp=1.00 total_env_steps=58674 t=0.66s
Ep 1383: len= 36 白胜 loss=26.3489 temp=1.00 total_env_steps=58710 t=0.57s
Ep 1384: len= 37 黑胜 loss=26.3628 temp=1.00 total_env_steps=58747 t=0.56s
Ep 1385: len= 37 黑胜 loss=26.8950 temp=1.00 total_env_steps=58784 t=0.59s
Ep 1386: len= 28 白胜 loss=26.5819 temp=1.00 total_env_steps=58812 t=0.49s
Ep 1387: len= 81 黑胜 loss=26.4351 temp=1.00 total_env_steps=58893 t=0.88s
Ep 1388: len= 64 白胜 loss=26.6980 temp=1.00 total_env_steps=58957 t=0.73s
Ep 1389: len= 34 白胜 loss=26.8392 temp=1.00 total_env_steps=58991 t=0.53s
Ep 1390: len= 36 白胜 loss=26.4963 temp=1.00 total_env_steps=59027 t=0.51s
Ep 1391: len= 39 黑胜 loss=26.5573 temp=1.00 total_env_steps=59066 t=0.55s
Ep 1392: len= 40 白胜 loss=26.6917 temp=1.00 total_env_steps=59106 t=0.57s
Ep 1393: len= 35 黑胜 loss=26.7867 temp=1.00 total_env_steps=59141 t=0.54s
Ep 1394: len= 32 白胜 loss=26.8759 temp=1.00 total_env_steps=59173 t=0.52s
Ep 1395: len= 31 黑胜 loss=26.4363 temp=1.00 total_env_steps=59204 t=0.51s
Ep 1396: len= 24 白胜 loss=26.4482 temp=1.00 total_env_steps=59228 t=0.48s
Ep 1397: len= 42 白胜 loss=26.3562 temp=1.00 total_env_steps=59270 t=0.65s
Ep 1398: len= 22 白胜 loss=26.9357 temp=1.00 total_env_steps=59292 t=0.50s
Ep 1399: len= 34 白胜 loss=26.6651 temp=1.00 total_env_steps=59326 t=0.54s
Ep 1400: len= 30 白胜 loss=26.5446 temp=1.00 total_env_steps=59356 t=0.54s
Ep 1401: len= 37 黑胜 loss=26.6992 temp=1.00 total_env_steps=59393 t=0.61s
Ep 1402: len= 22 白胜 loss=26.5097 temp=1.00 total_env_steps=59415 t=0.44s
Ep 1403: len= 46 白胜 loss=26.7660 temp=1.00 total_env_steps=59461 t=0.61s
Ep 1404: len= 46 白胜 loss=26.7260 temp=1.00 total_env_steps=59507 t=0.59s
Ep 1405: len= 60 白胜 loss=26.4949 temp=1.00 total_env_steps=59567 t=0.88s
Ep 1406: len= 36 白胜 loss=26.0993 temp=1.00 total_env_steps=59603 t=0.55s
Ep 1407: len= 31 黑胜 loss=26.6172 temp=1.00 total_env_steps=59634 t=0.51s
Ep 1408: len= 25 黑胜 loss=26.6274 temp=1.00 total_env_steps=59659 t=0.49s
Ep 1409: len= 57 黑胜 loss=26.5335 temp=1.00 total_env_steps=59716 t=0.74s
Ep 1410: len= 54 白胜 loss=26.3930 temp=1.00 total_env_steps=59770 t=0.79s
Ep 1411: len= 25 黑胜 loss=26.1105 temp=1.00 total_env_steps=59795 t=0.49s
Ep 1412: len= 30 白胜 loss=26.6160 temp=1.00 total_env_steps=59825 t=0.48s
Ep 1413: len= 33 黑胜 loss=26.7730 temp=1.00 total_env_steps=59858 t=0.52s
Ep 1414: len= 15 黑胜 loss=26.8718 temp=1.00 total_env_steps=59873 t=0.41s
Ep 1415: len= 26 白胜 loss=26.5989 temp=1.00 total_env_steps=59899 t=0.47s
Ep 1416: len= 39 黑胜 loss=26.8470 temp=1.00 total_env_steps=59938 t=0.61s
Ep 1417: len= 37 黑胜 loss=26.5402 temp=1.00 total_env_steps=59975 t=0.56s
Ep 1418: len= 30 白胜 loss=26.1597 temp=1.00 total_env_steps=60005 t=0.50s
Ep 1419: len= 34 白胜 loss=26.8306 temp=1.00 total_env_steps=60039 t=0.62s
Ep 1420: len= 32 白胜 loss=26.5461 temp=1.00 total_env_steps=60071 t=0.52s
Ep 1421: len= 49 黑胜 loss=27.0348 temp=1.00 total_env_steps=60120 t=0.63s
Ep 1422: len= 35 黑胜 loss=26.7512 temp=1.00 total_env_steps=60155 t=0.55s
Ep 1423: len= 25 黑胜 loss=26.7094 temp=1.00 total_env_steps=60180 t=0.43s
Ep 1424: len= 42 白胜 loss=26.5579 temp=1.00 total_env_steps=60222 t=0.55s
Ep 1425: len= 36 白胜 loss=26.4898 temp=1.00 total_env_steps=60258 t=0.67s
Ep 1426: len= 29 黑胜 loss=26.4326 temp=1.00 total_env_steps=60287 t=0.55s
Ep 1427: len= 39 黑胜 loss=26.3178 temp=1.00 total_env_steps=60326 t=0.57s
Ep 1428: len= 33 黑胜 loss=26.3889 temp=1.00 total_env_steps=60359 t=0.52s
Ep 1429: len= 25 黑胜 loss=26.1999 temp=1.00 total_env_steps=60384 t=0.48s
Ep 1430: len= 41 黑胜 loss=26.8513 temp=1.00 total_env_steps=60425 t=0.62s
Ep 1431: len= 37 黑胜 loss=26.7599 temp=1.00 total_env_steps=60462 t=0.53s
Ep 1432: len= 24 白胜 loss=26.9468 temp=1.00 total_env_steps=60486 t=0.46s
Ep 1433: len= 50 白胜 loss=26.4279 temp=1.00 total_env_steps=60536 t=0.64s
Ep 1434: len= 36 白胜 loss=26.5443 temp=1.00 total_env_steps=60572 t=0.52s
Ep 1435: len= 45 黑胜 loss=26.0913 temp=1.00 total_env_steps=60617 t=0.60s
Ep 1436: len= 50 白胜 loss=26.8087 temp=1.00 total_env_steps=60667 t=0.65s
Ep 1437: len= 34 白胜 loss=26.6441 temp=1.00 total_env_steps=60701 t=0.64s
Ep 1438: len= 30 白胜 loss=26.5915 temp=1.00 total_env_steps=60731 t=0.51s
Ep 1439: len= 33 黑胜 loss=26.1308 temp=1.00 total_env_steps=60764 t=0.52s
Ep 1440: len= 53 黑胜 loss=26.8700 temp=1.00 total_env_steps=60817 t=0.73s
Ep 1441: len= 34 白胜 loss=26.7135 temp=1.00 total_env_steps=60851 t=0.55s
Ep 1442: len= 33 黑胜 loss=26.1102 temp=1.00 total_env_steps=60884 t=0.51s
Ep 1443: len= 53 黑胜 loss=26.5340 temp=1.00 total_env_steps=60937 t=0.67s
Ep 1444: len= 34 白胜 loss=26.2142 temp=1.00 total_env_steps=60971 t=0.56s
Ep 1445: len= 26 白胜 loss=26.6481 temp=1.00 total_env_steps=60997 t=0.48s
Ep 1446: len= 39 黑胜 loss=26.5349 temp=1.00 total_env_steps=61036 t=0.54s
Ep 1447: len= 33 黑胜 loss=26.5209 temp=1.00 total_env_steps=61069 t=0.52s
Ep 1448: len= 42 白胜 loss=26.1301 temp=1.00 total_env_steps=61111 t=0.57s
Ep 1449: len= 40 白胜 loss=26.7988 temp=1.00 total_env_steps=61151 t=0.55s
Ep 1450: len= 32 白胜 loss=26.5148 temp=1.00 total_env_steps=61183 t=0.51s
Ep 1451: len= 40 白胜 loss=26.3694 temp=1.00 total_env_steps=61223 t=0.59s
Ep 1452: len= 49 黑胜 loss=26.4777 temp=1.00 total_env_steps=61272 t=0.62s
Ep 1453: len= 29 黑胜 loss=26.7348 temp=1.00 total_env_steps=61301 t=0.47s
Ep 1454: len= 49 黑胜 loss=26.3452 temp=1.00 total_env_steps=61350 t=0.65s
Ep 1455: len= 35 黑胜 loss=26.4352 temp=1.00 total_env_steps=61385 t=0.52s
Ep 1456: len= 29 黑胜 loss=26.2404 temp=1.00 total_env_steps=61414 t=0.47s
Ep 1457: len= 34 白胜 loss=26.8885 temp=1.00 total_env_steps=61448 t=0.53s
Ep 1458: len= 27 黑胜 loss=26.4517 temp=1.00 total_env_steps=61475 t=0.52s
Ep 1459: len= 43 黑胜 loss=26.4050 temp=1.00 total_env_steps=61518 t=0.63s
Ep 1460: len= 30 白胜 loss=26.5460 temp=1.00 total_env_steps=61548 t=0.52s
Ep 1461: len= 26 白胜 loss=26.6301 temp=1.00 total_env_steps=61574 t=0.48s
Ep 1462: len= 42 白胜 loss=26.7429 temp=1.00 total_env_steps=61616 t=0.56s
Ep 1463: len= 74 白胜 loss=26.4542 temp=1.00 total_env_steps=61690 t=0.79s
Ep 1464: len= 28 白胜 loss=26.1546 temp=1.00 total_env_steps=61718 t=0.47s
Ep 1465: len= 47 黑胜 loss=26.3455 temp=1.00 total_env_steps=61765 t=0.60s
Ep 1466: len= 56 白胜 loss=26.1706 temp=1.00 total_env_steps=61821 t=0.66s
Ep 1467: len= 17 黑胜 loss=26.1607 temp=1.00 total_env_steps=61838 t=0.42s
Ep 1468: len= 33 黑胜 loss=26.4238 temp=1.00 total_env_steps=61871 t=0.51s
Ep 1469: len= 29 黑胜 loss=26.6538 temp=1.00 total_env_steps=61900 t=0.48s
Ep 1470: len= 44 白胜 loss=26.7301 temp=1.00 total_env_steps=61944 t=0.59s
Ep 1471: len= 35 黑胜 loss=26.8212 temp=1.00 total_env_steps=61979 t=0.54s
Ep 1472: len= 31 黑胜 loss=26.7586 temp=1.00 total_env_steps=62010 t=0.50s
Ep 1473: len= 53 黑胜 loss=26.1808 temp=1.00 total_env_steps=62063 t=0.63s
Ep 1474: len= 68 白胜 loss=26.4594 temp=1.00 total_env_steps=62131 t=0.75s
Ep 1475: len= 33 黑胜 loss=26.9757 temp=1.00 total_env_steps=62164 t=0.49s
Ep 1476: len= 51 黑胜 loss=26.8129 temp=1.00 total_env_steps=62215 t=0.61s
Ep 1477: len= 28 白胜 loss=26.5779 temp=1.00 total_env_steps=62243 t=0.45s
Ep 1478: len= 44 白胜 loss=26.6748 temp=1.00 total_env_steps=62287 t=0.68s
Ep 1479: len= 34 白胜 loss=26.3231 temp=1.00 total_env_steps=62321 t=0.50s
Ep 1480: len= 32 白胜 loss=26.7182 temp=1.00 total_env_steps=62353 t=0.51s
Ep 1481: len= 50 白胜 loss=27.0233 temp=1.00 total_env_steps=62403 t=0.60s
Ep 1482: len= 31 黑胜 loss=26.2976 temp=1.00 total_env_steps=62434 t=0.48s
Ep 1483: len= 62 白胜 loss=26.3025 temp=1.00 total_env_steps=62496 t=0.74s
Ep 1484: len= 34 白胜 loss=26.3331 temp=1.00 total_env_steps=62530 t=0.54s
Ep 1485: len= 25 黑胜 loss=26.4239 temp=1.00 total_env_steps=62555 t=0.47s
Ep 1486: len= 57 黑胜 loss=26.7844 temp=1.00 total_env_steps=62612 t=0.72s
Ep 1487: len= 49 黑胜 loss=26.6758 temp=1.00 total_env_steps=62661 t=0.65s
Ep 1488: len= 25 黑胜 loss=26.6690 temp=1.00 total_env_steps=62686 t=0.53s
Ep 1489: len= 31 黑胜 loss=26.3250 temp=1.00 total_env_steps=62717 t=0.52s
Ep 1490: len= 66 白胜 loss=26.7821 temp=1.00 total_env_steps=62783 t=0.86s
Ep 1491: len= 21 黑胜 loss=26.7181 temp=1.00 total_env_steps=62804 t=0.45s
Ep 1492: len= 29 黑胜 loss=26.6020 temp=1.00 total_env_steps=62833 t=0.52s
Ep 1493: len= 22 白胜 loss=26.8172 temp=1.00 total_env_steps=62855 t=0.47s
Ep 1494: len= 24 白胜 loss=26.3787 temp=1.00 total_env_steps=62879 t=0.49s
Ep 1495: len= 29 黑胜 loss=26.4411 temp=1.00 total_env_steps=62908 t=0.53s
Ep 1496: len= 36 白胜 loss=26.5075 temp=1.00 total_env_steps=62944 t=0.54s
Ep 1497: len= 60 白胜 loss=27.0558 temp=1.00 total_env_steps=63004 t=0.71s
Ep 1498: len= 49 黑胜 loss=26.6133 temp=1.00 total_env_steps=63053 t=0.66s
Ep 1499: len= 39 黑胜 loss=26.3607 temp=1.00 total_env_steps=63092 t=0.58s
Ep 1500: len= 75 黑胜 loss=26.2904 temp=1.00 total_env_steps=63167 t=0.86s
  eval vs Gomoku-random-v0: win_rate=1.00 mean_return=1.00（20 局，total_env_steps=63167）
Ep 1501: len= 55 黑胜 loss=26.1076 temp=1.00 total_env_steps=63222 t=0.67s
Ep 1502: len= 43 黑胜 loss=26.6565 temp=1.00 total_env_steps=63265 t=0.58s
Ep 1503: len= 37 黑胜 loss=26.9479 temp=1.00 total_env_steps=63302 t=0.57s
Ep 1504: len= 36 白胜 loss=26.3627 temp=1.00 total_env_steps=63338 t=0.56s
Ep 1505: len= 31 黑胜 loss=26.4907 temp=1.00 total_env_steps=63369 t=0.49s
Ep 1506: len= 35 黑胜 loss=26.2013 temp=1.00 total_env_steps=63404 t=0.50s
Ep 1507: len= 55 黑胜 loss=26.6001 temp=1.00 total_env_steps=63459 t=0.66s
Ep 1508: len= 40 白胜 loss=26.5605 temp=1.00 total_env_steps=63499 t=0.57s
Ep 1509: len= 45 黑胜 loss=26.4353 temp=1.00 total_env_steps=63544 t=0.63s
Ep 1510: len= 25 黑胜 loss=26.2859 temp=1.00 total_env_steps=63569 t=0.48s
Ep 1511: len= 58 白胜 loss=26.1766 temp=1.00 total_env_steps=63627 t=0.73s
Ep 1512: len= 34 白胜 loss=26.3721 temp=1.00 total_env_steps=63661 t=0.55s
Ep 1513: len= 44 白胜 loss=26.5688 temp=1.00 total_env_steps=63705 t=0.59s
Ep 1514: len= 73 黑胜 loss=26.4436 temp=1.00 total_env_steps=63778 t=0.86s
Ep 1515: len= 31 黑胜 loss=26.0426 temp=1.00 total_env_steps=63809 t=0.52s
Ep 1516: len= 43 黑胜 loss=26.6567 temp=1.00 total_env_steps=63852 t=0.57s
Ep 1517: len= 51 黑胜 loss=26.6743 temp=1.00 total_env_steps=63903 t=0.61s
Ep 1518: len= 46 白胜 loss=26.3404 temp=1.00 total_env_steps=63949 t=0.69s
Ep 1519: len= 63 黑胜 loss=26.4696 temp=1.00 total_env_steps=64012 t=0.71s
Ep 1520: len= 26 白胜 loss=26.5868 temp=1.00 total_env_steps=64038 t=0.44s
Ep 1521: len= 64 白胜 loss=26.8213 temp=1.00 total_env_steps=64102 t=0.69s
Ep 1522: len= 34 白胜 loss=26.3984 temp=1.00 total_env_steps=64136 t=0.51s
Ep 1523: len= 65 黑胜 loss=26.5677 temp=1.00 total_env_steps=64201 t=0.76s
Ep 1524: len= 22 白胜 loss=26.3806 temp=1.00 total_env_steps=64223 t=0.46s
Ep 1525: len= 41 黑胜 loss=26.5851 temp=1.00 total_env_steps=64264 t=0.57s
Ep 1526: len= 40 白胜 loss=26.5019 temp=1.00 total_env_steps=64304 t=0.58s
Ep 1527: len= 44 白胜 loss=26.6472 temp=1.00 total_env_steps=64348 t=0.76s
Ep 1528: len= 61 黑胜 loss=26.2809 temp=1.00 total_env_steps=64409 t=0.72s
Ep 1529: len= 26 白胜 loss=25.9851 temp=1.00 total_env_steps=64435 t=0.45s
Ep 1530: len= 27 黑胜 loss=26.3153 temp=1.00 total_env_steps=64462 t=0.48s
Ep 1531: len= 36 白胜 loss=26.7434 temp=1.00 total_env_steps=64498 t=0.51s
Ep 1532: len= 27 黑胜 loss=26.1615 temp=1.00 total_env_steps=64525 t=0.45s
Ep 1533: len= 40 白胜 loss=26.3715 temp=1.00 total_env_steps=64565 t=0.53s
Ep 1534: len= 22 白胜 loss=26.6757 temp=1.00 total_env_steps=64587 t=0.43s
Ep 1535: len= 29 黑胜 loss=26.0201 temp=1.00 total_env_steps=64616 t=0.47s
Ep 1536: len= 38 白胜 loss=26.0822 temp=1.00 total_env_steps=64654 t=0.52s
Ep 1537: len= 47 黑胜 loss=26.2476 temp=1.00 total_env_steps=64701 t=0.58s
Ep 1538: len= 20 白胜 loss=26.4433 temp=1.00 total_env_steps=64721 t=0.41s
Ep 1539: len= 29 黑胜 loss=26.5919 temp=1.00 total_env_steps=64750 t=0.48s
Ep 1540: len= 33 黑胜 loss=26.4619 temp=1.00 total_env_steps=64783 t=0.58s
Ep 1541: len= 32 白胜 loss=26.4574 temp=1.00 total_env_steps=64815 t=0.49s
Ep 1542: len= 81 黑胜 loss=26.6039 temp=1.00 total_env_steps=64896 t=0.89s
Ep 1543: len= 57 黑胜 loss=26.3856 temp=1.00 total_env_steps=64953 t=0.66s
Ep 1544: len= 45 黑胜 loss=26.0925 temp=1.00 total_env_steps=64998 t=0.55s
Ep 1545: len= 26 白胜 loss=26.3333 temp=1.00 total_env_steps=65024 t=0.43s
Ep 1546: len= 24 白胜 loss=26.1099 temp=1.00 total_env_steps=65048 t=0.43s
Ep 1547: len= 24 白胜 loss=26.4105 temp=1.00 total_env_steps=65072 t=0.44s
Ep 1548: len= 41 黑胜 loss=26.2225 temp=1.00 total_env_steps=65113 t=0.56s
Ep 1549: len= 23 黑胜 loss=26.7848 temp=1.00 total_env_steps=65136 t=0.47s
Ep 1550: len= 45 黑胜 loss=26.6845 temp=1.00 total_env_steps=65181 t=0.57s
Ep 1551: len= 24 白胜 loss=26.2876 temp=1.00 total_env_steps=65205 t=0.43s
Ep 1552: len= 41 黑胜 loss=26.2182 temp=1.00 total_env_steps=65246 t=0.53s
Ep 1553: len= 48 白胜 loss=25.9534 temp=1.00 total_env_steps=65294 t=0.58s
Ep 1554: len= 62 白胜 loss=26.1841 temp=1.00 total_env_steps=65356 t=0.74s
Ep 1555: len= 33 黑胜 loss=26.8318 temp=1.00 total_env_steps=65389 t=0.52s
Ep 1556: len= 37 黑胜 loss=26.7812 temp=1.00 total_env_steps=65426 t=0.64s
Ep 1557: len= 44 白胜 loss=26.6418 temp=1.00 total_env_steps=65470 t=0.60s
Ep 1558: len= 46 白胜 loss=26.4122 temp=1.00 total_env_steps=65516 t=0.70s
Ep 1559: len= 42 白胜 loss=26.2576 temp=1.00 total_env_steps=65558 t=0.60s
Ep 1560: len= 42 白胜 loss=26.1466 temp=1.00 total_env_steps=65600 t=0.58s
Ep 1561: len= 38 白胜 loss=26.2638 temp=1.00 total_env_steps=65638 t=0.53s
Ep 1562: len= 41 黑胜 loss=26.4514 temp=1.00 total_env_steps=65679 t=0.57s
Ep 1563: len= 32 白胜 loss=26.2963 temp=1.00 total_env_steps=65711 t=0.51s
Ep 1564: len= 38 白胜 loss=26.3761 temp=1.00 total_env_steps=65749 t=0.56s
Ep 1565: len= 33 黑胜 loss=26.2368 temp=1.00 total_env_steps=65782 t=0.56s
Ep 1566: len= 34 白胜 loss=26.7413 temp=1.00 total_env_steps=65816 t=0.51s
Ep 1567: len= 31 黑胜 loss=26.1802 temp=1.00 total_env_steps=65847 t=0.51s
Ep 1568: len= 23 黑胜 loss=26.3151 temp=1.00 total_env_steps=65870 t=0.45s
Ep 1569: len= 34 白胜 loss=26.2346 temp=1.00 total_env_steps=65904 t=0.61s
Ep 1570: len= 56 白胜 loss=26.3093 temp=1.00 total_env_steps=65960 t=0.72s
Ep 1571: len= 19 黑胜 loss=26.4141 temp=1.00 total_env_steps=65979 t=0.47s
Ep 1572: len= 35 黑胜 loss=26.6607 temp=1.00 total_env_steps=66014 t=0.63s
Ep 1573: len= 51 黑胜 loss=26.4187 temp=1.00 total_env_steps=66065 t=0.67s
Ep 1574: len= 29 黑胜 loss=26.6312 temp=1.00 total_env_steps=66094 t=0.50s
Ep 1575: len= 43 黑胜 loss=26.4636 temp=1.00 total_env_steps=66137 t=0.59s
Ep 1576: len= 37 黑胜 loss=26.6679 temp=1.00 total_env_steps=66174 t=0.53s
Ep 1577: len= 32 白胜 loss=26.3348 temp=1.00 total_env_steps=66206 t=0.71s
Ep 1578: len= 19 黑胜 loss=26.2081 temp=1.00 total_env_steps=66225 t=0.46s
Ep 1579: len= 41 黑胜 loss=26.2464 temp=1.00 total_env_steps=66266 t=0.60s
Ep 1580: len= 36 白胜 loss=26.2338 temp=1.00 total_env_steps=66302 t=0.53s
Ep 1581: len= 40 白胜 loss=26.3142 temp=1.00 total_env_steps=66342 t=0.60s
Ep 1582: len= 18 白胜 loss=26.0614 temp=1.00 total_env_steps=66360 t=0.45s
Ep 1583: len= 32 白胜 loss=26.6328 temp=1.00 total_env_steps=66392 t=0.53s
Ep 1584: len= 32 白胜 loss=26.3863 temp=1.00 total_env_steps=66424 t=0.53s
Ep 1585: len= 39 黑胜 loss=26.2098 temp=1.00 total_env_steps=66463 t=0.57s
Ep 1586: len= 37 黑胜 loss=26.5466 temp=1.00 total_env_steps=66500 t=0.60s
Ep 1587: len= 33 黑胜 loss=26.1968 temp=1.00 total_env_steps=66533 t=0.57s
Ep 1588: len= 49 黑胜 loss=26.5731 temp=1.00 total_env_steps=66582 t=0.69s
Ep 1589: len= 35 黑胜 loss=26.3628 temp=1.00 total_env_steps=66617 t=0.59s
Ep 1590: len= 35 黑胜 loss=26.7635 temp=1.00 total_env_steps=66652 t=0.59s
Ep 1591: len= 32 白胜 loss=26.3557 temp=1.00 total_env_steps=66684 t=0.53s
Ep 1592: len= 34 白胜 loss=26.6968 temp=1.00 total_env_steps=66718 t=0.56s
Ep 1593: len= 21 黑胜 loss=26.1089 temp=1.00 total_env_steps=66739 t=0.47s
Ep 1594: len= 29 黑胜 loss=26.1954 temp=1.00 total_env_steps=66768 t=0.50s
Ep 1595: len= 25 黑胜 loss=26.1906 temp=1.00 total_env_steps=66793 t=0.48s
Ep 1596: len= 66 白胜 loss=25.9569 temp=1.00 total_env_steps=66859 t=0.84s
Ep 1597: len= 49 黑胜 loss=26.7209 temp=1.00 total_env_steps=66908 t=0.69s
Ep 1598: len= 21 黑胜 loss=26.4239 temp=1.00 total_env_steps=66929 t=0.47s
Ep 1599: len= 17 黑胜 loss=26.0513 temp=1.00 total_env_steps=66946 t=0.40s
Ep 1600: len= 45 黑胜 loss=26.5256 temp=1.00 total_env_steps=66991 t=0.63s
Ep 1601: len= 35 黑胜 loss=26.3953 temp=1.00 total_env_steps=67026 t=0.53s
Ep 1602: len= 34 白胜 loss=26.3730 temp=1.00 total_env_steps=67060 t=0.53s
Ep 1603: len= 43 黑胜 loss=25.8700 temp=1.00 total_env_steps=67103 t=0.61s
Ep 1604: len= 42 白胜 loss=26.4592 temp=1.00 total_env_steps=67145 t=0.66s
Ep 1605: len= 20 白胜 loss=25.6917 temp=1.00 total_env_steps=67165 t=0.45s
Ep 1606: len= 45 黑胜 loss=26.2045 temp=1.00 total_env_steps=67210 t=0.62s
Ep 1607: len= 21 黑胜 loss=26.2703 temp=1.00 total_env_steps=67231 t=0.49s
Ep 1608: len= 28 白胜 loss=26.4527 temp=1.00 total_env_steps=67259 t=0.54s
Ep 1609: len= 31 黑胜 loss=26.0982 temp=1.00 total_env_steps=67290 t=0.54s
Ep 1610: len= 29 黑胜 loss=26.1728 temp=1.00 total_env_steps=67319 t=0.53s
Ep 1611: len= 33 黑胜 loss=26.4710 temp=1.00 total_env_steps=67352 t=0.53s
Ep 1612: len= 29 黑胜 loss=26.3642 temp=1.00 total_env_steps=67381 t=0.50s
Ep 1613: len= 22 白胜 loss=26.2180 temp=1.00 total_env_steps=67403 t=0.45s
Ep 1614: len= 29 黑胜 loss=26.3034 temp=1.00 total_env_steps=67432 t=0.49s
Ep 1615: len= 15 黑胜 loss=26.4844 temp=1.00 total_env_steps=67447 t=0.45s
Ep 1616: len= 23 黑胜 loss=25.9211 temp=1.00 total_env_steps=67470 t=0.47s
Ep 1617: len= 37 黑胜 loss=26.4246 temp=1.00 total_env_steps=67507 t=0.56s
Ep 1618: len= 35 黑胜 loss=26.4194 temp=1.00 total_env_steps=67542 t=0.53s
Ep 1619: len= 44 白胜 loss=26.2737 temp=1.00 total_env_steps=67586 t=0.59s
Ep 1620: len= 39 黑胜 loss=26.7075 temp=1.00 total_env_steps=67625 t=0.55s
Ep 1621: len= 44 白胜 loss=26.5991 temp=1.00 total_env_steps=67669 t=0.61s
Ep 1622: len= 58 白胜 loss=26.0837 temp=1.00 total_env_steps=67727 t=0.79s
Ep 1623: len= 40 白胜 loss=26.1155 temp=1.00 total_env_steps=67767 t=0.59s
Ep 1624: len= 67 黑胜 loss=26.1869 temp=1.00 total_env_steps=67834 t=0.81s
Ep 1625: len= 45 黑胜 loss=26.5326 temp=1.00 total_env_steps=67879 t=0.67s
Ep 1626: len= 38 白胜 loss=26.3247 temp=1.00 total_env_steps=67917 t=0.56s
Ep 1627: len= 39 黑胜 loss=26.3683 temp=1.00 total_env_steps=67956 t=0.58s
Ep 1628: len= 45 黑胜 loss=26.1710 temp=1.00 total_env_steps=68001 t=0.65s
Ep 1629: len= 46 白胜 loss=26.1890 temp=1.00 total_env_steps=68047 t=0.67s
Ep 1630: len= 26 白胜 loss=26.0279 temp=1.00 total_env_steps=68073 t=0.54s
Ep 1631: len= 62 白胜 loss=26.1998 temp=1.00 total_env_steps=68135 t=0.83s
Ep 1632: len= 39 黑胜 loss=26.4942 temp=1.00 total_env_steps=68174 t=0.63s
Ep 1633: len= 40 白胜 loss=25.8096 temp=1.00 total_env_steps=68214 t=0.70s
Ep 1634: len= 36 白胜 loss=26.5752 temp=1.00 total_env_steps=68250 t=0.64s
Ep 1635: len= 45 黑胜 loss=26.2527 temp=1.00 total_env_steps=68295 t=0.68s
Ep 1636: len= 34 白胜 loss=26.2479 temp=1.00 total_env_steps=68329 t=0.59s
Ep 1637: len= 61 黑胜 loss=26.7087 temp=1.00 total_env_steps=68390 t=0.72s
Ep 1638: len= 38 白胜 loss=26.1733 temp=1.00 total_env_steps=68428 t=0.56s
Ep 1639: len= 35 黑胜 loss=25.9805 temp=1.00 total_env_steps=68463 t=0.58s
Ep 1640: len= 24 白胜 loss=25.8545 temp=1.00 total_env_steps=68487 t=0.47s
Ep 1641: len= 50 白胜 loss=26.5340 temp=1.00 total_env_steps=68537 t=0.68s
Ep 1642: len= 30 白胜 loss=26.7057 temp=1.00 total_env_steps=68567 t=0.52s
Ep 1643: len= 50 白胜 loss=26.2598 temp=1.00 total_env_steps=68617 t=0.72s
Ep 1644: len= 41 黑胜 loss=26.3599 temp=1.00 total_env_steps=68658 t=0.58s
Ep 1645: len= 44 白胜 loss=26.4300 temp=1.00 total_env_steps=68702 t=0.61s
Ep 1646: len= 32 白胜 loss=26.4002 temp=1.00 total_env_steps=68734 t=0.53s
Ep 1647: len= 55 黑胜 loss=26.0294 temp=1.00 total_env_steps=68789 t=0.67s
Ep 1648: len= 34 白胜 loss=26.2354 temp=1.00 total_env_steps=68823 t=0.54s
Ep 1649: len= 36 白胜 loss=26.5403 temp=1.00 total_env_steps=68859 t=0.53s
Ep 1650: len= 45 黑胜 loss=26.1873 temp=1.00 total_env_steps=68904 t=0.62s
Ep 1651: len= 38 白胜 loss=25.5617 temp=1.00 total_env_steps=68942 t=0.56s
Ep 1652: len= 32 白胜 loss=26.2568 temp=1.00 total_env_steps=68974 t=0.51s
Ep 1653: len= 25 黑胜 loss=26.3490 temp=1.00 total_env_steps=68999 t=0.46s
Ep 1654: len= 41 黑胜 loss=26.4613 temp=1.00 total_env_steps=69040 t=0.59s
Ep 1655: len= 41 黑胜 loss=26.1076 temp=1.00 total_env_steps=69081 t=0.62s
Ep 1656: len= 43 黑胜 loss=26.8139 temp=1.00 total_env_steps=69124 t=0.70s
Ep 1657: len= 33 黑胜 loss=26.1079 temp=1.00 total_env_steps=69157 t=0.53s
Ep 1658: len= 24 白胜 loss=26.1373 temp=1.00 total_env_steps=69181 t=0.50s
Ep 1659: len= 39 黑胜 loss=25.8429 temp=1.00 total_env_steps=69220 t=0.60s
Ep 1660: len= 29 黑胜 loss=25.9782 temp=1.00 total_env_steps=69249 t=0.55s
Ep 1661: len= 44 白胜 loss=25.8376 temp=1.00 total_env_steps=69293 t=0.66s
Ep 1662: len= 31 黑胜 loss=26.1711 temp=1.00 total_env_steps=69324 t=0.59s
Ep 1663: len= 59 黑胜 loss=26.2794 temp=1.00 total_env_steps=69383 t=0.74s
Ep 1664: len= 61 黑胜 loss=26.3192 temp=1.00 total_env_steps=69444 t=0.79s
Ep 1665: len= 25 黑胜 loss=26.5396 temp=1.00 total_env_steps=69469 t=0.51s
Ep 1666: len= 69 黑胜 loss=26.0010 temp=1.00 total_env_steps=69538 t=0.87s
Ep 1667: len= 39 黑胜 loss=26.0299 temp=1.00 total_env_steps=69577 t=0.60s
Ep 1668: len= 28 白胜 loss=26.0284 temp=1.00 total_env_steps=69605 t=0.54s
Ep 1669: len= 45 黑胜 loss=26.5830 temp=1.00 total_env_steps=69650 t=0.70s
Ep 1670: len= 33 黑胜 loss=26.3912 temp=1.00 total_env_steps=69683 t=0.57s
Ep 1671: len= 17 黑胜 loss=26.1808 temp=1.00 total_env_steps=69700 t=0.48s
Ep 1672: len= 26 白胜 loss=26.2055 temp=1.00 total_env_steps=69726 t=0.52s
Ep 1673: len= 56 白胜 loss=26.5182 temp=1.00 total_env_steps=69782 t=0.74s
Ep 1674: len= 39 黑胜 loss=26.3608 temp=1.00 total_env_steps=69821 t=0.59s
Ep 1675: len= 32 白胜 loss=25.7798 temp=1.00 total_env_steps=69853 t=0.54s
Ep 1676: len= 43 黑胜 loss=25.9705 temp=1.00 total_env_steps=69896 t=0.60s
Ep 1677: len= 36 白胜 loss=26.2006 temp=1.00 total_env_steps=69932 t=0.55s
Ep 1678: len= 21 黑胜 loss=26.1887 temp=1.00 total_env_steps=69953 t=0.47s
Ep 1679: len= 36 白胜 loss=25.8639 temp=1.00 total_env_steps=69989 t=0.56s
Ep 1680: len= 48 白胜 loss=26.0175 temp=1.00 total_env_steps=70037 t=0.72s
Ep 1681: len= 18 白胜 loss=26.5557 temp=1.00 total_env_steps=70055 t=0.45s
Ep 1682: len= 29 黑胜 loss=26.1457 temp=1.00 total_env_steps=70084 t=0.52s
Ep 1683: len= 64 白胜 loss=26.4578 temp=1.00 total_env_steps=70148 t=0.78s
Ep 1684: len= 37 黑胜 loss=26.2554 temp=1.00 total_env_steps=70185 t=0.56s
Ep 1685: len= 26 白胜 loss=26.1643 temp=1.00 total_env_steps=70211 t=0.53s
Ep 1686: len= 31 黑胜 loss=26.1459 temp=1.00 total_env_steps=70242 t=0.55s
Ep 1687: len= 58 白胜 loss=26.2285 temp=1.00 total_env_steps=70300 t=0.77s
Ep 1688: len= 46 白胜 loss=26.3359 temp=1.00 total_env_steps=70346 t=0.67s
Ep 1689: len= 43 黑胜 loss=26.0752 temp=1.00 total_env_steps=70389 t=0.64s
Ep 1690: len= 20 白胜 loss=26.2572 temp=1.00 total_env_steps=70409 t=0.45s
Ep 1691: len= 29 黑胜 loss=26.4990 temp=1.00 total_env_steps=70438 t=0.50s
Ep 1692: len= 28 白胜 loss=25.9917 temp=1.00 total_env_steps=70466 t=0.56s
Ep 1693: len= 34 白胜 loss=26.1668 temp=1.00 total_env_steps=70500 t=0.65s
Ep 1694: len= 43 黑胜 loss=26.4233 temp=1.00 total_env_steps=70543 t=0.64s
Ep 1695: len= 47 黑胜 loss=26.3029 temp=1.00 total_env_steps=70590 t=0.69s
Ep 1696: len= 30 白胜 loss=26.3134 temp=1.00 total_env_steps=70620 t=0.55s
Ep 1697: len= 53 黑胜 loss=25.8926 temp=1.00 total_env_steps=70673 t=0.77s
Ep 1698: len= 36 白胜 loss=26.2520 temp=1.00 total_env_steps=70709 t=0.61s
Ep 1699: len= 36 白胜 loss=26.4546 temp=1.00 total_env_steps=70745 t=0.55s
Ep 1700: len= 31 黑胜 loss=26.3421 temp=1.00 total_env_steps=70776 t=0.54s
Ep 1701: len= 44 白胜 loss=26.4603 temp=1.00 total_env_steps=70820 t=0.65s
Ep 1702: len= 36 白胜 loss=25.8649 temp=1.00 total_env_steps=70856 t=0.56s
Ep 1703: len= 45 黑胜 loss=26.0335 temp=1.00 total_env_steps=70901 t=0.65s
Ep 1704: len= 28 白胜 loss=26.2321 temp=1.00 total_env_steps=70929 t=0.53s
Ep 1705: len= 29 黑胜 loss=26.7699 temp=1.00 total_env_steps=70958 t=0.52s
Ep 1706: len= 54 白胜 loss=26.3675 temp=1.00 total_env_steps=71012 t=0.69s
Ep 1707: len= 36 白胜 loss=26.5193 temp=1.00 total_env_steps=71048 t=0.54s
Ep 1708: len= 25 黑胜 loss=25.8293 temp=1.00 total_env_steps=71073 t=0.49s
Ep 1709: len= 43 黑胜 loss=26.8155 temp=1.00 total_env_steps=71116 t=0.59s
Ep 1710: len= 20 白胜 loss=26.1471 temp=1.00 total_env_steps=71136 t=0.46s
Ep 1711: len= 48 白胜 loss=25.8416 temp=1.00 total_env_steps=71184 t=0.63s
Ep 1712: len= 42 白胜 loss=26.1034 temp=1.00 total_env_steps=71226 t=0.61s
Ep 1713: len= 46 白胜 loss=26.1182 temp=1.00 total_env_steps=71272 t=0.64s
Ep 1714: len= 25 黑胜 loss=26.0921 temp=1.00 total_env_steps=71297 t=0.50s
Ep 1715: len= 31 黑胜 loss=26.0238 temp=1.00 total_env_steps=71328 t=0.53s
Ep 1716: len= 43 黑胜 loss=26.1232 temp=1.00 total_env_steps=71371 t=0.61s
Ep 1717: len= 52 白胜 loss=26.0633 temp=1.00 total_env_steps=71423 t=0.66s
Ep 1718: len= 31 黑胜 loss=26.5163 temp=1.00 total_env_steps=71454 t=0.52s
Ep 1719: len= 39 黑胜 loss=25.9865 temp=1.00 total_env_steps=71493 t=0.60s
Ep 1720: len= 20 白胜 loss=26.0604 temp=1.00 total_env_steps=71513 t=0.46s
Ep 1721: len= 38 白胜 loss=26.3163 temp=1.00 total_env_steps=71551 t=0.58s
Ep 1722: len= 42 白胜 loss=26.1022 temp=1.00 total_env_steps=71593 t=0.58s
Ep 1723: len= 72 白胜 loss=26.6651 temp=1.00 total_env_steps=71665 t=0.79s
Ep 1724: len= 35 黑胜 loss=26.3180 temp=1.00 total_env_steps=71700 t=0.58s
Ep 1725: len= 34 白胜 loss=26.5666 temp=1.00 total_env_steps=71734 t=0.59s
Ep 1726: len= 78 白胜 loss=26.0658 temp=1.00 total_env_steps=71812 t=0.90s
Ep 1727: len= 31 黑胜 loss=26.3809 temp=1.00 total_env_steps=71843 t=0.59s
Ep 1728: len= 29 黑胜 loss=26.3273 temp=1.00 total_env_steps=71872 t=0.53s
Ep 1729: len= 45 黑胜 loss=26.2476 temp=1.00 total_env_steps=71917 t=0.67s
Ep 1730: len= 47 黑胜 loss=26.2885 temp=1.00 total_env_steps=71964 t=0.70s
Ep 1731: len= 24 白胜 loss=26.5999 temp=1.00 total_env_steps=71988 t=0.50s
Ep 1732: len= 33 黑胜 loss=26.2712 temp=1.00 total_env_steps=72021 t=0.54s
Ep 1733: len= 59 黑胜 loss=26.2262 temp=1.00 total_env_steps=72080 t=0.72s
Ep 1734: len= 50 白胜 loss=26.1352 temp=1.00 total_env_steps=72130 t=0.74s
Ep 1735: len= 28 白胜 loss=26.3958 temp=1.00 total_env_steps=72158 t=0.52s
Ep 1736: len= 53 黑胜 loss=26.2279 temp=1.00 total_env_steps=72211 t=0.69s
Ep 1737: len= 52 白胜 loss=26.4641 temp=1.00 total_env_steps=72263 t=0.72s
Ep 1738: len= 56 白胜 loss=26.4821 temp=1.00 total_env_steps=72319 t=0.70s
Ep 1739: len= 41 黑胜 loss=26.3727 temp=1.00 total_env_steps=72360 t=0.63s
Ep 1740: len= 49 黑胜 loss=26.0447 temp=1.00 total_env_steps=72409 t=0.72s
Ep 1741: len= 40 白胜 loss=26.4082 temp=1.00 total_env_steps=72449 t=0.58s
Ep 1742: len= 58 白胜 loss=26.6013 temp=1.00 total_env_steps=72507 t=0.73s
Ep 1743: len= 37 黑胜 loss=26.0259 temp=1.00 total_env_steps=72544 t=0.59s
Ep 1744: len= 40 白胜 loss=26.1291 temp=1.00 total_env_steps=72584 t=0.60s
Ep 1745: len= 69 黑胜 loss=25.9265 temp=1.00 total_env_steps=72653 t=0.81s
Ep 1746: len= 50 白胜 loss=26.3058 temp=1.00 total_env_steps=72703 t=0.68s
Ep 1747: len= 61 黑胜 loss=26.0141 temp=1.00 total_env_steps=72764 t=0.74s
Ep 1748: len= 46 白胜 loss=26.4256 temp=1.00 total_env_steps=72810 t=0.73s
Ep 1749: len= 38 白胜 loss=26.0137 temp=1.00 total_env_steps=72848 t=0.61s
Ep 1750: len= 23 黑胜 loss=26.4570 temp=1.00 total_env_steps=72871 t=0.55s
Ep 1751: len= 43 黑胜 loss=26.3641 temp=1.00 total_env_steps=72914 t=0.65s
Ep 1752: len= 23 黑胜 loss=26.3615 temp=1.00 total_env_steps=72937 t=0.50s
Ep 1753: len= 22 白胜 loss=26.5189 temp=1.00 total_env_steps=72959 t=0.51s
Ep 1754: len= 36 白胜 loss=26.1585 temp=1.00 total_env_steps=72995 t=0.65s
Ep 1755: len= 36 白胜 loss=26.2036 temp=1.00 total_env_steps=73031 t=0.59s
Ep 1756: len= 35 黑胜 loss=26.2695 temp=1.00 total_env_steps=73066 t=0.61s
Ep 1757: len= 33 黑胜 loss=25.8657 temp=1.00 total_env_steps=73099 t=0.60s
Ep 1758: len= 65 黑胜 loss=25.9783 temp=1.00 total_env_steps=73164 t=0.81s
Ep 1759: len= 49 黑胜 loss=25.9915 temp=1.00 total_env_steps=73213 t=0.66s
Ep 1760: len= 49 黑胜 loss=26.3166 temp=1.00 total_env_steps=73262 t=0.65s
Ep 1761: len= 41 黑胜 loss=26.2026 temp=1.00 total_env_steps=73303 t=0.61s
Ep 1762: len= 45 黑胜 loss=26.2624 temp=1.00 total_env_steps=73348 t=0.66s
Ep 1763: len= 32 白胜 loss=26.0314 temp=1.00 total_env_steps=73380 t=0.54s
Ep 1764: len= 52 白胜 loss=26.1229 temp=1.00 total_env_steps=73432 t=0.71s
Ep 1765: len= 36 白胜 loss=25.9683 temp=1.00 total_env_steps=73468 t=0.62s
Ep 1766: len= 26 白胜 loss=26.2223 temp=1.00 total_env_steps=73494 t=0.51s
Ep 1767: len= 33 黑胜 loss=26.1992 temp=1.00 total_env_steps=73527 t=0.64s
Ep 1768: len= 42 白胜 loss=26.2240 temp=1.00 total_env_steps=73569 t=0.62s
Ep 1769: len= 33 黑胜 loss=26.1626 temp=1.00 total_env_steps=73602 t=0.57s
Ep 1770: len= 25 黑胜 loss=26.3228 temp=1.00 total_env_steps=73627 t=0.52s
Ep 1771: len= 35 黑胜 loss=26.0473 temp=1.00 total_env_steps=73662 t=0.59s
Ep 1772: len= 32 白胜 loss=26.2052 temp=1.00 total_env_steps=73694 t=0.54s
Ep 1773: len= 37 黑胜 loss=26.3098 temp=1.00 total_env_steps=73731 t=0.57s
Ep 1774: len= 44 白胜 loss=25.9978 temp=1.00 total_env_steps=73775 t=0.65s
Ep 1775: len= 45 黑胜 loss=25.9306 temp=1.00 total_env_steps=73820 t=0.64s
Ep 1776: len= 63 黑胜 loss=26.0521 temp=1.00 total_env_steps=73883 t=0.78s
Ep 1777: len= 19 黑胜 loss=26.4689 temp=1.00 total_env_steps=73902 t=0.46s
Ep 1778: len= 29 黑胜 loss=26.3213 temp=1.00 total_env_steps=73931 t=0.51s
Ep 1779: len= 44 白胜 loss=26.3284 temp=1.00 total_env_steps=73975 t=0.64s
Ep 1780: len= 28 白胜 loss=25.7295 temp=1.00 total_env_steps=74003 t=0.51s
Ep 1781: len= 75 黑胜 loss=26.0068 temp=1.00 total_env_steps=74078 t=0.84s
Ep 1782: len= 35 黑胜 loss=25.8497 temp=1.00 total_env_steps=74113 t=0.57s
Ep 1783: len= 34 白胜 loss=26.0375 temp=1.00 total_env_steps=74147 t=0.57s
Ep 1784: len= 32 白胜 loss=26.0967 temp=1.00 total_env_steps=74179 t=0.56s
Ep 1785: len= 40 白胜 loss=26.0993 temp=1.00 total_env_steps=74219 t=0.62s
Ep 1786: len= 41 黑胜 loss=26.0296 temp=1.00 total_env_steps=74260 t=0.60s
Ep 1787: len= 48 白胜 loss=26.5143 temp=1.00 total_env_steps=74308 t=0.64s
Ep 1788: len= 58 白胜 loss=26.0615 temp=1.00 total_env_steps=74366 t=0.74s
Ep 1789: len= 24 白胜 loss=26.4382 temp=1.00 total_env_steps=74390 t=0.51s
Ep 1790: len= 27 黑胜 loss=26.1473 temp=1.00 total_env_steps=74417 t=0.52s
Ep 1791: len= 61 黑胜 loss=25.7517 temp=1.00 total_env_steps=74478 t=0.75s
Ep 1792: len= 20 白胜 loss=25.8706 temp=1.00 total_env_steps=74498 t=0.49s
Ep 1793: len= 37 黑胜 loss=26.2574 temp=1.00 total_env_steps=74535 t=0.55s
Ep 1794: len= 27 黑胜 loss=26.4614 temp=1.00 total_env_steps=74562 t=0.52s
Ep 1795: len= 19 黑胜 loss=26.0866 temp=1.00 total_env_steps=74581 t=0.51s
Ep 1796: len= 58 白胜 loss=26.1224 temp=1.00 total_env_steps=74639 t=0.75s
Ep 1797: len= 31 黑胜 loss=26.3119 temp=1.00 total_env_steps=74670 t=0.54s
Ep 1798: len= 35 黑胜 loss=26.0960 temp=1.00 total_env_steps=74705 t=0.59s
Ep 1799: len= 32 白胜 loss=25.8607 temp=1.00 total_env_steps=74737 t=0.51s
Ep 1800: len= 36 白胜 loss=26.2906 temp=1.00 total_env_steps=74773 t=0.54s
Ep 1801: len= 72 白胜 loss=26.0338 temp=1.00 total_env_steps=74845 t=0.93s
Ep 1802: len= 37 黑胜 loss=26.5425 temp=1.00 total_env_steps=74882 t=0.61s
Ep 1803: len= 32 白胜 loss=26.3155 temp=1.00 total_env_steps=74914 t=0.57s
Ep 1804: len= 29 黑胜 loss=26.4791 temp=1.00 total_env_steps=74943 t=0.54s
Ep 1805: len= 30 白胜 loss=26.4413 temp=1.00 total_env_steps=74973 t=0.53s
Ep 1806: len= 23 黑胜 loss=26.2278 temp=1.00 total_env_steps=74996 t=0.52s
Ep 1807: len= 64 白胜 loss=26.4416 temp=1.00 total_env_steps=75060 t=0.77s
Ep 1808: len= 42 白胜 loss=26.3812 temp=1.00 total_env_steps=75102 t=0.63s
Ep 1809: len= 49 黑胜 loss=26.3613 temp=1.00 total_env_steps=75151 t=0.68s
Ep 1810: len= 32 白胜 loss=26.2111 temp=1.00 total_env_steps=75183 t=0.58s
Ep 1811: len= 41 黑胜 loss=26.1430 temp=1.00 total_env_steps=75224 t=0.60s
Ep 1812: len= 50 白胜 loss=26.3595 temp=1.00 total_env_steps=75274 t=0.70s
Ep 1813: len= 40 白胜 loss=26.1136 temp=1.00 total_env_steps=75314 t=0.61s
Ep 1814: len= 40 白胜 loss=26.0753 temp=1.00 total_env_steps=75354 t=0.60s
Ep 1815: len= 42 白胜 loss=26.1250 temp=1.00 total_env_steps=75396 t=0.63s
Ep 1816: len= 21 黑胜 loss=26.0541 temp=1.00 total_env_steps=75417 t=0.50s
Ep 1817: len= 47 黑胜 loss=26.3805 temp=1.00 total_env_steps=75464 t=0.67s
Ep 1818: len= 33 黑胜 loss=25.3932 temp=1.00 total_env_steps=75497 t=0.54s
Ep 1819: len= 52 白胜 loss=25.8844 temp=1.00 total_env_steps=75549 t=0.69s
Ep 1820: len= 37 黑胜 loss=25.7858 temp=1.00 total_env_steps=75586 t=0.56s
Ep 1821: len= 19 黑胜 loss=26.4353 temp=1.00 total_env_steps=75605 t=0.45s
Ep 1822: len= 42 白胜 loss=25.8863 temp=1.00 total_env_steps=75647 t=0.60s
Ep 1823: len= 36 白胜 loss=25.7983 temp=1.00 total_env_steps=75683 t=0.55s
Ep 1824: len= 28 白胜 loss=26.1607 temp=1.00 total_env_steps=75711 t=0.50s
Ep 1825: len= 27 黑胜 loss=26.7544 temp=1.00 total_env_steps=75738 t=0.50s
Ep 1826: len= 28 白胜 loss=26.4339 temp=1.00 total_env_steps=75766 t=0.61s
Ep 1827: len= 29 黑胜 loss=26.0547 temp=1.00 total_env_steps=75795 t=0.55s
Ep 1828: len= 53 黑胜 loss=26.0236 temp=1.00 total_env_steps=75848 t=0.69s
Ep 1829: len= 34 白胜 loss=26.3208 temp=1.00 total_env_steps=75882 t=0.60s
Ep 1830: len= 44 白胜 loss=26.4588 temp=1.00 total_env_steps=75926 t=0.68s
Ep 1831: len= 21 黑胜 loss=25.9159 temp=1.00 total_env_steps=75947 t=0.49s
Ep 1832: len= 60 白胜 loss=26.0622 temp=1.00 total_env_steps=76007 t=0.79s
Ep 1833: len= 23 黑胜 loss=26.3293 temp=1.00 total_env_steps=76030 t=0.46s
Ep 1834: len= 27 黑胜 loss=26.0432 temp=1.00 total_env_steps=76057 t=0.54s
Ep 1835: len= 49 黑胜 loss=25.9582 temp=1.00 total_env_steps=76106 t=0.71s
Ep 1836: len= 67 黑胜 loss=25.7950 temp=1.00 total_env_steps=76173 t=0.88s
Ep 1837: len= 38 白胜 loss=26.1673 temp=1.00 total_env_steps=76211 t=0.59s
Ep 1838: len= 41 黑胜 loss=25.6073 temp=1.00 total_env_steps=76252 t=0.61s
Ep 1839: len= 32 白胜 loss=25.8546 temp=1.00 total_env_steps=76284 t=0.56s
Ep 1840: len= 27 黑胜 loss=26.3282 temp=1.00 total_env_steps=76311 t=0.55s
Ep 1841: len= 45 黑胜 loss=25.6552 temp=1.00 total_env_steps=76356 t=0.63s
Ep 1842: len= 27 黑胜 loss=26.1768 temp=1.00 total_env_steps=76383 t=0.51s
Ep 1843: len= 45 黑胜 loss=26.0015 temp=1.00 total_env_steps=76428 t=0.66s
Ep 1844: len= 31 黑胜 loss=25.8000 temp=1.00 total_env_steps=76459 t=0.52s
Ep 1845: len= 30 白胜 loss=26.3447 temp=1.00 total_env_steps=76489 t=0.55s
Ep 1846: len= 43 黑胜 loss=26.2199 temp=1.00 total_env_steps=76532 t=0.62s
Ep 1847: len= 27 黑胜 loss=26.1358 temp=1.00 total_env_steps=76559 t=0.59s
Ep 1848: len= 42 白胜 loss=25.9529 temp=1.00 total_env_steps=76601 t=0.63s
Ep 1849: len= 26 白胜 loss=25.8306 temp=1.00 total_env_steps=76627 t=0.50s
Ep 1850: len= 31 黑胜 loss=26.2390 temp=1.00 total_env_steps=76658 t=0.55s
Ep 1851: len= 44 白胜 loss=26.4681 temp=1.00 total_env_steps=76702 t=0.66s
Ep 1852: len= 39 黑胜 loss=25.8681 temp=1.00 total_env_steps=76741 t=0.67s
Ep 1853: len= 37 黑胜 loss=26.2796 temp=1.00 total_env_steps=76778 t=0.58s
Ep 1854: len= 50 白胜 loss=26.0697 temp=1.00 total_env_steps=76828 t=0.69s
Ep 1855: len= 36 白胜 loss=25.9572 temp=1.00 total_env_steps=76864 t=0.57s
Ep 1856: len= 28 白胜 loss=25.9268 temp=1.00 total_env_steps=76892 t=0.54s
Ep 1857: len= 32 白胜 loss=26.1577 temp=1.00 total_env_steps=76924 t=0.57s
Ep 1858: len= 46 白胜 loss=26.2073 temp=1.00 total_env_steps=76970 t=0.63s
Ep 1859: len= 39 黑胜 loss=26.1016 temp=1.00 total_env_steps=77009 t=0.58s
Ep 1860: len= 29 黑胜 loss=25.6279 temp=1.00 total_env_steps=77038 t=0.52s
Ep 1861: len= 36 白胜 loss=26.3091 temp=1.00 total_env_steps=77074 t=0.59s
Ep 1862: len= 45 黑胜 loss=26.5982 temp=1.00 total_env_steps=77119 t=0.64s
Ep 1863: len= 45 黑胜 loss=25.9765 temp=1.00 total_env_steps=77164 t=0.63s
Ep 1864: len= 28 白胜 loss=26.1479 temp=1.00 total_env_steps=77192 t=0.52s
Ep 1865: len= 57 黑胜 loss=26.6533 temp=1.00 total_env_steps=77249 t=0.74s
Ep 1866: len= 34 白胜 loss=26.0993 temp=1.00 total_env_steps=77283 t=0.55s
Ep 1867: len= 42 白胜 loss=26.2074 temp=1.00 total_env_steps=77325 t=0.63s
Ep 1868: len= 60 白胜 loss=26.4559 temp=1.00 total_env_steps=77385 t=0.72s
Ep 1869: len= 45 黑胜 loss=26.1162 temp=1.00 total_env_steps=77430 t=0.63s
Ep 1870: len= 65 黑胜 loss=25.8616 temp=1.00 total_env_steps=77495 t=0.78s
Ep 1871: len= 41 黑胜 loss=26.2891 temp=1.00 total_env_steps=77536 t=0.67s
Ep 1872: len= 30 白胜 loss=25.9698 temp=1.00 total_env_steps=77566 t=0.55s
Ep 1873: len= 41 黑胜 loss=25.9526 temp=1.00 total_env_steps=77607 t=0.60s
Ep 1874: len= 37 黑胜 loss=25.8935 temp=1.00 total_env_steps=77644 t=0.56s
Ep 1875: len= 47 黑胜 loss=26.0810 temp=1.00 total_env_steps=77691 t=0.62s
Ep 1876: len= 29 黑胜 loss=25.8973 temp=1.00 total_env_steps=77720 t=0.51s
Ep 1877: len= 70 白胜 loss=26.4889 temp=1.00 total_env_steps=77790 t=0.79s
Ep 1878: len= 37 黑胜 loss=25.7612 temp=1.00 total_env_steps=77827 t=0.58s
Ep 1879: len= 28 白胜 loss=26.2390 temp=1.00 total_env_steps=77855 t=0.51s
Ep 1880: len= 16 白胜 loss=26.1242 temp=1.00 total_env_steps=77871 t=0.48s
Ep 1881: len= 41 黑胜 loss=26.0252 temp=1.00 total_env_steps=77912 t=0.62s
Ep 1882: len= 27 黑胜 loss=26.2785 temp=1.00 total_env_steps=77939 t=0.53s
Ep 1883: len= 59 黑胜 loss=26.6843 temp=1.00 total_env_steps=77998 t=0.70s
Ep 1884: len= 37 黑胜 loss=25.7702 temp=1.00 total_env_steps=78035 t=0.59s
Ep 1885: len= 32 白胜 loss=26.3103 temp=1.00 total_env_steps=78067 t=0.55s
Ep 1886: len= 31 黑胜 loss=25.9659 temp=1.00 total_env_steps=78098 t=0.57s
Ep 1887: len= 52 白胜 loss=26.0659 temp=1.00 total_env_steps=78150 t=0.78s
Ep 1888: len= 40 白胜 loss=25.8693 temp=1.00 total_env_steps=78190 t=0.64s
Ep 1889: len= 39 黑胜 loss=25.9230 temp=1.00 total_env_steps=78229 t=0.72s
Ep 1890: len= 49 黑胜 loss=25.8689 temp=1.00 total_env_steps=78278 t=0.68s
Ep 1891: len= 38 白胜 loss=26.0991 temp=1.00 total_env_steps=78316 t=0.61s
Ep 1892: len= 29 黑胜 loss=25.9418 temp=1.00 total_env_steps=78345 t=0.58s
Ep 1893: len= 43 黑胜 loss=25.8912 temp=1.00 total_env_steps=78388 t=0.67s
Ep 1894: len= 34 白胜 loss=26.1311 temp=1.00 total_env_steps=78422 t=0.59s
Ep 1895: len= 27 黑胜 loss=25.8995 temp=1.00 total_env_steps=78449 t=0.55s
Ep 1896: len= 41 黑胜 loss=26.2743 temp=1.00 total_env_steps=78490 t=0.67s
Ep 1897: len= 40 白胜 loss=26.0493 temp=1.00 total_env_steps=78530 t=0.60s
Ep 1898: len= 31 黑胜 loss=25.8882 temp=1.00 total_env_steps=78561 t=0.57s
Ep 1899: len= 24 白胜 loss=25.9954 temp=1.00 total_env_steps=78585 t=0.51s
Ep 1900: len= 28 白胜 loss=26.4120 temp=1.00 total_env_steps=78613 t=0.57s
Ep 1901: len= 49 黑胜 loss=25.9449 temp=1.00 total_env_steps=78662 t=0.66s
Ep 1902: len= 39 黑胜 loss=26.0778 temp=1.00 total_env_steps=78701 t=0.79s
Ep 1903: len= 27 黑胜 loss=26.4225 temp=1.00 total_env_steps=78728 t=0.64s
Ep 1904: len= 36 白胜 loss=26.4427 temp=1.00 total_env_steps=78764 t=0.66s
Ep 1905: len= 49 黑胜 loss=26.3502 temp=1.00 total_env_steps=78813 t=0.77s
Ep 1906: len= 36 白胜 loss=25.7881 temp=1.00 total_env_steps=78849 t=0.67s
Ep 1907: len= 33 黑胜 loss=26.2261 temp=1.00 total_env_steps=78882 t=0.63s
Ep 1908: len= 29 黑胜 loss=26.2159 temp=1.00 total_env_steps=78911 t=0.68s
Ep 1909: len= 59 黑胜 loss=25.9505 temp=1.00 total_env_steps=78970 t=0.82s
Ep 1910: len= 39 黑胜 loss=25.9535 temp=1.00 total_env_steps=79009 t=0.63s
Ep 1911: len= 19 黑胜 loss=26.3906 temp=1.00 total_env_steps=79028 t=0.57s
Ep 1912: len= 81 平局 loss=26.4559 temp=1.00 total_env_steps=79109 t=1.56s
Ep 1913: len= 39 黑胜 loss=26.6672 temp=1.00 total_env_steps=79148 t=0.87s
Ep 1914: len= 33 黑胜 loss=25.8952 temp=1.00 total_env_steps=79181 t=0.66s
Ep 1915: len= 37 黑胜 loss=25.9806 temp=1.00 total_env_steps=79218 t=0.68s
Ep 1916: len= 36 白胜 loss=25.4152 temp=1.00 total_env_steps=79254 t=0.72s
Ep 1917: len= 44 白胜 loss=26.0873 temp=1.00 total_env_steps=79298 t=2.46s
Ep 1918: len= 38 白胜 loss=25.8801 temp=1.00 total_env_steps=79336 t=1.80s
Ep 1919: len= 53 黑胜 loss=25.7086 temp=1.00 total_env_steps=79389 t=0.77s
Ep 1920: len= 22 白胜 loss=26.2394 temp=1.00 total_env_steps=79411 t=0.53s
Ep 1921: len= 42 白胜 loss=26.2615 temp=1.00 total_env_steps=79453 t=0.76s
Ep 1922: len= 32 白胜 loss=26.0660 temp=1.00 total_env_steps=79485 t=0.57s
Ep 1923: len= 38 白胜 loss=26.2535 temp=1.00 total_env_steps=79523 t=0.61s
Ep 1924: len= 48 白胜 loss=26.2257 temp=1.00 total_env_steps=79571 t=0.67s
Ep 1925: len= 45 黑胜 loss=26.7719 temp=1.00 total_env_steps=79616 t=0.65s
Ep 1926: len= 51 黑胜 loss=26.0344 temp=1.00 total_env_steps=79667 t=0.76s
Ep 1927: len= 53 黑胜 loss=26.1201 temp=1.00 total_env_steps=79720 t=0.72s
Ep 1928: len= 40 白胜 loss=26.2812 temp=1.00 total_env_steps=79760 t=0.62s
Ep 1929: len= 36 白胜 loss=25.5597 temp=1.00 total_env_steps=79796 t=0.61s
Ep 1930: len= 56 白胜 loss=26.1324 temp=1.00 total_env_steps=79852 t=0.73s
Ep 1931: len= 48 白胜 loss=26.2057 temp=1.00 total_env_steps=79900 t=0.71s
Ep 1932: len= 46 白胜 loss=26.3101 temp=1.00 total_env_steps=79946 t=0.87s
Ep 1933: len= 33 黑胜 loss=25.8189 temp=1.00 total_env_steps=79979 t=0.92s
Ep 1934: len= 38 白胜 loss=25.9108 temp=1.00 total_env_steps=80017 t=0.82s
Ep 1935: len= 28 白胜 loss=25.8581 temp=1.00 total_env_steps=80045 t=0.72s
Ep 1936: len= 35 黑胜 loss=26.3189 temp=1.00 total_env_steps=80080 t=0.80s
Ep 1937: len= 36 白胜 loss=26.1440 temp=1.00 total_env_steps=80116 t=0.74s
Ep 1938: len= 41 黑胜 loss=25.6844 temp=1.00 total_env_steps=80157 t=0.79s
Ep 1939: len= 37 黑胜 loss=26.2221 temp=1.00 total_env_steps=80194 t=0.96s
Ep 1940: len= 44 白胜 loss=25.8706 temp=1.00 total_env_steps=80238 t=0.95s
Ep 1941: len= 37 黑胜 loss=26.6703 temp=1.00 total_env_steps=80275 t=0.67s
Ep 1942: len= 45 黑胜 loss=26.2373 temp=1.00 total_env_steps=80320 t=0.67s
Ep 1943: len= 23 黑胜 loss=25.8607 temp=1.00 total_env_steps=80343 t=0.52s
Ep 1944: len= 45 黑胜 loss=26.2438 temp=1.00 total_env_steps=80388 t=0.72s
Ep 1945: len= 81 黑胜 loss=26.1090 temp=1.00 total_env_steps=80469 t=0.98s
Ep 1946: len= 22 白胜 loss=26.0069 temp=1.00 total_env_steps=80491 t=0.50s
Ep 1947: len= 31 黑胜 loss=26.0737 temp=1.00 total_env_steps=80522 t=0.56s
Ep 1948: len= 41 黑胜 loss=26.2678 temp=1.00 total_env_steps=80563 t=0.63s
Ep 1949: len= 36 白胜 loss=26.2032 temp=1.00 total_env_steps=80599 t=0.60s
Ep 1950: len= 37 黑胜 loss=25.9086 temp=1.00 total_env_steps=80636 t=0.64s
Ep 1951: len= 44 白胜 loss=26.3781 temp=1.00 total_env_steps=80680 t=0.65s
Ep 1952: len= 33 黑胜 loss=26.0911 temp=1.00 total_env_steps=80713 t=0.58s
Ep 1953: len= 53 黑胜 loss=25.9001 temp=1.00 total_env_steps=80766 t=0.72s
Ep 1954: len= 49 黑胜 loss=26.6171 temp=1.00 total_env_steps=80815 t=0.69s
Ep 1955: len= 47 黑胜 loss=26.0002 temp=1.00 total_env_steps=80862 t=0.66s
Ep 1956: len= 61 黑胜 loss=25.9141 temp=1.00 total_env_steps=80923 t=0.78s
Ep 1957: len= 37 黑胜 loss=25.9630 temp=1.00 total_env_steps=80960 t=0.65s
Ep 1958: len= 23 黑胜 loss=25.9659 temp=1.00 total_env_steps=80983 t=0.50s
Ep 1959: len= 34 白胜 loss=25.8250 temp=1.00 total_env_steps=81017 t=0.60s
Ep 1960: len= 49 黑胜 loss=26.1053 temp=1.00 total_env_steps=81066 t=0.67s
Ep 1961: len= 57 黑胜 loss=26.0211 temp=1.00 total_env_steps=81123 t=0.72s
Ep 1962: len= 23 黑胜 loss=25.8425 temp=1.00 total_env_steps=81146 t=0.50s
Ep 1963: len= 33 黑胜 loss=26.4182 temp=1.00 total_env_steps=81179 t=0.56s
Ep 1964: len= 48 白胜 loss=26.1813 temp=1.00 total_env_steps=81227 t=0.75s
Ep 1965: len= 41 黑胜 loss=26.0158 temp=1.00 total_env_steps=81268 t=0.62s
Ep 1966: len= 31 黑胜 loss=26.2311 temp=1.00 total_env_steps=81299 t=0.55s
Ep 1967: len= 39 黑胜 loss=26.1710 temp=1.00 total_env_steps=81338 t=0.62s
Ep 1968: len= 49 黑胜 loss=26.2829 temp=1.00 total_env_steps=81387 t=0.68s
Ep 1969: len= 35 黑胜 loss=25.7943 temp=1.00 total_env_steps=81422 t=0.59s
Ep 1970: len= 52 白胜 loss=25.8054 temp=1.00 total_env_steps=81474 t=0.69s
Ep 1971: len= 72 白胜 loss=26.2605 temp=1.00 total_env_steps=81546 t=0.82s
Ep 1972: len= 39 黑胜 loss=26.0802 temp=1.00 total_env_steps=81585 t=0.61s
Ep 1973: len= 48 白胜 loss=25.5686 temp=1.00 total_env_steps=81633 t=0.65s
Ep 1974: len= 36 白胜 loss=25.5807 temp=1.00 total_env_steps=81669 t=0.67s
Ep 1975: len= 28 白胜 loss=25.9867 temp=1.00 total_env_steps=81697 t=0.51s
Ep 1976: len= 73 黑胜 loss=26.3417 temp=1.00 total_env_steps=81770 t=0.80s
Ep 1977: len= 29 黑胜 loss=26.2366 temp=1.00 total_env_steps=81799 t=0.54s
Ep 1978: len= 64 白胜 loss=25.7977 temp=1.00 total_env_steps=81863 t=0.77s
Ep 1979: len= 32 白胜 loss=26.1714 temp=1.00 total_env_steps=81895 t=0.54s
Ep 1980: len= 46 白胜 loss=26.0962 temp=1.00 total_env_steps=81941 t=0.63s
Ep 1981: len= 55 黑胜 loss=26.4529 temp=1.00 total_env_steps=81996 t=0.71s
Ep 1982: len= 74 白胜 loss=26.4088 temp=1.00 total_env_steps=82070 t=0.83s
Ep 1983: len= 29 黑胜 loss=26.4570 temp=1.00 total_env_steps=82099 t=0.54s
Ep 1984: len= 57 黑胜 loss=26.1452 temp=1.00 total_env_steps=82156 t=0.73s
Ep 1985: len= 42 白胜 loss=25.6610 temp=1.00 total_env_steps=82198 t=0.64s
Ep 1986: len= 42 白胜 loss=25.8760 temp=1.00 total_env_steps=82240 t=0.67s
Ep 1987: len= 40 白胜 loss=26.1276 temp=1.00 total_env_steps=82280 t=0.60s
Ep 1988: len= 19 黑胜 loss=26.2475 temp=1.00 total_env_steps=82299 t=0.48s
Ep 1989: len= 29 黑胜 loss=26.2026 temp=1.00 total_env_steps=82328 t=0.56s
Ep 1990: len= 38 白胜 loss=25.8069 temp=1.00 total_env_steps=82366 t=0.61s
Ep 1991: len= 53 黑胜 loss=25.9507 temp=1.00 total_env_steps=82419 t=0.69s
Ep 1992: len= 38 白胜 loss=25.8889 temp=1.00 total_env_steps=82457 t=0.59s
Ep 1993: len= 51 黑胜 loss=26.5937 temp=1.00 total_env_steps=82508 t=0.70s
Ep 1994: len= 61 黑胜 loss=25.5422 temp=1.00 total_env_steps=82569 t=0.78s
Ep 1995: len= 66 白胜 loss=25.7506 temp=1.00 total_env_steps=82635 t=0.91s
Ep 1996: len= 48 白胜 loss=26.1162 temp=1.00 total_env_steps=82683 t=0.65s
Ep 1997: len= 39 黑胜 loss=25.8431 temp=1.00 total_env_steps=82722 t=0.61s
Ep 1998: len= 42 白胜 loss=26.2201 temp=1.00 total_env_steps=82764 t=0.69s
Ep 1999: len= 45 黑胜 loss=26.2104 temp=1.00 total_env_steps=82809 t=0.64s
Ep 2000: len= 43 黑胜 loss=25.6420 temp=1.00 total_env_steps=82852 t=0.66s
  eval vs Gomoku-random-v0: win_rate=1.00 mean_return=1.00（20 局，total_env_steps=82852）
Ep 2001: len= 42 白胜 loss=26.1996 temp=1.00 total_env_steps=82894 t=0.66s
Ep 2002: len= 32 白胜 loss=25.7650 temp=1.00 total_env_steps=82926 t=0.61s
Ep 2003: len= 33 黑胜 loss=26.2176 temp=1.00 total_env_steps=82959 t=0.62s
Ep 2004: len= 55 黑胜 loss=25.9550 temp=1.00 total_env_steps=83014 t=0.77s
Ep 2005: len= 36 白胜 loss=26.2638 temp=1.00 total_env_steps=83050 t=0.65s
Ep 2006: len= 29 黑胜 loss=25.7927 temp=1.00 total_env_steps=83079 t=0.57s
Ep 2007: len= 15 黑胜 loss=26.2784 temp=1.00 total_env_steps=83094 t=0.56s
Ep 2008: len= 29 黑胜 loss=26.0790 temp=1.00 total_env_steps=83123 t=0.56s
Ep 2009: len= 39 黑胜 loss=25.9012 temp=1.00 total_env_steps=83162 t=0.61s
Ep 2010: len= 43 黑胜 loss=26.1799 temp=1.00 total_env_steps=83205 t=0.63s
Ep 2011: len= 66 白胜 loss=26.4352 temp=1.00 total_env_steps=83271 t=0.78s
Ep 2012: len= 27 黑胜 loss=26.1325 temp=1.00 total_env_steps=83298 t=0.52s
Ep 2013: len= 35 黑胜 loss=26.5490 temp=1.00 total_env_steps=83333 t=0.59s
Ep 2014: len= 23 黑胜 loss=26.1132 temp=1.00 total_env_steps=83356 t=0.50s
Ep 2015: len= 33 黑胜 loss=26.1662 temp=1.00 total_env_steps=83389 t=0.68s
Ep 2016: len= 59 黑胜 loss=26.1094 temp=1.00 total_env_steps=83448 t=0.75s
Ep 2017: len= 41 黑胜 loss=26.2848 temp=1.00 total_env_steps=83489 t=0.76s
Ep 2018: len= 30 白胜 loss=26.1237 temp=1.00 total_env_steps=83519 t=0.73s
Ep 2019: len= 21 黑胜 loss=26.5714 temp=1.00 total_env_steps=83540 t=0.52s
Ep 2020: len= 26 白胜 loss=25.9489 temp=1.00 total_env_steps=83566 t=0.55s
Ep 2021: len= 29 黑胜 loss=26.4581 temp=1.00 total_env_steps=83595 t=0.57s
Ep 2022: len= 25 黑胜 loss=25.8472 temp=1.00 total_env_steps=83620 t=0.39s
Ep 2023: len= 70 白胜 loss=25.8455 temp=1.00 total_env_steps=83690 t=0.59s
Ep 2024: len= 35 黑胜 loss=26.0121 temp=1.00 total_env_steps=83725 t=0.35s
Ep 2025: len= 40 白胜 loss=25.8059 temp=1.00 total_env_steps=83765 t=0.37s
Ep 2026: len= 24 白胜 loss=26.0344 temp=1.00 total_env_steps=83789 t=0.35s
Ep 2027: len= 41 黑胜 loss=26.1138 temp=1.00 total_env_steps=83830 t=0.40s
Ep 2028: len= 50 白胜 loss=26.0077 temp=1.00 total_env_steps=83880 t=0.44s
Ep 2029: len= 38 白胜 loss=26.6561 temp=1.00 total_env_steps=83918 t=0.38s
Ep 2030: len= 33 黑胜 loss=26.2402 temp=1.00 total_env_steps=83951 t=0.33s
Ep 2031: len= 39 黑胜 loss=25.9016 temp=1.00 total_env_steps=83990 t=0.38s
Ep 2032: len= 35 黑胜 loss=25.8486 temp=1.00 total_env_steps=84025 t=0.41s
Ep 2033: len= 17 黑胜 loss=26.2079 temp=1.00 total_env_steps=84042 t=0.24s
Ep 2034: len= 47 黑胜 loss=26.5217 temp=1.00 total_env_steps=84089 t=0.39s
Ep 2035: len= 43 黑胜 loss=26.2465 temp=1.00 total_env_steps=84132 t=0.41s
Ep 2036: len= 48 白胜 loss=26.4086 temp=1.00 total_env_steps=84180 t=0.44s
Ep 2037: len= 44 白胜 loss=25.6980 temp=1.00 total_env_steps=84224 t=0.40s
Ep 2038: len= 16 白胜 loss=26.3466 temp=1.00 total_env_steps=84240 t=0.24s
Ep 2039: len= 31 黑胜 loss=26.4434 temp=1.00 total_env_steps=84271 t=0.35s
Ep 2040: len= 49 黑胜 loss=26.4153 temp=1.00 total_env_steps=84320 t=0.44s
Ep 2041: len= 53 黑胜 loss=26.2397 temp=1.00 total_env_steps=84373 t=0.45s
Ep 2042: len= 43 黑胜 loss=25.9990 temp=1.00 total_env_steps=84416 t=0.37s
Ep 2043: len= 33 黑胜 loss=26.4505 temp=1.00 total_env_steps=84449 t=0.33s
Ep 2044: len= 31 黑胜 loss=26.0446 temp=1.00 total_env_steps=84480 t=0.31s
Ep 2045: len= 24 白胜 loss=25.8126 temp=1.00 total_env_steps=84504 t=0.29s
Ep 2046: len= 27 黑胜 loss=26.2507 temp=1.00 total_env_steps=84531 t=0.34s
Ep 2047: len= 42 白胜 loss=25.8467 temp=1.00 total_env_steps=84573 t=0.35s
Ep 2048: len= 29 黑胜 loss=26.2924 temp=1.00 total_env_steps=84602 t=0.31s
Ep 2049: len= 31 黑胜 loss=26.0246 temp=1.00 total_env_steps=84633 t=0.34s
Ep 2050: len= 28 白胜 loss=26.6181 temp=1.00 total_env_steps=84661 t=0.31s
Ep 2051: len= 35 黑胜 loss=26.3494 temp=1.00 total_env_steps=84696 t=0.33s
Ep 2052: len= 61 黑胜 loss=26.2856 temp=1.00 total_env_steps=84757 t=0.53s
Ep 2053: len= 52 白胜 loss=26.7761 temp=1.00 total_env_steps=84809 t=0.44s
Ep 2054: len= 24 白胜 loss=25.8415 temp=1.00 total_env_steps=84833 t=0.29s
Ep 2055: len= 49 黑胜 loss=26.9039 temp=1.00 total_env_steps=84882 t=0.42s
Ep 2056: len= 36 白胜 loss=26.6086 temp=1.00 total_env_steps=84918 t=0.32s
Ep 2057: len= 42 白胜 loss=26.2857 temp=1.00 total_env_steps=84960 t=0.37s
Ep 2058: len= 31 黑胜 loss=25.9927 temp=1.00 total_env_steps=84991 t=0.31s
Ep 2059: len= 19 黑胜 loss=25.7107 temp=1.00 total_env_steps=85010 t=0.24s
Ep 2060: len= 57 黑胜 loss=26.2712 temp=1.00 total_env_steps=85067 t=0.49s
Ep 2061: len= 53 黑胜 loss=26.0899 temp=1.00 total_env_steps=85120 t=0.50s
Ep 2062: len= 37 黑胜 loss=26.3454 temp=1.00 total_env_steps=85157 t=0.33s
Ep 2063: len= 26 白胜 loss=26.4099 temp=1.00 total_env_steps=85183 t=0.29s
Ep 2064: len= 34 白胜 loss=26.1358 temp=1.00 total_env_steps=85217 t=0.31s
Ep 2065: len= 53 黑胜 loss=26.1902 temp=1.00 total_env_steps=85270 t=0.45s
Ep 2066: len= 38 白胜 loss=26.1147 temp=1.00 total_env_steps=85308 t=0.34s
Ep 2067: len= 44 白胜 loss=25.8525 temp=1.00 total_env_steps=85352 t=0.39s
Ep 2068: len= 43 黑胜 loss=26.0290 temp=1.00 total_env_steps=85395 t=0.40s
Ep 2069: len= 14 白胜 loss=26.5895 temp=1.00 total_env_steps=85409 t=0.21s
Ep 2070: len= 43 黑胜 loss=26.6185 temp=1.00 total_env_steps=85452 t=0.39s
Ep 2071: len= 41 黑胜 loss=26.4782 temp=1.00 total_env_steps=85493 t=0.37s
Ep 2072: len= 25 黑胜 loss=26.3308 temp=1.00 total_env_steps=85518 t=0.27s
Ep 2073: len= 42 白胜 loss=26.4469 temp=1.00 total_env_steps=85560 t=0.40s
Ep 2074: len= 30 白胜 loss=26.0904 temp=1.00 total_env_steps=85590 t=0.31s
Ep 2075: len= 22 白胜 loss=26.1758 temp=1.00 total_env_steps=85612 t=0.26s
Ep 2076: len= 50 白胜 loss=26.2586 temp=1.00 total_env_steps=85662 t=0.41s
Ep 2077: len= 37 黑胜 loss=26.2003 temp=1.00 total_env_steps=85699 t=0.34s
Ep 2078: len= 36 白胜 loss=26.3992 temp=1.00 total_env_steps=85735 t=0.33s
Ep 2079: len= 38 白胜 loss=26.7202 temp=1.00 total_env_steps=85773 t=0.33s
Ep 2080: len= 39 黑胜 loss=26.5487 temp=1.00 total_env_steps=85812 t=0.36s
Ep 2081: len= 58 白胜 loss=26.1898 temp=1.00 total_env_steps=85870 t=0.47s
Ep 2082: len= 43 黑胜 loss=26.4108 temp=1.00 total_env_steps=85913 t=0.39s
Ep 2083: len= 54 白胜 loss=25.9526 temp=1.00 total_env_steps=85967 t=0.48s
Ep 2084: len= 38 白胜 loss=26.0805 temp=1.00 total_env_steps=86005 t=0.36s
Ep 2085: len= 44 白胜 loss=26.4889 temp=1.00 total_env_steps=86049 t=0.41s
Ep 2086: len= 48 白胜 loss=26.1985 temp=1.00 total_env_steps=86097 t=0.39s
Ep 2087: len= 26 白胜 loss=25.9160 temp=1.00 total_env_steps=86123 t=0.28s
Ep 2088: len= 29 黑胜 loss=26.2332 temp=1.00 total_env_steps=86152 t=0.30s
Ep 2089: len= 35 黑胜 loss=25.8574 temp=1.00 total_env_steps=86187 t=0.33s
Ep 2090: len= 34 白胜 loss=26.4589 temp=1.00 total_env_steps=86221 t=0.33s
Ep 2091: len= 46 白胜 loss=26.3736 temp=1.00 total_env_steps=86267 t=0.43s
Ep 2092: len= 41 黑胜 loss=26.4980 temp=1.00 total_env_steps=86308 t=0.36s
Ep 2093: len= 44 白胜 loss=26.3564 temp=1.00 total_env_steps=86352 t=0.41s
Ep 2094: len= 51 黑胜 loss=26.0402 temp=1.00 total_env_steps=86403 t=0.43s
Ep 2095: len= 43 黑胜 loss=26.4043 temp=1.00 total_env_steps=86446 t=0.36s
Ep 2096: len= 36 白胜 loss=26.5339 temp=1.00 total_env_steps=86482 t=0.35s
Ep 2097: len= 45 黑胜 loss=26.1681 temp=1.00 total_env_steps=86527 t=0.39s
Ep 2098: len= 34 白胜 loss=26.0982 temp=1.00 total_env_steps=86561 t=0.34s
Ep 2099: len= 81 平局 loss=26.1446 temp=1.00 total_env_steps=86642 t=0.66s
Ep 2100: len= 38 白胜 loss=26.4850 temp=1.00 total_env_steps=86680 t=0.37s
Ep 2101: len= 49 黑胜 loss=26.3353 temp=1.00 total_env_steps=86729 t=0.40s
Ep 2102: len= 50 白胜 loss=26.4444 temp=1.00 total_env_steps=86779 t=0.42s
Ep 2103: len= 27 黑胜 loss=26.2472 temp=1.00 total_env_steps=86806 t=0.29s
Ep 2104: len= 46 白胜 loss=25.8246 temp=1.00 total_env_steps=86852 t=0.38s
Ep 2105: len= 56 白胜 loss=26.3976 temp=1.00 total_env_steps=86908 t=0.46s
Ep 2106: len= 29 黑胜 loss=26.1880 temp=1.00 total_env_steps=86937 t=0.33s
Ep 2107: len= 49 黑胜 loss=26.0180 temp=1.00 total_env_steps=86986 t=0.41s
Ep 2108: len= 34 白胜 loss=26.4968 temp=1.00 total_env_steps=87020 t=0.35s
Ep 2109: len= 33 黑胜 loss=26.2097 temp=1.00 total_env_steps=87053 t=0.33s
Ep 2110: len= 34 白胜 loss=26.3479 temp=1.00 total_env_steps=87087 t=0.33s
Ep 2111: len= 34 白胜 loss=26.0600 temp=1.00 total_env_steps=87121 t=0.34s
Ep 2112: len= 30 白胜 loss=26.1734 temp=1.00 total_env_steps=87151 t=0.30s
Ep 2113: len= 35 黑胜 loss=26.6671 temp=1.00 total_env_steps=87186 t=0.35s
Ep 2114: len= 48 白胜 loss=26.7100 temp=1.00 total_env_steps=87234 t=0.44s
Ep 2115: len= 49 黑胜 loss=26.1606 temp=1.00 total_env_steps=87283 t=0.43s
Ep 2116: len= 48 白胜 loss=26.4204 temp=1.00 total_env_steps=87331 t=0.42s
Ep 2117: len= 44 白胜 loss=26.3380 temp=1.00 total_env_steps=87375 t=0.40s
Ep 2118: len= 25 黑胜 loss=26.6142 temp=1.00 total_env_steps=87400 t=0.28s
Ep 2119: len= 39 黑胜 loss=26.4534 temp=1.00 total_env_steps=87439 t=0.36s
Ep 2120: len= 25 黑胜 loss=26.1403 temp=1.00 total_env_steps=87464 t=0.27s
Ep 2121: len= 67 黑胜 loss=26.2576 temp=1.00 total_env_steps=87531 t=0.53s
Ep 2122: len= 54 白胜 loss=26.3328 temp=1.00 total_env_steps=87585 t=0.48s
Ep 2123: len= 27 黑胜 loss=26.1674 temp=1.00 total_env_steps=87612 t=0.24s
Ep 2124: len= 46 白胜 loss=25.5769 temp=1.00 total_env_steps=87658 t=0.42s
Ep 2125: len= 58 白胜 loss=26.0215 temp=1.00 total_env_steps=87716 t=0.45s
Ep 2126: len= 30 白胜 loss=26.7903 temp=1.00 total_env_steps=87746 t=0.30s
Ep 2127: len= 26 白胜 loss=26.0586 temp=1.00 total_env_steps=87772 t=0.28s
Ep 2128: len= 27 黑胜 loss=25.8456 temp=1.00 total_env_steps=87799 t=0.29s
Ep 2129: len= 50 白胜 loss=26.0401 temp=1.00 total_env_steps=87849 t=0.47s
Ep 2130: len= 39 黑胜 loss=26.3642 temp=1.00 total_env_steps=87888 t=0.37s
Ep 2131: len= 34 白胜 loss=26.1734 temp=1.00 total_env_steps=87922 t=0.33s
Ep 2132: len= 39 黑胜 loss=26.3066 temp=1.00 total_env_steps=87961 t=0.36s
Ep 2133: len= 32 白胜 loss=26.1527 temp=1.00 total_env_steps=87993 t=0.32s
Ep 2134: len= 28 白胜 loss=26.0936 temp=1.00 total_env_steps=88021 t=0.30s
Ep 2135: len= 31 黑胜 loss=26.1653 temp=1.00 total_env_steps=88052 t=0.31s
Ep 2136: len= 42 白胜 loss=26.3239 temp=1.00 total_env_steps=88094 t=0.40s
Ep 2137: len= 30 白胜 loss=26.3638 temp=1.00 total_env_steps=88124 t=0.29s
Ep 2138: len= 48 白胜 loss=26.6702 temp=1.00 total_env_steps=88172 t=0.43s
Ep 2139: len= 34 白胜 loss=26.3413 temp=1.00 total_env_steps=88206 t=0.33s
Ep 2140: len= 18 白胜 loss=26.0270 temp=1.00 total_env_steps=88224 t=0.24s
Ep 2141: len= 35 黑胜 loss=26.0699 temp=1.00 total_env_steps=88259 t=0.31s
Ep 2142: len= 29 黑胜 loss=26.7245 temp=1.00 total_env_steps=88288 t=0.31s
Ep 2143: len= 34 白胜 loss=26.4750 temp=1.00 total_env_steps=88322 t=0.36s
Ep 2144: len= 81 平局 loss=25.8762 temp=1.00 total_env_steps=88403 t=0.62s
Ep 2145: len= 37 黑胜 loss=26.7462 temp=1.00 total_env_steps=88440 t=0.36s
Ep 2146: len= 30 白胜 loss=26.3158 temp=1.00 total_env_steps=88470 t=0.28s
Ep 2147: len= 28 白胜 loss=26.2873 temp=1.00 total_env_steps=88498 t=0.28s
Ep 2148: len= 30 白胜 loss=26.5862 temp=1.00 total_env_steps=88528 t=0.32s
Ep 2149: len= 36 白胜 loss=26.5986 temp=1.00 total_env_steps=88564 t=0.36s
Ep 2150: len= 61 黑胜 loss=26.4199 temp=1.00 total_env_steps=88625 t=0.50s
Ep 2151: len= 37 黑胜 loss=26.5489 temp=1.00 total_env_steps=88662 t=0.35s
Ep 2152: len= 38 白胜 loss=25.8608 temp=1.00 total_env_steps=88700 t=0.35s
Ep 2153: len= 48 白胜 loss=26.2096 temp=1.00 total_env_steps=88748 t=0.40s
Ep 2154: len= 29 黑胜 loss=26.4949 temp=1.00 total_env_steps=88777 t=0.31s
Ep 2155: len= 34 白胜 loss=26.2958 temp=1.00 total_env_steps=88811 t=0.33s
Ep 2156: len= 47 黑胜 loss=26.2152 temp=1.00 total_env_steps=88858 t=0.42s
Ep 2157: len= 39 黑胜 loss=26.1307 temp=1.00 total_env_steps=88897 t=0.36s
Ep 2158: len= 33 黑胜 loss=26.1433 temp=1.00 total_env_steps=88930 t=0.32s
Ep 2159: len= 40 白胜 loss=26.3332 temp=1.00 total_env_steps=88970 t=0.36s
Ep 2160: len= 30 白胜 loss=26.3340 temp=1.00 total_env_steps=89000 t=0.31s
Ep 2161: len= 16 白胜 loss=26.5738 temp=1.00 total_env_steps=89016 t=0.23s
Ep 2162: len= 39 黑胜 loss=26.7261 temp=1.00 total_env_steps=89055 t=0.36s
Ep 2163: len= 17 黑胜 loss=26.9156 temp=1.00 total_env_steps=89072 t=0.23s
Ep 2164: len= 53 黑胜 loss=26.3406 temp=1.00 total_env_steps=89125 t=0.41s
Ep 2165: len= 46 白胜 loss=25.9478 temp=1.00 total_env_steps=89171 t=0.41s
Ep 2166: len= 27 黑胜 loss=26.5593 temp=1.00 total_env_steps=89198 t=0.29s
Ep 2167: len= 31 黑胜 loss=25.8474 temp=1.00 total_env_steps=89229 t=0.31s
Ep 2168: len= 29 黑胜 loss=26.6861 temp=1.00 total_env_steps=89258 t=0.32s
Ep 2169: len= 26 白胜 loss=25.6950 temp=1.00 total_env_steps=89284 t=0.28s
Ep 2170: len= 39 黑胜 loss=26.4170 temp=1.00 total_env_steps=89323 t=0.38s
Ep 2171: len= 24 白胜 loss=26.6345 temp=1.00 total_env_steps=89347 t=0.29s
Ep 2172: len= 36 白胜 loss=25.9038 temp=1.00 total_env_steps=89383 t=0.35s
Ep 2173: len= 30 白胜 loss=26.1703 temp=1.00 total_env_steps=89413 t=0.31s
Ep 2174: len= 31 黑胜 loss=26.3436 temp=1.00 total_env_steps=89444 t=0.32s
Ep 2175: len= 31 黑胜 loss=26.2598 temp=1.00 total_env_steps=89475 t=0.32s
Ep 2176: len= 36 白胜 loss=26.1188 temp=1.00 total_env_steps=89511 t=0.34s
Ep 2177: len= 23 黑胜 loss=26.4027 temp=1.00 total_env_steps=89534 t=0.27s
Ep 2178: len= 33 黑胜 loss=26.5739 temp=1.00 total_env_steps=89567 t=0.33s
Ep 2179: len= 24 白胜 loss=26.1686 temp=1.00 total_env_steps=89591 t=0.28s
Ep 2180: len= 38 白胜 loss=26.4365 temp=1.00 total_env_steps=89629 t=0.33s
Ep 2181: len= 50 白胜 loss=26.3492 temp=1.00 total_env_steps=89679 t=0.43s
Ep 2182: len= 79 黑胜 loss=26.3105 temp=1.00 total_env_steps=89758 t=0.61s
Ep 2183: len= 38 白胜 loss=26.2473 temp=1.00 total_env_steps=89796 t=0.33s
Ep 2184: len= 37 黑胜 loss=25.9634 temp=1.00 total_env_steps=89833 t=0.35s
Ep 2185: len= 49 黑胜 loss=26.2213 temp=1.00 total_env_steps=89882 t=0.41s
Ep 2186: len= 21 黑胜 loss=26.3040 temp=1.00 total_env_steps=89903 t=0.26s
Ep 2187: len= 61 黑胜 loss=26.8188 temp=1.00 total_env_steps=89964 t=0.50s
Ep 2188: len= 54 白胜 loss=25.9894 temp=1.00 total_env_steps=90018 t=0.44s
Ep 2189: len= 67 黑胜 loss=26.1410 temp=1.00 total_env_steps=90085 t=0.56s
Ep 2190: len= 42 白胜 loss=26.1832 temp=1.00 total_env_steps=90127 t=0.38s
Ep 2191: len= 38 白胜 loss=26.3906 temp=1.00 total_env_steps=90165 t=0.33s
Ep 2192: len= 30 白胜 loss=26.0503 temp=1.00 total_env_steps=90195 t=0.31s
Ep 2193: len= 24 白胜 loss=26.2614 temp=1.00 total_env_steps=90219 t=0.29s
Ep 2194: len= 32 白胜 loss=25.7667 temp=1.00 total_env_steps=90251 t=0.34s
Ep 2195: len= 39 黑胜 loss=26.6116 temp=1.00 total_env_steps=90290 t=0.36s
Ep 2196: len= 29 黑胜 loss=26.0117 temp=1.00 total_env_steps=90319 t=0.30s
Ep 2197: len= 37 黑胜 loss=26.4187 temp=1.00 total_env_steps=90356 t=0.36s
Ep 2198: len= 58 白胜 loss=26.4416 temp=1.00 total_env_steps=90414 t=0.50s
Ep 2199: len= 23 黑胜 loss=26.3632 temp=1.00 total_env_steps=90437 t=0.27s
Ep 2200: len= 17 黑胜 loss=26.1832 temp=1.00 total_env_steps=90454 t=0.23s
Ep 2201: len= 32 白胜 loss=26.6816 temp=1.00 total_env_steps=90486 t=0.32s
Ep 2202: len= 32 白胜 loss=26.7983 temp=1.00 total_env_steps=90518 t=0.34s
Ep 2203: len= 41 黑胜 loss=26.0916 temp=1.00 total_env_steps=90559 t=0.36s
Ep 2204: len= 52 白胜 loss=26.4642 temp=1.00 total_env_steps=90611 t=0.43s
Ep 2205: len= 17 黑胜 loss=26.2901 temp=1.00 total_env_steps=90628 t=0.24s
Ep 2206: len= 49 黑胜 loss=26.6833 temp=1.00 total_env_steps=90677 t=0.44s
Ep 2207: len= 48 白胜 loss=26.5903 temp=1.00 total_env_steps=90725 t=0.45s
Ep 2208: len= 45 黑胜 loss=26.1047 temp=1.00 total_env_steps=90770 t=0.40s
Ep 2209: len= 33 黑胜 loss=26.1617 temp=1.00 total_env_steps=90803 t=0.34s
Ep 2210: len= 44 白胜 loss=26.5701 temp=1.00 total_env_steps=90847 t=0.40s
Ep 2211: len= 42 白胜 loss=26.2997 temp=1.00 total_env_steps=90889 t=0.37s
Ep 2212: len= 15 黑胜 loss=26.0213 temp=1.00 total_env_steps=90904 t=0.22s
Ep 2213: len= 23 黑胜 loss=25.7153 temp=1.00 total_env_steps=90927 t=0.27s
Ep 2214: len= 26 白胜 loss=25.8019 temp=1.00 total_env_steps=90953 t=0.29s
Ep 2215: len= 41 黑胜 loss=26.0285 temp=1.00 total_env_steps=90994 t=0.37s
Ep 2216: len= 47 黑胜 loss=26.4723 temp=1.00 total_env_steps=91041 t=0.40s
Ep 2217: len= 27 黑胜 loss=26.3862 temp=1.00 total_env_steps=91068 t=0.25s
Ep 2218: len= 23 黑胜 loss=26.0785 temp=1.00 total_env_steps=91091 t=0.26s
Ep 2219: len= 15 黑胜 loss=26.2629 temp=1.00 total_env_steps=91106 t=0.22s
Ep 2220: len= 40 白胜 loss=26.4851 temp=1.00 total_env_steps=91146 t=0.35s
Ep 2221: len= 26 白胜 loss=26.0594 temp=1.00 total_env_steps=91172 t=0.29s
Ep 2222: len= 37 黑胜 loss=26.0045 temp=1.00 total_env_steps=91209 t=0.35s
Ep 2223: len= 35 黑胜 loss=26.6316 temp=1.00 total_env_steps=91244 t=0.36s
Ep 2224: len= 19 黑胜 loss=26.2987 temp=1.00 total_env_steps=91263 t=0.26s
Ep 2225: len= 41 黑胜 loss=26.0205 temp=1.00 total_env_steps=91304 t=0.39s
Ep 2226: len= 45 黑胜 loss=26.2875 temp=1.00 total_env_steps=91349 t=0.37s
Ep 2227: len= 35 黑胜 loss=26.1963 temp=1.00 total_env_steps=91384 t=0.32s
Ep 2228: len= 46 白胜 loss=26.0591 temp=1.00 total_env_steps=91430 t=0.39s
Ep 2229: len= 47 黑胜 loss=26.3256 temp=1.00 total_env_steps=91477 t=0.39s
Ep 2230: len= 27 黑胜 loss=26.4080 temp=1.00 total_env_steps=91504 t=0.28s
Ep 2231: len= 30 白胜 loss=25.6233 temp=1.00 total_env_steps=91534 t=0.31s
Ep 2232: len= 30 白胜 loss=26.3042 temp=1.00 total_env_steps=91564 t=0.30s
Ep 2233: len= 26 白胜 loss=26.5849 temp=1.00 total_env_steps=91590 t=0.28s
Ep 2234: len= 55 黑胜 loss=26.6737 temp=1.00 total_env_steps=91645 t=0.42s
Ep 2235: len= 30 白胜 loss=26.3001 temp=1.00 total_env_steps=91675 t=0.29s
Ep 2236: len= 43 黑胜 loss=26.4098 temp=1.00 total_env_steps=91718 t=0.41s
Ep 2237: len= 25 黑胜 loss=26.3250 temp=1.00 total_env_steps=91743 t=0.27s
Ep 2238: len= 63 黑胜 loss=26.3550 temp=1.00 total_env_steps=91806 t=0.50s
Ep 2239: len= 77 黑胜 loss=26.0136 temp=1.00 total_env_steps=91883 t=0.60s
Ep 2240: len= 35 黑胜 loss=26.2271 temp=1.00 total_env_steps=91918 t=0.33s
Ep 2241: len= 17 黑胜 loss=26.4288 temp=1.00 total_env_steps=91935 t=0.21s
Ep 2242: len= 30 白胜 loss=26.2418 temp=1.00 total_env_steps=91965 t=0.28s
Ep 2243: len= 48 白胜 loss=26.2191 temp=1.00 total_env_steps=92013 t=0.43s
Ep 2244: len= 30 白胜 loss=26.3624 temp=1.00 total_env_steps=92043 t=0.31s
Ep 2245: len= 39 黑胜 loss=26.2608 temp=1.00 total_env_steps=92082 t=0.37s
Ep 2246: len= 25 黑胜 loss=25.8569 temp=1.00 total_env_steps=92107 t=0.29s
Ep 2247: len= 26 白胜 loss=26.0042 temp=1.00 total_env_steps=92133 t=0.28s
Ep 2248: len= 42 白胜 loss=26.3026 temp=1.00 total_env_steps=92175 t=0.39s
Ep 2249: len= 27 黑胜 loss=26.3608 temp=1.00 total_env_steps=92202 t=0.32s
Ep 2250: len= 45 黑胜 loss=26.1028 temp=1.00 total_env_steps=92247 t=0.40s
Ep 2251: len= 38 白胜 loss=26.6918 temp=1.00 total_env_steps=92285 t=0.36s
Ep 2252: len= 59 黑胜 loss=26.0950 temp=1.00 total_env_steps=92344 t=0.52s
Ep 2253: len= 44 白胜 loss=26.2017 temp=1.00 total_env_steps=92388 t=0.40s
Ep 2254: len= 40 白胜 loss=26.0128 temp=1.00 total_env_steps=92428 t=0.37s
Ep 2255: len= 29 黑胜 loss=26.5494 temp=1.00 total_env_steps=92457 t=0.30s
Ep 2256: len= 29 黑胜 loss=25.7748 temp=1.00 total_env_steps=92486 t=0.27s
Ep 2257: len= 58 白胜 loss=26.1171 temp=1.00 total_env_steps=92544 t=0.49s
Ep 2258: len= 53 黑胜 loss=26.4258 temp=1.00 total_env_steps=92597 t=0.44s
Ep 2259: len= 60 白胜 loss=26.2305 temp=1.00 total_env_steps=92657 t=0.52s
Ep 2260: len= 23 黑胜 loss=26.1596 temp=1.00 total_env_steps=92680 t=0.27s
Ep 2261: len= 47 黑胜 loss=25.9398 temp=1.00 total_env_steps=92727 t=0.39s
Ep 2262: len= 39 黑胜 loss=26.1712 temp=1.00 total_env_steps=92766 t=0.35s
Ep 2263: len= 19 黑胜 loss=25.9408 temp=1.00 total_env_steps=92785 t=0.22s
Ep 2264: len= 41 黑胜 loss=26.6493 temp=1.00 total_env_steps=92826 t=0.35s
Ep 2265: len= 51 黑胜 loss=26.2527 temp=1.00 total_env_steps=92877 t=0.42s
Ep 2266: len= 28 白胜 loss=25.8199 temp=1.00 total_env_steps=92905 t=0.30s
Ep 2267: len= 49 黑胜 loss=26.2726 temp=1.00 total_env_steps=92954 t=0.48s
Ep 2268: len= 55 黑胜 loss=26.2117 temp=1.00 total_env_steps=93009 t=0.46s
Ep 2269: len= 75 黑胜 loss=25.9999 temp=1.00 total_env_steps=93084 t=0.59s
Ep 2270: len= 60 白胜 loss=26.3515 temp=1.00 total_env_steps=93144 t=0.53s
Ep 2271: len= 48 白胜 loss=26.3483 temp=1.00 total_env_steps=93192 t=0.43s
Ep 2272: len= 26 白胜 loss=26.2809 temp=1.00 total_env_steps=93218 t=0.28s
Ep 2273: len= 37 黑胜 loss=26.0931 temp=1.00 total_env_steps=93255 t=0.32s
Ep 2274: len= 41 黑胜 loss=26.1499 temp=1.00 total_env_steps=93296 t=0.37s
Ep 2275: len= 34 白胜 loss=25.8297 temp=1.00 total_env_steps=93330 t=0.32s
Ep 2276: len= 56 白胜 loss=26.3621 temp=1.00 total_env_steps=93386 t=0.44s
Ep 2277: len= 38 白胜 loss=26.3462 temp=1.00 total_env_steps=93424 t=0.38s
Ep 2278: len= 43 黑胜 loss=26.1421 temp=1.00 total_env_steps=93467 t=0.37s
Ep 2279: len= 33 黑胜 loss=26.1376 temp=1.00 total_env_steps=93500 t=0.32s
Ep 2280: len= 30 白胜 loss=26.1930 temp=1.00 total_env_steps=93530 t=0.30s
Ep 2281: len= 54 白胜 loss=26.1288 temp=1.00 total_env_steps=93584 t=0.42s
Ep 2282: len= 43 黑胜 loss=26.3248 temp=1.00 total_env_steps=93627 t=0.38s
Ep 2283: len= 33 黑胜 loss=26.2204 temp=1.00 total_env_steps=93660 t=0.34s
Ep 2284: len= 33 黑胜 loss=26.2017 temp=1.00 total_env_steps=93693 t=0.33s
Ep 2285: len= 25 黑胜 loss=26.4138 temp=1.00 total_env_steps=93718 t=0.29s
Ep 2286: len= 29 黑胜 loss=26.8534 temp=1.00 total_env_steps=93747 t=0.30s
Ep 2287: len= 38 白胜 loss=26.5027 temp=1.00 total_env_steps=93785 t=0.40s
Ep 2288: len= 35 黑胜 loss=25.9535 temp=1.00 total_env_steps=93820 t=0.36s
Ep 2289: len= 33 黑胜 loss=26.3872 temp=1.00 total_env_steps=93853 t=0.31s
Ep 2290: len= 44 白胜 loss=26.5783 temp=1.00 total_env_steps=93897 t=0.40s
Ep 2291: len= 40 白胜 loss=26.2515 temp=1.00 total_env_steps=93937 t=0.36s
Ep 2292: len= 17 黑胜 loss=25.9809 temp=1.00 total_env_steps=93954 t=0.23s
Ep 2293: len= 30 白胜 loss=25.9940 temp=1.00 total_env_steps=93984 t=0.29s
Ep 2294: len= 20 白胜 loss=25.8047 temp=1.00 total_env_steps=94004 t=0.24s
Ep 2295: len= 16 白胜 loss=26.1966 temp=1.00 total_env_steps=94020 t=0.21s
Ep 2296: len= 24 白胜 loss=26.1305 temp=1.00 total_env_steps=94044 t=0.27s
Ep 2297: len= 44 白胜 loss=26.0674 temp=1.00 total_env_steps=94088 t=0.40s
Ep 2298: len= 42 白胜 loss=26.8087 temp=1.00 total_env_steps=94130 t=0.39s
Ep 2299: len= 30 白胜 loss=26.2338 temp=1.00 total_env_steps=94160 t=0.30s
Ep 2300: len= 35 黑胜 loss=26.0911 temp=1.00 total_env_steps=94195 t=0.35s
Ep 2301: len= 64 白胜 loss=26.4385 temp=1.00 total_env_steps=94259 t=0.51s
Ep 2302: len= 34 白胜 loss=26.1804 temp=1.00 total_env_steps=94293 t=0.32s
Ep 2303: len= 31 黑胜 loss=26.6190 temp=1.00 total_env_steps=94324 t=0.30s
Ep 2304: len= 47 黑胜 loss=26.1971 temp=1.00 total_env_steps=94371 t=0.43s
Ep 2305: len= 30 白胜 loss=26.1474 temp=1.00 total_env_steps=94401 t=0.33s
Ep 2306: len= 21 黑胜 loss=26.0379 temp=1.00 total_env_steps=94422 t=0.27s
Ep 2307: len= 23 黑胜 loss=26.4233 temp=1.00 total_env_steps=94445 t=0.27s
Ep 2308: len= 53 黑胜 loss=26.1485 temp=1.00 total_env_steps=94498 t=0.43s
Ep 2309: len= 38 白胜 loss=26.0433 temp=1.00 total_env_steps=94536 t=0.39s
Ep 2310: len= 22 白胜 loss=26.0828 temp=1.00 total_env_steps=94558 t=0.25s
Ep 2311: len= 39 黑胜 loss=26.4709 temp=1.00 total_env_steps=94597 t=0.37s
Ep 2312: len= 40 白胜 loss=26.1149 temp=1.00 total_env_steps=94637 t=0.37s
Ep 2313: len= 48 白胜 loss=26.2744 temp=1.00 total_env_steps=94685 t=0.42s
Ep 2314: len= 81 黑胜 loss=26.2955 temp=1.00 total_env_steps=94766 t=0.66s
Ep 2315: len= 40 白胜 loss=26.8063 temp=1.00 total_env_steps=94806 t=0.35s
Ep 2316: len= 30 白胜 loss=25.8778 temp=1.00 total_env_steps=94836 t=0.31s
Ep 2317: len= 36 白胜 loss=26.4628 temp=1.00 total_env_steps=94872 t=0.33s
Ep 2318: len= 38 白胜 loss=26.1656 temp=1.00 total_env_steps=94910 t=0.37s
Ep 2319: len= 69 黑胜 loss=26.0876 temp=1.00 total_env_steps=94979 t=0.60s
Ep 2320: len= 61 黑胜 loss=26.1882 temp=1.00 total_env_steps=95040 t=0.50s
Ep 2321: len= 35 黑胜 loss=26.6491 temp=1.00 total_env_steps=95075 t=0.32s
Ep 2322: len= 49 黑胜 loss=26.4525 temp=1.00 total_env_steps=95124 t=0.41s
Ep 2323: len= 41 黑胜 loss=26.3761 temp=1.00 total_env_steps=95165 t=0.36s
Ep 2324: len= 34 白胜 loss=25.8667 temp=1.00 total_env_steps=95199 t=0.34s
Ep 2325: len= 40 白胜 loss=26.4988 temp=1.00 total_env_steps=95239 t=0.37s
Ep 2326: len= 51 黑胜 loss=26.0311 temp=1.00 total_env_steps=95290 t=0.40s
Ep 2327: len= 40 白胜 loss=26.4286 temp=1.00 total_env_steps=95330 t=0.38s
Ep 2328: len= 66 白胜 loss=26.2069 temp=1.00 total_env_steps=95396 t=0.54s
Ep 2329: len= 35 黑胜 loss=26.5900 temp=1.00 total_env_steps=95431 t=0.35s
Ep 2330: len= 30 白胜 loss=26.5427 temp=1.00 total_env_steps=95461 t=0.31s
Ep 2331: len= 39 黑胜 loss=26.0786 temp=1.00 total_env_steps=95500 t=0.37s
Ep 2332: len= 33 黑胜 loss=26.4766 temp=1.00 total_env_steps=95533 t=0.30s
Ep 2333: len= 37 黑胜 loss=26.0796 temp=1.00 total_env_steps=95570 t=0.33s
Ep 2334: len= 57 黑胜 loss=25.6285 temp=1.00 total_env_steps=95627 t=0.48s
Ep 2335: len= 29 黑胜 loss=26.5022 temp=1.00 total_env_steps=95656 t=0.31s
Ep 2336: len= 39 黑胜 loss=26.1307 temp=1.00 total_env_steps=95695 t=0.35s
Ep 2337: len= 64 白胜 loss=26.5986 temp=1.00 total_env_steps=95759 t=0.57s
Ep 2338: len= 38 白胜 loss=26.1370 temp=1.00 total_env_steps=95797 t=0.36s
Ep 2339: len= 55 黑胜 loss=26.1788 temp=1.00 total_env_steps=95852 t=0.43s
Ep 2340: len= 37 黑胜 loss=26.6256 temp=1.00 total_env_steps=95889 t=0.33s
Ep 2341: len= 44 白胜 loss=25.8933 temp=1.00 total_env_steps=95933 t=0.41s
Ep 2342: len= 38 白胜 loss=25.8912 temp=1.00 total_env_steps=95971 t=0.37s
Ep 2343: len= 32 白胜 loss=26.6299 temp=1.00 total_env_steps=96003 t=0.33s
Ep 2344: len= 42 白胜 loss=26.5656 temp=1.00 total_env_steps=96045 t=0.38s
Ep 2345: len= 37 黑胜 loss=26.3844 temp=1.00 total_env_steps=96082 t=0.40s
Ep 2346: len= 35 黑胜 loss=26.5425 temp=1.00 total_env_steps=96117 t=0.38s
Ep 2347: len= 28 白胜 loss=26.6143 temp=1.00 total_env_steps=96145 t=0.30s
Ep 2348: len= 39 黑胜 loss=26.3577 temp=1.00 total_env_steps=96184 t=0.42s
Ep 2349: len= 55 黑胜 loss=26.1387 temp=1.00 total_env_steps=96239 t=0.51s
Ep 2350: len= 29 黑胜 loss=26.4060 temp=1.00 total_env_steps=96268 t=0.35s
Ep 2351: len= 50 白胜 loss=26.6523 temp=1.00 total_env_steps=96318 t=0.46s
Ep 2352: len= 34 白胜 loss=26.5675 temp=1.00 total_env_steps=96352 t=0.34s
Ep 2353: len= 56 白胜 loss=26.3058 temp=1.00 total_env_steps=96408 t=0.50s
Ep 2354: len= 53 黑胜 loss=26.1116 temp=1.00 total_env_steps=96461 t=0.47s
Ep 2355: len= 53 黑胜 loss=25.9635 temp=1.00 total_env_steps=96514 t=0.50s
Ep 2356: len= 38 白胜 loss=26.4409 temp=1.00 total_env_steps=96552 t=0.39s
Ep 2357: len= 38 白胜 loss=26.1170 temp=1.00 total_env_steps=96590 t=0.37s
Ep 2358: len= 28 白胜 loss=26.1292 temp=1.00 total_env_steps=96618 t=0.30s
Ep 2359: len= 51 黑胜 loss=26.3098 temp=1.00 total_env_steps=96669 t=0.44s
Ep 2360: len= 59 黑胜 loss=26.2500 temp=1.00 total_env_steps=96728 t=0.53s
Ep 2361: len= 43 黑胜 loss=26.3579 temp=1.00 total_env_steps=96771 t=0.42s
Ep 2362: len= 37 黑胜 loss=26.2060 temp=1.00 total_env_steps=96808 t=0.38s
Ep 2363: len= 46 白胜 loss=26.5002 temp=1.00 total_env_steps=96854 t=0.48s
Ep 2364: len= 50 白胜 loss=26.1408 temp=1.00 total_env_steps=96904 t=0.47s
Ep 2365: len= 37 黑胜 loss=26.5065 temp=1.00 total_env_steps=96941 t=0.37s
Ep 2366: len= 55 黑胜 loss=26.2314 temp=1.00 total_env_steps=96996 t=0.52s
Ep 2367: len= 39 黑胜 loss=26.0855 temp=1.00 total_env_steps=97035 t=0.39s
Ep 2368: len= 34 白胜 loss=26.3597 temp=1.00 total_env_steps=97069 t=0.34s
Ep 2369: len= 55 黑胜 loss=26.3086 temp=1.00 total_env_steps=97124 t=0.53s
Ep 2370: len= 51 黑胜 loss=25.9784 temp=1.00 total_env_steps=97175 t=0.47s
Ep 2371: len= 58 白胜 loss=26.1089 temp=1.00 total_env_steps=97233 t=0.58s
Ep 2372: len= 20 白胜 loss=26.5163 temp=1.00 total_env_steps=97253 t=0.26s
Ep 2373: len= 27 黑胜 loss=26.4371 temp=1.00 total_env_steps=97280 t=0.31s
Ep 2374: len= 37 黑胜 loss=26.4107 temp=1.00 total_env_steps=97317 t=0.38s
Ep 2375: len= 41 黑胜 loss=26.3091 temp=1.00 total_env_steps=97358 t=0.40s
Ep 2376: len= 27 黑胜 loss=26.3012 temp=1.00 total_env_steps=97385 t=0.33s
Ep 2377: len= 41 黑胜 loss=26.2265 temp=1.00 total_env_steps=97426 t=0.42s
Ep 2378: len= 29 黑胜 loss=26.6871 temp=1.00 total_env_steps=97455 t=0.34s
Ep 2379: len= 40 白胜 loss=25.6276 temp=1.00 total_env_steps=97495 t=0.47s
Ep 2380: len= 69 黑胜 loss=26.3123 temp=1.00 total_env_steps=97564 t=0.63s
Ep 2381: len= 41 黑胜 loss=26.2332 temp=1.00 total_env_steps=97605 t=0.40s
Ep 2382: len= 38 白胜 loss=26.2909 temp=1.00 total_env_steps=97643 t=0.37s
Ep 2383: len= 38 白胜 loss=26.1753 temp=1.00 total_env_steps=97681 t=0.37s
Ep 2384: len= 30 白胜 loss=26.8418 temp=1.00 total_env_steps=97711 t=0.34s
Ep 2385: len= 24 白胜 loss=26.0827 temp=1.00 total_env_steps=97735 t=0.28s
Ep 2386: len= 37 黑胜 loss=26.4562 temp=1.00 total_env_steps=97772 t=0.36s
Ep 2387: len= 37 黑胜 loss=26.4347 temp=1.00 total_env_steps=97809 t=0.39s
Ep 2388: len= 67 黑胜 loss=26.5081 temp=1.00 total_env_steps=97876 t=0.61s
Ep 2389: len= 47 黑胜 loss=26.2463 temp=1.00 total_env_steps=97923 t=0.45s
Ep 2390: len= 24 白胜 loss=26.3119 temp=1.00 total_env_steps=97947 t=0.27s
Ep 2391: len= 33 黑胜 loss=26.2359 temp=1.00 total_env_steps=97980 t=0.34s
Ep 2392: len= 36 白胜 loss=26.5930 temp=1.00 total_env_steps=98016 t=0.37s
Ep 2393: len= 33 黑胜 loss=26.2485 temp=1.00 total_env_steps=98049 t=0.35s
Ep 2394: len= 39 黑胜 loss=26.2993 temp=1.00 total_env_steps=98088 t=0.43s
Ep 2395: len= 46 白胜 loss=26.1266 temp=1.00 total_env_steps=98134 t=0.43s
Ep 2396: len= 73 黑胜 loss=26.1329 temp=1.00 total_env_steps=98207 t=0.63s
Ep 2397: len= 55 黑胜 loss=26.3952 temp=1.00 total_env_steps=98262 t=0.51s
Ep 2398: len= 29 黑胜 loss=26.2722 temp=1.00 total_env_steps=98291 t=0.38s
Ep 2399: len= 72 白胜 loss=26.2122 temp=1.00 total_env_steps=98363 t=0.61s
Ep 2400: len= 37 黑胜 loss=26.4218 temp=1.00 total_env_steps=98400 t=0.43s
Ep 2401: len= 37 黑胜 loss=26.4574 temp=1.00 total_env_steps=98437 t=0.39s
Ep 2402: len= 33 黑胜 loss=26.3912 temp=1.00 total_env_steps=98470 t=0.34s
Ep 2403: len= 55 黑胜 loss=26.5766 temp=1.00 total_env_steps=98525 t=0.51s
Ep 2404: len= 65 黑胜 loss=26.3580 temp=1.00 total_env_steps=98590 t=0.55s
Ep 2405: len= 37 黑胜 loss=26.3719 temp=1.00 total_env_steps=98627 t=0.38s
Ep 2406: len= 23 黑胜 loss=26.1658 temp=1.00 total_env_steps=98650 t=0.26s
Ep 2407: len= 35 黑胜 loss=26.0820 temp=1.00 total_env_steps=98685 t=0.40s
Ep 2408: len= 36 白胜 loss=26.0578 temp=1.00 total_env_steps=98721 t=0.34s
Ep 2409: len= 56 白胜 loss=26.2209 temp=1.00 total_env_steps=98777 t=0.50s
Ep 2410: len= 37 黑胜 loss=26.1625 temp=1.00 total_env_steps=98814 t=0.39s
Ep 2411: len= 42 白胜 loss=26.2030 temp=1.00 total_env_steps=98856 t=0.44s
Ep 2412: len= 49 黑胜 loss=26.4206 temp=1.00 total_env_steps=98905 t=0.48s
Ep 2413: len= 38 白胜 loss=25.7906 temp=1.00 total_env_steps=98943 t=0.37s
Ep 2414: len= 45 黑胜 loss=26.2881 temp=1.00 total_env_steps=98988 t=0.43s
Ep 2415: len= 47 黑胜 loss=26.6546 temp=1.00 total_env_steps=99035 t=0.44s
Ep 2416: len= 38 白胜 loss=26.2379 temp=1.00 total_env_steps=99073 t=0.39s
Ep 2417: len= 44 白胜 loss=26.1921 temp=1.00 total_env_steps=99117 t=0.45s
Ep 2418: len= 31 黑胜 loss=26.0473 temp=1.00 total_env_steps=99148 t=0.33s
Ep 2419: len= 37 黑胜 loss=26.3130 temp=1.00 total_env_steps=99185 t=0.36s
Ep 2420: len= 22 白胜 loss=25.8046 temp=1.00 total_env_steps=99207 t=0.28s
Ep 2421: len= 41 黑胜 loss=26.3444 temp=1.00 total_env_steps=99248 t=0.41s
Ep 2422: len= 41 黑胜 loss=26.1174 temp=1.00 total_env_steps=99289 t=0.42s
Ep 2423: len= 35 黑胜 loss=25.7905 temp=1.00 total_env_steps=99324 t=0.37s
Ep 2424: len= 45 黑胜 loss=26.2744 temp=1.00 total_env_steps=99369 t=0.45s
Ep 2425: len= 39 黑胜 loss=25.8043 temp=1.00 total_env_steps=99408 t=0.40s
Ep 2426: len= 37 黑胜 loss=26.3381 temp=1.00 total_env_steps=99445 t=0.40s
Ep 2427: len= 53 黑胜 loss=26.0324 temp=1.00 total_env_steps=99498 t=0.48s
Ep 2428: len= 38 白胜 loss=26.1533 temp=1.00 total_env_steps=99536 t=0.39s
Ep 2429: len= 33 黑胜 loss=25.9673 temp=1.00 total_env_steps=99569 t=0.35s
Ep 2430: len= 38 白胜 loss=26.1512 temp=1.00 total_env_steps=99607 t=0.40s
Ep 2431: len= 47 黑胜 loss=26.1005 temp=1.00 total_env_steps=99654 t=0.46s
Ep 2432: len= 32 白胜 loss=26.5447 temp=1.00 total_env_steps=99686 t=0.33s
Ep 2433: len= 35 黑胜 loss=26.2392 temp=1.00 total_env_steps=99721 t=0.38s
Ep 2434: len= 25 黑胜 loss=26.6983 temp=1.00 total_env_steps=99746 t=0.30s
Ep 2435: len= 42 白胜 loss=26.4408 temp=1.00 total_env_steps=99788 t=0.43s
Ep 2436: len= 69 黑胜 loss=26.5093 temp=1.00 total_env_steps=99857 t=0.57s
Ep 2437: len= 76 白胜 loss=26.4184 temp=1.00 total_env_steps=99933 t=0.63s
Ep 2438: len= 44 白胜 loss=26.3817 temp=1.00 total_env_steps=99977 t=0.40s
Ep 2439: len= 42 白胜 loss=26.4188 temp=1.00 total_env_steps=100019 t=0.39s
Ep 2440: len= 44 白胜 loss=26.3151 temp=1.00 total_env_steps=100063 t=0.42s
Ep 2441: len= 45 黑胜 loss=26.6024 temp=1.00 total_env_steps=100108 t=0.42s
Ep 2442: len= 52 白胜 loss=25.9205 temp=1.00 total_env_steps=100160 t=0.47s
Ep 2443: len= 45 黑胜 loss=26.2251 temp=1.00 total_env_steps=100205 t=0.43s
Ep 2444: len= 51 黑胜 loss=25.9965 temp=1.00 total_env_steps=100256 t=0.47s
Ep 2445: len= 23 黑胜 loss=25.9858 temp=1.00 total_env_steps=100279 t=0.27s
Ep 2446: len= 57 黑胜 loss=26.6626 temp=1.00 total_env_steps=100336 t=0.51s
Ep 2447: len= 37 黑胜 loss=26.5788 temp=1.00 total_env_steps=100373 t=0.37s
Ep 2448: len= 42 白胜 loss=26.4208 temp=1.00 total_env_steps=100415 t=0.46s
Ep 2449: len= 27 黑胜 loss=26.1733 temp=1.00 total_env_steps=100442 t=0.30s
Ep 2450: len= 28 白胜 loss=26.1680 temp=1.00 total_env_steps=100470 t=0.33s
Ep 2451: len= 37 黑胜 loss=26.3620 temp=1.00 total_env_steps=100507 t=0.38s
Ep 2452: len= 30 白胜 loss=25.8044 temp=1.00 total_env_steps=100537 t=0.33s
Ep 2453: len= 39 黑胜 loss=26.3787 temp=1.00 total_env_steps=100576 t=0.41s
Ep 2454: len= 42 白胜 loss=26.0789 temp=1.00 total_env_steps=100618 t=0.43s
Ep 2455: len= 41 黑胜 loss=25.6584 temp=1.00 total_env_steps=100659 t=0.38s
Ep 2456: len= 25 黑胜 loss=25.8794 temp=1.00 total_env_steps=100684 t=0.28s
Ep 2457: len= 58 白胜 loss=26.4901 temp=1.00 total_env_steps=100742 t=0.49s
Ep 2458: len= 38 白胜 loss=25.9788 temp=1.00 total_env_steps=100780 t=0.40s
Ep 2459: len= 52 白胜 loss=26.1263 temp=1.00 total_env_steps=100832 t=0.48s
Ep 2460: len= 43 黑胜 loss=26.4941 temp=1.00 total_env_steps=100875 t=0.44s
Ep 2461: len= 81 平局 loss=26.3087 temp=1.00 total_env_steps=100956 t=0.73s
Ep 2462: len= 48 白胜 loss=26.0936 temp=1.00 total_env_steps=101004 t=0.45s
Ep 2463: len= 21 黑胜 loss=26.0104 temp=1.00 total_env_steps=101025 t=0.32s
Ep 2464: len= 33 黑胜 loss=26.5284 temp=1.00 total_env_steps=101058 t=0.35s
Ep 2465: len= 44 白胜 loss=25.9185 temp=1.00 total_env_steps=101102 t=0.45s
Ep 2466: len= 24 白胜 loss=26.2463 temp=1.00 total_env_steps=101126 t=0.29s
Ep 2467: len= 36 白胜 loss=26.2105 temp=1.00 total_env_steps=101162 t=0.36s
Ep 2468: len= 48 白胜 loss=26.2969 temp=1.00 total_env_steps=101210 t=0.53s
Ep 2469: len= 45 黑胜 loss=26.4134 temp=1.00 total_env_steps=101255 t=0.43s
Ep 2470: len= 52 白胜 loss=26.3171 temp=1.00 total_env_steps=101307 t=0.47s
Ep 2471: len= 34 白胜 loss=26.4844 temp=1.00 total_env_steps=101341 t=0.36s
Ep 2472: len= 45 黑胜 loss=26.3182 temp=1.00 total_env_steps=101386 t=0.42s
Ep 2473: len= 34 白胜 loss=26.2849 temp=1.00 total_env_steps=101420 t=0.40s
Ep 2474: len= 46 白胜 loss=26.6410 temp=1.00 total_env_steps=101466 t=0.45s
Ep 2475: len= 25 黑胜 loss=26.1089 temp=1.00 total_env_steps=101491 t=0.32s
Ep 2476: len= 40 白胜 loss=26.2802 temp=1.00 total_env_steps=101531 t=0.40s
Ep 2477: len= 41 黑胜 loss=26.2759 temp=1.00 total_env_steps=101572 t=0.37s
Ep 2478: len= 53 黑胜 loss=26.4435 temp=1.00 total_env_steps=101625 t=0.48s
Ep 2479: len= 33 黑胜 loss=26.1609 temp=1.00 total_env_steps=101658 t=0.35s
Ep 2480: len= 24 白胜 loss=26.4503 temp=1.00 total_env_steps=101682 t=0.28s
Ep 2481: len= 39 黑胜 loss=26.5066 temp=1.00 total_env_steps=101721 t=0.66s
Ep 2482: len= 34 白胜 loss=26.2631 temp=1.00 total_env_steps=101755 t=0.66s
Ep 2483: len= 69 黑胜 loss=26.3526 temp=1.00 total_env_steps=101824 t=0.88s
Ep 2484: len= 25 黑胜 loss=25.4799 temp=1.00 total_env_steps=101849 t=0.57s
Ep 2485: len= 27 黑胜 loss=26.5619 temp=1.00 total_env_steps=101876 t=0.58s
Ep 2486: len= 51 黑胜 loss=26.5517 temp=1.00 total_env_steps=101927 t=0.71s
Ep 2487: len= 38 白胜 loss=26.4421 temp=1.00 total_env_steps=101965 t=0.64s
Ep 2488: len= 44 白胜 loss=26.0679 temp=1.00 total_env_steps=102009 t=0.76s
Ep 2489: len= 43 黑胜 loss=25.9434 temp=1.00 total_env_steps=102052 t=0.77s
Ep 2490: len= 36 白胜 loss=26.1835 temp=1.00 total_env_steps=102088 t=0.67s
Ep 2491: len= 50 白胜 loss=26.0281 temp=1.00 total_env_steps=102138 t=0.72s
Ep 2492: len= 30 白胜 loss=26.0729 temp=1.00 total_env_steps=102168 t=0.59s
Ep 2493: len= 43 黑胜 loss=26.1870 temp=1.00 total_env_steps=102211 t=0.67s
Ep 2494: len= 31 黑胜 loss=26.5612 temp=1.00 total_env_steps=102242 t=0.62s
Ep 2495: len= 33 黑胜 loss=26.4622 temp=1.00 total_env_steps=102275 t=0.72s
Ep 2496: len= 47 黑胜 loss=26.2460 temp=1.00 total_env_steps=102322 t=0.72s
Ep 2497: len= 21 黑胜 loss=26.2237 temp=1.00 total_env_steps=102343 t=0.55s
Ep 2498: len= 57 黑胜 loss=25.9278 temp=1.00 total_env_steps=102400 t=0.83s
Ep 2499: len= 41 黑胜 loss=26.1826 temp=1.00 total_env_steps=102441 t=0.68s
Ep 2500: len= 40 白胜 loss=26.4335 temp=1.00 total_env_steps=102481 t=0.65s
  eval vs Gomoku-random-v0: win_rate=1.00 mean_return=1.00（20 局，total_env_steps=102481）
  📸 已拍权重快照（ep=2500，gating 对弈基准）
Ep 2501: len= 46 白胜 loss=25.7433 temp=1.00 total_env_steps=102527 t=0.68s
Ep 2502: len= 70 白胜 loss=25.9765 temp=1.00 total_env_steps=102597 t=0.86s
Ep 2503: len= 36 白胜 loss=26.4324 temp=1.00 total_env_steps=102633 t=0.66s
Ep 2504: len= 20 白胜 loss=26.3727 temp=1.00 total_env_steps=102653 t=0.53s
Ep 2505: len= 55 黑胜 loss=26.3628 temp=1.00 total_env_steps=102708 t=0.77s
Ep 2506: len= 38 白胜 loss=26.4400 temp=1.00 total_env_steps=102746 t=0.63s
Ep 2507: len= 32 白胜 loss=26.4347 temp=1.00 total_env_steps=102778 t=0.60s
Ep 2508: len= 40 白胜 loss=26.3213 temp=1.00 total_env_steps=102818 t=0.65s
Ep 2509: len= 27 黑胜 loss=26.1478 temp=1.00 total_env_steps=102845 t=0.54s
Ep 2510: len= 65 黑胜 loss=26.4600 temp=1.00 total_env_steps=102910 t=0.80s
Ep 2511: len= 53 黑胜 loss=26.1196 temp=1.00 total_env_steps=102963 t=0.74s
Ep 2512: len= 43 黑胜 loss=26.2001 temp=1.00 total_env_steps=103006 t=0.65s
Ep 2513: len= 39 黑胜 loss=26.1795 temp=1.00 total_env_steps=103045 t=0.60s
Ep 2514: len= 58 白胜 loss=26.1820 temp=1.00 total_env_steps=103103 t=0.77s
Ep 2515: len= 35 黑胜 loss=25.9308 temp=1.00 total_env_steps=103138 t=0.59s
Ep 2516: len= 37 黑胜 loss=26.4319 temp=1.00 total_env_steps=103175 t=0.60s
Ep 2517: len= 31 黑胜 loss=26.1002 temp=1.00 total_env_steps=103206 t=0.58s
Ep 2518: len= 37 黑胜 loss=25.8699 temp=1.00 total_env_steps=103243 t=0.60s
Ep 2519: len= 34 白胜 loss=26.2789 temp=1.00 total_env_steps=103277 t=0.60s
Ep 2520: len= 39 黑胜 loss=26.1460 temp=1.00 total_env_steps=103316 t=0.63s
Ep 2521: len= 64 白胜 loss=26.6597 temp=1.00 total_env_steps=103380 t=0.76s
Ep 2522: len= 39 黑胜 loss=26.3962 temp=1.00 total_env_steps=103419 t=0.63s
Ep 2523: len= 57 黑胜 loss=26.1912 temp=1.00 total_env_steps=103476 t=0.76s
Ep 2524: len= 33 黑胜 loss=26.1406 temp=1.00 total_env_steps=103509 t=0.58s
Ep 2525: len= 63 黑胜 loss=26.2111 temp=1.00 total_env_steps=103572 t=0.80s
Ep 2526: len= 51 黑胜 loss=26.1971 temp=1.00 total_env_steps=103623 t=0.77s
Ep 2527: len= 36 白胜 loss=26.1032 temp=1.00 total_env_steps=103659 t=0.58s
Ep 2528: len= 54 白胜 loss=25.9843 temp=1.00 total_env_steps=103713 t=0.70s
Ep 2529: len= 39 黑胜 loss=26.5228 temp=1.00 total_env_steps=103752 t=0.62s
Ep 2530: len= 23 黑胜 loss=26.0686 temp=1.00 total_env_steps=103775 t=0.55s
Ep 2531: len= 73 黑胜 loss=26.1218 temp=1.00 total_env_steps=103848 t=0.88s
Ep 2532: len= 42 白胜 loss=26.6237 temp=1.00 total_env_steps=103890 t=0.63s
Ep 2533: len= 31 黑胜 loss=26.2948 temp=1.00 total_env_steps=103921 t=0.58s
Ep 2534: len= 56 白胜 loss=27.1011 temp=1.00 total_env_steps=103977 t=0.78s
Ep 2535: len= 39 黑胜 loss=26.4741 temp=1.00 total_env_steps=104016 t=0.62s
Ep 2536: len= 51 黑胜 loss=26.1445 temp=1.00 total_env_steps=104067 t=0.70s
Ep 2537: len= 28 白胜 loss=26.6357 temp=1.00 total_env_steps=104095 t=0.53s
Ep 2538: len= 37 黑胜 loss=26.5268 temp=1.00 total_env_steps=104132 t=0.63s
Ep 2539: len= 36 白胜 loss=26.1519 temp=1.00 total_env_steps=104168 t=0.59s
Ep 2540: len= 50 白胜 loss=25.6599 temp=1.00 total_env_steps=104218 t=0.68s
Ep 2541: len= 46 白胜 loss=26.2042 temp=1.00 total_env_steps=104264 t=0.64s
Ep 2542: len= 33 黑胜 loss=26.5057 temp=1.00 total_env_steps=104297 t=0.59s
Ep 2543: len= 61 黑胜 loss=26.0486 temp=1.00 total_env_steps=104358 t=0.75s
Ep 2544: len= 43 黑胜 loss=26.2140 temp=1.00 total_env_steps=104401 t=0.64s
Ep 2545: len= 46 白胜 loss=26.2232 temp=1.00 total_env_steps=104447 t=0.66s
Ep 2546: len= 35 黑胜 loss=26.1944 temp=1.00 total_env_steps=104482 t=0.58s
Ep 2547: len= 33 黑胜 loss=26.6272 temp=1.00 total_env_steps=104515 t=0.57s
Ep 2548: len= 38 白胜 loss=26.1834 temp=1.00 total_env_steps=104553 t=0.61s
Ep 2549: len= 29 黑胜 loss=26.1274 temp=1.00 total_env_steps=104582 t=0.55s
Ep 2550: len= 53 黑胜 loss=26.5129 temp=1.00 total_env_steps=104635 t=0.71s
Ep 2551: len= 33 黑胜 loss=26.1754 temp=1.00 total_env_steps=104668 t=0.56s
Ep 2552: len= 30 白胜 loss=26.2534 temp=1.00 total_env_steps=104698 t=0.61s
Ep 2553: len= 52 白胜 loss=26.0504 temp=1.00 total_env_steps=104750 t=0.70s
Ep 2554: len= 70 白胜 loss=26.4283 temp=1.00 total_env_steps=104820 t=0.79s
Ep 2555: len= 33 黑胜 loss=26.2280 temp=1.00 total_env_steps=104853 t=0.57s
Ep 2556: len= 36 白胜 loss=25.8177 temp=1.00 total_env_steps=104889 t=0.61s
Ep 2557: len= 31 黑胜 loss=26.5253 temp=1.00 total_env_steps=104920 t=0.57s
Ep 2558: len= 42 白胜 loss=25.8299 temp=1.00 total_env_steps=104962 t=0.63s
Ep 2559: len= 38 白胜 loss=26.2952 temp=1.00 total_env_steps=105000 t=0.61s
Ep 2560: len= 50 白胜 loss=26.2043 temp=1.00 total_env_steps=105050 t=0.67s
Ep 2561: len= 53 黑胜 loss=26.1405 temp=1.00 total_env_steps=105103 t=0.70s
Ep 2562: len= 43 黑胜 loss=26.3377 temp=1.00 total_env_steps=105146 t=0.63s
Ep 2563: len= 53 黑胜 loss=26.5035 temp=1.00 total_env_steps=105199 t=0.70s
Ep 2564: len= 43 黑胜 loss=25.8251 temp=1.00 total_env_steps=105242 t=0.66s
Ep 2565: len= 23 黑胜 loss=26.1746 temp=1.00 total_env_steps=105265 t=0.56s
Ep 2566: len= 44 白胜 loss=26.1109 temp=1.00 total_env_steps=105309 t=0.66s
Ep 2567: len= 31 黑胜 loss=26.3803 temp=1.00 total_env_steps=105340 t=0.58s
Ep 2568: len= 48 白胜 loss=26.3520 temp=1.00 total_env_steps=105388 t=0.72s
Ep 2569: len= 44 白胜 loss=26.3510 temp=1.00 total_env_steps=105432 t=0.66s
Ep 2570: len= 46 白胜 loss=25.7929 temp=1.00 total_env_steps=105478 t=0.67s
Ep 2571: len= 39 黑胜 loss=26.0973 temp=1.00 total_env_steps=105517 t=0.64s
Ep 2572: len= 42 白胜 loss=26.1398 temp=1.00 total_env_steps=105559 t=0.68s
Ep 2573: len= 22 白胜 loss=26.7847 temp=1.00 total_env_steps=105581 t=0.53s
Ep 2574: len= 19 黑胜 loss=26.3136 temp=1.00 total_env_steps=105600 t=0.51s
Ep 2575: len= 50 白胜 loss=25.8578 temp=1.00 total_env_steps=105650 t=0.69s
Ep 2576: len= 33 黑胜 loss=26.5526 temp=1.00 total_env_steps=105683 t=0.57s
Ep 2577: len= 42 白胜 loss=26.2534 temp=1.00 total_env_steps=105725 t=0.64s
Ep 2578: len= 40 白胜 loss=26.6014 temp=1.00 total_env_steps=105765 t=0.64s
Ep 2579: len= 30 白胜 loss=26.4855 temp=1.00 total_env_steps=105795 t=0.56s
Ep 2580: len= 35 黑胜 loss=26.1721 temp=1.00 total_env_steps=105830 t=0.58s
Ep 2581: len= 40 白胜 loss=26.3586 temp=1.00 total_env_steps=105870 t=0.62s
Ep 2582: len= 26 白胜 loss=26.8226 temp=1.00 total_env_steps=105896 t=0.54s
Ep 2583: len= 51 黑胜 loss=26.2950 temp=1.00 total_env_steps=105947 t=0.77s
Ep 2584: len= 51 黑胜 loss=26.2564 temp=1.00 total_env_steps=105998 t=0.71s
Ep 2585: len= 23 黑胜 loss=26.1703 temp=1.00 total_env_steps=106021 t=0.55s
Ep 2586: len= 45 黑胜 loss=26.2238 temp=1.00 total_env_steps=106066 t=0.70s
Ep 2587: len= 25 黑胜 loss=26.3165 temp=1.00 total_env_steps=106091 t=0.55s
Ep 2588: len= 37 黑胜 loss=26.0989 temp=1.00 total_env_steps=106128 t=0.61s
Ep 2589: len= 38 白胜 loss=26.2593 temp=1.00 total_env_steps=106166 t=0.63s
Ep 2590: len= 41 黑胜 loss=25.9152 temp=1.00 total_env_steps=106207 t=0.64s
Ep 2591: len= 46 白胜 loss=26.5997 temp=1.00 total_env_steps=106253 t=0.71s
Ep 2592: len= 39 黑胜 loss=26.5453 temp=1.00 total_env_steps=106292 t=0.64s
Ep 2593: len= 36 白胜 loss=26.1488 temp=1.00 total_env_steps=106328 t=0.61s
Ep 2594: len= 46 白胜 loss=26.0016 temp=1.00 total_env_steps=106374 t=0.69s
Ep 2595: len= 37 黑胜 loss=26.3963 temp=1.00 total_env_steps=106411 t=0.65s
Ep 2596: len= 18 白胜 loss=26.2724 temp=1.00 total_env_steps=106429 t=0.54s
Ep 2597: len= 36 白胜 loss=26.2362 temp=1.00 total_env_steps=106465 t=0.61s
Ep 2598: len= 33 黑胜 loss=26.5693 temp=1.00 total_env_steps=106498 t=0.58s
Ep 2599: len= 62 白胜 loss=26.2473 temp=1.00 total_env_steps=106560 t=0.78s
Ep 2600: len= 46 白胜 loss=26.2519 temp=1.00 total_env_steps=106606 t=0.72s
Ep 2601: len= 57 黑胜 loss=26.5404 temp=1.00 total_env_steps=106663 t=0.74s
Ep 2602: len= 47 黑胜 loss=26.5893 temp=1.00 total_env_steps=106710 t=0.70s
Ep 2603: len= 25 黑胜 loss=25.8794 temp=1.00 total_env_steps=106735 t=0.55s
Ep 2604: len= 41 黑胜 loss=26.3239 temp=1.00 total_env_steps=106776 t=0.68s
Ep 2605: len= 32 白胜 loss=26.7439 temp=1.00 total_env_steps=106808 t=0.56s
Ep 2606: len= 63 黑胜 loss=26.3527 temp=1.00 total_env_steps=106871 t=0.75s
Ep 2607: len= 51 黑胜 loss=26.2874 temp=1.00 total_env_steps=106922 t=0.70s
Ep 2608: len= 53 黑胜 loss=26.4712 temp=1.00 total_env_steps=106975 t=0.75s
Ep 2609: len= 47 黑胜 loss=26.1939 temp=1.00 total_env_steps=107022 t=0.67s
Ep 2610: len= 45 黑胜 loss=26.3087 temp=1.00 total_env_steps=107067 t=0.65s
Ep 2611: len= 26 白胜 loss=26.1276 temp=1.00 total_env_steps=107093 t=0.54s
Ep 2612: len= 33 黑胜 loss=26.1882 temp=1.00 total_env_steps=107126 t=0.58s
Ep 2613: len= 35 黑胜 loss=26.6596 temp=1.00 total_env_steps=107161 t=0.58s
Ep 2614: len= 21 黑胜 loss=26.4692 temp=1.00 total_env_steps=107182 t=0.54s
Ep 2615: len= 32 白胜 loss=26.2561 temp=1.00 total_env_steps=107214 t=0.59s
Ep 2616: len= 33 黑胜 loss=26.4455 temp=1.00 total_env_steps=107247 t=0.60s
Ep 2617: len= 35 黑胜 loss=26.2937 temp=1.00 total_env_steps=107282 t=0.57s
Ep 2618: len= 28 白胜 loss=26.2741 temp=1.00 total_env_steps=107310 t=0.54s
Ep 2619: len= 46 白胜 loss=26.4625 temp=1.00 total_env_steps=107356 t=0.65s
Ep 2620: len= 46 白胜 loss=26.0669 temp=1.00 total_env_steps=107402 t=0.66s
Ep 2621: len= 45 黑胜 loss=26.4693 temp=1.00 total_env_steps=107447 t=0.67s
Ep 2622: len= 44 白胜 loss=26.5521 temp=1.00 total_env_steps=107491 t=0.68s
Ep 2623: len= 27 黑胜 loss=26.4884 temp=1.00 total_env_steps=107518 t=0.56s
Ep 2624: len= 32 白胜 loss=26.7149 temp=1.00 total_env_steps=107550 t=0.59s
Ep 2625: len= 20 白胜 loss=26.2798 temp=1.00 total_env_steps=107570 t=0.48s
Ep 2626: len= 23 黑胜 loss=25.9943 temp=1.00 total_env_steps=107593 t=0.52s
Ep 2627: len= 27 黑胜 loss=26.1643 temp=1.00 total_env_steps=107620 t=0.56s
Ep 2628: len= 27 黑胜 loss=26.2896 temp=1.00 total_env_steps=107647 t=0.53s
Ep 2629: len= 30 白胜 loss=25.7044 temp=1.00 total_env_steps=107677 t=0.56s
Ep 2630: len= 67 黑胜 loss=26.1547 temp=1.00 total_env_steps=107744 t=0.85s
Ep 2631: len= 31 黑胜 loss=25.8906 temp=1.00 total_env_steps=107775 t=0.56s
Ep 2632: len= 61 黑胜 loss=26.8860 temp=1.00 total_env_steps=107836 t=0.75s
Ep 2633: len= 32 白胜 loss=26.4866 temp=1.00 total_env_steps=107868 t=0.56s
Ep 2634: len= 49 黑胜 loss=25.9903 temp=1.00 total_env_steps=107917 t=0.71s
Ep 2635: len= 30 白胜 loss=25.9044 temp=1.00 total_env_steps=107947 t=0.58s
Ep 2636: len= 40 白胜 loss=26.5875 temp=1.00 total_env_steps=107987 t=0.61s
Ep 2637: len= 39 黑胜 loss=25.9859 temp=1.00 total_env_steps=108026 t=0.62s
Ep 2638: len= 43 黑胜 loss=26.4208 temp=1.00 total_env_steps=108069 t=0.63s
Ep 2639: len= 47 黑胜 loss=26.4268 temp=1.00 total_env_steps=108116 t=0.71s
Ep 2640: len= 40 白胜 loss=26.4064 temp=1.00 total_env_steps=108156 t=0.62s
Ep 2641: len= 35 黑胜 loss=26.0318 temp=1.00 total_env_steps=108191 t=0.60s
Ep 2642: len= 31 黑胜 loss=25.9135 temp=1.00 total_env_steps=108222 t=0.56s
Ep 2643: len= 38 白胜 loss=26.1071 temp=1.00 total_env_steps=108260 t=0.63s
Ep 2644: len= 42 白胜 loss=25.9834 temp=1.00 total_env_steps=108302 t=0.62s
Ep 2645: len= 67 黑胜 loss=26.2592 temp=1.00 total_env_steps=108369 t=0.79s
Ep 2646: len= 62 白胜 loss=26.0687 temp=1.00 total_env_steps=108431 t=0.77s
Ep 2647: len= 36 白胜 loss=26.2702 temp=1.00 total_env_steps=108467 t=0.58s
Ep 2648: len= 44 白胜 loss=26.0017 temp=1.00 total_env_steps=108511 t=0.66s
Ep 2649: len= 44 白胜 loss=26.3327 temp=1.00 total_env_steps=108555 t=0.65s
Ep 2650: len= 23 黑胜 loss=26.6520 temp=1.00 total_env_steps=108578 t=0.53s
Ep 2651: len= 31 黑胜 loss=26.3030 temp=1.00 total_env_steps=108609 t=0.58s
Ep 2652: len= 32 白胜 loss=25.8860 temp=1.00 total_env_steps=108641 t=0.57s
Ep 2653: len= 54 白胜 loss=26.2383 temp=1.00 total_env_steps=108695 t=0.71s
Ep 2654: len= 52 白胜 loss=26.4950 temp=1.00 total_env_steps=108747 t=0.71s
Ep 2655: len= 39 黑胜 loss=26.1022 temp=1.00 total_env_steps=108786 t=0.64s
Ep 2656: len= 26 白胜 loss=26.2212 temp=1.00 total_env_steps=108812 t=0.56s
Ep 2657: len= 38 白胜 loss=26.6497 temp=1.00 total_env_steps=108850 t=0.64s
Ep 2658: len= 51 黑胜 loss=26.6495 temp=1.00 total_env_steps=108901 t=0.45s
Ep 2659: len= 41 黑胜 loss=26.2243 temp=1.00 total_env_steps=108942 t=0.40s
Ep 2660: len= 48 白胜 loss=26.4594 temp=1.00 total_env_steps=108990 t=0.42s
Ep 2661: len= 29 黑胜 loss=26.0022 temp=1.00 total_env_steps=109019 t=0.31s
Ep 2662: len= 33 黑胜 loss=26.1858 temp=1.00 total_env_steps=109052 t=0.32s
Ep 2663: len= 43 黑胜 loss=26.2975 temp=1.00 total_env_steps=109095 t=0.37s
Ep 2664: len= 32 白胜 loss=26.4663 temp=1.00 total_env_steps=109127 t=0.32s
Ep 2665: len= 50 白胜 loss=26.4661 temp=1.00 total_env_steps=109177 t=0.41s
Ep 2666: len= 36 白胜 loss=26.3276 temp=1.00 total_env_steps=109213 t=0.33s
Ep 2667: len= 52 白胜 loss=26.2400 temp=1.00 total_env_steps=109265 t=0.41s
Ep 2668: len= 29 黑胜 loss=26.8535 temp=1.00 total_env_steps=109294 t=0.30s
Ep 2669: len= 76 白胜 loss=26.5494 temp=1.00 total_env_steps=109370 t=0.59s
Ep 2670: len= 59 黑胜 loss=26.0083 temp=1.00 total_env_steps=109429 t=0.49s
Ep 2671: len= 36 白胜 loss=26.1720 temp=1.00 total_env_steps=109465 t=0.32s
Ep 2672: len= 39 黑胜 loss=26.3313 temp=1.00 total_env_steps=109504 t=0.38s
Ep 2673: len= 40 白胜 loss=26.2941 temp=1.00 total_env_steps=109544 t=0.36s
Ep 2674: len= 49 黑胜 loss=26.5536 temp=1.00 total_env_steps=109593 t=0.43s
Ep 2675: len= 48 白胜 loss=26.2089 temp=1.00 total_env_steps=109641 t=0.42s
Ep 2676: len= 33 黑胜 loss=26.2260 temp=1.00 total_env_steps=109674 t=0.32s
Ep 2677: len= 42 白胜 loss=26.0442 temp=1.00 total_env_steps=109716 t=0.37s
Ep 2678: len= 31 黑胜 loss=26.6211 temp=1.00 total_env_steps=109747 t=0.30s
Ep 2679: len= 30 白胜 loss=26.2358 temp=1.00 total_env_steps=109777 t=0.31s
Ep 2680: len= 26 白胜 loss=26.1569 temp=1.00 total_env_steps=109803 t=0.29s
Ep 2681: len= 38 白胜 loss=26.3078 temp=1.00 total_env_steps=109841 t=0.37s
Ep 2682: len= 35 黑胜 loss=26.5349 temp=1.00 total_env_steps=109876 t=0.37s
Ep 2683: len= 35 黑胜 loss=26.3223 temp=1.00 total_env_steps=109911 t=0.32s
Ep 2684: len= 47 黑胜 loss=26.1638 temp=1.00 total_env_steps=109958 t=0.40s
Ep 2685: len= 34 白胜 loss=26.2129 temp=1.00 total_env_steps=109992 t=0.32s
Ep 2686: len= 45 黑胜 loss=26.3261 temp=1.00 total_env_steps=110037 t=0.39s
Ep 2687: len= 44 白胜 loss=26.2183 temp=1.00 total_env_steps=110081 t=0.36s
Ep 2688: len= 42 白胜 loss=26.4724 temp=1.00 total_env_steps=110123 t=0.37s
Ep 2689: len= 40 白胜 loss=26.3314 temp=1.00 total_env_steps=110163 t=0.37s
Ep 2690: len= 34 白胜 loss=26.3336 temp=1.00 total_env_steps=110197 t=0.33s
Ep 2691: len= 53 黑胜 loss=26.1192 temp=1.00 total_env_steps=110250 t=0.44s
Ep 2692: len= 45 黑胜 loss=25.8758 temp=1.00 total_env_steps=110295 t=0.38s
Ep 2693: len= 38 白胜 loss=26.6075 temp=1.00 total_env_steps=110333 t=0.34s
Ep 2694: len= 45 黑胜 loss=26.4140 temp=1.00 total_env_steps=110378 t=0.39s
Ep 2695: len= 38 白胜 loss=26.2522 temp=1.00 total_env_steps=110416 t=0.35s
Ep 2696: len= 32 白胜 loss=26.1527 temp=1.00 total_env_steps=110448 t=0.31s
Ep 2697: len= 44 白胜 loss=26.5476 temp=1.00 total_env_steps=110492 t=0.37s
Ep 2698: len= 32 白胜 loss=26.3135 temp=1.00 total_env_steps=110524 t=0.30s
Ep 2699: len= 33 黑胜 loss=26.4146 temp=1.00 total_env_steps=110557 t=0.32s
Ep 2700: len= 33 黑胜 loss=26.1904 temp=1.00 total_env_steps=110590 t=0.37s
Ep 2701: len= 39 黑胜 loss=26.3325 temp=1.00 total_env_steps=110629 t=0.35s
Ep 2702: len= 31 黑胜 loss=26.2204 temp=1.00 total_env_steps=110660 t=0.30s
Ep 2703: len= 42 白胜 loss=26.4100 temp=1.00 total_env_steps=110702 t=0.37s
Ep 2704: len= 47 黑胜 loss=26.3844 temp=1.00 total_env_steps=110749 t=0.39s
Ep 2705: len= 50 白胜 loss=25.9864 temp=1.00 total_env_steps=110799 t=0.39s
Ep 2706: len= 54 白胜 loss=26.5015 temp=1.00 total_env_steps=110853 t=0.46s
Ep 2707: len= 44 白胜 loss=26.4871 temp=1.00 total_env_steps=110897 t=0.40s
Ep 2708: len= 39 黑胜 loss=26.4020 temp=1.00 total_env_steps=110936 t=0.32s
Ep 2709: len= 29 黑胜 loss=26.2287 temp=1.00 total_env_steps=110965 t=0.30s
Ep 2710: len= 54 白胜 loss=26.1934 temp=1.00 total_env_steps=111019 t=0.42s
Ep 2711: len= 40 白胜 loss=26.1904 temp=1.00 total_env_steps=111059 t=0.37s
Ep 2712: len= 52 白胜 loss=26.2944 temp=1.00 total_env_steps=111111 t=0.40s
Ep 2713: len= 39 黑胜 loss=26.1811 temp=1.00 total_env_steps=111150 t=0.35s
Ep 2714: len= 37 黑胜 loss=26.5120 temp=1.00 total_env_steps=111187 t=0.36s
Ep 2715: len= 31 黑胜 loss=26.7435 temp=1.00 total_env_steps=111218 t=0.31s
Ep 2716: len= 28 白胜 loss=26.0631 temp=1.00 total_env_steps=111246 t=0.30s
Ep 2717: len= 25 黑胜 loss=26.7093 temp=1.00 total_env_steps=111271 t=0.28s
Ep 2718: len= 53 黑胜 loss=26.4403 temp=1.00 total_env_steps=111324 t=0.43s
Ep 2719: len= 36 白胜 loss=26.2973 temp=1.00 total_env_steps=111360 t=0.32s
Ep 2720: len= 50 白胜 loss=26.2113 temp=1.00 total_env_steps=111410 t=0.45s
Ep 2721: len= 33 黑胜 loss=26.0069 temp=1.00 total_env_steps=111443 t=0.32s
Ep 2722: len= 40 白胜 loss=26.4220 temp=1.00 total_env_steps=111483 t=0.37s
Ep 2723: len= 27 黑胜 loss=25.9220 temp=1.00 total_env_steps=111510 t=0.29s
Ep 2724: len= 51 黑胜 loss=25.7351 temp=1.00 total_env_steps=111561 t=0.43s
Ep 2725: len= 38 白胜 loss=26.1439 temp=1.00 total_env_steps=111599 t=0.38s
Ep 2726: len= 41 黑胜 loss=25.7994 temp=1.00 total_env_steps=111640 t=0.36s
Ep 2727: len= 37 黑胜 loss=26.2762 temp=1.00 total_env_steps=111677 t=0.35s
Ep 2728: len= 43 黑胜 loss=26.0567 temp=1.00 total_env_steps=111720 t=0.38s
Ep 2729: len= 34 白胜 loss=26.1699 temp=1.00 total_env_steps=111754 t=0.33s
Ep 2730: len= 47 黑胜 loss=26.5696 temp=1.00 total_env_steps=111801 t=0.44s
Ep 2731: len= 55 黑胜 loss=26.3927 temp=1.00 total_env_steps=111856 t=0.46s
Ep 2732: len= 34 白胜 loss=26.2758 temp=1.00 total_env_steps=111890 t=0.32s
Ep 2733: len= 25 黑胜 loss=26.0312 temp=1.00 total_env_steps=111915 t=0.29s
Ep 2734: len= 61 黑胜 loss=26.4689 temp=1.00 total_env_steps=111976 t=0.51s
Ep 2735: len= 23 黑胜 loss=26.7398 temp=1.00 total_env_steps=111999 t=0.26s
Ep 2736: len= 44 白胜 loss=26.4086 temp=1.00 total_env_steps=112043 t=0.41s
Ep 2737: len= 63 黑胜 loss=26.3578 temp=1.00 total_env_steps=112106 t=0.50s
Ep 2738: len= 17 黑胜 loss=26.5611 temp=1.00 total_env_steps=112123 t=0.24s
Ep 2739: len= 43 黑胜 loss=26.4261 temp=1.00 total_env_steps=112166 t=0.38s
Ep 2740: len= 31 黑胜 loss=26.2658 temp=1.00 total_env_steps=112197 t=0.31s
Ep 2741: len= 56 白胜 loss=26.4453 temp=1.00 total_env_steps=112253 t=0.47s
Ep 2742: len= 66 白胜 loss=26.3252 temp=1.00 total_env_steps=112319 t=0.50s
Ep 2743: len= 51 黑胜 loss=26.0562 temp=1.00 total_env_steps=112370 t=0.42s
Ep 2744: len= 38 白胜 loss=26.2014 temp=1.00 total_env_steps=112408 t=0.34s
Ep 2745: len= 41 黑胜 loss=26.1107 temp=1.00 total_env_steps=112449 t=0.35s
Ep 2746: len= 26 白胜 loss=26.4335 temp=1.00 total_env_steps=112475 t=0.37s
Ep 2747: len= 19 黑胜 loss=26.5178 temp=1.00 total_env_steps=112494 t=0.26s
Ep 2748: len= 17 黑胜 loss=26.4191 temp=1.00 total_env_steps=112511 t=0.24s
Ep 2749: len= 65 黑胜 loss=25.8537 temp=1.00 total_env_steps=112576 t=0.57s
Ep 2750: len= 33 黑胜 loss=26.3497 temp=1.00 total_env_steps=112609 t=0.32s
Ep 2751: len= 47 黑胜 loss=26.4576 temp=1.00 total_env_steps=112656 t=0.44s
Ep 2752: len= 41 黑胜 loss=26.6350 temp=1.00 total_env_steps=112697 t=0.38s
Ep 2753: len= 40 白胜 loss=26.2581 temp=1.00 total_env_steps=112737 t=0.39s
Ep 2754: len= 35 黑胜 loss=26.3486 temp=1.00 total_env_steps=112772 t=0.35s
Ep 2755: len= 40 白胜 loss=26.4879 temp=1.00 total_env_steps=112812 t=0.38s
Ep 2756: len= 45 黑胜 loss=26.1007 temp=1.00 total_env_steps=112857 t=0.42s
Ep 2757: len= 42 白胜 loss=26.2270 temp=1.00 total_env_steps=112899 t=0.41s
Ep 2758: len= 40 白胜 loss=26.2840 temp=1.00 total_env_steps=112939 t=0.37s
Ep 2759: len= 46 白胜 loss=26.0671 temp=1.00 total_env_steps=112985 t=0.41s
Ep 2760: len= 43 黑胜 loss=26.1437 temp=1.00 total_env_steps=113028 t=0.38s
Ep 2761: len= 40 白胜 loss=26.4071 temp=1.00 total_env_steps=113068 t=0.38s
Ep 2762: len= 47 黑胜 loss=26.2846 temp=1.00 total_env_steps=113115 t=0.42s
Ep 2763: len= 41 黑胜 loss=25.8335 temp=1.00 total_env_steps=113156 t=0.40s
Ep 2764: len= 33 黑胜 loss=26.6525 temp=1.00 total_env_steps=113189 t=0.35s
Ep 2765: len= 66 白胜 loss=26.5758 temp=1.00 total_env_steps=113255 t=0.56s
Ep 2766: len= 54 白胜 loss=26.4954 temp=1.00 total_env_steps=113309 t=0.47s
Ep 2767: len= 46 白胜 loss=26.4371 temp=1.00 total_env_steps=113355 t=0.42s
Ep 2768: len= 56 白胜 loss=25.8177 temp=1.00 total_env_steps=113411 t=0.49s
Ep 2769: len= 69 黑胜 loss=25.6957 temp=1.00 total_env_steps=113480 t=0.54s
Ep 2770: len= 47 黑胜 loss=26.2281 temp=1.00 total_env_steps=113527 t=0.40s
Ep 2771: len= 41 黑胜 loss=26.3552 temp=1.00 total_env_steps=113568 t=0.38s
Ep 2772: len= 33 黑胜 loss=26.4810 temp=1.00 total_env_steps=113601 t=0.32s
Ep 2773: len= 42 白胜 loss=26.1616 temp=1.00 total_env_steps=113643 t=0.40s
Ep 2774: len= 30 白胜 loss=26.2879 temp=1.00 total_env_steps=113673 t=0.31s
Ep 2775: len= 31 黑胜 loss=26.0105 temp=1.00 total_env_steps=113704 t=0.32s
Ep 2776: len= 42 白胜 loss=26.4424 temp=1.00 total_env_steps=113746 t=0.36s
Ep 2777: len= 43 黑胜 loss=26.4592 temp=1.00 total_env_steps=113789 t=0.39s
Ep 2778: len= 31 黑胜 loss=26.5769 temp=1.00 total_env_steps=113820 t=0.32s
Ep 2779: len= 49 黑胜 loss=25.8145 temp=1.00 total_env_steps=113869 t=0.41s
Ep 2780: len= 26 白胜 loss=26.3981 temp=1.00 total_env_steps=113895 t=0.27s
Ep 2781: len= 34 白胜 loss=26.4517 temp=1.00 total_env_steps=113929 t=0.33s
Ep 2782: len= 45 黑胜 loss=26.2259 temp=1.00 total_env_steps=113974 t=0.40s
Ep 2783: len= 23 黑胜 loss=26.2219 temp=1.00 total_env_steps=113997 t=0.27s
Ep 2784: len= 31 黑胜 loss=25.9005 temp=1.00 total_env_steps=114028 t=0.33s
Ep 2785: len= 53 黑胜 loss=26.4637 temp=1.00 total_env_steps=114081 t=0.53s
Ep 2786: len= 44 白胜 loss=26.4603 temp=1.00 total_env_steps=114125 t=0.42s
Ep 2787: len= 21 黑胜 loss=26.5413 temp=1.00 total_env_steps=114146 t=0.27s
Ep 2788: len= 49 黑胜 loss=26.6749 temp=1.00 total_env_steps=114195 t=0.45s
Ep 2789: len= 25 黑胜 loss=26.3605 temp=1.00 total_env_steps=114220 t=0.29s
Ep 2790: len= 28 白胜 loss=26.5757 temp=1.00 total_env_steps=114248 t=0.34s
Ep 2791: len= 39 黑胜 loss=26.7665 temp=1.00 total_env_steps=114287 t=0.36s
Ep 2792: len= 46 白胜 loss=26.4351 temp=1.00 total_env_steps=114333 t=0.43s
Ep 2793: len= 41 黑胜 loss=26.5986 temp=1.00 total_env_steps=114374 t=0.40s
Ep 2794: len= 54 白胜 loss=26.3418 temp=1.00 total_env_steps=114428 t=0.48s
Ep 2795: len= 54 白胜 loss=27.0219 temp=1.00 total_env_steps=114482 t=0.50s
Ep 2796: len= 51 黑胜 loss=26.3597 temp=1.00 total_env_steps=114533 t=0.47s
Ep 2797: len= 25 黑胜 loss=26.7352 temp=1.00 total_env_steps=114558 t=0.30s
Ep 2798: len= 33 黑胜 loss=26.1525 temp=1.00 total_env_steps=114591 t=0.36s
Ep 2799: len= 43 黑胜 loss=26.6296 temp=1.00 total_env_steps=114634 t=0.41s
Ep 2800: len= 30 白胜 loss=26.9077 temp=1.00 total_env_steps=114664 t=0.34s
Ep 2801: len= 40 白胜 loss=26.4166 temp=1.00 total_env_steps=114704 t=0.40s
Ep 2802: len= 51 黑胜 loss=26.3468 temp=1.00 total_env_steps=114755 t=0.47s
Ep 2803: len= 34 白胜 loss=26.4577 temp=1.00 total_env_steps=114789 t=0.37s
Ep 2804: len= 49 黑胜 loss=26.5862 temp=1.00 total_env_steps=114838 t=0.44s
Ep 2805: len= 47 黑胜 loss=26.7890 temp=1.00 total_env_steps=114885 t=0.44s
Ep 2806: len= 45 黑胜 loss=26.9016 temp=1.00 total_env_steps=114930 t=0.43s
Ep 2807: len= 46 白胜 loss=26.4662 temp=1.00 total_env_steps=114976 t=0.45s
Ep 2808: len= 53 黑胜 loss=26.2804 temp=1.00 total_env_steps=115029 t=0.48s
Ep 2809: len= 54 白胜 loss=26.2369 temp=1.00 total_env_steps=115083 t=0.50s
Ep 2810: len= 40 白胜 loss=26.1544 temp=1.00 total_env_steps=115123 t=0.38s
Ep 2811: len= 42 白胜 loss=26.4716 temp=1.00 total_env_steps=115165 t=0.44s
Ep 2812: len= 43 黑胜 loss=26.0992 temp=1.00 total_env_steps=115208 t=0.44s
Ep 2813: len= 51 黑胜 loss=26.3388 temp=1.00 total_env_steps=115259 t=0.47s
Ep 2814: len= 32 白胜 loss=26.1699 temp=1.00 total_env_steps=115291 t=0.33s
Ep 2815: len= 22 白胜 loss=26.8364 temp=1.00 total_env_steps=115313 t=0.27s
Ep 2816: len= 47 黑胜 loss=26.1611 temp=1.00 total_env_steps=115360 t=0.43s
Ep 2817: len= 42 白胜 loss=26.4570 temp=1.00 total_env_steps=115402 t=0.40s
Ep 2818: len= 41 黑胜 loss=26.1562 temp=1.00 total_env_steps=115443 t=0.38s
Ep 2819: len= 59 黑胜 loss=26.2213 temp=1.00 total_env_steps=115502 t=0.51s
Ep 2820: len= 63 黑胜 loss=25.9948 temp=1.00 total_env_steps=115565 t=0.54s
Ep 2821: len= 49 黑胜 loss=26.1804 temp=1.00 total_env_steps=115614 t=0.41s
Ep 2822: len= 42 白胜 loss=26.7379 temp=1.00 total_env_steps=115656 t=0.39s
Ep 2823: len= 36 白胜 loss=26.4913 temp=1.00 total_env_steps=115692 t=0.36s
Ep 2824: len= 58 白胜 loss=26.3678 temp=1.00 total_env_steps=115750 t=0.53s
Ep 2825: len= 45 黑胜 loss=26.6840 temp=1.00 total_env_steps=115795 t=0.44s
Ep 2826: len= 41 黑胜 loss=26.1333 temp=1.00 total_env_steps=115836 t=0.43s
Ep 2827: len= 33 黑胜 loss=26.3916 temp=1.00 total_env_steps=115869 t=0.37s
Ep 2828: len= 42 白胜 loss=26.3039 temp=1.00 total_env_steps=115911 t=0.41s
Ep 2829: len= 25 黑胜 loss=26.6014 temp=1.00 total_env_steps=115936 t=0.29s
Ep 2830: len= 57 黑胜 loss=26.6102 temp=1.00 total_env_steps=115993 t=0.51s
Ep 2831: len= 70 白胜 loss=26.2728 temp=1.00 total_env_steps=116063 t=0.60s
Ep 2832: len= 48 白胜 loss=26.6503 temp=1.00 total_env_steps=116111 t=0.44s
Ep 2833: len= 32 白胜 loss=26.6777 temp=1.00 total_env_steps=116143 t=0.32s
Ep 2834: len= 42 白胜 loss=26.4712 temp=1.00 total_env_steps=116185 t=0.40s
Ep 2835: len= 48 白胜 loss=26.7517 temp=1.00 total_env_steps=116233 t=0.42s
Ep 2836: len= 37 黑胜 loss=26.0918 temp=1.00 total_env_steps=116270 t=0.38s
Ep 2837: len= 38 白胜 loss=26.0109 temp=1.00 total_env_steps=116308 t=0.39s
Ep 2838: len= 41 黑胜 loss=25.9051 temp=1.00 total_env_steps=116349 t=0.40s
Ep 2839: len= 37 黑胜 loss=26.5375 temp=1.00 total_env_steps=116386 t=0.37s
Ep 2840: len= 71 黑胜 loss=26.6214 temp=1.00 total_env_steps=116457 t=0.59s
Ep 2841: len= 64 白胜 loss=26.0657 temp=1.00 total_env_steps=116521 t=0.60s
Ep 2842: len= 35 黑胜 loss=26.8731 temp=1.00 total_env_steps=116556 t=0.40s
Ep 2843: len= 70 白胜 loss=26.0611 temp=1.00 total_env_steps=116626 t=0.59s
Ep 2844: len= 41 黑胜 loss=26.0121 temp=1.00 total_env_steps=116667 t=0.40s
Ep 2845: len= 50 白胜 loss=26.1023 temp=1.00 total_env_steps=116717 t=0.44s
Ep 2846: len= 57 黑胜 loss=26.2443 temp=1.00 total_env_steps=116774 t=0.54s
Ep 2847: len= 38 白胜 loss=26.3186 temp=1.00 total_env_steps=116812 t=0.40s
Ep 2848: len= 27 黑胜 loss=26.4081 temp=1.00 total_env_steps=116839 t=0.31s
Ep 2849: len= 49 黑胜 loss=26.3475 temp=1.00 total_env_steps=116888 t=0.49s
Ep 2850: len= 42 白胜 loss=26.5833 temp=1.00 total_env_steps=116930 t=0.46s
Ep 2851: len= 44 白胜 loss=26.4983 temp=1.00 total_env_steps=116974 t=0.40s
Ep 2852: len= 34 白胜 loss=26.1306 temp=1.00 total_env_steps=117008 t=0.36s
Ep 2853: len= 32 白胜 loss=26.3992 temp=1.00 total_env_steps=117040 t=0.35s
Ep 2854: len= 57 黑胜 loss=26.7719 temp=1.00 total_env_steps=117097 t=0.53s
Ep 2855: len= 50 白胜 loss=26.5976 temp=1.00 total_env_steps=117147 t=0.44s
Ep 2856: len= 43 黑胜 loss=26.4390 temp=1.00 total_env_steps=117190 t=0.44s
Ep 2857: len= 27 黑胜 loss=26.2673 temp=1.00 total_env_steps=117217 t=0.33s
Ep 2858: len= 22 白胜 loss=26.5760 temp=1.00 total_env_steps=117239 t=0.29s
Ep 2859: len= 30 白胜 loss=26.6443 temp=1.00 total_env_steps=117269 t=0.33s
Ep 2860: len= 29 黑胜 loss=26.5037 temp=1.00 total_env_steps=117298 t=0.32s
Ep 2861: len= 42 白胜 loss=26.2511 temp=1.00 total_env_steps=117340 t=0.43s
Ep 2862: len= 52 白胜 loss=26.4237 temp=1.00 total_env_steps=117392 t=0.47s
Ep 2863: len= 46 白胜 loss=26.3799 temp=1.00 total_env_steps=117438 t=0.44s
Ep 2864: len= 34 白胜 loss=26.5512 temp=1.00 total_env_steps=117472 t=0.36s
Ep 2865: len= 40 白胜 loss=26.5931 temp=1.00 total_env_steps=117512 t=0.41s
Ep 2866: len= 38 白胜 loss=26.5547 temp=1.00 total_env_steps=117550 t=0.38s
Ep 2867: len= 74 白胜 loss=26.7283 temp=1.00 total_env_steps=117624 t=0.60s
Ep 2868: len= 50 白胜 loss=26.6257 temp=1.00 total_env_steps=117674 t=0.45s
Ep 2869: len= 33 黑胜 loss=26.2191 temp=1.00 total_env_steps=117707 t=0.34s
Ep 2870: len= 17 黑胜 loss=26.3463 temp=1.00 total_env_steps=117724 t=0.27s
Ep 2871: len= 31 黑胜 loss=26.2633 temp=1.00 total_env_steps=117755 t=0.33s
Ep 2872: len= 47 黑胜 loss=26.4822 temp=1.00 total_env_steps=117802 t=0.46s
Ep 2873: len= 36 白胜 loss=27.1213 temp=1.00 total_env_steps=117838 t=0.36s
Ep 2874: len= 60 白胜 loss=26.4908 temp=1.00 total_env_steps=117898 t=0.54s
Ep 2875: len= 51 黑胜 loss=26.2955 temp=1.00 total_env_steps=117949 t=0.49s
Ep 2876: len= 60 白胜 loss=26.5974 temp=1.00 total_env_steps=118009 t=0.52s
Ep 2877: len= 37 黑胜 loss=26.2695 temp=1.00 total_env_steps=118046 t=0.36s
Ep 2878: len= 43 黑胜 loss=25.9346 temp=1.00 total_env_steps=118089 t=0.40s
Ep 2879: len= 40 白胜 loss=26.3632 temp=1.00 total_env_steps=118129 t=0.40s
Ep 2880: len= 44 白胜 loss=26.4678 temp=1.00 total_env_steps=118173 t=0.42s
Ep 2881: len= 29 黑胜 loss=26.4813 temp=1.00 total_env_steps=118202 t=0.33s
Ep 2882: len= 41 黑胜 loss=26.7025 temp=1.00 total_env_steps=118243 t=0.40s
Ep 2883: len= 56 白胜 loss=26.3577 temp=1.00 total_env_steps=118299 t=0.48s
Ep 2884: len= 38 白胜 loss=26.4943 temp=1.00 total_env_steps=118337 t=0.38s
Ep 2885: len= 42 白胜 loss=26.2425 temp=1.00 total_env_steps=118379 t=0.42s
Ep 2886: len= 44 白胜 loss=26.4194 temp=1.00 total_env_steps=118423 t=0.43s
Ep 2887: len= 39 黑胜 loss=26.9018 temp=1.00 total_env_steps=118462 t=0.36s
Ep 2888: len= 43 黑胜 loss=26.4955 temp=1.00 total_env_steps=118505 t=0.42s
Ep 2889: len= 52 白胜 loss=26.5744 temp=1.00 total_env_steps=118557 t=0.49s
Ep 2890: len= 34 白胜 loss=26.9403 temp=1.00 total_env_steps=118591 t=0.36s
Ep 2891: len= 32 白胜 loss=26.2330 temp=1.00 total_env_steps=118623 t=0.32s
Ep 2892: len= 34 白胜 loss=26.6589 temp=1.00 total_env_steps=118657 t=0.34s
Ep 2893: len= 45 黑胜 loss=26.5790 temp=1.00 total_env_steps=118702 t=0.43s
Ep 2894: len= 43 黑胜 loss=26.2937 temp=1.00 total_env_steps=118745 t=0.41s
Ep 2895: len= 38 白胜 loss=26.6147 temp=1.00 total_env_steps=118783 t=0.38s
Ep 2896: len= 45 黑胜 loss=26.9630 temp=1.00 total_env_steps=118828 t=0.42s
Ep 2897: len= 37 黑胜 loss=26.0447 temp=1.00 total_env_steps=118865 t=0.36s
Ep 2898: len= 51 黑胜 loss=26.4120 temp=1.00 total_env_steps=118916 t=0.46s
Ep 2899: len= 50 白胜 loss=27.0745 temp=1.00 total_env_steps=118966 t=0.44s
Ep 2900: len= 38 白胜 loss=26.1798 temp=1.00 total_env_steps=119004 t=0.37s
Ep 2901: len= 72 白胜 loss=26.4007 temp=1.00 total_env_steps=119076 t=0.60s
Ep 2902: len= 48 白胜 loss=26.4504 temp=1.00 total_env_steps=119124 t=0.45s
Ep 2903: len= 64 白胜 loss=26.5632 temp=1.00 total_env_steps=119188 t=0.56s
Ep 2904: len= 36 白胜 loss=26.5629 temp=1.00 total_env_steps=119224 t=0.36s
Ep 2905: len= 45 黑胜 loss=27.0071 temp=1.00 total_env_steps=119269 t=0.41s
Ep 2906: len= 64 白胜 loss=26.2353 temp=1.00 total_env_steps=119333 t=0.56s
Ep 2907: len= 27 黑胜 loss=26.6217 temp=1.00 total_env_steps=119360 t=0.32s
Ep 2908: len= 31 黑胜 loss=26.8467 temp=1.00 total_env_steps=119391 t=0.32s
Ep 2909: len= 30 白胜 loss=26.8121 temp=1.00 total_env_steps=119421 t=0.34s
Ep 2910: len= 42 白胜 loss=27.1552 temp=1.00 total_env_steps=119463 t=0.43s
Ep 2911: len= 41 黑胜 loss=26.3089 temp=1.00 total_env_steps=119504 t=0.39s
Ep 2912: len= 35 黑胜 loss=26.4635 temp=1.00 total_env_steps=119539 t=0.37s
Ep 2913: len= 36 白胜 loss=26.5590 temp=1.00 total_env_steps=119575 t=0.37s
Ep 2914: len= 15 黑胜 loss=26.1960 temp=1.00 total_env_steps=119590 t=0.24s
Ep 2915: len= 38 白胜 loss=26.5688 temp=1.00 total_env_steps=119628 t=0.37s
Ep 2916: len= 33 黑胜 loss=26.6980 temp=1.00 total_env_steps=119661 t=0.34s
Ep 2917: len= 40 白胜 loss=26.1468 temp=1.00 total_env_steps=119701 t=0.37s
Ep 2918: len= 36 白胜 loss=26.4940 temp=1.00 total_env_steps=119737 t=0.36s
Ep 2919: len= 29 黑胜 loss=26.5590 temp=1.00 total_env_steps=119766 t=0.33s
Ep 2920: len= 40 白胜 loss=26.3935 temp=1.00 total_env_steps=119806 t=0.41s
Ep 2921: len= 39 黑胜 loss=26.5525 temp=1.00 total_env_steps=119845 t=0.39s
Ep 2922: len= 48 白胜 loss=26.5558 temp=1.00 total_env_steps=119893 t=0.45s
Ep 2923: len= 49 黑胜 loss=26.3043 temp=1.00 total_env_steps=119942 t=0.45s
Ep 2924: len= 44 白胜 loss=26.7792 temp=1.00 total_env_steps=119986 t=0.44s
Ep 2925: len= 70 白胜 loss=26.7339 temp=1.00 total_env_steps=120056 t=0.62s
Ep 2926: len= 43 黑胜 loss=26.5616 temp=1.00 total_env_steps=120099 t=0.44s
Ep 2927: len= 73 黑胜 loss=26.3778 temp=1.00 total_env_steps=120172 t=0.63s
Ep 2928: len= 37 黑胜 loss=26.4962 temp=1.00 total_env_steps=120209 t=0.41s
Ep 2929: len= 28 白胜 loss=26.6892 temp=1.00 total_env_steps=120237 t=0.32s
Ep 2930: len= 42 白胜 loss=26.2957 temp=1.00 total_env_steps=120279 t=0.41s
Ep 2931: len= 72 白胜 loss=26.8476 temp=1.00 total_env_steps=120351 t=0.63s
Ep 2932: len= 67 黑胜 loss=26.3364 temp=1.00 total_env_steps=120418 t=0.60s
Ep 2933: len= 45 黑胜 loss=26.5164 temp=1.00 total_env_steps=120463 t=0.44s
Ep 2934: len= 48 白胜 loss=26.7323 temp=1.00 total_env_steps=120511 t=0.45s
Ep 2935: len= 45 黑胜 loss=26.5578 temp=1.00 total_env_steps=120556 t=0.44s
Ep 2936: len= 49 黑胜 loss=26.5216 temp=1.00 total_env_steps=120605 t=0.46s
Ep 2937: len= 81 平局 loss=26.6595 temp=1.00 total_env_steps=120686 t=0.66s
Ep 2938: len= 20 白胜 loss=26.5632 temp=1.00 total_env_steps=120706 t=0.27s
Ep 2939: len= 43 黑胜 loss=26.6663 temp=1.00 total_env_steps=120749 t=0.41s
Ep 2940: len= 48 白胜 loss=26.7681 temp=1.00 total_env_steps=120797 t=0.47s
Ep 2941: len= 30 白胜 loss=26.4243 temp=1.00 total_env_steps=120827 t=0.34s
Ep 2942: len= 40 白胜 loss=26.9375 temp=1.00 total_env_steps=120867 t=0.38s
Ep 2943: len= 40 白胜 loss=26.6945 temp=1.00 total_env_steps=120907 t=0.41s
Ep 2944: len= 37 黑胜 loss=26.7788 temp=1.00 total_env_steps=120944 t=0.35s
Ep 2945: len= 50 白胜 loss=26.1682 temp=1.00 total_env_steps=120994 t=0.44s
Ep 2946: len= 42 白胜 loss=26.3200 temp=1.00 total_env_steps=121036 t=0.38s
Ep 2947: len= 38 白胜 loss=26.4361 temp=1.00 total_env_steps=121074 t=0.38s
Ep 2948: len= 37 黑胜 loss=26.9573 temp=1.00 total_env_steps=121111 t=0.36s
Ep 2949: len= 48 白胜 loss=26.6748 temp=1.00 total_env_steps=121159 t=0.48s
Ep 2950: len= 38 白胜 loss=26.2287 temp=1.00 total_env_steps=121197 t=0.37s
Ep 2951: len= 46 白胜 loss=26.6062 temp=1.00 total_env_steps=121243 t=0.38s
Ep 2952: len= 29 黑胜 loss=26.7711 temp=1.00 total_env_steps=121272 t=0.32s
Ep 2953: len= 43 黑胜 loss=26.3882 temp=1.00 total_env_steps=121315 t=0.40s
Ep 2954: len= 55 黑胜 loss=26.3568 temp=1.00 total_env_steps=121370 t=0.49s
Ep 2955: len= 59 黑胜 loss=26.1473 temp=1.00 total_env_steps=121429 t=0.53s
Ep 2956: len= 36 白胜 loss=26.3869 temp=1.00 total_env_steps=121465 t=0.36s
Ep 2957: len= 21 黑胜 loss=26.0543 temp=1.00 total_env_steps=121486 t=0.27s
Ep 2958: len= 31 黑胜 loss=26.5515 temp=1.00 total_env_steps=121517 t=0.35s
Ep 2959: len= 33 黑胜 loss=26.2135 temp=1.00 total_env_steps=121550 t=0.34s
Ep 2960: len= 19 黑胜 loss=26.4289 temp=1.00 total_env_steps=121569 t=0.30s
Ep 2961: len= 29 黑胜 loss=26.8677 temp=1.00 total_env_steps=121598 t=0.32s
Ep 2962: len= 56 白胜 loss=26.3809 temp=1.00 total_env_steps=121654 t=0.57s
Ep 2963: len= 53 黑胜 loss=26.2980 temp=1.00 total_env_steps=121707 t=0.46s
Ep 2964: len= 28 白胜 loss=26.8474 temp=1.00 total_env_steps=121735 t=0.30s
Ep 2965: len= 47 黑胜 loss=26.6321 temp=1.00 total_env_steps=121782 t=0.43s
Ep 2966: len= 30 白胜 loss=26.8314 temp=1.00 total_env_steps=121812 t=0.38s
Ep 2967: len= 43 黑胜 loss=26.7918 temp=1.00 total_env_steps=121855 t=0.42s
Ep 2968: len= 51 黑胜 loss=26.9303 temp=1.00 total_env_steps=121906 t=0.44s
Ep 2969: len= 49 黑胜 loss=26.6396 temp=1.00 total_env_steps=121955 t=0.43s
Ep 2970: len= 43 黑胜 loss=26.0298 temp=1.00 total_env_steps=121998 t=0.38s
Ep 2971: len= 46 白胜 loss=26.8804 temp=1.00 total_env_steps=122044 t=0.42s
Ep 2972: len= 11 黑胜 loss=26.4989 temp=1.00 total_env_steps=122055 t=0.21s
Ep 2973: len= 36 白胜 loss=26.7190 temp=1.00 total_env_steps=122091 t=0.35s
Ep 2974: len= 29 黑胜 loss=26.7121 temp=1.00 total_env_steps=122120 t=0.32s
Ep 2975: len= 54 白胜 loss=26.1919 temp=1.00 total_env_steps=122174 t=0.47s
Ep 2976: len= 47 黑胜 loss=26.5233 temp=1.00 total_env_steps=122221 t=0.43s
Ep 2977: len= 36 白胜 loss=26.7581 temp=1.00 total_env_steps=122257 t=0.37s
Ep 2978: len= 26 白胜 loss=26.9068 temp=1.00 total_env_steps=122283 t=0.30s
Ep 2979: len= 70 白胜 loss=26.4334 temp=1.00 total_env_steps=122353 t=0.60s
Ep 2980: len= 40 白胜 loss=26.6310 temp=1.00 total_env_steps=122393 t=0.37s
Ep 2981: len= 63 黑胜 loss=26.6322 temp=1.00 total_env_steps=122456 t=0.49s
Ep 2982: len= 29 黑胜 loss=26.3283 temp=1.00 total_env_steps=122485 t=0.30s
Ep 2983: len= 42 白胜 loss=26.4575 temp=1.00 total_env_steps=122527 t=0.38s
Ep 2984: len= 30 白胜 loss=26.3547 temp=1.00 total_env_steps=122557 t=0.35s
Ep 2985: len= 55 黑胜 loss=26.7579 temp=1.00 total_env_steps=122612 t=0.49s
Ep 2986: len= 36 白胜 loss=26.3641 temp=1.00 total_env_steps=122648 t=0.37s
Ep 2987: len= 38 白胜 loss=26.6326 temp=1.00 total_env_steps=122686 t=0.37s
Ep 2988: len= 36 白胜 loss=26.2752 temp=1.00 total_env_steps=122722 t=0.34s
Ep 2989: len= 14 白胜 loss=26.6663 temp=1.00 total_env_steps=122736 t=0.22s
Ep 2990: len= 41 黑胜 loss=26.2711 temp=1.00 total_env_steps=122777 t=0.38s
Ep 2991: len= 35 黑胜 loss=26.8532 temp=1.00 total_env_steps=122812 t=0.36s
Ep 2992: len= 37 黑胜 loss=26.4605 temp=1.00 total_env_steps=122849 t=0.37s
Ep 2993: len= 34 白胜 loss=26.5920 temp=1.00 total_env_steps=122883 t=0.34s
Ep 2994: len= 43 黑胜 loss=26.5259 temp=1.00 total_env_steps=122926 t=0.41s
Ep 2995: len= 29 黑胜 loss=26.4183 temp=1.00 total_env_steps=122955 t=0.31s
Ep 2996: len= 41 黑胜 loss=26.7258 temp=1.00 total_env_steps=122996 t=0.38s
Ep 2997: len= 48 白胜 loss=26.4076 temp=1.00 total_env_steps=123044 t=0.44s
Ep 2998: len= 40 白胜 loss=26.6452 temp=1.00 total_env_steps=123084 t=0.36s
Ep 2999: len= 54 白胜 loss=26.1250 temp=1.00 total_env_steps=123138 t=0.47s
Ep 3000: len= 43 黑胜 loss=26.4974 temp=1.00 total_env_steps=123181 t=0.40s
  eval vs Gomoku-random-v0: win_rate=1.00 mean_return=1.00（20 局，total_env_steps=123181）
Ep 3001: len= 41 黑胜 loss=26.6211 temp=1.00 total_env_steps=123222 t=0.38s
Ep 3002: len= 42 白胜 loss=26.3516 temp=1.00 total_env_steps=123264 t=0.37s
Ep 3003: len= 37 黑胜 loss=26.5776 temp=1.00 total_env_steps=123301 t=0.35s
Ep 3004: len= 36 白胜 loss=26.6347 temp=1.00 total_env_steps=123337 t=0.35s
Ep 3005: len= 23 黑胜 loss=26.6764 temp=1.00 total_env_steps=123360 t=0.27s
Ep 3006: len= 40 白胜 loss=26.6550 temp=1.00 total_env_steps=123400 t=0.39s
Ep 3007: len= 36 白胜 loss=26.3532 temp=1.00 total_env_steps=123436 t=0.33s
Ep 3008: len= 71 黑胜 loss=26.6662 temp=1.00 total_env_steps=123507 t=0.54s
Ep 3009: len= 39 黑胜 loss=26.6517 temp=1.00 total_env_steps=123546 t=0.36s
Ep 3010: len= 33 黑胜 loss=26.4044 temp=1.00 total_env_steps=123579 t=0.34s
Ep 3011: len= 47 黑胜 loss=26.4918 temp=1.00 total_env_steps=123626 t=0.41s
Ep 3012: len= 54 白胜 loss=26.5851 temp=1.00 total_env_steps=123680 t=0.47s
Ep 3013: len= 27 黑胜 loss=26.4567 temp=1.00 total_env_steps=123707 t=0.30s
Ep 3014: len= 37 黑胜 loss=26.2765 temp=1.00 total_env_steps=123744 t=0.39s
Ep 3015: len= 39 黑胜 loss=26.5466 temp=1.00 total_env_steps=123783 t=0.38s
Ep 3016: len= 17 黑胜 loss=26.6958 temp=1.00 total_env_steps=123800 t=0.25s
Ep 3017: len= 52 白胜 loss=26.8627 temp=1.00 total_env_steps=123852 t=0.44s
Ep 3018: len= 46 白胜 loss=26.5052 temp=1.00 total_env_steps=123898 t=0.42s
Ep 3019: len= 25 黑胜 loss=26.2121 temp=1.00 total_env_steps=123923 t=0.30s
Ep 3020: len= 30 白胜 loss=26.3440 temp=1.00 total_env_steps=123953 t=0.32s
Ep 3021: len= 40 白胜 loss=26.3123 temp=1.00 total_env_steps=123993 t=0.36s
Ep 3022: len= 33 黑胜 loss=26.4341 temp=1.00 total_env_steps=124026 t=0.32s
Ep 3023: len= 69 黑胜 loss=26.8545 temp=1.00 total_env_steps=124095 t=0.56s
Ep 3024: len= 31 黑胜 loss=26.7821 temp=1.00 total_env_steps=124126 t=0.33s
Ep 3025: len= 58 白胜 loss=26.6048 temp=1.00 total_env_steps=124184 t=0.54s
Ep 3026: len= 38 白胜 loss=26.2375 temp=1.00 total_env_steps=124222 t=0.37s
Ep 3027: len= 62 白胜 loss=26.8359 temp=1.00 total_env_steps=124284 t=0.51s
Ep 3028: len= 32 白胜 loss=26.5988 temp=1.00 total_env_steps=124316 t=0.37s
Ep 3029: len= 35 黑胜 loss=26.5477 temp=1.00 total_env_steps=124351 t=0.37s
Ep 3030: len= 58 白胜 loss=26.6020 temp=1.00 total_env_steps=124409 t=0.49s
Ep 3031: len= 18 白胜 loss=26.6024 temp=1.00 total_env_steps=124427 t=0.25s
Ep 3032: len= 31 黑胜 loss=26.0554 temp=1.00 total_env_steps=124458 t=0.30s
Ep 3033: len= 27 黑胜 loss=26.5700 temp=1.00 total_env_steps=124485 t=0.30s
Ep 3034: len= 47 黑胜 loss=26.4198 temp=1.00 total_env_steps=124532 t=0.41s
Ep 3035: len= 20 白胜 loss=26.1990 temp=1.00 total_env_steps=124552 t=0.25s
Ep 3036: len= 26 白胜 loss=26.2978 temp=1.00 total_env_steps=124578 t=0.28s
Ep 3037: len= 40 白胜 loss=26.2460 temp=1.00 total_env_steps=124618 t=0.37s
Ep 3038: len= 44 白胜 loss=26.4455 temp=1.00 total_env_steps=124662 t=0.40s
Ep 3039: len= 81 平局 loss=26.4618 temp=1.00 total_env_steps=124743 t=0.66s
Ep 3040: len= 29 黑胜 loss=26.5182 temp=1.00 total_env_steps=124772 t=0.29s
Ep 3041: len= 21 黑胜 loss=26.0999 temp=1.00 total_env_steps=124793 t=0.25s
Ep 3042: len= 25 黑胜 loss=26.1454 temp=1.00 total_env_steps=124818 t=0.29s
Ep 3043: len= 39 黑胜 loss=26.4042 temp=1.00 total_env_steps=124857 t=0.36s
Ep 3044: len= 35 黑胜 loss=26.4530 temp=1.00 total_env_steps=124892 t=0.36s
Ep 3045: len= 43 黑胜 loss=26.9228 temp=1.00 total_env_steps=124935 t=0.40s
Ep 3046: len= 31 黑胜 loss=26.5529 temp=1.00 total_env_steps=124966 t=0.33s
Ep 3047: len= 44 白胜 loss=26.4454 temp=1.00 total_env_steps=125010 t=0.44s
Ep 3048: len= 41 黑胜 loss=26.6234 temp=1.00 total_env_steps=125051 t=0.36s
Ep 3049: len= 54 白胜 loss=25.8922 temp=1.00 total_env_steps=125105 t=0.44s
Ep 3050: len= 34 白胜 loss=26.1404 temp=1.00 total_env_steps=125139 t=0.36s
Ep 3051: len= 29 黑胜 loss=26.9450 temp=1.00 total_env_steps=125168 t=0.33s
Ep 3052: len= 36 白胜 loss=26.1722 temp=1.00 total_env_steps=125204 t=0.36s
Ep 3053: len= 53 黑胜 loss=26.4325 temp=1.00 total_env_steps=125257 t=0.44s
Ep 3054: len= 44 白胜 loss=26.6306 temp=1.00 total_env_steps=125301 t=0.42s
Ep 3055: len= 60 白胜 loss=26.5486 temp=1.00 total_env_steps=125361 t=0.50s
Ep 3056: len= 47 黑胜 loss=27.0729 temp=1.00 total_env_steps=125408 t=0.41s
Ep 3057: len= 34 白胜 loss=26.4562 temp=1.00 total_env_steps=125442 t=0.31s
Ep 3058: len= 63 黑胜 loss=26.8722 temp=1.00 total_env_steps=125505 t=0.53s
Ep 3059: len= 44 白胜 loss=26.7853 temp=1.00 total_env_steps=125549 t=0.42s
Ep 3060: len= 37 黑胜 loss=26.2970 temp=1.00 total_env_steps=125586 t=0.38s
Ep 3061: len= 27 黑胜 loss=26.6947 temp=1.00 total_env_steps=125613 t=0.29s
Ep 3062: len= 48 白胜 loss=26.4476 temp=1.00 total_env_steps=125661 t=0.40s
Ep 3063: len= 37 黑胜 loss=26.2537 temp=1.00 total_env_steps=125698 t=0.36s
Ep 3064: len= 40 白胜 loss=26.5478 temp=1.00 total_env_steps=125738 t=0.38s
Ep 3065: len= 26 白胜 loss=26.3160 temp=1.00 total_env_steps=125764 t=0.29s
Ep 3066: len= 34 白胜 loss=26.5426 temp=1.00 total_env_steps=125798 t=0.33s
Ep 3067: len= 23 黑胜 loss=26.6283 temp=1.00 total_env_steps=125821 t=0.25s
Ep 3068: len= 27 黑胜 loss=26.4476 temp=1.00 total_env_steps=125848 t=0.29s
Ep 3069: len= 36 白胜 loss=26.4251 temp=1.00 total_env_steps=125884 t=0.37s
Ep 3070: len= 37 黑胜 loss=26.6557 temp=1.00 total_env_steps=125921 t=0.37s
Ep 3071: len= 69 黑胜 loss=26.4302 temp=1.00 total_env_steps=125990 t=0.55s
Ep 3072: len= 20 白胜 loss=26.3193 temp=1.00 total_env_steps=126010 t=0.26s
Ep 3073: len= 30 白胜 loss=26.4328 temp=1.00 total_env_steps=126040 t=0.34s
Ep 3074: len= 45 黑胜 loss=26.4374 temp=1.00 total_env_steps=126085 t=0.48s
Ep 3075: len= 28 白胜 loss=26.5289 temp=1.00 total_env_steps=126113 t=0.34s
Ep 3076: len= 40 白胜 loss=26.6619 temp=1.00 total_env_steps=126153 t=0.41s
Ep 3077: len= 44 白胜 loss=26.6685 temp=1.00 total_env_steps=126197 t=0.42s
Ep 3078: len= 25 黑胜 loss=26.7684 temp=1.00 total_env_steps=126222 t=0.30s
Ep 3079: len= 42 白胜 loss=26.5869 temp=1.00 total_env_steps=126264 t=0.40s
Ep 3080: len= 19 黑胜 loss=26.3871 temp=1.00 total_env_steps=126283 t=0.25s
Ep 3081: len= 50 白胜 loss=26.3712 temp=1.00 total_env_steps=126333 t=0.43s
Ep 3082: len= 24 白胜 loss=26.7846 temp=1.00 total_env_steps=126357 t=0.29s
Ep 3083: len= 32 白胜 loss=26.6742 temp=1.00 total_env_steps=126389 t=0.32s
Ep 3084: len= 70 白胜 loss=26.5165 temp=1.00 total_env_steps=126459 t=0.58s
Ep 3085: len= 61 黑胜 loss=26.5035 temp=1.00 total_env_steps=126520 t=0.57s
Ep 3086: len= 53 黑胜 loss=26.3878 temp=1.00 total_env_steps=126573 t=0.46s
Ep 3087: len= 42 白胜 loss=26.6757 temp=1.00 total_env_steps=126615 t=0.37s
Ep 3088: len= 48 白胜 loss=26.5598 temp=1.00 total_env_steps=126663 t=0.43s
Ep 3089: len= 38 白胜 loss=26.4620 temp=1.00 total_env_steps=126701 t=0.37s
Ep 3090: len= 51 黑胜 loss=26.6238 temp=1.00 total_env_steps=126752 t=0.47s
Ep 3091: len= 55 黑胜 loss=27.1731 temp=1.00 total_env_steps=126807 t=0.53s
Ep 3092: len= 45 黑胜 loss=25.8836 temp=1.00 total_env_steps=126852 t=0.41s
Ep 3093: len= 17 黑胜 loss=26.2192 temp=1.00 total_env_steps=126869 t=0.27s
Ep 3094: len= 39 黑胜 loss=26.1195 temp=1.00 total_env_steps=126908 t=0.41s
Ep 3095: len= 41 黑胜 loss=26.9327 temp=1.00 total_env_steps=126949 t=0.38s
Ep 3096: len= 62 白胜 loss=26.1576 temp=1.00 total_env_steps=127011 t=0.57s
Ep 3097: len= 32 白胜 loss=26.3585 temp=1.00 total_env_steps=127043 t=0.33s
Ep 3098: len= 59 黑胜 loss=25.9945 temp=1.00 total_env_steps=127102 t=0.48s
Ep 3099: len= 53 黑胜 loss=25.9391 temp=1.00 total_env_steps=127155 t=0.43s
Ep 3100: len= 45 黑胜 loss=26.6779 temp=1.00 total_env_steps=127200 t=0.44s
Ep 3101: len= 30 白胜 loss=26.7583 temp=1.00 total_env_steps=127230 t=0.32s
Ep 3102: len= 38 白胜 loss=26.2466 temp=1.00 total_env_steps=127268 t=0.36s
Ep 3103: len= 33 黑胜 loss=26.3945 temp=1.00 total_env_steps=127301 t=0.33s
Ep 3104: len= 54 白胜 loss=26.8368 temp=1.00 total_env_steps=127355 t=0.48s
Ep 3105: len= 53 黑胜 loss=26.7122 temp=1.00 total_env_steps=127408 t=0.48s
Ep 3106: len= 51 黑胜 loss=26.0784 temp=1.00 total_env_steps=127459 t=0.51s
Ep 3107: len= 38 白胜 loss=26.4272 temp=1.00 total_env_steps=127497 t=0.38s
Ep 3108: len= 41 黑胜 loss=26.8206 temp=1.00 total_env_steps=127538 t=0.39s
Ep 3109: len= 52 白胜 loss=26.7275 temp=1.00 total_env_steps=127590 t=0.46s
Ep 3110: len= 53 黑胜 loss=26.5685 temp=1.00 total_env_steps=127643 t=0.47s
Ep 3111: len= 17 黑胜 loss=26.5078 temp=1.00 total_env_steps=127660 t=0.28s
Ep 3112: len= 54 白胜 loss=26.8150 temp=1.00 total_env_steps=127714 t=0.47s
Ep 3113: len= 31 黑胜 loss=26.4759 temp=1.00 total_env_steps=127745 t=0.32s
Ep 3114: len= 54 白胜 loss=26.6961 temp=1.00 total_env_steps=127799 t=0.46s
Ep 3115: len= 45 黑胜 loss=26.3926 temp=1.00 total_env_steps=127844 t=0.42s
Ep 3116: len= 58 白胜 loss=26.6290 temp=1.00 total_env_steps=127902 t=0.51s
Ep 3117: len= 39 黑胜 loss=26.5073 temp=1.00 total_env_steps=127941 t=0.38s
Ep 3118: len= 60 白胜 loss=26.6650 temp=1.00 total_env_steps=128001 t=0.53s
Ep 3119: len= 58 白胜 loss=26.3149 temp=1.00 total_env_steps=128059 t=0.50s
Ep 3120: len= 55 黑胜 loss=26.4888 temp=1.00 total_env_steps=128114 t=0.51s
Ep 3121: len= 37 黑胜 loss=26.4520 temp=1.00 total_env_steps=128151 t=0.36s
Ep 3122: len= 36 白胜 loss=26.5547 temp=1.00 total_env_steps=128187 t=0.38s
Ep 3123: len= 45 黑胜 loss=26.2571 temp=1.00 total_env_steps=128232 t=0.40s
Ep 3124: len= 17 黑胜 loss=26.5842 temp=1.00 total_env_steps=128249 t=0.23s
Ep 3125: len= 61 黑胜 loss=26.3707 temp=1.00 total_env_steps=128310 t=0.52s
Ep 3126: len= 22 白胜 loss=26.5173 temp=1.00 total_env_steps=128332 t=0.29s
Ep 3127: len= 74 白胜 loss=26.4064 temp=1.00 total_env_steps=128406 t=0.60s
Ep 3128: len= 17 黑胜 loss=26.6407 temp=1.00 total_env_steps=128423 t=0.24s
Ep 3129: len= 71 黑胜 loss=26.5952 temp=1.00 total_env_steps=128494 t=0.56s
Ep 3130: len= 42 白胜 loss=26.1582 temp=1.00 total_env_steps=128536 t=0.44s
Ep 3131: len= 46 白胜 loss=26.5139 temp=1.00 total_env_steps=128582 t=0.41s
Ep 3132: len= 37 黑胜 loss=26.2628 temp=1.00 total_env_steps=128619 t=0.36s
Ep 3133: len= 26 白胜 loss=27.0515 temp=1.00 total_env_steps=128645 t=0.31s
Ep 3134: len= 35 黑胜 loss=26.3404 temp=1.00 total_env_steps=128680 t=0.37s
Ep 3135: len= 34 白胜 loss=26.6842 temp=1.00 total_env_steps=128714 t=0.34s
Ep 3136: len= 45 黑胜 loss=26.4151 temp=1.00 total_env_steps=128759 t=0.43s
Ep 3137: len= 34 白胜 loss=26.7315 temp=1.00 total_env_steps=128793 t=0.34s
Ep 3138: len= 53 黑胜 loss=26.7017 temp=1.00 total_env_steps=128846 t=0.52s
Ep 3139: len= 48 白胜 loss=26.9077 temp=1.00 total_env_steps=128894 t=0.45s
Ep 3140: len= 30 白胜 loss=26.5572 temp=1.00 total_env_steps=128924 t=0.33s
Ep 3141: len= 25 黑胜 loss=26.5222 temp=1.00 total_env_steps=128949 t=0.30s
Ep 3142: len= 25 黑胜 loss=26.4995 temp=1.00 total_env_steps=128974 t=0.33s
Ep 3143: len= 44 白胜 loss=26.7692 temp=1.00 total_env_steps=129018 t=0.43s
Ep 3144: len= 33 黑胜 loss=26.9396 temp=1.00 total_env_steps=129051 t=0.37s
Ep 3145: len= 40 白胜 loss=26.6453 temp=1.00 total_env_steps=129091 t=0.37s
Ep 3146: len= 33 黑胜 loss=26.2933 temp=1.00 total_env_steps=129124 t=0.34s
Ep 3147: len= 36 白胜 loss=26.7343 temp=1.00 total_env_steps=129160 t=0.36s
Ep 3148: len= 40 白胜 loss=26.3341 temp=1.00 total_env_steps=129200 t=0.40s
Ep 3149: len= 25 黑胜 loss=26.6168 temp=1.00 total_env_steps=129225 t=0.31s
Ep 3150: len= 34 白胜 loss=26.6488 temp=1.00 total_env_steps=129259 t=0.37s
Ep 3151: len= 23 黑胜 loss=26.8205 temp=1.00 total_env_steps=129282 t=0.31s
Ep 3152: len= 33 黑胜 loss=26.1881 temp=1.00 total_env_steps=129315 t=0.36s
Ep 3153: len= 23 黑胜 loss=26.2383 temp=1.00 total_env_steps=129338 t=0.28s
Ep 3154: len= 27 黑胜 loss=26.3544 temp=1.00 total_env_steps=129365 t=0.30s
Ep 3155: len= 44 白胜 loss=26.3985 temp=1.00 total_env_steps=129409 t=0.44s
Ep 3156: len= 33 黑胜 loss=26.5429 temp=1.00 total_env_steps=129442 t=0.35s
Ep 3157: len= 37 黑胜 loss=26.5720 temp=1.00 total_env_steps=129479 t=0.42s
Ep 3158: len= 51 黑胜 loss=26.3390 temp=1.00 total_env_steps=129530 t=0.49s
Ep 3159: len= 58 白胜 loss=26.7876 temp=1.00 total_env_steps=129588 t=0.51s
Ep 3160: len= 28 白胜 loss=26.6076 temp=1.00 total_env_steps=129616 t=0.33s
Ep 3161: len= 52 白胜 loss=26.6653 temp=1.00 total_env_steps=129668 t=0.49s
Ep 3162: len= 28 白胜 loss=26.4237 temp=1.00 total_env_steps=129696 t=0.32s
Ep 3163: len= 36 白胜 loss=26.8811 temp=1.00 total_env_steps=129732 t=0.41s
Ep 3164: len= 52 白胜 loss=26.7459 temp=1.00 total_env_steps=129784 t=0.45s
Ep 3165: len= 59 黑胜 loss=27.0961 temp=1.00 total_env_steps=129843 t=0.51s
Ep 3166: len= 33 黑胜 loss=27.0574 temp=1.00 total_env_steps=129876 t=0.35s
Ep 3167: len= 71 黑胜 loss=26.4494 temp=1.00 total_env_steps=129947 t=0.57s
Ep 3168: len= 23 黑胜 loss=26.4684 temp=1.00 total_env_steps=129970 t=0.27s
Ep 3169: len= 39 黑胜 loss=26.3527 temp=1.00 total_env_steps=130009 t=0.40s
Ep 3170: len= 37 黑胜 loss=26.7924 temp=1.00 total_env_steps=130046 t=0.35s
Ep 3171: len= 56 白胜 loss=26.4379 temp=1.00 total_env_steps=130102 t=0.47s
Ep 3172: len= 60 白胜 loss=26.5951 temp=1.00 total_env_steps=130162 t=0.49s
Ep 3173: len= 31 黑胜 loss=26.4102 temp=1.00 total_env_steps=130193 t=0.32s
Ep 3174: len= 45 黑胜 loss=26.3565 temp=1.00 total_env_steps=130238 t=0.42s
Ep 3175: len= 34 白胜 loss=26.6683 temp=1.00 total_env_steps=130272 t=0.34s
Ep 3176: len= 50 白胜 loss=26.6239 temp=1.00 total_env_steps=130322 t=0.46s
Ep 3177: len= 25 黑胜 loss=26.3437 temp=1.00 total_env_steps=130347 t=0.30s
Ep 3178: len= 34 白胜 loss=26.6614 temp=1.00 total_env_steps=130381 t=0.33s
Ep 3179: len= 29 黑胜 loss=26.9975 temp=1.00 total_env_steps=130410 t=0.33s
Ep 3180: len= 44 白胜 loss=26.7017 temp=1.00 total_env_steps=130454 t=0.40s
Ep 3181: len= 44 白胜 loss=26.5109 temp=1.00 total_env_steps=130498 t=0.40s
Ep 3182: len= 64 白胜 loss=26.2059 temp=1.00 total_env_steps=130562 t=0.53s
Ep 3183: len= 65 黑胜 loss=26.3223 temp=1.00 total_env_steps=130627 t=0.53s
Ep 3184: len= 35 黑胜 loss=26.3802 temp=1.00 total_env_steps=130662 t=0.34s
Ep 3185: len= 19 黑胜 loss=26.4413 temp=1.00 total_env_steps=130681 t=0.26s
Ep 3186: len= 20 白胜 loss=26.9075 temp=1.00 total_env_steps=130701 t=0.26s
Ep 3187: len= 58 白胜 loss=26.1498 temp=1.00 total_env_steps=130759 t=0.52s
Ep 3188: len= 26 白胜 loss=26.3583 temp=1.00 total_env_steps=130785 t=0.33s
Ep 3189: len= 36 白胜 loss=26.5956 temp=1.00 total_env_steps=130821 t=0.38s
Ep 3190: len= 47 黑胜 loss=26.6831 temp=1.00 total_env_steps=130868 t=0.44s
Ep 3191: len= 39 黑胜 loss=26.5076 temp=1.00 total_env_steps=130907 t=0.37s
Ep 3192: len= 44 白胜 loss=26.4869 temp=1.00 total_env_steps=130951 t=0.40s
Ep 3193: len= 39 黑胜 loss=26.6304 temp=1.00 total_env_steps=130990 t=0.40s
Ep 3194: len= 31 黑胜 loss=26.6026 temp=1.00 total_env_steps=131021 t=0.33s
Ep 3195: len= 25 黑胜 loss=26.1307 temp=1.00 total_env_steps=131046 t=0.30s
Ep 3196: len= 54 白胜 loss=26.2264 temp=1.00 total_env_steps=131100 t=0.48s
Ep 3197: len= 45 黑胜 loss=26.5730 temp=1.00 total_env_steps=131145 t=0.39s
Ep 3198: len= 53 黑胜 loss=26.3472 temp=1.00 total_env_steps=131198 t=0.45s
Ep 3199: len= 31 黑胜 loss=26.5135 temp=1.00 total_env_steps=131229 t=0.34s
Ep 3200: len= 30 白胜 loss=26.5238 temp=1.00 total_env_steps=131259 t=0.34s
Ep 3201: len= 35 黑胜 loss=26.1608 temp=1.00 total_env_steps=131294 t=0.36s
Ep 3202: len= 30 白胜 loss=26.4485 temp=1.00 total_env_steps=131324 t=0.33s
Ep 3203: len= 72 白胜 loss=26.3743 temp=1.00 total_env_steps=131396 t=0.57s
Ep 3204: len= 38 白胜 loss=26.0101 temp=1.00 total_env_steps=131434 t=0.38s
Ep 3205: len= 48 白胜 loss=26.8976 temp=1.00 total_env_steps=131482 t=0.44s
Ep 3206: len= 36 白胜 loss=26.3691 temp=1.00 total_env_steps=131518 t=0.36s
Ep 3207: len= 44 白胜 loss=26.1257 temp=1.00 total_env_steps=131562 t=0.39s
Ep 3208: len= 31 黑胜 loss=26.7898 temp=1.00 total_env_steps=131593 t=0.32s
Ep 3209: len= 48 白胜 loss=26.4448 temp=1.00 total_env_steps=131641 t=0.43s
Ep 3210: len= 41 黑胜 loss=26.5602 temp=1.00 total_env_steps=131682 t=0.39s
Ep 3211: len= 32 白胜 loss=26.3659 temp=1.00 total_env_steps=131714 t=0.36s
Ep 3212: len= 19 黑胜 loss=26.5831 temp=1.00 total_env_steps=131733 t=0.29s
Ep 3213: len= 54 白胜 loss=26.5578 temp=1.00 total_env_steps=131787 t=0.47s
Ep 3214: len= 50 白胜 loss=26.3794 temp=1.00 total_env_steps=131837 t=0.44s
Ep 3215: len= 40 白胜 loss=26.3342 temp=1.00 total_env_steps=131877 t=0.38s
Ep 3216: len= 32 白胜 loss=26.7715 temp=1.00 total_env_steps=131909 t=0.31s
Ep 3217: len= 50 白胜 loss=26.1037 temp=1.00 total_env_steps=131959 t=0.48s
Ep 3218: len= 21 黑胜 loss=26.2447 temp=1.00 total_env_steps=131980 t=0.27s
Ep 3219: len= 35 黑胜 loss=26.5859 temp=1.00 total_env_steps=132015 t=0.33s
Ep 3220: len= 62 白胜 loss=26.1477 temp=1.00 total_env_steps=132077 t=0.53s
Ep 3221: len= 81 平局 loss=26.9459 temp=1.00 total_env_steps=132158 t=0.65s
Ep 3222: len= 47 黑胜 loss=26.7486 temp=1.00 total_env_steps=132205 t=0.47s
Ep 3223: len= 46 白胜 loss=26.4126 temp=1.00 total_env_steps=132251 t=0.45s
Ep 3224: len= 54 白胜 loss=26.6993 temp=1.00 total_env_steps=132305 t=0.50s
Ep 3225: len= 37 黑胜 loss=26.4177 temp=1.00 total_env_steps=132342 t=0.34s
Ep 3226: len= 37 黑胜 loss=26.2492 temp=1.00 total_env_steps=132379 t=0.36s
Ep 3227: len= 29 黑胜 loss=26.0964 temp=1.00 total_env_steps=132408 t=0.32s
Ep 3228: len= 37 黑胜 loss=26.5686 temp=1.00 total_env_steps=132445 t=0.38s
Ep 3229: len= 42 白胜 loss=26.5847 temp=1.00 total_env_steps=132487 t=0.41s
Ep 3230: len= 49 黑胜 loss=26.5449 temp=1.00 total_env_steps=132536 t=0.52s
Ep 3231: len= 19 黑胜 loss=26.0961 temp=1.00 total_env_steps=132555 t=0.25s
Ep 3232: len= 23 黑胜 loss=26.0483 temp=1.00 total_env_steps=132578 t=0.28s
Ep 3233: len= 39 黑胜 loss=26.6723 temp=1.00 total_env_steps=132617 t=0.36s
Ep 3234: len= 37 黑胜 loss=26.3259 temp=1.00 total_env_steps=132654 t=0.38s
Ep 3235: len= 26 白胜 loss=26.4421 temp=1.00 total_env_steps=132680 t=0.30s
Ep 3236: len= 33 黑胜 loss=26.6005 temp=1.00 total_env_steps=132713 t=0.35s
Ep 3237: len= 32 白胜 loss=26.8688 temp=1.00 total_env_steps=132745 t=0.34s
Ep 3238: len= 56 白胜 loss=26.5851 temp=1.00 total_env_steps=132801 t=0.52s
Ep 3239: len= 50 白胜 loss=26.2232 temp=1.00 total_env_steps=132851 t=0.46s
Ep 3240: len= 34 白胜 loss=26.3477 temp=1.00 total_env_steps=132885 t=0.40s
Ep 3241: len= 50 白胜 loss=26.4457 temp=1.00 total_env_steps=132935 t=0.43s
Ep 3242: len= 42 白胜 loss=26.6845 temp=1.00 total_env_steps=132977 t=0.38s
Ep 3243: len= 61 黑胜 loss=26.5403 temp=1.00 total_env_steps=133038 t=0.52s
Ep 3244: len= 34 白胜 loss=26.2327 temp=1.00 total_env_steps=133072 t=0.39s
Ep 3245: len= 43 黑胜 loss=26.2166 temp=1.00 total_env_steps=133115 t=0.40s
Ep 3246: len= 55 黑胜 loss=26.4072 temp=1.00 total_env_steps=133170 t=0.50s
Ep 3247: len= 49 黑胜 loss=26.1706 temp=1.00 total_env_steps=133219 t=0.45s
Ep 3248: len= 31 黑胜 loss=26.7188 temp=1.00 total_env_steps=133250 t=0.35s
Ep 3249: len= 40 白胜 loss=26.8363 temp=1.00 total_env_steps=133290 t=0.40s
Ep 3250: len= 28 白胜 loss=26.5029 temp=1.00 total_env_steps=133318 t=0.31s
Ep 3251: len= 35 黑胜 loss=26.4685 temp=1.00 total_env_steps=133353 t=0.37s
Ep 3252: len= 65 黑胜 loss=26.4600 temp=1.00 total_env_steps=133418 t=0.60s
Ep 3253: len= 22 白胜 loss=26.0146 temp=1.00 total_env_steps=133440 t=0.28s
Ep 3254: len= 32 白胜 loss=26.7569 temp=1.00 total_env_steps=133472 t=0.35s
Ep 3255: len= 37 黑胜 loss=26.2241 temp=1.00 total_env_steps=133509 t=0.36s
Ep 3256: len= 39 黑胜 loss=26.7889 temp=1.00 total_env_steps=133548 t=0.38s
Ep 3257: len= 39 黑胜 loss=26.0349 temp=1.00 total_env_steps=133587 t=0.38s
Ep 3258: len= 20 白胜 loss=26.6866 temp=1.00 total_env_steps=133607 t=0.28s
Ep 3259: len= 55 黑胜 loss=26.3295 temp=1.00 total_env_steps=133662 t=0.47s
Ep 3260: len= 59 黑胜 loss=26.2888 temp=1.00 total_env_steps=133721 t=0.53s
Ep 3261: len= 44 白胜 loss=26.3968 temp=1.00 total_env_steps=133765 t=0.41s
Ep 3262: len= 59 黑胜 loss=26.3267 temp=1.00 total_env_steps=133824 t=0.54s
Ep 3263: len= 79 黑胜 loss=27.0789 temp=1.00 total_env_steps=133903 t=0.63s
Ep 3264: len= 71 黑胜 loss=26.5279 temp=1.00 total_env_steps=133974 t=0.60s
Ep 3265: len= 57 黑胜 loss=26.2232 temp=1.00 total_env_steps=134031 t=0.49s
Ep 3266: len= 47 黑胜 loss=26.4454 temp=1.00 total_env_steps=134078 t=0.42s
Ep 3267: len= 22 白胜 loss=26.2633 temp=1.00 total_env_steps=134100 t=0.27s
Ep 3268: len= 29 黑胜 loss=26.5814 temp=1.00 total_env_steps=134129 t=0.32s
Ep 3269: len= 31 黑胜 loss=26.1803 temp=1.00 total_env_steps=134160 t=0.35s
Ep 3270: len= 39 黑胜 loss=26.3226 temp=1.00 total_env_steps=134199 t=0.37s
Ep 3271: len= 37 黑胜 loss=26.0090 temp=1.00 total_env_steps=134236 t=0.36s
Ep 3272: len= 24 白胜 loss=26.7731 temp=1.00 total_env_steps=134260 t=0.28s
Ep 3273: len= 22 白胜 loss=26.2331 temp=1.00 total_env_steps=134282 t=0.27s
Ep 3274: len= 25 黑胜 loss=26.2965 temp=1.00 total_env_steps=134307 t=0.28s
Ep 3275: len= 52 白胜 loss=26.1135 temp=1.00 total_env_steps=134359 t=0.49s
Ep 3276: len= 40 白胜 loss=26.3873 temp=1.00 total_env_steps=134399 t=0.40s
Ep 3277: len= 47 黑胜 loss=25.6904 temp=1.00 total_env_steps=134446 t=0.46s
Ep 3278: len= 43 黑胜 loss=26.7951 temp=1.00 total_env_steps=134489 t=0.39s
Ep 3279: len= 31 黑胜 loss=26.2770 temp=1.00 total_env_steps=134520 t=0.34s
Ep 3280: len= 51 黑胜 loss=26.6586 temp=1.00 total_env_steps=134571 t=0.43s
Ep 3281: len= 37 黑胜 loss=26.6120 temp=1.00 total_env_steps=134608 t=0.35s
Ep 3282: len= 27 黑胜 loss=26.5363 temp=1.00 total_env_steps=134635 t=0.29s
Ep 3283: len= 52 白胜 loss=26.2455 temp=1.00 total_env_steps=134687 t=0.45s
Ep 3284: len= 55 黑胜 loss=26.4518 temp=1.00 total_env_steps=134742 t=0.47s
Ep 3285: len= 71 黑胜 loss=26.2987 temp=1.00 total_env_steps=134813 t=0.56s
Ep 3286: len= 28 白胜 loss=26.1401 temp=1.00 total_env_steps=134841 t=0.31s
Ep 3287: len= 30 白胜 loss=26.7212 temp=1.00 total_env_steps=134871 t=0.33s
Ep 3288: len= 20 白胜 loss=26.5316 temp=1.00 total_env_steps=134891 t=0.24s
Ep 3289: len= 52 白胜 loss=26.3291 temp=1.00 total_env_steps=134943 t=0.43s
Ep 3290: len= 38 白胜 loss=26.2608 temp=1.00 total_env_steps=134981 t=0.37s
Ep 3291: len= 35 黑胜 loss=26.1138 temp=1.00 total_env_steps=135016 t=0.34s
Ep 3292: len= 46 白胜 loss=26.5093 temp=1.00 total_env_steps=135062 t=0.40s
Ep 3293: len= 35 黑胜 loss=26.5757 temp=1.00 total_env_steps=135097 t=0.34s
Ep 3294: len= 33 黑胜 loss=26.2259 temp=1.00 total_env_steps=135130 t=0.32s
Ep 3295: len= 63 黑胜 loss=26.0772 temp=1.00 total_env_steps=135193 t=0.54s
Ep 3296: len= 41 黑胜 loss=26.0054 temp=1.00 total_env_steps=135234 t=0.38s
Ep 3297: len= 23 黑胜 loss=26.3406 temp=1.00 total_env_steps=135257 t=0.27s
Ep 3298: len= 44 白胜 loss=26.3753 temp=1.00 total_env_steps=135301 t=0.39s
Ep 3299: len= 54 白胜 loss=26.5250 temp=1.00 total_env_steps=135355 t=0.49s
Ep 3300: len= 40 白胜 loss=26.1367 temp=1.00 total_env_steps=135395 t=0.42s
Ep 3301: len= 36 白胜 loss=26.6508 temp=1.00 total_env_steps=135431 t=0.37s
Ep 3302: len= 54 白胜 loss=26.3196 temp=1.00 total_env_steps=135485 t=0.48s
Ep 3303: len= 45 黑胜 loss=26.4597 temp=1.00 total_env_steps=135530 t=0.41s
Ep 3304: len= 35 黑胜 loss=26.2643 temp=1.00 total_env_steps=135565 t=0.36s
Ep 3305: len= 31 黑胜 loss=26.1543 temp=1.00 total_env_steps=135596 t=0.37s
Ep 3306: len= 29 黑胜 loss=25.9960 temp=1.00 total_env_steps=135625 t=0.31s
Ep 3307: len= 23 黑胜 loss=26.3177 temp=1.00 total_env_steps=135648 t=0.27s
Ep 3308: len= 35 黑胜 loss=26.0400 temp=1.00 total_env_steps=135683 t=0.33s
Ep 3309: len= 51 黑胜 loss=26.8026 temp=1.00 total_env_steps=135734 t=0.44s
Ep 3310: len= 46 白胜 loss=25.8300 temp=1.00 total_env_steps=135780 t=0.39s
Ep 3311: len= 55 黑胜 loss=26.5589 temp=1.00 total_env_steps=135835 t=0.49s
Ep 3312: len= 39 黑胜 loss=26.1923 temp=1.00 total_env_steps=135874 t=0.37s
Ep 3313: len= 18 白胜 loss=26.1614 temp=1.00 total_env_steps=135892 t=0.23s
Ep 3314: len= 26 白胜 loss=26.3722 temp=1.00 total_env_steps=135918 t=0.29s
Ep 3315: len= 63 黑胜 loss=25.8099 temp=1.00 total_env_steps=135981 t=0.50s
Ep 3316: len= 44 白胜 loss=26.2252 temp=1.00 total_env_steps=136025 t=0.39s
Ep 3317: len= 51 黑胜 loss=26.2988 temp=1.00 total_env_steps=136076 t=0.43s
Ep 3318: len= 26 白胜 loss=26.1276 temp=1.00 total_env_steps=136102 t=0.28s
Ep 3319: len= 28 白胜 loss=26.5920 temp=1.00 total_env_steps=136130 t=0.31s
Ep 3320: len= 25 黑胜 loss=26.5152 temp=1.00 total_env_steps=136155 t=0.28s
Ep 3321: len= 46 白胜 loss=26.1863 temp=1.00 total_env_steps=136201 t=0.40s
Ep 3322: len= 33 黑胜 loss=25.9360 temp=1.00 total_env_steps=136234 t=0.33s
Ep 3323: len= 48 白胜 loss=26.5070 temp=1.00 total_env_steps=136282 t=0.46s
Ep 3324: len= 34 白胜 loss=26.1776 temp=1.00 total_env_steps=136316 t=0.33s
Ep 3325: len= 53 黑胜 loss=26.2698 temp=1.00 total_env_steps=136369 t=0.46s
Ep 3326: len= 48 白胜 loss=26.1149 temp=1.00 total_env_steps=136417 t=0.43s
Ep 3327: len= 30 白胜 loss=26.3872 temp=1.00 total_env_steps=136447 t=0.31s
Ep 3328: len= 42 白胜 loss=26.4174 temp=1.00 total_env_steps=136489 t=0.39s
Ep 3329: len= 37 黑胜 loss=26.5892 temp=1.00 total_env_steps=136526 t=0.36s
Ep 3330: len= 31 黑胜 loss=26.0020 temp=1.00 total_env_steps=136557 t=0.31s
Ep 3331: len= 25 黑胜 loss=26.5370 temp=1.00 total_env_steps=136582 t=0.28s
Ep 3332: len= 65 黑胜 loss=26.6227 temp=1.00 total_env_steps=136647 t=0.52s
Ep 3333: len= 39 黑胜 loss=25.8359 temp=1.00 total_env_steps=136686 t=0.38s
Ep 3334: len= 44 白胜 loss=26.1820 temp=1.00 total_env_steps=136730 t=0.48s
Ep 3335: len= 50 白胜 loss=26.1377 temp=1.00 total_env_steps=136780 t=0.48s
Ep 3336: len= 29 黑胜 loss=26.4619 temp=1.00 total_env_steps=136809 t=0.32s
Ep 3337: len= 36 白胜 loss=26.1444 temp=1.00 total_env_steps=136845 t=0.35s
Ep 3338: len= 35 黑胜 loss=25.9853 temp=1.00 total_env_steps=136880 t=0.36s
Ep 3339: len= 35 黑胜 loss=26.2993 temp=1.00 total_env_steps=136915 t=0.33s
Ep 3340: len= 71 黑胜 loss=25.6638 temp=1.00 total_env_steps=136986 t=0.59s
Ep 3341: len= 26 白胜 loss=26.4173 temp=1.00 total_env_steps=137012 t=0.30s
Ep 3342: len= 33 黑胜 loss=25.9999 temp=1.00 total_env_steps=137045 t=0.35s
Ep 3343: len= 38 白胜 loss=26.0477 temp=1.00 total_env_steps=137083 t=0.43s
Ep 3344: len= 49 黑胜 loss=25.8178 temp=1.00 total_env_steps=137132 t=0.46s
Ep 3345: len= 45 黑胜 loss=26.6411 temp=1.00 total_env_steps=137177 t=0.39s
Ep 3346: len= 33 黑胜 loss=26.5403 temp=1.00 total_env_steps=137210 t=0.33s
Ep 3347: len= 45 黑胜 loss=26.1196 temp=1.00 total_env_steps=137255 t=0.42s
Ep 3348: len= 32 白胜 loss=26.5917 temp=1.00 total_env_steps=137287 t=0.33s
Ep 3349: len= 37 黑胜 loss=26.0227 temp=1.00 total_env_steps=137324 t=0.33s
Ep 3350: len= 41 黑胜 loss=26.1852 temp=1.00 total_env_steps=137365 t=0.40s
Ep 3351: len= 45 黑胜 loss=25.7777 temp=1.00 total_env_steps=137410 t=0.41s
Ep 3352: len= 14 白胜 loss=25.8967 temp=1.00 total_env_steps=137424 t=0.22s
Ep 3353: len= 31 黑胜 loss=25.2608 temp=1.00 total_env_steps=137455 t=0.32s
Ep 3354: len= 30 白胜 loss=26.0408 temp=1.00 total_env_steps=137485 t=0.33s
Ep 3355: len= 41 黑胜 loss=26.0787 temp=1.00 total_env_steps=137526 t=0.39s
Ep 3356: len= 34 白胜 loss=26.1089 temp=1.00 total_env_steps=137560 t=0.34s
Ep 3357: len= 33 黑胜 loss=26.5663 temp=1.00 total_env_steps=137593 t=0.35s
Ep 3358: len= 44 白胜 loss=26.2339 temp=1.00 total_env_steps=137637 t=0.48s
Ep 3359: len= 53 黑胜 loss=26.6313 temp=1.00 total_env_steps=137690 t=0.51s
Ep 3360: len= 43 黑胜 loss=25.8292 temp=1.00 total_env_steps=137733 t=0.38s
Ep 3361: len= 30 白胜 loss=25.8873 temp=1.00 total_env_steps=137763 t=0.29s
Ep 3362: len= 52 白胜 loss=26.7884 temp=1.00 total_env_steps=137815 t=0.48s
Ep 3363: len= 37 黑胜 loss=25.7343 temp=1.00 total_env_steps=137852 t=0.36s
Ep 3364: len= 22 白胜 loss=26.5292 temp=1.00 total_env_steps=137874 t=0.27s
Ep 3365: len= 28 白胜 loss=26.4963 temp=1.00 total_env_steps=137902 t=0.30s
Ep 3366: len= 29 黑胜 loss=26.0494 temp=1.00 total_env_steps=137931 t=0.28s
Ep 3367: len= 25 黑胜 loss=25.9576 temp=1.00 total_env_steps=137956 t=0.29s
Ep 3368: len= 26 白胜 loss=26.7041 temp=1.00 total_env_steps=137982 t=0.30s
Ep 3369: len= 27 黑胜 loss=26.0355 temp=1.00 total_env_steps=138009 t=0.30s
Ep 3370: len= 27 黑胜 loss=25.8783 temp=1.00 total_env_steps=138036 t=0.28s
Ep 3371: len= 38 白胜 loss=26.4060 temp=1.00 total_env_steps=138074 t=0.36s
Ep 3372: len= 47 黑胜 loss=26.2230 temp=1.00 total_env_steps=138121 t=0.48s
Ep 3373: len= 42 白胜 loss=26.2025 temp=1.00 total_env_steps=138163 t=0.39s
Ep 3374: len= 29 黑胜 loss=26.0179 temp=1.00 total_env_steps=138192 t=0.32s
Ep 3375: len= 27 黑胜 loss=26.0703 temp=1.00 total_env_steps=138219 t=0.30s
Ep 3376: len= 38 白胜 loss=26.3433 temp=1.00 total_env_steps=138257 t=0.36s
Ep 3377: len= 28 白胜 loss=25.7543 temp=1.00 total_env_steps=138285 t=0.29s
Ep 3378: len= 45 黑胜 loss=25.9516 temp=1.00 total_env_steps=138330 t=0.43s
Ep 3379: len= 26 白胜 loss=26.4039 temp=1.00 total_env_steps=138356 t=0.28s
Ep 3380: len= 41 黑胜 loss=26.4011 temp=1.00 total_env_steps=138397 t=0.39s
Ep 3381: len= 29 黑胜 loss=26.2820 temp=1.00 total_env_steps=138426 t=0.31s
Ep 3382: len= 24 白胜 loss=26.3715 temp=1.00 total_env_steps=138450 t=0.27s
Ep 3383: len= 49 黑胜 loss=25.6207 temp=1.00 total_env_steps=138499 t=0.42s
Ep 3384: len= 28 白胜 loss=26.3248 temp=1.00 total_env_steps=138527 t=0.29s
Ep 3385: len= 25 黑胜 loss=26.6073 temp=1.00 total_env_steps=138552 t=0.31s
Ep 3386: len= 60 白胜 loss=25.9916 temp=1.00 total_env_steps=138612 t=0.56s
Ep 3387: len= 24 白胜 loss=26.3448 temp=1.00 total_env_steps=138636 t=0.29s
Ep 3388: len= 35 黑胜 loss=26.0210 temp=1.00 total_env_steps=138671 t=0.35s
Ep 3389: len= 43 黑胜 loss=25.8028 temp=1.00 total_env_steps=138714 t=0.35s
Ep 3390: len= 32 白胜 loss=26.0056 temp=1.00 total_env_steps=138746 t=0.31s
Ep 3391: len= 32 白胜 loss=25.3553 temp=1.00 total_env_steps=138778 t=0.32s
Ep 3392: len= 35 黑胜 loss=26.3238 temp=1.00 total_env_steps=138813 t=0.33s
Ep 3393: len= 68 白胜 loss=26.1891 temp=1.00 total_env_steps=138881 t=0.52s
Ep 3394: len= 39 黑胜 loss=25.7774 temp=1.00 total_env_steps=138920 t=0.37s
Ep 3395: len= 37 黑胜 loss=25.8569 temp=1.00 total_env_steps=138957 t=0.34s
Ep 3396: len= 46 白胜 loss=25.9993 temp=1.00 total_env_steps=139003 t=0.43s
Ep 3397: len= 35 黑胜 loss=25.4614 temp=1.00 total_env_steps=139038 t=0.35s
Ep 3398: len= 32 白胜 loss=26.3445 temp=1.00 total_env_steps=139070 t=0.29s
Ep 3399: len= 36 白胜 loss=26.7368 temp=1.00 total_env_steps=139106 t=0.37s
Ep 3400: len= 32 白胜 loss=25.7216 temp=1.00 total_env_steps=139138 t=0.32s
Ep 3401: len= 26 白胜 loss=25.9928 temp=1.00 total_env_steps=139164 t=0.29s
Ep 3402: len= 35 黑胜 loss=26.0765 temp=1.00 total_env_steps=139199 t=0.33s
Ep 3403: len= 30 白胜 loss=26.4972 temp=1.00 total_env_steps=139229 t=0.31s
Ep 3404: len= 25 黑胜 loss=25.8267 temp=1.00 total_env_steps=139254 t=0.29s
Ep 3405: len= 27 黑胜 loss=26.2627 temp=1.00 total_env_steps=139281 t=0.28s
Ep 3406: len= 30 白胜 loss=25.5951 temp=1.00 total_env_steps=139311 t=0.34s
Ep 3407: len= 35 黑胜 loss=26.3965 temp=1.00 total_env_steps=139346 t=0.34s
Ep 3408: len= 26 白胜 loss=26.0587 temp=1.00 total_env_steps=139372 t=0.30s
Ep 3409: len= 58 白胜 loss=26.1954 temp=1.00 total_env_steps=139430 t=0.51s
Ep 3410: len= 65 黑胜 loss=26.6711 temp=1.00 total_env_steps=139495 t=0.58s
Ep 3411: len= 26 白胜 loss=25.9260 temp=1.00 total_env_steps=139521 t=0.30s
Ep 3412: len= 38 白胜 loss=26.1302 temp=1.00 total_env_steps=139559 t=0.38s
Ep 3413: len= 22 白胜 loss=26.1110 temp=1.00 total_env_steps=139581 t=0.27s
Ep 3414: len= 46 白胜 loss=26.0114 temp=1.00 total_env_steps=139627 t=0.40s
Ep 3415: len= 55 黑胜 loss=26.2456 temp=1.00 total_env_steps=139682 t=0.47s
Ep 3416: len= 32 白胜 loss=25.7995 temp=1.00 total_env_steps=139714 t=0.33s
Ep 3417: len= 53 黑胜 loss=26.0103 temp=1.00 total_env_steps=139767 t=0.47s
Ep 3418: len= 47 黑胜 loss=26.4399 temp=1.00 total_env_steps=139814 t=0.42s
Ep 3419: len= 51 黑胜 loss=25.9111 temp=1.00 total_env_steps=139865 t=0.45s
Ep 3420: len= 19 黑胜 loss=25.9150 temp=1.00 total_env_steps=139884 t=0.25s
Ep 3421: len= 41 黑胜 loss=26.4287 temp=1.00 total_env_steps=139925 t=0.38s
Ep 3422: len= 34 白胜 loss=26.2043 temp=1.00 total_env_steps=139959 t=0.33s
Ep 3423: len= 32 白胜 loss=25.9574 temp=1.00 total_env_steps=139991 t=0.32s
Ep 3424: len= 69 黑胜 loss=25.9534 temp=1.00 total_env_steps=140060 t=0.56s
Ep 3425: len= 25 黑胜 loss=26.0790 temp=1.00 total_env_steps=140085 t=0.29s
Ep 3426: len= 33 黑胜 loss=25.9414 temp=1.00 total_env_steps=140118 t=0.34s
Ep 3427: len= 34 白胜 loss=25.4756 temp=1.00 total_env_steps=140152 t=0.34s
Ep 3428: len= 38 白胜 loss=26.5193 temp=1.00 total_env_steps=140190 t=0.36s
Ep 3429: len= 73 黑胜 loss=26.5598 temp=1.00 total_env_steps=140263 t=0.56s
Ep 3430: len= 35 黑胜 loss=26.5005 temp=1.00 total_env_steps=140298 t=0.33s
Ep 3431: len= 32 白胜 loss=25.9845 temp=1.00 total_env_steps=140330 t=0.30s
Ep 3432: len= 31 黑胜 loss=26.0104 temp=1.00 total_env_steps=140361 t=0.32s
Ep 3433: len= 34 白胜 loss=25.8402 temp=1.00 total_env_steps=140395 t=0.32s
Ep 3434: len= 47 黑胜 loss=26.0075 temp=1.00 total_env_steps=140442 t=0.41s
Ep 3435: len= 50 白胜 loss=26.0177 temp=1.00 total_env_steps=140492 t=0.44s
Ep 3436: len= 46 白胜 loss=26.0281 temp=1.00 total_env_steps=140538 t=0.39s
Ep 3437: len= 30 白胜 loss=26.2054 temp=1.00 total_env_steps=140568 t=0.32s
Ep 3438: len= 46 白胜 loss=26.4056 temp=1.00 total_env_steps=140614 t=0.40s
Ep 3439: len= 37 黑胜 loss=25.7849 temp=1.00 total_env_steps=140651 t=0.37s
Ep 3440: len= 36 白胜 loss=25.9216 temp=1.00 total_env_steps=140687 t=0.36s
Ep 3441: len= 37 黑胜 loss=25.8826 temp=1.00 total_env_steps=140724 t=0.33s
Ep 3442: len= 18 白胜 loss=25.8255 temp=1.00 total_env_steps=140742 t=0.27s
Ep 3443: len= 42 白胜 loss=26.0962 temp=1.00 total_env_steps=140784 t=0.38s
Ep 3444: len= 39 黑胜 loss=25.6867 temp=1.00 total_env_steps=140823 t=0.35s
Ep 3445: len= 47 黑胜 loss=25.8335 temp=1.00 total_env_steps=140870 t=0.42s
Ep 3446: len= 25 黑胜 loss=25.4515 temp=1.00 total_env_steps=140895 t=0.29s
Ep 3447: len= 46 白胜 loss=25.7662 temp=1.00 total_env_steps=140941 t=0.41s
Ep 3448: len= 30 白胜 loss=26.2941 temp=1.00 total_env_steps=140971 t=0.34s
Ep 3449: len= 35 黑胜 loss=26.2442 temp=1.00 total_env_steps=141006 t=0.34s
Ep 3450: len= 42 白胜 loss=25.8855 temp=1.00 total_env_steps=141048 t=0.41s
Ep 3451: len= 35 黑胜 loss=25.6912 temp=1.00 total_env_steps=141083 t=0.34s
Ep 3452: len= 36 白胜 loss=25.5178 temp=1.00 total_env_steps=141119 t=0.34s
Ep 3453: len= 32 白胜 loss=26.3136 temp=1.00 total_env_steps=141151 t=0.30s
Ep 3454: len= 39 黑胜 loss=26.8003 temp=1.00 total_env_steps=141190 t=0.37s
Ep 3455: len= 32 白胜 loss=25.9454 temp=1.00 total_env_steps=141222 t=0.31s
Ep 3456: len= 39 黑胜 loss=25.8172 temp=1.00 total_env_steps=141261 t=0.37s
Ep 3457: len= 65 黑胜 loss=26.4946 temp=1.00 total_env_steps=141326 t=0.56s
Ep 3458: len= 31 黑胜 loss=25.8569 temp=1.00 total_env_steps=141357 t=0.32s
Ep 3459: len= 24 白胜 loss=26.4694 temp=1.00 total_env_steps=141381 t=0.29s
Ep 3460: len= 21 黑胜 loss=26.1413 temp=1.00 total_env_steps=141402 t=0.26s
Ep 3461: len= 36 白胜 loss=25.9067 temp=1.00 total_env_steps=141438 t=0.34s
Ep 3462: len= 35 黑胜 loss=25.8310 temp=1.00 total_env_steps=141473 t=0.34s
Ep 3463: len= 43 黑胜 loss=25.9884 temp=1.00 total_env_steps=141516 t=0.38s
Ep 3464: len= 66 白胜 loss=26.0137 temp=1.00 total_env_steps=141582 t=0.55s
Ep 3465: len= 55 黑胜 loss=25.6830 temp=1.00 total_env_steps=141637 t=0.46s
Ep 3466: len= 45 黑胜 loss=25.5096 temp=1.00 total_env_steps=141682 t=0.42s
Ep 3467: len= 41 黑胜 loss=25.9671 temp=1.00 total_env_steps=141723 t=0.39s
Ep 3468: len= 28 白胜 loss=26.4484 temp=1.00 total_env_steps=141751 t=0.31s
Ep 3469: len= 28 白胜 loss=25.6550 temp=1.00 total_env_steps=141779 t=0.29s
Ep 3470: len= 45 黑胜 loss=25.6268 temp=1.00 total_env_steps=141824 t=0.38s
Ep 3471: len= 38 白胜 loss=26.2907 temp=1.00 total_env_steps=141862 t=0.36s
Ep 3472: len= 39 黑胜 loss=25.8656 temp=1.00 total_env_steps=141901 t=0.35s
Ep 3473: len= 27 黑胜 loss=25.3803 temp=1.00 total_env_steps=141928 t=0.28s
Ep 3474: len= 44 白胜 loss=25.5376 temp=1.00 total_env_steps=141972 t=0.38s
Ep 3475: len= 37 黑胜 loss=25.6636 temp=1.00 total_env_steps=142009 t=0.35s
Ep 3476: len= 48 白胜 loss=25.9328 temp=1.00 total_env_steps=142057 t=0.42s
Ep 3477: len= 46 白胜 loss=26.0358 temp=1.00 total_env_steps=142103 t=0.41s
Ep 3478: len= 25 黑胜 loss=26.1130 temp=1.00 total_env_steps=142128 t=0.32s
Ep 3479: len= 42 白胜 loss=25.4937 temp=1.00 total_env_steps=142170 t=0.38s
Ep 3480: len= 33 黑胜 loss=25.8281 temp=1.00 total_env_steps=142203 t=0.32s
Ep 3481: len= 35 黑胜 loss=25.8688 temp=1.00 total_env_steps=142238 t=0.35s
Ep 3482: len= 34 白胜 loss=25.1843 temp=1.00 total_env_steps=142272 t=0.37s
Ep 3483: len= 35 黑胜 loss=26.0388 temp=1.00 total_env_steps=142307 t=0.32s
Ep 3484: len= 35 黑胜 loss=26.6126 temp=1.00 total_env_steps=142342 t=0.36s
Ep 3485: len= 60 白胜 loss=26.0542 temp=1.00 total_env_steps=142402 t=0.52s
Ep 3486: len= 27 黑胜 loss=25.9018 temp=1.00 total_env_steps=142429 t=0.30s
Ep 3487: len= 32 白胜 loss=25.4667 temp=1.00 total_env_steps=142461 t=0.35s
Ep 3488: len= 28 白胜 loss=26.3545 temp=1.00 total_env_steps=142489 t=0.29s
Ep 3489: len= 56 白胜 loss=25.9073 temp=1.00 total_env_steps=142545 t=0.51s
Ep 3490: len= 56 白胜 loss=25.6985 temp=1.00 total_env_steps=142601 t=0.47s
Ep 3491: len= 56 白胜 loss=26.0195 temp=1.00 total_env_steps=142657 t=0.46s
Ep 3492: len= 42 白胜 loss=26.1808 temp=1.00 total_env_steps=142699 t=0.39s
Ep 3493: len= 33 黑胜 loss=26.5833 temp=1.00 total_env_steps=142732 t=0.33s
Ep 3494: len= 39 黑胜 loss=26.1893 temp=1.00 total_env_steps=142771 t=0.35s
Ep 3495: len= 28 白胜 loss=26.0886 temp=1.00 total_env_steps=142799 t=0.31s
Ep 3496: len= 52 白胜 loss=25.8349 temp=1.00 total_env_steps=142851 t=0.44s
Ep 3497: len= 54 白胜 loss=25.0732 temp=1.00 total_env_steps=142905 t=0.44s
Ep 3498: len= 51 黑胜 loss=25.8174 temp=1.00 total_env_steps=142956 t=0.45s
Ep 3499: len= 33 黑胜 loss=26.3461 temp=1.00 total_env_steps=142989 t=0.32s
Ep 3500: len= 81 平局 loss=26.0195 temp=1.00 total_env_steps=143070 t=0.65s
  eval vs Gomoku-random-v0: win_rate=1.00 mean_return=1.00（20 局，total_env_steps=143070）
Ep 3501: len= 51 黑胜 loss=25.7507 temp=1.00 total_env_steps=143121 t=0.45s
Ep 3502: len= 21 黑胜 loss=25.4018 temp=1.00 total_env_steps=143142 t=0.26s
Ep 3503: len= 57 黑胜 loss=26.1904 temp=1.00 total_env_steps=143199 t=0.47s
Ep 3504: len= 29 黑胜 loss=25.5871 temp=1.00 total_env_steps=143228 t=0.29s
Ep 3505: len= 41 黑胜 loss=25.6663 temp=1.00 total_env_steps=143269 t=0.39s
Ep 3506: len= 27 黑胜 loss=26.3260 temp=1.00 total_env_steps=143296 t=0.31s
Ep 3507: len= 40 白胜 loss=26.1975 temp=1.00 total_env_steps=143336 t=0.38s
Ep 3508: len= 48 白胜 loss=26.0835 temp=1.00 total_env_steps=143384 t=0.43s
Ep 3509: len= 21 黑胜 loss=26.0571 temp=1.00 total_env_steps=143405 t=0.27s
Ep 3510: len= 36 白胜 loss=26.3144 temp=1.00 total_env_steps=143441 t=0.33s
Ep 3511: len= 42 白胜 loss=25.7968 temp=1.00 total_env_steps=143483 t=0.39s
Ep 3512: len= 49 黑胜 loss=25.8188 temp=1.00 total_env_steps=143532 t=0.43s
Ep 3513: len= 45 黑胜 loss=25.3598 temp=1.00 total_env_steps=143577 t=0.42s
Ep 3514: len= 56 白胜 loss=25.6150 temp=1.00 total_env_steps=143633 t=0.47s
Ep 3515: len= 46 白胜 loss=25.5113 temp=1.00 total_env_steps=143679 t=0.40s
Ep 3516: len= 28 白胜 loss=26.1085 temp=1.00 total_env_steps=143707 t=0.29s
Ep 3517: len= 35 黑胜 loss=26.1136 temp=1.00 total_env_steps=143742 t=0.36s
Ep 3518: len= 45 黑胜 loss=25.8208 temp=1.00 total_env_steps=143787 t=0.46s
Ep 3519: len= 81 平局 loss=25.9389 temp=1.00 total_env_steps=143868 t=0.64s
Ep 3520: len= 23 黑胜 loss=26.2495 temp=1.00 total_env_steps=143891 t=0.27s
Ep 3521: len= 31 黑胜 loss=26.2590 temp=1.00 total_env_steps=143922 t=0.32s
Ep 3522: len= 28 白胜 loss=26.3367 temp=1.00 total_env_steps=143950 t=0.31s
Ep 3523: len= 43 黑胜 loss=26.3293 temp=1.00 total_env_steps=143993 t=0.41s
Ep 3524: len= 41 黑胜 loss=26.6897 temp=1.00 total_env_steps=144034 t=0.37s
Ep 3525: len= 37 黑胜 loss=26.0481 temp=1.00 total_env_steps=144071 t=0.35s
Ep 3526: len= 44 白胜 loss=26.1553 temp=1.00 total_env_steps=144115 t=0.41s
Ep 3527: len= 30 白胜 loss=26.2796 temp=1.00 total_env_steps=144145 t=0.33s
Ep 3528: len= 54 白胜 loss=26.1174 temp=1.00 total_env_steps=144199 t=0.47s
Ep 3529: len= 23 黑胜 loss=25.5955 temp=1.00 total_env_steps=144222 t=0.27s
Ep 3530: len= 44 白胜 loss=26.2762 temp=1.00 total_env_steps=144266 t=0.44s
Ep 3531: len= 60 白胜 loss=25.4917 temp=1.00 total_env_steps=144326 t=0.49s
Ep 3532: len= 40 白胜 loss=25.9030 temp=1.00 total_env_steps=144366 t=0.40s
Ep 3533: len= 64 白胜 loss=25.7743 temp=1.00 total_env_steps=144430 t=0.56s
Ep 3534: len= 32 白胜 loss=25.7294 temp=1.00 total_env_steps=144462 t=0.32s
Ep 3535: len= 51 黑胜 loss=26.0609 temp=1.00 total_env_steps=144513 t=0.46s
Ep 3536: len= 45 黑胜 loss=26.0325 temp=1.00 total_env_steps=144558 t=0.40s
Ep 3537: len= 23 黑胜 loss=25.9860 temp=1.00 total_env_steps=144581 t=0.27s
Ep 3538: len= 48 白胜 loss=25.7339 temp=1.00 total_env_steps=144629 t=0.45s
Ep 3539: len= 27 黑胜 loss=26.0408 temp=1.00 total_env_steps=144656 t=0.29s
Ep 3540: len= 53 黑胜 loss=26.1247 temp=1.00 total_env_steps=144709 t=0.47s
Ep 3541: len= 51 黑胜 loss=26.0323 temp=1.00 total_env_steps=144760 t=0.46s
Ep 3542: len= 41 黑胜 loss=25.9520 temp=1.00 total_env_steps=144801 t=0.39s
Ep 3543: len= 47 黑胜 loss=25.9028 temp=1.00 total_env_steps=144848 t=0.42s
Ep 3544: len= 44 白胜 loss=26.0590 temp=1.00 total_env_steps=144892 t=0.40s
Ep 3545: len= 60 白胜 loss=26.3708 temp=1.00 total_env_steps=144952 t=0.54s
Ep 3546: len= 48 白胜 loss=26.3484 temp=1.00 total_env_steps=145000 t=0.42s
Ep 3547: len= 39 黑胜 loss=25.7896 temp=1.00 total_env_steps=145039 t=0.36s
Ep 3548: len= 16 白胜 loss=25.6592 temp=1.00 total_env_steps=145055 t=0.24s
Ep 3549: len= 32 白胜 loss=25.9334 temp=1.00 total_env_steps=145087 t=0.34s
Ep 3550: len= 46 白胜 loss=25.8621 temp=1.00 total_env_steps=145133 t=0.44s
Ep 3551: len= 35 黑胜 loss=26.2432 temp=1.00 total_env_steps=145168 t=0.34s
Ep 3552: len= 21 黑胜 loss=25.6799 temp=1.00 total_env_steps=145189 t=0.29s
Ep 3553: len= 35 黑胜 loss=25.7189 temp=1.00 total_env_steps=145224 t=0.35s
Ep 3554: len= 38 白胜 loss=25.4756 temp=1.00 total_env_steps=145262 t=0.37s
Ep 3555: len= 25 黑胜 loss=25.6656 temp=1.00 total_env_steps=145287 t=0.29s
Ep 3556: len= 38 白胜 loss=25.4367 temp=1.00 total_env_steps=145325 t=0.34s
Ep 3557: len= 39 黑胜 loss=25.4668 temp=1.00 total_env_steps=145364 t=0.33s
Ep 3558: len= 11 黑胜 loss=25.3039 temp=1.00 total_env_steps=145375 t=0.19s
Ep 3559: len= 46 白胜 loss=26.2281 temp=1.00 total_env_steps=145421 t=0.41s
Ep 3560: len= 30 白胜 loss=25.6414 temp=1.00 total_env_steps=145451 t=0.31s
Ep 3561: len= 34 白胜 loss=26.5066 temp=1.00 total_env_steps=145485 t=0.34s
Ep 3562: len= 38 白胜 loss=25.9830 temp=1.00 total_env_steps=145523 t=0.37s
Ep 3563: len= 30 白胜 loss=25.7004 temp=1.00 total_env_steps=145553 t=0.33s
Ep 3564: len= 20 白胜 loss=26.0770 temp=1.00 total_env_steps=145573 t=0.23s
Ep 3565: len= 44 白胜 loss=25.9098 temp=1.00 total_env_steps=145617 t=0.42s
Ep 3566: len= 41 黑胜 loss=25.4540 temp=1.00 total_env_steps=145658 t=0.38s
Ep 3567: len= 54 白胜 loss=26.2070 temp=1.00 total_env_steps=145712 t=0.47s
Ep 3568: len= 35 黑胜 loss=25.7435 temp=1.00 total_env_steps=145747 t=0.36s
Ep 3569: len= 24 白胜 loss=25.7303 temp=1.00 total_env_steps=145771 t=0.28s
Ep 3570: len= 43 黑胜 loss=25.9853 temp=1.00 total_env_steps=145814 t=0.38s
Ep 3571: len= 28 白胜 loss=25.9350 temp=1.00 total_env_steps=145842 t=0.30s
Ep 3572: len= 32 白胜 loss=26.0468 temp=1.00 total_env_steps=145874 t=0.32s
Ep 3573: len= 35 黑胜 loss=25.9972 temp=1.00 total_env_steps=145909 t=0.34s
Ep 3574: len= 36 白胜 loss=25.5867 temp=1.00 total_env_steps=145945 t=0.39s
Ep 3575: len= 48 白胜 loss=25.4401 temp=1.00 total_env_steps=145993 t=0.43s
Ep 3576: len= 28 白胜 loss=25.4572 temp=1.00 total_env_steps=146021 t=0.31s
Ep 3577: len= 30 白胜 loss=26.0995 temp=1.00 total_env_steps=146051 t=0.33s
Ep 3578: len= 56 白胜 loss=25.8515 temp=1.00 total_env_steps=146107 t=0.46s
Ep 3579: len= 46 白胜 loss=25.7369 temp=1.00 total_env_steps=146153 t=0.40s
Ep 3580: len= 47 黑胜 loss=25.8275 temp=1.00 total_env_steps=146200 t=0.41s
Ep 3581: len= 48 白胜 loss=25.5671 temp=1.00 total_env_steps=146248 t=0.45s
Ep 3582: len= 57 黑胜 loss=26.3915 temp=1.00 total_env_steps=146305 t=0.46s
Ep 3583: len= 28 白胜 loss=25.6625 temp=1.00 total_env_steps=146333 t=0.28s
Ep 3584: len= 13 黑胜 loss=25.7677 temp=1.00 total_env_steps=146346 t=0.23s
Ep 3585: len= 37 黑胜 loss=26.3089 temp=1.00 total_env_steps=146383 t=0.33s
Ep 3586: len= 41 黑胜 loss=25.8883 temp=1.00 total_env_steps=146424 t=0.38s
Ep 3587: len= 46 白胜 loss=25.8711 temp=1.00 total_env_steps=146470 t=0.42s
Ep 3588: len= 35 黑胜 loss=25.2162 temp=1.00 total_env_steps=146505 t=0.35s
Ep 3589: len= 43 黑胜 loss=25.8573 temp=1.00 total_env_steps=146548 t=0.39s
Ep 3590: len= 37 黑胜 loss=25.3852 temp=1.00 total_env_steps=146585 t=0.37s
Ep 3591: len= 37 黑胜 loss=26.3813 temp=1.00 total_env_steps=146622 t=0.36s
Ep 3592: len= 34 白胜 loss=25.5640 temp=1.00 total_env_steps=146656 t=0.34s
Ep 3593: len= 37 黑胜 loss=25.5433 temp=1.00 total_env_steps=146693 t=0.36s
Ep 3594: len= 20 白胜 loss=25.9566 temp=1.00 total_env_steps=146713 t=0.26s
Ep 3595: len= 37 黑胜 loss=25.5180 temp=1.00 total_env_steps=146750 t=0.35s
Ep 3596: len= 42 白胜 loss=26.0717 temp=1.00 total_env_steps=146792 t=0.39s
Ep 3597: len= 35 黑胜 loss=25.5998 temp=1.00 total_env_steps=146827 t=0.34s
Ep 3598: len= 58 白胜 loss=26.2226 temp=1.00 total_env_steps=146885 t=0.51s
Ep 3599: len= 25 黑胜 loss=25.4824 temp=1.00 total_env_steps=146910 t=0.30s
Ep 3600: len= 37 黑胜 loss=26.0999 temp=1.00 total_env_steps=146947 t=0.33s
Ep 3601: len= 48 白胜 loss=25.6268 temp=1.00 total_env_steps=146995 t=0.43s
Ep 3602: len= 41 黑胜 loss=25.8703 temp=1.00 total_env_steps=147036 t=0.38s
Ep 3603: len= 28 白胜 loss=25.5987 temp=1.00 total_env_steps=147064 t=0.38s
Ep 3604: len= 34 白胜 loss=26.1091 temp=1.00 total_env_steps=147098 t=0.37s
Ep 3605: len= 34 白胜 loss=25.8244 temp=1.00 total_env_steps=147132 t=0.36s
Ep 3606: len= 49 黑胜 loss=25.7363 temp=1.00 total_env_steps=147181 t=0.45s
Ep 3607: len= 34 白胜 loss=25.8431 temp=1.00 total_env_steps=147215 t=0.36s
Ep 3608: len= 45 黑胜 loss=25.9556 temp=1.00 total_env_steps=147260 t=0.45s
Ep 3609: len= 22 白胜 loss=26.0344 temp=1.00 total_env_steps=147282 t=0.26s
Ep 3610: len= 28 白胜 loss=25.7479 temp=1.00 total_env_steps=147310 t=0.29s
Ep 3611: len= 33 黑胜 loss=25.6662 temp=1.00 total_env_steps=147343 t=0.34s
Ep 3612: len= 35 黑胜 loss=25.7417 temp=1.00 total_env_steps=147378 t=0.36s
Ep 3613: len= 21 黑胜 loss=25.2503 temp=1.00 total_env_steps=147399 t=0.26s
Ep 3614: len= 29 黑胜 loss=26.0417 temp=1.00 total_env_steps=147428 t=0.30s
Ep 3615: len= 77 黑胜 loss=26.2007 temp=1.00 total_env_steps=147505 t=0.61s
Ep 3616: len= 64 白胜 loss=26.1396 temp=1.00 total_env_steps=147569 t=0.56s
Ep 3617: len= 34 白胜 loss=26.2779 temp=1.00 total_env_steps=147603 t=0.33s
Ep 3618: len= 29 黑胜 loss=26.2799 temp=1.00 total_env_steps=147632 t=0.32s
Ep 3619: len= 45 黑胜 loss=25.4586 temp=1.00 total_env_steps=147677 t=0.42s
Ep 3620: len= 22 白胜 loss=25.4894 temp=1.00 total_env_steps=147699 t=0.27s
Ep 3621: len= 29 黑胜 loss=25.6408 temp=1.00 total_env_steps=147728 t=0.32s
Ep 3622: len= 21 黑胜 loss=25.8005 temp=1.00 total_env_steps=147749 t=0.28s
Ep 3623: len= 50 白胜 loss=25.5824 temp=1.00 total_env_steps=147799 t=0.43s
Ep 3624: len= 32 白胜 loss=25.6221 temp=1.00 total_env_steps=147831 t=0.35s
Ep 3625: len= 35 黑胜 loss=25.4879 temp=1.00 total_env_steps=147866 t=0.38s
Ep 3626: len= 23 黑胜 loss=25.8726 temp=1.00 total_env_steps=147889 t=0.27s
Ep 3627: len= 31 黑胜 loss=25.4668 temp=1.00 total_env_steps=147920 t=0.30s
Ep 3628: len= 27 黑胜 loss=25.5889 temp=1.00 total_env_steps=147947 t=0.37s
Ep 3629: len= 30 白胜 loss=25.9087 temp=1.00 total_env_steps=147977 t=0.35s
Ep 3630: len= 29 黑胜 loss=25.3676 temp=1.00 total_env_steps=148006 t=0.32s
Ep 3631: len= 43 黑胜 loss=25.8540 temp=1.00 total_env_steps=148049 t=0.38s
Ep 3632: len= 67 黑胜 loss=25.6893 temp=1.00 total_env_steps=148116 t=0.57s
Ep 3633: len= 31 黑胜 loss=25.6071 temp=1.00 total_env_steps=148147 t=0.35s
Ep 3634: len= 44 白胜 loss=25.4453 temp=1.00 total_env_steps=148191 t=0.43s
Ep 3635: len= 34 白胜 loss=26.0179 temp=1.00 total_env_steps=148225 t=0.32s
Ep 3636: len= 33 黑胜 loss=25.6958 temp=1.00 total_env_steps=148258 t=0.34s
Ep 3637: len= 36 白胜 loss=25.8368 temp=1.00 total_env_steps=148294 t=0.37s
Ep 3638: len= 31 黑胜 loss=25.8148 temp=1.00 total_env_steps=148325 t=0.33s
Ep 3639: len= 49 黑胜 loss=25.9154 temp=1.00 total_env_steps=148374 t=0.46s
Ep 3640: len= 45 黑胜 loss=25.3288 temp=1.00 total_env_steps=148419 t=0.43s
Ep 3641: len= 39 黑胜 loss=25.6958 temp=1.00 total_env_steps=148458 t=0.37s
Ep 3642: len= 28 白胜 loss=25.8765 temp=1.00 total_env_steps=148486 t=0.30s
Ep 3643: len= 27 黑胜 loss=25.2822 temp=1.00 total_env_steps=148513 t=0.31s
Ep 3644: len= 33 黑胜 loss=25.8738 temp=1.00 total_env_steps=148546 t=0.36s
Ep 3645: len= 43 黑胜 loss=26.0143 temp=1.00 total_env_steps=148589 t=0.44s
Ep 3646: len= 13 黑胜 loss=25.7800 temp=1.00 total_env_steps=148602 t=0.23s
Ep 3647: len= 33 黑胜 loss=26.0283 temp=1.00 total_env_steps=148635 t=0.35s
Ep 3648: len= 20 白胜 loss=26.5843 temp=1.00 total_env_steps=148655 t=0.24s
Ep 3649: len= 32 白胜 loss=25.6223 temp=1.00 total_env_steps=148687 t=0.33s
Ep 3650: len= 35 黑胜 loss=25.2728 temp=1.00 total_env_steps=148722 t=0.36s
Ep 3651: len= 31 黑胜 loss=25.6277 temp=1.00 total_env_steps=148753 t=0.31s
Ep 3652: len= 44 白胜 loss=25.9521 temp=1.00 total_env_steps=148797 t=0.39s
Ep 3653: len= 28 白胜 loss=25.6743 temp=1.00 total_env_steps=148825 t=0.29s
Ep 3654: len= 21 黑胜 loss=25.8568 temp=1.00 total_env_steps=148846 t=0.25s
Ep 3655: len= 27 黑胜 loss=25.3045 temp=1.00 total_env_steps=148873 t=0.28s
Ep 3656: len= 33 黑胜 loss=25.5557 temp=1.00 total_env_steps=148906 t=0.35s
Ep 3657: len= 36 白胜 loss=25.7031 temp=1.00 total_env_steps=148942 t=0.35s
Ep 3658: len= 26 白胜 loss=25.2966 temp=1.00 total_env_steps=148968 t=0.30s
Ep 3659: len= 27 黑胜 loss=26.0595 temp=1.00 total_env_steps=148995 t=0.29s
Ep 3660: len= 32 白胜 loss=25.4950 temp=1.00 total_env_steps=149027 t=0.33s
Ep 3661: len= 61 黑胜 loss=26.2567 temp=1.00 total_env_steps=149088 t=0.51s
Ep 3662: len= 39 黑胜 loss=25.9488 temp=1.00 total_env_steps=149127 t=0.38s
Ep 3663: len= 41 黑胜 loss=26.0127 temp=1.00 total_env_steps=149168 t=0.35s
Ep 3664: len= 27 黑胜 loss=25.4102 temp=1.00 total_env_steps=149195 t=0.27s
Ep 3665: len= 40 白胜 loss=25.7010 temp=1.00 total_env_steps=149235 t=0.39s
Ep 3666: len= 34 白胜 loss=25.4886 temp=1.00 total_env_steps=149269 t=0.35s
Ep 3667: len= 36 白胜 loss=25.7761 temp=1.00 total_env_steps=149305 t=0.35s
Ep 3668: len= 36 白胜 loss=26.2422 temp=1.00 total_env_steps=149341 t=0.36s
Ep 3669: len= 39 黑胜 loss=25.6180 temp=1.00 total_env_steps=149380 t=0.35s
Ep 3670: len= 38 白胜 loss=25.4976 temp=1.00 total_env_steps=149418 t=0.37s
Ep 3671: len= 53 黑胜 loss=25.3792 temp=1.00 total_env_steps=149471 t=0.45s
Ep 3672: len= 51 黑胜 loss=26.2554 temp=1.00 total_env_steps=149522 t=0.43s
Ep 3673: len= 36 白胜 loss=25.4384 temp=1.00 total_env_steps=149558 t=0.35s
Ep 3674: len= 34 白胜 loss=25.4797 temp=1.00 total_env_steps=149592 t=0.34s
Ep 3675: len= 18 白胜 loss=25.5080 temp=1.00 total_env_steps=149610 t=0.26s
Ep 3676: len= 24 白胜 loss=25.5843 temp=1.00 total_env_steps=149634 t=0.27s
Ep 3677: len= 50 白胜 loss=26.1380 temp=1.00 total_env_steps=149684 t=0.46s
Ep 3678: len= 33 黑胜 loss=24.8136 temp=1.00 total_env_steps=149717 t=0.30s
Ep 3679: len= 33 黑胜 loss=25.6013 temp=1.00 total_env_steps=149750 t=0.32s
Ep 3680: len= 34 白胜 loss=26.1290 temp=1.00 total_env_steps=149784 t=0.36s
Ep 3681: len= 39 黑胜 loss=25.5343 temp=1.00 total_env_steps=149823 t=0.36s
Ep 3682: len= 51 黑胜 loss=25.6669 temp=1.00 total_env_steps=149874 t=0.43s
Ep 3683: len= 27 黑胜 loss=25.6501 temp=1.00 total_env_steps=149901 t=0.30s
Ep 3684: len= 11 黑胜 loss=25.2811 temp=1.00 total_env_steps=149912 t=0.21s
Ep 3685: len= 27 黑胜 loss=25.9674 temp=1.00 total_env_steps=149939 t=0.34s
Ep 3686: len= 54 白胜 loss=25.7642 temp=1.00 total_env_steps=149993 t=0.52s
Ep 3687: len= 44 白胜 loss=25.9786 temp=1.00 total_env_steps=150037 t=0.38s
Ep 3688: len= 31 黑胜 loss=25.9734 temp=1.00 total_env_steps=150068 t=0.31s
Ep 3689: len= 56 白胜 loss=25.5934 temp=1.00 total_env_steps=150124 t=0.53s
Ep 3690: len= 31 黑胜 loss=25.6624 temp=1.00 total_env_steps=150155 t=0.33s
Ep 3691: len= 20 白胜 loss=25.7512 temp=1.00 total_env_steps=150175 t=0.24s
Ep 3692: len= 25 黑胜 loss=25.7199 temp=1.00 total_env_steps=150200 t=0.28s
Ep 3693: len= 27 黑胜 loss=26.0180 temp=1.00 total_env_steps=150227 t=0.30s
Ep 3694: len= 54 白胜 loss=26.1010 temp=1.00 total_env_steps=150281 t=0.53s
Ep 3695: len= 52 白胜 loss=26.1884 temp=1.00 total_env_steps=150333 t=0.46s
Ep 3696: len= 24 白胜 loss=26.3642 temp=1.00 total_env_steps=150357 t=0.30s
Ep 3697: len= 28 白胜 loss=25.9209 temp=1.00 total_env_steps=150385 t=0.33s
Ep 3698: len= 38 白胜 loss=25.2557 temp=1.00 total_env_steps=150423 t=0.40s
Ep 3699: len= 39 黑胜 loss=25.4507 temp=1.00 total_env_steps=150462 t=0.40s
Ep 3700: len= 42 白胜 loss=25.8133 temp=1.00 total_env_steps=150504 t=0.42s
Ep 3701: len= 49 黑胜 loss=25.7156 temp=1.00 total_env_steps=150553 t=0.43s
Ep 3702: len= 43 黑胜 loss=25.5461 temp=1.00 total_env_steps=150596 t=0.41s
Ep 3703: len= 58 白胜 loss=26.1996 temp=1.00 total_env_steps=150654 t=0.53s
Ep 3704: len= 53 黑胜 loss=25.9041 temp=1.00 total_env_steps=150707 t=0.49s
Ep 3705: len= 31 黑胜 loss=26.1826 temp=1.00 total_env_steps=150738 t=0.33s
Ep 3706: len= 33 黑胜 loss=25.7478 temp=1.00 total_env_steps=150771 t=0.36s
Ep 3707: len= 25 黑胜 loss=25.3714 temp=1.00 total_env_steps=150796 t=0.30s
Ep 3708: len= 39 黑胜 loss=25.7518 temp=1.00 total_env_steps=150835 t=0.37s
Ep 3709: len= 28 白胜 loss=25.8750 temp=1.00 total_env_steps=150863 t=0.33s
Ep 3710: len= 45 黑胜 loss=25.2568 temp=1.00 total_env_steps=150908 t=0.39s
Ep 3711: len= 37 黑胜 loss=25.3982 temp=1.00 total_env_steps=150945 t=0.36s
Ep 3712: len= 39 黑胜 loss=25.2875 temp=1.00 total_env_steps=150984 t=0.38s
Ep 3713: len= 35 黑胜 loss=25.8446 temp=1.00 total_env_steps=151019 t=0.35s
Ep 3714: len= 40 白胜 loss=25.8362 temp=1.00 total_env_steps=151059 t=0.40s
Ep 3715: len= 35 黑胜 loss=26.2740 temp=1.00 total_env_steps=151094 t=0.34s
Ep 3716: len= 30 白胜 loss=24.8618 temp=1.00 total_env_steps=151124 t=0.29s
Ep 3717: len= 48 白胜 loss=25.2819 temp=1.00 total_env_steps=151172 t=0.44s
Ep 3718: len= 24 白胜 loss=25.8164 temp=1.00 total_env_steps=151196 t=0.29s
Ep 3719: len= 19 黑胜 loss=25.7565 temp=1.00 total_env_steps=151215 t=0.22s
Ep 3720: len= 18 白胜 loss=25.6738 temp=1.00 total_env_steps=151233 t=0.24s
Ep 3721: len= 52 白胜 loss=25.7639 temp=1.00 total_env_steps=151285 t=0.45s
Ep 3722: len= 60 白胜 loss=25.7700 temp=1.00 total_env_steps=151345 t=0.54s
Ep 3723: len= 43 黑胜 loss=25.6550 temp=1.00 total_env_steps=151388 t=0.38s
Ep 3724: len= 42 白胜 loss=25.6616 temp=1.00 total_env_steps=151430 t=0.39s
Ep 3725: len= 49 黑胜 loss=25.3134 temp=1.00 total_env_steps=151479 t=0.44s
Ep 3726: len= 41 黑胜 loss=25.6988 temp=1.00 total_env_steps=151520 t=0.38s
Ep 3727: len= 19 黑胜 loss=24.9953 temp=1.00 total_env_steps=151539 t=0.25s
Ep 3728: len= 37 黑胜 loss=25.8503 temp=1.00 total_env_steps=151576 t=0.36s
Ep 3729: len= 33 黑胜 loss=25.6701 temp=1.00 total_env_steps=151609 t=0.32s
Ep 3730: len= 32 白胜 loss=26.2911 temp=1.00 total_env_steps=151641 t=0.35s
Ep 3731: len= 35 黑胜 loss=25.5298 temp=1.00 total_env_steps=151676 t=0.36s
Ep 3732: len= 39 黑胜 loss=25.9479 temp=1.00 total_env_steps=151715 t=0.40s
Ep 3733: len= 40 白胜 loss=25.4083 temp=1.00 total_env_steps=151755 t=0.39s
Ep 3734: len= 61 黑胜 loss=25.5417 temp=1.00 total_env_steps=151816 t=0.49s
Ep 3735: len= 26 白胜 loss=26.1046 temp=1.00 total_env_steps=151842 t=0.29s
Ep 3736: len= 46 白胜 loss=25.5245 temp=1.00 total_env_steps=151888 t=0.41s
Ep 3737: len= 39 黑胜 loss=25.5412 temp=1.00 total_env_steps=151927 t=0.37s
Ep 3738: len= 24 白胜 loss=25.5600 temp=1.00 total_env_steps=151951 t=0.26s
Ep 3739: len= 54 白胜 loss=26.2876 temp=1.00 total_env_steps=152005 t=0.45s
Ep 3740: len= 55 黑胜 loss=25.5208 temp=1.00 total_env_steps=152060 t=0.51s
Ep 3741: len= 53 黑胜 loss=25.3350 temp=1.00 total_env_steps=152113 t=0.51s
Ep 3742: len= 34 白胜 loss=25.9022 temp=1.00 total_env_steps=152147 t=0.34s
Ep 3743: len= 39 黑胜 loss=25.8029 temp=1.00 total_env_steps=152186 t=0.35s
Ep 3744: len= 33 黑胜 loss=25.1657 temp=1.00 total_env_steps=152219 t=0.33s
Ep 3745: len= 23 黑胜 loss=25.9228 temp=1.00 total_env_steps=152242 t=0.28s
Ep 3746: len= 74 白胜 loss=25.8477 temp=1.00 total_env_steps=152316 t=0.63s
Ep 3747: len= 28 白胜 loss=26.0040 temp=1.00 total_env_steps=152344 t=0.32s
Ep 3748: len= 31 黑胜 loss=26.2249 temp=1.00 total_env_steps=152375 t=0.30s
Ep 3749: len= 28 白胜 loss=25.4555 temp=1.00 total_env_steps=152403 t=0.30s
Ep 3750: len= 32 白胜 loss=25.8489 temp=1.00 total_env_steps=152435 t=0.32s
Ep 3751: len= 42 白胜 loss=26.0584 temp=1.00 total_env_steps=152477 t=0.37s
Ep 3752: len= 21 黑胜 loss=25.7836 temp=1.00 total_env_steps=152498 t=0.25s
Ep 3753: len= 39 黑胜 loss=25.5663 temp=1.00 total_env_steps=152537 t=0.36s
Ep 3754: len= 47 黑胜 loss=25.8483 temp=1.00 total_env_steps=152584 t=0.40s
Ep 3755: len= 46 白胜 loss=25.8206 temp=1.00 total_env_steps=152630 t=0.45s
Ep 3756: len= 47 黑胜 loss=25.8080 temp=1.00 total_env_steps=152677 t=0.45s
Ep 3757: len= 46 白胜 loss=25.4299 temp=1.00 total_env_steps=152723 t=0.39s
Ep 3758: len= 45 黑胜 loss=25.9932 temp=1.00 total_env_steps=152768 t=0.41s
Ep 3759: len= 33 黑胜 loss=26.0423 temp=1.00 total_env_steps=152801 t=0.32s
Ep 3760: len= 53 黑胜 loss=25.7314 temp=1.00 total_env_steps=152854 t=0.47s
Ep 3761: len= 33 黑胜 loss=25.7364 temp=1.00 total_env_steps=152887 t=0.34s
Ep 3762: len= 17 黑胜 loss=25.9870 temp=1.00 total_env_steps=152904 t=0.27s
Ep 3763: len= 31 黑胜 loss=25.9901 temp=1.00 total_env_steps=152935 t=0.32s
Ep 3764: len= 46 白胜 loss=25.4914 temp=1.00 total_env_steps=152981 t=0.45s
Ep 3765: len= 44 白胜 loss=25.9494 temp=1.00 total_env_steps=153025 t=0.41s
Ep 3766: len= 29 黑胜 loss=25.7937 temp=1.00 total_env_steps=153054 t=0.30s
Ep 3767: len= 62 白胜 loss=25.3872 temp=1.00 total_env_steps=153116 t=0.52s
Ep 3768: len= 29 黑胜 loss=25.8591 temp=1.00 total_env_steps=153145 t=0.33s
Ep 3769: len= 31 黑胜 loss=25.9328 temp=1.00 total_env_steps=153176 t=0.31s
Ep 3770: len= 36 白胜 loss=25.5468 temp=1.00 total_env_steps=153212 t=0.37s
Ep 3771: len= 45 黑胜 loss=25.7972 temp=1.00 total_env_steps=153257 t=0.41s
Ep 3772: len= 25 黑胜 loss=26.0569 temp=1.00 total_env_steps=153282 t=0.29s
Ep 3773: len= 21 黑胜 loss=25.4011 temp=1.00 total_env_steps=153303 t=0.25s
Ep 3774: len= 31 黑胜 loss=25.8793 temp=1.00 total_env_steps=153334 t=0.33s
Ep 3775: len= 54 白胜 loss=25.4968 temp=1.00 total_env_steps=153388 t=0.48s
Ep 3776: len= 71 黑胜 loss=25.6954 temp=1.00 total_env_steps=153459 t=0.60s
Ep 3777: len= 57 黑胜 loss=25.7333 temp=1.00 total_env_steps=153516 t=0.51s
Ep 3778: len= 19 黑胜 loss=24.9929 temp=1.00 total_env_steps=153535 t=0.26s
Ep 3779: len= 35 黑胜 loss=26.2347 temp=1.00 total_env_steps=153570 t=0.34s
Ep 3780: len= 24 白胜 loss=25.5545 temp=1.00 total_env_steps=153594 t=0.28s
Ep 3781: len= 37 黑胜 loss=25.6359 temp=1.00 total_env_steps=153631 t=0.38s
Ep 3782: len= 62 白胜 loss=25.4965 temp=1.00 total_env_steps=153693 t=0.56s
Ep 3783: len= 35 黑胜 loss=25.8080 temp=1.00 total_env_steps=153728 t=0.37s
Ep 3784: len= 35 黑胜 loss=25.1767 temp=1.00 total_env_steps=153763 t=0.36s
Ep 3785: len= 58 白胜 loss=25.7469 temp=1.00 total_env_steps=153821 t=0.52s
Ep 3786: len= 31 黑胜 loss=25.7365 temp=1.00 total_env_steps=153852 t=0.32s
Ep 3787: len= 45 黑胜 loss=25.7338 temp=1.00 total_env_steps=153897 t=0.42s
Ep 3788: len= 41 黑胜 loss=25.7177 temp=1.00 total_env_steps=153938 t=0.40s
Ep 3789: len= 43 黑胜 loss=26.1371 temp=1.00 total_env_steps=153981 t=0.39s
Ep 3790: len= 30 白胜 loss=25.8549 temp=1.00 total_env_steps=154011 t=0.32s
Ep 3791: len= 17 黑胜 loss=25.9174 temp=1.00 total_env_steps=154028 t=0.26s
Ep 3792: len= 28 白胜 loss=26.0452 temp=1.00 total_env_steps=154056 t=0.29s
Ep 3793: len= 55 黑胜 loss=25.9780 temp=1.00 total_env_steps=154111 t=0.50s
Ep 3794: len= 48 白胜 loss=25.7577 temp=1.00 total_env_steps=154159 t=0.45s
Ep 3795: len= 53 黑胜 loss=25.2524 temp=1.00 total_env_steps=154212 t=0.47s
Ep 3796: len= 28 白胜 loss=25.3738 temp=1.00 total_env_steps=154240 t=0.33s
Ep 3797: len= 39 黑胜 loss=25.4756 temp=1.00 total_env_steps=154279 t=0.37s
Ep 3798: len= 39 黑胜 loss=26.3053 temp=1.00 total_env_steps=154318 t=0.38s
Ep 3799: len= 51 黑胜 loss=25.5398 temp=1.00 total_env_steps=154369 t=0.44s
Ep 3800: len= 47 黑胜 loss=25.8979 temp=1.00 total_env_steps=154416 t=0.43s
Ep 3801: len= 43 黑胜 loss=25.7425 temp=1.00 total_env_steps=154459 t=0.41s
Ep 3802: len= 26 白胜 loss=25.5669 temp=1.00 total_env_steps=154485 t=0.28s
Ep 3803: len= 21 黑胜 loss=25.4453 temp=1.00 total_env_steps=154506 t=0.27s
Ep 3804: len= 24 白胜 loss=25.5439 temp=1.00 total_env_steps=154530 t=0.28s
Ep 3805: len= 43 黑胜 loss=25.4764 temp=1.00 total_env_steps=154573 t=0.42s
Ep 3806: len= 33 黑胜 loss=25.8536 temp=1.00 total_env_steps=154606 t=0.34s
Ep 3807: len= 73 黑胜 loss=26.0721 temp=1.00 total_env_steps=154679 t=0.62s
Ep 3808: len= 43 黑胜 loss=25.6047 temp=1.00 total_env_steps=154722 t=0.42s
Ep 3809: len= 30 白胜 loss=25.9253 temp=1.00 total_env_steps=154752 t=0.32s
Ep 3810: len= 47 黑胜 loss=25.2936 temp=1.00 total_env_steps=154799 t=0.42s
Ep 3811: len= 47 黑胜 loss=26.2132 temp=1.00 total_env_steps=154846 t=0.42s
Ep 3812: len= 44 白胜 loss=25.6765 temp=1.00 total_env_steps=154890 t=0.42s
Ep 3813: len= 60 白胜 loss=25.2870 temp=1.00 total_env_steps=154950 t=0.51s
Ep 3814: len= 37 黑胜 loss=26.0830 temp=1.00 total_env_steps=154987 t=0.36s
Ep 3815: len= 50 白胜 loss=25.5144 temp=1.00 total_env_steps=155037 t=0.46s
Ep 3816: len= 57 黑胜 loss=25.6652 temp=1.00 total_env_steps=155094 t=0.48s
Ep 3817: len= 44 白胜 loss=25.6703 temp=1.00 total_env_steps=155138 t=0.40s
Ep 3818: len= 57 黑胜 loss=25.7847 temp=1.00 total_env_steps=155195 t=0.54s
Ep 3819: len= 35 黑胜 loss=25.8340 temp=1.00 total_env_steps=155230 t=0.33s
Ep 3820: len= 42 白胜 loss=25.7367 temp=1.00 total_env_steps=155272 t=0.39s
Ep 3821: len= 43 黑胜 loss=26.5062 temp=1.00 total_env_steps=155315 t=0.37s
Ep 3822: len= 33 黑胜 loss=25.9315 temp=1.00 total_env_steps=155348 t=0.32s
Ep 3823: len= 37 黑胜 loss=25.7464 temp=1.00 total_env_steps=155385 t=0.34s
Ep 3824: len= 23 黑胜 loss=26.0162 temp=1.00 total_env_steps=155408 t=0.27s
Ep 3825: len= 36 白胜 loss=25.5787 temp=1.00 total_env_steps=155444 t=0.35s
Ep 3826: len= 27 黑胜 loss=25.4450 temp=1.00 total_env_steps=155471 t=0.31s
Ep 3827: len= 38 白胜 loss=25.0507 temp=1.00 total_env_steps=155509 t=0.35s
Ep 3828: len= 75 黑胜 loss=25.7492 temp=1.00 total_env_steps=155584 t=0.62s
Ep 3829: len= 29 黑胜 loss=25.6034 temp=1.00 total_env_steps=155613 t=0.31s
Ep 3830: len= 42 白胜 loss=25.9005 temp=1.00 total_env_steps=155655 t=0.38s
Ep 3831: len= 33 黑胜 loss=25.3155 temp=1.00 total_env_steps=155688 t=0.33s
Ep 3832: len= 64 白胜 loss=25.9808 temp=1.00 total_env_steps=155752 t=0.52s
Ep 3833: len= 36 白胜 loss=25.6264 temp=1.00 total_env_steps=155788 t=0.37s
Ep 3834: len= 42 白胜 loss=25.7520 temp=1.00 total_env_steps=155830 t=0.40s
Ep 3835: len= 46 白胜 loss=25.6530 temp=1.00 total_env_steps=155876 t=0.42s
Ep 3836: len= 21 黑胜 loss=25.6706 temp=1.00 total_env_steps=155897 t=0.26s
Ep 3837: len= 56 白胜 loss=25.3552 temp=1.00 total_env_steps=155953 t=0.48s
Ep 3838: len= 31 黑胜 loss=26.0217 temp=1.00 total_env_steps=155984 t=0.34s
Ep 3839: len= 35 黑胜 loss=25.9164 temp=1.00 total_env_steps=156019 t=0.34s
Ep 3840: len= 61 黑胜 loss=25.5709 temp=1.00 total_env_steps=156080 t=0.61s
Ep 3841: len= 39 黑胜 loss=25.5190 temp=1.00 total_env_steps=156119 t=0.37s
Ep 3842: len= 33 黑胜 loss=25.8914 temp=1.00 total_env_steps=156152 t=0.34s
Ep 3843: len= 28 白胜 loss=26.1411 temp=1.00 total_env_steps=156180 t=0.32s
Ep 3844: len= 28 白胜 loss=25.7199 temp=1.00 total_env_steps=156208 t=0.29s
Ep 3845: len= 43 黑胜 loss=24.8099 temp=1.00 total_env_steps=156251 t=0.42s
Ep 3846: len= 38 白胜 loss=25.5406 temp=1.00 total_env_steps=156289 t=0.36s
Ep 3847: len= 38 白胜 loss=25.4493 temp=1.00 total_env_steps=156327 t=0.36s
Ep 3848: len= 81 平局 loss=26.1042 temp=1.00 total_env_steps=156408 t=0.65s
Ep 3849: len= 78 白胜 loss=25.7687 temp=1.00 total_env_steps=156486 t=0.63s
Ep 3850: len= 37 黑胜 loss=25.6848 temp=1.00 total_env_steps=156523 t=0.36s
Ep 3851: len= 28 白胜 loss=25.7641 temp=1.00 total_env_steps=156551 t=0.30s
Ep 3852: len= 56 白胜 loss=25.7414 temp=1.00 total_env_steps=156607 t=0.56s
Ep 3853: len= 40 白胜 loss=25.6695 temp=1.00 total_env_steps=156647 t=0.41s
Ep 3854: len= 41 黑胜 loss=25.7729 temp=1.00 total_env_steps=156688 t=0.39s
Ep 3855: len= 50 白胜 loss=25.4626 temp=1.00 total_env_steps=156738 t=0.47s
Ep 3856: len= 31 黑胜 loss=25.9219 temp=1.00 total_env_steps=156769 t=0.33s
Ep 3857: len= 59 黑胜 loss=25.4104 temp=1.00 total_env_steps=156828 t=0.48s
Ep 3858: len= 33 黑胜 loss=26.0556 temp=1.00 total_env_steps=156861 t=0.35s
Ep 3859: len= 59 黑胜 loss=26.3668 temp=1.00 total_env_steps=156920 t=0.51s
Ep 3860: len= 43 黑胜 loss=25.4414 temp=1.00 total_env_steps=156963 t=0.40s
Ep 3861: len= 27 黑胜 loss=25.9084 temp=1.00 total_env_steps=156990 t=0.31s
Ep 3862: len= 41 黑胜 loss=26.2351 temp=1.00 total_env_steps=157031 t=0.41s
Ep 3863: len= 35 黑胜 loss=25.6563 temp=1.00 total_env_steps=157066 t=0.34s
Ep 3864: len= 31 黑胜 loss=25.7764 temp=1.00 total_env_steps=157097 t=0.31s
Ep 3865: len= 29 黑胜 loss=26.1734 temp=1.00 total_env_steps=157126 t=0.32s
Ep 3866: len= 31 黑胜 loss=26.1931 temp=1.00 total_env_steps=157157 t=0.33s
Ep 3867: len= 30 白胜 loss=25.7485 temp=1.00 total_env_steps=157187 t=0.33s
Ep 3868: len= 40 白胜 loss=25.9052 temp=1.00 total_env_steps=157227 t=0.39s
Ep 3869: len= 40 白胜 loss=26.1256 temp=1.00 total_env_steps=157267 t=0.37s
Ep 3870: len= 28 白胜 loss=26.5329 temp=1.00 total_env_steps=157295 t=0.30s
Ep 3871: len= 44 白胜 loss=25.5190 temp=1.00 total_env_steps=157339 t=0.40s
Ep 3872: len= 27 黑胜 loss=25.6295 temp=1.00 total_env_steps=157366 t=0.30s
Ep 3873: len= 36 白胜 loss=25.9266 temp=1.00 total_env_steps=157402 t=0.36s
Ep 3874: len= 38 白胜 loss=26.1885 temp=1.00 total_env_steps=157440 t=0.37s
Ep 3875: len= 47 黑胜 loss=25.3787 temp=1.00 total_env_steps=157487 t=0.41s
Ep 3876: len= 37 黑胜 loss=25.8545 temp=1.00 total_env_steps=157524 t=0.37s
Ep 3877: len= 48 白胜 loss=25.6372 temp=1.00 total_env_steps=157572 t=0.42s
Ep 3878: len= 37 黑胜 loss=25.6961 temp=1.00 total_env_steps=157609 t=0.37s
Ep 3879: len= 32 白胜 loss=25.7853 temp=1.00 total_env_steps=157641 t=0.34s
Ep 3880: len= 33 黑胜 loss=25.7351 temp=1.00 total_env_steps=157674 t=0.35s
Ep 3881: len= 51 黑胜 loss=25.5139 temp=1.00 total_env_steps=157725 t=0.45s
Ep 3882: len= 21 黑胜 loss=25.9135 temp=1.00 total_env_steps=157746 t=0.25s
Ep 3883: len= 61 黑胜 loss=25.9682 temp=1.00 total_env_steps=157807 t=0.49s
Ep 3884: len= 31 黑胜 loss=26.1688 temp=1.00 total_env_steps=157838 t=0.32s
Ep 3885: len= 23 黑胜 loss=25.6657 temp=1.00 total_env_steps=157861 t=0.27s
Ep 3886: len= 32 白胜 loss=25.9510 temp=1.00 total_env_steps=157893 t=0.33s
Ep 3887: len= 30 白胜 loss=25.7380 temp=1.00 total_env_steps=157923 t=0.32s
Ep 3888: len= 35 黑胜 loss=25.3130 temp=1.00 total_env_steps=157958 t=0.35s
Ep 3889: len= 35 黑胜 loss=25.5734 temp=1.00 total_env_steps=157993 t=0.33s
Ep 3890: len= 52 白胜 loss=25.6237 temp=1.00 total_env_steps=158045 t=0.48s
Ep 3891: len= 70 白胜 loss=25.6404 temp=1.00 total_env_steps=158115 t=0.56s
Ep 3892: len= 29 黑胜 loss=26.1667 temp=1.00 total_env_steps=158144 t=0.31s
Ep 3893: len= 38 白胜 loss=25.3209 temp=1.00 total_env_steps=158182 t=0.40s
Ep 3894: len= 49 黑胜 loss=25.6703 temp=1.00 total_env_steps=158231 t=0.44s
Ep 3895: len= 27 黑胜 loss=25.8519 temp=1.00 total_env_steps=158258 t=0.28s
Ep 3896: len= 44 白胜 loss=26.2470 temp=1.00 total_env_steps=158302 t=0.43s
Ep 3897: len= 42 白胜 loss=25.5605 temp=1.00 total_env_steps=158344 t=0.42s
Ep 3898: len= 38 白胜 loss=25.3370 temp=1.00 total_env_steps=158382 t=0.34s
Ep 3899: len= 43 黑胜 loss=25.8146 temp=1.00 total_env_steps=158425 t=0.38s
Ep 3900: len= 47 黑胜 loss=25.8641 temp=1.00 total_env_steps=158472 t=0.41s
Ep 3901: len= 35 黑胜 loss=25.4178 temp=1.00 total_env_steps=158507 t=0.32s
Ep 3902: len= 44 白胜 loss=25.7399 temp=1.00 total_env_steps=158551 t=0.39s
Ep 3903: len= 19 黑胜 loss=25.9126 temp=1.00 total_env_steps=158570 t=0.27s
Ep 3904: len= 45 黑胜 loss=26.0969 temp=1.00 total_env_steps=158615 t=0.40s
Ep 3905: len= 25 黑胜 loss=25.6652 temp=1.00 total_env_steps=158640 t=0.29s
Ep 3906: len= 52 白胜 loss=25.9516 temp=1.00 total_env_steps=158692 t=0.47s
Ep 3907: len= 37 黑胜 loss=25.6846 temp=1.00 total_env_steps=158729 t=0.36s
Ep 3908: len= 45 黑胜 loss=25.6289 temp=1.00 total_env_steps=158774 t=0.41s
Ep 3909: len= 68 白胜 loss=25.6741 temp=1.00 total_env_steps=158842 t=0.56s
Ep 3910: len= 41 黑胜 loss=25.5823 temp=1.00 total_env_steps=158883 t=0.39s
Ep 3911: len= 43 黑胜 loss=25.7576 temp=1.00 total_env_steps=158926 t=0.37s
Ep 3912: len= 62 白胜 loss=26.1003 temp=1.00 total_env_steps=158988 t=0.60s
Ep 3913: len= 28 白胜 loss=25.7048 temp=1.00 total_env_steps=159016 t=0.26s
Ep 3914: len= 30 白胜 loss=25.2080 temp=1.00 total_env_steps=159046 t=0.31s
Ep 3915: len= 77 黑胜 loss=26.0013 temp=1.00 total_env_steps=159123 t=0.66s
Ep 3916: len= 44 白胜 loss=25.8825 temp=1.00 total_env_steps=159167 t=0.40s
Ep 3917: len= 36 白胜 loss=25.1576 temp=1.00 total_env_steps=159203 t=0.34s
Ep 3918: len= 48 白胜 loss=25.7111 temp=1.00 total_env_steps=159251 t=0.42s
Ep 3919: len= 72 白胜 loss=25.4693 temp=1.00 total_env_steps=159323 t=0.56s
Ep 3920: len= 51 黑胜 loss=25.3895 temp=1.00 total_env_steps=159374 t=0.43s
Ep 3921: len= 69 黑胜 loss=25.8439 temp=1.00 total_env_steps=159443 t=0.58s
Ep 3922: len= 36 白胜 loss=25.6087 temp=1.00 total_env_steps=159479 t=0.36s
Ep 3923: len= 52 白胜 loss=25.6301 temp=1.00 total_env_steps=159531 t=0.47s
Ep 3924: len= 79 黑胜 loss=25.7551 temp=1.00 total_env_steps=159610 t=0.70s
Ep 3925: len= 26 白胜 loss=25.5046 temp=1.00 total_env_steps=159636 t=0.32s
Ep 3926: len= 58 白胜 loss=26.0308 temp=1.00 total_env_steps=159694 t=0.55s
Ep 3927: len= 39 黑胜 loss=25.3376 temp=1.00 total_env_steps=159733 t=0.39s
Ep 3928: len= 47 黑胜 loss=26.1765 temp=1.00 total_env_steps=159780 t=0.42s
Ep 3929: len= 45 黑胜 loss=26.0656 temp=1.00 total_env_steps=159825 t=0.42s
Ep 3930: len= 31 黑胜 loss=26.2125 temp=1.00 total_env_steps=159856 t=0.33s
Ep 3931: len= 31 黑胜 loss=25.3265 temp=1.00 total_env_steps=159887 t=0.31s
Ep 3932: len= 42 白胜 loss=25.3925 temp=1.00 total_env_steps=159929 t=0.38s
Ep 3933: len= 32 白胜 loss=25.5351 temp=1.00 total_env_steps=159961 t=0.31s
Ep 3934: len= 51 黑胜 loss=25.9455 temp=1.00 total_env_steps=160012 t=0.44s
Ep 3935: len= 41 黑胜 loss=25.3713 temp=1.00 total_env_steps=160053 t=0.38s
Ep 3936: len= 36 白胜 loss=25.5038 temp=1.00 total_env_steps=160089 t=0.35s
Ep 3937: len= 27 黑胜 loss=25.8800 temp=1.00 total_env_steps=160116 t=0.29s
Ep 3938: len= 30 白胜 loss=25.8398 temp=1.00 total_env_steps=160146 t=0.32s
Ep 3939: len= 29 黑胜 loss=25.5389 temp=1.00 total_env_steps=160175 t=0.30s
Ep 3940: len= 19 黑胜 loss=25.7399 temp=1.00 total_env_steps=160194 t=0.27s
Ep 3941: len= 33 黑胜 loss=25.7576 temp=1.00 total_env_steps=160227 t=0.32s
Ep 3942: len= 52 白胜 loss=25.7594 temp=1.00 total_env_steps=160279 t=0.46s
Ep 3943: len= 29 黑胜 loss=25.5815 temp=1.00 total_env_steps=160308 t=0.30s
Ep 3944: len= 31 黑胜 loss=25.1779 temp=1.00 total_env_steps=160339 t=0.38s
Ep 3945: len= 26 白胜 loss=25.6843 temp=1.00 total_env_steps=160365 t=0.28s
Ep 3946: len= 35 黑胜 loss=25.6215 temp=1.00 total_env_steps=160400 t=0.33s
Ep 3947: len= 63 黑胜 loss=25.4386 temp=1.00 total_env_steps=160463 t=0.53s
Ep 3948: len= 56 白胜 loss=25.6188 temp=1.00 total_env_steps=160519 t=0.48s
Ep 3949: len= 73 黑胜 loss=25.6492 temp=1.00 total_env_steps=160592 t=0.66s
Ep 3950: len= 37 黑胜 loss=25.3875 temp=1.00 total_env_steps=160629 t=0.39s
Ep 3951: len= 34 白胜 loss=26.1178 temp=1.00 total_env_steps=160663 t=0.35s
Ep 3952: len= 44 白胜 loss=26.0226 temp=1.00 total_env_steps=160707 t=0.39s
Ep 3953: len= 31 黑胜 loss=25.6374 temp=1.00 total_env_steps=160738 t=0.31s
Ep 3954: len= 32 白胜 loss=25.9550 temp=1.00 total_env_steps=160770 t=0.34s
Ep 3955: len= 21 黑胜 loss=25.8930 temp=1.00 total_env_steps=160791 t=0.26s
Ep 3956: len= 27 黑胜 loss=25.3922 temp=1.00 total_env_steps=160818 t=0.32s
Ep 3957: len= 27 黑胜 loss=25.4517 temp=1.00 total_env_steps=160845 t=0.33s
Ep 3958: len= 33 黑胜 loss=25.5250 temp=1.00 total_env_steps=160878 t=0.33s
Ep 3959: len= 36 白胜 loss=26.0408 temp=1.00 total_env_steps=160914 t=0.36s
Ep 3960: len= 61 黑胜 loss=25.5367 temp=1.00 total_env_steps=160975 t=0.58s
Ep 3961: len= 27 黑胜 loss=25.3750 temp=1.00 total_env_steps=161002 t=0.29s
Ep 3962: len= 22 白胜 loss=25.9399 temp=1.00 total_env_steps=161024 t=0.28s
Ep 3963: len= 35 黑胜 loss=25.6442 temp=1.00 total_env_steps=161059 t=0.35s
Ep 3964: len= 35 黑胜 loss=26.4462 temp=1.00 total_env_steps=161094 t=0.35s
Ep 3965: len= 37 黑胜 loss=25.5340 temp=1.00 total_env_steps=161131 t=0.35s
Ep 3966: len= 40 白胜 loss=25.6469 temp=1.00 total_env_steps=161171 t=0.38s
Ep 3967: len= 36 白胜 loss=25.5917 temp=1.00 total_env_steps=161207 t=0.35s
Ep 3968: len= 29 黑胜 loss=25.8264 temp=1.00 total_env_steps=161236 t=0.33s
Ep 3969: len= 70 白胜 loss=25.6960 temp=1.00 total_env_steps=161306 t=0.53s
Ep 3970: len= 54 白胜 loss=26.0664 temp=1.00 total_env_steps=161360 t=0.45s
Ep 3971: len= 50 白胜 loss=25.6113 temp=1.00 total_env_steps=161410 t=0.43s
Ep 3972: len= 44 白胜 loss=25.6185 temp=1.00 total_env_steps=161454 t=0.40s
Ep 3973: len= 25 黑胜 loss=25.4333 temp=1.00 total_env_steps=161479 t=0.27s
Ep 3974: len= 35 黑胜 loss=25.9274 temp=1.00 total_env_steps=161514 t=0.36s
Ep 3975: len= 49 黑胜 loss=25.5244 temp=1.00 total_env_steps=161563 t=0.42s
Ep 3976: len= 34 白胜 loss=25.6023 temp=1.00 total_env_steps=161597 t=0.35s
Ep 3977: len= 13 黑胜 loss=25.4000 temp=1.00 total_env_steps=161610 t=0.20s
Ep 3978: len= 31 黑胜 loss=25.8893 temp=1.00 total_env_steps=161641 t=0.32s
Ep 3979: len= 56 白胜 loss=26.0702 temp=1.00 total_env_steps=161697 t=0.50s
Ep 3980: len= 33 黑胜 loss=25.4600 temp=1.00 total_env_steps=161730 t=0.33s
Ep 3981: len= 79 黑胜 loss=25.8886 temp=1.00 total_env_steps=161809 t=0.66s
Ep 3982: len= 72 白胜 loss=26.0839 temp=1.00 total_env_steps=161881 t=0.55s
Ep 3983: len= 26 白胜 loss=25.3412 temp=1.00 total_env_steps=161907 t=0.28s
Ep 3984: len= 49 黑胜 loss=25.6140 temp=1.00 total_env_steps=161956 t=0.45s
Ep 3985: len= 36 白胜 loss=25.6943 temp=1.00 total_env_steps=161992 t=0.34s
Ep 3986: len= 35 黑胜 loss=25.6084 temp=1.00 total_env_steps=162027 t=0.39s
Ep 3987: len= 37 黑胜 loss=25.9223 temp=1.00 total_env_steps=162064 t=0.36s
Ep 3988: len= 35 黑胜 loss=25.6375 temp=1.00 total_env_steps=162099 t=0.34s
Ep 3989: len= 34 白胜 loss=25.8503 temp=1.00 total_env_steps=162133 t=0.32s
Ep 3990: len= 51 黑胜 loss=25.5093 temp=1.00 total_env_steps=162184 t=0.43s
Ep 3991: len= 54 白胜 loss=25.4972 temp=1.00 total_env_steps=162238 t=0.46s
Ep 3992: len= 44 白胜 loss=25.2980 temp=1.00 total_env_steps=162282 t=0.40s
Ep 3993: len= 51 黑胜 loss=25.7703 temp=1.00 total_env_steps=162333 t=0.46s
Ep 3994: len= 24 白胜 loss=25.6769 temp=1.00 total_env_steps=162357 t=0.27s
Ep 3995: len= 19 黑胜 loss=25.0792 temp=1.00 total_env_steps=162376 t=0.26s
Ep 3996: len= 40 白胜 loss=25.5312 temp=1.00 total_env_steps=162416 t=0.41s
Ep 3997: len= 21 黑胜 loss=25.9385 temp=1.00 total_env_steps=162437 t=0.31s
Ep 3998: len= 39 黑胜 loss=25.6581 temp=1.00 total_env_steps=162476 t=0.40s
Ep 3999: len= 27 黑胜 loss=25.5805 temp=1.00 total_env_steps=162503 t=0.29s
Ep 4000: len= 26 白胜 loss=26.0006 temp=1.00 total_env_steps=162529 t=0.32s
  eval vs Gomoku-random-v0: win_rate=1.00 mean_return=1.00（20 局，total_env_steps=162529）
Ep 4001: len= 34 白胜 loss=25.5640 temp=1.00 total_env_steps=162563 t=0.36s
Ep 4002: len= 19 黑胜 loss=25.5618 temp=1.00 total_env_steps=162582 t=0.25s
Ep 4003: len= 34 白胜 loss=25.5315 temp=1.00 total_env_steps=162616 t=0.37s
Ep 4004: len= 39 黑胜 loss=25.6828 temp=1.00 total_env_steps=162655 t=0.40s
Ep 4005: len= 41 黑胜 loss=25.6077 temp=1.00 total_env_steps=162696 t=0.38s
Ep 4006: len= 34 白胜 loss=25.7820 temp=1.00 total_env_steps=162730 t=0.34s
Ep 4007: len= 37 黑胜 loss=25.2229 temp=1.00 total_env_steps=162767 t=0.36s
Ep 4008: len= 43 黑胜 loss=25.9356 temp=1.00 total_env_steps=162810 t=0.38s
Ep 4009: len= 35 黑胜 loss=25.8296 temp=1.00 total_env_steps=162845 t=0.33s
Ep 4010: len= 51 黑胜 loss=25.6821 temp=1.00 total_env_steps=162896 t=0.45s
Ep 4011: len= 29 黑胜 loss=25.1021 temp=1.00 total_env_steps=162925 t=0.29s
Ep 4012: len= 53 黑胜 loss=25.5597 temp=1.00 total_env_steps=162978 t=0.45s
Ep 4013: len= 39 黑胜 loss=25.6673 temp=1.00 total_env_steps=163017 t=0.36s
Ep 4014: len= 47 黑胜 loss=25.5982 temp=1.00 total_env_steps=163064 t=0.39s
Ep 4015: len= 45 黑胜 loss=25.1737 temp=1.00 total_env_steps=163109 t=0.40s
Ep 4016: len= 50 白胜 loss=25.7487 temp=1.00 total_env_steps=163159 t=0.45s
Ep 4017: len= 30 白胜 loss=25.5154 temp=1.00 total_env_steps=163189 t=0.31s
Ep 4018: len= 17 黑胜 loss=25.8195 temp=1.00 total_env_steps=163206 t=0.23s
Ep 4019: len= 49 黑胜 loss=25.6050 temp=1.00 total_env_steps=163255 t=0.44s
Ep 4020: len= 27 黑胜 loss=25.9686 temp=1.00 total_env_steps=163282 t=0.31s
Ep 4021: len= 58 白胜 loss=25.6480 temp=1.00 total_env_steps=163340 t=0.51s
Ep 4022: len= 45 黑胜 loss=24.9612 temp=1.00 total_env_steps=163385 t=0.40s
Ep 4023: len= 38 白胜 loss=25.7328 temp=1.00 total_env_steps=163423 t=0.42s
Ep 4024: len= 38 白胜 loss=25.3295 temp=1.00 total_env_steps=163461 t=0.40s
Ep 4025: len= 50 白胜 loss=25.6210 temp=1.00 total_env_steps=163511 t=0.47s
Ep 4026: len= 35 黑胜 loss=25.4050 temp=1.00 total_env_steps=163546 t=0.37s
Ep 4027: len= 47 黑胜 loss=25.6291 temp=1.00 total_env_steps=163593 t=0.43s
Ep 4028: len= 16 白胜 loss=25.2497 temp=1.00 total_env_steps=163609 t=0.24s
Ep 4029: len= 72 白胜 loss=25.2464 temp=1.00 total_env_steps=163681 t=0.62s
Ep 4030: len= 28 白胜 loss=25.3105 temp=1.00 total_env_steps=163709 t=0.38s
Ep 4031: len= 42 白胜 loss=25.8127 temp=1.00 total_env_steps=163751 t=0.42s
Ep 4032: len= 50 白胜 loss=25.4650 temp=1.00 total_env_steps=163801 t=0.50s
Ep 4033: len= 43 黑胜 loss=26.0694 temp=1.00 total_env_steps=163844 t=0.42s
Ep 4034: len= 34 白胜 loss=25.7023 temp=1.00 total_env_steps=163878 t=0.32s
Ep 4035: len= 47 黑胜 loss=25.5194 temp=1.00 total_env_steps=163925 t=0.44s
Ep 4036: len= 56 白胜 loss=25.4391 temp=1.00 total_env_steps=163981 t=0.51s
Ep 4037: len= 39 黑胜 loss=26.0391 temp=1.00 total_env_steps=164020 t=0.38s
Ep 4038: len= 19 黑胜 loss=25.7434 temp=1.00 total_env_steps=164039 t=0.27s
Ep 4039: len= 32 白胜 loss=25.8057 temp=1.00 total_env_steps=164071 t=0.36s
Ep 4040: len= 40 白胜 loss=25.3453 temp=1.00 total_env_steps=164111 t=0.40s
Ep 4041: len= 50 白胜 loss=25.4427 temp=1.00 total_env_steps=164161 t=0.45s
Ep 4042: len= 40 白胜 loss=25.3996 temp=1.00 total_env_steps=164201 t=0.39s
Ep 4043: len= 33 黑胜 loss=25.4624 temp=1.00 total_env_steps=164234 t=0.37s
Ep 4044: len= 39 黑胜 loss=25.7541 temp=1.00 total_env_steps=164273 t=0.40s
Ep 4045: len= 46 白胜 loss=25.6673 temp=1.00 total_env_steps=164319 t=0.46s
Ep 4046: len= 25 黑胜 loss=24.9468 temp=1.00 total_env_steps=164344 t=0.31s
Ep 4047: len= 28 白胜 loss=25.4648 temp=1.00 total_env_steps=164372 t=0.36s
Ep 4048: len= 71 黑胜 loss=25.7854 temp=1.00 total_env_steps=164443 t=0.60s
Ep 4049: len= 57 黑胜 loss=25.9139 temp=1.00 total_env_steps=164500 t=0.50s
Ep 4050: len= 36 白胜 loss=25.5134 temp=1.00 total_env_steps=164536 t=0.43s
Ep 4051: len= 25 黑胜 loss=25.2966 temp=1.00 total_env_steps=164561 t=0.31s
Ep 4052: len= 47 黑胜 loss=25.7302 temp=1.00 total_env_steps=164608 t=0.46s
Ep 4053: len= 35 黑胜 loss=25.8537 temp=1.00 total_env_steps=164643 t=0.35s
Ep 4054: len= 31 黑胜 loss=25.8951 temp=1.00 total_env_steps=164674 t=0.36s
Ep 4055: len= 31 黑胜 loss=25.9488 temp=1.00 total_env_steps=164705 t=0.35s
Ep 4056: len= 36 白胜 loss=25.5709 temp=1.00 total_env_steps=164741 t=0.42s
Ep 4057: len= 28 白胜 loss=25.6091 temp=1.00 total_env_steps=164769 t=0.33s
Ep 4058: len= 41 黑胜 loss=25.5464 temp=1.00 total_env_steps=164810 t=0.40s
Ep 4059: len= 44 白胜 loss=26.1969 temp=1.00 total_env_steps=164854 t=0.44s
Ep 4060: len= 26 白胜 loss=25.7406 temp=1.00 total_env_steps=164880 t=0.32s
Ep 4061: len= 35 黑胜 loss=25.2426 temp=1.00 total_env_steps=164915 t=0.36s
Ep 4062: len= 27 黑胜 loss=26.1252 temp=1.00 total_env_steps=164942 t=0.29s
Ep 4063: len= 42 白胜 loss=25.8511 temp=1.00 total_env_steps=164984 t=0.39s
Ep 4064: len= 25 黑胜 loss=25.4105 temp=1.00 total_env_steps=165009 t=0.29s
Ep 4065: len= 35 黑胜 loss=25.4024 temp=1.00 total_env_steps=165044 t=0.36s
Ep 4066: len= 54 白胜 loss=25.3388 temp=1.00 total_env_steps=165098 t=0.51s
Ep 4067: len= 59 黑胜 loss=25.6878 temp=1.00 total_env_steps=165157 t=0.52s
Ep 4068: len= 48 白胜 loss=25.4127 temp=1.00 total_env_steps=165205 t=0.45s
Ep 4069: len= 41 黑胜 loss=25.5008 temp=1.00 total_env_steps=165246 t=0.43s
Ep 4070: len= 30 白胜 loss=25.9166 temp=1.00 total_env_steps=165276 t=0.34s
Ep 4071: len= 44 白胜 loss=25.8994 temp=1.00 total_env_steps=165320 t=0.45s
Ep 4072: len= 54 白胜 loss=25.6793 temp=1.00 total_env_steps=165374 t=0.47s
Ep 4073: len= 50 白胜 loss=25.5001 temp=1.00 total_env_steps=165424 t=0.47s
Ep 4074: len= 49 黑胜 loss=25.6976 temp=1.00 total_env_steps=165473 t=0.46s
Ep 4075: len= 42 白胜 loss=25.5701 temp=1.00 total_env_steps=165515 t=0.43s
Ep 4076: len= 48 白胜 loss=25.8132 temp=1.00 total_env_steps=165563 t=0.51s
Ep 4077: len= 28 白胜 loss=25.6503 temp=1.00 total_env_steps=165591 t=0.31s
Ep 4078: len= 55 黑胜 loss=25.9488 temp=1.00 total_env_steps=165646 t=0.52s
Ep 4079: len= 28 白胜 loss=25.4506 temp=1.00 total_env_steps=165674 t=0.31s
Ep 4080: len= 36 白胜 loss=25.9443 temp=1.00 total_env_steps=165710 t=0.46s
Ep 4081: len= 78 白胜 loss=25.3606 temp=1.00 total_env_steps=165788 t=0.61s
Ep 4082: len= 26 白胜 loss=26.0593 temp=1.00 total_env_steps=165814 t=0.31s
Ep 4083: len= 36 白胜 loss=25.4787 temp=1.00 total_env_steps=165850 t=0.41s
Ep 4084: len= 55 黑胜 loss=26.2436 temp=1.00 total_env_steps=165905 t=0.55s
Ep 4085: len= 29 黑胜 loss=25.8443 temp=1.00 total_env_steps=165934 t=0.33s
Ep 4086: len= 24 白胜 loss=25.3231 temp=1.00 total_env_steps=165958 t=0.29s
Ep 4087: len= 52 白胜 loss=26.2353 temp=1.00 total_env_steps=166010 t=0.47s
Ep 4088: len= 31 黑胜 loss=26.1539 temp=1.00 total_env_steps=166041 t=0.35s
Ep 4089: len= 41 黑胜 loss=25.1665 temp=1.00 total_env_steps=166082 t=0.42s
Ep 4090: len= 44 白胜 loss=25.7390 temp=1.00 total_env_steps=166126 t=0.43s
Ep 4091: len= 26 白胜 loss=25.2643 temp=1.00 total_env_steps=166152 t=0.32s
Ep 4092: len= 22 白胜 loss=25.8101 temp=1.00 total_env_steps=166174 t=0.37s
Ep 4093: len= 23 黑胜 loss=26.1129 temp=1.00 total_env_steps=166197 t=0.29s
Ep 4094: len= 36 白胜 loss=25.3674 temp=1.00 total_env_steps=166233 t=0.37s
Ep 4095: len= 51 黑胜 loss=25.7538 temp=1.00 total_env_steps=166284 t=0.51s
Ep 4096: len= 41 黑胜 loss=25.3156 temp=1.00 total_env_steps=166325 t=0.52s
Ep 4097: len= 61 黑胜 loss=25.1890 temp=1.00 total_env_steps=166386 t=0.53s
Ep 4098: len= 19 黑胜 loss=26.0810 temp=1.00 total_env_steps=166405 t=0.28s
Ep 4099: len= 43 黑胜 loss=25.7367 temp=1.00 total_env_steps=166448 t=0.49s
Ep 4100: len= 29 黑胜 loss=26.2120 temp=1.00 total_env_steps=166477 t=0.37s
Ep 4101: len= 43 黑胜 loss=25.7468 temp=1.00 total_env_steps=166520 t=0.47s
Ep 4102: len= 53 黑胜 loss=25.5669 temp=1.00 total_env_steps=166573 t=0.52s
Ep 4103: len= 41 黑胜 loss=26.1814 temp=1.00 total_env_steps=166614 t=0.45s
Ep 4104: len= 42 白胜 loss=25.1861 temp=1.00 total_env_steps=166656 t=0.42s
Ep 4105: len= 27 黑胜 loss=25.6609 temp=1.00 total_env_steps=166683 t=0.33s
Ep 4106: len= 43 黑胜 loss=25.8249 temp=1.00 total_env_steps=166726 t=0.44s
Ep 4107: len= 33 黑胜 loss=25.6204 temp=1.00 total_env_steps=166759 t=0.43s
Ep 4108: len= 44 白胜 loss=25.3774 temp=1.00 total_env_steps=166803 t=0.48s
Ep 4109: len= 17 黑胜 loss=25.2368 temp=1.00 total_env_steps=166820 t=0.26s
Ep 4110: len= 34 白胜 loss=25.6145 temp=1.00 total_env_steps=166854 t=0.37s
Ep 4111: len= 66 白胜 loss=25.5990 temp=1.00 total_env_steps=166920 t=0.57s
Ep 4112: len= 41 黑胜 loss=25.3448 temp=1.00 total_env_steps=166961 t=0.42s
Ep 4113: len= 54 白胜 loss=25.6928 temp=1.00 total_env_steps=167015 t=0.52s
Ep 4114: len= 28 白胜 loss=25.8762 temp=1.00 total_env_steps=167043 t=0.33s
Ep 4115: len= 26 白胜 loss=25.8885 temp=1.00 total_env_steps=167069 t=0.34s
Ep 4116: len= 28 白胜 loss=25.8603 temp=1.00 total_env_steps=167097 t=0.41s
Ep 4117: len= 54 白胜 loss=25.3666 temp=1.00 total_env_steps=167151 t=0.52s
Ep 4118: len= 41 黑胜 loss=25.4364 temp=1.00 total_env_steps=167192 t=0.41s
Ep 4119: len= 31 黑胜 loss=26.0335 temp=1.00 total_env_steps=167223 t=0.36s
Ep 4120: len= 25 黑胜 loss=25.3167 temp=1.00 total_env_steps=167248 t=0.32s
Ep 4121: len= 45 黑胜 loss=25.3579 temp=1.00 total_env_steps=167293 t=0.43s
Ep 4122: len= 37 黑胜 loss=25.6387 temp=1.00 total_env_steps=167330 t=0.42s
Ep 4123: len= 81 平局 loss=25.8404 temp=1.00 total_env_steps=167411 t=0.70s
Ep 4124: len= 29 黑胜 loss=26.0807 temp=1.00 total_env_steps=167440 t=0.33s
Ep 4125: len= 42 白胜 loss=25.9887 temp=1.00 total_env_steps=167482 t=0.43s
Ep 4126: len= 51 黑胜 loss=25.5123 temp=1.00 total_env_steps=167533 t=0.49s
Ep 4127: len= 27 黑胜 loss=26.1251 temp=1.00 total_env_steps=167560 t=0.31s
Ep 4128: len= 40 白胜 loss=25.9951 temp=1.00 total_env_steps=167600 t=0.43s
Ep 4129: len= 34 白胜 loss=25.3145 temp=1.00 total_env_steps=167634 t=0.37s
Ep 4130: len= 42 白胜 loss=25.3824 temp=1.00 total_env_steps=167676 t=0.49s
Ep 4131: len= 23 黑胜 loss=26.0148 temp=1.00 total_env_steps=167699 t=0.28s
Ep 4132: len= 28 白胜 loss=25.4653 temp=1.00 total_env_steps=167727 t=0.34s
Ep 4133: len= 45 黑胜 loss=25.3735 temp=1.00 total_env_steps=167772 t=0.43s
Ep 4134: len= 53 黑胜 loss=25.9260 temp=1.00 total_env_steps=167825 t=0.54s
Ep 4135: len= 70 白胜 loss=26.0891 temp=1.00 total_env_steps=167895 t=0.66s
Ep 4136: len= 55 黑胜 loss=25.8700 temp=1.00 total_env_steps=167950 t=0.54s
Ep 4137: len= 13 黑胜 loss=25.0672 temp=1.00 total_env_steps=167963 t=0.24s
Ep 4138: len= 48 白胜 loss=26.2116 temp=1.00 total_env_steps=168011 t=0.46s
Ep 4139: len= 64 白胜 loss=25.3029 temp=1.00 total_env_steps=168075 t=0.53s
Ep 4140: len= 25 黑胜 loss=25.1688 temp=1.00 total_env_steps=168100 t=0.29s
Ep 4141: len= 51 黑胜 loss=25.6517 temp=1.00 total_env_steps=168151 t=0.49s
Ep 4142: len= 27 黑胜 loss=25.4464 temp=1.00 total_env_steps=168178 t=0.31s
Ep 4143: len= 39 黑胜 loss=25.7673 temp=1.00 total_env_steps=168217 t=0.39s
Ep 4144: len= 41 黑胜 loss=26.0201 temp=1.00 total_env_steps=168258 t=0.42s
Ep 4145: len= 30 白胜 loss=25.9775 temp=1.00 total_env_steps=168288 t=0.33s
Ep 4146: len= 50 白胜 loss=25.6798 temp=1.00 total_env_steps=168338 t=0.47s
Ep 4147: len= 34 白胜 loss=25.6927 temp=1.00 total_env_steps=168372 t=0.39s
Ep 4148: len= 33 黑胜 loss=26.1803 temp=1.00 total_env_steps=168405 t=0.43s
Ep 4149: len= 29 黑胜 loss=25.6343 temp=1.00 total_env_steps=168434 t=0.34s
Ep 4150: len= 23 黑胜 loss=25.6695 temp=1.00 total_env_steps=168457 t=0.31s
Ep 4151: len= 25 黑胜 loss=25.4641 temp=1.00 total_env_steps=168482 t=0.31s
Ep 4152: len= 35 黑胜 loss=25.5464 temp=1.00 total_env_steps=168517 t=0.37s
Ep 4153: len= 29 黑胜 loss=25.3081 temp=1.00 total_env_steps=168546 t=0.33s
Ep 4154: len= 74 白胜 loss=25.0288 temp=1.00 total_env_steps=168620 t=0.73s
Ep 4155: len= 71 黑胜 loss=25.2465 temp=1.00 total_env_steps=168691 t=0.64s
Ep 4156: len= 30 白胜 loss=25.2794 temp=1.00 total_env_steps=168721 t=0.34s
Ep 4157: len= 40 白胜 loss=26.1130 temp=1.00 total_env_steps=168761 t=0.39s
Ep 4158: len= 69 黑胜 loss=25.7993 temp=1.00 total_env_steps=168830 t=0.57s
Ep 4159: len= 33 黑胜 loss=25.7872 temp=1.00 total_env_steps=168863 t=0.33s
Ep 4160: len= 25 黑胜 loss=25.9218 temp=1.00 total_env_steps=168888 t=0.29s
Ep 4161: len= 23 黑胜 loss=25.4238 temp=1.00 total_env_steps=168911 t=0.30s
Ep 4162: len= 70 白胜 loss=25.8432 temp=1.00 total_env_steps=168981 t=0.61s
Ep 4163: len= 54 白胜 loss=25.8255 temp=1.00 total_env_steps=169035 t=0.53s
Ep 4164: len= 46 白胜 loss=25.5681 temp=1.00 total_env_steps=169081 t=0.42s
Ep 4165: len= 33 黑胜 loss=26.1176 temp=1.00 total_env_steps=169114 t=0.36s
Ep 4166: len= 30 白胜 loss=25.7323 temp=1.00 total_env_steps=169144 t=0.34s
Ep 4167: len= 43 黑胜 loss=25.5696 temp=1.00 total_env_steps=169187 t=0.43s
Ep 4168: len= 38 白胜 loss=25.5833 temp=1.00 total_env_steps=169225 t=0.39s
Ep 4169: len= 45 黑胜 loss=25.3894 temp=1.00 total_env_steps=169270 t=0.50s
Ep 4170: len= 36 白胜 loss=25.9786 temp=1.00 total_env_steps=169306 t=0.38s
Ep 4171: len= 36 白胜 loss=26.1477 temp=1.00 total_env_steps=169342 t=0.37s
Ep 4172: len= 25 黑胜 loss=25.7092 temp=1.00 total_env_steps=169367 t=0.32s
Ep 4173: len= 65 黑胜 loss=25.6010 temp=1.00 total_env_steps=169432 t=0.70s
Ep 4174: len= 29 黑胜 loss=25.5020 temp=1.00 total_env_steps=169461 t=0.35s
Ep 4175: len= 26 白胜 loss=25.4169 temp=1.00 total_env_steps=169487 t=0.33s
Ep 4176: len= 38 白胜 loss=25.3934 temp=1.00 total_env_steps=169525 t=0.40s
Ep 4177: len= 37 黑胜 loss=25.6361 temp=1.00 total_env_steps=169562 t=0.41s
Ep 4178: len= 64 白胜 loss=25.6460 temp=1.00 total_env_steps=169626 t=0.58s
Ep 4179: len= 27 黑胜 loss=25.8256 temp=1.00 total_env_steps=169653 t=0.30s
Ep 4180: len= 42 白胜 loss=25.2980 temp=1.00 total_env_steps=169695 t=0.41s
Ep 4181: len= 47 黑胜 loss=25.3276 temp=1.00 total_env_steps=169742 t=0.46s
Ep 4182: len= 32 白胜 loss=25.7657 temp=1.00 total_env_steps=169774 t=0.35s
Ep 4183: len= 45 黑胜 loss=25.6460 temp=1.00 total_env_steps=169819 t=0.45s
Ep 4184: len= 30 白胜 loss=25.2732 temp=1.00 total_env_steps=169849 t=0.35s
Ep 4185: len= 27 黑胜 loss=25.3449 temp=1.00 total_env_steps=169876 t=0.30s
Ep 4186: len= 44 白胜 loss=25.9072 temp=1.00 total_env_steps=169920 t=0.44s
Ep 4187: len= 45 黑胜 loss=25.5680 temp=1.00 total_env_steps=169965 t=0.40s
Ep 4188: len= 37 黑胜 loss=25.8718 temp=1.00 total_env_steps=170002 t=0.37s
Ep 4189: len= 29 黑胜 loss=25.2320 temp=1.00 total_env_steps=170031 t=0.31s
Ep 4190: len= 47 黑胜 loss=25.8925 temp=1.00 total_env_steps=170078 t=0.45s
Ep 4191: len= 32 白胜 loss=25.3646 temp=1.00 total_env_steps=170110 t=0.35s
Ep 4192: len= 43 黑胜 loss=25.6270 temp=1.00 total_env_steps=170153 t=0.40s
Ep 4193: len= 34 白胜 loss=25.8137 temp=1.00 total_env_steps=170187 t=0.33s
Ep 4194: len= 42 白胜 loss=25.8309 temp=1.00 total_env_steps=170229 t=0.40s
Ep 4195: len= 38 白胜 loss=25.7272 temp=1.00 total_env_steps=170267 t=0.40s
Ep 4196: len= 32 白胜 loss=25.6442 temp=1.00 total_env_steps=170299 t=0.34s
Ep 4197: len= 32 白胜 loss=25.6702 temp=1.00 total_env_steps=170331 t=0.35s
Ep 4198: len= 50 白胜 loss=25.4993 temp=1.00 total_env_steps=170381 t=0.48s
Ep 4199: len= 29 黑胜 loss=26.0251 temp=1.00 total_env_steps=170410 t=0.33s
Ep 4200: len= 57 黑胜 loss=26.0959 temp=1.00 total_env_steps=170467 t=0.54s
Ep 4201: len= 77 黑胜 loss=25.4498 temp=1.00 total_env_steps=170544 t=0.68s
Ep 4202: len= 24 白胜 loss=25.1617 temp=1.00 total_env_steps=170568 t=0.29s
Ep 4203: len= 32 白胜 loss=25.5236 temp=1.00 total_env_steps=170600 t=0.37s
Ep 4204: len= 34 白胜 loss=25.1417 temp=1.00 total_env_steps=170634 t=0.35s
Ep 4205: len= 26 白胜 loss=25.6275 temp=1.00 total_env_steps=170660 t=0.31s
Ep 4206: len= 61 黑胜 loss=25.2992 temp=1.00 total_env_steps=170721 t=0.58s
Ep 4207: len= 42 白胜 loss=25.3951 temp=1.00 total_env_steps=170763 t=0.40s
Ep 4208: len= 25 黑胜 loss=25.3047 temp=1.00 total_env_steps=170788 t=0.32s
Ep 4209: len= 13 黑胜 loss=25.7433 temp=1.00 total_env_steps=170801 t=0.22s
Ep 4210: len= 46 白胜 loss=25.7894 temp=1.00 total_env_steps=170847 t=0.49s
Ep 4211: len= 72 白胜 loss=25.6051 temp=1.00 total_env_steps=170919 t=0.61s
Ep 4212: len= 21 黑胜 loss=25.6782 temp=1.00 total_env_steps=170940 t=0.27s
Ep 4213: len= 34 白胜 loss=25.7372 temp=1.00 total_env_steps=170974 t=0.36s
Ep 4214: len= 23 黑胜 loss=25.2570 temp=1.00 total_env_steps=170997 t=0.31s
Ep 4215: len= 41 黑胜 loss=25.7500 temp=1.00 total_env_steps=171038 t=0.44s
Ep 4216: len= 21 黑胜 loss=25.5557 temp=1.00 total_env_steps=171059 t=0.30s
Ep 4217: len= 52 白胜 loss=25.7132 temp=1.00 total_env_steps=171111 t=0.52s
Ep 4218: len= 25 黑胜 loss=25.6640 temp=1.00 total_env_steps=171136 t=0.30s
Ep 4219: len= 35 黑胜 loss=25.5164 temp=1.00 total_env_steps=171171 t=0.40s
Ep 4220: len= 34 白胜 loss=25.9328 temp=1.00 total_env_steps=171205 t=0.35s
Ep 4221: len= 46 白胜 loss=25.4247 temp=1.00 total_env_steps=171251 t=0.48s
Ep 4222: len= 72 白胜 loss=25.1832 temp=1.00 total_env_steps=171323 t=0.63s
Ep 4223: len= 40 白胜 loss=25.4942 temp=1.00 total_env_steps=171363 t=0.38s
Ep 4224: len= 33 黑胜 loss=25.5565 temp=1.00 total_env_steps=171396 t=0.37s
Ep 4225: len= 62 白胜 loss=26.1835 temp=1.00 total_env_steps=171458 t=0.60s
Ep 4226: len= 30 白胜 loss=25.9657 temp=1.00 total_env_steps=171488 t=0.36s
Ep 4227: len= 48 白胜 loss=25.6936 temp=1.00 total_env_steps=171536 t=0.46s
Ep 4228: len= 30 白胜 loss=25.2628 temp=1.00 total_env_steps=171566 t=0.31s
Ep 4229: len= 39 黑胜 loss=25.9399 temp=1.00 total_env_steps=171605 t=0.41s
Ep 4230: len= 29 黑胜 loss=24.9298 temp=1.00 total_env_steps=171634 t=0.34s
Ep 4231: len= 33 黑胜 loss=25.1517 temp=1.00 total_env_steps=171667 t=0.32s
Ep 4232: len= 53 黑胜 loss=25.2642 temp=1.00 total_env_steps=171720 t=0.55s
Ep 4233: len= 40 白胜 loss=26.0339 temp=1.00 total_env_steps=171760 t=0.40s
Ep 4234: len= 42 白胜 loss=24.8828 temp=1.00 total_env_steps=171802 t=0.44s
Ep 4235: len= 37 黑胜 loss=25.1513 temp=1.00 total_env_steps=171839 t=0.39s
Ep 4236: len= 57 黑胜 loss=25.9700 temp=1.00 total_env_steps=171896 t=0.52s
Ep 4237: len= 33 黑胜 loss=25.0358 temp=1.00 total_env_steps=171929 t=0.37s
Ep 4238: len= 37 黑胜 loss=26.2241 temp=1.00 total_env_steps=171966 t=0.39s
Ep 4239: len= 52 白胜 loss=25.5835 temp=1.00 total_env_steps=172018 t=0.45s
Ep 4240: len= 37 黑胜 loss=25.6600 temp=1.00 total_env_steps=172055 t=0.43s
Ep 4241: len= 37 黑胜 loss=25.7976 temp=1.00 total_env_steps=172092 t=0.36s
Ep 4242: len= 35 黑胜 loss=25.5653 temp=1.00 total_env_steps=172127 t=0.36s
Ep 4243: len= 23 黑胜 loss=25.8792 temp=1.00 total_env_steps=172150 t=0.30s
Ep 4244: len= 19 黑胜 loss=25.4591 temp=1.00 total_env_steps=172169 t=0.25s
Ep 4245: len= 51 黑胜 loss=25.5407 temp=1.00 total_env_steps=172220 t=0.49s
Ep 4246: len= 36 白胜 loss=25.2084 temp=1.00 total_env_steps=172256 t=0.36s
Ep 4247: len= 44 白胜 loss=25.1424 temp=1.00 total_env_steps=172300 t=0.44s
Ep 4248: len= 20 白胜 loss=25.4130 temp=1.00 total_env_steps=172320 t=0.28s
Ep 4249: len= 41 黑胜 loss=25.3448 temp=1.00 total_env_steps=172361 t=0.47s
Ep 4250: len= 43 黑胜 loss=25.4245 temp=1.00 total_env_steps=172404 t=0.43s
Ep 4251: len= 55 黑胜 loss=25.6018 temp=1.00 total_env_steps=172459 t=0.55s
Ep 4252: len= 29 黑胜 loss=26.0421 temp=1.00 total_env_steps=172488 t=0.33s
Ep 4253: len= 27 黑胜 loss=25.1674 temp=1.00 total_env_steps=172515 t=0.33s
Ep 4254: len= 43 黑胜 loss=25.5567 temp=1.00 total_env_steps=172558 t=0.41s
Ep 4255: len= 81 平局 loss=25.7745 temp=1.00 total_env_steps=172639 t=0.69s
Ep 4256: len= 41 黑胜 loss=25.5999 temp=1.00 total_env_steps=172680 t=0.44s
Ep 4257: len= 43 黑胜 loss=25.2784 temp=1.00 total_env_steps=172723 t=0.42s
Ep 4258: len= 50 白胜 loss=25.6789 temp=1.00 total_env_steps=172773 t=0.51s
Ep 4259: len= 36 白胜 loss=25.6072 temp=1.00 total_env_steps=172809 t=0.40s
Ep 4260: len= 66 白胜 loss=25.2918 temp=1.00 total_env_steps=172875 t=0.56s
Ep 4261: len= 39 黑胜 loss=25.3221 temp=1.00 total_env_steps=172914 t=0.39s
Ep 4262: len= 53 黑胜 loss=25.7353 temp=1.00 total_env_steps=172967 t=0.54s
Ep 4263: len= 35 黑胜 loss=25.5872 temp=1.00 total_env_steps=173002 t=0.36s
Ep 4264: len= 31 黑胜 loss=25.0973 temp=1.00 total_env_steps=173033 t=0.33s
Ep 4265: len= 27 黑胜 loss=25.2770 temp=1.00 total_env_steps=173060 t=0.34s
Ep 4266: len= 31 黑胜 loss=25.7390 temp=1.00 total_env_steps=173091 t=0.35s
Ep 4267: len= 26 白胜 loss=25.5768 temp=1.00 total_env_steps=173117 t=0.34s
Ep 4268: len= 33 黑胜 loss=26.0968 temp=1.00 total_env_steps=173150 t=0.38s
Ep 4269: len= 29 黑胜 loss=25.4156 temp=1.00 total_env_steps=173179 t=0.31s
Ep 4270: len= 38 白胜 loss=25.2503 temp=1.00 total_env_steps=173217 t=0.41s
Ep 4271: len= 68 白胜 loss=25.3627 temp=1.00 total_env_steps=173285 t=0.67s
Ep 4272: len= 49 黑胜 loss=25.5440 temp=1.00 total_env_steps=173334 t=0.48s
Ep 4273: len= 17 黑胜 loss=25.6731 temp=1.00 total_env_steps=173351 t=0.28s
Ep 4274: len= 38 白胜 loss=25.3927 temp=1.00 total_env_steps=173389 t=0.42s
Ep 4275: len= 31 黑胜 loss=25.3910 temp=1.00 total_env_steps=173420 t=0.38s
Ep 4276: len= 50 白胜 loss=25.7275 temp=1.00 total_env_steps=173470 t=0.51s
Ep 4277: len= 36 白胜 loss=25.9044 temp=1.00 total_env_steps=173506 t=0.39s
Ep 4278: len= 35 黑胜 loss=25.5150 temp=1.00 total_env_steps=173541 t=0.39s
Ep 4279: len= 37 黑胜 loss=24.6394 temp=1.00 total_env_steps=173578 t=0.43s
Ep 4280: len= 41 黑胜 loss=25.2215 temp=1.00 total_env_steps=173619 t=0.44s
Ep 4281: len= 37 黑胜 loss=25.8239 temp=1.00 total_env_steps=173656 t=0.38s
Ep 4282: len= 20 白胜 loss=25.5458 temp=1.00 total_env_steps=173676 t=0.29s
Ep 4283: len= 55 黑胜 loss=25.1641 temp=1.00 total_env_steps=173731 t=0.61s
Ep 4284: len= 32 白胜 loss=25.6242 temp=1.00 total_env_steps=173763 t=0.37s
Ep 4285: len= 46 白胜 loss=25.5641 temp=1.00 total_env_steps=173809 t=0.49s
Ep 4286: len= 37 黑胜 loss=25.2990 temp=1.00 total_env_steps=173846 t=0.42s
Ep 4287: len= 27 黑胜 loss=25.5437 temp=1.00 total_env_steps=173873 t=0.33s
Ep 4288: len= 41 黑胜 loss=25.9984 temp=1.00 total_env_steps=173914 t=0.42s
Ep 4289: len= 17 黑胜 loss=26.0359 temp=1.00 total_env_steps=173931 t=0.30s
Ep 4290: len= 36 白胜 loss=25.4846 temp=1.00 total_env_steps=173967 t=0.40s
Ep 4291: len= 13 黑胜 loss=25.4432 temp=1.00 total_env_steps=173980 t=0.24s
Ep 4292: len= 29 黑胜 loss=25.3292 temp=1.00 total_env_steps=174009 t=0.36s
Ep 4293: len= 39 黑胜 loss=25.4438 temp=1.00 total_env_steps=174048 t=0.45s
Ep 4294: len= 43 黑胜 loss=25.0217 temp=1.00 total_env_steps=174091 t=0.45s
Ep 4295: len= 32 白胜 loss=25.3847 temp=1.00 total_env_steps=174123 t=0.40s
Ep 4296: len= 27 黑胜 loss=25.5849 temp=1.00 total_env_steps=174150 t=0.36s
Ep 4297: len= 45 黑胜 loss=25.9301 temp=1.00 total_env_steps=174195 t=0.50s
Ep 4298: len= 30 白胜 loss=25.1912 temp=1.00 total_env_steps=174225 t=0.37s
Ep 4299: len= 32 白胜 loss=25.3084 temp=1.00 total_env_steps=174257 t=0.40s
Ep 4300: len= 30 白胜 loss=25.7959 temp=1.00 total_env_steps=174287 t=0.36s
Ep 4301: len= 63 黑胜 loss=25.0392 temp=1.00 total_env_steps=174350 t=0.62s
Ep 4302: len= 52 白胜 loss=26.1638 temp=1.00 total_env_steps=174402 t=0.61s
Ep 4303: len= 63 黑胜 loss=25.7723 temp=1.00 total_env_steps=174465 t=0.69s
Ep 4304: len= 32 白胜 loss=25.5405 temp=1.00 total_env_steps=174497 t=0.36s
Ep 4305: len= 49 黑胜 loss=25.4776 temp=1.00 total_env_steps=174546 t=0.47s
Ep 4306: len= 55 黑胜 loss=25.5382 temp=1.00 total_env_steps=174601 t=0.56s
Ep 4307: len= 43 黑胜 loss=24.7598 temp=1.00 total_env_steps=174644 t=0.47s
Ep 4308: len= 26 白胜 loss=25.4354 temp=1.00 total_env_steps=174670 t=0.33s
Ep 4309: len= 31 黑胜 loss=25.6326 temp=1.00 total_env_steps=174701 t=0.35s
Ep 4310: len= 49 黑胜 loss=25.4744 temp=1.00 total_env_steps=174750 t=0.48s
Ep 4311: len= 51 黑胜 loss=24.9908 temp=1.00 total_env_steps=174801 t=0.54s
Ep 4312: len= 38 白胜 loss=25.2613 temp=1.00 total_env_steps=174839 t=0.43s
Ep 4313: len= 33 黑胜 loss=25.5994 temp=1.00 total_env_steps=174872 t=0.39s
Ep 4314: len= 15 黑胜 loss=25.1107 temp=1.00 total_env_steps=174887 t=0.25s
Ep 4315: len= 73 黑胜 loss=25.6385 temp=1.00 total_env_steps=174960 t=0.66s
Ep 4316: len= 29 黑胜 loss=24.8584 temp=1.00 total_env_steps=174989 t=0.36s
Ep 4317: len= 41 黑胜 loss=25.3075 temp=1.00 total_env_steps=175030 t=0.44s
Ep 4318: len= 39 黑胜 loss=26.0897 temp=1.00 total_env_steps=175069 t=0.41s
Ep 4319: len= 57 黑胜 loss=25.3928 temp=1.00 total_env_steps=175126 t=0.55s
Ep 4320: len= 33 黑胜 loss=25.5407 temp=1.00 total_env_steps=175159 t=0.38s
Ep 4321: len= 51 黑胜 loss=25.0855 temp=1.00 total_env_steps=175210 t=0.50s
Ep 4322: len= 25 黑胜 loss=25.1964 temp=1.00 total_env_steps=175235 t=0.33s
Ep 4323: len= 27 黑胜 loss=25.5214 temp=1.00 total_env_steps=175262 t=0.33s
Ep 4324: len= 29 黑胜 loss=25.5580 temp=1.00 total_env_steps=175291 t=0.36s
Ep 4325: len= 35 黑胜 loss=25.0944 temp=1.00 total_env_steps=175326 t=0.38s
Ep 4326: len= 47 黑胜 loss=25.0024 temp=1.00 total_env_steps=175373 t=0.49s
Ep 4327: len= 75 黑胜 loss=25.2450 temp=1.00 total_env_steps=175448 t=0.74s
Ep 4328: len= 33 黑胜 loss=26.0179 temp=1.00 total_env_steps=175481 t=0.43s
Ep 4329: len= 25 黑胜 loss=25.2550 temp=1.00 total_env_steps=175506 t=0.33s
Ep 4330: len= 31 黑胜 loss=25.7755 temp=1.00 total_env_steps=175537 t=0.66s
Ep 4331: len= 38 白胜 loss=25.7577 temp=1.00 total_env_steps=175575 t=0.46s
Ep 4332: len= 31 黑胜 loss=25.6942 temp=1.00 total_env_steps=175606 t=0.42s
Ep 4333: len= 27 黑胜 loss=25.6984 temp=1.00 total_env_steps=175633 t=0.35s
Ep 4334: len= 60 白胜 loss=25.3030 temp=1.00 total_env_steps=175693 t=0.55s
Ep 4335: len= 29 黑胜 loss=25.3654 temp=1.00 total_env_steps=175722 t=0.34s
Ep 4336: len= 59 黑胜 loss=25.0111 temp=1.00 total_env_steps=175781 t=0.55s
Ep 4337: len= 47 黑胜 loss=25.5506 temp=1.00 total_env_steps=175828 t=0.50s
Ep 4338: len= 15 黑胜 loss=25.6459 temp=1.00 total_env_steps=175843 t=0.26s
Ep 4339: len= 16 白胜 loss=25.3768 temp=1.00 total_env_steps=175859 t=0.25s
Ep 4340: len= 34 白胜 loss=25.5730 temp=1.00 total_env_steps=175893 t=0.37s
Ep 4341: len= 43 黑胜 loss=24.9869 temp=1.00 total_env_steps=175936 t=0.46s
Ep 4342: len= 40 白胜 loss=25.4704 temp=1.00 total_env_steps=175976 t=0.41s
Ep 4343: len= 54 白胜 loss=25.6695 temp=1.00 total_env_steps=176030 t=0.50s
Ep 4344: len= 36 白胜 loss=25.3298 temp=1.00 total_env_steps=176066 t=0.36s
Ep 4345: len= 15 黑胜 loss=25.4169 temp=1.00 total_env_steps=176081 t=0.25s
Ep 4346: len= 67 黑胜 loss=25.4210 temp=1.00 total_env_steps=176148 t=0.60s
Ep 4347: len= 30 白胜 loss=25.9132 temp=1.00 total_env_steps=176178 t=0.35s
Ep 4348: len= 25 黑胜 loss=25.4882 temp=1.00 total_env_steps=176203 t=0.31s
Ep 4349: len= 30 白胜 loss=25.1046 temp=1.00 total_env_steps=176233 t=0.33s
Ep 4350: len= 25 黑胜 loss=25.7000 temp=1.00 total_env_steps=176258 t=0.32s
Ep 4351: len= 48 白胜 loss=25.6104 temp=1.00 total_env_steps=176306 t=0.43s
Ep 4352: len= 46 白胜 loss=25.5952 temp=1.00 total_env_steps=176352 t=0.44s
Ep 4353: len= 15 黑胜 loss=25.2636 temp=1.00 total_env_steps=176367 t=0.24s
Ep 4354: len= 42 白胜 loss=26.3259 temp=1.00 total_env_steps=176409 t=0.42s
Ep 4355: len= 75 黑胜 loss=25.3699 temp=1.00 total_env_steps=176484 t=0.65s
Ep 4356: len= 38 白胜 loss=25.3404 temp=1.00 total_env_steps=176522 t=0.40s
Ep 4357: len= 44 白胜 loss=26.0775 temp=1.00 total_env_steps=176566 t=0.40s
Ep 4358: len= 34 白胜 loss=25.6707 temp=1.00 total_env_steps=176600 t=0.37s
Ep 4359: len= 31 黑胜 loss=25.2981 temp=1.00 total_env_steps=176631 t=0.34s
Ep 4360: len= 67 黑胜 loss=25.9857 temp=1.00 total_env_steps=176698 t=0.61s
Ep 4361: len= 50 白胜 loss=25.3759 temp=1.00 total_env_steps=176748 t=0.48s
Ep 4362: len= 23 黑胜 loss=25.3456 temp=1.00 total_env_steps=176771 t=0.29s
Ep 4363: len= 48 白胜 loss=25.6582 temp=1.00 total_env_steps=176819 t=0.43s
Ep 4364: len= 56 白胜 loss=26.1287 temp=1.00 total_env_steps=176875 t=0.49s
Ep 4365: len= 43 黑胜 loss=26.0445 temp=1.00 total_env_steps=176918 t=0.41s
Ep 4366: len= 63 黑胜 loss=25.6903 temp=1.00 total_env_steps=176981 t=0.56s
Ep 4367: len= 15 黑胜 loss=25.5234 temp=1.00 total_env_steps=176996 t=0.23s
Ep 4368: len= 52 白胜 loss=25.5958 temp=1.00 total_env_steps=177048 t=0.48s
Ep 4369: len= 45 黑胜 loss=25.4193 temp=1.00 total_env_steps=177093 t=0.42s
Ep 4370: len= 50 白胜 loss=25.6925 temp=1.00 total_env_steps=177143 t=0.46s
Ep 4371: len= 36 白胜 loss=25.5096 temp=1.00 total_env_steps=177179 t=0.35s
Ep 4372: len= 28 白胜 loss=25.2817 temp=1.00 total_env_steps=177207 t=0.31s
Ep 4373: len= 17 黑胜 loss=25.9591 temp=1.00 total_env_steps=177224 t=0.26s
Ep 4374: len= 37 黑胜 loss=25.9853 temp=1.00 total_env_steps=177261 t=0.42s
Ep 4375: len= 35 黑胜 loss=25.7786 temp=1.00 total_env_steps=177296 t=0.37s
Ep 4376: len= 30 白胜 loss=25.3151 temp=1.00 total_env_steps=177326 t=0.34s
Ep 4377: len= 19 黑胜 loss=25.6209 temp=1.00 total_env_steps=177345 t=0.26s
Ep 4378: len= 25 黑胜 loss=24.8182 temp=1.00 total_env_steps=177370 t=0.30s
Ep 4379: len= 53 黑胜 loss=25.6097 temp=1.00 total_env_steps=177423 t=0.47s
Ep 4380: len= 26 白胜 loss=25.4712 temp=1.00 total_env_steps=177449 t=0.30s
Ep 4381: len= 41 黑胜 loss=25.3694 temp=1.00 total_env_steps=177490 t=0.39s
Ep 4382: len= 16 白胜 loss=25.7844 temp=1.00 total_env_steps=177506 t=0.24s
Ep 4383: len= 61 黑胜 loss=25.1562 temp=1.00 total_env_steps=177567 t=0.53s
Ep 4384: len= 32 白胜 loss=24.9119 temp=1.00 total_env_steps=177599 t=0.34s
Ep 4385: len= 23 黑胜 loss=25.7335 temp=1.00 total_env_steps=177622 t=0.27s
Ep 4386: len= 33 黑胜 loss=25.8488 temp=1.00 total_env_steps=177655 t=0.35s
Ep 4387: len= 47 黑胜 loss=25.3871 temp=1.00 total_env_steps=177702 t=0.47s
Ep 4388: len= 37 黑胜 loss=25.9312 temp=1.00 total_env_steps=177739 t=0.46s
Ep 4389: len= 64 白胜 loss=25.7461 temp=1.00 total_env_steps=177803 t=0.60s
Ep 4390: len= 35 黑胜 loss=25.6824 temp=1.00 total_env_steps=177838 t=0.38s
Ep 4391: len= 45 黑胜 loss=25.9845 temp=1.00 total_env_steps=177883 t=0.44s
Ep 4392: len= 36 白胜 loss=25.4092 temp=1.00 total_env_steps=177919 t=0.39s
Ep 4393: len= 36 白胜 loss=25.2757 temp=1.00 total_env_steps=177955 t=0.39s
Ep 4394: len= 46 白胜 loss=25.3127 temp=1.00 total_env_steps=178001 t=0.45s
Ep 4395: len= 31 黑胜 loss=25.7457 temp=1.00 total_env_steps=178032 t=0.34s
Ep 4396: len= 37 黑胜 loss=25.3104 temp=1.00 total_env_steps=178069 t=0.36s
Ep 4397: len= 35 黑胜 loss=25.7645 temp=1.00 total_env_steps=178104 t=0.36s
Ep 4398: len= 38 白胜 loss=25.2588 temp=1.00 total_env_steps=178142 t=0.43s
Ep 4399: len= 75 黑胜 loss=25.3278 temp=1.00 total_env_steps=178217 t=0.66s
Ep 4400: len= 63 黑胜 loss=26.0076 temp=1.00 total_env_steps=178280 t=0.58s
Ep 4401: len= 24 白胜 loss=25.5412 temp=1.00 total_env_steps=178304 t=0.31s
Ep 4402: len= 35 黑胜 loss=25.3775 temp=1.00 total_env_steps=178339 t=0.36s
Ep 4403: len= 26 白胜 loss=25.3726 temp=1.00 total_env_steps=178365 t=0.32s
Ep 4404: len= 36 白胜 loss=25.8349 temp=1.00 total_env_steps=178401 t=0.34s
Ep 4405: len= 31 黑胜 loss=24.9722 temp=1.00 total_env_steps=178432 t=0.34s
Ep 4406: len= 31 黑胜 loss=24.9159 temp=1.00 total_env_steps=178463 t=0.34s
Ep 4407: len= 35 黑胜 loss=25.1338 temp=1.00 total_env_steps=178498 t=0.34s
Ep 4408: len= 39 黑胜 loss=25.5188 temp=1.00 total_env_steps=178537 t=0.39s
Ep 4409: len= 56 白胜 loss=25.5667 temp=1.00 total_env_steps=178593 t=0.52s
Ep 4410: len= 39 黑胜 loss=25.2864 temp=1.00 total_env_steps=178632 t=0.38s
Ep 4411: len= 25 黑胜 loss=25.6136 temp=1.00 total_env_steps=178657 t=0.31s
Ep 4412: len= 34 白胜 loss=25.6876 temp=1.00 total_env_steps=178691 t=0.37s
Ep 4413: len= 48 白胜 loss=25.8327 temp=1.00 total_env_steps=178739 t=0.45s
Ep 4414: len= 42 白胜 loss=25.7180 temp=1.00 total_env_steps=178781 t=0.42s
Ep 4415: len= 57 黑胜 loss=25.8250 temp=1.00 total_env_steps=178838 t=0.52s
Ep 4416: len= 33 黑胜 loss=25.7605 temp=1.00 total_env_steps=178871 t=0.39s
Ep 4417: len= 38 白胜 loss=25.3793 temp=1.00 total_env_steps=178909 t=0.39s
Ep 4418: len= 39 黑胜 loss=25.3686 temp=1.00 total_env_steps=178948 t=0.39s
Ep 4419: len= 30 白胜 loss=25.7359 temp=1.00 total_env_steps=178978 t=0.34s
Ep 4420: len= 38 白胜 loss=25.6948 temp=1.00 total_env_steps=179016 t=0.40s
Ep 4421: len= 40 白胜 loss=25.1673 temp=1.00 total_env_steps=179056 t=0.42s
Ep 4422: len= 29 黑胜 loss=25.3181 temp=1.00 total_env_steps=179085 t=0.31s
Ep 4423: len= 48 白胜 loss=25.1784 temp=1.00 total_env_steps=179133 t=0.48s
Ep 4424: len= 67 黑胜 loss=25.8236 temp=1.00 total_env_steps=179200 t=0.57s
Ep 4425: len= 48 白胜 loss=25.5405 temp=1.00 total_env_steps=179248 t=0.43s
Ep 4426: len= 27 黑胜 loss=25.7014 temp=1.00 total_env_steps=179275 t=0.30s
Ep 4427: len= 62 白胜 loss=25.2506 temp=1.00 total_env_steps=179337 t=0.57s
Ep 4428: len= 29 黑胜 loss=25.2896 temp=1.00 total_env_steps=179366 t=0.33s
Ep 4429: len= 47 黑胜 loss=26.2242 temp=1.00 total_env_steps=179413 t=0.46s
Ep 4430: len= 32 白胜 loss=25.9588 temp=1.00 total_env_steps=179445 t=0.34s
Ep 4431: len= 47 黑胜 loss=25.2320 temp=1.00 total_env_steps=179492 t=0.44s
Ep 4432: len= 40 白胜 loss=26.0464 temp=1.00 total_env_steps=179532 t=0.43s
Ep 4433: len= 36 白胜 loss=25.1017 temp=1.00 total_env_steps=179568 t=0.39s
Ep 4434: len= 57 黑胜 loss=24.8045 temp=1.00 total_env_steps=179625 t=0.59s
Ep 4435: len= 41 黑胜 loss=25.8853 temp=1.00 total_env_steps=179666 t=0.44s
Ep 4436: len= 47 黑胜 loss=25.7953 temp=1.00 total_env_steps=179713 t=0.42s
Ep 4437: len= 26 白胜 loss=25.3032 temp=1.00 total_env_steps=179739 t=0.32s
Ep 4438: len= 36 白胜 loss=25.5108 temp=1.00 total_env_steps=179775 t=0.36s
Ep 4439: len= 39 黑胜 loss=25.6190 temp=1.00 total_env_steps=179814 t=0.42s
Ep 4440: len= 41 黑胜 loss=25.6471 temp=1.00 total_env_steps=179855 t=0.42s
Ep 4441: len= 29 黑胜 loss=25.5776 temp=1.00 total_env_steps=179884 t=0.34s
Ep 4442: len= 51 黑胜 loss=24.9453 temp=1.00 total_env_steps=179935 t=0.47s
Ep 4443: len= 21 黑胜 loss=25.8216 temp=1.00 total_env_steps=179956 t=0.28s
Ep 4444: len= 65 黑胜 loss=26.3876 temp=1.00 total_env_steps=180021 t=0.55s
Ep 4445: len= 29 黑胜 loss=24.9118 temp=1.00 total_env_steps=180050 t=0.33s
Ep 4446: len= 28 白胜 loss=25.9762 temp=1.00 total_env_steps=180078 t=0.34s
Ep 4447: len= 30 白胜 loss=26.4519 temp=1.00 total_env_steps=180108 t=0.39s
Ep 4448: len= 31 黑胜 loss=25.9695 temp=1.00 total_env_steps=180139 t=0.34s
Ep 4449: len= 39 黑胜 loss=25.0139 temp=1.00 total_env_steps=180178 t=0.41s
Ep 4450: len= 54 白胜 loss=24.5981 temp=1.00 total_env_steps=180232 t=0.48s
Ep 4451: len= 45 黑胜 loss=25.5675 temp=1.00 total_env_steps=180277 t=0.43s
Ep 4452: len= 38 白胜 loss=26.1634 temp=1.00 total_env_steps=180315 t=0.38s
Ep 4453: len= 53 黑胜 loss=25.8052 temp=1.00 total_env_steps=180368 t=0.53s
Ep 4454: len= 38 白胜 loss=25.5157 temp=1.00 total_env_steps=180406 t=0.41s
Ep 4455: len= 23 黑胜 loss=25.6114 temp=1.00 total_env_steps=180429 t=0.29s
Ep 4456: len= 17 黑胜 loss=26.5202 temp=1.00 total_env_steps=180446 t=0.25s
Ep 4457: len= 30 白胜 loss=26.1968 temp=1.00 total_env_steps=180476 t=0.37s
Ep 4458: len= 24 白胜 loss=26.1675 temp=1.00 total_env_steps=180500 t=0.30s
Ep 4459: len= 25 黑胜 loss=25.3236 temp=1.00 total_env_steps=180525 t=0.29s
Ep 4460: len= 46 白胜 loss=25.7320 temp=1.00 total_env_steps=180571 t=0.47s
Ep 4461: len= 32 白胜 loss=25.5950 temp=1.00 total_env_steps=180603 t=0.36s
Ep 4462: len= 55 黑胜 loss=25.7426 temp=1.00 total_env_steps=180658 t=0.48s
Ep 4463: len= 46 白胜 loss=25.4575 temp=1.00 total_env_steps=180704 t=0.48s
Ep 4464: len= 26 白胜 loss=25.3779 temp=1.00 total_env_steps=180730 t=0.31s
Ep 4465: len= 77 黑胜 loss=25.8052 temp=1.00 total_env_steps=180807 t=0.61s
Ep 4466: len= 19 黑胜 loss=25.5326 temp=1.00 total_env_steps=180826 t=0.25s
Ep 4467: len= 44 白胜 loss=25.6628 temp=1.00 total_env_steps=180870 t=0.43s
Ep 4468: len= 33 黑胜 loss=25.8443 temp=1.00 total_env_steps=180903 t=0.37s
Ep 4469: len= 23 黑胜 loss=25.6975 temp=1.00 total_env_steps=180926 t=0.30s
Ep 4470: len= 34 白胜 loss=25.8422 temp=1.00 total_env_steps=180960 t=0.37s
Ep 4471: len= 49 黑胜 loss=26.2765 temp=1.00 total_env_steps=181009 t=0.47s
Ep 4472: len= 43 黑胜 loss=25.5244 temp=1.00 total_env_steps=181052 t=0.42s
Ep 4473: len= 53 黑胜 loss=25.7604 temp=1.00 total_env_steps=181105 t=0.50s
Ep 4474: len= 49 黑胜 loss=25.2769 temp=1.00 total_env_steps=181154 t=0.49s
Ep 4475: len= 43 黑胜 loss=25.4482 temp=1.00 total_env_steps=181197 t=0.43s
Ep 4476: len= 23 黑胜 loss=25.6007 temp=1.00 total_env_steps=181220 t=0.31s
Ep 4477: len= 17 黑胜 loss=25.4989 temp=1.00 total_env_steps=181237 t=0.26s
Ep 4478: len= 31 黑胜 loss=25.6349 temp=1.00 total_env_steps=181268 t=0.33s
Ep 4479: len= 36 白胜 loss=25.5861 temp=1.00 total_env_steps=181304 t=0.36s
Ep 4480: len= 48 白胜 loss=25.6794 temp=1.00 total_env_steps=181352 t=0.48s
Ep 4481: len= 27 黑胜 loss=25.0172 temp=1.00 total_env_steps=181379 t=0.30s
Ep 4482: len= 46 白胜 loss=25.8037 temp=1.00 total_env_steps=181425 t=0.44s
Ep 4483: len= 34 白胜 loss=25.6430 temp=1.00 total_env_steps=181459 t=0.39s
Ep 4484: len= 61 黑胜 loss=25.9155 temp=1.00 total_env_steps=181520 t=0.57s
Ep 4485: len= 50 白胜 loss=25.1731 temp=1.00 total_env_steps=181570 t=0.47s
Ep 4486: len= 25 黑胜 loss=25.2369 temp=1.00 total_env_steps=181595 t=0.31s
Ep 4487: len= 49 黑胜 loss=25.1794 temp=1.00 total_env_steps=181644 t=0.52s
Ep 4488: len= 73 黑胜 loss=25.7684 temp=1.00 total_env_steps=181717 t=0.62s
Ep 4489: len= 21 黑胜 loss=24.9908 temp=1.00 total_env_steps=181738 t=0.27s
Ep 4490: len= 40 白胜 loss=25.9446 temp=1.00 total_env_steps=181778 t=0.40s
Ep 4491: len= 28 白胜 loss=25.2815 temp=1.00 total_env_steps=181806 t=0.31s
Ep 4492: len= 30 白胜 loss=24.9601 temp=1.00 total_env_steps=181836 t=0.33s
Ep 4493: len= 43 黑胜 loss=25.6135 temp=1.00 total_env_steps=181879 t=0.41s
Ep 4494: len= 79 黑胜 loss=25.3402 temp=1.00 total_env_steps=181958 t=0.66s
Ep 4495: len= 23 黑胜 loss=25.6635 temp=1.00 total_env_steps=181981 t=0.30s
Ep 4496: len= 45 黑胜 loss=26.2152 temp=1.00 total_env_steps=182026 t=0.44s
Ep 4497: len= 29 黑胜 loss=25.5658 temp=1.00 total_env_steps=182055 t=0.40s
Ep 4498: len= 54 白胜 loss=25.4833 temp=1.00 total_env_steps=182109 t=0.56s
Ep 4499: len= 37 黑胜 loss=26.0844 temp=1.00 total_env_steps=182146 t=0.39s
Ep 4500: len= 24 白胜 loss=25.3907 temp=1.00 total_env_steps=182170 t=0.30s
  eval vs Gomoku-random-v0: win_rate=1.00 mean_return=1.00（20 局，total_env_steps=182170）
Ep 4501: len= 32 白胜 loss=25.6029 temp=1.00 total_env_steps=182202 t=0.36s
Ep 4502: len= 44 白胜 loss=25.7514 temp=1.00 total_env_steps=182246 t=0.46s
Ep 4503: len= 25 黑胜 loss=25.5212 temp=1.00 total_env_steps=182271 t=0.30s
Ep 4504: len= 79 黑胜 loss=25.1314 temp=1.00 total_env_steps=182350 t=0.69s
Ep 4505: len= 23 黑胜 loss=25.5551 temp=1.00 total_env_steps=182373 t=0.31s
Ep 4506: len= 27 黑胜 loss=25.2375 temp=1.00 total_env_steps=182400 t=0.29s
Ep 4507: len= 35 黑胜 loss=25.7330 temp=1.00 total_env_steps=182435 t=0.41s
Ep 4508: len= 34 白胜 loss=25.9061 temp=1.00 total_env_steps=182469 t=0.42s
Ep 4509: len= 37 黑胜 loss=25.1681 temp=1.00 total_env_steps=182506 t=0.37s
Ep 4510: len= 29 黑胜 loss=25.8286 temp=1.00 total_env_steps=182535 t=0.35s
Ep 4511: len= 19 黑胜 loss=25.7991 temp=1.00 total_env_steps=182554 t=0.26s
Ep 4512: len= 65 黑胜 loss=25.8306 temp=1.00 total_env_steps=182619 t=0.57s
Ep 4513: len= 42 白胜 loss=25.6411 temp=1.00 total_env_steps=182661 t=0.45s
Ep 4514: len= 34 白胜 loss=25.4826 temp=1.00 total_env_steps=182695 t=0.37s
Ep 4515: len= 46 白胜 loss=25.1580 temp=1.00 total_env_steps=182741 t=0.50s
Ep 4516: len= 57 黑胜 loss=25.8666 temp=1.00 total_env_steps=182798 t=0.51s
Ep 4517: len= 58 白胜 loss=25.5360 temp=1.00 total_env_steps=182856 t=0.55s
Ep 4518: len= 51 黑胜 loss=25.1566 temp=1.00 total_env_steps=182907 t=0.53s
Ep 4519: len= 29 黑胜 loss=25.0281 temp=1.00 total_env_steps=182936 t=0.37s
Ep 4520: len= 39 黑胜 loss=25.7007 temp=1.00 total_env_steps=182975 t=0.43s
Ep 4521: len= 31 黑胜 loss=25.6859 temp=1.00 total_env_steps=183006 t=0.38s
Ep 4522: len= 37 黑胜 loss=25.2472 temp=1.00 total_env_steps=183043 t=0.40s
Ep 4523: len= 42 白胜 loss=25.5063 temp=1.00 total_env_steps=183085 t=0.43s
Ep 4524: len= 29 黑胜 loss=25.5579 temp=1.00 total_env_steps=183114 t=0.33s
Ep 4525: len= 27 黑胜 loss=25.5812 temp=1.00 total_env_steps=183141 t=0.35s
Ep 4526: len= 33 黑胜 loss=25.9748 temp=1.00 total_env_steps=183174 t=0.41s
Ep 4527: len= 34 白胜 loss=25.4176 temp=1.00 total_env_steps=183208 t=0.41s
Ep 4528: len= 42 白胜 loss=26.0992 temp=1.00 total_env_steps=183250 t=0.43s
Ep 4529: len= 36 白胜 loss=25.2039 temp=1.00 total_env_steps=183286 t=0.36s
Ep 4530: len= 49 黑胜 loss=25.3839 temp=1.00 total_env_steps=183335 t=0.49s
Ep 4531: len= 50 白胜 loss=25.6323 temp=1.00 total_env_steps=183385 t=0.49s
Ep 4532: len= 19 黑胜 loss=26.0004 temp=1.00 total_env_steps=183404 t=0.29s
Ep 4533: len= 37 黑胜 loss=25.6614 temp=1.00 total_env_steps=183441 t=0.40s
Ep 4534: len= 35 黑胜 loss=25.3811 temp=1.00 total_env_steps=183476 t=0.39s
Ep 4535: len= 32 白胜 loss=26.0906 temp=1.00 total_env_steps=183508 t=0.35s
Ep 4536: len= 47 黑胜 loss=25.4764 temp=1.00 total_env_steps=183555 t=0.52s
Ep 4537: len= 27 黑胜 loss=26.1216 temp=1.00 total_env_steps=183582 t=0.33s
Ep 4538: len= 19 黑胜 loss=25.5133 temp=1.00 total_env_steps=183601 t=0.29s
Ep 4539: len= 44 白胜 loss=25.4684 temp=1.00 total_env_steps=183645 t=0.45s
Ep 4540: len= 41 黑胜 loss=25.3293 temp=1.00 total_env_steps=183686 t=0.44s
Ep 4541: len= 36 白胜 loss=25.1077 temp=1.00 total_env_steps=183722 t=0.41s
Ep 4542: len= 36 白胜 loss=25.8562 temp=1.00 total_env_steps=183758 t=0.40s
Ep 4543: len= 36 白胜 loss=25.3844 temp=1.00 total_env_steps=183794 t=0.40s
Ep 4544: len= 32 白胜 loss=24.9383 temp=1.00 total_env_steps=183826 t=0.36s
Ep 4545: len= 35 黑胜 loss=25.6524 temp=1.00 total_env_steps=183861 t=0.41s
Ep 4546: len= 36 白胜 loss=25.4142 temp=1.00 total_env_steps=183897 t=0.38s
Ep 4547: len= 41 黑胜 loss=25.8050 temp=1.00 total_env_steps=183938 t=0.43s
Ep 4548: len= 33 黑胜 loss=25.6107 temp=1.00 total_env_steps=183971 t=0.36s
Ep 4549: len= 28 白胜 loss=25.4368 temp=1.00 total_env_steps=183999 t=0.31s
Ep 4550: len= 37 黑胜 loss=26.0348 temp=1.00 total_env_steps=184036 t=0.38s
Ep 4551: len= 29 黑胜 loss=25.4556 temp=1.00 total_env_steps=184065 t=0.32s
Ep 4552: len= 43 黑胜 loss=25.4713 temp=1.00 total_env_steps=184108 t=0.42s
Ep 4553: len= 52 白胜 loss=25.5186 temp=1.00 total_env_steps=184160 t=0.50s
Ep 4554: len= 54 白胜 loss=25.9638 temp=1.00 total_env_steps=184214 t=0.56s
Ep 4555: len= 39 黑胜 loss=25.8078 temp=1.00 total_env_steps=184253 t=0.44s
Ep 4556: len= 46 白胜 loss=26.0134 temp=1.00 total_env_steps=184299 t=0.49s
Ep 4557: len= 40 白胜 loss=25.9453 temp=1.00 total_env_steps=184339 t=0.40s
Ep 4558: len= 46 白胜 loss=25.1581 temp=1.00 total_env_steps=184385 t=0.46s
Ep 4559: len= 36 白胜 loss=25.6999 temp=1.00 total_env_steps=184421 t=0.38s
Ep 4560: len= 52 白胜 loss=25.7574 temp=1.00 total_env_steps=184473 t=0.52s
Ep 4561: len= 17 黑胜 loss=25.3320 temp=1.00 total_env_steps=184490 t=0.27s
Ep 4562: len= 27 黑胜 loss=25.3036 temp=1.00 total_env_steps=184517 t=0.34s
Ep 4563: len= 37 黑胜 loss=25.6555 temp=1.00 total_env_steps=184554 t=0.36s
Ep 4564: len= 42 白胜 loss=25.3108 temp=1.00 total_env_steps=184596 t=0.45s
Ep 4565: len= 49 黑胜 loss=25.4012 temp=1.00 total_env_steps=184645 t=0.44s
Ep 4566: len= 39 黑胜 loss=25.4032 temp=1.00 total_env_steps=184684 t=0.44s
Ep 4567: len= 25 黑胜 loss=25.3909 temp=1.00 total_env_steps=184709 t=0.32s
Ep 4568: len= 52 白胜 loss=25.4571 temp=1.00 total_env_steps=184761 t=0.61s
Ep 4569: len= 30 白胜 loss=25.8319 temp=1.00 total_env_steps=184791 t=0.36s
Ep 4570: len= 21 黑胜 loss=25.5383 temp=1.00 total_env_steps=184812 t=0.31s
Ep 4571: len= 38 白胜 loss=25.6854 temp=1.00 total_env_steps=184850 t=0.41s
Ep 4572: len= 43 黑胜 loss=25.3592 temp=1.00 total_env_steps=184893 t=0.45s
Ep 4573: len= 69 黑胜 loss=25.6072 temp=1.00 total_env_steps=184962 t=0.63s
Ep 4574: len= 41 黑胜 loss=25.9018 temp=1.00 total_env_steps=185003 t=0.41s
Ep 4575: len= 68 白胜 loss=25.7452 temp=1.00 total_env_steps=185071 t=0.61s
Ep 4576: len= 33 黑胜 loss=25.6578 temp=1.00 total_env_steps=185104 t=0.36s
Ep 4577: len= 36 白胜 loss=25.3763 temp=1.00 total_env_steps=185140 t=0.40s
Ep 4578: len= 21 黑胜 loss=25.4681 temp=1.00 total_env_steps=185161 t=0.28s
Ep 4579: len= 46 白胜 loss=25.3143 temp=1.00 total_env_steps=185207 t=0.47s
Ep 4580: len= 43 黑胜 loss=25.2018 temp=1.00 total_env_steps=185250 t=0.50s
Ep 4581: len= 43 黑胜 loss=25.8619 temp=1.00 total_env_steps=185293 t=0.45s
Ep 4582: len= 40 白胜 loss=25.2628 temp=1.00 total_env_steps=185333 t=0.46s
Ep 4583: len= 31 黑胜 loss=25.8509 temp=1.00 total_env_steps=185364 t=0.37s
Ep 4584: len= 28 白胜 loss=25.5933 temp=1.00 total_env_steps=185392 t=0.33s
Ep 4585: len= 27 黑胜 loss=25.4343 temp=1.00 total_env_steps=185419 t=0.32s
Ep 4586: len= 52 白胜 loss=25.4441 temp=1.00 total_env_steps=185471 t=0.51s
Ep 4587: len= 68 白胜 loss=25.1332 temp=1.00 total_env_steps=185539 t=0.61s
Ep 4588: len= 30 白胜 loss=25.4300 temp=1.00 total_env_steps=185569 t=0.33s
Ep 4589: len= 27 黑胜 loss=26.2400 temp=1.00 total_env_steps=185596 t=0.32s
Ep 4590: len= 31 黑胜 loss=26.0916 temp=1.00 total_env_steps=185627 t=0.35s
Ep 4591: len= 31 黑胜 loss=25.6241 temp=1.00 total_env_steps=185658 t=0.37s
Ep 4592: len= 32 白胜 loss=25.7874 temp=1.00 total_env_steps=185690 t=0.34s
Ep 4593: len= 34 白胜 loss=25.5762 temp=1.00 total_env_steps=185724 t=0.36s
Ep 4594: len= 32 白胜 loss=25.6431 temp=1.00 total_env_steps=185756 t=0.38s
Ep 4595: len= 15 黑胜 loss=25.8670 temp=1.00 total_env_steps=185771 t=0.24s
Ep 4596: len= 48 白胜 loss=25.4947 temp=1.00 total_env_steps=185819 t=0.47s
Ep 4597: len= 29 黑胜 loss=25.8026 temp=1.00 total_env_steps=185848 t=0.35s
Ep 4598: len= 40 白胜 loss=25.5960 temp=1.00 total_env_steps=185888 t=0.39s
Ep 4599: len= 36 白胜 loss=25.6355 temp=1.00 total_env_steps=185924 t=0.38s
Ep 4600: len= 40 白胜 loss=25.3186 temp=1.00 total_env_steps=185964 t=0.42s
Ep 4601: len= 22 白胜 loss=26.2107 temp=1.00 total_env_steps=185986 t=0.31s
Ep 4602: len= 32 白胜 loss=25.1315 temp=1.00 total_env_steps=186018 t=0.35s
Ep 4603: len= 41 黑胜 loss=25.8055 temp=1.00 total_env_steps=186059 t=0.40s
Ep 4604: len=  9 黑胜 loss=25.1162 temp=1.00 total_env_steps=186068 t=0.21s
Ep 4605: len= 49 黑胜 loss=25.1666 temp=1.00 total_env_steps=186117 t=0.49s
Ep 4606: len= 67 黑胜 loss=25.3788 temp=1.00 total_env_steps=186184 t=0.54s
Ep 4607: len= 43 黑胜 loss=26.1948 temp=1.00 total_env_steps=186227 t=0.44s
Ep 4608: len= 36 白胜 loss=25.2183 temp=1.00 total_env_steps=186263 t=0.40s
Ep 4609: len= 37 黑胜 loss=25.4463 temp=1.00 total_env_steps=186300 t=0.38s
Ep 4610: len= 31 黑胜 loss=25.2984 temp=1.00 total_env_steps=186331 t=0.33s
Ep 4611: len= 54 白胜 loss=25.8461 temp=1.00 total_env_steps=186385 t=0.49s
Ep 4612: len= 44 白胜 loss=26.0329 temp=1.00 total_env_steps=186429 t=0.42s
Ep 4613: len= 59 黑胜 loss=25.8857 temp=1.00 total_env_steps=186488 t=0.55s
Ep 4614: len= 55 黑胜 loss=25.2888 temp=1.00 total_env_steps=186543 t=0.50s
Ep 4615: len= 58 白胜 loss=25.6751 temp=1.00 total_env_steps=186601 t=0.52s
Ep 4616: len= 27 黑胜 loss=25.3451 temp=1.00 total_env_steps=186628 t=0.31s
Ep 4617: len= 42 白胜 loss=25.6094 temp=1.00 total_env_steps=186670 t=0.39s
Ep 4618: len= 35 黑胜 loss=24.9744 temp=1.00 total_env_steps=186705 t=0.37s
Ep 4619: len= 41 黑胜 loss=25.4554 temp=1.00 total_env_steps=186746 t=0.41s
Ep 4620: len= 64 白胜 loss=25.3678 temp=1.00 total_env_steps=186810 t=0.56s
Ep 4621: len= 49 黑胜 loss=25.7044 temp=1.00 total_env_steps=186859 t=0.44s
Ep 4622: len= 41 黑胜 loss=25.4839 temp=1.00 total_env_steps=186900 t=0.41s
Ep 4623: len= 32 白胜 loss=25.8737 temp=1.00 total_env_steps=186932 t=0.36s
Ep 4624: len= 29 黑胜 loss=26.1680 temp=1.00 total_env_steps=186961 t=0.33s
Ep 4625: len= 32 白胜 loss=25.1203 temp=1.00 total_env_steps=186993 t=0.37s
Ep 4626: len= 33 黑胜 loss=25.8592 temp=1.00 total_env_steps=187026 t=0.34s
Ep 4627: len= 35 黑胜 loss=25.4169 temp=1.00 total_env_steps=187061 t=0.37s
Ep 4628: len= 34 白胜 loss=25.4496 temp=1.00 total_env_steps=187095 t=0.37s
Ep 4629: len= 38 白胜 loss=25.0401 temp=1.00 total_env_steps=187133 t=0.38s
Ep 4630: len= 38 白胜 loss=25.8406 temp=1.00 total_env_steps=187171 t=0.41s
Ep 4631: len= 27 黑胜 loss=25.5539 temp=1.00 total_env_steps=187198 t=0.30s
Ep 4632: len= 27 黑胜 loss=25.2161 temp=1.00 total_env_steps=187225 t=0.32s
Ep 4633: len= 28 白胜 loss=25.5508 temp=1.00 total_env_steps=187253 t=0.33s
Ep 4634: len= 49 黑胜 loss=24.6032 temp=1.00 total_env_steps=187302 t=0.46s
Ep 4635: len= 21 黑胜 loss=25.9881 temp=1.00 total_env_steps=187323 t=0.29s
Ep 4636: len= 36 白胜 loss=24.8504 temp=1.00 total_env_steps=187359 t=0.36s
Ep 4637: len= 58 白胜 loss=25.2275 temp=1.00 total_env_steps=187417 t=0.59s
Ep 4638: len= 29 黑胜 loss=26.0146 temp=1.00 total_env_steps=187446 t=0.36s
Ep 4639: len= 49 黑胜 loss=25.2394 temp=1.00 total_env_steps=187495 t=0.46s
Ep 4640: len= 41 黑胜 loss=25.6038 temp=1.00 total_env_steps=187536 t=0.41s
Ep 4641: len= 36 白胜 loss=25.3086 temp=1.00 total_env_steps=187572 t=0.38s
Ep 4642: len= 45 黑胜 loss=24.9234 temp=1.00 total_env_steps=187617 t=0.45s
Ep 4643: len= 53 黑胜 loss=25.8229 temp=1.00 total_env_steps=187670 t=0.53s
Ep 4644: len= 66 白胜 loss=24.6914 temp=1.00 total_env_steps=187736 t=0.61s
Ep 4645: len= 41 黑胜 loss=26.1634 temp=1.00 total_env_steps=187777 t=0.43s
Ep 4646: len= 36 白胜 loss=25.4337 temp=1.00 total_env_steps=187813 t=0.43s
Ep 4647: len= 39 黑胜 loss=25.8121 temp=1.00 total_env_steps=187852 t=0.41s
Ep 4648: len= 34 白胜 loss=25.8038 temp=1.00 total_env_steps=187886 t=0.38s
Ep 4649: len= 58 白胜 loss=25.9691 temp=1.00 total_env_steps=187944 t=0.60s
Ep 4650: len= 39 黑胜 loss=25.5436 temp=1.00 total_env_steps=187983 t=0.39s
Ep 4651: len= 28 白胜 loss=25.7142 temp=1.00 total_env_steps=188011 t=0.33s
Ep 4652: len= 43 黑胜 loss=25.2547 temp=1.00 total_env_steps=188054 t=0.44s
Ep 4653: len= 33 黑胜 loss=25.7837 temp=1.00 total_env_steps=188087 t=0.38s
Ep 4654: len= 29 黑胜 loss=25.8452 temp=1.00 total_env_steps=188116 t=0.34s
Ep 4655: len= 23 黑胜 loss=24.8404 temp=1.00 total_env_steps=188139 t=0.30s
Ep 4656: len= 58 白胜 loss=26.0648 temp=1.00 total_env_steps=188197 t=0.59s
Ep 4657: len= 45 黑胜 loss=25.5852 temp=1.00 total_env_steps=188242 t=0.51s
Ep 4658: len= 52 白胜 loss=25.3130 temp=1.00 total_env_steps=188294 t=0.54s
Ep 4659: len= 37 黑胜 loss=25.6339 temp=1.00 total_env_steps=188331 t=0.48s
Ep 4660: len= 28 白胜 loss=25.6344 temp=1.00 total_env_steps=188359 t=0.34s
Ep 4661: len= 46 白胜 loss=25.4784 temp=1.00 total_env_steps=188405 t=0.42s
Ep 4662: len= 44 白胜 loss=25.9229 temp=1.00 total_env_steps=188449 t=0.42s
Ep 4663: len= 58 白胜 loss=26.0158 temp=1.00 total_env_steps=188507 t=0.55s
Ep 4664: len= 77 黑胜 loss=26.2081 temp=1.00 total_env_steps=188584 t=0.68s
Ep 4665: len= 19 黑胜 loss=25.8166 temp=1.00 total_env_steps=188603 t=0.28s
Ep 4666: len= 27 黑胜 loss=25.5257 temp=1.00 total_env_steps=188630 t=0.33s
Ep 4667: len= 45 黑胜 loss=25.7605 temp=1.00 total_env_steps=188675 t=0.47s
Ep 4668: len= 61 黑胜 loss=25.8372 temp=1.00 total_env_steps=188736 t=0.55s
Ep 4669: len= 54 白胜 loss=25.2570 temp=1.00 total_env_steps=188790 t=0.51s
Ep 4670: len= 39 黑胜 loss=25.4758 temp=1.00 total_env_steps=188829 t=0.40s
Ep 4671: len= 35 黑胜 loss=25.4338 temp=1.00 total_env_steps=188864 t=0.37s
Ep 4672: len= 34 白胜 loss=25.4856 temp=1.00 total_env_steps=188898 t=0.38s
Ep 4673: len= 63 黑胜 loss=26.3494 temp=1.00 total_env_steps=188961 t=0.56s
Ep 4674: len= 40 白胜 loss=25.3366 temp=1.00 total_env_steps=189001 t=0.40s
Ep 4675: len= 30 白胜 loss=25.8265 temp=1.00 total_env_steps=189031 t=0.33s
Ep 4676: len= 31 黑胜 loss=25.2306 temp=1.00 total_env_steps=189062 t=0.34s
Ep 4677: len= 35 黑胜 loss=25.6490 temp=1.00 total_env_steps=189097 t=0.36s
Ep 4678: len= 42 白胜 loss=25.8952 temp=1.00 total_env_steps=189139 t=0.47s
Ep 4679: len= 21 黑胜 loss=25.7250 temp=1.00 total_env_steps=189160 t=0.29s
Ep 4680: len= 44 白胜 loss=25.2507 temp=1.00 total_env_steps=189204 t=0.44s
Ep 4681: len= 41 黑胜 loss=25.2562 temp=1.00 total_env_steps=189245 t=0.40s
Ep 4682: len= 31 黑胜 loss=25.4644 temp=1.00 total_env_steps=189276 t=0.33s
Ep 4683: len= 34 白胜 loss=25.3608 temp=1.00 total_env_steps=189310 t=0.36s
Ep 4684: len= 55 黑胜 loss=25.1778 temp=1.00 total_env_steps=189365 t=0.53s
Ep 4685: len= 46 白胜 loss=25.4984 temp=1.00 total_env_steps=189411 t=0.45s
Ep 4686: len= 62 白胜 loss=25.2143 temp=1.00 total_env_steps=189473 t=0.55s
Ep 4687: len= 42 白胜 loss=26.0170 temp=1.00 total_env_steps=189515 t=0.40s
Ep 4688: len= 33 黑胜 loss=25.9228 temp=1.00 total_env_steps=189548 t=0.35s
Ep 4689: len= 31 黑胜 loss=25.1613 temp=1.00 total_env_steps=189579 t=0.36s
Ep 4690: len= 27 黑胜 loss=25.1853 temp=1.00 total_env_steps=189606 t=0.33s
Ep 4691: len= 41 黑胜 loss=25.5423 temp=1.00 total_env_steps=189647 t=0.42s
Ep 4692: len= 43 黑胜 loss=25.3162 temp=1.00 total_env_steps=189690 t=0.42s
Ep 4693: len= 30 白胜 loss=25.9337 temp=1.00 total_env_steps=189720 t=0.36s
Ep 4694: len= 35 黑胜 loss=24.9913 temp=1.00 total_env_steps=189755 t=0.39s
Ep 4695: len= 52 白胜 loss=25.9502 temp=1.00 total_env_steps=189807 t=0.50s
Ep 4696: len= 41 黑胜 loss=25.2462 temp=1.00 total_env_steps=189848 t=0.43s
Ep 4697: len= 31 黑胜 loss=25.6202 temp=1.00 total_env_steps=189879 t=0.33s
Ep 4698: len= 24 白胜 loss=25.9314 temp=1.00 total_env_steps=189903 t=0.31s
Ep 4699: len= 37 黑胜 loss=24.9625 temp=1.00 total_env_steps=189940 t=0.38s
Ep 4700: len= 38 白胜 loss=25.9921 temp=1.00 total_env_steps=189978 t=0.39s
Ep 4701: len= 27 黑胜 loss=25.8328 temp=1.00 total_env_steps=190005 t=0.31s
Ep 4702: len= 45 黑胜 loss=25.5321 temp=1.00 total_env_steps=190050 t=0.43s
Ep 4703: len= 30 白胜 loss=25.4117 temp=1.00 total_env_steps=190080 t=0.33s
Ep 4704: len= 38 白胜 loss=24.8582 temp=1.00 total_env_steps=190118 t=0.40s
Ep 4705: len= 36 白胜 loss=25.5035 temp=1.00 total_env_steps=190154 t=0.38s
Ep 4706: len= 39 黑胜 loss=25.5996 temp=1.00 total_env_steps=190193 t=0.42s
Ep 4707: len= 53 黑胜 loss=26.1929 temp=1.00 total_env_steps=190246 t=0.51s
Ep 4708: len= 37 黑胜 loss=26.0993 temp=1.00 total_env_steps=190283 t=0.41s
Ep 4709: len= 41 黑胜 loss=25.5497 temp=1.00 total_env_steps=190324 t=0.46s
Ep 4710: len= 36 白胜 loss=25.1193 temp=1.00 total_env_steps=190360 t=0.42s
Ep 4711: len= 31 黑胜 loss=25.8685 temp=1.00 total_env_steps=190391 t=0.38s
Ep 4712: len= 27 黑胜 loss=25.0466 temp=1.00 total_env_steps=190418 t=0.36s
Ep 4713: len= 44 白胜 loss=25.5853 temp=1.00 total_env_steps=190462 t=0.47s
Ep 4714: len= 33 黑胜 loss=25.1135 temp=1.00 total_env_steps=190495 t=0.38s
Ep 4715: len= 16 白胜 loss=25.2841 temp=1.00 total_env_steps=190511 t=0.26s
Ep 4716: len= 54 白胜 loss=26.0814 temp=1.00 total_env_steps=190565 t=0.54s
Ep 4717: len= 34 白胜 loss=25.5325 temp=1.00 total_env_steps=190599 t=0.45s
Ep 4718: len= 32 白胜 loss=25.3293 temp=1.00 total_env_steps=190631 t=0.38s
Ep 4719: len= 37 黑胜 loss=25.7874 temp=1.00 total_env_steps=190668 t=0.42s
Ep 4720: len= 29 黑胜 loss=25.4252 temp=1.00 total_env_steps=190697 t=0.41s
Ep 4721: len= 53 黑胜 loss=25.4751 temp=1.00 total_env_steps=190750 t=0.55s
Ep 4722: len= 41 黑胜 loss=25.5212 temp=1.00 total_env_steps=190791 t=0.45s
Ep 4723: len= 75 黑胜 loss=25.1453 temp=1.00 total_env_steps=190866 t=0.76s
Ep 4724: len= 25 黑胜 loss=25.6347 temp=1.00 total_env_steps=190891 t=0.34s
Ep 4725: len= 47 黑胜 loss=25.4587 temp=1.00 total_env_steps=190938 t=0.54s
Ep 4726: len= 73 黑胜 loss=25.9102 temp=1.00 total_env_steps=191011 t=0.70s
Ep 4727: len= 32 白胜 loss=25.5097 temp=1.00 total_env_steps=191043 t=0.38s
Ep 4728: len= 15 黑胜 loss=25.7586 temp=1.00 total_env_steps=191058 t=0.27s
Ep 4729: len= 38 白胜 loss=25.3063 temp=1.00 total_env_steps=191096 t=0.43s
Ep 4730: len= 81 黑胜 loss=25.6724 temp=1.00 total_env_steps=191177 t=0.75s
Ep 4731: len= 29 黑胜 loss=26.0862 temp=1.00 total_env_steps=191206 t=0.40s
Ep 4732: len= 37 黑胜 loss=24.8336 temp=1.00 total_env_steps=191243 t=0.45s
Ep 4733: len= 25 黑胜 loss=25.8972 temp=1.00 total_env_steps=191268 t=0.32s
Ep 4734: len= 32 白胜 loss=25.5390 temp=1.00 total_env_steps=191300 t=0.35s
Ep 4735: len= 62 白胜 loss=25.6296 temp=1.00 total_env_steps=191362 t=0.61s
Ep 4736: len= 28 白胜 loss=25.2984 temp=1.00 total_env_steps=191390 t=0.32s
Ep 4737: len= 47 黑胜 loss=25.8289 temp=1.00 total_env_steps=191437 t=0.48s
Ep 4738: len= 37 黑胜 loss=25.6434 temp=1.00 total_env_steps=191474 t=0.42s
Ep 4739: len= 75 黑胜 loss=25.1514 temp=1.00 total_env_steps=191549 t=0.80s
Ep 4740: len= 57 黑胜 loss=25.7809 temp=1.00 total_env_steps=191606 t=1.27s
Ep 4741: len= 42 白胜 loss=25.6294 temp=1.00 total_env_steps=191648 t=0.56s
Ep 4742: len= 56 白胜 loss=25.7154 temp=1.00 total_env_steps=191704 t=0.56s
Ep 4743: len= 35 黑胜 loss=26.0508 temp=1.00 total_env_steps=191739 t=0.37s
Ep 4744: len= 50 白胜 loss=25.4803 temp=1.00 total_env_steps=191789 t=0.49s
Ep 4745: len= 30 白胜 loss=25.1996 temp=1.00 total_env_steps=191819 t=0.35s
Ep 4746: len= 51 黑胜 loss=25.8069 temp=1.00 total_env_steps=191870 t=0.47s
Ep 4747: len= 41 黑胜 loss=25.2425 temp=1.00 total_env_steps=191911 t=0.42s
Ep 4748: len= 52 白胜 loss=25.4408 temp=1.00 total_env_steps=191963 t=0.48s
Ep 4749: len= 32 白胜 loss=25.0097 temp=1.00 total_env_steps=191995 t=0.37s
Ep 4750: len= 51 黑胜 loss=25.2244 temp=1.00 total_env_steps=192046 t=0.48s
Ep 4751: len= 58 白胜 loss=25.8119 temp=1.00 total_env_steps=192104 t=0.55s
Ep 4752: len= 36 白胜 loss=25.9127 temp=1.00 total_env_steps=192140 t=0.38s
Ep 4753: len= 29 黑胜 loss=25.8045 temp=1.00 total_env_steps=192169 t=0.37s
Ep 4754: len= 48 白胜 loss=26.1365 temp=1.00 total_env_steps=192217 t=0.52s
Ep 4755: len= 37 黑胜 loss=25.0445 temp=1.00 total_env_steps=192254 t=0.44s
Ep 4756: len= 33 黑胜 loss=25.6304 temp=1.00 total_env_steps=192287 t=0.38s
Ep 4757: len= 27 黑胜 loss=25.3909 temp=1.00 total_env_steps=192314 t=0.34s
Ep 4758: len= 45 黑胜 loss=25.3120 temp=1.00 total_env_steps=192359 t=0.45s
Ep 4759: len= 61 黑胜 loss=25.1724 temp=1.00 total_env_steps=192420 t=0.58s
Ep 4760: len= 21 黑胜 loss=25.8791 temp=1.00 total_env_steps=192441 t=0.29s
Ep 4761: len= 25 黑胜 loss=25.5235 temp=1.00 total_env_steps=192466 t=0.36s
Ep 4762: len= 72 白胜 loss=25.2865 temp=1.00 total_env_steps=192538 t=0.62s
Ep 4763: len= 48 白胜 loss=25.1721 temp=1.00 total_env_steps=192586 t=0.51s
Ep 4764: len= 38 白胜 loss=25.5524 temp=1.00 total_env_steps=192624 t=0.42s
Ep 4765: len= 40 白胜 loss=25.6045 temp=1.00 total_env_steps=192664 t=0.46s
Ep 4766: len= 37 黑胜 loss=25.5154 temp=1.00 total_env_steps=192701 t=0.42s
Ep 4767: len= 37 黑胜 loss=25.7307 temp=1.00 total_env_steps=192738 t=0.41s
Ep 4768: len= 22 白胜 loss=26.2463 temp=1.00 total_env_steps=192760 t=0.32s
Ep 4769: len= 43 黑胜 loss=25.3029 temp=1.00 total_env_steps=192803 t=0.48s
Ep 4770: len= 28 白胜 loss=25.7242 temp=1.00 total_env_steps=192831 t=0.36s
Ep 4771: len= 30 白胜 loss=24.5358 temp=1.00 total_env_steps=192861 t=0.38s
Ep 4772: len= 40 白胜 loss=25.4337 temp=1.00 total_env_steps=192901 t=0.44s
Ep 4773: len= 26 白胜 loss=25.4366 temp=1.00 total_env_steps=192927 t=0.38s
Ep 4774: len= 47 黑胜 loss=25.0420 temp=1.00 total_env_steps=192974 t=0.48s
Ep 4775: len= 80 白胜 loss=25.7106 temp=1.00 total_env_steps=193054 t=0.71s
Ep 4776: len= 46 白胜 loss=25.1010 temp=1.00 total_env_steps=193100 t=0.52s
Ep 4777: len= 43 黑胜 loss=25.2877 temp=1.00 total_env_steps=193143 t=0.43s
Ep 4778: len= 36 白胜 loss=25.5325 temp=1.00 total_env_steps=193179 t=0.38s
Ep 4779: len= 27 黑胜 loss=25.6608 temp=1.00 total_env_steps=193206 t=0.34s
Ep 4780: len= 22 白胜 loss=25.8713 temp=1.00 total_env_steps=193228 t=0.29s
Ep 4781: len= 39 黑胜 loss=25.1821 temp=1.00 total_env_steps=193267 t=0.41s
Ep 4782: len= 57 黑胜 loss=24.9977 temp=1.00 total_env_steps=193324 t=0.54s
Ep 4783: len= 36 白胜 loss=25.5176 temp=1.00 total_env_steps=193360 t=0.40s
Ep 4784: len= 65 黑胜 loss=25.6313 temp=1.00 total_env_steps=193425 t=0.57s
Ep 4785: len= 43 黑胜 loss=26.0918 temp=1.00 total_env_steps=193468 t=0.43s
Ep 4786: len= 38 白胜 loss=25.2665 temp=1.00 total_env_steps=193506 t=0.41s
Ep 4787: len= 27 黑胜 loss=25.8228 temp=1.00 total_env_steps=193533 t=0.34s
Ep 4788: len= 69 黑胜 loss=25.7544 temp=1.00 total_env_steps=193602 t=0.65s
Ep 4789: len= 64 白胜 loss=25.1235 temp=1.00 total_env_steps=193666 t=0.62s
Ep 4790: len= 36 白胜 loss=25.7811 temp=1.00 total_env_steps=193702 t=0.39s
Ep 4791: len= 52 白胜 loss=26.1643 temp=1.00 total_env_steps=193754 t=0.52s
Ep 4792: len= 23 黑胜 loss=25.7320 temp=1.00 total_env_steps=193777 t=0.34s
Ep 4793: len= 39 黑胜 loss=25.7300 temp=1.00 total_env_steps=193816 t=0.45s
Ep 4794: len= 31 黑胜 loss=25.5770 temp=1.00 total_env_steps=193847 t=0.36s
Ep 4795: len= 39 黑胜 loss=25.5895 temp=1.00 total_env_steps=193886 t=0.42s
Ep 4796: len= 44 白胜 loss=25.8473 temp=1.00 total_env_steps=193930 t=0.48s
Ep 4797: len= 66 白胜 loss=24.5410 temp=1.00 total_env_steps=193996 t=0.69s
Ep 4798: len= 40 白胜 loss=25.4367 temp=1.00 total_env_steps=194036 t=0.46s
Ep 4799: len= 29 黑胜 loss=25.6733 temp=1.00 total_env_steps=194065 t=0.41s
Ep 4800: len= 35 黑胜 loss=25.9778 temp=1.00 total_env_steps=194100 t=0.41s
Ep 4801: len= 52 白胜 loss=25.3724 temp=1.00 total_env_steps=194152 t=0.53s
Ep 4802: len= 32 白胜 loss=25.3239 temp=1.00 total_env_steps=194184 t=0.37s
Ep 4803: len= 37 黑胜 loss=25.7148 temp=1.00 total_env_steps=194221 t=0.42s
Ep 4804: len= 25 黑胜 loss=25.6017 temp=1.00 total_env_steps=194246 t=0.32s
Ep 4805: len= 47 黑胜 loss=25.4243 temp=1.00 total_env_steps=194293 t=0.47s
Ep 4806: len= 48 白胜 loss=25.1908 temp=1.00 total_env_steps=194341 t=0.48s
Ep 4807: len= 38 白胜 loss=25.8338 temp=1.00 total_env_steps=194379 t=0.42s
Ep 4808: len= 63 黑胜 loss=25.4771 temp=1.00 total_env_steps=194442 t=0.58s
Ep 4809: len= 23 黑胜 loss=25.7220 temp=1.00 total_env_steps=194465 t=0.31s
Ep 4810: len= 52 白胜 loss=25.5781 temp=1.00 total_env_steps=194517 t=0.59s
Ep 4811: len= 55 黑胜 loss=24.9386 temp=1.00 total_env_steps=194572 t=0.53s
Ep 4812: len= 29 黑胜 loss=25.2495 temp=1.00 total_env_steps=194601 t=0.35s
Ep 4813: len= 36 白胜 loss=25.5060 temp=1.00 total_env_steps=194637 t=0.40s
Ep 4814: len= 38 白胜 loss=25.9648 temp=1.00 total_env_steps=194675 t=0.40s
Ep 4815: len= 47 黑胜 loss=25.8716 temp=1.00 total_env_steps=194722 t=0.51s
Ep 4816: len= 60 白胜 loss=25.5066 temp=1.00 total_env_steps=194782 t=0.57s
Ep 4817: len= 13 黑胜 loss=25.3134 temp=1.00 total_env_steps=194795 t=0.24s
Ep 4818: len= 65 黑胜 loss=25.9909 temp=1.00 total_env_steps=194860 t=0.60s
Ep 4819: len= 48 白胜 loss=25.6848 temp=1.00 total_env_steps=194908 t=0.50s
Ep 4820: len= 23 黑胜 loss=25.6951 temp=1.00 total_env_steps=194931 t=0.30s
Ep 4821: len= 31 黑胜 loss=25.7680 temp=1.00 total_env_steps=194962 t=0.36s
Ep 4822: len= 35 黑胜 loss=25.6487 temp=1.00 total_env_steps=194997 t=0.40s
Ep 4823: len= 23 黑胜 loss=25.7396 temp=1.00 total_env_steps=195020 t=0.36s
Ep 4824: len= 38 白胜 loss=25.0682 temp=1.00 total_env_steps=195058 t=0.43s
Ep 4825: len= 30 白胜 loss=25.4501 temp=1.00 total_env_steps=195088 t=0.36s
Ep 4826: len= 38 白胜 loss=24.9735 temp=1.00 total_env_steps=195126 t=0.47s
Ep 4827: len= 55 黑胜 loss=25.5356 temp=1.00 total_env_steps=195181 t=0.66s
Ep 4828: len= 39 黑胜 loss=24.9332 temp=1.00 total_env_steps=195220 t=0.45s
Ep 4829: len= 45 黑胜 loss=25.2785 temp=1.00 total_env_steps=195265 t=0.49s
Ep 4830: len= 38 白胜 loss=24.9923 temp=1.00 total_env_steps=195303 t=0.46s
Ep 4831: len= 31 黑胜 loss=25.5854 temp=1.00 total_env_steps=195334 t=0.40s
Ep 4832: len= 36 白胜 loss=25.7869 temp=1.00 total_env_steps=195370 t=0.44s
Ep 4833: len= 41 黑胜 loss=25.4796 temp=1.00 total_env_steps=195411 t=0.41s
Ep 4834: len= 69 黑胜 loss=25.3689 temp=1.00 total_env_steps=195480 t=0.61s
Ep 4835: len= 27 黑胜 loss=24.8323 temp=1.00 total_env_steps=195507 t=0.33s
Ep 4836: len= 18 白胜 loss=25.1138 temp=1.00 total_env_steps=195525 t=0.28s
Ep 4837: len= 44 白胜 loss=25.7468 temp=1.00 total_env_steps=195569 t=0.47s
Ep 4838: len= 45 黑胜 loss=25.4501 temp=1.00 total_env_steps=195614 t=0.47s
Ep 4839: len= 49 黑胜 loss=25.5250 temp=1.00 total_env_steps=195663 t=0.49s
Ep 4840: len= 67 黑胜 loss=25.8305 temp=1.00 total_env_steps=195730 t=0.59s
Ep 4841: len= 29 黑胜 loss=26.0934 temp=1.00 total_env_steps=195759 t=0.33s
Ep 4842: len= 27 黑胜 loss=24.9298 temp=1.00 total_env_steps=195786 t=0.31s
Ep 4843: len= 42 白胜 loss=25.6507 temp=1.00 total_env_steps=195828 t=0.42s
Ep 4844: len= 26 白胜 loss=25.4284 temp=1.00 total_env_steps=195854 t=0.30s
Ep 4845: len= 36 白胜 loss=25.5411 temp=1.00 total_env_steps=195890 t=0.38s
Ep 4846: len= 24 白胜 loss=24.9814 temp=1.00 total_env_steps=195914 t=0.32s
Ep 4847: len= 33 黑胜 loss=25.6138 temp=1.00 total_env_steps=195947 t=0.33s
Ep 4848: len= 37 黑胜 loss=25.2426 temp=1.00 total_env_steps=195984 t=0.38s
Ep 4849: len= 32 白胜 loss=26.0332 temp=1.00 total_env_steps=196016 t=0.35s
Ep 4850: len= 55 黑胜 loss=25.3533 temp=1.00 total_env_steps=196071 t=0.50s
Ep 4851: len= 40 白胜 loss=26.1115 temp=1.00 total_env_steps=196111 t=0.41s
Ep 4852: len= 59 黑胜 loss=25.7685 temp=1.00 total_env_steps=196170 t=0.53s
Ep 4853: len= 42 白胜 loss=25.5859 temp=1.00 total_env_steps=196212 t=0.39s
Ep 4854: len= 46 白胜 loss=25.5826 temp=1.00 total_env_steps=196258 t=0.42s
Ep 4855: len= 21 黑胜 loss=25.6226 temp=1.00 total_env_steps=196279 t=0.26s
Ep 4856: len= 42 白胜 loss=25.4175 temp=1.00 total_env_steps=196321 t=0.40s
Ep 4857: len= 57 黑胜 loss=25.5570 temp=1.00 total_env_steps=196378 t=0.52s
Ep 4858: len= 59 黑胜 loss=25.9817 temp=1.00 total_env_steps=196437 t=0.50s
Ep 4859: len= 46 白胜 loss=25.6980 temp=1.00 total_env_steps=196483 t=0.40s
Ep 4860: len= 55 黑胜 loss=25.7732 temp=1.00 total_env_steps=196538 t=0.48s
Ep 4861: len= 31 黑胜 loss=25.1551 temp=1.00 total_env_steps=196569 t=0.32s
Ep 4862: len= 50 白胜 loss=24.7752 temp=1.00 total_env_steps=196619 t=0.48s
Ep 4863: len= 30 白胜 loss=25.4734 temp=1.00 total_env_steps=196649 t=0.30s
Ep 4864: len= 45 黑胜 loss=25.3888 temp=1.00 total_env_steps=196694 t=0.40s
Ep 4865: len= 36 白胜 loss=25.6179 temp=1.00 total_env_steps=196730 t=0.34s
Ep 4866: len= 27 黑胜 loss=25.1040 temp=1.00 total_env_steps=196757 t=0.31s
Ep 4867: len= 44 白胜 loss=25.4226 temp=1.00 total_env_steps=196801 t=0.41s
Ep 4868: len= 45 黑胜 loss=25.5956 temp=1.00 total_env_steps=196846 t=0.40s
Ep 4869: len= 36 白胜 loss=25.3296 temp=1.00 total_env_steps=196882 t=0.36s
Ep 4870: len= 63 黑胜 loss=25.1652 temp=1.00 total_env_steps=196945 t=0.52s
Ep 4871: len= 40 白胜 loss=25.0777 temp=1.00 total_env_steps=196985 t=0.38s
Ep 4872: len= 36 白胜 loss=25.9130 temp=1.00 total_env_steps=197021 t=0.35s
Ep 4873: len= 53 黑胜 loss=25.6224 temp=1.00 total_env_steps=197074 t=0.51s
Ep 4874: len= 32 白胜 loss=25.1537 temp=1.00 total_env_steps=197106 t=0.33s
Ep 4875: len= 23 黑胜 loss=25.4823 temp=1.00 total_env_steps=197129 t=0.28s
Ep 4876: len= 33 黑胜 loss=25.3229 temp=1.00 total_env_steps=197162 t=0.33s
Ep 4877: len= 25 黑胜 loss=25.8618 temp=1.00 total_env_steps=197187 t=0.29s
Ep 4878: len= 18 白胜 loss=25.2904 temp=1.00 total_env_steps=197205 t=0.25s
Ep 4879: len= 28 白胜 loss=26.2183 temp=1.00 total_env_steps=197233 t=0.32s
Ep 4880: len= 67 黑胜 loss=25.5503 temp=1.00 total_env_steps=197300 t=0.52s
Ep 4881: len= 31 黑胜 loss=25.1313 temp=1.00 total_env_steps=197331 t=0.31s
Ep 4882: len= 32 白胜 loss=25.8624 temp=1.00 total_env_steps=197363 t=0.34s
Ep 4883: len= 17 黑胜 loss=25.7777 temp=1.00 total_env_steps=197380 t=0.25s
Ep 4884: len= 51 黑胜 loss=25.4657 temp=1.00 total_env_steps=197431 t=0.41s
Ep 4885: len= 40 白胜 loss=25.1139 temp=1.00 total_env_steps=197471 t=0.38s
Ep 4886: len= 23 黑胜 loss=25.6441 temp=1.00 total_env_steps=197494 t=0.28s
Ep 4887: len= 27 黑胜 loss=25.7678 temp=1.00 total_env_steps=197521 t=0.30s
Ep 4888: len= 31 黑胜 loss=25.7047 temp=1.00 total_env_steps=197552 t=0.32s
Ep 4889: len= 72 白胜 loss=25.2769 temp=1.00 total_env_steps=197624 t=0.54s
Ep 4890: len= 61 黑胜 loss=25.4385 temp=1.00 total_env_steps=197685 t=0.50s
Ep 4891: len= 35 黑胜 loss=25.4440 temp=1.00 total_env_steps=197720 t=0.32s
Ep 4892: len= 38 白胜 loss=25.0878 temp=1.00 total_env_steps=197758 t=0.37s
Ep 4893: len= 36 白胜 loss=25.2138 temp=1.00 total_env_steps=197794 t=0.35s
Ep 4894: len= 41 黑胜 loss=25.5676 temp=1.00 total_env_steps=197835 t=0.36s
Ep 4895: len= 59 黑胜 loss=25.6224 temp=1.00 total_env_steps=197894 t=0.47s
Ep 4896: len= 18 白胜 loss=25.0747 temp=1.00 total_env_steps=197912 t=0.25s
Ep 4897: len= 40 白胜 loss=25.3785 temp=1.00 total_env_steps=197952 t=0.37s
Ep 4898: len= 37 黑胜 loss=25.2559 temp=1.00 total_env_steps=197989 t=0.35s
Ep 4899: len= 36 白胜 loss=25.7587 temp=1.00 total_env_steps=198025 t=0.34s
Ep 4900: len= 68 白胜 loss=25.6049 temp=1.00 total_env_steps=198093 t=0.55s
Ep 4901: len= 49 黑胜 loss=25.8813 temp=1.00 total_env_steps=198142 t=0.44s
Ep 4902: len= 47 黑胜 loss=25.9956 temp=1.00 total_env_steps=198189 t=0.42s
Ep 4903: len= 50 白胜 loss=25.3005 temp=1.00 total_env_steps=198239 t=0.43s
Ep 4904: len= 49 黑胜 loss=25.3688 temp=1.00 total_env_steps=198288 t=0.41s
Ep 4905: len= 44 白胜 loss=25.2027 temp=1.00 total_env_steps=198332 t=0.41s
Ep 4906: len= 42 白胜 loss=25.5638 temp=1.00 total_env_steps=198374 t=0.40s
Ep 4907: len= 43 黑胜 loss=25.5133 temp=1.00 total_env_steps=198417 t=0.39s
Ep 4908: len= 47 黑胜 loss=25.7734 temp=1.00 total_env_steps=198464 t=0.44s
Ep 4909: len= 39 黑胜 loss=25.4542 temp=1.00 total_env_steps=198503 t=0.36s
Ep 4910: len= 47 黑胜 loss=25.1939 temp=1.00 total_env_steps=198550 t=0.50s
Ep 4911: len= 42 白胜 loss=25.5566 temp=1.00 total_env_steps=198592 t=0.43s
Ep 4912: len= 48 白胜 loss=25.1928 temp=1.00 total_env_steps=198640 t=0.48s
Ep 4913: len= 29 黑胜 loss=24.7627 temp=1.00 total_env_steps=198669 t=0.33s
Ep 4914: len= 36 白胜 loss=25.7504 temp=1.00 total_env_steps=198705 t=0.39s
Ep 4915: len= 36 白胜 loss=25.6843 temp=1.00 total_env_steps=198741 t=0.36s
Ep 4916: len= 23 黑胜 loss=25.2180 temp=1.00 total_env_steps=198764 t=0.27s
Ep 4917: len= 44 白胜 loss=25.0326 temp=1.00 total_env_steps=198808 t=0.45s
Ep 4918: len= 45 黑胜 loss=26.1534 temp=1.00 total_env_steps=198853 t=0.42s
Ep 4919: len= 64 白胜 loss=25.8728 temp=1.00 total_env_steps=198917 t=0.51s
Ep 4920: len= 44 白胜 loss=25.7406 temp=1.00 total_env_steps=198961 t=0.41s
Ep 4921: len= 32 白胜 loss=25.9287 temp=1.00 total_env_steps=198993 t=0.32s
Ep 4922: len= 41 黑胜 loss=25.3162 temp=1.00 total_env_steps=199034 t=0.40s
Ep 4923: len= 59 黑胜 loss=25.0157 temp=1.00 total_env_steps=199093 t=0.49s
Ep 4924: len= 28 白胜 loss=26.2213 temp=1.00 total_env_steps=199121 t=0.36s
Ep 4925: len= 67 黑胜 loss=26.0109 temp=1.00 total_env_steps=199188 t=0.61s
Ep 4926: len= 46 白胜 loss=25.1497 temp=1.00 total_env_steps=199234 t=0.46s
Ep 4927: len= 35 黑胜 loss=25.8586 temp=1.00 total_env_steps=199269 t=0.34s
Ep 4928: len= 40 白胜 loss=25.8031 temp=1.00 total_env_steps=199309 t=0.40s
Ep 4929: len= 55 黑胜 loss=25.6287 temp=1.00 total_env_steps=199364 t=0.51s
Ep 4930: len= 51 黑胜 loss=26.1036 temp=1.00 total_env_steps=199415 t=0.47s
Ep 4931: len= 42 白胜 loss=25.9680 temp=1.00 total_env_steps=199457 t=0.38s
Ep 4932: len= 66 白胜 loss=25.7212 temp=1.00 total_env_steps=199523 t=0.59s
Ep 4933: len= 51 黑胜 loss=25.5567 temp=1.00 total_env_steps=199574 t=0.44s
Ep 4934: len= 33 黑胜 loss=25.5306 temp=1.00 total_env_steps=199607 t=0.34s
Ep 4935: len= 29 黑胜 loss=25.0261 temp=1.00 total_env_steps=199636 t=0.35s
Ep 4936: len= 38 白胜 loss=25.8078 temp=1.00 total_env_steps=199674 t=0.42s
Ep 4937: len= 38 白胜 loss=25.4116 temp=1.00 total_env_steps=199712 t=0.39s
Ep 4938: len= 41 黑胜 loss=25.5554 temp=1.00 total_env_steps=199753 t=0.40s
Ep 4939: len= 32 白胜 loss=25.7873 temp=1.00 total_env_steps=199785 t=0.34s
Ep 4940: len= 49 黑胜 loss=25.5013 temp=1.00 total_env_steps=199834 t=0.51s
Ep 4941: len= 30 白胜 loss=25.5934 temp=1.00 total_env_steps=199864 t=0.32s
Ep 4942: len= 21 黑胜 loss=25.3602 temp=1.00 total_env_steps=199885 t=0.27s
Ep 4943: len= 17 黑胜 loss=25.6594 temp=1.00 total_env_steps=199902 t=0.23s
Ep 4944: len= 36 白胜 loss=25.5480 temp=1.00 total_env_steps=199938 t=0.34s
Ep 4945: len= 32 白胜 loss=25.6615 temp=1.00 total_env_steps=199970 t=0.38s
Ep 4946: len= 42 白胜 loss=25.3515 temp=1.00 total_env_steps=200012 t=0.43s
Ep 4947: len= 61 黑胜 loss=25.8698 temp=1.00 total_env_steps=200073 t=0.52s
Ep 4948: len= 42 白胜 loss=25.4680 temp=1.00 total_env_steps=200115 t=0.39s
Ep 4949: len= 31 黑胜 loss=25.8118 temp=1.00 total_env_steps=200146 t=0.31s
Ep 4950: len= 41 黑胜 loss=25.1716 temp=1.00 total_env_steps=200187 t=0.38s
Ep 4951: len= 33 黑胜 loss=25.7250 temp=1.00 total_env_steps=200220 t=0.36s
Ep 4952: len= 33 黑胜 loss=25.5007 temp=1.00 total_env_steps=200253 t=0.38s
Ep 4953: len= 32 白胜 loss=25.2621 temp=1.00 total_env_steps=200285 t=0.34s
Ep 4954: len= 21 黑胜 loss=25.7722 temp=1.00 total_env_steps=200306 t=0.26s
Ep 4955: len= 28 白胜 loss=25.6914 temp=1.00 total_env_steps=200334 t=0.31s
Ep 4956: len= 40 白胜 loss=25.3093 temp=1.00 total_env_steps=200374 t=0.38s
Ep 4957: len= 24 白胜 loss=25.2666 temp=1.00 total_env_steps=200398 t=0.27s
Ep 4958: len= 58 白胜 loss=25.8981 temp=1.00 total_env_steps=200456 t=0.52s
Ep 4959: len= 47 黑胜 loss=25.8028 temp=1.00 total_env_steps=200503 t=0.46s
Ep 4960: len= 43 黑胜 loss=25.5732 temp=1.00 total_env_steps=200546 t=0.44s
Ep 4961: len= 57 黑胜 loss=25.3952 temp=1.00 total_env_steps=200603 t=0.51s
Ep 4962: len= 21 黑胜 loss=25.2342 temp=1.00 total_env_steps=200624 t=0.26s
Ep 4963: len= 39 黑胜 loss=25.5585 temp=1.00 total_env_steps=200663 t=0.45s
Ep 4964: len= 42 白胜 loss=25.1448 temp=1.00 total_env_steps=200705 t=0.41s
Ep 4965: len= 32 白胜 loss=26.2139 temp=1.00 total_env_steps=200737 t=0.31s
Ep 4966: len= 39 黑胜 loss=25.4073 temp=1.00 total_env_steps=200776 t=0.37s
Ep 4967: len= 39 黑胜 loss=25.9380 temp=1.00 total_env_steps=200815 t=0.36s
Ep 4968: len= 29 黑胜 loss=25.6702 temp=1.00 total_env_steps=200844 t=0.30s
Ep 4969: len= 51 黑胜 loss=25.7013 temp=1.00 total_env_steps=200895 t=0.46s
Ep 4970: len= 63 黑胜 loss=25.7156 temp=1.00 total_env_steps=200958 t=0.59s
Ep 4971: len= 25 黑胜 loss=25.3836 temp=1.00 total_env_steps=200983 t=0.29s
Ep 4972: len= 38 白胜 loss=25.6733 temp=1.00 total_env_steps=201021 t=0.36s
Ep 4973: len= 45 黑胜 loss=25.1238 temp=1.00 total_env_steps=201066 t=0.41s
Ep 4974: len= 40 白胜 loss=25.5385 temp=1.00 total_env_steps=201106 t=0.37s
Ep 4975: len= 44 白胜 loss=25.6089 temp=1.00 total_env_steps=201150 t=0.40s
Ep 4976: len= 41 黑胜 loss=25.7450 temp=1.00 total_env_steps=201191 t=0.37s
Ep 4977: len= 41 黑胜 loss=25.2251 temp=1.00 total_env_steps=201232 t=0.38s
Ep 4978: len= 29 黑胜 loss=25.9001 temp=1.00 total_env_steps=201261 t=0.32s
Ep 4979: len= 28 白胜 loss=25.3677 temp=1.00 total_env_steps=201289 t=0.30s
Ep 4980: len= 41 黑胜 loss=26.2032 temp=1.00 total_env_steps=201330 t=0.46s
Ep 4981: len= 35 黑胜 loss=25.2281 temp=1.00 total_env_steps=201365 t=0.68s
Ep 4982: len= 23 黑胜 loss=25.4973 temp=1.00 total_env_steps=201388 t=0.69s
Ep 4983: len= 61 黑胜 loss=25.9934 temp=1.00 total_env_steps=201449 t=0.56s
Ep 4984: len= 58 白胜 loss=25.3229 temp=1.00 total_env_steps=201507 t=0.53s
Ep 4985: len= 30 白胜 loss=25.9281 temp=1.00 total_env_steps=201537 t=0.34s
Ep 4986: len= 27 黑胜 loss=25.6904 temp=1.00 total_env_steps=201564 t=0.32s
Ep 4987: len= 48 白胜 loss=25.2472 temp=1.00 total_env_steps=201612 t=0.48s
Ep 4988: len= 32 白胜 loss=25.7047 temp=1.00 total_env_steps=201644 t=0.36s
Ep 4989: len= 20 白胜 loss=24.9664 temp=1.00 total_env_steps=201664 t=0.28s
Ep 4990: len= 48 白胜 loss=25.0741 temp=1.00 total_env_steps=201712 t=0.47s
Ep 4991: len= 45 黑胜 loss=25.6366 temp=1.00 total_env_steps=201757 t=0.45s
Ep 4992: len= 25 黑胜 loss=25.6830 temp=1.00 total_env_steps=201782 t=0.30s
Ep 4993: len= 52 白胜 loss=26.0976 temp=1.00 total_env_steps=201834 t=0.47s
Ep 4994: len= 42 白胜 loss=25.4450 temp=1.00 total_env_steps=201876 t=0.39s
Ep 4995: len= 39 黑胜 loss=25.2404 temp=1.00 total_env_steps=201915 t=0.40s
Ep 4996: len= 33 黑胜 loss=25.8700 temp=1.00 total_env_steps=201948 t=0.34s
Ep 4997: len= 41 黑胜 loss=25.1794 temp=1.00 total_env_steps=201989 t=0.41s
Ep 4998: len= 63 黑胜 loss=25.7419 temp=1.00 total_env_steps=202052 t=0.63s
Ep 4999: len= 44 白胜 loss=25.5669 temp=1.00 total_env_steps=202096 t=0.47s
Ep 5000: len= 27 黑胜 loss=25.2915 temp=1.00 total_env_steps=202123 t=0.30s
  eval vs Gomoku-random-v0: win_rate=1.00 mean_return=1.00（20 局，total_env_steps=202123）
[闸门] vs random（40 局）: win_rate=1.000
[闸门] vs 半程快照（40 局，黑白各半）: score=0.600
[梯队] vs naive0（20 局，观察性）: win_rate=0.35
[梯队] vs naive1（20 局，观察性）: win_rate=0.30
[梯队] vs naive2（20 局，观察性）: win_rate=0.05
[梯队] vs naive3（20 局，观察性）: win_rate=0.00
📈 Gomoku-selfplay-v0 win_rate=1.00（best 1.00）| 门槛 0.95 | 2285.7s

--- M3 arm=pure_selfplay_ctrlext 汇总（base 对照见 bench 头注释）---
  seed=45 vs_random=1.000 vs_snapshot=0.600 | 梯队 naive0=0.35 naive1=0.30 naive2=0.05 naive3=0.00 | env_steps=202123 wall=2286s
ok

test result: ok. 1 passed; 0 failed; 0 ignored; 0 measured; 3467 filtered out; finished in 2285.73s


===== seed 46 =====

running 1 test
test rl::algo::my_zero::tests::gomoku_m3_bench::gomoku_pure_selfplay_ctrlext ... [seed-par] M3_SEEDS=46 → 本进程只跑 [46]（臂全集 [45, 46]）

--- arm=pure_selfplay_ctrlext seed=46 sims=100 ---
[MyZero-board Gomoku-selfplay-v0] obs=243(3×9²) |A|=81 sims=100 γ=1.0 negamax
[MyZero-board] repr=CNN（stride-1 棋盘塔）
[MyZero-board] 8 重对称增广开启（D4，采样时随机套变换）
Ep    1: len= 33 黑胜 loss=0.0000 temp=1.00 total_env_steps=33 t=0.11s
Ep    2: len= 54 白胜 loss=0.0000 temp=1.00 total_env_steps=87 t=0.19s
Ep    3: len= 54 白胜 loss=0.0000 temp=1.00 total_env_steps=141 t=0.18s
Ep    4: len= 58 白胜 loss=0.0000 temp=1.00 total_env_steps=199 t=0.19s
Ep    5: len= 68 白胜 loss=0.0000 temp=1.00 total_env_steps=267 t=0.23s
Ep    6: len= 54 白胜 loss=0.0000 temp=1.00 total_env_steps=321 t=0.17s
Ep    7: len= 54 白胜 loss=0.0000 temp=1.00 total_env_steps=375 t=0.18s
Ep    8: len= 44 白胜 loss=0.0000 temp=1.00 total_env_steps=419 t=0.15s
Ep    9: len= 63 黑胜 loss=0.0000 temp=1.00 total_env_steps=482 t=0.22s
Ep   10: len= 37 黑胜 loss=39.0870 temp=1.00 total_env_steps=519 t=0.19s
Ep   11: len= 52 白胜 loss=28.7029 temp=1.00 total_env_steps=571 t=0.21s
Ep   12: len= 44 白胜 loss=28.5511 temp=1.00 total_env_steps=615 t=0.19s
Ep   13: len= 34 白胜 loss=28.7668 temp=1.00 total_env_steps=649 t=0.15s
Ep   14: len= 59 黑胜 loss=28.5640 temp=1.00 total_env_steps=708 t=0.27s
Ep   15: len= 44 白胜 loss=28.3588 temp=1.00 total_env_steps=752 t=0.19s
Ep   16: len= 69 黑胜 loss=28.4413 temp=1.00 total_env_steps=821 t=0.25s
Ep   17: len= 46 白胜 loss=28.4436 temp=1.00 total_env_steps=867 t=0.18s
Ep   18: len= 75 黑胜 loss=28.2162 temp=1.00 total_env_steps=942 t=0.30s
Ep   19: len= 52 白胜 loss=28.5693 temp=1.00 total_env_steps=994 t=0.21s
Ep   20: len= 36 白胜 loss=28.0726 temp=1.00 total_env_steps=1030 t=0.14s
Ep   21: len= 55 黑胜 loss=28.6106 temp=1.00 total_env_steps=1085 t=0.20s
Ep   22: len= 41 黑胜 loss=28.1031 temp=1.00 total_env_steps=1126 t=0.24s
Ep   23: len= 42 白胜 loss=28.6212 temp=1.00 total_env_steps=1168 t=0.17s
Ep   24: len= 72 白胜 loss=28.4646 temp=1.00 total_env_steps=1240 t=0.26s
Ep   25: len= 41 黑胜 loss=28.2554 temp=1.00 total_env_steps=1281 t=0.17s
Ep   26: len= 69 黑胜 loss=28.2209 temp=1.00 total_env_steps=1350 t=0.25s
Ep   27: len= 51 黑胜 loss=28.6287 temp=1.00 total_env_steps=1401 t=0.19s
Ep   28: len= 41 黑胜 loss=28.5617 temp=1.00 total_env_steps=1442 t=0.18s
Ep   29: len= 63 黑胜 loss=28.0830 temp=1.00 total_env_steps=1505 t=0.31s
Ep   30: len= 50 白胜 loss=28.5034 temp=1.00 total_env_steps=1555 t=0.19s
Ep   31: len= 63 黑胜 loss=28.5953 temp=1.00 total_env_steps=1618 t=0.23s
Ep   32: len= 55 黑胜 loss=28.5624 temp=1.00 total_env_steps=1673 t=0.22s
Ep   33: len= 17 黑胜 loss=28.5202 temp=1.00 total_env_steps=1690 t=0.11s
Ep   34: len= 34 白胜 loss=28.1729 temp=1.00 total_env_steps=1724 t=0.17s
Ep   35: len= 35 黑胜 loss=28.2548 temp=1.00 total_env_steps=1759 t=0.18s
Ep   36: len= 60 白胜 loss=28.5513 temp=1.00 total_env_steps=1819 t=0.22s
Ep   37: len= 57 黑胜 loss=28.1748 temp=1.00 total_env_steps=1876 t=0.33s
Ep   38: len= 29 黑胜 loss=28.6026 temp=1.00 total_env_steps=1905 t=0.14s
Ep   39: len= 34 白胜 loss=28.4617 temp=1.00 total_env_steps=1939 t=0.18s
Ep   40: len= 41 黑胜 loss=28.2559 temp=1.00 total_env_steps=1980 t=0.48s
Ep   41: len= 59 黑胜 loss=28.2357 temp=1.00 total_env_steps=2039 t=0.45s
Ep   42: len= 53 黑胜 loss=28.2901 temp=1.00 total_env_steps=2092 t=0.40s
Ep   43: len= 37 黑胜 loss=28.0341 temp=1.00 total_env_steps=2129 t=0.28s
Ep   44: len= 41 黑胜 loss=28.2976 temp=1.00 total_env_steps=2170 t=0.32s
Ep   45: len= 52 白胜 loss=28.2653 temp=1.00 total_env_steps=2222 t=0.35s
Ep   46: len= 53 黑胜 loss=28.0214 temp=1.00 total_env_steps=2275 t=0.36s
Ep   47: len= 43 黑胜 loss=27.8115 temp=1.00 total_env_steps=2318 t=0.30s
Ep   48: len= 42 白胜 loss=28.0453 temp=1.00 total_env_steps=2360 t=0.28s
Ep   49: len= 36 白胜 loss=28.1652 temp=1.00 total_env_steps=2396 t=0.26s
Ep   50: len= 66 白胜 loss=28.0550 temp=1.00 total_env_steps=2462 t=0.49s
Ep   51: len= 21 黑胜 loss=28.0385 temp=1.00 total_env_steps=2483 t=0.21s
Ep   52: len= 34 白胜 loss=28.0882 temp=1.00 total_env_steps=2517 t=0.23s
Ep   53: len= 35 黑胜 loss=28.1223 temp=1.00 total_env_steps=2552 t=0.26s
Ep   54: len= 45 黑胜 loss=28.2353 temp=1.00 total_env_steps=2597 t=0.32s
Ep   55: len= 50 白胜 loss=28.0774 temp=1.00 total_env_steps=2647 t=0.32s
Ep   56: len= 54 白胜 loss=28.1302 temp=1.00 total_env_steps=2701 t=0.37s
Ep   57: len= 39 黑胜 loss=27.9915 temp=1.00 total_env_steps=2740 t=0.29s
Ep   58: len= 56 白胜 loss=28.0932 temp=1.00 total_env_steps=2796 t=0.39s
Ep   59: len= 34 白胜 loss=28.1242 temp=1.00 total_env_steps=2830 t=0.30s
Ep   60: len= 33 黑胜 loss=28.3108 temp=1.00 total_env_steps=2863 t=0.31s
Ep   61: len= 64 白胜 loss=28.0459 temp=1.00 total_env_steps=2927 t=0.40s
Ep   62: len= 63 黑胜 loss=27.8728 temp=1.00 total_env_steps=2990 t=0.41s
Ep   63: len= 63 黑胜 loss=28.0717 temp=1.00 total_env_steps=3053 t=0.40s
Ep   64: len= 57 黑胜 loss=28.0423 temp=1.00 total_env_steps=3110 t=0.38s
Ep   65: len= 57 黑胜 loss=28.0795 temp=1.00 total_env_steps=3167 t=0.39s
Ep   66: len= 42 白胜 loss=28.1750 temp=1.00 total_env_steps=3209 t=0.36s
Ep   67: len= 35 黑胜 loss=27.9033 temp=1.00 total_env_steps=3244 t=0.26s
Ep   68: len= 47 黑胜 loss=27.9172 temp=1.00 total_env_steps=3291 t=0.34s
Ep   69: len= 63 黑胜 loss=28.1283 temp=1.00 total_env_steps=3354 t=0.42s
Ep   70: len= 40 白胜 loss=28.2218 temp=1.00 total_env_steps=3394 t=0.29s
Ep   71: len= 43 黑胜 loss=28.2375 temp=1.00 total_env_steps=3437 t=0.31s
Ep   72: len= 51 黑胜 loss=28.1220 temp=1.00 total_env_steps=3488 t=0.51s
Ep   73: len= 45 黑胜 loss=28.1173 temp=1.00 total_env_steps=3533 t=0.31s
Ep   74: len= 51 黑胜 loss=28.1130 temp=1.00 total_env_steps=3584 t=0.34s
Ep   75: len= 45 黑胜 loss=27.9350 temp=1.00 total_env_steps=3629 t=0.39s
Ep   76: len= 37 黑胜 loss=28.2888 temp=1.00 total_env_steps=3666 t=0.29s
Ep   77: len= 39 黑胜 loss=27.9445 temp=1.00 total_env_steps=3705 t=0.42s
Ep   78: len= 46 白胜 loss=28.2590 temp=1.00 total_env_steps=3751 t=0.32s
Ep   79: len= 46 白胜 loss=28.1048 temp=1.00 total_env_steps=3797 t=0.32s
Ep   80: len= 60 白胜 loss=28.1699 temp=1.00 total_env_steps=3857 t=0.42s
Ep   81: len= 65 黑胜 loss=27.8714 temp=1.00 total_env_steps=3922 t=0.65s
Ep   82: len= 35 黑胜 loss=28.1792 temp=1.00 total_env_steps=3957 t=0.33s
Ep   83: len= 41 黑胜 loss=28.1184 temp=1.00 total_env_steps=3998 t=0.31s
Ep   84: len= 44 白胜 loss=27.7210 temp=1.00 total_env_steps=4042 t=0.39s
Ep   85: len= 47 黑胜 loss=27.9258 temp=1.00 total_env_steps=4089 t=0.45s
Ep   86: len= 43 黑胜 loss=28.3442 temp=1.00 total_env_steps=4132 t=0.33s
Ep   87: len= 41 黑胜 loss=28.1792 temp=1.00 total_env_steps=4173 t=0.31s
Ep   88: len= 24 白胜 loss=27.9850 temp=1.00 total_env_steps=4197 t=0.22s
Ep   89: len= 49 黑胜 loss=27.9312 temp=1.00 total_env_steps=4246 t=0.33s
Ep   90: len= 46 白胜 loss=28.2406 temp=1.00 total_env_steps=4292 t=0.32s
Ep   91: len= 53 黑胜 loss=27.8905 temp=1.00 total_env_steps=4345 t=0.41s
Ep   92: len= 45 黑胜 loss=27.9776 temp=1.00 total_env_steps=4390 t=0.33s
Ep   93: len= 49 黑胜 loss=28.1159 temp=1.00 total_env_steps=4439 t=0.34s
Ep   94: len= 66 白胜 loss=28.0618 temp=1.00 total_env_steps=4505 t=0.62s
Ep   95: len= 39 黑胜 loss=28.0459 temp=1.00 total_env_steps=4544 t=0.32s
Ep   96: len= 49 黑胜 loss=27.8888 temp=1.00 total_env_steps=4593 t=0.34s
Ep   97: len= 74 白胜 loss=27.9218 temp=1.00 total_env_steps=4667 t=0.48s
Ep   98: len= 24 白胜 loss=28.1549 temp=1.00 total_env_steps=4691 t=0.20s
Ep   99: len= 54 白胜 loss=28.1387 temp=1.00 total_env_steps=4745 t=0.38s
Ep  100: len= 39 黑胜 loss=28.1788 temp=1.00 total_env_steps=4784 t=0.31s
Ep  101: len= 33 黑胜 loss=28.0838 temp=1.00 total_env_steps=4817 t=0.33s
Ep  102: len= 63 黑胜 loss=28.1466 temp=1.00 total_env_steps=4880 t=0.40s
Ep  103: len= 64 白胜 loss=28.1101 temp=1.00 total_env_steps=4944 t=0.43s
Ep  104: len= 25 黑胜 loss=28.1239 temp=1.00 total_env_steps=4969 t=0.21s
Ep  105: len= 38 白胜 loss=27.7955 temp=1.00 total_env_steps=5007 t=0.27s
Ep  106: len= 41 黑胜 loss=27.8475 temp=1.00 total_env_steps=5048 t=0.30s
Ep  107: len= 38 白胜 loss=27.9816 temp=1.00 total_env_steps=5086 t=0.29s
Ep  108: len= 56 白胜 loss=28.1453 temp=1.00 total_env_steps=5142 t=0.42s
Ep  109: len= 58 白胜 loss=28.1837 temp=1.00 total_env_steps=5200 t=0.41s
Ep  110: len= 40 白胜 loss=27.9493 temp=1.00 total_env_steps=5240 t=0.30s
Ep  111: len= 42 白胜 loss=28.0410 temp=1.00 total_env_steps=5282 t=0.30s
Ep  112: len= 46 白胜 loss=27.8761 temp=1.00 total_env_steps=5328 t=0.33s
Ep  113: len= 43 黑胜 loss=28.0239 temp=1.00 total_env_steps=5371 t=0.33s
Ep  114: len= 32 白胜 loss=27.9855 temp=1.00 total_env_steps=5403 t=0.27s
Ep  115: len= 76 白胜 loss=27.8871 temp=1.00 total_env_steps=5479 t=0.54s
Ep  116: len= 42 白胜 loss=27.8229 temp=1.00 total_env_steps=5521 t=0.32s
Ep  117: len= 36 白胜 loss=27.9504 temp=1.00 total_env_steps=5557 t=0.34s
Ep  118: len= 36 白胜 loss=27.9850 temp=1.00 total_env_steps=5593 t=0.30s
Ep  119: len= 63 黑胜 loss=28.1400 temp=1.00 total_env_steps=5656 t=0.43s
Ep  120: len= 28 白胜 loss=28.1603 temp=1.00 total_env_steps=5684 t=0.24s
Ep  121: len= 66 白胜 loss=27.9722 temp=1.00 total_env_steps=5750 t=0.45s
Ep  122: len= 59 黑胜 loss=27.8616 temp=1.00 total_env_steps=5809 t=0.39s
Ep  123: len= 55 黑胜 loss=27.9513 temp=1.00 total_env_steps=5864 t=0.38s
Ep  124: len= 41 黑胜 loss=27.8940 temp=1.00 total_env_steps=5905 t=0.30s
Ep  125: len= 54 白胜 loss=27.8524 temp=1.00 total_env_steps=5959 t=0.37s
Ep  126: len= 47 黑胜 loss=27.8754 temp=1.00 total_env_steps=6006 t=0.33s
Ep  127: len= 56 白胜 loss=28.0853 temp=1.00 total_env_steps=6062 t=0.46s
Ep  128: len= 39 黑胜 loss=27.8405 temp=1.00 total_env_steps=6101 t=0.30s
Ep  129: len= 53 黑胜 loss=27.9216 temp=1.00 total_env_steps=6154 t=0.37s
Ep  130: len= 68 白胜 loss=28.3291 temp=1.00 total_env_steps=6222 t=0.44s
Ep  131: len= 55 黑胜 loss=28.1050 temp=1.00 total_env_steps=6277 t=0.36s
Ep  132: len= 53 黑胜 loss=27.8142 temp=1.00 total_env_steps=6330 t=0.36s
Ep  133: len= 52 白胜 loss=28.3775 temp=1.00 total_env_steps=6382 t=0.39s
Ep  134: len= 54 白胜 loss=27.8870 temp=1.00 total_env_steps=6436 t=0.45s
Ep  135: len= 57 黑胜 loss=28.1619 temp=1.00 total_env_steps=6493 t=0.40s
Ep  136: len= 33 黑胜 loss=28.0581 temp=1.00 total_env_steps=6526 t=0.25s
Ep  137: len= 36 白胜 loss=28.0636 temp=1.00 total_env_steps=6562 t=0.26s
Ep  138: len= 42 白胜 loss=27.9159 temp=1.00 total_env_steps=6604 t=0.31s
Ep  139: len= 58 白胜 loss=28.1145 temp=1.00 total_env_steps=6662 t=0.40s
Ep  140: len= 44 白胜 loss=27.8731 temp=1.00 total_env_steps=6706 t=0.32s
Ep  141: len= 43 黑胜 loss=27.9619 temp=1.00 total_env_steps=6749 t=0.31s
Ep  142: len= 43 黑胜 loss=27.9441 temp=1.00 total_env_steps=6792 t=0.30s
Ep  143: len= 59 黑胜 loss=27.9260 temp=1.00 total_env_steps=6851 t=0.37s
Ep  144: len= 50 白胜 loss=27.7565 temp=1.00 total_env_steps=6901 t=0.33s
Ep  145: len= 49 黑胜 loss=28.0204 temp=1.00 total_env_steps=6950 t=0.33s
Ep  146: len= 74 白胜 loss=27.8430 temp=1.00 total_env_steps=7024 t=0.49s
Ep  147: len= 38 白胜 loss=27.7542 temp=1.00 total_env_steps=7062 t=0.28s
Ep  148: len= 48 白胜 loss=27.8476 temp=1.00 total_env_steps=7110 t=0.33s
Ep  149: len= 53 黑胜 loss=27.8933 temp=1.00 total_env_steps=7163 t=0.35s
Ep  150: len= 49 黑胜 loss=27.9342 temp=1.00 total_env_steps=7212 t=0.34s
Ep  151: len= 36 白胜 loss=27.8437 temp=1.00 total_env_steps=7248 t=0.26s
Ep  152: len= 57 黑胜 loss=27.7837 temp=1.00 total_env_steps=7305 t=0.36s
Ep  153: len= 38 白胜 loss=27.8421 temp=1.00 total_env_steps=7343 t=0.35s
Ep  154: len= 64 白胜 loss=28.1058 temp=1.00 total_env_steps=7407 t=0.41s
Ep  155: len= 34 白胜 loss=28.0682 temp=1.00 total_env_steps=7441 t=0.27s
Ep  156: len= 39 黑胜 loss=27.8588 temp=1.00 total_env_steps=7480 t=0.28s
Ep  157: len= 49 黑胜 loss=27.8895 temp=1.00 total_env_steps=7529 t=0.34s
Ep  158: len= 42 白胜 loss=27.9138 temp=1.00 total_env_steps=7571 t=0.30s
Ep  159: len= 53 黑胜 loss=28.0630 temp=1.00 total_env_steps=7624 t=0.34s
Ep  160: len= 52 白胜 loss=27.8469 temp=1.00 total_env_steps=7676 t=0.34s
Ep  161: len= 35 黑胜 loss=27.9767 temp=1.00 total_env_steps=7711 t=0.26s
Ep  162: len= 62 白胜 loss=27.8023 temp=1.00 total_env_steps=7773 t=0.40s
Ep  163: len= 22 白胜 loss=27.8910 temp=1.00 total_env_steps=7795 t=0.19s
Ep  164: len= 44 白胜 loss=27.8401 temp=1.00 total_env_steps=7839 t=0.29s
Ep  165: len= 49 黑胜 loss=27.9838 temp=1.00 total_env_steps=7888 t=0.33s
Ep  166: len= 22 白胜 loss=28.0028 temp=1.00 total_env_steps=7910 t=0.19s
Ep  167: len= 53 黑胜 loss=27.6938 temp=1.00 total_env_steps=7963 t=0.36s
Ep  168: len= 61 黑胜 loss=27.6973 temp=1.00 total_env_steps=8024 t=0.41s
Ep  169: len= 38 白胜 loss=27.8372 temp=1.00 total_env_steps=8062 t=0.26s
Ep  170: len= 37 黑胜 loss=27.9742 temp=1.00 total_env_steps=8099 t=0.26s
Ep  171: len= 32 白胜 loss=28.0120 temp=1.00 total_env_steps=8131 t=0.24s
Ep  172: len= 54 白胜 loss=27.7945 temp=1.00 total_env_steps=8185 t=0.37s
Ep  173: len= 53 黑胜 loss=27.6563 temp=1.00 total_env_steps=8238 t=0.36s
Ep  174: len= 54 白胜 loss=28.0473 temp=1.00 total_env_steps=8292 t=0.34s
Ep  175: len= 47 黑胜 loss=27.7165 temp=1.00 total_env_steps=8339 t=0.31s
Ep  176: len= 56 白胜 loss=27.8753 temp=1.00 total_env_steps=8395 t=0.36s
Ep  177: len= 50 白胜 loss=27.8084 temp=1.00 total_env_steps=8445 t=0.32s
Ep  178: len= 42 白胜 loss=27.7140 temp=1.00 total_env_steps=8487 t=0.28s
Ep  179: len= 47 黑胜 loss=27.7264 temp=1.00 total_env_steps=8534 t=0.31s
Ep  180: len= 63 黑胜 loss=28.0010 temp=1.00 total_env_steps=8597 t=0.42s
Ep  181: len= 48 白胜 loss=27.8855 temp=1.00 total_env_steps=8645 t=0.33s
Ep  182: len= 41 黑胜 loss=27.7444 temp=1.00 total_env_steps=8686 t=0.29s
Ep  183: len= 33 黑胜 loss=27.9084 temp=1.00 total_env_steps=8719 t=0.23s
Ep  184: len= 62 白胜 loss=28.1926 temp=1.00 total_env_steps=8781 t=0.39s
Ep  185: len= 42 白胜 loss=27.9461 temp=1.00 total_env_steps=8823 t=0.28s
Ep  186: len= 48 白胜 loss=27.8947 temp=1.00 total_env_steps=8871 t=0.32s
Ep  187: len= 44 白胜 loss=27.8604 temp=1.00 total_env_steps=8915 t=0.29s
Ep  188: len= 44 白胜 loss=27.9199 temp=1.00 total_env_steps=8959 t=0.29s
Ep  189: len= 51 黑胜 loss=27.9744 temp=1.00 total_env_steps=9010 t=0.33s
Ep  190: len= 21 黑胜 loss=27.7245 temp=1.00 total_env_steps=9031 t=0.19s
Ep  191: len= 32 白胜 loss=28.0688 temp=1.00 total_env_steps=9063 t=0.25s
Ep  192: len= 43 黑胜 loss=27.7783 temp=1.00 total_env_steps=9106 t=0.30s
Ep  193: len= 58 白胜 loss=27.9548 temp=1.00 total_env_steps=9164 t=0.37s
Ep  194: len= 50 白胜 loss=27.7309 temp=1.00 total_env_steps=9214 t=0.35s
Ep  195: len= 53 黑胜 loss=27.9472 temp=1.00 total_env_steps=9267 t=0.35s
Ep  196: len= 78 白胜 loss=27.8446 temp=1.00 total_env_steps=9345 t=0.47s
Ep  197: len= 41 黑胜 loss=27.8032 temp=1.00 total_env_steps=9386 t=0.31s
Ep  198: len= 46 白胜 loss=27.6107 temp=1.00 total_env_steps=9432 t=0.36s
Ep  199: len= 41 黑胜 loss=27.5035 temp=1.00 total_env_steps=9473 t=0.31s
Ep  200: len= 48 白胜 loss=27.9634 temp=1.00 total_env_steps=9521 t=0.35s
Ep  201: len= 60 白胜 loss=27.7052 temp=1.00 total_env_steps=9581 t=0.44s
Ep  202: len= 15 黑胜 loss=27.6850 temp=1.00 total_env_steps=9596 t=0.20s
Ep  203: len= 37 黑胜 loss=27.8436 temp=1.00 total_env_steps=9633 t=0.30s
Ep  204: len= 45 黑胜 loss=27.7169 temp=1.00 total_env_steps=9678 t=0.35s
Ep  205: len= 63 黑胜 loss=27.9019 temp=1.00 total_env_steps=9741 t=0.50s
Ep  206: len= 32 白胜 loss=27.8094 temp=1.00 total_env_steps=9773 t=0.27s
Ep  207: len= 56 白胜 loss=28.1298 temp=1.00 total_env_steps=9829 t=0.40s
Ep  208: len= 61 黑胜 loss=27.9170 temp=1.00 total_env_steps=9890 t=0.41s
Ep  209: len= 37 黑胜 loss=27.6428 temp=1.00 total_env_steps=9927 t=0.31s
Ep  210: len= 34 白胜 loss=27.7965 temp=1.00 total_env_steps=9961 t=0.29s
Ep  211: len= 81 平局 loss=27.9300 temp=1.00 total_env_steps=10042 t=0.56s
Ep  212: len= 29 黑胜 loss=27.6519 temp=1.00 total_env_steps=10071 t=0.29s
Ep  213: len= 63 黑胜 loss=27.6103 temp=1.00 total_env_steps=10134 t=0.50s
Ep  214: len= 69 黑胜 loss=27.8563 temp=1.00 total_env_steps=10203 t=0.49s
Ep  215: len= 63 黑胜 loss=27.9341 temp=1.00 total_env_steps=10266 t=0.49s
Ep  216: len= 46 白胜 loss=27.9174 temp=1.00 total_env_steps=10312 t=0.39s
Ep  217: len= 61 黑胜 loss=27.9971 temp=1.00 total_env_steps=10373 t=0.50s
Ep  218: len= 38 白胜 loss=28.0163 temp=1.00 total_env_steps=10411 t=0.34s
Ep  219: len= 47 黑胜 loss=27.9847 temp=1.00 total_env_steps=10458 t=0.39s
Ep  220: len= 44 白胜 loss=27.9050 temp=1.00 total_env_steps=10502 t=0.37s
Ep  221: len= 81 平局 loss=27.6570 temp=1.00 total_env_steps=10583 t=0.57s
Ep  222: len= 60 白胜 loss=27.7662 temp=1.00 total_env_steps=10643 t=0.46s
Ep  223: len= 53 黑胜 loss=27.6690 temp=1.00 total_env_steps=10696 t=0.43s
Ep  224: len= 36 白胜 loss=27.6983 temp=1.00 total_env_steps=10732 t=0.34s
Ep  225: len= 26 白胜 loss=27.7658 temp=1.00 total_env_steps=10758 t=0.28s
Ep  226: len= 52 白胜 loss=27.7764 temp=1.00 total_env_steps=10810 t=0.41s
Ep  227: len= 31 黑胜 loss=27.6736 temp=1.00 total_env_steps=10841 t=0.32s
Ep  228: len= 52 白胜 loss=27.8948 temp=1.00 total_env_steps=10893 t=0.41s
Ep  229: len= 43 黑胜 loss=27.9175 temp=1.00 total_env_steps=10936 t=0.36s
Ep  230: len= 70 白胜 loss=27.7401 temp=1.00 total_env_steps=11006 t=0.56s
Ep  231: len= 42 白胜 loss=27.9058 temp=1.00 total_env_steps=11048 t=0.36s
Ep  232: len= 40 白胜 loss=27.8837 temp=1.00 total_env_steps=11088 t=0.35s
Ep  233: len= 43 黑胜 loss=27.8350 temp=1.00 total_env_steps=11131 t=0.37s
Ep  234: len= 49 黑胜 loss=27.8117 temp=1.00 total_env_steps=11180 t=0.39s
Ep  235: len= 51 黑胜 loss=27.7108 temp=1.00 total_env_steps=11231 t=0.40s
Ep  236: len= 40 白胜 loss=28.0091 temp=1.00 total_env_steps=11271 t=0.35s
Ep  237: len= 52 白胜 loss=27.7244 temp=1.00 total_env_steps=11323 t=0.42s
Ep  238: len= 44 白胜 loss=27.8793 temp=1.00 total_env_steps=11367 t=0.39s
Ep  239: len= 41 黑胜 loss=27.7415 temp=1.00 total_env_steps=11408 t=0.37s
Ep  240: len= 42 白胜 loss=27.6460 temp=1.00 total_env_steps=11450 t=0.41s
Ep  241: len= 59 黑胜 loss=27.8967 temp=1.00 total_env_steps=11509 t=0.44s
Ep  242: len= 51 黑胜 loss=27.8178 temp=1.00 total_env_steps=11560 t=0.41s
Ep  243: len= 47 黑胜 loss=27.8040 temp=1.00 total_env_steps=11607 t=0.42s
Ep  244: len= 38 白胜 loss=27.7578 temp=1.00 total_env_steps=11645 t=0.37s
Ep  245: len= 41 黑胜 loss=27.8593 temp=1.00 total_env_steps=11686 t=0.39s
Ep  246: len= 51 黑胜 loss=27.8621 temp=1.00 total_env_steps=11737 t=0.40s
Ep  247: len= 49 黑胜 loss=27.9399 temp=1.00 total_env_steps=11786 t=0.40s
Ep  248: len= 35 黑胜 loss=27.6340 temp=1.00 total_env_steps=11821 t=0.33s
Ep  249: len= 42 白胜 loss=27.8765 temp=1.00 total_env_steps=11863 t=0.35s
Ep  250: len= 36 白胜 loss=27.7890 temp=1.00 total_env_steps=11899 t=0.33s
Ep  251: len= 27 黑胜 loss=27.8278 temp=1.00 total_env_steps=11926 t=0.30s
Ep  252: len= 38 白胜 loss=27.6449 temp=1.00 total_env_steps=11964 t=0.35s
Ep  253: len= 39 黑胜 loss=27.8460 temp=1.00 total_env_steps=12003 t=0.35s
Ep  254: len= 30 白胜 loss=27.8272 temp=1.00 total_env_steps=12033 t=0.30s
Ep  255: len= 34 白胜 loss=27.9189 temp=1.00 total_env_steps=12067 t=0.32s
Ep  256: len= 47 黑胜 loss=27.7906 temp=1.00 total_env_steps=12114 t=0.39s
Ep  257: len= 32 白胜 loss=27.6970 temp=1.00 total_env_steps=12146 t=0.33s
Ep  258: len= 54 白胜 loss=27.6869 temp=1.00 total_env_steps=12200 t=0.43s
Ep  259: len= 39 黑胜 loss=27.5861 temp=1.00 total_env_steps=12239 t=0.34s
Ep  260: len= 39 黑胜 loss=27.8141 temp=1.00 total_env_steps=12278 t=0.34s
Ep  261: len= 65 黑胜 loss=27.8148 temp=1.00 total_env_steps=12343 t=0.50s
Ep  262: len= 52 白胜 loss=27.8442 temp=1.00 total_env_steps=12395 t=0.49s
Ep  263: len= 62 白胜 loss=27.6463 temp=1.00 total_env_steps=12457 t=0.47s
Ep  264: len= 48 白胜 loss=27.6413 temp=1.00 total_env_steps=12505 t=0.39s
Ep  265: len= 59 黑胜 loss=27.7117 temp=1.00 total_env_steps=12564 t=0.45s
Ep  266: len= 44 白胜 loss=27.9298 temp=1.00 total_env_steps=12608 t=0.38s
Ep  267: len= 32 白胜 loss=27.7611 temp=1.00 total_env_steps=12640 t=0.31s
Ep  268: len= 53 黑胜 loss=27.7273 temp=1.00 total_env_steps=12693 t=0.43s
Ep  269: len= 53 黑胜 loss=27.5818 temp=1.00 total_env_steps=12746 t=0.42s
Ep  270: len= 61 黑胜 loss=27.7639 temp=1.00 total_env_steps=12807 t=0.49s
Ep  271: len= 44 白胜 loss=27.8695 temp=1.00 total_env_steps=12851 t=0.38s
Ep  272: len= 46 白胜 loss=27.7136 temp=1.00 total_env_steps=12897 t=0.38s
Ep  273: len= 54 白胜 loss=27.6601 temp=1.00 total_env_steps=12951 t=0.41s
Ep  274: len= 34 白胜 loss=27.7140 temp=1.00 total_env_steps=12985 t=0.31s
Ep  275: len= 64 白胜 loss=27.8622 temp=1.00 total_env_steps=13049 t=0.51s
Ep  276: len= 53 黑胜 loss=27.7611 temp=1.00 total_env_steps=13102 t=0.41s
Ep  277: len= 43 黑胜 loss=27.6945 temp=1.00 total_env_steps=13145 t=0.35s
Ep  278: len= 45 黑胜 loss=27.7467 temp=1.00 total_env_steps=13190 t=0.35s
Ep  279: len= 42 白胜 loss=28.0543 temp=1.00 total_env_steps=13232 t=0.35s
Ep  280: len= 41 黑胜 loss=27.5960 temp=1.00 total_env_steps=13273 t=0.35s
Ep  281: len= 54 白胜 loss=27.6411 temp=1.00 total_env_steps=13327 t=0.39s
Ep  282: len= 47 黑胜 loss=27.5996 temp=1.00 total_env_steps=13374 t=0.37s
Ep  283: len= 43 黑胜 loss=27.9099 temp=1.00 total_env_steps=13417 t=0.35s
Ep  284: len= 46 白胜 loss=27.9470 temp=1.00 total_env_steps=13463 t=0.36s
Ep  285: len= 43 黑胜 loss=27.9065 temp=1.00 total_env_steps=13506 t=0.35s
Ep  286: len= 57 黑胜 loss=27.7198 temp=1.00 total_env_steps=13563 t=0.41s
Ep  287: len= 55 黑胜 loss=27.7068 temp=1.00 total_env_steps=13618 t=0.41s
Ep  288: len= 39 黑胜 loss=27.9659 temp=1.00 total_env_steps=13657 t=0.35s
Ep  289: len= 45 黑胜 loss=27.8778 temp=1.00 total_env_steps=13702 t=0.41s
Ep  290: len= 55 黑胜 loss=27.7107 temp=1.00 total_env_steps=13757 t=0.44s
Ep  291: len= 38 白胜 loss=27.9033 temp=1.00 total_env_steps=13795 t=0.35s
Ep  292: len= 41 黑胜 loss=27.8368 temp=1.00 total_env_steps=13836 t=0.35s
Ep  293: len= 31 黑胜 loss=28.0015 temp=1.00 total_env_steps=13867 t=0.31s
Ep  294: len= 50 白胜 loss=27.9339 temp=1.00 total_env_steps=13917 t=0.41s
Ep  295: len= 57 黑胜 loss=28.0643 temp=1.00 total_env_steps=13974 t=0.43s
Ep  296: len= 62 白胜 loss=27.9204 temp=1.00 total_env_steps=14036 t=0.44s
Ep  297: len= 54 白胜 loss=28.0145 temp=1.00 total_env_steps=14090 t=0.41s
Ep  298: len= 29 黑胜 loss=27.6592 temp=1.00 total_env_steps=14119 t=0.28s
Ep  299: len= 51 黑胜 loss=27.8979 temp=1.00 total_env_steps=14170 t=0.38s
Ep  300: len= 51 黑胜 loss=27.7673 temp=1.00 total_env_steps=14221 t=0.38s
Ep  301: len= 38 白胜 loss=27.9032 temp=1.00 total_env_steps=14259 t=0.32s
Ep  302: len= 60 白胜 loss=27.7684 temp=1.00 total_env_steps=14319 t=0.43s
Ep  303: len= 42 白胜 loss=27.7504 temp=1.00 total_env_steps=14361 t=0.35s
Ep  304: len= 59 黑胜 loss=27.8221 temp=1.00 total_env_steps=14420 t=0.41s
Ep  305: len= 47 黑胜 loss=27.8269 temp=1.00 total_env_steps=14467 t=0.36s
Ep  306: len= 52 白胜 loss=27.6566 temp=1.00 total_env_steps=14519 t=0.39s
Ep  307: len= 76 白胜 loss=27.9164 temp=1.00 total_env_steps=14595 t=0.52s
Ep  308: len= 39 黑胜 loss=27.7588 temp=1.00 total_env_steps=14634 t=0.34s
Ep  309: len= 29 黑胜 loss=27.8165 temp=1.00 total_env_steps=14663 t=0.28s
Ep  310: len= 48 白胜 loss=27.8305 temp=1.00 total_env_steps=14711 t=0.37s
Ep  311: len= 27 黑胜 loss=27.6560 temp=1.00 total_env_steps=14738 t=0.28s
Ep  312: len= 54 白胜 loss=27.7070 temp=1.00 total_env_steps=14792 t=0.41s
Ep  313: len= 28 白胜 loss=27.7615 temp=1.00 total_env_steps=14820 t=0.28s
Ep  314: len= 65 黑胜 loss=27.8791 temp=1.00 total_env_steps=14885 t=0.45s
Ep  315: len= 35 黑胜 loss=27.7218 temp=1.00 total_env_steps=14920 t=0.31s
Ep  316: len= 25 黑胜 loss=27.5866 temp=1.00 total_env_steps=14945 t=0.27s
Ep  317: len= 51 黑胜 loss=27.9306 temp=1.00 total_env_steps=14996 t=0.40s
Ep  318: len= 64 白胜 loss=27.6928 temp=1.00 total_env_steps=15060 t=0.48s
Ep  319: len= 47 黑胜 loss=28.0496 temp=1.00 total_env_steps=15107 t=0.37s
Ep  320: len= 31 黑胜 loss=27.7149 temp=1.00 total_env_steps=15138 t=0.32s
Ep  321: len= 56 白胜 loss=27.6896 temp=1.00 total_env_steps=15194 t=0.42s
Ep  322: len= 41 黑胜 loss=27.7371 temp=1.00 total_env_steps=15235 t=0.33s
Ep  323: len= 36 白胜 loss=27.6944 temp=1.00 total_env_steps=15271 t=0.35s
Ep  324: len= 56 白胜 loss=27.6758 temp=1.00 total_env_steps=15327 t=0.40s
Ep  325: len= 61 黑胜 loss=27.7771 temp=1.00 total_env_steps=15388 t=0.45s
Ep  326: len= 54 白胜 loss=27.8118 temp=1.00 total_env_steps=15442 t=0.38s
Ep  327: len= 44 白胜 loss=28.1280 temp=1.00 total_env_steps=15486 t=0.34s
Ep  328: len= 45 黑胜 loss=27.7802 temp=1.00 total_env_steps=15531 t=0.39s
Ep  329: len= 70 白胜 loss=27.9241 temp=1.00 total_env_steps=15601 t=0.45s
Ep  330: len= 33 黑胜 loss=27.9007 temp=1.00 total_env_steps=15634 t=0.33s
Ep  331: len= 29 黑胜 loss=27.7654 temp=1.00 total_env_steps=15663 t=0.29s
Ep  332: len= 65 黑胜 loss=27.7862 temp=1.00 total_env_steps=15728 t=0.47s
Ep  333: len= 37 黑胜 loss=27.8883 temp=1.00 total_env_steps=15765 t=0.32s
Ep  334: len= 73 黑胜 loss=27.7000 temp=1.00 total_env_steps=15838 t=0.50s
Ep  335: len= 42 白胜 loss=27.8222 temp=1.00 total_env_steps=15880 t=0.33s
Ep  336: len= 49 黑胜 loss=27.6524 temp=1.00 total_env_steps=15929 t=0.37s
Ep  337: len= 56 白胜 loss=27.7371 temp=1.00 total_env_steps=15985 t=0.40s
Ep  338: len= 46 白胜 loss=27.8613 temp=1.00 total_env_steps=16031 t=0.36s
Ep  339: len= 34 白胜 loss=27.6976 temp=1.00 total_env_steps=16065 t=0.31s
Ep  340: len= 27 黑胜 loss=27.9360 temp=1.00 total_env_steps=16092 t=0.28s
Ep  341: len= 50 白胜 loss=27.9550 temp=1.00 total_env_steps=16142 t=0.39s
Ep  342: len= 29 黑胜 loss=27.7731 temp=1.00 total_env_steps=16171 t=0.28s
Ep  343: len= 60 白胜 loss=27.9750 temp=1.00 total_env_steps=16231 t=0.47s
Ep  344: len= 39 黑胜 loss=27.7777 temp=1.00 total_env_steps=16270 t=0.35s
Ep  345: len= 52 白胜 loss=27.7324 temp=1.00 total_env_steps=16322 t=0.40s
Ep  346: len= 57 黑胜 loss=27.6332 temp=1.00 total_env_steps=16379 t=0.39s
Ep  347: len= 40 白胜 loss=27.3611 temp=1.00 total_env_steps=16419 t=0.31s
Ep  348: len= 31 黑胜 loss=27.8975 temp=1.00 total_env_steps=16450 t=0.28s
Ep  349: len= 35 黑胜 loss=27.7100 temp=1.00 total_env_steps=16485 t=0.30s
Ep  350: len= 33 黑胜 loss=27.5999 temp=1.00 total_env_steps=16518 t=0.29s
Ep  351: len= 27 黑胜 loss=27.8992 temp=1.00 total_env_steps=16545 t=0.26s
Ep  352: len= 32 白胜 loss=27.9583 temp=1.00 total_env_steps=16577 t=0.30s
Ep  353: len= 21 黑胜 loss=27.7916 temp=1.00 total_env_steps=16598 t=0.24s
Ep  354: len= 41 黑胜 loss=27.9780 temp=1.00 total_env_steps=16639 t=0.32s
Ep  355: len= 53 黑胜 loss=27.8411 temp=1.00 total_env_steps=16692 t=0.37s
Ep  356: len= 42 白胜 loss=27.8836 temp=1.00 total_env_steps=16734 t=0.33s
Ep  357: len= 46 白胜 loss=27.5853 temp=1.00 total_env_steps=16780 t=0.36s
Ep  358: len= 31 黑胜 loss=27.6856 temp=1.00 total_env_steps=16811 t=0.28s
Ep  359: len= 62 白胜 loss=27.7845 temp=1.00 total_env_steps=16873 t=0.46s
Ep  360: len= 51 黑胜 loss=27.8596 temp=1.00 total_env_steps=16924 t=0.40s
Ep  361: len= 35 黑胜 loss=27.5980 temp=1.00 total_env_steps=16959 t=0.31s
Ep  362: len= 36 白胜 loss=27.5963 temp=1.00 total_env_steps=16995 t=0.30s
Ep  363: len= 45 黑胜 loss=27.8454 temp=1.00 total_env_steps=17040 t=0.34s
Ep  364: len= 49 黑胜 loss=27.5526 temp=1.00 total_env_steps=17089 t=0.35s
Ep  365: len= 45 黑胜 loss=27.7153 temp=1.00 total_env_steps=17134 t=0.33s
Ep  366: len= 42 白胜 loss=27.8914 temp=1.00 total_env_steps=17176 t=0.31s
Ep  367: len= 56 白胜 loss=27.7994 temp=1.00 total_env_steps=17232 t=0.39s
Ep  368: len= 51 黑胜 loss=27.7986 temp=1.00 total_env_steps=17283 t=0.39s
Ep  369: len= 29 黑胜 loss=27.7009 temp=1.00 total_env_steps=17312 t=0.26s
Ep  370: len= 33 黑胜 loss=27.7187 temp=1.00 total_env_steps=17345 t=0.27s
Ep  371: len= 41 黑胜 loss=27.8776 temp=1.00 total_env_steps=17386 t=0.31s
Ep  372: len= 45 黑胜 loss=27.8199 temp=1.00 total_env_steps=17431 t=0.37s
Ep  373: len= 28 白胜 loss=27.7717 temp=1.00 total_env_steps=17459 t=0.26s
Ep  374: len= 55 黑胜 loss=27.8650 temp=1.00 total_env_steps=17514 t=0.39s
Ep  375: len= 44 白胜 loss=27.6657 temp=1.00 total_env_steps=17558 t=0.36s
Ep  376: len= 27 黑胜 loss=27.7416 temp=1.00 total_env_steps=17585 t=0.27s
Ep  377: len= 34 白胜 loss=27.5330 temp=1.00 total_env_steps=17619 t=0.29s
Ep  378: len= 28 白胜 loss=27.5245 temp=1.00 total_env_steps=17647 t=0.26s
Ep  379: len= 33 黑胜 loss=27.7388 temp=1.00 total_env_steps=17680 t=0.27s
Ep  380: len= 23 黑胜 loss=27.7742 temp=1.00 total_env_steps=17703 t=0.24s
Ep  381: len= 41 黑胜 loss=27.9229 temp=1.00 total_env_steps=17744 t=0.33s
Ep  382: len= 31 黑胜 loss=27.8744 temp=1.00 total_env_steps=17775 t=0.29s
Ep  383: len= 47 黑胜 loss=27.7750 temp=1.00 total_env_steps=17822 t=0.40s
Ep  384: len= 37 黑胜 loss=27.8258 temp=1.00 total_env_steps=17859 t=0.32s
Ep  385: len= 56 白胜 loss=27.6104 temp=1.00 total_env_steps=17915 t=0.41s
Ep  386: len= 40 白胜 loss=27.6731 temp=1.00 total_env_steps=17955 t=0.31s
Ep  387: len= 47 黑胜 loss=27.5267 temp=1.00 total_env_steps=18002 t=0.34s
Ep  388: len= 38 白胜 loss=27.7566 temp=1.00 total_env_steps=18040 t=0.30s
Ep  389: len= 34 白胜 loss=27.9085 temp=1.00 total_env_steps=18074 t=0.28s
Ep  390: len= 27 黑胜 loss=27.6752 temp=1.00 total_env_steps=18101 t=0.26s
Ep  391: len= 38 白胜 loss=27.7453 temp=1.00 total_env_steps=18139 t=0.30s
Ep  392: len= 27 黑胜 loss=27.7856 temp=1.00 total_env_steps=18166 t=0.25s
Ep  393: len= 43 黑胜 loss=27.8243 temp=1.00 total_env_steps=18209 t=0.33s
Ep  394: len= 43 黑胜 loss=27.7851 temp=1.00 total_env_steps=18252 t=0.34s
Ep  395: len= 54 白胜 loss=27.6986 temp=1.00 total_env_steps=18306 t=0.42s
Ep  396: len= 57 黑胜 loss=27.5041 temp=1.00 total_env_steps=18363 t=0.41s
Ep  397: len= 53 黑胜 loss=27.9500 temp=1.00 total_env_steps=18416 t=0.40s
Ep  398: len= 46 白胜 loss=27.5519 temp=1.00 total_env_steps=18462 t=0.36s
Ep  399: len= 35 黑胜 loss=27.8669 temp=1.00 total_env_steps=18497 t=0.31s
Ep  400: len= 47 黑胜 loss=27.7294 temp=1.00 total_env_steps=18544 t=0.38s
Ep  401: len= 29 黑胜 loss=27.9512 temp=1.00 total_env_steps=18573 t=0.29s
Ep  402: len= 47 黑胜 loss=27.5861 temp=1.00 total_env_steps=18620 t=0.39s
Ep  403: len= 35 黑胜 loss=27.8712 temp=1.00 total_env_steps=18655 t=0.31s
Ep  404: len= 74 白胜 loss=27.8999 temp=1.00 total_env_steps=18729 t=0.57s
Ep  405: len= 40 白胜 loss=27.7969 temp=1.00 total_env_steps=18769 t=0.33s
Ep  406: len= 39 黑胜 loss=27.6640 temp=1.00 total_env_steps=18808 t=0.38s
Ep  407: len= 23 黑胜 loss=27.6932 temp=1.00 total_env_steps=18831 t=0.25s
Ep  408: len= 40 白胜 loss=27.6213 temp=1.00 total_env_steps=18871 t=0.32s
Ep  409: len= 40 白胜 loss=27.9396 temp=1.00 total_env_steps=18911 t=0.33s
Ep  410: len= 50 白胜 loss=27.8903 temp=1.00 total_env_steps=18961 t=0.39s
Ep  411: len= 38 白胜 loss=27.7338 temp=1.00 total_env_steps=18999 t=0.32s
Ep  412: len= 63 黑胜 loss=27.6041 temp=1.00 total_env_steps=19062 t=0.43s
Ep  413: len= 32 白胜 loss=27.9049 temp=1.00 total_env_steps=19094 t=0.29s
Ep  414: len= 44 白胜 loss=27.7945 temp=1.00 total_env_steps=19138 t=0.35s
Ep  415: len= 47 黑胜 loss=27.9075 temp=1.00 total_env_steps=19185 t=0.36s
Ep  416: len= 34 白胜 loss=27.8580 temp=1.00 total_env_steps=19219 t=0.30s
Ep  417: len= 41 黑胜 loss=27.9641 temp=1.00 total_env_steps=19260 t=0.33s
Ep  418: len= 39 黑胜 loss=27.7318 temp=1.00 total_env_steps=19299 t=0.36s
Ep  419: len= 51 黑胜 loss=27.8575 temp=1.00 total_env_steps=19350 t=0.39s
Ep  420: len= 27 黑胜 loss=27.7426 temp=1.00 total_env_steps=19377 t=0.27s
Ep  421: len= 46 白胜 loss=27.7626 temp=1.00 total_env_steps=19423 t=0.35s
Ep  422: len= 45 黑胜 loss=27.5894 temp=1.00 total_env_steps=19468 t=0.37s
Ep  423: len= 28 白胜 loss=27.7323 temp=1.00 total_env_steps=19496 t=0.28s
Ep  424: len= 25 黑胜 loss=28.0378 temp=1.00 total_env_steps=19521 t=0.25s
Ep  425: len= 65 黑胜 loss=27.7441 temp=1.00 total_env_steps=19586 t=0.45s
Ep  426: len= 35 黑胜 loss=28.0465 temp=1.00 total_env_steps=19621 t=0.29s
Ep  427: len= 41 黑胜 loss=27.6926 temp=1.00 total_env_steps=19662 t=0.33s
Ep  428: len= 39 黑胜 loss=27.5078 temp=1.00 total_env_steps=19701 t=0.32s
Ep  429: len= 53 黑胜 loss=27.8304 temp=1.00 total_env_steps=19754 t=0.41s
Ep  430: len= 29 黑胜 loss=27.9962 temp=1.00 total_env_steps=19783 t=0.26s
Ep  431: len= 46 白胜 loss=27.7631 temp=1.00 total_env_steps=19829 t=0.35s
Ep  432: len= 52 白胜 loss=27.5801 temp=1.00 total_env_steps=19881 t=0.38s
Ep  433: len= 50 白胜 loss=27.5540 temp=1.00 total_env_steps=19931 t=0.37s
Ep  434: len= 33 黑胜 loss=27.6702 temp=1.00 total_env_steps=19964 t=0.29s
Ep  435: len= 45 黑胜 loss=27.6756 temp=1.00 total_env_steps=20009 t=0.34s
Ep  436: len= 62 白胜 loss=27.9256 temp=1.00 total_env_steps=20071 t=0.42s
Ep  437: len= 58 白胜 loss=27.7422 temp=1.00 total_env_steps=20129 t=0.40s
Ep  438: len= 38 白胜 loss=27.6806 temp=1.00 total_env_steps=20167 t=0.31s
Ep  439: len= 53 黑胜 loss=27.6261 temp=1.00 total_env_steps=20220 t=0.38s
Ep  440: len= 60 白胜 loss=27.7260 temp=1.00 total_env_steps=20280 t=0.42s
Ep  441: len= 59 黑胜 loss=27.7321 temp=1.00 total_env_steps=20339 t=0.42s
Ep  442: len= 33 黑胜 loss=27.9352 temp=1.00 total_env_steps=20372 t=0.30s
Ep  443: len= 52 白胜 loss=27.6375 temp=1.00 total_env_steps=20424 t=0.38s
Ep  444: len= 44 白胜 loss=27.4459 temp=1.00 total_env_steps=20468 t=0.34s
Ep  445: len= 45 黑胜 loss=27.7945 temp=1.00 total_env_steps=20513 t=0.35s
Ep  446: len= 76 白胜 loss=27.6990 temp=1.00 total_env_steps=20589 t=0.52s
Ep  447: len= 28 白胜 loss=27.8822 temp=1.00 total_env_steps=20617 t=0.27s
Ep  448: len= 48 白胜 loss=27.6159 temp=1.00 total_env_steps=20665 t=0.46s
Ep  449: len= 41 黑胜 loss=27.7443 temp=1.00 total_env_steps=20706 t=0.45s
Ep  450: len= 38 白胜 loss=27.8303 temp=1.00 total_env_steps=20744 t=0.32s
Ep  451: len= 47 黑胜 loss=27.7673 temp=1.00 total_env_steps=20791 t=0.34s
Ep  452: len= 33 黑胜 loss=27.7493 temp=1.00 total_env_steps=20824 t=0.28s
Ep  453: len= 39 黑胜 loss=27.7058 temp=1.00 total_env_steps=20863 t=0.33s
Ep  454: len= 38 白胜 loss=27.8318 temp=1.00 total_env_steps=20901 t=0.30s
Ep  455: len= 53 黑胜 loss=27.6208 temp=1.00 total_env_steps=20954 t=0.36s
Ep  456: len= 38 白胜 loss=27.6702 temp=1.00 total_env_steps=20992 t=0.30s
Ep  457: len= 27 黑胜 loss=27.7760 temp=1.00 total_env_steps=21019 t=0.24s
Ep  458: len= 29 黑胜 loss=27.8103 temp=1.00 total_env_steps=21048 t=0.27s
Ep  459: len= 79 黑胜 loss=27.5457 temp=1.00 total_env_steps=21127 t=0.49s
Ep  460: len= 44 白胜 loss=27.9934 temp=1.00 total_env_steps=21171 t=0.33s
Ep  461: len= 31 黑胜 loss=27.5402 temp=1.00 total_env_steps=21202 t=0.27s
Ep  462: len= 46 白胜 loss=27.8088 temp=1.00 total_env_steps=21248 t=0.34s
Ep  463: len= 64 白胜 loss=27.8579 temp=1.00 total_env_steps=21312 t=0.43s
Ep  464: len= 26 白胜 loss=27.8945 temp=1.00 total_env_steps=21338 t=0.24s
Ep  465: len= 50 白胜 loss=27.8831 temp=1.00 total_env_steps=21388 t=0.36s
Ep  466: len= 28 白胜 loss=27.7978 temp=1.00 total_env_steps=21416 t=0.27s
Ep  467: len= 35 黑胜 loss=27.7092 temp=1.00 total_env_steps=21451 t=0.33s
Ep  468: len= 29 黑胜 loss=28.0831 temp=1.00 total_env_steps=21480 t=0.28s
Ep  469: len= 31 黑胜 loss=27.5249 temp=1.00 total_env_steps=21511 t=0.30s
Ep  470: len= 40 白胜 loss=27.3458 temp=1.00 total_env_steps=21551 t=0.34s
Ep  471: len= 31 黑胜 loss=27.4434 temp=1.00 total_env_steps=21582 t=0.30s
Ep  472: len= 35 黑胜 loss=27.3773 temp=1.00 total_env_steps=21617 t=0.29s
Ep  473: len= 29 黑胜 loss=27.7142 temp=1.00 total_env_steps=21646 t=0.25s
Ep  474: len= 36 白胜 loss=27.4425 temp=1.00 total_env_steps=21682 t=0.29s
Ep  475: len= 33 黑胜 loss=27.8723 temp=1.00 total_env_steps=21715 t=0.28s
Ep  476: len= 58 白胜 loss=27.5032 temp=1.00 total_env_steps=21773 t=0.43s
Ep  477: len= 79 黑胜 loss=27.7154 temp=1.00 total_env_steps=21852 t=0.54s
Ep  478: len= 24 白胜 loss=27.7189 temp=1.00 total_env_steps=21876 t=0.24s
Ep  479: len= 35 黑胜 loss=27.8260 temp=1.00 total_env_steps=21911 t=0.28s
Ep  480: len= 42 白胜 loss=27.7521 temp=1.00 total_env_steps=21953 t=0.31s
Ep  481: len= 33 黑胜 loss=27.6804 temp=1.00 total_env_steps=21986 t=0.27s
Ep  482: len= 46 白胜 loss=27.5945 temp=1.00 total_env_steps=22032 t=0.34s
Ep  483: len= 20 白胜 loss=27.5092 temp=1.00 total_env_steps=22052 t=0.22s
Ep  484: len= 38 白胜 loss=27.5254 temp=1.00 total_env_steps=22090 t=0.31s
Ep  485: len= 60 白胜 loss=27.7954 temp=1.00 total_env_steps=22150 t=0.42s
Ep  486: len= 41 黑胜 loss=27.7649 temp=1.00 total_env_steps=22191 t=0.32s
Ep  487: len= 54 白胜 loss=27.7395 temp=1.00 total_env_steps=22245 t=0.37s
Ep  488: len= 51 黑胜 loss=27.6410 temp=1.00 total_env_steps=22296 t=0.36s
Ep  489: len= 51 黑胜 loss=27.6092 temp=1.00 total_env_steps=22347 t=0.38s
Ep  490: len= 37 黑胜 loss=27.9663 temp=1.00 total_env_steps=22384 t=0.30s
Ep  491: len= 34 白胜 loss=27.8175 temp=1.00 total_env_steps=22418 t=0.28s
Ep  492: len= 51 黑胜 loss=27.7985 temp=1.00 total_env_steps=22469 t=0.36s
Ep  493: len= 33 黑胜 loss=27.6142 temp=1.00 total_env_steps=22502 t=0.29s
Ep  494: len= 40 白胜 loss=27.7854 temp=1.00 total_env_steps=22542 t=0.34s
Ep  495: len= 63 黑胜 loss=27.4997 temp=1.00 total_env_steps=22605 t=0.42s
Ep  496: len= 48 白胜 loss=27.8899 temp=1.00 total_env_steps=22653 t=0.34s
Ep  497: len= 54 白胜 loss=27.8956 temp=1.00 total_env_steps=22707 t=0.41s
Ep  498: len= 56 白胜 loss=27.7736 temp=1.00 total_env_steps=22763 t=0.43s
Ep  499: len= 28 白胜 loss=27.7236 temp=1.00 total_env_steps=22791 t=0.28s
Ep  500: len= 42 白胜 loss=27.6142 temp=1.00 total_env_steps=22833 t=0.35s
  eval vs Gomoku-random-v0: win_rate=1.00 mean_return=1.00（20 局，total_env_steps=22833）
  ✅ 达标 ep=500 total_env_steps=22833
Ep  501: len= 39 黑胜 loss=27.8285 temp=1.00 total_env_steps=22872 t=0.38s
Ep  502: len= 60 白胜 loss=27.6551 temp=1.00 total_env_steps=22932 t=0.50s
Ep  503: len= 54 白胜 loss=27.6582 temp=1.00 total_env_steps=22986 t=0.47s
Ep  504: len= 35 黑胜 loss=27.6927 temp=1.00 total_env_steps=23021 t=0.36s
Ep  505: len= 44 白胜 loss=27.4873 temp=1.00 total_env_steps=23065 t=0.41s
Ep  506: len= 41 黑胜 loss=27.7634 temp=1.00 total_env_steps=23106 t=0.40s
Ep  507: len= 53 黑胜 loss=27.6899 temp=1.00 total_env_steps=23159 t=0.52s
Ep  508: len= 35 黑胜 loss=27.5648 temp=1.00 total_env_steps=23194 t=0.42s
Ep  509: len= 34 白胜 loss=27.8158 temp=1.00 total_env_steps=23228 t=0.39s
Ep  510: len= 41 黑胜 loss=27.6714 temp=1.00 total_env_steps=23269 t=0.46s
Ep  511: len= 33 黑胜 loss=27.6295 temp=1.00 total_env_steps=23302 t=0.40s
Ep  512: len= 55 黑胜 loss=27.4940 temp=1.00 total_env_steps=23357 t=0.55s
Ep  513: len= 41 黑胜 loss=27.5325 temp=1.00 total_env_steps=23398 t=0.43s
Ep  514: len= 35 黑胜 loss=27.7445 temp=1.00 total_env_steps=23433 t=0.39s
Ep  515: len= 35 黑胜 loss=27.4965 temp=1.00 total_env_steps=23468 t=0.39s
Ep  516: len= 25 黑胜 loss=27.7636 temp=1.00 total_env_steps=23493 t=0.32s
Ep  517: len= 41 黑胜 loss=27.5918 temp=1.00 total_env_steps=23534 t=0.41s
Ep  518: len= 42 白胜 loss=27.7017 temp=1.00 total_env_steps=23576 t=0.43s
Ep  519: len= 47 黑胜 loss=27.5208 temp=1.00 total_env_steps=23623 t=0.55s
Ep  520: len= 57 黑胜 loss=27.7492 temp=1.00 total_env_steps=23680 t=0.67s
Ep  521: len= 36 白胜 loss=27.8871 temp=1.00 total_env_steps=23716 t=0.43s
Ep  522: len= 28 白胜 loss=27.8237 temp=1.00 total_env_steps=23744 t=0.39s
Ep  523: len= 51 黑胜 loss=27.6949 temp=1.00 total_env_steps=23795 t=0.60s
Ep  524: len= 44 白胜 loss=27.7795 temp=1.00 total_env_steps=23839 t=0.56s
Ep  525: len= 50 白胜 loss=27.6434 temp=1.00 total_env_steps=23889 t=0.69s
Ep  526: len= 51 黑胜 loss=27.5630 temp=1.00 total_env_steps=23940 t=0.64s
Ep  527: len= 64 白胜 loss=27.6184 temp=1.00 total_env_steps=24004 t=0.72s
Ep  528: len= 59 黑胜 loss=27.3287 temp=1.00 total_env_steps=24063 t=0.65s
Ep  529: len= 37 黑胜 loss=27.7012 temp=1.00 total_env_steps=24100 t=0.49s
Ep  530: len= 34 白胜 loss=27.3359 temp=1.00 total_env_steps=24134 t=0.46s
Ep  531: len= 45 黑胜 loss=27.5678 temp=1.00 total_env_steps=24179 t=0.55s
Ep  532: len= 50 白胜 loss=27.6350 temp=1.00 total_env_steps=24229 t=0.59s
Ep  533: len= 52 白胜 loss=27.7466 temp=1.00 total_env_steps=24281 t=0.60s
Ep  534: len= 42 白胜 loss=27.5699 temp=1.00 total_env_steps=24323 t=0.53s
Ep  535: len= 46 白胜 loss=27.7346 temp=1.00 total_env_steps=24369 t=0.54s
Ep  536: len= 49 黑胜 loss=27.4907 temp=1.00 total_env_steps=24418 t=0.58s
Ep  537: len= 32 白胜 loss=27.5463 temp=1.00 total_env_steps=24450 t=0.46s
Ep  538: len= 32 白胜 loss=27.7149 temp=1.00 total_env_steps=24482 t=0.49s
Ep  539: len= 38 白胜 loss=27.7327 temp=1.00 total_env_steps=24520 t=0.54s
Ep  540: len= 39 黑胜 loss=27.7803 temp=1.00 total_env_steps=24559 t=0.53s
Ep  541: len= 30 白胜 loss=27.3859 temp=1.00 total_env_steps=24589 t=0.47s
Ep  542: len= 34 白胜 loss=27.6648 temp=1.00 total_env_steps=24623 t=0.44s
Ep  543: len= 25 黑胜 loss=27.5381 temp=1.00 total_env_steps=24648 t=0.42s
Ep  544: len= 27 黑胜 loss=27.7933 temp=1.00 total_env_steps=24675 t=0.41s
Ep  545: len= 47 黑胜 loss=27.7369 temp=1.00 total_env_steps=24722 t=0.51s
Ep  546: len= 31 黑胜 loss=27.5511 temp=1.00 total_env_steps=24753 t=0.41s
Ep  547: len= 27 黑胜 loss=27.8157 temp=1.00 total_env_steps=24780 t=0.39s
Ep  548: len= 56 白胜 loss=27.4811 temp=1.00 total_env_steps=24836 t=0.60s
Ep  549: len= 55 黑胜 loss=27.4958 temp=1.00 total_env_steps=24891 t=0.60s
Ep  550: len= 41 黑胜 loss=27.5845 temp=1.00 total_env_steps=24932 t=0.47s
Ep  551: len= 33 黑胜 loss=27.7899 temp=1.00 total_env_steps=24965 t=0.41s
Ep  552: len= 31 黑胜 loss=27.6262 temp=1.00 total_env_steps=24996 t=0.41s
Ep  553: len= 35 黑胜 loss=27.4501 temp=1.00 total_env_steps=25031 t=0.43s
Ep  554: len= 43 黑胜 loss=27.5215 temp=1.00 total_env_steps=25074 t=0.48s
Ep  555: len= 56 白胜 loss=27.6942 temp=1.00 total_env_steps=25130 t=0.56s
Ep  556: len= 48 白胜 loss=27.5184 temp=1.00 total_env_steps=25178 t=0.52s
Ep  557: len= 39 黑胜 loss=27.4946 temp=1.00 total_env_steps=25217 t=0.44s
Ep  558: len= 36 白胜 loss=27.5867 temp=1.00 total_env_steps=25253 t=0.53s
Ep  559: len= 60 白胜 loss=27.4493 temp=1.00 total_env_steps=25313 t=0.61s
Ep  560: len= 55 黑胜 loss=27.6695 temp=1.00 total_env_steps=25368 t=0.57s
Ep  561: len= 35 黑胜 loss=27.6207 temp=1.00 total_env_steps=25403 t=0.45s
Ep  562: len= 62 白胜 loss=27.5508 temp=1.00 total_env_steps=25465 t=0.62s
Ep  563: len= 31 黑胜 loss=27.6011 temp=1.00 total_env_steps=25496 t=0.46s
Ep  564: len= 65 黑胜 loss=27.6448 temp=1.00 total_env_steps=25561 t=0.65s
Ep  565: len= 65 黑胜 loss=27.6905 temp=1.00 total_env_steps=25626 t=0.65s
Ep  566: len= 40 白胜 loss=27.4912 temp=1.00 total_env_steps=25666 t=0.47s
Ep  567: len= 39 黑胜 loss=27.5641 temp=1.00 total_env_steps=25705 t=0.47s
Ep  568: len= 58 白胜 loss=27.6245 temp=1.00 total_env_steps=25763 t=0.70s
Ep  569: len= 57 黑胜 loss=27.5932 temp=1.00 total_env_steps=25820 t=0.60s
Ep  570: len= 47 黑胜 loss=27.7840 temp=1.00 total_env_steps=25867 t=0.56s
Ep  571: len= 40 白胜 loss=27.5972 temp=1.00 total_env_steps=25907 t=0.50s
Ep  572: len= 57 黑胜 loss=27.6627 temp=1.00 total_env_steps=25964 t=0.61s
Ep  573: len= 35 黑胜 loss=27.6905 temp=1.00 total_env_steps=25999 t=0.46s
Ep  574: len= 59 黑胜 loss=27.5729 temp=1.00 total_env_steps=26058 t=0.62s
Ep  575: len= 37 黑胜 loss=27.5361 temp=1.00 total_env_steps=26095 t=0.48s
Ep  576: len= 30 白胜 loss=27.5602 temp=1.00 total_env_steps=26125 t=0.42s
Ep  577: len= 37 黑胜 loss=27.6043 temp=1.00 total_env_steps=26162 t=0.47s
Ep  578: len= 43 黑胜 loss=27.3755 temp=1.00 total_env_steps=26205 t=0.51s
Ep  579: len= 64 白胜 loss=27.6917 temp=1.00 total_env_steps=26269 t=0.60s
Ep  580: len= 27 黑胜 loss=27.6100 temp=1.00 total_env_steps=26296 t=0.40s
Ep  581: len= 53 黑胜 loss=27.6576 temp=1.00 total_env_steps=26349 t=0.54s
Ep  582: len= 54 白胜 loss=27.5177 temp=1.00 total_env_steps=26403 t=0.53s
Ep  583: len= 17 黑胜 loss=27.4537 temp=1.00 total_env_steps=26420 t=0.35s
Ep  584: len= 33 黑胜 loss=27.7281 temp=1.00 total_env_steps=26453 t=0.41s
Ep  585: len= 49 黑胜 loss=27.6562 temp=1.00 total_env_steps=26502 t=0.54s
Ep  586: len= 52 白胜 loss=27.6890 temp=1.00 total_env_steps=26554 t=0.55s
Ep  587: len= 40 白胜 loss=27.5753 temp=1.00 total_env_steps=26594 t=0.48s
Ep  588: len= 36 白胜 loss=27.6664 temp=1.00 total_env_steps=26630 t=0.45s
Ep  589: len= 68 白胜 loss=27.4905 temp=1.00 total_env_steps=26698 t=0.77s
Ep  590: len= 35 黑胜 loss=27.6265 temp=1.00 total_env_steps=26733 t=0.47s
Ep  591: len= 36 白胜 loss=27.6504 temp=1.00 total_env_steps=26769 t=0.46s
Ep  592: len= 43 黑胜 loss=27.4108 temp=1.00 total_env_steps=26812 t=0.51s
Ep  593: len= 42 白胜 loss=27.5779 temp=1.00 total_env_steps=26854 t=0.53s
Ep  594: len= 51 黑胜 loss=27.6684 temp=1.00 total_env_steps=26905 t=0.56s
Ep  595: len= 36 白胜 loss=27.8632 temp=1.00 total_env_steps=26941 t=0.45s
Ep  596: len= 45 黑胜 loss=27.5204 temp=1.00 total_env_steps=26986 t=0.51s
Ep  597: len= 36 白胜 loss=27.5811 temp=1.00 total_env_steps=27022 t=0.57s
Ep  598: len= 39 黑胜 loss=27.7637 temp=1.00 total_env_steps=27061 t=0.44s
Ep  599: len= 63 黑胜 loss=27.6409 temp=1.00 total_env_steps=27124 t=0.68s
Ep  600: len= 45 黑胜 loss=27.5207 temp=1.00 total_env_steps=27169 t=0.52s
Ep  601: len= 42 白胜 loss=27.5979 temp=1.00 total_env_steps=27211 t=0.46s
Ep  602: len= 41 黑胜 loss=27.8300 temp=1.00 total_env_steps=27252 t=0.48s
Ep  603: len= 44 白胜 loss=27.6703 temp=1.00 total_env_steps=27296 t=0.53s
Ep  604: len= 55 黑胜 loss=27.7859 temp=1.00 total_env_steps=27351 t=0.63s
Ep  605: len= 36 白胜 loss=27.4832 temp=1.00 total_env_steps=27387 t=0.46s
Ep  606: len= 50 白胜 loss=27.3871 temp=1.00 total_env_steps=27437 t=0.63s
Ep  607: len= 53 黑胜 loss=27.2368 temp=1.00 total_env_steps=27490 t=0.58s
Ep  608: len= 32 白胜 loss=27.2272 temp=1.00 total_env_steps=27522 t=0.41s
Ep  609: len= 37 黑胜 loss=27.7365 temp=1.00 total_env_steps=27559 t=0.44s
Ep  610: len= 52 白胜 loss=27.5686 temp=1.00 total_env_steps=27611 t=0.64s
Ep  611: len= 35 黑胜 loss=27.6102 temp=1.00 total_env_steps=27646 t=0.47s
Ep  612: len= 43 黑胜 loss=27.6978 temp=1.00 total_env_steps=27689 t=0.55s
Ep  613: len= 75 黑胜 loss=27.6175 temp=1.00 total_env_steps=27764 t=0.82s
Ep  614: len= 14 白胜 loss=27.5464 temp=1.00 total_env_steps=27778 t=0.31s
Ep  615: len= 73 黑胜 loss=27.4461 temp=1.00 total_env_steps=27851 t=0.74s
Ep  616: len= 33 黑胜 loss=27.5783 temp=1.00 total_env_steps=27884 t=0.44s
Ep  617: len= 53 黑胜 loss=27.5803 temp=1.00 total_env_steps=27937 t=0.55s
Ep  618: len= 61 黑胜 loss=27.8463 temp=1.00 total_env_steps=27998 t=0.61s
Ep  619: len= 37 黑胜 loss=27.3801 temp=1.00 total_env_steps=28035 t=0.55s
Ep  620: len= 37 黑胜 loss=27.6915 temp=1.00 total_env_steps=28072 t=0.46s
Ep  621: len= 62 白胜 loss=27.7342 temp=1.00 total_env_steps=28134 t=0.64s
Ep  622: len= 48 白胜 loss=27.4752 temp=1.00 total_env_steps=28182 t=0.54s
Ep  623: len= 53 黑胜 loss=27.2426 temp=1.00 total_env_steps=28235 t=0.56s
Ep  624: len= 58 白胜 loss=27.4814 temp=1.00 total_env_steps=28293 t=0.64s
Ep  625: len= 65 黑胜 loss=27.6675 temp=1.00 total_env_steps=28358 t=0.67s
Ep  626: len= 51 黑胜 loss=27.4795 temp=1.00 total_env_steps=28409 t=0.56s
Ep  627: len= 61 黑胜 loss=27.6998 temp=1.00 total_env_steps=28470 t=0.65s
Ep  628: len= 42 白胜 loss=27.5585 temp=1.00 total_env_steps=28512 t=0.47s
Ep  629: len= 46 白胜 loss=27.7433 temp=1.00 total_env_steps=28558 t=0.52s
Ep  630: len= 39 黑胜 loss=27.7139 temp=1.00 total_env_steps=28597 t=0.48s
Ep  631: len= 31 黑胜 loss=27.7341 temp=1.00 total_env_steps=28628 t=0.46s
Ep  632: len= 37 黑胜 loss=27.6377 temp=1.00 total_env_steps=28665 t=0.47s
Ep  633: len= 39 黑胜 loss=27.6079 temp=1.00 total_env_steps=28704 t=0.50s
Ep  634: len= 55 黑胜 loss=27.4174 temp=1.00 total_env_steps=28759 t=0.60s
Ep  635: len= 54 白胜 loss=27.6234 temp=1.00 total_env_steps=28813 t=0.64s
Ep  636: len= 48 白胜 loss=27.5582 temp=1.00 total_env_steps=28861 t=0.54s
Ep  637: len= 60 白胜 loss=27.4378 temp=1.00 total_env_steps=28921 t=0.69s
Ep  638: len= 47 黑胜 loss=27.5519 temp=1.00 total_env_steps=28968 t=0.49s
Ep  639: len= 47 黑胜 loss=27.6462 temp=1.00 total_env_steps=29015 t=0.57s
Ep  640: len= 43 黑胜 loss=27.4563 temp=1.00 total_env_steps=29058 t=0.53s
Ep  641: len= 37 黑胜 loss=27.4957 temp=1.00 total_env_steps=29095 t=0.46s
Ep  642: len= 47 黑胜 loss=27.6353 temp=1.00 total_env_steps=29142 t=0.57s
Ep  643: len= 30 白胜 loss=27.7996 temp=1.00 total_env_steps=29172 t=0.43s
Ep  644: len= 30 白胜 loss=27.3552 temp=1.00 total_env_steps=29202 t=0.45s
Ep  645: len= 21 黑胜 loss=27.6439 temp=1.00 total_env_steps=29223 t=0.35s
Ep  646: len= 48 白胜 loss=27.5812 temp=1.00 total_env_steps=29271 t=0.58s
Ep  647: len= 32 白胜 loss=27.5194 temp=1.00 total_env_steps=29303 t=0.46s
Ep  648: len= 41 黑胜 loss=27.4158 temp=1.00 total_env_steps=29344 t=0.50s
Ep  649: len= 66 白胜 loss=27.6104 temp=1.00 total_env_steps=29410 t=0.63s
Ep  650: len= 34 白胜 loss=27.6457 temp=1.00 total_env_steps=29444 t=0.42s
Ep  651: len= 42 白胜 loss=27.5291 temp=1.00 total_env_steps=29486 t=0.46s
Ep  652: len= 26 白胜 loss=27.5340 temp=1.00 total_env_steps=29512 t=0.37s
Ep  653: len= 49 黑胜 loss=27.3057 temp=1.00 total_env_steps=29561 t=0.56s
Ep  654: len= 32 白胜 loss=27.5329 temp=1.00 total_env_steps=29593 t=0.40s
Ep  655: len= 35 黑胜 loss=27.3996 temp=1.00 total_env_steps=29628 t=0.44s
Ep  656: len= 42 白胜 loss=27.6874 temp=1.00 total_env_steps=29670 t=0.46s
Ep  657: len= 41 黑胜 loss=27.6758 temp=1.00 total_env_steps=29711 t=0.50s
Ep  658: len= 41 黑胜 loss=27.6485 temp=1.00 total_env_steps=29752 t=0.52s
Ep  659: len= 44 白胜 loss=27.6368 temp=1.00 total_env_steps=29796 t=0.52s
Ep  660: len= 32 白胜 loss=27.5163 temp=1.00 total_env_steps=29828 t=0.41s
Ep  661: len= 44 白胜 loss=27.4429 temp=1.00 total_env_steps=29872 t=0.47s
Ep  662: len= 39 黑胜 loss=27.5781 temp=1.00 total_env_steps=29911 t=0.48s
Ep  663: len= 42 白胜 loss=27.6751 temp=1.00 total_env_steps=29953 t=0.53s
Ep  664: len= 23 黑胜 loss=27.3946 temp=1.00 total_env_steps=29976 t=0.35s
Ep  665: len= 53 黑胜 loss=27.5175 temp=1.00 total_env_steps=30029 t=0.57s
Ep  666: len= 37 黑胜 loss=27.7762 temp=1.00 total_env_steps=30066 t=0.49s
Ep  667: len= 39 黑胜 loss=27.4193 temp=1.00 total_env_steps=30105 t=0.49s
Ep  668: len= 52 白胜 loss=27.5844 temp=1.00 total_env_steps=30157 t=0.59s
Ep  669: len= 45 黑胜 loss=27.6124 temp=1.00 total_env_steps=30202 t=0.50s
Ep  670: len= 65 黑胜 loss=27.6174 temp=1.00 total_env_steps=30267 t=0.73s
Ep  671: len= 49 黑胜 loss=27.8321 temp=1.00 total_env_steps=30316 t=0.63s
Ep  672: len= 53 黑胜 loss=27.6475 temp=1.00 total_env_steps=30369 t=0.71s
Ep  673: len= 31 黑胜 loss=27.3990 temp=1.00 total_env_steps=30400 t=0.42s
Ep  674: len= 39 黑胜 loss=27.5536 temp=1.00 total_env_steps=30439 t=0.45s
Ep  675: len= 23 黑胜 loss=27.5150 temp=1.00 total_env_steps=30462 t=0.34s
Ep  676: len= 26 白胜 loss=27.4675 temp=1.00 total_env_steps=30488 t=0.39s
Ep  677: len= 36 白胜 loss=27.5737 temp=1.00 total_env_steps=30524 t=0.43s
Ep  678: len= 37 黑胜 loss=27.6327 temp=1.00 total_env_steps=30561 t=0.44s
Ep  679: len= 33 黑胜 loss=27.5369 temp=1.00 total_env_steps=30594 t=0.41s
Ep  680: len= 38 白胜 loss=27.4382 temp=1.00 total_env_steps=30632 t=0.45s
Ep  681: len= 38 白胜 loss=27.6896 temp=1.00 total_env_steps=30670 t=0.46s
Ep  682: len= 46 白胜 loss=27.5064 temp=1.00 total_env_steps=30716 t=0.51s
Ep  683: len= 46 白胜 loss=27.6871 temp=1.00 total_env_steps=30762 t=0.54s
Ep  684: len= 14 白胜 loss=27.5824 temp=1.00 total_env_steps=30776 t=0.31s
Ep  685: len= 32 白胜 loss=27.4457 temp=1.00 total_env_steps=30808 t=0.42s
Ep  686: len= 37 黑胜 loss=27.5090 temp=1.00 total_env_steps=30845 t=0.41s
Ep  687: len= 50 白胜 loss=27.5624 temp=1.00 total_env_steps=30895 t=0.54s
Ep  688: len= 41 黑胜 loss=27.5239 temp=1.00 total_env_steps=30936 t=0.50s
Ep  689: len= 43 黑胜 loss=27.5256 temp=1.00 total_env_steps=30979 t=0.53s
Ep  690: len= 38 白胜 loss=27.3889 temp=1.00 total_env_steps=31017 t=0.45s
Ep  691: len= 72 白胜 loss=27.7024 temp=1.00 total_env_steps=31089 t=0.68s
Ep  692: len= 47 黑胜 loss=27.5155 temp=1.00 total_env_steps=31136 t=0.57s
Ep  693: len= 34 白胜 loss=27.6920 temp=1.00 total_env_steps=31170 t=0.47s
Ep  694: len= 45 黑胜 loss=27.3002 temp=1.00 total_env_steps=31215 t=0.74s
Ep  695: len= 51 黑胜 loss=27.2483 temp=1.00 total_env_steps=31266 t=0.60s
Ep  696: len= 34 白胜 loss=27.4155 temp=1.00 total_env_steps=31300 t=0.45s
Ep  697: len= 46 白胜 loss=27.3948 temp=1.00 total_env_steps=31346 t=0.48s
Ep  698: len= 33 黑胜 loss=27.4618 temp=1.00 total_env_steps=31379 t=0.41s
Ep  699: len= 32 白胜 loss=27.6784 temp=1.00 total_env_steps=31411 t=0.40s
Ep  700: len= 53 黑胜 loss=27.3246 temp=1.00 total_env_steps=31464 t=0.59s
Ep  701: len= 37 黑胜 loss=27.4813 temp=1.00 total_env_steps=31501 t=0.46s
Ep  702: len= 41 黑胜 loss=27.5346 temp=1.00 total_env_steps=31542 t=0.50s
Ep  703: len= 46 白胜 loss=27.3721 temp=1.00 total_env_steps=31588 t=0.51s
Ep  704: len= 21 黑胜 loss=27.3574 temp=1.00 total_env_steps=31609 t=0.36s
Ep  705: len= 51 黑胜 loss=27.2823 temp=1.00 total_env_steps=31660 t=0.54s
Ep  706: len= 25 黑胜 loss=27.5865 temp=1.00 total_env_steps=31685 t=0.36s
Ep  707: len= 58 白胜 loss=27.4715 temp=1.00 total_env_steps=31743 t=0.63s
Ep  708: len= 57 黑胜 loss=27.4109 temp=1.00 total_env_steps=31800 t=0.62s
Ep  709: len= 48 白胜 loss=27.5511 temp=1.00 total_env_steps=31848 t=0.54s
Ep  710: len= 40 白胜 loss=27.6803 temp=1.00 total_env_steps=31888 t=0.51s
Ep  711: len= 52 白胜 loss=27.5254 temp=1.00 total_env_steps=31940 t=0.57s
Ep  712: len= 30 白胜 loss=27.5207 temp=1.00 total_env_steps=31970 t=0.39s
Ep  713: len= 41 黑胜 loss=27.4410 temp=1.00 total_env_steps=32011 t=0.47s
Ep  714: len= 42 白胜 loss=27.5907 temp=1.00 total_env_steps=32053 t=0.50s
Ep  715: len= 41 黑胜 loss=27.4527 temp=1.00 total_env_steps=32094 t=0.50s
Ep  716: len= 41 黑胜 loss=27.5837 temp=1.00 total_env_steps=32135 t=0.47s
Ep  717: len= 41 黑胜 loss=27.4324 temp=1.00 total_env_steps=32176 t=0.50s
Ep  718: len= 58 白胜 loss=27.3130 temp=1.00 total_env_steps=32234 t=0.65s
Ep  719: len= 37 黑胜 loss=27.7541 temp=1.00 total_env_steps=32271 t=0.47s
Ep  720: len= 18 白胜 loss=27.4837 temp=1.00 total_env_steps=32289 t=0.34s
Ep  721: len= 51 黑胜 loss=27.2814 temp=1.00 total_env_steps=32340 t=0.69s
Ep  722: len= 35 黑胜 loss=27.4871 temp=1.00 total_env_steps=32375 t=0.47s
Ep  723: len= 25 黑胜 loss=27.5416 temp=1.00 total_env_steps=32400 t=0.40s
Ep  724: len= 41 黑胜 loss=27.3602 temp=1.00 total_env_steps=32441 t=0.50s
Ep  725: len= 37 黑胜 loss=27.3219 temp=1.00 total_env_steps=32478 t=0.64s
Ep  726: len= 40 白胜 loss=27.5895 temp=1.00 total_env_steps=32518 t=0.54s
Ep  727: len= 65 黑胜 loss=27.2303 temp=1.00 total_env_steps=32583 t=0.72s
Ep  728: len= 37 黑胜 loss=27.5630 temp=1.00 total_env_steps=32620 t=0.48s
Ep  729: len= 36 白胜 loss=27.5267 temp=1.00 total_env_steps=32656 t=0.45s
Ep  730: len= 52 白胜 loss=27.5918 temp=1.00 total_env_steps=32708 t=0.61s
Ep  731: len= 31 黑胜 loss=27.4078 temp=1.00 total_env_steps=32739 t=0.47s
Ep  732: len= 49 黑胜 loss=27.4603 temp=1.00 total_env_steps=32788 t=0.73s
Ep  733: len= 39 黑胜 loss=27.6472 temp=1.00 total_env_steps=32827 t=0.53s
Ep  734: len= 38 白胜 loss=27.4716 temp=1.00 total_env_steps=32865 t=0.50s
Ep  735: len= 32 白胜 loss=27.2480 temp=1.00 total_env_steps=32897 t=0.45s
Ep  736: len= 50 白胜 loss=27.2881 temp=1.00 total_env_steps=32947 t=0.55s
Ep  737: len= 56 白胜 loss=27.4421 temp=1.00 total_env_steps=33003 t=0.66s
Ep  738: len= 42 白胜 loss=27.8418 temp=1.00 total_env_steps=33045 t=0.51s
Ep  739: len= 42 白胜 loss=27.6096 temp=1.00 total_env_steps=33087 t=0.51s
Ep  740: len= 41 黑胜 loss=27.4132 temp=1.00 total_env_steps=33128 t=0.54s
Ep  741: len= 31 黑胜 loss=27.5029 temp=1.00 total_env_steps=33159 t=0.43s
Ep  742: len= 37 黑胜 loss=27.4289 temp=1.00 total_env_steps=33196 t=0.53s
Ep  743: len= 29 黑胜 loss=27.6847 temp=1.00 total_env_steps=33225 t=0.43s
Ep  744: len= 25 黑胜 loss=27.5088 temp=1.00 total_env_steps=33250 t=0.40s
Ep  745: len= 56 白胜 loss=27.7421 temp=1.00 total_env_steps=33306 t=0.59s
Ep  746: len= 71 黑胜 loss=27.4726 temp=1.00 total_env_steps=33377 t=0.67s
Ep  747: len= 34 白胜 loss=27.3968 temp=1.00 total_env_steps=33411 t=0.46s
Ep  748: len= 31 黑胜 loss=27.4373 temp=1.00 total_env_steps=33442 t=0.41s
Ep  749: len= 39 黑胜 loss=27.4031 temp=1.00 total_env_steps=33481 t=0.48s
Ep  750: len= 43 黑胜 loss=27.1110 temp=1.00 total_env_steps=33524 t=0.48s
Ep  751: len= 45 黑胜 loss=27.6408 temp=1.00 total_env_steps=33569 t=0.51s
Ep  752: len= 39 黑胜 loss=27.4139 temp=1.00 total_env_steps=33608 t=0.50s
Ep  753: len= 34 白胜 loss=27.4213 temp=1.00 total_env_steps=33642 t=0.48s
Ep  754: len= 36 白胜 loss=27.3503 temp=1.00 total_env_steps=33678 t=0.49s
Ep  755: len= 43 黑胜 loss=27.3709 temp=1.00 total_env_steps=33721 t=0.48s
Ep  756: len= 79 黑胜 loss=27.6502 temp=1.00 total_env_steps=33800 t=0.75s
Ep  757: len= 39 黑胜 loss=27.5106 temp=1.00 total_env_steps=33839 t=0.46s
Ep  758: len= 31 黑胜 loss=27.7171 temp=1.00 total_env_steps=33870 t=0.49s
Ep  759: len= 37 黑胜 loss=27.5230 temp=1.00 total_env_steps=33907 t=0.49s
Ep  760: len= 44 白胜 loss=27.6455 temp=1.00 total_env_steps=33951 t=0.57s
Ep  761: len= 48 白胜 loss=27.5221 temp=1.00 total_env_steps=33999 t=0.60s
Ep  762: len= 66 白胜 loss=27.3591 temp=1.00 total_env_steps=34065 t=0.74s
Ep  763: len= 56 白胜 loss=27.8328 temp=1.00 total_env_steps=34121 t=0.65s
Ep  764: len= 33 黑胜 loss=27.3769 temp=1.00 total_env_steps=34154 t=0.44s
Ep  765: len= 32 白胜 loss=27.3765 temp=1.00 total_env_steps=34186 t=0.45s
Ep  766: len= 25 黑胜 loss=27.2912 temp=1.00 total_env_steps=34211 t=0.39s
Ep  767: len= 45 黑胜 loss=27.5684 temp=1.00 total_env_steps=34256 t=0.54s
Ep  768: len= 33 黑胜 loss=27.4732 temp=1.00 total_env_steps=34289 t=0.45s
Ep  769: len= 41 黑胜 loss=27.5633 temp=1.00 total_env_steps=34330 t=0.49s
Ep  770: len= 41 黑胜 loss=27.4992 temp=1.00 total_env_steps=34371 t=0.52s
Ep  771: len= 31 黑胜 loss=27.5684 temp=1.00 total_env_steps=34402 t=0.47s
Ep  772: len= 67 黑胜 loss=27.4139 temp=1.00 total_env_steps=34469 t=0.73s
Ep  773: len= 37 黑胜 loss=27.4838 temp=1.00 total_env_steps=34506 t=0.49s
Ep  774: len= 55 黑胜 loss=27.3603 temp=1.00 total_env_steps=34561 t=0.59s
Ep  775: len= 32 白胜 loss=27.5440 temp=1.00 total_env_steps=34593 t=0.44s
Ep  776: len= 17 黑胜 loss=27.6570 temp=1.00 total_env_steps=34610 t=0.38s
Ep  777: len= 23 黑胜 loss=27.7187 temp=1.00 total_env_steps=34633 t=0.38s
Ep  778: len= 31 黑胜 loss=27.5000 temp=1.00 total_env_steps=34664 t=0.44s
Ep  779: len= 30 白胜 loss=27.5620 temp=1.00 total_env_steps=34694 t=0.53s
Ep  780: len= 42 白胜 loss=27.3722 temp=1.00 total_env_steps=34736 t=0.61s
Ep  781: len= 31 黑胜 loss=27.3640 temp=1.00 total_env_steps=34767 t=0.58s
Ep  782: len= 47 黑胜 loss=27.4310 temp=1.00 total_env_steps=34814 t=0.55s
Ep  783: len= 45 黑胜 loss=27.6657 temp=1.00 total_env_steps=34859 t=0.52s
Ep  784: len= 29 黑胜 loss=27.5519 temp=1.00 total_env_steps=34888 t=0.43s
Ep  785: len= 55 黑胜 loss=27.5184 temp=1.00 total_env_steps=34943 t=0.65s
Ep  786: len= 36 白胜 loss=27.4194 temp=1.00 total_env_steps=34979 t=0.51s
Ep  787: len= 23 黑胜 loss=27.5074 temp=1.00 total_env_steps=35002 t=0.40s
Ep  788: len= 49 黑胜 loss=27.2991 temp=1.00 total_env_steps=35051 t=0.56s
Ep  789: len= 43 黑胜 loss=27.4805 temp=1.00 total_env_steps=35094 t=0.52s
Ep  790: len= 35 黑胜 loss=27.4835 temp=1.00 total_env_steps=35129 t=0.50s
Ep  791: len= 41 黑胜 loss=27.4029 temp=1.00 total_env_steps=35170 t=0.56s
Ep  792: len= 38 白胜 loss=27.3841 temp=1.00 total_env_steps=35208 t=0.46s
Ep  793: len= 53 黑胜 loss=27.4998 temp=1.00 total_env_steps=35261 t=0.63s
Ep  794: len= 41 黑胜 loss=27.6160 temp=1.00 total_env_steps=35302 t=0.49s
Ep  795: len= 44 白胜 loss=27.1605 temp=1.00 total_env_steps=35346 t=0.68s
Ep  796: len= 31 黑胜 loss=27.4911 temp=1.00 total_env_steps=35377 t=0.45s
Ep  797: len= 24 白胜 loss=27.7400 temp=1.00 total_env_steps=35401 t=0.41s
Ep  798: len= 33 黑胜 loss=27.3377 temp=1.00 total_env_steps=35434 t=0.48s
Ep  799: len= 16 白胜 loss=27.5584 temp=1.00 total_env_steps=35450 t=0.33s
Ep  800: len= 30 白胜 loss=27.3876 temp=1.00 total_env_steps=35480 t=0.46s
Ep  801: len= 37 黑胜 loss=27.2587 temp=1.00 total_env_steps=35517 t=0.46s
Ep  802: len= 49 黑胜 loss=27.5715 temp=1.00 total_env_steps=35566 t=0.52s
Ep  803: len= 40 白胜 loss=27.5419 temp=1.00 total_env_steps=35606 t=0.47s
Ep  804: len= 47 黑胜 loss=27.4023 temp=1.00 total_env_steps=35653 t=0.59s
Ep  805: len= 31 黑胜 loss=27.4176 temp=1.00 total_env_steps=35684 t=0.47s
Ep  806: len= 64 白胜 loss=27.1905 temp=1.00 total_env_steps=35748 t=0.68s
Ep  807: len= 36 白胜 loss=27.2921 temp=1.00 total_env_steps=35784 t=0.45s
Ep  808: len= 41 黑胜 loss=27.2548 temp=1.00 total_env_steps=35825 t=0.55s
Ep  809: len= 38 白胜 loss=27.2635 temp=1.00 total_env_steps=35863 t=0.49s
Ep  810: len= 33 黑胜 loss=27.6712 temp=1.00 total_env_steps=35896 t=0.51s
Ep  811: len= 36 白胜 loss=27.3333 temp=1.00 total_env_steps=35932 t=0.48s
Ep  812: len= 44 白胜 loss=27.3046 temp=1.00 total_env_steps=35976 t=0.56s
Ep  813: len= 53 黑胜 loss=27.3233 temp=1.00 total_env_steps=36029 t=0.57s
Ep  814: len= 42 白胜 loss=27.6658 temp=1.00 total_env_steps=36071 t=0.51s
Ep  815: len= 25 黑胜 loss=27.2122 temp=1.00 total_env_steps=36096 t=0.36s
Ep  816: len= 43 黑胜 loss=27.3261 temp=1.00 total_env_steps=36139 t=0.51s
Ep  817: len= 38 白胜 loss=27.1578 temp=1.00 total_env_steps=36177 t=0.48s
Ep  818: len= 26 白胜 loss=27.3045 temp=1.00 total_env_steps=36203 t=0.41s
Ep  819: len= 44 白胜 loss=27.4910 temp=1.00 total_env_steps=36247 t=0.51s
Ep  820: len= 57 黑胜 loss=27.3105 temp=1.00 total_env_steps=36304 t=0.59s
Ep  821: len= 16 白胜 loss=27.2910 temp=1.00 total_env_steps=36320 t=0.33s
Ep  822: len= 38 白胜 loss=27.5205 temp=1.00 total_env_steps=36358 t=0.47s
Ep  823: len= 39 黑胜 loss=27.6540 temp=1.00 total_env_steps=36397 t=0.48s
Ep  824: len= 43 黑胜 loss=27.3203 temp=1.00 total_env_steps=36440 t=0.53s
Ep  825: len= 30 白胜 loss=27.4536 temp=1.00 total_env_steps=36470 t=0.43s
Ep  826: len= 55 黑胜 loss=27.2535 temp=1.00 total_env_steps=36525 t=0.58s
Ep  827: len= 48 白胜 loss=27.4581 temp=1.00 total_env_steps=36573 t=0.53s
Ep  828: len= 36 白胜 loss=27.5916 temp=1.00 total_env_steps=36609 t=0.44s
Ep  829: len= 58 白胜 loss=27.5538 temp=1.00 total_env_steps=36667 t=0.60s
Ep  830: len= 64 白胜 loss=27.3103 temp=1.00 total_env_steps=36731 t=0.63s
Ep  831: len= 42 白胜 loss=27.5909 temp=1.00 total_env_steps=36773 t=0.49s
Ep  832: len= 35 黑胜 loss=27.5791 temp=1.00 total_env_steps=36808 t=0.48s
Ep  833: len= 57 黑胜 loss=27.4758 temp=1.00 total_env_steps=36865 t=0.64s
Ep  834: len= 33 黑胜 loss=27.3933 temp=1.00 total_env_steps=36898 t=0.42s
Ep  835: len= 56 白胜 loss=27.5062 temp=1.00 total_env_steps=36954 t=0.57s
Ep  836: len= 27 黑胜 loss=27.6378 temp=1.00 total_env_steps=36981 t=0.41s
Ep  837: len= 52 白胜 loss=27.3998 temp=1.00 total_env_steps=37033 t=0.59s
Ep  838: len= 34 白胜 loss=27.1886 temp=1.00 total_env_steps=37067 t=0.47s
Ep  839: len= 60 白胜 loss=27.4975 temp=1.00 total_env_steps=37127 t=0.66s
Ep  840: len= 37 黑胜 loss=27.4951 temp=1.00 total_env_steps=37164 t=0.51s
Ep  841: len= 40 白胜 loss=27.4174 temp=1.00 total_env_steps=37204 t=0.55s
Ep  842: len= 52 白胜 loss=27.3504 temp=1.00 total_env_steps=37256 t=0.69s
Ep  843: len= 26 白胜 loss=27.2990 temp=1.00 total_env_steps=37282 t=0.39s
Ep  844: len= 41 黑胜 loss=27.5131 temp=1.00 total_env_steps=37323 t=0.53s
Ep  845: len= 45 黑胜 loss=27.1670 temp=1.00 total_env_steps=37368 t=0.58s
Ep  846: len= 48 白胜 loss=27.2601 temp=1.00 total_env_steps=37416 t=0.58s
Ep  847: len= 35 黑胜 loss=27.2258 temp=1.00 total_env_steps=37451 t=0.43s
Ep  848: len= 24 白胜 loss=27.3389 temp=1.00 total_env_steps=37475 t=0.39s
Ep  849: len= 45 黑胜 loss=27.3432 temp=1.00 total_env_steps=37520 t=0.53s
Ep  850: len= 45 黑胜 loss=27.1747 temp=1.00 total_env_steps=37565 t=0.61s
Ep  851: len= 38 白胜 loss=27.2052 temp=1.00 total_env_steps=37603 t=0.47s
Ep  852: len= 71 黑胜 loss=27.2620 temp=1.00 total_env_steps=37674 t=0.76s
Ep  853: len= 35 黑胜 loss=27.6419 temp=1.00 total_env_steps=37709 t=0.47s
Ep  854: len= 23 黑胜 loss=27.3691 temp=1.00 total_env_steps=37732 t=0.38s
Ep  855: len= 38 白胜 loss=27.0502 temp=1.00 total_env_steps=37770 t=0.58s
Ep  856: len= 46 白胜 loss=27.2588 temp=1.00 total_env_steps=37816 t=0.58s
Ep  857: len= 47 黑胜 loss=27.3253 temp=1.00 total_env_steps=37863 t=0.57s
Ep  858: len= 46 白胜 loss=27.5123 temp=1.00 total_env_steps=37909 t=0.58s
Ep  859: len= 43 黑胜 loss=27.4254 temp=1.00 total_env_steps=37952 t=0.52s
Ep  860: len= 41 黑胜 loss=27.3955 temp=1.00 total_env_steps=37993 t=0.49s
Ep  861: len= 30 白胜 loss=27.2749 temp=1.00 total_env_steps=38023 t=0.41s
Ep  862: len= 46 白胜 loss=27.1904 temp=1.00 total_env_steps=38069 t=0.52s
Ep  863: len= 33 黑胜 loss=27.2298 temp=1.00 total_env_steps=38102 t=0.43s
Ep  864: len= 35 黑胜 loss=27.0063 temp=1.00 total_env_steps=38137 t=0.51s
Ep  865: len= 28 白胜 loss=27.5785 temp=1.00 total_env_steps=38165 t=0.39s
Ep  866: len= 29 黑胜 loss=27.3106 temp=1.00 total_env_steps=38194 t=0.42s
Ep  867: len= 46 白胜 loss=27.1480 temp=1.00 total_env_steps=38240 t=0.52s
Ep  868: len= 50 白胜 loss=27.4199 temp=1.00 total_env_steps=38290 t=0.56s
Ep  869: len= 24 白胜 loss=27.1485 temp=1.00 total_env_steps=38314 t=0.41s
Ep  870: len= 26 白胜 loss=27.3244 temp=1.00 total_env_steps=38340 t=0.39s
Ep  871: len= 51 黑胜 loss=27.4761 temp=1.00 total_env_steps=38391 t=0.60s
Ep  872: len= 46 白胜 loss=27.1075 temp=1.00 total_env_steps=38437 t=0.57s
Ep  873: len= 36 白胜 loss=27.6503 temp=1.00 total_env_steps=38473 t=0.46s
Ep  874: len= 36 白胜 loss=27.4795 temp=1.00 total_env_steps=38509 t=0.47s
Ep  875: len= 60 白胜 loss=27.2002 temp=1.00 total_env_steps=38569 t=0.65s
Ep  876: len= 39 黑胜 loss=27.2674 temp=1.00 total_env_steps=38608 t=0.53s
Ep  877: len= 26 白胜 loss=27.2498 temp=1.00 total_env_steps=38634 t=0.45s
Ep  878: len= 57 黑胜 loss=27.3092 temp=1.00 total_env_steps=38691 t=0.69s
Ep  879: len= 47 黑胜 loss=27.3605 temp=1.00 total_env_steps=38738 t=0.57s
Ep  880: len= 25 黑胜 loss=27.0675 temp=1.00 total_env_steps=38763 t=0.47s
Ep  881: len= 53 黑胜 loss=27.3828 temp=1.00 total_env_steps=38816 t=0.62s
Ep  882: len= 49 黑胜 loss=27.1271 temp=1.00 total_env_steps=38865 t=0.58s
Ep  883: len= 35 黑胜 loss=27.0409 temp=1.00 total_env_steps=38900 t=0.50s
Ep  884: len= 32 白胜 loss=27.2385 temp=1.00 total_env_steps=38932 t=0.45s
Ep  885: len= 52 白胜 loss=27.2611 temp=1.00 total_env_steps=38984 t=0.65s
Ep  886: len= 53 黑胜 loss=27.4317 temp=1.00 total_env_steps=39037 t=0.66s
Ep  887: len= 18 白胜 loss=27.1970 temp=1.00 total_env_steps=39055 t=0.38s
Ep  888: len= 62 白胜 loss=27.2942 temp=1.00 total_env_steps=39117 t=0.80s
Ep  889: len= 35 黑胜 loss=27.1392 temp=1.00 total_env_steps=39152 t=0.50s
Ep  890: len= 56 白胜 loss=27.4622 temp=1.00 total_env_steps=39208 t=0.73s
Ep  891: len= 49 黑胜 loss=27.5107 temp=1.00 total_env_steps=39257 t=0.62s
Ep  892: len= 39 黑胜 loss=27.5687 temp=1.00 total_env_steps=39296 t=0.54s
Ep  893: len= 47 黑胜 loss=27.3609 temp=1.00 total_env_steps=39343 t=0.56s
Ep  894: len= 61 黑胜 loss=27.2620 temp=1.00 total_env_steps=39404 t=0.65s
Ep  895: len= 54 白胜 loss=27.5827 temp=1.00 total_env_steps=39458 t=0.63s
Ep  896: len= 51 黑胜 loss=27.5150 temp=1.00 total_env_steps=39509 t=0.60s
Ep  897: len= 58 白胜 loss=27.3289 temp=1.00 total_env_steps=39567 t=0.69s
Ep  898: len= 40 白胜 loss=27.4774 temp=1.00 total_env_steps=39607 t=0.53s
Ep  899: len= 26 白胜 loss=27.2829 temp=1.00 total_env_steps=39633 t=0.47s
Ep  900: len= 36 白胜 loss=27.2240 temp=1.00 total_env_steps=39669 t=0.54s
Ep  901: len= 69 黑胜 loss=27.1902 temp=1.00 total_env_steps=39738 t=0.86s
Ep  902: len= 45 黑胜 loss=27.3951 temp=1.00 total_env_steps=39783 t=0.72s
Ep  903: len= 35 黑胜 loss=27.1919 temp=1.00 total_env_steps=39818 t=0.44s
Ep  904: len= 47 黑胜 loss=27.3047 temp=1.00 total_env_steps=39865 t=0.58s
Ep  905: len= 57 黑胜 loss=27.3540 temp=1.00 total_env_steps=39922 t=0.63s
Ep  906: len= 24 白胜 loss=27.3498 temp=1.00 total_env_steps=39946 t=0.41s
Ep  907: len= 40 白胜 loss=27.4196 temp=1.00 total_env_steps=39986 t=0.50s
Ep  908: len= 39 黑胜 loss=27.5868 temp=1.00 total_env_steps=40025 t=0.49s
Ep  909: len= 45 黑胜 loss=27.2703 temp=1.00 total_env_steps=40070 t=0.54s
Ep  910: len= 55 黑胜 loss=27.4185 temp=1.00 total_env_steps=40125 t=0.66s
Ep  911: len= 40 白胜 loss=27.6516 temp=1.00 total_env_steps=40165 t=0.50s
Ep  912: len= 31 黑胜 loss=27.1083 temp=1.00 total_env_steps=40196 t=0.41s
Ep  913: len= 81 平局 loss=26.9278 temp=1.00 total_env_steps=40277 t=0.82s
Ep  914: len= 48 白胜 loss=27.2040 temp=1.00 total_env_steps=40325 t=0.54s
Ep  915: len= 35 黑胜 loss=27.4217 temp=1.00 total_env_steps=40360 t=0.44s
Ep  916: len= 48 白胜 loss=27.1383 temp=1.00 total_env_steps=40408 t=0.56s
Ep  917: len= 28 白胜 loss=27.6246 temp=1.00 total_env_steps=40436 t=0.42s
Ep  918: len= 27 黑胜 loss=27.4598 temp=1.00 total_env_steps=40463 t=0.40s
Ep  919: len= 40 白胜 loss=27.4785 temp=1.00 total_env_steps=40503 t=0.48s
Ep  920: len= 33 黑胜 loss=27.6807 temp=1.00 total_env_steps=40536 t=0.46s
Ep  921: len= 71 黑胜 loss=27.3569 temp=1.00 total_env_steps=40607 t=0.81s
Ep  922: len= 34 白胜 loss=27.2230 temp=1.00 total_env_steps=40641 t=0.49s
Ep  923: len= 39 黑胜 loss=27.4965 temp=1.00 total_env_steps=40680 t=0.48s
Ep  924: len= 30 白胜 loss=27.3702 temp=1.00 total_env_steps=40710 t=0.41s
Ep  925: len= 33 黑胜 loss=27.3410 temp=1.00 total_env_steps=40743 t=0.50s
Ep  926: len= 39 黑胜 loss=27.1940 temp=1.00 total_env_steps=40782 t=0.54s
Ep  927: len= 42 白胜 loss=27.2408 temp=1.00 total_env_steps=40824 t=0.58s
Ep  928: len= 41 黑胜 loss=27.2457 temp=1.00 total_env_steps=40865 t=0.50s
Ep  929: len= 48 白胜 loss=27.5539 temp=1.00 total_env_steps=40913 t=0.53s
Ep  930: len= 38 白胜 loss=27.3552 temp=1.00 total_env_steps=40951 t=0.49s
Ep  931: len= 23 黑胜 loss=27.3346 temp=1.00 total_env_steps=40974 t=0.38s
Ep  932: len= 41 黑胜 loss=27.5874 temp=1.00 total_env_steps=41015 t=0.50s
Ep  933: len= 54 白胜 loss=27.5468 temp=1.00 total_env_steps=41069 t=0.64s
Ep  934: len= 29 黑胜 loss=27.2894 temp=1.00 total_env_steps=41098 t=0.42s
Ep  935: len= 34 白胜 loss=27.4258 temp=1.00 total_env_steps=41132 t=0.46s
Ep  936: len= 45 黑胜 loss=27.3939 temp=1.00 total_env_steps=41177 t=0.53s
Ep  937: len= 42 白胜 loss=27.3645 temp=1.00 total_env_steps=41219 t=0.49s
Ep  938: len= 46 白胜 loss=27.2171 temp=1.00 total_env_steps=41265 t=0.52s
Ep  939: len= 49 黑胜 loss=27.2264 temp=1.00 total_env_steps=41314 t=0.52s
Ep  940: len= 47 黑胜 loss=27.1237 temp=1.00 total_env_steps=41361 t=0.51s
Ep  941: len= 27 黑胜 loss=27.3582 temp=1.00 total_env_steps=41388 t=0.41s
Ep  942: len= 26 白胜 loss=27.2284 temp=1.00 total_env_steps=41414 t=0.43s
Ep  943: len= 40 白胜 loss=27.1886 temp=1.00 total_env_steps=41454 t=0.58s
Ep  944: len= 42 白胜 loss=27.0585 temp=1.00 total_env_steps=41496 t=0.50s
Ep  945: len= 49 黑胜 loss=26.9815 temp=1.00 total_env_steps=41545 t=0.54s
Ep  946: len= 76 白胜 loss=27.4303 temp=1.00 total_env_steps=41621 t=0.74s
Ep  947: len= 44 白胜 loss=27.2102 temp=1.00 total_env_steps=41665 t=0.52s
Ep  948: len= 45 黑胜 loss=27.3937 temp=1.00 total_env_steps=41710 t=0.51s
Ep  949: len= 38 白胜 loss=27.2467 temp=1.00 total_env_steps=41748 t=0.47s
Ep  950: len= 30 白胜 loss=27.1738 temp=1.00 total_env_steps=41778 t=0.43s
Ep  951: len= 30 白胜 loss=27.2919 temp=1.00 total_env_steps=41808 t=0.44s
Ep  952: len= 70 白胜 loss=27.3319 temp=1.00 total_env_steps=41878 t=0.69s
Ep  953: len= 47 黑胜 loss=27.5103 temp=1.00 total_env_steps=41925 t=0.67s
Ep  954: len= 34 白胜 loss=27.4239 temp=1.00 total_env_steps=41959 t=0.45s
Ep  955: len= 42 白胜 loss=27.1814 temp=1.00 total_env_steps=42001 t=0.55s
Ep  956: len= 40 白胜 loss=27.1659 temp=1.00 total_env_steps=42041 t=0.48s
Ep  957: len= 29 黑胜 loss=27.4335 temp=1.00 total_env_steps=42070 t=0.41s
Ep  958: len= 28 白胜 loss=27.4764 temp=1.00 total_env_steps=42098 t=0.42s
Ep  959: len= 25 黑胜 loss=27.2941 temp=1.00 total_env_steps=42123 t=0.41s
Ep  960: len= 36 白胜 loss=27.6284 temp=1.00 total_env_steps=42159 t=0.46s
Ep  961: len= 37 黑胜 loss=27.3402 temp=1.00 total_env_steps=42196 t=0.46s
Ep  962: len= 39 黑胜 loss=27.0428 temp=1.00 total_env_steps=42235 t=0.51s
Ep  963: len= 34 白胜 loss=26.9704 temp=1.00 total_env_steps=42269 t=0.47s
Ep  964: len= 35 黑胜 loss=27.2987 temp=1.00 total_env_steps=42304 t=0.45s
Ep  965: len= 37 黑胜 loss=27.3389 temp=1.00 total_env_steps=42341 t=0.47s
Ep  966: len= 48 白胜 loss=27.2560 temp=1.00 total_env_steps=42389 t=0.56s
Ep  967: len= 42 白胜 loss=27.4748 temp=1.00 total_env_steps=42431 t=0.51s
Ep  968: len= 46 白胜 loss=27.4011 temp=1.00 total_env_steps=42477 t=0.56s
Ep  969: len= 28 白胜 loss=27.4207 temp=1.00 total_env_steps=42505 t=0.41s
Ep  970: len= 41 黑胜 loss=27.2196 temp=1.00 total_env_steps=42546 t=0.49s
Ep  971: len= 48 白胜 loss=27.1637 temp=1.00 total_env_steps=42594 t=0.57s
Ep  972: len= 18 白胜 loss=27.2025 temp=1.00 total_env_steps=42612 t=0.34s
Ep  973: len= 27 黑胜 loss=27.3034 temp=1.00 total_env_steps=42639 t=0.39s
Ep  974: len= 31 黑胜 loss=27.3174 temp=1.00 total_env_steps=42670 t=0.42s
Ep  975: len= 29 黑胜 loss=27.4915 temp=1.00 total_env_steps=42699 t=0.43s
Ep  976: len= 44 白胜 loss=27.0218 temp=1.00 total_env_steps=42743 t=0.50s
Ep  977: len= 49 黑胜 loss=27.6355 temp=1.00 total_env_steps=42792 t=0.52s
Ep  978: len= 73 黑胜 loss=27.1253 temp=1.00 total_env_steps=42865 t=0.74s
Ep  979: len= 56 白胜 loss=27.1572 temp=1.00 total_env_steps=42921 t=0.63s
Ep  980: len= 35 黑胜 loss=27.3887 temp=1.00 total_env_steps=42956 t=0.44s
Ep  981: len= 25 黑胜 loss=27.2231 temp=1.00 total_env_steps=42981 t=0.38s
Ep  982: len= 63 黑胜 loss=27.2766 temp=1.00 total_env_steps=43044 t=0.62s
Ep  983: len= 43 黑胜 loss=27.4049 temp=1.00 total_env_steps=43087 t=0.52s
Ep  984: len= 53 黑胜 loss=27.1749 temp=1.00 total_env_steps=43140 t=0.55s
Ep  985: len= 34 白胜 loss=27.3370 temp=1.00 total_env_steps=43174 t=0.50s
Ep  986: len= 60 白胜 loss=27.3064 temp=1.00 total_env_steps=43234 t=0.65s
Ep  987: len= 46 白胜 loss=27.2992 temp=1.00 total_env_steps=43280 t=0.53s
Ep  988: len= 41 黑胜 loss=27.0538 temp=1.00 total_env_steps=43321 t=0.48s
Ep  989: len= 19 黑胜 loss=27.2089 temp=1.00 total_env_steps=43340 t=0.34s
Ep  990: len= 39 黑胜 loss=27.4182 temp=1.00 total_env_steps=43379 t=0.51s
Ep  991: len= 63 黑胜 loss=27.2460 temp=1.00 total_env_steps=43442 t=0.76s
Ep  992: len= 34 白胜 loss=27.2076 temp=1.00 total_env_steps=43476 t=0.46s
Ep  993: len= 35 黑胜 loss=27.1970 temp=1.00 total_env_steps=43511 t=0.53s
Ep  994: len= 35 黑胜 loss=27.1839 temp=1.00 total_env_steps=43546 t=0.48s
Ep  995: len= 34 白胜 loss=27.2756 temp=1.00 total_env_steps=43580 t=0.45s
Ep  996: len= 36 白胜 loss=27.2164 temp=1.00 total_env_steps=43616 t=0.52s
Ep  997: len= 45 黑胜 loss=27.2894 temp=1.00 total_env_steps=43661 t=0.56s
Ep  998: len= 41 黑胜 loss=27.1153 temp=1.00 total_env_steps=43702 t=0.54s
Ep  999: len= 29 黑胜 loss=27.4398 temp=1.00 total_env_steps=43731 t=0.47s
Ep 1000: len= 33 黑胜 loss=27.4061 temp=1.00 total_env_steps=43764 t=0.47s
  eval vs Gomoku-random-v0: win_rate=0.95 mean_return=0.90（20 局，total_env_steps=43764）
Ep 1001: len= 41 黑胜 loss=27.5502 temp=1.00 total_env_steps=43805 t=0.57s
Ep 1002: len= 46 白胜 loss=26.8785 temp=1.00 total_env_steps=43851 t=0.60s
Ep 1003: len= 38 白胜 loss=27.3059 temp=1.00 total_env_steps=43889 t=0.55s
Ep 1004: len= 47 黑胜 loss=27.3242 temp=1.00 total_env_steps=43936 t=0.58s
Ep 1005: len= 31 黑胜 loss=27.3168 temp=1.00 total_env_steps=43967 t=0.44s
Ep 1006: len= 45 黑胜 loss=27.3625 temp=1.00 total_env_steps=44012 t=0.57s
Ep 1007: len= 48 白胜 loss=27.0378 temp=1.00 total_env_steps=44060 t=0.58s
Ep 1008: len= 49 黑胜 loss=27.3917 temp=1.00 total_env_steps=44109 t=0.54s
Ep 1009: len= 29 黑胜 loss=27.1861 temp=1.00 total_env_steps=44138 t=0.40s
Ep 1010: len= 40 白胜 loss=27.3351 temp=1.00 total_env_steps=44178 t=0.45s
Ep 1011: len= 26 白胜 loss=27.2089 temp=1.00 total_env_steps=44204 t=0.39s
Ep 1012: len= 36 白胜 loss=27.3153 temp=1.00 total_env_steps=44240 t=0.47s
Ep 1013: len= 28 白胜 loss=27.3704 temp=1.00 total_env_steps=44268 t=0.40s
Ep 1014: len= 42 白胜 loss=27.1190 temp=1.00 total_env_steps=44310 t=0.49s
Ep 1015: len= 35 黑胜 loss=27.0224 temp=1.00 total_env_steps=44345 t=0.44s
Ep 1016: len= 42 白胜 loss=27.1518 temp=1.00 total_env_steps=44387 t=0.55s
Ep 1017: len= 38 白胜 loss=27.0686 temp=1.00 total_env_steps=44425 t=0.45s
Ep 1018: len= 37 黑胜 loss=27.2063 temp=1.00 total_env_steps=44462 t=0.55s
Ep 1019: len= 43 黑胜 loss=27.3494 temp=1.00 total_env_steps=44505 t=0.48s
Ep 1020: len= 54 白胜 loss=27.2816 temp=1.00 total_env_steps=44559 t=0.58s
Ep 1021: len= 50 白胜 loss=27.2368 temp=1.00 total_env_steps=44609 t=0.54s
Ep 1022: len= 38 白胜 loss=27.1846 temp=1.00 total_env_steps=44647 t=0.47s
Ep 1023: len= 30 白胜 loss=27.0606 temp=1.00 total_env_steps=44677 t=0.46s
Ep 1024: len= 35 黑胜 loss=27.0400 temp=1.00 total_env_steps=44712 t=0.47s
Ep 1025: len= 43 黑胜 loss=27.0437 temp=1.00 total_env_steps=44755 t=0.53s
Ep 1026: len= 33 黑胜 loss=27.1849 temp=1.00 total_env_steps=44788 t=0.43s
Ep 1027: len= 50 白胜 loss=27.2257 temp=1.00 total_env_steps=44838 t=0.55s
Ep 1028: len= 21 黑胜 loss=26.8133 temp=1.00 total_env_steps=44859 t=0.37s
Ep 1029: len= 70 白胜 loss=27.0429 temp=1.00 total_env_steps=44929 t=0.71s
Ep 1030: len= 40 白胜 loss=27.1735 temp=1.00 total_env_steps=44969 t=0.51s
Ep 1031: len= 43 黑胜 loss=27.0723 temp=1.00 total_env_steps=45012 t=0.50s
Ep 1032: len= 46 白胜 loss=27.1727 temp=1.00 total_env_steps=45058 t=0.52s
Ep 1033: len= 36 白胜 loss=27.0319 temp=1.00 total_env_steps=45094 t=0.49s
Ep 1034: len= 57 黑胜 loss=27.2358 temp=1.00 total_env_steps=45151 t=0.63s
Ep 1035: len= 39 黑胜 loss=27.1666 temp=1.00 total_env_steps=45190 t=0.58s
Ep 1036: len= 43 黑胜 loss=26.7389 temp=1.00 total_env_steps=45233 t=0.57s
Ep 1037: len= 38 白胜 loss=26.9710 temp=1.00 total_env_steps=45271 t=0.49s
Ep 1038: len= 50 白胜 loss=27.4464 temp=1.00 total_env_steps=45321 t=0.58s
Ep 1039: len= 36 白胜 loss=27.0416 temp=1.00 total_env_steps=45357 t=0.51s
Ep 1040: len= 30 白胜 loss=27.1112 temp=1.00 total_env_steps=45387 t=0.43s
Ep 1041: len= 32 白胜 loss=26.9868 temp=1.00 total_env_steps=45419 t=0.46s
Ep 1042: len= 55 黑胜 loss=26.8652 temp=1.00 total_env_steps=45474 t=0.69s
Ep 1043: len= 55 黑胜 loss=27.6333 temp=1.00 total_env_steps=45529 t=0.59s
Ep 1044: len= 44 白胜 loss=27.2102 temp=1.00 total_env_steps=45573 t=0.54s
Ep 1045: len= 40 白胜 loss=27.0995 temp=1.00 total_env_steps=45613 t=0.50s
Ep 1046: len= 33 黑胜 loss=26.8111 temp=1.00 total_env_steps=45646 t=0.47s
Ep 1047: len= 48 白胜 loss=27.1843 temp=1.00 total_env_steps=45694 t=0.62s
Ep 1048: len= 39 黑胜 loss=26.9241 temp=1.00 total_env_steps=45733 t=0.56s
Ep 1049: len= 35 黑胜 loss=27.2761 temp=1.00 total_env_steps=45768 t=0.49s
Ep 1050: len= 29 黑胜 loss=27.4085 temp=1.00 total_env_steps=45797 t=0.48s
Ep 1051: len= 74 白胜 loss=27.1006 temp=1.00 total_env_steps=45871 t=0.84s
Ep 1052: len= 36 白胜 loss=27.1667 temp=1.00 total_env_steps=45907 t=0.49s
Ep 1053: len= 49 黑胜 loss=27.2949 temp=1.00 total_env_steps=45956 t=0.61s
Ep 1054: len= 51 黑胜 loss=27.1722 temp=1.00 total_env_steps=46007 t=0.64s
Ep 1055: len= 41 黑胜 loss=27.1795 temp=1.00 total_env_steps=46048 t=0.55s
Ep 1056: len= 38 白胜 loss=27.0256 temp=1.00 total_env_steps=46086 t=0.46s
Ep 1057: len= 23 黑胜 loss=27.4322 temp=1.00 total_env_steps=46109 t=0.44s
Ep 1058: len= 39 黑胜 loss=27.0794 temp=1.00 total_env_steps=46148 t=0.69s
Ep 1059: len= 48 白胜 loss=27.2822 temp=1.00 total_env_steps=46196 t=0.58s
Ep 1060: len= 30 白胜 loss=27.3086 temp=1.00 total_env_steps=46226 t=0.47s
Ep 1061: len= 41 黑胜 loss=27.2143 temp=1.00 total_env_steps=46267 t=0.58s
Ep 1062: len= 54 白胜 loss=27.0892 temp=1.00 total_env_steps=46321 t=0.55s
Ep 1063: len= 43 黑胜 loss=27.5387 temp=1.00 total_env_steps=46364 t=0.37s
Ep 1064: len= 52 白胜 loss=27.2541 temp=1.00 total_env_steps=46416 t=0.45s
Ep 1065: len= 36 白胜 loss=27.1089 temp=1.00 total_env_steps=46452 t=0.33s
Ep 1066: len= 66 白胜 loss=27.0739 temp=1.00 total_env_steps=46518 t=0.52s
Ep 1067: len= 32 白胜 loss=27.3563 temp=1.00 total_env_steps=46550 t=0.30s
Ep 1068: len= 43 黑胜 loss=27.0364 temp=1.00 total_env_steps=46593 t=0.40s
Ep 1069: len= 36 白胜 loss=27.1476 temp=1.00 total_env_steps=46629 t=0.33s
Ep 1070: len= 56 白胜 loss=27.1704 temp=1.00 total_env_steps=46685 t=0.46s
Ep 1071: len= 48 白胜 loss=26.7887 temp=1.00 total_env_steps=46733 t=0.43s
Ep 1072: len= 51 黑胜 loss=26.9501 temp=1.00 total_env_steps=46784 t=0.44s
Ep 1073: len= 23 黑胜 loss=27.2925 temp=1.00 total_env_steps=46807 t=0.24s
Ep 1074: len= 47 黑胜 loss=27.4489 temp=1.00 total_env_steps=46854 t=0.38s
Ep 1075: len= 32 白胜 loss=26.9264 temp=1.00 total_env_steps=46886 t=0.31s
Ep 1076: len= 26 白胜 loss=26.9440 temp=1.00 total_env_steps=46912 t=0.26s
Ep 1077: len= 57 黑胜 loss=27.0349 temp=1.00 total_env_steps=46969 t=0.45s
Ep 1078: len= 33 黑胜 loss=27.0856 temp=1.00 total_env_steps=47002 t=0.34s
Ep 1079: len= 68 白胜 loss=27.0995 temp=1.00 total_env_steps=47070 t=0.58s
Ep 1080: len= 21 黑胜 loss=27.0297 temp=1.00 total_env_steps=47091 t=0.28s
Ep 1081: len= 36 白胜 loss=27.0791 temp=1.00 total_env_steps=47127 t=0.38s
Ep 1082: len= 37 黑胜 loss=27.1646 temp=1.00 total_env_steps=47164 t=0.43s
Ep 1083: len= 39 黑胜 loss=27.1538 temp=1.00 total_env_steps=47203 t=0.39s
Ep 1084: len= 44 白胜 loss=27.2744 temp=1.00 total_env_steps=47247 t=0.41s
Ep 1085: len= 33 黑胜 loss=27.1900 temp=1.00 total_env_steps=47280 t=0.30s
Ep 1086: len= 28 白胜 loss=26.7175 temp=1.00 total_env_steps=47308 t=0.30s
Ep 1087: len= 46 白胜 loss=27.1694 temp=1.00 total_env_steps=47354 t=0.38s
Ep 1088: len= 54 白胜 loss=27.0272 temp=1.00 total_env_steps=47408 t=0.45s
Ep 1089: len= 32 白胜 loss=27.0668 temp=1.00 total_env_steps=47440 t=0.28s
Ep 1090: len= 31 黑胜 loss=27.1677 temp=1.00 total_env_steps=47471 t=0.27s
Ep 1091: len= 40 白胜 loss=27.1673 temp=1.00 total_env_steps=47511 t=0.37s
Ep 1092: len= 31 黑胜 loss=26.9814 temp=1.00 total_env_steps=47542 t=0.28s
Ep 1093: len= 40 白胜 loss=27.1452 temp=1.00 total_env_steps=47582 t=0.42s
Ep 1094: len= 47 黑胜 loss=26.7592 temp=1.00 total_env_steps=47629 t=0.42s
Ep 1095: len= 38 白胜 loss=27.4048 temp=1.00 total_env_steps=47667 t=0.34s
Ep 1096: len= 42 白胜 loss=27.2387 temp=1.00 total_env_steps=47709 t=0.35s
Ep 1097: len= 37 黑胜 loss=26.9751 temp=1.00 total_env_steps=47746 t=0.33s
Ep 1098: len= 58 白胜 loss=27.5741 temp=1.00 total_env_steps=47804 t=0.44s
Ep 1099: len= 45 黑胜 loss=27.2391 temp=1.00 total_env_steps=47849 t=0.40s
Ep 1100: len= 62 白胜 loss=27.0145 temp=1.00 total_env_steps=47911 t=0.46s
Ep 1101: len= 47 黑胜 loss=27.0257 temp=1.00 total_env_steps=47958 t=0.45s
Ep 1102: len= 81 平局 loss=27.4151 temp=1.00 total_env_steps=48039 t=0.61s
Ep 1103: len= 63 黑胜 loss=27.0904 temp=1.00 total_env_steps=48102 t=0.49s
Ep 1104: len= 55 黑胜 loss=26.9804 temp=1.00 total_env_steps=48157 t=0.47s
Ep 1105: len= 52 白胜 loss=26.9253 temp=1.00 total_env_steps=48209 t=0.45s
Ep 1106: len= 44 白胜 loss=26.9472 temp=1.00 total_env_steps=48253 t=0.37s
Ep 1107: len= 38 白胜 loss=27.1473 temp=1.00 total_env_steps=48291 t=0.33s
Ep 1108: len= 46 白胜 loss=27.1280 temp=1.00 total_env_steps=48337 t=0.44s
Ep 1109: len= 43 黑胜 loss=26.8602 temp=1.00 total_env_steps=48380 t=0.44s
Ep 1110: len= 47 黑胜 loss=27.1550 temp=1.00 total_env_steps=48427 t=0.44s
Ep 1111: len= 37 黑胜 loss=27.1632 temp=1.00 total_env_steps=48464 t=0.36s
Ep 1112: len= 39 黑胜 loss=26.7759 temp=1.00 total_env_steps=48503 t=0.39s
Ep 1113: len= 33 黑胜 loss=26.9695 temp=1.00 total_env_steps=48536 t=0.33s
Ep 1114: len= 68 白胜 loss=26.6759 temp=1.00 total_env_steps=48604 t=0.58s
Ep 1115: len= 35 黑胜 loss=27.1777 temp=1.00 total_env_steps=48639 t=0.37s
Ep 1116: len= 67 黑胜 loss=27.0174 temp=1.00 total_env_steps=48706 t=0.57s
Ep 1117: len= 34 白胜 loss=27.0737 temp=1.00 total_env_steps=48740 t=0.31s
Ep 1118: len= 27 黑胜 loss=27.4665 temp=1.00 total_env_steps=48767 t=0.26s
Ep 1119: len= 67 黑胜 loss=27.1399 temp=1.00 total_env_steps=48834 t=0.59s
Ep 1120: len= 79 黑胜 loss=26.9089 temp=1.00 total_env_steps=48913 t=0.64s
Ep 1121: len= 22 白胜 loss=27.3426 temp=1.00 total_env_steps=48935 t=0.23s
Ep 1122: len= 46 白胜 loss=27.1148 temp=1.00 total_env_steps=48981 t=0.37s
Ep 1123: len= 16 白胜 loss=27.2205 temp=1.00 total_env_steps=48997 t=0.21s
Ep 1124: len= 27 黑胜 loss=27.3179 temp=1.00 total_env_steps=49024 t=0.26s
Ep 1125: len= 33 黑胜 loss=27.0442 temp=1.00 total_env_steps=49057 t=0.34s
Ep 1126: len= 56 白胜 loss=27.2943 temp=1.00 total_env_steps=49113 t=0.47s
Ep 1127: len= 31 黑胜 loss=27.0586 temp=1.00 total_env_steps=49144 t=0.30s
Ep 1128: len= 27 黑胜 loss=27.0986 temp=1.00 total_env_steps=49171 t=0.41s
Ep 1129: len= 36 白胜 loss=27.3885 temp=1.00 total_env_steps=49207 t=0.51s
Ep 1130: len= 32 白胜 loss=27.0791 temp=1.00 total_env_steps=49239 t=0.51s
Ep 1131: len= 44 白胜 loss=27.0348 temp=1.00 total_env_steps=49283 t=0.59s
Ep 1132: len= 50 白胜 loss=26.9142 temp=1.00 total_env_steps=49333 t=0.70s
Ep 1133: len= 24 白胜 loss=27.2586 temp=1.00 total_env_steps=49357 t=0.43s
Ep 1134: len= 14 白胜 loss=26.8817 temp=1.00 total_env_steps=49371 t=0.37s
Ep 1135: len= 47 黑胜 loss=27.0645 temp=1.00 total_env_steps=49418 t=0.63s
Ep 1136: len= 31 黑胜 loss=26.9298 temp=1.00 total_env_steps=49449 t=0.53s
Ep 1137: len= 18 白胜 loss=27.2489 temp=1.00 total_env_steps=49467 t=0.42s
Ep 1138: len= 45 黑胜 loss=26.7627 temp=1.00 total_env_steps=49512 t=0.54s
Ep 1139: len= 47 黑胜 loss=27.2666 temp=1.00 total_env_steps=49559 t=0.56s
Ep 1140: len= 47 黑胜 loss=27.0810 temp=1.00 total_env_steps=49606 t=0.66s
Ep 1141: len= 81 平局 loss=26.7709 temp=1.00 total_env_steps=49687 t=0.94s
Ep 1142: len= 54 白胜 loss=26.8172 temp=1.00 total_env_steps=49741 t=0.62s
Ep 1143: len= 63 黑胜 loss=26.8942 temp=1.00 total_env_steps=49804 t=0.67s
Ep 1144: len= 27 黑胜 loss=26.5660 temp=1.00 total_env_steps=49831 t=0.42s
Ep 1145: len= 60 白胜 loss=26.8069 temp=1.00 total_env_steps=49891 t=0.66s
Ep 1146: len= 37 黑胜 loss=26.8699 temp=1.00 total_env_steps=49928 t=0.52s
Ep 1147: len= 30 白胜 loss=26.9104 temp=1.00 total_env_steps=49958 t=0.51s
Ep 1148: len= 64 白胜 loss=27.3821 temp=1.00 total_env_steps=50022 t=0.67s
Ep 1149: len= 26 白胜 loss=26.8718 temp=1.00 total_env_steps=50048 t=0.44s
Ep 1150: len= 27 黑胜 loss=26.9498 temp=1.00 total_env_steps=50075 t=0.45s
Ep 1151: len= 35 黑胜 loss=27.0358 temp=1.00 total_env_steps=50110 t=0.50s
Ep 1152: len= 32 白胜 loss=26.4184 temp=1.00 total_env_steps=50142 t=0.51s
Ep 1153: len= 34 白胜 loss=26.8720 temp=1.00 total_env_steps=50176 t=0.52s
Ep 1154: len= 45 黑胜 loss=27.1344 temp=1.00 total_env_steps=50221 t=0.55s
Ep 1155: len= 29 黑胜 loss=26.8649 temp=1.00 total_env_steps=50250 t=0.46s
Ep 1156: len= 48 白胜 loss=26.8452 temp=1.00 total_env_steps=50298 t=0.61s
Ep 1157: len= 44 白胜 loss=26.6810 temp=1.00 total_env_steps=50342 t=0.62s
Ep 1158: len= 56 白胜 loss=26.8501 temp=1.00 total_env_steps=50398 t=0.72s
Ep 1159: len= 24 白胜 loss=27.0401 temp=1.00 total_env_steps=50422 t=0.44s
Ep 1160: len= 36 白胜 loss=26.6918 temp=1.00 total_env_steps=50458 t=0.55s
Ep 1161: len= 30 白胜 loss=26.6970 temp=1.00 total_env_steps=50488 t=0.48s
Ep 1162: len= 45 黑胜 loss=26.5538 temp=1.00 total_env_steps=50533 t=0.70s
Ep 1163: len= 29 黑胜 loss=26.7874 temp=1.00 total_env_steps=50562 t=0.52s
Ep 1164: len= 56 白胜 loss=27.1137 temp=1.00 total_env_steps=50618 t=0.67s
Ep 1165: len= 35 黑胜 loss=27.2082 temp=1.00 total_env_steps=50653 t=0.50s
Ep 1166: len= 25 黑胜 loss=26.9023 temp=1.00 total_env_steps=50678 t=0.42s
Ep 1167: len= 47 黑胜 loss=27.2940 temp=1.00 total_env_steps=50725 t=0.57s
Ep 1168: len= 27 黑胜 loss=27.1800 temp=1.00 total_env_steps=50752 t=0.44s
Ep 1169: len= 52 白胜 loss=27.0569 temp=1.00 total_env_steps=50804 t=0.63s
Ep 1170: len= 52 白胜 loss=26.9281 temp=1.00 total_env_steps=50856 t=0.64s
Ep 1171: len= 25 黑胜 loss=27.4700 temp=1.00 total_env_steps=50881 t=0.42s
Ep 1172: len= 48 白胜 loss=27.2424 temp=1.00 total_env_steps=50929 t=0.55s
Ep 1173: len= 40 白胜 loss=27.0317 temp=1.00 total_env_steps=50969 t=0.50s
Ep 1174: len= 24 白胜 loss=26.5583 temp=1.00 total_env_steps=50993 t=0.40s
Ep 1175: len= 63 黑胜 loss=26.8730 temp=1.00 total_env_steps=51056 t=0.70s
Ep 1176: len= 38 白胜 loss=26.6183 temp=1.00 total_env_steps=51094 t=0.48s
Ep 1177: len= 65 黑胜 loss=26.9735 temp=1.00 total_env_steps=51159 t=0.69s
Ep 1178: len= 27 黑胜 loss=27.0652 temp=1.00 total_env_steps=51186 t=0.43s
Ep 1179: len= 33 黑胜 loss=27.0081 temp=1.00 total_env_steps=51219 t=0.50s
Ep 1180: len= 18 白胜 loss=27.4642 temp=1.00 total_env_steps=51237 t=0.37s
Ep 1181: len= 35 黑胜 loss=27.1623 temp=1.00 total_env_steps=51272 t=0.51s
Ep 1182: len= 23 黑胜 loss=26.9205 temp=1.00 total_env_steps=51295 t=0.40s
Ep 1183: len= 29 黑胜 loss=27.2525 temp=1.00 total_env_steps=51324 t=0.46s
Ep 1184: len= 31 黑胜 loss=26.8830 temp=1.00 total_env_steps=51355 t=0.44s
Ep 1185: len= 53 黑胜 loss=26.7779 temp=1.00 total_env_steps=51408 t=0.66s
Ep 1186: len= 35 黑胜 loss=27.0642 temp=1.00 total_env_steps=51443 t=0.47s
Ep 1187: len= 45 黑胜 loss=27.1900 temp=1.00 total_env_steps=51488 t=0.54s
Ep 1188: len= 37 黑胜 loss=26.5918 temp=1.00 total_env_steps=51525 t=0.51s
Ep 1189: len= 49 黑胜 loss=26.8966 temp=1.00 total_env_steps=51574 t=0.59s
Ep 1190: len= 30 白胜 loss=26.6935 temp=1.00 total_env_steps=51604 t=0.46s
Ep 1191: len= 35 黑胜 loss=26.7666 temp=1.00 total_env_steps=51639 t=0.47s
Ep 1192: len= 46 白胜 loss=26.9913 temp=1.00 total_env_steps=51685 t=0.56s
Ep 1193: len= 35 黑胜 loss=26.7953 temp=1.00 total_env_steps=51720 t=0.47s
Ep 1194: len= 32 白胜 loss=27.0380 temp=1.00 total_env_steps=51752 t=0.48s
Ep 1195: len= 38 白胜 loss=27.0621 temp=1.00 total_env_steps=51790 t=0.64s
Ep 1196: len= 47 黑胜 loss=26.9221 temp=1.00 total_env_steps=51837 t=0.62s
Ep 1197: len= 43 黑胜 loss=26.7085 temp=1.00 total_env_steps=51880 t=0.54s
Ep 1198: len= 49 黑胜 loss=26.6523 temp=1.00 total_env_steps=51929 t=0.67s
Ep 1199: len= 26 白胜 loss=26.9890 temp=1.00 total_env_steps=51955 t=0.50s
Ep 1200: len= 50 白胜 loss=27.3599 temp=1.00 total_env_steps=52005 t=0.64s
Ep 1201: len= 44 白胜 loss=26.5912 temp=1.00 total_env_steps=52049 t=0.55s
Ep 1202: len= 65 黑胜 loss=26.9500 temp=1.00 total_env_steps=52114 t=0.84s
Ep 1203: len= 39 黑胜 loss=26.9631 temp=1.00 total_env_steps=52153 t=0.55s
Ep 1204: len= 24 白胜 loss=27.1897 temp=1.00 total_env_steps=52177 t=0.42s
Ep 1205: len= 36 白胜 loss=26.6328 temp=1.00 total_env_steps=52213 t=0.53s
Ep 1206: len= 21 黑胜 loss=26.9612 temp=1.00 total_env_steps=52234 t=0.41s
Ep 1207: len= 22 白胜 loss=27.1964 temp=1.00 total_env_steps=52256 t=0.42s
Ep 1208: len= 37 黑胜 loss=26.8114 temp=1.00 total_env_steps=52293 t=0.60s
Ep 1209: len= 57 黑胜 loss=26.8808 temp=1.00 total_env_steps=52350 t=0.80s
Ep 1210: len= 47 黑胜 loss=27.1954 temp=1.00 total_env_steps=52397 t=0.65s
Ep 1211: len= 53 黑胜 loss=26.7143 temp=1.00 total_env_steps=52450 t=0.71s
Ep 1212: len= 33 黑胜 loss=26.6118 temp=1.00 total_env_steps=52483 t=0.69s
Ep 1213: len= 38 白胜 loss=27.0250 temp=1.00 total_env_steps=52521 t=0.69s
Ep 1214: len= 34 白胜 loss=26.7844 temp=1.00 total_env_steps=52555 t=0.67s
Ep 1215: len= 64 白胜 loss=26.5698 temp=1.00 total_env_steps=52619 t=0.87s
Ep 1216: len= 46 白胜 loss=27.1339 temp=1.00 total_env_steps=52665 t=0.57s
Ep 1217: len= 39 黑胜 loss=26.7614 temp=1.00 total_env_steps=52704 t=0.56s
Ep 1218: len= 45 黑胜 loss=27.0158 temp=1.00 total_env_steps=52749 t=0.69s
Ep 1219: len= 44 白胜 loss=26.9199 temp=1.00 total_env_steps=52793 t=0.62s
Ep 1220: len= 31 黑胜 loss=26.8537 temp=1.00 total_env_steps=52824 t=0.52s
Ep 1221: len= 47 黑胜 loss=27.1155 temp=1.00 total_env_steps=52871 t=0.73s
Ep 1222: len= 39 黑胜 loss=26.6910 temp=1.00 total_env_steps=52910 t=0.64s
Ep 1223: len= 31 黑胜 loss=26.6640 temp=1.00 total_env_steps=52941 t=0.66s
Ep 1224: len= 28 白胜 loss=26.6861 temp=1.00 total_env_steps=52969 t=0.57s
Ep 1225: len= 73 黑胜 loss=27.0091 temp=1.00 total_env_steps=53042 t=0.97s
Ep 1226: len= 39 黑胜 loss=26.7958 temp=1.00 total_env_steps=53081 t=0.69s
Ep 1227: len= 34 白胜 loss=26.9851 temp=1.00 total_env_steps=53115 t=0.49s
Ep 1228: len= 31 黑胜 loss=26.9952 temp=1.00 total_env_steps=53146 t=0.47s
Ep 1229: len= 44 白胜 loss=26.8091 temp=1.00 total_env_steps=53190 t=0.65s
Ep 1230: len= 39 黑胜 loss=27.1681 temp=1.00 total_env_steps=53229 t=0.55s
Ep 1231: len= 27 黑胜 loss=26.8334 temp=1.00 total_env_steps=53256 t=0.46s
Ep 1232: len= 38 白胜 loss=27.0884 temp=1.00 total_env_steps=53294 t=0.54s
Ep 1233: len= 30 白胜 loss=26.8812 temp=1.00 total_env_steps=53324 t=0.48s
Ep 1234: len= 28 白胜 loss=26.8829 temp=1.00 total_env_steps=53352 t=0.44s
Ep 1235: len= 51 黑胜 loss=26.8952 temp=1.00 total_env_steps=53403 t=0.63s
Ep 1236: len= 36 白胜 loss=26.9111 temp=1.00 total_env_steps=53439 t=0.52s
Ep 1237: len= 31 黑胜 loss=26.8538 temp=1.00 total_env_steps=53470 t=0.48s
Ep 1238: len= 39 黑胜 loss=26.9103 temp=1.00 total_env_steps=53509 t=0.51s
Ep 1239: len= 53 黑胜 loss=26.7960 temp=1.00 total_env_steps=53562 t=0.74s
Ep 1240: len= 29 黑胜 loss=26.9468 temp=1.00 total_env_steps=53591 t=0.45s
Ep 1241: len= 34 白胜 loss=27.0014 temp=1.00 total_env_steps=53625 t=0.55s
Ep 1242: len= 46 白胜 loss=26.9936 temp=1.00 total_env_steps=53671 t=0.65s
Ep 1243: len= 41 黑胜 loss=26.5956 temp=1.00 total_env_steps=53712 t=0.57s
Ep 1244: len= 26 白胜 loss=26.7509 temp=1.00 total_env_steps=53738 t=0.43s
Ep 1245: len= 42 白胜 loss=26.7157 temp=1.00 total_env_steps=53780 t=0.55s
Ep 1246: len= 28 白胜 loss=26.6087 temp=1.00 total_env_steps=53808 t=0.47s
Ep 1247: len= 53 黑胜 loss=26.7698 temp=1.00 total_env_steps=53861 t=0.68s
Ep 1248: len= 37 黑胜 loss=26.8221 temp=1.00 total_env_steps=53898 t=0.54s
Ep 1249: len= 36 白胜 loss=26.8219 temp=1.00 total_env_steps=53934 t=0.54s
Ep 1250: len= 65 黑胜 loss=27.0245 temp=1.00 total_env_steps=53999 t=1.10s
Ep 1251: len= 29 黑胜 loss=26.9170 temp=1.00 total_env_steps=54028 t=0.58s
Ep 1252: len= 47 黑胜 loss=26.8057 temp=1.00 total_env_steps=54075 t=0.67s
Ep 1253: len= 44 白胜 loss=27.0677 temp=1.00 total_env_steps=54119 t=0.59s
Ep 1254: len= 37 黑胜 loss=26.7674 temp=1.00 total_env_steps=54156 t=0.52s
Ep 1255: len= 60 白胜 loss=26.7869 temp=1.00 total_env_steps=54216 t=0.73s
Ep 1256: len= 41 黑胜 loss=26.5444 temp=1.00 total_env_steps=54257 t=0.78s
Ep 1257: len= 27 黑胜 loss=26.8269 temp=1.00 total_env_steps=54284 t=0.48s
Ep 1258: len= 35 黑胜 loss=26.6669 temp=1.00 total_env_steps=54319 t=0.54s
Ep 1259: len= 41 黑胜 loss=27.1054 temp=1.00 total_env_steps=54360 t=0.54s
Ep 1260: len= 47 黑胜 loss=26.6856 temp=1.00 total_env_steps=54407 t=0.62s
Ep 1261: len= 26 白胜 loss=26.5858 temp=1.00 total_env_steps=54433 t=0.47s
Ep 1262: len= 47 黑胜 loss=26.6011 temp=1.00 total_env_steps=54480 t=0.62s
Ep 1263: len= 34 白胜 loss=26.5425 temp=1.00 total_env_steps=54514 t=0.53s
Ep 1264: len= 33 黑胜 loss=26.6640 temp=1.00 total_env_steps=54547 t=0.49s
Ep 1265: len= 44 白胜 loss=26.4684 temp=1.00 total_env_steps=54591 t=0.64s
Ep 1266: len= 42 白胜 loss=26.6501 temp=1.00 total_env_steps=54633 t=0.66s
Ep 1267: len= 34 白胜 loss=26.6782 temp=1.00 total_env_steps=54667 t=0.56s
Ep 1268: len= 33 黑胜 loss=27.1954 temp=1.00 total_env_steps=54700 t=0.57s
Ep 1269: len= 28 白胜 loss=26.7924 temp=1.00 total_env_steps=54728 t=0.48s
Ep 1270: len= 53 黑胜 loss=26.7613 temp=1.00 total_env_steps=54781 t=0.69s
Ep 1271: len= 34 白胜 loss=26.6317 temp=1.00 total_env_steps=54815 t=0.48s
Ep 1272: len= 50 白胜 loss=26.9067 temp=1.00 total_env_steps=54865 t=0.64s
Ep 1273: len= 41 黑胜 loss=26.6502 temp=1.00 total_env_steps=54906 t=0.58s
Ep 1274: len= 34 白胜 loss=27.1272 temp=1.00 total_env_steps=54940 t=0.55s
Ep 1275: len= 38 白胜 loss=26.4277 temp=1.00 total_env_steps=54978 t=0.64s
Ep 1276: len= 51 黑胜 loss=26.7286 temp=1.00 total_env_steps=55029 t=0.78s
Ep 1277: len= 40 白胜 loss=26.9025 temp=1.00 total_env_steps=55069 t=0.69s
Ep 1278: len= 31 黑胜 loss=26.9408 temp=1.00 total_env_steps=55100 t=0.58s
Ep 1279: len= 20 白胜 loss=26.7086 temp=1.00 total_env_steps=55120 t=0.50s
Ep 1280: len= 45 黑胜 loss=26.7020 temp=1.00 total_env_steps=55165 t=0.64s
Ep 1281: len= 30 白胜 loss=26.9721 temp=1.00 total_env_steps=55195 t=0.48s
Ep 1282: len= 40 白胜 loss=26.7003 temp=1.00 total_env_steps=55235 t=0.54s
Ep 1283: len= 16 白胜 loss=27.3116 temp=1.00 total_env_steps=55251 t=0.40s
Ep 1284: len= 41 黑胜 loss=26.8818 temp=1.00 total_env_steps=55292 t=0.61s
Ep 1285: len= 37 黑胜 loss=26.8667 temp=1.00 total_env_steps=55329 t=0.55s
Ep 1286: len= 36 白胜 loss=26.9101 temp=1.00 total_env_steps=55365 t=0.54s
Ep 1287: len= 45 黑胜 loss=26.8993 temp=1.00 total_env_steps=55410 t=0.66s
Ep 1288: len= 30 白胜 loss=26.8020 temp=1.00 total_env_steps=55440 t=0.49s
Ep 1289: len= 55 黑胜 loss=26.3336 temp=1.00 total_env_steps=55495 t=0.70s
Ep 1290: len= 81 平局 loss=27.0745 temp=1.00 total_env_steps=55576 t=1.09s
Ep 1291: len= 40 白胜 loss=26.7231 temp=1.00 total_env_steps=55616 t=0.63s
Ep 1292: len= 67 黑胜 loss=26.7384 temp=1.00 total_env_steps=55683 t=0.85s
Ep 1293: len= 51 黑胜 loss=26.8632 temp=1.00 total_env_steps=55734 t=0.72s
Ep 1294: len= 22 白胜 loss=26.9264 temp=1.00 total_env_steps=55756 t=0.51s
Ep 1295: len= 35 黑胜 loss=26.7114 temp=1.00 total_env_steps=55791 t=0.61s
Ep 1296: len= 48 白胜 loss=26.7215 temp=1.00 total_env_steps=55839 t=0.75s
Ep 1297: len= 24 白胜 loss=26.5434 temp=1.00 total_env_steps=55863 t=0.50s
Ep 1298: len= 33 黑胜 loss=26.6933 temp=1.00 total_env_steps=55896 t=0.58s
Ep 1299: len= 27 黑胜 loss=26.8742 temp=1.00 total_env_steps=55923 t=0.60s
Ep 1300: len= 35 黑胜 loss=26.9487 temp=1.00 total_env_steps=55958 t=0.60s
Ep 1301: len= 40 白胜 loss=26.9388 temp=1.00 total_env_steps=55998 t=0.61s
Ep 1302: len= 43 黑胜 loss=26.7439 temp=1.00 total_env_steps=56041 t=0.63s
Ep 1303: len= 61 黑胜 loss=26.7372 temp=1.00 total_env_steps=56102 t=0.89s
Ep 1304: len= 46 白胜 loss=26.8210 temp=1.00 total_env_steps=56148 t=0.66s
Ep 1305: len= 41 黑胜 loss=26.8448 temp=1.00 total_env_steps=56189 t=0.77s
Ep 1306: len= 41 黑胜 loss=27.1615 temp=1.00 total_env_steps=56230 t=0.66s
Ep 1307: len= 42 白胜 loss=26.9316 temp=1.00 total_env_steps=56272 t=0.62s
Ep 1308: len= 51 黑胜 loss=26.6979 temp=1.00 total_env_steps=56323 t=0.75s
Ep 1309: len= 37 黑胜 loss=27.2412 temp=1.00 total_env_steps=56360 t=0.61s
Ep 1310: len= 47 黑胜 loss=26.8786 temp=1.00 total_env_steps=56407 t=0.71s
Ep 1311: len= 40 白胜 loss=26.7797 temp=1.00 total_env_steps=56447 t=0.60s
Ep 1312: len= 30 白胜 loss=26.8907 temp=1.00 total_env_steps=56477 t=0.52s
Ep 1313: len= 40 白胜 loss=26.7374 temp=1.00 total_env_steps=56517 t=0.57s
Ep 1314: len= 46 白胜 loss=26.9841 temp=1.00 total_env_steps=56563 t=0.62s
Ep 1315: len= 51 黑胜 loss=26.6793 temp=1.00 total_env_steps=56614 t=0.67s
Ep 1316: len= 57 黑胜 loss=26.6115 temp=1.00 total_env_steps=56671 t=0.69s
Ep 1317: len= 36 白胜 loss=26.7833 temp=1.00 total_env_steps=56707 t=0.53s
Ep 1318: len= 49 黑胜 loss=26.9572 temp=1.00 total_env_steps=56756 t=0.66s
Ep 1319: len= 43 黑胜 loss=26.1707 temp=1.00 total_env_steps=56799 t=0.60s
Ep 1320: len= 29 黑胜 loss=26.8564 temp=1.00 total_env_steps=56828 t=0.50s
Ep 1321: len= 33 黑胜 loss=27.1428 temp=1.00 total_env_steps=56861 t=0.54s
Ep 1322: len= 33 黑胜 loss=26.8425 temp=1.00 total_env_steps=56894 t=0.55s
Ep 1323: len= 56 白胜 loss=26.5985 temp=1.00 total_env_steps=56950 t=0.71s
Ep 1324: len= 47 黑胜 loss=27.0626 temp=1.00 total_env_steps=56997 t=0.66s
Ep 1325: len= 26 白胜 loss=26.6049 temp=1.00 total_env_steps=57023 t=0.48s
Ep 1326: len= 49 黑胜 loss=26.9776 temp=1.00 total_env_steps=57072 t=0.75s
Ep 1327: len= 51 黑胜 loss=26.5928 temp=1.00 total_env_steps=57123 t=0.64s
Ep 1328: len= 26 白胜 loss=26.7482 temp=1.00 total_env_steps=57149 t=0.47s
Ep 1329: len= 31 黑胜 loss=27.1023 temp=1.00 total_env_steps=57180 t=0.49s
Ep 1330: len= 31 黑胜 loss=26.9116 temp=1.00 total_env_steps=57211 t=0.48s
Ep 1331: len= 27 黑胜 loss=26.5053 temp=1.00 total_env_steps=57238 t=0.49s
Ep 1332: len= 71 黑胜 loss=26.8067 temp=1.00 total_env_steps=57309 t=1.02s
Ep 1333: len= 23 黑胜 loss=26.9569 temp=1.00 total_env_steps=57332 t=0.48s
Ep 1334: len= 24 白胜 loss=26.6167 temp=1.00 total_env_steps=57356 t=0.48s
Ep 1335: len= 59 黑胜 loss=26.6742 temp=1.00 total_env_steps=57415 t=0.75s
Ep 1336: len= 54 白胜 loss=26.7444 temp=1.00 total_env_steps=57469 t=0.72s
Ep 1337: len= 39 黑胜 loss=26.5318 temp=1.00 total_env_steps=57508 t=0.58s
Ep 1338: len= 28 白胜 loss=26.5552 temp=1.00 total_env_steps=57536 t=0.51s
Ep 1339: len= 44 白胜 loss=27.0935 temp=1.00 total_env_steps=57580 t=0.64s
Ep 1340: len= 36 白胜 loss=27.1662 temp=1.00 total_env_steps=57616 t=0.63s
Ep 1341: len= 33 黑胜 loss=26.8136 temp=1.00 total_env_steps=57649 t=0.52s
Ep 1342: len= 47 黑胜 loss=26.8429 temp=1.00 total_env_steps=57696 t=0.64s
Ep 1343: len= 36 白胜 loss=27.0413 temp=1.00 total_env_steps=57732 t=0.57s
Ep 1344: len= 37 黑胜 loss=26.4251 temp=1.00 total_env_steps=57769 t=0.53s
Ep 1345: len= 39 黑胜 loss=26.8483 temp=1.00 total_env_steps=57808 t=0.58s
Ep 1346: len= 45 黑胜 loss=26.9327 temp=1.00 total_env_steps=57853 t=0.65s
Ep 1347: len= 36 白胜 loss=26.7354 temp=1.00 total_env_steps=57889 t=0.55s
Ep 1348: len= 28 白胜 loss=26.5178 temp=1.00 total_env_steps=57917 t=0.48s
Ep 1349: len= 81 平局 loss=26.8309 temp=1.00 total_env_steps=57998 t=1.08s
Ep 1350: len= 44 白胜 loss=26.5479 temp=1.00 total_env_steps=58042 t=0.82s
Ep 1351: len= 72 白胜 loss=26.6404 temp=1.00 total_env_steps=58114 t=0.86s
Ep 1352: len= 46 白胜 loss=26.7055 temp=1.00 total_env_steps=58160 t=0.68s
Ep 1353: len= 58 白胜 loss=26.4766 temp=1.00 total_env_steps=58218 t=0.82s
Ep 1354: len= 39 黑胜 loss=26.8621 temp=1.00 total_env_steps=58257 t=0.58s
Ep 1355: len= 53 黑胜 loss=26.6651 temp=1.00 total_env_steps=58310 t=0.78s
Ep 1356: len= 34 白胜 loss=26.9394 temp=1.00 total_env_steps=58344 t=0.69s
Ep 1357: len= 32 白胜 loss=26.5281 temp=1.00 total_env_steps=58376 t=0.55s
Ep 1358: len= 30 白胜 loss=26.7080 temp=1.00 total_env_steps=58406 t=0.55s
Ep 1359: len= 39 黑胜 loss=26.5804 temp=1.00 total_env_steps=58445 t=0.64s
Ep 1360: len= 58 白胜 loss=26.5866 temp=1.00 total_env_steps=58503 t=0.73s
Ep 1361: len= 53 黑胜 loss=26.9294 temp=1.00 total_env_steps=58556 t=0.69s
Ep 1362: len= 67 黑胜 loss=26.6990 temp=1.00 total_env_steps=58623 t=0.82s
Ep 1363: len= 49 黑胜 loss=26.5801 temp=1.00 total_env_steps=58672 t=0.67s
Ep 1364: len= 37 黑胜 loss=27.1908 temp=1.00 total_env_steps=58709 t=0.60s
Ep 1365: len= 43 黑胜 loss=26.8841 temp=1.00 total_env_steps=58752 t=0.65s
Ep 1366: len= 31 黑胜 loss=26.8034 temp=1.00 total_env_steps=58783 t=0.55s
Ep 1367: len= 66 白胜 loss=26.6671 temp=1.00 total_env_steps=58849 t=0.83s
Ep 1368: len= 51 黑胜 loss=26.9896 temp=1.00 total_env_steps=58900 t=0.67s
Ep 1369: len= 44 白胜 loss=27.0338 temp=1.00 total_env_steps=58944 t=0.64s
Ep 1370: len= 45 黑胜 loss=26.6120 temp=1.00 total_env_steps=58989 t=0.60s
Ep 1371: len= 34 白胜 loss=26.8848 temp=1.00 total_env_steps=59023 t=0.57s
Ep 1372: len= 49 黑胜 loss=27.1291 temp=1.00 total_env_steps=59072 t=0.63s
Ep 1373: len= 45 黑胜 loss=26.6663 temp=1.00 total_env_steps=59117 t=0.64s
Ep 1374: len= 37 黑胜 loss=26.6607 temp=1.00 total_env_steps=59154 t=0.55s
Ep 1375: len= 32 白胜 loss=26.5074 temp=1.00 total_env_steps=59186 t=0.51s
Ep 1376: len= 64 白胜 loss=26.6027 temp=1.00 total_env_steps=59250 t=0.74s
Ep 1377: len= 66 白胜 loss=26.5544 temp=1.00 total_env_steps=59316 t=0.76s
Ep 1378: len= 71 黑胜 loss=26.8185 temp=1.00 total_env_steps=59387 t=0.81s
Ep 1379: len= 46 白胜 loss=26.7974 temp=1.00 total_env_steps=59433 t=0.61s
Ep 1380: len= 32 白胜 loss=26.7937 temp=1.00 total_env_steps=59465 t=0.51s
Ep 1381: len= 33 黑胜 loss=26.6358 temp=1.00 total_env_steps=59498 t=0.53s
Ep 1382: len= 66 白胜 loss=26.4655 temp=1.00 total_env_steps=59564 t=0.74s
Ep 1383: len= 28 白胜 loss=26.5816 temp=1.00 total_env_steps=59592 t=0.49s
Ep 1384: len= 40 白胜 loss=26.6966 temp=1.00 total_env_steps=59632 t=0.55s
Ep 1385: len= 40 白胜 loss=26.9866 temp=1.00 total_env_steps=59672 t=0.57s
Ep 1386: len= 65 黑胜 loss=26.7047 temp=1.00 total_env_steps=59737 t=0.75s
Ep 1387: len= 55 黑胜 loss=27.1147 temp=1.00 total_env_steps=59792 t=0.65s
Ep 1388: len= 51 黑胜 loss=26.8470 temp=1.00 total_env_steps=59843 t=0.66s
Ep 1389: len= 58 白胜 loss=26.6503 temp=1.00 total_env_steps=59901 t=0.78s
Ep 1390: len= 46 白胜 loss=26.8587 temp=1.00 total_env_steps=59947 t=0.61s
Ep 1391: len= 45 黑胜 loss=26.7410 temp=1.00 total_env_steps=59992 t=0.58s
Ep 1392: len= 44 白胜 loss=26.5829 temp=1.00 total_env_steps=60036 t=0.57s
Ep 1393: len= 40 白胜 loss=26.6085 temp=1.00 total_env_steps=60076 t=0.57s
Ep 1394: len= 35 黑胜 loss=26.5796 temp=1.00 total_env_steps=60111 t=0.53s
Ep 1395: len= 32 白胜 loss=26.4685 temp=1.00 total_env_steps=60143 t=0.52s
Ep 1396: len= 34 白胜 loss=26.0790 temp=1.00 total_env_steps=60177 t=0.53s
Ep 1397: len= 38 白胜 loss=26.4357 temp=1.00 total_env_steps=60215 t=0.54s
Ep 1398: len= 33 黑胜 loss=26.6134 temp=1.00 total_env_steps=60248 t=0.48s
Ep 1399: len= 39 黑胜 loss=26.7328 temp=1.00 total_env_steps=60287 t=0.52s
Ep 1400: len= 27 黑胜 loss=26.8057 temp=1.00 total_env_steps=60314 t=0.44s
Ep 1401: len= 52 白胜 loss=26.6114 temp=1.00 total_env_steps=60366 t=0.75s
Ep 1402: len= 27 黑胜 loss=26.5748 temp=1.00 total_env_steps=60393 t=0.50s
Ep 1403: len= 40 白胜 loss=26.7487 temp=1.00 total_env_steps=60433 t=0.55s
Ep 1404: len= 41 黑胜 loss=26.5462 temp=1.00 total_env_steps=60474 t=0.52s
Ep 1405: len= 57 黑胜 loss=26.6356 temp=1.00 total_env_steps=60531 t=0.64s
Ep 1406: len= 50 白胜 loss=26.8239 temp=1.00 total_env_steps=60581 t=0.56s
Ep 1407: len= 47 黑胜 loss=26.5769 temp=1.00 total_env_steps=60628 t=0.55s
Ep 1408: len= 33 黑胜 loss=26.7955 temp=1.00 total_env_steps=60661 t=0.47s
Ep 1409: len= 31 黑胜 loss=26.7055 temp=1.00 total_env_steps=60692 t=0.46s
Ep 1410: len= 50 白胜 loss=26.8127 temp=1.00 total_env_steps=60742 t=0.58s
Ep 1411: len= 53 黑胜 loss=26.7428 temp=1.00 total_env_steps=60795 t=0.61s
Ep 1412: len= 53 黑胜 loss=26.7072 temp=1.00 total_env_steps=60848 t=0.71s
Ep 1413: len= 36 白胜 loss=26.6372 temp=1.00 total_env_steps=60884 t=0.59s
Ep 1414: len= 36 白胜 loss=26.4046 temp=1.00 total_env_steps=60920 t=0.62s
Ep 1415: len= 47 黑胜 loss=26.7354 temp=1.00 total_env_steps=60967 t=0.74s
Ep 1416: len= 38 白胜 loss=26.7498 temp=1.00 total_env_steps=61005 t=0.50s
Ep 1417: len= 31 黑胜 loss=26.6327 temp=1.00 total_env_steps=61036 t=0.45s
Ep 1418: len= 37 黑胜 loss=26.4339 temp=1.00 total_env_steps=61073 t=0.49s
Ep 1419: len= 32 白胜 loss=27.0085 temp=1.00 total_env_steps=61105 t=0.49s
Ep 1420: len= 51 黑胜 loss=27.0392 temp=1.00 total_env_steps=61156 t=0.60s
Ep 1421: len= 23 黑胜 loss=26.6584 temp=1.00 total_env_steps=61179 t=0.46s
Ep 1422: len= 39 黑胜 loss=26.9125 temp=1.00 total_env_steps=61218 t=0.53s
Ep 1423: len= 65 黑胜 loss=26.7097 temp=1.00 total_env_steps=61283 t=0.77s
Ep 1424: len= 56 白胜 loss=26.7239 temp=1.00 total_env_steps=61339 t=0.66s
Ep 1425: len= 34 白胜 loss=26.5555 temp=1.00 total_env_steps=61373 t=0.47s
Ep 1426: len= 77 黑胜 loss=26.5330 temp=1.00 total_env_steps=61450 t=0.83s
Ep 1427: len= 70 白胜 loss=26.7528 temp=1.00 total_env_steps=61520 t=0.80s
Ep 1428: len= 24 白胜 loss=26.0585 temp=1.00 total_env_steps=61544 t=0.46s
Ep 1429: len= 33 黑胜 loss=26.7197 temp=1.00 total_env_steps=61577 t=0.49s
Ep 1430: len= 58 白胜 loss=26.7457 temp=1.00 total_env_steps=61635 t=0.73s
Ep 1431: len= 33 黑胜 loss=26.4771 temp=1.00 total_env_steps=61668 t=0.49s
Ep 1432: len= 31 黑胜 loss=27.0204 temp=1.00 total_env_steps=61699 t=0.45s
Ep 1433: len= 34 白胜 loss=26.6347 temp=1.00 total_env_steps=61733 t=0.50s
Ep 1434: len= 61 黑胜 loss=26.5788 temp=1.00 total_env_steps=61794 t=0.68s
Ep 1435: len= 41 黑胜 loss=26.1335 temp=1.00 total_env_steps=61835 t=0.53s
Ep 1436: len= 49 黑胜 loss=26.8506 temp=1.00 total_env_steps=61884 t=0.65s
Ep 1437: len= 61 黑胜 loss=26.6626 temp=1.00 total_env_steps=61945 t=0.64s
Ep 1438: len= 40 白胜 loss=26.9487 temp=1.00 total_env_steps=61985 t=0.52s
Ep 1439: len= 36 白胜 loss=26.3683 temp=1.00 total_env_steps=62021 t=0.53s
Ep 1440: len= 35 黑胜 loss=26.7661 temp=1.00 total_env_steps=62056 t=0.46s
Ep 1441: len= 56 白胜 loss=26.4450 temp=1.00 total_env_steps=62112 t=0.63s
Ep 1442: len= 31 黑胜 loss=26.8282 temp=1.00 total_env_steps=62143 t=0.64s
Ep 1443: len= 36 白胜 loss=26.8333 temp=1.00 total_env_steps=62179 t=0.54s
Ep 1444: len= 29 黑胜 loss=26.7138 temp=1.00 total_env_steps=62208 t=0.45s
Ep 1445: len= 62 白胜 loss=26.6279 temp=1.00 total_env_steps=62270 t=0.68s
Ep 1446: len= 35 黑胜 loss=27.0284 temp=1.00 total_env_steps=62305 t=0.50s
Ep 1447: len= 26 白胜 loss=26.7882 temp=1.00 total_env_steps=62331 t=0.48s
Ep 1448: len= 50 白胜 loss=26.9796 temp=1.00 total_env_steps=62381 t=0.60s
Ep 1449: len= 51 黑胜 loss=26.6761 temp=1.00 total_env_steps=62432 t=0.66s
Ep 1450: len= 30 白胜 loss=26.1937 temp=1.00 total_env_steps=62462 t=0.44s
Ep 1451: len= 30 白胜 loss=26.8381 temp=1.00 total_env_steps=62492 t=0.41s
Ep 1452: len= 47 黑胜 loss=26.6925 temp=1.00 total_env_steps=62539 t=0.55s
Ep 1453: len= 36 白胜 loss=26.4772 temp=1.00 total_env_steps=62575 t=0.46s
Ep 1454: len= 54 白胜 loss=26.7951 temp=1.00 total_env_steps=62629 t=0.66s
Ep 1455: len= 50 白胜 loss=26.5841 temp=1.00 total_env_steps=62679 t=0.59s
Ep 1456: len= 56 白胜 loss=26.4782 temp=1.00 total_env_steps=62735 t=0.59s
Ep 1457: len= 72 白胜 loss=26.9079 temp=1.00 total_env_steps=62807 t=0.77s
Ep 1458: len= 54 白胜 loss=26.3914 temp=1.00 total_env_steps=62861 t=0.64s
Ep 1459: len= 70 白胜 loss=26.9977 temp=1.00 total_env_steps=62931 t=0.68s
Ep 1460: len= 54 白胜 loss=26.7196 temp=1.00 total_env_steps=62985 t=0.57s
Ep 1461: len= 45 黑胜 loss=26.7890 temp=1.00 total_env_steps=63030 t=0.62s
Ep 1462: len= 32 白胜 loss=27.0541 temp=1.00 total_env_steps=63062 t=0.48s
Ep 1463: len= 29 黑胜 loss=26.6644 temp=1.00 total_env_steps=63091 t=0.42s
Ep 1464: len= 37 黑胜 loss=26.5208 temp=1.00 total_env_steps=63128 t=0.50s
Ep 1465: len= 35 黑胜 loss=26.6274 temp=1.00 total_env_steps=63163 t=0.48s
Ep 1466: len= 54 白胜 loss=27.2001 temp=1.00 total_env_steps=63217 t=0.59s
Ep 1467: len= 37 黑胜 loss=26.7205 temp=1.00 total_env_steps=63254 t=0.46s
Ep 1468: len= 32 白胜 loss=26.5159 temp=1.00 total_env_steps=63286 t=0.44s
Ep 1469: len= 36 白胜 loss=26.8331 temp=1.00 total_env_steps=63322 t=0.47s
Ep 1470: len= 31 黑胜 loss=26.9107 temp=1.00 total_env_steps=63353 t=0.44s
Ep 1471: len= 32 白胜 loss=26.6106 temp=1.00 total_env_steps=63385 t=0.44s
Ep 1472: len= 39 黑胜 loss=26.5025 temp=1.00 total_env_steps=63424 t=0.50s
Ep 1473: len= 38 白胜 loss=26.4137 temp=1.00 total_env_steps=63462 t=0.53s
Ep 1474: len= 34 白胜 loss=26.9815 temp=1.00 total_env_steps=63496 t=0.46s
Ep 1475: len= 45 黑胜 loss=26.7771 temp=1.00 total_env_steps=63541 t=0.57s
Ep 1476: len= 34 白胜 loss=26.5464 temp=1.00 total_env_steps=63575 t=0.57s
Ep 1477: len= 38 白胜 loss=26.4862 temp=1.00 total_env_steps=63613 t=0.55s
Ep 1478: len= 27 黑胜 loss=26.6042 temp=1.00 total_env_steps=63640 t=0.47s
Ep 1479: len= 26 白胜 loss=26.5238 temp=1.00 total_env_steps=63666 t=0.41s
Ep 1480: len= 27 黑胜 loss=27.1425 temp=1.00 total_env_steps=63693 t=0.43s
Ep 1481: len= 57 黑胜 loss=26.5722 temp=1.00 total_env_steps=63750 t=0.66s
Ep 1482: len= 28 白胜 loss=26.6315 temp=1.00 total_env_steps=63778 t=0.40s
Ep 1483: len= 31 黑胜 loss=26.5196 temp=1.00 total_env_steps=63809 t=0.44s
Ep 1484: len= 80 白胜 loss=26.5106 temp=1.00 total_env_steps=63889 t=0.79s
Ep 1485: len= 63 黑胜 loss=26.7047 temp=1.00 total_env_steps=63952 t=0.71s
Ep 1486: len= 35 黑胜 loss=26.9755 temp=1.00 total_env_steps=63987 t=0.49s
Ep 1487: len= 43 黑胜 loss=26.1666 temp=1.00 total_env_steps=64030 t=0.52s
Ep 1488: len= 30 白胜 loss=26.5574 temp=1.00 total_env_steps=64060 t=0.43s
Ep 1489: len= 45 黑胜 loss=26.5485 temp=1.00 total_env_steps=64105 t=0.54s
Ep 1490: len= 47 黑胜 loss=26.6058 temp=1.00 total_env_steps=64152 t=0.55s
Ep 1491: len= 47 黑胜 loss=26.8801 temp=1.00 total_env_steps=64199 t=0.55s
Ep 1492: len= 37 黑胜 loss=26.5036 temp=1.00 total_env_steps=64236 t=0.49s
Ep 1493: len= 63 黑胜 loss=26.4832 temp=1.00 total_env_steps=64299 t=0.62s
Ep 1494: len= 32 白胜 loss=26.6589 temp=1.00 total_env_steps=64331 t=0.44s
Ep 1495: len= 55 黑胜 loss=26.8454 temp=1.00 total_env_steps=64386 t=0.59s
Ep 1496: len= 29 黑胜 loss=26.7175 temp=1.00 total_env_steps=64415 t=0.43s
Ep 1497: len= 47 黑胜 loss=27.0711 temp=1.00 total_env_steps=64462 t=0.53s
Ep 1498: len= 27 黑胜 loss=26.4966 temp=1.00 total_env_steps=64489 t=0.46s
Ep 1499: len= 32 白胜 loss=26.9207 temp=1.00 total_env_steps=64521 t=0.46s
Ep 1500: len= 34 白胜 loss=26.9127 temp=1.00 total_env_steps=64555 t=0.44s
  eval vs Gomoku-random-v0: win_rate=1.00 mean_return=1.00（20 局，total_env_steps=64555）
Ep 1501: len= 46 白胜 loss=26.8083 temp=1.00 total_env_steps=64601 t=0.57s
Ep 1502: len= 29 黑胜 loss=26.6773 temp=1.00 total_env_steps=64630 t=0.44s
Ep 1503: len= 33 黑胜 loss=26.3300 temp=1.00 total_env_steps=64663 t=0.47s
Ep 1504: len= 32 白胜 loss=26.8896 temp=1.00 total_env_steps=64695 t=0.45s
Ep 1505: len= 44 白胜 loss=26.9232 temp=1.00 total_env_steps=64739 t=0.54s
Ep 1506: len= 37 黑胜 loss=26.2551 temp=1.00 total_env_steps=64776 t=0.54s
Ep 1507: len= 47 黑胜 loss=26.5491 temp=1.00 total_env_steps=64823 t=0.59s
Ep 1508: len= 60 白胜 loss=26.7944 temp=1.00 total_env_steps=64883 t=0.73s
Ep 1509: len= 47 黑胜 loss=26.9980 temp=1.00 total_env_steps=64930 t=0.54s
Ep 1510: len= 25 黑胜 loss=26.7383 temp=1.00 total_env_steps=64955 t=0.43s
Ep 1511: len= 29 黑胜 loss=26.4227 temp=1.00 total_env_steps=64984 t=0.45s
Ep 1512: len= 34 白胜 loss=26.6351 temp=1.00 total_env_steps=65018 t=0.48s
Ep 1513: len= 28 白胜 loss=27.0828 temp=1.00 total_env_steps=65046 t=0.41s
Ep 1514: len= 29 黑胜 loss=26.7993 temp=1.00 total_env_steps=65075 t=0.48s
Ep 1515: len= 43 黑胜 loss=26.8086 temp=1.00 total_env_steps=65118 t=0.50s
Ep 1516: len= 56 白胜 loss=26.5768 temp=1.00 total_env_steps=65174 t=0.63s
Ep 1517: len= 48 白胜 loss=26.5830 temp=1.00 total_env_steps=65222 t=0.56s
Ep 1518: len= 36 白胜 loss=26.5483 temp=1.00 total_env_steps=65258 t=0.47s
Ep 1519: len= 35 黑胜 loss=26.7053 temp=1.00 total_env_steps=65293 t=0.45s
Ep 1520: len= 64 白胜 loss=26.6403 temp=1.00 total_env_steps=65357 t=0.65s
Ep 1521: len= 41 黑胜 loss=26.7645 temp=1.00 total_env_steps=65398 t=0.50s
Ep 1522: len= 44 白胜 loss=26.9645 temp=1.00 total_env_steps=65442 t=0.52s
Ep 1523: len= 45 黑胜 loss=26.8467 temp=1.00 total_env_steps=65487 t=0.53s
Ep 1524: len= 56 白胜 loss=26.6420 temp=1.00 total_env_steps=65543 t=0.59s
Ep 1525: len= 61 黑胜 loss=26.6700 temp=1.00 total_env_steps=65604 t=0.62s
Ep 1526: len= 42 白胜 loss=26.8533 temp=1.00 total_env_steps=65646 t=0.51s
Ep 1527: len= 59 黑胜 loss=26.5440 temp=1.00 total_env_steps=65705 t=0.63s
Ep 1528: len= 38 白胜 loss=26.7844 temp=1.00 total_env_steps=65743 t=0.51s
Ep 1529: len= 21 黑胜 loss=26.3871 temp=1.00 total_env_steps=65764 t=0.39s
Ep 1530: len= 42 白胜 loss=26.9642 temp=1.00 total_env_steps=65806 t=0.53s
Ep 1531: len= 64 白胜 loss=26.5138 temp=1.00 total_env_steps=65870 t=0.67s
Ep 1532: len= 56 白胜 loss=26.6102 temp=1.00 total_env_steps=65926 t=0.64s
Ep 1533: len= 46 白胜 loss=26.7538 temp=1.00 total_env_steps=65972 t=0.55s
Ep 1534: len= 51 黑胜 loss=26.2272 temp=1.00 total_env_steps=66023 t=0.61s
Ep 1535: len= 39 黑胜 loss=26.5519 temp=1.00 total_env_steps=66062 t=0.49s
Ep 1536: len= 58 白胜 loss=26.7623 temp=1.00 total_env_steps=66120 t=0.61s
Ep 1537: len= 37 黑胜 loss=26.9931 temp=1.00 total_env_steps=66157 t=0.49s
Ep 1538: len= 21 黑胜 loss=26.4905 temp=1.00 total_env_steps=66178 t=0.34s
Ep 1539: len= 42 白胜 loss=26.3032 temp=1.00 total_env_steps=66220 t=0.50s
Ep 1540: len= 60 白胜 loss=26.4475 temp=1.00 total_env_steps=66280 t=0.61s
Ep 1541: len= 40 白胜 loss=26.4764 temp=1.00 total_env_steps=66320 t=0.46s
Ep 1542: len= 32 白胜 loss=27.2440 temp=1.00 total_env_steps=66352 t=0.43s
Ep 1543: len= 48 白胜 loss=27.0049 temp=1.00 total_env_steps=66400 t=0.58s
Ep 1544: len= 60 白胜 loss=26.3691 temp=1.00 total_env_steps=66460 t=0.59s
Ep 1545: len= 46 白胜 loss=26.4129 temp=1.00 total_env_steps=66506 t=0.50s
Ep 1546: len= 56 白胜 loss=27.1746 temp=1.00 total_env_steps=66562 t=0.59s
Ep 1547: len= 64 白胜 loss=26.5602 temp=1.00 total_env_steps=66626 t=0.66s
Ep 1548: len= 38 白胜 loss=26.5560 temp=1.00 total_env_steps=66664 t=0.47s
Ep 1549: len= 29 黑胜 loss=26.5579 temp=1.00 total_env_steps=66693 t=0.44s
Ep 1550: len= 63 黑胜 loss=26.3722 temp=1.00 total_env_steps=66756 t=0.64s
Ep 1551: len= 55 黑胜 loss=26.3638 temp=1.00 total_env_steps=66811 t=0.61s
Ep 1552: len= 47 黑胜 loss=26.6123 temp=1.00 total_env_steps=66858 t=0.68s
Ep 1553: len= 66 白胜 loss=26.7039 temp=1.00 total_env_steps=66924 t=0.69s
Ep 1554: len= 39 黑胜 loss=26.6684 temp=1.00 total_env_steps=66963 t=0.50s
Ep 1555: len= 50 白胜 loss=27.1483 temp=1.00 total_env_steps=67013 t=0.54s
Ep 1556: len= 46 白胜 loss=26.5874 temp=1.00 total_env_steps=67059 t=0.50s
Ep 1557: len= 39 黑胜 loss=26.3321 temp=1.00 total_env_steps=67098 t=0.45s
Ep 1558: len= 38 白胜 loss=26.8099 temp=1.00 total_env_steps=67136 t=0.45s
Ep 1559: len= 30 白胜 loss=26.5408 temp=1.00 total_env_steps=67166 t=0.40s
Ep 1560: len= 23 黑胜 loss=26.7778 temp=1.00 total_env_steps=67189 t=0.36s
Ep 1561: len= 47 黑胜 loss=26.4774 temp=1.00 total_env_steps=67236 t=0.50s
Ep 1562: len= 59 黑胜 loss=26.5490 temp=1.00 total_env_steps=67295 t=0.58s
Ep 1563: len= 64 白胜 loss=26.5135 temp=1.00 total_env_steps=67359 t=0.61s
Ep 1564: len= 48 白胜 loss=26.6134 temp=1.00 total_env_steps=67407 t=0.56s
Ep 1565: len= 44 白胜 loss=26.7146 temp=1.00 total_env_steps=67451 t=0.63s
Ep 1566: len= 51 黑胜 loss=26.9087 temp=1.00 total_env_steps=67502 t=0.58s
Ep 1567: len= 73 黑胜 loss=27.1708 temp=1.00 total_env_steps=67575 t=0.72s
Ep 1568: len= 38 白胜 loss=26.9396 temp=1.00 total_env_steps=67613 t=0.45s
Ep 1569: len= 29 黑胜 loss=26.8741 temp=1.00 total_env_steps=67642 t=0.41s
Ep 1570: len= 41 黑胜 loss=26.5171 temp=1.00 total_env_steps=67683 t=0.47s
Ep 1571: len= 59 黑胜 loss=26.7562 temp=1.00 total_env_steps=67742 t=0.57s
Ep 1572: len= 31 黑胜 loss=26.6286 temp=1.00 total_env_steps=67773 t=0.41s
Ep 1573: len= 43 黑胜 loss=26.8536 temp=1.00 total_env_steps=67816 t=0.50s
Ep 1574: len= 51 黑胜 loss=26.8182 temp=1.00 total_env_steps=67867 t=0.56s
Ep 1575: len= 54 白胜 loss=26.9981 temp=1.00 total_env_steps=67921 t=0.65s
Ep 1576: len= 73 黑胜 loss=26.3868 temp=1.00 total_env_steps=67994 t=0.80s
Ep 1577: len= 52 白胜 loss=26.7941 temp=1.00 total_env_steps=68046 t=0.56s
Ep 1578: len= 48 白胜 loss=26.6602 temp=1.00 total_env_steps=68094 t=0.52s
Ep 1579: len= 41 黑胜 loss=26.6236 temp=1.00 total_env_steps=68135 t=0.46s
Ep 1580: len= 77 黑胜 loss=26.7034 temp=1.00 total_env_steps=68212 t=0.74s
Ep 1581: len= 55 黑胜 loss=26.8401 temp=1.00 total_env_steps=68267 t=0.62s
Ep 1582: len= 64 白胜 loss=26.4264 temp=1.00 total_env_steps=68331 t=0.63s
Ep 1583: len= 55 黑胜 loss=26.8157 temp=1.00 total_env_steps=68386 t=0.60s
Ep 1584: len= 39 黑胜 loss=27.1099 temp=1.00 total_env_steps=68425 t=0.49s
Ep 1585: len= 18 白胜 loss=27.0966 temp=1.00 total_env_steps=68443 t=0.37s
Ep 1586: len= 42 白胜 loss=26.5602 temp=1.00 total_env_steps=68485 t=0.54s
Ep 1587: len= 41 黑胜 loss=26.7514 temp=1.00 total_env_steps=68526 t=0.50s
Ep 1588: len= 38 白胜 loss=26.4313 temp=1.00 total_env_steps=68564 t=0.49s
Ep 1589: len= 47 黑胜 loss=27.3929 temp=1.00 total_env_steps=68611 t=0.53s
Ep 1590: len= 42 白胜 loss=26.4125 temp=1.00 total_env_steps=68653 t=0.52s
Ep 1591: len= 39 黑胜 loss=26.6649 temp=1.00 total_env_steps=68692 t=0.51s
Ep 1592: len= 24 白胜 loss=26.6532 temp=1.00 total_env_steps=68716 t=0.39s
Ep 1593: len= 44 白胜 loss=26.6792 temp=1.00 total_env_steps=68760 t=0.52s
Ep 1594: len= 55 黑胜 loss=26.9952 temp=1.00 total_env_steps=68815 t=0.57s
Ep 1595: len= 81 平局 loss=26.8000 temp=1.00 total_env_steps=68896 t=0.87s
Ep 1596: len= 32 白胜 loss=27.0656 temp=1.00 total_env_steps=68928 t=0.48s
Ep 1597: len= 50 白胜 loss=26.3298 temp=1.00 total_env_steps=68978 t=0.61s
Ep 1598: len= 50 白胜 loss=26.5029 temp=1.00 total_env_steps=69028 t=0.63s
Ep 1599: len= 27 黑胜 loss=26.7755 temp=1.00 total_env_steps=69055 t=0.43s
Ep 1600: len= 20 白胜 loss=26.3560 temp=1.00 total_env_steps=69075 t=0.37s
Ep 1601: len= 40 白胜 loss=26.9087 temp=1.00 total_env_steps=69115 t=0.51s
Ep 1602: len= 36 白胜 loss=26.2099 temp=1.00 total_env_steps=69151 t=0.46s
Ep 1603: len= 51 黑胜 loss=26.4181 temp=1.00 total_env_steps=69202 t=0.59s
Ep 1604: len= 54 白胜 loss=26.6690 temp=1.00 total_env_steps=69256 t=0.67s
Ep 1605: len= 31 黑胜 loss=26.8265 temp=1.00 total_env_steps=69287 t=0.48s
Ep 1606: len= 35 黑胜 loss=26.9846 temp=1.00 total_env_steps=69322 t=0.49s
Ep 1607: len= 27 黑胜 loss=26.8084 temp=1.00 total_env_steps=69349 t=0.40s
Ep 1608: len= 26 白胜 loss=26.5847 temp=1.00 total_env_steps=69375 t=0.43s
Ep 1609: len= 41 黑胜 loss=26.9652 temp=1.00 total_env_steps=69416 t=0.56s
Ep 1610: len= 81 平局 loss=26.5565 temp=1.00 total_env_steps=69497 t=0.81s
Ep 1611: len= 48 白胜 loss=26.8305 temp=1.00 total_env_steps=69545 t=0.58s
Ep 1612: len= 49 黑胜 loss=26.7611 temp=1.00 total_env_steps=69594 t=0.59s
Ep 1613: len= 35 黑胜 loss=26.9525 temp=1.00 total_env_steps=69629 t=0.51s
Ep 1614: len= 60 白胜 loss=26.5834 temp=1.00 total_env_steps=69689 t=0.68s
Ep 1615: len= 23 黑胜 loss=27.1841 temp=1.00 total_env_steps=69712 t=0.44s
Ep 1616: len= 34 白胜 loss=26.8104 temp=1.00 total_env_steps=69746 t=0.52s
Ep 1617: len= 37 黑胜 loss=26.8182 temp=1.00 total_env_steps=69783 t=0.53s
Ep 1618: len= 65 黑胜 loss=26.6110 temp=1.00 total_env_steps=69848 t=0.76s
Ep 1619: len= 51 黑胜 loss=26.9464 temp=1.00 total_env_steps=69899 t=0.63s
Ep 1620: len= 41 黑胜 loss=27.0498 temp=1.00 total_env_steps=69940 t=0.49s
Ep 1621: len= 61 黑胜 loss=26.5579 temp=1.00 total_env_steps=70001 t=0.67s
Ep 1622: len= 53 黑胜 loss=26.5209 temp=1.00 total_env_steps=70054 t=0.56s
Ep 1623: len= 57 黑胜 loss=26.6979 temp=1.00 total_env_steps=70111 t=0.61s
Ep 1624: len= 38 白胜 loss=26.9199 temp=1.00 total_env_steps=70149 t=0.51s
Ep 1625: len= 33 黑胜 loss=26.3166 temp=1.00 total_env_steps=70182 t=0.45s
Ep 1626: len= 76 白胜 loss=26.9927 temp=1.00 total_env_steps=70258 t=0.74s
Ep 1627: len= 54 白胜 loss=26.9704 temp=1.00 total_env_steps=70312 t=0.59s
Ep 1628: len= 33 黑胜 loss=26.6999 temp=1.00 total_env_steps=70345 t=0.44s
Ep 1629: len= 30 白胜 loss=26.3585 temp=1.00 total_env_steps=70375 t=0.43s
Ep 1630: len= 48 白胜 loss=26.7645 temp=1.00 total_env_steps=70423 t=0.57s
Ep 1631: len= 45 黑胜 loss=26.6786 temp=1.00 total_env_steps=70468 t=0.55s
Ep 1632: len= 47 黑胜 loss=26.6443 temp=1.00 total_env_steps=70515 t=0.55s
Ep 1633: len= 46 白胜 loss=26.7684 temp=1.00 total_env_steps=70561 t=0.55s
Ep 1634: len= 17 黑胜 loss=26.9024 temp=1.00 total_env_steps=70578 t=0.39s
Ep 1635: len= 51 黑胜 loss=26.5469 temp=1.00 total_env_steps=70629 t=0.62s
Ep 1636: len= 59 黑胜 loss=26.5767 temp=1.00 total_env_steps=70688 t=0.64s
Ep 1637: len= 39 黑胜 loss=26.8026 temp=1.00 total_env_steps=70727 t=0.51s
Ep 1638: len= 43 黑胜 loss=26.5105 temp=1.00 total_env_steps=70770 t=0.51s
Ep 1639: len= 41 黑胜 loss=26.5201 temp=1.00 total_env_steps=70811 t=0.51s
Ep 1640: len= 47 黑胜 loss=27.1959 temp=1.00 total_env_steps=70858 t=0.53s
Ep 1641: len= 70 白胜 loss=26.7495 temp=1.00 total_env_steps=70928 t=0.68s
Ep 1642: len= 26 白胜 loss=26.9143 temp=1.00 total_env_steps=70954 t=0.42s
Ep 1643: len= 72 白胜 loss=26.9693 temp=1.00 total_env_steps=71026 t=0.72s
Ep 1644: len= 27 黑胜 loss=26.3865 temp=1.00 total_env_steps=71053 t=0.40s
Ep 1645: len= 37 黑胜 loss=26.4864 temp=1.00 total_env_steps=71090 t=0.49s
Ep 1646: len= 33 黑胜 loss=26.5837 temp=1.00 total_env_steps=71123 t=0.43s
Ep 1647: len= 33 黑胜 loss=26.6350 temp=1.00 total_env_steps=71156 t=0.43s
Ep 1648: len= 73 黑胜 loss=26.7224 temp=1.00 total_env_steps=71229 t=0.75s
Ep 1649: len= 34 白胜 loss=26.2817 temp=1.00 total_env_steps=71263 t=0.45s
Ep 1650: len= 23 黑胜 loss=26.9262 temp=1.00 total_env_steps=71286 t=0.37s
Ep 1651: len= 58 白胜 loss=26.4237 temp=1.00 total_env_steps=71344 t=0.63s
Ep 1652: len= 46 白胜 loss=26.3443 temp=1.00 total_env_steps=71390 t=0.59s
Ep 1653: len= 58 白胜 loss=26.9123 temp=1.00 total_env_steps=71448 t=0.67s
Ep 1654: len= 41 黑胜 loss=26.8357 temp=1.00 total_env_steps=71489 t=0.49s
Ep 1655: len= 36 白胜 loss=26.5668 temp=1.00 total_env_steps=71525 t=0.47s
Ep 1656: len= 46 白胜 loss=26.9885 temp=1.00 total_env_steps=71571 t=0.55s
Ep 1657: len= 32 白胜 loss=26.6992 temp=1.00 total_env_steps=71603 t=0.47s
Ep 1658: len= 33 黑胜 loss=26.6704 temp=1.00 total_env_steps=71636 t=0.49s
Ep 1659: len= 38 白胜 loss=26.8652 temp=1.00 total_env_steps=71674 t=0.56s
Ep 1660: len= 37 黑胜 loss=26.6025 temp=1.00 total_env_steps=71711 t=0.53s
Ep 1661: len= 20 白胜 loss=26.7689 temp=1.00 total_env_steps=71731 t=0.42s
Ep 1662: len= 42 白胜 loss=26.9948 temp=1.00 total_env_steps=71773 t=0.56s
Ep 1663: len= 41 黑胜 loss=26.8878 temp=1.00 total_env_steps=71814 t=0.61s
Ep 1664: len= 33 黑胜 loss=26.8714 temp=1.00 total_env_steps=71847 t=0.53s
Ep 1665: len= 39 黑胜 loss=26.9270 temp=1.00 total_env_steps=71886 t=0.56s
Ep 1666: len= 31 黑胜 loss=26.7301 temp=1.00 total_env_steps=71917 t=0.48s
Ep 1667: len= 17 黑胜 loss=26.7819 temp=1.00 total_env_steps=71934 t=0.35s
Ep 1668: len= 53 黑胜 loss=26.3630 temp=1.00 total_env_steps=71987 t=0.60s
Ep 1669: len= 53 黑胜 loss=26.6319 temp=1.00 total_env_steps=72040 t=0.67s
Ep 1670: len= 41 黑胜 loss=26.5854 temp=1.00 total_env_steps=72081 t=0.55s
Ep 1671: len= 40 白胜 loss=26.7557 temp=1.00 total_env_steps=72121 t=0.49s
Ep 1672: len= 52 白胜 loss=26.9124 temp=1.00 total_env_steps=72173 t=0.55s
Ep 1673: len= 41 黑胜 loss=27.0344 temp=1.00 total_env_steps=72214 t=0.48s
Ep 1674: len= 44 白胜 loss=27.0007 temp=1.00 total_env_steps=72258 t=0.55s
Ep 1675: len= 35 黑胜 loss=27.1141 temp=1.00 total_env_steps=72293 t=0.47s
Ep 1676: len= 46 白胜 loss=26.5062 temp=1.00 total_env_steps=72339 t=0.52s
Ep 1677: len= 54 白胜 loss=26.3198 temp=1.00 total_env_steps=72393 t=0.58s
Ep 1678: len= 53 黑胜 loss=26.7675 temp=1.00 total_env_steps=72446 t=0.58s
Ep 1679: len= 53 黑胜 loss=26.4827 temp=1.00 total_env_steps=72499 t=0.55s
Ep 1680: len= 37 黑胜 loss=27.0720 temp=1.00 total_env_steps=72536 t=0.46s
Ep 1681: len= 17 黑胜 loss=26.6493 temp=1.00 total_env_steps=72553 t=0.33s
Ep 1682: len= 34 白胜 loss=26.8967 temp=1.00 total_env_steps=72587 t=0.44s
Ep 1683: len= 34 白胜 loss=26.6591 temp=1.00 total_env_steps=72621 t=0.45s
Ep 1684: len= 42 白胜 loss=27.0831 temp=1.00 total_env_steps=72663 t=0.51s
Ep 1685: len= 42 白胜 loss=26.6757 temp=1.00 total_env_steps=72705 t=0.53s
Ep 1686: len= 43 黑胜 loss=26.5139 temp=1.00 total_env_steps=72748 t=0.49s
Ep 1687: len= 45 黑胜 loss=27.3140 temp=1.00 total_env_steps=72793 t=0.50s
Ep 1688: len= 27 黑胜 loss=26.4586 temp=1.00 total_env_steps=72820 t=0.39s
Ep 1689: len= 42 白胜 loss=26.5157 temp=1.00 total_env_steps=72862 t=0.51s
Ep 1690: len= 39 黑胜 loss=26.8963 temp=1.00 total_env_steps=72901 t=0.55s
Ep 1691: len= 26 白胜 loss=27.1251 temp=1.00 total_env_steps=72927 t=0.41s
Ep 1692: len= 32 白胜 loss=26.4658 temp=1.00 total_env_steps=72959 t=0.45s
Ep 1693: len= 60 白胜 loss=26.4822 temp=1.00 total_env_steps=73019 t=0.66s
Ep 1694: len= 40 白胜 loss=26.5414 temp=1.00 total_env_steps=73059 t=0.53s
Ep 1695: len= 43 黑胜 loss=26.5685 temp=1.00 total_env_steps=73102 t=0.52s
Ep 1696: len= 37 黑胜 loss=26.8889 temp=1.00 total_env_steps=73139 t=0.58s
Ep 1697: len= 62 白胜 loss=26.8527 temp=1.00 total_env_steps=73201 t=0.70s
Ep 1698: len= 44 白胜 loss=26.6459 temp=1.00 total_env_steps=73245 t=0.56s
Ep 1699: len= 57 黑胜 loss=26.5980 temp=1.00 total_env_steps=73302 t=0.71s
Ep 1700: len= 32 白胜 loss=26.7392 temp=1.00 total_env_steps=73334 t=0.47s
Ep 1701: len= 41 黑胜 loss=26.8410 temp=1.00 total_env_steps=73375 t=0.48s
Ep 1702: len= 66 白胜 loss=26.9571 temp=1.00 total_env_steps=73441 t=0.64s
Ep 1703: len= 42 白胜 loss=26.9781 temp=1.00 total_env_steps=73483 t=0.51s
Ep 1704: len= 62 白胜 loss=26.8315 temp=1.00 total_env_steps=73545 t=0.67s
Ep 1705: len= 33 黑胜 loss=26.5106 temp=1.00 total_env_steps=73578 t=0.46s
Ep 1706: len= 49 黑胜 loss=27.0515 temp=1.00 total_env_steps=73627 t=0.57s
Ep 1707: len= 24 白胜 loss=26.7506 temp=1.00 total_env_steps=73651 t=0.42s
Ep 1708: len= 56 白胜 loss=26.8460 temp=1.00 total_env_steps=73707 t=0.69s
Ep 1709: len= 73 黑胜 loss=26.6540 temp=1.00 total_env_steps=73780 t=0.76s
Ep 1710: len= 39 黑胜 loss=27.1086 temp=1.00 total_env_steps=73819 t=0.49s
Ep 1711: len= 36 白胜 loss=26.0982 temp=1.00 total_env_steps=73855 t=0.49s
Ep 1712: len= 58 白胜 loss=26.5449 temp=1.00 total_env_steps=73913 t=0.67s
Ep 1713: len= 34 白胜 loss=26.3542 temp=1.00 total_env_steps=73947 t=0.44s
Ep 1714: len= 56 白胜 loss=26.9005 temp=1.00 total_env_steps=74003 t=0.62s
Ep 1715: len= 62 白胜 loss=26.5212 temp=1.00 total_env_steps=74065 t=0.66s
Ep 1716: len= 29 黑胜 loss=26.5710 temp=1.00 total_env_steps=74094 t=0.45s
Ep 1717: len= 64 白胜 loss=26.6137 temp=1.00 total_env_steps=74158 t=0.67s
Ep 1718: len= 37 黑胜 loss=26.5367 temp=1.00 total_env_steps=74195 t=0.47s
Ep 1719: len= 36 白胜 loss=26.6392 temp=1.00 total_env_steps=74231 t=0.49s
Ep 1720: len= 29 黑胜 loss=26.3717 temp=1.00 total_env_steps=74260 t=0.43s
Ep 1721: len= 25 黑胜 loss=26.7847 temp=1.00 total_env_steps=74285 t=0.39s
Ep 1722: len= 72 白胜 loss=26.8551 temp=1.00 total_env_steps=74357 t=0.78s
Ep 1723: len= 32 白胜 loss=26.6215 temp=1.00 total_env_steps=74389 t=0.44s
Ep 1724: len= 65 黑胜 loss=26.3818 temp=1.00 total_env_steps=74454 t=0.74s
Ep 1725: len= 27 黑胜 loss=26.5397 temp=1.00 total_env_steps=74481 t=0.39s
Ep 1726: len= 68 白胜 loss=26.7174 temp=1.00 total_env_steps=74549 t=0.66s
Ep 1727: len= 39 黑胜 loss=26.7221 temp=1.00 total_env_steps=74588 t=0.47s
Ep 1728: len= 55 黑胜 loss=26.6014 temp=1.00 total_env_steps=74643 t=0.62s
Ep 1729: len= 34 白胜 loss=26.5476 temp=1.00 total_env_steps=74677 t=0.47s
Ep 1730: len= 26 白胜 loss=26.5666 temp=1.00 total_env_steps=74703 t=0.39s
Ep 1731: len= 61 黑胜 loss=26.8669 temp=1.00 total_env_steps=74764 t=0.71s
Ep 1732: len= 61 黑胜 loss=26.9390 temp=1.00 total_env_steps=74825 t=0.65s
Ep 1733: len= 61 黑胜 loss=27.2232 temp=1.00 total_env_steps=74886 t=0.63s
Ep 1734: len= 47 黑胜 loss=26.6679 temp=1.00 total_env_steps=74933 t=0.54s
Ep 1735: len= 61 黑胜 loss=26.5653 temp=1.00 total_env_steps=74994 t=0.69s
Ep 1736: len= 56 白胜 loss=26.9781 temp=1.00 total_env_steps=75050 t=0.62s
Ep 1737: len= 27 黑胜 loss=26.7181 temp=1.00 total_env_steps=75077 t=0.40s
Ep 1738: len= 31 黑胜 loss=26.8031 temp=1.00 total_env_steps=75108 t=0.43s
Ep 1739: len= 31 黑胜 loss=26.5891 temp=1.00 total_env_steps=75139 t=0.47s
Ep 1740: len= 47 黑胜 loss=26.7922 temp=1.00 total_env_steps=75186 t=0.53s
Ep 1741: len= 31 黑胜 loss=26.7374 temp=1.00 total_env_steps=75217 t=0.43s
Ep 1742: len= 42 白胜 loss=26.5186 temp=1.00 total_env_steps=75259 t=0.53s
Ep 1743: len= 25 黑胜 loss=26.7732 temp=1.00 total_env_steps=75284 t=0.38s
Ep 1744: len= 66 白胜 loss=26.5913 temp=1.00 total_env_steps=75350 t=0.71s
Ep 1745: len= 29 黑胜 loss=27.0922 temp=1.00 total_env_steps=75379 t=0.42s
Ep 1746: len= 34 白胜 loss=26.8552 temp=1.00 total_env_steps=75413 t=0.45s
Ep 1747: len= 50 白胜 loss=26.5327 temp=1.00 total_env_steps=75463 t=0.55s
Ep 1748: len= 40 白胜 loss=26.4810 temp=1.00 total_env_steps=75503 t=0.48s
Ep 1749: len= 53 黑胜 loss=27.1722 temp=1.00 total_env_steps=75556 t=0.58s
Ep 1750: len= 42 白胜 loss=26.6556 temp=1.00 total_env_steps=75598 t=0.49s
Ep 1751: len= 80 白胜 loss=26.7476 temp=1.00 total_env_steps=75678 t=0.77s
Ep 1752: len= 54 白胜 loss=26.9366 temp=1.00 total_env_steps=75732 t=0.60s
Ep 1753: len= 60 白胜 loss=26.7874 temp=1.00 total_env_steps=75792 t=0.60s
Ep 1754: len= 26 白胜 loss=26.6931 temp=1.00 total_env_steps=75818 t=0.41s
Ep 1755: len= 48 白胜 loss=27.1563 temp=1.00 total_env_steps=75866 t=0.54s
Ep 1756: len= 77 黑胜 loss=26.2944 temp=1.00 total_env_steps=75943 t=0.73s
Ep 1757: len= 31 黑胜 loss=26.6893 temp=1.00 total_env_steps=75974 t=0.43s
Ep 1758: len= 38 白胜 loss=26.4807 temp=1.00 total_env_steps=76012 t=0.49s
Ep 1759: len= 48 白胜 loss=26.3274 temp=1.00 total_env_steps=76060 t=0.54s
Ep 1760: len= 45 黑胜 loss=26.7769 temp=1.00 total_env_steps=76105 t=0.51s
Ep 1761: len= 36 白胜 loss=26.6210 temp=1.00 total_env_steps=76141 t=0.49s
Ep 1762: len= 72 白胜 loss=26.6417 temp=1.00 total_env_steps=76213 t=0.73s
Ep 1763: len= 75 黑胜 loss=26.8177 temp=1.00 total_env_steps=76288 t=0.82s
Ep 1764: len= 54 白胜 loss=26.9950 temp=1.00 total_env_steps=76342 t=0.64s
Ep 1765: len= 47 黑胜 loss=26.8605 temp=1.00 total_env_steps=76389 t=0.55s
Ep 1766: len= 37 黑胜 loss=26.6377 temp=1.00 total_env_steps=76426 t=0.52s
Ep 1767: len= 39 黑胜 loss=26.8782 temp=1.00 total_env_steps=76465 t=0.52s
Ep 1768: len= 55 黑胜 loss=26.8329 temp=1.00 total_env_steps=76520 t=0.61s
Ep 1769: len= 72 白胜 loss=26.4496 temp=1.00 total_env_steps=76592 t=0.73s
Ep 1770: len= 59 黑胜 loss=26.9332 temp=1.00 total_env_steps=76651 t=0.64s
Ep 1771: len= 45 黑胜 loss=27.0939 temp=1.00 total_env_steps=76696 t=0.53s
Ep 1772: len= 40 白胜 loss=26.5546 temp=1.00 total_env_steps=76736 t=0.47s
Ep 1773: len= 23 黑胜 loss=27.0380 temp=1.00 total_env_steps=76759 t=0.38s
Ep 1774: len= 29 黑胜 loss=26.6954 temp=1.00 total_env_steps=76788 t=0.45s
Ep 1775: len= 58 白胜 loss=26.7523 temp=1.00 total_env_steps=76846 t=0.65s
Ep 1776: len= 53 黑胜 loss=26.6515 temp=1.00 total_env_steps=76899 t=0.61s
Ep 1777: len= 28 白胜 loss=26.9002 temp=1.00 total_env_steps=76927 t=0.41s
Ep 1778: len= 65 黑胜 loss=26.7895 temp=1.00 total_env_steps=76992 t=0.70s
Ep 1779: len= 79 黑胜 loss=26.9634 temp=1.00 total_env_steps=77071 t=0.77s
Ep 1780: len= 43 黑胜 loss=26.4323 temp=1.00 total_env_steps=77114 t=0.52s
Ep 1781: len= 44 白胜 loss=26.9820 temp=1.00 total_env_steps=77158 t=0.65s
Ep 1782: len= 35 黑胜 loss=26.7590 temp=1.00 total_env_steps=77193 t=0.47s
Ep 1783: len= 46 白胜 loss=26.5404 temp=1.00 total_env_steps=77239 t=0.54s
Ep 1784: len= 57 黑胜 loss=26.8057 temp=1.00 total_env_steps=77296 t=0.63s
Ep 1785: len= 42 白胜 loss=26.8771 temp=1.00 total_env_steps=77338 t=0.51s
Ep 1786: len= 57 黑胜 loss=26.8364 temp=1.00 total_env_steps=77395 t=0.59s
Ep 1787: len= 28 白胜 loss=27.1261 temp=1.00 total_env_steps=77423 t=0.41s
Ep 1788: len= 37 黑胜 loss=26.9431 temp=1.00 total_env_steps=77460 t=0.50s
Ep 1789: len= 30 白胜 loss=26.7908 temp=1.00 total_env_steps=77490 t=0.45s
Ep 1790: len= 64 白胜 loss=26.6492 temp=1.00 total_env_steps=77554 t=0.70s
Ep 1791: len= 42 白胜 loss=27.0473 temp=1.00 total_env_steps=77596 t=0.56s
Ep 1792: len= 41 黑胜 loss=26.9964 temp=1.00 total_env_steps=77637 t=0.50s
Ep 1793: len= 65 黑胜 loss=26.9059 temp=1.00 total_env_steps=77702 t=0.82s
Ep 1794: len= 64 白胜 loss=27.0283 temp=1.00 total_env_steps=77766 t=0.66s
Ep 1795: len= 47 黑胜 loss=26.9349 temp=1.00 total_env_steps=77813 t=0.55s
Ep 1796: len= 31 黑胜 loss=26.5002 temp=1.00 total_env_steps=77844 t=0.45s
Ep 1797: len= 47 黑胜 loss=26.9028 temp=1.00 total_env_steps=77891 t=0.60s
Ep 1798: len= 36 白胜 loss=27.1403 temp=1.00 total_env_steps=77927 t=0.50s
Ep 1799: len= 63 黑胜 loss=27.0437 temp=1.00 total_env_steps=77990 t=0.66s
Ep 1800: len= 66 白胜 loss=26.6235 temp=1.00 total_env_steps=78056 t=0.72s
Ep 1801: len= 76 白胜 loss=27.1901 temp=1.00 total_env_steps=78132 t=0.77s
Ep 1802: len= 44 白胜 loss=26.8259 temp=1.00 total_env_steps=78176 t=0.53s
Ep 1803: len= 46 白胜 loss=26.9106 temp=1.00 total_env_steps=78222 t=0.54s
Ep 1804: len= 41 黑胜 loss=27.3712 temp=1.00 total_env_steps=78263 t=0.50s
Ep 1805: len= 33 黑胜 loss=26.8013 temp=1.00 total_env_steps=78296 t=0.49s
Ep 1806: len= 52 白胜 loss=26.8933 temp=1.00 total_env_steps=78348 t=0.61s
Ep 1807: len= 45 黑胜 loss=26.9487 temp=1.00 total_env_steps=78393 t=0.56s
Ep 1808: len= 48 白胜 loss=26.9964 temp=1.00 total_env_steps=78441 t=0.59s
Ep 1809: len= 55 黑胜 loss=26.9368 temp=1.00 total_env_steps=78496 t=0.65s
Ep 1810: len= 53 黑胜 loss=26.8884 temp=1.00 total_env_steps=78549 t=0.61s
Ep 1811: len= 17 黑胜 loss=26.8906 temp=1.00 total_env_steps=78566 t=0.34s
Ep 1812: len= 41 黑胜 loss=26.7029 temp=1.00 total_env_steps=78607 t=0.54s
Ep 1813: len= 41 黑胜 loss=27.0490 temp=1.00 total_env_steps=78648 t=0.51s
Ep 1814: len= 57 黑胜 loss=27.1120 temp=1.00 total_env_steps=78705 t=0.65s
Ep 1815: len= 49 黑胜 loss=26.7550 temp=1.00 total_env_steps=78754 t=0.59s
Ep 1816: len= 41 黑胜 loss=27.0516 temp=1.00 total_env_steps=78795 t=0.57s
Ep 1817: len= 43 黑胜 loss=26.8753 temp=1.00 total_env_steps=78838 t=0.52s
Ep 1818: len= 69 黑胜 loss=27.0162 temp=1.00 total_env_steps=78907 t=0.73s
Ep 1819: len= 53 黑胜 loss=26.4622 temp=1.00 total_env_steps=78960 t=0.61s
Ep 1820: len= 81 平局 loss=27.0565 temp=1.00 total_env_steps=79041 t=0.77s
Ep 1821: len= 53 黑胜 loss=26.5134 temp=1.00 total_env_steps=79094 t=0.59s
Ep 1822: len= 36 白胜 loss=26.8478 temp=1.00 total_env_steps=79130 t=0.48s
Ep 1823: len= 71 黑胜 loss=26.5790 temp=1.00 total_env_steps=79201 t=0.70s
Ep 1824: len= 50 白胜 loss=27.1233 temp=1.00 total_env_steps=79251 t=0.56s
Ep 1825: len= 34 白胜 loss=26.9044 temp=1.00 total_env_steps=79285 t=0.49s
Ep 1826: len= 24 白胜 loss=26.9640 temp=1.00 total_env_steps=79309 t=0.40s
Ep 1827: len= 60 白胜 loss=27.0900 temp=1.00 total_env_steps=79369 t=0.63s
Ep 1828: len= 49 黑胜 loss=26.9133 temp=1.00 total_env_steps=79418 t=0.57s
Ep 1829: len= 46 白胜 loss=26.6123 temp=1.00 total_env_steps=79464 t=0.54s
Ep 1830: len= 35 黑胜 loss=26.7376 temp=1.00 total_env_steps=79499 t=0.49s
Ep 1831: len= 55 黑胜 loss=26.5610 temp=1.00 total_env_steps=79554 t=0.60s
Ep 1832: len= 38 白胜 loss=26.9721 temp=1.00 total_env_steps=79592 t=0.49s
Ep 1833: len= 36 白胜 loss=27.3136 temp=1.00 total_env_steps=79628 t=0.47s
Ep 1834: len= 63 黑胜 loss=26.7277 temp=1.00 total_env_steps=79691 t=0.66s
Ep 1835: len= 46 白胜 loss=26.8959 temp=1.00 total_env_steps=79737 t=0.53s
Ep 1836: len= 41 黑胜 loss=27.0871 temp=1.00 total_env_steps=79778 t=0.51s
Ep 1837: len= 33 黑胜 loss=26.9267 temp=1.00 total_env_steps=79811 t=0.46s
Ep 1838: len= 44 白胜 loss=26.8867 temp=1.00 total_env_steps=79855 t=0.60s
Ep 1839: len= 36 白胜 loss=26.8300 temp=1.00 total_env_steps=79891 t=0.48s
Ep 1840: len= 31 黑胜 loss=26.7848 temp=1.00 total_env_steps=79922 t=0.44s
Ep 1841: len= 52 白胜 loss=27.1733 temp=1.00 total_env_steps=79974 t=0.62s
Ep 1842: len= 55 黑胜 loss=26.7646 temp=1.00 total_env_steps=80029 t=0.61s
Ep 1843: len= 26 白胜 loss=27.0847 temp=1.00 total_env_steps=80055 t=0.44s
Ep 1844: len= 57 黑胜 loss=26.8324 temp=1.00 total_env_steps=80112 t=0.65s
Ep 1845: len= 34 白胜 loss=26.4579 temp=1.00 total_env_steps=80146 t=0.48s
Ep 1846: len= 36 白胜 loss=26.7814 temp=1.00 total_env_steps=80182 t=0.48s
Ep 1847: len= 13 黑胜 loss=27.1722 temp=1.00 total_env_steps=80195 t=0.33s
Ep 1848: len= 38 白胜 loss=26.7985 temp=1.00 total_env_steps=80233 t=0.50s
Ep 1849: len= 62 白胜 loss=26.9248 temp=1.00 total_env_steps=80295 t=0.84s
Ep 1850: len= 81 平局 loss=27.1693 temp=1.00 total_env_steps=80376 t=0.90s
Ep 1851: len= 52 白胜 loss=26.8191 temp=1.00 total_env_steps=80428 t=0.59s
Ep 1852: len= 57 黑胜 loss=26.8970 temp=1.00 total_env_steps=80485 t=0.63s
Ep 1853: len= 37 黑胜 loss=26.9388 temp=1.00 total_env_steps=80522 t=0.51s
Ep 1854: len= 40 白胜 loss=26.2228 temp=1.00 total_env_steps=80562 t=0.49s
Ep 1855: len= 36 白胜 loss=26.7488 temp=1.00 total_env_steps=80598 t=0.49s
Ep 1856: len= 41 黑胜 loss=26.6448 temp=1.00 total_env_steps=80639 t=0.51s
Ep 1857: len= 22 白胜 loss=26.9037 temp=1.00 total_env_steps=80661 t=0.43s
Ep 1858: len= 47 黑胜 loss=26.6983 temp=1.00 total_env_steps=80708 t=0.58s
Ep 1859: len= 47 黑胜 loss=26.7564 temp=1.00 total_env_steps=80755 t=0.58s
Ep 1860: len= 27 黑胜 loss=26.9353 temp=1.00 total_env_steps=80782 t=0.43s
Ep 1861: len= 33 黑胜 loss=26.5673 temp=1.00 total_env_steps=80815 t=0.46s
Ep 1862: len= 25 黑胜 loss=26.8158 temp=1.00 total_env_steps=80840 t=0.42s
Ep 1863: len= 28 白胜 loss=27.2143 temp=1.00 total_env_steps=80868 t=0.43s
Ep 1864: len= 27 黑胜 loss=26.6835 temp=1.00 total_env_steps=80895 t=0.43s
Ep 1865: len= 42 白胜 loss=27.0519 temp=1.00 total_env_steps=80937 t=0.53s
Ep 1866: len= 36 白胜 loss=27.3487 temp=1.00 total_env_steps=80973 t=0.50s
Ep 1867: len= 33 黑胜 loss=27.1346 temp=1.00 total_env_steps=81006 t=0.49s
Ep 1868: len= 63 黑胜 loss=26.9329 temp=1.00 total_env_steps=81069 t=0.67s
Ep 1869: len= 47 黑胜 loss=27.0021 temp=1.00 total_env_steps=81116 t=0.55s
Ep 1870: len= 59 黑胜 loss=26.9436 temp=1.00 total_env_steps=81175 t=0.60s
Ep 1871: len= 32 白胜 loss=27.0718 temp=1.00 total_env_steps=81207 t=0.43s
Ep 1872: len= 52 白胜 loss=27.1120 temp=1.00 total_env_steps=81259 t=0.59s
Ep 1873: len= 23 黑胜 loss=26.8091 temp=1.00 total_env_steps=81282 t=0.37s
Ep 1874: len= 38 白胜 loss=27.1953 temp=1.00 total_env_steps=81320 t=0.49s
Ep 1875: len= 35 黑胜 loss=27.5513 temp=1.00 total_env_steps=81355 t=0.46s
Ep 1876: len= 57 黑胜 loss=26.9771 temp=1.00 total_env_steps=81412 t=0.58s
Ep 1877: len= 42 白胜 loss=27.1587 temp=1.00 total_env_steps=81454 t=0.52s
Ep 1878: len= 42 白胜 loss=26.9178 temp=1.00 total_env_steps=81496 t=0.56s
Ep 1879: len= 42 白胜 loss=27.0851 temp=1.00 total_env_steps=81538 t=0.54s
Ep 1880: len= 40 白胜 loss=27.2055 temp=1.00 total_env_steps=81578 t=0.55s
Ep 1881: len= 50 白胜 loss=27.1952 temp=1.00 total_env_steps=81628 t=0.63s
Ep 1882: len= 24 白胜 loss=26.9264 temp=1.00 total_env_steps=81652 t=0.41s
Ep 1883: len= 27 黑胜 loss=26.7287 temp=1.00 total_env_steps=81679 t=0.46s
Ep 1884: len= 23 黑胜 loss=26.9238 temp=1.00 total_env_steps=81702 t=0.41s
Ep 1885: len= 21 黑胜 loss=26.9045 temp=1.00 total_env_steps=81723 t=0.39s
Ep 1886: len= 45 黑胜 loss=27.1036 temp=1.00 total_env_steps=81768 t=0.54s
Ep 1887: len= 48 白胜 loss=26.9555 temp=1.00 total_env_steps=81816 t=0.56s
Ep 1888: len= 46 白胜 loss=26.8953 temp=1.00 total_env_steps=81862 t=0.58s
Ep 1889: len= 32 白胜 loss=26.9273 temp=1.00 total_env_steps=81894 t=0.50s
Ep 1890: len= 20 白胜 loss=26.9347 temp=1.00 total_env_steps=81914 t=0.39s
Ep 1891: len= 30 白胜 loss=27.0273 temp=1.00 total_env_steps=81944 t=0.44s
Ep 1892: len= 29 黑胜 loss=26.9616 temp=1.00 total_env_steps=81973 t=0.46s
Ep 1893: len= 54 白胜 loss=27.0637 temp=1.00 total_env_steps=82027 t=0.60s
Ep 1894: len= 47 黑胜 loss=27.0807 temp=1.00 total_env_steps=82074 t=0.59s
Ep 1895: len= 48 白胜 loss=27.0641 temp=1.00 total_env_steps=82122 t=0.57s
Ep 1896: len= 38 白胜 loss=27.0159 temp=1.00 total_env_steps=82160 t=0.49s
Ep 1897: len= 30 白胜 loss=27.0082 temp=1.00 total_env_steps=82190 t=0.44s
Ep 1898: len= 36 白胜 loss=27.1050 temp=1.00 total_env_steps=82226 t=0.48s
Ep 1899: len= 46 白胜 loss=26.7142 temp=1.00 total_env_steps=82272 t=0.52s
Ep 1900: len= 18 白胜 loss=26.6455 temp=1.00 total_env_steps=82290 t=0.37s
Ep 1901: len= 64 白胜 loss=26.8019 temp=1.00 total_env_steps=82354 t=0.65s
Ep 1902: len= 41 黑胜 loss=26.9580 temp=1.00 total_env_steps=82395 t=0.60s
Ep 1903: len= 28 白胜 loss=27.0801 temp=1.00 total_env_steps=82423 t=0.43s
Ep 1904: len= 59 黑胜 loss=27.3599 temp=1.00 total_env_steps=82482 t=0.63s
Ep 1905: len= 63 黑胜 loss=26.8523 temp=1.00 total_env_steps=82545 t=0.66s
Ep 1906: len= 50 白胜 loss=26.9077 temp=1.00 total_env_steps=82595 t=0.60s
Ep 1907: len= 34 白胜 loss=27.2861 temp=1.00 total_env_steps=82629 t=0.50s
Ep 1908: len= 47 黑胜 loss=26.5778 temp=1.00 total_env_steps=82676 t=0.56s
Ep 1909: len= 23 黑胜 loss=26.6448 temp=1.00 total_env_steps=82699 t=0.39s
Ep 1910: len= 23 黑胜 loss=26.5255 temp=1.00 total_env_steps=82722 t=0.39s
Ep 1911: len= 43 黑胜 loss=27.0709 temp=1.00 total_env_steps=82765 t=0.50s
Ep 1912: len= 45 黑胜 loss=26.5597 temp=1.00 total_env_steps=82810 t=0.54s
Ep 1913: len= 47 黑胜 loss=27.1853 temp=1.00 total_env_steps=82857 t=0.58s
Ep 1914: len= 28 白胜 loss=26.7683 temp=1.00 total_env_steps=82885 t=0.43s
Ep 1915: len= 40 白胜 loss=26.9555 temp=1.00 total_env_steps=82925 t=0.49s
Ep 1916: len= 34 白胜 loss=27.0867 temp=1.00 total_env_steps=82959 t=0.48s
Ep 1917: len= 51 黑胜 loss=26.9532 temp=1.00 total_env_steps=83010 t=0.58s
Ep 1918: len= 30 白胜 loss=26.9794 temp=1.00 total_env_steps=83040 t=0.44s
Ep 1919: len= 51 黑胜 loss=26.8252 temp=1.00 total_env_steps=83091 t=0.62s
Ep 1920: len= 39 黑胜 loss=26.9275 temp=1.00 total_env_steps=83130 t=0.53s
Ep 1921: len= 30 白胜 loss=26.5822 temp=1.00 total_env_steps=83160 t=0.44s
Ep 1922: len= 32 白胜 loss=26.5204 temp=1.00 total_env_steps=83192 t=0.51s
Ep 1923: len= 44 白胜 loss=26.9033 temp=1.00 total_env_steps=83236 t=0.53s
Ep 1924: len= 68 白胜 loss=27.1325 temp=1.00 total_env_steps=83304 t=0.69s
Ep 1925: len= 29 黑胜 loss=26.6656 temp=1.00 total_env_steps=83333 t=0.45s
Ep 1926: len= 35 黑胜 loss=26.6854 temp=1.00 total_env_steps=83368 t=0.48s
Ep 1927: len= 32 白胜 loss=27.1519 temp=1.00 total_env_steps=83400 t=0.46s
Ep 1928: len= 49 黑胜 loss=26.8768 temp=1.00 total_env_steps=83449 t=0.58s
Ep 1929: len= 51 黑胜 loss=26.8626 temp=1.00 total_env_steps=83500 t=0.57s
Ep 1930: len= 35 黑胜 loss=26.9402 temp=1.00 total_env_steps=83535 t=0.50s
Ep 1931: len= 46 白胜 loss=27.0203 temp=1.00 total_env_steps=83581 t=0.58s
Ep 1932: len= 69 黑胜 loss=27.2307 temp=1.00 total_env_steps=83650 t=0.68s
Ep 1933: len= 48 白胜 loss=26.9116 temp=1.00 total_env_steps=83698 t=0.55s
Ep 1934: len= 32 白胜 loss=26.9976 temp=1.00 total_env_steps=83730 t=0.43s
Ep 1935: len= 43 黑胜 loss=27.2013 temp=1.00 total_env_steps=83773 t=0.55s
Ep 1936: len= 53 黑胜 loss=26.7647 temp=1.00 total_env_steps=83826 t=0.60s
Ep 1937: len= 74 白胜 loss=26.9755 temp=1.00 total_env_steps=83900 t=0.73s
Ep 1938: len= 45 黑胜 loss=26.8359 temp=1.00 total_env_steps=83945 t=0.54s
Ep 1939: len= 46 白胜 loss=27.0407 temp=1.00 total_env_steps=83991 t=0.55s
Ep 1940: len= 72 白胜 loss=26.7505 temp=1.00 total_env_steps=84063 t=0.73s
Ep 1941: len= 45 黑胜 loss=26.9391 temp=1.00 total_env_steps=84108 t=0.59s
Ep 1942: len= 59 黑胜 loss=27.3150 temp=1.00 total_env_steps=84167 t=0.61s
Ep 1943: len= 30 白胜 loss=27.0277 temp=1.00 total_env_steps=84197 t=0.46s
Ep 1944: len= 38 白胜 loss=26.8291 temp=1.00 total_env_steps=84235 t=0.48s
Ep 1945: len= 25 黑胜 loss=27.1663 temp=1.00 total_env_steps=84260 t=0.40s
Ep 1946: len= 49 黑胜 loss=27.1680 temp=1.00 total_env_steps=84309 t=0.64s
Ep 1947: len= 23 黑胜 loss=26.8935 temp=1.00 total_env_steps=84332 t=0.44s
Ep 1948: len= 48 白胜 loss=26.5901 temp=1.00 total_env_steps=84380 t=0.67s
Ep 1949: len= 33 黑胜 loss=26.9027 temp=1.00 total_env_steps=84413 t=0.58s
Ep 1950: len= 47 黑胜 loss=26.8455 temp=1.00 total_env_steps=84460 t=0.55s
Ep 1951: len= 60 白胜 loss=26.8340 temp=1.00 total_env_steps=84520 t=0.66s
Ep 1952: len= 77 黑胜 loss=26.5027 temp=1.00 total_env_steps=84597 t=0.88s
Ep 1953: len= 31 黑胜 loss=26.5789 temp=1.00 total_env_steps=84628 t=0.48s
Ep 1954: len= 33 黑胜 loss=27.0350 temp=1.00 total_env_steps=84661 t=0.49s
Ep 1955: len= 35 黑胜 loss=27.2554 temp=1.00 total_env_steps=84696 t=0.50s
Ep 1956: len= 46 白胜 loss=27.0026 temp=1.00 total_env_steps=84742 t=0.62s
Ep 1957: len= 49 黑胜 loss=26.8720 temp=1.00 total_env_steps=84791 t=0.70s
Ep 1958: len= 32 白胜 loss=26.7510 temp=1.00 total_env_steps=84823 t=0.46s
Ep 1959: len= 33 黑胜 loss=27.1020 temp=1.00 total_env_steps=84856 t=0.48s
Ep 1960: len= 25 黑胜 loss=26.9658 temp=1.00 total_env_steps=84881 t=0.42s
Ep 1961: len= 38 白胜 loss=26.9359 temp=1.00 total_env_steps=84919 t=0.51s
Ep 1962: len= 39 黑胜 loss=26.8516 temp=1.00 total_env_steps=84958 t=0.52s
Ep 1963: len= 63 黑胜 loss=26.6496 temp=1.00 total_env_steps=85021 t=0.81s
Ep 1964: len= 30 白胜 loss=27.0991 temp=1.00 total_env_steps=85051 t=0.53s
Ep 1965: len= 38 白胜 loss=26.8488 temp=1.00 total_env_steps=85089 t=0.57s
Ep 1966: len= 31 黑胜 loss=26.6446 temp=1.00 total_env_steps=85120 t=0.47s
Ep 1967: len= 42 白胜 loss=26.9383 temp=1.00 total_env_steps=85162 t=0.62s
Ep 1968: len= 27 黑胜 loss=27.1403 temp=1.00 total_env_steps=85189 t=0.46s
Ep 1969: len= 65 黑胜 loss=26.9354 temp=1.00 total_env_steps=85254 t=0.78s
Ep 1970: len= 32 白胜 loss=26.5408 temp=1.00 total_env_steps=85286 t=0.51s
Ep 1971: len= 38 白胜 loss=26.9248 temp=1.00 total_env_steps=85324 t=0.66s
Ep 1972: len= 39 黑胜 loss=26.2415 temp=1.00 total_env_steps=85363 t=0.53s
Ep 1973: len= 32 白胜 loss=26.7859 temp=1.00 total_env_steps=85395 t=0.50s
Ep 1974: len= 42 白胜 loss=26.7250 temp=1.00 total_env_steps=85437 t=0.63s
Ep 1975: len= 43 黑胜 loss=26.9145 temp=1.00 total_env_steps=85480 t=0.68s
Ep 1976: len= 28 白胜 loss=26.9417 temp=1.00 total_env_steps=85508 t=0.87s
Ep 1977: len= 36 白胜 loss=26.8616 temp=1.00 total_env_steps=85544 t=0.83s
Ep 1978: len= 29 黑胜 loss=26.8638 temp=1.00 total_env_steps=85573 t=0.51s
Ep 1979: len= 67 黑胜 loss=27.2535 temp=1.00 total_env_steps=85640 t=0.82s
Ep 1980: len= 33 黑胜 loss=27.1688 temp=1.00 total_env_steps=85673 t=0.58s
Ep 1981: len= 40 白胜 loss=26.6634 temp=1.00 total_env_steps=85713 t=2.10s
Ep 1982: len= 46 白胜 loss=26.7240 temp=1.00 total_env_steps=85759 t=2.36s
Ep 1983: len= 54 白胜 loss=26.7178 temp=1.00 total_env_steps=85813 t=0.74s
Ep 1984: len= 73 黑胜 loss=26.8643 temp=1.00 total_env_steps=85886 t=0.74s
Ep 1985: len= 46 白胜 loss=26.8525 temp=1.00 total_env_steps=85932 t=0.61s
Ep 1986: len= 34 白胜 loss=26.8872 temp=1.00 total_env_steps=85966 t=0.50s
Ep 1987: len= 57 黑胜 loss=26.9251 temp=1.00 total_env_steps=86023 t=0.69s
Ep 1988: len= 31 黑胜 loss=26.9163 temp=1.00 total_env_steps=86054 t=0.46s
Ep 1989: len= 57 黑胜 loss=27.0132 temp=1.00 total_env_steps=86111 t=0.64s
Ep 1990: len= 26 白胜 loss=26.8719 temp=1.00 total_env_steps=86137 t=0.48s
Ep 1991: len= 34 白胜 loss=26.9218 temp=1.00 total_env_steps=86171 t=0.51s
Ep 1992: len= 47 黑胜 loss=26.9485 temp=1.00 total_env_steps=86218 t=0.57s
Ep 1993: len= 48 白胜 loss=26.9288 temp=1.00 total_env_steps=86266 t=0.58s
Ep 1994: len= 42 白胜 loss=27.2509 temp=1.00 total_env_steps=86308 t=0.62s
Ep 1995: len= 35 黑胜 loss=26.9260 temp=1.00 total_env_steps=86343 t=0.49s
Ep 1996: len= 34 白胜 loss=27.0172 temp=1.00 total_env_steps=86377 t=0.48s
Ep 1997: len= 48 白胜 loss=26.9385 temp=1.00 total_env_steps=86425 t=0.58s
Ep 1998: len= 37 黑胜 loss=26.9509 temp=1.00 total_env_steps=86462 t=0.68s
Ep 1999: len= 37 黑胜 loss=26.8922 temp=1.00 total_env_steps=86499 t=0.94s
Ep 2000: len= 41 黑胜 loss=27.4207 temp=1.00 total_env_steps=86540 t=0.72s
  eval vs Gomoku-random-v0: win_rate=1.00 mean_return=1.00（20 局，total_env_steps=86540）
Ep 2001: len= 38 白胜 loss=26.9996 temp=1.00 total_env_steps=86578 t=0.70s
Ep 2002: len= 26 白胜 loss=26.6850 temp=1.00 total_env_steps=86604 t=0.66s
Ep 2003: len= 74 白胜 loss=26.8941 temp=1.00 total_env_steps=86678 t=1.04s
Ep 2004: len= 36 白胜 loss=26.6309 temp=1.00 total_env_steps=86714 t=0.56s
Ep 2005: len= 47 黑胜 loss=26.9128 temp=1.00 total_env_steps=86761 t=0.63s
Ep 2006: len= 45 黑胜 loss=26.7625 temp=1.00 total_env_steps=86806 t=0.58s
Ep 2007: len= 36 白胜 loss=26.8487 temp=1.00 total_env_steps=86842 t=0.54s
Ep 2008: len= 47 黑胜 loss=26.6947 temp=1.00 total_env_steps=86889 t=0.62s
Ep 2009: len= 52 白胜 loss=26.8437 temp=1.00 total_env_steps=86941 t=0.67s
Ep 2010: len= 53 黑胜 loss=26.9193 temp=1.00 total_env_steps=86994 t=0.62s
Ep 2011: len= 40 白胜 loss=26.7318 temp=1.00 total_env_steps=87034 t=0.51s
Ep 2012: len= 32 白胜 loss=26.5846 temp=1.00 total_env_steps=87066 t=0.48s
Ep 2013: len= 61 黑胜 loss=27.0326 temp=1.00 total_env_steps=87127 t=0.66s
Ep 2014: len= 51 黑胜 loss=27.0119 temp=1.00 total_env_steps=87178 t=0.68s
Ep 2015: len= 25 黑胜 loss=26.5901 temp=1.00 total_env_steps=87203 t=0.40s
Ep 2016: len= 55 黑胜 loss=26.7252 temp=1.00 total_env_steps=87258 t=0.62s
Ep 2017: len= 39 黑胜 loss=26.4796 temp=1.00 total_env_steps=87297 t=0.49s
Ep 2018: len= 30 白胜 loss=27.0888 temp=1.00 total_env_steps=87327 t=0.44s
Ep 2019: len= 26 白胜 loss=27.0116 temp=1.00 total_env_steps=87353 t=0.42s
Ep 2020: len= 53 黑胜 loss=26.6386 temp=1.00 total_env_steps=87406 t=0.61s
Ep 2021: len= 38 白胜 loss=26.9160 temp=1.00 total_env_steps=87444 t=0.48s
Ep 2022: len= 60 白胜 loss=26.9422 temp=1.00 total_env_steps=87504 t=0.69s
Ep 2023: len= 36 白胜 loss=26.6896 temp=1.00 total_env_steps=87540 t=0.52s
Ep 2024: len= 49 黑胜 loss=26.8951 temp=1.00 total_env_steps=87589 t=0.59s
Ep 2025: len= 56 白胜 loss=26.5912 temp=1.00 total_env_steps=87645 t=0.63s
Ep 2026: len= 63 黑胜 loss=27.0814 temp=1.00 total_env_steps=87708 t=0.64s
Ep 2027: len= 16 白胜 loss=26.9412 temp=1.00 total_env_steps=87724 t=0.36s
Ep 2028: len= 40 白胜 loss=26.7411 temp=1.00 total_env_steps=87764 t=0.51s
Ep 2029: len= 28 白胜 loss=26.9065 temp=1.00 total_env_steps=87792 t=0.46s
Ep 2030: len= 22 白胜 loss=26.8029 temp=1.00 total_env_steps=87814 t=0.38s
Ep 2031: len= 44 白胜 loss=26.8867 temp=1.00 total_env_steps=87858 t=0.58s
Ep 2032: len= 29 黑胜 loss=26.9618 temp=1.00 total_env_steps=87887 t=0.43s
Ep 2033: len= 53 黑胜 loss=27.0957 temp=1.00 total_env_steps=87940 t=0.60s
Ep 2034: len= 34 白胜 loss=27.3538 temp=1.00 total_env_steps=87974 t=0.45s
Ep 2035: len= 64 白胜 loss=26.8975 temp=1.00 total_env_steps=88038 t=0.71s
Ep 2036: len= 63 黑胜 loss=26.9659 temp=1.00 total_env_steps=88101 t=0.67s
Ep 2037: len= 42 白胜 loss=26.9813 temp=1.00 total_env_steps=88143 t=0.51s
Ep 2038: len= 38 白胜 loss=26.6589 temp=1.00 total_env_steps=88181 t=0.50s
Ep 2039: len= 48 白胜 loss=26.9500 temp=1.00 total_env_steps=88229 t=0.56s
Ep 2040: len= 33 黑胜 loss=26.7184 temp=1.00 total_env_steps=88262 t=0.47s
Ep 2041: len= 32 白胜 loss=26.6351 temp=1.00 total_env_steps=88294 t=0.47s
Ep 2042: len= 25 黑胜 loss=27.0476 temp=1.00 total_env_steps=88319 t=0.40s
Ep 2043: len= 44 白胜 loss=26.9809 temp=1.00 total_env_steps=88363 t=0.54s
Ep 2044: len= 63 黑胜 loss=26.8960 temp=1.00 total_env_steps=88426 t=0.73s
Ep 2045: len= 37 黑胜 loss=26.6900 temp=1.00 total_env_steps=88463 t=0.49s
Ep 2046: len= 31 黑胜 loss=27.1341 temp=1.00 total_env_steps=88494 t=0.45s
Ep 2047: len= 52 白胜 loss=26.5251 temp=1.00 total_env_steps=88546 t=0.59s
Ep 2048: len= 38 白胜 loss=26.9756 temp=1.00 total_env_steps=88584 t=0.48s
Ep 2049: len= 79 黑胜 loss=26.5235 temp=1.00 total_env_steps=88663 t=0.76s
Ep 2050: len= 26 白胜 loss=27.0379 temp=1.00 total_env_steps=88689 t=0.43s
Ep 2051: len= 31 黑胜 loss=27.0250 temp=1.00 total_env_steps=88720 t=0.44s
Ep 2052: len= 44 白胜 loss=26.8241 temp=1.00 total_env_steps=88764 t=0.54s
Ep 2053: len= 79 黑胜 loss=27.3099 temp=1.00 total_env_steps=88843 t=0.84s
Ep 2054: len= 25 黑胜 loss=26.9719 temp=1.00 total_env_steps=88868 t=0.42s
Ep 2055: len= 38 白胜 loss=26.8539 temp=1.00 total_env_steps=88906 t=0.50s
Ep 2056: len= 43 黑胜 loss=26.9052 temp=1.00 total_env_steps=88949 t=0.55s
Ep 2057: len= 43 黑胜 loss=26.7082 temp=1.00 total_env_steps=88992 t=0.54s
Ep 2058: len= 26 白胜 loss=26.7316 temp=1.00 total_env_steps=89018 t=0.45s
Ep 2059: len= 44 白胜 loss=27.1532 temp=1.00 total_env_steps=89062 t=0.53s
Ep 2060: len= 34 白胜 loss=26.6296 temp=1.00 total_env_steps=89096 t=0.48s
Ep 2061: len= 57 黑胜 loss=27.0519 temp=1.00 total_env_steps=89153 t=0.66s
Ep 2062: len= 41 黑胜 loss=26.7179 temp=1.00 total_env_steps=89194 t=0.52s
Ep 2063: len= 27 黑胜 loss=26.7826 temp=1.00 total_env_steps=89221 t=0.42s
Ep 2064: len= 47 黑胜 loss=26.5086 temp=1.00 total_env_steps=89268 t=0.56s
Ep 2065: len= 33 黑胜 loss=26.8999 temp=1.00 total_env_steps=89301 t=0.47s
Ep 2066: len= 55 黑胜 loss=26.9432 temp=1.00 total_env_steps=89356 t=0.61s
Ep 2067: len= 53 黑胜 loss=26.5867 temp=1.00 total_env_steps=89409 t=0.61s
Ep 2068: len= 26 白胜 loss=26.7237 temp=1.00 total_env_steps=89435 t=0.49s
Ep 2069: len= 68 白胜 loss=27.1258 temp=1.00 total_env_steps=89503 t=0.82s
Ep 2070: len= 59 黑胜 loss=26.8164 temp=1.00 total_env_steps=89562 t=0.64s
Ep 2071: len= 68 白胜 loss=27.1120 temp=1.00 total_env_steps=89630 t=0.71s
Ep 2072: len= 37 黑胜 loss=26.6645 temp=1.00 total_env_steps=89667 t=0.53s
Ep 2073: len= 45 黑胜 loss=26.8252 temp=1.00 total_env_steps=89712 t=0.56s
Ep 2074: len= 58 白胜 loss=26.8595 temp=1.00 total_env_steps=89770 t=0.65s
Ep 2075: len= 31 黑胜 loss=27.0142 temp=1.00 total_env_steps=89801 t=0.46s
Ep 2076: len= 48 白胜 loss=27.0443 temp=1.00 total_env_steps=89849 t=0.57s
Ep 2077: len= 58 白胜 loss=27.2575 temp=1.00 total_env_steps=89907 t=0.64s
Ep 2078: len= 49 黑胜 loss=26.6566 temp=1.00 total_env_steps=89956 t=0.61s
Ep 2079: len= 41 黑胜 loss=26.1885 temp=1.00 total_env_steps=89997 t=0.59s
Ep 2080: len= 40 白胜 loss=26.9126 temp=1.00 total_env_steps=90037 t=0.54s
Ep 2081: len= 31 黑胜 loss=26.5719 temp=1.00 total_env_steps=90068 t=0.48s
Ep 2082: len= 63 黑胜 loss=26.7930 temp=1.00 total_env_steps=90131 t=0.74s
Ep 2083: len= 45 黑胜 loss=27.0297 temp=1.00 total_env_steps=90176 t=0.58s
Ep 2084: len= 44 白胜 loss=26.9687 temp=1.00 total_env_steps=90220 t=0.68s
Ep 2085: len= 49 黑胜 loss=26.7412 temp=1.00 total_env_steps=90269 t=0.58s
Ep 2086: len= 53 黑胜 loss=26.7540 temp=1.00 total_env_steps=90322 t=0.60s
Ep 2087: len= 54 白胜 loss=27.3399 temp=1.00 total_env_steps=90376 t=0.61s
Ep 2088: len= 64 白胜 loss=26.9416 temp=1.00 total_env_steps=90440 t=0.65s
Ep 2089: len= 61 黑胜 loss=26.9157 temp=1.00 total_env_steps=90501 t=0.65s
Ep 2090: len= 61 黑胜 loss=27.5604 temp=1.00 total_env_steps=90562 t=0.68s
Ep 2091: len= 54 白胜 loss=26.8170 temp=1.00 total_env_steps=90616 t=0.60s
Ep 2092: len= 50 白胜 loss=27.1048 temp=1.00 total_env_steps=90666 t=0.61s
Ep 2093: len= 36 白胜 loss=26.8154 temp=1.00 total_env_steps=90702 t=0.50s
Ep 2094: len= 51 黑胜 loss=26.7045 temp=1.00 total_env_steps=90753 t=0.61s
Ep 2095: len= 53 黑胜 loss=27.1655 temp=1.00 total_env_steps=90806 t=0.90s
Ep 2096: len= 63 黑胜 loss=26.5853 temp=1.00 total_env_steps=90869 t=0.72s
Ep 2097: len= 55 黑胜 loss=27.0445 temp=1.00 total_env_steps=90924 t=0.62s
Ep 2098: len= 42 白胜 loss=26.5415 temp=1.00 total_env_steps=90966 t=0.52s
Ep 2099: len= 41 黑胜 loss=27.1686 temp=1.00 total_env_steps=91007 t=0.39s
Ep 2100: len= 43 黑胜 loss=26.9524 temp=1.00 total_env_steps=91050 t=0.36s
Ep 2101: len= 40 白胜 loss=26.3145 temp=1.00 total_env_steps=91090 t=0.34s
Ep 2102: len= 42 白胜 loss=27.2677 temp=1.00 total_env_steps=91132 t=0.37s
Ep 2103: len= 38 白胜 loss=26.9510 temp=1.00 total_env_steps=91170 t=0.37s
Ep 2104: len= 49 黑胜 loss=26.5763 temp=1.00 total_env_steps=91219 t=0.43s
Ep 2105: len= 49 黑胜 loss=26.5550 temp=1.00 total_env_steps=91268 t=0.40s
Ep 2106: len= 58 白胜 loss=27.2145 temp=1.00 total_env_steps=91326 t=0.43s
Ep 2107: len= 57 黑胜 loss=27.1514 temp=1.00 total_env_steps=91383 t=0.47s
Ep 2108: len= 36 白胜 loss=26.9345 temp=1.00 total_env_steps=91419 t=0.37s
Ep 2109: len= 29 黑胜 loss=26.5657 temp=1.00 total_env_steps=91448 t=0.31s
Ep 2110: len= 42 白胜 loss=26.8407 temp=1.00 total_env_steps=91490 t=0.40s
Ep 2111: len= 29 黑胜 loss=26.8737 temp=1.00 total_env_steps=91519 t=0.27s
Ep 2112: len= 34 白胜 loss=26.6842 temp=1.00 total_env_steps=91553 t=0.31s
Ep 2113: len= 22 白胜 loss=27.0113 temp=1.00 total_env_steps=91575 t=0.24s
Ep 2114: len= 48 白胜 loss=26.7251 temp=1.00 total_env_steps=91623 t=0.39s
Ep 2115: len= 35 黑胜 loss=27.0093 temp=1.00 total_env_steps=91658 t=0.32s
Ep 2116: len= 36 白胜 loss=27.0424 temp=1.00 total_env_steps=91694 t=0.34s
Ep 2117: len= 62 白胜 loss=26.9031 temp=1.00 total_env_steps=91756 t=0.47s
Ep 2118: len= 36 白胜 loss=26.9388 temp=1.00 total_env_steps=91792 t=0.34s
Ep 2119: len= 49 黑胜 loss=26.9871 temp=1.00 total_env_steps=91841 t=0.39s
Ep 2120: len= 45 黑胜 loss=26.8920 temp=1.00 total_env_steps=91886 t=0.37s
Ep 2121: len= 22 白胜 loss=27.0987 temp=1.00 total_env_steps=91908 t=0.24s
Ep 2122: len= 45 黑胜 loss=26.5048 temp=1.00 total_env_steps=91953 t=0.37s
Ep 2123: len= 29 黑胜 loss=27.0281 temp=1.00 total_env_steps=91982 t=0.26s
Ep 2124: len= 76 白胜 loss=27.2920 temp=1.00 total_env_steps=92058 t=0.56s
Ep 2125: len= 37 黑胜 loss=26.5274 temp=1.00 total_env_steps=92095 t=0.31s
Ep 2126: len= 35 黑胜 loss=26.6555 temp=1.00 total_env_steps=92130 t=0.31s
Ep 2127: len= 40 白胜 loss=26.8706 temp=1.00 total_env_steps=92170 t=0.37s
Ep 2128: len= 39 黑胜 loss=27.2855 temp=1.00 total_env_steps=92209 t=0.35s
Ep 2129: len= 61 黑胜 loss=27.1658 temp=1.00 total_env_steps=92270 t=0.47s
Ep 2130: len= 39 黑胜 loss=27.1891 temp=1.00 total_env_steps=92309 t=0.33s
Ep 2131: len= 44 白胜 loss=27.0026 temp=1.00 total_env_steps=92353 t=0.37s
Ep 2132: len= 41 黑胜 loss=27.3565 temp=1.00 total_env_steps=92394 t=0.37s
Ep 2133: len= 44 白胜 loss=26.2830 temp=1.00 total_env_steps=92438 t=0.37s
Ep 2134: len= 45 黑胜 loss=26.7207 temp=1.00 total_env_steps=92483 t=0.37s
Ep 2135: len= 52 白胜 loss=27.1386 temp=1.00 total_env_steps=92535 t=0.40s
Ep 2136: len= 50 白胜 loss=26.7348 temp=1.00 total_env_steps=92585 t=0.39s
Ep 2137: len= 73 黑胜 loss=26.9743 temp=1.00 total_env_steps=92658 t=0.52s
Ep 2138: len= 42 白胜 loss=26.8317 temp=1.00 total_env_steps=92700 t=0.35s
Ep 2139: len= 53 黑胜 loss=27.3758 temp=1.00 total_env_steps=92753 t=0.43s
Ep 2140: len= 23 黑胜 loss=27.0744 temp=1.00 total_env_steps=92776 t=0.24s
Ep 2141: len= 51 黑胜 loss=26.7177 temp=1.00 total_env_steps=92827 t=0.41s
Ep 2142: len= 47 黑胜 loss=26.8751 temp=1.00 total_env_steps=92874 t=0.37s
Ep 2143: len= 56 白胜 loss=26.6528 temp=1.00 total_env_steps=92930 t=0.44s
Ep 2144: len= 42 白胜 loss=26.8158 temp=1.00 total_env_steps=92972 t=0.34s
Ep 2145: len= 37 黑胜 loss=26.5800 temp=1.00 total_env_steps=93009 t=0.33s
Ep 2146: len= 34 白胜 loss=26.9376 temp=1.00 total_env_steps=93043 t=0.32s
Ep 2147: len= 40 白胜 loss=27.2756 temp=1.00 total_env_steps=93083 t=0.34s
Ep 2148: len= 35 黑胜 loss=27.0520 temp=1.00 total_env_steps=93118 t=0.30s
Ep 2149: len= 41 黑胜 loss=27.1605 temp=1.00 total_env_steps=93159 t=0.34s
Ep 2150: len= 36 白胜 loss=26.9530 temp=1.00 total_env_steps=93195 t=0.30s
Ep 2151: len= 42 白胜 loss=27.0965 temp=1.00 total_env_steps=93237 t=0.35s
Ep 2152: len= 29 黑胜 loss=26.6338 temp=1.00 total_env_steps=93266 t=0.27s
Ep 2153: len= 44 白胜 loss=26.8795 temp=1.00 total_env_steps=93310 t=0.36s
Ep 2154: len= 57 黑胜 loss=26.8765 temp=1.00 total_env_steps=93367 t=0.42s
Ep 2155: len= 50 白胜 loss=26.7327 temp=1.00 total_env_steps=93417 t=0.40s
Ep 2156: len= 39 黑胜 loss=26.6343 temp=1.00 total_env_steps=93456 t=0.32s
Ep 2157: len= 19 黑胜 loss=26.9074 temp=1.00 total_env_steps=93475 t=0.22s
Ep 2158: len= 32 白胜 loss=27.4915 temp=1.00 total_env_steps=93507 t=0.29s
Ep 2159: len= 21 黑胜 loss=26.8359 temp=1.00 total_env_steps=93528 t=0.21s
Ep 2160: len= 56 白胜 loss=26.8781 temp=1.00 total_env_steps=93584 t=0.43s
Ep 2161: len= 52 白胜 loss=26.7907 temp=1.00 total_env_steps=93636 t=0.42s
Ep 2162: len= 44 白胜 loss=26.8825 temp=1.00 total_env_steps=93680 t=0.36s
Ep 2163: len= 19 黑胜 loss=26.6663 temp=1.00 total_env_steps=93699 t=0.21s
Ep 2164: len= 29 黑胜 loss=26.7496 temp=1.00 total_env_steps=93728 t=0.27s
Ep 2165: len= 54 白胜 loss=26.9838 temp=1.00 total_env_steps=93782 t=0.40s
Ep 2166: len= 45 黑胜 loss=26.4729 temp=1.00 total_env_steps=93827 t=0.36s
Ep 2167: len= 43 黑胜 loss=27.0214 temp=1.00 total_env_steps=93870 t=0.35s
Ep 2168: len= 37 黑胜 loss=27.2222 temp=1.00 total_env_steps=93907 t=0.31s
Ep 2169: len= 46 白胜 loss=26.6820 temp=1.00 total_env_steps=93953 t=0.38s
Ep 2170: len= 56 白胜 loss=26.9255 temp=1.00 total_env_steps=94009 t=0.43s
Ep 2171: len= 33 黑胜 loss=26.7913 temp=1.00 total_env_steps=94042 t=0.29s
Ep 2172: len= 51 黑胜 loss=26.9863 temp=1.00 total_env_steps=94093 t=0.42s
Ep 2173: len= 49 黑胜 loss=26.6878 temp=1.00 total_env_steps=94142 t=0.37s
Ep 2174: len= 38 白胜 loss=26.6992 temp=1.00 total_env_steps=94180 t=0.28s
Ep 2175: len= 35 黑胜 loss=26.8630 temp=1.00 total_env_steps=94215 t=0.32s
Ep 2176: len= 38 白胜 loss=27.1102 temp=1.00 total_env_steps=94253 t=0.33s
Ep 2177: len= 47 黑胜 loss=27.0484 temp=1.00 total_env_steps=94300 t=0.40s
Ep 2178: len= 44 白胜 loss=26.7809 temp=1.00 total_env_steps=94344 t=0.37s
Ep 2179: len= 45 黑胜 loss=26.5881 temp=1.00 total_env_steps=94389 t=0.35s
Ep 2180: len= 31 黑胜 loss=26.9601 temp=1.00 total_env_steps=94420 t=0.29s
Ep 2181: len= 61 黑胜 loss=26.8691 temp=1.00 total_env_steps=94481 t=0.47s
Ep 2182: len= 33 黑胜 loss=26.9521 temp=1.00 total_env_steps=94514 t=0.29s
Ep 2183: len= 40 白胜 loss=27.0085 temp=1.00 total_env_steps=94554 t=0.35s
Ep 2184: len= 42 白胜 loss=26.7488 temp=1.00 total_env_steps=94596 t=0.37s
Ep 2185: len= 34 白胜 loss=26.7503 temp=1.00 total_env_steps=94630 t=0.30s
Ep 2186: len= 49 黑胜 loss=26.9636 temp=1.00 total_env_steps=94679 t=0.41s
Ep 2187: len= 47 黑胜 loss=26.8176 temp=1.00 total_env_steps=94726 t=0.37s
Ep 2188: len= 26 白胜 loss=26.9505 temp=1.00 total_env_steps=94752 t=0.26s
Ep 2189: len= 30 白胜 loss=26.5771 temp=1.00 total_env_steps=94782 t=0.28s
Ep 2190: len= 60 白胜 loss=26.5537 temp=1.00 total_env_steps=94842 t=0.48s
Ep 2191: len= 36 白胜 loss=26.8204 temp=1.00 total_env_steps=94878 t=0.32s
Ep 2192: len= 42 白胜 loss=26.8872 temp=1.00 total_env_steps=94920 t=0.33s
Ep 2193: len= 35 黑胜 loss=27.0268 temp=1.00 total_env_steps=94955 t=0.28s
Ep 2194: len= 50 白胜 loss=27.0328 temp=1.00 total_env_steps=95005 t=0.40s
Ep 2195: len= 31 黑胜 loss=27.0151 temp=1.00 total_env_steps=95036 t=0.29s
Ep 2196: len= 25 黑胜 loss=26.7574 temp=1.00 total_env_steps=95061 t=0.26s
Ep 2197: len= 67 黑胜 loss=26.9407 temp=1.00 total_env_steps=95128 t=0.49s
Ep 2198: len= 33 黑胜 loss=26.6046 temp=1.00 total_env_steps=95161 t=0.29s
Ep 2199: len= 52 白胜 loss=26.7911 temp=1.00 total_env_steps=95213 t=0.40s
Ep 2200: len= 49 黑胜 loss=27.0020 temp=1.00 total_env_steps=95262 t=0.41s
Ep 2201: len= 50 白胜 loss=27.0290 temp=1.00 total_env_steps=95312 t=0.42s
Ep 2202: len= 57 黑胜 loss=26.7349 temp=1.00 total_env_steps=95369 t=0.44s
Ep 2203: len= 25 黑胜 loss=26.6336 temp=1.00 total_env_steps=95394 t=0.25s
Ep 2204: len= 31 黑胜 loss=27.2276 temp=1.00 total_env_steps=95425 t=0.28s
Ep 2205: len= 65 黑胜 loss=27.1310 temp=1.00 total_env_steps=95490 t=0.47s
Ep 2206: len= 43 黑胜 loss=26.9685 temp=1.00 total_env_steps=95533 t=0.35s
Ep 2207: len= 50 白胜 loss=27.0625 temp=1.00 total_env_steps=95583 t=0.38s
Ep 2208: len= 36 白胜 loss=26.9463 temp=1.00 total_env_steps=95619 t=0.31s
Ep 2209: len= 29 黑胜 loss=26.7296 temp=1.00 total_env_steps=95648 t=0.28s
Ep 2210: len= 49 黑胜 loss=27.0846 temp=1.00 total_env_steps=95697 t=0.39s
Ep 2211: len= 39 黑胜 loss=26.8069 temp=1.00 total_env_steps=95736 t=0.34s
Ep 2212: len= 43 黑胜 loss=26.6712 temp=1.00 total_env_steps=95779 t=0.35s
Ep 2213: len= 41 黑胜 loss=27.0100 temp=1.00 total_env_steps=95820 t=0.36s
Ep 2214: len= 42 白胜 loss=26.7966 temp=1.00 total_env_steps=95862 t=0.36s
Ep 2215: len= 29 黑胜 loss=26.8217 temp=1.00 total_env_steps=95891 t=0.28s
Ep 2216: len= 56 白胜 loss=26.6375 temp=1.00 total_env_steps=95947 t=0.43s
Ep 2217: len= 35 黑胜 loss=26.5517 temp=1.00 total_env_steps=95982 t=0.32s
Ep 2218: len= 56 白胜 loss=26.9522 temp=1.00 total_env_steps=96038 t=0.43s
Ep 2219: len= 26 白胜 loss=26.8090 temp=1.00 total_env_steps=96064 t=0.24s
Ep 2220: len= 39 黑胜 loss=27.3381 temp=1.00 total_env_steps=96103 t=0.34s
Ep 2221: len= 43 黑胜 loss=26.8041 temp=1.00 total_env_steps=96146 t=0.34s
Ep 2222: len= 56 白胜 loss=26.8769 temp=1.00 total_env_steps=96202 t=0.45s
Ep 2223: len= 58 白胜 loss=27.3850 temp=1.00 total_env_steps=96260 t=0.44s
Ep 2224: len= 46 白胜 loss=27.0263 temp=1.00 total_env_steps=96306 t=0.38s
Ep 2225: len= 58 白胜 loss=26.6916 temp=1.00 total_env_steps=96364 t=0.43s
Ep 2226: len= 35 黑胜 loss=27.1708 temp=1.00 total_env_steps=96399 t=0.33s
Ep 2227: len= 38 白胜 loss=26.8579 temp=1.00 total_env_steps=96437 t=0.37s
Ep 2228: len= 58 白胜 loss=27.0008 temp=1.00 total_env_steps=96495 t=0.48s
Ep 2229: len= 33 黑胜 loss=27.0717 temp=1.00 total_env_steps=96528 t=0.29s
Ep 2230: len= 53 黑胜 loss=26.9643 temp=1.00 total_env_steps=96581 t=0.43s
Ep 2231: len= 29 黑胜 loss=26.7978 temp=1.00 total_env_steps=96610 t=0.28s
Ep 2232: len= 25 黑胜 loss=27.1378 temp=1.00 total_env_steps=96635 t=0.25s
Ep 2233: len= 32 白胜 loss=26.7823 temp=1.00 total_env_steps=96667 t=0.29s
Ep 2234: len= 29 黑胜 loss=26.8683 temp=1.00 total_env_steps=96696 t=0.28s
Ep 2235: len= 57 黑胜 loss=26.7022 temp=1.00 total_env_steps=96753 t=0.45s
Ep 2236: len= 61 黑胜 loss=27.0670 temp=1.00 total_env_steps=96814 t=0.47s
Ep 2237: len= 58 白胜 loss=26.6567 temp=1.00 total_env_steps=96872 t=0.45s
Ep 2238: len= 45 黑胜 loss=26.7837 temp=1.00 total_env_steps=96917 t=0.38s
Ep 2239: len= 37 黑胜 loss=26.9364 temp=1.00 total_env_steps=96954 t=0.33s
Ep 2240: len= 31 黑胜 loss=26.8251 temp=1.00 total_env_steps=96985 t=0.29s
Ep 2241: len= 45 黑胜 loss=26.8630 temp=1.00 total_env_steps=97030 t=0.37s
Ep 2242: len= 65 黑胜 loss=27.0737 temp=1.00 total_env_steps=97095 t=0.46s
Ep 2243: len= 31 黑胜 loss=27.2303 temp=1.00 total_env_steps=97126 t=0.30s
Ep 2244: len= 63 黑胜 loss=26.9557 temp=1.00 total_env_steps=97189 t=0.46s
Ep 2245: len= 43 黑胜 loss=27.2227 temp=1.00 total_env_steps=97232 t=0.34s
Ep 2246: len= 32 白胜 loss=26.6816 temp=1.00 total_env_steps=97264 t=0.29s
Ep 2247: len= 48 白胜 loss=26.6589 temp=1.00 total_env_steps=97312 t=0.41s
Ep 2248: len= 40 白胜 loss=26.8921 temp=1.00 total_env_steps=97352 t=0.35s
Ep 2249: len= 38 白胜 loss=26.9298 temp=1.00 total_env_steps=97390 t=0.33s
Ep 2250: len= 50 白胜 loss=26.6107 temp=1.00 total_env_steps=97440 t=0.41s
Ep 2251: len= 32 白胜 loss=27.2307 temp=1.00 total_env_steps=97472 t=0.30s
Ep 2252: len= 30 白胜 loss=27.1793 temp=1.00 total_env_steps=97502 t=0.28s
Ep 2253: len= 32 白胜 loss=27.2414 temp=1.00 total_env_steps=97534 t=0.30s
Ep 2254: len= 33 黑胜 loss=26.8964 temp=1.00 total_env_steps=97567 t=0.30s
Ep 2255: len= 51 黑胜 loss=27.3467 temp=1.00 total_env_steps=97618 t=0.41s
Ep 2256: len= 40 白胜 loss=26.8773 temp=1.00 total_env_steps=97658 t=0.36s
Ep 2257: len= 45 黑胜 loss=26.9534 temp=1.00 total_env_steps=97703 t=0.41s
Ep 2258: len= 43 黑胜 loss=27.4309 temp=1.00 total_env_steps=97746 t=0.36s
Ep 2259: len= 44 白胜 loss=26.7590 temp=1.00 total_env_steps=97790 t=0.37s
Ep 2260: len= 25 黑胜 loss=26.6861 temp=1.00 total_env_steps=97815 t=0.24s
Ep 2261: len= 56 白胜 loss=26.7179 temp=1.00 total_env_steps=97871 t=0.43s
Ep 2262: len= 36 白胜 loss=27.2261 temp=1.00 total_env_steps=97907 t=0.31s
Ep 2263: len= 42 白胜 loss=26.9556 temp=1.00 total_env_steps=97949 t=0.36s
Ep 2264: len= 38 白胜 loss=26.9213 temp=1.00 total_env_steps=97987 t=0.28s
Ep 2265: len= 46 白胜 loss=27.1452 temp=1.00 total_env_steps=98033 t=0.37s
Ep 2266: len= 43 黑胜 loss=26.8300 temp=1.00 total_env_steps=98076 t=0.34s
Ep 2267: len= 37 黑胜 loss=26.8833 temp=1.00 total_env_steps=98113 t=0.31s
Ep 2268: len= 48 白胜 loss=26.8132 temp=1.00 total_env_steps=98161 t=0.45s
Ep 2269: len= 58 白胜 loss=26.8349 temp=1.00 total_env_steps=98219 t=0.47s
Ep 2270: len= 28 白胜 loss=26.9021 temp=1.00 total_env_steps=98247 t=0.27s
Ep 2271: len= 52 白胜 loss=27.1389 temp=1.00 total_env_steps=98299 t=0.41s
Ep 2272: len= 46 白胜 loss=27.0761 temp=1.00 total_env_steps=98345 t=0.39s
Ep 2273: len= 27 黑胜 loss=27.0212 temp=1.00 total_env_steps=98372 t=0.27s
Ep 2274: len= 39 黑胜 loss=27.0468 temp=1.00 total_env_steps=98411 t=0.33s
Ep 2275: len= 27 黑胜 loss=27.0160 temp=1.00 total_env_steps=98438 t=0.25s
Ep 2276: len= 31 黑胜 loss=26.8038 temp=1.00 total_env_steps=98469 t=0.29s
Ep 2277: len= 50 白胜 loss=26.8902 temp=1.00 total_env_steps=98519 t=0.41s
Ep 2278: len= 35 黑胜 loss=26.7311 temp=1.00 total_env_steps=98554 t=0.32s
Ep 2279: len= 31 黑胜 loss=26.6822 temp=1.00 total_env_steps=98585 t=0.29s
Ep 2280: len= 56 白胜 loss=27.1240 temp=1.00 total_env_steps=98641 t=0.45s
Ep 2281: len= 36 白胜 loss=27.2829 temp=1.00 total_env_steps=98677 t=0.31s
Ep 2282: len= 68 白胜 loss=26.8562 temp=1.00 total_env_steps=98745 t=0.50s
Ep 2283: len= 59 黑胜 loss=26.8740 temp=1.00 total_env_steps=98804 t=0.45s
Ep 2284: len= 23 黑胜 loss=26.9372 temp=1.00 total_env_steps=98827 t=0.23s
Ep 2285: len= 29 黑胜 loss=26.7593 temp=1.00 total_env_steps=98856 t=0.26s
Ep 2286: len= 41 黑胜 loss=26.8660 temp=1.00 total_env_steps=98897 t=0.33s
Ep 2287: len= 37 黑胜 loss=27.0128 temp=1.00 total_env_steps=98934 t=0.31s
Ep 2288: len= 41 黑胜 loss=27.1474 temp=1.00 total_env_steps=98975 t=0.35s
Ep 2289: len= 42 白胜 loss=27.4993 temp=1.00 total_env_steps=99017 t=0.37s
Ep 2290: len= 44 白胜 loss=26.6590 temp=1.00 total_env_steps=99061 t=0.37s
Ep 2291: len= 44 白胜 loss=26.9732 temp=1.00 total_env_steps=99105 t=0.35s
Ep 2292: len= 73 黑胜 loss=26.9989 temp=1.00 total_env_steps=99178 t=0.52s
Ep 2293: len= 41 黑胜 loss=26.6660 temp=1.00 total_env_steps=99219 t=0.34s
Ep 2294: len= 33 黑胜 loss=26.9974 temp=1.00 total_env_steps=99252 t=0.29s
Ep 2295: len= 40 白胜 loss=26.6080 temp=1.00 total_env_steps=99292 t=0.34s
Ep 2296: len= 51 黑胜 loss=26.9190 temp=1.00 total_env_steps=99343 t=0.42s
Ep 2297: len= 41 黑胜 loss=27.2165 temp=1.00 total_env_steps=99384 t=0.35s
Ep 2298: len= 45 黑胜 loss=26.9776 temp=1.00 total_env_steps=99429 t=0.35s
Ep 2299: len= 60 白胜 loss=27.2439 temp=1.00 total_env_steps=99489 t=0.45s
Ep 2300: len= 20 白胜 loss=26.8091 temp=1.00 total_env_steps=99509 t=0.23s
Ep 2301: len= 28 白胜 loss=26.9220 temp=1.00 total_env_steps=99537 t=0.26s
Ep 2302: len= 32 白胜 loss=27.2949 temp=1.00 total_env_steps=99569 t=0.31s
Ep 2303: len= 50 白胜 loss=26.9184 temp=1.00 total_env_steps=99619 t=0.39s
Ep 2304: len= 53 黑胜 loss=26.8894 temp=1.00 total_env_steps=99672 t=0.40s
Ep 2305: len= 49 黑胜 loss=26.6430 temp=1.00 total_env_steps=99721 t=0.39s
Ep 2306: len= 50 白胜 loss=26.8816 temp=1.00 total_env_steps=99771 t=0.40s
Ep 2307: len= 49 黑胜 loss=26.5217 temp=1.00 total_env_steps=99820 t=0.41s
Ep 2308: len= 40 白胜 loss=26.8976 temp=1.00 total_env_steps=99860 t=0.34s
Ep 2309: len= 47 黑胜 loss=26.7495 temp=1.00 total_env_steps=99907 t=0.37s
Ep 2310: len= 32 白胜 loss=26.9374 temp=1.00 total_env_steps=99939 t=0.28s
Ep 2311: len= 44 白胜 loss=27.1219 temp=1.00 total_env_steps=99983 t=0.35s
Ep 2312: len= 58 白胜 loss=26.8099 temp=1.00 total_env_steps=100041 t=0.40s
Ep 2313: len= 44 白胜 loss=26.8250 temp=1.00 total_env_steps=100085 t=0.35s
Ep 2314: len= 58 白胜 loss=27.0219 temp=1.00 total_env_steps=100143 t=0.45s
Ep 2315: len= 47 黑胜 loss=26.9460 temp=1.00 total_env_steps=100190 t=0.38s
Ep 2316: len= 52 白胜 loss=27.1539 temp=1.00 total_env_steps=100242 t=0.41s
Ep 2317: len= 33 黑胜 loss=26.7144 temp=1.00 total_env_steps=100275 t=0.27s
Ep 2318: len= 33 黑胜 loss=26.7156 temp=1.00 total_env_steps=100308 t=0.29s
Ep 2319: len= 42 白胜 loss=26.9247 temp=1.00 total_env_steps=100350 t=0.35s
Ep 2320: len= 55 黑胜 loss=27.1307 temp=1.00 total_env_steps=100405 t=0.43s
Ep 2321: len= 53 黑胜 loss=26.6289 temp=1.00 total_env_steps=100458 t=0.46s
Ep 2322: len= 37 黑胜 loss=26.7998 temp=1.00 total_env_steps=100495 t=0.32s
Ep 2323: len= 38 白胜 loss=26.6340 temp=1.00 total_env_steps=100533 t=0.33s
Ep 2324: len= 62 白胜 loss=27.2390 temp=1.00 total_env_steps=100595 t=0.49s
Ep 2325: len= 38 白胜 loss=27.2464 temp=1.00 total_env_steps=100633 t=0.32s
Ep 2326: len= 19 黑胜 loss=27.2096 temp=1.00 total_env_steps=100652 t=0.22s
Ep 2327: len= 42 白胜 loss=27.0865 temp=1.00 total_env_steps=100694 t=0.34s
Ep 2328: len= 54 白胜 loss=26.5197 temp=1.00 total_env_steps=100748 t=0.44s
Ep 2329: len= 35 黑胜 loss=27.2293 temp=1.00 total_env_steps=100783 t=0.33s
Ep 2330: len= 62 白胜 loss=26.7067 temp=1.00 total_env_steps=100845 t=0.50s
Ep 2331: len= 33 黑胜 loss=26.7615 temp=1.00 total_env_steps=100878 t=0.29s
Ep 2332: len= 41 黑胜 loss=26.8796 temp=1.00 total_env_steps=100919 t=0.35s
Ep 2333: len= 62 白胜 loss=26.5880 temp=1.00 total_env_steps=100981 t=0.50s
Ep 2334: len= 38 白胜 loss=27.0878 temp=1.00 total_env_steps=101019 t=0.32s
Ep 2335: len= 41 黑胜 loss=26.7954 temp=1.00 total_env_steps=101060 t=0.33s
Ep 2336: len= 65 黑胜 loss=26.8450 temp=1.00 total_env_steps=101125 t=0.55s
Ep 2337: len= 36 白胜 loss=27.0188 temp=1.00 total_env_steps=101161 t=0.34s
Ep 2338: len= 47 黑胜 loss=27.0315 temp=1.00 total_env_steps=101208 t=0.38s
Ep 2339: len= 30 白胜 loss=26.8579 temp=1.00 total_env_steps=101238 t=0.29s
Ep 2340: len= 43 黑胜 loss=26.7719 temp=1.00 total_env_steps=101281 t=0.37s
Ep 2341: len= 31 黑胜 loss=26.7455 temp=1.00 total_env_steps=101312 t=0.28s
Ep 2342: len= 44 白胜 loss=27.0074 temp=1.00 total_env_steps=101356 t=0.36s
Ep 2343: len= 25 黑胜 loss=27.1394 temp=1.00 total_env_steps=101381 t=0.26s
Ep 2344: len= 41 黑胜 loss=26.8298 temp=1.00 total_env_steps=101422 t=0.36s
Ep 2345: len= 57 黑胜 loss=27.0759 temp=1.00 total_env_steps=101479 t=0.46s
Ep 2346: len= 39 黑胜 loss=26.8936 temp=1.00 total_env_steps=101518 t=0.33s
Ep 2347: len= 41 黑胜 loss=26.6910 temp=1.00 total_env_steps=101559 t=0.35s
Ep 2348: len= 46 白胜 loss=26.5208 temp=1.00 total_env_steps=101605 t=0.38s
Ep 2349: len= 34 白胜 loss=26.6828 temp=1.00 total_env_steps=101639 t=0.33s
Ep 2350: len= 34 白胜 loss=26.8863 temp=1.00 total_env_steps=101673 t=0.30s
Ep 2351: len= 58 白胜 loss=26.8303 temp=1.00 total_env_steps=101731 t=0.45s
Ep 2352: len= 55 黑胜 loss=27.2144 temp=1.00 total_env_steps=101786 t=0.41s
Ep 2353: len= 32 白胜 loss=27.0620 temp=1.00 total_env_steps=101818 t=0.29s
Ep 2354: len= 49 黑胜 loss=27.0315 temp=1.00 total_env_steps=101867 t=0.41s
Ep 2355: len= 33 黑胜 loss=27.0118 temp=1.00 total_env_steps=101900 t=0.30s
Ep 2356: len= 47 黑胜 loss=26.6820 temp=1.00 total_env_steps=101947 t=0.37s
Ep 2357: len= 45 黑胜 loss=26.7779 temp=1.00 total_env_steps=101992 t=0.37s
Ep 2358: len= 54 白胜 loss=26.6542 temp=1.00 total_env_steps=102046 t=0.41s
Ep 2359: len= 29 黑胜 loss=26.9222 temp=1.00 total_env_steps=102075 t=0.26s
Ep 2360: len= 59 黑胜 loss=26.6220 temp=1.00 total_env_steps=102134 t=0.47s
Ep 2361: len= 54 白胜 loss=26.8493 temp=1.00 total_env_steps=102188 t=0.44s
Ep 2362: len= 69 黑胜 loss=26.7064 temp=1.00 total_env_steps=102257 t=0.50s
Ep 2363: len= 42 白胜 loss=26.9052 temp=1.00 total_env_steps=102299 t=0.35s
Ep 2364: len= 49 黑胜 loss=27.1496 temp=1.00 total_env_steps=102348 t=0.39s
Ep 2365: len= 39 黑胜 loss=26.7133 temp=1.00 total_env_steps=102387 t=0.34s
Ep 2366: len= 60 白胜 loss=26.6910 temp=1.00 total_env_steps=102447 t=0.45s
Ep 2367: len= 46 白胜 loss=26.8445 temp=1.00 total_env_steps=102493 t=0.37s
Ep 2368: len= 23 黑胜 loss=26.7640 temp=1.00 total_env_steps=102516 t=0.24s
Ep 2369: len= 30 白胜 loss=26.6363 temp=1.00 total_env_steps=102546 t=0.30s
Ep 2370: len= 48 白胜 loss=26.7553 temp=1.00 total_env_steps=102594 t=0.37s
Ep 2371: len= 50 白胜 loss=27.1175 temp=1.00 total_env_steps=102644 t=0.40s
Ep 2372: len= 28 白胜 loss=26.9484 temp=1.00 total_env_steps=102672 t=0.26s
Ep 2373: len= 39 黑胜 loss=26.7168 temp=1.00 total_env_steps=102711 t=0.34s
Ep 2374: len= 37 黑胜 loss=27.0141 temp=1.00 total_env_steps=102748 t=0.31s
Ep 2375: len= 81 平局 loss=26.5352 temp=1.00 total_env_steps=102829 t=0.58s
Ep 2376: len= 38 白胜 loss=26.7482 temp=1.00 total_env_steps=102867 t=0.31s
Ep 2377: len= 23 黑胜 loss=26.8026 temp=1.00 total_env_steps=102890 t=0.23s
Ep 2378: len= 55 黑胜 loss=27.0881 temp=1.00 total_env_steps=102945 t=0.43s
Ep 2379: len= 45 黑胜 loss=26.5985 temp=1.00 total_env_steps=102990 t=0.37s
Ep 2380: len= 44 白胜 loss=26.5278 temp=1.00 total_env_steps=103034 t=0.37s
Ep 2381: len= 49 黑胜 loss=26.7371 temp=1.00 total_env_steps=103083 t=0.39s
Ep 2382: len= 64 白胜 loss=26.8193 temp=1.00 total_env_steps=103147 t=0.50s
Ep 2383: len= 29 黑胜 loss=27.4042 temp=1.00 total_env_steps=103176 t=0.27s
Ep 2384: len= 41 黑胜 loss=26.5220 temp=1.00 total_env_steps=103217 t=0.35s
Ep 2385: len= 63 黑胜 loss=26.4507 temp=1.00 total_env_steps=103280 t=0.47s
Ep 2386: len= 17 黑胜 loss=26.8149 temp=1.00 total_env_steps=103297 t=0.20s
Ep 2387: len= 30 白胜 loss=27.0523 temp=1.00 total_env_steps=103327 t=0.28s
Ep 2388: len= 63 黑胜 loss=26.7409 temp=1.00 total_env_steps=103390 t=0.46s
Ep 2389: len= 22 白胜 loss=26.7944 temp=1.00 total_env_steps=103412 t=0.23s
Ep 2390: len= 54 白胜 loss=26.7929 temp=1.00 total_env_steps=103466 t=0.41s
Ep 2391: len= 45 黑胜 loss=26.9419 temp=1.00 total_env_steps=103511 t=0.36s
Ep 2392: len= 39 黑胜 loss=26.9373 temp=1.00 total_env_steps=103550 t=0.33s
Ep 2393: len= 51 黑胜 loss=26.8543 temp=1.00 total_env_steps=103601 t=0.41s
Ep 2394: len= 32 白胜 loss=27.1725 temp=1.00 total_env_steps=103633 t=0.28s
Ep 2395: len= 39 黑胜 loss=27.1061 temp=1.00 total_env_steps=103672 t=0.34s
Ep 2396: len= 45 黑胜 loss=26.5500 temp=1.00 total_env_steps=103717 t=0.36s
Ep 2397: len= 48 白胜 loss=26.9057 temp=1.00 total_env_steps=103765 t=0.37s
Ep 2398: len= 33 黑胜 loss=27.1568 temp=1.00 total_env_steps=103798 t=0.27s
Ep 2399: len= 48 白胜 loss=27.0646 temp=1.00 total_env_steps=103846 t=0.37s
Ep 2400: len= 30 白胜 loss=27.0666 temp=1.00 total_env_steps=103876 t=0.28s
Ep 2401: len= 54 白胜 loss=26.4812 temp=1.00 total_env_steps=103930 t=0.40s
Ep 2402: len= 36 白胜 loss=26.9359 temp=1.00 total_env_steps=103966 t=0.30s
Ep 2403: len= 65 黑胜 loss=26.8619 temp=1.00 total_env_steps=104031 t=0.49s
Ep 2404: len= 47 黑胜 loss=26.8214 temp=1.00 total_env_steps=104078 t=0.39s
Ep 2405: len= 44 白胜 loss=27.2826 temp=1.00 total_env_steps=104122 t=0.35s
Ep 2406: len= 38 白胜 loss=26.9788 temp=1.00 total_env_steps=104160 t=0.33s
Ep 2407: len= 52 白胜 loss=26.8558 temp=1.00 total_env_steps=104212 t=0.42s
Ep 2408: len= 50 白胜 loss=26.7923 temp=1.00 total_env_steps=104262 t=0.41s
Ep 2409: len= 48 白胜 loss=27.0378 temp=1.00 total_env_steps=104310 t=0.39s
Ep 2410: len= 69 黑胜 loss=26.9820 temp=1.00 total_env_steps=104379 t=0.58s
Ep 2411: len= 27 黑胜 loss=26.9498 temp=1.00 total_env_steps=104406 t=0.26s
Ep 2412: len= 48 白胜 loss=27.3367 temp=1.00 total_env_steps=104454 t=0.38s
Ep 2413: len= 56 白胜 loss=26.9953 temp=1.00 total_env_steps=104510 t=0.46s
Ep 2414: len= 44 白胜 loss=26.6792 temp=1.00 total_env_steps=104554 t=0.39s
Ep 2415: len= 33 黑胜 loss=27.1493 temp=1.00 total_env_steps=104587 t=0.28s
Ep 2416: len= 55 黑胜 loss=26.9155 temp=1.00 total_env_steps=104642 t=0.43s
Ep 2417: len= 49 黑胜 loss=27.2024 temp=1.00 total_env_steps=104691 t=0.41s
Ep 2418: len= 43 黑胜 loss=26.6670 temp=1.00 total_env_steps=104734 t=0.36s
Ep 2419: len= 45 黑胜 loss=26.8974 temp=1.00 total_env_steps=104779 t=0.38s
Ep 2420: len= 23 黑胜 loss=26.8991 temp=1.00 total_env_steps=104802 t=0.25s
Ep 2421: len= 42 白胜 loss=26.5735 temp=1.00 total_env_steps=104844 t=0.35s
Ep 2422: len= 68 白胜 loss=27.2015 temp=1.00 total_env_steps=104912 t=0.52s
Ep 2423: len= 43 黑胜 loss=26.5744 temp=1.00 total_env_steps=104955 t=0.34s
Ep 2424: len= 42 白胜 loss=26.9771 temp=1.00 total_env_steps=104997 t=0.37s
Ep 2425: len= 42 白胜 loss=27.0380 temp=1.00 total_env_steps=105039 t=0.39s
Ep 2426: len= 41 黑胜 loss=27.0377 temp=1.00 total_env_steps=105080 t=0.36s
Ep 2427: len= 45 黑胜 loss=27.0198 temp=1.00 total_env_steps=105125 t=0.41s
Ep 2428: len= 54 白胜 loss=27.2298 temp=1.00 total_env_steps=105179 t=0.44s
Ep 2429: len= 51 黑胜 loss=26.4151 temp=1.00 total_env_steps=105230 t=0.47s
Ep 2430: len= 36 白胜 loss=27.0495 temp=1.00 total_env_steps=105266 t=0.35s
Ep 2431: len= 38 白胜 loss=26.9837 temp=1.00 total_env_steps=105304 t=0.33s
Ep 2432: len= 43 黑胜 loss=26.5747 temp=1.00 total_env_steps=105347 t=0.37s
Ep 2433: len= 31 黑胜 loss=27.2042 temp=1.00 total_env_steps=105378 t=0.30s
Ep 2434: len= 52 白胜 loss=27.1117 temp=1.00 total_env_steps=105430 t=0.41s
Ep 2435: len= 39 黑胜 loss=27.0225 temp=1.00 total_env_steps=105469 t=0.33s
Ep 2436: len= 21 黑胜 loss=26.6426 temp=1.00 total_env_steps=105490 t=0.27s
Ep 2437: len= 69 黑胜 loss=26.9055 temp=1.00 total_env_steps=105559 t=0.53s
Ep 2438: len= 46 白胜 loss=26.9009 temp=1.00 total_env_steps=105605 t=0.41s
Ep 2439: len= 38 白胜 loss=27.1826 temp=1.00 total_env_steps=105643 t=0.35s
Ep 2440: len= 53 黑胜 loss=27.3612 temp=1.00 total_env_steps=105696 t=0.41s
Ep 2441: len= 46 白胜 loss=26.7298 temp=1.00 total_env_steps=105742 t=0.40s
Ep 2442: len= 55 黑胜 loss=27.3323 temp=1.00 total_env_steps=105797 t=0.45s
Ep 2443: len= 44 白胜 loss=26.9156 temp=1.00 total_env_steps=105841 t=0.39s
Ep 2444: len= 57 黑胜 loss=26.8365 temp=1.00 total_env_steps=105898 t=0.50s
Ep 2445: len= 54 白胜 loss=26.3703 temp=1.00 total_env_steps=105952 t=0.48s
Ep 2446: len= 43 黑胜 loss=26.9391 temp=1.00 total_env_steps=105995 t=0.36s
Ep 2447: len= 32 白胜 loss=27.0491 temp=1.00 total_env_steps=106027 t=0.31s
Ep 2448: len= 55 黑胜 loss=26.9513 temp=1.00 total_env_steps=106082 t=0.48s
Ep 2449: len= 55 黑胜 loss=26.6894 temp=1.00 total_env_steps=106137 t=0.47s
Ep 2450: len= 52 白胜 loss=27.2113 temp=1.00 total_env_steps=106189 t=0.45s
Ep 2451: len= 39 黑胜 loss=26.8003 temp=1.00 total_env_steps=106228 t=0.37s
Ep 2452: len= 43 黑胜 loss=26.9900 temp=1.00 total_env_steps=106271 t=0.42s
Ep 2453: len= 59 黑胜 loss=27.3711 temp=1.00 total_env_steps=106330 t=0.49s
Ep 2454: len= 44 白胜 loss=27.0064 temp=1.00 total_env_steps=106374 t=0.39s
Ep 2455: len= 38 白胜 loss=26.8072 temp=1.00 total_env_steps=106412 t=0.37s
Ep 2456: len= 41 黑胜 loss=26.7312 temp=1.00 total_env_steps=106453 t=0.35s
Ep 2457: len= 40 白胜 loss=27.1419 temp=1.00 total_env_steps=106493 t=0.39s
Ep 2458: len= 40 白胜 loss=26.6329 temp=1.00 total_env_steps=106533 t=0.38s
Ep 2459: len= 64 白胜 loss=26.8680 temp=1.00 total_env_steps=106597 t=0.52s
Ep 2460: len= 37 黑胜 loss=26.7914 temp=1.00 total_env_steps=106634 t=0.35s
Ep 2461: len= 40 白胜 loss=27.0252 temp=1.00 total_env_steps=106674 t=0.37s
Ep 2462: len= 49 黑胜 loss=27.1992 temp=1.00 total_env_steps=106723 t=0.42s
Ep 2463: len= 46 白胜 loss=26.9080 temp=1.00 total_env_steps=106769 t=0.40s
Ep 2464: len= 42 白胜 loss=26.9534 temp=1.00 total_env_steps=106811 t=0.38s
Ep 2465: len= 47 黑胜 loss=27.1530 temp=1.00 total_env_steps=106858 t=0.43s
Ep 2466: len= 37 黑胜 loss=26.4458 temp=1.00 total_env_steps=106895 t=0.33s
Ep 2467: len= 30 白胜 loss=26.6816 temp=1.00 total_env_steps=106925 t=0.30s
Ep 2468: len= 44 白胜 loss=26.8709 temp=1.00 total_env_steps=106969 t=0.40s
Ep 2469: len= 45 黑胜 loss=26.6392 temp=1.00 total_env_steps=107014 t=0.37s
Ep 2470: len= 59 黑胜 loss=26.8506 temp=1.00 total_env_steps=107073 t=0.51s
Ep 2471: len= 54 白胜 loss=26.9390 temp=1.00 total_env_steps=107127 t=0.47s
Ep 2472: len= 46 白胜 loss=27.1566 temp=1.00 total_env_steps=107173 t=0.39s
Ep 2473: len= 27 黑胜 loss=27.1438 temp=1.00 total_env_steps=107200 t=0.27s
Ep 2474: len= 34 白胜 loss=26.6897 temp=1.00 total_env_steps=107234 t=0.31s
Ep 2475: len= 31 黑胜 loss=26.7698 temp=1.00 total_env_steps=107265 t=0.32s
Ep 2476: len= 50 白胜 loss=27.1184 temp=1.00 total_env_steps=107315 t=0.42s
Ep 2477: len= 41 黑胜 loss=27.1293 temp=1.00 total_env_steps=107356 t=0.39s
Ep 2478: len= 31 黑胜 loss=26.4333 temp=1.00 total_env_steps=107387 t=0.33s
Ep 2479: len= 30 白胜 loss=26.9624 temp=1.00 total_env_steps=107417 t=0.30s
Ep 2480: len= 47 黑胜 loss=27.3504 temp=1.00 total_env_steps=107464 t=0.44s
Ep 2481: len= 27 黑胜 loss=26.9759 temp=1.00 total_env_steps=107491 t=0.29s
Ep 2482: len= 40 白胜 loss=26.7234 temp=1.00 total_env_steps=107531 t=0.36s
Ep 2483: len= 23 黑胜 loss=27.2689 temp=1.00 total_env_steps=107554 t=0.25s
Ep 2484: len= 31 黑胜 loss=27.0170 temp=1.00 total_env_steps=107585 t=0.33s
Ep 2485: len= 53 黑胜 loss=26.8507 temp=1.00 total_env_steps=107638 t=0.46s
Ep 2486: len= 35 黑胜 loss=26.8615 temp=1.00 total_env_steps=107673 t=0.33s
Ep 2487: len= 39 黑胜 loss=26.8474 temp=1.00 total_env_steps=107712 t=0.35s
Ep 2488: len= 32 白胜 loss=26.7733 temp=1.00 total_env_steps=107744 t=0.31s
Ep 2489: len= 47 黑胜 loss=27.0550 temp=1.00 total_env_steps=107791 t=0.40s
Ep 2490: len= 31 黑胜 loss=26.6860 temp=1.00 total_env_steps=107822 t=0.31s
Ep 2491: len= 49 黑胜 loss=27.0398 temp=1.00 total_env_steps=107871 t=0.41s
Ep 2492: len= 43 黑胜 loss=26.9639 temp=1.00 total_env_steps=107914 t=0.43s
Ep 2493: len= 47 黑胜 loss=26.8063 temp=1.00 total_env_steps=107961 t=0.42s
Ep 2494: len= 39 黑胜 loss=27.0279 temp=1.00 total_env_steps=108000 t=0.37s
Ep 2495: len= 28 白胜 loss=26.7544 temp=1.00 total_env_steps=108028 t=0.30s
Ep 2496: len= 41 黑胜 loss=26.6668 temp=1.00 total_env_steps=108069 t=0.36s
Ep 2497: len= 42 白胜 loss=26.9228 temp=1.00 total_env_steps=108111 t=0.40s
Ep 2498: len= 41 黑胜 loss=27.1453 temp=1.00 total_env_steps=108152 t=0.35s
Ep 2499: len= 38 白胜 loss=27.0835 temp=1.00 total_env_steps=108190 t=0.36s
Ep 2500: len= 76 白胜 loss=26.8370 temp=1.00 total_env_steps=108266 t=0.56s
  eval vs Gomoku-random-v0: win_rate=0.95 mean_return=0.90（20 局，total_env_steps=108266）
  📸 已拍权重快照（ep=2500，gating 对弈基准）
Ep 2501: len= 56 白胜 loss=27.0287 temp=1.00 total_env_steps=108322 t=0.46s
Ep 2502: len= 43 黑胜 loss=27.2422 temp=1.00 total_env_steps=108365 t=0.40s
Ep 2503: len= 47 黑胜 loss=26.9092 temp=1.00 total_env_steps=108412 t=0.42s
Ep 2504: len= 55 黑胜 loss=26.9247 temp=1.00 total_env_steps=108467 t=0.50s
Ep 2505: len= 37 黑胜 loss=26.7286 temp=1.00 total_env_steps=108504 t=0.38s
Ep 2506: len= 30 白胜 loss=27.0114 temp=1.00 total_env_steps=108534 t=0.33s
Ep 2507: len= 72 白胜 loss=26.7002 temp=1.00 total_env_steps=108606 t=0.57s
Ep 2508: len= 33 黑胜 loss=27.1404 temp=1.00 total_env_steps=108639 t=0.34s
Ep 2509: len= 39 黑胜 loss=26.6168 temp=1.00 total_env_steps=108678 t=0.37s
Ep 2510: len= 37 黑胜 loss=26.9783 temp=1.00 total_env_steps=108715 t=0.37s
Ep 2511: len= 50 白胜 loss=26.9151 temp=1.00 total_env_steps=108765 t=0.45s
Ep 2512: len= 52 白胜 loss=27.1214 temp=1.00 total_env_steps=108817 t=0.46s
Ep 2513: len= 53 黑胜 loss=26.8435 temp=1.00 total_env_steps=108870 t=0.45s
Ep 2514: len= 52 白胜 loss=27.0098 temp=1.00 total_env_steps=108922 t=0.47s
Ep 2515: len= 48 白胜 loss=27.3311 temp=1.00 total_env_steps=108970 t=0.40s
Ep 2516: len= 51 黑胜 loss=26.7189 temp=1.00 total_env_steps=109021 t=0.43s
Ep 2517: len= 59 黑胜 loss=27.0424 temp=1.00 total_env_steps=109080 t=0.48s
Ep 2518: len= 23 黑胜 loss=27.0591 temp=1.00 total_env_steps=109103 t=0.25s
Ep 2519: len= 38 白胜 loss=26.8476 temp=1.00 total_env_steps=109141 t=0.36s
Ep 2520: len= 45 黑胜 loss=26.7257 temp=1.00 total_env_steps=109186 t=0.43s
Ep 2521: len= 29 黑胜 loss=27.3298 temp=1.00 total_env_steps=109215 t=0.30s
Ep 2522: len= 39 黑胜 loss=26.9027 temp=1.00 total_env_steps=109254 t=0.35s
Ep 2523: len= 61 黑胜 loss=26.8443 temp=1.00 total_env_steps=109315 t=0.51s
Ep 2524: len= 34 白胜 loss=27.0357 temp=1.00 total_env_steps=109349 t=0.32s
Ep 2525: len= 44 白胜 loss=26.9324 temp=1.00 total_env_steps=109393 t=0.38s
Ep 2526: len= 47 黑胜 loss=27.1060 temp=1.00 total_env_steps=109440 t=0.39s
Ep 2527: len= 46 白胜 loss=26.8359 temp=1.00 total_env_steps=109486 t=0.39s
Ep 2528: len= 45 黑胜 loss=26.9184 temp=1.00 total_env_steps=109531 t=0.38s
Ep 2529: len= 24 白胜 loss=27.1393 temp=1.00 total_env_steps=109555 t=0.26s
Ep 2530: len= 50 白胜 loss=27.2272 temp=1.00 total_env_steps=109605 t=0.44s
Ep 2531: len= 38 白胜 loss=26.6264 temp=1.00 total_env_steps=109643 t=0.36s
Ep 2532: len= 40 白胜 loss=26.9260 temp=1.00 total_env_steps=109683 t=0.37s
Ep 2533: len= 33 黑胜 loss=27.1299 temp=1.00 total_env_steps=109716 t=0.35s
Ep 2534: len= 74 白胜 loss=27.0424 temp=1.00 total_env_steps=109790 t=0.59s
Ep 2535: len= 43 黑胜 loss=27.2593 temp=1.00 total_env_steps=109833 t=0.37s
Ep 2536: len= 67 黑胜 loss=26.8206 temp=1.00 total_env_steps=109900 t=0.58s
Ep 2537: len= 51 黑胜 loss=26.7377 temp=1.00 total_env_steps=109951 t=0.41s
Ep 2538: len= 31 黑胜 loss=26.6400 temp=1.00 total_env_steps=109982 t=0.31s
Ep 2539: len= 49 黑胜 loss=26.7388 temp=1.00 total_env_steps=110031 t=0.43s
Ep 2540: len= 27 黑胜 loss=26.9785 temp=1.00 total_env_steps=110058 t=0.31s
Ep 2541: len= 53 黑胜 loss=27.0303 temp=1.00 total_env_steps=110111 t=0.45s
Ep 2542: len= 35 黑胜 loss=27.0775 temp=1.00 total_env_steps=110146 t=0.34s
Ep 2543: len= 40 白胜 loss=26.8142 temp=1.00 total_env_steps=110186 t=0.37s
Ep 2544: len= 47 黑胜 loss=26.8888 temp=1.00 total_env_steps=110233 t=0.41s
Ep 2545: len= 33 黑胜 loss=27.0889 temp=1.00 total_env_steps=110266 t=0.33s
Ep 2546: len= 81 平局 loss=26.9439 temp=1.00 total_env_steps=110347 t=0.78s
Ep 2547: len= 38 白胜 loss=26.9528 temp=1.00 total_env_steps=110385 t=0.37s
Ep 2548: len= 34 白胜 loss=26.7303 temp=1.00 total_env_steps=110419 t=0.32s
Ep 2549: len= 26 白胜 loss=26.9868 temp=1.00 total_env_steps=110445 t=0.30s
Ep 2550: len= 49 黑胜 loss=26.9020 temp=1.00 total_env_steps=110494 t=0.44s
Ep 2551: len= 50 白胜 loss=26.7042 temp=1.00 total_env_steps=110544 t=0.44s
Ep 2552: len= 26 白胜 loss=26.7150 temp=1.00 total_env_steps=110570 t=0.30s
Ep 2553: len= 54 白胜 loss=27.2365 temp=1.00 total_env_steps=110624 t=0.43s
Ep 2554: len= 29 黑胜 loss=26.6659 temp=1.00 total_env_steps=110653 t=0.30s
Ep 2555: len= 47 黑胜 loss=27.0621 temp=1.00 total_env_steps=110700 t=0.41s
Ep 2556: len= 39 黑胜 loss=26.8153 temp=1.00 total_env_steps=110739 t=0.37s
Ep 2557: len= 29 黑胜 loss=26.8130 temp=1.00 total_env_steps=110768 t=0.31s
Ep 2558: len= 47 黑胜 loss=27.0662 temp=1.00 total_env_steps=110815 t=0.40s
Ep 2559: len= 47 黑胜 loss=26.7415 temp=1.00 total_env_steps=110862 t=0.42s
Ep 2560: len= 51 黑胜 loss=27.1102 temp=1.00 total_env_steps=110913 t=0.44s
Ep 2561: len= 41 黑胜 loss=27.2638 temp=1.00 total_env_steps=110954 t=0.39s
Ep 2562: len= 36 白胜 loss=27.0195 temp=1.00 total_env_steps=110990 t=0.53s
Ep 2563: len= 49 黑胜 loss=27.0666 temp=1.00 total_env_steps=111039 t=0.62s
Ep 2564: len= 46 白胜 loss=27.0052 temp=1.00 total_env_steps=111085 t=0.59s
Ep 2565: len= 40 白胜 loss=27.1494 temp=1.00 total_env_steps=111125 t=0.54s
Ep 2566: len= 45 黑胜 loss=26.9164 temp=1.00 total_env_steps=111170 t=0.57s
Ep 2567: len= 37 黑胜 loss=26.9848 temp=1.00 total_env_steps=111207 t=0.50s
Ep 2568: len= 46 白胜 loss=27.1883 temp=1.00 total_env_steps=111253 t=0.56s
Ep 2569: len= 47 黑胜 loss=27.2142 temp=1.00 total_env_steps=111300 t=0.56s
Ep 2570: len= 62 白胜 loss=27.1954 temp=1.00 total_env_steps=111362 t=0.70s
Ep 2571: len= 45 黑胜 loss=26.7618 temp=1.00 total_env_steps=111407 t=0.76s
Ep 2572: len= 28 白胜 loss=26.9051 temp=1.00 total_env_steps=111435 t=0.47s
Ep 2573: len= 53 黑胜 loss=26.5824 temp=1.00 total_env_steps=111488 t=0.66s
Ep 2574: len= 65 黑胜 loss=26.9186 temp=1.00 total_env_steps=111553 t=0.70s
Ep 2575: len= 57 黑胜 loss=27.0207 temp=1.00 total_env_steps=111610 t=0.67s
Ep 2576: len= 46 白胜 loss=27.0087 temp=1.00 total_env_steps=111656 t=0.56s
Ep 2577: len= 54 白胜 loss=27.3469 temp=1.00 total_env_steps=111710 t=0.64s
Ep 2578: len= 43 黑胜 loss=26.8668 temp=1.00 total_env_steps=111753 t=0.65s
Ep 2579: len= 48 白胜 loss=26.8139 temp=1.00 total_env_steps=111801 t=0.59s
Ep 2580: len= 35 黑胜 loss=26.9568 temp=1.00 total_env_steps=111836 t=0.52s
Ep 2581: len= 55 黑胜 loss=26.9684 temp=1.00 total_env_steps=111891 t=0.65s
Ep 2582: len= 60 白胜 loss=27.1112 temp=1.00 total_env_steps=111951 t=0.69s
Ep 2583: len= 36 白胜 loss=26.9718 temp=1.00 total_env_steps=111987 t=0.51s
Ep 2584: len= 46 白胜 loss=26.8709 temp=1.00 total_env_steps=112033 t=0.56s
Ep 2585: len= 28 白胜 loss=27.1944 temp=1.00 total_env_steps=112061 t=0.48s
Ep 2586: len= 48 白胜 loss=26.5765 temp=1.00 total_env_steps=112109 t=0.62s
Ep 2587: len= 37 黑胜 loss=27.1489 temp=1.00 total_env_steps=112146 t=0.50s
Ep 2588: len= 55 黑胜 loss=27.2361 temp=1.00 total_env_steps=112201 t=0.63s
Ep 2589: len= 45 黑胜 loss=27.0334 temp=1.00 total_env_steps=112246 t=0.60s
Ep 2590: len= 44 白胜 loss=26.4385 temp=1.00 total_env_steps=112290 t=0.61s
Ep 2591: len= 48 白胜 loss=27.1307 temp=1.00 total_env_steps=112338 t=0.64s
Ep 2592: len= 47 黑胜 loss=27.1764 temp=1.00 total_env_steps=112385 t=0.59s
Ep 2593: len= 58 白胜 loss=27.2363 temp=1.00 total_env_steps=112443 t=0.65s
Ep 2594: len= 40 白胜 loss=27.2118 temp=1.00 total_env_steps=112483 t=0.52s
Ep 2595: len= 32 白胜 loss=26.8537 temp=1.00 total_env_steps=112515 t=0.47s
Ep 2596: len= 65 黑胜 loss=27.0368 temp=1.00 total_env_steps=112580 t=0.72s
Ep 2597: len= 56 白胜 loss=26.8398 temp=1.00 total_env_steps=112636 t=0.65s
Ep 2598: len= 52 白胜 loss=27.0736 temp=1.00 total_env_steps=112688 t=0.60s
Ep 2599: len= 41 黑胜 loss=27.0257 temp=1.00 total_env_steps=112729 t=0.52s
Ep 2600: len= 48 白胜 loss=26.9897 temp=1.00 total_env_steps=112777 t=0.55s
Ep 2601: len= 31 黑胜 loss=27.1084 temp=1.00 total_env_steps=112808 t=0.46s
Ep 2602: len= 44 白胜 loss=26.7936 temp=1.00 total_env_steps=112852 t=0.54s
Ep 2603: len= 43 黑胜 loss=26.6101 temp=1.00 total_env_steps=112895 t=0.54s
Ep 2604: len= 40 白胜 loss=26.7721 temp=1.00 total_env_steps=112935 t=0.52s
Ep 2605: len= 54 白胜 loss=26.6116 temp=1.00 total_env_steps=112989 t=0.60s
Ep 2606: len= 33 黑胜 loss=26.6980 temp=1.00 total_env_steps=113022 t=0.48s
Ep 2607: len= 21 黑胜 loss=26.9444 temp=1.00 total_env_steps=113043 t=0.38s
Ep 2608: len= 44 白胜 loss=27.1642 temp=1.00 total_env_steps=113087 t=0.53s
Ep 2609: len= 60 白胜 loss=27.0801 temp=1.00 total_env_steps=113147 t=0.64s
Ep 2610: len= 43 黑胜 loss=27.1795 temp=1.00 total_env_steps=113190 t=0.52s
Ep 2611: len= 51 黑胜 loss=27.1364 temp=1.00 total_env_steps=113241 t=0.57s
Ep 2612: len= 35 黑胜 loss=27.2682 temp=1.00 total_env_steps=113276 t=0.48s
Ep 2613: len= 27 黑胜 loss=26.7814 temp=1.00 total_env_steps=113303 t=0.43s
Ep 2614: len= 47 黑胜 loss=27.0657 temp=1.00 total_env_steps=113350 t=0.54s
Ep 2615: len= 33 黑胜 loss=26.7372 temp=1.00 total_env_steps=113383 t=0.47s
Ep 2616: len= 69 黑胜 loss=26.9012 temp=1.00 total_env_steps=113452 t=0.74s
Ep 2617: len= 32 白胜 loss=27.0803 temp=1.00 total_env_steps=113484 t=0.46s
Ep 2618: len= 68 白胜 loss=27.1694 temp=1.00 total_env_steps=113552 t=0.75s
Ep 2619: len= 57 黑胜 loss=26.8505 temp=1.00 total_env_steps=113609 t=0.63s
Ep 2620: len= 66 白胜 loss=26.6538 temp=1.00 total_env_steps=113675 t=0.72s
Ep 2621: len= 48 白胜 loss=26.8966 temp=1.00 total_env_steps=113723 t=0.58s
Ep 2622: len= 43 黑胜 loss=27.1676 temp=1.00 total_env_steps=113766 t=0.56s
Ep 2623: len= 45 黑胜 loss=26.9346 temp=1.00 total_env_steps=113811 t=0.53s
Ep 2624: len= 19 黑胜 loss=27.0116 temp=1.00 total_env_steps=113830 t=0.40s
Ep 2625: len= 58 白胜 loss=26.7110 temp=1.00 total_env_steps=113888 t=0.63s
Ep 2626: len= 41 黑胜 loss=26.8246 temp=1.00 total_env_steps=113929 t=0.52s
Ep 2627: len= 57 黑胜 loss=26.9813 temp=1.00 total_env_steps=113986 t=0.63s
Ep 2628: len= 62 白胜 loss=27.0618 temp=1.00 total_env_steps=114048 t=0.65s
Ep 2629: len= 41 黑胜 loss=26.8809 temp=1.00 total_env_steps=114089 t=0.51s
Ep 2630: len= 45 黑胜 loss=26.8557 temp=1.00 total_env_steps=114134 t=0.54s
Ep 2631: len= 39 黑胜 loss=26.9991 temp=1.00 total_env_steps=114173 t=0.51s
Ep 2632: len= 36 白胜 loss=26.7366 temp=1.00 total_env_steps=114209 t=0.49s
Ep 2633: len= 43 黑胜 loss=26.7296 temp=1.00 total_env_steps=114252 t=0.51s
Ep 2634: len= 53 黑胜 loss=26.6958 temp=1.00 total_env_steps=114305 t=0.58s
Ep 2635: len= 34 白胜 loss=26.5167 temp=1.00 total_env_steps=114339 t=0.47s
Ep 2636: len= 34 白胜 loss=26.6814 temp=1.00 total_env_steps=114373 t=0.47s
Ep 2637: len= 54 白胜 loss=27.0742 temp=1.00 total_env_steps=114427 t=0.63s
Ep 2638: len= 45 黑胜 loss=26.8720 temp=1.00 total_env_steps=114472 t=0.55s
Ep 2639: len= 45 黑胜 loss=26.7846 temp=1.00 total_env_steps=114517 t=0.54s
Ep 2640: len= 49 黑胜 loss=26.7673 temp=1.00 total_env_steps=114566 t=0.57s
Ep 2641: len= 41 黑胜 loss=27.0845 temp=1.00 total_env_steps=114607 t=0.53s
Ep 2642: len= 25 黑胜 loss=27.3042 temp=1.00 total_env_steps=114632 t=0.40s
Ep 2643: len= 48 白胜 loss=27.0967 temp=1.00 total_env_steps=114680 t=0.54s
Ep 2644: len= 38 白胜 loss=26.8368 temp=1.00 total_env_steps=114718 t=0.47s
Ep 2645: len= 30 白胜 loss=26.8386 temp=1.00 total_env_steps=114748 t=0.45s
Ep 2646: len= 23 黑胜 loss=26.7261 temp=1.00 total_env_steps=114771 t=0.41s
Ep 2647: len= 34 白胜 loss=26.9860 temp=1.00 total_env_steps=114805 t=0.46s
Ep 2648: len= 37 黑胜 loss=27.3370 temp=1.00 total_env_steps=114842 t=0.48s
Ep 2649: len= 41 黑胜 loss=27.0288 temp=1.00 total_env_steps=114883 t=0.55s
Ep 2650: len= 36 白胜 loss=26.8720 temp=1.00 total_env_steps=114919 t=0.48s
Ep 2651: len= 27 黑胜 loss=26.3944 temp=1.00 total_env_steps=114946 t=0.41s
Ep 2652: len= 57 黑胜 loss=26.8505 temp=1.00 total_env_steps=115003 t=0.64s
Ep 2653: len= 30 白胜 loss=27.0614 temp=1.00 total_env_steps=115033 t=0.44s
Ep 2654: len= 48 白胜 loss=26.9200 temp=1.00 total_env_steps=115081 t=0.55s
Ep 2655: len= 59 黑胜 loss=26.6872 temp=1.00 total_env_steps=115140 t=0.64s
Ep 2656: len= 48 白胜 loss=26.7252 temp=1.00 total_env_steps=115188 t=0.56s
Ep 2657: len= 46 白胜 loss=27.0970 temp=1.00 total_env_steps=115234 t=0.54s
Ep 2658: len= 45 黑胜 loss=26.7452 temp=1.00 total_env_steps=115279 t=0.53s
Ep 2659: len= 67 黑胜 loss=27.2388 temp=1.00 total_env_steps=115346 t=0.64s
Ep 2660: len= 54 白胜 loss=27.0735 temp=1.00 total_env_steps=115400 t=0.59s
Ep 2661: len= 48 白胜 loss=27.0257 temp=1.00 total_env_steps=115448 t=0.56s
Ep 2662: len= 52 白胜 loss=27.0070 temp=1.00 total_env_steps=115500 t=0.56s
Ep 2663: len= 41 黑胜 loss=27.1264 temp=1.00 total_env_steps=115541 t=0.53s
Ep 2664: len= 40 白胜 loss=26.8465 temp=1.00 total_env_steps=115581 t=0.57s
Ep 2665: len= 49 黑胜 loss=26.6070 temp=1.00 total_env_steps=115630 t=0.60s
Ep 2666: len= 55 黑胜 loss=27.0237 temp=1.00 total_env_steps=115685 t=0.61s
Ep 2667: len= 26 白胜 loss=26.9437 temp=1.00 total_env_steps=115711 t=0.45s
Ep 2668: len= 36 白胜 loss=26.7152 temp=1.00 total_env_steps=115747 t=0.50s
Ep 2669: len= 50 白胜 loss=26.7468 temp=1.00 total_env_steps=115797 t=0.56s
Ep 2670: len= 41 黑胜 loss=27.0821 temp=1.00 total_env_steps=115838 t=0.51s
Ep 2671: len= 41 黑胜 loss=27.0266 temp=1.00 total_env_steps=115879 t=0.55s
Ep 2672: len= 42 白胜 loss=26.7377 temp=1.00 total_env_steps=115921 t=0.56s
Ep 2673: len= 44 白胜 loss=27.3680 temp=1.00 total_env_steps=115965 t=0.60s
Ep 2674: len= 35 黑胜 loss=26.7562 temp=1.00 total_env_steps=116000 t=0.48s
Ep 2675: len= 47 黑胜 loss=27.0728 temp=1.00 total_env_steps=116047 t=0.61s
Ep 2676: len= 47 黑胜 loss=26.8567 temp=1.00 total_env_steps=116094 t=0.55s
Ep 2677: len= 53 黑胜 loss=26.7316 temp=1.00 total_env_steps=116147 t=0.58s
Ep 2678: len= 48 白胜 loss=26.9421 temp=1.00 total_env_steps=116195 t=0.56s
Ep 2679: len= 40 白胜 loss=26.7020 temp=1.00 total_env_steps=116235 t=0.51s
Ep 2680: len= 55 黑胜 loss=26.8014 temp=1.00 total_env_steps=116290 t=0.63s
Ep 2681: len= 29 黑胜 loss=26.8952 temp=1.00 total_env_steps=116319 t=0.44s
Ep 2682: len= 30 白胜 loss=27.0939 temp=1.00 total_env_steps=116349 t=0.43s
Ep 2683: len= 38 白胜 loss=26.8673 temp=1.00 total_env_steps=116387 t=0.50s
Ep 2684: len= 35 黑胜 loss=26.9677 temp=1.00 total_env_steps=116422 t=0.53s
Ep 2685: len= 23 黑胜 loss=27.2065 temp=1.00 total_env_steps=116445 t=0.43s
Ep 2686: len= 35 黑胜 loss=27.4523 temp=1.00 total_env_steps=116480 t=0.47s
Ep 2687: len= 52 白胜 loss=26.8336 temp=1.00 total_env_steps=116532 t=0.60s
Ep 2688: len= 34 白胜 loss=27.1137 temp=1.00 total_env_steps=116566 t=0.52s
Ep 2689: len= 33 黑胜 loss=27.1465 temp=1.00 total_env_steps=116599 t=0.51s
Ep 2690: len= 35 黑胜 loss=26.9198 temp=1.00 total_env_steps=116634 t=0.48s
Ep 2691: len= 50 白胜 loss=27.1216 temp=1.00 total_env_steps=116684 t=0.59s
Ep 2692: len= 34 白胜 loss=26.6465 temp=1.00 total_env_steps=116718 t=0.48s
Ep 2693: len= 55 黑胜 loss=26.9845 temp=1.00 total_env_steps=116773 t=0.60s
Ep 2694: len= 48 白胜 loss=26.7087 temp=1.00 total_env_steps=116821 t=0.55s
Ep 2695: len= 45 黑胜 loss=26.7774 temp=1.00 total_env_steps=116866 t=0.57s
Ep 2696: len= 38 白胜 loss=26.7831 temp=1.00 total_env_steps=116904 t=0.50s
Ep 2697: len= 43 黑胜 loss=26.7600 temp=1.00 total_env_steps=116947 t=0.53s
Ep 2698: len= 55 黑胜 loss=27.1205 temp=1.00 total_env_steps=117002 t=0.60s
Ep 2699: len= 63 黑胜 loss=27.0236 temp=1.00 total_env_steps=117065 t=0.66s
Ep 2700: len= 47 黑胜 loss=26.9276 temp=1.00 total_env_steps=117112 t=0.59s
Ep 2701: len= 59 黑胜 loss=26.7146 temp=1.00 total_env_steps=117171 t=0.62s
Ep 2702: len= 53 黑胜 loss=27.1769 temp=1.00 total_env_steps=117224 t=0.58s
Ep 2703: len= 48 白胜 loss=27.2727 temp=1.00 total_env_steps=117272 t=0.56s
Ep 2704: len= 33 黑胜 loss=26.7520 temp=1.00 total_env_steps=117305 t=0.46s
Ep 2705: len= 30 白胜 loss=26.9129 temp=1.00 total_env_steps=117335 t=0.48s
Ep 2706: len= 37 黑胜 loss=27.1347 temp=1.00 total_env_steps=117372 t=0.48s
Ep 2707: len= 52 白胜 loss=26.7130 temp=1.00 total_env_steps=117424 t=0.57s
Ep 2708: len= 25 黑胜 loss=26.6584 temp=1.00 total_env_steps=117449 t=0.44s
Ep 2709: len= 52 白胜 loss=26.9984 temp=1.00 total_env_steps=117501 t=0.59s
Ep 2710: len= 43 黑胜 loss=27.5073 temp=1.00 total_env_steps=117544 t=0.58s
Ep 2711: len= 41 黑胜 loss=26.9017 temp=1.00 total_env_steps=117585 t=0.52s
Ep 2712: len= 51 黑胜 loss=26.8394 temp=1.00 total_env_steps=117636 t=0.58s
Ep 2713: len= 42 白胜 loss=27.1663 temp=1.00 total_env_steps=117678 t=0.52s
Ep 2714: len= 74 白胜 loss=27.0992 temp=1.00 total_env_steps=117752 t=0.73s
Ep 2715: len= 50 白胜 loss=26.9988 temp=1.00 total_env_steps=117802 t=0.58s
Ep 2716: len= 44 白胜 loss=26.9235 temp=1.00 total_env_steps=117846 t=0.53s
Ep 2717: len= 42 白胜 loss=26.9168 temp=1.00 total_env_steps=117888 t=0.53s
Ep 2718: len= 39 黑胜 loss=26.6994 temp=1.00 total_env_steps=117927 t=0.50s
Ep 2719: len= 48 白胜 loss=26.8695 temp=1.00 total_env_steps=117975 t=0.55s
Ep 2720: len= 34 白胜 loss=27.2431 temp=1.00 total_env_steps=118009 t=0.45s
Ep 2721: len= 56 白胜 loss=26.8284 temp=1.00 total_env_steps=118065 t=0.73s
Ep 2722: len= 51 黑胜 loss=27.0398 temp=1.00 total_env_steps=118116 t=0.57s
Ep 2723: len= 43 黑胜 loss=27.5133 temp=1.00 total_env_steps=118159 t=0.55s
Ep 2724: len= 49 黑胜 loss=26.8841 temp=1.00 total_env_steps=118208 t=0.54s
Ep 2725: len= 46 白胜 loss=26.6542 temp=1.00 total_env_steps=118254 t=0.55s
Ep 2726: len= 49 黑胜 loss=26.7902 temp=1.00 total_env_steps=118303 t=0.58s
Ep 2727: len= 36 白胜 loss=26.7738 temp=1.00 total_env_steps=118339 t=0.47s
Ep 2728: len= 42 白胜 loss=26.8474 temp=1.00 total_env_steps=118381 t=0.52s
Ep 2729: len= 53 黑胜 loss=26.9895 temp=1.00 total_env_steps=118434 t=0.59s
Ep 2730: len= 42 白胜 loss=27.3251 temp=1.00 total_env_steps=118476 t=0.54s
Ep 2731: len= 39 黑胜 loss=27.2355 temp=1.00 total_env_steps=118515 t=0.50s
Ep 2732: len= 50 白胜 loss=26.9286 temp=1.00 total_env_steps=118565 t=0.55s
Ep 2733: len= 27 黑胜 loss=27.1630 temp=1.00 total_env_steps=118592 t=0.42s
Ep 2734: len= 57 黑胜 loss=27.1545 temp=1.00 total_env_steps=118649 t=0.60s
Ep 2735: len= 52 白胜 loss=26.8113 temp=1.00 total_env_steps=118701 t=0.57s
Ep 2736: len= 43 黑胜 loss=27.1450 temp=1.00 total_env_steps=118744 t=0.51s
Ep 2737: len= 65 黑胜 loss=26.9338 temp=1.00 total_env_steps=118809 t=0.63s
Ep 2738: len= 39 黑胜 loss=27.1191 temp=1.00 total_env_steps=118848 t=0.49s
Ep 2739: len= 32 白胜 loss=27.0304 temp=1.00 total_env_steps=118880 t=0.45s
Ep 2740: len= 57 黑胜 loss=26.7620 temp=1.00 total_env_steps=118937 t=0.63s
Ep 2741: len= 30 白胜 loss=26.9855 temp=1.00 total_env_steps=118967 t=0.44s
Ep 2742: len= 26 白胜 loss=26.8241 temp=1.00 total_env_steps=118993 t=0.45s
Ep 2743: len= 31 黑胜 loss=26.9516 temp=1.00 total_env_steps=119024 t=0.44s
Ep 2744: len= 32 白胜 loss=27.1927 temp=1.00 total_env_steps=119056 t=0.45s
Ep 2745: len= 35 黑胜 loss=27.1253 temp=1.00 total_env_steps=119091 t=0.48s
Ep 2746: len= 27 黑胜 loss=27.0271 temp=1.00 total_env_steps=119118 t=0.46s
Ep 2747: len= 26 白胜 loss=26.9696 temp=1.00 total_env_steps=119144 t=0.43s
Ep 2748: len= 54 白胜 loss=27.1007 temp=1.00 total_env_steps=119198 t=0.58s
Ep 2749: len= 51 黑胜 loss=27.0860 temp=1.00 total_env_steps=119249 t=0.57s
Ep 2750: len= 57 黑胜 loss=26.9059 temp=1.00 total_env_steps=119306 t=0.59s
Ep 2751: len= 44 白胜 loss=26.8661 temp=1.00 total_env_steps=119350 t=0.52s
Ep 2752: len= 54 白胜 loss=26.9339 temp=1.00 total_env_steps=119404 t=0.59s
Ep 2753: len= 34 白胜 loss=27.2196 temp=1.00 total_env_steps=119438 t=0.46s
Ep 2754: len= 25 黑胜 loss=27.0017 temp=1.00 total_env_steps=119463 t=0.41s
Ep 2755: len= 42 白胜 loss=26.9748 temp=1.00 total_env_steps=119505 t=0.51s
Ep 2756: len= 36 白胜 loss=27.2697 temp=1.00 total_env_steps=119541 t=0.46s
Ep 2757: len= 39 黑胜 loss=26.9499 temp=1.00 total_env_steps=119580 t=0.47s
Ep 2758: len= 36 白胜 loss=27.1569 temp=1.00 total_env_steps=119616 t=0.47s
Ep 2759: len= 38 白胜 loss=26.5418 temp=1.00 total_env_steps=119654 t=0.47s
Ep 2760: len= 46 白胜 loss=26.4870 temp=1.00 total_env_steps=119700 t=0.53s
Ep 2761: len= 45 黑胜 loss=26.9087 temp=1.00 total_env_steps=119745 t=0.52s
Ep 2762: len= 52 白胜 loss=27.2623 temp=1.00 total_env_steps=119797 t=0.57s
Ep 2763: len= 51 黑胜 loss=27.0918 temp=1.00 total_env_steps=119848 t=0.54s
Ep 2764: len= 35 黑胜 loss=27.0348 temp=1.00 total_env_steps=119883 t=0.44s
Ep 2765: len= 43 黑胜 loss=26.8100 temp=1.00 total_env_steps=119926 t=0.51s
Ep 2766: len= 62 白胜 loss=26.9973 temp=1.00 total_env_steps=119988 t=0.63s
Ep 2767: len= 37 黑胜 loss=26.9330 temp=1.00 total_env_steps=120025 t=0.47s
Ep 2768: len= 48 白胜 loss=26.7908 temp=1.00 total_env_steps=120073 t=0.53s
Ep 2769: len= 41 黑胜 loss=27.0241 temp=1.00 total_env_steps=120114 t=0.50s
Ep 2770: len= 38 白胜 loss=27.0422 temp=1.00 total_env_steps=120152 t=0.48s
Ep 2771: len= 34 白胜 loss=27.1028 temp=1.00 total_env_steps=120186 t=0.49s
Ep 2772: len= 44 白胜 loss=26.6403 temp=1.00 total_env_steps=120230 t=0.54s
Ep 2773: len= 61 黑胜 loss=27.0118 temp=1.00 total_env_steps=120291 t=0.64s
Ep 2774: len= 60 白胜 loss=26.7858 temp=1.00 total_env_steps=120351 t=0.46s
Ep 2775: len= 40 白胜 loss=26.8727 temp=1.00 total_env_steps=120391 t=0.35s
Ep 2776: len= 36 白胜 loss=27.0471 temp=1.00 total_env_steps=120427 t=0.32s
Ep 2777: len= 46 白胜 loss=26.5912 temp=1.00 total_env_steps=120473 t=0.36s
Ep 2778: len= 46 白胜 loss=26.8469 temp=1.00 total_env_steps=120519 t=0.37s
Ep 2779: len= 35 黑胜 loss=27.1498 temp=1.00 total_env_steps=120554 t=0.29s
Ep 2780: len= 23 黑胜 loss=26.9513 temp=1.00 total_env_steps=120577 t=0.22s
Ep 2781: len= 40 白胜 loss=27.3108 temp=1.00 total_env_steps=120617 t=0.34s
Ep 2782: len= 47 黑胜 loss=27.1498 temp=1.00 total_env_steps=120664 t=0.37s
Ep 2783: len= 49 黑胜 loss=26.9479 temp=1.00 total_env_steps=120713 t=0.38s
Ep 2784: len= 33 黑胜 loss=27.2106 temp=1.00 total_env_steps=120746 t=0.29s
Ep 2785: len= 53 黑胜 loss=27.1094 temp=1.00 total_env_steps=120799 t=0.42s
Ep 2786: len= 41 黑胜 loss=26.7351 temp=1.00 total_env_steps=120840 t=0.33s
Ep 2787: len= 18 白胜 loss=26.8639 temp=1.00 total_env_steps=120858 t=0.20s
Ep 2788: len= 27 黑胜 loss=27.1108 temp=1.00 total_env_steps=120885 t=0.27s
Ep 2789: len= 32 白胜 loss=26.9689 temp=1.00 total_env_steps=120917 t=0.31s
Ep 2790: len= 54 白胜 loss=26.9944 temp=1.00 total_env_steps=120971 t=0.41s
Ep 2791: len= 29 黑胜 loss=26.9841 temp=1.00 total_env_steps=121000 t=0.28s
Ep 2792: len= 26 白胜 loss=26.9636 temp=1.00 total_env_steps=121026 t=0.26s
Ep 2793: len= 42 白胜 loss=27.0113 temp=1.00 total_env_steps=121068 t=0.33s
Ep 2794: len= 40 白胜 loss=26.7747 temp=1.00 total_env_steps=121108 t=0.35s
Ep 2795: len= 41 黑胜 loss=27.0880 temp=1.00 total_env_steps=121149 t=0.35s
Ep 2796: len= 36 白胜 loss=26.8232 temp=1.00 total_env_steps=121185 t=0.32s
Ep 2797: len= 47 黑胜 loss=27.1837 temp=1.00 total_env_steps=121232 t=0.35s
Ep 2798: len= 54 白胜 loss=27.0698 temp=1.00 total_env_steps=121286 t=0.42s
Ep 2799: len= 27 黑胜 loss=26.7580 temp=1.00 total_env_steps=121313 t=0.25s
Ep 2800: len= 35 黑胜 loss=27.1400 temp=1.00 total_env_steps=121348 t=0.30s
Ep 2801: len= 44 白胜 loss=27.0198 temp=1.00 total_env_steps=121392 t=0.37s
Ep 2802: len= 49 黑胜 loss=27.1834 temp=1.00 total_env_steps=121441 t=0.39s
Ep 2803: len= 25 黑胜 loss=26.8694 temp=1.00 total_env_steps=121466 t=0.24s
Ep 2804: len= 53 黑胜 loss=26.9943 temp=1.00 total_env_steps=121519 t=0.40s
Ep 2805: len= 50 白胜 loss=27.0073 temp=1.00 total_env_steps=121569 t=0.41s
Ep 2806: len= 44 白胜 loss=27.0813 temp=1.00 total_env_steps=121613 t=0.35s
Ep 2807: len= 74 白胜 loss=27.0508 temp=1.00 total_env_steps=121687 t=0.54s
Ep 2808: len= 36 白胜 loss=26.8178 temp=1.00 total_env_steps=121723 t=0.30s
Ep 2809: len= 37 黑胜 loss=26.7009 temp=1.00 total_env_steps=121760 t=0.33s
Ep 2810: len= 40 白胜 loss=26.8444 temp=1.00 total_env_steps=121800 t=0.32s
Ep 2811: len= 41 黑胜 loss=26.9865 temp=1.00 total_env_steps=121841 t=0.37s
Ep 2812: len= 26 白胜 loss=27.2817 temp=1.00 total_env_steps=121867 t=0.24s
Ep 2813: len= 45 黑胜 loss=26.9562 temp=1.00 total_env_steps=121912 t=0.34s
Ep 2814: len= 36 白胜 loss=26.8748 temp=1.00 total_env_steps=121948 t=0.32s
Ep 2815: len= 46 白胜 loss=26.4386 temp=1.00 total_env_steps=121994 t=0.38s
Ep 2816: len= 47 黑胜 loss=26.5972 temp=1.00 total_env_steps=122041 t=0.37s
Ep 2817: len= 45 黑胜 loss=27.1104 temp=1.00 total_env_steps=122086 t=0.35s
Ep 2818: len= 41 黑胜 loss=26.7453 temp=1.00 total_env_steps=122127 t=0.34s
Ep 2819: len= 50 白胜 loss=27.0264 temp=1.00 total_env_steps=122177 t=0.41s
Ep 2820: len= 43 黑胜 loss=26.8291 temp=1.00 total_env_steps=122220 t=0.33s
Ep 2821: len= 41 黑胜 loss=26.5404 temp=1.00 total_env_steps=122261 t=0.35s
Ep 2822: len= 47 黑胜 loss=26.9523 temp=1.00 total_env_steps=122308 t=0.37s
Ep 2823: len= 46 白胜 loss=26.9359 temp=1.00 total_env_steps=122354 t=0.38s
Ep 2824: len= 36 白胜 loss=26.8127 temp=1.00 total_env_steps=122390 t=0.30s
Ep 2825: len= 41 黑胜 loss=27.0657 temp=1.00 total_env_steps=122431 t=0.35s
Ep 2826: len= 51 黑胜 loss=26.8033 temp=1.00 total_env_steps=122482 t=0.43s
Ep 2827: len= 44 白胜 loss=26.9799 temp=1.00 total_env_steps=122526 t=0.36s
Ep 2828: len= 24 白胜 loss=27.4147 temp=1.00 total_env_steps=122550 t=0.24s
Ep 2829: len= 36 白胜 loss=26.9408 temp=1.00 total_env_steps=122586 t=0.33s
Ep 2830: len= 44 白胜 loss=27.1306 temp=1.00 total_env_steps=122630 t=0.35s
Ep 2831: len= 32 白胜 loss=27.2213 temp=1.00 total_env_steps=122662 t=0.29s
Ep 2832: len= 30 白胜 loss=26.8207 temp=1.00 total_env_steps=122692 t=0.27s
Ep 2833: len= 40 白胜 loss=27.2065 temp=1.00 total_env_steps=122732 t=0.34s
Ep 2834: len= 45 黑胜 loss=26.9121 temp=1.00 total_env_steps=122777 t=0.35s
Ep 2835: len= 39 黑胜 loss=26.6192 temp=1.00 total_env_steps=122816 t=0.31s
Ep 2836: len= 30 白胜 loss=26.9080 temp=1.00 total_env_steps=122846 t=0.25s
Ep 2837: len= 51 黑胜 loss=26.9317 temp=1.00 total_env_steps=122897 t=0.38s
Ep 2838: len= 30 白胜 loss=26.9023 temp=1.00 total_env_steps=122927 t=0.26s
Ep 2839: len= 33 黑胜 loss=26.8274 temp=1.00 total_env_steps=122960 t=0.29s
Ep 2840: len= 46 白胜 loss=26.6694 temp=1.00 total_env_steps=123006 t=0.38s
Ep 2841: len= 60 白胜 loss=26.5662 temp=1.00 total_env_steps=123066 t=0.46s
Ep 2842: len= 44 白胜 loss=26.8548 temp=1.00 total_env_steps=123110 t=0.35s
Ep 2843: len= 44 白胜 loss=26.8953 temp=1.00 total_env_steps=123154 t=0.35s
Ep 2844: len= 33 黑胜 loss=26.7855 temp=1.00 total_env_steps=123187 t=0.29s
Ep 2845: len= 32 白胜 loss=27.0215 temp=1.00 total_env_steps=123219 t=0.28s
Ep 2846: len= 47 黑胜 loss=26.9649 temp=1.00 total_env_steps=123266 t=0.36s
Ep 2847: len= 47 黑胜 loss=27.1403 temp=1.00 total_env_steps=123313 t=0.36s
Ep 2848: len= 21 黑胜 loss=26.5437 temp=1.00 total_env_steps=123334 t=0.21s
Ep 2849: len= 44 白胜 loss=26.8739 temp=1.00 total_env_steps=123378 t=0.36s
Ep 2850: len= 49 黑胜 loss=27.3199 temp=1.00 total_env_steps=123427 t=0.41s
Ep 2851: len= 39 黑胜 loss=26.8429 temp=1.00 total_env_steps=123466 t=0.34s
Ep 2852: len= 34 白胜 loss=27.0688 temp=1.00 total_env_steps=123500 t=0.30s
Ep 2853: len= 59 黑胜 loss=26.9442 temp=1.00 total_env_steps=123559 t=0.48s
Ep 2854: len= 60 白胜 loss=26.9791 temp=1.00 total_env_steps=123619 t=0.46s
Ep 2855: len= 48 白胜 loss=27.0339 temp=1.00 total_env_steps=123667 t=0.42s
Ep 2856: len= 40 白胜 loss=27.1516 temp=1.00 total_env_steps=123707 t=0.33s
Ep 2857: len= 35 黑胜 loss=26.9238 temp=1.00 total_env_steps=123742 t=0.32s
Ep 2858: len= 37 黑胜 loss=26.9621 temp=1.00 total_env_steps=123779 t=0.32s
Ep 2859: len= 31 黑胜 loss=27.4048 temp=1.00 total_env_steps=123810 t=0.27s
Ep 2860: len= 46 白胜 loss=26.7304 temp=1.00 total_env_steps=123856 t=0.38s
Ep 2861: len= 44 白胜 loss=27.4190 temp=1.00 total_env_steps=123900 t=0.37s
Ep 2862: len= 43 黑胜 loss=27.0044 temp=1.00 total_env_steps=123943 t=0.37s
Ep 2863: len= 51 黑胜 loss=26.8960 temp=1.00 total_env_steps=123994 t=0.39s
Ep 2864: len= 52 白胜 loss=26.7141 temp=1.00 total_env_steps=124046 t=0.37s
Ep 2865: len= 26 白胜 loss=26.7492 temp=1.00 total_env_steps=124072 t=0.25s
Ep 2866: len= 46 白胜 loss=27.2290 temp=1.00 total_env_steps=124118 t=0.35s
Ep 2867: len= 50 白胜 loss=27.2723 temp=1.00 total_env_steps=124168 t=0.40s
Ep 2868: len= 41 黑胜 loss=27.0123 temp=1.00 total_env_steps=124209 t=0.32s
Ep 2869: len= 45 黑胜 loss=26.8533 temp=1.00 total_env_steps=124254 t=0.38s
Ep 2870: len= 50 白胜 loss=26.9798 temp=1.00 total_env_steps=124304 t=0.41s
Ep 2871: len= 35 黑胜 loss=26.9680 temp=1.00 total_env_steps=124339 t=0.30s
Ep 2872: len= 35 黑胜 loss=26.8984 temp=1.00 total_env_steps=124374 t=0.37s
Ep 2873: len= 46 白胜 loss=26.9197 temp=1.00 total_env_steps=124420 t=0.39s
Ep 2874: len= 33 黑胜 loss=27.0244 temp=1.00 total_env_steps=124453 t=0.29s
Ep 2875: len= 52 白胜 loss=26.9649 temp=1.00 total_env_steps=124505 t=0.45s
Ep 2876: len= 51 黑胜 loss=26.9088 temp=1.00 total_env_steps=124556 t=0.43s
Ep 2877: len= 68 白胜 loss=26.9580 temp=1.00 total_env_steps=124624 t=0.52s
Ep 2878: len= 47 黑胜 loss=27.0455 temp=1.00 total_env_steps=124671 t=0.39s
Ep 2879: len= 68 白胜 loss=26.7286 temp=1.00 total_env_steps=124739 t=0.53s
Ep 2880: len= 29 黑胜 loss=26.6912 temp=1.00 total_env_steps=124768 t=0.29s
Ep 2881: len= 44 白胜 loss=26.6154 temp=1.00 total_env_steps=124812 t=0.41s
Ep 2882: len= 56 白胜 loss=26.5045 temp=1.00 total_env_steps=124868 t=0.43s
Ep 2883: len= 47 黑胜 loss=27.0772 temp=1.00 total_env_steps=124915 t=0.38s
Ep 2884: len= 41 黑胜 loss=27.1243 temp=1.00 total_env_steps=124956 t=0.36s
Ep 2885: len= 37 黑胜 loss=26.7765 temp=1.00 total_env_steps=124993 t=0.34s
Ep 2886: len= 27 黑胜 loss=27.5451 temp=1.00 total_env_steps=125020 t=0.27s
Ep 2887: len= 32 白胜 loss=26.8412 temp=1.00 total_env_steps=125052 t=0.31s
Ep 2888: len= 41 黑胜 loss=27.0949 temp=1.00 total_env_steps=125093 t=0.35s
Ep 2889: len= 50 白胜 loss=27.1721 temp=1.00 total_env_steps=125143 t=0.42s
Ep 2890: len= 29 黑胜 loss=27.2253 temp=1.00 total_env_steps=125172 t=0.27s
Ep 2891: len= 33 黑胜 loss=26.6396 temp=1.00 total_env_steps=125205 t=0.36s
Ep 2892: len= 42 白胜 loss=27.2340 temp=1.00 total_env_steps=125247 t=0.38s
Ep 2893: len= 31 黑胜 loss=26.6919 temp=1.00 total_env_steps=125278 t=0.28s
Ep 2894: len= 51 黑胜 loss=27.0619 temp=1.00 total_env_steps=125329 t=0.40s
Ep 2895: len= 40 白胜 loss=27.0045 temp=1.00 total_env_steps=125369 t=0.34s
Ep 2896: len= 29 黑胜 loss=27.1043 temp=1.00 total_env_steps=125398 t=0.27s
Ep 2897: len= 40 白胜 loss=26.8507 temp=1.00 total_env_steps=125438 t=0.34s
Ep 2898: len= 42 白胜 loss=27.2953 temp=1.00 total_env_steps=125480 t=0.34s
Ep 2899: len= 51 黑胜 loss=26.9344 temp=1.00 total_env_steps=125531 t=0.41s
Ep 2900: len= 31 黑胜 loss=27.0402 temp=1.00 total_env_steps=125562 t=0.28s
Ep 2901: len= 56 白胜 loss=26.8980 temp=1.00 total_env_steps=125618 t=0.45s
Ep 2902: len= 52 白胜 loss=26.9004 temp=1.00 total_env_steps=125670 t=0.41s
Ep 2903: len= 28 白胜 loss=27.0604 temp=1.00 total_env_steps=125698 t=0.28s
Ep 2904: len= 46 白胜 loss=26.9139 temp=1.00 total_env_steps=125744 t=0.37s
Ep 2905: len= 50 白胜 loss=26.9794 temp=1.00 total_env_steps=125794 t=0.38s
Ep 2906: len= 45 黑胜 loss=26.9829 temp=1.00 total_env_steps=125839 t=0.36s
Ep 2907: len= 41 黑胜 loss=27.1201 temp=1.00 total_env_steps=125880 t=0.33s
Ep 2908: len= 40 白胜 loss=27.0305 temp=1.00 total_env_steps=125920 t=0.35s
Ep 2909: len= 45 黑胜 loss=27.1015 temp=1.00 total_env_steps=125965 t=0.41s
Ep 2910: len= 37 黑胜 loss=26.4761 temp=1.00 total_env_steps=126002 t=0.35s
Ep 2911: len= 27 黑胜 loss=26.9550 temp=1.00 total_env_steps=126029 t=0.28s
Ep 2912: len= 61 黑胜 loss=27.0946 temp=1.00 total_env_steps=126090 t=0.49s
Ep 2913: len= 47 黑胜 loss=26.9201 temp=1.00 total_env_steps=126137 t=0.40s
Ep 2914: len= 50 白胜 loss=26.7286 temp=1.00 total_env_steps=126187 t=0.42s
Ep 2915: len= 53 黑胜 loss=26.7672 temp=1.00 total_env_steps=126240 t=0.45s
Ep 2916: len= 20 白胜 loss=27.0680 temp=1.00 total_env_steps=126260 t=0.25s
Ep 2917: len= 56 白胜 loss=26.9295 temp=1.00 total_env_steps=126316 t=0.45s
Ep 2918: len= 40 白胜 loss=26.9867 temp=1.00 total_env_steps=126356 t=0.37s
Ep 2919: len= 42 白胜 loss=26.7794 temp=1.00 total_env_steps=126398 t=0.35s
Ep 2920: len= 40 白胜 loss=26.7266 temp=1.00 total_env_steps=126438 t=0.36s
Ep 2921: len= 63 黑胜 loss=26.8838 temp=1.00 total_env_steps=126501 t=0.53s
Ep 2922: len= 36 白胜 loss=26.8520 temp=1.00 total_env_steps=126537 t=0.34s
Ep 2923: len= 56 白胜 loss=27.0130 temp=1.00 total_env_steps=126593 t=0.47s
Ep 2924: len= 50 白胜 loss=27.3043 temp=1.00 total_env_steps=126643 t=0.43s
Ep 2925: len= 70 白胜 loss=26.9603 temp=1.00 total_env_steps=126713 t=0.60s
Ep 2926: len= 39 黑胜 loss=27.0501 temp=1.00 total_env_steps=126752 t=0.35s
Ep 2927: len= 64 白胜 loss=26.9780 temp=1.00 total_env_steps=126816 t=0.53s
Ep 2928: len= 43 黑胜 loss=26.9252 temp=1.00 total_env_steps=126859 t=0.41s
Ep 2929: len= 25 黑胜 loss=27.0175 temp=1.00 total_env_steps=126884 t=0.25s
Ep 2930: len= 33 黑胜 loss=26.8505 temp=1.00 total_env_steps=126917 t=0.32s
Ep 2931: len= 39 黑胜 loss=27.0530 temp=1.00 total_env_steps=126956 t=0.34s
Ep 2932: len= 49 黑胜 loss=26.7666 temp=1.00 total_env_steps=127005 t=0.42s
Ep 2933: len= 42 白胜 loss=26.7282 temp=1.00 total_env_steps=127047 t=0.37s
Ep 2934: len= 42 白胜 loss=26.9712 temp=1.00 total_env_steps=127089 t=0.40s
Ep 2935: len= 45 黑胜 loss=26.8964 temp=1.00 total_env_steps=127134 t=0.39s
Ep 2936: len= 60 白胜 loss=27.1434 temp=1.00 total_env_steps=127194 t=0.48s
Ep 2937: len= 47 黑胜 loss=27.1776 temp=1.00 total_env_steps=127241 t=0.41s
Ep 2938: len= 36 白胜 loss=27.1327 temp=1.00 total_env_steps=127277 t=0.36s
Ep 2939: len= 24 白胜 loss=26.7920 temp=1.00 total_env_steps=127301 t=0.25s
Ep 2940: len= 55 黑胜 loss=27.2350 temp=1.00 total_env_steps=127356 t=0.46s
Ep 2941: len= 54 白胜 loss=27.0438 temp=1.00 total_env_steps=127410 t=0.44s
Ep 2942: len= 22 白胜 loss=26.6582 temp=1.00 total_env_steps=127432 t=0.24s
Ep 2943: len= 49 黑胜 loss=26.8142 temp=1.00 total_env_steps=127481 t=0.44s
Ep 2944: len= 41 黑胜 loss=27.1631 temp=1.00 total_env_steps=127522 t=0.38s
Ep 2945: len= 32 白胜 loss=27.0140 temp=1.00 total_env_steps=127554 t=0.31s
Ep 2946: len= 45 黑胜 loss=27.1795 temp=1.00 total_env_steps=127599 t=0.36s
Ep 2947: len= 57 黑胜 loss=26.7249 temp=1.00 total_env_steps=127656 t=0.49s
Ep 2948: len= 52 白胜 loss=26.7907 temp=1.00 total_env_steps=127708 t=0.43s
Ep 2949: len= 44 白胜 loss=26.6797 temp=1.00 total_env_steps=127752 t=0.39s
Ep 2950: len= 32 白胜 loss=26.9817 temp=1.00 total_env_steps=127784 t=0.32s
Ep 2951: len= 35 黑胜 loss=27.1652 temp=1.00 total_env_steps=127819 t=0.36s
Ep 2952: len= 35 黑胜 loss=26.9095 temp=1.00 total_env_steps=127854 t=0.33s
Ep 2953: len= 33 黑胜 loss=27.0285 temp=1.00 total_env_steps=127887 t=0.31s
Ep 2954: len= 37 黑胜 loss=27.5572 temp=1.00 total_env_steps=127924 t=0.35s
Ep 2955: len= 46 白胜 loss=26.8856 temp=1.00 total_env_steps=127970 t=0.39s
Ep 2956: len= 53 黑胜 loss=27.0574 temp=1.00 total_env_steps=128023 t=0.46s
Ep 2957: len= 38 白胜 loss=26.7638 temp=1.00 total_env_steps=128061 t=0.35s
Ep 2958: len= 31 黑胜 loss=26.6605 temp=1.00 total_env_steps=128092 t=0.32s
Ep 2959: len= 53 黑胜 loss=27.1812 temp=1.00 total_env_steps=128145 t=0.45s
Ep 2960: len= 81 平局 loss=26.9338 temp=1.00 total_env_steps=128226 t=0.60s
Ep 2961: len= 47 黑胜 loss=27.1580 temp=1.00 total_env_steps=128273 t=0.43s
Ep 2962: len= 35 黑胜 loss=26.7502 temp=1.00 total_env_steps=128308 t=0.34s
Ep 2963: len= 39 黑胜 loss=26.9031 temp=1.00 total_env_steps=128347 t=0.36s
Ep 2964: len= 38 白胜 loss=26.6010 temp=1.00 total_env_steps=128385 t=0.35s
Ep 2965: len= 54 白胜 loss=26.9916 temp=1.00 total_env_steps=128439 t=0.47s
Ep 2966: len= 38 白胜 loss=26.9561 temp=1.00 total_env_steps=128477 t=0.33s
Ep 2967: len= 40 白胜 loss=26.8693 temp=1.00 total_env_steps=128517 t=0.37s
Ep 2968: len= 44 白胜 loss=27.2381 temp=1.00 total_env_steps=128561 t=0.39s
Ep 2969: len= 48 白胜 loss=26.9511 temp=1.00 total_env_steps=128609 t=0.41s
Ep 2970: len= 43 黑胜 loss=27.0340 temp=1.00 total_env_steps=128652 t=0.37s
Ep 2971: len= 27 黑胜 loss=27.0165 temp=1.00 total_env_steps=128679 t=0.28s
Ep 2972: len= 41 黑胜 loss=27.0380 temp=1.00 total_env_steps=128720 t=0.38s
Ep 2973: len= 25 黑胜 loss=27.0649 temp=1.00 total_env_steps=128745 t=0.25s
Ep 2974: len= 52 白胜 loss=27.2458 temp=1.00 total_env_steps=128797 t=0.46s
Ep 2975: len= 33 黑胜 loss=27.0796 temp=1.00 total_env_steps=128830 t=0.34s
Ep 2976: len= 39 黑胜 loss=26.9455 temp=1.00 total_env_steps=128869 t=0.33s
Ep 2977: len= 62 白胜 loss=26.8760 temp=1.00 total_env_steps=128931 t=0.50s
Ep 2978: len= 59 黑胜 loss=27.2691 temp=1.00 total_env_steps=128990 t=0.51s
Ep 2979: len= 45 黑胜 loss=26.8337 temp=1.00 total_env_steps=129035 t=0.39s
Ep 2980: len= 44 白胜 loss=27.1130 temp=1.00 total_env_steps=129079 t=0.41s
Ep 2981: len= 44 白胜 loss=27.1785 temp=1.00 total_env_steps=129123 t=0.40s
Ep 2982: len= 44 白胜 loss=26.7410 temp=1.00 total_env_steps=129167 t=0.42s
Ep 2983: len= 34 白胜 loss=27.2201 temp=1.00 total_env_steps=129201 t=0.34s
Ep 2984: len= 41 黑胜 loss=26.9912 temp=1.00 total_env_steps=129242 t=0.37s
Ep 2985: len= 31 黑胜 loss=27.1125 temp=1.00 total_env_steps=129273 t=0.35s
Ep 2986: len= 47 黑胜 loss=26.8698 temp=1.00 total_env_steps=129320 t=0.41s
Ep 2987: len= 43 黑胜 loss=27.1459 temp=1.00 total_env_steps=129363 t=0.36s
Ep 2988: len= 56 白胜 loss=26.8262 temp=1.00 total_env_steps=129419 t=0.49s
Ep 2989: len= 49 黑胜 loss=26.8630 temp=1.00 total_env_steps=129468 t=0.45s
Ep 2990: len= 37 黑胜 loss=26.9033 temp=1.00 total_env_steps=129505 t=0.35s
Ep 2991: len= 54 白胜 loss=26.7062 temp=1.00 total_env_steps=129559 t=0.44s
Ep 2992: len= 40 白胜 loss=26.9551 temp=1.00 total_env_steps=129599 t=0.37s
Ep 2993: len= 34 白胜 loss=27.2055 temp=1.00 total_env_steps=129633 t=0.32s
Ep 2994: len= 25 黑胜 loss=26.7261 temp=1.00 total_env_steps=129658 t=0.28s
Ep 2995: len= 47 黑胜 loss=26.8311 temp=1.00 total_env_steps=129705 t=0.39s
Ep 2996: len= 48 白胜 loss=26.6425 temp=1.00 total_env_steps=129753 t=0.42s
Ep 2997: len= 46 白胜 loss=26.5465 temp=1.00 total_env_steps=129799 t=0.40s
Ep 2998: len= 47 黑胜 loss=27.1708 temp=1.00 total_env_steps=129846 t=0.43s
Ep 2999: len= 30 白胜 loss=27.0205 temp=1.00 total_env_steps=129876 t=0.30s
Ep 3000: len= 43 黑胜 loss=26.9957 temp=1.00 total_env_steps=129919 t=0.41s
  eval vs Gomoku-random-v0: win_rate=1.00 mean_return=1.00（20 局，total_env_steps=129919）
Ep 3001: len= 46 白胜 loss=27.0337 temp=1.00 total_env_steps=129965 t=0.46s
Ep 3002: len= 32 白胜 loss=26.8103 temp=1.00 total_env_steps=129997 t=0.32s
Ep 3003: len= 39 黑胜 loss=27.0662 temp=1.00 total_env_steps=130036 t=0.34s
Ep 3004: len= 36 白胜 loss=26.6501 temp=1.00 total_env_steps=130072 t=0.33s
Ep 3005: len= 59 黑胜 loss=26.8426 temp=1.00 total_env_steps=130131 t=0.50s
Ep 3006: len= 46 白胜 loss=27.1407 temp=1.00 total_env_steps=130177 t=0.39s
Ep 3007: len= 53 黑胜 loss=27.3743 temp=1.00 total_env_steps=130230 t=0.42s
Ep 3008: len= 38 白胜 loss=27.0860 temp=1.00 total_env_steps=130268 t=0.36s
Ep 3009: len= 38 白胜 loss=26.8593 temp=1.00 total_env_steps=130306 t=0.34s
Ep 3010: len= 35 黑胜 loss=26.7436 temp=1.00 total_env_steps=130341 t=0.35s
Ep 3011: len= 52 白胜 loss=27.2975 temp=1.00 total_env_steps=130393 t=0.45s
Ep 3012: len= 58 白胜 loss=27.1512 temp=1.00 total_env_steps=130451 t=0.46s
Ep 3013: len= 39 黑胜 loss=26.5931 temp=1.00 total_env_steps=130490 t=0.36s
Ep 3014: len= 45 黑胜 loss=27.2532 temp=1.00 total_env_steps=130535 t=0.41s
Ep 3015: len= 50 白胜 loss=27.2452 temp=1.00 total_env_steps=130585 t=0.42s
Ep 3016: len= 29 黑胜 loss=26.9903 temp=1.00 total_env_steps=130614 t=0.30s
Ep 3017: len= 56 白胜 loss=27.0686 temp=1.00 total_env_steps=130670 t=0.45s
Ep 3018: len= 40 白胜 loss=27.0175 temp=1.00 total_env_steps=130710 t=0.35s
Ep 3019: len= 29 黑胜 loss=26.8842 temp=1.00 total_env_steps=130739 t=0.27s
Ep 3020: len= 50 白胜 loss=26.6527 temp=1.00 total_env_steps=130789 t=0.43s
Ep 3021: len= 54 白胜 loss=26.8905 temp=1.00 total_env_steps=130843 t=0.46s
Ep 3022: len= 53 黑胜 loss=27.2778 temp=1.00 total_env_steps=130896 t=0.48s
Ep 3023: len= 48 白胜 loss=27.0236 temp=1.00 total_env_steps=130944 t=0.44s
Ep 3024: len= 35 黑胜 loss=27.1178 temp=1.00 total_env_steps=130979 t=0.33s
Ep 3025: len= 37 黑胜 loss=27.1538 temp=1.00 total_env_steps=131016 t=0.35s
Ep 3026: len= 47 黑胜 loss=27.0945 temp=1.00 total_env_steps=131063 t=0.42s
Ep 3027: len= 38 白胜 loss=26.9614 temp=1.00 total_env_steps=131101 t=0.35s
Ep 3028: len= 35 黑胜 loss=26.7852 temp=1.00 total_env_steps=131136 t=0.32s
Ep 3029: len= 39 黑胜 loss=26.9806 temp=1.00 total_env_steps=131175 t=0.36s
Ep 3030: len= 38 白胜 loss=26.8716 temp=1.00 total_env_steps=131213 t=0.35s
Ep 3031: len= 43 黑胜 loss=27.1622 temp=1.00 total_env_steps=131256 t=0.39s
Ep 3032: len= 58 白胜 loss=26.6511 temp=1.00 total_env_steps=131314 t=0.45s
Ep 3033: len= 39 黑胜 loss=27.0606 temp=1.00 total_env_steps=131353 t=0.35s
Ep 3034: len= 39 黑胜 loss=27.1070 temp=1.00 total_env_steps=131392 t=0.39s
Ep 3035: len= 42 白胜 loss=26.8758 temp=1.00 total_env_steps=131434 t=0.41s
Ep 3036: len= 43 黑胜 loss=27.0750 temp=1.00 total_env_steps=131477 t=0.39s
Ep 3037: len= 32 白胜 loss=26.9254 temp=1.00 total_env_steps=131509 t=0.33s
Ep 3038: len= 39 黑胜 loss=27.1630 temp=1.00 total_env_steps=131548 t=0.37s
Ep 3039: len= 38 白胜 loss=26.9392 temp=1.00 total_env_steps=131586 t=0.34s
Ep 3040: len= 32 白胜 loss=27.1234 temp=1.00 total_env_steps=131618 t=0.33s
Ep 3041: len= 40 白胜 loss=26.6768 temp=1.00 total_env_steps=131658 t=0.38s
Ep 3042: len= 55 黑胜 loss=26.7643 temp=1.00 total_env_steps=131713 t=0.48s
Ep 3043: len= 52 白胜 loss=26.8320 temp=1.00 total_env_steps=131765 t=0.48s
Ep 3044: len= 38 白胜 loss=27.0118 temp=1.00 total_env_steps=131803 t=0.39s
Ep 3045: len= 49 黑胜 loss=26.9326 temp=1.00 total_env_steps=131852 t=0.45s
Ep 3046: len= 35 黑胜 loss=27.0902 temp=1.00 total_env_steps=131887 t=0.34s
Ep 3047: len= 44 白胜 loss=27.0743 temp=1.00 total_env_steps=131931 t=0.38s
Ep 3048: len= 45 黑胜 loss=27.2584 temp=1.00 total_env_steps=131976 t=0.41s
Ep 3049: len= 49 黑胜 loss=26.9393 temp=1.00 total_env_steps=132025 t=0.40s
Ep 3050: len= 63 黑胜 loss=27.0777 temp=1.00 total_env_steps=132088 t=0.53s
Ep 3051: len= 31 黑胜 loss=26.8687 temp=1.00 total_env_steps=132119 t=0.31s
Ep 3052: len= 35 黑胜 loss=26.7969 temp=1.00 total_env_steps=132154 t=0.35s
Ep 3053: len= 46 白胜 loss=26.9607 temp=1.00 total_env_steps=132200 t=0.40s
Ep 3054: len= 49 黑胜 loss=27.0697 temp=1.00 total_env_steps=132249 t=0.41s
Ep 3055: len= 54 白胜 loss=26.8852 temp=1.00 total_env_steps=132303 t=0.44s
Ep 3056: len= 54 白胜 loss=26.8434 temp=1.00 total_env_steps=132357 t=0.47s
Ep 3057: len= 30 白胜 loss=27.1352 temp=1.00 total_env_steps=132387 t=0.32s
Ep 3058: len= 33 黑胜 loss=26.7966 temp=1.00 total_env_steps=132420 t=0.36s
Ep 3059: len= 21 黑胜 loss=27.1479 temp=1.00 total_env_steps=132441 t=0.27s
Ep 3060: len= 50 白胜 loss=26.9101 temp=1.00 total_env_steps=132491 t=0.44s
Ep 3061: len= 59 黑胜 loss=27.0555 temp=1.00 total_env_steps=132550 t=0.49s
Ep 3062: len= 38 白胜 loss=26.7816 temp=1.00 total_env_steps=132588 t=0.38s
Ep 3063: len= 42 白胜 loss=26.9757 temp=1.00 total_env_steps=132630 t=0.38s
Ep 3064: len= 50 白胜 loss=27.0873 temp=1.00 total_env_steps=132680 t=0.47s
Ep 3065: len= 49 黑胜 loss=26.9405 temp=1.00 total_env_steps=132729 t=0.44s
Ep 3066: len= 64 白胜 loss=26.7710 temp=1.00 total_env_steps=132793 t=0.51s
Ep 3067: len= 46 白胜 loss=26.8771 temp=1.00 total_env_steps=132839 t=0.42s
Ep 3068: len= 46 白胜 loss=26.5486 temp=1.00 total_env_steps=132885 t=0.43s
Ep 3069: len= 61 黑胜 loss=27.0444 temp=1.00 total_env_steps=132946 t=0.48s
Ep 3070: len= 37 黑胜 loss=26.9707 temp=1.00 total_env_steps=132983 t=0.33s
Ep 3071: len= 50 白胜 loss=27.1110 temp=1.00 total_env_steps=133033 t=0.47s
Ep 3072: len= 32 白胜 loss=27.2563 temp=1.00 total_env_steps=133065 t=0.32s
Ep 3073: len= 46 白胜 loss=26.8417 temp=1.00 total_env_steps=133111 t=0.39s
Ep 3074: len= 31 黑胜 loss=27.2396 temp=1.00 total_env_steps=133142 t=0.30s
Ep 3075: len= 51 黑胜 loss=26.9627 temp=1.00 total_env_steps=133193 t=0.44s
Ep 3076: len= 44 白胜 loss=26.7247 temp=1.00 total_env_steps=133237 t=0.40s
Ep 3077: len= 45 黑胜 loss=26.3174 temp=1.00 total_env_steps=133282 t=0.40s
Ep 3078: len= 33 黑胜 loss=26.6637 temp=1.00 total_env_steps=133315 t=0.31s
Ep 3079: len= 28 白胜 loss=26.8247 temp=1.00 total_env_steps=133343 t=0.32s
Ep 3080: len= 43 黑胜 loss=26.9227 temp=1.00 total_env_steps=133386 t=0.37s
Ep 3081: len= 34 白胜 loss=27.1283 temp=1.00 total_env_steps=133420 t=0.30s
Ep 3082: len= 63 黑胜 loss=27.2282 temp=1.00 total_env_steps=133483 t=0.51s
Ep 3083: len= 50 白胜 loss=26.9536 temp=1.00 total_env_steps=133533 t=0.38s
Ep 3084: len= 46 白胜 loss=26.8542 temp=1.00 total_env_steps=133579 t=0.41s
Ep 3085: len= 33 黑胜 loss=26.9424 temp=1.00 total_env_steps=133612 t=0.32s
Ep 3086: len= 61 黑胜 loss=26.6240 temp=1.00 total_env_steps=133673 t=0.50s
Ep 3087: len= 67 黑胜 loss=26.7116 temp=1.00 total_env_steps=133740 t=0.53s
Ep 3088: len= 28 白胜 loss=26.9773 temp=1.00 total_env_steps=133768 t=0.28s
Ep 3089: len= 38 白胜 loss=27.0346 temp=1.00 total_env_steps=133806 t=0.34s
Ep 3090: len= 36 白胜 loss=26.9684 temp=1.00 total_env_steps=133842 t=0.35s
Ep 3091: len= 44 白胜 loss=26.9661 temp=1.00 total_env_steps=133886 t=0.37s
Ep 3092: len= 37 黑胜 loss=27.2582 temp=1.00 total_env_steps=133923 t=0.34s
Ep 3093: len= 37 黑胜 loss=26.9576 temp=1.00 total_env_steps=133960 t=0.33s
Ep 3094: len= 43 黑胜 loss=26.7981 temp=1.00 total_env_steps=134003 t=0.39s
Ep 3095: len= 27 黑胜 loss=26.6047 temp=1.00 total_env_steps=134030 t=0.29s
Ep 3096: len= 48 白胜 loss=27.1086 temp=1.00 total_env_steps=134078 t=0.39s
Ep 3097: len= 37 黑胜 loss=26.8048 temp=1.00 total_env_steps=134115 t=0.35s
Ep 3098: len= 51 黑胜 loss=26.9583 temp=1.00 total_env_steps=134166 t=0.44s
Ep 3099: len= 43 黑胜 loss=26.6878 temp=1.00 total_env_steps=134209 t=0.38s
Ep 3100: len= 31 黑胜 loss=26.6404 temp=1.00 total_env_steps=134240 t=0.29s
Ep 3101: len= 43 黑胜 loss=27.1381 temp=1.00 total_env_steps=134283 t=0.37s
Ep 3102: len= 47 黑胜 loss=27.1410 temp=1.00 total_env_steps=134330 t=0.37s
Ep 3103: len= 56 白胜 loss=27.0860 temp=1.00 total_env_steps=134386 t=0.46s
Ep 3104: len= 43 黑胜 loss=26.8186 temp=1.00 total_env_steps=134429 t=0.36s
Ep 3105: len= 32 白胜 loss=27.1267 temp=1.00 total_env_steps=134461 t=0.31s
Ep 3106: len= 33 黑胜 loss=27.0012 temp=1.00 total_env_steps=134494 t=0.31s
Ep 3107: len= 61 黑胜 loss=27.2555 temp=1.00 total_env_steps=134555 t=0.47s
Ep 3108: len= 28 白胜 loss=27.0290 temp=1.00 total_env_steps=134583 t=0.28s
Ep 3109: len= 37 黑胜 loss=26.8530 temp=1.00 total_env_steps=134620 t=0.33s
Ep 3110: len= 47 黑胜 loss=27.1201 temp=1.00 total_env_steps=134667 t=0.39s
Ep 3111: len= 29 黑胜 loss=26.8291 temp=1.00 total_env_steps=134696 t=0.28s
Ep 3112: len= 37 黑胜 loss=26.7469 temp=1.00 total_env_steps=134733 t=0.34s
Ep 3113: len= 40 白胜 loss=26.8287 temp=1.00 total_env_steps=134773 t=0.34s
Ep 3114: len= 47 黑胜 loss=26.8504 temp=1.00 total_env_steps=134820 t=0.39s
Ep 3115: len= 36 白胜 loss=26.6893 temp=1.00 total_env_steps=134856 t=0.32s
Ep 3116: len= 26 白胜 loss=26.7316 temp=1.00 total_env_steps=134882 t=0.25s
Ep 3117: len= 38 白胜 loss=26.8637 temp=1.00 total_env_steps=134920 t=0.33s
Ep 3118: len= 41 黑胜 loss=26.8240 temp=1.00 total_env_steps=134961 t=0.35s
Ep 3119: len= 56 白胜 loss=26.5722 temp=1.00 total_env_steps=135017 t=0.43s
Ep 3120: len= 27 黑胜 loss=26.8163 temp=1.00 total_env_steps=135044 t=0.27s
Ep 3121: len= 62 白胜 loss=26.6391 temp=1.00 total_env_steps=135106 t=0.48s
Ep 3122: len= 43 黑胜 loss=26.9964 temp=1.00 total_env_steps=135149 t=0.38s
Ep 3123: len= 41 黑胜 loss=27.0629 temp=1.00 total_env_steps=135190 t=0.35s
Ep 3124: len= 36 白胜 loss=26.9884 temp=1.00 total_env_steps=135226 t=0.31s
Ep 3125: len= 20 白胜 loss=26.4792 temp=1.00 total_env_steps=135246 t=0.24s
Ep 3126: len= 62 白胜 loss=26.7543 temp=1.00 total_env_steps=135308 t=0.51s
Ep 3127: len= 45 黑胜 loss=26.7895 temp=1.00 total_env_steps=135353 t=0.39s
Ep 3128: len= 40 白胜 loss=26.8455 temp=1.00 total_env_steps=135393 t=0.38s
Ep 3129: len= 51 黑胜 loss=26.9897 temp=1.00 total_env_steps=135444 t=0.43s
Ep 3130: len= 59 黑胜 loss=26.7079 temp=1.00 total_env_steps=135503 t=0.48s
Ep 3131: len= 34 白胜 loss=26.7051 temp=1.00 total_env_steps=135537 t=0.32s
Ep 3132: len= 53 黑胜 loss=26.6967 temp=1.00 total_env_steps=135590 t=0.42s
Ep 3133: len= 35 黑胜 loss=26.8093 temp=1.00 total_env_steps=135625 t=0.34s
Ep 3134: len= 40 白胜 loss=26.9964 temp=1.00 total_env_steps=135665 t=0.37s
Ep 3135: len= 36 白胜 loss=27.1165 temp=1.00 total_env_steps=135701 t=0.33s
Ep 3136: len= 41 黑胜 loss=27.0131 temp=1.00 total_env_steps=135742 t=0.35s
Ep 3137: len= 42 白胜 loss=26.9588 temp=1.00 total_env_steps=135784 t=0.39s
Ep 3138: len= 40 白胜 loss=26.7842 temp=1.00 total_env_steps=135824 t=0.36s
Ep 3139: len= 42 白胜 loss=26.6022 temp=1.00 total_env_steps=135866 t=0.35s
Ep 3140: len= 47 黑胜 loss=26.8105 temp=1.00 total_env_steps=135913 t=0.40s
Ep 3141: len= 71 黑胜 loss=27.1414 temp=1.00 total_env_steps=135984 t=0.57s
Ep 3142: len= 43 黑胜 loss=27.0212 temp=1.00 total_env_steps=136027 t=0.38s
Ep 3143: len= 42 白胜 loss=26.8727 temp=1.00 total_env_steps=136069 t=0.37s
Ep 3144: len= 31 黑胜 loss=27.1301 temp=1.00 total_env_steps=136100 t=0.32s
Ep 3145: len= 40 白胜 loss=26.9766 temp=1.00 total_env_steps=136140 t=0.33s
Ep 3146: len= 55 黑胜 loss=26.7699 temp=1.00 total_env_steps=136195 t=0.44s
Ep 3147: len= 30 白胜 loss=27.0502 temp=1.00 total_env_steps=136225 t=0.31s
Ep 3148: len= 45 黑胜 loss=26.8174 temp=1.00 total_env_steps=136270 t=0.38s
Ep 3149: len= 63 黑胜 loss=26.7459 temp=1.00 total_env_steps=136333 t=0.50s
Ep 3150: len= 43 黑胜 loss=26.9443 temp=1.00 total_env_steps=136376 t=0.37s
Ep 3151: len= 62 白胜 loss=26.5495 temp=1.00 total_env_steps=136438 t=0.50s
Ep 3152: len= 39 黑胜 loss=26.2066 temp=1.00 total_env_steps=136477 t=0.36s
Ep 3153: len= 56 白胜 loss=27.0513 temp=1.00 total_env_steps=136533 t=0.46s
Ep 3154: len= 46 白胜 loss=27.1139 temp=1.00 total_env_steps=136579 t=0.38s
Ep 3155: len= 37 黑胜 loss=26.6724 temp=1.00 total_env_steps=136616 t=0.33s
Ep 3156: len= 35 黑胜 loss=26.9028 temp=1.00 total_env_steps=136651 t=0.31s
Ep 3157: len= 48 白胜 loss=26.8423 temp=1.00 total_env_steps=136699 t=0.41s
Ep 3158: len= 54 白胜 loss=26.8162 temp=1.00 total_env_steps=136753 t=0.44s
Ep 3159: len= 46 白胜 loss=26.8451 temp=1.00 total_env_steps=136799 t=0.39s
Ep 3160: len= 32 白胜 loss=26.8655 temp=1.00 total_env_steps=136831 t=0.31s
Ep 3161: len= 26 白胜 loss=26.8887 temp=1.00 total_env_steps=136857 t=0.26s
Ep 3162: len= 47 黑胜 loss=27.2931 temp=1.00 total_env_steps=136904 t=0.40s
Ep 3163: len= 60 白胜 loss=27.3374 temp=1.00 total_env_steps=136964 t=0.51s
Ep 3164: len= 50 白胜 loss=27.0414 temp=1.00 total_env_steps=137014 t=0.42s
Ep 3165: len= 44 白胜 loss=26.9022 temp=1.00 total_env_steps=137058 t=0.37s
Ep 3166: len= 39 黑胜 loss=27.1542 temp=1.00 total_env_steps=137097 t=0.35s
Ep 3167: len= 38 白胜 loss=26.8390 temp=1.00 total_env_steps=137135 t=0.34s
Ep 3168: len= 42 白胜 loss=26.9222 temp=1.00 total_env_steps=137177 t=0.35s
Ep 3169: len= 43 黑胜 loss=26.5912 temp=1.00 total_env_steps=137220 t=0.36s
Ep 3170: len= 42 白胜 loss=26.5948 temp=1.00 total_env_steps=137262 t=0.36s
Ep 3171: len= 27 黑胜 loss=26.9066 temp=1.00 total_env_steps=137289 t=0.26s
Ep 3172: len= 38 白胜 loss=26.9512 temp=1.00 total_env_steps=137327 t=0.35s
Ep 3173: len= 19 黑胜 loss=26.8504 temp=1.00 total_env_steps=137346 t=0.23s
Ep 3174: len= 50 白胜 loss=26.9915 temp=1.00 total_env_steps=137396 t=0.44s
Ep 3175: len= 62 白胜 loss=26.9500 temp=1.00 total_env_steps=137458 t=0.48s
Ep 3176: len= 49 黑胜 loss=26.6667 temp=1.00 total_env_steps=137507 t=0.42s
Ep 3177: len= 43 黑胜 loss=27.1356 temp=1.00 total_env_steps=137550 t=0.36s
Ep 3178: len= 38 白胜 loss=27.1146 temp=1.00 total_env_steps=137588 t=0.34s
Ep 3179: len= 48 白胜 loss=26.8686 temp=1.00 total_env_steps=137636 t=0.42s
Ep 3180: len= 37 黑胜 loss=26.7088 temp=1.00 total_env_steps=137673 t=0.34s
Ep 3181: len= 37 黑胜 loss=26.8176 temp=1.00 total_env_steps=137710 t=0.34s
Ep 3182: len= 38 白胜 loss=27.0221 temp=1.00 total_env_steps=137748 t=0.34s
Ep 3183: len= 36 白胜 loss=26.8132 temp=1.00 total_env_steps=137784 t=0.33s
Ep 3184: len= 33 黑胜 loss=27.0344 temp=1.00 total_env_steps=137817 t=0.31s
Ep 3185: len= 39 黑胜 loss=27.1368 temp=1.00 total_env_steps=137856 t=0.36s
Ep 3186: len= 43 黑胜 loss=26.6045 temp=1.00 total_env_steps=137899 t=0.38s
Ep 3187: len= 43 黑胜 loss=26.8115 temp=1.00 total_env_steps=137942 t=0.37s
Ep 3188: len= 43 黑胜 loss=26.6694 temp=1.00 total_env_steps=137985 t=0.40s
Ep 3189: len= 31 黑胜 loss=26.8805 temp=1.00 total_env_steps=138016 t=0.31s
Ep 3190: len= 34 白胜 loss=27.1662 temp=1.00 total_env_steps=138050 t=0.33s
Ep 3191: len= 44 白胜 loss=26.8837 temp=1.00 total_env_steps=138094 t=0.38s
Ep 3192: len= 76 白胜 loss=26.8679 temp=1.00 total_env_steps=138170 t=0.56s
Ep 3193: len= 52 白胜 loss=26.7114 temp=1.00 total_env_steps=138222 t=0.42s
Ep 3194: len= 58 白胜 loss=26.8430 temp=1.00 total_env_steps=138280 t=0.44s
Ep 3195: len= 16 白胜 loss=26.8263 temp=1.00 total_env_steps=138296 t=0.21s
Ep 3196: len= 31 黑胜 loss=27.2352 temp=1.00 total_env_steps=138327 t=0.29s
Ep 3197: len= 25 黑胜 loss=26.7264 temp=1.00 total_env_steps=138352 t=0.26s
Ep 3198: len= 39 黑胜 loss=26.6971 temp=1.00 total_env_steps=138391 t=0.35s
Ep 3199: len= 65 黑胜 loss=26.5225 temp=1.00 total_env_steps=138456 t=0.47s
Ep 3200: len= 36 白胜 loss=27.0190 temp=1.00 total_env_steps=138492 t=0.32s
Ep 3201: len= 35 黑胜 loss=27.0768 temp=1.00 total_env_steps=138527 t=0.31s
Ep 3202: len= 43 黑胜 loss=26.7328 temp=1.00 total_env_steps=138570 t=0.36s
Ep 3203: len= 33 黑胜 loss=26.7374 temp=1.00 total_env_steps=138603 t=0.29s
Ep 3204: len= 45 黑胜 loss=26.8785 temp=1.00 total_env_steps=138648 t=0.37s
Ep 3205: len= 35 黑胜 loss=27.2508 temp=1.00 total_env_steps=138683 t=0.32s
Ep 3206: len= 48 白胜 loss=26.9641 temp=1.00 total_env_steps=138731 t=0.39s
Ep 3207: len= 33 黑胜 loss=26.9353 temp=1.00 total_env_steps=138764 t=0.30s
Ep 3208: len= 29 黑胜 loss=26.8352 temp=1.00 total_env_steps=138793 t=0.29s
Ep 3209: len= 46 白胜 loss=27.1750 temp=1.00 total_env_steps=138839 t=0.37s
Ep 3210: len= 44 白胜 loss=26.9704 temp=1.00 total_env_steps=138883 t=0.39s
Ep 3211: len= 39 黑胜 loss=27.0535 temp=1.00 total_env_steps=138922 t=0.35s
Ep 3212: len= 47 黑胜 loss=26.9052 temp=1.00 total_env_steps=138969 t=0.38s
Ep 3213: len= 44 白胜 loss=27.1774 temp=1.00 total_env_steps=139013 t=0.39s
Ep 3214: len= 40 白胜 loss=27.1050 temp=1.00 total_env_steps=139053 t=0.38s
Ep 3215: len= 20 白胜 loss=27.4241 temp=1.00 total_env_steps=139073 t=0.23s
Ep 3216: len= 76 白胜 loss=27.0226 temp=1.00 total_env_steps=139149 t=0.59s
Ep 3217: len= 37 黑胜 loss=26.8394 temp=1.00 total_env_steps=139186 t=0.32s
Ep 3218: len= 47 黑胜 loss=26.9438 temp=1.00 total_env_steps=139233 t=0.37s
Ep 3219: len= 38 白胜 loss=26.7817 temp=1.00 total_env_steps=139271 t=0.33s
Ep 3220: len= 43 黑胜 loss=26.8863 temp=1.00 total_env_steps=139314 t=0.37s
Ep 3221: len= 38 白胜 loss=26.5662 temp=1.00 total_env_steps=139352 t=0.37s
Ep 3222: len= 72 白胜 loss=26.9136 temp=1.00 total_env_steps=139424 t=0.50s
Ep 3223: len= 44 白胜 loss=27.1679 temp=1.00 total_env_steps=139468 t=0.39s
Ep 3224: len= 20 白胜 loss=26.4156 temp=1.00 total_env_steps=139488 t=0.22s
Ep 3225: len= 34 白胜 loss=27.2420 temp=1.00 total_env_steps=139522 t=0.31s
Ep 3226: len= 55 黑胜 loss=26.9005 temp=1.00 total_env_steps=139577 t=0.46s
Ep 3227: len= 38 白胜 loss=27.1740 temp=1.00 total_env_steps=139615 t=0.35s
Ep 3228: len= 57 黑胜 loss=26.8148 temp=1.00 total_env_steps=139672 t=0.48s
Ep 3229: len= 46 白胜 loss=26.8276 temp=1.00 total_env_steps=139718 t=0.41s
Ep 3230: len= 53 黑胜 loss=26.6710 temp=1.00 total_env_steps=139771 t=0.45s
Ep 3231: len= 53 黑胜 loss=26.9209 temp=1.00 total_env_steps=139824 t=0.46s
Ep 3232: len= 37 黑胜 loss=26.9879 temp=1.00 total_env_steps=139861 t=0.36s
Ep 3233: len= 45 黑胜 loss=26.9995 temp=1.00 total_env_steps=139906 t=0.42s
Ep 3234: len= 43 黑胜 loss=26.9883 temp=1.00 total_env_steps=139949 t=0.37s
Ep 3235: len= 18 白胜 loss=26.8932 temp=1.00 total_env_steps=139967 t=0.23s
Ep 3236: len= 27 黑胜 loss=27.1389 temp=1.00 total_env_steps=139994 t=0.27s
Ep 3237: len= 42 白胜 loss=27.0503 temp=1.00 total_env_steps=140036 t=0.37s
Ep 3238: len= 24 白胜 loss=26.9466 temp=1.00 total_env_steps=140060 t=0.27s
Ep 3239: len= 42 白胜 loss=26.9550 temp=1.00 total_env_steps=140102 t=0.36s
Ep 3240: len= 42 白胜 loss=27.0195 temp=1.00 total_env_steps=140144 t=0.37s
Ep 3241: len= 39 黑胜 loss=26.8868 temp=1.00 total_env_steps=140183 t=0.36s
Ep 3242: len= 43 黑胜 loss=27.0190 temp=1.00 total_env_steps=140226 t=0.35s
Ep 3243: len= 47 黑胜 loss=26.7602 temp=1.00 total_env_steps=140273 t=0.39s
Ep 3244: len= 57 黑胜 loss=26.9409 temp=1.00 total_env_steps=140330 t=0.45s
Ep 3245: len= 55 黑胜 loss=26.9103 temp=1.00 total_env_steps=140385 t=0.43s
Ep 3246: len= 45 黑胜 loss=26.8466 temp=1.00 total_env_steps=140430 t=0.40s
Ep 3247: len= 39 黑胜 loss=26.8485 temp=1.00 total_env_steps=140469 t=0.34s
Ep 3248: len= 52 白胜 loss=26.7857 temp=1.00 total_env_steps=140521 t=0.45s
Ep 3249: len= 44 白胜 loss=27.0891 temp=1.00 total_env_steps=140565 t=0.38s
Ep 3250: len= 31 黑胜 loss=26.7436 temp=1.00 total_env_steps=140596 t=0.30s
Ep 3251: len= 38 白胜 loss=27.0576 temp=1.00 total_env_steps=140634 t=0.35s
Ep 3252: len= 23 黑胜 loss=27.0467 temp=1.00 total_env_steps=140657 t=0.24s
Ep 3253: len= 49 黑胜 loss=26.7906 temp=1.00 total_env_steps=140706 t=0.42s
Ep 3254: len= 40 白胜 loss=27.2180 temp=1.00 total_env_steps=140746 t=0.35s
Ep 3255: len= 58 白胜 loss=27.2152 temp=1.00 total_env_steps=140804 t=0.48s
Ep 3256: len= 42 白胜 loss=26.7387 temp=1.00 total_env_steps=140846 t=0.37s
Ep 3257: len= 29 黑胜 loss=26.9779 temp=1.00 total_env_steps=140875 t=0.27s
Ep 3258: len= 69 黑胜 loss=26.9237 temp=1.00 total_env_steps=140944 t=0.53s
Ep 3259: len= 51 黑胜 loss=27.0799 temp=1.00 total_env_steps=140995 t=0.41s
Ep 3260: len= 30 白胜 loss=26.9868 temp=1.00 total_env_steps=141025 t=0.30s
Ep 3261: len= 44 白胜 loss=26.7752 temp=1.00 total_env_steps=141069 t=0.35s
Ep 3262: len= 37 黑胜 loss=26.9689 temp=1.00 total_env_steps=141106 t=0.31s
Ep 3263: len= 47 黑胜 loss=27.0416 temp=1.00 total_env_steps=141153 t=0.40s
Ep 3264: len= 37 黑胜 loss=26.9285 temp=1.00 total_env_steps=141190 t=0.35s
Ep 3265: len= 51 黑胜 loss=26.6201 temp=1.00 total_env_steps=141241 t=0.42s
Ep 3266: len= 35 黑胜 loss=27.1966 temp=1.00 total_env_steps=141276 t=0.32s
Ep 3267: len= 37 黑胜 loss=27.0142 temp=1.00 total_env_steps=141313 t=0.30s
Ep 3268: len= 72 白胜 loss=26.9478 temp=1.00 total_env_steps=141385 t=0.57s
Ep 3269: len= 36 白胜 loss=26.7183 temp=1.00 total_env_steps=141421 t=0.32s
Ep 3270: len= 33 黑胜 loss=26.6617 temp=1.00 total_env_steps=141454 t=0.32s
Ep 3271: len= 46 白胜 loss=26.8051 temp=1.00 total_env_steps=141500 t=0.41s
Ep 3272: len= 24 白胜 loss=26.8035 temp=1.00 total_env_steps=141524 t=0.27s
Ep 3273: len= 46 白胜 loss=26.9171 temp=1.00 total_env_steps=141570 t=0.39s
Ep 3274: len= 35 黑胜 loss=26.5528 temp=1.00 total_env_steps=141605 t=0.33s
Ep 3275: len= 39 黑胜 loss=27.1565 temp=1.00 total_env_steps=141644 t=0.35s
Ep 3276: len= 44 白胜 loss=27.0603 temp=1.00 total_env_steps=141688 t=0.38s
Ep 3277: len= 44 白胜 loss=27.1489 temp=1.00 total_env_steps=141732 t=0.38s
Ep 3278: len= 74 白胜 loss=27.0962 temp=1.00 total_env_steps=141806 t=0.61s
Ep 3279: len= 49 黑胜 loss=27.0298 temp=1.00 total_env_steps=141855 t=0.40s
Ep 3280: len= 50 白胜 loss=26.6736 temp=1.00 total_env_steps=141905 t=0.45s
Ep 3281: len= 31 黑胜 loss=27.0265 temp=1.00 total_env_steps=141936 t=0.32s
Ep 3282: len= 34 白胜 loss=26.7968 temp=1.00 total_env_steps=141970 t=0.34s
Ep 3283: len= 39 黑胜 loss=26.9284 temp=1.00 total_env_steps=142009 t=0.38s
Ep 3284: len= 54 白胜 loss=26.9195 temp=1.00 total_env_steps=142063 t=0.48s
Ep 3285: len= 37 黑胜 loss=26.6588 temp=1.00 total_env_steps=142100 t=0.34s
Ep 3286: len= 48 白胜 loss=27.0244 temp=1.00 total_env_steps=142148 t=0.41s
Ep 3287: len= 61 黑胜 loss=26.6813 temp=1.00 total_env_steps=142209 t=0.48s
Ep 3288: len= 42 白胜 loss=27.3035 temp=1.00 total_env_steps=142251 t=0.40s
Ep 3289: len= 50 白胜 loss=26.7242 temp=1.00 total_env_steps=142301 t=0.44s
Ep 3290: len= 39 黑胜 loss=26.8591 temp=1.00 total_env_steps=142340 t=0.34s
Ep 3291: len= 46 白胜 loss=26.9287 temp=1.00 total_env_steps=142386 t=0.41s
Ep 3292: len= 36 白胜 loss=26.8709 temp=1.00 total_env_steps=142422 t=0.35s
Ep 3293: len= 39 黑胜 loss=27.2855 temp=1.00 total_env_steps=142461 t=0.36s
Ep 3294: len= 27 黑胜 loss=26.8701 temp=1.00 total_env_steps=142488 t=0.32s
Ep 3295: len= 44 白胜 loss=26.8735 temp=1.00 total_env_steps=142532 t=0.39s
Ep 3296: len= 33 黑胜 loss=26.8904 temp=1.00 total_env_steps=142565 t=0.33s
Ep 3297: len= 56 白胜 loss=27.0542 temp=1.00 total_env_steps=142621 t=0.48s
Ep 3298: len= 51 黑胜 loss=27.2913 temp=1.00 total_env_steps=142672 t=0.44s
Ep 3299: len= 41 黑胜 loss=27.0701 temp=1.00 total_env_steps=142713 t=0.39s
Ep 3300: len= 47 黑胜 loss=26.8253 temp=1.00 total_env_steps=142760 t=0.41s
Ep 3301: len= 41 黑胜 loss=27.0918 temp=1.00 total_env_steps=142801 t=0.37s
Ep 3302: len= 48 白胜 loss=26.7520 temp=1.00 total_env_steps=142849 t=0.41s
Ep 3303: len= 48 白胜 loss=27.1756 temp=1.00 total_env_steps=142897 t=0.42s
Ep 3304: len= 33 黑胜 loss=27.1593 temp=1.00 total_env_steps=142930 t=0.32s
Ep 3305: len= 37 黑胜 loss=26.9450 temp=1.00 total_env_steps=142967 t=0.37s
Ep 3306: len= 81 平局 loss=26.7100 temp=1.00 total_env_steps=143048 t=0.62s
Ep 3307: len= 44 白胜 loss=26.8822 temp=1.00 total_env_steps=143092 t=0.39s
Ep 3308: len= 73 黑胜 loss=26.7823 temp=1.00 total_env_steps=143165 t=0.53s
Ep 3309: len= 48 白胜 loss=26.6021 temp=1.00 total_env_steps=143213 t=0.41s
Ep 3310: len= 30 白胜 loss=26.7860 temp=1.00 total_env_steps=143243 t=0.30s
Ep 3311: len= 37 黑胜 loss=27.3767 temp=1.00 total_env_steps=143280 t=0.33s
Ep 3312: len= 41 黑胜 loss=26.8992 temp=1.00 total_env_steps=143321 t=0.36s
Ep 3313: len= 40 白胜 loss=27.0809 temp=1.00 total_env_steps=143361 t=0.37s
Ep 3314: len= 32 白胜 loss=27.2306 temp=1.00 total_env_steps=143393 t=0.29s
Ep 3315: len= 38 白胜 loss=26.8347 temp=1.00 total_env_steps=143431 t=0.34s
Ep 3316: len= 38 白胜 loss=27.1223 temp=1.00 total_env_steps=143469 t=0.35s
Ep 3317: len= 70 白胜 loss=26.8929 temp=1.00 total_env_steps=143539 t=0.55s
Ep 3318: len= 27 黑胜 loss=27.0785 temp=1.00 total_env_steps=143566 t=0.27s
Ep 3319: len= 38 白胜 loss=26.5945 temp=1.00 total_env_steps=143604 t=0.34s
Ep 3320: len= 38 白胜 loss=27.0884 temp=1.00 total_env_steps=143642 t=0.32s
Ep 3321: len= 49 黑胜 loss=26.7209 temp=1.00 total_env_steps=143691 t=0.40s
Ep 3322: len= 37 黑胜 loss=26.7633 temp=1.00 total_env_steps=143728 t=0.34s
Ep 3323: len= 43 黑胜 loss=27.3098 temp=1.00 total_env_steps=143771 t=0.39s
Ep 3324: len= 36 白胜 loss=26.7937 temp=1.00 total_env_steps=143807 t=0.33s
Ep 3325: len= 39 黑胜 loss=26.6265 temp=1.00 total_env_steps=143846 t=0.32s
Ep 3326: len= 41 黑胜 loss=26.9539 temp=1.00 total_env_steps=143887 t=0.35s
Ep 3327: len= 39 黑胜 loss=27.0545 temp=1.00 total_env_steps=143926 t=0.33s
Ep 3328: len= 43 黑胜 loss=27.1521 temp=1.00 total_env_steps=143969 t=0.39s
Ep 3329: len= 24 白胜 loss=27.1352 temp=1.00 total_env_steps=143993 t=0.25s
Ep 3330: len= 33 黑胜 loss=26.6254 temp=1.00 total_env_steps=144026 t=0.32s
Ep 3331: len= 49 黑胜 loss=27.0978 temp=1.00 total_env_steps=144075 t=0.41s
Ep 3332: len= 46 白胜 loss=26.5694 temp=1.00 total_env_steps=144121 t=0.39s
Ep 3333: len= 52 白胜 loss=26.9978 temp=1.00 total_env_steps=144173 t=0.43s
Ep 3334: len= 36 白胜 loss=27.1303 temp=1.00 total_env_steps=144209 t=0.34s
Ep 3335: len= 35 黑胜 loss=26.7194 temp=1.00 total_env_steps=144244 t=0.34s
Ep 3336: len= 38 白胜 loss=26.4709 temp=1.00 total_env_steps=144282 t=0.33s
Ep 3337: len= 62 白胜 loss=26.8471 temp=1.00 total_env_steps=144344 t=0.47s
Ep 3338: len= 32 白胜 loss=26.6479 temp=1.00 total_env_steps=144376 t=0.32s
Ep 3339: len= 48 白胜 loss=26.7943 temp=1.00 total_env_steps=144424 t=0.40s
Ep 3340: len= 42 白胜 loss=26.7616 temp=1.00 total_env_steps=144466 t=0.36s
Ep 3341: len= 31 黑胜 loss=26.9881 temp=1.00 total_env_steps=144497 t=0.29s
Ep 3342: len= 42 白胜 loss=26.8958 temp=1.00 total_env_steps=144539 t=0.39s
Ep 3343: len= 45 黑胜 loss=26.7729 temp=1.00 total_env_steps=144584 t=0.36s
Ep 3344: len= 34 白胜 loss=26.6297 temp=1.00 total_env_steps=144618 t=0.31s
Ep 3345: len= 23 黑胜 loss=27.1350 temp=1.00 total_env_steps=144641 t=0.26s
Ep 3346: len= 49 黑胜 loss=27.1083 temp=1.00 total_env_steps=144690 t=0.44s
Ep 3347: len= 53 黑胜 loss=26.5536 temp=1.00 total_env_steps=144743 t=0.44s
Ep 3348: len= 37 黑胜 loss=27.3497 temp=1.00 total_env_steps=144780 t=0.32s
Ep 3349: len= 44 白胜 loss=27.2341 temp=1.00 total_env_steps=144824 t=0.37s
Ep 3350: len= 33 黑胜 loss=27.4614 temp=1.00 total_env_steps=144857 t=0.32s
Ep 3351: len= 38 白胜 loss=26.9301 temp=1.00 total_env_steps=144895 t=0.33s
Ep 3352: len= 42 白胜 loss=26.7437 temp=1.00 total_env_steps=144937 t=0.38s
Ep 3353: len= 29 黑胜 loss=26.7673 temp=1.00 total_env_steps=144966 t=0.29s
Ep 3354: len= 65 黑胜 loss=26.9871 temp=1.00 total_env_steps=145031 t=0.52s
Ep 3355: len= 39 黑胜 loss=27.0863 temp=1.00 total_env_steps=145070 t=0.35s
Ep 3356: len= 39 黑胜 loss=27.0591 temp=1.00 total_env_steps=145109 t=0.36s
Ep 3357: len= 46 白胜 loss=26.9301 temp=1.00 total_env_steps=145155 t=0.41s
Ep 3358: len= 28 白胜 loss=27.1508 temp=1.00 total_env_steps=145183 t=0.31s
Ep 3359: len= 43 黑胜 loss=26.8244 temp=1.00 total_env_steps=145226 t=0.36s
Ep 3360: len= 31 黑胜 loss=26.8465 temp=1.00 total_env_steps=145257 t=0.31s
Ep 3361: len= 32 白胜 loss=27.0621 temp=1.00 total_env_steps=145289 t=0.31s
Ep 3362: len= 66 白胜 loss=26.8876 temp=1.00 total_env_steps=145355 t=0.52s
Ep 3363: len= 40 白胜 loss=26.8935 temp=1.00 total_env_steps=145395 t=0.33s
Ep 3364: len= 33 黑胜 loss=26.8575 temp=1.00 total_env_steps=145428 t=0.30s
Ep 3365: len= 39 黑胜 loss=26.8999 temp=1.00 total_env_steps=145467 t=0.36s
Ep 3366: len= 62 白胜 loss=26.6989 temp=1.00 total_env_steps=145529 t=0.48s
Ep 3367: len= 50 白胜 loss=26.9002 temp=1.00 total_env_steps=145579 t=0.41s
Ep 3368: len= 33 黑胜 loss=26.9290 temp=1.00 total_env_steps=145612 t=0.31s
Ep 3369: len= 51 黑胜 loss=26.5262 temp=1.00 total_env_steps=145663 t=0.41s
Ep 3370: len= 39 黑胜 loss=26.9632 temp=1.00 total_env_steps=145702 t=0.34s
Ep 3371: len= 55 黑胜 loss=26.9735 temp=1.00 total_env_steps=145757 t=0.45s
Ep 3372: len= 33 黑胜 loss=27.1614 temp=1.00 total_env_steps=145790 t=0.29s
Ep 3373: len= 43 黑胜 loss=26.9413 temp=1.00 total_env_steps=145833 t=0.40s
Ep 3374: len= 34 白胜 loss=26.8394 temp=1.00 total_env_steps=145867 t=0.32s
Ep 3375: len= 36 白胜 loss=26.9454 temp=1.00 total_env_steps=145903 t=0.33s
Ep 3376: len= 31 黑胜 loss=27.0836 temp=1.00 total_env_steps=145934 t=0.32s
Ep 3377: len= 44 白胜 loss=27.0768 temp=1.00 total_env_steps=145978 t=0.40s
Ep 3378: len= 45 黑胜 loss=26.9822 temp=1.00 total_env_steps=146023 t=0.40s
Ep 3379: len= 37 黑胜 loss=26.8830 temp=1.00 total_env_steps=146060 t=0.39s
Ep 3380: len= 42 白胜 loss=27.4863 temp=1.00 total_env_steps=146102 t=0.37s
Ep 3381: len= 49 黑胜 loss=26.9275 temp=1.00 total_env_steps=146151 t=0.42s
Ep 3382: len= 50 白胜 loss=26.8695 temp=1.00 total_env_steps=146201 t=0.43s
Ep 3383: len= 43 黑胜 loss=27.1126 temp=1.00 total_env_steps=146244 t=0.39s
Ep 3384: len= 41 黑胜 loss=27.2944 temp=1.00 total_env_steps=146285 t=0.38s
Ep 3385: len= 35 黑胜 loss=27.0136 temp=1.00 total_env_steps=146320 t=0.34s
Ep 3386: len= 32 白胜 loss=26.7018 temp=1.00 total_env_steps=146352 t=0.30s
Ep 3387: len= 32 白胜 loss=27.1553 temp=1.00 total_env_steps=146384 t=0.32s
Ep 3388: len= 47 黑胜 loss=26.7349 temp=1.00 total_env_steps=146431 t=0.40s
Ep 3389: len= 39 黑胜 loss=26.9810 temp=1.00 total_env_steps=146470 t=0.37s
Ep 3390: len= 37 黑胜 loss=27.2410 temp=1.00 total_env_steps=146507 t=0.33s
Ep 3391: len= 42 白胜 loss=26.7237 temp=1.00 total_env_steps=146549 t=0.37s
Ep 3392: len= 25 黑胜 loss=27.0117 temp=1.00 total_env_steps=146574 t=0.27s
Ep 3393: len= 52 白胜 loss=26.8938 temp=1.00 total_env_steps=146626 t=0.45s
Ep 3394: len= 34 白胜 loss=26.5461 temp=1.00 total_env_steps=146660 t=0.31s
Ep 3395: len= 41 黑胜 loss=27.0217 temp=1.00 total_env_steps=146701 t=0.36s
Ep 3396: len= 40 白胜 loss=26.9895 temp=1.00 total_env_steps=146741 t=0.36s
Ep 3397: len= 39 黑胜 loss=26.8325 temp=1.00 total_env_steps=146780 t=0.35s
Ep 3398: len= 34 白胜 loss=27.2904 temp=1.00 total_env_steps=146814 t=0.30s
Ep 3399: len= 41 黑胜 loss=26.9121 temp=1.00 total_env_steps=146855 t=0.37s
Ep 3400: len= 39 黑胜 loss=26.9189 temp=1.00 total_env_steps=146894 t=0.37s
Ep 3401: len= 45 黑胜 loss=26.8524 temp=1.00 total_env_steps=146939 t=0.39s
Ep 3402: len= 43 黑胜 loss=27.0316 temp=1.00 total_env_steps=146982 t=0.37s
Ep 3403: len= 35 黑胜 loss=26.9791 temp=1.00 total_env_steps=147017 t=0.38s
Ep 3404: len= 54 白胜 loss=27.1300 temp=1.00 total_env_steps=147071 t=0.45s
Ep 3405: len= 51 黑胜 loss=26.6801 temp=1.00 total_env_steps=147122 t=0.44s
Ep 3406: len= 44 白胜 loss=26.8698 temp=1.00 total_env_steps=147166 t=0.43s
Ep 3407: len= 68 白胜 loss=27.2732 temp=1.00 total_env_steps=147234 t=0.56s
Ep 3408: len= 30 白胜 loss=26.9153 temp=1.00 total_env_steps=147264 t=0.31s
Ep 3409: len= 70 白胜 loss=27.1222 temp=1.00 total_env_steps=147334 t=0.54s
Ep 3410: len= 33 黑胜 loss=26.8434 temp=1.00 total_env_steps=147367 t=0.34s
Ep 3411: len= 27 黑胜 loss=27.2235 temp=1.00 total_env_steps=147394 t=0.30s
Ep 3412: len= 33 黑胜 loss=26.9465 temp=1.00 total_env_steps=147427 t=0.32s
Ep 3413: len= 35 黑胜 loss=26.8579 temp=1.00 total_env_steps=147462 t=0.33s
Ep 3414: len= 45 黑胜 loss=27.0588 temp=1.00 total_env_steps=147507 t=0.41s
Ep 3415: len= 43 黑胜 loss=26.9481 temp=1.00 total_env_steps=147550 t=0.40s
Ep 3416: len= 41 黑胜 loss=26.9821 temp=1.00 total_env_steps=147591 t=0.36s
Ep 3417: len= 41 黑胜 loss=27.1163 temp=1.00 total_env_steps=147632 t=0.38s
Ep 3418: len= 45 黑胜 loss=26.9892 temp=1.00 total_env_steps=147677 t=0.39s
Ep 3419: len= 46 白胜 loss=26.4789 temp=1.00 total_env_steps=147723 t=0.43s
Ep 3420: len= 35 黑胜 loss=27.0349 temp=1.00 total_env_steps=147758 t=0.32s
Ep 3421: len= 36 白胜 loss=26.9695 temp=1.00 total_env_steps=147794 t=0.29s
Ep 3422: len= 47 黑胜 loss=26.8671 temp=1.00 total_env_steps=147841 t=0.42s
Ep 3423: len= 47 黑胜 loss=27.0381 temp=1.00 total_env_steps=147888 t=0.40s
Ep 3424: len= 47 黑胜 loss=27.0233 temp=1.00 total_env_steps=147935 t=0.39s
Ep 3425: len= 56 白胜 loss=26.9855 temp=1.00 total_env_steps=147991 t=0.47s
Ep 3426: len= 54 白胜 loss=27.1152 temp=1.00 total_env_steps=148045 t=0.44s
Ep 3427: len= 30 白胜 loss=27.0762 temp=1.00 total_env_steps=148075 t=0.30s
Ep 3428: len= 55 黑胜 loss=27.0820 temp=1.00 total_env_steps=148130 t=0.49s
Ep 3429: len= 39 黑胜 loss=26.8916 temp=1.00 total_env_steps=148169 t=0.40s
Ep 3430: len= 47 黑胜 loss=26.6137 temp=1.00 total_env_steps=148216 t=0.41s
Ep 3431: len= 32 白胜 loss=27.1911 temp=1.00 total_env_steps=148248 t=0.34s
Ep 3432: len= 66 白胜 loss=26.9691 temp=1.00 total_env_steps=148314 t=0.53s
Ep 3433: len= 35 黑胜 loss=26.9662 temp=1.00 total_env_steps=148349 t=0.32s
Ep 3434: len= 23 黑胜 loss=26.9775 temp=1.00 total_env_steps=148372 t=0.25s
Ep 3435: len= 37 黑胜 loss=26.6637 temp=1.00 total_env_steps=148409 t=0.35s
Ep 3436: len= 52 白胜 loss=26.7263 temp=1.00 total_env_steps=148461 t=0.41s
Ep 3437: len= 31 黑胜 loss=26.9921 temp=1.00 total_env_steps=148492 t=0.31s
Ep 3438: len= 74 白胜 loss=26.9900 temp=1.00 total_env_steps=148566 t=0.56s
Ep 3439: len= 43 黑胜 loss=27.4713 temp=1.00 total_env_steps=148609 t=0.38s
Ep 3440: len= 45 黑胜 loss=26.9638 temp=1.00 total_env_steps=148654 t=0.38s
Ep 3441: len= 32 白胜 loss=26.9381 temp=1.00 total_env_steps=148686 t=0.28s
Ep 3442: len= 33 黑胜 loss=26.7425 temp=1.00 total_env_steps=148719 t=0.32s
Ep 3443: len= 58 白胜 loss=26.8144 temp=1.00 total_env_steps=148777 t=0.46s
Ep 3444: len= 49 黑胜 loss=26.7672 temp=1.00 total_env_steps=148826 t=0.39s
Ep 3445: len= 38 白胜 loss=27.0949 temp=1.00 total_env_steps=148864 t=0.34s
Ep 3446: len= 58 白胜 loss=26.7675 temp=1.00 total_env_steps=148922 t=0.46s
Ep 3447: len= 40 白胜 loss=27.1784 temp=1.00 total_env_steps=148962 t=0.36s
Ep 3448: len= 58 白胜 loss=27.0539 temp=1.00 total_env_steps=149020 t=0.45s
Ep 3449: len= 59 黑胜 loss=27.4757 temp=1.00 total_env_steps=149079 t=0.48s
Ep 3450: len= 56 白胜 loss=27.0518 temp=1.00 total_env_steps=149135 t=0.46s
Ep 3451: len= 53 黑胜 loss=26.9237 temp=1.00 total_env_steps=149188 t=0.44s
Ep 3452: len= 40 白胜 loss=27.4280 temp=1.00 total_env_steps=149228 t=0.36s
Ep 3453: len= 41 黑胜 loss=26.7304 temp=1.00 total_env_steps=149269 t=0.37s
Ep 3454: len= 43 黑胜 loss=26.8755 temp=1.00 total_env_steps=149312 t=0.40s
Ep 3455: len= 43 黑胜 loss=26.9072 temp=1.00 total_env_steps=149355 t=0.37s
Ep 3456: len= 34 白胜 loss=27.0677 temp=1.00 total_env_steps=149389 t=0.33s
Ep 3457: len= 32 白胜 loss=27.1192 temp=1.00 total_env_steps=149421 t=0.30s
Ep 3458: len= 53 黑胜 loss=27.2857 temp=1.00 total_env_steps=149474 t=0.42s
Ep 3459: len= 34 白胜 loss=27.2616 temp=1.00 total_env_steps=149508 t=0.28s
Ep 3460: len= 31 黑胜 loss=26.8304 temp=1.00 total_env_steps=149539 t=0.31s
Ep 3461: len= 37 黑胜 loss=26.8740 temp=1.00 total_env_steps=149576 t=0.32s
Ep 3462: len= 50 白胜 loss=26.6204 temp=1.00 total_env_steps=149626 t=0.44s
Ep 3463: len= 35 黑胜 loss=26.8677 temp=1.00 total_env_steps=149661 t=0.29s
Ep 3464: len= 22 白胜 loss=26.8523 temp=1.00 total_env_steps=149683 t=0.25s
Ep 3465: len= 52 白胜 loss=26.8680 temp=1.00 total_env_steps=149735 t=0.39s
Ep 3466: len= 50 白胜 loss=26.6295 temp=1.00 total_env_steps=149785 t=0.37s
Ep 3467: len= 35 黑胜 loss=26.8728 temp=1.00 total_env_steps=149820 t=0.31s
Ep 3468: len= 33 黑胜 loss=27.0914 temp=1.00 total_env_steps=149853 t=0.30s
Ep 3469: len= 43 黑胜 loss=26.6326 temp=1.00 total_env_steps=149896 t=0.37s
Ep 3470: len= 46 白胜 loss=27.1265 temp=1.00 total_env_steps=149942 t=0.39s
Ep 3471: len= 36 白胜 loss=27.1529 temp=1.00 total_env_steps=149978 t=0.31s
Ep 3472: len= 32 白胜 loss=27.1176 temp=1.00 total_env_steps=150010 t=0.33s
Ep 3473: len= 44 白胜 loss=27.1944 temp=1.00 total_env_steps=150054 t=0.37s
Ep 3474: len= 24 白胜 loss=27.0926 temp=1.00 total_env_steps=150078 t=0.25s
Ep 3475: len= 68 白胜 loss=26.9512 temp=1.00 total_env_steps=150146 t=0.50s
Ep 3476: len= 48 白胜 loss=26.8275 temp=1.00 total_env_steps=150194 t=0.39s
Ep 3477: len= 78 白胜 loss=26.9354 temp=1.00 total_env_steps=150272 t=0.56s
Ep 3478: len= 48 白胜 loss=26.7972 temp=1.00 total_env_steps=150320 t=0.39s
Ep 3479: len= 44 白胜 loss=26.8473 temp=1.00 total_env_steps=150364 t=0.38s
Ep 3480: len= 27 黑胜 loss=26.8702 temp=1.00 total_env_steps=150391 t=0.27s
Ep 3481: len= 57 黑胜 loss=27.0192 temp=1.00 total_env_steps=150448 t=0.47s
Ep 3482: len= 49 黑胜 loss=26.9218 temp=1.00 total_env_steps=150497 t=0.40s
Ep 3483: len= 27 黑胜 loss=27.0237 temp=1.00 total_env_steps=150524 t=0.28s
Ep 3484: len= 44 白胜 loss=26.9802 temp=1.00 total_env_steps=150568 t=0.37s
Ep 3485: len= 47 黑胜 loss=26.9901 temp=1.00 total_env_steps=150615 t=0.39s
Ep 3486: len= 50 白胜 loss=26.9121 temp=1.00 total_env_steps=150665 t=0.42s
Ep 3487: len= 22 白胜 loss=27.1948 temp=1.00 total_env_steps=150687 t=0.25s
Ep 3488: len= 21 黑胜 loss=26.7213 temp=1.00 total_env_steps=150708 t=0.23s
Ep 3489: len= 36 白胜 loss=27.0508 temp=1.00 total_env_steps=150744 t=0.36s
Ep 3490: len= 46 白胜 loss=27.3600 temp=1.00 total_env_steps=150790 t=0.39s
Ep 3491: len= 54 白胜 loss=27.3646 temp=1.00 total_env_steps=150844 t=0.44s
Ep 3492: len= 30 白胜 loss=26.9976 temp=1.00 total_env_steps=150874 t=0.27s
Ep 3493: len= 39 黑胜 loss=26.8139 temp=1.00 total_env_steps=150913 t=0.33s
Ep 3494: len= 33 黑胜 loss=26.4815 temp=1.00 total_env_steps=150946 t=0.30s
Ep 3495: len= 29 黑胜 loss=27.0688 temp=1.00 total_env_steps=150975 t=0.29s
Ep 3496: len= 48 白胜 loss=27.0845 temp=1.00 total_env_steps=151023 t=0.44s
Ep 3497: len= 49 黑胜 loss=27.2131 temp=1.00 total_env_steps=151072 t=0.43s
Ep 3498: len= 61 黑胜 loss=26.9783 temp=1.00 total_env_steps=151133 t=0.51s
Ep 3499: len= 32 白胜 loss=26.8470 temp=1.00 total_env_steps=151165 t=0.33s
Ep 3500: len= 31 黑胜 loss=26.9789 temp=1.00 total_env_steps=151196 t=0.30s
  eval vs Gomoku-random-v0: win_rate=1.00 mean_return=1.00（20 局，total_env_steps=151196）
Ep 3501: len= 36 白胜 loss=27.0824 temp=1.00 total_env_steps=151232 t=0.31s
Ep 3502: len= 34 白胜 loss=26.9442 temp=1.00 total_env_steps=151266 t=0.33s
Ep 3503: len= 36 白胜 loss=27.0402 temp=1.00 total_env_steps=151302 t=0.34s
Ep 3504: len= 56 白胜 loss=26.8320 temp=1.00 total_env_steps=151358 t=0.47s
Ep 3505: len= 42 白胜 loss=27.3395 temp=1.00 total_env_steps=151400 t=0.39s
Ep 3506: len= 46 白胜 loss=26.6639 temp=1.00 total_env_steps=151446 t=0.40s
Ep 3507: len= 23 黑胜 loss=27.2213 temp=1.00 total_env_steps=151469 t=0.26s
Ep 3508: len= 40 白胜 loss=26.9274 temp=1.00 total_env_steps=151509 t=0.35s
Ep 3509: len= 49 黑胜 loss=26.9041 temp=1.00 total_env_steps=151558 t=0.40s
Ep 3510: len= 39 黑胜 loss=26.7469 temp=1.00 total_env_steps=151597 t=0.34s
Ep 3511: len= 33 黑胜 loss=26.7448 temp=1.00 total_env_steps=151630 t=0.31s
Ep 3512: len= 35 黑胜 loss=26.6813 temp=1.00 total_env_steps=151665 t=0.32s
Ep 3513: len= 29 黑胜 loss=26.8652 temp=1.00 total_env_steps=151694 t=0.30s
Ep 3514: len= 34 白胜 loss=27.2885 temp=1.00 total_env_steps=151728 t=0.32s
Ep 3515: len= 46 白胜 loss=27.3695 temp=1.00 total_env_steps=151774 t=0.38s
Ep 3516: len= 47 黑胜 loss=27.0214 temp=1.00 total_env_steps=151821 t=0.40s
Ep 3517: len= 35 黑胜 loss=26.7059 temp=1.00 total_env_steps=151856 t=0.33s
Ep 3518: len= 51 黑胜 loss=27.2178 temp=1.00 total_env_steps=151907 t=0.44s
Ep 3519: len= 39 黑胜 loss=26.5045 temp=1.00 total_env_steps=151946 t=0.36s
Ep 3520: len= 44 白胜 loss=27.2109 temp=1.00 total_env_steps=151990 t=0.42s
Ep 3521: len= 53 黑胜 loss=26.7459 temp=1.00 total_env_steps=152043 t=0.41s
Ep 3522: len= 45 黑胜 loss=26.8173 temp=1.00 total_env_steps=152088 t=0.39s
Ep 3523: len= 34 白胜 loss=26.7692 temp=1.00 total_env_steps=152122 t=0.30s
Ep 3524: len= 43 黑胜 loss=27.0731 temp=1.00 total_env_steps=152165 t=0.36s
Ep 3525: len= 36 白胜 loss=26.9106 temp=1.00 total_env_steps=152201 t=0.32s
Ep 3526: len= 38 白胜 loss=27.1899 temp=1.00 total_env_steps=152239 t=0.34s
Ep 3527: len= 44 白胜 loss=26.6398 temp=1.00 total_env_steps=152283 t=0.37s
Ep 3528: len= 47 黑胜 loss=26.6389 temp=1.00 total_env_steps=152330 t=0.39s
Ep 3529: len= 41 黑胜 loss=26.7772 temp=1.00 total_env_steps=152371 t=0.35s
Ep 3530: len= 36 白胜 loss=26.6867 temp=1.00 total_env_steps=152407 t=0.36s
Ep 3531: len= 37 黑胜 loss=26.5213 temp=1.00 total_env_steps=152444 t=0.32s
Ep 3532: len= 31 黑胜 loss=27.4244 temp=1.00 total_env_steps=152475 t=0.30s
Ep 3533: len= 34 白胜 loss=26.7074 temp=1.00 total_env_steps=152509 t=0.32s
Ep 3534: len= 44 白胜 loss=26.8787 temp=1.00 total_env_steps=152553 t=0.35s
Ep 3535: len= 30 白胜 loss=26.8964 temp=1.00 total_env_steps=152583 t=0.29s
Ep 3536: len= 37 黑胜 loss=26.9310 temp=1.00 total_env_steps=152620 t=0.34s
Ep 3537: len= 39 黑胜 loss=26.9528 temp=1.00 total_env_steps=152659 t=0.31s
Ep 3538: len= 34 白胜 loss=26.5925 temp=1.00 total_env_steps=152693 t=0.32s
Ep 3539: len= 40 白胜 loss=26.8708 temp=1.00 total_env_steps=152733 t=0.34s
Ep 3540: len= 47 黑胜 loss=26.7694 temp=1.00 total_env_steps=152780 t=0.37s
Ep 3541: len= 31 黑胜 loss=27.2243 temp=1.00 total_env_steps=152811 t=0.28s
Ep 3542: len= 54 白胜 loss=27.2691 temp=1.00 total_env_steps=152865 t=0.42s
Ep 3543: len= 51 黑胜 loss=26.8757 temp=1.00 total_env_steps=152916 t=0.41s
Ep 3544: len= 61 黑胜 loss=26.7817 temp=1.00 total_env_steps=152977 t=0.49s
Ep 3545: len= 46 白胜 loss=27.0665 temp=1.00 total_env_steps=153023 t=0.39s
Ep 3546: len= 32 白胜 loss=26.8383 temp=1.00 total_env_steps=153055 t=0.27s
Ep 3547: len= 35 黑胜 loss=27.1714 temp=1.00 total_env_steps=153090 t=0.31s
Ep 3548: len= 52 白胜 loss=26.7916 temp=1.00 total_env_steps=153142 t=0.42s
Ep 3549: len= 55 黑胜 loss=26.6371 temp=1.00 total_env_steps=153197 t=0.46s
Ep 3550: len= 31 黑胜 loss=27.0250 temp=1.00 total_env_steps=153228 t=0.30s
Ep 3551: len= 41 黑胜 loss=26.6029 temp=1.00 total_env_steps=153269 t=0.35s
Ep 3552: len= 52 白胜 loss=26.6113 temp=1.00 total_env_steps=153321 t=0.39s
Ep 3553: len= 41 黑胜 loss=27.0190 temp=1.00 total_env_steps=153362 t=0.33s
Ep 3554: len= 55 黑胜 loss=27.0339 temp=1.00 total_env_steps=153417 t=0.43s
Ep 3555: len= 51 黑胜 loss=27.0229 temp=1.00 total_env_steps=153468 t=0.40s
Ep 3556: len= 28 白胜 loss=26.8373 temp=1.00 total_env_steps=153496 t=0.26s
Ep 3557: len= 53 黑胜 loss=27.1936 temp=1.00 total_env_steps=153549 t=0.41s
Ep 3558: len= 34 白胜 loss=26.7393 temp=1.00 total_env_steps=153583 t=0.32s
Ep 3559: len= 25 黑胜 loss=26.8046 temp=1.00 total_env_steps=153608 t=0.25s
Ep 3560: len= 40 白胜 loss=27.1993 temp=1.00 total_env_steps=153648 t=0.36s
Ep 3561: len= 36 白胜 loss=26.8250 temp=1.00 total_env_steps=153684 t=0.33s
Ep 3562: len= 36 白胜 loss=26.7935 temp=1.00 total_env_steps=153720 t=0.32s
Ep 3563: len= 43 黑胜 loss=27.0941 temp=1.00 total_env_steps=153763 t=0.36s
Ep 3564: len= 39 黑胜 loss=27.1183 temp=1.00 total_env_steps=153802 t=0.35s
Ep 3565: len= 33 黑胜 loss=27.0401 temp=1.00 total_env_steps=153835 t=0.29s
Ep 3566: len= 29 黑胜 loss=26.8888 temp=1.00 total_env_steps=153864 t=0.28s
Ep 3567: len= 43 黑胜 loss=26.7480 temp=1.00 total_env_steps=153907 t=0.38s
Ep 3568: len= 60 白胜 loss=26.6243 temp=1.00 total_env_steps=153967 t=0.45s
Ep 3569: len= 40 白胜 loss=26.9059 temp=1.00 total_env_steps=154007 t=0.33s
Ep 3570: len= 35 黑胜 loss=27.0675 temp=1.00 total_env_steps=154042 t=0.30s
Ep 3571: len= 42 白胜 loss=27.1650 temp=1.00 total_env_steps=154084 t=0.34s
Ep 3572: len= 33 黑胜 loss=26.5919 temp=1.00 total_env_steps=154117 t=0.30s
Ep 3573: len= 53 黑胜 loss=26.8840 temp=1.00 total_env_steps=154170 t=0.40s
Ep 3574: len= 15 黑胜 loss=27.0367 temp=1.00 total_env_steps=154185 t=0.20s
Ep 3575: len= 43 黑胜 loss=26.5627 temp=1.00 total_env_steps=154228 t=0.36s
Ep 3576: len= 22 白胜 loss=26.8914 temp=1.00 total_env_steps=154250 t=0.24s
Ep 3577: len= 43 黑胜 loss=26.7937 temp=1.00 total_env_steps=154293 t=0.41s
Ep 3578: len= 25 黑胜 loss=26.8017 temp=1.00 total_env_steps=154318 t=0.25s
Ep 3579: len= 26 白胜 loss=27.2733 temp=1.00 total_env_steps=154344 t=0.25s
Ep 3580: len= 56 白胜 loss=27.2092 temp=1.00 total_env_steps=154400 t=0.44s
Ep 3581: len= 45 黑胜 loss=27.1521 temp=1.00 total_env_steps=154445 t=0.35s
Ep 3582: len= 29 黑胜 loss=26.9110 temp=1.00 total_env_steps=154474 t=0.29s
Ep 3583: len= 31 黑胜 loss=26.5329 temp=1.00 total_env_steps=154505 t=0.28s
Ep 3584: len= 27 黑胜 loss=26.7938 temp=1.00 total_env_steps=154532 t=0.25s
Ep 3585: len= 34 白胜 loss=26.7759 temp=1.00 total_env_steps=154566 t=0.32s
Ep 3586: len= 44 白胜 loss=26.8630 temp=1.00 total_env_steps=154610 t=0.37s
Ep 3587: len= 36 白胜 loss=27.0662 temp=1.00 total_env_steps=154646 t=0.33s
Ep 3588: len= 11 黑胜 loss=27.0658 temp=1.00 total_env_steps=154657 t=0.16s
Ep 3589: len= 37 黑胜 loss=27.0145 temp=1.00 total_env_steps=154694 t=0.32s
Ep 3590: len= 41 黑胜 loss=26.8640 temp=1.00 total_env_steps=154735 t=0.36s
Ep 3591: len= 49 黑胜 loss=26.8908 temp=1.00 total_env_steps=154784 t=0.40s
Ep 3592: len= 50 白胜 loss=27.1640 temp=1.00 total_env_steps=154834 t=0.42s
Ep 3593: len= 43 黑胜 loss=27.3213 temp=1.00 total_env_steps=154877 t=0.38s
Ep 3594: len= 15 黑胜 loss=26.9557 temp=1.00 total_env_steps=154892 t=0.20s
Ep 3595: len= 13 黑胜 loss=26.8725 temp=1.00 total_env_steps=154905 t=0.18s
Ep 3596: len= 39 黑胜 loss=27.1572 temp=1.00 total_env_steps=154944 t=0.33s
Ep 3597: len= 57 黑胜 loss=26.7890 temp=1.00 total_env_steps=155001 t=0.42s
Ep 3598: len= 38 白胜 loss=26.7642 temp=1.00 total_env_steps=155039 t=0.33s
Ep 3599: len= 51 黑胜 loss=26.8495 temp=1.00 total_env_steps=155090 t=0.40s
Ep 3600: len= 44 白胜 loss=26.8520 temp=1.00 total_env_steps=155134 t=0.37s
Ep 3601: len= 45 黑胜 loss=27.0528 temp=1.00 total_env_steps=155179 t=0.37s
Ep 3602: len= 28 白胜 loss=26.6065 temp=1.00 total_env_steps=155207 t=0.27s
Ep 3603: len= 36 白胜 loss=26.8169 temp=1.00 total_env_steps=155243 t=0.33s
Ep 3604: len= 57 黑胜 loss=27.2168 temp=1.00 total_env_steps=155300 t=0.48s
Ep 3605: len= 30 白胜 loss=27.3204 temp=1.00 total_env_steps=155330 t=0.30s
Ep 3606: len= 43 黑胜 loss=26.8562 temp=1.00 total_env_steps=155373 t=0.35s
Ep 3607: len= 55 黑胜 loss=26.8910 temp=1.00 total_env_steps=155428 t=0.43s
Ep 3608: len= 34 白胜 loss=26.9314 temp=1.00 total_env_steps=155462 t=0.31s
Ep 3609: len= 39 黑胜 loss=27.2839 temp=1.00 total_env_steps=155501 t=0.35s
Ep 3610: len= 27 黑胜 loss=26.8174 temp=1.00 total_env_steps=155528 t=0.28s
Ep 3611: len= 35 黑胜 loss=26.7268 temp=1.00 total_env_steps=155563 t=0.28s
Ep 3612: len= 39 黑胜 loss=26.9884 temp=1.00 total_env_steps=155602 t=0.32s
Ep 3613: len= 38 白胜 loss=27.2295 temp=1.00 total_env_steps=155640 t=0.33s
Ep 3614: len= 43 黑胜 loss=26.8930 temp=1.00 total_env_steps=155683 t=0.36s
Ep 3615: len= 44 白胜 loss=26.9558 temp=1.00 total_env_steps=155727 t=0.38s
Ep 3616: len= 48 白胜 loss=26.9973 temp=1.00 total_env_steps=155775 t=0.38s
Ep 3617: len= 29 黑胜 loss=27.0902 temp=1.00 total_env_steps=155804 t=0.28s
Ep 3618: len= 40 白胜 loss=26.9098 temp=1.00 total_env_steps=155844 t=0.34s
Ep 3619: len= 36 白胜 loss=26.7927 temp=1.00 total_env_steps=155880 t=0.30s
Ep 3620: len= 53 黑胜 loss=26.9139 temp=1.00 total_env_steps=155933 t=0.43s
Ep 3621: len= 33 黑胜 loss=26.5882 temp=1.00 total_env_steps=155966 t=0.31s
Ep 3622: len= 25 黑胜 loss=26.8483 temp=1.00 total_env_steps=155991 t=0.24s
Ep 3623: len= 44 白胜 loss=26.9084 temp=1.00 total_env_steps=156035 t=0.38s
Ep 3624: len= 27 黑胜 loss=26.8036 temp=1.00 total_env_steps=156062 t=0.26s
Ep 3625: len= 53 黑胜 loss=26.9772 temp=1.00 total_env_steps=156115 t=0.44s
Ep 3626: len= 62 白胜 loss=27.0910 temp=1.00 total_env_steps=156177 t=0.45s
Ep 3627: len= 42 白胜 loss=26.9284 temp=1.00 total_env_steps=156219 t=0.35s
Ep 3628: len= 25 黑胜 loss=27.1499 temp=1.00 total_env_steps=156244 t=0.27s
Ep 3629: len= 43 黑胜 loss=26.8598 temp=1.00 total_env_steps=156287 t=0.35s
Ep 3630: len= 42 白胜 loss=27.2921 temp=1.00 total_env_steps=156329 t=0.34s
Ep 3631: len= 38 白胜 loss=26.8039 temp=1.00 total_env_steps=156367 t=0.34s
Ep 3632: len= 35 黑胜 loss=27.0111 temp=1.00 total_env_steps=156402 t=0.31s
Ep 3633: len= 37 黑胜 loss=27.4030 temp=1.00 total_env_steps=156439 t=0.32s
Ep 3634: len= 66 白胜 loss=26.7789 temp=1.00 total_env_steps=156505 t=0.48s
Ep 3635: len= 27 黑胜 loss=26.7233 temp=1.00 total_env_steps=156532 t=0.26s
Ep 3636: len= 38 白胜 loss=26.7928 temp=1.00 total_env_steps=156570 t=0.34s
Ep 3637: len= 44 白胜 loss=27.2243 temp=1.00 total_env_steps=156614 t=0.35s
Ep 3638: len= 62 白胜 loss=26.7771 temp=1.00 total_env_steps=156676 t=0.44s
Ep 3639: len= 45 黑胜 loss=26.9438 temp=1.00 total_env_steps=156721 t=0.40s
Ep 3640: len= 39 黑胜 loss=26.8778 temp=1.00 total_env_steps=156760 t=0.36s
Ep 3641: len= 23 黑胜 loss=26.9510 temp=1.00 total_env_steps=156783 t=0.26s
Ep 3642: len= 35 黑胜 loss=26.9128 temp=1.00 total_env_steps=156818 t=0.33s
Ep 3643: len= 21 黑胜 loss=26.8844 temp=1.00 total_env_steps=156839 t=0.23s
Ep 3644: len= 27 黑胜 loss=26.8190 temp=1.00 total_env_steps=156866 t=0.28s
Ep 3645: len= 48 白胜 loss=27.3727 temp=1.00 total_env_steps=156914 t=0.35s
Ep 3646: len= 43 黑胜 loss=26.9870 temp=1.00 total_env_steps=156957 t=0.37s
Ep 3647: len= 42 白胜 loss=27.1814 temp=1.00 total_env_steps=156999 t=0.36s
Ep 3648: len= 51 黑胜 loss=26.4324 temp=1.00 total_env_steps=157050 t=0.41s
Ep 3649: len= 44 白胜 loss=27.1019 temp=1.00 total_env_steps=157094 t=0.38s
Ep 3650: len= 39 黑胜 loss=26.8648 temp=1.00 total_env_steps=157133 t=0.36s
Ep 3651: len= 38 白胜 loss=26.7043 temp=1.00 total_env_steps=157171 t=0.33s
Ep 3652: len= 41 黑胜 loss=27.1051 temp=1.00 total_env_steps=157212 t=0.33s
Ep 3653: len= 50 白胜 loss=27.2346 temp=1.00 total_env_steps=157262 t=0.39s
Ep 3654: len= 69 黑胜 loss=26.5802 temp=1.00 total_env_steps=157331 t=0.51s
Ep 3655: len= 47 黑胜 loss=27.0628 temp=1.00 total_env_steps=157378 t=0.42s
Ep 3656: len= 31 黑胜 loss=27.0615 temp=1.00 total_env_steps=157409 t=0.30s
Ep 3657: len= 28 白胜 loss=26.5922 temp=1.00 total_env_steps=157437 t=0.29s
Ep 3658: len= 25 黑胜 loss=27.0436 temp=1.00 total_env_steps=157462 t=0.25s
Ep 3659: len= 30 白胜 loss=27.1507 temp=1.00 total_env_steps=157492 t=0.32s
Ep 3660: len= 27 黑胜 loss=26.3111 temp=1.00 total_env_steps=157519 t=0.25s
Ep 3661: len= 31 黑胜 loss=27.2016 temp=1.00 total_env_steps=157550 t=0.28s
Ep 3662: len= 30 白胜 loss=27.1834 temp=1.00 total_env_steps=157580 t=0.27s
Ep 3663: len= 58 白胜 loss=26.8856 temp=1.00 total_env_steps=157638 t=0.44s
Ep 3664: len= 45 黑胜 loss=26.9233 temp=1.00 total_env_steps=157683 t=0.38s
Ep 3665: len= 69 黑胜 loss=27.0489 temp=1.00 total_env_steps=157752 t=0.51s
Ep 3666: len= 39 黑胜 loss=26.8058 temp=1.00 total_env_steps=157791 t=0.35s
Ep 3667: len= 55 黑胜 loss=26.9252 temp=1.00 total_env_steps=157846 t=0.44s
Ep 3668: len= 36 白胜 loss=26.9949 temp=1.00 total_env_steps=157882 t=0.32s
Ep 3669: len= 60 白胜 loss=26.6426 temp=1.00 total_env_steps=157942 t=0.45s
Ep 3670: len= 55 黑胜 loss=26.8882 temp=1.00 total_env_steps=157997 t=0.42s
Ep 3671: len= 68 白胜 loss=27.0596 temp=1.00 total_env_steps=158065 t=0.52s
Ep 3672: len= 68 白胜 loss=27.2292 temp=1.00 total_env_steps=158133 t=0.51s
Ep 3673: len= 48 白胜 loss=26.7797 temp=1.00 total_env_steps=158181 t=0.38s
Ep 3674: len= 51 黑胜 loss=27.2478 temp=1.00 total_env_steps=158232 t=0.41s
Ep 3675: len= 35 黑胜 loss=26.9534 temp=1.00 total_env_steps=158267 t=0.33s
Ep 3676: len= 34 白胜 loss=27.0383 temp=1.00 total_env_steps=158301 t=0.31s
Ep 3677: len= 32 白胜 loss=27.0690 temp=1.00 total_env_steps=158333 t=0.30s
Ep 3678: len= 34 白胜 loss=26.6223 temp=1.00 total_env_steps=158367 t=0.30s
Ep 3679: len= 43 黑胜 loss=27.1567 temp=1.00 total_env_steps=158410 t=0.36s
Ep 3680: len= 30 白胜 loss=26.8656 temp=1.00 total_env_steps=158440 t=0.29s
Ep 3681: len= 69 黑胜 loss=27.1279 temp=1.00 total_env_steps=158509 t=0.54s
Ep 3682: len= 45 黑胜 loss=26.6150 temp=1.00 total_env_steps=158554 t=0.39s
Ep 3683: len= 38 白胜 loss=27.0505 temp=1.00 total_env_steps=158592 t=0.32s
Ep 3684: len= 34 白胜 loss=27.0991 temp=1.00 total_env_steps=158626 t=0.32s
Ep 3685: len= 42 白胜 loss=26.8310 temp=1.00 total_env_steps=158668 t=0.39s
Ep 3686: len= 62 白胜 loss=26.9524 temp=1.00 total_env_steps=158730 t=0.49s
Ep 3687: len= 58 白胜 loss=27.0444 temp=1.00 total_env_steps=158788 t=0.48s
Ep 3688: len= 40 白胜 loss=26.5512 temp=1.00 total_env_steps=158828 t=0.36s
Ep 3689: len= 44 白胜 loss=26.8849 temp=1.00 total_env_steps=158872 t=0.39s
Ep 3690: len= 37 黑胜 loss=27.1271 temp=1.00 total_env_steps=158909 t=0.35s
Ep 3691: len= 41 黑胜 loss=26.7429 temp=1.00 total_env_steps=158950 t=0.36s
Ep 3692: len= 43 黑胜 loss=27.0264 temp=1.00 total_env_steps=158993 t=0.36s
Ep 3693: len= 33 黑胜 loss=26.6792 temp=1.00 total_env_steps=159026 t=0.31s
Ep 3694: len= 31 黑胜 loss=26.9196 temp=1.00 total_env_steps=159057 t=0.26s
Ep 3695: len= 37 黑胜 loss=27.0272 temp=1.00 total_env_steps=159094 t=0.33s
Ep 3696: len= 42 白胜 loss=26.9555 temp=1.00 total_env_steps=159136 t=0.34s
Ep 3697: len= 34 白胜 loss=26.6037 temp=1.00 total_env_steps=159170 t=0.33s
Ep 3698: len= 42 白胜 loss=26.8706 temp=1.00 total_env_steps=159212 t=0.35s
Ep 3699: len= 56 白胜 loss=26.7336 temp=1.00 total_env_steps=159268 t=0.42s
Ep 3700: len= 33 黑胜 loss=27.1102 temp=1.00 total_env_steps=159301 t=0.28s
Ep 3701: len= 36 白胜 loss=27.0836 temp=1.00 total_env_steps=159337 t=0.32s
Ep 3702: len= 61 黑胜 loss=26.7496 temp=1.00 total_env_steps=159398 t=0.47s
Ep 3703: len= 34 白胜 loss=27.0263 temp=1.00 total_env_steps=159432 t=0.34s
Ep 3704: len= 31 黑胜 loss=26.9187 temp=1.00 total_env_steps=159463 t=0.31s
Ep 3705: len= 34 白胜 loss=27.0312 temp=1.00 total_env_steps=159497 t=0.33s
Ep 3706: len= 56 白胜 loss=26.6939 temp=1.00 total_env_steps=159553 t=0.46s
Ep 3707: len= 29 黑胜 loss=27.1924 temp=1.00 total_env_steps=159582 t=0.29s
Ep 3708: len= 23 黑胜 loss=26.8688 temp=1.00 total_env_steps=159605 t=0.25s
Ep 3709: len= 28 白胜 loss=27.1940 temp=1.00 total_env_steps=159633 t=0.28s
Ep 3710: len= 40 白胜 loss=27.1430 temp=1.00 total_env_steps=159673 t=0.33s
Ep 3711: len= 57 黑胜 loss=26.6184 temp=1.00 total_env_steps=159730 t=0.45s
Ep 3712: len= 29 黑胜 loss=27.0165 temp=1.00 total_env_steps=159759 t=0.29s
Ep 3713: len= 25 黑胜 loss=26.8452 temp=1.00 total_env_steps=159784 t=0.27s
Ep 3714: len= 28 白胜 loss=26.4730 temp=1.00 total_env_steps=159812 t=0.30s
Ep 3715: len= 54 白胜 loss=26.5280 temp=1.00 total_env_steps=159866 t=0.43s
Ep 3716: len= 17 黑胜 loss=26.7171 temp=1.00 total_env_steps=159883 t=0.21s
Ep 3717: len= 53 黑胜 loss=26.3076 temp=1.00 total_env_steps=159936 t=0.45s
Ep 3718: len= 54 白胜 loss=26.8788 temp=1.00 total_env_steps=159990 t=0.41s
Ep 3719: len= 57 黑胜 loss=26.6359 temp=1.00 total_env_steps=160047 t=0.44s
Ep 3720: len= 33 黑胜 loss=27.0051 temp=1.00 total_env_steps=160080 t=0.31s
Ep 3721: len= 33 黑胜 loss=26.8161 temp=1.00 total_env_steps=160113 t=0.30s
Ep 3722: len= 37 黑胜 loss=26.7663 temp=1.00 total_env_steps=160150 t=0.34s
Ep 3723: len= 54 白胜 loss=26.7028 temp=1.00 total_env_steps=160204 t=0.43s
Ep 3724: len= 39 黑胜 loss=26.6801 temp=1.00 total_env_steps=160243 t=0.34s
Ep 3725: len= 40 白胜 loss=26.8757 temp=1.00 total_env_steps=160283 t=0.37s
Ep 3726: len= 46 白胜 loss=26.8292 temp=1.00 total_env_steps=160329 t=0.39s
Ep 3727: len= 66 白胜 loss=26.7634 temp=1.00 total_env_steps=160395 t=0.49s
Ep 3728: len= 43 黑胜 loss=26.8972 temp=1.00 total_env_steps=160438 t=0.39s
Ep 3729: len= 75 黑胜 loss=26.9489 temp=1.00 total_env_steps=160513 t=0.56s
Ep 3730: len= 63 黑胜 loss=26.8270 temp=1.00 total_env_steps=160576 t=0.47s
Ep 3731: len= 34 白胜 loss=27.1763 temp=1.00 total_env_steps=160610 t=0.32s
Ep 3732: len= 42 白胜 loss=26.7466 temp=1.00 total_env_steps=160652 t=0.38s
Ep 3733: len= 46 白胜 loss=26.6770 temp=1.00 total_env_steps=160698 t=0.36s
Ep 3734: len= 37 黑胜 loss=26.9794 temp=1.00 total_env_steps=160735 t=0.32s
Ep 3735: len= 57 黑胜 loss=26.6381 temp=1.00 total_env_steps=160792 t=0.44s
Ep 3736: len= 60 白胜 loss=27.0687 temp=1.00 total_env_steps=160852 t=0.46s
Ep 3737: len= 41 黑胜 loss=26.7210 temp=1.00 total_env_steps=160893 t=0.35s
Ep 3738: len= 47 黑胜 loss=26.7023 temp=1.00 total_env_steps=160940 t=0.39s
Ep 3739: len= 44 白胜 loss=26.6290 temp=1.00 total_env_steps=160984 t=0.35s
Ep 3740: len= 37 黑胜 loss=27.0564 temp=1.00 total_env_steps=161021 t=0.35s
Ep 3741: len= 46 白胜 loss=26.7054 temp=1.00 total_env_steps=161067 t=0.38s
Ep 3742: len= 39 黑胜 loss=27.0799 temp=1.00 total_env_steps=161106 t=0.39s
Ep 3743: len= 46 白胜 loss=27.1639 temp=1.00 total_env_steps=161152 t=0.38s
Ep 3744: len= 44 白胜 loss=26.7177 temp=1.00 total_env_steps=161196 t=0.39s
Ep 3745: len= 46 白胜 loss=26.7756 temp=1.00 total_env_steps=161242 t=0.43s
Ep 3746: len= 57 黑胜 loss=26.8549 temp=1.00 total_env_steps=161299 t=0.45s
Ep 3747: len= 79 黑胜 loss=26.9495 temp=1.00 total_env_steps=161378 t=0.58s
Ep 3748: len= 32 白胜 loss=27.2707 temp=1.00 total_env_steps=161410 t=0.34s
Ep 3749: len= 38 白胜 loss=26.5591 temp=1.00 total_env_steps=161448 t=0.34s
Ep 3750: len= 46 白胜 loss=26.5905 temp=1.00 total_env_steps=161494 t=0.40s
Ep 3751: len= 33 黑胜 loss=26.9931 temp=1.00 total_env_steps=161527 t=0.31s
Ep 3752: len= 39 黑胜 loss=26.9966 temp=1.00 total_env_steps=161566 t=0.37s
Ep 3753: len= 38 白胜 loss=26.8796 temp=1.00 total_env_steps=161604 t=0.36s
Ep 3754: len= 47 黑胜 loss=26.8794 temp=1.00 total_env_steps=161651 t=0.40s
Ep 3755: len= 36 白胜 loss=26.6652 temp=1.00 total_env_steps=161687 t=0.32s
Ep 3756: len= 37 黑胜 loss=26.8898 temp=1.00 total_env_steps=161724 t=0.36s
Ep 3757: len= 47 黑胜 loss=27.1125 temp=1.00 total_env_steps=161771 t=0.38s
Ep 3758: len= 40 白胜 loss=26.7551 temp=1.00 total_env_steps=161811 t=0.36s
Ep 3759: len= 43 黑胜 loss=27.3200 temp=1.00 total_env_steps=161854 t=0.37s
Ep 3760: len= 44 白胜 loss=26.9194 temp=1.00 total_env_steps=161898 t=0.41s
Ep 3761: len= 52 白胜 loss=26.8781 temp=1.00 total_env_steps=161950 t=0.43s
Ep 3762: len= 31 黑胜 loss=26.7903 temp=1.00 total_env_steps=161981 t=0.30s
Ep 3763: len= 40 白胜 loss=26.9528 temp=1.00 total_env_steps=162021 t=0.34s
Ep 3764: len= 71 黑胜 loss=27.1026 temp=1.00 total_env_steps=162092 t=0.50s
Ep 3765: len= 31 黑胜 loss=26.8728 temp=1.00 total_env_steps=162123 t=0.29s
Ep 3766: len= 25 黑胜 loss=26.8358 temp=1.00 total_env_steps=162148 t=0.28s
Ep 3767: len= 38 白胜 loss=27.2680 temp=1.00 total_env_steps=162186 t=0.35s
Ep 3768: len= 47 黑胜 loss=26.8695 temp=1.00 total_env_steps=162233 t=0.41s
Ep 3769: len= 57 黑胜 loss=26.7226 temp=1.00 total_env_steps=162290 t=0.46s
Ep 3770: len= 43 黑胜 loss=26.8668 temp=1.00 total_env_steps=162333 t=0.39s
Ep 3771: len= 32 白胜 loss=26.7748 temp=1.00 total_env_steps=162365 t=0.29s
Ep 3772: len= 36 白胜 loss=26.7699 temp=1.00 total_env_steps=162401 t=0.34s
Ep 3773: len= 40 白胜 loss=26.9838 temp=1.00 total_env_steps=162441 t=0.36s
Ep 3774: len= 52 白胜 loss=26.7456 temp=1.00 total_env_steps=162493 t=0.43s
Ep 3775: len= 51 黑胜 loss=27.0107 temp=1.00 total_env_steps=162544 t=0.41s
Ep 3776: len= 36 白胜 loss=26.9299 temp=1.00 total_env_steps=162580 t=0.34s
Ep 3777: len= 54 白胜 loss=26.6819 temp=1.00 total_env_steps=162634 t=0.46s
Ep 3778: len= 47 黑胜 loss=26.6847 temp=1.00 total_env_steps=162681 t=0.39s
Ep 3779: len= 64 白胜 loss=26.7901 temp=1.00 total_env_steps=162745 t=0.49s
Ep 3780: len= 53 黑胜 loss=26.8971 temp=1.00 total_env_steps=162798 t=0.43s
Ep 3781: len= 36 白胜 loss=26.9949 temp=1.00 total_env_steps=162834 t=0.33s
Ep 3782: len= 52 白胜 loss=27.0259 temp=1.00 total_env_steps=162886 t=0.42s
Ep 3783: len= 35 黑胜 loss=27.0004 temp=1.00 total_env_steps=162921 t=0.35s
Ep 3784: len= 39 黑胜 loss=26.7816 temp=1.00 total_env_steps=162960 t=0.37s
Ep 3785: len= 56 白胜 loss=27.2028 temp=1.00 total_env_steps=163016 t=0.48s
Ep 3786: len= 42 白胜 loss=27.3362 temp=1.00 total_env_steps=163058 t=0.38s
Ep 3787: len= 25 黑胜 loss=26.9466 temp=1.00 total_env_steps=163083 t=0.28s
Ep 3788: len= 56 白胜 loss=27.2402 temp=1.00 total_env_steps=163139 t=0.44s
Ep 3789: len= 35 黑胜 loss=26.9044 temp=1.00 total_env_steps=163174 t=0.33s
Ep 3790: len= 37 黑胜 loss=26.5025 temp=1.00 total_env_steps=163211 t=0.34s
Ep 3791: len= 37 黑胜 loss=26.7744 temp=1.00 total_env_steps=163248 t=0.33s
Ep 3792: len= 62 白胜 loss=27.2612 temp=1.00 total_env_steps=163310 t=0.47s
Ep 3793: len= 76 白胜 loss=26.7318 temp=1.00 total_env_steps=163386 t=0.61s
Ep 3794: len= 50 白胜 loss=26.8126 temp=1.00 total_env_steps=163436 t=0.40s
Ep 3795: len= 35 黑胜 loss=26.8525 temp=1.00 total_env_steps=163471 t=0.30s
Ep 3796: len= 50 白胜 loss=27.0398 temp=1.00 total_env_steps=163521 t=0.42s
Ep 3797: len= 61 黑胜 loss=27.0584 temp=1.00 total_env_steps=163582 t=0.49s
Ep 3798: len= 42 白胜 loss=26.4819 temp=1.00 total_env_steps=163624 t=0.38s
Ep 3799: len= 27 黑胜 loss=26.9554 temp=1.00 total_env_steps=163651 t=0.27s
Ep 3800: len= 38 白胜 loss=27.0274 temp=1.00 total_env_steps=163689 t=0.35s
Ep 3801: len= 47 黑胜 loss=26.9795 temp=1.00 total_env_steps=163736 t=0.39s
Ep 3802: len= 31 黑胜 loss=26.8643 temp=1.00 total_env_steps=163767 t=0.29s
Ep 3803: len= 43 黑胜 loss=26.7061 temp=1.00 total_env_steps=163810 t=0.37s
Ep 3804: len= 31 黑胜 loss=26.7018 temp=1.00 total_env_steps=163841 t=0.31s
Ep 3805: len= 44 白胜 loss=26.8117 temp=1.00 total_env_steps=163885 t=0.38s
Ep 3806: len= 34 白胜 loss=27.0749 temp=1.00 total_env_steps=163919 t=0.31s
Ep 3807: len= 50 白胜 loss=27.4462 temp=1.00 total_env_steps=163969 t=0.42s
Ep 3808: len= 38 白胜 loss=26.8763 temp=1.00 total_env_steps=164007 t=0.35s
Ep 3809: len= 81 平局 loss=27.0040 temp=1.00 total_env_steps=164088 t=0.58s
Ep 3810: len= 27 黑胜 loss=26.9136 temp=1.00 total_env_steps=164115 t=0.28s
Ep 3811: len= 43 黑胜 loss=26.8373 temp=1.00 total_env_steps=164158 t=0.40s
Ep 3812: len= 45 黑胜 loss=26.9812 temp=1.00 total_env_steps=164203 t=0.39s
Ep 3813: len= 69 黑胜 loss=26.8899 temp=1.00 total_env_steps=164272 t=0.50s
Ep 3814: len= 52 白胜 loss=26.4842 temp=1.00 total_env_steps=164324 t=0.42s
Ep 3815: len= 44 白胜 loss=26.7103 temp=1.00 total_env_steps=164368 t=0.39s
Ep 3816: len= 35 黑胜 loss=26.9693 temp=1.00 total_env_steps=164403 t=0.36s
Ep 3817: len= 39 黑胜 loss=27.0932 temp=1.00 total_env_steps=164442 t=0.36s
Ep 3818: len= 37 黑胜 loss=27.0749 temp=1.00 total_env_steps=164479 t=0.33s
Ep 3819: len= 81 平局 loss=27.2557 temp=1.00 total_env_steps=164560 t=0.56s
Ep 3820: len= 64 白胜 loss=26.7682 temp=1.00 total_env_steps=164624 t=0.52s
Ep 3821: len= 34 白胜 loss=26.9902 temp=1.00 total_env_steps=164658 t=0.30s
Ep 3822: len= 40 白胜 loss=26.9176 temp=1.00 total_env_steps=164698 t=0.34s
Ep 3823: len= 30 白胜 loss=27.0411 temp=1.00 total_env_steps=164728 t=0.29s
Ep 3824: len= 31 黑胜 loss=27.0246 temp=1.00 total_env_steps=164759 t=0.29s
Ep 3825: len= 65 黑胜 loss=26.6225 temp=1.00 total_env_steps=164824 t=0.53s
Ep 3826: len= 41 黑胜 loss=27.1499 temp=1.00 total_env_steps=164865 t=0.36s
Ep 3827: len= 43 黑胜 loss=26.7877 temp=1.00 total_env_steps=164908 t=0.36s
Ep 3828: len= 22 白胜 loss=26.8379 temp=1.00 total_env_steps=164930 t=0.24s
Ep 3829: len= 48 白胜 loss=26.9235 temp=1.00 total_env_steps=164978 t=0.39s
Ep 3830: len= 60 白胜 loss=27.0991 temp=1.00 total_env_steps=165038 t=0.48s
Ep 3831: len= 56 白胜 loss=27.0487 temp=1.00 total_env_steps=165094 t=0.44s
Ep 3832: len= 16 白胜 loss=26.8686 temp=1.00 total_env_steps=165110 t=0.23s
Ep 3833: len= 49 黑胜 loss=26.9493 temp=1.00 total_env_steps=165159 t=0.41s
Ep 3834: len= 33 黑胜 loss=26.9492 temp=1.00 total_env_steps=165192 t=0.33s
Ep 3835: len= 49 黑胜 loss=26.8426 temp=1.00 total_env_steps=165241 t=0.40s
Ep 3836: len= 37 黑胜 loss=26.3772 temp=1.00 total_env_steps=165278 t=0.35s
Ep 3837: len= 39 黑胜 loss=26.2817 temp=1.00 total_env_steps=165317 t=0.34s
Ep 3838: len= 27 黑胜 loss=26.7247 temp=1.00 total_env_steps=165344 t=0.28s
Ep 3839: len= 21 黑胜 loss=27.0741 temp=1.00 total_env_steps=165365 t=0.22s
Ep 3840: len= 51 黑胜 loss=27.0812 temp=1.00 total_env_steps=165416 t=0.42s
Ep 3841: len= 47 黑胜 loss=27.2298 temp=1.00 total_env_steps=165463 t=0.38s
Ep 3842: len= 36 白胜 loss=26.8143 temp=1.00 total_env_steps=165499 t=0.32s
Ep 3843: len= 43 黑胜 loss=26.3375 temp=1.00 total_env_steps=165542 t=0.37s
Ep 3844: len= 55 黑胜 loss=27.1596 temp=1.00 total_env_steps=165597 t=0.43s
Ep 3845: len= 66 白胜 loss=26.8797 temp=1.00 total_env_steps=165663 t=0.51s
Ep 3846: len= 43 黑胜 loss=26.9736 temp=1.00 total_env_steps=165706 t=0.37s
Ep 3847: len= 55 黑胜 loss=26.7699 temp=1.00 total_env_steps=165761 t=0.44s
Ep 3848: len= 50 白胜 loss=27.0682 temp=1.00 total_env_steps=165811 t=0.41s
Ep 3849: len= 52 白胜 loss=26.7244 temp=1.00 total_env_steps=165863 t=0.41s
Ep 3850: len= 45 黑胜 loss=26.9500 temp=1.00 total_env_steps=165908 t=0.39s
Ep 3851: len= 51 黑胜 loss=27.3250 temp=1.00 total_env_steps=165959 t=0.40s
Ep 3852: len= 19 黑胜 loss=26.4675 temp=1.00 total_env_steps=165978 t=0.23s
Ep 3853: len= 39 黑胜 loss=26.8786 temp=1.00 total_env_steps=166017 t=0.35s
Ep 3854: len= 29 黑胜 loss=26.9440 temp=1.00 total_env_steps=166046 t=0.28s
Ep 3855: len= 29 黑胜 loss=26.6995 temp=1.00 total_env_steps=166075 t=0.29s
Ep 3856: len= 28 白胜 loss=26.8638 temp=1.00 total_env_steps=166103 t=0.29s
Ep 3857: len= 48 白胜 loss=26.8735 temp=1.00 total_env_steps=166151 t=0.39s
Ep 3858: len= 36 白胜 loss=27.1384 temp=1.00 total_env_steps=166187 t=0.34s
Ep 3859: len= 35 黑胜 loss=26.6122 temp=1.00 total_env_steps=166222 t=0.33s
Ep 3860: len= 33 黑胜 loss=27.3576 temp=1.00 total_env_steps=166255 t=0.30s
Ep 3861: len= 49 黑胜 loss=26.9759 temp=1.00 total_env_steps=166304 t=0.42s
Ep 3862: len= 65 黑胜 loss=26.8709 temp=1.00 total_env_steps=166369 t=0.49s
Ep 3863: len= 42 白胜 loss=26.7285 temp=1.00 total_env_steps=166411 t=0.38s
Ep 3864: len= 37 黑胜 loss=26.3284 temp=1.00 total_env_steps=166448 t=0.35s
Ep 3865: len= 35 黑胜 loss=26.9259 temp=1.00 total_env_steps=166483 t=0.33s
Ep 3866: len= 32 白胜 loss=26.4640 temp=1.00 total_env_steps=166515 t=0.29s
Ep 3867: len= 29 黑胜 loss=27.1132 temp=1.00 total_env_steps=166544 t=0.29s
Ep 3868: len= 44 白胜 loss=27.0501 temp=1.00 total_env_steps=166588 t=0.37s
Ep 3869: len= 36 白胜 loss=26.7912 temp=1.00 total_env_steps=166624 t=0.33s
Ep 3870: len= 31 黑胜 loss=26.4153 temp=1.00 total_env_steps=166655 t=0.29s
Ep 3871: len= 39 黑胜 loss=26.7172 temp=1.00 total_env_steps=166694 t=0.35s
Ep 3872: len= 43 黑胜 loss=26.3219 temp=1.00 total_env_steps=166737 t=0.38s
Ep 3873: len= 76 白胜 loss=26.9591 temp=1.00 total_env_steps=166813 t=0.57s
Ep 3874: len= 37 黑胜 loss=26.8085 temp=1.00 total_env_steps=166850 t=0.35s
Ep 3875: len= 39 黑胜 loss=26.7086 temp=1.00 total_env_steps=166889 t=0.36s
Ep 3876: len= 38 白胜 loss=26.9058 temp=1.00 total_env_steps=166927 t=0.33s
Ep 3877: len= 37 黑胜 loss=26.6846 temp=1.00 total_env_steps=166964 t=0.33s
Ep 3878: len= 31 黑胜 loss=26.3890 temp=1.00 total_env_steps=166995 t=0.29s
Ep 3879: len= 56 白胜 loss=26.9542 temp=1.00 total_env_steps=167051 t=0.43s
Ep 3880: len= 49 黑胜 loss=26.7614 temp=1.00 total_env_steps=167100 t=0.40s
Ep 3881: len= 27 黑胜 loss=26.6965 temp=1.00 total_env_steps=167127 t=0.26s
Ep 3882: len= 40 白胜 loss=26.9612 temp=1.00 total_env_steps=167167 t=0.33s
Ep 3883: len= 39 黑胜 loss=27.0614 temp=1.00 total_env_steps=167206 t=0.35s
Ep 3884: len= 43 黑胜 loss=27.0853 temp=1.00 total_env_steps=167249 t=0.37s
Ep 3885: len= 36 白胜 loss=26.7563 temp=1.00 total_env_steps=167285 t=0.32s
Ep 3886: len= 28 白胜 loss=26.9059 temp=1.00 total_env_steps=167313 t=0.28s
Ep 3887: len= 43 黑胜 loss=27.2652 temp=1.00 total_env_steps=167356 t=0.39s
Ep 3888: len= 39 黑胜 loss=26.7411 temp=1.00 total_env_steps=167395 t=0.34s
Ep 3889: len= 17 黑胜 loss=26.8127 temp=1.00 total_env_steps=167412 t=0.21s
Ep 3890: len= 39 黑胜 loss=27.0355 temp=1.00 total_env_steps=167451 t=0.36s
Ep 3891: len= 57 黑胜 loss=26.8544 temp=1.00 total_env_steps=167508 t=0.45s
Ep 3892: len= 43 黑胜 loss=26.8287 temp=1.00 total_env_steps=167551 t=0.36s
Ep 3893: len= 30 白胜 loss=26.4187 temp=1.00 total_env_steps=167581 t=0.30s
Ep 3894: len= 53 黑胜 loss=26.4309 temp=1.00 total_env_steps=167634 t=0.43s
Ep 3895: len= 58 白胜 loss=27.0378 temp=1.00 total_env_steps=167692 t=0.44s
Ep 3896: len= 43 黑胜 loss=26.8160 temp=1.00 total_env_steps=167735 t=0.36s
Ep 3897: len= 39 黑胜 loss=26.8888 temp=1.00 total_env_steps=167774 t=0.34s
Ep 3898: len= 31 黑胜 loss=27.1716 temp=1.00 total_env_steps=167805 t=0.30s
Ep 3899: len= 30 白胜 loss=26.6615 temp=1.00 total_env_steps=167835 t=0.29s
Ep 3900: len= 63 黑胜 loss=26.7318 temp=1.00 total_env_steps=167898 t=0.48s
Ep 3901: len= 44 白胜 loss=27.2435 temp=1.00 total_env_steps=167942 t=0.35s
Ep 3902: len= 37 黑胜 loss=27.1911 temp=1.00 total_env_steps=167979 t=0.32s
Ep 3903: len= 40 白胜 loss=26.9611 temp=1.00 total_env_steps=168019 t=0.34s
Ep 3904: len= 39 黑胜 loss=27.0659 temp=1.00 total_env_steps=168058 t=0.33s
Ep 3905: len= 26 白胜 loss=26.9754 temp=1.00 total_env_steps=168084 t=0.27s
Ep 3906: len= 25 黑胜 loss=26.9518 temp=1.00 total_env_steps=168109 t=0.26s
Ep 3907: len= 50 白胜 loss=26.8471 temp=1.00 total_env_steps=168159 t=0.39s
Ep 3908: len= 57 黑胜 loss=27.2782 temp=1.00 total_env_steps=168216 t=0.45s
Ep 3909: len= 54 白胜 loss=26.7970 temp=1.00 total_env_steps=168270 t=0.43s
Ep 3910: len= 39 黑胜 loss=26.7538 temp=1.00 total_env_steps=168309 t=0.37s
Ep 3911: len= 40 白胜 loss=26.9771 temp=1.00 total_env_steps=168349 t=0.35s
Ep 3912: len= 32 白胜 loss=26.7012 temp=1.00 total_env_steps=168381 t=0.30s
Ep 3913: len= 27 黑胜 loss=26.5340 temp=1.00 total_env_steps=168408 t=0.28s
Ep 3914: len= 34 白胜 loss=27.1124 temp=1.00 total_env_steps=168442 t=0.35s
Ep 3915: len= 29 黑胜 loss=26.3337 temp=1.00 total_env_steps=168471 t=0.31s
Ep 3916: len= 54 白胜 loss=27.0090 temp=1.00 total_env_steps=168525 t=0.43s
Ep 3917: len= 34 白胜 loss=26.9124 temp=1.00 total_env_steps=168559 t=0.32s
Ep 3918: len= 43 黑胜 loss=26.6682 temp=1.00 total_env_steps=168602 t=0.41s
Ep 3919: len= 36 白胜 loss=26.3434 temp=1.00 total_env_steps=168638 t=0.35s
Ep 3920: len= 24 白胜 loss=26.5152 temp=1.00 total_env_steps=168662 t=0.25s
Ep 3921: len= 23 黑胜 loss=26.3905 temp=1.00 total_env_steps=168685 t=0.26s
Ep 3922: len= 24 白胜 loss=26.9277 temp=1.00 total_env_steps=168709 t=0.26s
Ep 3923: len= 64 白胜 loss=27.0397 temp=1.00 total_env_steps=168773 t=0.49s
Ep 3924: len= 46 白胜 loss=26.3641 temp=1.00 total_env_steps=168819 t=0.39s
Ep 3925: len= 27 黑胜 loss=27.2298 temp=1.00 total_env_steps=168846 t=0.29s
Ep 3926: len= 37 黑胜 loss=26.7771 temp=1.00 total_env_steps=168883 t=0.35s
Ep 3927: len= 35 黑胜 loss=26.6615 temp=1.00 total_env_steps=168918 t=0.32s
Ep 3928: len= 36 白胜 loss=26.5948 temp=1.00 total_env_steps=168954 t=0.34s
Ep 3929: len= 35 黑胜 loss=26.5851 temp=1.00 total_env_steps=168989 t=0.33s
Ep 3930: len= 37 黑胜 loss=26.4382 temp=1.00 total_env_steps=169026 t=0.33s
Ep 3931: len= 37 黑胜 loss=26.7337 temp=1.00 total_env_steps=169063 t=0.35s
Ep 3932: len= 46 白胜 loss=26.6445 temp=1.00 total_env_steps=169109 t=0.38s
Ep 3933: len= 54 白胜 loss=26.6824 temp=1.00 total_env_steps=169163 t=0.45s
Ep 3934: len= 35 黑胜 loss=26.3755 temp=1.00 total_env_steps=169198 t=0.33s
Ep 3935: len= 55 黑胜 loss=26.9340 temp=1.00 total_env_steps=169253 t=0.43s
Ep 3936: len= 33 黑胜 loss=26.6217 temp=1.00 total_env_steps=169286 t=0.29s
Ep 3937: len= 25 黑胜 loss=26.9597 temp=1.00 total_env_steps=169311 t=0.27s
Ep 3938: len= 38 白胜 loss=26.3650 temp=1.00 total_env_steps=169349 t=0.34s
Ep 3939: len= 47 黑胜 loss=27.0908 temp=1.00 total_env_steps=169396 t=0.40s
Ep 3940: len= 60 白胜 loss=26.6861 temp=1.00 total_env_steps=169456 t=0.47s
Ep 3941: len= 26 白胜 loss=26.6254 temp=1.00 total_env_steps=169482 t=0.28s
Ep 3942: len= 48 白胜 loss=26.3844 temp=1.00 total_env_steps=169530 t=0.42s
Ep 3943: len= 31 黑胜 loss=26.7530 temp=1.00 total_env_steps=169561 t=0.30s
Ep 3944: len= 26 白胜 loss=27.0157 temp=1.00 total_env_steps=169587 t=0.28s
Ep 3945: len= 41 黑胜 loss=26.9267 temp=1.00 total_env_steps=169628 t=0.35s
Ep 3946: len= 44 白胜 loss=26.7739 temp=1.00 total_env_steps=169672 t=0.37s
Ep 3947: len= 25 黑胜 loss=26.7958 temp=1.00 total_env_steps=169697 t=0.30s
Ep 3948: len= 45 黑胜 loss=27.1015 temp=1.00 total_env_steps=169742 t=0.41s
Ep 3949: len= 39 黑胜 loss=26.8570 temp=1.00 total_env_steps=169781 t=0.35s
Ep 3950: len= 37 黑胜 loss=26.4112 temp=1.00 total_env_steps=169818 t=0.35s
Ep 3951: len= 39 黑胜 loss=26.6978 temp=1.00 total_env_steps=169857 t=0.34s
Ep 3952: len= 47 黑胜 loss=26.4238 temp=1.00 total_env_steps=169904 t=0.39s
Ep 3953: len= 26 白胜 loss=26.4963 temp=1.00 total_env_steps=169930 t=0.27s
Ep 3954: len= 39 黑胜 loss=26.6012 temp=1.00 total_env_steps=169969 t=0.35s
Ep 3955: len= 40 白胜 loss=26.4036 temp=1.00 total_env_steps=170009 t=0.36s
Ep 3956: len= 32 白胜 loss=26.7675 temp=1.00 total_env_steps=170041 t=0.30s
Ep 3957: len= 50 白胜 loss=26.7830 temp=1.00 total_env_steps=170091 t=0.40s
Ep 3958: len= 59 黑胜 loss=26.8406 temp=1.00 total_env_steps=170150 t=0.45s
Ep 3959: len= 60 白胜 loss=27.0056 temp=1.00 total_env_steps=170210 t=0.46s
Ep 3960: len= 39 黑胜 loss=26.7708 temp=1.00 total_env_steps=170249 t=0.34s
Ep 3961: len= 43 黑胜 loss=26.7169 temp=1.00 total_env_steps=170292 t=0.37s
Ep 3962: len= 35 黑胜 loss=26.7524 temp=1.00 total_env_steps=170327 t=0.33s
Ep 3963: len= 26 白胜 loss=26.5238 temp=1.00 total_env_steps=170353 t=0.26s
Ep 3964: len= 52 白胜 loss=26.6927 temp=1.00 total_env_steps=170405 t=0.42s
Ep 3965: len= 36 白胜 loss=26.5080 temp=1.00 total_env_steps=170441 t=0.34s
Ep 3966: len= 30 白胜 loss=26.6536 temp=1.00 total_env_steps=170471 t=0.31s
Ep 3967: len= 42 白胜 loss=26.5167 temp=1.00 total_env_steps=170513 t=0.37s
Ep 3968: len= 49 黑胜 loss=26.6119 temp=1.00 total_env_steps=170562 t=0.41s
Ep 3969: len= 31 黑胜 loss=27.0897 temp=1.00 total_env_steps=170593 t=0.31s
Ep 3970: len= 33 黑胜 loss=26.9370 temp=1.00 total_env_steps=170626 t=0.31s
Ep 3971: len= 28 白胜 loss=27.1704 temp=1.00 total_env_steps=170654 t=0.28s
Ep 3972: len= 40 白胜 loss=26.6859 temp=1.00 total_env_steps=170694 t=0.33s
Ep 3973: len= 34 白胜 loss=26.5222 temp=1.00 total_env_steps=170728 t=0.31s
Ep 3974: len= 30 白胜 loss=26.9533 temp=1.00 total_env_steps=170758 t=0.30s
Ep 3975: len= 38 白胜 loss=26.8636 temp=1.00 total_env_steps=170796 t=0.33s
Ep 3976: len= 32 白胜 loss=26.6248 temp=1.00 total_env_steps=170828 t=0.31s
Ep 3977: len= 38 白胜 loss=26.9957 temp=1.00 total_env_steps=170866 t=0.32s
Ep 3978: len= 50 白胜 loss=26.7227 temp=1.00 total_env_steps=170916 t=0.42s
Ep 3979: len= 31 黑胜 loss=26.9224 temp=1.00 total_env_steps=170947 t=0.34s
Ep 3980: len= 23 黑胜 loss=26.7895 temp=1.00 total_env_steps=170970 t=0.24s
Ep 3981: len= 38 白胜 loss=26.5715 temp=1.00 total_env_steps=171008 t=0.32s
Ep 3982: len= 39 黑胜 loss=26.9681 temp=1.00 total_env_steps=171047 t=0.34s
Ep 3983: len= 35 黑胜 loss=26.6034 temp=1.00 total_env_steps=171082 t=0.30s
Ep 3984: len= 29 黑胜 loss=27.1345 temp=1.00 total_env_steps=171111 t=0.29s
Ep 3985: len= 60 白胜 loss=27.1117 temp=1.00 total_env_steps=171171 t=0.45s
Ep 3986: len= 35 黑胜 loss=26.7118 temp=1.00 total_env_steps=171206 t=0.34s
Ep 3987: len= 26 白胜 loss=26.8738 temp=1.00 total_env_steps=171232 t=0.28s
Ep 3988: len= 49 黑胜 loss=26.8599 temp=1.00 total_env_steps=171281 t=0.46s
Ep 3989: len= 23 黑胜 loss=26.7192 temp=1.00 total_env_steps=171304 t=0.25s
Ep 3990: len= 47 黑胜 loss=26.6449 temp=1.00 total_env_steps=171351 t=0.42s
Ep 3991: len= 29 黑胜 loss=26.5823 temp=1.00 total_env_steps=171380 t=0.28s
Ep 3992: len= 45 黑胜 loss=27.0412 temp=1.00 total_env_steps=171425 t=0.38s
Ep 3993: len= 49 黑胜 loss=26.3589 temp=1.00 total_env_steps=171474 t=0.39s
Ep 3994: len= 28 白胜 loss=26.6785 temp=1.00 total_env_steps=171502 t=0.30s
Ep 3995: len= 37 黑胜 loss=26.6326 temp=1.00 total_env_steps=171539 t=0.33s
Ep 3996: len= 39 黑胜 loss=26.4513 temp=1.00 total_env_steps=171578 t=0.36s
Ep 3997: len= 65 黑胜 loss=26.7275 temp=1.00 total_env_steps=171643 t=0.49s
Ep 3998: len= 46 白胜 loss=26.2640 temp=1.00 total_env_steps=171689 t=0.38s
Ep 3999: len= 54 白胜 loss=26.8284 temp=1.00 total_env_steps=171743 t=0.41s
Ep 4000: len= 42 白胜 loss=26.6322 temp=1.00 total_env_steps=171785 t=0.35s
  eval vs Gomoku-random-v0: win_rate=0.95 mean_return=0.90（20 局，total_env_steps=171785）
Ep 4001: len= 19 黑胜 loss=26.9768 temp=1.00 total_env_steps=171804 t=0.21s
Ep 4002: len= 67 黑胜 loss=27.4577 temp=1.00 total_env_steps=171871 t=0.53s
Ep 4003: len= 27 黑胜 loss=26.7020 temp=1.00 total_env_steps=171898 t=0.31s
Ep 4004: len= 51 黑胜 loss=26.2472 temp=1.00 total_env_steps=171949 t=0.43s
Ep 4005: len= 47 黑胜 loss=26.4119 temp=1.00 total_env_steps=171996 t=0.41s
Ep 4006: len= 33 黑胜 loss=27.0865 temp=1.00 total_env_steps=172029 t=0.29s
Ep 4007: len= 45 黑胜 loss=26.5481 temp=1.00 total_env_steps=172074 t=0.41s
Ep 4008: len= 56 白胜 loss=26.7712 temp=1.00 total_env_steps=172130 t=0.47s
Ep 4009: len= 37 黑胜 loss=26.7534 temp=1.00 total_env_steps=172167 t=0.34s
Ep 4010: len= 44 白胜 loss=26.9289 temp=1.00 total_env_steps=172211 t=0.38s
Ep 4011: len= 35 黑胜 loss=26.7136 temp=1.00 total_env_steps=172246 t=0.31s
Ep 4012: len= 46 白胜 loss=26.9419 temp=1.00 total_env_steps=172292 t=0.39s
Ep 4013: len= 33 黑胜 loss=26.6211 temp=1.00 total_env_steps=172325 t=0.32s
Ep 4014: len= 26 白胜 loss=27.1055 temp=1.00 total_env_steps=172351 t=0.28s
Ep 4015: len= 26 白胜 loss=26.8742 temp=1.00 total_env_steps=172377 t=0.31s
Ep 4016: len= 32 白胜 loss=26.6422 temp=1.00 total_env_steps=172409 t=0.34s
Ep 4017: len= 59 黑胜 loss=26.8255 temp=1.00 total_env_steps=172468 t=0.51s
Ep 4018: len= 37 黑胜 loss=26.6442 temp=1.00 total_env_steps=172505 t=0.34s
Ep 4019: len= 51 黑胜 loss=26.6901 temp=1.00 total_env_steps=172556 t=0.41s
Ep 4020: len= 31 黑胜 loss=26.6860 temp=1.00 total_env_steps=172587 t=0.31s
Ep 4021: len= 41 黑胜 loss=26.5790 temp=1.00 total_env_steps=172628 t=0.35s
Ep 4022: len= 64 白胜 loss=26.8521 temp=1.00 total_env_steps=172692 t=0.52s
Ep 4023: len= 59 黑胜 loss=26.7820 temp=1.00 total_env_steps=172751 t=0.46s
Ep 4024: len= 31 黑胜 loss=26.6402 temp=1.00 total_env_steps=172782 t=0.29s
Ep 4025: len= 37 黑胜 loss=26.9155 temp=1.00 total_env_steps=172819 t=0.32s
Ep 4026: len= 40 白胜 loss=26.7360 temp=1.00 total_env_steps=172859 t=0.37s
Ep 4027: len= 49 黑胜 loss=26.8091 temp=1.00 total_env_steps=172908 t=0.42s
Ep 4028: len= 38 白胜 loss=26.8974 temp=1.00 total_env_steps=172946 t=0.34s
Ep 4029: len= 53 黑胜 loss=26.6880 temp=1.00 total_env_steps=172999 t=0.45s
Ep 4030: len= 49 黑胜 loss=26.6566 temp=1.00 total_env_steps=173048 t=0.42s
Ep 4031: len= 59 黑胜 loss=26.2881 temp=1.00 total_env_steps=173107 t=0.44s
Ep 4032: len= 43 黑胜 loss=26.8738 temp=1.00 total_env_steps=173150 t=0.38s
Ep 4033: len= 45 黑胜 loss=26.5237 temp=1.00 total_env_steps=173195 t=0.39s
Ep 4034: len= 36 白胜 loss=26.5706 temp=1.00 total_env_steps=173231 t=0.37s
Ep 4035: len= 40 白胜 loss=26.9018 temp=1.00 total_env_steps=173271 t=0.36s
Ep 4036: len= 39 黑胜 loss=27.1713 temp=1.00 total_env_steps=173310 t=0.35s
Ep 4037: len= 44 白胜 loss=26.7417 temp=1.00 total_env_steps=173354 t=0.38s
Ep 4038: len= 34 白胜 loss=26.3727 temp=1.00 total_env_steps=173388 t=0.35s
Ep 4039: len= 42 白胜 loss=26.6048 temp=1.00 total_env_steps=173430 t=0.36s
Ep 4040: len= 59 黑胜 loss=27.0993 temp=1.00 total_env_steps=173489 t=0.47s
Ep 4041: len= 42 白胜 loss=26.5236 temp=1.00 total_env_steps=173531 t=0.36s
Ep 4042: len= 53 黑胜 loss=26.4518 temp=1.00 total_env_steps=173584 t=0.42s
Ep 4043: len= 35 黑胜 loss=26.5844 temp=1.00 total_env_steps=173619 t=0.32s
Ep 4044: len= 31 黑胜 loss=26.7631 temp=1.00 total_env_steps=173650 t=0.29s
Ep 4045: len= 31 黑胜 loss=26.9029 temp=1.00 total_env_steps=173681 t=0.30s
Ep 4046: len= 38 白胜 loss=26.3331 temp=1.00 total_env_steps=173719 t=0.33s
Ep 4047: len= 33 黑胜 loss=26.3621 temp=1.00 total_env_steps=173752 t=0.31s
Ep 4048: len= 45 黑胜 loss=27.0086 temp=1.00 total_env_steps=173797 t=0.40s
Ep 4049: len= 55 黑胜 loss=26.7849 temp=1.00 total_env_steps=173852 t=0.43s
Ep 4050: len= 30 白胜 loss=26.5678 temp=1.00 total_env_steps=173882 t=0.29s
Ep 4051: len= 33 黑胜 loss=26.6120 temp=1.00 total_env_steps=173915 t=0.30s
Ep 4052: len= 60 白胜 loss=26.7652 temp=1.00 total_env_steps=173975 t=0.46s
Ep 4053: len= 32 白胜 loss=26.6383 temp=1.00 total_env_steps=174007 t=0.31s
Ep 4054: len= 42 白胜 loss=26.7971 temp=1.00 total_env_steps=174049 t=0.36s
Ep 4055: len= 43 黑胜 loss=26.7749 temp=1.00 total_env_steps=174092 t=0.34s
Ep 4056: len= 38 白胜 loss=26.3425 temp=1.00 total_env_steps=174130 t=0.31s
Ep 4057: len= 62 白胜 loss=26.8100 temp=1.00 total_env_steps=174192 t=0.45s
Ep 4058: len= 31 黑胜 loss=26.4979 temp=1.00 total_env_steps=174223 t=0.29s
Ep 4059: len= 48 白胜 loss=26.9887 temp=1.00 total_env_steps=174271 t=0.38s
Ep 4060: len= 41 黑胜 loss=25.7726 temp=1.00 total_env_steps=174312 t=0.35s
Ep 4061: len= 25 黑胜 loss=26.7637 temp=1.00 total_env_steps=174337 t=0.26s
Ep 4062: len= 43 黑胜 loss=26.9595 temp=1.00 total_env_steps=174380 t=0.35s
Ep 4063: len= 36 白胜 loss=26.9714 temp=1.00 total_env_steps=174416 t=0.34s
Ep 4064: len= 56 白胜 loss=26.5881 temp=1.00 total_env_steps=174472 t=0.44s
Ep 4065: len= 47 黑胜 loss=26.8148 temp=1.00 total_env_steps=174519 t=0.37s
Ep 4066: len= 31 黑胜 loss=26.7479 temp=1.00 total_env_steps=174550 t=0.29s
Ep 4067: len= 35 黑胜 loss=26.6837 temp=1.00 total_env_steps=174585 t=0.31s
Ep 4068: len= 25 黑胜 loss=26.9365 temp=1.00 total_env_steps=174610 t=0.24s
Ep 4069: len= 36 白胜 loss=26.5804 temp=1.00 total_env_steps=174646 t=0.33s
Ep 4070: len= 37 黑胜 loss=26.2573 temp=1.00 total_env_steps=174683 t=0.32s
Ep 4071: len= 32 白胜 loss=26.4803 temp=1.00 total_env_steps=174715 t=0.31s
Ep 4072: len= 52 白胜 loss=26.1120 temp=1.00 total_env_steps=174767 t=0.42s
Ep 4073: len= 42 白胜 loss=26.6852 temp=1.00 total_env_steps=174809 t=0.36s
Ep 4074: len= 36 白胜 loss=26.8193 temp=1.00 total_env_steps=174845 t=0.32s
Ep 4075: len= 30 白胜 loss=26.6986 temp=1.00 total_env_steps=174875 t=0.30s
Ep 4076: len= 33 黑胜 loss=26.3165 temp=1.00 total_env_steps=174908 t=0.30s
Ep 4077: len= 51 黑胜 loss=26.6387 temp=1.00 total_env_steps=174959 t=0.40s
Ep 4078: len= 45 黑胜 loss=26.5652 temp=1.00 total_env_steps=175004 t=0.36s
Ep 4079: len= 29 黑胜 loss=26.4212 temp=1.00 total_env_steps=175033 t=0.30s
Ep 4080: len= 43 黑胜 loss=27.0018 temp=1.00 total_env_steps=175076 t=0.36s
Ep 4081: len= 38 白胜 loss=26.2672 temp=1.00 total_env_steps=175114 t=0.35s
Ep 4082: len= 31 黑胜 loss=26.3031 temp=1.00 total_env_steps=175145 t=0.29s
Ep 4083: len= 33 黑胜 loss=27.0711 temp=1.00 total_env_steps=175178 t=0.32s
Ep 4084: len= 64 白胜 loss=26.8348 temp=1.00 total_env_steps=175242 t=0.49s
Ep 4085: len= 13 黑胜 loss=26.6890 temp=1.00 total_env_steps=175255 t=0.19s
Ep 4086: len= 41 黑胜 loss=26.7118 temp=1.00 total_env_steps=175296 t=0.33s
Ep 4087: len= 49 黑胜 loss=26.4607 temp=1.00 total_env_steps=175345 t=0.39s
Ep 4088: len= 50 白胜 loss=26.5099 temp=1.00 total_env_steps=175395 t=0.40s
Ep 4089: len= 61 黑胜 loss=26.7014 temp=1.00 total_env_steps=175456 t=0.47s
Ep 4090: len= 29 黑胜 loss=26.7239 temp=1.00 total_env_steps=175485 t=0.29s
Ep 4091: len= 29 黑胜 loss=26.3728 temp=1.00 total_env_steps=175514 t=0.28s
Ep 4092: len= 47 黑胜 loss=26.4658 temp=1.00 total_env_steps=175561 t=0.39s
Ep 4093: len= 42 白胜 loss=26.7404 temp=1.00 total_env_steps=175603 t=0.38s
Ep 4094: len= 31 黑胜 loss=27.0807 temp=1.00 total_env_steps=175634 t=0.31s
Ep 4095: len= 68 白胜 loss=27.0967 temp=1.00 total_env_steps=175702 t=0.50s
Ep 4096: len= 38 白胜 loss=26.7321 temp=1.00 total_env_steps=175740 t=0.32s
Ep 4097: len= 51 黑胜 loss=26.3651 temp=1.00 total_env_steps=175791 t=0.43s
Ep 4098: len= 48 白胜 loss=26.6622 temp=1.00 total_env_steps=175839 t=0.36s
Ep 4099: len= 39 黑胜 loss=26.5153 temp=1.00 total_env_steps=175878 t=0.33s
Ep 4100: len= 28 白胜 loss=26.6884 temp=1.00 total_env_steps=175906 t=0.29s
Ep 4101: len= 34 白胜 loss=26.6872 temp=1.00 total_env_steps=175940 t=0.31s
Ep 4102: len= 29 黑胜 loss=26.4795 temp=1.00 total_env_steps=175969 t=0.29s
Ep 4103: len= 50 白胜 loss=26.5078 temp=1.00 total_env_steps=176019 t=0.41s
Ep 4104: len= 39 黑胜 loss=26.1160 temp=1.00 total_env_steps=176058 t=0.32s
Ep 4105: len= 33 黑胜 loss=26.6332 temp=1.00 total_env_steps=176091 t=0.30s
Ep 4106: len= 81 黑胜 loss=26.2286 temp=1.00 total_env_steps=176172 t=0.61s
Ep 4107: len= 17 黑胜 loss=26.1982 temp=1.00 total_env_steps=176189 t=0.21s
Ep 4108: len= 36 白胜 loss=26.6296 temp=1.00 total_env_steps=176225 t=0.32s
Ep 4109: len= 26 白胜 loss=26.3325 temp=1.00 total_env_steps=176251 t=0.27s
Ep 4110: len= 47 黑胜 loss=26.2637 temp=1.00 total_env_steps=176298 t=0.42s
Ep 4111: len= 35 黑胜 loss=27.0860 temp=1.00 total_env_steps=176333 t=0.32s
Ep 4112: len= 49 黑胜 loss=26.4162 temp=1.00 total_env_steps=176382 t=0.42s
Ep 4113: len= 34 白胜 loss=26.6374 temp=1.00 total_env_steps=176416 t=0.32s
Ep 4114: len= 36 白胜 loss=26.7699 temp=1.00 total_env_steps=176452 t=0.33s
Ep 4115: len= 36 白胜 loss=26.5621 temp=1.00 total_env_steps=176488 t=0.33s
Ep 4116: len= 34 白胜 loss=27.0040 temp=1.00 total_env_steps=176522 t=0.31s
Ep 4117: len= 49 黑胜 loss=26.4974 temp=1.00 total_env_steps=176571 t=0.42s
Ep 4118: len= 29 黑胜 loss=26.3494 temp=1.00 total_env_steps=176600 t=0.29s
Ep 4119: len= 24 白胜 loss=27.0147 temp=1.00 total_env_steps=176624 t=0.26s
Ep 4120: len= 29 黑胜 loss=26.6550 temp=1.00 total_env_steps=176653 t=0.29s
Ep 4121: len= 35 黑胜 loss=26.7715 temp=1.00 total_env_steps=176688 t=0.34s
Ep 4122: len= 43 黑胜 loss=26.1827 temp=1.00 total_env_steps=176731 t=0.36s
Ep 4123: len= 47 黑胜 loss=26.3740 temp=1.00 total_env_steps=176778 t=0.39s
Ep 4124: len= 26 白胜 loss=26.5753 temp=1.00 total_env_steps=176804 t=0.23s
Ep 4125: len= 41 黑胜 loss=26.9415 temp=1.00 total_env_steps=176845 t=0.37s
Ep 4126: len= 51 黑胜 loss=26.6773 temp=1.00 total_env_steps=176896 t=0.42s
Ep 4127: len= 31 黑胜 loss=26.4970 temp=1.00 total_env_steps=176927 t=0.30s
Ep 4128: len= 40 白胜 loss=26.1705 temp=1.00 total_env_steps=176967 t=0.34s
Ep 4129: len= 43 黑胜 loss=26.6525 temp=1.00 total_env_steps=177010 t=0.36s
Ep 4130: len= 48 白胜 loss=26.4061 temp=1.00 total_env_steps=177058 t=0.40s
Ep 4131: len= 22 白胜 loss=26.5193 temp=1.00 total_env_steps=177080 t=0.25s
Ep 4132: len= 37 黑胜 loss=26.3156 temp=1.00 total_env_steps=177117 t=0.32s
Ep 4133: len= 31 黑胜 loss=26.8788 temp=1.00 total_env_steps=177148 t=0.30s
Ep 4134: len= 27 黑胜 loss=26.4512 temp=1.00 total_env_steps=177175 t=0.26s
Ep 4135: len= 27 黑胜 loss=26.5364 temp=1.00 total_env_steps=177202 t=0.26s
Ep 4136: len= 44 白胜 loss=26.4321 temp=1.00 total_env_steps=177246 t=0.37s
Ep 4137: len= 23 黑胜 loss=26.5450 temp=1.00 total_env_steps=177269 t=0.26s
Ep 4138: len= 37 黑胜 loss=26.4290 temp=1.00 total_env_steps=177306 t=0.34s
Ep 4139: len= 44 白胜 loss=26.7525 temp=1.00 total_env_steps=177350 t=0.38s
Ep 4140: len= 29 黑胜 loss=26.5035 temp=1.00 total_env_steps=177379 t=0.28s
Ep 4141: len= 29 黑胜 loss=26.6677 temp=1.00 total_env_steps=177408 t=0.31s
Ep 4142: len= 39 黑胜 loss=26.4994 temp=1.00 total_env_steps=177447 t=0.36s
Ep 4143: len= 28 白胜 loss=26.3973 temp=1.00 total_env_steps=177475 t=0.29s
Ep 4144: len= 61 黑胜 loss=26.1895 temp=1.00 total_env_steps=177536 t=0.46s
Ep 4145: len= 38 白胜 loss=26.4228 temp=1.00 total_env_steps=177574 t=0.35s
Ep 4146: len= 45 黑胜 loss=26.3001 temp=1.00 total_env_steps=177619 t=0.35s
Ep 4147: len= 29 黑胜 loss=26.3822 temp=1.00 total_env_steps=177648 t=0.28s
Ep 4148: len= 41 黑胜 loss=26.4674 temp=1.00 total_env_steps=177689 t=0.36s
Ep 4149: len= 37 黑胜 loss=27.0032 temp=1.00 total_env_steps=177726 t=0.32s
Ep 4150: len= 27 黑胜 loss=26.9973 temp=1.00 total_env_steps=177753 t=0.27s
Ep 4151: len= 37 黑胜 loss=26.5679 temp=1.00 total_env_steps=177790 t=0.34s
Ep 4152: len= 36 白胜 loss=26.3410 temp=1.00 total_env_steps=177826 t=0.33s
Ep 4153: len= 40 白胜 loss=26.2664 temp=1.00 total_env_steps=177866 t=0.35s
Ep 4154: len= 40 白胜 loss=26.4266 temp=1.00 total_env_steps=177906 t=0.36s
Ep 4155: len= 31 黑胜 loss=25.8955 temp=1.00 total_env_steps=177937 t=0.30s
Ep 4156: len= 29 黑胜 loss=26.2425 temp=1.00 total_env_steps=177966 t=0.30s
Ep 4157: len= 32 白胜 loss=26.7198 temp=1.00 total_env_steps=177998 t=0.30s
Ep 4158: len= 61 黑胜 loss=26.4164 temp=1.00 total_env_steps=178059 t=0.49s
Ep 4159: len= 48 白胜 loss=26.6556 temp=1.00 total_env_steps=178107 t=0.40s
Ep 4160: len= 44 白胜 loss=25.9629 temp=1.00 total_env_steps=178151 t=0.39s
Ep 4161: len= 39 黑胜 loss=26.6021 temp=1.00 total_env_steps=178190 t=0.35s
Ep 4162: len= 40 白胜 loss=26.6834 temp=1.00 total_env_steps=178230 t=0.36s
Ep 4163: len= 68 白胜 loss=26.4511 temp=1.00 total_env_steps=178298 t=0.50s
Ep 4164: len= 43 黑胜 loss=26.3819 temp=1.00 total_env_steps=178341 t=0.36s
Ep 4165: len= 41 黑胜 loss=26.6764 temp=1.00 total_env_steps=178382 t=0.35s
Ep 4166: len= 55 黑胜 loss=26.2573 temp=1.00 total_env_steps=178437 t=0.45s
Ep 4167: len= 37 黑胜 loss=26.4945 temp=1.00 total_env_steps=178474 t=0.33s
Ep 4168: len= 62 白胜 loss=26.5359 temp=1.00 total_env_steps=178536 t=0.49s
Ep 4169: len= 39 黑胜 loss=26.6456 temp=1.00 total_env_steps=178575 t=0.35s
Ep 4170: len= 74 白胜 loss=26.4067 temp=1.00 total_env_steps=178649 t=0.54s
Ep 4171: len= 67 黑胜 loss=26.3357 temp=1.00 total_env_steps=178716 t=0.51s
Ep 4172: len= 27 黑胜 loss=26.7152 temp=1.00 total_env_steps=178743 t=0.31s
Ep 4173: len= 38 白胜 loss=26.5125 temp=1.00 total_env_steps=178781 t=0.36s
Ep 4174: len= 36 白胜 loss=26.2444 temp=1.00 total_env_steps=178817 t=0.35s
Ep 4175: len= 29 黑胜 loss=26.4090 temp=1.00 total_env_steps=178846 t=0.29s
Ep 4176: len= 52 白胜 loss=26.0380 temp=1.00 total_env_steps=178898 t=0.41s
Ep 4177: len= 55 黑胜 loss=26.8139 temp=1.00 total_env_steps=178953 t=0.46s
Ep 4178: len= 37 黑胜 loss=26.3766 temp=1.00 total_env_steps=178990 t=0.37s
Ep 4179: len= 46 白胜 loss=26.9079 temp=1.00 total_env_steps=179036 t=0.41s
Ep 4180: len= 32 白胜 loss=26.2608 temp=1.00 total_env_steps=179068 t=0.30s
Ep 4181: len= 41 黑胜 loss=26.3074 temp=1.00 total_env_steps=179109 t=0.34s
Ep 4182: len= 42 白胜 loss=25.9060 temp=1.00 total_env_steps=179151 t=0.39s
Ep 4183: len= 48 白胜 loss=26.3993 temp=1.00 total_env_steps=179199 t=0.40s
Ep 4184: len= 37 黑胜 loss=26.0951 temp=1.00 total_env_steps=179236 t=0.36s
Ep 4185: len= 49 黑胜 loss=26.8023 temp=1.00 total_env_steps=179285 t=0.43s
Ep 4186: len= 32 白胜 loss=26.5182 temp=1.00 total_env_steps=179317 t=0.30s
Ep 4187: len= 37 黑胜 loss=26.1880 temp=1.00 total_env_steps=179354 t=0.33s
Ep 4188: len= 56 白胜 loss=26.5896 temp=1.00 total_env_steps=179410 t=0.44s
Ep 4189: len= 53 黑胜 loss=26.3323 temp=1.00 total_env_steps=179463 t=0.43s
Ep 4190: len= 32 白胜 loss=26.3618 temp=1.00 total_env_steps=179495 t=0.35s
Ep 4191: len= 32 白胜 loss=26.6954 temp=1.00 total_env_steps=179527 t=0.32s
Ep 4192: len= 58 白胜 loss=26.5907 temp=1.00 total_env_steps=179585 t=0.46s
Ep 4193: len= 30 白胜 loss=26.3332 temp=1.00 total_env_steps=179615 t=0.33s
Ep 4194: len= 32 白胜 loss=26.5140 temp=1.00 total_env_steps=179647 t=0.32s
Ep 4195: len= 48 白胜 loss=26.5302 temp=1.00 total_env_steps=179695 t=0.39s
Ep 4196: len= 50 白胜 loss=26.6034 temp=1.00 total_env_steps=179745 t=0.43s
Ep 4197: len= 31 黑胜 loss=26.0033 temp=1.00 total_env_steps=179776 t=0.31s
Ep 4198: len= 29 黑胜 loss=26.7374 temp=1.00 total_env_steps=179805 t=0.30s
Ep 4199: len= 54 白胜 loss=26.5007 temp=1.00 total_env_steps=179859 t=0.44s
Ep 4200: len= 32 白胜 loss=25.8682 temp=1.00 total_env_steps=179891 t=0.30s
Ep 4201: len= 47 黑胜 loss=26.4113 temp=1.00 total_env_steps=179938 t=0.41s
Ep 4202: len= 28 白胜 loss=26.4698 temp=1.00 total_env_steps=179966 t=0.29s
Ep 4203: len= 44 白胜 loss=26.2399 temp=1.00 total_env_steps=180010 t=0.39s
Ep 4204: len= 36 白胜 loss=25.8426 temp=1.00 total_env_steps=180046 t=0.37s
Ep 4205: len= 27 黑胜 loss=26.0939 temp=1.00 total_env_steps=180073 t=0.29s
Ep 4206: len= 43 黑胜 loss=26.1528 temp=1.00 total_env_steps=180116 t=0.39s
Ep 4207: len= 38 白胜 loss=26.6050 temp=1.00 total_env_steps=180154 t=0.38s
Ep 4208: len= 43 黑胜 loss=26.2368 temp=1.00 total_env_steps=180197 t=0.40s
Ep 4209: len= 31 黑胜 loss=26.4655 temp=1.00 total_env_steps=180228 t=0.30s
Ep 4210: len= 51 黑胜 loss=26.5596 temp=1.00 total_env_steps=180279 t=0.44s
Ep 4211: len= 64 白胜 loss=26.3305 temp=1.00 total_env_steps=180343 t=0.51s
Ep 4212: len= 37 黑胜 loss=26.1349 temp=1.00 total_env_steps=180380 t=0.39s
Ep 4213: len= 33 黑胜 loss=26.4960 temp=1.00 total_env_steps=180413 t=0.37s
Ep 4214: len= 33 黑胜 loss=26.0914 temp=1.00 total_env_steps=180446 t=0.33s
Ep 4215: len= 35 黑胜 loss=26.2350 temp=1.00 total_env_steps=180481 t=0.34s
Ep 4216: len= 79 黑胜 loss=26.3290 temp=1.00 total_env_steps=180560 t=0.63s
Ep 4217: len= 26 白胜 loss=26.7735 temp=1.00 total_env_steps=180586 t=0.29s
Ep 4218: len= 31 黑胜 loss=26.1365 temp=1.00 total_env_steps=180617 t=0.29s
Ep 4219: len= 30 白胜 loss=26.4575 temp=1.00 total_env_steps=180647 t=0.30s
Ep 4220: len= 32 白胜 loss=26.0643 temp=1.00 total_env_steps=180679 t=0.31s
Ep 4221: len= 38 白胜 loss=25.7690 temp=1.00 total_env_steps=180717 t=0.35s
Ep 4222: len= 40 白胜 loss=26.6500 temp=1.00 total_env_steps=180757 t=0.37s
Ep 4223: len= 42 白胜 loss=26.1630 temp=1.00 total_env_steps=180799 t=0.39s
Ep 4224: len= 32 白胜 loss=26.6928 temp=1.00 total_env_steps=180831 t=0.32s
Ep 4225: len= 58 白胜 loss=26.2107 temp=1.00 total_env_steps=180889 t=0.52s
Ep 4226: len= 37 黑胜 loss=26.0668 temp=1.00 total_env_steps=180926 t=0.37s
Ep 4227: len= 56 白胜 loss=26.3655 temp=1.00 total_env_steps=180982 t=0.43s
Ep 4228: len= 40 白胜 loss=26.3973 temp=1.00 total_env_steps=181022 t=0.40s
Ep 4229: len= 39 黑胜 loss=26.4755 temp=1.00 total_env_steps=181061 t=0.38s
Ep 4230: len= 44 白胜 loss=26.3389 temp=1.00 total_env_steps=181105 t=0.41s
Ep 4231: len= 50 白胜 loss=25.8939 temp=1.00 total_env_steps=181155 t=0.43s
Ep 4232: len= 67 黑胜 loss=25.4642 temp=1.00 total_env_steps=181222 t=0.53s
Ep 4233: len= 32 白胜 loss=26.4766 temp=1.00 total_env_steps=181254 t=0.34s
Ep 4234: len= 51 黑胜 loss=26.1434 temp=1.00 total_env_steps=181305 t=0.44s
Ep 4235: len= 54 白胜 loss=26.4458 temp=1.00 total_env_steps=181359 t=0.46s
Ep 4236: len= 38 白胜 loss=26.1907 temp=1.00 total_env_steps=181397 t=0.34s
Ep 4237: len= 59 黑胜 loss=26.2149 temp=1.00 total_env_steps=181456 t=0.51s
Ep 4238: len= 79 黑胜 loss=26.4137 temp=1.00 total_env_steps=181535 t=0.66s
Ep 4239: len= 56 白胜 loss=26.5693 temp=1.00 total_env_steps=181591 t=0.43s
Ep 4240: len= 49 黑胜 loss=26.7325 temp=1.00 total_env_steps=181640 t=0.44s
Ep 4241: len= 31 黑胜 loss=26.5341 temp=1.00 total_env_steps=181671 t=0.35s
Ep 4242: len= 40 白胜 loss=26.0595 temp=1.00 total_env_steps=181711 t=0.37s
Ep 4243: len= 30 白胜 loss=26.4599 temp=1.00 total_env_steps=181741 t=0.32s
Ep 4244: len= 26 白胜 loss=27.0058 temp=1.00 total_env_steps=181767 t=0.29s
Ep 4245: len= 31 黑胜 loss=26.0537 temp=1.00 total_env_steps=181798 t=0.31s
Ep 4246: len= 39 黑胜 loss=26.6656 temp=1.00 total_env_steps=181837 t=0.34s
Ep 4247: len= 34 白胜 loss=26.7971 temp=1.00 total_env_steps=181871 t=0.41s
Ep 4248: len= 17 黑胜 loss=26.5779 temp=1.00 total_env_steps=181888 t=0.22s
Ep 4249: len= 45 黑胜 loss=26.9089 temp=1.00 total_env_steps=181933 t=0.41s
Ep 4250: len= 39 黑胜 loss=26.3945 temp=1.00 total_env_steps=181972 t=0.35s
Ep 4251: len= 47 黑胜 loss=26.0223 temp=1.00 total_env_steps=182019 t=0.42s
Ep 4252: len= 55 黑胜 loss=26.4866 temp=1.00 total_env_steps=182074 t=0.52s
Ep 4253: len= 41 黑胜 loss=26.2773 temp=1.00 total_env_steps=182115 t=0.42s
Ep 4254: len= 60 白胜 loss=26.8221 temp=1.00 total_env_steps=182175 t=0.50s
Ep 4255: len= 57 黑胜 loss=26.8507 temp=1.00 total_env_steps=182232 t=0.49s
Ep 4256: len= 52 白胜 loss=26.4189 temp=1.00 total_env_steps=182284 t=0.48s
Ep 4257: len= 30 白胜 loss=26.3709 temp=1.00 total_env_steps=182314 t=0.30s
Ep 4258: len= 33 黑胜 loss=26.8359 temp=1.00 total_env_steps=182347 t=0.35s
Ep 4259: len= 31 黑胜 loss=25.7804 temp=1.00 total_env_steps=182378 t=0.35s
Ep 4260: len= 33 黑胜 loss=26.4597 temp=1.00 total_env_steps=182411 t=0.33s
Ep 4261: len= 17 黑胜 loss=26.5318 temp=1.00 total_env_steps=182428 t=0.24s
Ep 4262: len= 47 黑胜 loss=26.4492 temp=1.00 total_env_steps=182475 t=0.41s
Ep 4263: len= 37 黑胜 loss=26.0811 temp=1.00 total_env_steps=182512 t=0.36s
Ep 4264: len= 42 白胜 loss=26.4583 temp=1.00 total_env_steps=182554 t=0.38s
Ep 4265: len= 28 白胜 loss=26.5580 temp=1.00 total_env_steps=182582 t=0.29s
Ep 4266: len= 31 黑胜 loss=26.2401 temp=1.00 total_env_steps=182613 t=0.33s
Ep 4267: len= 81 平局 loss=26.5360 temp=1.00 total_env_steps=182694 t=0.67s
Ep 4268: len= 25 黑胜 loss=25.8334 temp=1.00 total_env_steps=182719 t=0.31s
Ep 4269: len= 47 黑胜 loss=25.8187 temp=1.00 total_env_steps=182766 t=0.44s
Ep 4270: len= 47 黑胜 loss=26.1705 temp=1.00 total_env_steps=182813 t=0.43s
Ep 4271: len= 59 黑胜 loss=26.4857 temp=1.00 total_env_steps=182872 t=0.49s
Ep 4272: len= 18 白胜 loss=26.4116 temp=1.00 total_env_steps=182890 t=0.27s
Ep 4273: len= 67 黑胜 loss=26.0383 temp=1.00 total_env_steps=182957 t=0.58s
Ep 4274: len= 32 白胜 loss=25.9123 temp=1.00 total_env_steps=182989 t=0.30s
Ep 4275: len= 40 白胜 loss=26.0444 temp=1.00 total_env_steps=183029 t=0.38s
Ep 4276: len= 45 黑胜 loss=25.9009 temp=1.00 total_env_steps=183074 t=0.51s
Ep 4277: len= 41 黑胜 loss=26.4848 temp=1.00 total_env_steps=183115 t=0.38s
Ep 4278: len= 44 白胜 loss=26.6796 temp=1.00 total_env_steps=183159 t=0.41s
Ep 4279: len= 23 黑胜 loss=26.5938 temp=1.00 total_env_steps=183182 t=0.44s
Ep 4280: len= 35 黑胜 loss=26.4264 temp=1.00 total_env_steps=183217 t=0.41s
Ep 4281: len= 40 白胜 loss=26.3024 temp=1.00 total_env_steps=183257 t=0.38s
Ep 4282: len= 51 黑胜 loss=25.8737 temp=1.00 total_env_steps=183308 t=0.48s
Ep 4283: len= 43 黑胜 loss=26.3465 temp=1.00 total_env_steps=183351 t=0.40s
Ep 4284: len= 42 白胜 loss=26.1910 temp=1.00 total_env_steps=183393 t=0.42s
Ep 4285: len= 28 白胜 loss=26.3892 temp=1.00 total_env_steps=183421 t=0.31s
Ep 4286: len= 31 黑胜 loss=26.7328 temp=1.00 total_env_steps=183452 t=0.33s
Ep 4287: len= 38 白胜 loss=25.9119 temp=1.00 total_env_steps=183490 t=0.38s
Ep 4288: len= 62 白胜 loss=25.7398 temp=1.00 total_env_steps=183552 t=0.54s
Ep 4289: len= 51 黑胜 loss=26.0345 temp=1.00 total_env_steps=183603 t=0.47s
Ep 4290: len= 59 黑胜 loss=26.4107 temp=1.00 total_env_steps=183662 t=0.51s
Ep 4291: len= 26 白胜 loss=26.3675 temp=1.00 total_env_steps=183688 t=0.33s
Ep 4292: len= 34 白胜 loss=26.7265 temp=1.00 total_env_steps=183722 t=0.36s
Ep 4293: len= 39 黑胜 loss=25.9354 temp=1.00 total_env_steps=183761 t=0.38s
Ep 4294: len= 42 白胜 loss=25.9385 temp=1.00 total_env_steps=183803 t=0.39s
Ep 4295: len= 37 黑胜 loss=25.8643 temp=1.00 total_env_steps=183840 t=0.39s
Ep 4296: len= 39 黑胜 loss=25.6348 temp=1.00 total_env_steps=183879 t=0.37s
Ep 4297: len= 51 黑胜 loss=26.1939 temp=1.00 total_env_steps=183930 t=0.43s
Ep 4298: len= 55 黑胜 loss=26.3127 temp=1.00 total_env_steps=183985 t=0.48s
Ep 4299: len= 78 白胜 loss=26.3126 temp=1.00 total_env_steps=184063 t=0.65s
Ep 4300: len= 36 白胜 loss=26.3407 temp=1.00 total_env_steps=184099 t=0.38s
Ep 4301: len= 48 白胜 loss=26.3358 temp=1.00 total_env_steps=184147 t=0.41s
Ep 4302: len= 69 黑胜 loss=26.1217 temp=1.00 total_env_steps=184216 t=0.57s
Ep 4303: len= 65 黑胜 loss=26.6224 temp=1.00 total_env_steps=184281 t=0.56s
Ep 4304: len= 43 黑胜 loss=26.8139 temp=1.00 total_env_steps=184324 t=0.40s
Ep 4305: len= 59 黑胜 loss=25.8719 temp=1.00 total_env_steps=184383 t=0.48s
Ep 4306: len= 25 黑胜 loss=26.5730 temp=1.00 total_env_steps=184408 t=0.28s
Ep 4307: len= 27 黑胜 loss=26.4847 temp=1.00 total_env_steps=184435 t=0.30s
Ep 4308: len= 50 白胜 loss=26.4564 temp=1.00 total_env_steps=184485 t=0.47s
Ep 4309: len= 35 黑胜 loss=26.3742 temp=1.00 total_env_steps=184520 t=0.39s
Ep 4310: len= 33 黑胜 loss=26.1991 temp=1.00 total_env_steps=184553 t=0.36s
Ep 4311: len= 43 黑胜 loss=26.1811 temp=1.00 total_env_steps=184596 t=0.42s
Ep 4312: len= 43 黑胜 loss=26.0785 temp=1.00 total_env_steps=184639 t=0.43s
Ep 4313: len= 75 黑胜 loss=26.3927 temp=1.00 total_env_steps=184714 t=0.61s
Ep 4314: len= 40 白胜 loss=26.3397 temp=1.00 total_env_steps=184754 t=0.37s
Ep 4315: len= 33 黑胜 loss=26.0527 temp=1.00 total_env_steps=184787 t=0.33s
Ep 4316: len= 65 黑胜 loss=26.3774 temp=1.00 total_env_steps=184852 t=0.53s
Ep 4317: len= 47 黑胜 loss=26.4758 temp=1.00 total_env_steps=184899 t=0.43s
Ep 4318: len= 46 白胜 loss=26.3972 temp=1.00 total_env_steps=184945 t=0.42s
Ep 4319: len= 70 白胜 loss=26.4964 temp=1.00 total_env_steps=185015 t=0.56s
Ep 4320: len= 28 白胜 loss=26.0050 temp=1.00 total_env_steps=185043 t=0.32s
Ep 4321: len= 33 黑胜 loss=26.4337 temp=1.00 total_env_steps=185076 t=0.34s
Ep 4322: len= 40 白胜 loss=26.3424 temp=1.00 total_env_steps=185116 t=0.37s
Ep 4323: len= 46 白胜 loss=26.4840 temp=1.00 total_env_steps=185162 t=0.40s
Ep 4324: len= 32 白胜 loss=26.3172 temp=1.00 total_env_steps=185194 t=0.29s
Ep 4325: len= 39 黑胜 loss=26.3350 temp=1.00 total_env_steps=185233 t=0.36s
Ep 4326: len= 27 黑胜 loss=25.6922 temp=1.00 total_env_steps=185260 t=0.28s
Ep 4327: len= 37 黑胜 loss=26.2325 temp=1.00 total_env_steps=185297 t=0.36s
Ep 4328: len= 56 白胜 loss=26.7211 temp=1.00 total_env_steps=185353 t=0.48s
Ep 4329: len= 30 白胜 loss=26.2140 temp=1.00 total_env_steps=185383 t=0.33s
Ep 4330: len= 45 黑胜 loss=26.4252 temp=1.00 total_env_steps=185428 t=0.43s
Ep 4331: len= 33 黑胜 loss=26.6767 temp=1.00 total_env_steps=185461 t=0.33s
Ep 4332: len= 27 黑胜 loss=25.9049 temp=1.00 total_env_steps=185488 t=0.31s
Ep 4333: len= 36 白胜 loss=26.2147 temp=1.00 total_env_steps=185524 t=0.34s
Ep 4334: len= 38 白胜 loss=26.6067 temp=1.00 total_env_steps=185562 t=0.42s
Ep 4335: len= 29 黑胜 loss=25.6456 temp=1.00 total_env_steps=185591 t=0.29s
Ep 4336: len= 36 白胜 loss=26.0403 temp=1.00 total_env_steps=185627 t=0.35s
Ep 4337: len= 54 白胜 loss=25.8522 temp=1.00 total_env_steps=185681 t=0.48s
Ep 4338: len= 30 白胜 loss=26.0632 temp=1.00 total_env_steps=185711 t=0.34s
Ep 4339: len= 44 白胜 loss=26.1031 temp=1.00 total_env_steps=185755 t=0.49s
Ep 4340: len= 35 黑胜 loss=25.9174 temp=1.00 total_env_steps=185790 t=0.36s
Ep 4341: len= 39 黑胜 loss=26.3291 temp=1.00 total_env_steps=185829 t=0.36s
Ep 4342: len= 36 白胜 loss=26.8015 temp=1.00 total_env_steps=185865 t=0.34s
Ep 4343: len= 29 黑胜 loss=26.3778 temp=1.00 total_env_steps=185894 t=0.30s
Ep 4344: len= 28 白胜 loss=26.0373 temp=1.00 total_env_steps=185922 t=0.31s
Ep 4345: len= 51 黑胜 loss=26.1325 temp=1.00 total_env_steps=185973 t=0.47s
Ep 4346: len= 40 白胜 loss=26.6429 temp=1.00 total_env_steps=186013 t=0.38s
Ep 4347: len= 31 黑胜 loss=26.7934 temp=1.00 total_env_steps=186044 t=0.32s
Ep 4348: len= 31 黑胜 loss=26.0159 temp=1.00 total_env_steps=186075 t=0.31s
Ep 4349: len= 43 黑胜 loss=26.2915 temp=1.00 total_env_steps=186118 t=0.39s
Ep 4350: len= 52 白胜 loss=25.8161 temp=1.00 total_env_steps=186170 t=0.45s
Ep 4351: len= 49 黑胜 loss=26.1398 temp=1.00 total_env_steps=186219 t=0.47s
Ep 4352: len= 48 白胜 loss=26.1078 temp=1.00 total_env_steps=186267 t=0.42s
Ep 4353: len= 39 黑胜 loss=26.2495 temp=1.00 total_env_steps=186306 t=0.38s
Ep 4354: len= 39 黑胜 loss=26.2668 temp=1.00 total_env_steps=186345 t=0.37s
Ep 4355: len= 40 白胜 loss=26.1823 temp=1.00 total_env_steps=186385 t=0.35s
Ep 4356: len= 48 白胜 loss=27.0222 temp=1.00 total_env_steps=186433 t=0.45s
Ep 4357: len= 36 白胜 loss=26.2542 temp=1.00 total_env_steps=186469 t=0.36s
Ep 4358: len= 40 白胜 loss=26.3246 temp=1.00 total_env_steps=186509 t=0.42s
Ep 4359: len= 50 白胜 loss=26.1709 temp=1.00 total_env_steps=186559 t=0.49s
Ep 4360: len= 27 黑胜 loss=26.1665 temp=1.00 total_env_steps=186586 t=0.30s
Ep 4361: len= 66 白胜 loss=26.1723 temp=1.00 total_env_steps=186652 t=0.53s
Ep 4362: len= 31 黑胜 loss=26.4473 temp=1.00 total_env_steps=186683 t=0.35s
Ep 4363: len= 69 黑胜 loss=25.9404 temp=1.00 total_env_steps=186752 t=0.59s
Ep 4364: len= 34 白胜 loss=26.6592 temp=1.00 total_env_steps=186786 t=0.32s
Ep 4365: len= 27 黑胜 loss=26.2312 temp=1.00 total_env_steps=186813 t=0.27s
Ep 4366: len= 61 黑胜 loss=26.1785 temp=1.00 total_env_steps=186874 t=0.51s
Ep 4367: len= 44 白胜 loss=26.2721 temp=1.00 total_env_steps=186918 t=0.39s
Ep 4368: len= 39 黑胜 loss=26.0712 temp=1.00 total_env_steps=186957 t=0.37s
Ep 4369: len= 35 黑胜 loss=26.5145 temp=1.00 total_env_steps=186992 t=0.34s
Ep 4370: len= 30 白胜 loss=25.9446 temp=1.00 total_env_steps=187022 t=0.30s
Ep 4371: len= 51 黑胜 loss=26.6027 temp=1.00 total_env_steps=187073 t=0.42s
Ep 4372: len= 37 黑胜 loss=26.2281 temp=1.00 total_env_steps=187110 t=0.34s
Ep 4373: len= 19 黑胜 loss=25.9365 temp=1.00 total_env_steps=187129 t=0.24s
Ep 4374: len= 21 黑胜 loss=26.2891 temp=1.00 total_env_steps=187150 t=0.25s
Ep 4375: len= 44 白胜 loss=25.8052 temp=1.00 total_env_steps=187194 t=0.40s
Ep 4376: len= 46 白胜 loss=26.0508 temp=1.00 total_env_steps=187240 t=0.42s
Ep 4377: len= 60 白胜 loss=26.7874 temp=1.00 total_env_steps=187300 t=0.50s
Ep 4378: len= 34 白胜 loss=25.9673 temp=1.00 total_env_steps=187334 t=0.33s
Ep 4379: len= 50 白胜 loss=26.6447 temp=1.00 total_env_steps=187384 t=0.43s
Ep 4380: len= 40 白胜 loss=25.9337 temp=1.00 total_env_steps=187424 t=0.37s
Ep 4381: len= 20 白胜 loss=26.5524 temp=1.00 total_env_steps=187444 t=0.26s
Ep 4382: len= 33 黑胜 loss=26.1284 temp=1.00 total_env_steps=187477 t=0.32s
Ep 4383: len= 58 白胜 loss=26.1524 temp=1.00 total_env_steps=187535 t=0.46s
Ep 4384: len= 47 黑胜 loss=26.1338 temp=1.00 total_env_steps=187582 t=0.42s
Ep 4385: len= 47 黑胜 loss=26.3869 temp=1.00 total_env_steps=187629 t=0.44s
Ep 4386: len= 23 黑胜 loss=26.2518 temp=1.00 total_env_steps=187652 t=0.30s
Ep 4387: len= 41 黑胜 loss=25.9925 temp=1.00 total_env_steps=187693 t=0.39s
Ep 4388: len= 26 白胜 loss=26.5690 temp=1.00 total_env_steps=187719 t=0.34s
Ep 4389: len= 36 白胜 loss=26.0579 temp=1.00 total_env_steps=187755 t=0.38s
Ep 4390: len= 57 黑胜 loss=26.0753 temp=1.00 total_env_steps=187812 t=0.50s
Ep 4391: len= 35 黑胜 loss=26.1292 temp=1.00 total_env_steps=187847 t=0.35s
Ep 4392: len= 52 白胜 loss=26.5256 temp=1.00 total_env_steps=187899 t=0.45s
Ep 4393: len= 43 黑胜 loss=26.4364 temp=1.00 total_env_steps=187942 t=0.43s
Ep 4394: len= 46 白胜 loss=26.2127 temp=1.00 total_env_steps=187988 t=0.41s
Ep 4395: len= 26 白胜 loss=26.4511 temp=1.00 total_env_steps=188014 t=0.30s
Ep 4396: len= 64 白胜 loss=26.1847 temp=1.00 total_env_steps=188078 t=0.52s
Ep 4397: len= 25 黑胜 loss=25.8695 temp=1.00 total_env_steps=188103 t=0.30s
Ep 4398: len= 78 白胜 loss=26.5056 temp=1.00 total_env_steps=188181 t=0.59s
Ep 4399: len= 34 白胜 loss=26.0838 temp=1.00 total_env_steps=188215 t=0.35s
Ep 4400: len= 56 白胜 loss=26.1129 temp=1.00 total_env_steps=188271 t=0.51s
Ep 4401: len= 33 黑胜 loss=25.8312 temp=1.00 total_env_steps=188304 t=0.33s
Ep 4402: len= 40 白胜 loss=26.3857 temp=1.00 total_env_steps=188344 t=0.38s
Ep 4403: len= 36 白胜 loss=26.3206 temp=1.00 total_env_steps=188380 t=0.35s
Ep 4404: len= 44 白胜 loss=25.7023 temp=1.00 total_env_steps=188424 t=0.44s
Ep 4405: len= 64 白胜 loss=26.8531 temp=1.00 total_env_steps=188488 t=0.52s
Ep 4406: len= 26 白胜 loss=26.6338 temp=1.00 total_env_steps=188514 t=0.31s
Ep 4407: len= 35 黑胜 loss=26.2909 temp=1.00 total_env_steps=188549 t=0.40s
Ep 4408: len= 43 黑胜 loss=26.1246 temp=1.00 total_env_steps=188592 t=0.40s
Ep 4409: len= 38 白胜 loss=26.2592 temp=1.00 total_env_steps=188630 t=0.39s
Ep 4410: len= 31 黑胜 loss=26.1729 temp=1.00 total_env_steps=188661 t=0.31s
Ep 4411: len= 31 黑胜 loss=26.2271 temp=1.00 total_env_steps=188692 t=0.30s
Ep 4412: len= 37 黑胜 loss=26.4515 temp=1.00 total_env_steps=188729 t=0.36s
Ep 4413: len= 75 黑胜 loss=26.7405 temp=1.00 total_env_steps=188804 t=0.59s
Ep 4414: len= 34 白胜 loss=26.6972 temp=1.00 total_env_steps=188838 t=0.32s
Ep 4415: len= 31 黑胜 loss=26.1235 temp=1.00 total_env_steps=188869 t=0.32s
Ep 4416: len= 39 黑胜 loss=26.2806 temp=1.00 total_env_steps=188908 t=0.38s
Ep 4417: len= 39 黑胜 loss=25.7806 temp=1.00 total_env_steps=188947 t=0.38s
Ep 4418: len= 45 黑胜 loss=26.2198 temp=1.00 total_env_steps=188992 t=0.40s
Ep 4419: len= 40 白胜 loss=25.8974 temp=1.00 total_env_steps=189032 t=0.36s
Ep 4420: len= 40 白胜 loss=26.2732 temp=1.00 total_env_steps=189072 t=0.38s
Ep 4421: len= 63 黑胜 loss=26.6550 temp=1.00 total_env_steps=189135 t=0.57s
Ep 4422: len= 37 黑胜 loss=26.7862 temp=1.00 total_env_steps=189172 t=0.37s
Ep 4423: len= 44 白胜 loss=26.0266 temp=1.00 total_env_steps=189216 t=0.41s
Ep 4424: len= 26 白胜 loss=26.3411 temp=1.00 total_env_steps=189242 t=0.33s
Ep 4425: len= 49 黑胜 loss=26.4676 temp=1.00 total_env_steps=189291 t=0.44s
Ep 4426: len= 36 白胜 loss=26.3825 temp=1.00 total_env_steps=189327 t=0.35s
Ep 4427: len= 30 白胜 loss=26.3216 temp=1.00 total_env_steps=189357 t=0.32s
Ep 4428: len= 57 黑胜 loss=26.2445 temp=1.00 total_env_steps=189414 t=0.47s
Ep 4429: len= 31 黑胜 loss=26.0593 temp=1.00 total_env_steps=189445 t=0.29s
Ep 4430: len= 38 白胜 loss=26.4528 temp=1.00 total_env_steps=189483 t=0.41s
Ep 4431: len= 38 白胜 loss=26.1782 temp=1.00 total_env_steps=189521 t=0.42s
Ep 4432: len= 27 黑胜 loss=26.5106 temp=1.00 total_env_steps=189548 t=0.31s
Ep 4433: len= 55 黑胜 loss=26.6474 temp=1.00 total_env_steps=189603 t=0.48s
Ep 4434: len= 34 白胜 loss=26.0499 temp=1.00 total_env_steps=189637 t=0.35s
Ep 4435: len= 38 白胜 loss=25.9543 temp=1.00 total_env_steps=189675 t=0.34s
Ep 4436: len= 31 黑胜 loss=26.0427 temp=1.00 total_env_steps=189706 t=0.32s
Ep 4437: len= 81 平局 loss=26.4430 temp=1.00 total_env_steps=189787 t=0.65s
Ep 4438: len= 33 黑胜 loss=26.3601 temp=1.00 total_env_steps=189820 t=0.36s
Ep 4439: len= 35 黑胜 loss=26.3449 temp=1.00 total_env_steps=189855 t=0.36s
Ep 4440: len= 55 黑胜 loss=26.6135 temp=1.00 total_env_steps=189910 t=0.53s
Ep 4441: len= 53 黑胜 loss=26.2421 temp=1.00 total_env_steps=189963 t=0.49s
Ep 4442: len= 50 白胜 loss=25.7580 temp=1.00 total_env_steps=190013 t=0.46s
Ep 4443: len= 51 黑胜 loss=26.2383 temp=1.00 total_env_steps=190064 t=0.43s
Ep 4444: len= 39 黑胜 loss=26.3342 temp=1.00 total_env_steps=190103 t=0.38s
Ep 4445: len= 37 黑胜 loss=26.5033 temp=1.00 total_env_steps=190140 t=0.33s
Ep 4446: len= 46 白胜 loss=26.1617 temp=1.00 total_env_steps=190186 t=0.42s
Ep 4447: len= 32 白胜 loss=26.5208 temp=1.00 total_env_steps=190218 t=0.33s
Ep 4448: len= 49 黑胜 loss=26.2691 temp=1.00 total_env_steps=190267 t=0.44s
Ep 4449: len= 36 白胜 loss=26.4910 temp=1.00 total_env_steps=190303 t=0.42s
Ep 4450: len= 58 白胜 loss=26.1914 temp=1.00 total_env_steps=190361 t=0.50s
Ep 4451: len= 38 白胜 loss=25.9416 temp=1.00 total_env_steps=190399 t=0.39s
Ep 4452: len= 44 白胜 loss=26.7195 temp=1.00 total_env_steps=190443 t=0.39s
Ep 4453: len= 41 黑胜 loss=26.3727 temp=1.00 total_env_steps=190484 t=0.40s
Ep 4454: len= 56 白胜 loss=26.5000 temp=1.00 total_env_steps=190540 t=0.47s
Ep 4455: len= 50 白胜 loss=26.4012 temp=1.00 total_env_steps=190590 t=0.46s
Ep 4456: len= 33 黑胜 loss=26.1840 temp=1.00 total_env_steps=190623 t=0.31s
Ep 4457: len= 38 白胜 loss=26.6017 temp=1.00 total_env_steps=190661 t=0.39s
Ep 4458: len= 68 白胜 loss=26.1611 temp=1.00 total_env_steps=190729 t=0.60s
Ep 4459: len= 56 白胜 loss=26.5010 temp=1.00 total_env_steps=190785 t=0.47s
Ep 4460: len= 57 黑胜 loss=25.8412 temp=1.00 total_env_steps=190842 t=0.57s
Ep 4461: len= 47 黑胜 loss=26.5202 temp=1.00 total_env_steps=190889 t=0.46s
Ep 4462: len= 30 白胜 loss=26.4050 temp=1.00 total_env_steps=190919 t=0.32s
Ep 4463: len= 63 黑胜 loss=26.2759 temp=1.00 total_env_steps=190982 t=0.54s
Ep 4464: len= 25 黑胜 loss=26.1870 temp=1.00 total_env_steps=191007 t=0.31s
Ep 4465: len= 71 黑胜 loss=25.6482 temp=1.00 total_env_steps=191078 t=0.59s
Ep 4466: len= 38 白胜 loss=26.2367 temp=1.00 total_env_steps=191116 t=0.38s
Ep 4467: len= 19 黑胜 loss=26.4161 temp=1.00 total_env_steps=191135 t=0.25s
Ep 4468: len= 48 白胜 loss=26.2159 temp=1.00 total_env_steps=191183 t=0.44s
Ep 4469: len= 36 白胜 loss=26.3479 temp=1.00 total_env_steps=191219 t=0.36s
Ep 4470: len= 27 黑胜 loss=26.2731 temp=1.00 total_env_steps=191246 t=0.31s
Ep 4471: len= 56 白胜 loss=26.1906 temp=1.00 total_env_steps=191302 t=0.51s
Ep 4472: len= 27 黑胜 loss=26.3711 temp=1.00 total_env_steps=191329 t=0.32s
Ep 4473: len= 56 白胜 loss=26.3648 temp=1.00 total_env_steps=191385 t=0.48s
Ep 4474: len= 43 黑胜 loss=26.5182 temp=1.00 total_env_steps=191428 t=0.42s
Ep 4475: len= 32 白胜 loss=26.0860 temp=1.00 total_env_steps=191460 t=0.34s
Ep 4476: len= 65 黑胜 loss=25.7343 temp=1.00 total_env_steps=191525 t=0.56s
Ep 4477: len= 34 白胜 loss=25.8231 temp=1.00 total_env_steps=191559 t=0.35s
Ep 4478: len= 42 白胜 loss=26.7129 temp=1.00 total_env_steps=191601 t=0.44s
Ep 4479: len= 43 黑胜 loss=25.9466 temp=1.00 total_env_steps=191644 t=0.42s
Ep 4480: len= 55 黑胜 loss=26.3251 temp=1.00 total_env_steps=191699 t=0.52s
Ep 4481: len= 46 白胜 loss=26.0390 temp=1.00 total_env_steps=191745 t=0.42s
Ep 4482: len= 54 白胜 loss=26.0601 temp=1.00 total_env_steps=191799 t=0.53s
Ep 4483: len= 47 黑胜 loss=26.4522 temp=1.00 total_env_steps=191846 t=0.44s
Ep 4484: len= 42 白胜 loss=27.1071 temp=1.00 total_env_steps=191888 t=0.44s
Ep 4485: len= 30 白胜 loss=25.9758 temp=1.00 total_env_steps=191918 t=0.36s
Ep 4486: len= 46 白胜 loss=26.3852 temp=1.00 total_env_steps=191964 t=0.42s
Ep 4487: len= 33 黑胜 loss=26.1026 temp=1.00 total_env_steps=191997 t=0.37s
Ep 4488: len= 29 黑胜 loss=26.5800 temp=1.00 total_env_steps=192026 t=0.31s
Ep 4489: len= 37 黑胜 loss=26.4512 temp=1.00 total_env_steps=192063 t=0.40s
Ep 4490: len= 44 白胜 loss=26.4953 temp=1.00 total_env_steps=192107 t=0.42s
Ep 4491: len= 50 白胜 loss=26.3649 temp=1.00 total_env_steps=192157 t=0.47s
Ep 4492: len= 48 白胜 loss=26.5254 temp=1.00 total_env_steps=192205 t=0.48s
Ep 4493: len= 47 黑胜 loss=26.0472 temp=1.00 total_env_steps=192252 t=0.45s
Ep 4494: len= 41 黑胜 loss=26.0958 temp=1.00 total_env_steps=192293 t=0.38s
Ep 4495: len= 64 白胜 loss=26.3474 temp=1.00 total_env_steps=192357 t=0.50s
Ep 4496: len= 49 黑胜 loss=26.5275 temp=1.00 total_env_steps=192406 t=0.45s
Ep 4497: len= 31 黑胜 loss=26.5141 temp=1.00 total_env_steps=192437 t=0.33s
Ep 4498: len= 58 白胜 loss=25.9685 temp=1.00 total_env_steps=192495 t=0.53s
Ep 4499: len= 51 黑胜 loss=26.3711 temp=1.00 total_env_steps=192546 t=0.49s
Ep 4500: len= 44 白胜 loss=26.5891 temp=1.00 total_env_steps=192590 t=0.40s
  eval vs Gomoku-random-v0: win_rate=1.00 mean_return=1.00（20 局，total_env_steps=192590）
Ep 4501: len= 31 黑胜 loss=26.6174 temp=1.00 total_env_steps=192621 t=0.34s
Ep 4502: len= 27 黑胜 loss=25.7833 temp=1.00 total_env_steps=192648 t=0.35s
Ep 4503: len= 55 黑胜 loss=26.0460 temp=1.00 total_env_steps=192703 t=0.51s
Ep 4504: len= 61 黑胜 loss=26.4264 temp=1.00 total_env_steps=192764 t=0.56s
Ep 4505: len= 44 白胜 loss=26.2821 temp=1.00 total_env_steps=192808 t=0.45s
Ep 4506: len= 37 黑胜 loss=25.9821 temp=1.00 total_env_steps=192845 t=0.39s
Ep 4507: len= 50 白胜 loss=26.3175 temp=1.00 total_env_steps=192895 t=0.49s
Ep 4508: len= 27 黑胜 loss=26.5644 temp=1.00 total_env_steps=192922 t=0.32s
Ep 4509: len= 28 白胜 loss=26.1748 temp=1.00 total_env_steps=192950 t=0.32s
Ep 4510: len= 37 黑胜 loss=25.8587 temp=1.00 total_env_steps=192987 t=0.38s
Ep 4511: len= 33 黑胜 loss=26.0977 temp=1.00 total_env_steps=193020 t=0.37s
Ep 4512: len= 25 黑胜 loss=25.6753 temp=1.00 total_env_steps=193045 t=0.30s
Ep 4513: len= 46 白胜 loss=26.1617 temp=1.00 total_env_steps=193091 t=0.41s
Ep 4514: len= 39 黑胜 loss=26.2028 temp=1.00 total_env_steps=193130 t=0.45s
Ep 4515: len= 52 白胜 loss=26.1409 temp=1.00 total_env_steps=193182 t=0.60s
Ep 4516: len= 54 白胜 loss=25.7201 temp=1.00 total_env_steps=193236 t=0.62s
Ep 4517: len= 53 黑胜 loss=26.5068 temp=1.00 total_env_steps=193289 t=0.51s
Ep 4518: len= 50 白胜 loss=26.1333 temp=1.00 total_env_steps=193339 t=0.50s
Ep 4519: len= 56 白胜 loss=25.9819 temp=1.00 total_env_steps=193395 t=0.54s
Ep 4520: len= 43 黑胜 loss=26.7235 temp=1.00 total_env_steps=193438 t=0.43s
Ep 4521: len= 52 白胜 loss=25.7492 temp=1.00 total_env_steps=193490 t=0.47s
Ep 4522: len= 47 黑胜 loss=26.4308 temp=1.00 total_env_steps=193537 t=0.47s
Ep 4523: len= 35 黑胜 loss=25.9340 temp=1.00 total_env_steps=193572 t=0.37s
Ep 4524: len= 36 白胜 loss=26.8368 temp=1.00 total_env_steps=193608 t=0.37s
Ep 4525: len= 47 黑胜 loss=26.2421 temp=1.00 total_env_steps=193655 t=0.44s
Ep 4526: len= 54 白胜 loss=26.1014 temp=1.00 total_env_steps=193709 t=0.48s
Ep 4527: len= 38 白胜 loss=26.5356 temp=1.00 total_env_steps=193747 t=0.37s
Ep 4528: len= 44 白胜 loss=26.2963 temp=1.00 total_env_steps=193791 t=0.40s
Ep 4529: len= 53 黑胜 loss=26.4866 temp=1.00 total_env_steps=193844 t=0.46s
Ep 4530: len= 63 黑胜 loss=26.4303 temp=1.00 total_env_steps=193907 t=0.53s
Ep 4531: len= 44 白胜 loss=26.4790 temp=1.00 total_env_steps=193951 t=0.43s
Ep 4532: len= 50 白胜 loss=26.4813 temp=1.00 total_env_steps=194001 t=0.45s
Ep 4533: len= 32 白胜 loss=26.0953 temp=1.00 total_env_steps=194033 t=0.33s
Ep 4534: len= 41 黑胜 loss=25.9321 temp=1.00 total_env_steps=194074 t=0.38s
Ep 4535: len= 68 白胜 loss=26.7108 temp=1.00 total_env_steps=194142 t=0.50s
Ep 4536: len= 29 黑胜 loss=25.7313 temp=1.00 total_env_steps=194171 t=0.29s
Ep 4537: len= 52 白胜 loss=26.3344 temp=1.00 total_env_steps=194223 t=0.44s
Ep 4538: len= 32 白胜 loss=26.8697 temp=1.00 total_env_steps=194255 t=0.34s
Ep 4539: len= 45 黑胜 loss=26.1871 temp=1.00 total_env_steps=194300 t=0.38s
Ep 4540: len= 42 白胜 loss=26.4194 temp=1.00 total_env_steps=194342 t=0.38s
Ep 4541: len= 40 白胜 loss=26.6678 temp=1.00 total_env_steps=194382 t=0.36s
Ep 4542: len= 39 黑胜 loss=26.1475 temp=1.00 total_env_steps=194421 t=0.37s
Ep 4543: len= 30 白胜 loss=26.1593 temp=1.00 total_env_steps=194451 t=0.32s
Ep 4544: len= 38 白胜 loss=26.5523 temp=1.00 total_env_steps=194489 t=0.34s
Ep 4545: len= 36 白胜 loss=26.4021 temp=1.00 total_env_steps=194525 t=0.36s
Ep 4546: len= 36 白胜 loss=25.7676 temp=1.00 total_env_steps=194561 t=0.32s
Ep 4547: len= 37 黑胜 loss=26.6096 temp=1.00 total_env_steps=194598 t=0.34s
Ep 4548: len= 54 白胜 loss=26.2417 temp=1.00 total_env_steps=194652 t=0.44s
Ep 4549: len= 72 白胜 loss=26.4682 temp=1.00 total_env_steps=194724 t=0.56s
Ep 4550: len= 33 黑胜 loss=25.7465 temp=1.00 total_env_steps=194757 t=0.33s
Ep 4551: len= 37 黑胜 loss=25.5161 temp=1.00 total_env_steps=194794 t=0.36s
Ep 4552: len= 23 黑胜 loss=26.5217 temp=1.00 total_env_steps=194817 t=0.26s
Ep 4553: len= 25 黑胜 loss=26.4123 temp=1.00 total_env_steps=194842 t=0.30s
Ep 4554: len= 47 黑胜 loss=25.8846 temp=1.00 total_env_steps=194889 t=0.40s
Ep 4555: len= 74 白胜 loss=26.5955 temp=1.00 total_env_steps=194963 t=0.59s
Ep 4556: len= 35 黑胜 loss=26.7114 temp=1.00 total_env_steps=194998 t=0.35s
Ep 4557: len= 37 黑胜 loss=25.9482 temp=1.00 total_env_steps=195035 t=0.34s
Ep 4558: len= 74 白胜 loss=26.5245 temp=1.00 total_env_steps=195109 t=0.59s
Ep 4559: len= 35 黑胜 loss=26.1453 temp=1.00 total_env_steps=195144 t=0.38s
Ep 4560: len= 46 白胜 loss=26.2486 temp=1.00 total_env_steps=195190 t=0.40s
Ep 4561: len= 44 白胜 loss=26.3446 temp=1.00 total_env_steps=195234 t=0.40s
Ep 4562: len= 37 黑胜 loss=26.1242 temp=1.00 total_env_steps=195271 t=0.37s
Ep 4563: len= 38 白胜 loss=26.3268 temp=1.00 total_env_steps=195309 t=0.39s
Ep 4564: len= 46 白胜 loss=26.4577 temp=1.00 total_env_steps=195355 t=0.41s
Ep 4565: len= 75 黑胜 loss=26.4786 temp=1.00 total_env_steps=195430 t=0.60s
Ep 4566: len= 36 白胜 loss=26.6318 temp=1.00 total_env_steps=195466 t=0.34s
Ep 4567: len= 65 黑胜 loss=26.4927 temp=1.00 total_env_steps=195531 t=0.51s
Ep 4568: len= 35 黑胜 loss=26.4863 temp=1.00 total_env_steps=195566 t=0.33s
Ep 4569: len= 39 黑胜 loss=26.5497 temp=1.00 total_env_steps=195605 t=0.35s
Ep 4570: len= 39 黑胜 loss=25.8272 temp=1.00 total_env_steps=195644 t=0.36s
Ep 4571: len= 30 白胜 loss=26.6255 temp=1.00 total_env_steps=195674 t=0.46s
Ep 4572: len= 47 黑胜 loss=25.9087 temp=1.00 total_env_steps=195721 t=0.41s
Ep 4573: len= 62 白胜 loss=26.1508 temp=1.00 total_env_steps=195783 t=0.50s
Ep 4574: len= 19 黑胜 loss=26.4436 temp=1.00 total_env_steps=195802 t=0.26s
Ep 4575: len= 28 白胜 loss=26.3350 temp=1.00 total_env_steps=195830 t=0.28s
Ep 4576: len= 37 黑胜 loss=26.4502 temp=1.00 total_env_steps=195867 t=0.35s
Ep 4577: len= 34 白胜 loss=26.2811 temp=1.00 total_env_steps=195901 t=0.38s
Ep 4578: len= 48 白胜 loss=25.9096 temp=1.00 total_env_steps=195949 t=0.41s
Ep 4579: len= 42 白胜 loss=26.1732 temp=1.00 total_env_steps=195991 t=0.40s
Ep 4580: len= 35 黑胜 loss=26.3795 temp=1.00 total_env_steps=196026 t=0.34s
Ep 4581: len= 42 白胜 loss=26.0618 temp=1.00 total_env_steps=196068 t=0.39s
Ep 4582: len= 47 黑胜 loss=26.6185 temp=1.00 total_env_steps=196115 t=0.43s
Ep 4583: len= 51 黑胜 loss=26.4277 temp=1.00 total_env_steps=196166 t=0.45s
Ep 4584: len= 48 白胜 loss=25.9651 temp=1.00 total_env_steps=196214 t=0.44s
Ep 4585: len= 45 黑胜 loss=26.2877 temp=1.00 total_env_steps=196259 t=0.38s
Ep 4586: len= 43 黑胜 loss=26.4535 temp=1.00 total_env_steps=196302 t=0.40s
Ep 4587: len= 40 白胜 loss=26.5670 temp=1.00 total_env_steps=196342 t=0.34s
Ep 4588: len= 56 白胜 loss=26.5730 temp=1.00 total_env_steps=196398 t=0.49s
Ep 4589: len= 41 黑胜 loss=26.0750 temp=1.00 total_env_steps=196439 t=0.36s
Ep 4590: len= 53 黑胜 loss=26.7688 temp=1.00 total_env_steps=196492 t=0.48s
Ep 4591: len= 27 黑胜 loss=26.3787 temp=1.00 total_env_steps=196519 t=0.27s
Ep 4592: len= 48 白胜 loss=26.6517 temp=1.00 total_env_steps=196567 t=0.41s
Ep 4593: len= 54 白胜 loss=26.1763 temp=1.00 total_env_steps=196621 t=0.45s
Ep 4594: len= 57 黑胜 loss=26.6714 temp=1.00 total_env_steps=196678 t=0.47s
Ep 4595: len= 40 白胜 loss=26.3938 temp=1.00 total_env_steps=196718 t=0.38s
Ep 4596: len= 44 白胜 loss=26.2495 temp=1.00 total_env_steps=196762 t=0.41s
Ep 4597: len= 41 黑胜 loss=26.7426 temp=1.00 total_env_steps=196803 t=0.40s
Ep 4598: len= 50 白胜 loss=26.3450 temp=1.00 total_env_steps=196853 t=0.43s
Ep 4599: len= 31 黑胜 loss=26.5957 temp=1.00 total_env_steps=196884 t=0.32s
Ep 4600: len= 41 黑胜 loss=26.3277 temp=1.00 total_env_steps=196925 t=0.40s
Ep 4601: len= 23 黑胜 loss=26.5306 temp=1.00 total_env_steps=196948 t=0.30s
Ep 4602: len= 37 黑胜 loss=26.1052 temp=1.00 total_env_steps=196985 t=0.36s
Ep 4603: len= 38 白胜 loss=26.5705 temp=1.00 total_env_steps=197023 t=0.37s
Ep 4604: len= 31 黑胜 loss=26.7594 temp=1.00 total_env_steps=197054 t=0.33s
Ep 4605: len= 39 黑胜 loss=26.5210 temp=1.00 total_env_steps=197093 t=0.36s
Ep 4606: len= 34 白胜 loss=26.6369 temp=1.00 total_env_steps=197127 t=0.34s
Ep 4607: len= 59 黑胜 loss=26.3159 temp=1.00 total_env_steps=197186 t=0.54s
Ep 4608: len= 51 黑胜 loss=26.2714 temp=1.00 total_env_steps=197237 t=0.44s
Ep 4609: len= 41 黑胜 loss=26.1917 temp=1.00 total_env_steps=197278 t=0.37s
Ep 4610: len= 40 白胜 loss=26.3305 temp=1.00 total_env_steps=197318 t=0.38s
Ep 4611: len= 35 黑胜 loss=26.4504 temp=1.00 total_env_steps=197353 t=0.35s
Ep 4612: len= 57 黑胜 loss=26.9438 temp=1.00 total_env_steps=197410 t=0.47s
Ep 4613: len= 58 白胜 loss=26.4619 temp=1.00 total_env_steps=197468 t=0.48s
Ep 4614: len= 32 白胜 loss=27.0984 temp=1.00 total_env_steps=197500 t=0.35s
Ep 4615: len= 27 黑胜 loss=26.1478 temp=1.00 total_env_steps=197527 t=0.31s
Ep 4616: len= 39 黑胜 loss=26.3399 temp=1.00 total_env_steps=197566 t=0.41s
Ep 4617: len= 41 黑胜 loss=25.8706 temp=1.00 total_env_steps=197607 t=0.36s
Ep 4618: len= 71 黑胜 loss=25.8415 temp=1.00 total_env_steps=197678 t=0.56s
Ep 4619: len= 33 黑胜 loss=26.1631 temp=1.00 total_env_steps=197711 t=0.33s
Ep 4620: len= 32 白胜 loss=26.5591 temp=1.00 total_env_steps=197743 t=0.34s
Ep 4621: len= 35 黑胜 loss=26.1378 temp=1.00 total_env_steps=197778 t=0.35s
Ep 4622: len= 41 黑胜 loss=26.1013 temp=1.00 total_env_steps=197819 t=0.39s
Ep 4623: len= 43 黑胜 loss=26.2870 temp=1.00 total_env_steps=197862 t=0.40s
Ep 4624: len= 52 白胜 loss=26.3635 temp=1.00 total_env_steps=197914 t=0.45s
Ep 4625: len= 38 白胜 loss=26.0345 temp=1.00 total_env_steps=197952 t=0.35s
Ep 4626: len= 40 白胜 loss=26.3664 temp=1.00 total_env_steps=197992 t=0.40s
Ep 4627: len= 41 黑胜 loss=26.5276 temp=1.00 total_env_steps=198033 t=0.39s
Ep 4628: len= 35 黑胜 loss=26.5753 temp=1.00 total_env_steps=198068 t=0.33s
Ep 4629: len= 43 黑胜 loss=26.3408 temp=1.00 total_env_steps=198111 t=0.40s
Ep 4630: len= 44 白胜 loss=26.8622 temp=1.00 total_env_steps=198155 t=0.41s
Ep 4631: len= 40 白胜 loss=26.1497 temp=1.00 total_env_steps=198195 t=0.41s
Ep 4632: len= 38 白胜 loss=25.9033 temp=1.00 total_env_steps=198233 t=0.37s
Ep 4633: len= 39 黑胜 loss=26.2810 temp=1.00 total_env_steps=198272 t=0.40s
Ep 4634: len= 45 黑胜 loss=26.0533 temp=1.00 total_env_steps=198317 t=0.41s
Ep 4635: len= 41 黑胜 loss=26.5894 temp=1.00 total_env_steps=198358 t=0.38s
Ep 4636: len= 43 黑胜 loss=26.3307 temp=1.00 total_env_steps=198401 t=0.38s
Ep 4637: len= 48 白胜 loss=26.0966 temp=1.00 total_env_steps=198449 t=0.43s
Ep 4638: len= 57 黑胜 loss=26.7663 temp=1.00 total_env_steps=198506 t=0.52s
Ep 4639: len= 33 黑胜 loss=26.7720 temp=1.00 total_env_steps=198539 t=0.37s
Ep 4640: len= 28 白胜 loss=26.1884 temp=1.00 total_env_steps=198567 t=0.31s
Ep 4641: len= 40 白胜 loss=26.1006 temp=1.00 total_env_steps=198607 t=0.36s
Ep 4642: len= 59 黑胜 loss=26.5727 temp=1.00 total_env_steps=198666 t=0.51s
Ep 4643: len= 40 白胜 loss=26.5387 temp=1.00 total_env_steps=198706 t=0.37s
Ep 4644: len= 36 白胜 loss=26.9063 temp=1.00 total_env_steps=198742 t=0.36s
Ep 4645: len= 38 白胜 loss=26.0953 temp=1.00 total_env_steps=198780 t=0.37s
Ep 4646: len= 75 黑胜 loss=26.7430 temp=1.00 total_env_steps=198855 t=0.63s
Ep 4647: len= 62 白胜 loss=26.3807 temp=1.00 total_env_steps=198917 t=0.50s
Ep 4648: len= 37 黑胜 loss=26.1725 temp=1.00 total_env_steps=198954 t=0.34s
Ep 4649: len= 29 黑胜 loss=26.7016 temp=1.00 total_env_steps=198983 t=0.30s
Ep 4650: len= 39 黑胜 loss=26.0590 temp=1.00 total_env_steps=199022 t=0.37s
Ep 4651: len= 47 黑胜 loss=26.0159 temp=1.00 total_env_steps=199069 t=0.44s
Ep 4652: len= 75 黑胜 loss=26.8783 temp=1.00 total_env_steps=199144 t=0.59s
Ep 4653: len= 44 白胜 loss=26.6052 temp=1.00 total_env_steps=199188 t=0.41s
Ep 4654: len= 32 白胜 loss=26.5396 temp=1.00 total_env_steps=199220 t=0.34s
Ep 4655: len= 35 黑胜 loss=26.5160 temp=1.00 total_env_steps=199255 t=0.37s
Ep 4656: len= 27 黑胜 loss=26.3164 temp=1.00 total_env_steps=199282 t=0.30s
Ep 4657: len= 55 黑胜 loss=26.8441 temp=1.00 total_env_steps=199337 t=0.49s
Ep 4658: len= 53 黑胜 loss=26.2070 temp=1.00 total_env_steps=199390 t=0.47s
Ep 4659: len= 33 黑胜 loss=26.7811 temp=1.00 total_env_steps=199423 t=0.35s
Ep 4660: len= 47 黑胜 loss=26.2658 temp=1.00 total_env_steps=199470 t=0.49s
Ep 4661: len= 32 白胜 loss=26.4636 temp=1.00 total_env_steps=199502 t=0.35s
Ep 4662: len= 31 黑胜 loss=26.4740 temp=1.00 total_env_steps=199533 t=0.31s
Ep 4663: len= 60 白胜 loss=26.6498 temp=1.00 total_env_steps=199593 t=0.51s
Ep 4664: len= 35 黑胜 loss=26.2035 temp=1.00 total_env_steps=199628 t=0.31s
Ep 4665: len= 39 黑胜 loss=26.5363 temp=1.00 total_env_steps=199667 t=0.37s
Ep 4666: len= 42 白胜 loss=26.6857 temp=1.00 total_env_steps=199709 t=0.38s
Ep 4667: len= 45 黑胜 loss=26.7997 temp=1.00 total_env_steps=199754 t=0.42s
Ep 4668: len= 31 黑胜 loss=26.4301 temp=1.00 total_env_steps=199785 t=0.34s
Ep 4669: len= 23 黑胜 loss=26.1573 temp=1.00 total_env_steps=199808 t=0.30s
Ep 4670: len= 17 黑胜 loss=26.5462 temp=1.00 total_env_steps=199825 t=0.24s
Ep 4671: len= 45 黑胜 loss=26.0821 temp=1.00 total_env_steps=199870 t=0.44s
Ep 4672: len= 41 黑胜 loss=26.1790 temp=1.00 total_env_steps=199911 t=0.40s
Ep 4673: len= 39 黑胜 loss=26.5009 temp=1.00 total_env_steps=199950 t=0.39s
Ep 4674: len= 41 黑胜 loss=26.2592 temp=1.00 total_env_steps=199991 t=0.38s
Ep 4675: len= 47 黑胜 loss=26.4216 temp=1.00 total_env_steps=200038 t=0.43s
Ep 4676: len= 29 黑胜 loss=26.2962 temp=1.00 total_env_steps=200067 t=0.30s
Ep 4677: len= 41 黑胜 loss=26.3384 temp=1.00 total_env_steps=200108 t=0.40s
Ep 4678: len= 47 黑胜 loss=26.9163 temp=1.00 total_env_steps=200155 t=0.41s
Ep 4679: len= 29 黑胜 loss=26.4984 temp=1.00 total_env_steps=200184 t=0.32s
Ep 4680: len= 45 黑胜 loss=26.7311 temp=1.00 total_env_steps=200229 t=0.43s
Ep 4681: len= 29 黑胜 loss=26.7304 temp=1.00 total_env_steps=200258 t=0.32s
Ep 4682: len= 34 白胜 loss=26.6952 temp=1.00 total_env_steps=200292 t=0.36s
Ep 4683: len= 54 白胜 loss=26.0467 temp=1.00 total_env_steps=200346 t=0.46s
Ep 4684: len= 41 黑胜 loss=26.1792 temp=1.00 total_env_steps=200387 t=0.38s
Ep 4685: len= 29 黑胜 loss=26.7302 temp=1.00 total_env_steps=200416 t=0.33s
Ep 4686: len= 45 黑胜 loss=26.4361 temp=1.00 total_env_steps=200461 t=0.42s
Ep 4687: len= 27 黑胜 loss=26.4973 temp=1.00 total_env_steps=200488 t=0.28s
Ep 4688: len= 35 黑胜 loss=26.1104 temp=1.00 total_env_steps=200523 t=0.34s
Ep 4689: len= 19 黑胜 loss=26.1858 temp=1.00 total_env_steps=200542 t=0.25s
Ep 4690: len= 77 黑胜 loss=26.3670 temp=1.00 total_env_steps=200619 t=0.66s
Ep 4691: len= 48 白胜 loss=26.1071 temp=1.00 total_env_steps=200667 t=0.45s
Ep 4692: len= 39 黑胜 loss=26.1745 temp=1.00 total_env_steps=200706 t=0.37s
Ep 4693: len= 54 白胜 loss=26.5684 temp=1.00 total_env_steps=200760 t=0.46s
Ep 4694: len= 29 黑胜 loss=26.2677 temp=1.00 total_env_steps=200789 t=0.33s
Ep 4695: len= 66 白胜 loss=26.6129 temp=1.00 total_env_steps=200855 t=0.55s
Ep 4696: len= 51 黑胜 loss=26.5835 temp=1.00 total_env_steps=200906 t=0.49s
Ep 4697: len= 44 白胜 loss=26.4515 temp=1.00 total_env_steps=200950 t=0.43s
Ep 4698: len= 35 黑胜 loss=26.4652 temp=1.00 total_env_steps=200985 t=0.37s
Ep 4699: len= 48 白胜 loss=26.7564 temp=1.00 total_env_steps=201033 t=0.46s
Ep 4700: len= 54 白胜 loss=26.3713 temp=1.00 total_env_steps=201087 t=0.47s
Ep 4701: len= 28 白胜 loss=26.6787 temp=1.00 total_env_steps=201115 t=0.31s
Ep 4702: len= 64 白胜 loss=26.6125 temp=1.00 total_env_steps=201179 t=0.56s
Ep 4703: len= 48 白胜 loss=26.5243 temp=1.00 total_env_steps=201227 t=0.44s
Ep 4704: len= 42 白胜 loss=26.3277 temp=1.00 total_env_steps=201269 t=0.41s
Ep 4705: len= 30 白胜 loss=26.6926 temp=1.00 total_env_steps=201299 t=0.32s
Ep 4706: len= 24 白胜 loss=26.9439 temp=1.00 total_env_steps=201323 t=0.33s
Ep 4707: len= 36 白胜 loss=26.4201 temp=1.00 total_env_steps=201359 t=0.37s
Ep 4708: len= 57 黑胜 loss=26.3283 temp=1.00 total_env_steps=201416 t=0.49s
Ep 4709: len= 30 白胜 loss=26.6903 temp=1.00 total_env_steps=201446 t=0.32s
Ep 4710: len= 35 黑胜 loss=26.7039 temp=1.00 total_env_steps=201481 t=0.38s
Ep 4711: len= 37 黑胜 loss=26.4983 temp=1.00 total_env_steps=201518 t=0.41s
Ep 4712: len= 49 黑胜 loss=26.4504 temp=1.00 total_env_steps=201567 t=0.44s
Ep 4713: len= 81 平局 loss=26.2114 temp=1.00 total_env_steps=201648 t=0.68s
Ep 4714: len= 41 黑胜 loss=26.2456 temp=1.00 total_env_steps=201689 t=0.40s
Ep 4715: len= 36 白胜 loss=26.5277 temp=1.00 total_env_steps=201725 t=0.38s
Ep 4716: len= 46 白胜 loss=26.5457 temp=1.00 total_env_steps=201771 t=0.46s
Ep 4717: len= 24 白胜 loss=26.7866 temp=1.00 total_env_steps=201795 t=0.29s
Ep 4718: len= 30 白胜 loss=26.4564 temp=1.00 total_env_steps=201825 t=0.37s
Ep 4719: len= 37 黑胜 loss=26.4913 temp=1.00 total_env_steps=201862 t=0.39s
Ep 4720: len= 33 黑胜 loss=26.1541 temp=1.00 total_env_steps=201895 t=0.34s
Ep 4721: len= 31 黑胜 loss=26.2072 temp=1.00 total_env_steps=201926 t=0.36s
Ep 4722: len= 26 白胜 loss=26.8367 temp=1.00 total_env_steps=201952 t=0.30s
Ep 4723: len= 38 白胜 loss=26.5011 temp=1.00 total_env_steps=201990 t=0.39s
Ep 4724: len= 48 白胜 loss=26.2105 temp=1.00 total_env_steps=202038 t=0.48s
Ep 4725: len= 37 黑胜 loss=26.2939 temp=1.00 total_env_steps=202075 t=0.37s
Ep 4726: len= 31 黑胜 loss=26.7064 temp=1.00 total_env_steps=202106 t=0.33s
Ep 4727: len= 59 黑胜 loss=25.9256 temp=1.00 total_env_steps=202165 t=0.51s
Ep 4728: len= 33 黑胜 loss=26.3174 temp=1.00 total_env_steps=202198 t=0.39s
Ep 4729: len= 35 黑胜 loss=26.6366 temp=1.00 total_env_steps=202233 t=0.37s
Ep 4730: len= 29 黑胜 loss=26.7657 temp=1.00 total_env_steps=202262 t=0.31s
Ep 4731: len= 28 白胜 loss=26.6551 temp=1.00 total_env_steps=202290 t=0.30s
Ep 4732: len= 34 白胜 loss=26.3981 temp=1.00 total_env_steps=202324 t=0.35s
Ep 4733: len= 25 黑胜 loss=26.8230 temp=1.00 total_env_steps=202349 t=0.31s
Ep 4734: len= 51 黑胜 loss=26.4876 temp=1.00 total_env_steps=202400 t=0.46s
Ep 4735: len= 32 白胜 loss=26.6793 temp=1.00 total_env_steps=202432 t=0.34s
Ep 4736: len= 54 白胜 loss=26.5811 temp=1.00 total_env_steps=202486 t=0.47s
Ep 4737: len= 45 黑胜 loss=26.3679 temp=1.00 total_env_steps=202531 t=0.40s
Ep 4738: len= 51 黑胜 loss=26.2465 temp=1.00 total_env_steps=202582 t=0.42s
Ep 4739: len= 28 白胜 loss=26.5443 temp=1.00 total_env_steps=202610 t=0.32s
Ep 4740: len= 32 白胜 loss=26.1269 temp=1.00 total_env_steps=202642 t=0.34s
Ep 4741: len= 25 黑胜 loss=26.7072 temp=1.00 total_env_steps=202667 t=0.28s
Ep 4742: len= 33 黑胜 loss=26.4909 temp=1.00 total_env_steps=202700 t=0.33s
Ep 4743: len= 60 白胜 loss=26.5626 temp=1.00 total_env_steps=202760 t=0.52s
Ep 4744: len= 35 黑胜 loss=26.8210 temp=1.00 total_env_steps=202795 t=0.35s
Ep 4745: len= 37 黑胜 loss=26.4560 temp=1.00 total_env_steps=202832 t=0.38s
Ep 4746: len= 30 白胜 loss=26.7440 temp=1.00 total_env_steps=202862 t=0.31s
Ep 4747: len= 62 白胜 loss=26.3978 temp=1.00 total_env_steps=202924 t=0.54s
Ep 4748: len= 32 白胜 loss=26.0571 temp=1.00 total_env_steps=202956 t=0.35s
Ep 4749: len= 38 白胜 loss=26.1972 temp=1.00 total_env_steps=202994 t=0.38s
Ep 4750: len= 19 黑胜 loss=26.6139 temp=1.00 total_env_steps=203013 t=0.25s
Ep 4751: len= 72 白胜 loss=26.6919 temp=1.00 total_env_steps=203085 t=0.59s
Ep 4752: len= 48 白胜 loss=26.5318 temp=1.00 total_env_steps=203133 t=0.43s
Ep 4753: len= 36 白胜 loss=26.7685 temp=1.00 total_env_steps=203169 t=0.38s
Ep 4754: len= 17 黑胜 loss=26.4165 temp=1.00 total_env_steps=203186 t=0.23s
Ep 4755: len= 51 黑胜 loss=26.7971 temp=1.00 total_env_steps=203237 t=0.43s
Ep 4756: len= 43 黑胜 loss=26.8359 temp=1.00 total_env_steps=203280 t=0.42s
Ep 4757: len= 60 白胜 loss=26.2361 temp=1.00 total_env_steps=203340 t=0.51s
Ep 4758: len= 24 白胜 loss=26.4728 temp=1.00 total_env_steps=203364 t=0.26s
Ep 4759: len= 29 黑胜 loss=26.6500 temp=1.00 total_env_steps=203393 t=0.29s
Ep 4760: len= 44 白胜 loss=26.9172 temp=1.00 total_env_steps=203437 t=0.42s
Ep 4761: len= 47 黑胜 loss=26.3563 temp=1.00 total_env_steps=203484 t=0.44s
Ep 4762: len= 27 黑胜 loss=26.2884 temp=1.00 total_env_steps=203511 t=0.33s
Ep 4763: len= 46 白胜 loss=26.6516 temp=1.00 total_env_steps=203557 t=0.44s
Ep 4764: len= 33 黑胜 loss=26.2878 temp=1.00 total_env_steps=203590 t=0.36s
Ep 4765: len= 47 黑胜 loss=26.6447 temp=1.00 total_env_steps=203637 t=0.45s
Ep 4766: len= 65 黑胜 loss=25.9882 temp=1.00 total_env_steps=203702 t=0.53s
Ep 4767: len= 57 黑胜 loss=26.2335 temp=1.00 total_env_steps=203759 t=0.49s
Ep 4768: len= 31 黑胜 loss=26.4838 temp=1.00 total_env_steps=203790 t=0.31s
Ep 4769: len= 42 白胜 loss=26.5654 temp=1.00 total_env_steps=203832 t=0.37s
Ep 4770: len= 34 白胜 loss=26.6647 temp=1.00 total_env_steps=203866 t=0.33s
Ep 4771: len= 38 白胜 loss=27.0782 temp=1.00 total_env_steps=203904 t=0.37s
Ep 4772: len= 43 黑胜 loss=26.4298 temp=1.00 total_env_steps=203947 t=0.40s
Ep 4773: len= 31 黑胜 loss=26.5076 temp=1.00 total_env_steps=203978 t=0.34s
Ep 4774: len= 33 黑胜 loss=26.8042 temp=1.00 total_env_steps=204011 t=0.33s
Ep 4775: len= 29 黑胜 loss=26.2704 temp=1.00 total_env_steps=204040 t=0.31s
Ep 4776: len= 51 黑胜 loss=26.5499 temp=1.00 total_env_steps=204091 t=0.45s
Ep 4777: len= 28 白胜 loss=26.7113 temp=1.00 total_env_steps=204119 t=0.36s
Ep 4778: len= 52 白胜 loss=26.3145 temp=1.00 total_env_steps=204171 t=0.49s
Ep 4779: len= 42 白胜 loss=26.3675 temp=1.00 total_env_steps=204213 t=0.41s
Ep 4780: len= 68 白胜 loss=26.4734 temp=1.00 total_env_steps=204281 t=0.58s
Ep 4781: len= 33 黑胜 loss=26.3944 temp=1.00 total_env_steps=204314 t=0.31s
Ep 4782: len= 42 白胜 loss=26.4552 temp=1.00 total_env_steps=204356 t=0.39s
Ep 4783: len= 39 黑胜 loss=26.4476 temp=1.00 total_env_steps=204395 t=0.40s
Ep 4784: len= 35 黑胜 loss=26.6604 temp=1.00 total_env_steps=204430 t=0.34s
Ep 4785: len= 35 黑胜 loss=26.2323 temp=1.00 total_env_steps=204465 t=0.36s
Ep 4786: len= 27 黑胜 loss=26.4117 temp=1.00 total_env_steps=204492 t=0.34s
Ep 4787: len= 37 黑胜 loss=26.5482 temp=1.00 total_env_steps=204529 t=0.37s
Ep 4788: len= 46 白胜 loss=26.1409 temp=1.00 total_env_steps=204575 t=0.42s
Ep 4789: len= 29 黑胜 loss=26.4629 temp=1.00 total_env_steps=204604 t=0.30s
Ep 4790: len= 25 黑胜 loss=26.5040 temp=1.00 total_env_steps=204629 t=0.28s
Ep 4791: len= 42 白胜 loss=26.4967 temp=1.00 total_env_steps=204671 t=0.40s
Ep 4792: len= 38 白胜 loss=26.3912 temp=1.00 total_env_steps=204709 t=0.37s
Ep 4793: len= 49 黑胜 loss=26.4857 temp=1.00 total_env_steps=204758 t=0.41s
Ep 4794: len= 29 黑胜 loss=25.9967 temp=1.00 total_env_steps=204787 t=0.32s
Ep 4795: len= 53 黑胜 loss=26.3713 temp=1.00 total_env_steps=204840 t=0.45s
Ep 4796: len= 57 黑胜 loss=26.5959 temp=1.00 total_env_steps=204897 t=0.49s
Ep 4797: len= 19 黑胜 loss=26.5298 temp=1.00 total_env_steps=204916 t=0.25s
Ep 4798: len= 60 白胜 loss=26.2280 temp=1.00 total_env_steps=204976 t=0.50s
Ep 4799: len= 51 黑胜 loss=26.3931 temp=1.00 total_env_steps=205027 t=0.51s
Ep 4800: len= 35 黑胜 loss=26.6755 temp=1.00 total_env_steps=205062 t=0.35s
Ep 4801: len= 25 黑胜 loss=26.4464 temp=1.00 total_env_steps=205087 t=0.28s
Ep 4802: len= 51 黑胜 loss=26.4585 temp=1.00 total_env_steps=205138 t=0.43s
Ep 4803: len= 31 黑胜 loss=27.0357 temp=1.00 total_env_steps=205169 t=0.29s
Ep 4804: len= 37 黑胜 loss=26.4098 temp=1.00 total_env_steps=205206 t=0.37s
Ep 4805: len= 39 黑胜 loss=26.1189 temp=1.00 total_env_steps=205245 t=0.37s
Ep 4806: len= 64 白胜 loss=26.6160 temp=1.00 total_env_steps=205309 t=0.53s
Ep 4807: len= 41 黑胜 loss=26.6328 temp=1.00 total_env_steps=205350 t=0.39s
Ep 4808: len= 34 白胜 loss=25.7925 temp=1.00 total_env_steps=205384 t=0.34s
Ep 4809: len= 64 白胜 loss=26.3611 temp=1.00 total_env_steps=205448 t=0.53s
Ep 4810: len= 54 白胜 loss=26.1986 temp=1.00 total_env_steps=205502 t=0.47s
Ep 4811: len= 56 白胜 loss=26.6585 temp=1.00 total_env_steps=205558 t=0.49s
Ep 4812: len= 49 黑胜 loss=26.1178 temp=1.00 total_env_steps=205607 t=0.46s
Ep 4813: len= 41 黑胜 loss=26.1395 temp=1.00 total_env_steps=205648 t=0.40s
Ep 4814: len= 41 黑胜 loss=26.7425 temp=1.00 total_env_steps=205689 t=0.39s
Ep 4815: len= 49 黑胜 loss=26.2925 temp=1.00 total_env_steps=205738 t=0.42s
Ep 4816: len= 64 白胜 loss=26.5868 temp=1.00 total_env_steps=205802 t=0.52s
Ep 4817: len= 43 黑胜 loss=26.4583 temp=1.00 total_env_steps=205845 t=0.38s
Ep 4818: len= 42 白胜 loss=26.8229 temp=1.00 total_env_steps=205887 t=0.39s
Ep 4819: len= 49 黑胜 loss=26.4919 temp=1.00 total_env_steps=205936 t=0.43s
Ep 4820: len= 57 黑胜 loss=26.3449 temp=1.00 total_env_steps=205993 t=0.48s
Ep 4821: len= 52 白胜 loss=26.3976 temp=1.00 total_env_steps=206045 t=0.44s
Ep 4822: len= 47 黑胜 loss=26.7207 temp=1.00 total_env_steps=206092 t=0.42s
Ep 4823: len= 72 白胜 loss=26.4403 temp=1.00 total_env_steps=206164 t=0.62s
Ep 4824: len= 23 黑胜 loss=26.2357 temp=1.00 total_env_steps=206187 t=0.26s
Ep 4825: len= 47 黑胜 loss=26.5909 temp=1.00 total_env_steps=206234 t=0.42s
Ep 4826: len= 27 黑胜 loss=26.8469 temp=1.00 total_env_steps=206261 t=0.32s
Ep 4827: len= 45 黑胜 loss=26.3823 temp=1.00 total_env_steps=206306 t=0.40s
Ep 4828: len= 38 白胜 loss=26.6981 temp=1.00 total_env_steps=206344 t=0.37s
Ep 4829: len= 49 黑胜 loss=26.7222 temp=1.00 total_env_steps=206393 t=0.43s
Ep 4830: len= 35 黑胜 loss=26.7394 temp=1.00 total_env_steps=206428 t=0.37s
Ep 4831: len= 29 黑胜 loss=26.6569 temp=1.00 total_env_steps=206457 t=0.36s
Ep 4832: len= 43 黑胜 loss=26.5613 temp=1.00 total_env_steps=206500 t=0.42s
Ep 4833: len= 33 黑胜 loss=26.4539 temp=1.00 total_env_steps=206533 t=0.35s
Ep 4834: len= 32 白胜 loss=26.4009 temp=1.00 total_env_steps=206565 t=0.35s
Ep 4835: len= 29 黑胜 loss=26.9094 temp=1.00 total_env_steps=206594 t=0.34s
Ep 4836: len= 24 白胜 loss=26.6523 temp=1.00 total_env_steps=206618 t=0.29s
Ep 4837: len= 37 黑胜 loss=26.8894 temp=1.00 total_env_steps=206655 t=0.39s
Ep 4838: len= 25 黑胜 loss=26.8204 temp=1.00 total_env_steps=206680 t=0.30s
Ep 4839: len= 45 黑胜 loss=26.6939 temp=1.00 total_env_steps=206725 t=0.45s
Ep 4840: len= 38 白胜 loss=26.5570 temp=1.00 total_env_steps=206763 t=0.39s
Ep 4841: len= 33 黑胜 loss=26.4216 temp=1.00 total_env_steps=206796 t=0.35s
Ep 4842: len= 30 白胜 loss=26.5908 temp=1.00 total_env_steps=206826 t=0.33s
Ep 4843: len= 49 黑胜 loss=26.2959 temp=1.00 total_env_steps=206875 t=0.43s
Ep 4844: len= 62 白胜 loss=26.5345 temp=1.00 total_env_steps=206937 t=0.53s
Ep 4845: len= 46 白胜 loss=26.8041 temp=1.00 total_env_steps=206983 t=0.47s
Ep 4846: len= 37 黑胜 loss=26.4605 temp=1.00 total_env_steps=207020 t=0.37s
Ep 4847: len= 40 白胜 loss=26.5552 temp=1.00 total_env_steps=207060 t=0.38s
Ep 4848: len= 26 白胜 loss=26.1195 temp=1.00 total_env_steps=207086 t=0.29s
Ep 4849: len= 58 白胜 loss=26.1607 temp=1.00 total_env_steps=207144 t=0.51s
Ep 4850: len= 44 白胜 loss=26.4741 temp=1.00 total_env_steps=207188 t=0.44s
Ep 4851: len= 41 黑胜 loss=26.6133 temp=1.00 total_env_steps=207229 t=0.39s
Ep 4852: len= 51 黑胜 loss=26.8880 temp=1.00 total_env_steps=207280 t=0.45s
Ep 4853: len= 39 黑胜 loss=26.3996 temp=1.00 total_env_steps=207319 t=0.38s
Ep 4854: len= 28 白胜 loss=26.3371 temp=1.00 total_env_steps=207347 t=0.30s
Ep 4855: len= 54 白胜 loss=26.7177 temp=1.00 total_env_steps=207401 t=0.50s
Ep 4856: len= 23 黑胜 loss=26.9533 temp=1.00 total_env_steps=207424 t=0.30s
Ep 4857: len= 31 黑胜 loss=26.2619 temp=1.00 total_env_steps=207455 t=0.34s
Ep 4858: len= 53 黑胜 loss=26.4852 temp=1.00 total_env_steps=207508 t=0.45s
Ep 4859: len= 44 白胜 loss=26.7692 temp=1.00 total_env_steps=207552 t=0.42s
Ep 4860: len= 53 黑胜 loss=26.6202 temp=1.00 total_env_steps=207605 t=0.44s
Ep 4861: len= 40 白胜 loss=26.4474 temp=1.00 total_env_steps=207645 t=0.37s
Ep 4862: len= 37 黑胜 loss=26.5280 temp=1.00 total_env_steps=207682 t=0.44s
Ep 4863: len= 38 白胜 loss=26.2501 temp=1.00 total_env_steps=207720 t=0.38s
Ep 4864: len= 33 黑胜 loss=26.5308 temp=1.00 total_env_steps=207753 t=0.34s
Ep 4865: len= 43 黑胜 loss=26.4589 temp=1.00 total_env_steps=207796 t=0.42s
Ep 4866: len= 67 黑胜 loss=26.8051 temp=1.00 total_env_steps=207863 t=0.56s
Ep 4867: len= 31 黑胜 loss=25.9999 temp=1.00 total_env_steps=207894 t=0.33s
Ep 4868: len= 42 白胜 loss=26.5869 temp=1.00 total_env_steps=207936 t=0.40s
Ep 4869: len= 31 黑胜 loss=26.4969 temp=1.00 total_env_steps=207967 t=0.32s
Ep 4870: len= 17 黑胜 loss=26.5303 temp=1.00 total_env_steps=207984 t=0.25s
Ep 4871: len= 36 白胜 loss=26.7790 temp=1.00 total_env_steps=208020 t=0.37s
Ep 4872: len= 20 白胜 loss=26.8373 temp=1.00 total_env_steps=208040 t=0.28s
Ep 4873: len= 42 白胜 loss=26.6262 temp=1.00 total_env_steps=208082 t=0.40s
Ep 4874: len= 35 黑胜 loss=26.5171 temp=1.00 total_env_steps=208117 t=0.35s
Ep 4875: len= 49 黑胜 loss=26.3003 temp=1.00 total_env_steps=208166 t=0.43s
Ep 4876: len= 41 黑胜 loss=26.6069 temp=1.00 total_env_steps=208207 t=0.38s
Ep 4877: len= 48 白胜 loss=26.5227 temp=1.00 total_env_steps=208255 t=0.43s
Ep 4878: len= 41 黑胜 loss=26.5324 temp=1.00 total_env_steps=208296 t=0.40s
Ep 4879: len= 48 白胜 loss=26.4829 temp=1.00 total_env_steps=208344 t=0.42s
Ep 4880: len= 39 黑胜 loss=26.3350 temp=1.00 total_env_steps=208383 t=0.37s
Ep 4881: len= 33 黑胜 loss=26.5179 temp=1.00 total_env_steps=208416 t=0.34s
Ep 4882: len= 32 白胜 loss=26.8819 temp=1.00 total_env_steps=208448 t=0.35s
Ep 4883: len= 25 黑胜 loss=26.5651 temp=1.00 total_env_steps=208473 t=0.30s
Ep 4884: len= 23 黑胜 loss=26.5741 temp=1.00 total_env_steps=208496 t=0.27s
Ep 4885: len= 29 黑胜 loss=26.3870 temp=1.00 total_env_steps=208525 t=0.32s
Ep 4886: len= 38 白胜 loss=26.3462 temp=1.00 total_env_steps=208563 t=0.34s
Ep 4887: len= 47 黑胜 loss=26.2250 temp=1.00 total_env_steps=208610 t=0.41s
Ep 4888: len= 37 黑胜 loss=26.2098 temp=1.00 total_env_steps=208647 t=0.37s
Ep 4889: len= 39 黑胜 loss=26.9135 temp=1.00 total_env_steps=208686 t=0.38s
Ep 4890: len= 35 黑胜 loss=26.4768 temp=1.00 total_env_steps=208721 t=0.35s
Ep 4891: len= 29 黑胜 loss=26.0194 temp=1.00 total_env_steps=208750 t=0.32s
Ep 4892: len= 42 白胜 loss=26.7187 temp=1.00 total_env_steps=208792 t=0.41s
Ep 4893: len= 49 黑胜 loss=26.4708 temp=1.00 total_env_steps=208841 t=0.47s
Ep 4894: len= 49 黑胜 loss=26.6577 temp=1.00 total_env_steps=208890 t=0.43s
Ep 4895: len= 71 黑胜 loss=26.8727 temp=1.00 total_env_steps=208961 t=0.59s
Ep 4896: len= 53 黑胜 loss=26.6286 temp=1.00 total_env_steps=209014 t=0.49s
Ep 4897: len= 32 白胜 loss=26.6187 temp=1.00 total_env_steps=209046 t=0.37s
Ep 4898: len= 36 白胜 loss=26.6645 temp=1.00 total_env_steps=209082 t=0.39s
Ep 4899: len= 58 白胜 loss=26.4426 temp=1.00 total_env_steps=209140 t=0.50s
Ep 4900: len= 35 黑胜 loss=26.6677 temp=1.00 total_env_steps=209175 t=0.36s
Ep 4901: len= 45 黑胜 loss=26.4092 temp=1.00 total_env_steps=209220 t=0.43s
Ep 4902: len= 29 黑胜 loss=26.5594 temp=1.00 total_env_steps=209249 t=0.32s
Ep 4903: len= 65 黑胜 loss=26.0268 temp=1.00 total_env_steps=209314 t=0.54s
Ep 4904: len= 28 白胜 loss=26.2875 temp=1.00 total_env_steps=209342 t=0.32s
Ep 4905: len= 35 黑胜 loss=26.6504 temp=1.00 total_env_steps=209377 t=0.37s
Ep 4906: len= 40 白胜 loss=26.3002 temp=1.00 total_env_steps=209417 t=0.39s
Ep 4907: len= 27 黑胜 loss=26.7201 temp=1.00 total_env_steps=209444 t=0.33s
Ep 4908: len= 36 白胜 loss=26.1201 temp=1.00 total_env_steps=209480 t=0.37s
Ep 4909: len= 22 白胜 loss=26.5454 temp=1.00 total_env_steps=209502 t=0.34s
Ep 4910: len= 27 黑胜 loss=26.5957 temp=1.00 total_env_steps=209529 t=0.33s
Ep 4911: len= 37 黑胜 loss=26.2943 temp=1.00 total_env_steps=209566 t=0.39s
Ep 4912: len= 73 黑胜 loss=26.9189 temp=1.00 total_env_steps=209639 t=0.71s
Ep 4913: len= 39 黑胜 loss=26.1778 temp=1.00 total_env_steps=209678 t=0.42s
Ep 4914: len= 27 黑胜 loss=26.6173 temp=1.00 total_env_steps=209705 t=0.31s
Ep 4915: len= 45 黑胜 loss=26.8993 temp=1.00 total_env_steps=209750 t=0.45s
Ep 4916: len= 51 黑胜 loss=26.2419 temp=1.00 total_env_steps=209801 t=0.51s
Ep 4917: len= 33 黑胜 loss=26.7539 temp=1.00 total_env_steps=209834 t=0.39s
Ep 4918: len= 38 白胜 loss=26.4812 temp=1.00 total_env_steps=209872 t=0.38s
Ep 4919: len= 33 黑胜 loss=26.5170 temp=1.00 total_env_steps=209905 t=0.37s
Ep 4920: len= 27 黑胜 loss=26.5969 temp=1.00 total_env_steps=209932 t=0.32s
Ep 4921: len= 29 黑胜 loss=26.6651 temp=1.00 total_env_steps=209961 t=0.36s
Ep 4922: len= 28 白胜 loss=26.6378 temp=1.00 total_env_steps=209989 t=0.33s
Ep 4923: len= 59 黑胜 loss=26.6513 temp=1.00 total_env_steps=210048 t=0.55s
Ep 4924: len= 28 白胜 loss=26.6561 temp=1.00 total_env_steps=210076 t=0.33s
Ep 4925: len= 50 白胜 loss=26.2366 temp=1.00 total_env_steps=210126 t=0.50s
Ep 4926: len= 49 黑胜 loss=26.5176 temp=1.00 total_env_steps=210175 t=0.49s
Ep 4927: len= 60 白胜 loss=26.6591 temp=1.00 total_env_steps=210235 t=0.53s
Ep 4928: len= 43 黑胜 loss=26.2697 temp=1.00 total_env_steps=210278 t=0.46s
Ep 4929: len= 33 黑胜 loss=26.6990 temp=1.00 total_env_steps=210311 t=0.33s
Ep 4930: len= 56 白胜 loss=26.6627 temp=1.00 total_env_steps=210367 t=0.51s
Ep 4931: len= 45 黑胜 loss=26.6992 temp=1.00 total_env_steps=210412 t=0.42s
Ep 4932: len= 35 黑胜 loss=26.8855 temp=1.00 total_env_steps=210447 t=0.37s
Ep 4933: len= 29 黑胜 loss=26.4610 temp=1.00 total_env_steps=210476 t=0.36s
Ep 4934: len= 49 黑胜 loss=26.5564 temp=1.00 total_env_steps=210525 t=0.46s
Ep 4935: len= 38 白胜 loss=26.4511 temp=1.00 total_env_steps=210563 t=0.40s
Ep 4936: len= 53 黑胜 loss=26.7421 temp=1.00 total_env_steps=210616 t=0.58s
Ep 4937: len= 50 白胜 loss=26.2089 temp=1.00 total_env_steps=210666 t=0.45s
Ep 4938: len= 33 黑胜 loss=26.5771 temp=1.00 total_env_steps=210699 t=0.37s
Ep 4939: len= 40 白胜 loss=26.8660 temp=1.00 total_env_steps=210739 t=0.40s
Ep 4940: len= 30 白胜 loss=26.2459 temp=1.00 total_env_steps=210769 t=0.31s
Ep 4941: len= 49 黑胜 loss=26.7556 temp=1.00 total_env_steps=210818 t=0.46s
Ep 4942: len= 52 白胜 loss=26.8133 temp=1.00 total_env_steps=210870 t=0.93s
Ep 4943: len= 40 白胜 loss=26.4749 temp=1.00 total_env_steps=210910 t=0.84s
Ep 4944: len= 49 黑胜 loss=26.4033 temp=1.00 total_env_steps=210959 t=0.50s
Ep 4945: len= 44 白胜 loss=26.3142 temp=1.00 total_env_steps=211003 t=0.45s
Ep 4946: len= 39 黑胜 loss=25.9484 temp=1.00 total_env_steps=211042 t=0.38s
Ep 4947: len= 74 白胜 loss=26.8348 temp=1.00 total_env_steps=211116 t=0.63s
Ep 4948: len= 29 黑胜 loss=25.9996 temp=1.00 total_env_steps=211145 t=0.32s
Ep 4949: len= 30 白胜 loss=26.7486 temp=1.00 total_env_steps=211175 t=0.31s
Ep 4950: len= 57 黑胜 loss=26.3855 temp=1.00 total_env_steps=211232 t=0.56s
Ep 4951: len= 53 黑胜 loss=26.3353 temp=1.00 total_env_steps=211285 t=0.49s
Ep 4952: len= 44 白胜 loss=26.8862 temp=1.00 total_env_steps=211329 t=0.40s
Ep 4953: len= 31 黑胜 loss=26.6322 temp=1.00 total_env_steps=211360 t=0.34s
Ep 4954: len= 56 白胜 loss=25.8594 temp=1.00 total_env_steps=211416 t=0.53s
Ep 4955: len= 43 黑胜 loss=26.8461 temp=1.00 total_env_steps=211459 t=0.41s
Ep 4956: len= 39 黑胜 loss=26.4123 temp=1.00 total_env_steps=211498 t=0.38s
Ep 4957: len= 37 黑胜 loss=26.6993 temp=1.00 total_env_steps=211535 t=0.40s
Ep 4958: len= 41 黑胜 loss=26.4066 temp=1.00 total_env_steps=211576 t=0.42s
Ep 4959: len= 33 黑胜 loss=26.7220 temp=1.00 total_env_steps=211609 t=0.34s
Ep 4960: len= 34 白胜 loss=26.5662 temp=1.00 total_env_steps=211643 t=0.36s
Ep 4961: len= 46 白胜 loss=26.5608 temp=1.00 total_env_steps=211689 t=0.44s
Ep 4962: len= 43 黑胜 loss=26.5301 temp=1.00 total_env_steps=211732 t=0.43s
Ep 4963: len= 69 黑胜 loss=26.1606 temp=1.00 total_env_steps=211801 t=0.69s
Ep 4964: len= 66 白胜 loss=26.2841 temp=1.00 total_env_steps=211867 t=0.67s
Ep 4965: len= 35 黑胜 loss=26.5205 temp=1.00 total_env_steps=211902 t=0.39s
Ep 4966: len= 43 黑胜 loss=26.8184 temp=1.00 total_env_steps=211945 t=0.42s
Ep 4967: len= 56 白胜 loss=25.8925 temp=1.00 total_env_steps=212001 t=0.48s
Ep 4968: len= 37 黑胜 loss=26.6459 temp=1.00 total_env_steps=212038 t=0.40s
Ep 4969: len= 50 白胜 loss=26.0920 temp=1.00 total_env_steps=212088 t=0.49s
Ep 4970: len= 72 白胜 loss=26.7829 temp=1.00 total_env_steps=212160 t=0.61s
Ep 4971: len= 39 黑胜 loss=26.5366 temp=1.00 total_env_steps=212199 t=0.41s
Ep 4972: len= 29 黑胜 loss=26.5510 temp=1.00 total_env_steps=212228 t=0.35s
Ep 4973: len= 39 黑胜 loss=26.4200 temp=1.00 total_env_steps=212267 t=0.42s
Ep 4974: len= 31 黑胜 loss=26.4015 temp=1.00 total_env_steps=212298 t=0.35s
Ep 4975: len= 27 黑胜 loss=26.3643 temp=1.00 total_env_steps=212325 t=0.32s
Ep 4976: len= 43 黑胜 loss=26.2597 temp=1.00 total_env_steps=212368 t=0.44s
Ep 4977: len= 42 白胜 loss=26.1169 temp=1.00 total_env_steps=212410 t=0.46s
Ep 4978: len= 30 白胜 loss=26.2687 temp=1.00 total_env_steps=212440 t=0.34s
Ep 4979: len= 17 黑胜 loss=26.5716 temp=1.00 total_env_steps=212457 t=0.25s
Ep 4980: len= 57 黑胜 loss=26.2119 temp=1.00 total_env_steps=212514 t=0.55s
Ep 4981: len= 49 黑胜 loss=26.0833 temp=1.00 total_env_steps=212563 t=0.45s
Ep 4982: len= 38 白胜 loss=26.5613 temp=1.00 total_env_steps=212601 t=0.38s
Ep 4983: len= 59 黑胜 loss=25.9962 temp=1.00 total_env_steps=212660 t=0.52s
Ep 4984: len= 36 白胜 loss=26.3601 temp=1.00 total_env_steps=212696 t=0.36s
Ep 4985: len= 47 黑胜 loss=26.1262 temp=1.00 total_env_steps=212743 t=0.42s
Ep 4986: len= 48 白胜 loss=26.5429 temp=1.00 total_env_steps=212791 t=0.44s
Ep 4987: len= 40 白胜 loss=26.1620 temp=1.00 total_env_steps=212831 t=0.40s
Ep 4988: len= 39 黑胜 loss=26.7242 temp=1.00 total_env_steps=212870 t=0.40s
Ep 4989: len= 24 白胜 loss=26.2751 temp=1.00 total_env_steps=212894 t=0.29s
Ep 4990: len= 53 黑胜 loss=26.6662 temp=1.00 total_env_steps=212947 t=0.52s
Ep 4991: len= 54 白胜 loss=26.5770 temp=1.00 total_env_steps=213001 t=0.51s
Ep 4992: len= 73 黑胜 loss=26.1564 temp=1.00 total_env_steps=213074 t=0.69s
Ep 4993: len= 37 黑胜 loss=25.9811 temp=1.00 total_env_steps=213111 t=0.38s
Ep 4994: len= 31 黑胜 loss=26.6725 temp=1.00 total_env_steps=213142 t=0.35s
Ep 4995: len= 35 黑胜 loss=26.2008 temp=1.00 total_env_steps=213177 t=0.38s
Ep 4996: len= 37 黑胜 loss=26.4875 temp=1.00 total_env_steps=213214 t=0.42s
Ep 4997: len= 71 黑胜 loss=26.7429 temp=1.00 total_env_steps=213285 t=0.65s
Ep 4998: len= 27 黑胜 loss=25.8083 temp=1.00 total_env_steps=213312 t=0.33s
Ep 4999: len= 39 黑胜 loss=26.2905 temp=1.00 total_env_steps=213351 t=0.38s
Ep 5000: len= 47 黑胜 loss=26.1790 temp=1.00 total_env_steps=213398 t=0.48s
  eval vs Gomoku-random-v0: win_rate=1.00 mean_return=1.00（20 局，total_env_steps=213398）
[闸门] vs random（40 局）: win_rate=1.000
[闸门] vs 半程快照（40 局，黑白各半）: score=0.800
[梯队] vs naive0（20 局，观察性）: win_rate=0.35
[梯队] vs naive1（20 局，观察性）: win_rate=0.05
[梯队] vs naive2（20 局，观察性）: win_rate=0.05
[梯队] vs naive3（20 局，观察性）: win_rate=0.00
📈 Gomoku-selfplay-v0 win_rate=1.00（best 1.00）| 门槛 0.95 | 2204.5s

--- M3 arm=pure_selfplay_ctrlext 汇总（base 对照见 bench 头注释）---
  seed=46 vs_random=1.000 vs_snapshot=0.800 | 梯队 naive0=0.35 naive1=0.05 naive2=0.05 naive3=0.00 | env_steps=213398 wall=2205s
ok

test result: ok. 1 passed; 0 failed; 0 ignored; 0 measured; 3467 filtered out; finished in 2204.58s


--- M3 arm=gomoku_pure_selfplay_ctrlext 汇总（seed 并行合并，base 对照见 bench 头注释）---
  seed=45 vs_random=1.000 vs_snapshot=0.600 | 梯队 naive0=0.35 naive1=0.30 naive2=0.05 naive3=0.00 | env_steps=202123 wall=2286s
  seed=46 vs_random=1.000 vs_snapshot=0.800 | 梯队 naive0=0.35 naive1=0.05 naive2=0.05 naive3=0.00 | env_steps=213398 wall=2205s
