   Compiling only_torch v0.25.0 (D:\DATA\BaiduSyncdisk\project\personal\only_torch)
    Finished `release` profile [optimized] target(s) in 1m 06s
     Running unittests src\lib.rs (target\release\deps\only_torch-45d502c1e61c3f90.exe)

running 1 test
test rl::algo::my_zero::tests::gomoku_m3_bench::gomoku_naive0_open_three_additive ... 
--- arm=open_three_additive seed=42 sims=100 ---
[MyZero-board Gomoku-selfplay-v0] obs=243(3×9²) |A|=81 sims=100 γ=1.0 negamax
[MyZero-board] 8 重对称增广开启（D4，采样时随机套变换）
[MyZero-board] 树内真规则开启（AlphaZero 式诊断；训练侧不变）
[MyZero-board] 战术开局课程开启（p=0.38，必挡局面前缀；eval 不受影响）
Ep    1: len= 40 白胜 loss=0.0000 temp=1.00 total_env_steps=40 t=0.10s
Ep    2: len= 61 黑胜 loss=0.0000 temp=1.00 total_env_steps=101 t=0.14s
Ep    3: len= 16 白胜 loss=0.0000 temp=1.00 total_env_steps=117 t=0.04s
Ep    4: len= 38 白胜 loss=0.0000 temp=1.00 total_env_steps=155 t=0.10s
Ep    5: len= 16 白胜 loss=0.0000 temp=1.00 total_env_steps=171 t=0.05s
Ep    6: len= 35 黑胜 loss=0.0000 temp=1.00 total_env_steps=206 t=0.09s
Ep    7: len= 22 白胜 loss=0.0000 temp=1.00 total_env_steps=228 t=0.05s
Ep    8: len= 14 黑胜 loss=0.0000 temp=1.00 total_env_steps=242 t=0.04s
Ep    9: len= 45 黑胜 loss=0.0000 temp=1.00 total_env_steps=287 t=0.12s
Ep   10: len= 56 白胜 loss=37.4205 temp=1.00 total_env_steps=343 t=0.15s
Ep   11: len=  2 白胜 loss=29.8331 temp=1.00 total_env_steps=345 t=0.02s
Ep   12: len= 42 白胜 loss=29.6552 temp=1.00 total_env_steps=387 t=0.13s
Ep   13: len= 28 白胜 loss=29.2330 temp=1.00 total_env_steps=415 t=0.09s
Ep   14: len=  4 白胜 loss=28.9880 temp=1.00 total_env_steps=419 t=0.02s
Ep   15: len= 35 黑胜 loss=29.1743 temp=1.00 total_env_steps=454 t=0.11s
Ep   16: len= 27 黑胜 loss=29.1116 temp=1.00 total_env_steps=481 t=0.08s
Ep   17: len= 31 黑胜 loss=29.2863 temp=1.00 total_env_steps=512 t=0.10s
Ep   18: len= 46 白胜 loss=29.1350 temp=1.00 total_env_steps=558 t=0.14s
Ep   19: len=  4 黑胜 loss=28.9785 temp=1.00 total_env_steps=562 t=0.02s
Ep   20: len= 41 黑胜 loss=28.8130 temp=1.00 total_env_steps=603 t=0.11s
Ep   21: len= 34 白胜 loss=28.8840 temp=1.00 total_env_steps=637 t=0.10s
Ep   22: len= 19 白胜 loss=28.7167 temp=1.00 total_env_steps=656 t=0.06s
Ep   23: len= 29 黑胜 loss=28.6501 temp=1.00 total_env_steps=685 t=0.09s
Ep   24: len= 23 黑胜 loss=28.5296 temp=1.00 total_env_steps=708 t=0.08s
Ep   25: len= 44 白胜 loss=28.4803 temp=1.00 total_env_steps=752 t=0.12s
Ep   26: len= 51 黑胜 loss=28.5867 temp=1.00 total_env_steps=803 t=0.14s
Ep   27: len= 32 白胜 loss=28.7055 temp=1.00 total_env_steps=835 t=0.09s
Ep   28: len= 33 黑胜 loss=28.5615 temp=1.00 total_env_steps=868 t=0.08s
Ep   29: len= 26 黑胜 loss=28.5888 temp=1.00 total_env_steps=894 t=0.08s
Ep   30: len=  2 黑胜 loss=28.4869 temp=1.00 total_env_steps=896 t=0.02s
Ep   31: len= 29 黑胜 loss=28.4831 temp=1.00 total_env_steps=925 t=0.08s
Ep   32: len= 41 黑胜 loss=28.4352 temp=1.00 total_env_steps=966 t=0.10s
Ep   33: len= 18 白胜 loss=28.6128 temp=1.00 total_env_steps=984 t=0.05s
Ep   34: len= 11 黑胜 loss=28.5957 temp=1.00 total_env_steps=995 t=0.05s
Ep   35: len= 36 白胜 loss=28.6151 temp=1.00 total_env_steps=1031 t=0.11s
Ep   36: len= 28 白胜 loss=28.6235 temp=1.00 total_env_steps=1059 t=0.08s
Ep   37: len=  2 白胜 loss=28.5399 temp=1.00 total_env_steps=1061 t=0.02s
Ep   38: len= 26 白胜 loss=28.7245 temp=1.00 total_env_steps=1087 t=0.08s
Ep   39: len= 16 白胜 loss=28.5425 temp=1.00 total_env_steps=1103 t=0.04s
Ep   40: len=  4 白胜 loss=28.8094 temp=1.00 total_env_steps=1107 t=0.02s
Ep   41: len=  6 黑胜 loss=28.4295 temp=1.00 total_env_steps=1113 t=0.02s
Ep   42: len= 28 白胜 loss=28.5324 temp=1.00 total_env_steps=1141 t=0.09s
Ep   43: len=  2 白胜 loss=28.7337 temp=1.00 total_env_steps=1143 t=0.02s
Ep   44: len= 20 白胜 loss=28.6531 temp=1.00 total_env_steps=1163 t=0.06s
Ep   45: len= 39 黑胜 loss=28.6238 temp=1.00 total_env_steps=1202 t=0.10s
Ep   46: len=  8 白胜 loss=28.5391 temp=1.00 total_env_steps=1210 t=0.03s
Ep   47: len= 24 白胜 loss=28.6940 temp=1.00 total_env_steps=1234 t=0.07s
Ep   48: len= 29 黑胜 loss=28.8020 temp=1.00 total_env_steps=1263 t=0.08s
Ep   49: len= 22 黑胜 loss=28.6129 temp=1.00 total_env_steps=1285 t=0.06s
Ep   50: len= 31 黑胜 loss=28.5100 temp=1.00 total_env_steps=1316 t=0.07s
Ep   51: len= 13 黑胜 loss=28.5451 temp=1.00 total_env_steps=1329 t=0.04s
Ep   52: len= 40 白胜 loss=28.7031 temp=1.00 total_env_steps=1369 t=0.10s
Ep   53: len= 36 白胜 loss=28.4105 temp=1.00 total_env_steps=1405 t=0.09s
Ep   54: len=  8 黑胜 loss=28.6587 temp=1.00 total_env_steps=1413 t=0.03s
Ep   55: len= 29 黑胜 loss=28.6529 temp=1.00 total_env_steps=1442 t=0.08s
Ep   56: len= 35 黑胜 loss=28.6737 temp=1.00 total_env_steps=1477 t=0.09s
Ep   57: len= 26 黑胜 loss=28.6623 temp=1.00 total_env_steps=1503 t=0.07s
Ep   58: len=  4 黑胜 loss=28.6292 temp=1.00 total_env_steps=1507 t=0.02s
Ep   59: len= 25 黑胜 loss=28.5487 temp=1.00 total_env_steps=1532 t=0.08s
Ep   60: len= 20 白胜 loss=28.6456 temp=1.00 total_env_steps=1552 t=0.06s
Ep   61: len=  4 白胜 loss=28.6355 temp=1.00 total_env_steps=1556 t=0.02s
Ep   62: len= 42 白胜 loss=28.4442 temp=1.00 total_env_steps=1598 t=0.11s
Ep   63: len= 29 黑胜 loss=28.4900 temp=1.00 total_env_steps=1627 t=0.08s
Ep   64: len=  2 白胜 loss=28.7161 temp=1.00 total_env_steps=1629 t=0.02s
Ep   65: len=  2 黑胜 loss=28.6749 temp=1.00 total_env_steps=1631 t=0.02s
Ep   66: len= 30 白胜 loss=28.6548 temp=1.00 total_env_steps=1661 t=0.08s
Ep   67: len= 37 黑胜 loss=28.5267 temp=1.00 total_env_steps=1698 t=0.10s
Ep   68: len= 24 白胜 loss=28.5066 temp=1.00 total_env_steps=1722 t=0.07s
Ep   69: len= 52 白胜 loss=28.6482 temp=1.00 total_env_steps=1774 t=0.13s
Ep   70: len= 40 白胜 loss=28.4442 temp=1.00 total_env_steps=1814 t=0.10s
Ep   71: len= 39 黑胜 loss=28.5371 temp=1.00 total_env_steps=1853 t=0.09s
Ep   72: len= 29 黑胜 loss=28.5604 temp=1.00 total_env_steps=1882 t=0.07s
Ep   73: len= 42 白胜 loss=28.4621 temp=1.00 total_env_steps=1924 t=0.11s
Ep   74: len= 17 白胜 loss=28.4953 temp=1.00 total_env_steps=1941 t=0.05s
Ep   75: len=  6 白胜 loss=28.4167 temp=1.00 total_env_steps=1947 t=0.02s
Ep   76: len= 39 黑胜 loss=28.4180 temp=1.00 total_env_steps=1986 t=0.10s
Ep   77: len= 26 白胜 loss=28.4768 temp=1.00 total_env_steps=2012 t=0.07s
Ep   78: len= 35 黑胜 loss=28.6942 temp=1.00 total_env_steps=2047 t=0.09s
Ep   79: len= 24 白胜 loss=28.6081 temp=1.00 total_env_steps=2071 t=0.06s
Ep   80: len= 48 白胜 loss=28.6217 temp=1.00 total_env_steps=2119 t=0.12s
Ep   81: len= 23 黑胜 loss=28.6494 temp=1.00 total_env_steps=2142 t=0.07s
Ep   82: len=  4 白胜 loss=28.6122 temp=1.00 total_env_steps=2146 t=0.02s
Ep   83: len=  4 白胜 loss=28.5837 temp=1.00 total_env_steps=2150 t=0.02s
Ep   84: len= 32 白胜 loss=28.5130 temp=1.00 total_env_steps=2182 t=0.09s
Ep   85: len= 11 黑胜 loss=28.7086 temp=1.00 total_env_steps=2193 t=0.04s
Ep   86: len= 34 白胜 loss=28.6032 temp=1.00 total_env_steps=2227 t=0.10s
Ep   87: len= 22 白胜 loss=28.6868 temp=1.00 total_env_steps=2249 t=0.06s
Ep   88: len= 27 黑胜 loss=28.5109 temp=1.00 total_env_steps=2276 t=0.08s
Ep   89: len= 36 白胜 loss=28.5355 temp=1.00 total_env_steps=2312 t=0.10s
Ep   90: len=  6 白胜 loss=28.4830 temp=1.00 total_env_steps=2318 t=0.02s
Ep   91: len=  2 黑胜 loss=28.6139 temp=1.00 total_env_steps=2320 t=0.01s
Ep   92: len= 23 白胜 loss=28.3215 temp=1.00 total_env_steps=2343 t=0.07s
Ep   93: len= 47 黑胜 loss=28.7140 temp=1.00 total_env_steps=2390 t=0.13s
Ep   94: len= 33 黑胜 loss=28.5375 temp=1.00 total_env_steps=2423 t=0.09s
Ep   95: len= 38 白胜 loss=28.6594 temp=1.00 total_env_steps=2461 t=0.10s
Ep   96: len= 30 白胜 loss=28.5778 temp=1.00 total_env_steps=2491 t=0.09s
Ep   97: len= 40 白胜 loss=28.4502 temp=1.00 total_env_steps=2531 t=0.10s
Ep   98: len= 32 黑胜 loss=28.6105 temp=1.00 total_env_steps=2563 t=0.08s
Ep   99: len= 26 白胜 loss=28.6719 temp=1.00 total_env_steps=2589 t=0.07s
Ep  100: len=  4 白胜 loss=28.6284 temp=1.00 total_env_steps=2593 t=0.02s
Ep  101: len= 20 白胜 loss=28.6026 temp=1.00 total_env_steps=2613 t=0.06s
Ep  102: len= 25 黑胜 loss=28.6366 temp=1.00 total_env_steps=2638 t=0.07s
Ep  103: len= 31 黑胜 loss=28.5285 temp=1.00 total_env_steps=2669 t=0.08s
Ep  104: len= 35 黑胜 loss=28.5919 temp=1.00 total_env_steps=2704 t=0.08s
Ep  105: len= 19 黑胜 loss=28.7354 temp=1.00 total_env_steps=2723 t=0.05s
Ep  106: len=  2 白胜 loss=28.5851 temp=1.00 total_env_steps=2725 t=0.01s
Ep  107: len= 27 黑胜 loss=28.3902 temp=1.00 total_env_steps=2752 t=0.09s
Ep  108: len= 44 白胜 loss=28.6453 temp=1.00 total_env_steps=2796 t=0.16s
Ep  109: len=  4 黑胜 loss=28.4257 temp=1.00 total_env_steps=2800 t=0.03s
Ep  110: len= 24 白胜 loss=28.6329 temp=1.00 total_env_steps=2824 t=0.08s
Ep  111: len=  2 黑胜 loss=28.4229 temp=1.00 total_env_steps=2826 t=0.02s
Ep  112: len= 30 白胜 loss=28.6454 temp=1.00 total_env_steps=2856 t=0.11s
Ep  113: len=  8 白胜 loss=28.5040 temp=1.00 total_env_steps=2864 t=0.04s
Ep  114: len=  2 白胜 loss=28.4760 temp=1.00 total_env_steps=2866 t=0.02s
Ep  115: len= 20 黑胜 loss=28.5107 temp=1.00 total_env_steps=2886 t=0.08s
Ep  116: len= 31 白胜 loss=28.5996 temp=1.00 total_env_steps=2917 t=0.10s
Ep  117: len= 29 黑胜 loss=28.4281 temp=1.00 total_env_steps=2946 t=0.09s
Ep  118: len= 33 黑胜 loss=28.5838 temp=1.00 total_env_steps=2979 t=0.11s
Ep  119: len= 29 黑胜 loss=28.6649 temp=1.00 total_env_steps=3008 t=0.12s
Ep  120: len= 39 黑胜 loss=28.6898 temp=1.00 total_env_steps=3047 t=0.13s
Ep  121: len= 33 黑胜 loss=28.4846 temp=1.00 total_env_steps=3080 t=0.13s
Ep  122: len= 25 黑胜 loss=28.4153 temp=1.00 total_env_steps=3105 t=0.09s
Ep  123: len=  6 白胜 loss=28.6040 temp=1.00 total_env_steps=3111 t=0.03s
Ep  124: len= 34 白胜 loss=28.5184 temp=1.00 total_env_steps=3145 t=0.12s
Ep  125: len= 30 白胜 loss=28.4438 temp=1.00 total_env_steps=3175 t=0.10s
Ep  126: len= 31 黑胜 loss=28.4108 temp=1.00 total_env_steps=3206 t=0.11s
Ep  127: len= 35 黑胜 loss=28.6010 temp=1.00 total_env_steps=3241 t=0.13s
Ep  128: len= 22 白胜 loss=28.5632 temp=1.00 total_env_steps=3263 t=0.07s
Ep  129: len= 31 黑胜 loss=28.2963 temp=1.00 total_env_steps=3294 t=0.12s
Ep  130: len= 30 白胜 loss=28.6705 temp=1.00 total_env_steps=3324 t=0.12s
Ep  131: len=  2 黑胜 loss=28.4151 temp=1.00 total_env_steps=3326 t=0.02s
Ep  132: len= 25 黑胜 loss=28.4274 temp=1.00 total_env_steps=3351 t=0.10s
Ep  133: len= 34 黑胜 loss=28.4274 temp=1.00 total_env_steps=3385 t=0.11s
Ep  134: len= 27 黑胜 loss=28.6899 temp=1.00 total_env_steps=3412 t=0.09s
Ep  135: len= 36 白胜 loss=28.4805 temp=1.00 total_env_steps=3448 t=0.14s
Ep  136: len= 37 黑胜 loss=28.5070 temp=1.00 total_env_steps=3485 t=0.12s
Ep  137: len=  2 白胜 loss=28.5356 temp=1.00 total_env_steps=3487 t=0.03s
Ep  138: len=  2 黑胜 loss=28.5229 temp=1.00 total_env_steps=3489 t=0.03s
Ep  139: len=  4 白胜 loss=28.5732 temp=1.00 total_env_steps=3493 t=0.03s
Ep  140: len= 29 黑胜 loss=28.5095 temp=1.00 total_env_steps=3522 t=0.11s
Ep  141: len= 19 黑胜 loss=28.5219 temp=1.00 total_env_steps=3541 t=0.07s
Ep  142: len=  2 白胜 loss=28.3802 temp=1.00 total_env_steps=3543 t=0.02s
Ep  143: len= 25 黑胜 loss=28.4149 temp=1.00 total_env_steps=3568 t=0.11s
Ep  144: len= 33 黑胜 loss=28.5784 temp=1.00 total_env_steps=3601 t=0.11s
Ep  145: len=  2 黑胜 loss=28.6512 temp=1.00 total_env_steps=3603 t=0.02s
Ep  146: len= 31 黑胜 loss=28.5144 temp=1.00 total_env_steps=3634 t=0.13s
Ep  147: len= 15 黑胜 loss=28.4022 temp=1.00 total_env_steps=3649 t=0.06s
Ep  148: len= 30 黑胜 loss=28.3548 temp=1.00 total_env_steps=3679 t=0.10s
Ep  149: len= 29 黑胜 loss=28.4943 temp=1.00 total_env_steps=3708 t=0.11s
Ep  150: len= 15 黑胜 loss=28.5733 temp=1.00 total_env_steps=3723 t=0.06s
Ep  151: len= 32 白胜 loss=28.4754 temp=1.00 total_env_steps=3755 t=0.11s
Ep  152: len=  8 黑胜 loss=28.5544 temp=1.00 total_env_steps=3763 t=0.04s
Ep  153: len=  6 白胜 loss=28.6130 temp=1.00 total_env_steps=3769 t=0.03s
Ep  154: len= 38 白胜 loss=28.3919 temp=1.00 total_env_steps=3807 t=0.12s
Ep  155: len= 31 黑胜 loss=28.4560 temp=1.00 total_env_steps=3838 t=0.13s
Ep  156: len= 26 白胜 loss=28.6900 temp=1.00 total_env_steps=3864 t=0.09s
Ep  157: len= 33 黑胜 loss=28.5233 temp=1.00 total_env_steps=3897 t=0.11s
Ep  158: len= 10 黑胜 loss=28.4027 temp=1.00 total_env_steps=3907 t=0.05s
Ep  159: len= 34 白胜 loss=28.5625 temp=1.00 total_env_steps=3941 t=0.11s
Ep  160: len=  2 黑胜 loss=28.4943 temp=1.00 total_env_steps=3943 t=0.02s
Ep  161: len= 23 黑胜 loss=28.3743 temp=1.00 total_env_steps=3966 t=0.08s
Ep  162: len= 44 白胜 loss=28.3706 temp=1.00 total_env_steps=4010 t=0.16s
Ep  163: len= 21 黑胜 loss=28.4842 temp=1.00 total_env_steps=4031 t=0.08s
Ep  164: len= 26 白胜 loss=28.7579 temp=1.00 total_env_steps=4057 t=0.12s
Ep  165: len=  4 黑胜 loss=28.4405 temp=1.00 total_env_steps=4061 t=0.03s
Ep  166: len= 31 黑胜 loss=28.4425 temp=1.00 total_env_steps=4092 t=0.10s
Ep  167: len=  6 黑胜 loss=28.4427 temp=1.00 total_env_steps=4098 t=0.04s
Ep  168: len= 25 黑胜 loss=28.7424 temp=1.00 total_env_steps=4123 t=0.10s
Ep  169: len=  2 黑胜 loss=28.6023 temp=1.00 total_env_steps=4125 t=0.02s
Ep  170: len= 31 黑胜 loss=28.4746 temp=1.00 total_env_steps=4156 t=0.11s
Ep  171: len= 39 黑胜 loss=28.4759 temp=1.00 total_env_steps=4195 t=0.14s
Ep  172: len=  8 白胜 loss=28.6987 temp=1.00 total_env_steps=4203 t=0.04s
Ep  173: len=  4 白胜 loss=28.6722 temp=1.00 total_env_steps=4207 t=0.02s
Ep  174: len= 29 黑胜 loss=28.3779 temp=1.00 total_env_steps=4236 t=0.10s
Ep  175: len= 13 黑胜 loss=28.4403 temp=1.00 total_env_steps=4249 t=0.07s
Ep  176: len=  6 白胜 loss=28.7906 temp=1.00 total_env_steps=4255 t=0.03s
Ep  177: len= 33 黑胜 loss=28.5634 temp=1.00 total_env_steps=4288 t=0.10s
Ep  178: len= 37 黑胜 loss=28.4780 temp=1.00 total_env_steps=4325 t=0.15s
Ep  179: len= 39 黑胜 loss=28.4950 temp=1.00 total_env_steps=4364 t=0.12s
Ep  180: len=  2 黑胜 loss=28.6468 temp=1.00 total_env_steps=4366 t=0.02s
Ep  181: len= 29 黑胜 loss=28.4637 temp=1.00 total_env_steps=4395 t=0.11s
Ep  182: len= 35 黑胜 loss=28.5257 temp=1.00 total_env_steps=4430 t=0.11s
Ep  183: len= 41 黑胜 loss=28.5707 temp=1.00 total_env_steps=4471 t=0.15s
Ep  184: len= 29 黑胜 loss=28.5830 temp=1.00 total_env_steps=4500 t=0.10s
Ep  185: len= 29 黑胜 loss=28.4860 temp=1.00 total_env_steps=4529 t=0.12s
Ep  186: len=  2 白胜 loss=28.2763 temp=1.00 total_env_steps=4531 t=0.03s
Ep  187: len=  2 白胜 loss=28.4804 temp=1.00 total_env_steps=4533 t=0.03s
Ep  188: len= 32 白胜 loss=28.4953 temp=1.00 total_env_steps=4565 t=0.11s
Ep  189: len= 41 黑胜 loss=28.4391 temp=1.00 total_env_steps=4606 t=0.16s
Ep  190: len= 31 黑胜 loss=28.4409 temp=1.00 total_env_steps=4637 t=0.11s
Ep  191: len= 22 白胜 loss=28.3636 temp=1.00 total_env_steps=4659 t=0.09s
Ep  192: len= 36 白胜 loss=28.5380 temp=1.00 total_env_steps=4695 t=0.15s
Ep  193: len= 30 白胜 loss=28.4560 temp=1.00 total_env_steps=4725 t=0.12s
Ep  194: len= 12 白胜 loss=28.5369 temp=1.00 total_env_steps=4737 t=0.06s
Ep  195: len= 44 白胜 loss=28.2775 temp=1.00 total_env_steps=4781 t=0.14s
Ep  196: len= 48 白胜 loss=28.4391 temp=1.00 total_env_steps=4829 t=0.20s
Ep  197: len= 26 黑胜 loss=28.7065 temp=1.00 total_env_steps=4855 t=0.12s
Ep  198: len= 25 黑胜 loss=28.3726 temp=1.00 total_env_steps=4880 t=0.11s
Ep  199: len= 10 白胜 loss=28.4913 temp=1.00 total_env_steps=4890 t=0.06s
Ep  200: len= 30 白胜 loss=28.4045 temp=1.00 total_env_steps=4920 t=0.14s
  eval vs Gomoku-random-v0: win_rate=1.00 mean_return=1.00（20 局，total_env_steps=4920）
  ✅ 达标 ep=200 total_env_steps=4920
Ep  201: len= 20 黑胜 loss=28.5265 temp=1.00 total_env_steps=4940 t=0.11s
Ep  202: len= 50 白胜 loss=28.3780 temp=1.00 total_env_steps=4990 t=0.17s
Ep  203: len=  4 白胜 loss=28.5640 temp=1.00 total_env_steps=4994 t=0.06s
Ep  204: len=  2 黑胜 loss=28.4472 temp=1.00 total_env_steps=4996 t=0.06s
Ep  205: len= 16 白胜 loss=28.5865 temp=1.00 total_env_steps=5012 t=0.08s
Ep  206: len= 40 白胜 loss=28.6014 temp=1.00 total_env_steps=5052 t=0.16s
Ep  207: len=  4 白胜 loss=28.2784 temp=1.00 total_env_steps=5056 t=0.06s
Ep  208: len=  8 黑胜 loss=28.6038 temp=1.00 total_env_steps=5064 t=0.06s
Ep  209: len= 32 白胜 loss=28.5809 temp=1.00 total_env_steps=5096 t=0.14s
Ep  210: len= 22 白胜 loss=28.4884 temp=1.00 total_env_steps=5118 t=0.11s
Ep  211: len=  8 黑胜 loss=28.4291 temp=1.00 total_env_steps=5126 t=0.07s
Ep  212: len=  2 黑胜 loss=28.5298 temp=1.00 total_env_steps=5128 t=0.07s
Ep  213: len=  2 黑胜 loss=28.4096 temp=1.00 total_env_steps=5130 t=0.07s
Ep  214: len= 32 白胜 loss=28.5663 temp=1.00 total_env_steps=5162 t=0.16s
Ep  215: len=  2 黑胜 loss=28.6213 temp=1.00 total_env_steps=5164 t=0.11s
Ep  216: len= 28 白胜 loss=28.5771 temp=1.00 total_env_steps=5192 t=0.14s
Ep  217: len=  2 黑胜 loss=28.4865 temp=1.00 total_env_steps=5194 t=0.07s
Ep  218: len= 29 黑胜 loss=28.6839 temp=1.00 total_env_steps=5223 t=0.16s
Ep  219: len=  4 白胜 loss=28.4115 temp=1.00 total_env_steps=5227 t=0.07s
Ep  220: len=  2 黑胜 loss=28.5184 temp=1.00 total_env_steps=5229 t=0.08s
Ep  221: len=  2 黑胜 loss=28.5233 temp=1.00 total_env_steps=5231 t=0.06s
Ep  222: len= 20 白胜 loss=28.5100 temp=1.00 total_env_steps=5251 t=0.12s
Ep  223: len= 35 黑胜 loss=28.6227 temp=1.00 total_env_steps=5286 t=0.17s
Ep  224: len= 20 黑胜 loss=28.5037 temp=1.00 total_env_steps=5306 t=0.11s
Ep  225: len= 19 黑胜 loss=28.5906 temp=1.00 total_env_steps=5325 t=0.12s
Ep  226: len=  2 黑胜 loss=28.4983 temp=1.00 total_env_steps=5327 t=0.06s
Ep  227: len=  2 黑胜 loss=28.4382 temp=1.00 total_env_steps=5329 t=0.06s
Ep  228: len= 33 黑胜 loss=28.5606 temp=1.00 total_env_steps=5362 t=0.16s
Ep  229: len= 27 黑胜 loss=28.5103 temp=1.00 total_env_steps=5389 t=0.14s
Ep  230: len=  2 白胜 loss=28.3790 temp=1.00 total_env_steps=5391 t=0.07s
Ep  231: len= 47 黑胜 loss=28.4204 temp=1.00 total_env_steps=5438 t=0.19s
Ep  232: len= 26 黑胜 loss=28.3211 temp=1.00 total_env_steps=5464 t=0.14s
Ep  233: len= 30 白胜 loss=28.5738 temp=1.00 total_env_steps=5494 t=0.16s
Ep  234: len=  4 黑胜 loss=28.3686 temp=1.00 total_env_steps=5498 t=0.07s
Ep  235: len=  2 黑胜 loss=28.6648 temp=1.00 total_env_steps=5500 t=0.06s
Ep  236: len=  2 白胜 loss=28.4772 temp=1.00 total_env_steps=5502 t=0.06s
Ep  237: len= 41 黑胜 loss=28.4437 temp=1.00 total_env_steps=5543 t=0.18s
Ep  238: len= 17 黑胜 loss=28.3826 temp=1.00 total_env_steps=5560 t=0.11s
Ep  239: len= 23 黑胜 loss=28.5207 temp=1.00 total_env_steps=5583 t=0.14s
Ep  240: len= 28 白胜 loss=28.4372 temp=1.00 total_env_steps=5611 t=0.15s
Ep  241: len= 52 白胜 loss=28.5481 temp=1.00 total_env_steps=5663 t=0.21s
Ep  242: len= 25 黑胜 loss=28.4873 temp=1.00 total_env_steps=5688 t=0.14s
Ep  243: len= 38 白胜 loss=28.5591 temp=1.00 total_env_steps=5726 t=0.17s
Ep  244: len= 27 黑胜 loss=28.5334 temp=1.00 total_env_steps=5753 t=0.15s
Ep  245: len= 36 白胜 loss=28.4139 temp=1.00 total_env_steps=5789 t=0.19s
Ep  246: len=  8 白胜 loss=28.5600 temp=1.00 total_env_steps=5797 t=0.08s
Ep  247: len= 31 黑胜 loss=28.4324 temp=1.00 total_env_steps=5828 t=0.18s
Ep  248: len= 38 白胜 loss=28.7110 temp=1.00 total_env_steps=5866 t=0.20s
Ep  249: len= 25 黑胜 loss=28.5577 temp=1.00 total_env_steps=5891 t=0.14s
Ep  250: len=  2 白胜 loss=28.4511 temp=1.00 total_env_steps=5893 t=0.06s
Ep  251: len=  2 黑胜 loss=28.5051 temp=1.00 total_env_steps=5895 t=0.07s
Ep  252: len=  4 黑胜 loss=28.2917 temp=1.00 total_env_steps=5899 t=0.08s
Ep  253: len= 37 黑胜 loss=28.2875 temp=1.00 total_env_steps=5936 t=0.18s
Ep  254: len=  4 黑胜 loss=28.7488 temp=1.00 total_env_steps=5940 t=0.09s
Ep  255: len= 31 黑胜 loss=28.5734 temp=1.00 total_env_steps=5971 t=0.15s
Ep  256: len= 37 黑胜 loss=28.4263 temp=1.00 total_env_steps=6008 t=0.18s
Ep  257: len= 42 白胜 loss=28.5053 temp=1.00 total_env_steps=6050 t=0.20s
Ep  258: len=  6 黑胜 loss=28.5046 temp=1.00 total_env_steps=6056 t=0.07s
Ep  259: len= 26 白胜 loss=28.3459 temp=1.00 total_env_steps=6082 t=0.18s
Ep  260: len= 36 白胜 loss=28.4717 temp=1.00 total_env_steps=6118 t=0.18s
Ep  261: len= 12 白胜 loss=28.3859 temp=1.00 total_env_steps=6130 t=0.11s
Ep  262: len= 51 黑胜 loss=28.5120 temp=1.00 total_env_steps=6181 t=0.21s
Ep  263: len=  2 黑胜 loss=28.4959 temp=1.00 total_env_steps=6183 t=0.07s
Ep  264: len= 14 白胜 loss=28.6005 temp=1.00 total_env_steps=6197 t=0.10s
Ep  265: len= 17 黑胜 loss=28.5826 temp=1.00 total_env_steps=6214 t=0.13s
Ep  266: len= 34 白胜 loss=28.3240 temp=1.00 total_env_steps=6248 t=0.18s
Ep  267: len=  2 黑胜 loss=28.5792 temp=1.00 total_env_steps=6250 t=0.08s
Ep  268: len= 38 白胜 loss=28.5992 temp=1.00 total_env_steps=6288 t=0.17s
Ep  269: len= 43 黑胜 loss=28.6290 temp=1.00 total_env_steps=6331 t=0.20s
Ep  270: len= 27 黑胜 loss=28.5998 temp=1.00 total_env_steps=6358 t=0.15s
Ep  271: len= 32 白胜 loss=28.5074 temp=1.00 total_env_steps=6390 t=0.16s
Ep  272: len= 28 白胜 loss=28.2066 temp=1.00 total_env_steps=6418 t=0.17s
Ep  273: len= 26 黑胜 loss=28.5876 temp=1.00 total_env_steps=6444 t=0.14s
Ep  274: len= 34 白胜 loss=28.7185 temp=1.00 total_env_steps=6478 t=0.19s
Ep  275: len= 10 黑胜 loss=28.3649 temp=1.00 total_env_steps=6488 t=0.08s
Ep  276: len= 42 白胜 loss=28.3173 temp=1.00 total_env_steps=6530 t=0.18s
Ep  277: len=  6 黑胜 loss=28.3905 temp=1.00 total_env_steps=6536 t=0.08s
Ep  278: len= 36 白胜 loss=28.3593 temp=1.00 total_env_steps=6572 t=0.18s
Ep  279: len=  8 黑胜 loss=28.5385 temp=1.00 total_env_steps=6580 t=0.08s
Ep  280: len= 28 白胜 loss=28.3953 temp=1.00 total_env_steps=6608 t=0.16s
Ep  281: len= 30 黑胜 loss=28.4664 temp=1.00 total_env_steps=6638 t=0.14s
Ep  282: len= 48 白胜 loss=28.6200 temp=1.00 total_env_steps=6686 t=0.19s
Ep  283: len= 24 白胜 loss=28.5164 temp=1.00 total_env_steps=6710 t=0.15s
Ep  284: len= 41 黑胜 loss=28.4670 temp=1.00 total_env_steps=6751 t=0.16s
Ep  285: len= 38 白胜 loss=28.5212 temp=1.00 total_env_steps=6789 t=0.17s
Ep  286: len= 39 黑胜 loss=28.4224 temp=1.00 total_env_steps=6828 t=0.18s
Ep  287: len= 35 黑胜 loss=28.4844 temp=1.00 total_env_steps=6863 t=0.16s
Ep  288: len= 26 黑胜 loss=28.5029 temp=1.00 total_env_steps=6889 t=0.14s
Ep  289: len=  2 黑胜 loss=28.5031 temp=1.00 total_env_steps=6891 t=0.06s
Ep  290: len= 10 黑胜 loss=28.3806 temp=1.00 total_env_steps=6901 t=0.09s
Ep  291: len= 24 白胜 loss=28.5019 temp=1.00 total_env_steps=6925 t=0.16s
Ep  292: len= 26 白胜 loss=28.5505 temp=1.00 total_env_steps=6951 t=0.15s
Ep  293: len= 18 白胜 loss=28.5348 temp=1.00 total_env_steps=6969 t=0.14s
Ep  294: len= 31 黑胜 loss=28.6137 temp=1.00 total_env_steps=7000 t=0.16s
Ep  295: len= 21 黑胜 loss=28.4625 temp=1.00 total_env_steps=7021 t=0.12s
Ep  296: len= 18 白胜 loss=28.3860 temp=1.00 total_env_steps=7039 t=0.12s
Ep  297: len= 21 黑胜 loss=28.4340 temp=1.00 total_env_steps=7060 t=0.13s
Ep  298: len= 28 白胜 loss=28.3894 temp=1.00 total_env_steps=7088 t=0.15s
Ep  299: len= 35 黑胜 loss=28.4763 temp=1.00 total_env_steps=7123 t=0.18s
Ep  300: len= 33 黑胜 loss=28.3300 temp=1.00 total_env_steps=7156 t=0.17s
Ep  301: len= 29 黑胜 loss=28.3813 temp=1.00 total_env_steps=7185 t=0.16s
Ep  302: len=  2 黑胜 loss=28.5201 temp=1.00 total_env_steps=7187 t=0.07s
Ep  303: len= 24 白胜 loss=28.4153 temp=1.00 total_env_steps=7211 t=0.11s
Ep  304: len= 19 黑胜 loss=28.4465 temp=1.00 total_env_steps=7230 t=0.13s
Ep  305: len= 36 白胜 loss=28.5438 temp=1.00 total_env_steps=7266 t=0.15s
Ep  306: len= 38 白胜 loss=28.3004 temp=1.00 total_env_steps=7304 t=0.18s
Ep  307: len= 46 白胜 loss=28.3931 temp=1.00 total_env_steps=7350 t=0.19s
Ep  308: len= 24 黑胜 loss=28.3598 temp=1.00 total_env_steps=7374 t=0.14s
Ep  309: len= 14 白胜 loss=28.2469 temp=1.00 total_env_steps=7388 t=0.11s
Ep  310: len= 31 黑胜 loss=28.5333 temp=1.00 total_env_steps=7419 t=0.17s
Ep  311: len=  2 白胜 loss=28.3240 temp=1.00 total_env_steps=7421 t=0.07s
Ep  312: len= 38 白胜 loss=28.4583 temp=1.00 total_env_steps=7459 t=0.17s
Ep  313: len= 27 黑胜 loss=28.6180 temp=1.00 total_env_steps=7486 t=0.14s
Ep  314: len= 20 白胜 loss=28.3261 temp=1.00 total_env_steps=7506 t=0.12s
Ep  315: len= 24 白胜 loss=28.2411 temp=1.00 total_env_steps=7530 t=0.15s
Ep  316: len=  2 白胜 loss=28.3429 temp=1.00 total_env_steps=7532 t=0.06s
Ep  317: len= 33 黑胜 loss=28.5935 temp=1.00 total_env_steps=7565 t=0.18s
Ep  318: len= 24 黑胜 loss=28.4709 temp=1.00 total_env_steps=7589 t=0.14s
Ep  319: len= 38 黑胜 loss=28.5329 temp=1.00 total_env_steps=7627 t=0.19s
Ep  320: len= 36 白胜 loss=28.3633 temp=1.00 total_env_steps=7663 t=0.17s
Ep  321: len=  2 黑胜 loss=28.4001 temp=1.00 total_env_steps=7665 t=0.08s
Ep  322: len= 19 黑胜 loss=28.5530 temp=1.00 total_env_steps=7684 t=0.11s
Ep  323: len= 18 白胜 loss=28.3407 temp=1.00 total_env_steps=7702 t=0.13s
Ep  324: len= 11 黑胜 loss=28.4776 temp=1.00 total_env_steps=7713 t=0.09s
Ep  325: len= 40 白胜 loss=28.5500 temp=1.00 total_env_steps=7753 t=0.19s
Ep  326: len=  2 白胜 loss=28.5692 temp=1.00 total_env_steps=7755 t=0.07s
Ep  327: len=  2 白胜 loss=28.3222 temp=1.00 total_env_steps=7757 t=0.09s
Ep  328: len= 48 白胜 loss=28.3507 temp=1.00 total_env_steps=7805 t=0.21s
Ep  329: len= 34 白胜 loss=28.4821 temp=1.00 total_env_steps=7839 t=0.17s
Ep  330: len= 25 黑胜 loss=28.4363 temp=1.00 total_env_steps=7864 t=0.14s
Ep  331: len= 37 黑胜 loss=28.4103 temp=1.00 total_env_steps=7901 t=0.18s
Ep  332: len= 29 黑胜 loss=28.3238 temp=1.00 total_env_steps=7930 t=0.16s
Ep  333: len= 39 黑胜 loss=28.3411 temp=1.00 total_env_steps=7969 t=0.18s
Ep  334: len= 32 白胜 loss=28.2280 temp=1.00 total_env_steps=8001 t=0.18s
Ep  335: len=  4 白胜 loss=28.5606 temp=1.00 total_env_steps=8005 t=0.09s
Ep  336: len= 12 白胜 loss=28.4770 temp=1.00 total_env_steps=8017 t=0.10s
Ep  337: len= 29 黑胜 loss=28.3739 temp=1.00 total_env_steps=8046 t=0.15s
Ep  338: len= 36 白胜 loss=28.3948 temp=1.00 total_env_steps=8082 t=0.19s
Ep  339: len= 25 黑胜 loss=28.4251 temp=1.00 total_env_steps=8107 t=0.13s
Ep  340: len= 14 白胜 loss=28.3281 temp=1.00 total_env_steps=8121 t=0.12s
Ep  341: len= 49 黑胜 loss=28.3775 temp=1.00 total_env_steps=8170 t=0.21s
Ep  342: len= 37 黑胜 loss=28.3279 temp=1.00 total_env_steps=8207 t=0.17s
Ep  343: len=  4 黑胜 loss=28.3846 temp=1.00 total_env_steps=8211 t=0.08s
Ep  344: len= 17 黑胜 loss=28.4195 temp=1.00 total_env_steps=8228 t=0.11s
Ep  345: len=  8 黑胜 loss=28.5030 temp=1.00 total_env_steps=8236 t=0.09s
Ep  346: len=  4 黑胜 loss=28.1698 temp=1.00 total_env_steps=8240 t=0.08s
Ep  347: len=  8 白胜 loss=28.4527 temp=1.00 total_env_steps=8248 t=0.08s
Ep  348: len= 24 白胜 loss=28.3123 temp=1.00 total_env_steps=8272 t=0.13s
Ep  349: len= 37 黑胜 loss=28.4757 temp=1.00 total_env_steps=8309 t=0.18s
Ep  350: len= 18 白胜 loss=28.2482 temp=1.00 total_env_steps=8327 t=0.12s
Ep  351: len= 24 白胜 loss=28.5057 temp=1.00 total_env_steps=8351 t=0.15s
Ep  352: len=  4 黑胜 loss=28.4971 temp=1.00 total_env_steps=8355 t=0.07s
Ep  353: len= 18 黑胜 loss=28.2902 temp=1.00 total_env_steps=8373 t=0.13s
Ep  354: len= 34 白胜 loss=28.1907 temp=1.00 total_env_steps=8407 t=0.19s
Ep  355: len=  2 白胜 loss=28.5009 temp=1.00 total_env_steps=8409 t=0.07s
Ep  356: len=  8 黑胜 loss=28.3646 temp=1.00 total_env_steps=8417 t=0.09s
Ep  357: len= 29 黑胜 loss=28.2903 temp=1.00 total_env_steps=8446 t=0.27s
Ep  358: len= 24 白胜 loss=28.3780 temp=1.00 total_env_steps=8470 t=0.16s
Ep  359: len= 23 黑胜 loss=28.2044 temp=1.00 total_env_steps=8493 t=0.12s
Ep  360: len= 24 白胜 loss=28.2922 temp=1.00 total_env_steps=8517 t=0.15s
Ep  361: len= 28 黑胜 loss=28.3465 temp=1.00 total_env_steps=8545 t=0.14s
Ep  362: len= 15 黑胜 loss=28.2588 temp=1.00 total_env_steps=8560 t=0.12s
Ep  363: len= 17 白胜 loss=28.1976 temp=1.00 total_env_steps=8577 t=0.11s
Ep  364: len= 19 黑胜 loss=28.3279 temp=1.00 total_env_steps=8596 t=0.15s
Ep  365: len= 18 白胜 loss=28.3361 temp=1.00 total_env_steps=8614 t=0.12s
Ep  366: len= 23 黑胜 loss=28.2248 temp=1.00 total_env_steps=8637 t=0.16s
Ep  367: len= 27 黑胜 loss=28.2215 temp=1.00 total_env_steps=8664 t=0.17s
Ep  368: len= 23 黑胜 loss=28.4009 temp=1.00 total_env_steps=8687 t=0.15s
Ep  369: len=  2 黑胜 loss=28.3590 temp=1.00 total_env_steps=8689 t=0.07s
Ep  370: len= 50 白胜 loss=28.2129 temp=1.00 total_env_steps=8739 t=0.22s
Ep  371: len= 17 黑胜 loss=28.4870 temp=1.00 total_env_steps=8756 t=0.13s
Ep  372: len= 31 黑胜 loss=28.0698 temp=1.00 total_env_steps=8787 t=0.16s
Ep  373: len=  4 黑胜 loss=28.3512 temp=1.00 total_env_steps=8791 t=0.12s
Ep  374: len=  2 黑胜 loss=28.1998 temp=1.00 total_env_steps=8793 t=0.07s
Ep  375: len= 10 白胜 loss=28.3567 temp=1.00 total_env_steps=8803 t=0.09s
Ep  376: len=  2 白胜 loss=28.0766 temp=1.00 total_env_steps=8805 t=0.10s
Ep  377: len= 30 白胜 loss=28.3536 temp=1.00 total_env_steps=8835 t=0.16s
Ep  378: len= 27 黑胜 loss=28.6151 temp=1.00 total_env_steps=8862 t=0.16s
Ep  379: len= 40 白胜 loss=28.1822 temp=1.00 total_env_steps=8902 t=0.19s
Ep  380: len= 27 黑胜 loss=28.3607 temp=1.00 total_env_steps=8929 t=0.14s
Ep  381: len= 26 白胜 loss=28.2747 temp=1.00 total_env_steps=8955 t=0.16s
Ep  382: len= 35 黑胜 loss=28.2642 temp=1.00 total_env_steps=8990 t=0.19s
Ep  383: len=  2 黑胜 loss=28.1108 temp=1.00 total_env_steps=8992 t=0.11s
Ep  384: len= 22 白胜 loss=28.2254 temp=1.00 total_env_steps=9014 t=0.14s
Ep  385: len= 20 白胜 loss=28.3457 temp=1.00 total_env_steps=9034 t=0.15s
Ep  386: len=  2 黑胜 loss=28.2569 temp=1.00 total_env_steps=9036 t=0.06s
Ep  387: len= 33 黑胜 loss=28.3743 temp=1.00 total_env_steps=9069 t=0.20s
Ep  388: len=  2 白胜 loss=28.3859 temp=1.00 total_env_steps=9071 t=0.07s
Ep  389: len= 41 黑胜 loss=28.2635 temp=1.00 total_env_steps=9112 t=0.20s
Ep  390: len= 14 黑胜 loss=28.3035 temp=1.00 total_env_steps=9126 t=0.13s
Ep  391: len= 35 黑胜 loss=28.2974 temp=1.00 total_env_steps=9161 t=0.17s
Ep  392: len=  8 白胜 loss=28.2037 temp=1.00 total_env_steps=9169 t=0.08s
Ep  393: len= 34 白胜 loss=28.0391 temp=1.00 total_env_steps=9203 t=0.18s
Ep  394: len= 14 白胜 loss=28.3195 temp=1.00 total_env_steps=9217 t=0.11s
Ep  395: len= 27 黑胜 loss=28.2445 temp=1.00 total_env_steps=9244 t=0.16s
Ep  396: len=  2 黑胜 loss=28.1900 temp=1.00 total_env_steps=9246 t=0.07s
Ep  397: len= 33 黑胜 loss=28.0567 temp=1.00 total_env_steps=9279 t=0.20s
Ep  398: len= 31 黑胜 loss=28.3178 temp=1.00 total_env_steps=9310 t=0.18s
Ep  399: len= 33 黑胜 loss=28.0747 temp=1.00 total_env_steps=9343 t=0.15s
Ep  400: len= 25 黑胜 loss=28.2014 temp=1.00 total_env_steps=9368 t=0.16s
  eval vs Gomoku-random-v0: win_rate=1.00 mean_return=1.00（20 局，total_env_steps=9368）
Ep  401: len= 27 黑胜 loss=28.1564 temp=1.00 total_env_steps=9395 t=0.16s
Ep  402: len= 22 黑胜 loss=28.1102 temp=1.00 total_env_steps=9417 t=0.14s
Ep  403: len= 17 黑胜 loss=28.0810 temp=1.00 total_env_steps=9434 t=0.13s
Ep  404: len= 23 黑胜 loss=28.1775 temp=1.00 total_env_steps=9457 t=0.16s
Ep  405: len= 40 白胜 loss=28.1771 temp=1.00 total_env_steps=9497 t=0.20s
Ep  406: len=  2 白胜 loss=28.1537 temp=1.00 total_env_steps=9499 t=0.08s
Ep  407: len= 33 黑胜 loss=28.2260 temp=1.00 total_env_steps=9532 t=0.19s
Ep  408: len= 19 黑胜 loss=28.3067 temp=1.00 total_env_steps=9551 t=0.13s
Ep  409: len= 17 黑胜 loss=28.2529 temp=1.00 total_env_steps=9568 t=0.13s
Ep  410: len= 25 黑胜 loss=28.1278 temp=1.00 total_env_steps=9593 t=0.17s
Ep  411: len=  2 黑胜 loss=28.0788 temp=1.00 total_env_steps=9595 t=0.10s
Ep  412: len= 27 黑胜 loss=28.2110 temp=1.00 total_env_steps=9622 t=0.16s
Ep  413: len= 32 白胜 loss=28.3651 temp=1.00 total_env_steps=9654 t=0.18s
Ep  414: len= 45 黑胜 loss=28.3683 temp=1.00 total_env_steps=9699 t=0.21s
Ep  415: len= 32 白胜 loss=28.1971 temp=1.00 total_env_steps=9731 t=0.17s
Ep  416: len= 22 白胜 loss=28.2710 temp=1.00 total_env_steps=9753 t=0.16s
Ep  417: len= 27 黑胜 loss=28.1313 temp=1.00 total_env_steps=9780 t=0.15s
Ep  418: len= 10 白胜 loss=28.0652 temp=1.00 total_env_steps=9790 t=0.12s
Ep  419: len= 27 黑胜 loss=28.2438 temp=1.00 total_env_steps=9817 t=0.15s
Ep  420: len=  6 黑胜 loss=28.1335 temp=1.00 total_env_steps=9823 t=0.09s
Ep  421: len= 37 黑胜 loss=28.1075 temp=1.00 total_env_steps=9860 t=0.17s
Ep  422: len= 32 白胜 loss=28.2860 temp=1.00 total_env_steps=9892 t=0.18s
Ep  423: len= 28 白胜 loss=28.3111 temp=1.00 total_env_steps=9920 t=0.17s
Ep  424: len=  2 黑胜 loss=28.2345 temp=1.00 total_env_steps=9922 t=0.07s
Ep  425: len=  2 白胜 loss=28.3307 temp=1.00 total_env_steps=9924 t=0.08s
Ep  426: len=  8 白胜 loss=28.2695 temp=1.00 total_env_steps=9932 t=0.11s
Ep  427: len=  2 黑胜 loss=28.2911 temp=1.00 total_env_steps=9934 t=0.07s
Ep  428: len= 12 白胜 loss=28.0559 temp=1.00 total_env_steps=9946 t=0.10s
Ep  429: len= 23 黑胜 loss=28.0660 temp=1.00 total_env_steps=9969 t=0.16s
Ep  430: len=  4 白胜 loss=28.1838 temp=1.00 total_env_steps=9973 t=0.08s
Ep  431: len= 29 黑胜 loss=27.9964 temp=1.00 total_env_steps=10002 t=0.17s
Ep  432: len= 39 黑胜 loss=28.2451 temp=1.00 total_env_steps=10041 t=0.20s
Ep  433: len= 10 白胜 loss=28.1495 temp=1.00 total_env_steps=10051 t=0.10s
Ep  434: len= 25 黑胜 loss=28.1325 temp=1.00 total_env_steps=10076 t=0.17s
Ep  435: len= 24 白胜 loss=28.3915 temp=1.00 total_env_steps=10100 t=0.15s
Ep  436: len= 13 黑胜 loss=27.8476 temp=1.00 total_env_steps=10113 t=0.13s
Ep  437: len= 45 黑胜 loss=28.0992 temp=1.00 total_env_steps=10158 t=0.23s
Ep  438: len= 31 黑胜 loss=28.1985 temp=1.00 total_env_steps=10189 t=0.20s
Ep  439: len= 41 黑胜 loss=28.4015 temp=1.00 total_env_steps=10230 t=0.21s
Ep  440: len= 36 白胜 loss=28.1026 temp=1.00 total_env_steps=10266 t=0.20s
Ep  441: len=  2 黑胜 loss=28.2444 temp=1.00 total_env_steps=10268 t=0.08s
Ep  442: len= 16 黑胜 loss=28.0163 temp=1.00 total_env_steps=10284 t=0.14s
Ep  443: len= 29 黑胜 loss=28.0837 temp=1.00 total_env_steps=10313 t=0.16s
Ep  444: len= 32 白胜 loss=28.1230 temp=1.00 total_env_steps=10345 t=0.19s
Ep  445: len=  8 黑胜 loss=28.2185 temp=1.00 total_env_steps=10353 t=0.12s
Ep  446: len= 40 白胜 loss=28.1993 temp=1.00 total_env_steps=10393 t=0.20s
Ep  447: len=  6 白胜 loss=28.0550 temp=1.00 total_env_steps=10399 t=0.10s
Ep  448: len= 23 黑胜 loss=27.9430 temp=1.00 total_env_steps=10422 t=0.14s
Ep  449: len= 24 黑胜 loss=27.9153 temp=1.00 total_env_steps=10446 t=0.16s
Ep  450: len=  6 黑胜 loss=27.9544 temp=1.00 total_env_steps=10452 t=0.11s
Ep  451: len= 23 黑胜 loss=27.9049 temp=1.00 total_env_steps=10475 t=0.16s
Ep  452: len= 33 黑胜 loss=28.3409 temp=1.00 total_env_steps=10508 t=0.16s
Ep  453: len= 34 黑胜 loss=28.1142 temp=1.00 total_env_steps=10542 t=0.20s
Ep  454: len=  4 黑胜 loss=28.0981 temp=1.00 total_env_steps=10546 t=0.08s
Ep  455: len= 25 黑胜 loss=28.1912 temp=1.00 total_env_steps=10571 t=0.19s
Ep  456: len= 34 白胜 loss=28.0664 temp=1.00 total_env_steps=10605 t=0.19s
Ep  457: len=  2 黑胜 loss=27.8938 temp=1.00 total_env_steps=10607 t=0.08s
Ep  458: len= 29 黑胜 loss=28.2407 temp=1.00 total_env_steps=10636 t=0.18s
Ep  459: len= 22 白胜 loss=28.0805 temp=1.00 total_env_steps=10658 t=0.14s
Ep  460: len= 29 黑胜 loss=27.9298 temp=1.00 total_env_steps=10687 t=0.18s
Ep  461: len= 14 白胜 loss=27.8777 temp=1.00 total_env_steps=10701 t=0.11s
Ep  462: len= 32 白胜 loss=28.2229 temp=1.00 total_env_steps=10733 t=0.19s
Ep  463: len= 23 黑胜 loss=28.1472 temp=1.00 total_env_steps=10756 t=0.16s
Ep  464: len= 31 黑胜 loss=28.4600 temp=1.00 total_env_steps=10787 t=0.17s
Ep  465: len= 22 白胜 loss=28.2222 temp=1.00 total_env_steps=10809 t=0.15s
Ep  466: len= 17 黑胜 loss=28.0787 temp=1.00 total_env_steps=10826 t=0.12s
Ep  467: len= 34 白胜 loss=27.9462 temp=1.00 total_env_steps=10860 t=0.20s
Ep  468: len= 27 白胜 loss=28.0219 temp=1.00 total_env_steps=10887 t=0.18s
Ep  469: len= 26 白胜 loss=27.8368 temp=1.00 total_env_steps=10913 t=0.15s
Ep  470: len= 22 黑胜 loss=27.9210 temp=1.00 total_env_steps=10935 t=0.16s
Ep  471: len= 22 黑胜 loss=28.2547 temp=1.00 total_env_steps=10957 t=0.15s
Ep  472: len= 38 白胜 loss=28.1123 temp=1.00 total_env_steps=10995 t=0.21s
Ep  473: len= 34 白胜 loss=27.9552 temp=1.00 total_env_steps=11029 t=0.20s
Ep  474: len= 15 黑胜 loss=27.9533 temp=1.00 total_env_steps=11044 t=0.14s
Ep  475: len= 13 黑胜 loss=27.8267 temp=1.00 total_env_steps=11057 t=0.12s
Ep  476: len= 25 黑胜 loss=27.7399 temp=1.00 total_env_steps=11082 t=0.17s
Ep  477: len= 18 白胜 loss=28.1223 temp=1.00 total_env_steps=11100 t=0.12s
Ep  478: len=  2 黑胜 loss=28.0385 temp=1.00 total_env_steps=11102 t=0.08s
Ep  479: len= 22 白胜 loss=28.0448 temp=1.00 total_env_steps=11124 t=0.17s
Ep  480: len= 19 黑胜 loss=28.0637 temp=1.00 total_env_steps=11143 t=0.15s
Ep  481: len=  4 黑胜 loss=27.9939 temp=1.00 total_env_steps=11147 t=0.09s
Ep  482: len= 16 白胜 loss=27.9015 temp=1.00 total_env_steps=11163 t=0.11s
Ep  483: len=  2 白胜 loss=28.0360 temp=1.00 total_env_steps=11165 t=0.09s
Ep  484: len= 25 黑胜 loss=27.7822 temp=1.00 total_env_steps=11190 t=0.16s
Ep  485: len= 14 白胜 loss=27.9732 temp=1.00 total_env_steps=11204 t=0.14s
Ep  486: len= 10 白胜 loss=28.1888 temp=1.00 total_env_steps=11214 t=0.10s
Ep  487: len= 19 黑胜 loss=27.7271 temp=1.00 total_env_steps=11233 t=0.16s
Ep  488: len= 30 白胜 loss=28.0128 temp=1.00 total_env_steps=11263 t=0.19s
Ep  489: len= 23 黑胜 loss=27.8860 temp=1.00 total_env_steps=11286 t=0.15s
Ep  490: len= 16 白胜 loss=27.7895 temp=1.00 total_env_steps=11302 t=0.13s
Ep  491: len= 25 黑胜 loss=27.6019 temp=1.00 total_env_steps=11327 t=0.17s
Ep  492: len= 21 黑胜 loss=27.8457 temp=1.00 total_env_steps=11348 t=0.17s
Ep  493: len= 13 黑胜 loss=28.0253 temp=1.00 total_env_steps=11361 t=0.12s
Ep  494: len= 25 黑胜 loss=28.0394 temp=1.00 total_env_steps=11386 t=0.20s
Ep  495: len= 26 白胜 loss=28.0609 temp=1.00 total_env_steps=11412 t=0.17s
Ep  496: len= 25 黑胜 loss=27.2681 temp=1.00 total_env_steps=11437 t=0.16s
Ep  497: len= 22 白胜 loss=27.9620 temp=1.00 total_env_steps=11459 t=0.16s
Ep  498: len= 29 黑胜 loss=27.8046 temp=1.00 total_env_steps=11488 t=0.17s
Ep  499: len= 33 黑胜 loss=28.0077 temp=1.00 total_env_steps=11521 t=0.18s
Ep  500: len=  2 黑胜 loss=27.5651 temp=1.00 total_env_steps=11523 t=0.11s
Ep  501: len=  4 黑胜 loss=27.7688 temp=1.00 total_env_steps=11527 t=0.09s
Ep  502: len=  8 黑胜 loss=27.6948 temp=1.00 total_env_steps=11535 t=0.09s
Ep  503: len= 11 黑胜 loss=27.7986 temp=1.00 total_env_steps=11546 t=0.11s
Ep  504: len= 24 黑胜 loss=27.4478 temp=1.00 total_env_steps=11570 t=0.14s
Ep  505: len= 22 白胜 loss=27.8432 temp=1.00 total_env_steps=11592 t=0.15s
Ep  506: len= 23 黑胜 loss=27.8452 temp=1.00 total_env_steps=11615 t=0.14s
Ep  507: len= 13 黑胜 loss=27.6749 temp=1.00 total_env_steps=11628 t=0.13s
Ep  508: len= 27 黑胜 loss=27.7314 temp=1.00 total_env_steps=11655 t=0.15s
Ep  509: len= 30 白胜 loss=27.4724 temp=1.00 total_env_steps=11685 t=0.19s
Ep  510: len=  8 白胜 loss=27.5133 temp=1.00 total_env_steps=11693 t=0.10s
Ep  511: len= 20 白胜 loss=27.6668 temp=1.00 total_env_steps=11713 t=0.15s
Ep  512: len= 27 黑胜 loss=27.9821 temp=1.00 total_env_steps=11740 t=0.17s
Ep  513: len= 21 黑胜 loss=27.8391 temp=1.00 total_env_steps=11761 t=0.13s
Ep  514: len= 44 白胜 loss=27.4977 temp=1.00 total_env_steps=11805 t=0.21s
Ep  515: len= 13 黑胜 loss=27.7757 temp=1.00 total_env_steps=11818 t=0.11s
Ep  516: len= 12 白胜 loss=27.4246 temp=1.00 total_env_steps=11830 t=0.14s
Ep  517: len= 21 黑胜 loss=27.4489 temp=1.00 total_env_steps=11851 t=0.14s
Ep  518: len= 11 黑胜 loss=28.0772 temp=1.00 total_env_steps=11862 t=0.12s
Ep  519: len= 15 黑胜 loss=27.5767 temp=1.00 total_env_steps=11877 t=0.12s
Ep  520: len= 13 黑胜 loss=27.6517 temp=1.00 total_env_steps=11890 t=0.13s
Ep  521: len= 25 黑胜 loss=27.9310 temp=1.00 total_env_steps=11915 t=0.15s
Ep  522: len=  2 黑胜 loss=27.5810 temp=1.00 total_env_steps=11917 t=0.11s
Ep  523: len= 13 黑胜 loss=27.7474 temp=1.00 total_env_steps=11930 t=0.12s
Ep  524: len= 23 黑胜 loss=27.5462 temp=1.00 total_env_steps=11953 t=0.17s
Ep  525: len= 19 黑胜 loss=27.6769 temp=1.00 total_env_steps=11972 t=0.13s
Ep  526: len= 12 黑胜 loss=27.8168 temp=1.00 total_env_steps=11984 t=0.14s
Ep  527: len= 25 黑胜 loss=27.2589 temp=1.00 total_env_steps=12009 t=0.15s
Ep  528: len= 17 黑胜 loss=28.0774 temp=1.00 total_env_steps=12026 t=0.14s
Ep  529: len= 25 黑胜 loss=27.8462 temp=1.00 total_env_steps=12051 t=0.17s
Ep  530: len= 17 黑胜 loss=27.6581 temp=1.00 total_env_steps=12068 t=0.14s
Ep  531: len= 15 黑胜 loss=27.7303 temp=1.00 total_env_steps=12083 t=0.13s
Ep  532: len= 34 白胜 loss=27.2203 temp=1.00 total_env_steps=12117 t=0.18s
Ep  533: len= 20 白胜 loss=27.3083 temp=1.00 total_env_steps=12137 t=0.15s
Ep  534: len= 36 白胜 loss=27.8634 temp=1.00 total_env_steps=12173 t=0.20s
Ep  535: len=  8 黑胜 loss=27.0569 temp=1.00 total_env_steps=12181 t=0.10s
Ep  536: len= 11 白胜 loss=27.7742 temp=1.00 total_env_steps=12192 t=0.10s
Ep  537: len= 17 黑胜 loss=27.5969 temp=1.00 total_env_steps=12209 t=0.15s
Ep  538: len=  8 黑胜 loss=27.4035 temp=1.00 total_env_steps=12217 t=0.09s
Ep  539: len=  2 白胜 loss=27.3247 temp=1.00 total_env_steps=12219 t=0.08s
Ep  540: len= 11 黑胜 loss=27.7891 temp=1.00 total_env_steps=12230 t=0.11s
Ep  541: len= 26 白胜 loss=27.3042 temp=1.00 total_env_steps=12256 t=0.18s
Ep  542: len= 23 黑胜 loss=27.5778 temp=1.00 total_env_steps=12279 t=0.15s
Ep  543: len= 24 黑胜 loss=27.5946 temp=1.00 total_env_steps=12303 t=0.17s
Ep  544: len= 16 白胜 loss=27.0745 temp=1.00 total_env_steps=12319 t=0.13s
Ep  545: len=  4 白胜 loss=27.1917 temp=1.00 total_env_steps=12323 t=0.10s
Ep  546: len= 15 黑胜 loss=26.9566 temp=1.00 total_env_steps=12338 t=0.12s
Ep  547: len= 13 黑胜 loss=27.5673 temp=1.00 total_env_steps=12351 t=0.13s
Ep  548: len= 16 白胜 loss=27.4632 temp=1.00 total_env_steps=12367 t=0.12s
Ep  549: len= 19 黑胜 loss=27.7161 temp=1.00 total_env_steps=12386 t=0.15s
Ep  550: len= 25 黑胜 loss=27.7755 temp=1.00 total_env_steps=12411 t=0.15s
Ep  551: len= 27 黑胜 loss=27.8052 temp=1.00 total_env_steps=12438 t=0.17s
Ep  552: len= 13 黑胜 loss=27.0796 temp=1.00 total_env_steps=12451 t=0.13s
Ep  553: len=  4 白胜 loss=27.2296 temp=1.00 total_env_steps=12455 t=0.11s
Ep  554: len= 39 黑胜 loss=27.6590 temp=1.00 total_env_steps=12494 t=0.21s
Ep  555: len= 12 黑胜 loss=27.7815 temp=1.00 total_env_steps=12506 t=0.12s
Ep  556: len= 13 黑胜 loss=27.4117 temp=1.00 total_env_steps=12519 t=0.12s
Ep  557: len= 14 白胜 loss=27.3798 temp=1.00 total_env_steps=12533 t=0.13s
Ep  558: len= 17 黑胜 loss=27.1083 temp=1.00 total_env_steps=12550 t=0.12s
Ep  559: len= 11 黑胜 loss=27.7452 temp=1.00 total_env_steps=12561 t=0.13s
Ep  560: len= 17 黑胜 loss=27.5709 temp=1.00 total_env_steps=12578 t=0.13s
Ep  561: len=  6 白胜 loss=27.3140 temp=1.00 total_env_steps=12584 t=0.11s
Ep  562: len= 19 黑胜 loss=27.4705 temp=1.00 total_env_steps=12603 t=0.13s
Ep  563: len= 12 白胜 loss=27.3014 temp=1.00 total_env_steps=12615 t=0.13s
Ep  564: len= 14 白胜 loss=27.5134 temp=1.00 total_env_steps=12629 t=0.11s
Ep  565: len= 12 白胜 loss=26.6330 temp=1.00 total_env_steps=12641 t=0.13s
Ep  566: len= 11 黑胜 loss=27.3236 temp=1.00 total_env_steps=12652 t=0.11s
Ep  567: len= 19 黑胜 loss=27.0907 temp=1.00 total_env_steps=12671 t=0.16s
Ep  568: len= 33 黑胜 loss=26.6188 temp=1.00 total_env_steps=12704 t=0.18s
Ep  569: len= 23 白胜 loss=27.6513 temp=1.00 total_env_steps=12727 t=0.16s
Ep  570: len= 11 黑胜 loss=27.2905 temp=1.00 total_env_steps=12738 t=0.10s
Ep  571: len= 13 黑胜 loss=27.4083 temp=1.00 total_env_steps=12751 t=0.13s
Ep  572: len= 13 黑胜 loss=27.1683 temp=1.00 total_env_steps=12764 t=0.11s
Ep  573: len= 11 黑胜 loss=27.1973 temp=1.00 total_env_steps=12775 t=0.12s
Ep  574: len= 10 黑胜 loss=27.1146 temp=1.00 total_env_steps=12785 t=0.11s
Ep  575: len= 25 黑胜 loss=27.0026 temp=1.00 total_env_steps=12810 t=0.17s
Ep  576: len= 19 黑胜 loss=27.0972 temp=1.00 total_env_steps=12829 t=0.13s
Ep  577: len=  4 白胜 loss=27.6462 temp=1.00 total_env_steps=12833 t=0.09s
Ep  578: len= 15 黑胜 loss=27.0091 temp=1.00 total_env_steps=12848 t=0.13s
Ep  579: len= 31 黑胜 loss=27.0291 temp=1.00 total_env_steps=12879 t=0.20s
Ep  580: len= 43 黑胜 loss=27.1222 temp=1.00 total_env_steps=12922 t=0.21s
Ep  581: len=  4 白胜 loss=26.9685 temp=1.00 total_env_steps=12926 t=0.09s
Ep  582: len= 26 白胜 loss=27.8015 temp=1.00 total_env_steps=12952 t=0.16s
Ep  583: len= 28 白胜 loss=27.2418 temp=1.00 total_env_steps=12980 t=0.20s
Ep  584: len= 25 黑胜 loss=26.9873 temp=1.00 total_env_steps=13005 t=0.17s
Ep  585: len= 22 白胜 loss=27.1136 temp=1.00 total_env_steps=13027 t=0.15s
Ep  586: len= 29 黑胜 loss=26.9031 temp=1.00 total_env_steps=13056 t=0.18s
Ep  587: len= 17 黑胜 loss=26.9830 temp=1.00 total_env_steps=13073 t=0.15s
Ep  588: len= 13 黑胜 loss=27.4967 temp=1.00 total_env_steps=13086 t=0.11s
Ep  589: len=  2 白胜 loss=27.2491 temp=1.00 total_env_steps=13088 t=0.08s
Ep  590: len= 10 黑胜 loss=27.2096 temp=1.00 total_env_steps=13098 t=0.12s
Ep  591: len= 11 黑胜 loss=26.8115 temp=1.00 total_env_steps=13109 t=0.10s
Ep  592: len= 11 黑胜 loss=27.2248 temp=1.00 total_env_steps=13120 t=0.12s
Ep  593: len= 14 白胜 loss=27.1232 temp=1.00 total_env_steps=13134 t=0.12s
Ep  594: len= 23 黑胜 loss=26.7439 temp=1.00 total_env_steps=13157 t=0.16s
Ep  595: len= 29 黑胜 loss=27.3953 temp=1.00 total_env_steps=13186 t=0.17s
Ep  596: len=  8 白胜 loss=26.7985 temp=1.00 total_env_steps=13194 t=0.11s
Ep  597: len= 15 黑胜 loss=27.0842 temp=1.00 total_env_steps=13209 t=0.14s
Ep  598: len=  2 黑胜 loss=27.2529 temp=1.00 total_env_steps=13211 t=0.11s
Ep  599: len=  8 白胜 loss=27.1516 temp=1.00 total_env_steps=13219 t=0.10s
Ep  600: len= 14 白胜 loss=26.2128 temp=1.00 total_env_steps=13233 t=0.13s
  eval vs Gomoku-random-v0: win_rate=1.00 mean_return=1.00（20 局，total_env_steps=13233）
Ep  601: len= 33 黑胜 loss=27.4777 temp=1.00 total_env_steps=13266 t=0.18s
Ep  602: len= 11 黑胜 loss=26.7582 temp=1.00 total_env_steps=13277 t=0.12s
Ep  603: len= 13 黑胜 loss=26.8753 temp=1.00 total_env_steps=13290 t=0.11s
Ep  604: len= 11 黑胜 loss=26.1155 temp=1.00 total_env_steps=13301 t=0.12s
Ep  605: len= 27 黑胜 loss=27.1291 temp=1.00 total_env_steps=13328 t=0.16s
Ep  606: len= 10 黑胜 loss=27.1466 temp=1.00 total_env_steps=13338 t=0.12s
Ep  607: len= 11 黑胜 loss=26.8107 temp=1.00 total_env_steps=13349 t=0.10s
Ep  608: len= 19 黑胜 loss=26.9011 temp=1.00 total_env_steps=13368 t=0.14s
Ep  609: len= 14 白胜 loss=26.8838 temp=1.00 total_env_steps=13382 t=0.12s
Ep  610: len= 16 白胜 loss=26.7341 temp=1.00 total_env_steps=13398 t=0.12s
Ep  611: len= 15 黑胜 loss=26.4855 temp=1.00 total_env_steps=13413 t=0.13s
Ep  612: len= 13 黑胜 loss=26.5788 temp=1.00 total_env_steps=13426 t=0.12s
Ep  613: len= 15 黑胜 loss=27.3324 temp=1.00 total_env_steps=13441 t=0.13s
Ep  614: len= 17 黑胜 loss=26.4380 temp=1.00 total_env_steps=13458 t=0.12s
Ep  615: len=  7 白胜 loss=26.9513 temp=1.00 total_env_steps=13465 t=0.12s
Ep  616: len= 10 白胜 loss=26.1278 temp=1.00 total_env_steps=13475 t=0.09s
Ep  617: len= 15 黑胜 loss=26.5149 temp=1.00 total_env_steps=13490 t=0.14s
Ep  618: len= 26 白胜 loss=26.4765 temp=1.00 total_env_steps=13516 t=0.14s
Ep  619: len= 13 黑胜 loss=26.0928 temp=1.00 total_env_steps=13529 t=0.13s
Ep  620: len=  2 黑胜 loss=27.1257 temp=1.00 total_env_steps=13531 t=0.07s
Ep  621: len= 11 黑胜 loss=26.7831 temp=1.00 total_env_steps=13542 t=0.10s
Ep  622: len= 15 黑胜 loss=27.3180 temp=1.00 total_env_steps=13557 t=0.15s
Ep  623: len= 27 黑胜 loss=26.8944 temp=1.00 total_env_steps=13584 t=0.17s
Ep  624: len=  8 黑胜 loss=26.7041 temp=1.00 total_env_steps=13592 t=0.10s
Ep  625: len= 29 黑胜 loss=26.6585 temp=1.00 total_env_steps=13621 t=0.19s
Ep  626: len= 11 黑胜 loss=26.5932 temp=1.00 total_env_steps=13632 t=0.11s
Ep  627: len= 31 黑胜 loss=26.3992 temp=1.00 total_env_steps=13663 t=0.17s
Ep  628: len=  2 白胜 loss=25.9052 temp=1.00 total_env_steps=13665 t=0.07s
Ep  629: len= 11 黑胜 loss=26.8461 temp=1.00 total_env_steps=13676 t=0.11s
Ep  630: len= 15 黑胜 loss=26.4991 temp=1.00 total_env_steps=13691 t=0.15s
Ep  631: len=  8 白胜 loss=26.5848 temp=1.00 total_env_steps=13699 t=0.11s
Ep  632: len= 28 白胜 loss=25.9351 temp=1.00 total_env_steps=13727 t=0.17s
Ep  633: len= 31 黑胜 loss=26.6509 temp=1.00 total_env_steps=13758 t=0.18s
Ep  634: len= 11 黑胜 loss=25.9600 temp=1.00 total_env_steps=13769 t=0.10s
Ep  635: len= 20 白胜 loss=26.2100 temp=1.00 total_env_steps=13789 t=0.15s
Ep  636: len= 13 黑胜 loss=26.6399 temp=1.00 total_env_steps=13802 t=0.11s
Ep  637: len= 31 黑胜 loss=25.7612 temp=1.00 total_env_steps=13833 t=0.18s
Ep  638: len= 23 黑胜 loss=26.6994 temp=1.00 total_env_steps=13856 t=0.14s
Ep  639: len= 13 黑胜 loss=26.5749 temp=1.00 total_env_steps=13869 t=0.13s
Ep  640: len= 50 白胜 loss=26.0936 temp=1.00 total_env_steps=13919 t=0.21s
Ep  641: len= 35 黑胜 loss=26.9504 temp=1.00 total_env_steps=13954 t=0.18s
Ep  642: len= 11 黑胜 loss=26.3690 temp=1.00 total_env_steps=13965 t=0.12s
Ep  643: len= 17 白胜 loss=26.6658 temp=1.00 total_env_steps=13982 t=0.12s
Ep  644: len= 13 黑胜 loss=26.4589 temp=1.00 total_env_steps=13995 t=0.12s
Ep  645: len= 16 黑胜 loss=26.4116 temp=1.00 total_env_steps=14011 t=0.14s
Ep  646: len=  8 黑胜 loss=26.2692 temp=1.00 total_env_steps=14019 t=0.12s
Ep  647: len= 11 黑胜 loss=26.8624 temp=1.00 total_env_steps=14030 t=0.11s
Ep  648: len= 17 黑胜 loss=26.2855 temp=1.00 total_env_steps=14047 t=0.12s
Ep  649: len= 13 黑胜 loss=25.9752 temp=1.00 total_env_steps=14060 t=0.12s
Ep  650: len= 27 黑胜 loss=26.3101 temp=1.00 total_env_steps=14087 t=0.16s
Ep  651: len= 41 黑胜 loss=26.3568 temp=1.00 total_env_steps=14128 t=0.20s
Ep  652: len= 23 黑胜 loss=25.9346 temp=1.00 total_env_steps=14151 t=0.15s
Ep  653: len= 37 黑胜 loss=26.0901 temp=1.00 total_env_steps=14188 t=0.20s
Ep  654: len=  6 黑胜 loss=26.4012 temp=1.00 total_env_steps=14194 t=0.11s
Ep  655: len= 12 白胜 loss=26.1519 temp=1.00 total_env_steps=14206 t=0.11s
Ep  656: len= 13 黑胜 loss=26.5416 temp=1.00 total_env_steps=14219 t=0.13s
Ep  657: len= 13 黑胜 loss=26.5099 temp=1.00 total_env_steps=14232 t=0.10s
Ep  658: len= 12 白胜 loss=26.9378 temp=1.00 total_env_steps=14244 t=0.13s
Ep  659: len= 18 黑胜 loss=26.7515 temp=1.00 total_env_steps=14262 t=0.12s
Ep  660: len= 31 黑胜 loss=25.7465 temp=1.00 total_env_steps=14293 t=0.20s
Ep  661: len= 13 黑胜 loss=25.9864 temp=1.00 total_env_steps=14306 t=0.12s
Ep  662: len= 14 白胜 loss=26.6775 temp=1.00 total_env_steps=14320 t=0.15s
Ep  663: len= 14 黑胜 loss=26.2445 temp=1.00 total_env_steps=14334 t=0.12s
Ep  664: len= 15 黑胜 loss=25.8309 temp=1.00 total_env_steps=14349 t=0.14s
Ep  665: len= 27 白胜 loss=26.7999 temp=1.00 total_env_steps=14376 t=0.15s
Ep  666: len= 15 白胜 loss=26.7955 temp=1.00 total_env_steps=14391 t=0.12s
Ep  667: len= 23 黑胜 loss=26.7174 temp=1.00 total_env_steps=14414 t=0.16s
Ep  668: len= 19 黑胜 loss=26.3172 temp=1.00 total_env_steps=14433 t=0.14s
Ep  669: len= 14 白胜 loss=27.4979 temp=1.00 total_env_steps=14447 t=0.13s
Ep  670: len= 29 黑胜 loss=26.3079 temp=1.00 total_env_steps=14476 t=0.16s
Ep  671: len= 11 黑胜 loss=26.3227 temp=1.00 total_env_steps=14487 t=0.13s
Ep  672: len= 15 黑胜 loss=26.4375 temp=1.00 total_env_steps=14502 t=0.12s
Ep  673: len= 39 黑胜 loss=25.9790 temp=1.00 total_env_steps=14541 t=0.21s
Ep  674: len= 13 黑胜 loss=25.5844 temp=1.00 total_env_steps=14554 t=0.11s
Ep  675: len= 13 黑胜 loss=26.4796 temp=1.00 total_env_steps=14567 t=0.13s
Ep  676: len=  8 白胜 loss=26.6096 temp=1.00 total_env_steps=14575 t=0.09s
Ep  677: len= 13 黑胜 loss=26.9095 temp=1.00 total_env_steps=14588 t=0.12s
Ep  678: len= 17 黑胜 loss=25.7972 temp=1.00 total_env_steps=14605 t=0.14s
Ep  679: len= 10 黑胜 loss=26.6849 temp=1.00 total_env_steps=14615 t=0.10s
Ep  680: len= 36 白胜 loss=25.9937 temp=1.00 total_env_steps=14651 t=0.18s
Ep  681: len= 19 黑胜 loss=26.7117 temp=1.00 total_env_steps=14670 t=0.14s
Ep  682: len= 15 黑胜 loss=26.3934 temp=1.00 total_env_steps=14685 t=0.12s
Ep  683: len= 13 黑胜 loss=25.8412 temp=1.00 total_env_steps=14698 t=0.11s
Ep  684: len= 13 黑胜 loss=25.9776 temp=1.00 total_env_steps=14711 t=0.12s
Ep  685: len= 15 黑胜 loss=25.6126 temp=1.00 total_env_steps=14726 t=0.10s
Ep  686: len= 20 白胜 loss=26.1648 temp=1.00 total_env_steps=14746 t=0.16s
Ep  687: len= 35 黑胜 loss=26.3866 temp=1.00 total_env_steps=14781 t=0.18s
Ep  688: len= 34 黑胜 loss=26.3424 temp=1.00 total_env_steps=14815 t=0.19s
Ep  689: len= 11 黑胜 loss=25.9122 temp=1.00 total_env_steps=14826 t=0.12s
Ep  690: len= 11 黑胜 loss=26.2868 temp=1.00 total_env_steps=14837 t=0.11s
Ep  691: len= 31 黑胜 loss=25.4432 temp=1.00 total_env_steps=14868 t=0.16s
Ep  692: len= 27 黑胜 loss=26.0969 temp=1.00 total_env_steps=14895 t=0.16s
Ep  693: len= 11 黑胜 loss=26.3196 temp=1.00 total_env_steps=14906 t=0.13s
Ep  694: len= 15 黑胜 loss=26.1541 temp=1.00 total_env_steps=14921 t=0.14s
Ep  695: len= 13 黑胜 loss=26.0747 temp=1.00 total_env_steps=14934 t=0.15s
Ep  696: len= 11 黑胜 loss=25.7554 temp=1.00 total_env_steps=14945 t=0.11s
Ep  697: len= 11 黑胜 loss=25.8097 temp=1.00 total_env_steps=14956 t=0.13s
Ep  698: len= 13 黑胜 loss=25.7479 temp=1.00 total_env_steps=14969 t=0.10s
Ep  699: len= 35 黑胜 loss=25.9074 temp=1.00 total_env_steps=15004 t=0.17s
Ep  700: len=  4 白胜 loss=25.9645 temp=1.00 total_env_steps=15008 t=0.08s
Ep  701: len= 41 黑胜 loss=25.2883 temp=1.00 total_env_steps=15049 t=0.21s
Ep  702: len= 11 黑胜 loss=25.7481 temp=1.00 total_env_steps=15060 t=0.10s
Ep  703: len= 37 黑胜 loss=25.6874 temp=1.00 total_env_steps=15097 t=0.19s
Ep  704: len= 17 黑胜 loss=25.3975 temp=1.00 total_env_steps=15114 t=0.13s
Ep  705: len=  2 白胜 loss=26.4960 temp=1.00 total_env_steps=15116 t=0.09s
Ep  706: len=  8 白胜 loss=25.5709 temp=1.00 total_env_steps=15124 t=0.09s
Ep  707: len= 13 黑胜 loss=25.5329 temp=1.00 total_env_steps=15137 t=0.12s
Ep  708: len= 12 白胜 loss=25.4476 temp=1.00 total_env_steps=15149 t=0.11s
Ep  709: len= 28 白胜 loss=26.6240 temp=1.00 total_env_steps=15177 t=0.17s
Ep  710: len= 13 黑胜 loss=25.8319 temp=1.00 total_env_steps=15190 t=0.12s
Ep  711: len= 27 黑胜 loss=25.8277 temp=1.00 total_env_steps=15217 t=0.19s
Ep  712: len= 11 黑胜 loss=26.2571 temp=1.00 total_env_steps=15228 t=0.11s
Ep  713: len= 13 黑胜 loss=25.0898 temp=1.00 total_env_steps=15241 t=0.12s
Ep  714: len= 11 黑胜 loss=26.1896 temp=1.00 total_env_steps=15252 t=0.11s
Ep  715: len= 36 白胜 loss=26.0943 temp=1.00 total_env_steps=15288 t=0.19s
Ep  716: len= 39 黑胜 loss=25.7415 temp=1.00 total_env_steps=15327 t=0.19s
Ep  717: len= 12 白胜 loss=25.7058 temp=1.00 total_env_steps=15339 t=0.12s
Ep  718: len=  2 黑胜 loss=25.9279 temp=1.00 total_env_steps=15341 t=0.08s
Ep  719: len= 13 黑胜 loss=25.2136 temp=1.00 total_env_steps=15354 t=0.13s
Ep  720: len= 11 黑胜 loss=26.3052 temp=1.00 total_env_steps=15365 t=0.10s
Ep  721: len= 15 黑胜 loss=25.9228 temp=1.00 total_env_steps=15380 t=0.13s
Ep  722: len=  4 黑胜 loss=26.0718 temp=1.00 total_env_steps=15384 t=0.08s
Ep  723: len= 12 黑胜 loss=24.2051 temp=1.00 total_env_steps=15396 t=0.11s
Ep  724: len= 15 黑胜 loss=25.6958 temp=1.00 total_env_steps=15411 t=0.14s
Ep  725: len= 14 白胜 loss=25.6563 temp=1.00 total_env_steps=15425 t=0.11s
Ep  726: len= 37 黑胜 loss=25.7677 temp=1.00 total_env_steps=15462 t=0.21s
Ep  727: len= 17 黑胜 loss=25.3019 temp=1.00 total_env_steps=15479 t=0.13s
Ep  728: len= 15 黑胜 loss=25.2403 temp=1.00 total_env_steps=15494 t=0.13s
Ep  729: len= 10 白胜 loss=25.5570 temp=1.00 total_env_steps=15504 t=0.10s
Ep  730: len= 31 黑胜 loss=25.8417 temp=1.00 total_env_steps=15535 t=0.18s
Ep  731: len= 25 黑胜 loss=25.5074 temp=1.00 total_env_steps=15560 t=0.17s
Ep  732: len= 14 白胜 loss=25.7275 temp=1.00 total_env_steps=15574 t=0.14s
Ep  733: len= 13 黑胜 loss=24.5531 temp=1.00 total_env_steps=15587 t=0.13s
Ep  734: len= 13 黑胜 loss=25.4126 temp=1.00 total_env_steps=15600 t=0.11s
Ep  735: len= 37 黑胜 loss=25.8061 temp=1.00 total_env_steps=15637 t=0.20s
Ep  736: len= 30 白胜 loss=25.6777 temp=1.00 total_env_steps=15667 t=0.16s
Ep  737: len= 26 白胜 loss=25.6852 temp=1.00 total_env_steps=15693 t=0.16s
Ep  738: len= 35 黑胜 loss=25.3125 temp=1.00 total_env_steps=15728 t=0.20s
Ep  739: len= 15 黑胜 loss=25.5359 temp=1.00 total_env_steps=15743 t=0.13s
Ep  740: len=  4 白胜 loss=25.3070 temp=1.00 total_env_steps=15747 t=0.10s
Ep  741: len=  2 黑胜 loss=25.3902 temp=1.00 total_env_steps=15749 t=0.08s
Ep  742: len= 12 黑胜 loss=25.8820 temp=1.00 total_env_steps=15761 t=0.11s
Ep  743: len=  4 白胜 loss=26.0337 temp=1.00 total_env_steps=15765 t=0.11s
Ep  744: len= 16 白胜 loss=25.6661 temp=1.00 total_env_steps=15781 t=0.12s
Ep  745: len= 18 黑胜 loss=26.1940 temp=1.00 total_env_steps=15799 t=0.13s
Ep  746: len= 43 黑胜 loss=25.2036 temp=1.00 total_env_steps=15842 t=0.20s
Ep  747: len= 13 黑胜 loss=26.1834 temp=1.00 total_env_steps=15855 t=0.12s
Ep  748: len=  2 黑胜 loss=25.3063 temp=1.00 total_env_steps=15857 t=0.07s
Ep  749: len= 35 黑胜 loss=25.5746 temp=1.00 total_env_steps=15892 t=0.17s
Ep  750: len= 11 黑胜 loss=25.5331 temp=1.00 total_env_steps=15903 t=0.11s
Ep  751: len= 11 黑胜 loss=25.1437 temp=1.00 total_env_steps=15914 t=0.11s
Ep  752: len= 15 黑胜 loss=26.2717 temp=1.00 total_env_steps=15929 t=0.12s
Ep  753: len= 12 白胜 loss=25.2419 temp=1.00 total_env_steps=15941 t=0.12s
Ep  754: len=  2 白胜 loss=25.5459 temp=1.00 total_env_steps=15943 t=0.08s
Ep  755: len= 13 黑胜 loss=25.0345 temp=1.00 total_env_steps=15956 t=0.10s
Ep  756: len= 41 黑胜 loss=25.2150 temp=1.00 total_env_steps=15997 t=0.21s
Ep  757: len= 11 黑胜 loss=25.0890 temp=1.00 total_env_steps=16008 t=0.11s
Ep  758: len= 25 黑胜 loss=24.6265 temp=1.00 total_env_steps=16033 t=0.16s
Ep  759: len= 24 白胜 loss=24.7633 temp=1.00 total_env_steps=16057 t=0.15s
Ep  760: len= 29 黑胜 loss=24.9815 temp=1.00 total_env_steps=16086 t=0.16s
Ep  761: len= 19 黑胜 loss=25.0052 temp=1.00 total_env_steps=16105 t=0.15s
Ep  762: len= 22 黑胜 loss=24.9933 temp=1.00 total_env_steps=16127 t=0.14s
Ep  763: len= 24 白胜 loss=24.9239 temp=1.00 total_env_steps=16151 t=0.16s
Ep  764: len= 14 黑胜 loss=24.9971 temp=1.00 total_env_steps=16165 t=0.10s
Ep  765: len= 17 黑胜 loss=24.9723 temp=1.00 total_env_steps=16182 t=0.14s
Ep  766: len=  2 黑胜 loss=25.2642 temp=1.00 total_env_steps=16184 t=0.07s
Ep  767: len= 13 黑胜 loss=24.3394 temp=1.00 total_env_steps=16197 t=0.12s
Ep  768: len= 27 黑胜 loss=25.3138 temp=1.00 total_env_steps=16224 t=0.15s
Ep  769: len=  6 白胜 loss=25.3397 temp=1.00 total_env_steps=16230 t=0.11s
Ep  770: len= 13 黑胜 loss=25.2946 temp=1.00 total_env_steps=16243 t=0.13s
Ep  771: len= 10 白胜 loss=24.7549 temp=1.00 total_env_steps=16253 t=0.10s
Ep  772: len= 13 黑胜 loss=25.6134 temp=1.00 total_env_steps=16266 t=0.13s
Ep  773: len= 19 黑胜 loss=25.3330 temp=1.00 total_env_steps=16285 t=0.12s
Ep  774: len= 14 白胜 loss=25.5606 temp=1.00 total_env_steps=16299 t=0.13s
Ep  775: len= 25 黑胜 loss=25.2297 temp=1.00 total_env_steps=16324 t=0.14s
Ep  776: len= 13 黑胜 loss=24.9792 temp=1.00 total_env_steps=16337 t=0.14s
Ep  777: len=  2 黑胜 loss=25.8022 temp=1.00 total_env_steps=16339 t=0.08s
Ep  778: len= 15 黑胜 loss=24.5306 temp=1.00 total_env_steps=16354 t=0.13s
Ep  779: len= 31 黑胜 loss=24.7637 temp=1.00 total_env_steps=16385 t=0.20s
Ep  780: len= 16 黑胜 loss=24.7640 temp=1.00 total_env_steps=16401 t=0.13s
Ep  781: len= 30 白胜 loss=25.3077 temp=1.00 total_env_steps=16431 t=0.16s
Ep  782: len=  2 黑胜 loss=25.0363 temp=1.00 total_env_steps=16433 t=0.08s
Ep  783: len= 13 黑胜 loss=24.9012 temp=1.00 total_env_steps=16446 t=0.11s
Ep  784: len= 11 黑胜 loss=24.9060 temp=1.00 total_env_steps=16457 t=0.10s
Ep  785: len= 20 白胜 loss=24.7876 temp=1.00 total_env_steps=16477 t=0.12s
Ep  786: len= 11 黑胜 loss=24.9802 temp=1.00 total_env_steps=16488 t=0.10s
Ep  787: len= 15 黑胜 loss=25.3659 temp=1.00 total_env_steps=16503 t=0.11s
Ep  788: len= 13 黑胜 loss=25.0666 temp=1.00 total_env_steps=16516 t=0.10s
Ep  789: len= 12 白胜 loss=24.3758 temp=1.00 total_env_steps=16528 t=0.07s
Ep  790: len= 26 白胜 loss=24.4399 temp=1.00 total_env_steps=16554 t=0.09s
Ep  791: len= 39 黑胜 loss=24.8106 temp=1.00 total_env_steps=16593 t=0.10s
Ep  792: len= 13 黑胜 loss=25.3694 temp=1.00 total_env_steps=16606 t=0.05s
Ep  793: len= 26 白胜 loss=24.7825 temp=1.00 total_env_steps=16632 t=0.08s
Ep  794: len=  2 白胜 loss=24.5536 temp=1.00 total_env_steps=16634 t=0.02s
Ep  795: len= 30 白胜 loss=25.0137 temp=1.00 total_env_steps=16664 t=0.08s
Ep  796: len= 21 黑胜 loss=24.7981 temp=1.00 total_env_steps=16685 t=0.07s
Ep  797: len= 19 黑胜 loss=25.0819 temp=1.00 total_env_steps=16704 t=0.06s
Ep  798: len= 20 黑胜 loss=24.6898 temp=1.00 total_env_steps=16724 t=0.06s
Ep  799: len= 12 白胜 loss=25.0890 temp=1.00 total_env_steps=16736 t=0.05s
Ep  800: len= 25 黑胜 loss=24.1808 temp=1.00 total_env_steps=16761 t=0.07s
  eval vs Gomoku-random-v0: win_rate=1.00 mean_return=1.00（20 局，total_env_steps=16761）
Ep  801: len=  4 白胜 loss=24.8812 temp=1.00 total_env_steps=16765 t=0.03s
Ep  802: len= 20 黑胜 loss=24.6402 temp=1.00 total_env_steps=16785 t=0.05s
Ep  803: len= 11 黑胜 loss=24.4491 temp=1.00 total_env_steps=16796 t=0.04s
Ep  804: len= 29 白胜 loss=24.8146 temp=1.00 total_env_steps=16825 t=0.07s
Ep  805: len= 19 黑胜 loss=24.7177 temp=1.00 total_env_steps=16844 t=0.06s
Ep  806: len= 27 黑胜 loss=25.0844 temp=1.00 total_env_steps=16871 t=0.07s
Ep  807: len= 16 白胜 loss=24.9762 temp=1.00 total_env_steps=16887 t=0.05s
Ep  808: len= 21 黑胜 loss=25.1712 temp=1.00 total_env_steps=16908 t=0.06s
Ep  809: len=  2 白胜 loss=25.0370 temp=1.00 total_env_steps=16910 t=0.02s
Ep  810: len= 12 黑胜 loss=25.3638 temp=1.00 total_env_steps=16922 t=0.05s
Ep  811: len= 33 黑胜 loss=25.3777 temp=1.00 total_env_steps=16955 t=0.08s
Ep  812: len= 29 黑胜 loss=24.8756 temp=1.00 total_env_steps=16984 t=0.07s
Ep  813: len= 13 黑胜 loss=24.8382 temp=1.00 total_env_steps=16997 t=0.05s
Ep  814: len= 15 黑胜 loss=24.6634 temp=1.00 total_env_steps=17012 t=0.05s
Ep  815: len=  2 黑胜 loss=24.4678 temp=1.00 total_env_steps=17014 t=0.02s
Ep  816: len= 15 黑胜 loss=25.1317 temp=1.00 total_env_steps=17029 t=0.05s
Ep  817: len=  6 黑胜 loss=24.7292 temp=1.00 total_env_steps=17035 t=0.03s
Ep  818: len= 13 黑胜 loss=24.4046 temp=1.00 total_env_steps=17048 t=0.05s
Ep  819: len= 35 黑胜 loss=24.6981 temp=1.00 total_env_steps=17083 t=0.09s
Ep  820: len= 15 黑胜 loss=24.7408 temp=1.00 total_env_steps=17098 t=0.04s
Ep  821: len= 29 黑胜 loss=24.7572 temp=1.00 total_env_steps=17127 t=0.07s
Ep  822: len= 13 黑胜 loss=24.4479 temp=1.00 total_env_steps=17140 t=0.05s
Ep  823: len= 26 黑胜 loss=24.8216 temp=1.00 total_env_steps=17166 t=0.07s
Ep  824: len= 24 黑胜 loss=24.8768 temp=1.00 total_env_steps=17190 t=0.07s
Ep  825: len= 30 白胜 loss=25.1071 temp=1.00 total_env_steps=17220 t=0.07s
Ep  826: len= 12 黑胜 loss=25.0390 temp=1.00 total_env_steps=17232 t=0.04s
Ep  827: len=  2 白胜 loss=24.3495 temp=1.00 total_env_steps=17234 t=0.02s
Ep  828: len=  9 白胜 loss=25.3496 temp=1.00 total_env_steps=17243 t=0.03s
Ep  829: len=  8 白胜 loss=24.5519 temp=1.00 total_env_steps=17251 t=0.03s
Ep  830: len= 15 白胜 loss=24.6618 temp=1.00 total_env_steps=17266 t=0.05s
Ep  831: len= 16 黑胜 loss=24.8031 temp=1.00 total_env_steps=17282 t=0.05s
Ep  832: len= 24 白胜 loss=24.7676 temp=1.00 total_env_steps=17306 t=0.06s
Ep  833: len= 11 黑胜 loss=24.4550 temp=1.00 total_env_steps=17317 t=0.04s
Ep  834: len= 13 黑胜 loss=24.7783 temp=1.00 total_env_steps=17330 t=0.04s
Ep  835: len= 19 黑胜 loss=24.4295 temp=1.00 total_env_steps=17349 t=0.06s
Ep  836: len= 32 白胜 loss=24.7666 temp=1.00 total_env_steps=17381 t=0.08s
Ep  837: len=  2 白胜 loss=25.1450 temp=1.00 total_env_steps=17383 t=0.03s
Ep  838: len= 31 黑胜 loss=24.7097 temp=1.00 total_env_steps=17414 t=0.08s
Ep  839: len= 15 黑胜 loss=24.9987 temp=1.00 total_env_steps=17429 t=0.05s
Ep  840: len= 26 白胜 loss=24.4062 temp=1.00 total_env_steps=17455 t=0.06s
Ep  841: len= 19 黑胜 loss=25.2382 temp=1.00 total_env_steps=17474 t=0.05s
Ep  842: len= 10 白胜 loss=25.2407 temp=1.00 total_env_steps=17484 t=0.04s
Ep  843: len= 17 黑胜 loss=24.3736 temp=1.00 total_env_steps=17501 t=0.05s
Ep  844: len= 20 白胜 loss=24.8945 temp=1.00 total_env_steps=17521 t=0.06s
Ep  845: len= 19 黑胜 loss=24.4295 temp=1.00 total_env_steps=17540 t=0.06s
Ep  846: len=  4 黑胜 loss=24.6990 temp=1.00 total_env_steps=17544 t=0.03s
Ep  847: len= 12 白胜 loss=24.5365 temp=1.00 total_env_steps=17556 t=0.04s
Ep  848: len= 21 黑胜 loss=23.7169 temp=1.00 total_env_steps=17577 t=0.07s
Ep  849: len= 29 黑胜 loss=24.6098 temp=1.00 total_env_steps=17606 t=0.07s
Ep  850: len=  8 白胜 loss=25.4682 temp=1.00 total_env_steps=17614 t=0.03s
Ep  851: len= 30 黑胜 loss=24.9536 temp=1.00 total_env_steps=17644 t=0.08s
Ep  852: len= 15 黑胜 loss=24.9798 temp=1.00 total_env_steps=17659 t=0.05s
Ep  853: len= 17 黑胜 loss=24.1103 temp=1.00 total_env_steps=17676 t=0.06s
Ep  854: len= 38 白胜 loss=24.3732 temp=1.00 total_env_steps=17714 t=0.08s
Ep  855: len=  2 白胜 loss=24.4131 temp=1.00 total_env_steps=17716 t=0.03s
Ep  856: len= 21 黑胜 loss=24.8393 temp=1.00 total_env_steps=17737 t=0.06s
Ep  857: len=  6 黑胜 loss=24.4266 temp=1.00 total_env_steps=17743 t=0.03s
Ep  858: len=  2 白胜 loss=24.8939 temp=1.00 total_env_steps=17745 t=0.02s
Ep  859: len= 17 黑胜 loss=24.9754 temp=1.00 total_env_steps=17762 t=0.05s
Ep  860: len= 29 黑胜 loss=24.9894 temp=1.00 total_env_steps=17791 t=0.08s
Ep  861: len=  6 黑胜 loss=24.8266 temp=1.00 total_env_steps=17797 t=0.03s
Ep  862: len=  8 黑胜 loss=25.0504 temp=1.00 total_env_steps=17805 t=0.04s
Ep  863: len= 10 黑胜 loss=24.7658 temp=1.00 total_env_steps=17815 t=0.04s
Ep  864: len= 15 黑胜 loss=24.0041 temp=1.00 total_env_steps=17830 t=0.05s
Ep  865: len= 24 黑胜 loss=24.6000 temp=1.00 total_env_steps=17854 t=0.07s
Ep  866: len= 10 白胜 loss=24.4087 temp=1.00 total_env_steps=17864 t=0.04s
Ep  867: len= 25 黑胜 loss=24.2280 temp=1.00 total_env_steps=17889 t=0.07s
Ep  868: len= 13 黑胜 loss=24.4991 temp=1.00 total_env_steps=17902 t=0.05s
Ep  869: len= 12 白胜 loss=24.6337 temp=1.00 total_env_steps=17914 t=0.04s
Ep  870: len= 11 黑胜 loss=24.0420 temp=1.00 total_env_steps=17925 t=0.04s
Ep  871: len= 17 黑胜 loss=24.8021 temp=1.00 total_env_steps=17942 t=0.06s
Ep  872: len= 13 黑胜 loss=24.4464 temp=1.00 total_env_steps=17955 t=0.05s
Ep  873: len= 10 白胜 loss=25.2550 temp=1.00 total_env_steps=17965 t=0.04s
Ep  874: len= 24 黑胜 loss=24.3988 temp=1.00 total_env_steps=17989 t=0.07s
Ep  875: len= 28 白胜 loss=25.1787 temp=1.00 total_env_steps=18017 t=0.09s
Ep  876: len= 31 黑胜 loss=24.5944 temp=1.00 total_env_steps=18048 t=0.11s
Ep  877: len= 20 白胜 loss=25.0584 temp=1.00 total_env_steps=18068 t=0.07s
Ep  878: len= 25 黑胜 loss=24.4872 temp=1.00 total_env_steps=18093 t=0.08s
Ep  879: len=  2 黑胜 loss=24.4378 temp=1.00 total_env_steps=18095 t=0.03s
Ep  880: len= 51 黑胜 loss=24.6453 temp=1.00 total_env_steps=18146 t=0.13s
Ep  881: len= 13 黑胜 loss=23.8135 temp=1.00 total_env_steps=18159 t=0.06s
Ep  882: len= 15 黑胜 loss=24.3249 temp=1.00 total_env_steps=18174 t=0.06s
Ep  883: len= 11 黑胜 loss=25.0095 temp=1.00 total_env_steps=18185 t=0.05s
Ep  884: len=  4 白胜 loss=24.9619 temp=1.00 total_env_steps=18189 t=0.03s
Ep  885: len= 10 黑胜 loss=24.5968 temp=1.00 total_env_steps=18199 t=0.04s
Ep  886: len= 25 黑胜 loss=24.7012 temp=1.00 total_env_steps=18224 t=0.08s
Ep  887: len=  6 黑胜 loss=24.1114 temp=1.00 total_env_steps=18230 t=0.03s
Ep  888: len= 33 黑胜 loss=24.5898 temp=1.00 total_env_steps=18263 t=0.11s
Ep  889: len= 37 黑胜 loss=24.5250 temp=1.00 total_env_steps=18300 t=0.11s
Ep  890: len= 29 黑胜 loss=24.2054 temp=1.00 total_env_steps=18329 t=0.09s
Ep  891: len=  2 黑胜 loss=24.4942 temp=1.00 total_env_steps=18331 t=0.02s
Ep  892: len= 12 黑胜 loss=24.1541 temp=1.00 total_env_steps=18343 t=0.04s
Ep  893: len=  2 黑胜 loss=24.5859 temp=1.00 total_env_steps=18345 t=0.02s
Ep  894: len= 23 黑胜 loss=25.9450 temp=1.00 total_env_steps=18368 t=0.07s
Ep  895: len= 11 黑胜 loss=24.5158 temp=1.00 total_env_steps=18379 t=0.05s
Ep  896: len= 13 黑胜 loss=25.3138 temp=1.00 total_env_steps=18392 t=0.05s
Ep  897: len= 35 黑胜 loss=24.3641 temp=1.00 total_env_steps=18427 t=0.10s
Ep  898: len= 15 黑胜 loss=23.9089 temp=1.00 total_env_steps=18442 t=0.06s
Ep  899: len=  2 白胜 loss=24.6324 temp=1.00 total_env_steps=18444 t=0.03s
Ep  900: len= 11 黑胜 loss=24.7968 temp=1.00 total_env_steps=18455 t=0.05s
Ep  901: len= 15 黑胜 loss=24.4417 temp=1.00 total_env_steps=18470 t=0.06s
Ep  902: len= 15 黑胜 loss=24.4478 temp=1.00 total_env_steps=18485 t=0.05s
Ep  903: len= 33 黑胜 loss=24.9685 temp=1.00 total_env_steps=18518 t=0.11s
Ep  904: len= 12 黑胜 loss=24.5310 temp=1.00 total_env_steps=18530 t=0.05s
Ep  905: len= 15 黑胜 loss=24.3955 temp=1.00 total_env_steps=18545 t=0.06s
Ep  906: len= 29 黑胜 loss=24.7825 temp=1.00 total_env_steps=18574 t=0.08s
Ep  907: len= 11 黑胜 loss=24.2097 temp=1.00 total_env_steps=18585 t=0.04s
Ep  908: len= 29 黑胜 loss=25.5258 temp=1.00 total_env_steps=18614 t=0.09s
Ep  909: len= 13 黑胜 loss=24.9750 temp=1.00 total_env_steps=18627 t=0.05s
Ep  910: len= 13 黑胜 loss=24.5740 temp=1.00 total_env_steps=18640 t=0.06s
Ep  911: len= 35 黑胜 loss=24.4173 temp=1.00 total_env_steps=18675 t=0.09s
Ep  912: len=  2 白胜 loss=24.1209 temp=1.00 total_env_steps=18677 t=0.03s
Ep  913: len=  2 黑胜 loss=24.5427 temp=1.00 total_env_steps=18679 t=0.03s
Ep  914: len=  2 白胜 loss=25.3380 temp=1.00 total_env_steps=18681 t=0.03s
Ep  915: len= 28 白胜 loss=24.8418 temp=1.00 total_env_steps=18709 t=0.09s
Ep  916: len= 11 黑胜 loss=23.8166 temp=1.00 total_env_steps=18720 t=0.05s
Ep  917: len= 19 黑胜 loss=24.7982 temp=1.00 total_env_steps=18739 t=0.07s
Ep  918: len= 29 黑胜 loss=24.8382 temp=1.00 total_env_steps=18768 t=0.09s
Ep  919: len=  6 黑胜 loss=24.0196 temp=1.00 total_env_steps=18774 t=0.04s
Ep  920: len=  2 黑胜 loss=25.0111 temp=1.00 total_env_steps=18776 t=0.03s
Ep  921: len=  4 白胜 loss=25.4055 temp=1.00 total_env_steps=18780 t=0.03s
Ep  922: len= 33 黑胜 loss=23.0918 temp=1.00 total_env_steps=18813 t=0.12s
Ep  923: len= 40 白胜 loss=25.1671 temp=1.00 total_env_steps=18853 t=0.12s
Ep  924: len= 27 黑胜 loss=24.7127 temp=1.00 total_env_steps=18880 t=0.10s
Ep  925: len= 18 黑胜 loss=24.1835 temp=1.00 total_env_steps=18898 t=0.06s
Ep  926: len= 22 白胜 loss=24.8257 temp=1.00 total_env_steps=18920 t=0.08s
Ep  927: len= 15 黑胜 loss=23.4835 temp=1.00 total_env_steps=18935 t=0.06s
Ep  928: len= 16 白胜 loss=24.0155 temp=1.00 total_env_steps=18951 t=0.06s
Ep  929: len= 14 黑胜 loss=24.8439 temp=1.00 total_env_steps=18965 t=0.06s
Ep  930: len=  2 白胜 loss=24.8714 temp=1.00 total_env_steps=18967 t=0.02s
Ep  931: len= 27 黑胜 loss=24.0242 temp=1.00 total_env_steps=18994 t=0.08s
Ep  932: len= 10 白胜 loss=24.1267 temp=1.00 total_env_steps=19004 t=0.04s
Ep  933: len= 14 白胜 loss=24.4249 temp=1.00 total_env_steps=19018 t=0.06s
Ep  934: len= 11 黑胜 loss=25.9563 temp=1.00 total_env_steps=19029 t=0.05s
Ep  935: len= 27 黑胜 loss=25.0718 temp=1.00 total_env_steps=19056 t=0.09s
Ep  936: len= 11 黑胜 loss=24.7275 temp=1.00 total_env_steps=19067 t=0.05s
Ep  937: len= 10 黑胜 loss=24.0670 temp=1.00 total_env_steps=19077 t=0.05s
Ep  938: len= 13 黑胜 loss=24.6852 temp=1.00 total_env_steps=19090 t=0.07s
Ep  939: len= 13 黑胜 loss=24.5248 temp=1.00 total_env_steps=19103 t=0.06s
Ep  940: len= 36 黑胜 loss=23.9289 temp=1.00 total_env_steps=19139 t=0.10s
Ep  941: len=  6 白胜 loss=25.3517 temp=1.00 total_env_steps=19145 t=0.03s
Ep  942: len=  4 黑胜 loss=24.9026 temp=1.00 total_env_steps=19149 t=0.03s
Ep  943: len= 39 黑胜 loss=24.9533 temp=1.00 total_env_steps=19188 t=0.10s
Ep  944: len= 25 黑胜 loss=25.3099 temp=1.00 total_env_steps=19213 t=0.08s
Ep  945: len=  8 黑胜 loss=24.9854 temp=1.00 total_env_steps=19221 t=0.04s
Ep  946: len= 13 黑胜 loss=24.5656 temp=1.00 total_env_steps=19234 t=0.05s
Ep  947: len= 33 白胜 loss=25.1714 temp=1.00 total_env_steps=19267 t=0.09s
Ep  948: len= 15 黑胜 loss=25.0593 temp=1.00 total_env_steps=19282 t=0.06s
Ep  949: len= 23 黑胜 loss=24.5594 temp=1.00 total_env_steps=19305 t=0.08s
Ep  950: len= 23 黑胜 loss=24.9008 temp=1.00 total_env_steps=19328 t=0.09s
Ep  951: len= 13 黑胜 loss=25.6442 temp=1.00 total_env_steps=19341 t=0.05s
Ep  952: len= 13 黑胜 loss=24.1757 temp=1.00 total_env_steps=19354 t=0.05s
Ep  953: len= 13 黑胜 loss=25.3759 temp=1.00 total_env_steps=19367 t=0.05s
Ep  954: len= 32 白胜 loss=24.4190 temp=1.00 total_env_steps=19399 t=0.09s
Ep  955: len= 25 黑胜 loss=24.8633 temp=1.00 total_env_steps=19424 t=0.08s
Ep  956: len= 10 白胜 loss=24.7006 temp=1.00 total_env_steps=19434 t=0.04s
Ep  957: len= 17 白胜 loss=24.5624 temp=1.00 total_env_steps=19451 t=0.06s
Ep  958: len=  2 白胜 loss=25.3283 temp=1.00 total_env_steps=19453 t=0.03s
Ep  959: len= 25 黑胜 loss=24.6932 temp=1.00 total_env_steps=19478 t=0.08s
Ep  960: len= 23 黑胜 loss=24.9491 temp=1.00 total_env_steps=19501 t=0.07s
Ep  961: len= 26 黑胜 loss=24.6355 temp=1.00 total_env_steps=19527 t=0.07s
Ep  962: len=  2 白胜 loss=24.6207 temp=1.00 total_env_steps=19529 t=0.03s
Ep  963: len= 13 黑胜 loss=24.4322 temp=1.00 total_env_steps=19542 t=0.05s
Ep  964: len= 23 黑胜 loss=24.6959 temp=1.00 total_env_steps=19565 t=0.08s
Ep  965: len= 11 黑胜 loss=24.3102 temp=1.00 total_env_steps=19576 t=0.05s
Ep  966: len= 15 黑胜 loss=24.1564 temp=1.00 total_env_steps=19591 t=0.05s
Ep  967: len= 11 黑胜 loss=24.0784 temp=1.00 total_env_steps=19602 t=0.05s
Ep  968: len= 23 黑胜 loss=24.8930 temp=1.00 total_env_steps=19625 t=0.07s
Ep  969: len= 11 黑胜 loss=24.7252 temp=1.00 total_env_steps=19636 t=0.05s
Ep  970: len= 30 黑胜 loss=24.6653 temp=1.00 total_env_steps=19666 t=0.08s
Ep  971: len= 15 黑胜 loss=25.3809 temp=1.00 total_env_steps=19681 t=0.06s
Ep  972: len= 38 白胜 loss=24.3040 temp=1.00 total_env_steps=19719 t=0.11s
Ep  973: len= 29 黑胜 loss=24.6447 temp=1.00 total_env_steps=19748 t=0.08s
Ep  974: len= 29 黑胜 loss=24.1463 temp=1.00 total_env_steps=19777 t=0.08s
Ep  975: len=  2 黑胜 loss=24.8495 temp=1.00 total_env_steps=19779 t=0.03s
Ep  976: len= 33 黑胜 loss=24.6594 temp=1.00 total_env_steps=19812 t=0.09s
Ep  977: len= 27 黑胜 loss=24.9726 temp=1.00 total_env_steps=19839 t=0.08s
Ep  978: len= 27 黑胜 loss=24.0397 temp=1.00 total_env_steps=19866 t=0.09s
Ep  979: len= 21 黑胜 loss=25.0075 temp=1.00 total_env_steps=19887 t=0.07s
Ep  980: len= 11 黑胜 loss=24.7301 temp=1.00 total_env_steps=19898 t=0.05s
Ep  981: len= 13 黑胜 loss=24.0570 temp=1.00 total_env_steps=19911 t=0.06s
Ep  982: len= 23 黑胜 loss=24.9185 temp=1.00 total_env_steps=19934 t=0.07s
Ep  983: len= 35 黑胜 loss=25.2680 temp=1.00 total_env_steps=19969 t=0.10s
Ep  984: len= 22 白胜 loss=24.3658 temp=1.00 total_env_steps=19991 t=0.07s
Ep  985: len= 33 黑胜 loss=24.5359 temp=1.00 total_env_steps=20024 t=0.09s
Ep  986: len= 13 黑胜 loss=25.6522 temp=1.00 total_env_steps=20037 t=0.05s
Ep  987: len= 27 黑胜 loss=24.9732 temp=1.00 total_env_steps=20064 t=0.08s
Ep  988: len= 36 白胜 loss=24.4766 temp=1.00 total_env_steps=20100 t=0.10s
Ep  989: len= 11 黑胜 loss=24.4715 temp=1.00 total_env_steps=20111 t=0.05s
Ep  990: len= 18 白胜 loss=25.2894 temp=1.00 total_env_steps=20129 t=0.08s
Ep  991: len= 12 白胜 loss=24.8066 temp=1.00 total_env_steps=20141 t=0.05s
Ep  992: len= 25 黑胜 loss=25.0541 temp=1.00 total_env_steps=20166 t=0.08s
Ep  993: len= 15 黑胜 loss=24.6644 temp=1.00 total_env_steps=20181 t=0.05s
Ep  994: len= 17 黑胜 loss=24.6199 temp=1.00 total_env_steps=20198 t=0.06s
Ep  995: len= 11 黑胜 loss=24.3324 temp=1.00 total_env_steps=20209 t=0.05s
Ep  996: len= 15 黑胜 loss=24.4733 temp=1.00 total_env_steps=20224 t=0.06s
Ep  997: len= 29 黑胜 loss=24.4963 temp=1.00 total_env_steps=20253 t=0.09s
Ep  998: len= 39 黑胜 loss=25.5856 temp=1.00 total_env_steps=20292 t=0.11s
Ep  999: len= 25 黑胜 loss=25.0288 temp=1.00 total_env_steps=20317 t=0.08s
Ep 1000: len=  2 黑胜 loss=24.4195 temp=1.00 total_env_steps=20319 t=0.03s
  eval vs Gomoku-random-v0: win_rate=1.00 mean_return=1.00（20 局，total_env_steps=20319）
  📸 已拍权重快照（ep=1000，gating 对弈基准）
Ep 1001: len= 43 黑胜 loss=25.1350 temp=1.00 total_env_steps=20362 t=0.10s
Ep 1002: len= 17 黑胜 loss=25.1727 temp=1.00 total_env_steps=20379 t=0.05s
Ep 1003: len= 15 黑胜 loss=24.6123 temp=1.00 total_env_steps=20394 t=0.05s
Ep 1004: len= 15 黑胜 loss=24.8089 temp=1.00 total_env_steps=20409 t=0.04s
Ep 1005: len= 13 黑胜 loss=25.0320 temp=1.00 total_env_steps=20422 t=0.05s
Ep 1006: len= 15 黑胜 loss=24.5572 temp=1.00 total_env_steps=20437 t=0.05s
Ep 1007: len= 29 黑胜 loss=24.3933 temp=1.00 total_env_steps=20466 t=0.08s
Ep 1008: len= 13 黑胜 loss=25.3138 temp=1.00 total_env_steps=20479 t=0.04s
Ep 1009: len= 22 白胜 loss=24.6278 temp=1.00 total_env_steps=20501 t=0.07s
Ep 1010: len= 31 黑胜 loss=24.1419 temp=1.00 total_env_steps=20532 t=0.07s
Ep 1011: len= 23 黑胜 loss=24.9557 temp=1.00 total_env_steps=20555 t=0.06s
Ep 1012: len= 27 黑胜 loss=24.4166 temp=1.00 total_env_steps=20582 t=0.07s
Ep 1013: len= 11 黑胜 loss=24.4405 temp=1.00 total_env_steps=20593 t=0.05s
Ep 1014: len= 13 黑胜 loss=24.6542 temp=1.00 total_env_steps=20606 t=0.05s
Ep 1015: len=  2 白胜 loss=24.9982 temp=1.00 total_env_steps=20608 t=0.02s
Ep 1016: len= 19 黑胜 loss=24.7425 temp=1.00 total_env_steps=20627 t=0.06s
Ep 1017: len= 17 黑胜 loss=24.3742 temp=1.00 total_env_steps=20644 t=0.06s
Ep 1018: len= 38 白胜 loss=24.8841 temp=1.00 total_env_steps=20682 t=0.08s
Ep 1019: len= 15 黑胜 loss=24.0654 temp=1.00 total_env_steps=20697 t=0.04s
Ep 1020: len= 11 黑胜 loss=25.3336 temp=1.00 total_env_steps=20708 t=0.04s
Ep 1021: len= 21 黑胜 loss=25.1624 temp=1.00 total_env_steps=20729 t=0.06s
Ep 1022: len= 10 黑胜 loss=24.9081 temp=1.00 total_env_steps=20739 t=0.04s
Ep 1023: len= 13 黑胜 loss=24.6055 temp=1.00 total_env_steps=20752 t=0.05s
Ep 1024: len= 37 黑胜 loss=24.9676 temp=1.00 total_env_steps=20789 t=0.08s
Ep 1025: len= 13 黑胜 loss=25.3287 temp=1.00 total_env_steps=20802 t=0.04s
Ep 1026: len=  4 白胜 loss=24.9405 temp=1.00 total_env_steps=20806 t=0.03s
Ep 1027: len=  6 白胜 loss=24.5783 temp=1.00 total_env_steps=20812 t=0.03s
Ep 1028: len= 33 黑胜 loss=24.6076 temp=1.00 total_env_steps=20845 t=0.08s
Ep 1029: len=  6 白胜 loss=24.1298 temp=1.00 total_env_steps=20851 t=0.03s
Ep 1030: len= 30 黑胜 loss=24.4822 temp=1.00 total_env_steps=20881 t=0.08s
Ep 1031: len= 16 白胜 loss=25.6989 temp=1.00 total_env_steps=20897 t=0.05s
Ep 1032: len= 19 黑胜 loss=24.5767 temp=1.00 total_env_steps=20916 t=0.06s
Ep 1033: len= 17 白胜 loss=24.8252 temp=1.00 total_env_steps=20933 t=0.05s
Ep 1034: len= 13 黑胜 loss=25.2287 temp=1.00 total_env_steps=20946 t=0.04s
Ep 1035: len= 17 黑胜 loss=24.8963 temp=1.00 total_env_steps=20963 t=0.05s
Ep 1036: len= 18 黑胜 loss=24.1100 temp=1.00 total_env_steps=20981 t=0.05s
Ep 1037: len= 13 黑胜 loss=24.9105 temp=1.00 total_env_steps=20994 t=0.04s
Ep 1038: len= 14 白胜 loss=24.8223 temp=1.00 total_env_steps=21008 t=0.04s
Ep 1039: len=  6 白胜 loss=24.4876 temp=1.00 total_env_steps=21014 t=0.03s
Ep 1040: len=  2 白胜 loss=25.1398 temp=1.00 total_env_steps=21016 t=0.02s
Ep 1041: len= 31 黑胜 loss=24.6208 temp=1.00 total_env_steps=21047 t=0.07s
Ep 1042: len= 31 黑胜 loss=24.5527 temp=1.00 total_env_steps=21078 t=0.08s
Ep 1043: len= 27 黑胜 loss=24.8862 temp=1.00 total_env_steps=21105 t=0.07s
Ep 1044: len= 27 黑胜 loss=24.2474 temp=1.00 total_env_steps=21132 t=0.07s
Ep 1045: len= 31 黑胜 loss=25.1843 temp=1.00 total_env_steps=21163 t=0.07s
Ep 1046: len= 18 白胜 loss=25.3969 temp=1.00 total_env_steps=21181 t=0.06s
Ep 1047: len= 21 黑胜 loss=25.0684 temp=1.00 total_env_steps=21202 t=0.05s
Ep 1048: len= 43 黑胜 loss=24.2438 temp=1.00 total_env_steps=21245 t=0.10s
Ep 1049: len=  4 白胜 loss=24.6465 temp=1.00 total_env_steps=21249 t=0.03s
Ep 1050: len= 27 黑胜 loss=24.2760 temp=1.00 total_env_steps=21276 t=0.07s
Ep 1051: len=  2 白胜 loss=24.8220 temp=1.00 total_env_steps=21278 t=0.02s
Ep 1052: len= 28 白胜 loss=24.9820 temp=1.00 total_env_steps=21306 t=0.07s
Ep 1053: len= 31 黑胜 loss=24.4750 temp=1.00 total_env_steps=21337 t=0.07s
Ep 1054: len=  2 黑胜 loss=24.6805 temp=1.00 total_env_steps=21339 t=0.02s
Ep 1055: len= 13 黑胜 loss=25.1180 temp=1.00 total_env_steps=21352 t=0.04s
Ep 1056: len=  2 黑胜 loss=24.1784 temp=1.00 total_env_steps=21354 t=0.02s
Ep 1057: len= 10 白胜 loss=24.5394 temp=1.00 total_env_steps=21364 t=0.04s
Ep 1058: len= 36 黑胜 loss=24.2441 temp=1.00 total_env_steps=21400 t=0.08s
Ep 1059: len= 11 黑胜 loss=24.9595 temp=1.00 total_env_steps=21411 t=0.04s
Ep 1060: len= 19 黑胜 loss=24.2231 temp=1.00 total_env_steps=21430 t=0.06s
Ep 1061: len= 15 黑胜 loss=25.4272 temp=1.00 total_env_steps=21445 t=0.05s
Ep 1062: len= 13 黑胜 loss=24.4659 temp=1.00 total_env_steps=21458 t=0.04s
Ep 1063: len= 11 黑胜 loss=24.8500 temp=1.00 total_env_steps=21469 t=0.04s
Ep 1064: len= 23 黑胜 loss=24.5435 temp=1.00 total_env_steps=21492 t=0.06s
Ep 1065: len=  8 白胜 loss=25.1529 temp=1.00 total_env_steps=21500 t=0.03s
Ep 1066: len= 17 黑胜 loss=25.1549 temp=1.00 total_env_steps=21517 t=0.05s
Ep 1067: len= 23 黑胜 loss=24.9962 temp=1.00 total_env_steps=21540 t=0.07s
Ep 1068: len=  2 白胜 loss=24.4255 temp=1.00 total_env_steps=21542 t=0.03s
Ep 1069: len= 18 白胜 loss=24.5199 temp=1.00 total_env_steps=21560 t=0.06s
Ep 1070: len= 26 黑胜 loss=24.7034 temp=1.00 total_env_steps=21586 t=0.06s
Ep 1071: len= 23 黑胜 loss=25.0577 temp=1.00 total_env_steps=21609 t=0.06s
Ep 1072: len= 11 黑胜 loss=24.7904 temp=1.00 total_env_steps=21620 t=0.04s
Ep 1073: len= 24 白胜 loss=24.7370 temp=1.00 total_env_steps=21644 t=0.06s
Ep 1074: len= 15 黑胜 loss=25.2965 temp=1.00 total_env_steps=21659 t=0.05s
Ep 1075: len=  8 黑胜 loss=25.3499 temp=1.00 total_env_steps=21667 t=0.04s
Ep 1076: len= 14 白胜 loss=25.1557 temp=1.00 total_env_steps=21681 t=0.04s
Ep 1077: len=  2 白胜 loss=24.4855 temp=1.00 total_env_steps=21683 t=0.02s
Ep 1078: len= 11 黑胜 loss=25.0609 temp=1.00 total_env_steps=21694 t=0.04s
Ep 1079: len= 13 黑胜 loss=24.4537 temp=1.00 total_env_steps=21707 t=0.04s
Ep 1080: len= 19 黑胜 loss=24.4877 temp=1.00 total_env_steps=21726 t=0.05s
Ep 1081: len= 27 黑胜 loss=24.2347 temp=1.00 total_env_steps=21753 t=0.07s
Ep 1082: len= 13 黑胜 loss=24.3063 temp=1.00 total_env_steps=21766 t=0.05s
Ep 1083: len= 37 黑胜 loss=24.8771 temp=1.00 total_env_steps=21803 t=0.09s
Ep 1084: len= 32 白胜 loss=25.0131 temp=1.00 total_env_steps=21835 t=0.08s
Ep 1085: len= 10 白胜 loss=25.0891 temp=1.00 total_env_steps=21845 t=0.04s
Ep 1086: len= 23 黑胜 loss=24.3838 temp=1.00 total_env_steps=21868 t=0.06s
Ep 1087: len= 23 黑胜 loss=24.7006 temp=1.00 total_env_steps=21891 t=0.07s
Ep 1088: len= 24 黑胜 loss=24.4218 temp=1.00 total_env_steps=21915 t=0.07s
Ep 1089: len= 18 白胜 loss=25.2473 temp=1.00 total_env_steps=21933 t=0.06s
Ep 1090: len= 37 黑胜 loss=25.0223 temp=1.00 total_env_steps=21970 t=0.09s
Ep 1091: len= 30 白胜 loss=24.1980 temp=1.00 total_env_steps=22000 t=0.08s
Ep 1092: len= 19 黑胜 loss=24.8866 temp=1.00 total_env_steps=22019 t=0.05s
Ep 1093: len= 28 黑胜 loss=24.2404 temp=1.00 total_env_steps=22047 t=0.07s
Ep 1094: len= 25 黑胜 loss=25.0098 temp=1.00 total_env_steps=22072 t=0.06s
Ep 1095: len= 13 黑胜 loss=24.8728 temp=1.00 total_env_steps=22085 t=0.05s
Ep 1096: len= 31 黑胜 loss=23.9128 temp=1.00 total_env_steps=22116 t=0.08s
Ep 1097: len= 16 黑胜 loss=24.5870 temp=1.00 total_env_steps=22132 t=0.05s
Ep 1098: len= 21 黑胜 loss=24.8324 temp=1.00 total_env_steps=22153 t=0.06s
Ep 1099: len=  4 黑胜 loss=24.3853 temp=1.00 total_env_steps=22157 t=0.03s
Ep 1100: len= 13 黑胜 loss=25.7546 temp=1.00 total_env_steps=22170 t=0.04s
Ep 1101: len= 15 黑胜 loss=24.6941 temp=1.00 total_env_steps=22185 t=0.05s
Ep 1102: len= 15 黑胜 loss=24.3699 temp=1.00 total_env_steps=22200 t=0.05s
Ep 1103: len=  2 黑胜 loss=24.1198 temp=1.00 total_env_steps=22202 t=0.03s
Ep 1104: len=  8 黑胜 loss=25.0222 temp=1.00 total_env_steps=22210 t=0.03s
Ep 1105: len= 24 白胜 loss=24.4438 temp=1.00 total_env_steps=22234 t=0.07s
Ep 1106: len= 22 黑胜 loss=24.5070 temp=1.00 total_env_steps=22256 t=0.06s
Ep 1107: len= 13 黑胜 loss=24.2087 temp=1.00 total_env_steps=22269 t=0.04s
Ep 1108: len= 21 黑胜 loss=24.5018 temp=1.00 total_env_steps=22290 t=0.06s
Ep 1109: len= 15 黑胜 loss=23.7037 temp=1.00 total_env_steps=22305 t=0.05s
Ep 1110: len=  9 白胜 loss=24.7694 temp=1.00 total_env_steps=22314 t=0.04s
Ep 1111: len= 26 白胜 loss=24.2164 temp=1.00 total_env_steps=22340 t=0.07s
Ep 1112: len= 29 黑胜 loss=24.4955 temp=1.00 total_env_steps=22369 t=0.08s
Ep 1113: len= 19 黑胜 loss=24.6328 temp=1.00 total_env_steps=22388 t=0.06s
Ep 1114: len= 29 黑胜 loss=24.9563 temp=1.00 total_env_steps=22417 t=0.08s
Ep 1115: len= 16 白胜 loss=25.5529 temp=1.00 total_env_steps=22433 t=0.04s
Ep 1116: len= 29 黑胜 loss=25.1591 temp=1.00 total_env_steps=22462 t=0.08s
Ep 1117: len= 13 黑胜 loss=24.9260 temp=1.00 total_env_steps=22475 t=0.05s
Ep 1118: len= 15 黑胜 loss=24.1084 temp=1.00 total_env_steps=22490 t=0.05s
Ep 1119: len= 13 黑胜 loss=23.9260 temp=1.00 total_env_steps=22503 t=0.04s
Ep 1120: len=  2 白胜 loss=25.2789 temp=1.00 total_env_steps=22505 t=0.02s
Ep 1121: len=  2 白胜 loss=24.6711 temp=1.00 total_env_steps=22507 t=0.02s
Ep 1122: len= 23 黑胜 loss=25.5167 temp=1.00 total_env_steps=22530 t=0.07s
Ep 1123: len= 25 黑胜 loss=24.1236 temp=1.00 total_env_steps=22555 t=0.07s
Ep 1124: len= 11 黑胜 loss=24.4956 temp=1.00 total_env_steps=22566 t=0.04s
Ep 1125: len= 36 白胜 loss=24.7617 temp=1.00 total_env_steps=22602 t=0.08s
Ep 1126: len= 11 黑胜 loss=25.2419 temp=1.00 total_env_steps=22613 t=0.04s
Ep 1127: len= 20 黑胜 loss=24.5644 temp=1.00 total_env_steps=22633 t=0.05s
Ep 1128: len= 13 黑胜 loss=24.7712 temp=1.00 total_env_steps=22646 t=0.04s
Ep 1129: len= 13 黑胜 loss=24.9057 temp=1.00 total_env_steps=22659 t=0.04s
Ep 1130: len= 11 黑胜 loss=24.0285 temp=1.00 total_env_steps=22670 t=0.04s
Ep 1131: len= 15 黑胜 loss=24.5923 temp=1.00 total_env_steps=22685 t=0.05s
Ep 1132: len=  8 黑胜 loss=25.0931 temp=1.00 total_env_steps=22693 t=0.03s
Ep 1133: len=  4 白胜 loss=23.8633 temp=1.00 total_env_steps=22697 t=0.03s
Ep 1134: len= 11 黑胜 loss=23.9144 temp=1.00 total_env_steps=22708 t=0.04s
Ep 1135: len= 11 白胜 loss=24.8809 temp=1.00 total_env_steps=22719 t=0.04s
Ep 1136: len= 34 白胜 loss=25.1099 temp=1.00 total_env_steps=22753 t=0.09s
Ep 1137: len= 13 黑胜 loss=25.5907 temp=1.00 total_env_steps=22766 t=0.05s
Ep 1138: len= 26 白胜 loss=24.6122 temp=1.00 total_env_steps=22792 t=0.07s
Ep 1139: len= 33 黑胜 loss=23.9548 temp=1.00 total_env_steps=22825 t=0.07s
Ep 1140: len= 15 黑胜 loss=24.2488 temp=1.00 total_env_steps=22840 t=0.05s
Ep 1141: len= 19 白胜 loss=24.5824 temp=1.00 total_env_steps=22859 t=0.06s
Ep 1142: len= 35 黑胜 loss=25.3457 temp=1.00 total_env_steps=22894 t=0.09s
Ep 1143: len= 23 黑胜 loss=24.4868 temp=1.00 total_env_steps=22917 t=0.07s
Ep 1144: len=  2 黑胜 loss=24.8772 temp=1.00 total_env_steps=22919 t=0.02s
Ep 1145: len= 22 白胜 loss=25.1950 temp=1.00 total_env_steps=22941 t=0.07s
Ep 1146: len= 25 黑胜 loss=24.0519 temp=1.00 total_env_steps=22966 t=0.09s
Ep 1147: len= 10 白胜 loss=24.7138 temp=1.00 total_env_steps=22976 t=0.04s
Ep 1148: len= 21 黑胜 loss=24.4798 temp=1.00 total_env_steps=22997 t=0.06s
Ep 1149: len= 10 黑胜 loss=23.9797 temp=1.00 total_env_steps=23007 t=0.04s
Ep 1150: len= 10 黑胜 loss=25.6293 temp=1.00 total_env_steps=23017 t=0.04s
Ep 1151: len= 29 黑胜 loss=24.1262 temp=1.00 total_env_steps=23046 t=0.08s
Ep 1152: len= 23 黑胜 loss=24.3398 temp=1.00 total_env_steps=23069 t=0.06s
Ep 1153: len= 11 黑胜 loss=24.6942 temp=1.00 total_env_steps=23080 t=0.04s
Ep 1154: len= 35 黑胜 loss=24.5659 temp=1.00 total_env_steps=23115 t=0.08s
Ep 1155: len= 25 黑胜 loss=24.1967 temp=1.00 total_env_steps=23140 t=0.07s
Ep 1156: len= 32 白胜 loss=24.7381 temp=1.00 total_env_steps=23172 t=0.07s
Ep 1157: len=  2 白胜 loss=24.6275 temp=1.00 total_env_steps=23174 t=0.02s
Ep 1158: len= 31 黑胜 loss=24.7304 temp=1.00 total_env_steps=23205 t=0.07s
Ep 1159: len= 30 白胜 loss=24.3193 temp=1.00 total_env_steps=23235 t=0.07s
Ep 1160: len=  4 黑胜 loss=24.3415 temp=1.00 total_env_steps=23239 t=0.03s
Ep 1161: len= 31 黑胜 loss=24.7601 temp=1.00 total_env_steps=23270 t=0.07s
Ep 1162: len= 17 黑胜 loss=24.7093 temp=1.00 total_env_steps=23287 t=0.05s
Ep 1163: len= 15 黑胜 loss=24.9065 temp=1.00 total_env_steps=23302 t=0.04s
Ep 1164: len= 29 黑胜 loss=25.0089 temp=1.00 total_env_steps=23331 t=0.07s
Ep 1165: len= 13 黑胜 loss=25.0438 temp=1.00 total_env_steps=23344 t=0.05s
Ep 1166: len= 13 黑胜 loss=24.9836 temp=1.00 total_env_steps=23357 t=0.05s
Ep 1167: len= 25 黑胜 loss=23.9413 temp=1.00 total_env_steps=23382 t=0.06s
Ep 1168: len= 13 黑胜 loss=24.5249 temp=1.00 total_env_steps=23395 t=0.04s
Ep 1169: len= 29 黑胜 loss=24.2134 temp=1.00 total_env_steps=23424 t=0.07s
Ep 1170: len= 23 黑胜 loss=24.6687 temp=1.00 total_env_steps=23447 t=0.06s
Ep 1171: len= 24 白胜 loss=24.8965 temp=1.00 total_env_steps=23471 t=0.06s
Ep 1172: len= 12 白胜 loss=24.7150 temp=1.00 total_env_steps=23483 t=0.04s
Ep 1173: len= 11 黑胜 loss=23.9383 temp=1.00 total_env_steps=23494 t=0.04s
Ep 1174: len= 13 黑胜 loss=24.2372 temp=1.00 total_env_steps=23507 t=0.04s
Ep 1175: len= 17 白胜 loss=24.5293 temp=1.00 total_env_steps=23524 t=0.05s
Ep 1176: len= 23 黑胜 loss=24.2222 temp=1.00 total_env_steps=23547 t=0.06s
Ep 1177: len=  2 白胜 loss=23.7718 temp=1.00 total_env_steps=23549 t=0.02s
Ep 1178: len= 32 白胜 loss=25.0260 temp=1.00 total_env_steps=23581 t=0.08s
Ep 1179: len= 11 黑胜 loss=24.4744 temp=1.00 total_env_steps=23592 t=0.04s
Ep 1180: len=  2 黑胜 loss=24.1856 temp=1.00 total_env_steps=23594 t=0.03s
Ep 1181: len= 25 黑胜 loss=24.3903 temp=1.00 total_env_steps=23619 t=0.07s
Ep 1182: len=  2 黑胜 loss=24.3162 temp=1.00 total_env_steps=23621 t=0.02s
Ep 1183: len= 15 黑胜 loss=24.1606 temp=1.00 total_env_steps=23636 t=0.05s
Ep 1184: len= 11 黑胜 loss=24.5243 temp=1.00 total_env_steps=23647 t=0.04s
Ep 1185: len= 23 黑胜 loss=23.8942 temp=1.00 total_env_steps=23670 t=0.06s
Ep 1186: len= 19 黑胜 loss=24.7112 temp=1.00 total_env_steps=23689 t=0.05s
Ep 1187: len= 13 黑胜 loss=24.5444 temp=1.00 total_env_steps=23702 t=0.04s
Ep 1188: len= 26 白胜 loss=24.4957 temp=1.00 total_env_steps=23728 t=0.06s
Ep 1189: len= 13 黑胜 loss=24.0162 temp=1.00 total_env_steps=23741 t=0.04s
Ep 1190: len= 19 黑胜 loss=24.7153 temp=1.00 total_env_steps=23760 t=0.06s
Ep 1191: len= 29 黑胜 loss=24.2460 temp=1.00 total_env_steps=23789 t=0.07s
Ep 1192: len=  2 白胜 loss=24.4149 temp=1.00 total_env_steps=23791 t=0.02s
Ep 1193: len= 11 黑胜 loss=23.9660 temp=1.00 total_env_steps=23802 t=0.04s
Ep 1194: len= 13 黑胜 loss=24.7053 temp=1.00 total_env_steps=23815 t=0.04s
Ep 1195: len= 23 黑胜 loss=24.7777 temp=1.00 total_env_steps=23838 t=0.06s
Ep 1196: len= 28 白胜 loss=24.3128 temp=1.00 total_env_steps=23866 t=0.07s
Ep 1197: len=  4 黑胜 loss=24.6110 temp=1.00 total_env_steps=23870 t=0.03s
Ep 1198: len= 29 黑胜 loss=24.6424 temp=1.00 total_env_steps=23899 t=0.07s
Ep 1199: len= 17 黑胜 loss=23.9600 temp=1.00 total_env_steps=23916 t=0.05s
Ep 1200: len= 13 黑胜 loss=24.2304 temp=1.00 total_env_steps=23929 t=0.04s
  eval vs Gomoku-random-v0: win_rate=1.00 mean_return=1.00（20 局，total_env_steps=23929）
Ep 1201: len= 20 黑胜 loss=24.8106 temp=1.00 total_env_steps=23949 t=0.06s
Ep 1202: len= 13 黑胜 loss=24.8656 temp=1.00 total_env_steps=23962 t=0.04s
Ep 1203: len= 13 黑胜 loss=24.6851 temp=1.00 total_env_steps=23975 t=0.04s
Ep 1204: len= 25 黑胜 loss=24.6747 temp=1.00 total_env_steps=24000 t=0.06s
Ep 1205: len= 13 黑胜 loss=23.9181 temp=1.00 total_env_steps=24013 t=0.04s
Ep 1206: len= 11 黑胜 loss=25.0020 temp=1.00 total_env_steps=24024 t=0.04s
Ep 1207: len= 19 黑胜 loss=23.6271 temp=1.00 total_env_steps=24043 t=0.05s
Ep 1208: len= 27 黑胜 loss=24.5298 temp=1.00 total_env_steps=24070 t=0.06s
Ep 1209: len= 25 黑胜 loss=24.9319 temp=1.00 total_env_steps=24095 t=0.06s
Ep 1210: len= 31 黑胜 loss=24.9715 temp=1.00 total_env_steps=24126 t=0.08s
Ep 1211: len= 20 白胜 loss=24.4003 temp=1.00 total_env_steps=24146 t=0.05s
Ep 1212: len= 29 黑胜 loss=24.2288 temp=1.00 total_env_steps=24175 t=0.08s
Ep 1213: len= 41 黑胜 loss=24.8069 temp=1.00 total_env_steps=24216 t=0.09s
Ep 1214: len= 25 黑胜 loss=25.0450 temp=1.00 total_env_steps=24241 t=0.07s
Ep 1215: len= 13 黑胜 loss=23.8672 temp=1.00 total_env_steps=24254 t=0.05s
Ep 1216: len= 11 黑胜 loss=24.2848 temp=1.00 total_env_steps=24265 t=0.04s
Ep 1217: len= 25 黑胜 loss=23.6016 temp=1.00 total_env_steps=24290 t=0.06s
Ep 1218: len= 10 白胜 loss=24.2635 temp=1.00 total_env_steps=24300 t=0.04s
Ep 1219: len= 32 白胜 loss=24.0565 temp=1.00 total_env_steps=24332 t=0.08s
Ep 1220: len= 24 黑胜 loss=23.9067 temp=1.00 total_env_steps=24356 t=0.06s
Ep 1221: len= 15 黑胜 loss=24.8257 temp=1.00 total_env_steps=24371 t=0.04s
Ep 1222: len= 13 黑胜 loss=24.0750 temp=1.00 total_env_steps=24384 t=0.04s
Ep 1223: len=  2 白胜 loss=24.1919 temp=1.00 total_env_steps=24386 t=0.02s
Ep 1224: len= 22 白胜 loss=23.4135 temp=1.00 total_env_steps=24408 t=0.05s
Ep 1225: len= 11 黑胜 loss=25.6608 temp=1.00 total_env_steps=24419 t=0.04s
Ep 1226: len= 19 黑胜 loss=23.2276 temp=1.00 total_env_steps=24438 t=0.06s
Ep 1227: len= 13 黑胜 loss=24.4196 temp=1.00 total_env_steps=24451 t=0.04s
Ep 1228: len=  2 白胜 loss=24.7459 temp=1.00 total_env_steps=24453 t=0.03s
Ep 1229: len= 21 黑胜 loss=24.6811 temp=1.00 total_env_steps=24474 t=0.06s
Ep 1230: len= 15 黑胜 loss=24.0291 temp=1.00 total_env_steps=24489 t=0.05s
Ep 1231: len= 13 黑胜 loss=24.9449 temp=1.00 total_env_steps=24502 t=0.05s
Ep 1232: len=  8 黑胜 loss=23.8405 temp=1.00 total_env_steps=24510 t=0.04s
Ep 1233: len= 15 黑胜 loss=24.7435 temp=1.00 total_env_steps=24525 t=0.05s
Ep 1234: len=  8 黑胜 loss=24.2235 temp=1.00 total_env_steps=24533 t=0.04s
Ep 1235: len= 16 黑胜 loss=25.7632 temp=1.00 total_env_steps=24549 t=0.05s
Ep 1236: len= 37 黑胜 loss=24.1747 temp=1.00 total_env_steps=24586 t=0.09s
Ep 1237: len= 23 黑胜 loss=23.3647 temp=1.00 total_env_steps=24609 t=0.06s
Ep 1238: len= 15 黑胜 loss=23.6334 temp=1.00 total_env_steps=24624 t=0.05s
Ep 1239: len= 27 黑胜 loss=23.9492 temp=1.00 total_env_steps=24651 t=0.06s
Ep 1240: len= 12 黑胜 loss=24.4605 temp=1.00 total_env_steps=24663 t=0.04s
Ep 1241: len= 17 黑胜 loss=24.4135 temp=1.00 total_env_steps=24680 t=0.05s
Ep 1242: len= 25 黑胜 loss=24.3910 temp=1.00 total_env_steps=24705 t=0.07s
Ep 1243: len=  6 白胜 loss=23.9898 temp=1.00 total_env_steps=24711 t=0.03s
Ep 1244: len= 15 黑胜 loss=24.0080 temp=1.00 total_env_steps=24726 t=0.05s
Ep 1245: len= 20 白胜 loss=25.2365 temp=1.00 total_env_steps=24746 t=0.05s
Ep 1246: len= 11 黑胜 loss=23.7489 temp=1.00 total_env_steps=24757 t=0.04s
Ep 1247: len= 10 黑胜 loss=24.7572 temp=1.00 total_env_steps=24767 t=0.04s
Ep 1248: len= 11 黑胜 loss=24.6228 temp=1.00 total_env_steps=24778 t=0.04s
Ep 1249: len= 10 白胜 loss=23.4328 temp=1.00 total_env_steps=24788 t=0.04s
Ep 1250: len=  2 白胜 loss=23.9506 temp=1.00 total_env_steps=24790 t=0.02s
Ep 1251: len= 21 黑胜 loss=24.5026 temp=1.00 total_env_steps=24811 t=0.06s
Ep 1252: len= 17 黑胜 loss=23.7850 temp=1.00 total_env_steps=24828 t=0.06s
Ep 1253: len= 27 黑胜 loss=23.6981 temp=1.00 total_env_steps=24855 t=0.07s
Ep 1254: len= 35 黑胜 loss=24.1729 temp=1.00 total_env_steps=24890 t=0.08s
Ep 1255: len=  2 白胜 loss=24.6832 temp=1.00 total_env_steps=24892 t=0.03s
Ep 1256: len=  6 白胜 loss=23.4805 temp=1.00 total_env_steps=24898 t=0.03s
Ep 1257: len= 25 黑胜 loss=24.2856 temp=1.00 total_env_steps=24923 t=0.08s
Ep 1258: len= 27 黑胜 loss=24.2033 temp=1.00 total_env_steps=24950 t=0.08s
Ep 1259: len= 11 黑胜 loss=24.7175 temp=1.00 total_env_steps=24961 t=0.06s
Ep 1260: len=  4 黑胜 loss=24.6669 temp=1.00 total_env_steps=24965 t=0.03s
Ep 1261: len= 13 黑胜 loss=24.1725 temp=1.00 total_env_steps=24978 t=0.05s
Ep 1262: len= 15 黑胜 loss=24.3828 temp=1.00 total_env_steps=24993 t=0.06s
Ep 1263: len= 25 黑胜 loss=24.7556 temp=1.00 total_env_steps=25018 t=0.07s
Ep 1264: len=  6 黑胜 loss=24.7209 temp=1.00 total_env_steps=25024 t=0.03s
Ep 1265: len= 14 白胜 loss=24.6731 temp=1.00 total_env_steps=25038 t=0.05s
Ep 1266: len= 17 黑胜 loss=24.2256 temp=1.00 total_env_steps=25055 t=0.06s
Ep 1267: len= 14 白胜 loss=24.0537 temp=1.00 total_env_steps=25069 t=0.05s
Ep 1268: len=  2 白胜 loss=24.4047 temp=1.00 total_env_steps=25071 t=0.02s
Ep 1269: len= 11 黑胜 loss=24.2937 temp=1.00 total_env_steps=25082 t=0.04s
Ep 1270: len= 25 黑胜 loss=23.9351 temp=1.00 total_env_steps=25107 t=0.07s
Ep 1271: len= 21 黑胜 loss=24.2450 temp=1.00 total_env_steps=25128 t=0.07s
Ep 1272: len= 25 黑胜 loss=23.6917 temp=1.00 total_env_steps=25153 t=0.07s
Ep 1273: len=  2 黑胜 loss=24.4942 temp=1.00 total_env_steps=25155 t=0.03s
Ep 1274: len= 13 黑胜 loss=24.6120 temp=1.00 total_env_steps=25168 t=0.05s
Ep 1275: len= 11 黑胜 loss=23.5966 temp=1.00 total_env_steps=25179 t=0.05s
Ep 1276: len=  2 白胜 loss=23.9853 temp=1.00 total_env_steps=25181 t=0.03s
Ep 1277: len= 11 白胜 loss=24.4236 temp=1.00 total_env_steps=25192 t=0.05s
Ep 1278: len= 17 黑胜 loss=24.7936 temp=1.00 total_env_steps=25209 t=0.06s
Ep 1279: len= 46 白胜 loss=25.0827 temp=1.00 total_env_steps=25255 t=0.11s
Ep 1280: len= 25 黑胜 loss=24.0525 temp=1.00 total_env_steps=25280 t=0.08s
Ep 1281: len= 26 白胜 loss=25.1540 temp=1.00 total_env_steps=25306 t=0.07s
Ep 1282: len=  6 白胜 loss=24.6110 temp=1.00 total_env_steps=25312 t=0.03s
Ep 1283: len= 15 黑胜 loss=24.0582 temp=1.00 total_env_steps=25327 t=0.05s
Ep 1284: len= 13 黑胜 loss=24.5215 temp=1.00 total_env_steps=25340 t=0.05s
Ep 1285: len= 13 黑胜 loss=23.7626 temp=1.00 total_env_steps=25353 t=0.04s
Ep 1286: len= 23 黑胜 loss=24.0860 temp=1.00 total_env_steps=25376 t=0.06s
Ep 1287: len= 15 黑胜 loss=24.2616 temp=1.00 total_env_steps=25391 t=0.05s
Ep 1288: len= 19 黑胜 loss=24.6387 temp=1.00 total_env_steps=25410 t=0.06s
Ep 1289: len= 19 黑胜 loss=23.2696 temp=1.00 total_env_steps=25429 t=0.06s
Ep 1290: len= 19 黑胜 loss=24.0660 temp=1.00 total_env_steps=25448 t=0.06s
Ep 1291: len= 12 白胜 loss=24.8607 temp=1.00 total_env_steps=25460 t=0.04s
Ep 1292: len= 23 黑胜 loss=24.2119 temp=1.00 total_env_steps=25483 t=0.06s
Ep 1293: len= 10 白胜 loss=24.3106 temp=1.00 total_env_steps=25493 t=0.04s
Ep 1294: len= 31 黑胜 loss=24.1805 temp=1.00 total_env_steps=25524 t=0.07s
Ep 1295: len= 11 黑胜 loss=23.9445 temp=1.00 total_env_steps=25535 t=0.04s
Ep 1296: len= 33 黑胜 loss=23.6921 temp=1.00 total_env_steps=25568 t=0.09s
Ep 1297: len= 23 黑胜 loss=23.6500 temp=1.00 total_env_steps=25591 t=0.06s
Ep 1298: len= 15 黑胜 loss=24.5481 temp=1.00 total_env_steps=25606 t=0.04s
Ep 1299: len= 11 黑胜 loss=24.7310 temp=1.00 total_env_steps=25617 t=0.04s
Ep 1300: len= 18 黑胜 loss=23.8671 temp=1.00 total_env_steps=25635 t=0.05s
Ep 1301: len= 15 黑胜 loss=23.5888 temp=1.00 total_env_steps=25650 t=0.04s
Ep 1302: len= 13 黑胜 loss=24.1455 temp=1.00 total_env_steps=25663 t=0.04s
Ep 1303: len= 21 白胜 loss=24.8050 temp=1.00 total_env_steps=25684 t=0.06s
Ep 1304: len= 13 黑胜 loss=24.5200 temp=1.00 total_env_steps=25697 t=0.04s
Ep 1305: len= 31 黑胜 loss=23.8359 temp=1.00 total_env_steps=25728 t=0.07s
Ep 1306: len= 13 黑胜 loss=24.3643 temp=1.00 total_env_steps=25741 t=0.04s
Ep 1307: len= 15 黑胜 loss=24.4557 temp=1.00 total_env_steps=25756 t=0.05s
Ep 1308: len=  2 白胜 loss=24.1587 temp=1.00 total_env_steps=25758 t=0.02s
Ep 1309: len= 11 黑胜 loss=24.1400 temp=1.00 total_env_steps=25769 t=0.04s
Ep 1310: len= 11 黑胜 loss=23.9542 temp=1.00 total_env_steps=25780 t=0.04s
Ep 1311: len= 13 黑胜 loss=24.6942 temp=1.00 total_env_steps=25793 t=0.04s
Ep 1312: len= 29 黑胜 loss=24.5536 temp=1.00 total_env_steps=25822 t=0.07s
Ep 1313: len= 12 黑胜 loss=24.9407 temp=1.00 total_env_steps=25834 t=0.05s
Ep 1314: len= 17 黑胜 loss=24.1130 temp=1.00 total_env_steps=25851 t=0.06s
Ep 1315: len=  8 白胜 loss=24.9139 temp=1.00 total_env_steps=25859 t=0.04s
Ep 1316: len= 13 黑胜 loss=24.6112 temp=1.00 total_env_steps=25872 t=0.05s
Ep 1317: len= 33 黑胜 loss=24.3444 temp=1.00 total_env_steps=25905 t=0.09s
Ep 1318: len= 19 黑胜 loss=24.4622 temp=1.00 total_env_steps=25924 t=0.06s
Ep 1319: len=  4 白胜 loss=24.9956 temp=1.00 total_env_steps=25928 t=0.03s
Ep 1320: len= 40 白胜 loss=23.5174 temp=1.00 total_env_steps=25968 t=0.10s
Ep 1321: len= 18 白胜 loss=23.4709 temp=1.00 total_env_steps=25986 t=0.06s
Ep 1322: len= 22 白胜 loss=25.1923 temp=1.00 total_env_steps=26008 t=0.08s
Ep 1323: len= 13 黑胜 loss=24.9451 temp=1.00 total_env_steps=26021 t=0.05s
Ep 1324: len= 13 黑胜 loss=24.7784 temp=1.00 total_env_steps=26034 t=0.05s
Ep 1325: len= 25 黑胜 loss=24.2348 temp=1.00 total_env_steps=26059 t=0.08s
Ep 1326: len= 19 黑胜 loss=24.6395 temp=1.00 total_env_steps=26078 t=0.07s
Ep 1327: len= 23 黑胜 loss=24.1904 temp=1.00 total_env_steps=26101 t=0.07s
Ep 1328: len= 19 黑胜 loss=24.5769 temp=1.00 total_env_steps=26120 t=0.05s
Ep 1329: len= 17 白胜 loss=23.5650 temp=1.00 total_env_steps=26137 t=0.05s
Ep 1330: len= 24 白胜 loss=25.5675 temp=1.00 total_env_steps=26161 t=0.06s
Ep 1331: len= 32 白胜 loss=24.6221 temp=1.00 total_env_steps=26193 t=0.08s
Ep 1332: len= 13 黑胜 loss=23.0845 temp=1.00 total_env_steps=26206 t=0.04s
Ep 1333: len= 12 黑胜 loss=23.8843 temp=1.00 total_env_steps=26218 t=0.04s
Ep 1334: len=  2 黑胜 loss=23.9745 temp=1.00 total_env_steps=26220 t=0.02s
Ep 1335: len=  4 黑胜 loss=24.1813 temp=1.00 total_env_steps=26224 t=0.03s
Ep 1336: len= 15 黑胜 loss=25.2724 temp=1.00 total_env_steps=26239 t=0.05s
Ep 1337: len= 18 白胜 loss=24.0177 temp=1.00 total_env_steps=26257 t=0.05s
Ep 1338: len= 23 黑胜 loss=24.4873 temp=1.00 total_env_steps=26280 t=0.07s
Ep 1339: len= 11 黑胜 loss=24.3355 temp=1.00 total_env_steps=26291 t=0.04s
Ep 1340: len= 11 黑胜 loss=23.9609 temp=1.00 total_env_steps=26302 t=0.05s
Ep 1341: len= 19 黑胜 loss=24.4155 temp=1.00 total_env_steps=26321 t=0.06s
Ep 1342: len= 11 黑胜 loss=24.2042 temp=1.00 total_env_steps=26332 t=0.04s
Ep 1343: len= 11 黑胜 loss=24.3684 temp=1.00 total_env_steps=26343 t=0.04s
Ep 1344: len=  8 黑胜 loss=24.1050 temp=1.00 total_env_steps=26351 t=0.03s
Ep 1345: len= 11 黑胜 loss=23.4387 temp=1.00 total_env_steps=26362 t=0.04s
Ep 1346: len= 19 黑胜 loss=23.9439 temp=1.00 total_env_steps=26381 t=0.06s
Ep 1347: len= 11 黑胜 loss=23.7056 temp=1.00 total_env_steps=26392 t=0.05s
Ep 1348: len= 28 白胜 loss=24.8727 temp=1.00 total_env_steps=26420 t=0.08s
Ep 1349: len= 15 黑胜 loss=24.0646 temp=1.00 total_env_steps=26435 t=0.05s
Ep 1350: len=  8 黑胜 loss=24.5396 temp=1.00 total_env_steps=26443 t=0.04s
Ep 1351: len= 13 黑胜 loss=24.3322 temp=1.00 total_env_steps=26456 t=0.05s
Ep 1352: len= 13 黑胜 loss=24.0525 temp=1.00 total_env_steps=26469 t=0.05s
Ep 1353: len= 13 黑胜 loss=23.5916 temp=1.00 total_env_steps=26482 t=0.05s
Ep 1354: len= 29 黑胜 loss=23.8567 temp=1.00 total_env_steps=26511 t=0.08s
Ep 1355: len=  6 白胜 loss=24.7752 temp=1.00 total_env_steps=26517 t=0.04s
Ep 1356: len=  2 白胜 loss=24.6528 temp=1.00 total_env_steps=26519 t=0.03s
Ep 1357: len= 12 黑胜 loss=23.9543 temp=1.00 total_env_steps=26531 t=0.05s
Ep 1358: len= 13 黑胜 loss=24.4059 temp=1.00 total_env_steps=26544 t=0.05s
Ep 1359: len= 23 黑胜 loss=24.4398 temp=1.00 total_env_steps=26567 t=0.07s
Ep 1360: len=  2 黑胜 loss=24.0082 temp=1.00 total_env_steps=26569 t=0.02s
Ep 1361: len= 27 黑胜 loss=24.6097 temp=1.00 total_env_steps=26596 t=0.07s
Ep 1362: len= 19 白胜 loss=23.9626 temp=1.00 total_env_steps=26615 t=0.05s
Ep 1363: len= 13 黑胜 loss=24.1940 temp=1.00 total_env_steps=26628 t=0.05s
Ep 1364: len= 21 黑胜 loss=24.2481 temp=1.00 total_env_steps=26649 t=0.06s
Ep 1365: len= 25 黑胜 loss=24.3758 temp=1.00 total_env_steps=26674 t=0.07s
Ep 1366: len=  2 黑胜 loss=25.1128 temp=1.00 total_env_steps=26676 t=0.02s
Ep 1367: len= 31 黑胜 loss=23.8875 temp=1.00 total_env_steps=26707 t=0.09s
Ep 1368: len= 11 黑胜 loss=24.3058 temp=1.00 total_env_steps=26718 t=0.04s
Ep 1369: len=  2 白胜 loss=24.2063 temp=1.00 total_env_steps=26720 t=0.02s
Ep 1370: len= 11 黑胜 loss=23.9530 temp=1.00 total_env_steps=26731 t=0.04s
Ep 1371: len= 17 黑胜 loss=23.7272 temp=1.00 total_env_steps=26748 t=0.06s
Ep 1372: len= 25 黑胜 loss=24.1120 temp=1.00 total_env_steps=26773 t=0.06s
Ep 1373: len=  4 黑胜 loss=24.9548 temp=1.00 total_env_steps=26777 t=0.03s
Ep 1374: len= 27 黑胜 loss=23.8437 temp=1.00 total_env_steps=26804 t=0.08s
Ep 1375: len= 11 黑胜 loss=24.1111 temp=1.00 total_env_steps=26815 t=0.05s
Ep 1376: len= 13 黑胜 loss=24.2322 temp=1.00 total_env_steps=26828 t=0.05s
Ep 1377: len= 35 黑胜 loss=23.2598 temp=1.00 total_env_steps=26863 t=0.09s
Ep 1378: len= 32 黑胜 loss=23.5536 temp=1.00 total_env_steps=26895 t=0.08s
Ep 1379: len= 18 白胜 loss=23.4882 temp=1.00 total_env_steps=26913 t=0.05s
Ep 1380: len= 13 黑胜 loss=23.9882 temp=1.00 total_env_steps=26926 t=0.04s
Ep 1381: len= 10 白胜 loss=23.9838 temp=1.00 total_env_steps=26936 t=0.04s
Ep 1382: len=  6 白胜 loss=24.3904 temp=1.00 total_env_steps=26942 t=0.04s
Ep 1383: len=  8 黑胜 loss=24.9196 temp=1.00 total_env_steps=26950 t=0.04s
Ep 1384: len= 25 黑胜 loss=23.8786 temp=1.00 total_env_steps=26975 t=0.07s
Ep 1385: len= 14 白胜 loss=23.2727 temp=1.00 total_env_steps=26989 t=0.05s
Ep 1386: len= 24 白胜 loss=23.9370 temp=1.00 total_env_steps=27013 t=0.08s
Ep 1387: len= 17 黑胜 loss=24.8464 temp=1.00 total_env_steps=27030 t=0.05s
Ep 1388: len= 19 黑胜 loss=23.6154 temp=1.00 total_env_steps=27049 t=0.07s
Ep 1389: len= 23 黑胜 loss=24.4859 temp=1.00 total_env_steps=27072 t=0.07s
Ep 1390: len= 10 白胜 loss=24.2900 temp=1.00 total_env_steps=27082 t=0.04s
Ep 1391: len= 25 黑胜 loss=24.1721 temp=1.00 total_env_steps=27107 t=0.07s
Ep 1392: len=  4 白胜 loss=24.3297 temp=1.00 total_env_steps=27111 t=0.04s
Ep 1393: len= 11 黑胜 loss=23.4416 temp=1.00 total_env_steps=27122 t=0.05s
Ep 1394: len= 29 黑胜 loss=24.7595 temp=1.00 total_env_steps=27151 t=0.08s
Ep 1395: len= 13 黑胜 loss=24.0057 temp=1.00 total_env_steps=27164 t=0.05s
Ep 1396: len= 20 黑胜 loss=24.5130 temp=1.00 total_env_steps=27184 t=0.06s
Ep 1397: len= 19 黑胜 loss=24.6779 temp=1.00 total_env_steps=27203 t=0.05s
Ep 1398: len= 13 黑胜 loss=23.9264 temp=1.00 total_env_steps=27216 t=0.05s
Ep 1399: len= 19 黑胜 loss=24.0693 temp=1.00 total_env_steps=27235 t=0.06s
Ep 1400: len= 25 黑胜 loss=23.4881 temp=1.00 total_env_steps=27260 t=0.08s
  eval vs Gomoku-random-v0: win_rate=1.00 mean_return=1.00（20 局，total_env_steps=27260）
Ep 1401: len= 13 黑胜 loss=24.2621 temp=1.00 total_env_steps=27273 t=0.04s
Ep 1402: len= 26 白胜 loss=24.1362 temp=1.00 total_env_steps=27299 t=0.07s
Ep 1403: len= 11 黑胜 loss=24.1033 temp=1.00 total_env_steps=27310 t=0.04s
Ep 1404: len= 41 黑胜 loss=23.8930 temp=1.00 total_env_steps=27351 t=0.09s
Ep 1405: len= 11 白胜 loss=23.7164 temp=1.00 total_env_steps=27362 t=0.04s
Ep 1406: len= 25 黑胜 loss=24.2489 temp=1.00 total_env_steps=27387 t=0.07s
Ep 1407: len=  4 黑胜 loss=24.7152 temp=1.00 total_env_steps=27391 t=0.02s
Ep 1408: len= 12 白胜 loss=24.6269 temp=1.00 total_env_steps=27403 t=0.04s
Ep 1409: len= 11 黑胜 loss=23.8985 temp=1.00 total_env_steps=27414 t=0.04s
Ep 1410: len= 27 黑胜 loss=23.6208 temp=1.00 total_env_steps=27441 t=0.07s
Ep 1411: len= 25 黑胜 loss=24.2039 temp=1.00 total_env_steps=27466 t=0.06s
Ep 1412: len= 18 白胜 loss=23.6290 temp=1.00 total_env_steps=27484 t=0.05s
Ep 1413: len= 11 黑胜 loss=23.6401 temp=1.00 total_env_steps=27495 t=0.04s
Ep 1414: len= 20 黑胜 loss=24.6205 temp=1.00 total_env_steps=27515 t=0.06s
Ep 1415: len= 31 黑胜 loss=23.9211 temp=1.00 total_env_steps=27546 t=0.08s
Ep 1416: len= 27 黑胜 loss=24.5509 temp=1.00 total_env_steps=27573 t=0.08s
Ep 1417: len= 21 黑胜 loss=24.1571 temp=1.00 total_env_steps=27594 t=0.05s
Ep 1418: len= 27 黑胜 loss=24.1868 temp=1.00 total_env_steps=27621 t=0.07s
Ep 1419: len= 14 黑胜 loss=24.3660 temp=1.00 total_env_steps=27635 t=0.04s
Ep 1420: len= 23 黑胜 loss=23.1277 temp=1.00 total_env_steps=27658 t=0.06s
Ep 1421: len=  2 黑胜 loss=24.2267 temp=1.00 total_env_steps=27660 t=0.02s
Ep 1422: len= 15 黑胜 loss=24.0152 temp=1.00 total_env_steps=27675 t=0.04s
Ep 1423: len=  9 黑胜 loss=24.3028 temp=1.00 total_env_steps=27684 t=0.04s
Ep 1424: len= 19 黑胜 loss=24.1205 temp=1.00 total_env_steps=27703 t=0.05s
Ep 1425: len=  4 黑胜 loss=23.3587 temp=1.00 total_env_steps=27707 t=0.02s
Ep 1426: len= 13 黑胜 loss=23.6310 temp=1.00 total_env_steps=27720 t=0.04s
Ep 1427: len= 21 黑胜 loss=24.7337 temp=1.00 total_env_steps=27741 t=0.05s
Ep 1428: len= 23 黑胜 loss=24.4252 temp=1.00 total_env_steps=27764 t=0.06s
Ep 1429: len=  9 黑胜 loss=24.1335 temp=1.00 total_env_steps=27773 t=0.03s
Ep 1430: len= 17 黑胜 loss=24.2017 temp=1.00 total_env_steps=27790 t=0.05s
Ep 1431: len= 29 黑胜 loss=24.2929 temp=1.00 total_env_steps=27819 t=0.08s
Ep 1432: len= 13 黑胜 loss=24.2849 temp=1.00 total_env_steps=27832 t=0.04s
Ep 1433: len= 21 黑胜 loss=24.1585 temp=1.00 total_env_steps=27853 t=0.06s
Ep 1434: len= 19 黑胜 loss=23.8612 temp=1.00 total_env_steps=27872 t=0.05s
Ep 1435: len= 33 黑胜 loss=24.0968 temp=1.00 total_env_steps=27905 t=0.08s
Ep 1436: len= 13 黑胜 loss=23.7073 temp=1.00 total_env_steps=27918 t=0.04s
Ep 1437: len= 31 黑胜 loss=24.5238 temp=1.00 total_env_steps=27949 t=0.08s
Ep 1438: len= 29 黑胜 loss=24.2980 temp=1.00 total_env_steps=27978 t=0.07s
Ep 1439: len= 15 黑胜 loss=23.8345 temp=1.00 total_env_steps=27993 t=0.05s
Ep 1440: len= 33 黑胜 loss=24.4216 temp=1.00 total_env_steps=28026 t=0.08s
Ep 1441: len= 15 黑胜 loss=23.8377 temp=1.00 total_env_steps=28041 t=0.05s
Ep 1442: len= 15 黑胜 loss=23.5158 temp=1.00 total_env_steps=28056 t=0.05s
Ep 1443: len= 11 黑胜 loss=24.6870 temp=1.00 total_env_steps=28067 t=0.04s
Ep 1444: len= 13 黑胜 loss=24.1250 temp=1.00 total_env_steps=28080 t=0.05s
Ep 1445: len= 15 黑胜 loss=23.7830 temp=1.00 total_env_steps=28095 t=0.05s
Ep 1446: len= 27 黑胜 loss=24.3042 temp=1.00 total_env_steps=28122 t=0.07s
Ep 1447: len= 23 白胜 loss=23.2186 temp=1.00 total_env_steps=28145 t=0.06s
Ep 1448: len= 29 黑胜 loss=23.3057 temp=1.00 total_env_steps=28174 t=0.07s
Ep 1449: len= 17 黑胜 loss=23.4288 temp=1.00 total_env_steps=28191 t=0.05s
Ep 1450: len= 18 白胜 loss=23.8452 temp=1.00 total_env_steps=28209 t=0.05s
Ep 1451: len= 23 黑胜 loss=23.8839 temp=1.00 total_env_steps=28232 t=0.06s
Ep 1452: len=  2 黑胜 loss=23.9336 temp=1.00 total_env_steps=28234 t=0.02s
Ep 1453: len=  4 白胜 loss=23.0752 temp=1.00 total_env_steps=28238 t=0.03s
Ep 1454: len= 12 白胜 loss=22.7770 temp=1.00 total_env_steps=28250 t=0.04s
Ep 1455: len= 33 黑胜 loss=24.2030 temp=1.00 total_env_steps=28283 t=0.08s
Ep 1456: len= 11 黑胜 loss=24.3078 temp=1.00 total_env_steps=28294 t=0.04s
Ep 1457: len=  4 白胜 loss=23.3449 temp=1.00 total_env_steps=28298 t=0.03s
Ep 1458: len=  2 白胜 loss=22.8487 temp=1.00 total_env_steps=28300 t=0.02s
Ep 1459: len=  8 黑胜 loss=24.8160 temp=1.00 total_env_steps=28308 t=0.03s
Ep 1460: len=  2 白胜 loss=23.8203 temp=1.00 total_env_steps=28310 t=0.02s
Ep 1461: len=  2 黑胜 loss=23.1509 temp=1.00 total_env_steps=28312 t=0.02s
Ep 1462: len= 11 黑胜 loss=23.9858 temp=1.00 total_env_steps=28323 t=0.04s
Ep 1463: len= 23 黑胜 loss=23.9406 temp=1.00 total_env_steps=28346 t=0.06s
Ep 1464: len= 15 黑胜 loss=24.3308 temp=1.00 total_env_steps=28361 t=0.05s
Ep 1465: len= 11 黑胜 loss=23.2710 temp=1.00 total_env_steps=28372 t=0.04s
Ep 1466: len= 12 黑胜 loss=24.0894 temp=1.00 total_env_steps=28384 t=0.04s
Ep 1467: len= 12 黑胜 loss=23.6941 temp=1.00 total_env_steps=28396 t=0.04s
Ep 1468: len= 22 黑胜 loss=23.6502 temp=1.00 total_env_steps=28418 t=0.05s
Ep 1469: len= 18 白胜 loss=23.7622 temp=1.00 total_env_steps=28436 t=0.05s
Ep 1470: len= 27 黑胜 loss=23.3146 temp=1.00 total_env_steps=28463 t=0.06s
Ep 1471: len= 33 黑胜 loss=24.2843 temp=1.00 total_env_steps=28496 t=0.08s
Ep 1472: len= 25 黑胜 loss=23.1473 temp=1.00 total_env_steps=28521 t=0.06s
Ep 1473: len= 11 黑胜 loss=23.7448 temp=1.00 total_env_steps=28532 t=0.04s
Ep 1474: len= 23 黑胜 loss=24.0092 temp=1.00 total_env_steps=28555 t=0.06s
Ep 1475: len= 23 黑胜 loss=23.6260 temp=1.00 total_env_steps=28578 t=0.06s
Ep 1476: len= 29 白胜 loss=23.2143 temp=1.00 total_env_steps=28607 t=0.07s
Ep 1477: len=  6 白胜 loss=24.0504 temp=1.00 total_env_steps=28613 t=0.03s
Ep 1478: len= 23 白胜 loss=24.0622 temp=1.00 total_env_steps=28636 t=0.06s
Ep 1479: len= 23 黑胜 loss=23.9090 temp=1.00 total_env_steps=28659 t=0.07s
Ep 1480: len= 18 黑胜 loss=23.3114 temp=1.00 total_env_steps=28677 t=0.05s
Ep 1481: len= 23 黑胜 loss=24.3147 temp=1.00 total_env_steps=28700 t=0.06s
Ep 1482: len= 10 黑胜 loss=23.7170 temp=1.00 total_env_steps=28710 t=0.04s
Ep 1483: len= 21 黑胜 loss=24.4574 temp=1.00 total_env_steps=28731 t=0.06s
Ep 1484: len= 33 黑胜 loss=24.5679 temp=1.00 total_env_steps=28764 t=0.08s
Ep 1485: len= 21 黑胜 loss=23.7348 temp=1.00 total_env_steps=28785 t=0.06s
Ep 1486: len= 19 黑胜 loss=24.2548 temp=1.00 total_env_steps=28804 t=0.05s
Ep 1487: len= 21 黑胜 loss=23.8792 temp=1.00 total_env_steps=28825 t=0.05s
Ep 1488: len= 18 白胜 loss=24.2537 temp=1.00 total_env_steps=28843 t=0.05s
Ep 1489: len= 20 白胜 loss=23.4537 temp=1.00 total_env_steps=28863 t=0.05s
Ep 1490: len= 13 白胜 loss=24.2582 temp=1.00 total_env_steps=28876 t=0.04s
Ep 1491: len= 11 黑胜 loss=23.8897 temp=1.00 total_env_steps=28887 t=0.04s
Ep 1492: len= 10 黑胜 loss=23.9296 temp=1.00 total_env_steps=28897 t=0.03s
Ep 1493: len= 19 黑胜 loss=23.4911 temp=1.00 total_env_steps=28916 t=0.06s
Ep 1494: len=  8 白胜 loss=24.1139 temp=1.00 total_env_steps=28924 t=0.03s
Ep 1495: len= 23 黑胜 loss=24.5279 temp=1.00 total_env_steps=28947 t=0.06s
Ep 1496: len=  2 白胜 loss=23.2660 temp=1.00 total_env_steps=28949 t=0.02s
Ep 1497: len= 27 黑胜 loss=24.2030 temp=1.00 total_env_steps=28976 t=0.06s
Ep 1498: len=  2 黑胜 loss=23.4276 temp=1.00 total_env_steps=28978 t=0.02s
Ep 1499: len= 13 黑胜 loss=24.4214 temp=1.00 total_env_steps=28991 t=0.04s
Ep 1500: len= 10 黑胜 loss=23.9616 temp=1.00 total_env_steps=29001 t=0.05s
Ep 1501: len= 21 黑胜 loss=24.5819 temp=1.00 total_env_steps=29022 t=0.06s
Ep 1502: len=  2 黑胜 loss=23.5100 temp=1.00 total_env_steps=29024 t=0.02s
Ep 1503: len= 27 黑胜 loss=24.7559 temp=1.00 total_env_steps=29051 t=0.08s
Ep 1504: len= 17 黑胜 loss=23.6797 temp=1.00 total_env_steps=29068 t=0.06s
Ep 1505: len= 23 黑胜 loss=23.0236 temp=1.00 total_env_steps=29091 t=0.06s
Ep 1506: len= 35 黑胜 loss=24.0753 temp=1.00 total_env_steps=29126 t=0.09s
Ep 1507: len=  2 黑胜 loss=24.8284 temp=1.00 total_env_steps=29128 t=0.02s
Ep 1508: len= 11 黑胜 loss=23.6933 temp=1.00 total_env_steps=29139 t=0.04s
Ep 1509: len= 27 黑胜 loss=24.5283 temp=1.00 total_env_steps=29166 t=0.07s
Ep 1510: len= 21 黑胜 loss=24.2248 temp=1.00 total_env_steps=29187 t=0.06s
Ep 1511: len= 10 黑胜 loss=23.4458 temp=1.00 total_env_steps=29197 t=0.04s
Ep 1512: len= 27 黑胜 loss=23.8035 temp=1.00 total_env_steps=29224 t=0.08s
Ep 1513: len= 18 黑胜 loss=24.3349 temp=1.00 total_env_steps=29242 t=0.05s
Ep 1514: len=  2 白胜 loss=24.1973 temp=1.00 total_env_steps=29244 t=0.02s
Ep 1515: len= 46 白胜 loss=24.3186 temp=1.00 total_env_steps=29290 t=0.11s
Ep 1516: len= 13 黑胜 loss=23.5049 temp=1.00 total_env_steps=29303 t=0.04s
Ep 1517: len=  2 黑胜 loss=23.9496 temp=1.00 total_env_steps=29305 t=0.02s
Ep 1518: len= 11 黑胜 loss=24.3431 temp=1.00 total_env_steps=29316 t=0.04s
Ep 1519: len=  2 白胜 loss=24.8027 temp=1.00 total_env_steps=29318 t=0.02s
Ep 1520: len=  2 白胜 loss=24.3910 temp=1.00 total_env_steps=29320 t=0.02s
Ep 1521: len= 13 黑胜 loss=24.1036 temp=1.00 total_env_steps=29333 t=0.05s
Ep 1522: len= 25 黑胜 loss=24.3505 temp=1.00 total_env_steps=29358 t=0.07s
Ep 1523: len= 11 黑胜 loss=23.7150 temp=1.00 total_env_steps=29369 t=0.04s
Ep 1524: len= 27 黑胜 loss=24.1971 temp=1.00 total_env_steps=29396 t=0.07s
Ep 1525: len= 13 黑胜 loss=23.6934 temp=1.00 total_env_steps=29409 t=0.05s
Ep 1526: len= 10 黑胜 loss=24.0357 temp=1.00 total_env_steps=29419 t=0.04s
Ep 1527: len= 31 黑胜 loss=23.7618 temp=1.00 total_env_steps=29450 t=0.08s
Ep 1528: len= 12 白胜 loss=24.3649 temp=1.00 total_env_steps=29462 t=0.04s
Ep 1529: len=  8 黑胜 loss=23.5123 temp=1.00 total_env_steps=29470 t=0.03s
Ep 1530: len= 13 黑胜 loss=23.9117 temp=1.00 total_env_steps=29483 t=0.04s
Ep 1531: len= 11 黑胜 loss=23.6822 temp=1.00 total_env_steps=29494 t=0.04s
Ep 1532: len= 17 黑胜 loss=23.8333 temp=1.00 total_env_steps=29511 t=0.05s
Ep 1533: len= 23 黑胜 loss=24.5168 temp=1.00 total_env_steps=29534 t=0.07s
Ep 1534: len= 25 黑胜 loss=23.7386 temp=1.00 total_env_steps=29559 t=0.07s
Ep 1535: len= 11 黑胜 loss=23.7672 temp=1.00 total_env_steps=29570 t=0.04s
Ep 1536: len= 32 黑胜 loss=24.3094 temp=1.00 total_env_steps=29602 t=0.09s
Ep 1537: len= 30 黑胜 loss=24.4095 temp=1.00 total_env_steps=29632 t=0.08s
Ep 1538: len= 25 黑胜 loss=23.9532 temp=1.00 total_env_steps=29657 t=0.07s
Ep 1539: len= 21 黑胜 loss=23.6896 temp=1.00 total_env_steps=29678 t=0.07s
Ep 1540: len= 34 白胜 loss=24.6609 temp=1.00 total_env_steps=29712 t=0.08s
Ep 1541: len= 26 黑胜 loss=23.5715 temp=1.00 total_env_steps=29738 t=0.07s
Ep 1542: len= 11 黑胜 loss=23.5969 temp=1.00 total_env_steps=29749 t=0.05s
Ep 1543: len= 14 白胜 loss=24.5778 temp=1.00 total_env_steps=29763 t=0.05s
Ep 1544: len= 14 黑胜 loss=24.3033 temp=1.00 total_env_steps=29777 t=0.05s
Ep 1545: len= 20 白胜 loss=23.8135 temp=1.00 total_env_steps=29797 t=0.06s
Ep 1546: len= 27 黑胜 loss=24.5310 temp=1.00 total_env_steps=29824 t=0.09s
Ep 1547: len= 28 白胜 loss=24.2749 temp=1.00 total_env_steps=29852 t=0.08s
Ep 1548: len= 13 黑胜 loss=23.6191 temp=1.00 total_env_steps=29865 t=0.04s
Ep 1549: len= 11 黑胜 loss=24.1753 temp=1.00 total_env_steps=29876 t=0.04s
Ep 1550: len= 20 白胜 loss=23.2860 temp=1.00 total_env_steps=29896 t=0.06s
Ep 1551: len= 16 白胜 loss=23.8593 temp=1.00 total_env_steps=29912 t=0.05s
Ep 1552: len= 33 黑胜 loss=24.0002 temp=1.00 total_env_steps=29945 t=0.09s
Ep 1553: len=  2 白胜 loss=23.2060 temp=1.00 total_env_steps=29947 t=0.03s
Ep 1554: len= 13 黑胜 loss=23.3354 temp=1.00 total_env_steps=29960 t=0.05s
Ep 1555: len=  8 白胜 loss=23.8172 temp=1.00 total_env_steps=29968 t=0.03s
Ep 1556: len= 15 黑胜 loss=24.0568 temp=1.00 total_env_steps=29983 t=0.05s
Ep 1557: len= 15 黑胜 loss=23.5382 temp=1.00 total_env_steps=29998 t=0.05s
Ep 1558: len= 12 黑胜 loss=23.4699 temp=1.00 total_env_steps=30010 t=0.04s
Ep 1559: len= 25 黑胜 loss=24.6561 temp=1.00 total_env_steps=30035 t=0.07s
Ep 1560: len= 11 黑胜 loss=23.5932 temp=1.00 total_env_steps=30046 t=0.04s
Ep 1561: len= 13 黑胜 loss=23.2877 temp=1.00 total_env_steps=30059 t=0.04s
Ep 1562: len= 25 黑胜 loss=24.3705 temp=1.00 total_env_steps=30084 t=0.06s
Ep 1563: len= 27 黑胜 loss=24.5709 temp=1.00 total_env_steps=30111 t=0.07s
Ep 1564: len= 10 黑胜 loss=23.7395 temp=1.00 total_env_steps=30121 t=0.04s
Ep 1565: len= 25 黑胜 loss=24.8250 temp=1.00 total_env_steps=30146 t=0.07s
Ep 1566: len= 12 白胜 loss=24.4862 temp=1.00 total_env_steps=30158 t=0.05s
Ep 1567: len=  4 白胜 loss=23.9531 temp=1.00 total_env_steps=30162 t=0.03s
Ep 1568: len=  4 黑胜 loss=23.9595 temp=1.00 total_env_steps=30166 t=0.03s
Ep 1569: len= 27 黑胜 loss=24.6970 temp=1.00 total_env_steps=30193 t=0.08s
Ep 1570: len= 25 黑胜 loss=23.9170 temp=1.00 total_env_steps=30218 t=0.06s
Ep 1571: len= 31 黑胜 loss=23.4752 temp=1.00 total_env_steps=30249 t=0.08s
Ep 1572: len= 11 黑胜 loss=24.0597 temp=1.00 total_env_steps=30260 t=0.04s
Ep 1573: len=  2 白胜 loss=23.7370 temp=1.00 total_env_steps=30262 t=0.02s
Ep 1574: len= 13 黑胜 loss=23.7193 temp=1.00 total_env_steps=30275 t=0.04s
Ep 1575: len= 27 黑胜 loss=23.3905 temp=1.00 total_env_steps=30302 t=0.07s
Ep 1576: len= 23 黑胜 loss=23.6180 temp=1.00 total_env_steps=30325 t=0.06s
Ep 1577: len= 26 白胜 loss=23.9250 temp=1.00 total_env_steps=30351 t=0.06s
Ep 1578: len= 11 黑胜 loss=23.2705 temp=1.00 total_env_steps=30362 t=0.04s
Ep 1579: len= 17 黑胜 loss=23.2519 temp=1.00 total_env_steps=30379 t=0.05s
Ep 1580: len= 21 黑胜 loss=24.1134 temp=1.00 total_env_steps=30400 t=0.05s
Ep 1581: len= 21 黑胜 loss=24.2678 temp=1.00 total_env_steps=30421 t=0.05s
Ep 1582: len= 15 黑胜 loss=23.9496 temp=1.00 total_env_steps=30436 t=0.04s
Ep 1583: len= 19 黑胜 loss=24.2172 temp=1.00 total_env_steps=30455 t=0.05s
Ep 1584: len=  4 黑胜 loss=24.1155 temp=1.00 total_env_steps=30459 t=0.03s
Ep 1585: len= 13 黑胜 loss=24.1049 temp=1.00 total_env_steps=30472 t=0.04s
Ep 1586: len= 25 黑胜 loss=23.1538 temp=1.00 total_env_steps=30497 t=0.06s
Ep 1587: len= 11 黑胜 loss=23.3938 temp=1.00 total_env_steps=30508 t=0.04s
Ep 1588: len= 16 白胜 loss=24.1819 temp=1.00 total_env_steps=30524 t=0.05s
Ep 1589: len= 13 黑胜 loss=23.6948 temp=1.00 total_env_steps=30537 t=0.04s
Ep 1590: len=  4 白胜 loss=24.1145 temp=1.00 total_env_steps=30541 t=0.03s
Ep 1591: len= 16 黑胜 loss=24.7172 temp=1.00 total_env_steps=30557 t=0.04s
Ep 1592: len= 25 黑胜 loss=24.4921 temp=1.00 total_env_steps=30582 t=0.07s
Ep 1593: len=  2 白胜 loss=24.0296 temp=1.00 total_env_steps=30584 t=0.03s
Ep 1594: len= 21 黑胜 loss=24.1507 temp=1.00 total_env_steps=30605 t=0.06s
Ep 1595: len=  4 白胜 loss=23.4505 temp=1.00 total_env_steps=30609 t=0.02s
Ep 1596: len= 35 黑胜 loss=24.1721 temp=1.00 total_env_steps=30644 t=0.08s
Ep 1597: len=  8 黑胜 loss=22.9592 temp=1.00 total_env_steps=30652 t=0.03s
Ep 1598: len=  2 白胜 loss=23.5801 temp=1.00 total_env_steps=30654 t=0.02s
Ep 1599: len= 15 黑胜 loss=24.4555 temp=1.00 total_env_steps=30669 t=0.05s
Ep 1600: len= 15 黑胜 loss=24.1270 temp=1.00 total_env_steps=30684 t=0.05s
  eval vs Gomoku-random-v0: win_rate=1.00 mean_return=1.00（20 局，total_env_steps=30684）
Ep 1601: len= 13 黑胜 loss=23.7450 temp=1.00 total_env_steps=30697 t=0.04s
Ep 1602: len= 17 黑胜 loss=24.0315 temp=1.00 total_env_steps=30714 t=0.05s
Ep 1603: len= 20 黑胜 loss=24.3522 temp=1.00 total_env_steps=30734 t=0.06s
Ep 1604: len= 10 白胜 loss=24.1662 temp=1.00 total_env_steps=30744 t=0.04s
Ep 1605: len= 12 白胜 loss=24.3416 temp=1.00 total_env_steps=30756 t=0.04s
Ep 1606: len= 23 黑胜 loss=24.1893 temp=1.00 total_env_steps=30779 t=0.07s
Ep 1607: len= 13 黑胜 loss=23.5575 temp=1.00 total_env_steps=30792 t=0.05s
Ep 1608: len= 15 黑胜 loss=23.8429 temp=1.00 total_env_steps=30807 t=0.06s
Ep 1609: len= 19 黑胜 loss=24.0130 temp=1.00 total_env_steps=30826 t=0.07s
Ep 1610: len= 11 黑胜 loss=23.7187 temp=1.00 total_env_steps=30837 t=0.05s
Ep 1611: len= 11 黑胜 loss=23.9139 temp=1.00 total_env_steps=30848 t=0.05s
Ep 1612: len= 12 白胜 loss=23.9327 temp=1.00 total_env_steps=30860 t=0.05s
Ep 1613: len=  2 黑胜 loss=24.0214 temp=1.00 total_env_steps=30862 t=0.02s
Ep 1614: len= 17 黑胜 loss=24.2833 temp=1.00 total_env_steps=30879 t=0.06s
Ep 1615: len= 17 黑胜 loss=23.3673 temp=1.00 total_env_steps=30896 t=0.06s
Ep 1616: len=  4 白胜 loss=24.0619 temp=1.00 total_env_steps=30900 t=0.03s
Ep 1617: len=  2 黑胜 loss=24.1289 temp=1.00 total_env_steps=30902 t=0.02s
Ep 1618: len= 33 黑胜 loss=23.8773 temp=1.00 total_env_steps=30935 t=0.08s
Ep 1619: len= 29 黑胜 loss=24.4803 temp=1.00 total_env_steps=30964 t=0.08s
Ep 1620: len=  2 白胜 loss=24.8201 temp=1.00 total_env_steps=30966 t=0.02s
Ep 1621: len= 25 黑胜 loss=23.5382 temp=1.00 total_env_steps=30991 t=0.08s
Ep 1622: len= 11 黑胜 loss=23.7003 temp=1.00 total_env_steps=31002 t=0.05s
Ep 1623: len= 13 黑胜 loss=24.5831 temp=1.00 total_env_steps=31015 t=0.05s
Ep 1624: len= 11 黑胜 loss=23.9605 temp=1.00 total_env_steps=31026 t=0.04s
Ep 1625: len= 13 黑胜 loss=23.9402 temp=1.00 total_env_steps=31039 t=0.05s
Ep 1626: len= 23 黑胜 loss=23.9626 temp=1.00 total_env_steps=31062 t=0.07s
Ep 1627: len= 25 黑胜 loss=23.7072 temp=1.00 total_env_steps=31087 t=0.08s
Ep 1628: len= 19 黑胜 loss=24.1804 temp=1.00 total_env_steps=31106 t=0.07s
Ep 1629: len= 23 黑胜 loss=23.7361 temp=1.00 total_env_steps=31129 t=0.07s
Ep 1630: len= 11 黑胜 loss=23.7272 temp=1.00 total_env_steps=31140 t=0.05s
Ep 1631: len= 15 黑胜 loss=24.4820 temp=1.00 total_env_steps=31155 t=0.05s
Ep 1632: len= 18 白胜 loss=23.0650 temp=1.00 total_env_steps=31173 t=0.06s
Ep 1633: len= 19 黑胜 loss=24.6474 temp=1.00 total_env_steps=31192 t=0.06s
Ep 1634: len= 24 白胜 loss=23.9430 temp=1.00 total_env_steps=31216 t=0.08s
Ep 1635: len= 20 白胜 loss=23.4174 temp=1.00 total_env_steps=31236 t=0.06s
Ep 1636: len= 11 黑胜 loss=23.7344 temp=1.00 total_env_steps=31247 t=0.05s
Ep 1637: len= 15 黑胜 loss=23.3950 temp=1.00 total_env_steps=31262 t=0.06s
Ep 1638: len= 17 黑胜 loss=23.7316 temp=1.00 total_env_steps=31279 t=0.06s
Ep 1639: len= 31 黑胜 loss=22.9506 temp=1.00 total_env_steps=31310 t=0.09s
Ep 1640: len= 25 黑胜 loss=23.7081 temp=1.00 total_env_steps=31335 t=0.08s
Ep 1641: len= 13 黑胜 loss=24.2484 temp=1.00 total_env_steps=31348 t=0.05s
Ep 1642: len= 13 黑胜 loss=24.5319 temp=1.00 total_env_steps=31361 t=0.05s
Ep 1643: len=  4 白胜 loss=23.7383 temp=1.00 total_env_steps=31365 t=0.03s
Ep 1644: len= 19 黑胜 loss=24.3156 temp=1.00 total_env_steps=31384 t=0.06s
Ep 1645: len= 43 黑胜 loss=23.4702 temp=1.00 total_env_steps=31427 t=0.12s
Ep 1646: len= 25 黑胜 loss=24.4241 temp=1.00 total_env_steps=31452 t=0.08s
Ep 1647: len= 23 黑胜 loss=23.3349 temp=1.00 total_env_steps=31475 t=0.08s
Ep 1648: len=  2 白胜 loss=23.5507 temp=1.00 total_env_steps=31477 t=0.03s
Ep 1649: len= 27 黑胜 loss=23.2199 temp=1.00 total_env_steps=31504 t=0.09s
Ep 1650: len= 22 黑胜 loss=23.7282 temp=1.00 total_env_steps=31526 t=0.06s
Ep 1651: len= 16 白胜 loss=24.4108 temp=1.00 total_env_steps=31542 t=0.06s
Ep 1652: len= 11 黑胜 loss=23.4232 temp=1.00 total_env_steps=31553 t=0.05s
Ep 1653: len=  2 白胜 loss=24.2105 temp=1.00 total_env_steps=31555 t=0.03s
Ep 1654: len= 14 黑胜 loss=23.4993 temp=1.00 total_env_steps=31569 t=0.07s
Ep 1655: len= 15 黑胜 loss=23.8919 temp=1.00 total_env_steps=31584 t=0.05s
Ep 1656: len= 11 黑胜 loss=23.3938 temp=1.00 total_env_steps=31595 t=0.04s
Ep 1657: len= 28 白胜 loss=22.9123 temp=1.00 total_env_steps=31623 t=0.07s
Ep 1658: len= 15 黑胜 loss=23.1678 temp=1.00 total_env_steps=31638 t=0.05s
Ep 1659: len=  4 黑胜 loss=23.5594 temp=1.00 total_env_steps=31642 t=0.05s
Ep 1660: len= 27 黑胜 loss=24.0149 temp=1.00 total_env_steps=31669 t=0.08s
Ep 1661: len= 13 黑胜 loss=23.3169 temp=1.00 total_env_steps=31682 t=0.05s
Ep 1662: len= 10 白胜 loss=24.4333 temp=1.00 total_env_steps=31692 t=0.04s
Ep 1663: len= 13 黑胜 loss=22.8142 temp=1.00 total_env_steps=31705 t=0.05s
Ep 1664: len=  8 黑胜 loss=23.8751 temp=1.00 total_env_steps=31713 t=0.04s
Ep 1665: len= 21 黑胜 loss=23.6631 temp=1.00 total_env_steps=31734 t=0.07s
Ep 1666: len= 29 黑胜 loss=24.2784 temp=1.00 total_env_steps=31763 t=0.08s
Ep 1667: len= 13 黑胜 loss=23.5614 temp=1.00 total_env_steps=31776 t=0.05s
Ep 1668: len=  2 白胜 loss=24.0566 temp=1.00 total_env_steps=31778 t=0.03s
Ep 1669: len= 29 黑胜 loss=23.8297 temp=1.00 total_env_steps=31807 t=0.08s
Ep 1670: len= 13 黑胜 loss=23.7891 temp=1.00 total_env_steps=31820 t=0.05s
Ep 1671: len= 13 黑胜 loss=23.8367 temp=1.00 total_env_steps=31833 t=0.05s
Ep 1672: len=  2 白胜 loss=23.3304 temp=1.00 total_env_steps=31835 t=0.03s
Ep 1673: len= 27 黑胜 loss=23.8890 temp=1.00 total_env_steps=31862 t=0.07s
Ep 1674: len= 11 黑胜 loss=23.6667 temp=1.00 total_env_steps=31873 t=0.05s
Ep 1675: len= 13 黑胜 loss=24.0625 temp=1.00 total_env_steps=31886 t=0.05s
Ep 1676: len=  4 黑胜 loss=24.6812 temp=1.00 total_env_steps=31890 t=0.03s
Ep 1677: len= 10 黑胜 loss=24.1354 temp=1.00 total_env_steps=31900 t=0.04s
Ep 1678: len= 20 白胜 loss=24.6857 temp=1.00 total_env_steps=31920 t=0.07s
Ep 1679: len= 24 白胜 loss=24.0904 temp=1.00 total_env_steps=31944 t=0.06s
Ep 1680: len= 21 黑胜 loss=23.8170 temp=1.00 total_env_steps=31965 t=0.07s
Ep 1681: len=  4 白胜 loss=23.6316 temp=1.00 total_env_steps=31969 t=0.03s
Ep 1682: len= 17 白胜 loss=23.9426 temp=1.00 total_env_steps=31986 t=0.06s
Ep 1683: len=  6 白胜 loss=23.7683 temp=1.00 total_env_steps=31992 t=0.04s
Ep 1684: len= 11 黑胜 loss=23.3410 temp=1.00 total_env_steps=32003 t=0.05s
Ep 1685: len=  2 白胜 loss=23.7846 temp=1.00 total_env_steps=32005 t=0.03s
Ep 1686: len= 23 黑胜 loss=23.7136 temp=1.00 total_env_steps=32028 t=0.07s
Ep 1687: len= 23 黑胜 loss=24.3049 temp=1.00 total_env_steps=32051 t=0.07s
Ep 1688: len= 11 黑胜 loss=23.8521 temp=1.00 total_env_steps=32062 t=0.04s
Ep 1689: len= 15 黑胜 loss=23.6430 temp=1.00 total_env_steps=32077 t=0.05s
Ep 1690: len= 10 白胜 loss=24.1277 temp=1.00 total_env_steps=32087 t=0.05s
Ep 1691: len= 15 黑胜 loss=24.9505 temp=1.00 total_env_steps=32102 t=0.05s
Ep 1692: len=  2 黑胜 loss=24.2865 temp=1.00 total_env_steps=32104 t=0.02s
Ep 1693: len=  4 白胜 loss=23.8807 temp=1.00 total_env_steps=32108 t=0.03s
Ep 1694: len= 15 黑胜 loss=23.9648 temp=1.00 total_env_steps=32123 t=0.05s
Ep 1695: len= 27 黑胜 loss=23.7176 temp=1.00 total_env_steps=32150 t=0.07s
Ep 1696: len= 21 黑胜 loss=23.8286 temp=1.00 total_env_steps=32171 t=0.07s
Ep 1697: len= 23 黑胜 loss=24.5702 temp=1.00 total_env_steps=32194 t=0.07s
Ep 1698: len= 21 黑胜 loss=24.1177 temp=1.00 total_env_steps=32215 t=0.10s
Ep 1699: len= 15 黑胜 loss=23.8084 temp=1.00 total_env_steps=32230 t=0.12s
Ep 1700: len= 13 黑胜 loss=23.7884 temp=1.00 total_env_steps=32243 t=0.10s
Ep 1701: len= 11 白胜 loss=23.5478 temp=1.00 total_env_steps=32254 t=0.11s
Ep 1702: len=  2 黑胜 loss=24.2364 temp=1.00 total_env_steps=32256 t=0.09s
Ep 1703: len=  2 白胜 loss=23.6624 temp=1.00 total_env_steps=32258 t=0.07s
Ep 1704: len= 12 黑胜 loss=24.4730 temp=1.00 total_env_steps=32270 t=0.11s
Ep 1705: len= 23 黑胜 loss=23.4903 temp=1.00 total_env_steps=32293 t=0.15s
Ep 1706: len= 13 黑胜 loss=23.9822 temp=1.00 total_env_steps=32306 t=0.12s
Ep 1707: len= 15 黑胜 loss=24.1057 temp=1.00 total_env_steps=32321 t=0.11s
Ep 1708: len= 20 黑胜 loss=24.0886 temp=1.00 total_env_steps=32341 t=0.12s
Ep 1709: len= 31 黑胜 loss=23.9244 temp=1.00 total_env_steps=32372 t=0.16s
Ep 1710: len= 11 黑胜 loss=23.9545 temp=1.00 total_env_steps=32383 t=0.11s
Ep 1711: len= 21 黑胜 loss=24.1776 temp=1.00 total_env_steps=32404 t=0.15s
Ep 1712: len= 13 黑胜 loss=24.5412 temp=1.00 total_env_steps=32417 t=0.11s
Ep 1713: len= 18 白胜 loss=23.8236 temp=1.00 total_env_steps=32435 t=0.13s
Ep 1714: len= 11 黑胜 loss=23.4770 temp=1.00 total_env_steps=32446 t=0.11s
Ep 1715: len= 23 黑胜 loss=24.7698 temp=1.00 total_env_steps=32469 t=0.15s
Ep 1716: len= 15 黑胜 loss=22.3406 temp=1.00 total_env_steps=32484 t=0.10s
Ep 1717: len= 19 黑胜 loss=23.2331 temp=1.00 total_env_steps=32503 t=0.13s
Ep 1718: len= 21 黑胜 loss=24.3329 temp=1.00 total_env_steps=32524 t=0.12s
Ep 1719: len= 23 黑胜 loss=23.8868 temp=1.00 total_env_steps=32547 t=0.14s
Ep 1720: len= 19 黑胜 loss=24.2457 temp=1.00 total_env_steps=32566 t=0.12s
Ep 1721: len= 11 黑胜 loss=23.8190 temp=1.00 total_env_steps=32577 t=0.12s
Ep 1722: len=  2 黑胜 loss=23.2462 temp=1.00 total_env_steps=32579 t=0.08s
Ep 1723: len= 29 黑胜 loss=23.5979 temp=1.00 total_env_steps=32608 t=0.16s
Ep 1724: len=  2 白胜 loss=23.7232 temp=1.00 total_env_steps=32610 t=0.09s
Ep 1725: len= 23 黑胜 loss=23.8453 temp=1.00 total_env_steps=32633 t=0.13s
Ep 1726: len=  4 黑胜 loss=23.5746 temp=1.00 total_env_steps=32637 t=0.10s
Ep 1727: len= 22 白胜 loss=23.4825 temp=1.00 total_env_steps=32659 t=0.14s
Ep 1728: len=  2 黑胜 loss=23.4990 temp=1.00 total_env_steps=32661 t=0.09s
Ep 1729: len= 17 黑胜 loss=23.9479 temp=1.00 total_env_steps=32678 t=0.12s
Ep 1730: len=  4 白胜 loss=24.2920 temp=1.00 total_env_steps=32682 t=0.09s
Ep 1731: len= 18 白胜 loss=23.1292 temp=1.00 total_env_steps=32700 t=0.13s
Ep 1732: len= 23 黑胜 loss=23.4389 temp=1.00 total_env_steps=32723 t=0.13s
Ep 1733: len= 21 黑胜 loss=23.0110 temp=1.00 total_env_steps=32744 t=0.15s
Ep 1734: len= 19 黑胜 loss=23.3061 temp=1.00 total_env_steps=32763 t=0.12s
Ep 1735: len= 19 黑胜 loss=23.9146 temp=1.00 total_env_steps=32782 t=0.14s
Ep 1736: len= 29 黑胜 loss=23.4264 temp=1.00 total_env_steps=32811 t=0.15s
Ep 1737: len= 31 黑胜 loss=24.2690 temp=1.00 total_env_steps=32842 t=0.16s
Ep 1738: len=  9 黑胜 loss=23.4983 temp=1.00 total_env_steps=32851 t=0.10s
Ep 1739: len= 17 黑胜 loss=24.3228 temp=1.00 total_env_steps=32868 t=0.12s
Ep 1740: len= 11 黑胜 loss=23.8474 temp=1.00 total_env_steps=32879 t=0.11s
Ep 1741: len=  6 黑胜 loss=24.6063 temp=1.00 total_env_steps=32885 t=0.11s
Ep 1742: len= 29 黑胜 loss=24.5724 temp=1.00 total_env_steps=32914 t=0.15s
Ep 1743: len= 29 黑胜 loss=24.2158 temp=1.00 total_env_steps=32943 t=0.16s
Ep 1744: len= 29 黑胜 loss=24.4257 temp=1.00 total_env_steps=32972 t=0.15s
Ep 1745: len= 11 黑胜 loss=23.7443 temp=1.00 total_env_steps=32983 t=0.11s
Ep 1746: len= 29 黑胜 loss=24.1561 temp=1.00 total_env_steps=33012 t=0.15s
Ep 1747: len= 12 黑胜 loss=23.5829 temp=1.00 total_env_steps=33024 t=0.13s
Ep 1748: len= 31 黑胜 loss=23.6270 temp=1.00 total_env_steps=33055 t=0.17s
Ep 1749: len=  2 黑胜 loss=23.9057 temp=1.00 total_env_steps=33057 t=0.08s
Ep 1750: len= 16 黑胜 loss=23.5419 temp=1.00 total_env_steps=33073 t=0.11s
Ep 1751: len= 17 黑胜 loss=24.0473 temp=1.00 total_env_steps=33090 t=0.13s
Ep 1752: len= 27 黑胜 loss=23.2588 temp=1.00 total_env_steps=33117 t=0.14s
Ep 1753: len= 15 黑胜 loss=23.3672 temp=1.00 total_env_steps=33132 t=0.12s
Ep 1754: len=  6 白胜 loss=24.0238 temp=1.00 total_env_steps=33138 t=0.08s
Ep 1755: len= 23 黑胜 loss=24.1538 temp=1.00 total_env_steps=33161 t=0.14s
Ep 1756: len= 19 黑胜 loss=23.7182 temp=1.00 total_env_steps=33180 t=0.11s
Ep 1757: len= 23 黑胜 loss=24.1455 temp=1.00 total_env_steps=33203 t=0.14s
Ep 1758: len=  2 黑胜 loss=22.9399 temp=1.00 total_env_steps=33205 t=0.08s
Ep 1759: len=  4 白胜 loss=23.2471 temp=1.00 total_env_steps=33209 t=0.09s
Ep 1760: len=  2 黑胜 loss=23.4697 temp=1.00 total_env_steps=33211 t=0.08s
Ep 1761: len=  8 白胜 loss=24.1660 temp=1.00 total_env_steps=33219 t=0.09s
Ep 1762: len= 18 黑胜 loss=23.5782 temp=1.00 total_env_steps=33237 t=0.12s
Ep 1763: len=  4 白胜 loss=23.8750 temp=1.00 total_env_steps=33241 t=0.10s
Ep 1764: len= 22 白胜 loss=23.5998 temp=1.00 total_env_steps=33263 t=0.12s
Ep 1765: len= 12 白胜 loss=24.2293 temp=1.00 total_env_steps=33275 t=0.12s
Ep 1766: len= 13 黑胜 loss=23.6545 temp=1.00 total_env_steps=33288 t=0.10s
Ep 1767: len=  2 白胜 loss=24.4974 temp=1.00 total_env_steps=33290 t=0.08s
Ep 1768: len= 23 黑胜 loss=25.1548 temp=1.00 total_env_steps=33313 t=0.16s
Ep 1769: len= 23 白胜 loss=24.5362 temp=1.00 total_env_steps=33336 t=0.14s
Ep 1770: len= 11 黑胜 loss=24.0945 temp=1.00 total_env_steps=33347 t=0.13s
Ep 1771: len=  6 黑胜 loss=24.3757 temp=1.00 total_env_steps=33353 t=0.09s
Ep 1772: len= 19 黑胜 loss=22.7972 temp=1.00 total_env_steps=33372 t=0.14s
Ep 1773: len= 31 黑胜 loss=23.2957 temp=1.00 total_env_steps=33403 t=0.16s
Ep 1774: len= 15 黑胜 loss=23.5445 temp=1.00 total_env_steps=33418 t=0.13s
Ep 1775: len= 17 黑胜 loss=24.0984 temp=1.00 total_env_steps=33435 t=0.11s
Ep 1776: len= 10 黑胜 loss=23.4318 temp=1.00 total_env_steps=33445 t=0.12s
Ep 1777: len= 12 白胜 loss=23.8912 temp=1.00 total_env_steps=33457 t=0.10s
Ep 1778: len= 29 黑胜 loss=23.6105 temp=1.00 total_env_steps=33486 t=0.16s
Ep 1779: len= 15 黑胜 loss=22.6699 temp=1.00 total_env_steps=33501 t=0.12s
Ep 1780: len= 15 黑胜 loss=24.0346 temp=1.00 total_env_steps=33516 t=0.13s
Ep 1781: len= 14 白胜 loss=23.9695 temp=1.00 total_env_steps=33530 t=0.11s
Ep 1782: len= 11 白胜 loss=23.2734 temp=1.00 total_env_steps=33541 t=0.11s
Ep 1783: len= 13 黑胜 loss=23.7120 temp=1.00 total_env_steps=33554 t=0.11s
Ep 1784: len= 20 白胜 loss=24.2955 temp=1.00 total_env_steps=33574 t=0.12s
Ep 1785: len= 33 黑胜 loss=23.8245 temp=1.00 total_env_steps=33607 t=0.17s
Ep 1786: len= 23 黑胜 loss=23.3953 temp=1.00 total_env_steps=33630 t=0.14s
Ep 1787: len= 13 黑胜 loss=23.2630 temp=1.00 total_env_steps=33643 t=0.11s
Ep 1788: len=  8 黑胜 loss=24.2597 temp=1.00 total_env_steps=33651 t=0.09s
Ep 1789: len= 23 白胜 loss=24.4901 temp=1.00 total_env_steps=33674 t=0.15s
Ep 1790: len= 11 黑胜 loss=23.3284 temp=1.00 total_env_steps=33685 t=0.10s
Ep 1791: len=  6 白胜 loss=24.6105 temp=1.00 total_env_steps=33691 t=0.10s
Ep 1792: len= 27 黑胜 loss=23.6598 temp=1.00 total_env_steps=33718 t=0.14s
Ep 1793: len= 29 黑胜 loss=23.9811 temp=1.00 total_env_steps=33747 t=0.16s
Ep 1794: len= 19 黑胜 loss=23.9867 temp=1.00 total_env_steps=33766 t=0.12s
Ep 1795: len= 11 黑胜 loss=24.1704 temp=1.00 total_env_steps=33777 t=0.12s
Ep 1796: len= 15 黑胜 loss=23.9375 temp=1.00 total_env_steps=33792 t=0.12s
Ep 1797: len= 27 黑胜 loss=23.2219 temp=1.00 total_env_steps=33819 t=0.15s
Ep 1798: len= 19 黑胜 loss=23.2203 temp=1.00 total_env_steps=33838 t=0.13s
Ep 1799: len= 25 黑胜 loss=24.4551 temp=1.00 total_env_steps=33863 t=0.15s
Ep 1800: len= 15 黑胜 loss=22.9123 temp=1.00 total_env_steps=33878 t=0.11s
  eval vs Gomoku-random-v0: win_rate=1.00 mean_return=1.00（20 局，total_env_steps=33878）
Ep 1801: len= 15 黑胜 loss=23.5252 temp=1.00 total_env_steps=33893 t=0.12s
Ep 1802: len= 15 黑胜 loss=24.4580 temp=1.00 total_env_steps=33908 t=0.11s
Ep 1803: len= 13 黑胜 loss=24.1051 temp=1.00 total_env_steps=33921 t=0.12s
Ep 1804: len= 18 白胜 loss=23.5074 temp=1.00 total_env_steps=33939 t=0.11s
Ep 1805: len= 13 黑胜 loss=23.1621 temp=1.00 total_env_steps=33952 t=0.12s
Ep 1806: len= 28 黑胜 loss=23.5094 temp=1.00 total_env_steps=33980 t=0.15s
Ep 1807: len= 19 黑胜 loss=23.1553 temp=1.00 total_env_steps=33999 t=0.13s
Ep 1808: len=  4 白胜 loss=24.2674 temp=1.00 total_env_steps=34003 t=0.09s
Ep 1809: len= 21 黑胜 loss=24.6685 temp=1.00 total_env_steps=34024 t=0.13s
Ep 1810: len= 11 黑胜 loss=24.7808 temp=1.00 total_env_steps=34035 t=0.11s
Ep 1811: len= 18 黑胜 loss=23.9933 temp=1.00 total_env_steps=34053 t=0.12s
Ep 1812: len=  2 黑胜 loss=24.4400 temp=1.00 total_env_steps=34055 t=0.10s
Ep 1813: len= 15 黑胜 loss=23.9288 temp=1.00 total_env_steps=34070 t=0.13s
Ep 1814: len= 15 黑胜 loss=23.7013 temp=1.00 total_env_steps=34085 t=0.13s
Ep 1815: len= 13 黑胜 loss=23.7906 temp=1.00 total_env_steps=34098 t=0.11s
Ep 1816: len= 27 黑胜 loss=24.0166 temp=1.00 total_env_steps=34125 t=0.16s
Ep 1817: len= 30 黑胜 loss=24.2863 temp=1.00 total_env_steps=34155 t=0.15s
Ep 1818: len= 22 白胜 loss=24.1252 temp=1.00 total_env_steps=34177 t=0.14s
Ep 1819: len= 13 黑胜 loss=23.4280 temp=1.00 total_env_steps=34190 t=0.10s
Ep 1820: len= 43 黑胜 loss=23.2188 temp=1.00 total_env_steps=34233 t=0.20s
Ep 1821: len= 27 黑胜 loss=23.7274 temp=1.00 total_env_steps=34260 t=0.14s
Ep 1822: len= 23 黑胜 loss=22.6393 temp=1.00 total_env_steps=34283 t=0.15s
Ep 1823: len= 13 黑胜 loss=23.3094 temp=1.00 total_env_steps=34296 t=0.11s
Ep 1824: len= 11 黑胜 loss=23.5983 temp=1.00 total_env_steps=34307 t=0.11s
Ep 1825: len= 11 黑胜 loss=23.2258 temp=1.00 total_env_steps=34318 t=0.10s
Ep 1826: len= 19 黑胜 loss=23.1783 temp=1.00 total_env_steps=34337 t=0.13s
Ep 1827: len=  4 白胜 loss=24.1471 temp=1.00 total_env_steps=34341 t=0.09s
Ep 1828: len= 13 黑胜 loss=23.7550 temp=1.00 total_env_steps=34354 t=0.11s
Ep 1829: len= 27 黑胜 loss=23.3977 temp=1.00 total_env_steps=34381 t=0.17s
Ep 1830: len= 11 黑胜 loss=24.0629 temp=1.00 total_env_steps=34392 t=0.10s
Ep 1831: len=  4 黑胜 loss=23.3811 temp=1.00 total_env_steps=34396 t=0.09s
Ep 1832: len= 11 黑胜 loss=24.0410 temp=1.00 total_env_steps=34407 t=0.11s
Ep 1833: len=  2 黑胜 loss=23.5851 temp=1.00 total_env_steps=34409 t=0.09s
Ep 1834: len= 15 黑胜 loss=23.0103 temp=1.00 total_env_steps=34424 t=0.14s
Ep 1835: len= 12 黑胜 loss=23.3721 temp=1.00 total_env_steps=34436 t=0.10s
Ep 1836: len= 20 黑胜 loss=23.4095 temp=1.00 total_env_steps=34456 t=0.14s
Ep 1837: len=  4 白胜 loss=23.8440 temp=1.00 total_env_steps=34460 t=0.08s
Ep 1838: len= 13 黑胜 loss=23.3432 temp=1.00 total_env_steps=34473 t=0.11s
Ep 1839: len= 30 白胜 loss=23.1735 temp=1.00 total_env_steps=34503 t=0.15s
Ep 1840: len= 11 黑胜 loss=23.5210 temp=1.00 total_env_steps=34514 t=0.11s
Ep 1841: len= 12 黑胜 loss=23.8681 temp=1.00 total_env_steps=34526 t=0.11s
Ep 1842: len= 21 黑胜 loss=24.0810 temp=1.00 total_env_steps=34547 t=0.13s
Ep 1843: len= 11 黑胜 loss=23.7472 temp=1.00 total_env_steps=34558 t=0.12s
Ep 1844: len= 15 黑胜 loss=23.6176 temp=1.00 total_env_steps=34573 t=0.11s
Ep 1845: len= 19 黑胜 loss=23.7150 temp=1.00 total_env_steps=34592 t=0.14s
Ep 1846: len= 11 黑胜 loss=23.7818 temp=1.00 total_env_steps=34603 t=0.10s
Ep 1847: len= 27 白胜 loss=23.5202 temp=1.00 total_env_steps=34630 t=0.16s
Ep 1848: len= 25 黑胜 loss=23.6504 temp=1.00 total_env_steps=34655 t=0.14s
Ep 1849: len= 13 黑胜 loss=23.3634 temp=1.00 total_env_steps=34668 t=0.14s
Ep 1850: len= 15 黑胜 loss=23.8999 temp=1.00 total_env_steps=34683 t=0.11s
Ep 1851: len= 15 黑胜 loss=23.2775 temp=1.00 total_env_steps=34698 t=0.12s
Ep 1852: len= 15 黑胜 loss=23.8904 temp=1.00 total_env_steps=34713 t=0.11s
Ep 1853: len= 12 黑胜 loss=23.8609 temp=1.00 total_env_steps=34725 t=0.10s
Ep 1854: len= 23 黑胜 loss=22.9038 temp=1.00 total_env_steps=34748 t=0.14s
Ep 1855: len= 13 黑胜 loss=23.6599 temp=1.00 total_env_steps=34761 t=0.11s
Ep 1856: len= 29 黑胜 loss=23.2883 temp=1.00 total_env_steps=34790 t=0.17s
Ep 1857: len= 12 白胜 loss=23.2325 temp=1.00 total_env_steps=34802 t=0.13s
Ep 1858: len= 16 白胜 loss=23.7116 temp=1.00 total_env_steps=34818 t=0.12s
Ep 1859: len= 11 黑胜 loss=23.9754 temp=1.00 total_env_steps=34829 t=0.10s
Ep 1860: len= 25 黑胜 loss=23.3333 temp=1.00 total_env_steps=34854 t=0.14s
Ep 1861: len=  4 黑胜 loss=23.9087 temp=1.00 total_env_steps=34858 t=0.08s
Ep 1862: len= 25 黑胜 loss=23.7865 temp=1.00 total_env_steps=34883 t=0.15s
Ep 1863: len= 10 黑胜 loss=23.9730 temp=1.00 total_env_steps=34893 t=0.10s
Ep 1864: len= 29 黑胜 loss=23.3765 temp=1.00 total_env_steps=34922 t=0.16s
Ep 1865: len= 11 白胜 loss=23.6222 temp=1.00 total_env_steps=34933 t=0.10s
Ep 1866: len= 27 黑胜 loss=23.7209 temp=1.00 total_env_steps=34960 t=0.15s
Ep 1867: len= 19 黑胜 loss=24.2782 temp=1.00 total_env_steps=34979 t=0.13s
Ep 1868: len= 13 黑胜 loss=23.4322 temp=1.00 total_env_steps=34992 t=0.12s
Ep 1869: len= 15 黑胜 loss=23.5090 temp=1.00 total_env_steps=35007 t=0.12s
Ep 1870: len= 21 黑胜 loss=23.1675 temp=1.00 total_env_steps=35028 t=0.14s
Ep 1871: len= 12 白胜 loss=23.1946 temp=1.00 total_env_steps=35040 t=0.12s
Ep 1872: len=  8 白胜 loss=24.0660 temp=1.00 total_env_steps=35048 t=0.11s
Ep 1873: len= 27 黑胜 loss=23.8546 temp=1.00 total_env_steps=35075 t=0.19s
Ep 1874: len= 15 黑胜 loss=24.4311 temp=1.00 total_env_steps=35090 t=0.13s
Ep 1875: len= 27 黑胜 loss=23.2761 temp=1.00 total_env_steps=35117 t=0.15s
Ep 1876: len= 22 白胜 loss=24.4028 temp=1.00 total_env_steps=35139 t=0.15s
Ep 1877: len=  2 白胜 loss=23.7547 temp=1.00 total_env_steps=35141 t=0.08s
Ep 1878: len=  2 白胜 loss=23.4061 temp=1.00 total_env_steps=35143 t=0.08s
Ep 1879: len= 22 白胜 loss=23.4263 temp=1.00 total_env_steps=35165 t=0.15s
Ep 1880: len= 11 黑胜 loss=23.4606 temp=1.00 total_env_steps=35176 t=0.11s
Ep 1881: len= 23 黑胜 loss=23.4127 temp=1.00 total_env_steps=35199 t=0.15s
Ep 1882: len= 13 黑胜 loss=23.8652 temp=1.00 total_env_steps=35212 t=0.10s
Ep 1883: len= 21 黑胜 loss=23.4719 temp=1.00 total_env_steps=35233 t=0.15s
Ep 1884: len= 19 黑胜 loss=24.2047 temp=1.00 total_env_steps=35252 t=0.12s
Ep 1885: len=  6 白胜 loss=23.2905 temp=1.00 total_env_steps=35258 t=0.10s
Ep 1886: len= 25 黑胜 loss=23.4967 temp=1.00 total_env_steps=35283 t=0.15s
Ep 1887: len= 11 黑胜 loss=23.5256 temp=1.00 total_env_steps=35294 t=0.13s
Ep 1888: len= 11 黑胜 loss=23.8327 temp=1.00 total_env_steps=35305 t=0.10s
Ep 1889: len= 21 白胜 loss=23.4558 temp=1.00 total_env_steps=35326 t=0.14s
Ep 1890: len= 10 白胜 loss=23.3425 temp=1.00 total_env_steps=35336 t=0.11s
Ep 1891: len= 15 黑胜 loss=24.0138 temp=1.00 total_env_steps=35351 t=0.11s
Ep 1892: len=  2 黑胜 loss=23.1401 temp=1.00 total_env_steps=35353 t=0.10s
Ep 1893: len= 13 黑胜 loss=23.0730 temp=1.00 total_env_steps=35366 t=0.10s
Ep 1894: len= 31 黑胜 loss=23.0196 temp=1.00 total_env_steps=35397 t=0.18s
Ep 1895: len= 21 黑胜 loss=23.6162 temp=1.00 total_env_steps=35418 t=0.14s
Ep 1896: len=  9 黑胜 loss=23.6940 temp=1.00 total_env_steps=35427 t=0.13s
Ep 1897: len= 13 黑胜 loss=23.0466 temp=1.00 total_env_steps=35440 t=0.10s
Ep 1898: len= 11 黑胜 loss=24.2138 temp=1.00 total_env_steps=35451 t=0.13s
Ep 1899: len= 22 白胜 loss=23.8158 temp=1.00 total_env_steps=35473 t=0.13s
Ep 1900: len= 21 黑胜 loss=23.6818 temp=1.00 total_env_steps=35494 t=0.14s
Ep 1901: len= 15 黑胜 loss=24.3009 temp=1.00 total_env_steps=35509 t=0.11s
Ep 1902: len= 11 黑胜 loss=23.7352 temp=1.00 total_env_steps=35520 t=0.11s
Ep 1903: len= 11 黑胜 loss=24.3051 temp=1.00 total_env_steps=35531 t=0.12s
Ep 1904: len= 10 白胜 loss=23.5551 temp=1.00 total_env_steps=35541 t=0.09s
Ep 1905: len= 21 黑胜 loss=23.5295 temp=1.00 total_env_steps=35562 t=0.14s
Ep 1906: len= 13 黑胜 loss=23.2469 temp=1.00 total_env_steps=35575 t=0.10s
Ep 1907: len= 11 黑胜 loss=23.7654 temp=1.00 total_env_steps=35586 t=0.12s
Ep 1908: len= 19 黑胜 loss=23.0753 temp=1.00 total_env_steps=35605 t=0.12s
Ep 1909: len=  2 白胜 loss=22.9859 temp=1.00 total_env_steps=35607 t=0.08s
Ep 1910: len=  2 白胜 loss=23.9694 temp=1.00 total_env_steps=35609 t=0.09s
Ep 1911: len= 13 黑胜 loss=23.7366 temp=1.00 total_env_steps=35622 t=0.10s
Ep 1912: len= 27 黑胜 loss=24.0391 temp=1.00 total_env_steps=35649 t=0.16s
Ep 1913: len= 10 黑胜 loss=23.6591 temp=1.00 total_env_steps=35659 t=0.10s
Ep 1914: len=  2 黑胜 loss=23.1693 temp=1.00 total_env_steps=35661 t=0.08s
Ep 1915: len= 23 黑胜 loss=23.3242 temp=1.00 total_env_steps=35684 t=0.14s
Ep 1916: len= 11 黑胜 loss=24.4523 temp=1.00 total_env_steps=35695 t=0.10s
Ep 1917: len= 21 黑胜 loss=23.3831 temp=1.00 total_env_steps=35716 t=0.14s
Ep 1918: len=  2 黑胜 loss=24.3612 temp=1.00 total_env_steps=35718 t=0.07s
Ep 1919: len=  2 白胜 loss=24.0087 temp=1.00 total_env_steps=35720 t=0.08s
Ep 1920: len= 14 白胜 loss=23.3486 temp=1.00 total_env_steps=35734 t=0.11s
Ep 1921: len= 25 黑胜 loss=24.1119 temp=1.00 total_env_steps=35759 t=0.15s
Ep 1922: len= 15 黑胜 loss=23.5009 temp=1.00 total_env_steps=35774 t=0.13s
Ep 1923: len=  2 黑胜 loss=23.4627 temp=1.00 total_env_steps=35776 t=0.08s
Ep 1924: len= 19 黑胜 loss=23.7109 temp=1.00 total_env_steps=35795 t=0.15s
Ep 1925: len= 37 黑胜 loss=23.6117 temp=1.00 total_env_steps=35832 t=0.16s
Ep 1926: len= 13 黑胜 loss=23.2559 temp=1.00 total_env_steps=35845 t=0.12s
Ep 1927: len= 12 黑胜 loss=23.1637 temp=1.00 total_env_steps=35857 t=0.10s
Ep 1928: len= 20 白胜 loss=24.0894 temp=1.00 total_env_steps=35877 t=0.14s
Ep 1929: len= 35 黑胜 loss=23.7387 temp=1.00 total_env_steps=35912 t=0.16s
Ep 1930: len= 15 黑胜 loss=24.1187 temp=1.00 total_env_steps=35927 t=0.12s
Ep 1931: len=  2 白胜 loss=23.1373 temp=1.00 total_env_steps=35929 t=0.08s
Ep 1932: len= 11 黑胜 loss=23.1532 temp=1.00 total_env_steps=35940 t=0.11s
Ep 1933: len= 13 黑胜 loss=23.3096 temp=1.00 total_env_steps=35953 t=0.12s
Ep 1934: len= 25 黑胜 loss=24.4983 temp=1.00 total_env_steps=35978 t=0.14s
Ep 1935: len= 25 黑胜 loss=23.8768 temp=1.00 total_env_steps=36003 t=0.16s
Ep 1936: len=  8 白胜 loss=24.1434 temp=1.00 total_env_steps=36011 t=0.10s
Ep 1937: len= 34 白胜 loss=24.7274 temp=1.00 total_env_steps=36045 t=0.17s
Ep 1938: len= 26 白胜 loss=23.6775 temp=1.00 total_env_steps=36071 t=0.16s
Ep 1939: len= 13 黑胜 loss=24.3462 temp=1.00 total_env_steps=36084 t=0.12s
Ep 1940: len= 11 黑胜 loss=23.9232 temp=1.00 total_env_steps=36095 t=0.11s
Ep 1941: len= 24 白胜 loss=23.2368 temp=1.00 total_env_steps=36119 t=0.14s
Ep 1942: len=  2 白胜 loss=23.8561 temp=1.00 total_env_steps=36121 t=0.07s
Ep 1943: len= 19 黑胜 loss=23.5079 temp=1.00 total_env_steps=36140 t=0.14s
Ep 1944: len= 15 黑胜 loss=23.5114 temp=1.00 total_env_steps=36155 t=0.11s
Ep 1945: len= 20 白胜 loss=23.5654 temp=1.00 total_env_steps=36175 t=0.14s
Ep 1946: len=  2 白胜 loss=24.3159 temp=1.00 total_env_steps=36177 t=0.08s
Ep 1947: len= 25 黑胜 loss=23.3876 temp=1.00 total_env_steps=36202 t=0.16s
Ep 1948: len= 12 黑胜 loss=23.0084 temp=1.00 total_env_steps=36214 t=0.11s
Ep 1949: len=  2 白胜 loss=24.0049 temp=1.00 total_env_steps=36216 t=0.07s
Ep 1950: len= 13 黑胜 loss=24.3058 temp=1.00 total_env_steps=36229 t=0.12s
Ep 1951: len= 14 黑胜 loss=23.0466 temp=1.00 total_env_steps=36243 t=0.11s
Ep 1952: len= 12 黑胜 loss=23.1756 temp=1.00 total_env_steps=36255 t=0.12s
Ep 1953: len=  2 黑胜 loss=23.0589 temp=1.00 total_env_steps=36257 t=0.08s
Ep 1954: len= 10 白胜 loss=24.0360 temp=1.00 total_env_steps=36267 t=0.10s
Ep 1955: len= 25 黑胜 loss=23.7312 temp=1.00 total_env_steps=36292 t=0.16s
Ep 1956: len= 21 黑胜 loss=23.7259 temp=1.00 total_env_steps=36313 t=0.14s
Ep 1957: len= 11 黑胜 loss=23.1264 temp=1.00 total_env_steps=36324 t=0.11s
Ep 1958: len= 31 黑胜 loss=24.1835 temp=1.00 total_env_steps=36355 t=0.16s
Ep 1959: len= 17 黑胜 loss=24.0736 temp=1.00 total_env_steps=36372 t=0.12s
Ep 1960: len= 11 黑胜 loss=23.0917 temp=1.00 total_env_steps=36383 t=0.11s
Ep 1961: len= 11 黑胜 loss=23.2603 temp=1.00 total_env_steps=36394 t=0.12s
Ep 1962: len= 13 黑胜 loss=24.2439 temp=1.00 total_env_steps=36407 t=0.11s
Ep 1963: len= 22 白胜 loss=23.2122 temp=1.00 total_env_steps=36429 t=0.15s
Ep 1964: len=  8 黑胜 loss=23.9544 temp=1.00 total_env_steps=36437 t=0.09s
Ep 1965: len=  2 黑胜 loss=23.5598 temp=1.00 total_env_steps=36439 t=0.08s
Ep 1966: len= 15 黑胜 loss=24.2697 temp=1.00 total_env_steps=36454 t=0.13s
Ep 1967: len= 19 黑胜 loss=23.7596 temp=1.00 total_env_steps=36473 t=0.12s
Ep 1968: len=  8 白胜 loss=23.8035 temp=1.00 total_env_steps=36481 t=0.11s
Ep 1969: len= 30 白胜 loss=23.4371 temp=1.00 total_env_steps=36511 t=0.16s
Ep 1970: len= 16 白胜 loss=23.3408 temp=1.00 total_env_steps=36527 t=0.13s
Ep 1971: len=  9 黑胜 loss=23.1941 temp=1.00 total_env_steps=36536 t=0.10s
Ep 1972: len= 11 黑胜 loss=23.8071 temp=1.00 total_env_steps=36547 t=0.13s
Ep 1973: len= 11 黑胜 loss=23.4876 temp=1.00 total_env_steps=36558 t=0.10s
Ep 1974: len= 19 黑胜 loss=23.5755 temp=1.00 total_env_steps=36577 t=0.13s
Ep 1975: len=  2 白胜 loss=23.1167 temp=1.00 total_env_steps=36579 t=0.08s
Ep 1976: len= 17 黑胜 loss=24.4912 temp=1.00 total_env_steps=36596 t=0.12s
Ep 1977: len=  2 白胜 loss=23.5823 temp=1.00 total_env_steps=36598 t=0.10s
Ep 1978: len= 13 黑胜 loss=24.0539 temp=1.00 total_env_steps=36611 t=0.11s
Ep 1979: len= 10 白胜 loss=23.5677 temp=1.00 total_env_steps=36621 t=0.11s
Ep 1980: len= 13 黑胜 loss=24.1023 temp=1.00 total_env_steps=36634 t=0.12s
Ep 1981: len= 16 白胜 loss=23.2922 temp=1.00 total_env_steps=36650 t=0.11s
Ep 1982: len= 23 黑胜 loss=23.1174 temp=1.00 total_env_steps=36673 t=0.15s
Ep 1983: len= 37 黑胜 loss=23.9626 temp=1.00 total_env_steps=36710 t=0.19s
Ep 1984: len= 29 黑胜 loss=23.7352 temp=1.00 total_env_steps=36739 t=0.15s
Ep 1985: len= 11 黑胜 loss=23.4856 temp=1.00 total_env_steps=36750 t=0.12s
Ep 1986: len= 11 黑胜 loss=24.3093 temp=1.00 total_env_steps=36761 t=0.10s
Ep 1987: len= 19 黑胜 loss=23.7566 temp=1.00 total_env_steps=36780 t=0.13s
Ep 1988: len=  4 白胜 loss=23.9980 temp=1.00 total_env_steps=36784 t=0.09s
Ep 1989: len= 15 黑胜 loss=23.7225 temp=1.00 total_env_steps=36799 t=0.11s
Ep 1990: len= 11 黑胜 loss=23.8983 temp=1.00 total_env_steps=36810 t=0.11s
Ep 1991: len=  4 白胜 loss=23.7435 temp=1.00 total_env_steps=36814 t=0.08s
Ep 1992: len= 18 黑胜 loss=23.2834 temp=1.00 total_env_steps=36832 t=0.13s
Ep 1993: len= 13 黑胜 loss=23.4249 temp=1.00 total_env_steps=36845 t=0.11s
Ep 1994: len=  2 白胜 loss=24.0375 temp=1.00 total_env_steps=36847 t=0.08s
Ep 1995: len= 20 白胜 loss=23.4387 temp=1.00 total_env_steps=36867 t=0.14s
Ep 1996: len= 15 黑胜 loss=23.7335 temp=1.00 total_env_steps=36882 t=0.12s
Ep 1997: len= 17 黑胜 loss=23.5481 temp=1.00 total_env_steps=36899 t=0.13s
Ep 1998: len= 22 黑胜 loss=22.8492 temp=1.00 total_env_steps=36921 t=0.13s
Ep 1999: len= 24 白胜 loss=24.1054 temp=1.00 total_env_steps=36945 t=0.14s
Ep 2000: len= 37 黑胜 loss=24.5730 temp=1.00 total_env_steps=36982 t=0.16s
  eval vs Gomoku-random-v0: win_rate=1.00 mean_return=1.00（20 局，total_env_steps=36982）
[闸门] vs random（40 局）: win_rate=1.000
[闸门] vs 半程快照（40 局，黑白各半）: score=0.600
[梯队] vs naive0（20 局，观察性）: win_rate=0.45
[梯队] vs naive1（20 局，观察性）: win_rate=0.05
[梯队] vs naive2（20 局，观察性）: win_rate=0.00
[梯队] vs naive3（20 局，观察性）: win_rate=0.00
📈 Gomoku-selfplay-v0 win_rate=1.00（best 1.00）| 门槛 0.95 | 192.1s

--- arm=open_three_additive seed=43 sims=100 ---
[MyZero-board Gomoku-selfplay-v0] obs=243(3×9²) |A|=81 sims=100 γ=1.0 negamax
[MyZero-board] 8 重对称增广开启（D4，采样时随机套变换）
[MyZero-board] 树内真规则开启（AlphaZero 式诊断；训练侧不变）
[MyZero-board] 战术开局课程开启（p=0.38，必挡局面前缀；eval 不受影响）
Ep    1: len= 35 黑胜 loss=0.0000 temp=1.00 total_env_steps=35 t=0.10s
Ep    2: len= 39 黑胜 loss=0.0000 temp=1.00 total_env_steps=74 t=0.11s
Ep    3: len= 45 黑胜 loss=0.0000 temp=1.00 total_env_steps=119 t=0.12s
Ep    4: len= 70 白胜 loss=0.0000 temp=1.00 total_env_steps=189 t=0.18s
Ep    5: len= 48 白胜 loss=0.0000 temp=1.00 total_env_steps=237 t=0.13s
Ep    6: len= 34 白胜 loss=0.0000 temp=1.00 total_env_steps=271 t=0.11s
Ep    7: len= 63 黑胜 loss=0.0000 temp=1.00 total_env_steps=334 t=0.16s
Ep    8: len= 31 黑胜 loss=0.0000 temp=1.00 total_env_steps=365 t=0.10s
Ep    9: len= 29 黑胜 loss=0.0000 temp=1.00 total_env_steps=394 t=0.08s
Ep   10: len= 61 黑胜 loss=35.7027 temp=1.00 total_env_steps=455 t=0.19s
Ep   11: len= 34 白胜 loss=28.6561 temp=1.00 total_env_steps=489 t=0.10s
Ep   12: len= 56 白胜 loss=28.8248 temp=1.00 total_env_steps=545 t=0.17s
Ep   13: len= 41 黑胜 loss=28.8728 temp=1.00 total_env_steps=586 t=0.12s
Ep   14: len=  6 黑胜 loss=29.1074 temp=1.00 total_env_steps=592 t=0.03s
Ep   15: len= 25 白胜 loss=28.6583 temp=1.00 total_env_steps=617 t=0.09s
Ep   16: len= 23 黑胜 loss=28.8401 temp=1.00 total_env_steps=640 t=0.08s
Ep   17: len=  2 黑胜 loss=28.9898 temp=1.00 total_env_steps=642 t=0.02s
Ep   18: len=  2 黑胜 loss=29.1405 temp=1.00 total_env_steps=644 t=0.02s
Ep   19: len= 14 白胜 loss=29.0422 temp=1.00 total_env_steps=658 t=0.05s
Ep   20: len= 41 黑胜 loss=29.3393 temp=1.00 total_env_steps=699 t=0.13s
Ep   21: len= 34 白胜 loss=29.3258 temp=1.00 total_env_steps=733 t=0.11s
Ep   22: len= 34 白胜 loss=29.4287 temp=1.00 total_env_steps=767 t=0.12s
Ep   23: len= 38 白胜 loss=29.7220 temp=1.00 total_env_steps=805 t=0.11s
Ep   24: len= 12 黑胜 loss=29.4617 temp=1.00 total_env_steps=817 t=0.05s
Ep   25: len= 37 黑胜 loss=29.3541 temp=1.00 total_env_steps=854 t=0.13s
Ep   26: len= 30 白胜 loss=29.5450 temp=1.00 total_env_steps=884 t=0.09s
Ep   27: len= 40 白胜 loss=29.0166 temp=1.00 total_env_steps=924 t=0.14s
Ep   28: len=  4 白胜 loss=29.6076 temp=1.00 total_env_steps=928 t=0.03s
Ep   29: len= 38 白胜 loss=28.9735 temp=1.00 total_env_steps=966 t=0.12s
Ep   30: len=  8 黑胜 loss=29.0059 temp=1.00 total_env_steps=974 t=0.04s
Ep   31: len= 31 黑胜 loss=29.3319 temp=1.00 total_env_steps=1005 t=0.11s
Ep   32: len= 16 白胜 loss=28.9829 temp=1.00 total_env_steps=1021 t=0.06s
Ep   33: len= 20 白胜 loss=28.9501 temp=1.00 total_env_steps=1041 t=0.07s
Ep   34: len= 34 白胜 loss=29.8770 temp=1.00 total_env_steps=1075 t=0.12s
Ep   35: len= 46 白胜 loss=29.4814 temp=1.00 total_env_steps=1121 t=0.13s
Ep   36: len=  4 白胜 loss=29.1814 temp=1.00 total_env_steps=1125 t=0.03s
Ep   37: len= 18 白胜 loss=29.0983 temp=1.00 total_env_steps=1143 t=0.08s
Ep   38: len=  4 黑胜 loss=29.5209 temp=1.00 total_env_steps=1147 t=0.03s
Ep   39: len= 38 白胜 loss=29.1478 temp=1.00 total_env_steps=1185 t=0.12s
Ep   40: len= 32 白胜 loss=29.3515 temp=1.00 total_env_steps=1217 t=0.12s
Ep   41: len= 30 白胜 loss=29.1387 temp=1.00 total_env_steps=1247 t=0.11s
Ep   42: len= 51 白胜 loss=29.6909 temp=1.00 total_env_steps=1298 t=0.15s
Ep   43: len= 20 白胜 loss=29.0119 temp=1.00 total_env_steps=1318 t=0.07s
Ep   44: len= 43 黑胜 loss=29.1095 temp=1.00 total_env_steps=1361 t=0.12s
Ep   45: len=  4 白胜 loss=29.5533 temp=1.00 total_env_steps=1365 t=0.03s
Ep   46: len= 37 黑胜 loss=29.2746 temp=1.00 total_env_steps=1402 t=0.14s
Ep   47: len= 27 黑胜 loss=28.8927 temp=1.00 total_env_steps=1429 t=0.09s
Ep   48: len= 12 黑胜 loss=28.8643 temp=1.00 total_env_steps=1441 t=0.05s
Ep   49: len= 34 白胜 loss=29.0137 temp=1.00 total_env_steps=1475 t=0.11s
Ep   50: len= 21 黑胜 loss=28.9884 temp=1.00 total_env_steps=1496 t=0.07s
Ep   51: len= 30 白胜 loss=28.8297 temp=1.00 total_env_steps=1526 t=0.11s
Ep   52: len= 48 白胜 loss=29.2841 temp=1.00 total_env_steps=1574 t=0.14s
Ep   53: len= 32 白胜 loss=29.2418 temp=1.00 total_env_steps=1606 t=0.11s
Ep   54: len= 31 黑胜 loss=28.9294 temp=1.00 total_env_steps=1637 t=0.10s
Ep   55: len= 41 黑胜 loss=29.1896 temp=1.00 total_env_steps=1678 t=0.12s
Ep   56: len= 22 白胜 loss=28.8740 temp=1.00 total_env_steps=1700 t=0.08s
Ep   57: len=  4 黑胜 loss=29.2486 temp=1.00 total_env_steps=1704 t=0.03s
Ep   58: len=  2 黑胜 loss=28.9117 temp=1.00 total_env_steps=1706 t=0.02s
Ep   59: len= 29 黑胜 loss=29.1825 temp=1.00 total_env_steps=1735 t=0.09s
Ep   60: len= 36 白胜 loss=29.0001 temp=1.00 total_env_steps=1771 t=0.12s
Ep   61: len=  2 黑胜 loss=29.4171 temp=1.00 total_env_steps=1773 t=0.03s
Ep   62: len= 27 黑胜 loss=29.3758 temp=1.00 total_env_steps=1800 t=0.08s
Ep   63: len= 40 白胜 loss=29.0301 temp=1.00 total_env_steps=1840 t=0.14s
Ep   64: len= 40 白胜 loss=28.9231 temp=1.00 total_env_steps=1880 t=0.13s
Ep   65: len= 22 白胜 loss=28.5924 temp=1.00 total_env_steps=1902 t=0.07s
Ep   66: len= 31 黑胜 loss=28.5987 temp=1.00 total_env_steps=1933 t=0.11s
Ep   67: len= 14 白胜 loss=28.6380 temp=1.00 total_env_steps=1947 t=0.05s
Ep   68: len=  2 黑胜 loss=28.6579 temp=1.00 total_env_steps=1949 t=0.02s
Ep   69: len= 31 黑胜 loss=28.7082 temp=1.00 total_env_steps=1980 t=0.09s
Ep   70: len= 20 白胜 loss=28.4808 temp=1.00 total_env_steps=2000 t=0.09s
Ep   71: len= 30 白胜 loss=28.4688 temp=1.00 total_env_steps=2030 t=0.09s
Ep   72: len= 16 白胜 loss=28.6028 temp=1.00 total_env_steps=2046 t=0.05s
Ep   73: len= 31 白胜 loss=28.7011 temp=1.00 total_env_steps=2077 t=0.11s
Ep   74: len= 21 黑胜 loss=28.6572 temp=1.00 total_env_steps=2098 t=0.07s
Ep   75: len= 25 黑胜 loss=28.4726 temp=1.00 total_env_steps=2123 t=0.08s
Ep   76: len= 17 黑胜 loss=28.4514 temp=1.00 total_env_steps=2140 t=0.07s
Ep   77: len=  2 黑胜 loss=28.3506 temp=1.00 total_env_steps=2142 t=0.03s
Ep   78: len= 39 黑胜 loss=28.7474 temp=1.00 total_env_steps=2181 t=0.14s
Ep   79: len= 39 黑胜 loss=28.6236 temp=1.00 total_env_steps=2220 t=0.13s
Ep   80: len=  2 黑胜 loss=28.3182 temp=1.00 total_env_steps=2222 t=0.03s
Ep   81: len= 31 黑胜 loss=28.5440 temp=1.00 total_env_steps=2253 t=0.10s
Ep   82: len= 14 白胜 loss=28.5384 temp=1.00 total_env_steps=2267 t=0.05s
Ep   83: len= 37 黑胜 loss=28.4460 temp=1.00 total_env_steps=2304 t=0.13s
Ep   84: len=  2 白胜 loss=28.4370 temp=1.00 total_env_steps=2306 t=0.02s
Ep   85: len= 48 白胜 loss=28.5080 temp=1.00 total_env_steps=2354 t=0.15s
Ep   86: len= 47 黑胜 loss=28.5776 temp=1.00 total_env_steps=2401 t=0.15s
Ep   87: len= 26 白胜 loss=28.5348 temp=1.00 total_env_steps=2427 t=0.08s
Ep   88: len= 27 黑胜 loss=28.7152 temp=1.00 total_env_steps=2454 t=0.09s
Ep   89: len=  2 白胜 loss=28.4899 temp=1.00 total_env_steps=2456 t=0.02s
Ep   90: len=  2 白胜 loss=28.4465 temp=1.00 total_env_steps=2458 t=0.02s
Ep   91: len=  2 黑胜 loss=28.6375 temp=1.00 total_env_steps=2460 t=0.02s
Ep   92: len= 21 黑胜 loss=28.6487 temp=1.00 total_env_steps=2481 t=0.08s
Ep   93: len=  2 白胜 loss=28.5305 temp=1.00 total_env_steps=2483 t=0.03s
Ep   94: len= 41 黑胜 loss=28.4509 temp=1.00 total_env_steps=2524 t=0.15s
Ep   95: len= 23 黑胜 loss=28.5998 temp=1.00 total_env_steps=2547 t=0.07s
Ep   96: len=  2 白胜 loss=28.5434 temp=1.00 total_env_steps=2549 t=0.02s
Ep   97: len= 36 白胜 loss=28.5525 temp=1.00 total_env_steps=2585 t=0.13s
Ep   98: len= 29 黑胜 loss=28.6825 temp=1.00 total_env_steps=2614 t=0.10s
Ep   99: len= 37 黑胜 loss=28.6536 temp=1.00 total_env_steps=2651 t=0.11s
Ep  100: len= 46 白胜 loss=28.4950 temp=1.00 total_env_steps=2697 t=0.15s
Ep  101: len= 27 黑胜 loss=28.4467 temp=1.00 total_env_steps=2724 t=0.09s
Ep  102: len= 33 黑胜 loss=28.5000 temp=1.00 total_env_steps=2757 t=0.12s
Ep  103: len= 23 黑胜 loss=28.4094 temp=1.00 total_env_steps=2780 t=0.08s
Ep  104: len=  6 白胜 loss=28.7011 temp=1.00 total_env_steps=2786 t=0.03s
Ep  105: len= 32 白胜 loss=28.6220 temp=1.00 total_env_steps=2818 t=0.10s
Ep  106: len= 38 白胜 loss=28.5398 temp=1.00 total_env_steps=2856 t=0.12s
Ep  107: len=  4 白胜 loss=28.5391 temp=1.00 total_env_steps=2860 t=0.03s
Ep  108: len= 27 黑胜 loss=28.5834 temp=1.00 total_env_steps=2887 t=0.09s
Ep  109: len= 18 白胜 loss=28.4114 temp=1.00 total_env_steps=2905 t=0.07s
Ep  110: len=  2 白胜 loss=28.6698 temp=1.00 total_env_steps=2907 t=0.02s
Ep  111: len= 37 黑胜 loss=28.6817 temp=1.00 total_env_steps=2944 t=0.11s
Ep  112: len= 27 黑胜 loss=28.6052 temp=1.00 total_env_steps=2971 t=0.09s
Ep  113: len= 23 黑胜 loss=28.4416 temp=1.00 total_env_steps=2994 t=0.08s
Ep  114: len= 45 黑胜 loss=28.5223 temp=1.00 total_env_steps=3039 t=0.13s
Ep  115: len=  2 白胜 loss=28.5010 temp=1.00 total_env_steps=3041 t=0.02s
Ep  116: len= 20 白胜 loss=28.5829 temp=1.00 total_env_steps=3061 t=0.08s
Ep  117: len= 17 黑胜 loss=28.4692 temp=1.00 total_env_steps=3078 t=0.06s
Ep  118: len= 56 白胜 loss=28.5891 temp=1.00 total_env_steps=3134 t=0.17s
Ep  119: len= 16 黑胜 loss=28.6094 temp=1.00 total_env_steps=3150 t=0.06s
Ep  120: len= 31 黑胜 loss=28.7427 temp=1.00 total_env_steps=3181 t=0.10s
Ep  121: len= 35 黑胜 loss=28.5835 temp=1.00 total_env_steps=3216 t=0.13s
Ep  122: len= 18 白胜 loss=28.5128 temp=1.00 total_env_steps=3234 t=0.07s
Ep  123: len= 35 黑胜 loss=28.5769 temp=1.00 total_env_steps=3269 t=0.11s
Ep  124: len= 33 黑胜 loss=28.4583 temp=1.00 total_env_steps=3302 t=0.12s
Ep  125: len= 39 黑胜 loss=28.4784 temp=1.00 total_env_steps=3341 t=0.12s
Ep  126: len= 48 白胜 loss=28.5728 temp=1.00 total_env_steps=3389 t=0.17s
Ep  127: len=  2 白胜 loss=28.3945 temp=1.00 total_env_steps=3391 t=0.03s
Ep  128: len=  2 黑胜 loss=28.5679 temp=1.00 total_env_steps=3393 t=0.03s
Ep  129: len= 10 白胜 loss=28.6136 temp=1.00 total_env_steps=3403 t=0.04s
Ep  130: len=  2 白胜 loss=28.6121 temp=1.00 total_env_steps=3405 t=0.02s
Ep  131: len=  2 黑胜 loss=28.4926 temp=1.00 total_env_steps=3407 t=0.03s
Ep  132: len=  6 黑胜 loss=28.6080 temp=1.00 total_env_steps=3413 t=0.04s
Ep  133: len= 16 黑胜 loss=28.5905 temp=1.00 total_env_steps=3429 t=0.06s
Ep  134: len= 43 黑胜 loss=28.4319 temp=1.00 total_env_steps=3472 t=0.13s
Ep  135: len= 31 黑胜 loss=28.5417 temp=1.00 total_env_steps=3503 t=0.11s
Ep  136: len= 49 黑胜 loss=28.6528 temp=1.00 total_env_steps=3552 t=0.14s
Ep  137: len= 34 白胜 loss=28.5489 temp=1.00 total_env_steps=3586 t=0.12s
Ep  138: len=  4 白胜 loss=28.5560 temp=1.00 total_env_steps=3590 t=0.03s
Ep  139: len= 29 黑胜 loss=28.5585 temp=1.00 total_env_steps=3619 t=0.09s
Ep  140: len= 25 黑胜 loss=28.4773 temp=1.00 total_env_steps=3644 t=0.09s
Ep  141: len= 27 黑胜 loss=28.4776 temp=1.00 total_env_steps=3671 t=0.09s
Ep  142: len= 39 黑胜 loss=28.4166 temp=1.00 total_env_steps=3710 t=0.11s
Ep  143: len= 27 黑胜 loss=28.4543 temp=1.00 total_env_steps=3737 t=0.10s
Ep  144: len= 14 白胜 loss=28.5018 temp=1.00 total_env_steps=3751 t=0.05s
Ep  145: len= 22 白胜 loss=28.5574 temp=1.00 total_env_steps=3773 t=0.07s
Ep  146: len= 38 白胜 loss=28.4478 temp=1.00 total_env_steps=3811 t=0.13s
Ep  147: len= 25 黑胜 loss=28.4146 temp=1.00 total_env_steps=3836 t=0.08s
Ep  148: len=  2 黑胜 loss=28.5827 temp=1.00 total_env_steps=3838 t=0.02s
Ep  149: len= 17 黑胜 loss=28.5202 temp=1.00 total_env_steps=3855 t=0.06s
Ep  150: len= 35 黑胜 loss=28.5122 temp=1.00 total_env_steps=3890 t=0.12s
Ep  151: len= 26 黑胜 loss=28.4608 temp=1.00 total_env_steps=3916 t=0.08s
Ep  152: len=  4 黑胜 loss=28.4230 temp=1.00 total_env_steps=3920 t=0.03s
Ep  153: len= 31 黑胜 loss=28.4415 temp=1.00 total_env_steps=3951 t=0.11s
Ep  154: len=  4 黑胜 loss=28.6362 temp=1.00 total_env_steps=3955 t=0.04s
Ep  155: len= 55 黑胜 loss=28.5634 temp=1.00 total_env_steps=4010 t=0.16s
Ep  156: len= 39 黑胜 loss=28.5901 temp=1.00 total_env_steps=4049 t=0.12s
Ep  157: len= 27 黑胜 loss=28.5125 temp=1.00 total_env_steps=4076 t=0.09s
Ep  158: len= 42 白胜 loss=28.5085 temp=1.00 total_env_steps=4118 t=0.13s
Ep  159: len= 37 黑胜 loss=28.2369 temp=1.00 total_env_steps=4155 t=0.12s
Ep  160: len= 28 白胜 loss=28.3426 temp=1.00 total_env_steps=4183 t=0.09s
Ep  161: len= 36 白胜 loss=28.3931 temp=1.00 total_env_steps=4219 t=0.13s
Ep  162: len= 21 黑胜 loss=28.3092 temp=1.00 total_env_steps=4240 t=0.07s
Ep  163: len= 37 黑胜 loss=28.6310 temp=1.00 total_env_steps=4277 t=0.11s
Ep  164: len=  2 白胜 loss=28.4060 temp=1.00 total_env_steps=4279 t=0.03s
Ep  165: len= 29 黑胜 loss=28.5594 temp=1.00 total_env_steps=4308 t=0.09s
Ep  166: len= 20 黑胜 loss=28.4614 temp=1.00 total_env_steps=4328 t=0.07s
Ep  167: len=  8 黑胜 loss=28.5010 temp=1.00 total_env_steps=4336 t=0.05s
Ep  168: len=  2 白胜 loss=28.5240 temp=1.00 total_env_steps=4338 t=0.03s
Ep  169: len= 30 白胜 loss=28.3979 temp=1.00 total_env_steps=4368 t=0.11s
Ep  170: len=  2 白胜 loss=28.5454 temp=1.00 total_env_steps=4370 t=0.02s
Ep  171: len= 20 白胜 loss=28.4331 temp=1.00 total_env_steps=4390 t=0.07s
Ep  172: len= 35 黑胜 loss=28.3458 temp=1.00 total_env_steps=4425 t=0.12s
Ep  173: len= 43 黑胜 loss=28.3706 temp=1.00 total_env_steps=4468 t=0.13s
Ep  174: len=  6 白胜 loss=28.3557 temp=1.00 total_env_steps=4474 t=0.03s
Ep  175: len= 24 白胜 loss=28.3775 temp=1.00 total_env_steps=4498 t=0.09s
Ep  176: len=  4 黑胜 loss=28.4384 temp=1.00 total_env_steps=4502 t=0.03s
Ep  177: len= 31 黑胜 loss=28.5688 temp=1.00 total_env_steps=4533 t=0.10s
Ep  178: len= 38 白胜 loss=28.6155 temp=1.00 total_env_steps=4571 t=0.13s
Ep  179: len=  2 白胜 loss=28.4247 temp=1.00 total_env_steps=4573 t=0.03s
Ep  180: len= 22 白胜 loss=28.5104 temp=1.00 total_env_steps=4595 t=0.08s
Ep  181: len=  4 黑胜 loss=28.5895 temp=1.00 total_env_steps=4599 t=0.03s
Ep  182: len=  4 黑胜 loss=28.3343 temp=1.00 total_env_steps=4603 t=0.03s
Ep  183: len= 17 黑胜 loss=28.5082 temp=1.00 total_env_steps=4620 t=0.07s
Ep  184: len= 35 黑胜 loss=28.5286 temp=1.00 total_env_steps=4655 t=0.13s
Ep  185: len= 28 白胜 loss=28.5339 temp=1.00 total_env_steps=4683 t=0.09s
Ep  186: len= 45 黑胜 loss=28.3948 temp=1.00 total_env_steps=4728 t=0.15s
Ep  187: len=  2 白胜 loss=28.4875 temp=1.00 total_env_steps=4730 t=0.03s
Ep  188: len= 25 黑胜 loss=28.4882 temp=1.00 total_env_steps=4755 t=0.08s
Ep  189: len= 29 黑胜 loss=28.5359 temp=1.00 total_env_steps=4784 t=0.10s
Ep  190: len=  6 白胜 loss=28.4941 temp=1.00 total_env_steps=4790 t=0.04s
Ep  191: len=  2 黑胜 loss=28.3919 temp=1.00 total_env_steps=4792 t=0.03s
Ep  192: len= 30 白胜 loss=28.4697 temp=1.00 total_env_steps=4822 t=0.10s
Ep  193: len= 23 黑胜 loss=28.4046 temp=1.00 total_env_steps=4845 t=0.09s
Ep  194: len= 34 白胜 loss=28.4357 temp=1.00 total_env_steps=4879 t=0.11s
Ep  195: len= 38 白胜 loss=28.5361 temp=1.00 total_env_steps=4917 t=0.13s
Ep  196: len= 34 白胜 loss=28.5013 temp=1.00 total_env_steps=4951 t=0.14s
Ep  197: len= 45 黑胜 loss=28.3491 temp=1.00 total_env_steps=4996 t=0.15s
Ep  198: len= 26 白胜 loss=28.3139 temp=1.00 total_env_steps=5022 t=0.11s
Ep  199: len= 27 黑胜 loss=28.3896 temp=1.00 total_env_steps=5049 t=0.10s
Ep  200: len= 44 白胜 loss=28.5631 temp=1.00 total_env_steps=5093 t=0.15s
  eval vs Gomoku-random-v0: win_rate=0.95 mean_return=0.90（20 局，total_env_steps=5093）
  ✅ 达标 ep=200 total_env_steps=5093
Ep  201: len= 37 白胜 loss=28.6001 temp=1.00 total_env_steps=5130 t=0.14s
Ep  202: len= 35 黑胜 loss=28.4768 temp=1.00 total_env_steps=5165 t=0.15s
Ep  203: len= 35 黑胜 loss=28.5139 temp=1.00 total_env_steps=5200 t=0.15s
Ep  204: len=  2 白胜 loss=28.4969 temp=1.00 total_env_steps=5202 t=0.04s
Ep  205: len=  4 白胜 loss=28.5107 temp=1.00 total_env_steps=5206 t=0.05s
Ep  206: len= 32 白胜 loss=28.5139 temp=1.00 total_env_steps=5238 t=0.14s
Ep  207: len= 38 白胜 loss=28.6112 temp=1.00 total_env_steps=5276 t=0.14s
Ep  208: len= 27 黑胜 loss=28.4689 temp=1.00 total_env_steps=5303 t=0.13s
Ep  209: len=  2 白胜 loss=28.3636 temp=1.00 total_env_steps=5305 t=0.05s
Ep  210: len=  2 黑胜 loss=28.4630 temp=1.00 total_env_steps=5307 t=0.05s
Ep  211: len= 19 黑胜 loss=28.4303 temp=1.00 total_env_steps=5326 t=0.13s
Ep  212: len= 31 黑胜 loss=28.6894 temp=1.00 total_env_steps=5357 t=0.13s
Ep  213: len= 34 白胜 loss=28.4727 temp=1.00 total_env_steps=5391 t=0.15s
Ep  214: len= 30 白胜 loss=28.3987 temp=1.00 total_env_steps=5421 t=0.14s
Ep  215: len= 33 黑胜 loss=28.5110 temp=1.00 total_env_steps=5454 t=0.16s
Ep  216: len= 31 黑胜 loss=28.4807 temp=1.00 total_env_steps=5485 t=0.13s
Ep  217: len= 37 黑胜 loss=28.4597 temp=1.00 total_env_steps=5522 t=0.17s
Ep  218: len= 26 白胜 loss=28.6559 temp=1.00 total_env_steps=5548 t=0.13s
Ep  219: len= 34 白胜 loss=28.6245 temp=1.00 total_env_steps=5582 t=0.16s
Ep  220: len=  8 白胜 loss=28.4306 temp=1.00 total_env_steps=5590 t=0.07s
Ep  221: len=  2 黑胜 loss=28.4835 temp=1.00 total_env_steps=5592 t=0.08s
Ep  222: len= 40 白胜 loss=28.6173 temp=1.00 total_env_steps=5632 t=0.16s
Ep  223: len= 25 黑胜 loss=28.3983 temp=1.00 total_env_steps=5657 t=0.14s
Ep  224: len= 31 黑胜 loss=28.5927 temp=1.00 total_env_steps=5688 t=0.14s
Ep  225: len=  2 黑胜 loss=28.4484 temp=1.00 total_env_steps=5690 t=0.07s
Ep  226: len= 41 黑胜 loss=28.4664 temp=1.00 total_env_steps=5731 t=0.17s
Ep  227: len= 37 黑胜 loss=28.3904 temp=1.00 total_env_steps=5768 t=0.18s
Ep  228: len= 33 黑胜 loss=28.2667 temp=1.00 total_env_steps=5801 t=0.14s
Ep  229: len=  2 黑胜 loss=28.3422 temp=1.00 total_env_steps=5803 t=0.07s
Ep  230: len= 32 白胜 loss=28.4429 temp=1.00 total_env_steps=5835 t=0.14s
Ep  231: len= 37 黑胜 loss=28.5431 temp=1.00 total_env_steps=5872 t=0.17s
Ep  232: len= 12 白胜 loss=28.2994 temp=1.00 total_env_steps=5884 t=0.08s
Ep  233: len=  4 黑胜 loss=28.5012 temp=1.00 total_env_steps=5888 t=0.06s
Ep  234: len=  8 黑胜 loss=28.4565 temp=1.00 total_env_steps=5896 t=0.09s
Ep  235: len= 31 黑胜 loss=28.4069 temp=1.00 total_env_steps=5927 t=0.14s
Ep  236: len= 29 黑胜 loss=28.4703 temp=1.00 total_env_steps=5956 t=0.14s
Ep  237: len= 39 黑胜 loss=28.4973 temp=1.00 total_env_steps=5995 t=0.17s
Ep  238: len= 42 白胜 loss=28.4460 temp=1.00 total_env_steps=6037 t=0.17s
Ep  239: len= 35 黑胜 loss=28.1933 temp=1.00 total_env_steps=6072 t=0.16s
Ep  240: len= 59 黑胜 loss=28.4313 temp=1.00 total_env_steps=6131 t=0.21s
Ep  241: len=  4 黑胜 loss=28.4812 temp=1.00 total_env_steps=6135 t=0.08s
Ep  242: len= 28 白胜 loss=28.3553 temp=1.00 total_env_steps=6163 t=0.13s
Ep  243: len= 17 白胜 loss=28.4328 temp=1.00 total_env_steps=6180 t=0.12s
Ep  244: len=  2 黑胜 loss=28.5922 temp=1.00 total_env_steps=6182 t=0.06s
Ep  245: len= 34 白胜 loss=28.4627 temp=1.00 total_env_steps=6216 t=0.15s
Ep  246: len= 43 黑胜 loss=28.4507 temp=1.00 total_env_steps=6259 t=0.19s
Ep  247: len=  4 黑胜 loss=28.4659 temp=1.00 total_env_steps=6263 t=0.09s
Ep  248: len= 49 黑胜 loss=28.2175 temp=1.00 total_env_steps=6312 t=0.20s
Ep  249: len= 12 黑胜 loss=28.3535 temp=1.00 total_env_steps=6324 t=0.10s
Ep  250: len=  4 白胜 loss=28.4996 temp=1.00 total_env_steps=6328 t=0.06s
Ep  251: len= 26 白胜 loss=28.4135 temp=1.00 total_env_steps=6354 t=0.12s
Ep  252: len= 10 白胜 loss=28.5396 temp=1.00 total_env_steps=6364 t=0.10s
Ep  253: len= 12 黑胜 loss=28.5581 temp=1.00 total_env_steps=6376 t=0.08s
Ep  254: len= 51 黑胜 loss=28.7456 temp=1.00 total_env_steps=6427 t=0.22s
Ep  255: len= 31 黑胜 loss=28.3946 temp=1.00 total_env_steps=6458 t=0.14s
Ep  256: len= 40 白胜 loss=28.4327 temp=1.00 total_env_steps=6498 t=0.18s
Ep  257: len= 20 白胜 loss=28.4792 temp=1.00 total_env_steps=6518 t=0.11s
Ep  258: len= 29 黑胜 loss=28.4749 temp=1.00 total_env_steps=6547 t=0.15s
Ep  259: len= 34 白胜 loss=28.6380 temp=1.00 total_env_steps=6581 t=0.16s
Ep  260: len= 40 白胜 loss=28.5052 temp=1.00 total_env_steps=6621 t=0.17s
Ep  261: len= 17 黑胜 loss=28.3151 temp=1.00 total_env_steps=6638 t=0.11s
Ep  262: len= 16 黑胜 loss=28.5022 temp=1.00 total_env_steps=6654 t=0.10s
Ep  263: len=  2 黑胜 loss=28.4564 temp=1.00 total_env_steps=6656 t=0.06s
Ep  264: len= 33 黑胜 loss=28.5844 temp=1.00 total_env_steps=6689 t=0.17s
Ep  265: len= 32 白胜 loss=28.5969 temp=1.00 total_env_steps=6721 t=0.14s
Ep  266: len=  2 白胜 loss=28.4838 temp=1.00 total_env_steps=6723 t=0.07s
Ep  267: len= 30 白胜 loss=28.4716 temp=1.00 total_env_steps=6753 t=0.14s
Ep  268: len= 28 白胜 loss=28.2874 temp=1.00 total_env_steps=6781 t=0.15s
Ep  269: len= 28 白胜 loss=28.2650 temp=1.00 total_env_steps=6809 t=0.13s
Ep  270: len= 29 黑胜 loss=28.3930 temp=1.00 total_env_steps=6838 t=0.16s
Ep  271: len= 33 黑胜 loss=28.5694 temp=1.00 total_env_steps=6871 t=0.15s
Ep  272: len= 25 黑胜 loss=28.4046 temp=1.00 total_env_steps=6896 t=0.14s
Ep  273: len=  4 白胜 loss=28.4419 temp=1.00 total_env_steps=6900 t=0.06s
Ep  274: len= 16 白胜 loss=28.4646 temp=1.00 total_env_steps=6916 t=0.11s
Ep  275: len=  6 黑胜 loss=28.3792 temp=1.00 total_env_steps=6922 t=0.09s
Ep  276: len=  2 白胜 loss=28.4149 temp=1.00 total_env_steps=6924 t=0.06s
Ep  277: len= 25 白胜 loss=28.4754 temp=1.00 total_env_steps=6949 t=0.14s
Ep  278: len= 38 白胜 loss=28.3858 temp=1.00 total_env_steps=6987 t=0.16s
Ep  279: len= 19 黑胜 loss=28.5837 temp=1.00 total_env_steps=7006 t=0.13s
Ep  280: len= 16 白胜 loss=28.4515 temp=1.00 total_env_steps=7022 t=0.09s
Ep  281: len=  2 白胜 loss=28.4893 temp=1.00 total_env_steps=7024 t=0.06s
Ep  282: len= 27 黑胜 loss=28.6142 temp=1.00 total_env_steps=7051 t=0.14s
Ep  283: len= 32 白胜 loss=28.5534 temp=1.00 total_env_steps=7083 t=0.14s
Ep  284: len= 43 黑胜 loss=28.4334 temp=1.00 total_env_steps=7126 t=0.18s
Ep  285: len= 35 黑胜 loss=28.3710 temp=1.00 total_env_steps=7161 t=0.17s
Ep  286: len= 10 白胜 loss=28.3570 temp=1.00 total_env_steps=7171 t=0.08s
Ep  287: len= 43 黑胜 loss=28.4625 temp=1.00 total_env_steps=7214 t=0.18s
Ep  288: len=  2 白胜 loss=28.7954 temp=1.00 total_env_steps=7216 t=0.06s
Ep  289: len= 22 黑胜 loss=28.5219 temp=1.00 total_env_steps=7238 t=0.11s
Ep  290: len= 28 白胜 loss=28.4663 temp=1.00 total_env_steps=7266 t=0.16s
Ep  291: len=  2 黑胜 loss=28.5781 temp=1.00 total_env_steps=7268 t=0.08s
Ep  292: len= 35 黑胜 loss=28.5615 temp=1.00 total_env_steps=7303 t=0.17s
Ep  293: len= 34 白胜 loss=28.4964 temp=1.00 total_env_steps=7337 t=0.15s
Ep  294: len=  8 黑胜 loss=28.3989 temp=1.00 total_env_steps=7345 t=0.10s
Ep  295: len= 29 黑胜 loss=28.4497 temp=1.00 total_env_steps=7374 t=0.13s
Ep  296: len= 37 黑胜 loss=28.3919 temp=1.00 total_env_steps=7411 t=0.18s
Ep  297: len= 32 白胜 loss=28.5723 temp=1.00 total_env_steps=7443 t=0.14s
Ep  298: len= 36 白胜 loss=28.3632 temp=1.00 total_env_steps=7479 t=0.17s
Ep  299: len= 28 白胜 loss=28.4944 temp=1.00 total_env_steps=7507 t=0.15s
Ep  300: len= 21 黑胜 loss=28.3973 temp=1.00 total_env_steps=7528 t=0.12s
Ep  301: len= 39 黑胜 loss=28.5264 temp=1.00 total_env_steps=7567 t=0.17s
Ep  302: len= 40 白胜 loss=28.4272 temp=1.00 total_env_steps=7607 t=0.16s
Ep  303: len= 44 白胜 loss=28.4266 temp=1.00 total_env_steps=7651 t=0.18s
Ep  304: len= 16 白胜 loss=28.5613 temp=1.00 total_env_steps=7667 t=0.10s
Ep  305: len= 27 白胜 loss=28.5245 temp=1.00 total_env_steps=7694 t=0.15s
Ep  306: len= 18 白胜 loss=28.5480 temp=1.00 total_env_steps=7712 t=0.10s
Ep  307: len= 24 白胜 loss=28.5356 temp=1.00 total_env_steps=7736 t=0.13s
Ep  308: len= 26 白胜 loss=28.4109 temp=1.00 total_env_steps=7762 t=0.12s
Ep  309: len=  2 黑胜 loss=28.3635 temp=1.00 total_env_steps=7764 t=0.08s
Ep  310: len=  2 黑胜 loss=28.4133 temp=1.00 total_env_steps=7766 t=0.06s
Ep  311: len= 18 白胜 loss=28.5880 temp=1.00 total_env_steps=7784 t=0.10s
Ep  312: len= 33 黑胜 loss=28.4791 temp=1.00 total_env_steps=7817 t=0.18s
Ep  313: len= 31 黑胜 loss=28.6515 temp=1.00 total_env_steps=7848 t=0.14s
Ep  314: len= 31 黑胜 loss=28.4748 temp=1.00 total_env_steps=7879 t=0.16s
Ep  315: len= 38 白胜 loss=28.3487 temp=1.00 total_env_steps=7917 t=0.17s
Ep  316: len=  2 白胜 loss=28.4879 temp=1.00 total_env_steps=7919 t=0.07s
Ep  317: len= 36 白胜 loss=28.5178 temp=1.00 total_env_steps=7955 t=0.17s
Ep  318: len=  2 白胜 loss=28.4011 temp=1.00 total_env_steps=7957 t=0.08s
Ep  319: len= 53 黑胜 loss=28.4493 temp=1.00 total_env_steps=8010 t=0.20s
Ep  320: len= 16 白胜 loss=28.3263 temp=1.00 total_env_steps=8026 t=0.11s
Ep  321: len= 27 黑胜 loss=28.3891 temp=1.00 total_env_steps=8053 t=0.13s
Ep  322: len= 32 白胜 loss=28.6109 temp=1.00 total_env_steps=8085 t=0.17s
Ep  323: len= 28 白胜 loss=28.4915 temp=1.00 total_env_steps=8113 t=0.15s
Ep  324: len= 20 黑胜 loss=28.5456 temp=1.00 total_env_steps=8133 t=0.11s
Ep  325: len= 15 黑胜 loss=28.4851 temp=1.00 total_env_steps=8148 t=0.10s
Ep  326: len=  2 白胜 loss=28.3329 temp=1.00 total_env_steps=8150 t=0.07s
Ep  327: len=  4 白胜 loss=28.4215 temp=1.00 total_env_steps=8154 t=0.06s
Ep  328: len=  2 白胜 loss=28.3258 temp=1.00 total_env_steps=8156 t=0.06s
Ep  329: len= 40 白胜 loss=28.4980 temp=1.00 total_env_steps=8196 t=0.19s
Ep  330: len=  2 白胜 loss=28.3344 temp=1.00 total_env_steps=8198 t=0.06s
Ep  331: len= 25 黑胜 loss=28.4792 temp=1.00 total_env_steps=8223 t=0.14s
Ep  332: len= 16 黑胜 loss=28.6852 temp=1.00 total_env_steps=8239 t=0.10s
Ep  333: len=  2 白胜 loss=28.4408 temp=1.00 total_env_steps=8241 t=0.06s
Ep  334: len= 24 黑胜 loss=28.4147 temp=1.00 total_env_steps=8265 t=0.13s
Ep  335: len= 20 白胜 loss=28.4643 temp=1.00 total_env_steps=8285 t=0.12s
Ep  336: len= 15 黑胜 loss=28.5736 temp=1.00 total_env_steps=8300 t=0.11s
Ep  337: len=  2 白胜 loss=28.4079 temp=1.00 total_env_steps=8302 t=0.06s
Ep  338: len= 17 黑胜 loss=28.5584 temp=1.00 total_env_steps=8319 t=0.11s
Ep  339: len= 29 黑胜 loss=28.4246 temp=1.00 total_env_steps=8348 t=0.15s
Ep  340: len= 11 黑胜 loss=28.5270 temp=1.00 total_env_steps=8359 t=0.08s
Ep  341: len= 20 白胜 loss=28.3964 temp=1.00 total_env_steps=8379 t=0.13s
Ep  342: len=  4 白胜 loss=28.4486 temp=1.00 total_env_steps=8383 t=0.07s
Ep  343: len= 26 白胜 loss=28.5086 temp=1.00 total_env_steps=8409 t=0.14s
Ep  344: len=  2 黑胜 loss=28.4759 temp=1.00 total_env_steps=8411 t=0.08s
Ep  345: len= 17 黑胜 loss=28.5151 temp=1.00 total_env_steps=8428 t=0.10s
Ep  346: len= 30 白胜 loss=28.3604 temp=1.00 total_env_steps=8458 t=0.15s
Ep  347: len= 19 黑胜 loss=28.5323 temp=1.00 total_env_steps=8477 t=0.11s
Ep  348: len= 25 黑胜 loss=28.5572 temp=1.00 total_env_steps=8502 t=0.13s
Ep  349: len= 38 白胜 loss=28.4921 temp=1.00 total_env_steps=8540 t=0.17s
Ep  350: len= 20 白胜 loss=28.3416 temp=1.00 total_env_steps=8560 t=0.13s
Ep  351: len= 34 白胜 loss=28.3468 temp=1.00 total_env_steps=8594 t=0.16s
Ep  352: len= 36 白胜 loss=28.4096 temp=1.00 total_env_steps=8630 t=0.17s
Ep  353: len= 43 黑胜 loss=28.4252 temp=1.00 total_env_steps=8673 t=0.18s
Ep  354: len= 35 黑胜 loss=28.4163 temp=1.00 total_env_steps=8708 t=0.15s
Ep  355: len= 21 黑胜 loss=28.5253 temp=1.00 total_env_steps=8729 t=0.12s
Ep  356: len= 37 黑胜 loss=28.6032 temp=1.00 total_env_steps=8766 t=0.15s
Ep  357: len= 38 白胜 loss=28.5056 temp=1.00 total_env_steps=8804 t=0.16s
Ep  358: len=  2 白胜 loss=28.5167 temp=1.00 total_env_steps=8806 t=0.06s
Ep  359: len= 29 白胜 loss=28.3105 temp=1.00 total_env_steps=8835 t=0.15s
Ep  360: len= 12 白胜 loss=28.3860 temp=1.00 total_env_steps=8847 t=0.09s
Ep  361: len= 22 白胜 loss=28.3819 temp=1.00 total_env_steps=8869 t=0.11s
Ep  362: len= 21 白胜 loss=28.5091 temp=1.00 total_env_steps=8890 t=0.14s
Ep  363: len= 32 白胜 loss=28.4087 temp=1.00 total_env_steps=8922 t=0.15s
Ep  364: len= 19 白胜 loss=28.4213 temp=1.00 total_env_steps=8941 t=0.12s
Ep  365: len= 16 白胜 loss=28.4026 temp=1.00 total_env_steps=8957 t=0.10s
Ep  366: len= 39 黑胜 loss=28.5414 temp=1.00 total_env_steps=8996 t=0.18s
Ep  367: len=  4 白胜 loss=28.4009 temp=1.00 total_env_steps=9000 t=0.07s
Ep  368: len= 21 黑胜 loss=28.4848 temp=1.00 total_env_steps=9021 t=0.12s
Ep  369: len=  2 黑胜 loss=28.2938 temp=1.00 total_env_steps=9023 t=0.06s
Ep  370: len= 37 黑胜 loss=28.4475 temp=1.00 total_env_steps=9060 t=0.15s
Ep  371: len= 30 白胜 loss=28.3555 temp=1.00 total_env_steps=9090 t=0.15s
Ep  372: len= 26 白胜 loss=28.5130 temp=1.00 total_env_steps=9116 t=0.14s
Ep  373: len= 32 白胜 loss=28.4085 temp=1.00 total_env_steps=9148 t=0.16s
Ep  374: len= 31 黑胜 loss=28.5407 temp=1.00 total_env_steps=9179 t=0.15s
Ep  375: len= 28 白胜 loss=28.3869 temp=1.00 total_env_steps=9207 t=0.13s
Ep  376: len=  8 黑胜 loss=28.3829 temp=1.00 total_env_steps=9215 t=0.09s
Ep  377: len= 37 黑胜 loss=28.2957 temp=1.00 total_env_steps=9252 t=0.16s
Ep  378: len= 14 白胜 loss=28.5056 temp=1.00 total_env_steps=9266 t=0.10s
Ep  379: len=  4 黑胜 loss=28.1414 temp=1.00 total_env_steps=9270 t=0.08s
Ep  380: len= 27 黑胜 loss=28.5399 temp=1.00 total_env_steps=9297 t=0.13s
Ep  381: len= 19 黑胜 loss=28.4979 temp=1.00 total_env_steps=9316 t=0.14s
Ep  382: len= 23 黑胜 loss=28.5059 temp=1.00 total_env_steps=9339 t=0.13s
Ep  383: len=  2 白胜 loss=28.3503 temp=1.00 total_env_steps=9341 t=0.08s
Ep  384: len= 29 黑胜 loss=28.4684 temp=1.00 total_env_steps=9370 t=0.16s
Ep  385: len= 48 白胜 loss=28.3635 temp=1.00 total_env_steps=9418 t=0.20s
Ep  386: len= 30 白胜 loss=28.4157 temp=1.00 total_env_steps=9448 t=0.14s
Ep  387: len= 10 黑胜 loss=28.5303 temp=1.00 total_env_steps=9458 t=0.09s
Ep  388: len= 32 白胜 loss=28.2472 temp=1.00 total_env_steps=9490 t=0.15s
Ep  389: len= 30 白胜 loss=28.5263 temp=1.00 total_env_steps=9520 t=0.15s
Ep  390: len=  2 黑胜 loss=28.4787 temp=1.00 total_env_steps=9522 t=0.07s
Ep  391: len= 42 白胜 loss=28.3764 temp=1.00 total_env_steps=9564 t=0.18s
Ep  392: len=  4 黑胜 loss=28.4504 temp=1.00 total_env_steps=9568 t=0.07s
Ep  393: len= 24 白胜 loss=28.3485 temp=1.00 total_env_steps=9592 t=0.17s
Ep  394: len= 22 黑胜 loss=28.5349 temp=1.00 total_env_steps=9614 t=0.12s
Ep  395: len= 29 黑胜 loss=28.4325 temp=1.00 total_env_steps=9643 t=0.15s
Ep  396: len= 22 黑胜 loss=28.4431 temp=1.00 total_env_steps=9665 t=0.12s
Ep  397: len= 38 白胜 loss=28.2819 temp=1.00 total_env_steps=9703 t=0.17s
Ep  398: len= 25 黑胜 loss=28.5100 temp=1.00 total_env_steps=9728 t=0.12s
Ep  399: len= 31 黑胜 loss=28.4665 temp=1.00 total_env_steps=9759 t=0.15s
Ep  400: len=  2 黑胜 loss=28.4959 temp=1.00 total_env_steps=9761 t=0.06s
  eval vs Gomoku-random-v0: win_rate=1.00 mean_return=1.00（20 局，total_env_steps=9761）
Ep  401: len= 29 黑胜 loss=28.3601 temp=1.00 total_env_steps=9790 t=0.14s
Ep  402: len= 33 黑胜 loss=28.4396 temp=1.00 total_env_steps=9823 t=0.18s
Ep  403: len= 14 黑胜 loss=28.2313 temp=1.00 total_env_steps=9837 t=0.10s
Ep  404: len= 27 黑胜 loss=28.2455 temp=1.00 total_env_steps=9864 t=0.15s
Ep  405: len= 17 黑胜 loss=28.3110 temp=1.00 total_env_steps=9881 t=0.10s
Ep  406: len= 27 黑胜 loss=28.6035 temp=1.00 total_env_steps=9908 t=0.14s
Ep  407: len= 40 白胜 loss=28.5033 temp=1.00 total_env_steps=9948 t=0.17s
Ep  408: len= 15 黑胜 loss=28.3904 temp=1.00 total_env_steps=9963 t=0.11s
Ep  409: len= 10 黑胜 loss=28.6430 temp=1.00 total_env_steps=9973 t=0.08s
Ep  410: len= 39 黑胜 loss=28.1940 temp=1.00 total_env_steps=10012 t=0.18s
Ep  411: len= 25 黑胜 loss=28.3509 temp=1.00 total_env_steps=10037 t=0.12s
Ep  412: len= 22 黑胜 loss=28.3928 temp=1.00 total_env_steps=10059 t=0.13s
Ep  413: len= 17 黑胜 loss=28.2496 temp=1.00 total_env_steps=10076 t=0.10s
Ep  414: len= 18 白胜 loss=28.3300 temp=1.00 total_env_steps=10094 t=0.11s
Ep  415: len= 34 白胜 loss=28.3210 temp=1.00 total_env_steps=10128 t=0.15s
Ep  416: len= 23 黑胜 loss=28.4435 temp=1.00 total_env_steps=10151 t=0.13s
Ep  417: len= 24 白胜 loss=28.4035 temp=1.00 total_env_steps=10175 t=0.13s
Ep  418: len= 32 白胜 loss=28.2996 temp=1.00 total_env_steps=10207 t=0.18s
Ep  419: len= 24 黑胜 loss=28.4648 temp=1.00 total_env_steps=10231 t=0.12s
Ep  420: len= 17 黑胜 loss=28.4097 temp=1.00 total_env_steps=10248 t=0.11s
Ep  421: len= 23 黑胜 loss=28.1954 temp=1.00 total_env_steps=10271 t=0.12s
Ep  422: len= 19 黑胜 loss=28.3214 temp=1.00 total_env_steps=10290 t=0.12s
Ep  423: len= 26 白胜 loss=28.4928 temp=1.00 total_env_steps=10316 t=0.14s
Ep  424: len= 24 黑胜 loss=28.4194 temp=1.00 total_env_steps=10340 t=0.12s
Ep  425: len= 41 黑胜 loss=28.2945 temp=1.00 total_env_steps=10381 t=0.20s
Ep  426: len= 25 黑胜 loss=28.4088 temp=1.00 total_env_steps=10406 t=0.15s
Ep  427: len= 16 白胜 loss=28.2262 temp=1.00 total_env_steps=10422 t=0.10s
Ep  428: len= 18 白胜 loss=28.2870 temp=1.00 total_env_steps=10440 t=0.12s
Ep  429: len=  2 白胜 loss=28.3836 temp=1.00 total_env_steps=10442 t=0.07s
Ep  430: len= 24 黑胜 loss=28.2835 temp=1.00 total_env_steps=10466 t=0.12s
Ep  431: len= 15 黑胜 loss=28.3910 temp=1.00 total_env_steps=10481 t=0.12s
Ep  432: len= 46 白胜 loss=28.3353 temp=1.00 total_env_steps=10527 t=0.20s
Ep  433: len= 10 白胜 loss=28.5071 temp=1.00 total_env_steps=10537 t=0.10s
Ep  434: len= 21 黑胜 loss=28.5234 temp=1.00 total_env_steps=10558 t=0.11s
Ep  435: len= 34 白胜 loss=28.3745 temp=1.00 total_env_steps=10592 t=0.17s
Ep  436: len= 24 白胜 loss=28.3110 temp=1.00 total_env_steps=10616 t=0.13s
Ep  437: len= 25 黑胜 loss=28.3381 temp=1.00 total_env_steps=10641 t=0.14s
Ep  438: len= 32 白胜 loss=28.4141 temp=1.00 total_env_steps=10673 t=0.16s
Ep  439: len= 15 黑胜 loss=28.3199 temp=1.00 total_env_steps=10688 t=0.12s
Ep  440: len= 28 黑胜 loss=28.4266 temp=1.00 total_env_steps=10716 t=0.14s
Ep  441: len= 22 白胜 loss=28.2960 temp=1.00 total_env_steps=10738 t=0.12s
Ep  442: len= 16 白胜 loss=28.3905 temp=1.00 total_env_steps=10754 t=0.11s
Ep  443: len= 39 黑胜 loss=28.3246 temp=1.00 total_env_steps=10793 t=0.19s
Ep  444: len= 35 黑胜 loss=28.3581 temp=1.00 total_env_steps=10828 t=0.18s
Ep  445: len= 30 白胜 loss=28.5532 temp=1.00 total_env_steps=10858 t=0.14s
Ep  446: len= 25 黑胜 loss=28.2888 temp=1.00 total_env_steps=10883 t=0.15s
Ep  447: len= 23 黑胜 loss=28.2222 temp=1.00 total_env_steps=10906 t=0.12s
Ep  448: len= 29 黑胜 loss=28.2763 temp=1.00 total_env_steps=10935 t=0.16s
Ep  449: len= 34 白胜 loss=28.3386 temp=1.00 total_env_steps=10969 t=0.16s
Ep  450: len= 25 黑胜 loss=28.4238 temp=1.00 total_env_steps=10994 t=0.15s
Ep  451: len= 36 白胜 loss=28.5278 temp=1.00 total_env_steps=11030 t=0.20s
Ep  452: len= 43 黑胜 loss=28.4299 temp=1.00 total_env_steps=11073 t=0.17s
Ep  453: len=  4 白胜 loss=28.5187 temp=1.00 total_env_steps=11077 t=0.08s
Ep  454: len= 24 白胜 loss=28.4513 temp=1.00 total_env_steps=11101 t=0.12s
Ep  455: len= 33 黑胜 loss=28.4169 temp=1.00 total_env_steps=11134 t=0.15s
Ep  456: len= 10 黑胜 loss=28.4686 temp=1.00 total_env_steps=11144 t=0.09s
Ep  457: len= 28 黑胜 loss=28.2720 temp=1.00 total_env_steps=11172 t=0.15s
Ep  458: len= 27 黑胜 loss=28.2560 temp=1.00 total_env_steps=11199 t=0.13s
Ep  459: len= 21 黑胜 loss=28.4506 temp=1.00 total_env_steps=11220 t=0.15s
Ep  460: len= 28 黑胜 loss=28.2749 temp=1.00 total_env_steps=11248 t=0.14s
Ep  461: len= 30 白胜 loss=28.4661 temp=1.00 total_env_steps=11278 t=0.16s
Ep  462: len=  2 黑胜 loss=28.4190 temp=1.00 total_env_steps=11280 t=0.06s
Ep  463: len= 39 黑胜 loss=28.4889 temp=1.00 total_env_steps=11319 t=0.18s
Ep  464: len= 18 黑胜 loss=28.1609 temp=1.00 total_env_steps=11337 t=0.12s
Ep  465: len= 26 白胜 loss=28.2364 temp=1.00 total_env_steps=11363 t=0.15s
Ep  466: len= 24 白胜 loss=28.4429 temp=1.00 total_env_steps=11387 t=0.13s
Ep  467: len= 32 黑胜 loss=28.4945 temp=1.00 total_env_steps=11419 t=0.16s
Ep  468: len= 36 白胜 loss=28.2974 temp=1.00 total_env_steps=11455 t=0.16s
Ep  469: len= 41 黑胜 loss=28.2950 temp=1.00 total_env_steps=11496 t=0.18s
Ep  470: len= 31 黑胜 loss=28.1726 temp=1.00 total_env_steps=11527 t=0.15s
Ep  471: len=  2 黑胜 loss=28.1973 temp=1.00 total_env_steps=11529 t=0.07s
Ep  472: len= 12 白胜 loss=28.4341 temp=1.00 total_env_steps=11541 t=0.09s
Ep  473: len= 20 白胜 loss=28.5495 temp=1.00 total_env_steps=11561 t=0.13s
Ep  474: len=  2 白胜 loss=28.3454 temp=1.00 total_env_steps=11563 t=0.06s
Ep  475: len= 29 黑胜 loss=28.3028 temp=1.00 total_env_steps=11592 t=0.14s
Ep  476: len= 19 黑胜 loss=28.3488 temp=1.00 total_env_steps=11611 t=0.11s
Ep  477: len= 25 黑胜 loss=28.4223 temp=1.00 total_env_steps=11636 t=0.13s
Ep  478: len= 27 黑胜 loss=28.2961 temp=1.00 total_env_steps=11663 t=0.15s
Ep  479: len= 21 黑胜 loss=28.4078 temp=1.00 total_env_steps=11684 t=0.13s
Ep  480: len= 40 白胜 loss=28.2651 temp=1.00 total_env_steps=11724 t=0.19s
Ep  481: len= 42 白胜 loss=28.4425 temp=1.00 total_env_steps=11766 t=0.18s
Ep  482: len= 33 黑胜 loss=28.4552 temp=1.00 total_env_steps=11799 t=0.15s
Ep  483: len= 23 黑胜 loss=28.3840 temp=1.00 total_env_steps=11822 t=0.14s
Ep  484: len=  2 黑胜 loss=28.2364 temp=1.00 total_env_steps=11824 t=0.07s
Ep  485: len= 32 白胜 loss=28.1309 temp=1.00 total_env_steps=11856 t=0.17s
Ep  486: len= 27 黑胜 loss=28.2733 temp=1.00 total_env_steps=11883 t=0.13s
Ep  487: len=  4 白胜 loss=28.3827 temp=1.00 total_env_steps=11887 t=0.09s
Ep  488: len= 20 白胜 loss=28.3883 temp=1.00 total_env_steps=11907 t=0.11s
Ep  489: len=  4 黑胜 loss=28.4643 temp=1.00 total_env_steps=11911 t=0.07s
Ep  490: len= 46 白胜 loss=28.2618 temp=1.00 total_env_steps=11957 t=0.21s
Ep  491: len= 24 白胜 loss=28.2752 temp=1.00 total_env_steps=11981 t=0.14s
Ep  492: len= 40 白胜 loss=28.3552 temp=1.00 total_env_steps=12021 t=0.17s
Ep  493: len= 28 白胜 loss=28.2246 temp=1.00 total_env_steps=12049 t=0.15s
Ep  494: len= 36 白胜 loss=28.3691 temp=1.00 total_env_steps=12085 t=0.19s
Ep  495: len= 34 白胜 loss=28.2318 temp=1.00 total_env_steps=12119 t=0.15s
Ep  496: len= 35 黑胜 loss=28.4387 temp=1.00 total_env_steps=12154 t=0.17s
Ep  497: len= 34 白胜 loss=28.1498 temp=1.00 total_env_steps=12188 t=0.15s
Ep  498: len= 33 黑胜 loss=28.1652 temp=1.00 total_env_steps=12221 t=0.16s
Ep  499: len= 26 白胜 loss=28.3201 temp=1.00 total_env_steps=12247 t=0.15s
Ep  500: len= 36 白胜 loss=28.2498 temp=1.00 total_env_steps=12283 t=0.16s
Ep  501: len= 25 黑胜 loss=28.3079 temp=1.00 total_env_steps=12308 t=0.15s
Ep  502: len=  2 黑胜 loss=28.3080 temp=1.00 total_env_steps=12310 t=0.06s
Ep  503: len= 19 黑胜 loss=28.3999 temp=1.00 total_env_steps=12329 t=0.13s
Ep  504: len= 19 黑胜 loss=28.4108 temp=1.00 total_env_steps=12348 t=0.12s
Ep  505: len= 26 白胜 loss=28.2598 temp=1.00 total_env_steps=12374 t=0.13s
Ep  506: len= 37 黑胜 loss=28.2166 temp=1.00 total_env_steps=12411 t=0.18s
Ep  507: len= 30 白胜 loss=28.3408 temp=1.00 total_env_steps=12441 t=0.16s
Ep  508: len=  4 白胜 loss=28.1834 temp=1.00 total_env_steps=12445 t=0.08s
Ep  509: len= 25 黑胜 loss=28.0942 temp=1.00 total_env_steps=12470 t=0.13s
Ep  510: len= 10 白胜 loss=28.1509 temp=1.00 total_env_steps=12480 t=0.11s
Ep  511: len= 29 黑胜 loss=28.3467 temp=1.00 total_env_steps=12509 t=0.13s
Ep  512: len=  4 黑胜 loss=28.3061 temp=1.00 total_env_steps=12513 t=0.08s
Ep  513: len=  2 黑胜 loss=28.1059 temp=1.00 total_env_steps=12515 t=0.08s
Ep  514: len= 32 白胜 loss=28.2056 temp=1.00 total_env_steps=12547 t=0.15s
Ep  515: len= 28 白胜 loss=28.0668 temp=1.00 total_env_steps=12575 t=0.15s
Ep  516: len= 36 白胜 loss=28.2475 temp=1.00 total_env_steps=12611 t=0.16s
Ep  517: len=  2 黑胜 loss=28.2640 temp=1.00 total_env_steps=12613 t=0.07s
Ep  518: len=  2 白胜 loss=28.1342 temp=1.00 total_env_steps=12615 t=0.06s
Ep  519: len= 41 黑胜 loss=28.3931 temp=1.00 total_env_steps=12656 t=0.19s
Ep  520: len= 39 黑胜 loss=28.2005 temp=1.00 total_env_steps=12695 t=0.17s
Ep  521: len= 33 黑胜 loss=28.2233 temp=1.00 total_env_steps=12728 t=0.16s
Ep  522: len=  2 黑胜 loss=28.3804 temp=1.00 total_env_steps=12730 t=0.06s
Ep  523: len= 22 白胜 loss=28.1881 temp=1.00 total_env_steps=12752 t=0.14s
Ep  524: len= 33 黑胜 loss=27.9964 temp=1.00 total_env_steps=12785 t=0.14s
Ep  525: len= 37 黑胜 loss=28.4545 temp=1.00 total_env_steps=12822 t=0.18s
Ep  526: len=  6 黑胜 loss=28.2892 temp=1.00 total_env_steps=12828 t=0.07s
Ep  527: len= 31 黑胜 loss=28.0355 temp=1.00 total_env_steps=12859 t=0.16s
Ep  528: len= 34 白胜 loss=28.4375 temp=1.00 total_env_steps=12893 t=0.15s
Ep  529: len=  2 白胜 loss=28.2710 temp=1.00 total_env_steps=12895 t=0.07s
Ep  530: len= 16 白胜 loss=28.2351 temp=1.00 total_env_steps=12911 t=0.10s
Ep  531: len= 26 白胜 loss=28.0832 temp=1.00 total_env_steps=12937 t=0.15s
Ep  532: len=  2 白胜 loss=28.2128 temp=1.00 total_env_steps=12939 t=0.07s
Ep  533: len= 34 白胜 loss=28.2930 temp=1.00 total_env_steps=12973 t=0.17s
Ep  534: len= 37 黑胜 loss=28.2186 temp=1.00 total_env_steps=13010 t=0.16s
Ep  535: len= 33 黑胜 loss=28.3041 temp=1.00 total_env_steps=13043 t=0.17s
Ep  536: len= 21 黑胜 loss=28.0744 temp=1.00 total_env_steps=13064 t=0.12s
Ep  537: len= 38 白胜 loss=28.2571 temp=1.00 total_env_steps=13102 t=0.19s
Ep  538: len= 58 白胜 loss=28.2250 temp=1.00 total_env_steps=13160 t=0.23s
Ep  539: len= 33 黑胜 loss=28.1452 temp=1.00 total_env_steps=13193 t=0.15s
Ep  540: len= 20 白胜 loss=28.0777 temp=1.00 total_env_steps=13213 t=0.12s
Ep  541: len= 29 黑胜 loss=28.0609 temp=1.00 total_env_steps=13242 t=0.14s
Ep  542: len= 26 白胜 loss=28.0395 temp=1.00 total_env_steps=13268 t=0.15s
Ep  543: len=  6 黑胜 loss=28.3781 temp=1.00 total_env_steps=13274 t=0.08s
Ep  544: len= 10 白胜 loss=28.2706 temp=1.00 total_env_steps=13284 t=0.10s
Ep  545: len= 37 黑胜 loss=28.2312 temp=1.00 total_env_steps=13321 t=0.16s
Ep  546: len= 29 黑胜 loss=28.0203 temp=1.00 total_env_steps=13350 t=0.15s
Ep  547: len= 15 黑胜 loss=28.1805 temp=1.00 total_env_steps=13365 t=0.10s
Ep  548: len= 26 白胜 loss=28.4847 temp=1.00 total_env_steps=13391 t=0.14s
Ep  549: len=  2 黑胜 loss=28.2023 temp=1.00 total_env_steps=13393 t=0.09s
Ep  550: len=  2 黑胜 loss=28.3843 temp=1.00 total_env_steps=13395 t=0.07s
Ep  551: len=  6 白胜 loss=28.2311 temp=1.00 total_env_steps=13401 t=0.08s
Ep  552: len= 18 白胜 loss=28.1605 temp=1.00 total_env_steps=13419 t=0.12s
Ep  553: len= 14 黑胜 loss=28.1462 temp=1.00 total_env_steps=13433 t=0.10s
Ep  554: len= 21 白胜 loss=28.1507 temp=1.00 total_env_steps=13454 t=0.14s
Ep  555: len=  4 白胜 loss=28.3533 temp=1.00 total_env_steps=13458 t=0.07s
Ep  556: len= 13 白胜 loss=28.2524 temp=1.00 total_env_steps=13471 t=0.10s
Ep  557: len= 24 白胜 loss=28.2527 temp=1.00 total_env_steps=13495 t=0.14s
Ep  558: len= 19 黑胜 loss=28.3823 temp=1.00 total_env_steps=13514 t=0.12s
Ep  559: len= 24 白胜 loss=28.3007 temp=1.00 total_env_steps=13538 t=0.15s
Ep  560: len= 25 黑胜 loss=28.2902 temp=1.00 total_env_steps=13563 t=0.16s
Ep  561: len=  2 白胜 loss=28.1136 temp=1.00 total_env_steps=13565 t=0.07s
Ep  562: len= 35 黑胜 loss=28.1566 temp=1.00 total_env_steps=13600 t=0.16s
Ep  563: len= 25 白胜 loss=28.2452 temp=1.00 total_env_steps=13625 t=0.14s
Ep  564: len=  4 白胜 loss=28.1421 temp=1.00 total_env_steps=13629 t=0.07s
Ep  565: len= 22 白胜 loss=28.0291 temp=1.00 total_env_steps=13651 t=0.14s
Ep  566: len=  2 黑胜 loss=28.2676 temp=1.00 total_env_steps=13653 t=0.07s
Ep  567: len= 26 白胜 loss=28.2741 temp=1.00 total_env_steps=13679 t=0.14s
Ep  568: len= 36 白胜 loss=28.2674 temp=1.00 total_env_steps=13715 t=0.16s
Ep  569: len= 23 黑胜 loss=28.1503 temp=1.00 total_env_steps=13738 t=0.14s
Ep  570: len=  2 白胜 loss=28.1654 temp=1.00 total_env_steps=13740 t=0.07s
Ep  571: len= 23 黑胜 loss=28.3553 temp=1.00 total_env_steps=13763 t=0.13s
Ep  572: len= 20 白胜 loss=28.2882 temp=1.00 total_env_steps=13783 t=0.12s
Ep  573: len= 29 黑胜 loss=28.2444 temp=1.00 total_env_steps=13812 t=0.15s
Ep  574: len= 25 黑胜 loss=28.2102 temp=1.00 total_env_steps=13837 t=0.15s
Ep  575: len= 17 黑胜 loss=28.2586 temp=1.00 total_env_steps=13854 t=0.11s
Ep  576: len=  8 白胜 loss=28.1712 temp=1.00 total_env_steps=13862 t=0.09s
Ep  577: len= 24 黑胜 loss=28.2903 temp=1.00 total_env_steps=13886 t=0.14s
Ep  578: len= 41 黑胜 loss=28.2030 temp=1.00 total_env_steps=13927 t=0.18s
Ep  579: len= 43 黑胜 loss=28.0921 temp=1.00 total_env_steps=13970 t=0.19s
Ep  580: len=  2 白胜 loss=28.2204 temp=1.00 total_env_steps=13972 t=0.06s
Ep  581: len= 19 白胜 loss=28.1115 temp=1.00 total_env_steps=13991 t=0.11s
Ep  582: len= 30 白胜 loss=28.0318 temp=1.00 total_env_steps=14021 t=0.16s
Ep  583: len= 45 黑胜 loss=28.3065 temp=1.00 total_env_steps=14066 t=0.19s
Ep  584: len= 24 黑胜 loss=28.3104 temp=1.00 total_env_steps=14090 t=0.12s
Ep  585: len= 42 白胜 loss=28.1765 temp=1.00 total_env_steps=14132 t=0.17s
Ep  586: len=  2 白胜 loss=28.3024 temp=1.00 total_env_steps=14134 t=0.07s
Ep  587: len= 13 黑胜 loss=28.3781 temp=1.00 total_env_steps=14147 t=0.10s
Ep  588: len=  8 白胜 loss=28.2374 temp=1.00 total_env_steps=14155 t=0.10s
Ep  589: len= 27 黑胜 loss=28.0934 temp=1.00 total_env_steps=14182 t=0.13s
Ep  590: len= 26 白胜 loss=28.3105 temp=1.00 total_env_steps=14208 t=0.15s
Ep  591: len= 34 白胜 loss=28.4072 temp=1.00 total_env_steps=14242 t=0.15s
Ep  592: len= 29 黑胜 loss=28.4176 temp=1.00 total_env_steps=14271 t=0.17s
Ep  593: len= 16 黑胜 loss=28.2690 temp=1.00 total_env_steps=14287 t=0.11s
Ep  594: len=  4 白胜 loss=28.3200 temp=1.00 total_env_steps=14291 t=0.09s
Ep  595: len=  2 白胜 loss=28.1318 temp=1.00 total_env_steps=14293 t=0.07s
Ep  596: len= 31 黑胜 loss=27.8397 temp=1.00 total_env_steps=14324 t=0.16s
Ep  597: len=  2 黑胜 loss=28.1758 temp=1.00 total_env_steps=14326 t=0.07s
Ep  598: len=  4 白胜 loss=28.3658 temp=1.00 total_env_steps=14330 t=0.07s
Ep  599: len= 28 白胜 loss=28.2307 temp=1.00 total_env_steps=14358 t=0.18s
Ep  600: len= 29 黑胜 loss=28.1045 temp=1.00 total_env_steps=14387 t=0.14s
  eval vs Gomoku-random-v0: win_rate=1.00 mean_return=1.00（20 局，total_env_steps=14387）
Ep  601: len= 35 黑胜 loss=28.2794 temp=1.00 total_env_steps=14422 t=0.16s
Ep  602: len= 26 白胜 loss=28.2070 temp=1.00 total_env_steps=14448 t=0.15s
Ep  603: len= 25 白胜 loss=28.0597 temp=1.00 total_env_steps=14473 t=0.13s
Ep  604: len= 20 黑胜 loss=27.9730 temp=1.00 total_env_steps=14493 t=0.13s
Ep  605: len= 17 黑胜 loss=28.2894 temp=1.00 total_env_steps=14510 t=0.12s
Ep  606: len= 21 黑胜 loss=28.4041 temp=1.00 total_env_steps=14531 t=0.15s
Ep  607: len= 30 黑胜 loss=28.3121 temp=1.00 total_env_steps=14561 t=0.14s
Ep  608: len= 29 黑胜 loss=28.0251 temp=1.00 total_env_steps=14590 t=0.16s
Ep  609: len=  4 黑胜 loss=28.0798 temp=1.00 total_env_steps=14594 t=0.07s
Ep  610: len= 29 白胜 loss=28.0069 temp=1.00 total_env_steps=14623 t=0.16s
Ep  611: len= 38 黑胜 loss=28.1982 temp=1.00 total_env_steps=14661 t=0.17s
Ep  612: len= 27 黑胜 loss=28.2847 temp=1.00 total_env_steps=14688 t=0.15s
Ep  613: len= 37 黑胜 loss=28.2622 temp=1.00 total_env_steps=14725 t=0.19s
Ep  614: len= 23 黑胜 loss=28.0696 temp=1.00 total_env_steps=14748 t=0.13s
Ep  615: len= 15 黑胜 loss=28.0276 temp=1.00 total_env_steps=14763 t=0.13s
Ep  616: len= 23 黑胜 loss=28.3404 temp=1.00 total_env_steps=14786 t=0.14s
Ep  617: len= 37 黑胜 loss=28.0640 temp=1.00 total_env_steps=14823 t=0.18s
Ep  618: len= 18 白胜 loss=28.2086 temp=1.00 total_env_steps=14841 t=0.11s
Ep  619: len=  2 白胜 loss=28.5442 temp=1.00 total_env_steps=14843 t=0.09s
Ep  620: len= 27 黑胜 loss=28.1028 temp=1.00 total_env_steps=14870 t=0.16s
Ep  621: len= 22 白胜 loss=28.2365 temp=1.00 total_env_steps=14892 t=0.16s
Ep  622: len= 37 黑胜 loss=28.3862 temp=1.00 total_env_steps=14929 t=0.17s
Ep  623: len= 23 黑胜 loss=28.2125 temp=1.00 total_env_steps=14952 t=0.13s
Ep  624: len= 24 白胜 loss=28.1721 temp=1.00 total_env_steps=14976 t=0.15s
Ep  625: len=  6 黑胜 loss=28.2017 temp=1.00 total_env_steps=14982 t=0.08s
Ep  626: len= 43 黑胜 loss=28.1129 temp=1.00 total_env_steps=15025 t=0.18s
Ep  627: len= 31 黑胜 loss=28.1612 temp=1.00 total_env_steps=15056 t=0.15s
Ep  628: len= 25 黑胜 loss=28.3021 temp=1.00 total_env_steps=15081 t=0.13s
Ep  629: len= 22 白胜 loss=28.1748 temp=1.00 total_env_steps=15103 t=0.12s
Ep  630: len= 20 黑胜 loss=28.2311 temp=1.00 total_env_steps=15123 t=0.11s
Ep  631: len= 52 白胜 loss=28.3047 temp=1.00 total_env_steps=15175 t=0.19s
Ep  632: len= 30 黑胜 loss=28.3571 temp=1.00 total_env_steps=15205 t=0.13s
Ep  633: len=  4 黑胜 loss=28.1081 temp=1.00 total_env_steps=15209 t=0.07s
Ep  634: len= 14 白胜 loss=28.1340 temp=1.00 total_env_steps=15223 t=0.10s
Ep  635: len= 39 黑胜 loss=28.2746 temp=1.00 total_env_steps=15262 t=0.18s
Ep  636: len=  4 黑胜 loss=28.2491 temp=1.00 total_env_steps=15266 t=0.08s
Ep  637: len= 28 白胜 loss=28.0367 temp=1.00 total_env_steps=15294 t=0.14s
Ep  638: len= 27 白胜 loss=28.0925 temp=1.00 total_env_steps=15321 t=0.16s
Ep  639: len= 28 黑胜 loss=28.1720 temp=1.00 total_env_steps=15349 t=0.13s
Ep  640: len= 33 黑胜 loss=28.4167 temp=1.00 total_env_steps=15382 t=0.15s
Ep  641: len= 26 黑胜 loss=28.2736 temp=1.00 total_env_steps=15408 t=0.13s
Ep  642: len=  4 白胜 loss=28.3203 temp=1.00 total_env_steps=15412 t=0.08s
Ep  643: len= 27 黑胜 loss=28.3289 temp=1.00 total_env_steps=15439 t=0.13s
Ep  644: len=  2 黑胜 loss=28.1702 temp=1.00 total_env_steps=15441 t=0.07s
Ep  645: len= 38 白胜 loss=27.9435 temp=1.00 total_env_steps=15479 t=0.17s
Ep  646: len=  2 黑胜 loss=28.2825 temp=1.00 total_env_steps=15481 t=0.07s
Ep  647: len= 36 白胜 loss=28.3616 temp=1.00 total_env_steps=15517 t=0.15s
Ep  648: len= 38 白胜 loss=28.2115 temp=1.00 total_env_steps=15555 t=0.16s
Ep  649: len= 38 黑胜 loss=28.2582 temp=1.00 total_env_steps=15593 t=0.15s
Ep  650: len= 32 白胜 loss=28.0955 temp=1.00 total_env_steps=15625 t=0.14s
Ep  651: len= 19 黑胜 loss=28.3122 temp=1.00 total_env_steps=15644 t=0.11s
Ep  652: len= 27 黑胜 loss=28.2206 temp=1.00 total_env_steps=15671 t=0.13s
Ep  653: len= 37 黑胜 loss=28.3343 temp=1.00 total_env_steps=15708 t=0.15s
Ep  654: len= 42 白胜 loss=28.1877 temp=1.00 total_env_steps=15750 t=0.16s
Ep  655: len= 25 黑胜 loss=28.3397 temp=1.00 total_env_steps=15775 t=0.12s
Ep  656: len=  8 白胜 loss=28.2785 temp=1.00 total_env_steps=15783 t=0.08s
Ep  657: len=  2 黑胜 loss=28.0873 temp=1.00 total_env_steps=15785 t=0.07s
Ep  658: len= 27 黑胜 loss=28.0739 temp=1.00 total_env_steps=15812 t=0.13s
Ep  659: len= 29 黑胜 loss=28.4323 temp=1.00 total_env_steps=15841 t=0.13s
Ep  660: len= 20 白胜 loss=28.2461 temp=1.00 total_env_steps=15861 t=0.11s
Ep  661: len= 41 黑胜 loss=28.3094 temp=1.00 total_env_steps=15902 t=0.16s
Ep  662: len= 38 白胜 loss=28.0588 temp=1.00 total_env_steps=15940 t=0.15s
Ep  663: len= 29 黑胜 loss=27.8328 temp=1.00 total_env_steps=15969 t=0.13s
Ep  664: len= 31 黑胜 loss=28.0615 temp=1.00 total_env_steps=16000 t=0.14s
Ep  665: len=  4 白胜 loss=28.1385 temp=1.00 total_env_steps=16004 t=0.07s
Ep  666: len=  2 黑胜 loss=28.2916 temp=1.00 total_env_steps=16006 t=0.06s
Ep  667: len=  4 白胜 loss=28.1714 temp=1.00 total_env_steps=16010 t=0.07s
Ep  668: len= 16 黑胜 loss=28.0349 temp=1.00 total_env_steps=16026 t=0.10s
Ep  669: len=  2 黑胜 loss=28.2537 temp=1.00 total_env_steps=16028 t=0.06s
Ep  670: len= 30 白胜 loss=28.0742 temp=1.00 total_env_steps=16058 t=0.13s
Ep  671: len= 35 黑胜 loss=28.4581 temp=1.00 total_env_steps=16093 t=0.14s
Ep  672: len= 20 白胜 loss=28.1099 temp=1.00 total_env_steps=16113 t=0.11s
Ep  673: len= 30 白胜 loss=28.4033 temp=1.00 total_env_steps=16143 t=0.13s
Ep  674: len= 35 白胜 loss=28.0585 temp=1.00 total_env_steps=16178 t=0.14s
Ep  675: len=  2 白胜 loss=28.3059 temp=1.00 total_env_steps=16180 t=0.07s
Ep  676: len= 41 黑胜 loss=28.0678 temp=1.00 total_env_steps=16221 t=0.17s
Ep  677: len=  4 白胜 loss=27.9431 temp=1.00 total_env_steps=16225 t=0.07s
Ep  678: len= 20 白胜 loss=28.2724 temp=1.00 total_env_steps=16245 t=0.11s
Ep  679: len= 35 黑胜 loss=28.3164 temp=1.00 total_env_steps=16280 t=0.15s
Ep  680: len= 27 黑胜 loss=28.0770 temp=1.00 total_env_steps=16307 t=0.12s
Ep  681: len= 30 白胜 loss=28.2684 temp=1.00 total_env_steps=16337 t=0.13s
Ep  682: len= 22 白胜 loss=28.2012 temp=1.00 total_env_steps=16359 t=0.12s
Ep  683: len= 29 黑胜 loss=28.1799 temp=1.00 total_env_steps=16388 t=0.13s
Ep  684: len= 45 黑胜 loss=28.0845 temp=1.00 total_env_steps=16433 t=0.17s
Ep  685: len= 19 黑胜 loss=28.1202 temp=1.00 total_env_steps=16452 t=0.11s
Ep  686: len= 35 黑胜 loss=28.4172 temp=1.00 total_env_steps=16487 t=0.14s
Ep  687: len= 35 黑胜 loss=28.2145 temp=1.00 total_env_steps=16522 t=0.15s
Ep  688: len= 24 白胜 loss=28.2796 temp=1.00 total_env_steps=16546 t=0.12s
Ep  689: len=  4 白胜 loss=28.2039 temp=1.00 total_env_steps=16550 t=0.07s
Ep  690: len= 30 白胜 loss=28.2259 temp=1.00 total_env_steps=16580 t=0.13s
Ep  691: len= 26 白胜 loss=28.3444 temp=1.00 total_env_steps=16606 t=0.12s
Ep  692: len=  4 白胜 loss=28.2280 temp=1.00 total_env_steps=16610 t=0.07s
Ep  693: len= 32 白胜 loss=27.9194 temp=1.00 total_env_steps=16642 t=0.14s
Ep  694: len= 21 黑胜 loss=28.3916 temp=1.00 total_env_steps=16663 t=0.11s
Ep  695: len= 20 白胜 loss=28.0680 temp=1.00 total_env_steps=16683 t=0.10s
Ep  696: len= 42 白胜 loss=28.2417 temp=1.00 total_env_steps=16725 t=0.16s
Ep  697: len= 12 白胜 loss=28.0955 temp=1.00 total_env_steps=16737 t=0.09s
Ep  698: len= 24 白胜 loss=27.9923 temp=1.00 total_env_steps=16761 t=0.12s
Ep  699: len= 25 黑胜 loss=28.1206 temp=1.00 total_env_steps=16786 t=0.12s
Ep  700: len=  4 白胜 loss=28.4126 temp=1.00 total_env_steps=16790 t=0.07s
Ep  701: len= 40 黑胜 loss=28.3174 temp=1.00 total_env_steps=16830 t=0.17s
Ep  702: len= 22 白胜 loss=28.1638 temp=1.00 total_env_steps=16852 t=0.12s
Ep  703: len= 31 黑胜 loss=28.0902 temp=1.00 total_env_steps=16883 t=0.14s
Ep  704: len=  2 白胜 loss=28.1811 temp=1.00 total_env_steps=16885 t=0.06s
Ep  705: len= 32 白胜 loss=28.1196 temp=1.00 total_env_steps=16917 t=0.15s
Ep  706: len= 18 白胜 loss=28.0414 temp=1.00 total_env_steps=16935 t=0.11s
Ep  707: len= 39 黑胜 loss=28.0481 temp=1.00 total_env_steps=16974 t=0.16s
Ep  708: len=  6 白胜 loss=27.9784 temp=1.00 total_env_steps=16980 t=0.07s
Ep  709: len= 29 黑胜 loss=28.5393 temp=1.00 total_env_steps=17009 t=0.13s
Ep  710: len= 33 黑胜 loss=28.2389 temp=1.00 total_env_steps=17042 t=0.14s
Ep  711: len= 29 黑胜 loss=27.9465 temp=1.00 total_env_steps=17071 t=0.14s
Ep  712: len= 35 黑胜 loss=28.0909 temp=1.00 total_env_steps=17106 t=0.15s
Ep  713: len= 26 白胜 loss=28.0612 temp=1.00 total_env_steps=17132 t=0.13s
Ep  714: len=  4 黑胜 loss=28.1656 temp=1.00 total_env_steps=17136 t=0.07s
Ep  715: len= 44 白胜 loss=28.3237 temp=1.00 total_env_steps=17180 t=0.17s
Ep  716: len= 31 黑胜 loss=28.0477 temp=1.00 total_env_steps=17211 t=0.15s
Ep  717: len= 26 白胜 loss=28.1491 temp=1.00 total_env_steps=17237 t=0.14s
Ep  718: len= 38 白胜 loss=28.0721 temp=1.00 total_env_steps=17275 t=0.16s
Ep  719: len= 42 白胜 loss=28.2256 temp=1.00 total_env_steps=17317 t=0.16s
Ep  720: len= 28 白胜 loss=28.0615 temp=1.00 total_env_steps=17345 t=0.14s
Ep  721: len= 21 黑胜 loss=28.0031 temp=1.00 total_env_steps=17366 t=0.11s
Ep  722: len=  4 黑胜 loss=28.1547 temp=1.00 total_env_steps=17370 t=0.07s
Ep  723: len= 43 黑胜 loss=28.0843 temp=1.00 total_env_steps=17413 t=0.16s
Ep  724: len= 31 黑胜 loss=28.1328 temp=1.00 total_env_steps=17444 t=0.14s
Ep  725: len= 31 黑胜 loss=28.0727 temp=1.00 total_env_steps=17475 t=0.15s
Ep  726: len= 34 白胜 loss=28.0292 temp=1.00 total_env_steps=17509 t=0.14s
Ep  727: len= 36 白胜 loss=28.1011 temp=1.00 total_env_steps=17545 t=0.15s
Ep  728: len=  2 白胜 loss=28.1086 temp=1.00 total_env_steps=17547 t=0.07s
Ep  729: len= 32 白胜 loss=28.2707 temp=1.00 total_env_steps=17579 t=0.15s
Ep  730: len= 31 黑胜 loss=28.0387 temp=1.00 total_env_steps=17610 t=0.14s
Ep  731: len=  2 白胜 loss=28.2277 temp=1.00 total_env_steps=17612 t=0.07s
Ep  732: len= 18 黑胜 loss=28.2288 temp=1.00 total_env_steps=17630 t=0.11s
Ep  733: len= 38 白胜 loss=27.9877 temp=1.00 total_env_steps=17668 t=0.17s
Ep  734: len= 33 黑胜 loss=28.1952 temp=1.00 total_env_steps=17701 t=0.14s
Ep  735: len=  2 白胜 loss=28.3454 temp=1.00 total_env_steps=17703 t=0.06s
Ep  736: len= 27 黑胜 loss=28.1586 temp=1.00 total_env_steps=17730 t=0.13s
Ep  737: len= 42 白胜 loss=28.0495 temp=1.00 total_env_steps=17772 t=0.16s
Ep  738: len=  2 白胜 loss=28.3280 temp=1.00 total_env_steps=17774 t=0.07s
Ep  739: len=  4 黑胜 loss=28.0185 temp=1.00 total_env_steps=17778 t=0.07s
Ep  740: len= 29 黑胜 loss=28.3095 temp=1.00 total_env_steps=17807 t=0.13s
Ep  741: len=  8 白胜 loss=28.1077 temp=1.00 total_env_steps=17815 t=0.08s
Ep  742: len= 28 白胜 loss=28.2094 temp=1.00 total_env_steps=17843 t=0.14s
Ep  743: len= 25 黑胜 loss=28.2833 temp=1.00 total_env_steps=17868 t=0.12s
Ep  744: len= 35 黑胜 loss=27.9713 temp=1.00 total_env_steps=17903 t=0.14s
Ep  745: len= 25 黑胜 loss=28.2183 temp=1.00 total_env_steps=17928 t=0.12s
Ep  746: len= 39 黑胜 loss=27.9714 temp=1.00 total_env_steps=17967 t=0.15s
Ep  747: len= 18 白胜 loss=28.0733 temp=1.00 total_env_steps=17985 t=0.10s
Ep  748: len= 22 黑胜 loss=28.1308 temp=1.00 total_env_steps=18007 t=0.11s
Ep  749: len= 31 黑胜 loss=28.1353 temp=1.00 total_env_steps=18038 t=0.14s
Ep  750: len= 16 黑胜 loss=28.0531 temp=1.00 total_env_steps=18054 t=0.09s
Ep  751: len= 19 黑胜 loss=28.2451 temp=1.00 total_env_steps=18073 t=0.10s
Ep  752: len= 27 黑胜 loss=28.1674 temp=1.00 total_env_steps=18100 t=0.13s
Ep  753: len= 33 黑胜 loss=28.0759 temp=1.00 total_env_steps=18133 t=0.14s
Ep  754: len= 30 白胜 loss=28.1123 temp=1.00 total_env_steps=18163 t=0.14s
Ep  755: len= 27 黑胜 loss=27.9621 temp=1.00 total_env_steps=18190 t=0.13s
Ep  756: len= 35 黑胜 loss=28.0651 temp=1.00 total_env_steps=18225 t=0.15s
Ep  757: len= 37 黑胜 loss=27.9950 temp=1.00 total_env_steps=18262 t=0.15s
Ep  758: len= 32 白胜 loss=28.1886 temp=1.00 total_env_steps=18294 t=0.15s
Ep  759: len= 38 白胜 loss=28.1819 temp=1.00 total_env_steps=18332 t=0.15s
Ep  760: len= 25 黑胜 loss=28.1713 temp=1.00 total_env_steps=18357 t=0.12s
Ep  761: len= 33 黑胜 loss=27.8829 temp=1.00 total_env_steps=18390 t=0.15s
Ep  762: len=  4 白胜 loss=27.9302 temp=1.00 total_env_steps=18394 t=0.07s
Ep  763: len= 34 白胜 loss=28.3827 temp=1.00 total_env_steps=18428 t=0.14s
Ep  764: len= 15 黑胜 loss=27.9193 temp=1.00 total_env_steps=18443 t=0.09s
Ep  765: len= 34 白胜 loss=28.0584 temp=1.00 total_env_steps=18477 t=0.15s
Ep  766: len= 41 黑胜 loss=27.9033 temp=1.00 total_env_steps=18518 t=0.16s
Ep  767: len= 30 白胜 loss=27.9400 temp=1.00 total_env_steps=18548 t=0.13s
Ep  768: len= 25 黑胜 loss=27.9757 temp=1.00 total_env_steps=18573 t=0.12s
Ep  769: len= 26 黑胜 loss=28.0055 temp=1.00 total_env_steps=18599 t=0.12s
Ep  770: len=  2 白胜 loss=28.1723 temp=1.00 total_env_steps=18601 t=0.06s
Ep  771: len=  2 黑胜 loss=28.0355 temp=1.00 total_env_steps=18603 t=0.06s
Ep  772: len= 28 白胜 loss=28.0939 temp=1.00 total_env_steps=18631 t=0.13s
Ep  773: len= 26 黑胜 loss=27.9865 temp=1.00 total_env_steps=18657 t=0.12s
Ep  774: len= 35 黑胜 loss=28.1089 temp=1.00 total_env_steps=18692 t=0.15s
Ep  775: len= 18 白胜 loss=27.8710 temp=1.00 total_env_steps=18710 t=0.10s
Ep  776: len=  2 白胜 loss=27.9238 temp=1.00 total_env_steps=18712 t=0.06s
Ep  777: len= 18 黑胜 loss=27.9992 temp=1.00 total_env_steps=18730 t=0.10s
Ep  778: len= 24 白胜 loss=27.8142 temp=1.00 total_env_steps=18754 t=0.12s
Ep  779: len=  4 黑胜 loss=27.9341 temp=1.00 total_env_steps=18758 t=0.07s
Ep  780: len= 35 黑胜 loss=28.0381 temp=1.00 total_env_steps=18793 t=0.15s
Ep  781: len= 32 白胜 loss=28.1759 temp=1.00 total_env_steps=18825 t=0.14s
Ep  782: len=  2 白胜 loss=28.2862 temp=1.00 total_env_steps=18827 t=0.07s
Ep  783: len= 25 黑胜 loss=28.0907 temp=1.00 total_env_steps=18852 t=0.12s
Ep  784: len= 25 白胜 loss=28.3963 temp=1.00 total_env_steps=18877 t=0.12s
Ep  785: len= 31 黑胜 loss=27.9817 temp=1.00 total_env_steps=18908 t=0.14s
Ep  786: len= 27 白胜 loss=28.1698 temp=1.00 total_env_steps=18935 t=0.13s
Ep  787: len= 22 白胜 loss=27.8128 temp=1.00 total_env_steps=18957 t=0.11s
Ep  788: len= 23 黑胜 loss=28.1039 temp=1.00 total_env_steps=18980 t=0.12s
Ep  789: len= 10 白胜 loss=27.9924 temp=1.00 total_env_steps=18990 t=0.08s
Ep  790: len= 35 黑胜 loss=28.0061 temp=1.00 total_env_steps=19025 t=0.14s
Ep  791: len=  2 黑胜 loss=28.2372 temp=1.00 total_env_steps=19027 t=0.06s
Ep  792: len= 26 白胜 loss=27.9972 temp=1.00 total_env_steps=19053 t=0.12s
Ep  793: len= 23 黑胜 loss=28.1116 temp=1.00 total_env_steps=19076 t=0.11s
Ep  794: len= 12 黑胜 loss=28.2184 temp=1.00 total_env_steps=19088 t=0.09s
Ep  795: len= 34 白胜 loss=27.9430 temp=1.00 total_env_steps=19122 t=0.14s
Ep  796: len= 21 黑胜 loss=27.8353 temp=1.00 total_env_steps=19143 t=0.11s
Ep  797: len= 29 黑胜 loss=27.9297 temp=1.00 total_env_steps=19172 t=0.14s
Ep  798: len= 24 黑胜 loss=28.3041 temp=1.00 total_env_steps=19196 t=0.12s
Ep  799: len=  8 黑胜 loss=28.0828 temp=1.00 total_env_steps=19204 t=0.08s
Ep  800: len= 30 白胜 loss=28.0415 temp=1.00 total_env_steps=19234 t=0.14s
  eval vs Gomoku-random-v0: win_rate=1.00 mean_return=1.00（20 局，total_env_steps=19234）
Ep  801: len= 30 白胜 loss=28.2475 temp=1.00 total_env_steps=19264 t=0.13s
Ep  802: len= 16 白胜 loss=28.0711 temp=1.00 total_env_steps=19280 t=0.10s
Ep  803: len= 21 黑胜 loss=28.0318 temp=1.00 total_env_steps=19301 t=0.11s
Ep  804: len= 35 黑胜 loss=28.1781 temp=1.00 total_env_steps=19336 t=0.14s
Ep  805: len= 21 黑胜 loss=27.8955 temp=1.00 total_env_steps=19357 t=0.11s
Ep  806: len=  2 黑胜 loss=28.0573 temp=1.00 total_env_steps=19359 t=0.06s
Ep  807: len= 36 白胜 loss=28.1668 temp=1.00 total_env_steps=19395 t=0.15s
Ep  808: len= 22 黑胜 loss=27.8792 temp=1.00 total_env_steps=19417 t=0.11s
Ep  809: len= 36 白胜 loss=27.9582 temp=1.00 total_env_steps=19453 t=0.15s
Ep  810: len= 32 白胜 loss=28.2755 temp=1.00 total_env_steps=19485 t=0.14s
Ep  811: len= 21 黑胜 loss=28.2889 temp=1.00 total_env_steps=19506 t=0.11s
Ep  812: len= 22 黑胜 loss=28.2760 temp=1.00 total_env_steps=19528 t=0.12s
Ep  813: len= 26 黑胜 loss=27.8212 temp=1.00 total_env_steps=19554 t=0.12s
Ep  814: len= 32 黑胜 loss=27.9886 temp=1.00 total_env_steps=19586 t=0.14s
Ep  815: len= 35 黑胜 loss=27.7282 temp=1.00 total_env_steps=19621 t=0.16s
Ep  816: len= 23 白胜 loss=28.0055 temp=1.00 total_env_steps=19644 t=0.12s
Ep  817: len= 31 黑胜 loss=28.1169 temp=1.00 total_env_steps=19675 t=0.13s
Ep  818: len= 36 白胜 loss=27.9846 temp=1.00 total_env_steps=19711 t=0.15s
Ep  819: len= 29 黑胜 loss=27.9545 temp=1.00 total_env_steps=19740 t=0.13s
Ep  820: len= 23 黑胜 loss=28.0474 temp=1.00 total_env_steps=19763 t=0.11s
Ep  821: len= 31 黑胜 loss=27.9211 temp=1.00 total_env_steps=19794 t=0.13s
Ep  822: len= 39 黑胜 loss=28.0197 temp=1.00 total_env_steps=19833 t=0.15s
Ep  823: len= 32 白胜 loss=27.8552 temp=1.00 total_env_steps=19865 t=0.14s
Ep  824: len= 24 白胜 loss=27.9954 temp=1.00 total_env_steps=19889 t=0.12s
Ep  825: len= 30 黑胜 loss=28.0811 temp=1.00 total_env_steps=19919 t=0.13s
Ep  826: len= 22 白胜 loss=27.8816 temp=1.00 total_env_steps=19941 t=0.12s
Ep  827: len= 23 黑胜 loss=28.0900 temp=1.00 total_env_steps=19964 t=0.12s
Ep  828: len= 23 黑胜 loss=27.9090 temp=1.00 total_env_steps=19987 t=0.12s
Ep  829: len= 27 黑胜 loss=28.1498 temp=1.00 total_env_steps=20014 t=0.12s
Ep  830: len=  8 白胜 loss=27.8112 temp=1.00 total_env_steps=20022 t=0.08s
Ep  831: len= 10 黑胜 loss=28.1348 temp=1.00 total_env_steps=20032 t=0.09s
Ep  832: len= 40 白胜 loss=27.9155 temp=1.00 total_env_steps=20072 t=0.16s
Ep  833: len=  2 白胜 loss=27.9309 temp=1.00 total_env_steps=20074 t=0.07s
Ep  834: len= 39 黑胜 loss=27.9159 temp=1.00 total_env_steps=20113 t=0.17s
Ep  835: len= 32 白胜 loss=27.9085 temp=1.00 total_env_steps=20145 t=0.14s
Ep  836: len= 33 黑胜 loss=27.6296 temp=1.00 total_env_steps=20178 t=0.15s
Ep  837: len=  8 白胜 loss=27.9390 temp=1.00 total_env_steps=20186 t=0.08s
Ep  838: len= 23 黑胜 loss=27.9761 temp=1.00 total_env_steps=20209 t=0.11s
Ep  839: len= 14 白胜 loss=27.4127 temp=1.00 total_env_steps=20223 t=0.09s
Ep  840: len= 32 黑胜 loss=27.9992 temp=1.00 total_env_steps=20255 t=0.13s
Ep  841: len= 27 黑胜 loss=27.9847 temp=1.00 total_env_steps=20282 t=0.13s
Ep  842: len= 33 黑胜 loss=27.7524 temp=1.00 total_env_steps=20315 t=0.14s
Ep  843: len= 49 黑胜 loss=27.6541 temp=1.00 total_env_steps=20364 t=0.17s
Ep  844: len= 25 黑胜 loss=28.1030 temp=1.00 total_env_steps=20389 t=0.12s
Ep  845: len= 22 白胜 loss=27.9303 temp=1.00 total_env_steps=20411 t=0.12s
Ep  846: len=  5 黑胜 loss=28.1981 temp=1.00 total_env_steps=20416 t=0.07s
Ep  847: len= 34 白胜 loss=27.8436 temp=1.00 total_env_steps=20450 t=0.14s
Ep  848: len=  2 黑胜 loss=27.8578 temp=1.00 total_env_steps=20452 t=0.07s
Ep  849: len= 18 白胜 loss=27.9640 temp=1.00 total_env_steps=20470 t=0.11s
Ep  850: len= 27 黑胜 loss=27.8675 temp=1.00 total_env_steps=20497 t=0.13s
Ep  851: len= 39 黑胜 loss=28.1175 temp=1.00 total_env_steps=20536 t=0.16s
Ep  852: len= 35 黑胜 loss=28.0198 temp=1.00 total_env_steps=20571 t=0.14s
Ep  853: len= 19 白胜 loss=27.9697 temp=1.00 total_env_steps=20590 t=0.10s
Ep  854: len= 13 黑胜 loss=27.7647 temp=1.00 total_env_steps=20603 t=0.09s
Ep  855: len=  2 黑胜 loss=28.0158 temp=1.00 total_env_steps=20605 t=0.06s
Ep  856: len= 32 白胜 loss=27.8807 temp=1.00 total_env_steps=20637 t=0.14s
Ep  857: len= 29 黑胜 loss=27.9560 temp=1.00 total_env_steps=20666 t=0.13s
Ep  858: len= 28 白胜 loss=28.1303 temp=1.00 total_env_steps=20694 t=0.13s
Ep  859: len= 18 黑胜 loss=27.6375 temp=1.00 total_env_steps=20712 t=0.10s
Ep  860: len= 42 白胜 loss=27.6631 temp=1.00 total_env_steps=20754 t=0.16s
Ep  861: len= 24 白胜 loss=27.8943 temp=1.00 total_env_steps=20778 t=0.12s
Ep  862: len= 32 白胜 loss=27.8591 temp=1.00 total_env_steps=20810 t=0.13s
Ep  863: len= 12 黑胜 loss=27.5821 temp=1.00 total_env_steps=20822 t=0.09s
Ep  864: len=  2 白胜 loss=27.8042 temp=1.00 total_env_steps=20824 t=0.06s
Ep  865: len= 17 黑胜 loss=27.6953 temp=1.00 total_env_steps=20841 t=0.10s
Ep  866: len= 38 黑胜 loss=27.8204 temp=1.00 total_env_steps=20879 t=0.14s
Ep  867: len=  8 黑胜 loss=27.9945 temp=1.00 total_env_steps=20887 t=0.08s
Ep  868: len= 27 黑胜 loss=27.5085 temp=1.00 total_env_steps=20914 t=0.13s
Ep  869: len= 27 黑胜 loss=27.9458 temp=1.00 total_env_steps=20941 t=0.12s
Ep  870: len= 39 黑胜 loss=27.6294 temp=1.00 total_env_steps=20980 t=0.15s
Ep  871: len= 25 黑胜 loss=27.7756 temp=1.00 total_env_steps=21005 t=0.12s
Ep  872: len= 37 黑胜 loss=27.9093 temp=1.00 total_env_steps=21042 t=0.15s
Ep  873: len= 23 黑胜 loss=28.0840 temp=1.00 total_env_steps=21065 t=0.12s
Ep  874: len= 29 白胜 loss=27.8377 temp=1.00 total_env_steps=21094 t=0.13s
Ep  875: len=  2 黑胜 loss=27.7878 temp=1.00 total_env_steps=21096 t=0.07s
Ep  876: len= 36 白胜 loss=27.8439 temp=1.00 total_env_steps=21132 t=0.15s
Ep  877: len=  2 黑胜 loss=27.8069 temp=1.00 total_env_steps=21134 t=0.06s
Ep  878: len= 18 白胜 loss=27.8395 temp=1.00 total_env_steps=21152 t=0.11s
Ep  879: len= 32 白胜 loss=27.8942 temp=1.00 total_env_steps=21184 t=0.14s
Ep  880: len= 25 黑胜 loss=27.7646 temp=1.00 total_env_steps=21209 t=0.12s
Ep  881: len= 18 白胜 loss=27.8932 temp=1.00 total_env_steps=21227 t=0.10s
Ep  882: len= 38 白胜 loss=27.7706 temp=1.00 total_env_steps=21265 t=0.16s
Ep  883: len= 24 黑胜 loss=28.1131 temp=1.00 total_env_steps=21289 t=0.12s
Ep  884: len= 14 黑胜 loss=27.7664 temp=1.00 total_env_steps=21303 t=0.09s
Ep  885: len= 21 黑胜 loss=27.5772 temp=1.00 total_env_steps=21324 t=0.11s
Ep  886: len=  2 黑胜 loss=27.8718 temp=1.00 total_env_steps=21326 t=0.06s
Ep  887: len= 32 白胜 loss=27.6944 temp=1.00 total_env_steps=21358 t=0.13s
Ep  888: len= 33 黑胜 loss=27.9556 temp=1.00 total_env_steps=21391 t=0.14s
Ep  889: len= 31 黑胜 loss=27.7635 temp=1.00 total_env_steps=21422 t=0.13s
Ep  890: len= 18 白胜 loss=27.6459 temp=1.00 total_env_steps=21440 t=0.10s
Ep  891: len= 22 白胜 loss=28.0197 temp=1.00 total_env_steps=21462 t=0.11s
Ep  892: len= 29 黑胜 loss=27.4852 temp=1.00 total_env_steps=21491 t=0.13s
Ep  893: len= 16 白胜 loss=27.5981 temp=1.00 total_env_steps=21507 t=0.10s
Ep  894: len=  6 黑胜 loss=27.6543 temp=1.00 total_env_steps=21513 t=0.07s
Ep  895: len= 33 黑胜 loss=28.0511 temp=1.00 total_env_steps=21546 t=0.14s
Ep  896: len= 34 白胜 loss=28.0375 temp=1.00 total_env_steps=21580 t=0.14s
Ep  897: len= 33 黑胜 loss=27.8546 temp=1.00 total_env_steps=21613 t=0.14s
Ep  898: len= 12 黑胜 loss=27.7444 temp=1.00 total_env_steps=21625 t=0.09s
Ep  899: len=  6 黑胜 loss=27.6253 temp=1.00 total_env_steps=21631 t=0.07s
Ep  900: len= 31 黑胜 loss=27.7790 temp=1.00 total_env_steps=21662 t=0.13s
Ep  901: len=  2 白胜 loss=28.0951 temp=1.00 total_env_steps=21664 t=0.06s
Ep  902: len= 21 黑胜 loss=27.6919 temp=1.00 total_env_steps=21685 t=0.11s
Ep  903: len= 10 白胜 loss=27.6968 temp=1.00 total_env_steps=21695 t=0.09s
Ep  904: len= 37 黑胜 loss=27.7549 temp=1.00 total_env_steps=21732 t=0.15s
Ep  905: len=  6 白胜 loss=27.8270 temp=1.00 total_env_steps=21738 t=0.07s
Ep  906: len=  6 白胜 loss=27.8019 temp=1.00 total_env_steps=21744 t=0.07s
Ep  907: len= 22 白胜 loss=27.5437 temp=1.00 total_env_steps=21766 t=0.11s
Ep  908: len= 24 白胜 loss=27.7886 temp=1.00 total_env_steps=21790 t=0.12s
Ep  909: len= 33 黑胜 loss=27.8819 temp=1.00 total_env_steps=21823 t=0.15s
Ep  910: len=  4 黑胜 loss=27.8368 temp=1.00 total_env_steps=21827 t=0.07s
Ep  911: len=  2 黑胜 loss=27.4069 temp=1.00 total_env_steps=21829 t=0.07s
Ep  912: len= 25 黑胜 loss=27.7414 temp=1.00 total_env_steps=21854 t=0.13s
Ep  913: len= 15 白胜 loss=27.5095 temp=1.00 total_env_steps=21869 t=0.09s
Ep  914: len= 29 黑胜 loss=27.6826 temp=1.00 total_env_steps=21898 t=0.13s
Ep  915: len= 33 黑胜 loss=27.7701 temp=1.00 total_env_steps=21931 t=0.14s
Ep  916: len= 23 黑胜 loss=27.7129 temp=1.00 total_env_steps=21954 t=0.12s
Ep  917: len= 27 黑胜 loss=27.9496 temp=1.00 total_env_steps=21981 t=0.12s
Ep  918: len= 21 黑胜 loss=27.7663 temp=1.00 total_env_steps=22002 t=0.11s
Ep  919: len= 26 白胜 loss=27.4449 temp=1.00 total_env_steps=22028 t=0.12s
Ep  920: len= 26 白胜 loss=27.5165 temp=1.00 total_env_steps=22054 t=0.12s
Ep  921: len= 23 黑胜 loss=27.7516 temp=1.00 total_env_steps=22077 t=0.12s
Ep  922: len= 31 黑胜 loss=27.4545 temp=1.00 total_env_steps=22108 t=0.14s
Ep  923: len= 28 白胜 loss=27.6198 temp=1.00 total_env_steps=22136 t=0.13s
Ep  924: len=  6 黑胜 loss=27.4245 temp=1.00 total_env_steps=22142 t=0.08s
Ep  925: len= 16 黑胜 loss=27.2672 temp=1.00 total_env_steps=22158 t=0.10s
Ep  926: len=  6 黑胜 loss=27.6677 temp=1.00 total_env_steps=22164 t=0.07s
Ep  927: len= 26 白胜 loss=27.3953 temp=1.00 total_env_steps=22190 t=0.12s
Ep  928: len=  4 白胜 loss=27.6906 temp=1.00 total_env_steps=22194 t=0.07s
Ep  929: len= 21 黑胜 loss=27.3978 temp=1.00 total_env_steps=22215 t=0.12s
Ep  930: len= 33 黑胜 loss=27.5455 temp=1.00 total_env_steps=22248 t=0.15s
Ep  931: len= 26 白胜 loss=27.8967 temp=1.00 total_env_steps=22274 t=0.15s
Ep  932: len= 23 黑胜 loss=27.7850 temp=1.00 total_env_steps=22297 t=0.12s
Ep  933: len= 21 黑胜 loss=27.8732 temp=1.00 total_env_steps=22318 t=0.12s
Ep  934: len= 28 黑胜 loss=27.6414 temp=1.00 total_env_steps=22346 t=0.13s
Ep  935: len= 35 黑胜 loss=27.4985 temp=1.00 total_env_steps=22381 t=0.15s
Ep  936: len= 25 黑胜 loss=27.7695 temp=1.00 total_env_steps=22406 t=0.13s
Ep  937: len= 29 黑胜 loss=27.5850 temp=1.00 total_env_steps=22435 t=0.14s
Ep  938: len= 23 黑胜 loss=27.3249 temp=1.00 total_env_steps=22458 t=0.13s
Ep  939: len= 37 黑胜 loss=27.4639 temp=1.00 total_env_steps=22495 t=0.16s
Ep  940: len= 28 白胜 loss=27.8439 temp=1.00 total_env_steps=22523 t=0.13s
Ep  941: len= 23 黑胜 loss=28.0020 temp=1.00 total_env_steps=22546 t=0.12s
Ep  942: len= 27 黑胜 loss=27.4640 temp=1.00 total_env_steps=22573 t=0.13s
Ep  943: len= 27 黑胜 loss=27.4221 temp=1.00 total_env_steps=22600 t=0.14s
Ep  944: len= 20 白胜 loss=27.6270 temp=1.00 total_env_steps=22620 t=0.11s
Ep  945: len= 35 黑胜 loss=27.6608 temp=1.00 total_env_steps=22655 t=0.17s
Ep  946: len= 33 黑胜 loss=27.3418 temp=1.00 total_env_steps=22688 t=0.16s
Ep  947: len= 19 白胜 loss=27.7343 temp=1.00 total_env_steps=22707 t=0.13s
Ep  948: len=  2 白胜 loss=27.8102 temp=1.00 total_env_steps=22709 t=0.07s
Ep  949: len= 18 黑胜 loss=27.6776 temp=1.00 total_env_steps=22727 t=0.12s
Ep  950: len= 30 白胜 loss=27.9197 temp=1.00 total_env_steps=22757 t=0.16s
Ep  951: len= 22 白胜 loss=27.4698 temp=1.00 total_env_steps=22779 t=0.14s
Ep  952: len= 12 白胜 loss=27.6929 temp=1.00 total_env_steps=22791 t=0.10s
Ep  953: len=  2 白胜 loss=27.5097 temp=1.00 total_env_steps=22793 t=0.07s
Ep  954: len= 26 白胜 loss=27.6538 temp=1.00 total_env_steps=22819 t=0.16s
Ep  955: len= 33 黑胜 loss=27.5512 temp=1.00 total_env_steps=22852 t=0.17s
Ep  956: len= 46 白胜 loss=27.2264 temp=1.00 total_env_steps=22898 t=0.20s
Ep  957: len= 29 黑胜 loss=27.2613 temp=1.00 total_env_steps=22927 t=0.15s
Ep  958: len= 16 黑胜 loss=27.4230 temp=1.00 total_env_steps=22943 t=0.11s
Ep  959: len= 28 白胜 loss=27.5592 temp=1.00 total_env_steps=22971 t=0.15s
Ep  960: len= 43 黑胜 loss=27.4065 temp=1.00 total_env_steps=23014 t=0.19s
Ep  961: len=  2 黑胜 loss=27.5875 temp=1.00 total_env_steps=23016 t=0.09s
Ep  962: len= 31 黑胜 loss=27.8227 temp=1.00 total_env_steps=23047 t=0.15s
Ep  963: len= 20 黑胜 loss=27.8036 temp=1.00 total_env_steps=23067 t=0.13s
Ep  964: len= 27 白胜 loss=27.5111 temp=1.00 total_env_steps=23094 t=0.15s
Ep  965: len= 21 黑胜 loss=27.3728 temp=1.00 total_env_steps=23115 t=0.17s
Ep  966: len= 32 白胜 loss=27.5420 temp=1.00 total_env_steps=23147 t=0.17s
Ep  967: len= 33 黑胜 loss=27.4641 temp=1.00 total_env_steps=23180 t=0.15s
Ep  968: len= 31 黑胜 loss=27.2666 temp=1.00 total_env_steps=23211 t=0.16s
Ep  969: len= 25 黑胜 loss=27.4889 temp=1.00 total_env_steps=23236 t=0.13s
Ep  970: len= 23 黑胜 loss=27.6957 temp=1.00 total_env_steps=23259 t=0.14s
Ep  971: len= 22 白胜 loss=27.4707 temp=1.00 total_env_steps=23281 t=0.12s
Ep  972: len= 14 黑胜 loss=27.3714 temp=1.00 total_env_steps=23295 t=0.11s
Ep  973: len= 25 黑胜 loss=27.2968 temp=1.00 total_env_steps=23320 t=0.14s
Ep  974: len= 24 白胜 loss=28.0250 temp=1.00 total_env_steps=23344 t=0.16s
Ep  975: len= 25 黑胜 loss=27.5435 temp=1.00 total_env_steps=23369 t=0.12s
Ep  976: len= 28 白胜 loss=27.2978 temp=1.00 total_env_steps=23397 t=0.15s
Ep  977: len= 28 白胜 loss=27.5849 temp=1.00 total_env_steps=23425 t=0.17s
Ep  978: len= 17 黑胜 loss=27.3999 temp=1.00 total_env_steps=23442 t=0.13s
Ep  979: len= 27 黑胜 loss=27.3951 temp=1.00 total_env_steps=23469 t=0.14s
Ep  980: len= 24 黑胜 loss=27.4379 temp=1.00 total_env_steps=23493 t=0.12s
Ep  981: len= 23 黑胜 loss=27.2635 temp=1.00 total_env_steps=23516 t=0.13s
Ep  982: len= 20 白胜 loss=27.4031 temp=1.00 total_env_steps=23536 t=0.12s
Ep  983: len= 33 黑胜 loss=27.3499 temp=1.00 total_env_steps=23569 t=0.16s
Ep  984: len= 28 白胜 loss=27.2397 temp=1.00 total_env_steps=23597 t=0.14s
Ep  985: len= 33 黑胜 loss=27.1882 temp=1.00 total_env_steps=23630 t=0.17s
Ep  986: len= 32 白胜 loss=27.3740 temp=1.00 total_env_steps=23662 t=0.15s
Ep  987: len= 29 黑胜 loss=27.3542 temp=1.00 total_env_steps=23691 t=0.17s
Ep  988: len= 19 黑胜 loss=27.4461 temp=1.00 total_env_steps=23710 t=0.12s
Ep  989: len= 27 黑胜 loss=27.4657 temp=1.00 total_env_steps=23737 t=0.17s
Ep  990: len= 23 黑胜 loss=27.3746 temp=1.00 total_env_steps=23760 t=0.14s
Ep  991: len= 18 白胜 loss=27.4553 temp=1.00 total_env_steps=23778 t=0.12s
Ep  992: len= 22 黑胜 loss=27.2769 temp=1.00 total_env_steps=23800 t=0.12s
Ep  993: len= 25 黑胜 loss=27.5340 temp=1.00 total_env_steps=23825 t=0.15s
Ep  994: len= 22 白胜 loss=27.2652 temp=1.00 total_env_steps=23847 t=0.12s
Ep  995: len= 21 白胜 loss=27.5266 temp=1.00 total_env_steps=23868 t=0.16s
Ep  996: len= 29 黑胜 loss=27.2593 temp=1.00 total_env_steps=23897 t=0.15s
Ep  997: len= 22 白胜 loss=27.3170 temp=1.00 total_env_steps=23919 t=0.13s
Ep  998: len=  6 黑胜 loss=27.2484 temp=1.00 total_env_steps=23925 t=0.08s
Ep  999: len= 21 白胜 loss=27.3145 temp=1.00 total_env_steps=23946 t=0.14s
Ep 1000: len= 27 黑胜 loss=27.0715 temp=1.00 total_env_steps=23973 t=0.14s
  eval vs Gomoku-random-v0: win_rate=1.00 mean_return=1.00（20 局，total_env_steps=23973）
  📸 已拍权重快照（ep=1000，gating 对弈基准）
Ep 1001: len= 23 黑胜 loss=26.9569 temp=1.00 total_env_steps=23996 t=0.13s
Ep 1002: len= 25 黑胜 loss=27.2353 temp=1.00 total_env_steps=24021 t=0.14s
Ep 1003: len= 28 白胜 loss=27.6791 temp=1.00 total_env_steps=24049 t=0.15s
Ep 1004: len= 28 白胜 loss=27.0406 temp=1.00 total_env_steps=24077 t=0.15s
Ep 1005: len=  2 白胜 loss=27.2832 temp=1.00 total_env_steps=24079 t=0.07s
Ep 1006: len= 22 白胜 loss=27.2850 temp=1.00 total_env_steps=24101 t=0.15s
Ep 1007: len= 27 黑胜 loss=27.4642 temp=1.00 total_env_steps=24128 t=0.13s
Ep 1008: len=  6 白胜 loss=27.3269 temp=1.00 total_env_steps=24134 t=0.09s
Ep 1009: len= 27 黑胜 loss=27.0667 temp=1.00 total_env_steps=24161 t=0.13s
Ep 1010: len= 24 白胜 loss=27.3062 temp=1.00 total_env_steps=24185 t=0.14s
Ep 1011: len= 26 白胜 loss=27.3655 temp=1.00 total_env_steps=24211 t=0.14s
Ep 1012: len= 29 白胜 loss=27.4829 temp=1.00 total_env_steps=24240 t=0.18s
Ep 1013: len=  4 白胜 loss=27.3102 temp=1.00 total_env_steps=24244 t=0.07s
Ep 1014: len= 19 黑胜 loss=27.3774 temp=1.00 total_env_steps=24263 t=0.13s
Ep 1015: len= 18 白胜 loss=27.5257 temp=1.00 total_env_steps=24281 t=0.11s
Ep 1016: len=  4 白胜 loss=27.1921 temp=1.00 total_env_steps=24285 t=0.08s
Ep 1017: len=  2 黑胜 loss=27.6255 temp=1.00 total_env_steps=24287 t=0.08s
Ep 1018: len= 21 黑胜 loss=27.3195 temp=1.00 total_env_steps=24308 t=0.12s
Ep 1019: len= 22 白胜 loss=27.6936 temp=1.00 total_env_steps=24330 t=0.14s
Ep 1020: len= 32 白胜 loss=27.2698 temp=1.00 total_env_steps=24362 t=0.16s
Ep 1021: len= 31 黑胜 loss=27.3539 temp=1.00 total_env_steps=24393 t=0.15s
Ep 1022: len= 18 黑胜 loss=27.3216 temp=1.00 total_env_steps=24411 t=0.11s
Ep 1023: len= 30 白胜 loss=27.4031 temp=1.00 total_env_steps=24441 t=0.15s
Ep 1024: len= 35 黑胜 loss=27.2593 temp=1.00 total_env_steps=24476 t=0.16s
Ep 1025: len= 28 白胜 loss=27.4402 temp=1.00 total_env_steps=24504 t=0.16s
Ep 1026: len= 27 黑胜 loss=27.0970 temp=1.00 total_env_steps=24531 t=0.16s
Ep 1027: len= 17 黑胜 loss=27.2410 temp=1.00 total_env_steps=24548 t=0.12s
Ep 1028: len= 13 黑胜 loss=27.3352 temp=1.00 total_env_steps=24561 t=0.11s
Ep 1029: len=  2 黑胜 loss=27.1686 temp=1.00 total_env_steps=24563 t=0.07s
Ep 1030: len= 25 黑胜 loss=27.1423 temp=1.00 total_env_steps=24588 t=0.13s
Ep 1031: len=  4 黑胜 loss=27.0982 temp=1.00 total_env_steps=24592 t=0.09s
Ep 1032: len=  4 黑胜 loss=27.0383 temp=1.00 total_env_steps=24596 t=0.08s
Ep 1033: len= 16 白胜 loss=27.0026 temp=1.00 total_env_steps=24612 t=0.11s
Ep 1034: len= 16 白胜 loss=26.7276 temp=1.00 total_env_steps=24628 t=0.12s
Ep 1035: len= 25 黑胜 loss=27.4640 temp=1.00 total_env_steps=24653 t=0.13s
Ep 1036: len= 19 黑胜 loss=27.5447 temp=1.00 total_env_steps=24672 t=0.14s
Ep 1037: len= 13 黑胜 loss=27.1472 temp=1.00 total_env_steps=24685 t=0.10s
Ep 1038: len= 12 白胜 loss=27.1101 temp=1.00 total_env_steps=24697 t=0.11s
Ep 1039: len= 12 白胜 loss=27.3004 temp=1.00 total_env_steps=24709 t=0.12s
Ep 1040: len= 23 黑胜 loss=27.5126 temp=1.00 total_env_steps=24732 t=0.14s
Ep 1041: len= 23 黑胜 loss=26.9481 temp=1.00 total_env_steps=24755 t=0.13s
Ep 1042: len= 18 白胜 loss=27.0540 temp=1.00 total_env_steps=24773 t=0.13s
Ep 1043: len= 27 黑胜 loss=26.8678 temp=1.00 total_env_steps=24800 t=0.15s
Ep 1044: len= 24 黑胜 loss=27.1126 temp=1.00 total_env_steps=24824 t=0.14s
Ep 1045: len= 15 黑胜 loss=27.3875 temp=1.00 total_env_steps=24839 t=0.10s
Ep 1046: len= 28 白胜 loss=27.2232 temp=1.00 total_env_steps=24867 t=0.16s
Ep 1047: len= 24 白胜 loss=26.8854 temp=1.00 total_env_steps=24891 t=0.13s
Ep 1048: len= 21 黑胜 loss=27.2254 temp=1.00 total_env_steps=24912 t=0.13s
Ep 1049: len= 29 黑胜 loss=27.4347 temp=1.00 total_env_steps=24941 t=0.14s
Ep 1050: len= 30 白胜 loss=26.9627 temp=1.00 total_env_steps=24971 t=0.15s
Ep 1051: len= 22 白胜 loss=27.1355 temp=1.00 total_env_steps=24993 t=0.12s
Ep 1052: len= 23 黑胜 loss=27.1612 temp=1.00 total_env_steps=25016 t=0.14s
Ep 1053: len=  4 黑胜 loss=26.8604 temp=1.00 total_env_steps=25020 t=0.08s
Ep 1054: len= 35 黑胜 loss=26.9764 temp=1.00 total_env_steps=25055 t=0.17s
Ep 1055: len= 67 黑胜 loss=27.1273 temp=1.00 total_env_steps=25122 t=0.23s
Ep 1056: len=  2 黑胜 loss=27.2817 temp=1.00 total_env_steps=25124 t=0.08s
Ep 1057: len= 25 黑胜 loss=27.1701 temp=1.00 total_env_steps=25149 t=0.13s
Ep 1058: len= 32 黑胜 loss=27.1538 temp=1.00 total_env_steps=25181 t=0.16s
Ep 1059: len= 21 黑胜 loss=26.8789 temp=1.00 total_env_steps=25202 t=0.12s
Ep 1060: len= 29 黑胜 loss=26.8629 temp=1.00 total_env_steps=25231 t=0.16s
Ep 1061: len= 29 黑胜 loss=26.9886 temp=1.00 total_env_steps=25260 t=0.18s
Ep 1062: len= 10 白胜 loss=27.7257 temp=1.00 total_env_steps=25270 t=0.09s
Ep 1063: len= 27 黑胜 loss=27.0677 temp=1.00 total_env_steps=25297 t=0.14s
Ep 1064: len= 34 白胜 loss=27.0894 temp=1.00 total_env_steps=25331 t=0.15s
Ep 1065: len= 39 黑胜 loss=26.7478 temp=1.00 total_env_steps=25370 t=0.17s
Ep 1066: len= 27 黑胜 loss=27.0050 temp=1.00 total_env_steps=25397 t=0.14s
Ep 1067: len= 29 黑胜 loss=27.2556 temp=1.00 total_env_steps=25426 t=0.15s
Ep 1068: len= 23 黑胜 loss=26.9232 temp=1.00 total_env_steps=25449 t=0.14s
Ep 1069: len=  8 白胜 loss=27.0479 temp=1.00 total_env_steps=25457 t=0.09s
Ep 1070: len= 21 黑胜 loss=27.2561 temp=1.00 total_env_steps=25478 t=0.12s
Ep 1071: len=  4 白胜 loss=27.1327 temp=1.00 total_env_steps=25482 t=0.08s
Ep 1072: len= 15 黑胜 loss=27.4647 temp=1.00 total_env_steps=25497 t=0.12s
Ep 1073: len= 31 黑胜 loss=27.1973 temp=1.00 total_env_steps=25528 t=0.16s
Ep 1074: len= 20 黑胜 loss=26.6253 temp=1.00 total_env_steps=25548 t=0.12s
Ep 1075: len= 21 黑胜 loss=27.0532 temp=1.00 total_env_steps=25569 t=0.13s
Ep 1076: len= 31 黑胜 loss=27.2871 temp=1.00 total_env_steps=25600 t=0.17s
Ep 1077: len= 25 黑胜 loss=27.3229 temp=1.00 total_env_steps=25625 t=0.17s
Ep 1078: len= 20 白胜 loss=27.1084 temp=1.00 total_env_steps=25645 t=0.15s
Ep 1079: len= 34 白胜 loss=27.1941 temp=1.00 total_env_steps=25679 t=0.18s
Ep 1080: len= 23 黑胜 loss=27.1572 temp=1.00 total_env_steps=25702 t=0.14s
Ep 1081: len= 16 黑胜 loss=26.7643 temp=1.00 total_env_steps=25718 t=0.12s
Ep 1082: len= 27 黑胜 loss=27.0535 temp=1.00 total_env_steps=25745 t=0.14s
Ep 1083: len= 19 黑胜 loss=26.7854 temp=1.00 total_env_steps=25764 t=0.12s
Ep 1084: len= 17 黑胜 loss=27.1566 temp=1.00 total_env_steps=25781 t=0.11s
Ep 1085: len= 23 黑胜 loss=26.5768 temp=1.00 total_env_steps=25804 t=0.15s
Ep 1086: len= 29 黑胜 loss=26.8962 temp=1.00 total_env_steps=25833 t=0.18s
Ep 1087: len= 10 黑胜 loss=26.7441 temp=1.00 total_env_steps=25843 t=0.10s
Ep 1088: len= 39 黑胜 loss=26.6254 temp=1.00 total_env_steps=25882 t=0.18s
Ep 1089: len= 31 黑胜 loss=27.2712 temp=1.00 total_env_steps=25913 t=0.14s
Ep 1090: len= 27 白胜 loss=26.8760 temp=1.00 total_env_steps=25940 t=0.14s
Ep 1091: len= 37 黑胜 loss=27.0975 temp=1.00 total_env_steps=25977 t=0.16s
Ep 1092: len= 19 黑胜 loss=27.2787 temp=1.00 total_env_steps=25996 t=0.13s
Ep 1093: len= 37 黑胜 loss=27.4442 temp=1.00 total_env_steps=26033 t=0.17s
Ep 1094: len= 22 白胜 loss=27.1585 temp=1.00 total_env_steps=26055 t=0.13s
Ep 1095: len= 17 黑胜 loss=27.2219 temp=1.00 total_env_steps=26072 t=0.14s
Ep 1096: len=  2 黑胜 loss=27.0297 temp=1.00 total_env_steps=26074 t=0.08s
Ep 1097: len=  2 黑胜 loss=27.0395 temp=1.00 total_env_steps=26076 t=0.08s
Ep 1098: len= 18 白胜 loss=26.8134 temp=1.00 total_env_steps=26094 t=0.14s
Ep 1099: len= 18 白胜 loss=26.6385 temp=1.00 total_env_steps=26112 t=0.12s
Ep 1100: len=  2 白胜 loss=26.9693 temp=1.00 total_env_steps=26114 t=0.08s
Ep 1101: len= 27 黑胜 loss=27.1917 temp=1.00 total_env_steps=26141 t=0.16s
Ep 1102: len= 33 黑胜 loss=26.7979 temp=1.00 total_env_steps=26174 t=0.17s
Ep 1103: len= 25 黑胜 loss=26.7818 temp=1.00 total_env_steps=26199 t=0.15s
Ep 1104: len= 25 黑胜 loss=26.9716 temp=1.00 total_env_steps=26224 t=0.15s
Ep 1105: len= 23 黑胜 loss=26.9820 temp=1.00 total_env_steps=26247 t=0.13s
Ep 1106: len= 29 黑胜 loss=26.8663 temp=1.00 total_env_steps=26276 t=0.17s
Ep 1107: len= 29 黑胜 loss=26.4056 temp=1.00 total_env_steps=26305 t=0.14s
Ep 1108: len= 33 黑胜 loss=26.4110 temp=1.00 total_env_steps=26338 t=0.17s
Ep 1109: len= 20 黑胜 loss=26.6929 temp=1.00 total_env_steps=26358 t=0.12s
Ep 1110: len= 25 黑胜 loss=27.3145 temp=1.00 total_env_steps=26383 t=0.15s
Ep 1111: len= 17 黑胜 loss=26.9798 temp=1.00 total_env_steps=26400 t=0.14s
Ep 1112: len= 29 白胜 loss=27.1687 temp=1.00 total_env_steps=26429 t=0.15s
Ep 1113: len= 24 白胜 loss=26.6589 temp=1.00 total_env_steps=26453 t=0.15s
Ep 1114: len= 33 黑胜 loss=26.8695 temp=1.00 total_env_steps=26486 t=0.15s
Ep 1115: len= 14 黑胜 loss=27.0847 temp=1.00 total_env_steps=26500 t=0.13s
Ep 1116: len= 35 黑胜 loss=27.2221 temp=1.00 total_env_steps=26535 t=0.17s
Ep 1117: len= 31 黑胜 loss=26.7472 temp=1.00 total_env_steps=26566 t=0.16s
Ep 1118: len= 25 黑胜 loss=26.6556 temp=1.00 total_env_steps=26591 t=0.14s
Ep 1119: len= 25 黑胜 loss=26.6928 temp=1.00 total_env_steps=26616 t=0.14s
Ep 1120: len= 16 白胜 loss=26.8452 temp=1.00 total_env_steps=26632 t=0.11s
Ep 1121: len=  2 黑胜 loss=27.0745 temp=1.00 total_env_steps=26634 t=0.08s
Ep 1122: len=  9 白胜 loss=26.9113 temp=1.00 total_env_steps=26643 t=0.09s
Ep 1123: len= 14 白胜 loss=27.3182 temp=1.00 total_env_steps=26657 t=0.11s
Ep 1124: len=  4 白胜 loss=26.7407 temp=1.00 total_env_steps=26661 t=0.11s
Ep 1125: len= 23 黑胜 loss=27.2296 temp=1.00 total_env_steps=26684 t=0.13s
Ep 1126: len= 19 黑胜 loss=27.1314 temp=1.00 total_env_steps=26703 t=0.13s
Ep 1127: len= 27 黑胜 loss=26.7622 temp=1.00 total_env_steps=26730 t=0.14s
Ep 1128: len= 36 黑胜 loss=27.0399 temp=1.00 total_env_steps=26766 t=0.19s
Ep 1129: len= 41 黑胜 loss=27.1131 temp=1.00 total_env_steps=26807 t=0.20s
Ep 1130: len= 23 黑胜 loss=27.0604 temp=1.00 total_env_steps=26830 t=0.13s
Ep 1131: len= 19 黑胜 loss=26.6447 temp=1.00 total_env_steps=26849 t=0.15s
Ep 1132: len= 25 黑胜 loss=27.0516 temp=1.00 total_env_steps=26874 t=0.13s
Ep 1133: len= 19 黑胜 loss=27.0499 temp=1.00 total_env_steps=26893 t=0.14s
Ep 1134: len= 18 白胜 loss=26.8974 temp=1.00 total_env_steps=26911 t=0.11s
Ep 1135: len= 23 黑胜 loss=27.1477 temp=1.00 total_env_steps=26934 t=0.17s
Ep 1136: len= 31 黑胜 loss=26.7257 temp=1.00 total_env_steps=26965 t=0.16s
Ep 1137: len= 25 黑胜 loss=26.9857 temp=1.00 total_env_steps=26990 t=0.14s
Ep 1138: len= 20 黑胜 loss=26.6096 temp=1.00 total_env_steps=27010 t=0.13s
Ep 1139: len= 31 黑胜 loss=26.8768 temp=1.00 total_env_steps=27041 t=0.17s
Ep 1140: len=  2 黑胜 loss=27.1490 temp=1.00 total_env_steps=27043 t=0.06s
Ep 1141: len= 21 黑胜 loss=27.0301 temp=1.00 total_env_steps=27064 t=0.09s
Ep 1142: len= 23 黑胜 loss=26.9094 temp=1.00 total_env_steps=27087 t=0.09s
Ep 1143: len=  8 白胜 loss=26.5935 temp=1.00 total_env_steps=27095 t=0.04s
Ep 1144: len= 42 白胜 loss=26.4172 temp=1.00 total_env_steps=27137 t=0.10s
Ep 1145: len= 38 白胜 loss=27.2121 temp=1.00 total_env_steps=27175 t=0.10s
Ep 1146: len= 27 黑胜 loss=26.9042 temp=1.00 total_env_steps=27202 t=0.08s
Ep 1147: len= 32 白胜 loss=26.8166 temp=1.00 total_env_steps=27234 t=0.08s
Ep 1148: len= 35 黑胜 loss=27.0096 temp=1.00 total_env_steps=27269 t=0.09s
Ep 1149: len= 23 白胜 loss=27.2432 temp=1.00 total_env_steps=27292 t=0.07s
Ep 1150: len= 27 黑胜 loss=26.9968 temp=1.00 total_env_steps=27319 t=0.07s
Ep 1151: len= 25 黑胜 loss=27.0562 temp=1.00 total_env_steps=27344 t=0.07s
Ep 1152: len= 18 黑胜 loss=26.4358 temp=1.00 total_env_steps=27362 t=0.06s
Ep 1153: len= 35 黑胜 loss=27.1399 temp=1.00 total_env_steps=27397 t=0.08s
Ep 1154: len=  9 黑胜 loss=26.6598 temp=1.00 total_env_steps=27406 t=0.04s
Ep 1155: len= 25 黑胜 loss=26.5415 temp=1.00 total_env_steps=27431 t=0.06s
Ep 1156: len= 18 白胜 loss=26.4250 temp=1.00 total_env_steps=27449 t=0.05s
Ep 1157: len= 37 黑胜 loss=27.2002 temp=1.00 total_env_steps=27486 t=0.09s
Ep 1158: len= 25 黑胜 loss=26.8586 temp=1.00 total_env_steps=27511 t=0.06s
Ep 1159: len= 25 黑胜 loss=26.7195 temp=1.00 total_env_steps=27536 t=0.07s
Ep 1160: len= 21 黑胜 loss=26.6914 temp=1.00 total_env_steps=27557 t=0.06s
Ep 1161: len= 17 黑胜 loss=27.0867 temp=1.00 total_env_steps=27574 t=0.06s
Ep 1162: len= 35 黑胜 loss=26.2401 temp=1.00 total_env_steps=27609 t=0.09s
Ep 1163: len=  2 白胜 loss=26.9940 temp=1.00 total_env_steps=27611 t=0.02s
Ep 1164: len= 11 黑胜 loss=26.8058 temp=1.00 total_env_steps=27622 t=0.04s
Ep 1165: len= 20 白胜 loss=25.9093 temp=1.00 total_env_steps=27642 t=0.06s
Ep 1166: len= 33 黑胜 loss=26.5495 temp=1.00 total_env_steps=27675 t=0.09s
Ep 1167: len= 23 黑胜 loss=27.0442 temp=1.00 total_env_steps=27698 t=0.07s
Ep 1168: len= 18 白胜 loss=26.6860 temp=1.00 total_env_steps=27716 t=0.06s
Ep 1169: len= 20 白胜 loss=26.7556 temp=1.00 total_env_steps=27736 t=0.05s
Ep 1170: len= 34 黑胜 loss=26.5691 temp=1.00 total_env_steps=27770 t=0.08s
Ep 1171: len= 32 白胜 loss=26.4750 temp=1.00 total_env_steps=27802 t=0.08s
Ep 1172: len= 31 黑胜 loss=26.4972 temp=1.00 total_env_steps=27833 t=0.08s
Ep 1173: len= 18 白胜 loss=26.6706 temp=1.00 total_env_steps=27851 t=0.06s
Ep 1174: len=  6 黑胜 loss=26.4458 temp=1.00 total_env_steps=27857 t=0.03s
Ep 1175: len= 23 黑胜 loss=27.0782 temp=1.00 total_env_steps=27880 t=0.07s
Ep 1176: len= 23 黑胜 loss=26.6708 temp=1.00 total_env_steps=27903 t=0.06s
Ep 1177: len= 28 白胜 loss=26.6855 temp=1.00 total_env_steps=27931 t=0.07s
Ep 1178: len= 31 黑胜 loss=26.6675 temp=1.00 total_env_steps=27962 t=0.07s
Ep 1179: len= 15 白胜 loss=27.0360 temp=1.00 total_env_steps=27977 t=0.04s
Ep 1180: len=  4 白胜 loss=27.0984 temp=1.00 total_env_steps=27981 t=0.03s
Ep 1181: len= 40 白胜 loss=26.7775 temp=1.00 total_env_steps=28021 t=0.09s
Ep 1182: len= 31 白胜 loss=27.2208 temp=1.00 total_env_steps=28052 t=0.07s
Ep 1183: len= 29 黑胜 loss=27.2776 temp=1.00 total_env_steps=28081 t=0.07s
Ep 1184: len= 29 黑胜 loss=27.0216 temp=1.00 total_env_steps=28110 t=0.07s
Ep 1185: len=  6 黑胜 loss=26.5554 temp=1.00 total_env_steps=28116 t=0.03s
Ep 1186: len= 25 黑胜 loss=26.6082 temp=1.00 total_env_steps=28141 t=0.06s
Ep 1187: len=  2 黑胜 loss=27.1844 temp=1.00 total_env_steps=28143 t=0.02s
Ep 1188: len= 25 黑胜 loss=26.8148 temp=1.00 total_env_steps=28168 t=0.06s
Ep 1189: len= 24 白胜 loss=26.9590 temp=1.00 total_env_steps=28192 t=0.06s
Ep 1190: len= 29 黑胜 loss=26.4285 temp=1.00 total_env_steps=28221 t=0.07s
Ep 1191: len= 31 黑胜 loss=26.8830 temp=1.00 total_env_steps=28252 t=0.07s
Ep 1192: len=  2 黑胜 loss=26.5671 temp=1.00 total_env_steps=28254 t=0.02s
Ep 1193: len= 23 黑胜 loss=26.9134 temp=1.00 total_env_steps=28277 t=0.06s
Ep 1194: len= 23 黑胜 loss=26.4980 temp=1.00 total_env_steps=28300 t=0.06s
Ep 1195: len= 27 黑胜 loss=26.5222 temp=1.00 total_env_steps=28327 t=0.07s
Ep 1196: len= 25 黑胜 loss=26.4894 temp=1.00 total_env_steps=28352 t=0.06s
Ep 1197: len= 25 黑胜 loss=27.0037 temp=1.00 total_env_steps=28377 t=0.06s
Ep 1198: len=  2 黑胜 loss=26.8743 temp=1.00 total_env_steps=28379 t=0.02s
Ep 1199: len= 27 黑胜 loss=26.7956 temp=1.00 total_env_steps=28406 t=0.07s
Ep 1200: len= 21 黑胜 loss=27.2132 temp=1.00 total_env_steps=28427 t=0.06s
  eval vs Gomoku-random-v0: win_rate=1.00 mean_return=1.00（20 局，total_env_steps=28427）
Ep 1201: len= 18 白胜 loss=26.5844 temp=1.00 total_env_steps=28445 t=0.06s
Ep 1202: len= 35 黑胜 loss=27.1970 temp=1.00 total_env_steps=28480 t=0.10s
Ep 1203: len= 37 黑胜 loss=26.5129 temp=1.00 total_env_steps=28517 t=0.09s
Ep 1204: len=  6 黑胜 loss=26.8406 temp=1.00 total_env_steps=28523 t=0.03s
Ep 1205: len= 35 黑胜 loss=26.7005 temp=1.00 total_env_steps=28558 t=0.08s
Ep 1206: len= 10 黑胜 loss=26.9491 temp=1.00 total_env_steps=28568 t=0.04s
Ep 1207: len= 23 黑胜 loss=27.1256 temp=1.00 total_env_steps=28591 t=0.06s
Ep 1208: len=  2 白胜 loss=27.0252 temp=1.00 total_env_steps=28593 t=0.02s
Ep 1209: len= 18 黑胜 loss=26.5777 temp=1.00 total_env_steps=28611 t=0.05s
Ep 1210: len=  6 黑胜 loss=27.1053 temp=1.00 total_env_steps=28617 t=0.03s
Ep 1211: len= 36 白胜 loss=26.6506 temp=1.00 total_env_steps=28653 t=0.08s
Ep 1212: len= 21 黑胜 loss=26.7907 temp=1.00 total_env_steps=28674 t=0.06s
Ep 1213: len= 21 黑胜 loss=27.1633 temp=1.00 total_env_steps=28695 t=0.06s
Ep 1214: len=  2 白胜 loss=26.4308 temp=1.00 total_env_steps=28697 t=0.02s
Ep 1215: len= 25 黑胜 loss=26.5688 temp=1.00 total_env_steps=28722 t=0.06s
Ep 1216: len= 20 白胜 loss=27.0352 temp=1.00 total_env_steps=28742 t=0.05s
Ep 1217: len= 24 白胜 loss=27.0178 temp=1.00 total_env_steps=28766 t=0.06s
Ep 1218: len= 15 黑胜 loss=26.6659 temp=1.00 total_env_steps=28781 t=0.04s
Ep 1219: len= 23 黑胜 loss=26.4138 temp=1.00 total_env_steps=28804 t=0.06s
Ep 1220: len= 26 白胜 loss=27.1544 temp=1.00 total_env_steps=28830 t=0.07s
Ep 1221: len= 29 黑胜 loss=26.3366 temp=1.00 total_env_steps=28859 t=0.08s
Ep 1222: len= 37 黑胜 loss=26.6159 temp=1.00 total_env_steps=28896 t=0.08s
Ep 1223: len= 29 黑胜 loss=26.5958 temp=1.00 total_env_steps=28925 t=0.07s
Ep 1224: len=  2 黑胜 loss=27.0374 temp=1.00 total_env_steps=28927 t=0.02s
Ep 1225: len= 33 黑胜 loss=26.7902 temp=1.00 total_env_steps=28960 t=0.08s
Ep 1226: len= 36 白胜 loss=26.8162 temp=1.00 total_env_steps=28996 t=0.08s
Ep 1227: len=  4 黑胜 loss=27.1037 temp=1.00 total_env_steps=29000 t=0.03s
Ep 1228: len= 33 黑胜 loss=26.9645 temp=1.00 total_env_steps=29033 t=0.08s
Ep 1229: len= 25 黑胜 loss=26.5578 temp=1.00 total_env_steps=29058 t=0.07s
Ep 1230: len=  2 黑胜 loss=27.1117 temp=1.00 total_env_steps=29060 t=0.02s
Ep 1231: len= 31 黑胜 loss=26.6458 temp=1.00 total_env_steps=29091 t=0.07s
Ep 1232: len= 27 黑胜 loss=26.5186 temp=1.00 total_env_steps=29118 t=0.07s
Ep 1233: len= 33 黑胜 loss=27.2635 temp=1.00 total_env_steps=29151 t=0.08s
Ep 1234: len= 23 黑胜 loss=26.8711 temp=1.00 total_env_steps=29174 t=0.06s
Ep 1235: len= 25 黑胜 loss=26.4125 temp=1.00 total_env_steps=29199 t=0.07s
Ep 1236: len= 23 黑胜 loss=27.1956 temp=1.00 total_env_steps=29222 t=0.06s
Ep 1237: len= 35 黑胜 loss=26.9587 temp=1.00 total_env_steps=29257 t=0.09s
Ep 1238: len= 27 黑胜 loss=26.4765 temp=1.00 total_env_steps=29284 t=0.07s
Ep 1239: len= 29 黑胜 loss=26.3556 temp=1.00 total_env_steps=29313 t=0.07s
Ep 1240: len= 23 黑胜 loss=26.3229 temp=1.00 total_env_steps=29336 t=0.07s
Ep 1241: len= 27 黑胜 loss=26.7334 temp=1.00 total_env_steps=29363 t=0.07s
Ep 1242: len= 24 白胜 loss=26.8710 temp=1.00 total_env_steps=29387 t=0.06s
Ep 1243: len= 27 黑胜 loss=26.4893 temp=1.00 total_env_steps=29414 t=0.08s
Ep 1244: len= 29 黑胜 loss=26.7741 temp=1.00 total_env_steps=29443 t=0.08s
Ep 1245: len=  2 白胜 loss=26.9509 temp=1.00 total_env_steps=29445 t=0.02s
Ep 1246: len=  4 黑胜 loss=26.6711 temp=1.00 total_env_steps=29449 t=0.03s
Ep 1247: len= 37 黑胜 loss=27.0241 temp=1.00 total_env_steps=29486 t=0.09s
Ep 1248: len= 21 黑胜 loss=26.9614 temp=1.00 total_env_steps=29507 t=0.06s
Ep 1249: len= 17 黑胜 loss=26.6709 temp=1.00 total_env_steps=29524 t=0.06s
Ep 1250: len=  2 黑胜 loss=27.2311 temp=1.00 total_env_steps=29526 t=0.02s
Ep 1251: len= 12 黑胜 loss=26.8736 temp=1.00 total_env_steps=29538 t=0.04s
Ep 1252: len= 29 黑胜 loss=27.0112 temp=1.00 total_env_steps=29567 t=0.07s
Ep 1253: len= 16 黑胜 loss=26.7356 temp=1.00 total_env_steps=29583 t=0.05s
Ep 1254: len= 23 黑胜 loss=26.7707 temp=1.00 total_env_steps=29606 t=0.07s
Ep 1255: len= 31 黑胜 loss=27.1938 temp=1.00 total_env_steps=29637 t=0.08s
Ep 1256: len= 19 黑胜 loss=27.2001 temp=1.00 total_env_steps=29656 t=0.07s
Ep 1257: len= 29 黑胜 loss=27.1969 temp=1.00 total_env_steps=29685 t=0.10s
Ep 1258: len= 35 黑胜 loss=27.0086 temp=1.00 total_env_steps=29720 t=0.08s
Ep 1259: len= 31 黑胜 loss=26.4581 temp=1.00 total_env_steps=29751 t=0.08s
Ep 1260: len= 17 黑胜 loss=26.3352 temp=1.00 total_env_steps=29768 t=0.05s
Ep 1261: len=  2 白胜 loss=26.5375 temp=1.00 total_env_steps=29770 t=0.02s
Ep 1262: len= 29 黑胜 loss=26.5615 temp=1.00 total_env_steps=29799 t=0.08s
Ep 1263: len= 17 黑胜 loss=26.3794 temp=1.00 total_env_steps=29816 t=0.05s
Ep 1264: len= 36 白胜 loss=26.8420 temp=1.00 total_env_steps=29852 t=0.09s
Ep 1265: len= 24 黑胜 loss=26.8249 temp=1.00 total_env_steps=29876 t=0.07s
Ep 1266: len= 37 黑胜 loss=26.6069 temp=1.00 total_env_steps=29913 t=0.10s
Ep 1267: len= 26 白胜 loss=26.6681 temp=1.00 total_env_steps=29939 t=0.08s
Ep 1268: len= 19 黑胜 loss=26.4427 temp=1.00 total_env_steps=29958 t=0.05s
Ep 1269: len= 16 白胜 loss=26.8507 temp=1.00 total_env_steps=29974 t=0.05s
Ep 1270: len= 25 黑胜 loss=26.4877 temp=1.00 total_env_steps=29999 t=0.07s
Ep 1271: len= 29 黑胜 loss=26.7814 temp=1.00 total_env_steps=30028 t=0.07s
Ep 1272: len= 16 白胜 loss=27.0605 temp=1.00 total_env_steps=30044 t=0.05s
Ep 1273: len= 10 白胜 loss=27.2522 temp=1.00 total_env_steps=30054 t=0.04s
Ep 1274: len= 27 黑胜 loss=27.0602 temp=1.00 total_env_steps=30081 t=0.07s
Ep 1275: len= 25 黑胜 loss=26.7547 temp=1.00 total_env_steps=30106 t=0.08s
Ep 1276: len= 18 白胜 loss=26.6035 temp=1.00 total_env_steps=30124 t=0.08s
Ep 1277: len= 33 黑胜 loss=27.2081 temp=1.00 total_env_steps=30157 t=0.10s
Ep 1278: len= 19 黑胜 loss=26.7406 temp=1.00 total_env_steps=30176 t=0.07s
Ep 1279: len= 33 黑胜 loss=26.8224 temp=1.00 total_env_steps=30209 t=0.09s
Ep 1280: len= 37 黑胜 loss=26.9017 temp=1.00 total_env_steps=30246 t=0.12s
Ep 1281: len= 23 黑胜 loss=26.5913 temp=1.00 total_env_steps=30269 t=0.07s
Ep 1282: len= 21 黑胜 loss=26.9345 temp=1.00 total_env_steps=30290 t=0.07s
Ep 1283: len= 30 黑胜 loss=26.7464 temp=1.00 total_env_steps=30320 t=0.09s
Ep 1284: len= 25 黑胜 loss=27.0479 temp=1.00 total_env_steps=30345 t=0.08s
Ep 1285: len= 19 黑胜 loss=26.7927 temp=1.00 total_env_steps=30364 t=0.06s
Ep 1286: len= 25 黑胜 loss=26.6791 temp=1.00 total_env_steps=30389 t=0.07s
Ep 1287: len= 20 黑胜 loss=27.0298 temp=1.00 total_env_steps=30409 t=0.06s
Ep 1288: len= 41 黑胜 loss=26.7965 temp=1.00 total_env_steps=30450 t=0.10s
Ep 1289: len= 32 白胜 loss=26.9045 temp=1.00 total_env_steps=30482 t=0.09s
Ep 1290: len= 21 黑胜 loss=27.1153 temp=1.00 total_env_steps=30503 t=0.08s
Ep 1291: len= 29 黑胜 loss=27.0150 temp=1.00 total_env_steps=30532 t=0.09s
Ep 1292: len=  6 黑胜 loss=27.2413 temp=1.00 total_env_steps=30538 t=0.04s
Ep 1293: len= 27 黑胜 loss=26.4684 temp=1.00 total_env_steps=30565 t=0.08s
Ep 1294: len= 33 黑胜 loss=27.2125 temp=1.00 total_env_steps=30598 t=0.10s
Ep 1295: len= 27 黑胜 loss=26.8763 temp=1.00 total_env_steps=30625 t=0.08s
Ep 1296: len= 17 黑胜 loss=27.3859 temp=1.00 total_env_steps=30642 t=0.06s
Ep 1297: len=  2 黑胜 loss=26.8047 temp=1.00 total_env_steps=30644 t=0.03s
Ep 1298: len= 27 黑胜 loss=26.4615 temp=1.00 total_env_steps=30671 t=0.08s
Ep 1299: len= 18 白胜 loss=27.0847 temp=1.00 total_env_steps=30689 t=0.06s
Ep 1300: len= 17 黑胜 loss=26.4308 temp=1.00 total_env_steps=30706 t=0.06s
Ep 1301: len= 25 黑胜 loss=26.9193 temp=1.00 total_env_steps=30731 t=0.07s
Ep 1302: len= 29 黑胜 loss=26.2834 temp=1.00 total_env_steps=30760 t=0.08s
Ep 1303: len= 18 黑胜 loss=26.6470 temp=1.00 total_env_steps=30778 t=0.07s
Ep 1304: len=  2 黑胜 loss=26.9879 temp=1.00 total_env_steps=30780 t=0.03s
Ep 1305: len= 21 黑胜 loss=26.9312 temp=1.00 total_env_steps=30801 t=0.06s
Ep 1306: len= 20 白胜 loss=26.7741 temp=1.00 total_env_steps=30821 t=0.07s
Ep 1307: len= 22 黑胜 loss=26.7504 temp=1.00 total_env_steps=30843 t=0.07s
Ep 1308: len= 22 白胜 loss=26.5645 temp=1.00 total_env_steps=30865 t=0.07s
Ep 1309: len= 24 白胜 loss=26.9548 temp=1.00 total_env_steps=30889 t=0.07s
Ep 1310: len= 14 黑胜 loss=26.7740 temp=1.00 total_env_steps=30903 t=0.05s
Ep 1311: len= 33 黑胜 loss=27.2815 temp=1.00 total_env_steps=30936 t=0.09s
Ep 1312: len= 27 黑胜 loss=26.6610 temp=1.00 total_env_steps=30963 t=0.08s
Ep 1313: len= 23 黑胜 loss=26.5862 temp=1.00 total_env_steps=30986 t=0.07s
Ep 1314: len= 30 白胜 loss=26.8990 temp=1.00 total_env_steps=31016 t=0.08s
Ep 1315: len= 31 黑胜 loss=27.1509 temp=1.00 total_env_steps=31047 t=0.09s
Ep 1316: len= 29 黑胜 loss=26.9167 temp=1.00 total_env_steps=31076 t=0.09s
Ep 1317: len= 29 黑胜 loss=26.9499 temp=1.00 total_env_steps=31105 t=0.08s
Ep 1318: len= 14 黑胜 loss=26.5028 temp=1.00 total_env_steps=31119 t=0.06s
Ep 1319: len=  6 白胜 loss=27.2394 temp=1.00 total_env_steps=31125 t=0.04s
Ep 1320: len= 32 白胜 loss=26.8907 temp=1.00 total_env_steps=31157 t=0.09s
Ep 1321: len= 35 黑胜 loss=26.7638 temp=1.00 total_env_steps=31192 t=0.09s
Ep 1322: len= 15 黑胜 loss=27.0513 temp=1.00 total_env_steps=31207 t=0.06s
Ep 1323: len= 15 黑胜 loss=26.9761 temp=1.00 total_env_steps=31222 t=0.05s
Ep 1324: len= 15 黑胜 loss=26.4759 temp=1.00 total_env_steps=31237 t=0.05s
Ep 1325: len=  2 黑胜 loss=26.5900 temp=1.00 total_env_steps=31239 t=0.03s
Ep 1326: len= 21 黑胜 loss=26.8980 temp=1.00 total_env_steps=31260 t=0.07s
Ep 1327: len= 24 白胜 loss=26.8326 temp=1.00 total_env_steps=31284 t=0.07s
Ep 1328: len= 10 白胜 loss=26.4784 temp=1.00 total_env_steps=31294 t=0.04s
Ep 1329: len= 25 黑胜 loss=26.7696 temp=1.00 total_env_steps=31319 t=0.08s
Ep 1330: len= 23 黑胜 loss=27.2869 temp=1.00 total_env_steps=31342 t=0.07s
Ep 1331: len= 17 黑胜 loss=26.9811 temp=1.00 total_env_steps=31359 t=0.06s
Ep 1332: len= 26 白胜 loss=26.8689 temp=1.00 total_env_steps=31385 t=0.08s
Ep 1333: len= 18 黑胜 loss=26.7664 temp=1.00 total_env_steps=31403 t=0.06s
Ep 1334: len= 17 黑胜 loss=26.6332 temp=1.00 total_env_steps=31420 t=0.06s
Ep 1335: len= 21 黑胜 loss=26.9182 temp=1.00 total_env_steps=31441 t=0.07s
Ep 1336: len= 23 黑胜 loss=26.7930 temp=1.00 total_env_steps=31464 t=0.07s
Ep 1337: len= 37 黑胜 loss=27.0707 temp=1.00 total_env_steps=31501 t=0.10s
Ep 1338: len= 14 白胜 loss=26.9706 temp=1.00 total_env_steps=31515 t=0.05s
Ep 1339: len= 23 黑胜 loss=26.9697 temp=1.00 total_env_steps=31538 t=0.07s
Ep 1340: len= 23 黑胜 loss=26.9858 temp=1.00 total_env_steps=31561 t=0.08s
Ep 1341: len= 19 黑胜 loss=26.9626 temp=1.00 total_env_steps=31580 t=0.06s
Ep 1342: len= 23 黑胜 loss=27.0136 temp=1.00 total_env_steps=31603 t=0.07s
Ep 1343: len= 23 黑胜 loss=26.8764 temp=1.00 total_env_steps=31626 t=0.07s
Ep 1344: len= 27 黑胜 loss=26.3210 temp=1.00 total_env_steps=31653 t=0.07s
Ep 1345: len= 30 白胜 loss=26.6492 temp=1.00 total_env_steps=31683 t=0.08s
Ep 1346: len= 23 黑胜 loss=26.4955 temp=1.00 total_env_steps=31706 t=0.09s
Ep 1347: len= 31 黑胜 loss=26.7192 temp=1.00 total_env_steps=31737 t=0.09s
Ep 1348: len=  2 白胜 loss=26.9618 temp=1.00 total_env_steps=31739 t=0.03s
Ep 1349: len= 16 黑胜 loss=26.6930 temp=1.00 total_env_steps=31755 t=0.06s
Ep 1350: len= 19 黑胜 loss=26.5424 temp=1.00 total_env_steps=31774 t=0.06s
Ep 1351: len= 23 黑胜 loss=27.1916 temp=1.00 total_env_steps=31797 t=0.07s
Ep 1352: len= 31 黑胜 loss=26.7167 temp=1.00 total_env_steps=31828 t=0.09s
Ep 1353: len= 15 黑胜 loss=27.2911 temp=1.00 total_env_steps=31843 t=0.06s
Ep 1354: len= 35 黑胜 loss=26.9582 temp=1.00 total_env_steps=31878 t=0.10s
Ep 1355: len= 37 黑胜 loss=26.8659 temp=1.00 total_env_steps=31915 t=0.10s
Ep 1356: len= 17 白胜 loss=26.4039 temp=1.00 total_env_steps=31932 t=0.06s
Ep 1357: len= 21 白胜 loss=26.9523 temp=1.00 total_env_steps=31953 t=0.07s
Ep 1358: len= 41 黑胜 loss=26.5732 temp=1.00 total_env_steps=31994 t=0.10s
Ep 1359: len=  4 黑胜 loss=26.7778 temp=1.00 total_env_steps=31998 t=0.04s
Ep 1360: len= 41 黑胜 loss=26.8941 temp=1.00 total_env_steps=32039 t=0.11s
Ep 1361: len= 10 白胜 loss=26.5536 temp=1.00 total_env_steps=32049 t=0.04s
Ep 1362: len=  6 黑胜 loss=26.2898 temp=1.00 total_env_steps=32055 t=0.03s
Ep 1363: len= 39 黑胜 loss=26.4917 temp=1.00 total_env_steps=32094 t=0.09s
Ep 1364: len=  4 黑胜 loss=26.7604 temp=1.00 total_env_steps=32098 t=0.03s
Ep 1365: len=  4 白胜 loss=26.5934 temp=1.00 total_env_steps=32102 t=0.03s
Ep 1366: len= 22 白胜 loss=26.7560 temp=1.00 total_env_steps=32124 t=0.07s
Ep 1367: len= 19 黑胜 loss=26.2597 temp=1.00 total_env_steps=32143 t=0.06s
Ep 1368: len= 21 黑胜 loss=27.0678 temp=1.00 total_env_steps=32164 t=0.07s
Ep 1369: len= 29 黑胜 loss=26.6246 temp=1.00 total_env_steps=32193 t=0.08s
Ep 1370: len= 39 白胜 loss=26.6575 temp=1.00 total_env_steps=32232 t=0.10s
Ep 1371: len= 14 白胜 loss=26.7080 temp=1.00 total_env_steps=32246 t=0.05s
Ep 1372: len= 18 黑胜 loss=26.5547 temp=1.00 total_env_steps=32264 t=0.06s
Ep 1373: len= 23 黑胜 loss=26.0890 temp=1.00 total_env_steps=32287 t=0.07s
Ep 1374: len= 34 白胜 loss=26.6442 temp=1.00 total_env_steps=32321 t=0.10s
Ep 1375: len= 22 白胜 loss=26.5447 temp=1.00 total_env_steps=32343 t=0.09s
Ep 1376: len= 15 黑胜 loss=26.8502 temp=1.00 total_env_steps=32358 t=0.05s
Ep 1377: len= 30 白胜 loss=26.6414 temp=1.00 total_env_steps=32388 t=0.08s
Ep 1378: len=  2 黑胜 loss=26.9854 temp=1.00 total_env_steps=32390 t=0.03s
Ep 1379: len= 39 黑胜 loss=27.0519 temp=1.00 total_env_steps=32429 t=0.10s
Ep 1380: len= 29 黑胜 loss=27.0827 temp=1.00 total_env_steps=32458 t=0.08s
Ep 1381: len=  2 白胜 loss=26.2692 temp=1.00 total_env_steps=32460 t=0.03s
Ep 1382: len= 27 黑胜 loss=26.2983 temp=1.00 total_env_steps=32487 t=0.08s
Ep 1383: len= 35 黑胜 loss=26.5143 temp=1.00 total_env_steps=32522 t=0.09s
Ep 1384: len= 10 黑胜 loss=26.7922 temp=1.00 total_env_steps=32532 t=0.04s
Ep 1385: len= 25 黑胜 loss=26.7152 temp=1.00 total_env_steps=32557 t=0.08s
Ep 1386: len= 14 白胜 loss=27.2254 temp=1.00 total_env_steps=32571 t=0.05s
Ep 1387: len=  4 黑胜 loss=26.6750 temp=1.00 total_env_steps=32575 t=0.03s
Ep 1388: len= 25 黑胜 loss=26.9222 temp=1.00 total_env_steps=32600 t=0.08s
Ep 1389: len= 23 黑胜 loss=26.7210 temp=1.00 total_env_steps=32623 t=0.08s
Ep 1390: len= 25 黑胜 loss=27.0781 temp=1.00 total_env_steps=32648 t=0.08s
Ep 1391: len=  2 白胜 loss=26.5726 temp=1.00 total_env_steps=32650 t=0.02s
Ep 1392: len= 27 黑胜 loss=26.5870 temp=1.00 total_env_steps=32677 t=0.08s
Ep 1393: len= 30 白胜 loss=27.0312 temp=1.00 total_env_steps=32707 t=0.09s
Ep 1394: len= 16 白胜 loss=26.6566 temp=1.00 total_env_steps=32723 t=0.06s
Ep 1395: len= 22 白胜 loss=26.9118 temp=1.00 total_env_steps=32745 t=0.07s
Ep 1396: len= 27 黑胜 loss=26.7128 temp=1.00 total_env_steps=32772 t=0.08s
Ep 1397: len= 17 黑胜 loss=26.7929 temp=1.00 total_env_steps=32789 t=0.06s
Ep 1398: len= 28 白胜 loss=26.9893 temp=1.00 total_env_steps=32817 t=0.08s
Ep 1399: len= 27 黑胜 loss=27.0356 temp=1.00 total_env_steps=32844 t=0.08s
Ep 1400: len=  4 白胜 loss=26.8729 temp=1.00 total_env_steps=32848 t=0.03s
  eval vs Gomoku-random-v0: win_rate=1.00 mean_return=1.00（20 局，total_env_steps=32848）
Ep 1401: len= 25 黑胜 loss=27.0497 temp=1.00 total_env_steps=32873 t=0.06s
Ep 1402: len= 25 黑胜 loss=26.5471 temp=1.00 total_env_steps=32898 t=0.07s
Ep 1403: len= 23 黑胜 loss=26.5384 temp=1.00 total_env_steps=32921 t=0.06s
Ep 1404: len= 15 黑胜 loss=26.5420 temp=1.00 total_env_steps=32936 t=0.06s
Ep 1405: len= 27 黑胜 loss=26.8206 temp=1.00 total_env_steps=32963 t=0.08s
Ep 1406: len= 42 白胜 loss=26.9459 temp=1.00 total_env_steps=33005 t=0.09s
Ep 1407: len= 25 黑胜 loss=26.3719 temp=1.00 total_env_steps=33030 t=0.06s
Ep 1408: len= 23 黑胜 loss=27.3788 temp=1.00 total_env_steps=33053 t=0.06s
Ep 1409: len= 11 黑胜 loss=27.0870 temp=1.00 total_env_steps=33064 t=0.04s
Ep 1410: len= 20 黑胜 loss=26.5653 temp=1.00 total_env_steps=33084 t=0.05s
Ep 1411: len= 27 黑胜 loss=26.5671 temp=1.00 total_env_steps=33111 t=0.07s
Ep 1412: len= 28 白胜 loss=26.6169 temp=1.00 total_env_steps=33139 t=0.08s
Ep 1413: len= 17 黑胜 loss=26.7031 temp=1.00 total_env_steps=33156 t=0.05s
Ep 1414: len= 25 黑胜 loss=25.9354 temp=1.00 total_env_steps=33181 t=0.07s
Ep 1415: len= 27 黑胜 loss=26.5593 temp=1.00 total_env_steps=33208 t=0.07s
Ep 1416: len= 31 黑胜 loss=26.5521 temp=1.00 total_env_steps=33239 t=0.08s
Ep 1417: len= 25 黑胜 loss=26.3738 temp=1.00 total_env_steps=33264 t=0.06s
Ep 1418: len= 31 黑胜 loss=27.1559 temp=1.00 total_env_steps=33295 t=0.07s
Ep 1419: len= 15 黑胜 loss=26.4652 temp=1.00 total_env_steps=33310 t=0.05s
Ep 1420: len= 29 黑胜 loss=26.4452 temp=1.00 total_env_steps=33339 t=0.07s
Ep 1421: len= 10 黑胜 loss=26.6429 temp=1.00 total_env_steps=33349 t=0.04s
Ep 1422: len=  4 白胜 loss=26.7914 temp=1.00 total_env_steps=33353 t=0.03s
Ep 1423: len= 25 黑胜 loss=26.3523 temp=1.00 total_env_steps=33378 t=0.06s
Ep 1424: len= 32 白胜 loss=26.8481 temp=1.00 total_env_steps=33410 t=0.08s
Ep 1425: len= 29 黑胜 loss=26.7973 temp=1.00 total_env_steps=33439 t=0.07s
Ep 1426: len= 23 黑胜 loss=26.8108 temp=1.00 total_env_steps=33462 t=0.06s
Ep 1427: len= 29 黑胜 loss=26.4199 temp=1.00 total_env_steps=33491 t=0.07s
Ep 1428: len=  2 黑胜 loss=26.2563 temp=1.00 total_env_steps=33493 t=0.02s
Ep 1429: len=  6 黑胜 loss=26.3022 temp=1.00 total_env_steps=33499 t=0.03s
Ep 1430: len= 31 黑胜 loss=27.0970 temp=1.00 total_env_steps=33530 t=0.07s
Ep 1431: len= 19 黑胜 loss=27.0272 temp=1.00 total_env_steps=33549 t=0.06s
Ep 1432: len= 33 黑胜 loss=26.7593 temp=1.00 total_env_steps=33582 t=0.09s
Ep 1433: len= 31 黑胜 loss=26.4352 temp=1.00 total_env_steps=33613 t=0.08s
Ep 1434: len= 21 黑胜 loss=25.8607 temp=1.00 total_env_steps=33634 t=0.05s
Ep 1435: len= 22 白胜 loss=26.5658 temp=1.00 total_env_steps=33656 t=0.06s
Ep 1436: len= 36 白胜 loss=26.7936 temp=1.00 total_env_steps=33692 t=0.08s
Ep 1437: len= 27 黑胜 loss=26.7207 temp=1.00 total_env_steps=33719 t=0.07s
Ep 1438: len= 29 黑胜 loss=26.6228 temp=1.00 total_env_steps=33748 t=0.07s
Ep 1439: len= 33 黑胜 loss=27.2007 temp=1.00 total_env_steps=33781 t=0.07s
Ep 1440: len= 19 黑胜 loss=26.5031 temp=1.00 total_env_steps=33800 t=0.06s
Ep 1441: len= 29 黑胜 loss=26.2222 temp=1.00 total_env_steps=33829 t=0.08s
Ep 1442: len= 29 白胜 loss=26.3573 temp=1.00 total_env_steps=33858 t=0.08s
Ep 1443: len= 22 白胜 loss=26.8999 temp=1.00 total_env_steps=33880 t=0.06s
Ep 1444: len= 29 黑胜 loss=26.0058 temp=1.00 total_env_steps=33909 t=0.08s
Ep 1445: len= 21 黑胜 loss=26.5982 temp=1.00 total_env_steps=33930 t=0.06s
Ep 1446: len= 26 白胜 loss=26.5477 temp=1.00 total_env_steps=33956 t=0.06s
Ep 1447: len= 19 白胜 loss=26.8706 temp=1.00 total_env_steps=33975 t=0.06s
Ep 1448: len= 34 白胜 loss=26.5351 temp=1.00 total_env_steps=34009 t=0.09s
Ep 1449: len= 20 黑胜 loss=26.5162 temp=1.00 total_env_steps=34029 t=0.06s
Ep 1450: len=  6 黑胜 loss=26.3495 temp=1.00 total_env_steps=34035 t=0.03s
Ep 1451: len= 19 黑胜 loss=26.2035 temp=1.00 total_env_steps=34054 t=0.05s
Ep 1452: len=  2 白胜 loss=26.4786 temp=1.00 total_env_steps=34056 t=0.02s
Ep 1453: len= 35 黑胜 loss=26.1782 temp=1.00 total_env_steps=34091 t=0.09s
Ep 1454: len= 19 黑胜 loss=26.4573 temp=1.00 total_env_steps=34110 t=0.06s
Ep 1455: len= 16 白胜 loss=26.4382 temp=1.00 total_env_steps=34126 t=0.05s
Ep 1456: len= 33 黑胜 loss=26.2820 temp=1.00 total_env_steps=34159 t=0.08s
Ep 1457: len= 37 黑胜 loss=26.5259 temp=1.00 total_env_steps=34196 t=0.09s
Ep 1458: len= 19 黑胜 loss=26.8068 temp=1.00 total_env_steps=34215 t=0.05s
Ep 1459: len= 35 黑胜 loss=26.8675 temp=1.00 total_env_steps=34250 t=0.08s
Ep 1460: len= 34 白胜 loss=26.6758 temp=1.00 total_env_steps=34284 t=0.09s
Ep 1461: len= 28 黑胜 loss=26.2823 temp=1.00 total_env_steps=34312 t=0.07s
Ep 1462: len= 23 黑胜 loss=26.3405 temp=1.00 total_env_steps=34335 t=0.06s
Ep 1463: len=  2 黑胜 loss=26.4490 temp=1.00 total_env_steps=34337 t=0.02s
Ep 1464: len= 17 黑胜 loss=26.7908 temp=1.00 total_env_steps=34354 t=0.05s
Ep 1465: len= 14 白胜 loss=26.9975 temp=1.00 total_env_steps=34368 t=0.05s
Ep 1466: len= 29 黑胜 loss=26.8002 temp=1.00 total_env_steps=34397 t=0.07s
Ep 1467: len= 12 黑胜 loss=26.3397 temp=1.00 total_env_steps=34409 t=0.04s
Ep 1468: len= 22 黑胜 loss=26.5316 temp=1.00 total_env_steps=34431 t=0.06s
Ep 1469: len= 26 黑胜 loss=26.4486 temp=1.00 total_env_steps=34457 t=0.07s
Ep 1470: len= 10 黑胜 loss=26.9394 temp=1.00 total_env_steps=34467 t=0.03s
Ep 1471: len=  2 黑胜 loss=26.8596 temp=1.00 total_env_steps=34469 t=0.02s
Ep 1472: len= 27 黑胜 loss=26.2471 temp=1.00 total_env_steps=34496 t=0.07s
Ep 1473: len= 31 黑胜 loss=26.1134 temp=1.00 total_env_steps=34527 t=0.08s
Ep 1474: len= 30 黑胜 loss=26.1495 temp=1.00 total_env_steps=34557 t=0.08s
Ep 1475: len= 25 黑胜 loss=26.0640 temp=1.00 total_env_steps=34582 t=0.07s
Ep 1476: len=  4 黑胜 loss=26.3248 temp=1.00 total_env_steps=34586 t=0.03s
Ep 1477: len=  2 白胜 loss=26.3585 temp=1.00 total_env_steps=34588 t=0.03s
Ep 1478: len= 21 黑胜 loss=26.1537 temp=1.00 total_env_steps=34609 t=0.05s
Ep 1479: len= 10 白胜 loss=26.2832 temp=1.00 total_env_steps=34619 t=0.04s
Ep 1480: len= 25 黑胜 loss=26.7056 temp=1.00 total_env_steps=34644 t=0.07s
Ep 1481: len=  4 白胜 loss=26.7950 temp=1.00 total_env_steps=34648 t=0.03s
Ep 1482: len= 35 白胜 loss=26.4740 temp=1.00 total_env_steps=34683 t=0.08s
Ep 1483: len= 25 黑胜 loss=25.8483 temp=1.00 total_env_steps=34708 t=0.06s
Ep 1484: len= 35 白胜 loss=26.8708 temp=1.00 total_env_steps=34743 t=0.08s
Ep 1485: len= 21 黑胜 loss=26.5899 temp=1.00 total_env_steps=34764 t=0.06s
Ep 1486: len= 19 黑胜 loss=26.2418 temp=1.00 total_env_steps=34783 t=0.06s
Ep 1487: len= 52 白胜 loss=26.3817 temp=1.00 total_env_steps=34835 t=0.11s
Ep 1488: len= 20 白胜 loss=26.2643 temp=1.00 total_env_steps=34855 t=0.06s
Ep 1489: len=  8 白胜 loss=26.2918 temp=1.00 total_env_steps=34863 t=0.03s
Ep 1490: len= 33 黑胜 loss=26.3253 temp=1.00 total_env_steps=34896 t=0.08s
Ep 1491: len= 17 黑胜 loss=26.4371 temp=1.00 total_env_steps=34913 t=0.05s
Ep 1492: len= 44 白胜 loss=26.2849 temp=1.00 total_env_steps=34957 t=0.09s
Ep 1493: len= 43 黑胜 loss=25.7739 temp=1.00 total_env_steps=35000 t=0.09s
Ep 1494: len= 23 黑胜 loss=25.9003 temp=1.00 total_env_steps=35023 t=0.06s
Ep 1495: len= 33 黑胜 loss=25.8091 temp=1.00 total_env_steps=35056 t=0.07s
Ep 1496: len=  4 黑胜 loss=26.6013 temp=1.00 total_env_steps=35060 t=0.02s
Ep 1497: len= 23 黑胜 loss=26.6081 temp=1.00 total_env_steps=35083 t=0.07s
Ep 1498: len= 35 黑胜 loss=25.9932 temp=1.00 total_env_steps=35118 t=0.10s
Ep 1499: len= 12 白胜 loss=26.5026 temp=1.00 total_env_steps=35130 t=0.05s
Ep 1500: len=  6 黑胜 loss=26.7735 temp=1.00 total_env_steps=35136 t=0.03s
Ep 1501: len= 45 黑胜 loss=26.1503 temp=1.00 total_env_steps=35181 t=0.09s
Ep 1502: len= 16 白胜 loss=26.4347 temp=1.00 total_env_steps=35197 t=0.05s
Ep 1503: len= 21 黑胜 loss=26.1989 temp=1.00 total_env_steps=35218 t=0.05s
Ep 1504: len= 17 白胜 loss=26.5467 temp=1.00 total_env_steps=35235 t=0.06s
Ep 1505: len= 31 黑胜 loss=25.9939 temp=1.00 total_env_steps=35266 t=0.08s
Ep 1506: len= 15 黑胜 loss=26.3836 temp=1.00 total_env_steps=35281 t=0.06s
Ep 1507: len= 21 黑胜 loss=26.3568 temp=1.00 total_env_steps=35302 t=0.06s
Ep 1508: len= 20 白胜 loss=26.3621 temp=1.00 total_env_steps=35322 t=0.06s
Ep 1509: len= 25 黑胜 loss=26.4670 temp=1.00 total_env_steps=35347 t=0.06s
Ep 1510: len= 23 黑胜 loss=26.6959 temp=1.00 total_env_steps=35370 t=0.06s
Ep 1511: len=  2 黑胜 loss=26.6443 temp=1.00 total_env_steps=35372 t=0.03s
Ep 1512: len=  2 白胜 loss=26.6206 temp=1.00 total_env_steps=35374 t=0.03s
Ep 1513: len= 34 白胜 loss=26.4655 temp=1.00 total_env_steps=35408 t=0.09s
Ep 1514: len= 37 白胜 loss=26.2765 temp=1.00 total_env_steps=35445 t=0.09s
Ep 1515: len= 24 白胜 loss=26.6617 temp=1.00 total_env_steps=35469 t=0.06s
Ep 1516: len= 20 黑胜 loss=26.6407 temp=1.00 total_env_steps=35489 t=0.06s
Ep 1517: len=  2 黑胜 loss=26.8530 temp=1.00 total_env_steps=35491 t=0.02s
Ep 1518: len= 16 白胜 loss=26.2156 temp=1.00 total_env_steps=35507 t=0.05s
Ep 1519: len= 21 黑胜 loss=25.6424 temp=1.00 total_env_steps=35528 t=0.05s
Ep 1520: len=  4 白胜 loss=26.6954 temp=1.00 total_env_steps=35532 t=0.03s
Ep 1521: len= 25 黑胜 loss=26.5349 temp=1.00 total_env_steps=35557 t=0.07s
Ep 1522: len= 30 白胜 loss=25.6912 temp=1.00 total_env_steps=35587 t=0.08s
Ep 1523: len= 42 白胜 loss=26.1923 temp=1.00 total_env_steps=35629 t=0.10s
Ep 1524: len= 21 黑胜 loss=26.6581 temp=1.00 total_env_steps=35650 t=0.06s
Ep 1525: len= 39 黑胜 loss=26.9114 temp=1.00 total_env_steps=35689 t=0.09s
Ep 1526: len= 20 白胜 loss=26.3919 temp=1.00 total_env_steps=35709 t=0.06s
Ep 1527: len= 23 黑胜 loss=26.4649 temp=1.00 total_env_steps=35732 t=0.07s
Ep 1528: len=  6 白胜 loss=26.7913 temp=1.00 total_env_steps=35738 t=0.04s
Ep 1529: len= 28 白胜 loss=26.3977 temp=1.00 total_env_steps=35766 t=0.08s
Ep 1530: len= 23 黑胜 loss=26.5636 temp=1.00 total_env_steps=35789 t=0.07s
Ep 1531: len= 21 黑胜 loss=26.0259 temp=1.00 total_env_steps=35810 t=0.07s
Ep 1532: len= 39 黑胜 loss=26.0545 temp=1.00 total_env_steps=35849 t=0.12s
Ep 1533: len= 18 白胜 loss=25.8674 temp=1.00 total_env_steps=35867 t=0.05s
Ep 1534: len= 18 白胜 loss=26.1947 temp=1.00 total_env_steps=35885 t=0.06s
Ep 1535: len= 18 白胜 loss=26.6839 temp=1.00 total_env_steps=35903 t=0.06s
Ep 1536: len= 15 白胜 loss=26.0837 temp=1.00 total_env_steps=35918 t=0.05s
Ep 1537: len= 33 黑胜 loss=26.4459 temp=1.00 total_env_steps=35951 t=0.08s
Ep 1538: len= 41 黑胜 loss=26.3731 temp=1.00 total_env_steps=35992 t=0.11s
Ep 1539: len= 23 黑胜 loss=26.3890 temp=1.00 total_env_steps=36015 t=0.07s
Ep 1540: len= 23 黑胜 loss=25.8869 temp=1.00 total_env_steps=36038 t=0.06s
Ep 1541: len= 35 黑胜 loss=26.2350 temp=1.00 total_env_steps=36073 t=0.09s
Ep 1542: len= 33 黑胜 loss=26.2045 temp=1.00 total_env_steps=36106 t=0.09s
Ep 1543: len= 27 黑胜 loss=26.1705 temp=1.00 total_env_steps=36133 t=0.07s
Ep 1544: len= 25 黑胜 loss=26.4642 temp=1.00 total_env_steps=36158 t=0.06s
Ep 1545: len= 16 白胜 loss=25.9772 temp=1.00 total_env_steps=36174 t=0.05s
Ep 1546: len= 36 白胜 loss=25.5978 temp=1.00 total_env_steps=36210 t=0.08s
Ep 1547: len= 25 黑胜 loss=26.3277 temp=1.00 total_env_steps=36235 t=0.06s
Ep 1548: len= 25 黑胜 loss=26.3229 temp=1.00 total_env_steps=36260 t=0.06s
Ep 1549: len= 39 黑胜 loss=26.6146 temp=1.00 total_env_steps=36299 t=0.09s
Ep 1550: len= 18 白胜 loss=26.2708 temp=1.00 total_env_steps=36317 t=0.05s
Ep 1551: len= 14 黑胜 loss=26.0776 temp=1.00 total_env_steps=36331 t=0.04s
Ep 1552: len= 19 黑胜 loss=26.5664 temp=1.00 total_env_steps=36350 t=0.05s
Ep 1553: len= 19 黑胜 loss=26.7220 temp=1.00 total_env_steps=36369 t=0.05s
Ep 1554: len= 14 白胜 loss=26.8639 temp=1.00 total_env_steps=36383 t=0.04s
Ep 1555: len=  4 黑胜 loss=25.8913 temp=1.00 total_env_steps=36387 t=0.03s
Ep 1556: len= 18 黑胜 loss=26.1310 temp=1.00 total_env_steps=36405 t=0.05s
Ep 1557: len= 31 黑胜 loss=26.0778 temp=1.00 total_env_steps=36436 t=0.08s
Ep 1558: len= 27 黑胜 loss=26.0536 temp=1.00 total_env_steps=36463 t=0.07s
Ep 1559: len= 19 白胜 loss=26.2308 temp=1.00 total_env_steps=36482 t=0.06s
Ep 1560: len= 29 黑胜 loss=26.4954 temp=1.00 total_env_steps=36511 t=0.07s
Ep 1561: len=  6 白胜 loss=26.4156 temp=1.00 total_env_steps=36517 t=0.03s
Ep 1562: len= 19 黑胜 loss=26.3851 temp=1.00 total_env_steps=36536 t=0.06s
Ep 1563: len= 40 白胜 loss=26.4645 temp=1.00 total_env_steps=36576 t=0.09s
Ep 1564: len= 22 白胜 loss=26.1241 temp=1.00 total_env_steps=36598 t=0.06s
Ep 1565: len= 37 黑胜 loss=25.9104 temp=1.00 total_env_steps=36635 t=0.08s
Ep 1566: len= 21 黑胜 loss=26.2811 temp=1.00 total_env_steps=36656 t=0.05s
Ep 1567: len= 25 黑胜 loss=26.3515 temp=1.00 total_env_steps=36681 t=0.06s
Ep 1568: len= 25 黑胜 loss=26.7894 temp=1.00 total_env_steps=36706 t=0.06s
Ep 1569: len= 23 黑胜 loss=26.1365 temp=1.00 total_env_steps=36729 t=0.06s
Ep 1570: len= 13 黑胜 loss=26.3269 temp=1.00 total_env_steps=36742 t=0.04s
Ep 1571: len= 15 白胜 loss=26.5255 temp=1.00 total_env_steps=36757 t=0.06s
Ep 1572: len= 27 黑胜 loss=26.2982 temp=1.00 total_env_steps=36784 t=0.08s
Ep 1573: len= 27 白胜 loss=25.8891 temp=1.00 total_env_steps=36811 t=0.08s
Ep 1574: len= 21 黑胜 loss=25.5836 temp=1.00 total_env_steps=36832 t=0.06s
Ep 1575: len=  2 黑胜 loss=25.9554 temp=1.00 total_env_steps=36834 t=0.02s
Ep 1576: len=  2 白胜 loss=25.8018 temp=1.00 total_env_steps=36836 t=0.02s
Ep 1577: len= 25 黑胜 loss=25.6087 temp=1.00 total_env_steps=36861 t=0.07s
Ep 1578: len= 36 白胜 loss=26.4172 temp=1.00 total_env_steps=36897 t=0.09s
Ep 1579: len= 27 黑胜 loss=26.6166 temp=1.00 total_env_steps=36924 t=0.07s
Ep 1580: len= 23 黑胜 loss=25.6871 temp=1.00 total_env_steps=36947 t=0.07s
Ep 1581: len=  4 白胜 loss=26.2292 temp=1.00 total_env_steps=36951 t=0.03s
Ep 1582: len=  2 黑胜 loss=26.3113 temp=1.00 total_env_steps=36953 t=0.02s
Ep 1583: len= 23 黑胜 loss=26.0921 temp=1.00 total_env_steps=36976 t=0.06s
Ep 1584: len= 21 黑胜 loss=26.5853 temp=1.00 total_env_steps=36997 t=0.06s
Ep 1585: len=  2 黑胜 loss=26.1438 temp=1.00 total_env_steps=36999 t=0.02s
Ep 1586: len=  2 黑胜 loss=26.5704 temp=1.00 total_env_steps=37001 t=0.02s
Ep 1587: len= 19 黑胜 loss=25.2476 temp=1.00 total_env_steps=37020 t=0.05s
Ep 1588: len= 25 黑胜 loss=26.1796 temp=1.00 total_env_steps=37045 t=0.07s
Ep 1589: len= 15 黑胜 loss=26.6412 temp=1.00 total_env_steps=37060 t=0.05s
Ep 1590: len= 21 黑胜 loss=25.8842 temp=1.00 total_env_steps=37081 t=0.06s
Ep 1591: len= 25 黑胜 loss=26.3331 temp=1.00 total_env_steps=37106 t=0.07s
Ep 1592: len= 25 黑胜 loss=25.6159 temp=1.00 total_env_steps=37131 t=0.07s
Ep 1593: len= 23 黑胜 loss=26.7125 temp=1.00 total_env_steps=37154 t=0.07s
Ep 1594: len= 33 黑胜 loss=26.6045 temp=1.00 total_env_steps=37187 t=0.08s
Ep 1595: len= 22 白胜 loss=26.1077 temp=1.00 total_env_steps=37209 t=0.06s
Ep 1596: len= 24 白胜 loss=26.3527 temp=1.00 total_env_steps=37233 t=0.06s
Ep 1597: len= 23 黑胜 loss=26.6231 temp=1.00 total_env_steps=37256 t=0.06s
Ep 1598: len= 35 黑胜 loss=25.6509 temp=1.00 total_env_steps=37291 t=0.09s
Ep 1599: len=  4 黑胜 loss=26.0573 temp=1.00 total_env_steps=37295 t=0.02s
Ep 1600: len= 14 黑胜 loss=25.7478 temp=1.00 total_env_steps=37309 t=0.04s
  eval vs Gomoku-random-v0: win_rate=1.00 mean_return=1.00（20 局，total_env_steps=37309）
Ep 1601: len= 21 黑胜 loss=26.0069 temp=1.00 total_env_steps=37330 t=0.07s
Ep 1602: len= 21 白胜 loss=25.7048 temp=1.00 total_env_steps=37351 t=0.06s
Ep 1603: len= 17 白胜 loss=26.2004 temp=1.00 total_env_steps=37368 t=0.05s
Ep 1604: len= 35 黑胜 loss=25.9326 temp=1.00 total_env_steps=37403 t=0.08s
Ep 1605: len= 18 黑胜 loss=26.2126 temp=1.00 total_env_steps=37421 t=0.05s
Ep 1606: len= 38 白胜 loss=26.3796 temp=1.00 total_env_steps=37459 t=0.09s
Ep 1607: len= 15 黑胜 loss=26.0637 temp=1.00 total_env_steps=37474 t=0.05s
Ep 1608: len= 10 黑胜 loss=26.1531 temp=1.00 total_env_steps=37484 t=0.03s
Ep 1609: len= 41 黑胜 loss=26.2788 temp=1.00 total_env_steps=37525 t=0.09s
Ep 1610: len= 25 黑胜 loss=25.9007 temp=1.00 total_env_steps=37550 t=0.07s
Ep 1611: len= 21 黑胜 loss=26.0829 temp=1.00 total_env_steps=37571 t=0.05s
Ep 1612: len= 31 黑胜 loss=26.0268 temp=1.00 total_env_steps=37602 t=0.07s
Ep 1613: len= 23 黑胜 loss=26.1481 temp=1.00 total_env_steps=37625 t=0.06s
Ep 1614: len= 21 黑胜 loss=25.3319 temp=1.00 total_env_steps=37646 t=0.06s
Ep 1615: len= 16 黑胜 loss=25.8469 temp=1.00 total_env_steps=37662 t=0.05s
Ep 1616: len= 19 黑胜 loss=25.7100 temp=1.00 total_env_steps=37681 t=0.06s
Ep 1617: len=  8 白胜 loss=25.5282 temp=1.00 total_env_steps=37689 t=0.03s
Ep 1618: len= 27 黑胜 loss=26.2337 temp=1.00 total_env_steps=37716 t=0.07s
Ep 1619: len=  2 白胜 loss=25.8982 temp=1.00 total_env_steps=37718 t=0.02s
Ep 1620: len= 15 黑胜 loss=26.2812 temp=1.00 total_env_steps=37733 t=0.05s
Ep 1621: len= 18 白胜 loss=25.8195 temp=1.00 total_env_steps=37751 t=0.06s
Ep 1622: len= 35 黑胜 loss=25.2250 temp=1.00 total_env_steps=37786 t=0.08s
Ep 1623: len= 16 黑胜 loss=26.1034 temp=1.00 total_env_steps=37802 t=0.04s
Ep 1624: len=  4 白胜 loss=25.9795 temp=1.00 total_env_steps=37806 t=0.02s
Ep 1625: len=  6 黑胜 loss=25.8909 temp=1.00 total_env_steps=37812 t=0.03s
Ep 1626: len= 19 黑胜 loss=26.2388 temp=1.00 total_env_steps=37831 t=0.06s
Ep 1627: len=  8 白胜 loss=25.8451 temp=1.00 total_env_steps=37839 t=0.03s
Ep 1628: len=  4 黑胜 loss=26.5292 temp=1.00 total_env_steps=37843 t=0.03s
Ep 1629: len=  2 黑胜 loss=25.6339 temp=1.00 total_env_steps=37845 t=0.02s
Ep 1630: len= 27 黑胜 loss=26.2986 temp=1.00 total_env_steps=37872 t=0.07s
Ep 1631: len=  2 白胜 loss=26.2061 temp=1.00 total_env_steps=37874 t=0.02s
Ep 1632: len= 27 黑胜 loss=26.1131 temp=1.00 total_env_steps=37901 t=0.07s
Ep 1633: len= 35 黑胜 loss=26.0998 temp=1.00 total_env_steps=37936 t=0.08s
Ep 1634: len= 22 白胜 loss=25.9282 temp=1.00 total_env_steps=37958 t=0.06s
Ep 1635: len= 33 黑胜 loss=26.0224 temp=1.00 total_env_steps=37991 t=0.07s
Ep 1636: len= 23 黑胜 loss=25.8665 temp=1.00 total_env_steps=38014 t=0.06s
Ep 1637: len= 32 白胜 loss=25.5381 temp=1.00 total_env_steps=38046 t=0.07s
Ep 1638: len= 27 黑胜 loss=26.0995 temp=1.00 total_env_steps=38073 t=0.07s
Ep 1639: len= 27 黑胜 loss=25.7476 temp=1.00 total_env_steps=38100 t=0.07s
Ep 1640: len= 25 黑胜 loss=26.7011 temp=1.00 total_env_steps=38125 t=0.06s
Ep 1641: len=  2 白胜 loss=26.2011 temp=1.00 total_env_steps=38127 t=0.02s
Ep 1642: len= 23 黑胜 loss=25.9077 temp=1.00 total_env_steps=38150 t=0.06s
Ep 1643: len= 18 黑胜 loss=25.8975 temp=1.00 total_env_steps=38168 t=0.05s
Ep 1644: len= 35 黑胜 loss=25.7930 temp=1.00 total_env_steps=38203 t=0.09s
Ep 1645: len= 26 白胜 loss=26.2983 temp=1.00 total_env_steps=38229 t=0.07s
Ep 1646: len=  4 白胜 loss=25.7091 temp=1.00 total_env_steps=38233 t=0.02s
Ep 1647: len= 27 黑胜 loss=25.4473 temp=1.00 total_env_steps=38260 t=0.06s
Ep 1648: len= 32 白胜 loss=26.7112 temp=1.00 total_env_steps=38292 t=0.08s
Ep 1649: len= 28 白胜 loss=26.5407 temp=1.00 total_env_steps=38320 t=0.07s
Ep 1650: len= 25 黑胜 loss=26.3522 temp=1.00 total_env_steps=38345 t=0.06s
Ep 1651: len= 20 白胜 loss=26.1140 temp=1.00 total_env_steps=38365 t=0.05s
Ep 1652: len= 21 黑胜 loss=26.2463 temp=1.00 total_env_steps=38386 t=0.05s
Ep 1653: len= 17 黑胜 loss=25.6052 temp=1.00 total_env_steps=38403 t=0.05s
Ep 1654: len=  2 白胜 loss=25.0382 temp=1.00 total_env_steps=38405 t=0.02s
Ep 1655: len= 21 白胜 loss=25.8271 temp=1.00 total_env_steps=38426 t=0.06s
Ep 1656: len=  8 白胜 loss=25.2676 temp=1.00 total_env_steps=38434 t=0.03s
Ep 1657: len= 33 黑胜 loss=26.1641 temp=1.00 total_env_steps=38467 t=0.08s
Ep 1658: len= 27 黑胜 loss=25.9653 temp=1.00 total_env_steps=38494 t=0.07s
Ep 1659: len=  4 黑胜 loss=25.6784 temp=1.00 total_env_steps=38498 t=0.03s
Ep 1660: len= 21 黑胜 loss=26.0112 temp=1.00 total_env_steps=38519 t=0.06s
Ep 1661: len= 51 黑胜 loss=25.9406 temp=1.00 total_env_steps=38570 t=0.10s
Ep 1662: len= 28 白胜 loss=25.1664 temp=1.00 total_env_steps=38598 t=0.07s
Ep 1663: len= 15 白胜 loss=25.2318 temp=1.00 total_env_steps=38613 t=0.05s
Ep 1664: len= 24 白胜 loss=25.8463 temp=1.00 total_env_steps=38637 t=0.06s
Ep 1665: len= 27 黑胜 loss=25.9257 temp=1.00 total_env_steps=38664 t=0.07s
Ep 1666: len= 26 白胜 loss=26.6974 temp=1.00 total_env_steps=38690 t=0.07s
Ep 1667: len= 39 黑胜 loss=25.8220 temp=1.00 total_env_steps=38729 t=0.09s
Ep 1668: len= 21 黑胜 loss=25.8754 temp=1.00 total_env_steps=38750 t=0.06s
Ep 1669: len= 21 黑胜 loss=25.7833 temp=1.00 total_env_steps=38771 t=0.06s
Ep 1670: len= 27 黑胜 loss=25.8908 temp=1.00 total_env_steps=38798 t=0.07s
Ep 1671: len=  2 黑胜 loss=26.0103 temp=1.00 total_env_steps=38800 t=0.02s
Ep 1672: len=  8 黑胜 loss=26.0896 temp=1.00 total_env_steps=38808 t=0.03s
Ep 1673: len= 30 白胜 loss=26.3841 temp=1.00 total_env_steps=38838 t=0.07s
Ep 1674: len= 19 黑胜 loss=26.6621 temp=1.00 total_env_steps=38857 t=0.05s
Ep 1675: len= 26 白胜 loss=26.2272 temp=1.00 total_env_steps=38883 t=0.06s
Ep 1676: len=  2 白胜 loss=26.2310 temp=1.00 total_env_steps=38885 t=0.02s
Ep 1677: len= 25 黑胜 loss=26.0113 temp=1.00 total_env_steps=38910 t=0.06s
Ep 1678: len= 19 黑胜 loss=25.9321 temp=1.00 total_env_steps=38929 t=0.05s
Ep 1679: len=  4 黑胜 loss=26.1943 temp=1.00 total_env_steps=38933 t=0.02s
Ep 1680: len= 21 黑胜 loss=25.1543 temp=1.00 total_env_steps=38954 t=0.06s
Ep 1681: len= 27 黑胜 loss=25.7868 temp=1.00 total_env_steps=38981 t=0.07s
Ep 1682: len= 24 白胜 loss=26.0795 temp=1.00 total_env_steps=39005 t=0.06s
Ep 1683: len=  4 白胜 loss=26.1931 temp=1.00 total_env_steps=39009 t=0.02s
Ep 1684: len= 21 黑胜 loss=26.4874 temp=1.00 total_env_steps=39030 t=0.05s
Ep 1685: len=  2 白胜 loss=25.7406 temp=1.00 total_env_steps=39032 t=0.02s
Ep 1686: len= 22 白胜 loss=26.0226 temp=1.00 total_env_steps=39054 t=0.06s
Ep 1687: len= 17 黑胜 loss=25.5879 temp=1.00 total_env_steps=39071 t=0.05s
Ep 1688: len= 23 黑胜 loss=25.4742 temp=1.00 total_env_steps=39094 t=0.06s
Ep 1689: len= 29 黑胜 loss=25.8780 temp=1.00 total_env_steps=39123 t=0.07s
Ep 1690: len= 23 黑胜 loss=25.8915 temp=1.00 total_env_steps=39146 t=0.06s
Ep 1691: len= 21 黑胜 loss=26.2819 temp=1.00 total_env_steps=39167 t=0.05s
Ep 1692: len= 22 白胜 loss=26.0127 temp=1.00 total_env_steps=39189 t=0.06s
Ep 1693: len= 19 黑胜 loss=25.7883 temp=1.00 total_env_steps=39208 t=0.06s
Ep 1694: len= 17 黑胜 loss=25.6535 temp=1.00 total_env_steps=39225 t=0.05s
Ep 1695: len=  4 黑胜 loss=26.1576 temp=1.00 total_env_steps=39229 t=0.02s
Ep 1696: len= 21 黑胜 loss=25.6411 temp=1.00 total_env_steps=39250 t=0.06s
Ep 1697: len= 29 黑胜 loss=25.0564 temp=1.00 total_env_steps=39279 t=0.07s
Ep 1698: len=  8 白胜 loss=25.5397 temp=1.00 total_env_steps=39287 t=0.03s
Ep 1699: len= 20 白胜 loss=25.8939 temp=1.00 total_env_steps=39307 t=0.05s
Ep 1700: len= 21 黑胜 loss=25.1539 temp=1.00 total_env_steps=39328 t=0.05s
Ep 1701: len= 29 黑胜 loss=25.7927 temp=1.00 total_env_steps=39357 t=0.07s
Ep 1702: len= 29 黑胜 loss=25.5588 temp=1.00 total_env_steps=39386 t=0.06s
Ep 1703: len= 19 黑胜 loss=25.3460 temp=1.00 total_env_steps=39405 t=0.06s
Ep 1704: len= 18 白胜 loss=27.2318 temp=1.00 total_env_steps=39423 t=0.05s
Ep 1705: len= 33 黑胜 loss=26.3199 temp=1.00 total_env_steps=39456 t=0.08s
Ep 1706: len= 10 白胜 loss=25.3575 temp=1.00 total_env_steps=39466 t=0.04s
Ep 1707: len= 25 黑胜 loss=25.4559 temp=1.00 total_env_steps=39491 t=0.06s
Ep 1708: len= 27 黑胜 loss=25.5265 temp=1.00 total_env_steps=39518 t=0.06s
Ep 1709: len=  8 白胜 loss=25.7941 temp=1.00 total_env_steps=39526 t=0.03s
Ep 1710: len= 23 黑胜 loss=25.1889 temp=1.00 total_env_steps=39549 t=0.07s
Ep 1711: len= 21 黑胜 loss=26.0532 temp=1.00 total_env_steps=39570 t=0.06s
Ep 1712: len= 19 黑胜 loss=25.4914 temp=1.00 total_env_steps=39589 t=0.05s
Ep 1713: len= 27 黑胜 loss=25.7268 temp=1.00 total_env_steps=39616 t=0.07s
Ep 1714: len= 17 黑胜 loss=25.7763 temp=1.00 total_env_steps=39633 t=0.05s
Ep 1715: len= 19 黑胜 loss=25.0443 temp=1.00 total_env_steps=39652 t=0.05s
Ep 1716: len=  4 黑胜 loss=25.9262 temp=1.00 total_env_steps=39656 t=0.02s
Ep 1717: len= 19 黑胜 loss=25.3748 temp=1.00 total_env_steps=39675 t=0.05s
Ep 1718: len= 22 黑胜 loss=25.6142 temp=1.00 total_env_steps=39697 t=0.05s
Ep 1719: len= 19 黑胜 loss=25.8070 temp=1.00 total_env_steps=39716 t=0.06s
Ep 1720: len= 40 白胜 loss=25.9357 temp=1.00 total_env_steps=39756 t=0.08s
Ep 1721: len= 17 白胜 loss=25.2699 temp=1.00 total_env_steps=39773 t=0.05s
Ep 1722: len= 10 黑胜 loss=25.5377 temp=1.00 total_env_steps=39783 t=0.04s
Ep 1723: len= 18 黑胜 loss=25.8065 temp=1.00 total_env_steps=39801 t=0.05s
Ep 1724: len= 41 黑胜 loss=25.8086 temp=1.00 total_env_steps=39842 t=0.09s
Ep 1725: len=  2 白胜 loss=25.2224 temp=1.00 total_env_steps=39844 t=0.03s
Ep 1726: len= 27 黑胜 loss=25.3303 temp=1.00 total_env_steps=39871 t=0.07s
Ep 1727: len= 17 黑胜 loss=25.5202 temp=1.00 total_env_steps=39888 t=0.05s
Ep 1728: len=  2 白胜 loss=25.9428 temp=1.00 total_env_steps=39890 t=0.02s
Ep 1729: len= 21 黑胜 loss=25.8164 temp=1.00 total_env_steps=39911 t=0.06s
Ep 1730: len= 23 黑胜 loss=25.5721 temp=1.00 total_env_steps=39934 t=0.06s
Ep 1731: len= 31 黑胜 loss=25.7872 temp=1.00 total_env_steps=39965 t=0.07s
Ep 1732: len=  2 黑胜 loss=25.1521 temp=1.00 total_env_steps=39967 t=0.02s
Ep 1733: len= 25 黑胜 loss=25.7420 temp=1.00 total_env_steps=39992 t=0.06s
Ep 1734: len= 23 黑胜 loss=25.8890 temp=1.00 total_env_steps=40015 t=0.07s
Ep 1735: len=  2 白胜 loss=25.5837 temp=1.00 total_env_steps=40017 t=0.02s
Ep 1736: len= 35 黑胜 loss=25.9075 temp=1.00 total_env_steps=40052 t=0.09s
Ep 1737: len= 23 黑胜 loss=25.5006 temp=1.00 total_env_steps=40075 t=0.06s
Ep 1738: len= 14 白胜 loss=25.2731 temp=1.00 total_env_steps=40089 t=0.05s
Ep 1739: len=  2 白胜 loss=25.8485 temp=1.00 total_env_steps=40091 t=0.02s
Ep 1740: len= 23 黑胜 loss=25.5892 temp=1.00 total_env_steps=40114 t=0.06s
Ep 1741: len= 23 黑胜 loss=25.9931 temp=1.00 total_env_steps=40137 t=0.06s
Ep 1742: len= 29 黑胜 loss=25.4654 temp=1.00 total_env_steps=40166 t=0.07s
Ep 1743: len= 17 黑胜 loss=25.6382 temp=1.00 total_env_steps=40183 t=0.05s
Ep 1744: len= 17 黑胜 loss=25.6530 temp=1.00 total_env_steps=40200 t=0.05s
Ep 1745: len= 19 黑胜 loss=25.3384 temp=1.00 total_env_steps=40219 t=0.05s
Ep 1746: len= 27 黑胜 loss=25.8510 temp=1.00 total_env_steps=40246 t=0.06s
Ep 1747: len= 17 白胜 loss=25.6101 temp=1.00 total_env_steps=40263 t=0.05s
Ep 1748: len=  2 白胜 loss=25.7093 temp=1.00 total_env_steps=40265 t=0.05s
Ep 1749: len= 19 黑胜 loss=25.8345 temp=1.00 total_env_steps=40284 t=0.06s
Ep 1750: len=  8 白胜 loss=25.0656 temp=1.00 total_env_steps=40292 t=0.03s
Ep 1751: len= 14 黑胜 loss=25.2512 temp=1.00 total_env_steps=40306 t=0.04s
Ep 1752: len=  2 白胜 loss=25.4643 temp=1.00 total_env_steps=40308 t=0.02s
Ep 1753: len= 12 白胜 loss=25.7326 temp=1.00 total_env_steps=40320 t=0.04s
Ep 1754: len= 23 黑胜 loss=25.4933 temp=1.00 total_env_steps=40343 t=0.06s
Ep 1755: len= 19 黑胜 loss=25.1502 temp=1.00 total_env_steps=40362 t=0.05s
Ep 1756: len= 18 黑胜 loss=25.3345 temp=1.00 total_env_steps=40380 t=0.06s
Ep 1757: len= 21 黑胜 loss=25.5355 temp=1.00 total_env_steps=40401 t=0.06s
Ep 1758: len= 27 黑胜 loss=24.7913 temp=1.00 total_env_steps=40428 t=0.07s
Ep 1759: len= 35 黑胜 loss=25.2774 temp=1.00 total_env_steps=40463 t=0.09s
Ep 1760: len= 21 黑胜 loss=25.3933 temp=1.00 total_env_steps=40484 t=0.06s
Ep 1761: len=  2 黑胜 loss=25.3179 temp=1.00 total_env_steps=40486 t=0.02s
Ep 1762: len= 22 白胜 loss=25.3213 temp=1.00 total_env_steps=40508 t=0.06s
Ep 1763: len= 23 黑胜 loss=24.7247 temp=1.00 total_env_steps=40531 t=0.06s
Ep 1764: len=  4 黑胜 loss=25.6346 temp=1.00 total_env_steps=40535 t=0.03s
Ep 1765: len= 15 黑胜 loss=25.6069 temp=1.00 total_env_steps=40550 t=0.05s
Ep 1766: len= 21 黑胜 loss=25.3761 temp=1.00 total_env_steps=40571 t=0.06s
Ep 1767: len= 23 黑胜 loss=24.9723 temp=1.00 total_env_steps=40594 t=0.07s
Ep 1768: len= 19 黑胜 loss=25.3102 temp=1.00 total_env_steps=40613 t=0.06s
Ep 1769: len= 23 黑胜 loss=25.9314 temp=1.00 total_env_steps=40636 t=0.06s
Ep 1770: len= 21 黑胜 loss=25.4044 temp=1.00 total_env_steps=40657 t=0.06s
Ep 1771: len= 14 黑胜 loss=25.2307 temp=1.00 total_env_steps=40671 t=0.05s
Ep 1772: len= 17 黑胜 loss=25.7075 temp=1.00 total_env_steps=40688 t=0.05s
Ep 1773: len=  2 黑胜 loss=25.2473 temp=1.00 total_env_steps=40690 t=0.02s
Ep 1774: len=  2 黑胜 loss=25.7116 temp=1.00 total_env_steps=40692 t=0.02s
Ep 1775: len= 14 白胜 loss=24.9937 temp=1.00 total_env_steps=40706 t=0.05s
Ep 1776: len= 43 黑胜 loss=25.9269 temp=1.00 total_env_steps=40749 t=0.10s
Ep 1777: len= 15 白胜 loss=24.6067 temp=1.00 total_env_steps=40764 t=0.05s
Ep 1778: len= 21 黑胜 loss=25.8283 temp=1.00 total_env_steps=40785 t=0.06s
Ep 1779: len= 19 黑胜 loss=25.5599 temp=1.00 total_env_steps=40804 t=0.06s
Ep 1780: len= 25 黑胜 loss=25.3382 temp=1.00 total_env_steps=40829 t=0.06s
Ep 1781: len= 12 黑胜 loss=25.7538 temp=1.00 total_env_steps=40841 t=0.04s
Ep 1782: len= 13 黑胜 loss=25.4653 temp=1.00 total_env_steps=40854 t=0.05s
Ep 1783: len= 17 黑胜 loss=25.1606 temp=1.00 total_env_steps=40871 t=0.05s
Ep 1784: len= 21 白胜 loss=25.0026 temp=1.00 total_env_steps=40892 t=0.05s
Ep 1785: len= 39 黑胜 loss=24.3918 temp=1.00 total_env_steps=40931 t=0.08s
Ep 1786: len= 12 白胜 loss=25.4566 temp=1.00 total_env_steps=40943 t=0.04s
Ep 1787: len= 21 黑胜 loss=25.7342 temp=1.00 total_env_steps=40964 t=0.06s
Ep 1788: len= 15 黑胜 loss=25.2809 temp=1.00 total_env_steps=40979 t=0.05s
Ep 1789: len= 24 白胜 loss=25.0146 temp=1.00 total_env_steps=41003 t=0.06s
Ep 1790: len= 19 黑胜 loss=25.5050 temp=1.00 total_env_steps=41022 t=0.06s
Ep 1791: len= 23 黑胜 loss=25.5349 temp=1.00 total_env_steps=41045 t=0.06s
Ep 1792: len= 15 黑胜 loss=24.7629 temp=1.00 total_env_steps=41060 t=0.05s
Ep 1793: len= 21 黑胜 loss=25.3333 temp=1.00 total_env_steps=41081 t=0.06s
Ep 1794: len= 19 黑胜 loss=24.9778 temp=1.00 total_env_steps=41100 t=0.05s
Ep 1795: len= 17 黑胜 loss=25.2165 temp=1.00 total_env_steps=41117 t=0.05s
Ep 1796: len= 23 黑胜 loss=24.8609 temp=1.00 total_env_steps=41140 t=0.06s
Ep 1797: len= 17 黑胜 loss=24.4045 temp=1.00 total_env_steps=41157 t=0.05s
Ep 1798: len= 18 黑胜 loss=24.3191 temp=1.00 total_env_steps=41175 t=0.05s
Ep 1799: len= 25 黑胜 loss=25.3172 temp=1.00 total_env_steps=41200 t=0.06s
Ep 1800: len=  8 黑胜 loss=24.3307 temp=1.00 total_env_steps=41208 t=0.03s
  eval vs Gomoku-random-v0: win_rate=1.00 mean_return=1.00（20 局，total_env_steps=41208）
Ep 1801: len= 19 黑胜 loss=25.3507 temp=1.00 total_env_steps=41227 t=0.06s
Ep 1802: len= 18 白胜 loss=25.5573 temp=1.00 total_env_steps=41245 t=0.05s
Ep 1803: len= 27 黑胜 loss=25.7900 temp=1.00 total_env_steps=41272 t=0.06s
Ep 1804: len= 25 黑胜 loss=25.0339 temp=1.00 total_env_steps=41297 t=0.06s
Ep 1805: len= 16 黑胜 loss=25.4804 temp=1.00 total_env_steps=41313 t=0.04s
Ep 1806: len= 21 黑胜 loss=25.0327 temp=1.00 total_env_steps=41334 t=0.06s
Ep 1807: len= 19 黑胜 loss=24.7055 temp=1.00 total_env_steps=41353 t=0.05s
Ep 1808: len=  2 黑胜 loss=25.3754 temp=1.00 total_env_steps=41355 t=0.02s
Ep 1809: len= 17 黑胜 loss=25.2174 temp=1.00 total_env_steps=41372 t=0.05s
Ep 1810: len=  2 白胜 loss=24.8460 temp=1.00 total_env_steps=41374 t=0.02s
Ep 1811: len= 19 黑胜 loss=25.6564 temp=1.00 total_env_steps=41393 t=0.05s
Ep 1812: len= 28 白胜 loss=25.5387 temp=1.00 total_env_steps=41421 t=0.07s
Ep 1813: len= 19 黑胜 loss=24.7738 temp=1.00 total_env_steps=41440 t=0.05s
Ep 1814: len= 23 黑胜 loss=25.5184 temp=1.00 total_env_steps=41463 t=0.06s
Ep 1815: len= 25 黑胜 loss=24.6599 temp=1.00 total_env_steps=41488 t=0.06s
Ep 1816: len= 16 黑胜 loss=24.7340 temp=1.00 total_env_steps=41504 t=0.05s
Ep 1817: len= 23 黑胜 loss=24.6876 temp=1.00 total_env_steps=41527 t=0.06s
Ep 1818: len=  2 白胜 loss=25.3576 temp=1.00 total_env_steps=41529 t=0.02s
Ep 1819: len= 33 黑胜 loss=25.3459 temp=1.00 total_env_steps=41562 t=0.08s
Ep 1820: len= 33 黑胜 loss=25.2746 temp=1.00 total_env_steps=41595 t=0.07s
Ep 1821: len= 10 白胜 loss=25.2743 temp=1.00 total_env_steps=41605 t=0.04s
Ep 1822: len= 20 黑胜 loss=24.9385 temp=1.00 total_env_steps=41625 t=0.06s
Ep 1823: len= 17 黑胜 loss=25.4017 temp=1.00 total_env_steps=41642 t=0.05s
Ep 1824: len=  2 黑胜 loss=24.7213 temp=1.00 total_env_steps=41644 t=0.02s
Ep 1825: len= 31 黑胜 loss=25.1357 temp=1.00 total_env_steps=41675 t=0.07s
Ep 1826: len= 31 黑胜 loss=25.0591 temp=1.00 total_env_steps=41706 t=0.08s
Ep 1827: len= 31 黑胜 loss=25.3859 temp=1.00 total_env_steps=41737 t=0.07s
Ep 1828: len= 14 黑胜 loss=25.1195 temp=1.00 total_env_steps=41751 t=0.04s
Ep 1829: len= 21 黑胜 loss=25.3577 temp=1.00 total_env_steps=41772 t=0.05s
Ep 1830: len= 19 黑胜 loss=24.6003 temp=1.00 total_env_steps=41791 t=0.05s
Ep 1831: len= 17 黑胜 loss=24.1652 temp=1.00 total_env_steps=41808 t=0.05s
Ep 1832: len= 16 白胜 loss=24.2298 temp=1.00 total_env_steps=41824 t=0.05s
Ep 1833: len= 17 黑胜 loss=24.7476 temp=1.00 total_env_steps=41841 t=0.05s
Ep 1834: len= 22 黑胜 loss=24.6330 temp=1.00 total_env_steps=41863 t=0.06s
Ep 1835: len= 17 黑胜 loss=24.5509 temp=1.00 total_env_steps=41880 t=0.05s
Ep 1836: len=  6 白胜 loss=23.6909 temp=1.00 total_env_steps=41886 t=0.03s
Ep 1837: len= 10 白胜 loss=25.2472 temp=1.00 total_env_steps=41896 t=0.04s
Ep 1838: len= 26 黑胜 loss=24.4337 temp=1.00 total_env_steps=41922 t=0.06s
Ep 1839: len= 25 黑胜 loss=24.9202 temp=1.00 total_env_steps=41947 t=0.06s
Ep 1840: len= 23 黑胜 loss=25.4421 temp=1.00 total_env_steps=41970 t=0.05s
Ep 1841: len= 18 黑胜 loss=24.7406 temp=1.00 total_env_steps=41988 t=0.05s
Ep 1842: len= 25 黑胜 loss=24.8661 temp=1.00 total_env_steps=42013 t=0.06s
Ep 1843: len= 14 白胜 loss=24.6555 temp=1.00 total_env_steps=42027 t=0.04s
Ep 1844: len= 27 黑胜 loss=24.5475 temp=1.00 total_env_steps=42054 t=0.07s
Ep 1845: len= 25 黑胜 loss=24.9786 temp=1.00 total_env_steps=42079 t=0.06s
Ep 1846: len= 15 黑胜 loss=24.8942 temp=1.00 total_env_steps=42094 t=0.05s
Ep 1847: len= 15 黑胜 loss=25.5603 temp=1.00 total_env_steps=42109 t=0.05s
Ep 1848: len= 17 黑胜 loss=25.0236 temp=1.00 total_env_steps=42126 t=0.05s
Ep 1849: len= 21 黑胜 loss=24.9580 temp=1.00 total_env_steps=42147 t=0.06s
Ep 1850: len= 19 黑胜 loss=24.8204 temp=1.00 total_env_steps=42166 t=0.05s
Ep 1851: len= 16 黑胜 loss=24.2469 temp=1.00 total_env_steps=42182 t=0.05s
Ep 1852: len= 17 黑胜 loss=24.1610 temp=1.00 total_env_steps=42199 t=0.05s
Ep 1853: len= 27 黑胜 loss=24.8055 temp=1.00 total_env_steps=42226 t=0.07s
Ep 1854: len= 12 黑胜 loss=24.1175 temp=1.00 total_env_steps=42238 t=0.04s
Ep 1855: len= 23 黑胜 loss=24.3244 temp=1.00 total_env_steps=42261 t=0.07s
Ep 1856: len= 31 黑胜 loss=24.9629 temp=1.00 total_env_steps=42292 t=0.08s
Ep 1857: len= 23 黑胜 loss=24.4998 temp=1.00 total_env_steps=42315 t=0.06s
Ep 1858: len= 24 白胜 loss=24.7414 temp=1.00 total_env_steps=42339 t=0.07s
Ep 1859: len= 17 黑胜 loss=24.8852 temp=1.00 total_env_steps=42356 t=0.05s
Ep 1860: len= 17 黑胜 loss=25.1061 temp=1.00 total_env_steps=42373 t=0.05s
Ep 1861: len= 21 黑胜 loss=25.0892 temp=1.00 total_env_steps=42394 t=0.07s
Ep 1862: len= 23 黑胜 loss=24.5555 temp=1.00 total_env_steps=42417 t=0.06s
Ep 1863: len=  4 白胜 loss=24.9370 temp=1.00 total_env_steps=42421 t=0.03s
Ep 1864: len=  4 黑胜 loss=24.8033 temp=1.00 total_env_steps=42425 t=0.03s
Ep 1865: len= 17 黑胜 loss=24.3656 temp=1.00 total_env_steps=42442 t=0.06s
Ep 1866: len= 21 黑胜 loss=24.8816 temp=1.00 total_env_steps=42463 t=0.06s
Ep 1867: len= 12 白胜 loss=23.9456 temp=1.00 total_env_steps=42475 t=0.04s
Ep 1868: len= 17 黑胜 loss=24.6763 temp=1.00 total_env_steps=42492 t=0.05s
Ep 1869: len= 17 黑胜 loss=24.6762 temp=1.00 total_env_steps=42509 t=0.05s
Ep 1870: len= 17 黑胜 loss=24.5740 temp=1.00 total_env_steps=42526 t=0.05s
Ep 1871: len=  6 白胜 loss=25.5942 temp=1.00 total_env_steps=42532 t=0.03s
Ep 1872: len= 21 黑胜 loss=24.4030 temp=1.00 total_env_steps=42553 t=0.06s
Ep 1873: len= 25 黑胜 loss=24.4482 temp=1.00 total_env_steps=42578 t=0.06s
Ep 1874: len=  6 黑胜 loss=24.2967 temp=1.00 total_env_steps=42584 t=0.03s
Ep 1875: len= 21 黑胜 loss=24.8039 temp=1.00 total_env_steps=42605 t=0.05s
Ep 1876: len= 28 白胜 loss=25.0801 temp=1.00 total_env_steps=42633 t=0.07s
Ep 1877: len= 15 黑胜 loss=24.2349 temp=1.00 total_env_steps=42648 t=0.05s
Ep 1878: len= 21 黑胜 loss=24.3733 temp=1.00 total_env_steps=42669 t=0.07s
Ep 1879: len= 26 白胜 loss=25.0305 temp=1.00 total_env_steps=42695 t=0.07s
Ep 1880: len= 29 黑胜 loss=24.4658 temp=1.00 total_env_steps=42724 t=0.07s
Ep 1881: len= 21 黑胜 loss=24.9324 temp=1.00 total_env_steps=42745 t=0.06s
Ep 1882: len= 21 黑胜 loss=23.6812 temp=1.00 total_env_steps=42766 t=0.06s
Ep 1883: len= 19 黑胜 loss=24.9022 temp=1.00 total_env_steps=42785 t=0.06s
Ep 1884: len= 21 黑胜 loss=24.4282 temp=1.00 total_env_steps=42806 t=0.06s
Ep 1885: len= 19 黑胜 loss=24.1982 temp=1.00 total_env_steps=42825 t=0.06s
Ep 1886: len= 27 黑胜 loss=24.6061 temp=1.00 total_env_steps=42852 t=0.07s
Ep 1887: len=  2 黑胜 loss=23.6775 temp=1.00 total_env_steps=42854 t=0.02s
Ep 1888: len=  2 白胜 loss=24.6718 temp=1.00 total_env_steps=42856 t=0.03s
Ep 1889: len= 32 黑胜 loss=23.8788 temp=1.00 total_env_steps=42888 t=0.08s
Ep 1890: len= 23 黑胜 loss=24.6886 temp=1.00 total_env_steps=42911 t=0.06s
Ep 1891: len= 19 黑胜 loss=23.8227 temp=1.00 total_env_steps=42930 t=0.06s
Ep 1892: len= 23 黑胜 loss=24.1855 temp=1.00 total_env_steps=42953 t=0.06s
Ep 1893: len= 19 黑胜 loss=24.8277 temp=1.00 total_env_steps=42972 t=0.06s
Ep 1894: len= 21 黑胜 loss=25.1324 temp=1.00 total_env_steps=42993 t=0.06s
Ep 1895: len= 15 黑胜 loss=24.6302 temp=1.00 total_env_steps=43008 t=0.05s
Ep 1896: len= 23 黑胜 loss=24.3288 temp=1.00 total_env_steps=43031 t=0.06s
Ep 1897: len=  2 黑胜 loss=24.2762 temp=1.00 total_env_steps=43033 t=0.03s
Ep 1898: len= 23 黑胜 loss=25.2505 temp=1.00 total_env_steps=43056 t=0.06s
Ep 1899: len= 21 黑胜 loss=24.2243 temp=1.00 total_env_steps=43077 t=0.06s
Ep 1900: len=  4 黑胜 loss=23.8375 temp=1.00 total_env_steps=43081 t=0.03s
Ep 1901: len=  4 白胜 loss=24.4369 temp=1.00 total_env_steps=43085 t=0.03s
Ep 1902: len= 12 黑胜 loss=23.8679 temp=1.00 total_env_steps=43097 t=0.04s
Ep 1903: len= 19 黑胜 loss=24.2199 temp=1.00 total_env_steps=43116 t=0.06s
Ep 1904: len= 14 白胜 loss=24.2358 temp=1.00 total_env_steps=43130 t=0.04s
Ep 1905: len=  2 白胜 loss=24.5481 temp=1.00 total_env_steps=43132 t=0.02s
Ep 1906: len= 27 黑胜 loss=24.1606 temp=1.00 total_env_steps=43159 t=0.07s
Ep 1907: len= 18 黑胜 loss=24.7417 temp=1.00 total_env_steps=43177 t=0.06s
Ep 1908: len=  2 黑胜 loss=24.9733 temp=1.00 total_env_steps=43179 t=0.02s
Ep 1909: len= 21 黑胜 loss=24.7061 temp=1.00 total_env_steps=43200 t=0.06s
Ep 1910: len= 17 黑胜 loss=24.9283 temp=1.00 total_env_steps=43217 t=0.05s
Ep 1911: len= 19 黑胜 loss=24.2563 temp=1.00 total_env_steps=43236 t=0.05s
Ep 1912: len= 17 黑胜 loss=24.1143 temp=1.00 total_env_steps=43253 t=0.06s
Ep 1913: len= 23 黑胜 loss=23.7397 temp=1.00 total_env_steps=43276 t=0.06s
Ep 1914: len= 15 黑胜 loss=24.8821 temp=1.00 total_env_steps=43291 t=0.05s
Ep 1915: len= 19 黑胜 loss=24.2358 temp=1.00 total_env_steps=43310 t=0.05s
Ep 1916: len= 18 白胜 loss=24.7992 temp=1.00 total_env_steps=43328 t=0.06s
Ep 1917: len= 10 白胜 loss=24.6417 temp=1.00 total_env_steps=43338 t=0.04s
Ep 1918: len= 21 黑胜 loss=24.0154 temp=1.00 total_env_steps=43359 t=0.06s
Ep 1919: len= 17 黑胜 loss=24.6440 temp=1.00 total_env_steps=43376 t=0.05s
Ep 1920: len= 21 黑胜 loss=23.9634 temp=1.00 total_env_steps=43397 t=0.05s
Ep 1921: len= 19 黑胜 loss=24.5498 temp=1.00 total_env_steps=43416 t=0.05s
Ep 1922: len= 19 黑胜 loss=24.3988 temp=1.00 total_env_steps=43435 t=0.05s
Ep 1923: len= 30 白胜 loss=23.7504 temp=1.00 total_env_steps=43465 t=0.07s
Ep 1924: len= 10 白胜 loss=24.6684 temp=1.00 total_env_steps=43475 t=0.04s
Ep 1925: len= 10 白胜 loss=23.6683 temp=1.00 total_env_steps=43485 t=0.04s
Ep 1926: len= 25 黑胜 loss=24.8055 temp=1.00 total_env_steps=43510 t=0.07s
Ep 1927: len= 26 黑胜 loss=24.2471 temp=1.00 total_env_steps=43536 t=0.07s
Ep 1928: len= 25 黑胜 loss=24.4791 temp=1.00 total_env_steps=43561 t=0.06s
Ep 1929: len= 21 黑胜 loss=24.5514 temp=1.00 total_env_steps=43582 t=0.06s
Ep 1930: len= 38 白胜 loss=24.8725 temp=1.00 total_env_steps=43620 t=0.09s
Ep 1931: len= 12 黑胜 loss=23.9771 temp=1.00 total_env_steps=43632 t=0.04s
Ep 1932: len= 25 黑胜 loss=24.8604 temp=1.00 total_env_steps=43657 t=0.06s
Ep 1933: len= 12 白胜 loss=24.0307 temp=1.00 total_env_steps=43669 t=0.04s
Ep 1934: len= 19 黑胜 loss=24.8076 temp=1.00 total_env_steps=43688 t=0.06s
Ep 1935: len= 25 黑胜 loss=23.9646 temp=1.00 total_env_steps=43713 t=0.06s
Ep 1936: len= 19 黑胜 loss=23.8256 temp=1.00 total_env_steps=43732 t=0.06s
Ep 1937: len= 12 白胜 loss=24.1178 temp=1.00 total_env_steps=43744 t=0.04s
Ep 1938: len= 30 白胜 loss=24.5170 temp=1.00 total_env_steps=43774 t=0.08s
Ep 1939: len= 21 黑胜 loss=23.7064 temp=1.00 total_env_steps=43795 t=0.05s
Ep 1940: len= 17 黑胜 loss=24.0432 temp=1.00 total_env_steps=43812 t=0.05s
Ep 1941: len= 21 黑胜 loss=23.7984 temp=1.00 total_env_steps=43833 t=0.06s
Ep 1942: len= 18 白胜 loss=23.8366 temp=1.00 total_env_steps=43851 t=0.05s
Ep 1943: len= 17 黑胜 loss=24.3363 temp=1.00 total_env_steps=43868 t=0.05s
Ep 1944: len= 18 白胜 loss=23.9515 temp=1.00 total_env_steps=43886 t=0.05s
Ep 1945: len= 18 黑胜 loss=23.2467 temp=1.00 total_env_steps=43904 t=0.06s
Ep 1946: len= 14 黑胜 loss=23.2759 temp=1.00 total_env_steps=43918 t=0.04s
Ep 1947: len=  2 黑胜 loss=24.1346 temp=1.00 total_env_steps=43920 t=0.02s
Ep 1948: len= 23 黑胜 loss=23.5130 temp=1.00 total_env_steps=43943 t=0.06s
Ep 1949: len= 21 黑胜 loss=24.5477 temp=1.00 total_env_steps=43964 t=0.06s
Ep 1950: len= 21 黑胜 loss=24.1674 temp=1.00 total_env_steps=43985 t=0.06s
Ep 1951: len= 19 黑胜 loss=24.1856 temp=1.00 total_env_steps=44004 t=0.05s
Ep 1952: len= 10 白胜 loss=24.3036 temp=1.00 total_env_steps=44014 t=0.04s
Ep 1953: len= 21 黑胜 loss=24.0861 temp=1.00 total_env_steps=44035 t=0.07s
Ep 1954: len= 25 黑胜 loss=24.5276 temp=1.00 total_env_steps=44060 t=0.07s
Ep 1955: len= 23 白胜 loss=24.3786 temp=1.00 total_env_steps=44083 t=0.07s
Ep 1956: len=  2 白胜 loss=24.4535 temp=1.00 total_env_steps=44085 t=0.02s
Ep 1957: len= 25 黑胜 loss=23.6088 temp=1.00 total_env_steps=44110 t=0.06s
Ep 1958: len= 17 黑胜 loss=23.4062 temp=1.00 total_env_steps=44127 t=0.05s
Ep 1959: len=  8 黑胜 loss=24.2115 temp=1.00 total_env_steps=44135 t=0.03s
Ep 1960: len= 19 黑胜 loss=24.5156 temp=1.00 total_env_steps=44154 t=0.06s
Ep 1961: len=  4 黑胜 loss=24.7123 temp=1.00 total_env_steps=44158 t=0.03s
Ep 1962: len= 19 黑胜 loss=24.2740 temp=1.00 total_env_steps=44177 t=0.05s
Ep 1963: len=  4 白胜 loss=24.1377 temp=1.00 total_env_steps=44181 t=0.03s
Ep 1964: len= 28 白胜 loss=24.1978 temp=1.00 total_env_steps=44209 t=0.07s
Ep 1965: len= 14 白胜 loss=23.9359 temp=1.00 total_env_steps=44223 t=0.04s
Ep 1966: len=  2 黑胜 loss=23.1642 temp=1.00 total_env_steps=44225 t=0.02s
Ep 1967: len= 17 黑胜 loss=23.1519 temp=1.00 total_env_steps=44242 t=0.05s
Ep 1968: len= 12 白胜 loss=24.4655 temp=1.00 total_env_steps=44254 t=0.04s
Ep 1969: len= 23 黑胜 loss=23.9783 temp=1.00 total_env_steps=44277 t=0.06s
Ep 1970: len= 27 黑胜 loss=24.3688 temp=1.00 total_env_steps=44304 t=0.08s
Ep 1971: len= 16 黑胜 loss=23.6483 temp=1.00 total_env_steps=44320 t=0.05s
Ep 1972: len= 19 黑胜 loss=24.5790 temp=1.00 total_env_steps=44339 t=0.05s
Ep 1973: len= 21 黑胜 loss=24.1327 temp=1.00 total_env_steps=44360 t=0.06s
Ep 1974: len= 12 白胜 loss=24.8676 temp=1.00 total_env_steps=44372 t=0.04s
Ep 1975: len=  4 黑胜 loss=23.7406 temp=1.00 total_env_steps=44376 t=0.03s
Ep 1976: len= 19 黑胜 loss=23.6810 temp=1.00 total_env_steps=44395 t=0.06s
Ep 1977: len= 17 黑胜 loss=23.6229 temp=1.00 total_env_steps=44412 t=0.05s
Ep 1978: len=  2 黑胜 loss=23.7662 temp=1.00 total_env_steps=44414 t=0.02s
Ep 1979: len= 24 白胜 loss=23.6852 temp=1.00 total_env_steps=44438 t=0.06s
Ep 1980: len= 16 黑胜 loss=23.9074 temp=1.00 total_env_steps=44454 t=0.05s
Ep 1981: len= 27 黑胜 loss=23.9367 temp=1.00 total_env_steps=44481 t=0.09s
Ep 1982: len= 19 黑胜 loss=23.8979 temp=1.00 total_env_steps=44500 t=0.06s
Ep 1983: len=  2 黑胜 loss=23.9854 temp=1.00 total_env_steps=44502 t=0.02s
Ep 1984: len= 15 黑胜 loss=24.4513 temp=1.00 total_env_steps=44517 t=0.05s
Ep 1985: len= 29 黑胜 loss=23.7069 temp=1.00 total_env_steps=44546 t=0.08s
Ep 1986: len= 21 黑胜 loss=24.3904 temp=1.00 total_env_steps=44567 t=0.06s
Ep 1987: len=  2 黑胜 loss=23.7303 temp=1.00 total_env_steps=44569 t=0.03s
Ep 1988: len=  2 黑胜 loss=24.1497 temp=1.00 total_env_steps=44571 t=0.03s
Ep 1989: len=  2 黑胜 loss=24.5212 temp=1.00 total_env_steps=44573 t=0.02s
Ep 1990: len= 25 黑胜 loss=24.0686 temp=1.00 total_env_steps=44598 t=0.06s
Ep 1991: len= 24 白胜 loss=24.0076 temp=1.00 total_env_steps=44622 t=0.06s
Ep 1992: len= 17 黑胜 loss=24.5651 temp=1.00 total_env_steps=44639 t=0.06s
Ep 1993: len= 27 黑胜 loss=24.0222 temp=1.00 total_env_steps=44666 t=0.07s
Ep 1994: len= 19 黑胜 loss=23.7933 temp=1.00 total_env_steps=44685 t=0.06s
Ep 1995: len= 11 白胜 loss=23.4572 temp=1.00 total_env_steps=44696 t=0.04s
Ep 1996: len= 21 黑胜 loss=23.9077 temp=1.00 total_env_steps=44717 t=0.06s
Ep 1997: len= 16 白胜 loss=23.6402 temp=1.00 total_env_steps=44733 t=0.05s
Ep 1998: len= 17 黑胜 loss=24.4204 temp=1.00 total_env_steps=44750 t=0.05s
Ep 1999: len= 32 白胜 loss=23.3411 temp=1.00 total_env_steps=44782 t=0.08s
Ep 2000: len= 18 黑胜 loss=23.3937 temp=1.00 total_env_steps=44800 t=0.05s
  eval vs Gomoku-random-v0: win_rate=1.00 mean_return=1.00（20 局，total_env_steps=44800）
[闸门] vs random（40 局）: win_rate=1.000
[闸门] vs 半程快照（40 局，黑白各半）: score=0.400
[梯队] vs naive0（20 局，观察性）: win_rate=0.35
[梯队] vs naive1（20 局，观察性）: win_rate=0.05
[梯队] vs naive2（20 局，观察性）: win_rate=0.00
[梯队] vs naive3（20 局，观察性）: win_rate=0.00
📈 Gomoku-selfplay-v0 win_rate=1.00（best 1.00）| 门槛 0.95 | 197.9s

--- arm=open_three_additive seed=44 sims=100 ---
[MyZero-board Gomoku-selfplay-v0] obs=243(3×9²) |A|=81 sims=100 γ=1.0 negamax
[MyZero-board] 8 重对称增广开启（D4，采样时随机套变换）
[MyZero-board] 树内真规则开启（AlphaZero 式诊断；训练侧不变）
[MyZero-board] 战术开局课程开启（p=0.38，必挡局面前缀；eval 不受影响）
Ep    1: len= 32 白胜 loss=0.0000 temp=1.00 total_env_steps=32 t=0.05s
Ep    2: len= 41 黑胜 loss=0.0000 temp=1.00 total_env_steps=73 t=0.07s
Ep    3: len=  8 白胜 loss=0.0000 temp=1.00 total_env_steps=81 t=0.02s
Ep    4: len=  2 白胜 loss=0.0000 temp=1.00 total_env_steps=83 t=0.00s
Ep    5: len= 40 黑胜 loss=0.0000 temp=1.00 total_env_steps=123 t=0.07s
Ep    6: len= 39 黑胜 loss=0.0000 temp=1.00 total_env_steps=162 t=0.07s
Ep    7: len= 41 黑胜 loss=0.0000 temp=1.00 total_env_steps=203 t=0.08s
Ep    8: len= 14 白胜 loss=0.0000 temp=1.00 total_env_steps=217 t=0.03s
Ep    9: len= 23 黑胜 loss=0.0000 temp=1.00 total_env_steps=240 t=0.05s
Ep   10: len= 52 白胜 loss=38.3943 temp=1.00 total_env_steps=292 t=0.11s
Ep   11: len= 33 黑胜 loss=29.6601 temp=1.00 total_env_steps=325 t=0.07s
Ep   12: len= 39 黑胜 loss=29.6239 temp=1.00 total_env_steps=364 t=0.08s
Ep   13: len=  4 白胜 loss=29.8813 temp=1.00 total_env_steps=368 t=0.02s
Ep   14: len= 37 黑胜 loss=29.6065 temp=1.00 total_env_steps=405 t=0.08s
Ep   15: len= 39 黑胜 loss=29.6424 temp=1.00 total_env_steps=444 t=0.08s
Ep   16: len= 27 黑胜 loss=29.6723 temp=1.00 total_env_steps=471 t=0.06s
Ep   17: len=  2 白胜 loss=29.6178 temp=1.00 total_env_steps=473 t=0.01s
Ep   18: len= 30 白胜 loss=29.9317 temp=1.00 total_env_steps=503 t=0.07s
Ep   19: len= 34 白胜 loss=29.4321 temp=1.00 total_env_steps=537 t=0.08s
Ep   20: len= 39 黑胜 loss=29.3443 temp=1.00 total_env_steps=576 t=0.08s
Ep   21: len=  2 白胜 loss=29.4772 temp=1.00 total_env_steps=578 t=0.01s
Ep   22: len= 24 黑胜 loss=28.9491 temp=1.00 total_env_steps=602 t=0.05s
Ep   23: len=  2 黑胜 loss=29.1094 temp=1.00 total_env_steps=604 t=0.01s
Ep   24: len= 39 黑胜 loss=29.0801 temp=1.00 total_env_steps=643 t=0.08s
Ep   25: len=  2 黑胜 loss=29.1744 temp=1.00 total_env_steps=645 t=0.01s
Ep   26: len= 18 白胜 loss=28.7706 temp=1.00 total_env_steps=663 t=0.04s
Ep   27: len=  4 黑胜 loss=28.6518 temp=1.00 total_env_steps=667 t=0.02s
Ep   28: len= 28 白胜 loss=28.6930 temp=1.00 total_env_steps=695 t=0.06s
Ep   29: len= 45 黑胜 loss=28.6626 temp=1.00 total_env_steps=740 t=0.09s
Ep   30: len= 28 白胜 loss=28.8026 temp=1.00 total_env_steps=768 t=0.07s
Ep   31: len= 18 黑胜 loss=28.7392 temp=1.00 total_env_steps=786 t=0.05s
Ep   32: len= 37 黑胜 loss=28.8593 temp=1.00 total_env_steps=823 t=0.07s
Ep   33: len= 39 黑胜 loss=28.6927 temp=1.00 total_env_steps=862 t=0.08s
Ep   34: len=  6 白胜 loss=28.7901 temp=1.00 total_env_steps=868 t=0.02s
Ep   35: len= 25 黑胜 loss=28.7158 temp=1.00 total_env_steps=893 t=0.05s
Ep   36: len=  2 黑胜 loss=28.6810 temp=1.00 total_env_steps=895 t=0.01s
Ep   37: len= 10 黑胜 loss=28.7783 temp=1.00 total_env_steps=905 t=0.03s
Ep   38: len=  2 白胜 loss=28.7830 temp=1.00 total_env_steps=907 t=0.01s
Ep   39: len=  4 白胜 loss=28.8216 temp=1.00 total_env_steps=911 t=0.02s
Ep   40: len=  2 白胜 loss=28.6073 temp=1.00 total_env_steps=913 t=0.01s
Ep   41: len= 33 黑胜 loss=28.6282 temp=1.00 total_env_steps=946 t=0.07s
Ep   42: len= 13 黑胜 loss=28.7098 temp=1.00 total_env_steps=959 t=0.04s
Ep   43: len= 32 白胜 loss=28.7691 temp=1.00 total_env_steps=991 t=0.07s
Ep   44: len= 43 黑胜 loss=28.6847 temp=1.00 total_env_steps=1034 t=0.09s
Ep   45: len= 27 黑胜 loss=28.6593 temp=1.00 total_env_steps=1061 t=0.06s
Ep   46: len= 23 黑胜 loss=28.5904 temp=1.00 total_env_steps=1084 t=0.05s
Ep   47: len= 33 黑胜 loss=28.5445 temp=1.00 total_env_steps=1117 t=0.07s
Ep   48: len=  2 黑胜 loss=28.7740 temp=1.00 total_env_steps=1119 t=0.01s
Ep   49: len= 34 白胜 loss=28.6628 temp=1.00 total_env_steps=1153 t=0.07s
Ep   50: len= 33 黑胜 loss=28.5953 temp=1.00 total_env_steps=1186 t=0.07s
Ep   51: len= 18 黑胜 loss=28.6324 temp=1.00 total_env_steps=1204 t=0.04s
Ep   52: len= 27 黑胜 loss=28.4306 temp=1.00 total_env_steps=1231 t=0.06s
Ep   53: len= 44 白胜 loss=28.6438 temp=1.00 total_env_steps=1275 t=0.09s
Ep   54: len=  6 白胜 loss=28.6682 temp=1.00 total_env_steps=1281 t=0.02s
Ep   55: len= 32 白胜 loss=28.6612 temp=1.00 total_env_steps=1313 t=0.07s
Ep   56: len= 21 黑胜 loss=28.6015 temp=1.00 total_env_steps=1334 t=0.05s
Ep   57: len= 23 黑胜 loss=28.6705 temp=1.00 total_env_steps=1357 t=0.06s
Ep   58: len=  2 黑胜 loss=28.5782 temp=1.00 total_env_steps=1359 t=0.01s
Ep   59: len= 27 黑胜 loss=28.7038 temp=1.00 total_env_steps=1386 t=0.06s
Ep   60: len= 19 白胜 loss=28.5036 temp=1.00 total_env_steps=1405 t=0.05s
Ep   61: len= 43 黑胜 loss=28.6111 temp=1.00 total_env_steps=1448 t=0.09s
Ep   62: len= 29 黑胜 loss=28.6340 temp=1.00 total_env_steps=1477 t=0.07s
Ep   63: len= 39 黑胜 loss=28.5324 temp=1.00 total_env_steps=1516 t=0.09s
Ep   64: len= 17 黑胜 loss=28.5295 temp=1.00 total_env_steps=1533 t=0.05s
Ep   65: len= 24 白胜 loss=28.4702 temp=1.00 total_env_steps=1557 t=0.06s
Ep   66: len= 38 白胜 loss=28.7485 temp=1.00 total_env_steps=1595 t=0.07s
Ep   67: len= 19 黑胜 loss=28.6147 temp=1.00 total_env_steps=1614 t=0.05s
Ep   68: len=  6 白胜 loss=28.7613 temp=1.00 total_env_steps=1620 t=0.02s
Ep   69: len= 24 白胜 loss=28.5374 temp=1.00 total_env_steps=1644 t=0.05s
Ep   70: len= 43 黑胜 loss=28.5146 temp=1.00 total_env_steps=1687 t=0.09s
Ep   71: len= 36 白胜 loss=28.5609 temp=1.00 total_env_steps=1723 t=0.08s
Ep   72: len= 20 白胜 loss=28.5885 temp=1.00 total_env_steps=1743 t=0.05s
Ep   73: len= 46 白胜 loss=28.7363 temp=1.00 total_env_steps=1789 t=0.12s
Ep   74: len=  4 白胜 loss=28.5811 temp=1.00 total_env_steps=1793 t=0.02s
Ep   75: len= 31 黑胜 loss=28.7511 temp=1.00 total_env_steps=1824 t=0.07s
Ep   76: len=  6 白胜 loss=28.6870 temp=1.00 total_env_steps=1830 t=0.03s
Ep   77: len= 27 黑胜 loss=28.5005 temp=1.00 total_env_steps=1857 t=0.07s
Ep   78: len= 16 黑胜 loss=28.5735 temp=1.00 total_env_steps=1873 t=0.04s
Ep   79: len= 42 白胜 loss=28.5706 temp=1.00 total_env_steps=1915 t=0.10s
Ep   80: len= 26 白胜 loss=28.4089 temp=1.00 total_env_steps=1941 t=0.07s
Ep   81: len=  2 黑胜 loss=28.8519 temp=1.00 total_env_steps=1943 t=0.01s
Ep   82: len= 33 黑胜 loss=28.5240 temp=1.00 total_env_steps=1976 t=0.09s
Ep   83: len= 44 白胜 loss=28.6301 temp=1.00 total_env_steps=2020 t=0.10s
Ep   84: len= 48 白胜 loss=28.5723 temp=1.00 total_env_steps=2068 t=0.11s
Ep   85: len= 37 黑胜 loss=28.6228 temp=1.00 total_env_steps=2105 t=0.08s
Ep   86: len= 29 黑胜 loss=28.5713 temp=1.00 total_env_steps=2134 t=0.06s
Ep   87: len= 32 白胜 loss=28.3974 temp=1.00 total_env_steps=2166 t=0.07s
Ep   88: len= 50 白胜 loss=28.5198 temp=1.00 total_env_steps=2216 t=0.10s
Ep   89: len=  4 白胜 loss=28.5620 temp=1.00 total_env_steps=2220 t=0.02s
Ep   90: len= 32 白胜 loss=28.6455 temp=1.00 total_env_steps=2252 t=0.07s
Ep   91: len= 42 白胜 loss=28.6175 temp=1.00 total_env_steps=2294 t=0.09s
Ep   92: len= 30 白胜 loss=28.5020 temp=1.00 total_env_steps=2324 t=0.07s
Ep   93: len= 23 黑胜 loss=28.3802 temp=1.00 total_env_steps=2347 t=0.06s
Ep   94: len= 33 黑胜 loss=28.5782 temp=1.00 total_env_steps=2380 t=0.07s
Ep   95: len= 17 白胜 loss=28.7309 temp=1.00 total_env_steps=2397 t=0.04s
Ep   96: len= 26 白胜 loss=28.5154 temp=1.00 total_env_steps=2423 t=0.06s
Ep   97: len= 32 白胜 loss=28.5452 temp=1.00 total_env_steps=2455 t=0.08s
Ep   98: len= 40 白胜 loss=28.5995 temp=1.00 total_env_steps=2495 t=0.09s
Ep   99: len=  2 黑胜 loss=28.5500 temp=1.00 total_env_steps=2497 t=0.01s
Ep  100: len= 40 白胜 loss=28.2932 temp=1.00 total_env_steps=2537 t=0.08s
Ep  101: len= 36 白胜 loss=28.6435 temp=1.00 total_env_steps=2573 t=0.08s
Ep  102: len= 30 白胜 loss=28.4032 temp=1.00 total_env_steps=2603 t=0.07s
Ep  103: len= 41 黑胜 loss=28.5027 temp=1.00 total_env_steps=2644 t=0.09s
Ep  104: len= 26 白胜 loss=28.4150 temp=1.00 total_env_steps=2670 t=0.07s
Ep  105: len= 33 黑胜 loss=28.7113 temp=1.00 total_env_steps=2703 t=0.08s
Ep  106: len= 33 黑胜 loss=28.5841 temp=1.00 total_env_steps=2736 t=0.08s
Ep  107: len= 19 黑胜 loss=28.4958 temp=1.00 total_env_steps=2755 t=0.05s
Ep  108: len=  2 白胜 loss=28.6494 temp=1.00 total_env_steps=2757 t=0.02s
Ep  109: len=  2 黑胜 loss=28.5673 temp=1.00 total_env_steps=2759 t=0.01s
Ep  110: len= 19 黑胜 loss=28.4450 temp=1.00 total_env_steps=2778 t=0.05s
Ep  111: len= 42 白胜 loss=28.4357 temp=1.00 total_env_steps=2820 t=0.08s
Ep  112: len= 22 白胜 loss=28.5401 temp=1.00 total_env_steps=2842 t=0.05s
Ep  113: len= 35 黑胜 loss=28.4972 temp=1.00 total_env_steps=2877 t=0.07s
Ep  114: len=  2 黑胜 loss=28.3787 temp=1.00 total_env_steps=2879 t=0.02s
Ep  115: len= 26 白胜 loss=28.5555 temp=1.00 total_env_steps=2905 t=0.06s
Ep  116: len= 29 黑胜 loss=28.5257 temp=1.00 total_env_steps=2934 t=0.06s
Ep  117: len= 30 白胜 loss=28.4792 temp=1.00 total_env_steps=2964 t=0.07s
Ep  118: len=  6 黑胜 loss=28.5530 temp=1.00 total_env_steps=2970 t=0.02s
Ep  119: len= 27 黑胜 loss=28.5851 temp=1.00 total_env_steps=2997 t=0.06s
Ep  120: len= 49 黑胜 loss=28.5519 temp=1.00 total_env_steps=3046 t=0.09s
Ep  121: len= 51 黑胜 loss=28.5641 temp=1.00 total_env_steps=3097 t=0.11s
Ep  122: len=  2 白胜 loss=28.7221 temp=1.00 total_env_steps=3099 t=0.02s
Ep  123: len= 28 白胜 loss=28.5350 temp=1.00 total_env_steps=3127 t=0.06s
Ep  124: len= 32 白胜 loss=28.6026 temp=1.00 total_env_steps=3159 t=0.07s
Ep  125: len= 36 白胜 loss=28.5388 temp=1.00 total_env_steps=3195 t=0.08s
Ep  126: len= 29 黑胜 loss=28.7180 temp=1.00 total_env_steps=3224 t=0.07s
Ep  127: len= 41 黑胜 loss=28.4316 temp=1.00 total_env_steps=3265 t=0.09s
Ep  128: len= 24 白胜 loss=28.5093 temp=1.00 total_env_steps=3289 t=0.06s
Ep  129: len= 12 黑胜 loss=28.4379 temp=1.00 total_env_steps=3301 t=0.04s
Ep  130: len= 23 黑胜 loss=28.6489 temp=1.00 total_env_steps=3324 t=0.06s
Ep  131: len= 33 黑胜 loss=28.4821 temp=1.00 total_env_steps=3357 t=0.08s
Ep  132: len=  2 白胜 loss=28.3300 temp=1.00 total_env_steps=3359 t=0.01s
Ep  133: len=  2 白胜 loss=28.4673 temp=1.00 total_env_steps=3361 t=0.01s
Ep  134: len=  2 白胜 loss=28.4626 temp=1.00 total_env_steps=3363 t=0.01s
Ep  135: len= 33 黑胜 loss=28.6429 temp=1.00 total_env_steps=3396 t=0.07s
Ep  136: len= 30 黑胜 loss=28.4709 temp=1.00 total_env_steps=3426 t=0.06s
Ep  137: len= 50 白胜 loss=28.6362 temp=1.00 total_env_steps=3476 t=0.10s
Ep  138: len=  2 白胜 loss=28.6476 temp=1.00 total_env_steps=3478 t=0.02s
Ep  139: len= 22 白胜 loss=28.4526 temp=1.00 total_env_steps=3500 t=0.05s
Ep  140: len= 28 白胜 loss=28.5815 temp=1.00 total_env_steps=3528 t=0.06s
Ep  141: len= 35 黑胜 loss=28.5270 temp=1.00 total_env_steps=3563 t=0.08s
Ep  142: len= 33 黑胜 loss=28.5873 temp=1.00 total_env_steps=3596 t=0.07s
Ep  143: len= 33 黑胜 loss=28.5126 temp=1.00 total_env_steps=3629 t=0.07s
Ep  144: len=  2 白胜 loss=28.4721 temp=1.00 total_env_steps=3631 t=0.02s
Ep  145: len= 31 黑胜 loss=28.5373 temp=1.00 total_env_steps=3662 t=0.07s
Ep  146: len= 46 白胜 loss=28.5676 temp=1.00 total_env_steps=3708 t=0.09s
Ep  147: len= 29 黑胜 loss=28.4037 temp=1.00 total_env_steps=3737 t=0.06s
Ep  148: len= 33 黑胜 loss=28.5076 temp=1.00 total_env_steps=3770 t=0.07s
Ep  149: len= 28 白胜 loss=28.4231 temp=1.00 total_env_steps=3798 t=0.07s
Ep  150: len= 25 黑胜 loss=28.5588 temp=1.00 total_env_steps=3823 t=0.07s
Ep  151: len= 29 黑胜 loss=28.5661 temp=1.00 total_env_steps=3852 t=0.07s
Ep  152: len= 24 白胜 loss=28.5736 temp=1.00 total_env_steps=3876 t=0.06s
Ep  153: len= 26 白胜 loss=28.5589 temp=1.00 total_env_steps=3902 t=0.06s
Ep  154: len= 31 黑胜 loss=28.4846 temp=1.00 total_env_steps=3933 t=0.08s
Ep  155: len= 28 白胜 loss=28.4602 temp=1.00 total_env_steps=3961 t=0.07s
Ep  156: len= 21 黑胜 loss=28.5034 temp=1.00 total_env_steps=3982 t=0.05s
Ep  157: len= 22 白胜 loss=28.4925 temp=1.00 total_env_steps=4004 t=0.05s
Ep  158: len= 30 白胜 loss=28.5708 temp=1.00 total_env_steps=4034 t=0.06s
Ep  159: len= 15 黑胜 loss=28.4035 temp=1.00 total_env_steps=4049 t=0.04s
Ep  160: len= 19 黑胜 loss=28.6351 temp=1.00 total_env_steps=4068 t=0.05s
Ep  161: len= 20 白胜 loss=28.5515 temp=1.00 total_env_steps=4088 t=0.04s
Ep  162: len= 41 黑胜 loss=28.5220 temp=1.00 total_env_steps=4129 t=0.09s
Ep  163: len= 27 黑胜 loss=28.5077 temp=1.00 total_env_steps=4156 t=0.06s
Ep  164: len= 37 黑胜 loss=28.5455 temp=1.00 total_env_steps=4193 t=0.09s
Ep  165: len=  2 黑胜 loss=28.4684 temp=1.00 total_env_steps=4195 t=0.02s
Ep  166: len= 38 白胜 loss=28.5627 temp=1.00 total_env_steps=4233 t=0.09s
Ep  167: len= 31 黑胜 loss=28.8259 temp=1.00 total_env_steps=4264 t=0.07s
Ep  168: len= 12 白胜 loss=28.5057 temp=1.00 total_env_steps=4276 t=0.03s
Ep  169: len= 47 黑胜 loss=28.4485 temp=1.00 total_env_steps=4323 t=0.09s
Ep  170: len= 39 黑胜 loss=28.5032 temp=1.00 total_env_steps=4362 t=0.08s
Ep  171: len= 34 白胜 loss=28.5751 temp=1.00 total_env_steps=4396 t=0.08s
Ep  172: len= 16 白胜 loss=28.5472 temp=1.00 total_env_steps=4412 t=0.05s
Ep  173: len= 33 黑胜 loss=28.4205 temp=1.00 total_env_steps=4445 t=0.08s
Ep  174: len= 20 白胜 loss=28.5341 temp=1.00 total_env_steps=4465 t=0.05s
Ep  175: len=  6 黑胜 loss=28.4211 temp=1.00 total_env_steps=4471 t=0.02s
Ep  176: len= 29 黑胜 loss=28.2897 temp=1.00 total_env_steps=4500 t=0.07s
Ep  177: len= 48 白胜 loss=28.4909 temp=1.00 total_env_steps=4548 t=0.10s
Ep  178: len= 35 黑胜 loss=28.5525 temp=1.00 total_env_steps=4583 t=0.08s
Ep  179: len= 43 黑胜 loss=28.5570 temp=1.00 total_env_steps=4626 t=0.08s
Ep  180: len= 10 黑胜 loss=28.4270 temp=1.00 total_env_steps=4636 t=0.03s
Ep  181: len= 39 黑胜 loss=28.4549 temp=1.00 total_env_steps=4675 t=0.08s
Ep  182: len= 28 白胜 loss=28.4649 temp=1.00 total_env_steps=4703 t=0.07s
Ep  183: len= 28 白胜 loss=28.4638 temp=1.00 total_env_steps=4731 t=0.07s
Ep  184: len= 24 白胜 loss=28.6989 temp=1.00 total_env_steps=4755 t=0.07s
Ep  185: len=  4 黑胜 loss=28.5327 temp=1.00 total_env_steps=4759 t=0.02s
Ep  186: len= 29 黑胜 loss=28.4537 temp=1.00 total_env_steps=4788 t=0.07s
Ep  187: len= 43 黑胜 loss=28.4813 temp=1.00 total_env_steps=4831 t=0.10s
Ep  188: len= 28 白胜 loss=28.5418 temp=1.00 total_env_steps=4859 t=0.07s
Ep  189: len= 22 白胜 loss=28.5132 temp=1.00 total_env_steps=4881 t=0.06s
Ep  190: len= 12 白胜 loss=28.4825 temp=1.00 total_env_steps=4893 t=0.04s
Ep  191: len= 18 白胜 loss=28.4764 temp=1.00 total_env_steps=4911 t=0.05s
Ep  192: len= 23 白胜 loss=28.6527 temp=1.00 total_env_steps=4934 t=0.06s
Ep  193: len= 39 黑胜 loss=28.4815 temp=1.00 total_env_steps=4973 t=0.08s
Ep  194: len= 26 白胜 loss=28.4894 temp=1.00 total_env_steps=4999 t=0.06s
Ep  195: len= 38 白胜 loss=28.4332 temp=1.00 total_env_steps=5037 t=0.08s
Ep  196: len= 45 黑胜 loss=28.5050 temp=1.00 total_env_steps=5082 t=0.09s
Ep  197: len= 34 白胜 loss=28.5086 temp=1.00 total_env_steps=5116 t=0.07s
Ep  198: len= 28 白胜 loss=28.2961 temp=1.00 total_env_steps=5144 t=0.07s
Ep  199: len=  4 白胜 loss=28.5081 temp=1.00 total_env_steps=5148 t=0.02s
Ep  200: len= 29 黑胜 loss=28.3463 temp=1.00 total_env_steps=5177 t=0.08s
  eval vs Gomoku-random-v0: win_rate=1.00 mean_return=1.00（20 局，total_env_steps=5177）
  ✅ 达标 ep=200 total_env_steps=5177
Ep  201: len= 12 黑胜 loss=28.5028 temp=1.00 total_env_steps=5189 t=0.04s
Ep  202: len= 34 黑胜 loss=28.3264 temp=1.00 total_env_steps=5223 t=0.07s
Ep  203: len= 43 黑胜 loss=28.3947 temp=1.00 total_env_steps=5266 t=0.09s
Ep  204: len= 42 白胜 loss=28.5368 temp=1.00 total_env_steps=5308 t=0.08s
Ep  205: len=  2 黑胜 loss=28.5223 temp=1.00 total_env_steps=5310 t=0.02s
Ep  206: len= 28 白胜 loss=28.5154 temp=1.00 total_env_steps=5338 t=0.07s
Ep  207: len= 26 白胜 loss=28.4226 temp=1.00 total_env_steps=5364 t=0.07s
Ep  208: len=  2 白胜 loss=28.4817 temp=1.00 total_env_steps=5366 t=0.02s
Ep  209: len= 32 白胜 loss=28.4167 temp=1.00 total_env_steps=5398 t=0.08s
Ep  210: len= 47 黑胜 loss=28.3511 temp=1.00 total_env_steps=5445 t=0.11s
Ep  211: len=  4 白胜 loss=28.4426 temp=1.00 total_env_steps=5449 t=0.02s
Ep  212: len= 20 白胜 loss=28.4582 temp=1.00 total_env_steps=5469 t=0.06s
Ep  213: len=  2 黑胜 loss=28.3593 temp=1.00 total_env_steps=5471 t=0.02s
Ep  214: len= 21 白胜 loss=28.4884 temp=1.00 total_env_steps=5492 t=0.06s
Ep  215: len= 53 黑胜 loss=28.4926 temp=1.00 total_env_steps=5545 t=0.12s
Ep  216: len= 39 黑胜 loss=28.4011 temp=1.00 total_env_steps=5584 t=0.09s
Ep  217: len= 28 白胜 loss=28.4306 temp=1.00 total_env_steps=5612 t=0.08s
Ep  218: len= 30 白胜 loss=28.4899 temp=1.00 total_env_steps=5642 t=0.07s
Ep  219: len=  2 黑胜 loss=28.5295 temp=1.00 total_env_steps=5644 t=0.02s
Ep  220: len=  6 黑胜 loss=28.5897 temp=1.00 total_env_steps=5650 t=0.03s
Ep  221: len= 35 黑胜 loss=28.4652 temp=1.00 total_env_steps=5685 t=0.09s
Ep  222: len=  2 白胜 loss=28.6006 temp=1.00 total_env_steps=5687 t=0.02s
Ep  223: len= 21 黑胜 loss=28.5239 temp=1.00 total_env_steps=5708 t=0.06s
Ep  224: len=  2 黑胜 loss=28.4718 temp=1.00 total_env_steps=5710 t=0.02s
Ep  225: len= 39 白胜 loss=28.4404 temp=1.00 total_env_steps=5749 t=0.08s
Ep  226: len= 21 黑胜 loss=28.5494 temp=1.00 total_env_steps=5770 t=0.06s
Ep  227: len= 44 白胜 loss=28.5213 temp=1.00 total_env_steps=5814 t=0.10s
Ep  228: len= 43 黑胜 loss=28.6765 temp=1.00 total_env_steps=5857 t=0.10s
Ep  229: len=  4 白胜 loss=28.5558 temp=1.00 total_env_steps=5861 t=0.03s
Ep  230: len=  2 黑胜 loss=28.3861 temp=1.00 total_env_steps=5863 t=0.02s
Ep  231: len= 37 黑胜 loss=28.4081 temp=1.00 total_env_steps=5900 t=0.10s
Ep  232: len= 33 黑胜 loss=28.3421 temp=1.00 total_env_steps=5933 t=0.08s
Ep  233: len= 14 黑胜 loss=28.7754 temp=1.00 total_env_steps=5947 t=0.04s
Ep  234: len=  4 黑胜 loss=28.3586 temp=1.00 total_env_steps=5951 t=0.03s
Ep  235: len= 30 白胜 loss=28.5022 temp=1.00 total_env_steps=5981 t=0.07s
Ep  236: len= 34 白胜 loss=28.5476 temp=1.00 total_env_steps=6015 t=0.09s
Ep  237: len= 48 白胜 loss=28.3357 temp=1.00 total_env_steps=6063 t=0.13s
Ep  238: len= 30 白胜 loss=28.5821 temp=1.00 total_env_steps=6093 t=0.09s
Ep  239: len=  2 黑胜 loss=28.4617 temp=1.00 total_env_steps=6095 t=0.03s
Ep  240: len= 24 白胜 loss=28.4737 temp=1.00 total_env_steps=6119 t=0.07s
Ep  241: len=  2 白胜 loss=28.4855 temp=1.00 total_env_steps=6121 t=0.02s
Ep  242: len= 10 白胜 loss=28.5829 temp=1.00 total_env_steps=6131 t=0.03s
Ep  243: len=  4 黑胜 loss=28.3155 temp=1.00 total_env_steps=6135 t=0.03s
Ep  244: len= 34 白胜 loss=28.4227 temp=1.00 total_env_steps=6169 t=0.09s
Ep  245: len= 34 白胜 loss=28.4026 temp=1.00 total_env_steps=6203 t=0.09s
Ep  246: len= 31 黑胜 loss=28.4692 temp=1.00 total_env_steps=6234 t=0.08s
Ep  247: len= 40 白胜 loss=28.4678 temp=1.00 total_env_steps=6274 t=0.11s
Ep  248: len= 47 黑胜 loss=28.3701 temp=1.00 total_env_steps=6321 t=0.11s
Ep  249: len= 35 黑胜 loss=28.7252 temp=1.00 total_env_steps=6356 t=0.09s
Ep  250: len= 24 白胜 loss=28.5055 temp=1.00 total_env_steps=6380 t=0.07s
Ep  251: len= 34 白胜 loss=28.4972 temp=1.00 total_env_steps=6414 t=0.09s
Ep  252: len= 30 白胜 loss=28.3580 temp=1.00 total_env_steps=6444 t=0.08s
Ep  253: len= 33 黑胜 loss=28.5489 temp=1.00 total_env_steps=6477 t=0.08s
Ep  254: len=  4 黑胜 loss=28.4701 temp=1.00 total_env_steps=6481 t=0.02s
Ep  255: len=  2 黑胜 loss=28.3903 temp=1.00 total_env_steps=6483 t=0.02s
Ep  256: len= 39 黑胜 loss=28.4131 temp=1.00 total_env_steps=6522 t=0.09s
Ep  257: len=  2 白胜 loss=28.5081 temp=1.00 total_env_steps=6524 t=0.02s
Ep  258: len= 26 白胜 loss=28.5160 temp=1.00 total_env_steps=6550 t=0.07s
Ep  259: len= 25 黑胜 loss=28.3734 temp=1.00 total_env_steps=6575 t=0.07s
Ep  260: len= 31 黑胜 loss=28.4407 temp=1.00 total_env_steps=6606 t=0.08s
Ep  261: len= 21 黑胜 loss=28.4305 temp=1.00 total_env_steps=6627 t=0.06s
Ep  262: len= 27 白胜 loss=28.5097 temp=1.00 total_env_steps=6654 t=0.07s
Ep  263: len= 24 白胜 loss=28.4677 temp=1.00 total_env_steps=6678 t=0.07s
Ep  264: len= 23 黑胜 loss=28.4772 temp=1.00 total_env_steps=6701 t=0.06s
Ep  265: len=  2 黑胜 loss=28.4333 temp=1.00 total_env_steps=6703 t=0.02s
Ep  266: len= 32 白胜 loss=28.5046 temp=1.00 total_env_steps=6735 t=0.08s
Ep  267: len= 42 白胜 loss=28.3921 temp=1.00 total_env_steps=6777 t=0.09s
Ep  268: len= 47 黑胜 loss=28.4876 temp=1.00 total_env_steps=6824 t=0.12s
Ep  269: len= 15 黑胜 loss=28.6060 temp=1.00 total_env_steps=6839 t=0.05s
Ep  270: len= 31 黑胜 loss=28.5596 temp=1.00 total_env_steps=6870 t=0.08s
Ep  271: len= 37 黑胜 loss=28.5543 temp=1.00 total_env_steps=6907 t=0.09s
Ep  272: len= 27 黑胜 loss=28.4904 temp=1.00 total_env_steps=6934 t=0.08s
Ep  273: len= 37 黑胜 loss=28.5258 temp=1.00 total_env_steps=6971 t=0.09s
Ep  274: len= 25 黑胜 loss=28.5122 temp=1.00 total_env_steps=6996 t=0.06s
Ep  275: len= 29 黑胜 loss=28.4613 temp=1.00 total_env_steps=7025 t=0.07s
Ep  276: len=  2 黑胜 loss=28.3541 temp=1.00 total_env_steps=7027 t=0.02s
Ep  277: len= 33 黑胜 loss=28.4720 temp=1.00 total_env_steps=7060 t=0.08s
Ep  278: len=  2 黑胜 loss=28.3762 temp=1.00 total_env_steps=7062 t=0.02s
Ep  279: len= 18 白胜 loss=28.5496 temp=1.00 total_env_steps=7080 t=0.05s
Ep  280: len=  2 黑胜 loss=28.4953 temp=1.00 total_env_steps=7082 t=0.02s
Ep  281: len= 14 黑胜 loss=28.5196 temp=1.00 total_env_steps=7096 t=0.04s
Ep  282: len= 45 黑胜 loss=28.5862 temp=1.00 total_env_steps=7141 t=0.11s
Ep  283: len=  2 白胜 loss=28.2518 temp=1.00 total_env_steps=7143 t=0.02s
Ep  284: len= 29 黑胜 loss=28.6287 temp=1.00 total_env_steps=7172 t=0.07s
Ep  285: len=  2 白胜 loss=28.6866 temp=1.00 total_env_steps=7174 t=0.02s
Ep  286: len= 36 白胜 loss=28.4960 temp=1.00 total_env_steps=7210 t=0.08s
Ep  287: len= 22 黑胜 loss=28.6983 temp=1.00 total_env_steps=7232 t=0.06s
Ep  288: len=  2 黑胜 loss=28.5783 temp=1.00 total_env_steps=7234 t=0.02s
Ep  289: len=  2 白胜 loss=28.4576 temp=1.00 total_env_steps=7236 t=0.02s
Ep  290: len= 36 白胜 loss=28.5254 temp=1.00 total_env_steps=7272 t=0.09s
Ep  291: len= 29 黑胜 loss=28.6050 temp=1.00 total_env_steps=7301 t=0.08s
Ep  292: len=  2 黑胜 loss=28.6765 temp=1.00 total_env_steps=7303 t=0.02s
Ep  293: len= 26 白胜 loss=28.4101 temp=1.00 total_env_steps=7329 t=0.07s
Ep  294: len= 30 白胜 loss=28.5620 temp=1.00 total_env_steps=7359 t=0.07s
Ep  295: len=  2 白胜 loss=28.4478 temp=1.00 total_env_steps=7361 t=0.02s
Ep  296: len= 34 白胜 loss=28.5726 temp=1.00 total_env_steps=7395 t=0.08s
Ep  297: len=  2 白胜 loss=28.5807 temp=1.00 total_env_steps=7397 t=0.02s
Ep  298: len= 38 白胜 loss=28.4385 temp=1.00 total_env_steps=7435 t=0.09s
Ep  299: len= 28 白胜 loss=28.4938 temp=1.00 total_env_steps=7463 t=0.07s
Ep  300: len= 34 白胜 loss=28.4016 temp=1.00 total_env_steps=7497 t=0.09s
Ep  301: len= 14 白胜 loss=28.2306 temp=1.00 total_env_steps=7511 t=0.05s
Ep  302: len= 29 黑胜 loss=28.5650 temp=1.00 total_env_steps=7540 t=0.08s
Ep  303: len=  9 黑胜 loss=28.4805 temp=1.00 total_env_steps=7549 t=0.04s
Ep  304: len= 44 白胜 loss=28.5583 temp=1.00 total_env_steps=7593 t=0.10s
Ep  305: len= 31 黑胜 loss=28.7092 temp=1.00 total_env_steps=7624 t=0.08s
Ep  306: len= 29 黑胜 loss=28.3480 temp=1.00 total_env_steps=7653 t=0.07s
Ep  307: len= 33 黑胜 loss=28.4380 temp=1.00 total_env_steps=7686 t=0.08s
Ep  308: len=  4 白胜 loss=28.6914 temp=1.00 total_env_steps=7690 t=0.03s
Ep  309: len= 23 黑胜 loss=28.3932 temp=1.00 total_env_steps=7713 t=0.06s
Ep  310: len= 43 黑胜 loss=28.3919 temp=1.00 total_env_steps=7756 t=0.10s
Ep  311: len= 28 白胜 loss=28.4340 temp=1.00 total_env_steps=7784 t=0.08s
Ep  312: len= 26 白胜 loss=28.5239 temp=1.00 total_env_steps=7810 t=0.07s
Ep  313: len= 30 白胜 loss=28.5042 temp=1.00 total_env_steps=7840 t=0.07s
Ep  314: len=  4 白胜 loss=28.4783 temp=1.00 total_env_steps=7844 t=0.03s
Ep  315: len= 45 黑胜 loss=28.3742 temp=1.00 total_env_steps=7889 t=0.10s
Ep  316: len= 47 黑胜 loss=28.3937 temp=1.00 total_env_steps=7936 t=0.10s
Ep  317: len= 32 白胜 loss=28.6567 temp=1.00 total_env_steps=7968 t=0.08s
Ep  318: len= 34 白胜 loss=28.4994 temp=1.00 total_env_steps=8002 t=0.08s
Ep  319: len= 40 白胜 loss=28.6523 temp=1.00 total_env_steps=8042 t=0.10s
Ep  320: len=  2 白胜 loss=28.5322 temp=1.00 total_env_steps=8044 t=0.02s
Ep  321: len=  4 黑胜 loss=28.4215 temp=1.00 total_env_steps=8048 t=0.03s
Ep  322: len= 12 白胜 loss=28.4080 temp=1.00 total_env_steps=8060 t=0.04s
Ep  323: len= 49 黑胜 loss=28.4019 temp=1.00 total_env_steps=8109 t=0.12s
Ep  324: len= 19 黑胜 loss=28.3272 temp=1.00 total_env_steps=8128 t=0.06s
Ep  325: len= 36 白胜 loss=28.5270 temp=1.00 total_env_steps=8164 t=0.08s
Ep  326: len= 10 白胜 loss=28.3521 temp=1.00 total_env_steps=8174 t=0.04s
Ep  327: len= 29 黑胜 loss=28.5260 temp=1.00 total_env_steps=8203 t=0.07s
Ep  328: len= 33 黑胜 loss=28.5168 temp=1.00 total_env_steps=8236 t=0.08s
Ep  329: len=  4 白胜 loss=28.3670 temp=1.00 total_env_steps=8240 t=0.03s
Ep  330: len= 32 白胜 loss=28.5523 temp=1.00 total_env_steps=8272 t=0.08s
Ep  331: len= 54 白胜 loss=28.3943 temp=1.00 total_env_steps=8326 t=0.11s
Ep  332: len= 31 黑胜 loss=28.4670 temp=1.00 total_env_steps=8357 t=0.07s
Ep  333: len= 22 黑胜 loss=28.4621 temp=1.00 total_env_steps=8379 t=0.06s
Ep  334: len= 31 黑胜 loss=28.5611 temp=1.00 total_env_steps=8410 t=0.07s
Ep  335: len=  6 黑胜 loss=28.4682 temp=1.00 total_env_steps=8416 t=0.03s
Ep  336: len= 35 黑胜 loss=28.7074 temp=1.00 total_env_steps=8451 t=0.09s
Ep  337: len= 31 黑胜 loss=28.7618 temp=1.00 total_env_steps=8482 t=0.07s
Ep  338: len= 31 黑胜 loss=28.5495 temp=1.00 total_env_steps=8513 t=0.07s
Ep  339: len=  2 白胜 loss=28.4974 temp=1.00 total_env_steps=8515 t=0.02s
Ep  340: len= 15 黑胜 loss=28.4988 temp=1.00 total_env_steps=8530 t=0.05s
Ep  341: len= 47 黑胜 loss=28.5777 temp=1.00 total_env_steps=8577 t=0.11s
Ep  342: len= 31 黑胜 loss=28.4274 temp=1.00 total_env_steps=8608 t=0.07s
Ep  343: len=  6 白胜 loss=28.3154 temp=1.00 total_env_steps=8614 t=0.03s
Ep  344: len= 35 黑胜 loss=28.4396 temp=1.00 total_env_steps=8649 t=0.08s
Ep  345: len= 23 黑胜 loss=28.4135 temp=1.00 total_env_steps=8672 t=0.07s
Ep  346: len= 21 黑胜 loss=28.4749 temp=1.00 total_env_steps=8693 t=0.06s
Ep  347: len= 36 白胜 loss=28.4544 temp=1.00 total_env_steps=8729 t=0.10s
Ep  348: len= 17 黑胜 loss=28.2180 temp=1.00 total_env_steps=8746 t=0.06s
Ep  349: len= 60 白胜 loss=28.4359 temp=1.00 total_env_steps=8806 t=0.13s
Ep  350: len= 14 白胜 loss=28.4765 temp=1.00 total_env_steps=8820 t=0.05s
Ep  351: len=  2 白胜 loss=28.3577 temp=1.00 total_env_steps=8822 t=0.02s
Ep  352: len= 27 黑胜 loss=28.3094 temp=1.00 total_env_steps=8849 t=0.07s
Ep  353: len= 14 黑胜 loss=28.4396 temp=1.00 total_env_steps=8863 t=0.05s
Ep  354: len=  2 白胜 loss=28.5202 temp=1.00 total_env_steps=8865 t=0.03s
Ep  355: len= 19 黑胜 loss=28.5287 temp=1.00 total_env_steps=8884 t=0.06s
Ep  356: len=  2 白胜 loss=28.4243 temp=1.00 total_env_steps=8886 t=0.02s
Ep  357: len= 33 黑胜 loss=28.4914 temp=1.00 total_env_steps=8919 t=0.09s
Ep  358: len= 35 黑胜 loss=28.6350 temp=1.00 total_env_steps=8954 t=0.08s
Ep  359: len= 24 黑胜 loss=28.5598 temp=1.00 total_env_steps=8978 t=0.07s
Ep  360: len= 37 黑胜 loss=28.3366 temp=1.00 total_env_steps=9015 t=0.10s
Ep  361: len= 27 黑胜 loss=28.3580 temp=1.00 total_env_steps=9042 t=0.07s
Ep  362: len= 35 黑胜 loss=28.4027 temp=1.00 total_env_steps=9077 t=0.08s
Ep  363: len=  6 黑胜 loss=28.4773 temp=1.00 total_env_steps=9083 t=0.03s
Ep  364: len= 20 白胜 loss=28.4687 temp=1.00 total_env_steps=9103 t=0.05s
Ep  365: len=  4 白胜 loss=28.4071 temp=1.00 total_env_steps=9107 t=0.03s
Ep  366: len= 16 白胜 loss=28.5660 temp=1.00 total_env_steps=9123 t=0.05s
Ep  367: len= 38 白胜 loss=28.5558 temp=1.00 total_env_steps=9161 t=0.09s
Ep  368: len= 14 白胜 loss=28.3486 temp=1.00 total_env_steps=9175 t=0.04s
Ep  369: len= 60 白胜 loss=28.5177 temp=1.00 total_env_steps=9235 t=0.13s
Ep  370: len= 28 白胜 loss=28.5849 temp=1.00 total_env_steps=9263 t=0.08s
Ep  371: len= 29 黑胜 loss=28.4083 temp=1.00 total_env_steps=9292 t=0.09s
Ep  372: len= 21 黑胜 loss=28.2957 temp=1.00 total_env_steps=9313 t=0.06s
Ep  373: len= 40 白胜 loss=28.5086 temp=1.00 total_env_steps=9353 t=0.10s
Ep  374: len=  4 白胜 loss=28.3161 temp=1.00 total_env_steps=9357 t=0.03s
Ep  375: len= 41 黑胜 loss=28.4288 temp=1.00 total_env_steps=9398 t=0.11s
Ep  376: len= 32 黑胜 loss=28.5460 temp=1.00 total_env_steps=9430 t=0.08s
Ep  377: len= 10 黑胜 loss=28.4278 temp=1.00 total_env_steps=9440 t=0.04s
Ep  378: len= 33 黑胜 loss=28.3829 temp=1.00 total_env_steps=9473 t=0.08s
Ep  379: len= 41 黑胜 loss=28.5802 temp=1.00 total_env_steps=9514 t=0.09s
Ep  380: len= 24 黑胜 loss=28.4801 temp=1.00 total_env_steps=9538 t=0.06s
Ep  381: len=  2 白胜 loss=28.3904 temp=1.00 total_env_steps=9540 t=0.02s
Ep  382: len= 40 白胜 loss=28.5031 temp=1.00 total_env_steps=9580 t=0.09s
Ep  383: len= 41 黑胜 loss=28.5021 temp=1.00 total_env_steps=9621 t=0.10s
Ep  384: len= 13 白胜 loss=28.5120 temp=1.00 total_env_steps=9634 t=0.04s
Ep  385: len= 27 黑胜 loss=28.3760 temp=1.00 total_env_steps=9661 t=0.07s
Ep  386: len= 28 白胜 loss=28.5247 temp=1.00 total_env_steps=9689 t=0.07s
Ep  387: len=  4 黑胜 loss=28.5310 temp=1.00 total_env_steps=9693 t=0.02s
Ep  388: len= 54 白胜 loss=28.3668 temp=1.00 total_env_steps=9747 t=0.11s
Ep  389: len=  2 黑胜 loss=28.4193 temp=1.00 total_env_steps=9749 t=0.02s
Ep  390: len= 38 白胜 loss=28.6190 temp=1.00 total_env_steps=9787 t=0.09s
Ep  391: len= 12 白胜 loss=28.4545 temp=1.00 total_env_steps=9799 t=0.04s
Ep  392: len= 42 白胜 loss=28.4636 temp=1.00 total_env_steps=9841 t=0.10s
Ep  393: len= 30 黑胜 loss=28.3815 temp=1.00 total_env_steps=9871 t=0.07s
Ep  394: len= 38 白胜 loss=28.5800 temp=1.00 total_env_steps=9909 t=0.08s
Ep  395: len= 18 白胜 loss=28.4135 temp=1.00 total_env_steps=9927 t=0.05s
Ep  396: len= 30 白胜 loss=28.3895 temp=1.00 total_env_steps=9957 t=0.07s
Ep  397: len= 27 黑胜 loss=28.4361 temp=1.00 total_env_steps=9984 t=0.07s
Ep  398: len= 38 白胜 loss=28.3461 temp=1.00 total_env_steps=10022 t=0.09s
Ep  399: len= 24 白胜 loss=28.2440 temp=1.00 total_env_steps=10046 t=0.07s
Ep  400: len= 30 白胜 loss=28.3012 temp=1.00 total_env_steps=10076 t=0.07s
  eval vs Gomoku-random-v0: win_rate=0.95 mean_return=0.90（20 局，total_env_steps=10076）
Ep  401: len= 30 白胜 loss=28.4604 temp=1.00 total_env_steps=10106 t=0.07s
Ep  402: len= 47 黑胜 loss=28.4013 temp=1.00 total_env_steps=10153 t=0.10s
Ep  403: len=  2 黑胜 loss=28.5542 temp=1.00 total_env_steps=10155 t=0.02s
Ep  404: len= 55 黑胜 loss=28.5171 temp=1.00 total_env_steps=10210 t=0.12s
Ep  405: len= 26 白胜 loss=28.3782 temp=1.00 total_env_steps=10236 t=0.07s
Ep  406: len=  2 黑胜 loss=28.4916 temp=1.00 total_env_steps=10238 t=0.02s
Ep  407: len= 20 白胜 loss=28.5067 temp=1.00 total_env_steps=10258 t=0.05s
Ep  408: len= 37 黑胜 loss=28.4468 temp=1.00 total_env_steps=10295 t=0.09s
Ep  409: len= 25 黑胜 loss=28.2073 temp=1.00 total_env_steps=10320 t=0.07s
Ep  410: len= 40 白胜 loss=28.5026 temp=1.00 total_env_steps=10360 t=0.10s
Ep  411: len= 28 白胜 loss=28.6232 temp=1.00 total_env_steps=10388 t=0.07s
Ep  412: len= 24 黑胜 loss=28.5169 temp=1.00 total_env_steps=10412 t=0.06s
Ep  413: len= 22 白胜 loss=28.3569 temp=1.00 total_env_steps=10434 t=0.06s
Ep  414: len= 30 白胜 loss=28.4158 temp=1.00 total_env_steps=10464 t=0.08s
Ep  415: len=  2 黑胜 loss=28.3904 temp=1.00 total_env_steps=10466 t=0.02s
Ep  416: len= 27 黑胜 loss=28.4852 temp=1.00 total_env_steps=10493 t=0.07s
Ep  417: len= 38 白胜 loss=28.5182 temp=1.00 total_env_steps=10531 t=0.09s
Ep  418: len=  4 黑胜 loss=28.5886 temp=1.00 total_env_steps=10535 t=0.03s
Ep  419: len=  2 黑胜 loss=28.2927 temp=1.00 total_env_steps=10537 t=0.02s
Ep  420: len=  4 白胜 loss=28.3952 temp=1.00 total_env_steps=10541 t=0.03s
Ep  421: len= 31 黑胜 loss=28.3668 temp=1.00 total_env_steps=10572 t=0.08s
Ep  422: len=  2 黑胜 loss=28.4262 temp=1.00 total_env_steps=10574 t=0.02s
Ep  423: len= 27 黑胜 loss=28.4747 temp=1.00 total_env_steps=10601 t=0.07s
Ep  424: len=  2 黑胜 loss=28.4311 temp=1.00 total_env_steps=10603 t=0.02s
Ep  425: len= 42 白胜 loss=28.4917 temp=1.00 total_env_steps=10645 t=0.10s
Ep  426: len= 27 黑胜 loss=28.5392 temp=1.00 total_env_steps=10672 t=0.07s
Ep  427: len= 28 白胜 loss=28.4093 temp=1.00 total_env_steps=10700 t=0.07s
Ep  428: len= 26 黑胜 loss=28.5611 temp=1.00 total_env_steps=10726 t=0.07s
Ep  429: len=  6 黑胜 loss=28.3781 temp=1.00 total_env_steps=10732 t=0.03s
Ep  430: len= 50 白胜 loss=28.4518 temp=1.00 total_env_steps=10782 t=0.12s
Ep  431: len= 27 白胜 loss=28.5318 temp=1.00 total_env_steps=10809 t=0.07s
Ep  432: len= 23 黑胜 loss=28.3501 temp=1.00 total_env_steps=10832 t=0.06s
Ep  433: len= 28 白胜 loss=28.4998 temp=1.00 total_env_steps=10860 t=0.08s
Ep  434: len= 39 黑胜 loss=28.4268 temp=1.00 total_env_steps=10899 t=0.09s
Ep  435: len= 16 黑胜 loss=28.3365 temp=1.00 total_env_steps=10915 t=0.05s
Ep  436: len= 33 黑胜 loss=28.5871 temp=1.00 total_env_steps=10948 t=0.08s
Ep  437: len=  4 黑胜 loss=28.4892 temp=1.00 total_env_steps=10952 t=0.03s
Ep  438: len= 20 黑胜 loss=28.3742 temp=1.00 total_env_steps=10972 t=0.06s
Ep  439: len= 32 白胜 loss=28.4112 temp=1.00 total_env_steps=11004 t=0.08s
Ep  440: len= 25 黑胜 loss=28.3397 temp=1.00 total_env_steps=11029 t=0.07s
Ep  441: len= 26 白胜 loss=28.5663 temp=1.00 total_env_steps=11055 t=0.07s
Ep  442: len=  2 白胜 loss=28.3589 temp=1.00 total_env_steps=11057 t=0.02s
Ep  443: len= 23 黑胜 loss=28.5302 temp=1.00 total_env_steps=11080 t=0.07s
Ep  444: len=  8 白胜 loss=28.3513 temp=1.00 total_env_steps=11088 t=0.03s
Ep  445: len= 26 白胜 loss=28.6037 temp=1.00 total_env_steps=11114 t=0.06s
Ep  446: len= 24 白胜 loss=28.5277 temp=1.00 total_env_steps=11138 t=0.06s
Ep  447: len= 12 白胜 loss=28.4419 temp=1.00 total_env_steps=11150 t=0.04s
Ep  448: len= 26 黑胜 loss=28.5485 temp=1.00 total_env_steps=11176 t=0.06s
Ep  449: len= 21 黑胜 loss=28.5763 temp=1.00 total_env_steps=11197 t=0.06s
Ep  450: len= 13 黑胜 loss=28.4657 temp=1.00 total_env_steps=11210 t=0.04s
Ep  451: len= 35 黑胜 loss=28.3599 temp=1.00 total_env_steps=11245 t=0.08s
Ep  452: len= 36 白胜 loss=28.4189 temp=1.00 total_env_steps=11281 t=0.09s
Ep  453: len=  4 黑胜 loss=28.6809 temp=1.00 total_env_steps=11285 t=0.02s
Ep  454: len= 35 黑胜 loss=28.5455 temp=1.00 total_env_steps=11320 t=0.09s
Ep  455: len= 20 白胜 loss=28.4674 temp=1.00 total_env_steps=11340 t=0.06s
Ep  456: len= 30 白胜 loss=28.4887 temp=1.00 total_env_steps=11370 t=0.08s
Ep  457: len= 30 白胜 loss=28.5486 temp=1.00 total_env_steps=11400 t=0.08s
Ep  458: len= 28 黑胜 loss=28.4384 temp=1.00 total_env_steps=11428 t=0.07s
Ep  459: len= 48 白胜 loss=28.5471 temp=1.00 total_env_steps=11476 t=0.11s
Ep  460: len=  2 白胜 loss=28.4256 temp=1.00 total_env_steps=11478 t=0.02s
Ep  461: len= 32 白胜 loss=28.3395 temp=1.00 total_env_steps=11510 t=0.08s
Ep  462: len= 31 黑胜 loss=28.5337 temp=1.00 total_env_steps=11541 t=0.08s
Ep  463: len= 26 白胜 loss=28.4725 temp=1.00 total_env_steps=11567 t=0.07s
Ep  464: len= 29 黑胜 loss=28.4082 temp=1.00 total_env_steps=11596 t=0.07s
Ep  465: len= 27 黑胜 loss=28.3519 temp=1.00 total_env_steps=11623 t=0.07s
Ep  466: len= 38 白胜 loss=28.4385 temp=1.00 total_env_steps=11661 t=0.09s
Ep  467: len= 14 白胜 loss=28.3609 temp=1.00 total_env_steps=11675 t=0.04s
Ep  468: len= 32 白胜 loss=28.4309 temp=1.00 total_env_steps=11707 t=0.08s
Ep  469: len=  4 黑胜 loss=28.5106 temp=1.00 total_env_steps=11711 t=0.02s
Ep  470: len= 26 白胜 loss=28.3980 temp=1.00 total_env_steps=11737 t=0.07s
Ep  471: len= 33 黑胜 loss=28.4069 temp=1.00 total_env_steps=11770 t=0.08s
Ep  472: len= 25 黑胜 loss=28.6385 temp=1.00 total_env_steps=11795 t=0.06s
Ep  473: len= 22 白胜 loss=28.4649 temp=1.00 total_env_steps=11817 t=0.06s
Ep  474: len=  2 白胜 loss=28.2538 temp=1.00 total_env_steps=11819 t=0.02s
Ep  475: len= 21 黑胜 loss=28.4894 temp=1.00 total_env_steps=11840 t=0.06s
Ep  476: len=  2 白胜 loss=28.3545 temp=1.00 total_env_steps=11842 t=0.02s
Ep  477: len=  2 白胜 loss=28.3795 temp=1.00 total_env_steps=11844 t=0.02s
Ep  478: len= 32 白胜 loss=28.3683 temp=1.00 total_env_steps=11876 t=0.08s
Ep  479: len=  2 白胜 loss=28.6151 temp=1.00 total_env_steps=11878 t=0.02s
Ep  480: len= 36 白胜 loss=28.4655 temp=1.00 total_env_steps=11914 t=0.09s
Ep  481: len= 34 白胜 loss=28.5842 temp=1.00 total_env_steps=11948 t=0.08s
Ep  482: len= 26 白胜 loss=28.2651 temp=1.00 total_env_steps=11974 t=0.07s
Ep  483: len= 48 白胜 loss=28.3444 temp=1.00 total_env_steps=12022 t=0.10s
Ep  484: len= 27 黑胜 loss=28.3553 temp=1.00 total_env_steps=12049 t=0.07s
Ep  485: len= 14 白胜 loss=28.3979 temp=1.00 total_env_steps=12063 t=0.04s
Ep  486: len= 27 黑胜 loss=28.2326 temp=1.00 total_env_steps=12090 t=0.07s
Ep  487: len= 22 白胜 loss=28.3257 temp=1.00 total_env_steps=12112 t=0.06s
Ep  488: len= 38 白胜 loss=28.4256 temp=1.00 total_env_steps=12150 t=0.09s
Ep  489: len= 26 白胜 loss=28.3767 temp=1.00 total_env_steps=12176 t=0.06s
Ep  490: len= 30 黑胜 loss=28.4729 temp=1.00 total_env_steps=12206 t=0.07s
Ep  491: len= 28 白胜 loss=28.3960 temp=1.00 total_env_steps=12234 t=0.07s
Ep  492: len= 24 黑胜 loss=28.3515 temp=1.00 total_env_steps=12258 t=0.06s
Ep  493: len= 33 黑胜 loss=28.2281 temp=1.00 total_env_steps=12291 t=0.08s
Ep  494: len= 17 黑胜 loss=28.4528 temp=1.00 total_env_steps=12308 t=0.06s
Ep  495: len= 33 黑胜 loss=28.5064 temp=1.00 total_env_steps=12341 t=0.08s
Ep  496: len= 33 黑胜 loss=28.4416 temp=1.00 total_env_steps=12374 t=0.08s
Ep  497: len= 34 白胜 loss=28.5873 temp=1.00 total_env_steps=12408 t=0.08s
Ep  498: len= 30 黑胜 loss=28.4898 temp=1.00 total_env_steps=12438 t=0.07s
Ep  499: len=  2 黑胜 loss=28.4249 temp=1.00 total_env_steps=12440 t=0.02s
Ep  500: len= 31 黑胜 loss=28.3006 temp=1.00 total_env_steps=12471 t=0.08s
Ep  501: len= 18 黑胜 loss=28.3084 temp=1.00 total_env_steps=12489 t=0.05s
Ep  502: len= 22 白胜 loss=28.4306 temp=1.00 total_env_steps=12511 t=0.06s
Ep  503: len= 41 黑胜 loss=28.2858 temp=1.00 total_env_steps=12552 t=0.09s
Ep  504: len=  2 黑胜 loss=28.4202 temp=1.00 total_env_steps=12554 t=0.02s
Ep  505: len= 27 黑胜 loss=28.3773 temp=1.00 total_env_steps=12581 t=0.07s
Ep  506: len= 35 黑胜 loss=28.4307 temp=1.00 total_env_steps=12616 t=0.09s
Ep  507: len=  2 白胜 loss=28.4234 temp=1.00 total_env_steps=12618 t=0.02s
Ep  508: len= 26 白胜 loss=28.6215 temp=1.00 total_env_steps=12644 t=0.07s
Ep  509: len= 20 白胜 loss=28.2891 temp=1.00 total_env_steps=12664 t=0.06s
Ep  510: len= 33 黑胜 loss=28.3415 temp=1.00 total_env_steps=12697 t=0.09s
Ep  511: len= 37 黑胜 loss=28.3202 temp=1.00 total_env_steps=12734 t=0.09s
Ep  512: len= 25 黑胜 loss=28.4272 temp=1.00 total_env_steps=12759 t=0.07s
Ep  513: len= 15 黑胜 loss=28.4950 temp=1.00 total_env_steps=12774 t=0.05s
Ep  514: len= 33 黑胜 loss=28.4264 temp=1.00 total_env_steps=12807 t=0.08s
Ep  515: len=  4 黑胜 loss=28.4454 temp=1.00 total_env_steps=12811 t=0.03s
Ep  516: len= 37 黑胜 loss=28.4085 temp=1.00 total_env_steps=12848 t=0.08s
Ep  517: len= 23 黑胜 loss=28.4356 temp=1.00 total_env_steps=12871 t=0.07s
Ep  518: len=  2 白胜 loss=28.5527 temp=1.00 total_env_steps=12873 t=0.02s
Ep  519: len= 29 黑胜 loss=28.3665 temp=1.00 total_env_steps=12902 t=0.08s
Ep  520: len= 21 黑胜 loss=28.4635 temp=1.00 total_env_steps=12923 t=0.07s
Ep  521: len= 20 白胜 loss=28.3156 temp=1.00 total_env_steps=12943 t=0.06s
Ep  522: len= 27 黑胜 loss=28.3164 temp=1.00 total_env_steps=12970 t=0.08s
Ep  523: len= 18 白胜 loss=28.4117 temp=1.00 total_env_steps=12988 t=0.06s
Ep  524: len= 36 白胜 loss=28.3236 temp=1.00 total_env_steps=13024 t=0.09s
Ep  525: len= 28 白胜 loss=28.5596 temp=1.00 total_env_steps=13052 t=0.08s
Ep  526: len= 18 黑胜 loss=28.2838 temp=1.00 total_env_steps=13070 t=0.05s
Ep  527: len= 31 白胜 loss=28.2465 temp=1.00 total_env_steps=13101 t=0.08s
Ep  528: len= 13 黑胜 loss=28.4915 temp=1.00 total_env_steps=13114 t=0.05s
Ep  529: len=  2 白胜 loss=28.4491 temp=1.00 total_env_steps=13116 t=0.02s
Ep  530: len=  2 白胜 loss=28.3947 temp=1.00 total_env_steps=13118 t=0.02s
Ep  531: len= 31 黑胜 loss=28.3556 temp=1.00 total_env_steps=13149 t=0.08s
Ep  532: len=  2 黑胜 loss=28.4609 temp=1.00 total_env_steps=13151 t=0.02s
Ep  533: len= 16 黑胜 loss=28.3053 temp=1.00 total_env_steps=13167 t=0.05s
Ep  534: len= 25 黑胜 loss=28.5093 temp=1.00 total_env_steps=13192 t=0.07s
Ep  535: len= 30 黑胜 loss=28.5340 temp=1.00 total_env_steps=13222 t=0.08s
Ep  536: len= 33 黑胜 loss=28.4530 temp=1.00 total_env_steps=13255 t=0.09s
Ep  537: len= 28 白胜 loss=28.3605 temp=1.00 total_env_steps=13283 t=0.08s
Ep  538: len= 11 白胜 loss=28.2821 temp=1.00 total_env_steps=13294 t=0.04s
Ep  539: len= 37 黑胜 loss=28.4028 temp=1.00 total_env_steps=13331 t=0.09s
Ep  540: len= 44 白胜 loss=28.3393 temp=1.00 total_env_steps=13375 t=0.09s
Ep  541: len=  4 黑胜 loss=28.4050 temp=1.00 total_env_steps=13379 t=0.03s
Ep  542: len=  8 黑胜 loss=28.2141 temp=1.00 total_env_steps=13387 t=0.03s
Ep  543: len= 20 白胜 loss=28.4332 temp=1.00 total_env_steps=13407 t=0.05s
Ep  544: len= 22 白胜 loss=28.4064 temp=1.00 total_env_steps=13429 t=0.06s
Ep  545: len= 18 黑胜 loss=28.2664 temp=1.00 total_env_steps=13447 t=0.06s
Ep  546: len=  2 黑胜 loss=28.2601 temp=1.00 total_env_steps=13449 t=0.02s
Ep  547: len= 32 白胜 loss=28.1439 temp=1.00 total_env_steps=13481 t=0.08s
Ep  548: len= 25 黑胜 loss=28.4293 temp=1.00 total_env_steps=13506 t=0.07s
Ep  549: len= 34 白胜 loss=28.3988 temp=1.00 total_env_steps=13540 t=0.09s
Ep  550: len=  4 黑胜 loss=28.5294 temp=1.00 total_env_steps=13544 t=0.03s
Ep  551: len= 31 黑胜 loss=28.2466 temp=1.00 total_env_steps=13575 t=0.08s
Ep  552: len= 22 黑胜 loss=28.3093 temp=1.00 total_env_steps=13597 t=0.06s
Ep  553: len= 25 黑胜 loss=28.3853 temp=1.00 total_env_steps=13622 t=0.07s
Ep  554: len=  2 黑胜 loss=28.4449 temp=1.00 total_env_steps=13624 t=0.02s
Ep  555: len=  2 白胜 loss=28.2582 temp=1.00 total_env_steps=13626 t=0.02s
Ep  556: len= 19 黑胜 loss=28.2782 temp=1.00 total_env_steps=13645 t=0.06s
Ep  557: len= 30 黑胜 loss=28.2702 temp=1.00 total_env_steps=13675 t=0.07s
Ep  558: len= 24 黑胜 loss=28.4089 temp=1.00 total_env_steps=13699 t=0.07s
Ep  559: len= 40 白胜 loss=28.3122 temp=1.00 total_env_steps=13739 t=0.09s
Ep  560: len= 33 黑胜 loss=28.2766 temp=1.00 total_env_steps=13772 t=0.08s
Ep  561: len= 31 黑胜 loss=28.2519 temp=1.00 total_env_steps=13803 t=0.08s
Ep  562: len= 32 黑胜 loss=28.2709 temp=1.00 total_env_steps=13835 t=0.08s
Ep  563: len= 29 黑胜 loss=28.7155 temp=1.00 total_env_steps=13864 t=0.07s
Ep  564: len= 18 黑胜 loss=28.4768 temp=1.00 total_env_steps=13882 t=0.05s
Ep  565: len= 38 白胜 loss=28.4191 temp=1.00 total_env_steps=13920 t=0.09s
Ep  566: len= 14 白胜 loss=28.5128 temp=1.00 total_env_steps=13934 t=0.04s
Ep  567: len=  8 白胜 loss=28.2683 temp=1.00 total_env_steps=13942 t=0.03s
Ep  568: len= 21 黑胜 loss=28.5672 temp=1.00 total_env_steps=13963 t=0.06s
Ep  569: len= 25 黑胜 loss=28.3188 temp=1.00 total_env_steps=13988 t=0.06s
Ep  570: len=  2 黑胜 loss=28.4729 temp=1.00 total_env_steps=13990 t=0.02s
Ep  571: len= 35 黑胜 loss=28.3845 temp=1.00 total_env_steps=14025 t=0.08s
Ep  572: len=  6 黑胜 loss=28.5989 temp=1.00 total_env_steps=14031 t=0.03s
Ep  573: len= 43 黑胜 loss=28.3434 temp=1.00 total_env_steps=14074 t=0.10s
Ep  574: len=  6 黑胜 loss=28.5609 temp=1.00 total_env_steps=14080 t=0.03s
Ep  575: len=  2 黑胜 loss=28.3413 temp=1.00 total_env_steps=14082 t=0.02s
Ep  576: len= 31 黑胜 loss=28.3539 temp=1.00 total_env_steps=14113 t=0.08s
Ep  577: len= 36 白胜 loss=28.3293 temp=1.00 total_env_steps=14149 t=0.09s
Ep  578: len= 25 黑胜 loss=28.6829 temp=1.00 total_env_steps=14174 t=0.06s
Ep  579: len=  2 黑胜 loss=28.4806 temp=1.00 total_env_steps=14176 t=0.02s
Ep  580: len=  2 黑胜 loss=28.4538 temp=1.00 total_env_steps=14178 t=0.02s
Ep  581: len= 26 白胜 loss=28.3290 temp=1.00 total_env_steps=14204 t=0.07s
Ep  582: len= 28 白胜 loss=28.4601 temp=1.00 total_env_steps=14232 t=0.07s
Ep  583: len= 40 白胜 loss=28.5005 temp=1.00 total_env_steps=14272 t=0.09s
Ep  584: len= 39 黑胜 loss=28.3719 temp=1.00 total_env_steps=14311 t=0.10s
Ep  585: len= 33 黑胜 loss=28.3444 temp=1.00 total_env_steps=14344 t=0.07s
Ep  586: len= 22 白胜 loss=28.3811 temp=1.00 total_env_steps=14366 t=0.06s
Ep  587: len= 16 白胜 loss=28.6417 temp=1.00 total_env_steps=14382 t=0.05s
Ep  588: len= 35 黑胜 loss=28.2850 temp=1.00 total_env_steps=14417 t=0.09s
Ep  589: len= 16 黑胜 loss=28.2206 temp=1.00 total_env_steps=14433 t=0.06s
Ep  590: len= 20 白胜 loss=28.1886 temp=1.00 total_env_steps=14453 t=0.06s
Ep  591: len= 27 黑胜 loss=28.4263 temp=1.00 total_env_steps=14480 t=0.07s
Ep  592: len= 20 白胜 loss=28.2459 temp=1.00 total_env_steps=14500 t=0.05s
Ep  593: len= 21 黑胜 loss=28.1950 temp=1.00 total_env_steps=14521 t=0.06s
Ep  594: len=  6 白胜 loss=28.4245 temp=1.00 total_env_steps=14527 t=0.03s
Ep  595: len= 32 白胜 loss=28.5366 temp=1.00 total_env_steps=14559 t=0.09s
Ep  596: len= 31 黑胜 loss=28.3924 temp=1.00 total_env_steps=14590 t=0.09s
Ep  597: len= 23 黑胜 loss=28.4772 temp=1.00 total_env_steps=14613 t=0.06s
Ep  598: len= 33 黑胜 loss=28.0552 temp=1.00 total_env_steps=14646 t=0.08s
Ep  599: len= 11 黑胜 loss=28.1063 temp=1.00 total_env_steps=14657 t=0.04s
Ep  600: len= 42 白胜 loss=28.4192 temp=1.00 total_env_steps=14699 t=0.10s
  eval vs Gomoku-random-v0: win_rate=1.00 mean_return=1.00（20 局，total_env_steps=14699）
Ep  601: len=  2 黑胜 loss=28.1820 temp=1.00 total_env_steps=14701 t=0.02s
Ep  602: len=  8 白胜 loss=28.2803 temp=1.00 total_env_steps=14709 t=0.03s
Ep  603: len= 26 白胜 loss=28.4222 temp=1.00 total_env_steps=14735 t=0.06s
Ep  604: len=  6 白胜 loss=28.2442 temp=1.00 total_env_steps=14741 t=0.03s
Ep  605: len= 31 黑胜 loss=28.4015 temp=1.00 total_env_steps=14772 t=0.08s
Ep  606: len= 26 白胜 loss=28.2269 temp=1.00 total_env_steps=14798 t=0.07s
Ep  607: len= 33 黑胜 loss=28.3953 temp=1.00 total_env_steps=14831 t=0.09s
Ep  608: len= 21 黑胜 loss=28.3322 temp=1.00 total_env_steps=14852 t=0.06s
Ep  609: len= 20 白胜 loss=28.2184 temp=1.00 total_env_steps=14872 t=0.06s
Ep  610: len= 17 黑胜 loss=28.1253 temp=1.00 total_env_steps=14889 t=0.05s
Ep  611: len= 16 白胜 loss=28.3212 temp=1.00 total_env_steps=14905 t=0.05s
Ep  612: len= 35 黑胜 loss=28.0973 temp=1.00 total_env_steps=14940 t=0.08s
Ep  613: len= 25 黑胜 loss=28.2437 temp=1.00 total_env_steps=14965 t=0.06s
Ep  614: len= 25 黑胜 loss=28.1703 temp=1.00 total_env_steps=14990 t=0.07s
Ep  615: len= 19 黑胜 loss=28.1038 temp=1.00 total_env_steps=15009 t=0.05s
Ep  616: len= 29 黑胜 loss=28.4327 temp=1.00 total_env_steps=15038 t=0.08s
Ep  617: len= 24 白胜 loss=28.3769 temp=1.00 total_env_steps=15062 t=0.06s
Ep  618: len= 33 黑胜 loss=28.2520 temp=1.00 total_env_steps=15095 t=0.07s
Ep  619: len= 19 黑胜 loss=28.3986 temp=1.00 total_env_steps=15114 t=0.06s
Ep  620: len=  6 黑胜 loss=28.3147 temp=1.00 total_env_steps=15120 t=0.03s
Ep  621: len= 17 黑胜 loss=28.2169 temp=1.00 total_env_steps=15137 t=0.06s
Ep  622: len= 15 白胜 loss=28.3714 temp=1.00 total_env_steps=15152 t=0.05s
Ep  623: len= 32 白胜 loss=28.4788 temp=1.00 total_env_steps=15184 t=0.09s
Ep  624: len=  4 黑胜 loss=28.2293 temp=1.00 total_env_steps=15188 t=0.03s
Ep  625: len= 17 黑胜 loss=28.1930 temp=1.00 total_env_steps=15205 t=0.06s
Ep  626: len=  2 黑胜 loss=28.2853 temp=1.00 total_env_steps=15207 t=0.02s
Ep  627: len= 27 黑胜 loss=28.2711 temp=1.00 total_env_steps=15234 t=0.08s
Ep  628: len= 10 白胜 loss=28.1507 temp=1.00 total_env_steps=15244 t=0.04s
Ep  629: len= 35 黑胜 loss=28.2977 temp=1.00 total_env_steps=15279 t=0.09s
Ep  630: len=  8 黑胜 loss=28.1729 temp=1.00 total_env_steps=15287 t=0.03s
Ep  631: len= 49 黑胜 loss=28.3637 temp=1.00 total_env_steps=15336 t=0.12s
Ep  632: len= 21 白胜 loss=28.1624 temp=1.00 total_env_steps=15357 t=0.06s
Ep  633: len= 23 黑胜 loss=28.1231 temp=1.00 total_env_steps=15380 t=0.07s
Ep  634: len= 13 黑胜 loss=28.0634 temp=1.00 total_env_steps=15393 t=0.05s
Ep  635: len= 32 白胜 loss=28.3603 temp=1.00 total_env_steps=15425 t=0.09s
Ep  636: len= 30 白胜 loss=28.2526 temp=1.00 total_env_steps=15455 t=0.07s
Ep  637: len=  4 黑胜 loss=28.2918 temp=1.00 total_env_steps=15459 t=0.02s
Ep  638: len= 32 白胜 loss=28.1634 temp=1.00 total_env_steps=15491 t=0.08s
Ep  639: len=  2 白胜 loss=28.2284 temp=1.00 total_env_steps=15493 t=0.02s
Ep  640: len=  2 黑胜 loss=28.3068 temp=1.00 total_env_steps=15495 t=0.02s
Ep  641: len= 24 白胜 loss=28.1363 temp=1.00 total_env_steps=15519 t=0.07s
Ep  642: len= 12 黑胜 loss=28.1133 temp=1.00 total_env_steps=15531 t=0.04s
Ep  643: len= 22 白胜 loss=28.3199 temp=1.00 total_env_steps=15553 t=0.06s
Ep  644: len= 19 黑胜 loss=28.3874 temp=1.00 total_env_steps=15572 t=0.06s
Ep  645: len= 18 白胜 loss=28.2255 temp=1.00 total_env_steps=15590 t=0.05s
Ep  646: len=  9 黑胜 loss=28.1292 temp=1.00 total_env_steps=15599 t=0.04s
Ep  647: len=  4 白胜 loss=28.2634 temp=1.00 total_env_steps=15603 t=0.02s
Ep  648: len= 24 白胜 loss=28.3406 temp=1.00 total_env_steps=15627 t=0.07s
Ep  649: len= 26 白胜 loss=28.5155 temp=1.00 total_env_steps=15653 t=0.07s
Ep  650: len= 12 白胜 loss=27.9933 temp=1.00 total_env_steps=15665 t=0.04s
Ep  651: len= 17 黑胜 loss=28.3291 temp=1.00 total_env_steps=15682 t=0.05s
Ep  652: len= 41 黑胜 loss=28.1679 temp=1.00 total_env_steps=15723 t=0.09s
Ep  653: len= 38 白胜 loss=28.1656 temp=1.00 total_env_steps=15761 t=0.09s
Ep  654: len= 27 白胜 loss=28.1675 temp=1.00 total_env_steps=15788 t=0.07s
Ep  655: len= 20 白胜 loss=28.2249 temp=1.00 total_env_steps=15808 t=0.06s
Ep  656: len= 35 黑胜 loss=28.1446 temp=1.00 total_env_steps=15843 t=0.08s
Ep  657: len=  2 黑胜 loss=27.9812 temp=1.00 total_env_steps=15845 t=0.02s
Ep  658: len=  6 黑胜 loss=28.1331 temp=1.00 total_env_steps=15851 t=0.03s
Ep  659: len= 24 白胜 loss=28.1382 temp=1.00 total_env_steps=15875 t=0.07s
Ep  660: len=  2 白胜 loss=28.1253 temp=1.00 total_env_steps=15877 t=0.02s
Ep  661: len= 21 黑胜 loss=28.2270 temp=1.00 total_env_steps=15898 t=0.06s
Ep  662: len=  7 黑胜 loss=28.1881 temp=1.00 total_env_steps=15905 t=0.03s
Ep  663: len= 41 黑胜 loss=28.1092 temp=1.00 total_env_steps=15946 t=0.09s
Ep  664: len= 42 白胜 loss=28.1549 temp=1.00 total_env_steps=15988 t=0.09s
Ep  665: len=  2 黑胜 loss=28.2300 temp=1.00 total_env_steps=15990 t=0.02s
Ep  666: len= 24 白胜 loss=28.3578 temp=1.00 total_env_steps=16014 t=0.07s
Ep  667: len=  2 白胜 loss=27.9347 temp=1.00 total_env_steps=16016 t=0.02s
Ep  668: len= 11 黑胜 loss=28.0256 temp=1.00 total_env_steps=16027 t=0.04s
Ep  669: len= 19 黑胜 loss=28.1832 temp=1.00 total_env_steps=16046 t=0.06s
Ep  670: len= 36 白胜 loss=28.1163 temp=1.00 total_env_steps=16082 t=0.09s
Ep  671: len=  4 白胜 loss=28.1540 temp=1.00 total_env_steps=16086 t=0.03s
Ep  672: len=  8 黑胜 loss=28.1957 temp=1.00 total_env_steps=16094 t=0.04s
Ep  673: len= 21 黑胜 loss=28.1397 temp=1.00 total_env_steps=16115 t=0.06s
Ep  674: len= 17 黑胜 loss=28.0119 temp=1.00 total_env_steps=16132 t=0.05s
Ep  675: len=  4 白胜 loss=28.0763 temp=1.00 total_env_steps=16136 t=0.03s
Ep  676: len= 12 黑胜 loss=28.0081 temp=1.00 total_env_steps=16148 t=0.04s
Ep  677: len= 15 黑胜 loss=28.2037 temp=1.00 total_env_steps=16163 t=0.05s
Ep  678: len= 30 白胜 loss=28.1446 temp=1.00 total_env_steps=16193 t=0.08s
Ep  679: len= 23 黑胜 loss=28.1268 temp=1.00 total_env_steps=16216 t=0.07s
Ep  680: len= 18 白胜 loss=28.1647 temp=1.00 total_env_steps=16234 t=0.05s
Ep  681: len= 15 黑胜 loss=28.1906 temp=1.00 total_env_steps=16249 t=0.05s
Ep  682: len= 12 白胜 loss=28.1118 temp=1.00 total_env_steps=16261 t=0.04s
Ep  683: len=  6 白胜 loss=27.8790 temp=1.00 total_env_steps=16267 t=0.03s
Ep  684: len= 26 白胜 loss=28.1746 temp=1.00 total_env_steps=16293 t=0.07s
Ep  685: len=  2 白胜 loss=27.9547 temp=1.00 total_env_steps=16295 t=0.02s
Ep  686: len= 14 白胜 loss=27.9533 temp=1.00 total_env_steps=16309 t=0.05s
Ep  687: len= 12 白胜 loss=27.8888 temp=1.00 total_env_steps=16321 t=0.04s
Ep  688: len= 40 黑胜 loss=27.9875 temp=1.00 total_env_steps=16361 t=0.09s
Ep  689: len= 31 黑胜 loss=27.8483 temp=1.00 total_env_steps=16392 t=0.07s
Ep  690: len= 42 白胜 loss=28.1126 temp=1.00 total_env_steps=16434 t=0.10s
Ep  691: len= 27 黑胜 loss=27.8384 temp=1.00 total_env_steps=16461 t=0.07s
Ep  692: len= 19 黑胜 loss=27.9205 temp=1.00 total_env_steps=16480 t=0.05s
Ep  693: len=  6 白胜 loss=28.0284 temp=1.00 total_env_steps=16486 t=0.03s
Ep  694: len= 42 白胜 loss=27.9156 temp=1.00 total_env_steps=16528 t=0.09s
Ep  695: len=  8 白胜 loss=28.0859 temp=1.00 total_env_steps=16536 t=0.04s
Ep  696: len=  2 白胜 loss=27.6856 temp=1.00 total_env_steps=16538 t=0.02s
Ep  697: len= 20 黑胜 loss=27.9739 temp=1.00 total_env_steps=16558 t=0.06s
Ep  698: len= 10 白胜 loss=28.1641 temp=1.00 total_env_steps=16568 t=0.04s
Ep  699: len= 22 白胜 loss=27.9747 temp=1.00 total_env_steps=16590 t=0.07s
Ep  700: len= 21 黑胜 loss=28.0086 temp=1.00 total_env_steps=16611 t=0.06s
Ep  701: len= 21 黑胜 loss=27.8322 temp=1.00 total_env_steps=16632 t=0.06s
Ep  702: len= 21 黑胜 loss=28.1888 temp=1.00 total_env_steps=16653 t=0.06s
Ep  703: len= 10 白胜 loss=28.0981 temp=1.00 total_env_steps=16663 t=0.04s
Ep  704: len=  6 黑胜 loss=27.9078 temp=1.00 total_env_steps=16669 t=0.03s
Ep  705: len= 13 黑胜 loss=27.9879 temp=1.00 total_env_steps=16682 t=0.05s
Ep  706: len= 19 黑胜 loss=27.5504 temp=1.00 total_env_steps=16701 t=0.06s
Ep  707: len=  8 白胜 loss=27.8293 temp=1.00 total_env_steps=16709 t=0.03s
Ep  708: len= 19 黑胜 loss=28.0058 temp=1.00 total_env_steps=16728 t=0.06s
Ep  709: len= 17 黑胜 loss=27.9984 temp=1.00 total_env_steps=16745 t=0.05s
Ep  710: len= 20 黑胜 loss=27.7644 temp=1.00 total_env_steps=16765 t=0.06s
Ep  711: len=  2 白胜 loss=27.8449 temp=1.00 total_env_steps=16767 t=0.02s
Ep  712: len= 14 白胜 loss=27.8660 temp=1.00 total_env_steps=16781 t=0.04s
Ep  713: len= 12 黑胜 loss=27.9209 temp=1.00 total_env_steps=16793 t=0.04s
Ep  714: len= 19 黑胜 loss=27.8786 temp=1.00 total_env_steps=16812 t=0.06s
Ep  715: len= 17 黑胜 loss=27.7378 temp=1.00 total_env_steps=16829 t=0.05s
Ep  716: len= 17 黑胜 loss=28.0352 temp=1.00 total_env_steps=16846 t=0.05s
Ep  717: len=  2 黑胜 loss=27.9749 temp=1.00 total_env_steps=16848 t=0.03s
Ep  718: len= 15 黑胜 loss=27.4021 temp=1.00 total_env_steps=16863 t=0.05s
Ep  719: len=  2 白胜 loss=27.9564 temp=1.00 total_env_steps=16865 t=0.02s
Ep  720: len= 27 黑胜 loss=27.9235 temp=1.00 total_env_steps=16892 t=0.08s
Ep  721: len= 42 白胜 loss=28.0677 temp=1.00 total_env_steps=16934 t=0.10s
Ep  722: len= 25 黑胜 loss=27.9513 temp=1.00 total_env_steps=16959 t=0.07s
Ep  723: len=  9 黑胜 loss=27.6063 temp=1.00 total_env_steps=16968 t=0.04s
Ep  724: len= 14 黑胜 loss=27.8914 temp=1.00 total_env_steps=16982 t=0.05s
Ep  725: len=  6 黑胜 loss=27.5953 temp=1.00 total_env_steps=16988 t=0.03s
Ep  726: len= 17 黑胜 loss=28.0076 temp=1.00 total_env_steps=17005 t=0.05s
Ep  727: len= 15 黑胜 loss=27.8424 temp=1.00 total_env_steps=17020 t=0.04s
Ep  728: len= 17 黑胜 loss=27.7352 temp=1.00 total_env_steps=17037 t=0.05s
Ep  729: len= 17 黑胜 loss=27.5309 temp=1.00 total_env_steps=17054 t=0.05s
Ep  730: len= 17 黑胜 loss=27.9755 temp=1.00 total_env_steps=17071 t=0.05s
Ep  731: len= 13 黑胜 loss=27.7607 temp=1.00 total_env_steps=17084 t=0.04s
Ep  732: len= 19 黑胜 loss=27.6945 temp=1.00 total_env_steps=17103 t=0.05s
Ep  733: len= 18 白胜 loss=27.7069 temp=1.00 total_env_steps=17121 t=0.06s
Ep  734: len= 27 黑胜 loss=27.7748 temp=1.00 total_env_steps=17148 t=0.08s
Ep  735: len= 16 白胜 loss=27.6069 temp=1.00 total_env_steps=17164 t=0.05s
Ep  736: len= 13 黑胜 loss=27.4867 temp=1.00 total_env_steps=17177 t=0.04s
Ep  737: len=  4 白胜 loss=27.8288 temp=1.00 total_env_steps=17181 t=0.02s
Ep  738: len=  2 白胜 loss=27.7062 temp=1.00 total_env_steps=17183 t=0.02s
Ep  739: len= 24 白胜 loss=27.3792 temp=1.00 total_env_steps=17207 t=0.07s
Ep  740: len= 19 黑胜 loss=27.6714 temp=1.00 total_env_steps=17226 t=0.05s
Ep  741: len= 16 黑胜 loss=27.4768 temp=1.00 total_env_steps=17242 t=0.05s
Ep  742: len=  2 黑胜 loss=27.8313 temp=1.00 total_env_steps=17244 t=0.02s
Ep  743: len= 15 黑胜 loss=27.8883 temp=1.00 total_env_steps=17259 t=0.05s
Ep  744: len= 10 黑胜 loss=27.5255 temp=1.00 total_env_steps=17269 t=0.04s
Ep  745: len=  2 白胜 loss=27.9369 temp=1.00 total_env_steps=17271 t=0.02s
Ep  746: len= 11 黑胜 loss=27.8201 temp=1.00 total_env_steps=17282 t=0.04s
Ep  747: len= 37 黑胜 loss=27.9409 temp=1.00 total_env_steps=17319 t=0.09s
Ep  748: len= 23 黑胜 loss=27.6695 temp=1.00 total_env_steps=17342 t=0.08s
Ep  749: len=  4 黑胜 loss=28.1134 temp=1.00 total_env_steps=17346 t=0.03s
Ep  750: len= 25 黑胜 loss=27.9787 temp=1.00 total_env_steps=17371 t=0.07s
Ep  751: len= 13 黑胜 loss=27.7159 temp=1.00 total_env_steps=17384 t=0.04s
Ep  752: len= 24 黑胜 loss=27.6290 temp=1.00 total_env_steps=17408 t=0.06s
Ep  753: len= 15 黑胜 loss=27.8679 temp=1.00 total_env_steps=17423 t=0.05s
Ep  754: len= 15 黑胜 loss=27.8648 temp=1.00 total_env_steps=17438 t=0.05s
Ep  755: len= 21 黑胜 loss=27.5105 temp=1.00 total_env_steps=17459 t=0.06s
Ep  756: len= 17 黑胜 loss=27.9618 temp=1.00 total_env_steps=17476 t=0.05s
Ep  757: len= 14 黑胜 loss=27.6691 temp=1.00 total_env_steps=17490 t=0.05s
Ep  758: len= 19 黑胜 loss=27.3745 temp=1.00 total_env_steps=17509 t=0.06s
Ep  759: len= 23 黑胜 loss=27.1178 temp=1.00 total_env_steps=17532 t=0.06s
Ep  760: len= 21 黑胜 loss=27.7862 temp=1.00 total_env_steps=17553 t=0.06s
Ep  761: len= 24 白胜 loss=27.7095 temp=1.00 total_env_steps=17577 t=0.06s
Ep  762: len= 27 黑胜 loss=27.7620 temp=1.00 total_env_steps=17604 t=0.07s
Ep  763: len= 33 黑胜 loss=27.5898 temp=1.00 total_env_steps=17637 t=0.08s
Ep  764: len= 15 黑胜 loss=27.5866 temp=1.00 total_env_steps=17652 t=0.04s
Ep  765: len= 34 白胜 loss=27.7938 temp=1.00 total_env_steps=17686 t=0.09s
Ep  766: len= 25 黑胜 loss=27.4327 temp=1.00 total_env_steps=17711 t=0.07s
Ep  767: len= 13 黑胜 loss=27.3864 temp=1.00 total_env_steps=17724 t=0.05s
Ep  768: len=  4 白胜 loss=27.4959 temp=1.00 total_env_steps=17728 t=0.03s
Ep  769: len=  6 黑胜 loss=27.3884 temp=1.00 total_env_steps=17734 t=0.03s
Ep  770: len= 17 黑胜 loss=27.7607 temp=1.00 total_env_steps=17751 t=0.05s
Ep  771: len= 13 黑胜 loss=27.6188 temp=1.00 total_env_steps=17764 t=0.05s
Ep  772: len=  4 白胜 loss=27.4449 temp=1.00 total_env_steps=17768 t=0.03s
Ep  773: len= 21 黑胜 loss=27.7026 temp=1.00 total_env_steps=17789 t=0.06s
Ep  774: len= 15 黑胜 loss=27.5976 temp=1.00 total_env_steps=17804 t=0.05s
Ep  775: len= 21 黑胜 loss=27.9498 temp=1.00 total_env_steps=17825 t=0.06s
Ep  776: len= 18 白胜 loss=27.6806 temp=1.00 total_env_steps=17843 t=0.05s
Ep  777: len= 15 黑胜 loss=27.2941 temp=1.00 total_env_steps=17858 t=0.05s
Ep  778: len= 37 黑胜 loss=27.3002 temp=1.00 total_env_steps=17895 t=0.09s
Ep  779: len= 14 白胜 loss=27.6753 temp=1.00 total_env_steps=17909 t=0.04s
Ep  780: len= 17 黑胜 loss=27.5452 temp=1.00 total_env_steps=17926 t=0.05s
Ep  781: len=  9 黑胜 loss=27.7309 temp=1.00 total_env_steps=17935 t=0.04s
Ep  782: len=  6 黑胜 loss=27.3526 temp=1.00 total_env_steps=17941 t=0.03s
Ep  783: len= 14 黑胜 loss=27.7004 temp=1.00 total_env_steps=17955 t=0.04s
Ep  784: len= 16 白胜 loss=27.1537 temp=1.00 total_env_steps=17971 t=0.05s
Ep  785: len= 10 白胜 loss=27.1232 temp=1.00 total_env_steps=17981 t=0.04s
Ep  786: len= 16 白胜 loss=27.2429 temp=1.00 total_env_steps=17997 t=0.05s
Ep  787: len= 13 黑胜 loss=27.2211 temp=1.00 total_env_steps=18010 t=0.04s
Ep  788: len= 27 黑胜 loss=26.9507 temp=1.00 total_env_steps=18037 t=0.07s
Ep  789: len= 17 黑胜 loss=27.4843 temp=1.00 total_env_steps=18054 t=0.06s
Ep  790: len= 27 黑胜 loss=27.6289 temp=1.00 total_env_steps=18081 t=0.07s
Ep  791: len= 10 黑胜 loss=26.9986 temp=1.00 total_env_steps=18091 t=0.04s
Ep  792: len= 13 黑胜 loss=27.2904 temp=1.00 total_env_steps=18104 t=0.05s
Ep  793: len= 23 黑胜 loss=26.9138 temp=1.00 total_env_steps=18127 t=0.07s
Ep  794: len= 10 白胜 loss=27.2931 temp=1.00 total_env_steps=18137 t=0.04s
Ep  795: len=  4 黑胜 loss=27.7568 temp=1.00 total_env_steps=18141 t=0.03s
Ep  796: len= 21 黑胜 loss=27.6444 temp=1.00 total_env_steps=18162 t=0.06s
Ep  797: len=  4 白胜 loss=27.4146 temp=1.00 total_env_steps=18166 t=0.03s
Ep  798: len= 18 黑胜 loss=27.6717 temp=1.00 total_env_steps=18184 t=0.05s
Ep  799: len= 15 黑胜 loss=27.5863 temp=1.00 total_env_steps=18199 t=0.05s
Ep  800: len= 23 黑胜 loss=27.2551 temp=1.00 total_env_steps=18222 t=0.07s
  eval vs Gomoku-random-v0: win_rate=1.00 mean_return=1.00（20 局，total_env_steps=18222）
Ep  801: len= 18 白胜 loss=27.3649 temp=1.00 total_env_steps=18240 t=0.05s
Ep  802: len= 34 白胜 loss=27.4260 temp=1.00 total_env_steps=18274 t=0.09s
Ep  803: len= 22 白胜 loss=27.4835 temp=1.00 total_env_steps=18296 t=0.06s
Ep  804: len= 13 黑胜 loss=27.0133 temp=1.00 total_env_steps=18309 t=0.05s
Ep  805: len= 13 黑胜 loss=27.3217 temp=1.00 total_env_steps=18322 t=0.05s
Ep  806: len=  2 黑胜 loss=26.4964 temp=1.00 total_env_steps=18324 t=0.02s
Ep  807: len=  2 黑胜 loss=27.2742 temp=1.00 total_env_steps=18326 t=0.02s
Ep  808: len= 39 黑胜 loss=26.9677 temp=1.00 total_env_steps=18365 t=0.08s
Ep  809: len= 13 黑胜 loss=27.3569 temp=1.00 total_env_steps=18378 t=0.04s
Ep  810: len= 40 白胜 loss=27.1462 temp=1.00 total_env_steps=18418 t=0.09s
Ep  811: len=  8 黑胜 loss=26.7710 temp=1.00 total_env_steps=18426 t=0.03s
Ep  812: len= 35 黑胜 loss=27.2300 temp=1.00 total_env_steps=18461 t=0.09s
Ep  813: len= 20 白胜 loss=26.6397 temp=1.00 total_env_steps=18481 t=0.05s
Ep  814: len= 13 白胜 loss=27.1804 temp=1.00 total_env_steps=18494 t=0.05s
Ep  815: len= 25 黑胜 loss=27.0702 temp=1.00 total_env_steps=18519 t=0.06s
Ep  816: len=  4 黑胜 loss=26.5390 temp=1.00 total_env_steps=18523 t=0.03s
Ep  817: len=  2 黑胜 loss=26.8436 temp=1.00 total_env_steps=18525 t=0.02s
Ep  818: len= 15 白胜 loss=26.7036 temp=1.00 total_env_steps=18540 t=0.05s
Ep  819: len=  8 黑胜 loss=26.9071 temp=1.00 total_env_steps=18548 t=0.03s
Ep  820: len= 17 黑胜 loss=27.0288 temp=1.00 total_env_steps=18565 t=0.05s
Ep  821: len= 42 白胜 loss=27.0484 temp=1.00 total_env_steps=18607 t=0.10s
Ep  822: len=  9 黑胜 loss=27.1038 temp=1.00 total_env_steps=18616 t=0.03s
Ep  823: len= 13 黑胜 loss=27.0890 temp=1.00 total_env_steps=18629 t=0.04s
Ep  824: len=  4 白胜 loss=27.1820 temp=1.00 total_env_steps=18633 t=0.03s
Ep  825: len= 25 黑胜 loss=26.6150 temp=1.00 total_env_steps=18658 t=0.07s
Ep  826: len= 15 黑胜 loss=27.0520 temp=1.00 total_env_steps=18673 t=0.05s
Ep  827: len= 22 白胜 loss=27.4557 temp=1.00 total_env_steps=18695 t=0.06s
Ep  828: len= 32 白胜 loss=27.6236 temp=1.00 total_env_steps=18727 t=0.08s
Ep  829: len= 18 黑胜 loss=26.7428 temp=1.00 total_env_steps=18745 t=0.05s
Ep  830: len=  8 黑胜 loss=27.6287 temp=1.00 total_env_steps=18753 t=0.03s
Ep  831: len= 16 黑胜 loss=26.8710 temp=1.00 total_env_steps=18769 t=0.05s
Ep  832: len= 15 黑胜 loss=27.1000 temp=1.00 total_env_steps=18784 t=0.04s
Ep  833: len= 18 白胜 loss=26.8491 temp=1.00 total_env_steps=18802 t=0.06s
Ep  834: len= 13 黑胜 loss=26.9247 temp=1.00 total_env_steps=18815 t=0.04s
Ep  835: len= 25 黑胜 loss=27.1407 temp=1.00 total_env_steps=18840 t=0.07s
Ep  836: len= 13 黑胜 loss=27.0866 temp=1.00 total_env_steps=18853 t=0.05s
Ep  837: len= 17 黑胜 loss=26.3776 temp=1.00 total_env_steps=18870 t=0.05s
Ep  838: len= 33 黑胜 loss=27.1069 temp=1.00 total_env_steps=18903 t=0.09s
Ep  839: len= 13 黑胜 loss=27.3139 temp=1.00 total_env_steps=18916 t=0.05s
Ep  840: len= 22 白胜 loss=26.7468 temp=1.00 total_env_steps=18938 t=0.06s
Ep  841: len= 15 黑胜 loss=27.0091 temp=1.00 total_env_steps=18953 t=0.05s
Ep  842: len= 10 黑胜 loss=27.2283 temp=1.00 total_env_steps=18963 t=0.04s
Ep  843: len= 13 黑胜 loss=27.1533 temp=1.00 total_env_steps=18976 t=0.04s
Ep  844: len= 29 黑胜 loss=26.7555 temp=1.00 total_env_steps=19005 t=0.07s
Ep  845: len=  2 白胜 loss=27.2760 temp=1.00 total_env_steps=19007 t=0.02s
Ep  846: len= 13 黑胜 loss=27.0939 temp=1.00 total_env_steps=19020 t=0.04s
Ep  847: len=  4 黑胜 loss=26.7837 temp=1.00 total_env_steps=19024 t=0.03s
Ep  848: len= 11 黑胜 loss=26.3223 temp=1.00 total_env_steps=19035 t=0.04s
Ep  849: len= 13 黑胜 loss=26.9743 temp=1.00 total_env_steps=19048 t=0.05s
Ep  850: len= 13 黑胜 loss=26.4268 temp=1.00 total_env_steps=19061 t=0.04s
Ep  851: len=  2 白胜 loss=27.3298 temp=1.00 total_env_steps=19063 t=0.02s
Ep  852: len=  2 白胜 loss=26.6302 temp=1.00 total_env_steps=19065 t=0.03s
Ep  853: len= 17 黑胜 loss=27.1450 temp=1.00 total_env_steps=19082 t=0.06s
Ep  854: len= 17 黑胜 loss=26.8901 temp=1.00 total_env_steps=19099 t=0.06s
Ep  855: len= 27 白胜 loss=26.8194 temp=1.00 total_env_steps=19126 t=0.07s
Ep  856: len= 13 黑胜 loss=26.6042 temp=1.00 total_env_steps=19139 t=0.05s
Ep  857: len= 21 黑胜 loss=26.9552 temp=1.00 total_env_steps=19160 t=0.06s
Ep  858: len= 15 黑胜 loss=26.8467 temp=1.00 total_env_steps=19175 t=0.05s
Ep  859: len= 31 黑胜 loss=27.0404 temp=1.00 total_env_steps=19206 t=0.08s
Ep  860: len= 19 黑胜 loss=27.1841 temp=1.00 total_env_steps=19225 t=0.05s
Ep  861: len= 25 黑胜 loss=27.2709 temp=1.00 total_env_steps=19250 t=0.07s
Ep  862: len= 14 黑胜 loss=26.4433 temp=1.00 total_env_steps=19264 t=0.04s
Ep  863: len= 13 黑胜 loss=27.3420 temp=1.00 total_env_steps=19277 t=0.04s
Ep  864: len= 13 黑胜 loss=26.8826 temp=1.00 total_env_steps=19290 t=0.05s
Ep  865: len= 14 黑胜 loss=26.2755 temp=1.00 total_env_steps=19304 t=0.05s
Ep  866: len= 19 黑胜 loss=26.2784 temp=1.00 total_env_steps=19323 t=0.06s
Ep  867: len= 31 黑胜 loss=26.6733 temp=1.00 total_env_steps=19354 t=0.08s
Ep  868: len= 11 黑胜 loss=26.6182 temp=1.00 total_env_steps=19365 t=0.04s
Ep  869: len= 42 白胜 loss=26.5709 temp=1.00 total_env_steps=19407 t=0.11s
Ep  870: len= 24 白胜 loss=26.8369 temp=1.00 total_env_steps=19431 t=0.07s
Ep  871: len= 14 白胜 loss=26.6440 temp=1.00 total_env_steps=19445 t=0.05s
Ep  872: len= 22 白胜 loss=26.4299 temp=1.00 total_env_steps=19467 t=0.06s
Ep  873: len=  2 黑胜 loss=26.0533 temp=1.00 total_env_steps=19469 t=0.02s
Ep  874: len= 26 白胜 loss=26.7225 temp=1.00 total_env_steps=19495 t=0.07s
Ep  875: len= 11 黑胜 loss=26.9260 temp=1.00 total_env_steps=19506 t=0.04s
Ep  876: len= 15 黑胜 loss=26.4570 temp=1.00 total_env_steps=19521 t=0.05s
Ep  877: len= 18 黑胜 loss=26.2721 temp=1.00 total_env_steps=19539 t=0.05s
Ep  878: len= 16 白胜 loss=27.0315 temp=1.00 total_env_steps=19555 t=0.05s
Ep  879: len= 18 白胜 loss=26.4210 temp=1.00 total_env_steps=19573 t=0.06s
Ep  880: len= 18 白胜 loss=26.5155 temp=1.00 total_env_steps=19591 t=0.06s
Ep  881: len= 18 白胜 loss=26.7949 temp=1.00 total_env_steps=19609 t=0.06s
Ep  882: len= 34 黑胜 loss=26.8079 temp=1.00 total_env_steps=19643 t=0.08s
Ep  883: len= 19 黑胜 loss=27.1185 temp=1.00 total_env_steps=19662 t=0.06s
Ep  884: len=  8 黑胜 loss=26.0531 temp=1.00 total_env_steps=19670 t=0.04s
Ep  885: len= 14 白胜 loss=26.8493 temp=1.00 total_env_steps=19684 t=0.06s
Ep  886: len= 11 黑胜 loss=26.4485 temp=1.00 total_env_steps=19695 t=0.06s
Ep  887: len= 12 白胜 loss=26.8360 temp=1.00 total_env_steps=19707 t=0.05s
Ep  888: len= 14 黑胜 loss=26.5975 temp=1.00 total_env_steps=19721 t=0.06s
Ep  889: len= 11 黑胜 loss=26.4872 temp=1.00 total_env_steps=19732 t=0.05s
Ep  890: len=  8 白胜 loss=26.0573 temp=1.00 total_env_steps=19740 t=0.04s
Ep  891: len=  9 黑胜 loss=26.2488 temp=1.00 total_env_steps=19749 t=0.04s
Ep  892: len= 14 白胜 loss=26.1743 temp=1.00 total_env_steps=19763 t=0.05s
Ep  893: len= 11 黑胜 loss=26.8334 temp=1.00 total_env_steps=19774 t=0.04s
Ep  894: len= 12 白胜 loss=26.5949 temp=1.00 total_env_steps=19786 t=0.05s
Ep  895: len= 11 黑胜 loss=25.8029 temp=1.00 total_env_steps=19797 t=0.04s
Ep  896: len= 11 黑胜 loss=26.5792 temp=1.00 total_env_steps=19808 t=0.04s
Ep  897: len= 31 黑胜 loss=26.5761 temp=1.00 total_env_steps=19839 t=0.07s
Ep  898: len= 14 黑胜 loss=26.1506 temp=1.00 total_env_steps=19853 t=0.04s
Ep  899: len= 15 黑胜 loss=26.7391 temp=1.00 total_env_steps=19868 t=0.05s
Ep  900: len=  2 白胜 loss=26.3586 temp=1.00 total_env_steps=19870 t=0.02s
Ep  901: len= 27 黑胜 loss=26.6042 temp=1.00 total_env_steps=19897 t=0.08s
Ep  902: len= 29 白胜 loss=26.6355 temp=1.00 total_env_steps=19926 t=0.07s
Ep  903: len= 13 黑胜 loss=26.0992 temp=1.00 total_env_steps=19939 t=0.05s
Ep  904: len= 20 黑胜 loss=27.1901 temp=1.00 total_env_steps=19959 t=0.07s
Ep  905: len= 13 黑胜 loss=26.0073 temp=1.00 total_env_steps=19972 t=0.05s
Ep  906: len=  2 黑胜 loss=26.3717 temp=1.00 total_env_steps=19974 t=0.03s
Ep  907: len= 14 白胜 loss=26.0860 temp=1.00 total_env_steps=19988 t=0.06s
Ep  908: len= 11 黑胜 loss=25.6953 temp=1.00 total_env_steps=19999 t=0.05s
Ep  909: len= 13 黑胜 loss=26.8402 temp=1.00 total_env_steps=20012 t=0.05s
Ep  910: len= 12 白胜 loss=26.5079 temp=1.00 total_env_steps=20024 t=0.05s
Ep  911: len=  4 白胜 loss=26.7579 temp=1.00 total_env_steps=20028 t=0.03s
Ep  912: len= 21 黑胜 loss=26.1125 temp=1.00 total_env_steps=20049 t=0.07s
Ep  913: len= 14 白胜 loss=26.0775 temp=1.00 total_env_steps=20063 t=0.05s
Ep  914: len=  2 白胜 loss=26.2096 temp=1.00 total_env_steps=20065 t=0.02s
Ep  915: len=  2 黑胜 loss=25.9669 temp=1.00 total_env_steps=20067 t=0.02s
Ep  916: len= 13 黑胜 loss=27.0299 temp=1.00 total_env_steps=20080 t=0.05s
Ep  917: len=  8 黑胜 loss=25.8420 temp=1.00 total_env_steps=20088 t=0.04s
Ep  918: len= 11 黑胜 loss=26.4922 temp=1.00 total_env_steps=20099 t=0.05s
Ep  919: len= 16 黑胜 loss=25.9393 temp=1.00 total_env_steps=20115 t=0.05s
Ep  920: len= 16 白胜 loss=26.2778 temp=1.00 total_env_steps=20131 t=0.05s
Ep  921: len= 11 黑胜 loss=26.6863 temp=1.00 total_env_steps=20142 t=0.04s
Ep  922: len=  2 白胜 loss=26.0890 temp=1.00 total_env_steps=20144 t=0.03s
Ep  923: len= 31 黑胜 loss=26.2181 temp=1.00 total_env_steps=20175 t=0.09s
Ep  924: len= 14 黑胜 loss=25.9730 temp=1.00 total_env_steps=20189 t=0.05s
Ep  925: len=  9 黑胜 loss=26.6174 temp=1.00 total_env_steps=20198 t=0.04s
Ep  926: len= 15 黑胜 loss=26.0666 temp=1.00 total_env_steps=20213 t=0.05s
Ep  927: len= 10 黑胜 loss=26.2707 temp=1.00 total_env_steps=20223 t=0.04s
Ep  928: len= 13 黑胜 loss=26.1652 temp=1.00 total_env_steps=20236 t=0.04s
Ep  929: len=  9 黑胜 loss=26.1119 temp=1.00 total_env_steps=20245 t=0.04s
Ep  930: len=  4 白胜 loss=26.0499 temp=1.00 total_env_steps=20249 t=0.03s
Ep  931: len=  8 白胜 loss=26.1977 temp=1.00 total_env_steps=20257 t=0.03s
Ep  932: len= 33 黑胜 loss=25.9239 temp=1.00 total_env_steps=20290 t=0.08s
Ep  933: len=  2 白胜 loss=25.8991 temp=1.00 total_env_steps=20292 t=0.02s
Ep  934: len= 11 黑胜 loss=25.9409 temp=1.00 total_env_steps=20303 t=0.05s
Ep  935: len= 15 黑胜 loss=26.4812 temp=1.00 total_env_steps=20318 t=0.06s
Ep  936: len= 10 白胜 loss=25.9935 temp=1.00 total_env_steps=20328 t=0.04s
Ep  937: len=  2 白胜 loss=26.1480 temp=1.00 total_env_steps=20330 t=0.03s
Ep  938: len=  4 黑胜 loss=26.2440 temp=1.00 total_env_steps=20334 t=0.03s
Ep  939: len=  2 白胜 loss=26.7181 temp=1.00 total_env_steps=20336 t=0.02s
Ep  940: len= 17 黑胜 loss=26.1575 temp=1.00 total_env_steps=20353 t=0.06s
Ep  941: len= 15 黑胜 loss=26.0538 temp=1.00 total_env_steps=20368 t=0.05s
Ep  942: len=  2 黑胜 loss=26.3389 temp=1.00 total_env_steps=20370 t=0.02s
Ep  943: len= 11 黑胜 loss=25.8353 temp=1.00 total_env_steps=20381 t=0.04s
Ep  944: len= 11 黑胜 loss=25.9405 temp=1.00 total_env_steps=20392 t=0.04s
Ep  945: len= 11 黑胜 loss=26.9185 temp=1.00 total_env_steps=20403 t=0.04s
Ep  946: len=  8 黑胜 loss=25.7363 temp=1.00 total_env_steps=20411 t=0.03s
Ep  947: len= 14 白胜 loss=26.4675 temp=1.00 total_env_steps=20425 t=0.04s
Ep  948: len=  2 黑胜 loss=25.6636 temp=1.00 total_env_steps=20427 t=0.02s
Ep  949: len= 19 黑胜 loss=25.7920 temp=1.00 total_env_steps=20446 t=0.06s
Ep  950: len= 13 黑胜 loss=26.0915 temp=1.00 total_env_steps=20459 t=0.06s
Ep  951: len= 21 白胜 loss=26.3578 temp=1.00 total_env_steps=20480 t=0.06s
Ep  952: len= 13 黑胜 loss=26.7687 temp=1.00 total_env_steps=20493 t=0.05s
Ep  953: len=  9 黑胜 loss=26.1328 temp=1.00 total_env_steps=20502 t=0.04s
Ep  954: len= 13 黑胜 loss=25.9899 temp=1.00 total_env_steps=20515 t=0.05s
Ep  955: len= 29 黑胜 loss=26.6542 temp=1.00 total_env_steps=20544 t=0.08s
Ep  956: len= 13 黑胜 loss=26.0740 temp=1.00 total_env_steps=20557 t=0.05s
Ep  957: len= 10 白胜 loss=25.8159 temp=1.00 total_env_steps=20567 t=0.04s
Ep  958: len= 23 黑胜 loss=26.2032 temp=1.00 total_env_steps=20590 t=0.06s
Ep  959: len= 39 黑胜 loss=26.2419 temp=1.00 total_env_steps=20629 t=0.10s
Ep  960: len= 11 黑胜 loss=26.3058 temp=1.00 total_env_steps=20640 t=0.04s
Ep  961: len= 13 黑胜 loss=26.1524 temp=1.00 total_env_steps=20653 t=0.04s
Ep  962: len= 22 白胜 loss=26.6645 temp=1.00 total_env_steps=20675 t=0.07s
Ep  963: len= 12 白胜 loss=25.5207 temp=1.00 total_env_steps=20687 t=0.04s
Ep  964: len=  9 黑胜 loss=25.7585 temp=1.00 total_env_steps=20696 t=0.04s
Ep  965: len= 20 黑胜 loss=26.5311 temp=1.00 total_env_steps=20716 t=0.06s
Ep  966: len= 11 黑胜 loss=26.1498 temp=1.00 total_env_steps=20727 t=0.04s
Ep  967: len=  9 黑胜 loss=25.6572 temp=1.00 total_env_steps=20736 t=0.04s
Ep  968: len= 29 黑胜 loss=25.3031 temp=1.00 total_env_steps=20765 t=0.08s
Ep  969: len= 23 黑胜 loss=25.4325 temp=1.00 total_env_steps=20788 t=0.07s
Ep  970: len= 20 白胜 loss=25.8586 temp=1.00 total_env_steps=20808 t=0.06s
Ep  971: len= 44 白胜 loss=26.2752 temp=1.00 total_env_steps=20852 t=0.11s
Ep  972: len= 25 黑胜 loss=25.7100 temp=1.00 total_env_steps=20877 t=0.07s
Ep  973: len= 13 黑胜 loss=25.7476 temp=1.00 total_env_steps=20890 t=0.05s
Ep  974: len= 11 黑胜 loss=26.4273 temp=1.00 total_env_steps=20901 t=0.04s
Ep  975: len= 14 白胜 loss=25.6467 temp=1.00 total_env_steps=20915 t=0.04s
Ep  976: len= 11 黑胜 loss=26.2943 temp=1.00 total_env_steps=20926 t=0.04s
Ep  977: len= 32 黑胜 loss=25.8819 temp=1.00 total_env_steps=20958 t=0.07s
Ep  978: len= 22 黑胜 loss=25.5787 temp=1.00 total_env_steps=20980 t=0.06s
Ep  979: len=  8 白胜 loss=26.7718 temp=1.00 total_env_steps=20988 t=0.03s
Ep  980: len= 10 黑胜 loss=25.2696 temp=1.00 total_env_steps=20998 t=0.04s
Ep  981: len= 28 黑胜 loss=25.9125 temp=1.00 total_env_steps=21026 t=0.07s
Ep  982: len= 26 白胜 loss=26.0976 temp=1.00 total_env_steps=21052 t=0.06s
Ep  983: len=  9 黑胜 loss=25.9370 temp=1.00 total_env_steps=21061 t=0.03s
Ep  984: len= 33 黑胜 loss=25.3294 temp=1.00 total_env_steps=21094 t=0.08s
Ep  985: len=  2 黑胜 loss=26.2429 temp=1.00 total_env_steps=21096 t=0.02s
Ep  986: len= 21 黑胜 loss=25.8354 temp=1.00 total_env_steps=21117 t=0.06s
Ep  987: len= 11 黑胜 loss=26.0708 temp=1.00 total_env_steps=21128 t=0.04s
Ep  988: len= 30 白胜 loss=25.8087 temp=1.00 total_env_steps=21158 t=0.07s
Ep  989: len= 19 黑胜 loss=26.1736 temp=1.00 total_env_steps=21177 t=0.05s
Ep  990: len=  6 白胜 loss=25.5281 temp=1.00 total_env_steps=21183 t=0.03s
Ep  991: len= 12 白胜 loss=26.7455 temp=1.00 total_env_steps=21195 t=0.04s
Ep  992: len= 22 白胜 loss=25.6920 temp=1.00 total_env_steps=21217 t=0.06s
Ep  993: len= 10 黑胜 loss=26.2610 temp=1.00 total_env_steps=21227 t=0.04s
Ep  994: len= 13 黑胜 loss=25.8741 temp=1.00 total_env_steps=21240 t=0.04s
Ep  995: len= 16 黑胜 loss=25.8583 temp=1.00 total_env_steps=21256 t=0.05s
Ep  996: len= 11 黑胜 loss=25.5983 temp=1.00 total_env_steps=21267 t=0.04s
Ep  997: len= 14 黑胜 loss=25.3916 temp=1.00 total_env_steps=21281 t=0.04s
Ep  998: len=  9 黑胜 loss=26.2383 temp=1.00 total_env_steps=21290 t=0.03s
Ep  999: len= 15 黑胜 loss=25.9288 temp=1.00 total_env_steps=21305 t=0.05s
Ep 1000: len=  2 白胜 loss=25.8416 temp=1.00 total_env_steps=21307 t=0.02s
  eval vs Gomoku-random-v0: win_rate=1.00 mean_return=1.00（20 局，total_env_steps=21307）
  📸 已拍权重快照（ep=1000，gating 对弈基准）
Ep 1001: len= 28 白胜 loss=25.9806 temp=1.00 total_env_steps=21335 t=0.07s
Ep 1002: len= 11 黑胜 loss=25.7599 temp=1.00 total_env_steps=21346 t=0.04s
Ep 1003: len=  9 白胜 loss=25.8157 temp=1.00 total_env_steps=21355 t=0.04s
Ep 1004: len= 12 白胜 loss=25.5157 temp=1.00 total_env_steps=21367 t=0.04s
Ep 1005: len= 27 黑胜 loss=26.2085 temp=1.00 total_env_steps=21394 t=0.07s
Ep 1006: len= 24 黑胜 loss=25.4699 temp=1.00 total_env_steps=21418 t=0.06s
Ep 1007: len= 13 黑胜 loss=25.6602 temp=1.00 total_env_steps=21431 t=0.05s
Ep 1008: len= 24 白胜 loss=26.1059 temp=1.00 total_env_steps=21455 t=0.06s
Ep 1009: len= 21 黑胜 loss=25.7282 temp=1.00 total_env_steps=21476 t=0.06s
Ep 1010: len= 17 黑胜 loss=25.8963 temp=1.00 total_env_steps=21493 t=0.05s
Ep 1011: len= 10 黑胜 loss=26.4585 temp=1.00 total_env_steps=21503 t=0.04s
Ep 1012: len= 37 黑胜 loss=25.9297 temp=1.00 total_env_steps=21540 t=0.09s
Ep 1013: len= 23 黑胜 loss=25.9029 temp=1.00 total_env_steps=21563 t=0.06s
Ep 1014: len=  4 黑胜 loss=25.5633 temp=1.00 total_env_steps=21567 t=0.02s
Ep 1015: len= 14 白胜 loss=25.0250 temp=1.00 total_env_steps=21581 t=0.04s
Ep 1016: len= 12 白胜 loss=25.9388 temp=1.00 total_env_steps=21593 t=0.04s
Ep 1017: len= 13 黑胜 loss=25.4717 temp=1.00 total_env_steps=21606 t=0.04s
Ep 1018: len= 23 黑胜 loss=26.1506 temp=1.00 total_env_steps=21629 t=0.07s
Ep 1019: len= 30 白胜 loss=25.4828 temp=1.00 total_env_steps=21659 t=0.08s
Ep 1020: len= 27 黑胜 loss=25.7287 temp=1.00 total_env_steps=21686 t=0.07s
Ep 1021: len= 25 黑胜 loss=26.1044 temp=1.00 total_env_steps=21711 t=0.07s
Ep 1022: len= 13 黑胜 loss=25.6720 temp=1.00 total_env_steps=21724 t=0.04s
Ep 1023: len=  2 黑胜 loss=25.9425 temp=1.00 total_env_steps=21726 t=0.02s
Ep 1024: len= 13 黑胜 loss=26.2228 temp=1.00 total_env_steps=21739 t=0.04s
Ep 1025: len=  9 黑胜 loss=25.7307 temp=1.00 total_env_steps=21748 t=0.04s
Ep 1026: len=  2 白胜 loss=25.2926 temp=1.00 total_env_steps=21750 t=0.02s
Ep 1027: len= 11 黑胜 loss=25.0831 temp=1.00 total_env_steps=21761 t=0.04s
Ep 1028: len= 13 黑胜 loss=25.2691 temp=1.00 total_env_steps=21774 t=0.04s
Ep 1029: len= 23 黑胜 loss=26.4441 temp=1.00 total_env_steps=21797 t=0.07s
Ep 1030: len= 12 黑胜 loss=25.8434 temp=1.00 total_env_steps=21809 t=0.04s
Ep 1031: len= 14 白胜 loss=25.3931 temp=1.00 total_env_steps=21823 t=0.04s
Ep 1032: len= 33 黑胜 loss=25.7359 temp=1.00 total_env_steps=21856 t=0.08s
Ep 1033: len= 30 白胜 loss=26.0658 temp=1.00 total_env_steps=21886 t=0.07s
Ep 1034: len=  2 白胜 loss=25.8945 temp=1.00 total_env_steps=21888 t=0.02s
Ep 1035: len= 29 黑胜 loss=25.4191 temp=1.00 total_env_steps=21917 t=0.07s
Ep 1036: len= 11 黑胜 loss=25.3930 temp=1.00 total_env_steps=21928 t=0.04s
Ep 1037: len= 13 黑胜 loss=26.3203 temp=1.00 total_env_steps=21941 t=0.05s
Ep 1038: len= 13 黑胜 loss=24.9482 temp=1.00 total_env_steps=21954 t=0.04s
Ep 1039: len= 13 黑胜 loss=25.3545 temp=1.00 total_env_steps=21967 t=0.04s
Ep 1040: len= 13 黑胜 loss=25.0496 temp=1.00 total_env_steps=21980 t=0.04s
Ep 1041: len= 13 白胜 loss=25.6320 temp=1.00 total_env_steps=21993 t=0.04s
Ep 1042: len=  9 黑胜 loss=25.7138 temp=1.00 total_env_steps=22002 t=0.03s
Ep 1043: len= 44 白胜 loss=25.6606 temp=1.00 total_env_steps=22046 t=0.10s
Ep 1044: len= 17 黑胜 loss=25.7414 temp=1.00 total_env_steps=22063 t=0.05s
Ep 1045: len=  2 黑胜 loss=25.7390 temp=1.00 total_env_steps=22065 t=0.02s
Ep 1046: len= 16 黑胜 loss=25.4123 temp=1.00 total_env_steps=22081 t=0.05s
Ep 1047: len= 15 黑胜 loss=25.3905 temp=1.00 total_env_steps=22096 t=0.05s
Ep 1048: len= 13 黑胜 loss=25.3818 temp=1.00 total_env_steps=22109 t=0.05s
Ep 1049: len= 13 黑胜 loss=25.6201 temp=1.00 total_env_steps=22122 t=0.05s
Ep 1050: len= 10 白胜 loss=26.2529 temp=1.00 total_env_steps=22132 t=0.04s
Ep 1051: len= 15 黑胜 loss=25.8613 temp=1.00 total_env_steps=22147 t=0.05s
Ep 1052: len= 13 黑胜 loss=25.8421 temp=1.00 total_env_steps=22160 t=0.05s
Ep 1053: len=  9 黑胜 loss=25.6278 temp=1.00 total_env_steps=22169 t=0.04s
Ep 1054: len= 11 黑胜 loss=26.3073 temp=1.00 total_env_steps=22180 t=0.04s
Ep 1055: len= 16 黑胜 loss=25.6735 temp=1.00 total_env_steps=22196 t=0.06s
Ep 1056: len= 12 黑胜 loss=25.5951 temp=1.00 total_env_steps=22208 t=0.05s
Ep 1057: len=  2 白胜 loss=25.7371 temp=1.00 total_env_steps=22210 t=0.03s
Ep 1058: len= 15 黑胜 loss=26.5169 temp=1.00 total_env_steps=22225 t=0.05s
Ep 1059: len=  2 白胜 loss=25.6880 temp=1.00 total_env_steps=22227 t=0.03s
Ep 1060: len= 13 黑胜 loss=25.7334 temp=1.00 total_env_steps=22240 t=0.05s
Ep 1061: len= 13 黑胜 loss=25.9642 temp=1.00 total_env_steps=22253 t=0.05s
Ep 1062: len= 13 黑胜 loss=25.7892 temp=1.00 total_env_steps=22266 t=0.05s
Ep 1063: len= 17 黑胜 loss=25.4158 temp=1.00 total_env_steps=22283 t=0.06s
Ep 1064: len= 11 黑胜 loss=24.7336 temp=1.00 total_env_steps=22294 t=0.04s
Ep 1065: len= 11 黑胜 loss=24.9071 temp=1.00 total_env_steps=22305 t=0.04s
Ep 1066: len=  2 白胜 loss=25.5897 temp=1.00 total_env_steps=22307 t=0.03s
Ep 1067: len= 13 黑胜 loss=25.4958 temp=1.00 total_env_steps=22320 t=0.05s
Ep 1068: len= 28 白胜 loss=24.9414 temp=1.00 total_env_steps=22348 t=0.08s
Ep 1069: len=  2 黑胜 loss=25.6178 temp=1.00 total_env_steps=22350 t=0.03s
Ep 1070: len= 13 黑胜 loss=26.0359 temp=1.00 total_env_steps=22363 t=0.05s
Ep 1071: len= 25 黑胜 loss=25.5884 temp=1.00 total_env_steps=22388 t=0.08s
Ep 1072: len= 11 黑胜 loss=25.9250 temp=1.00 total_env_steps=22399 t=0.04s
Ep 1073: len=  9 黑胜 loss=25.6442 temp=1.00 total_env_steps=22408 t=0.04s
Ep 1074: len= 40 白胜 loss=25.2865 temp=1.00 total_env_steps=22448 t=0.11s
Ep 1075: len= 11 黑胜 loss=26.0063 temp=1.00 total_env_steps=22459 t=0.04s
Ep 1076: len= 23 黑胜 loss=26.1431 temp=1.00 total_env_steps=22482 t=0.06s
Ep 1077: len=  2 黑胜 loss=24.9884 temp=1.00 total_env_steps=22484 t=0.02s
Ep 1078: len= 29 黑胜 loss=25.4135 temp=1.00 total_env_steps=22513 t=0.08s
Ep 1079: len= 29 黑胜 loss=25.6319 temp=1.00 total_env_steps=22542 t=0.07s
Ep 1080: len= 21 黑胜 loss=25.5592 temp=1.00 total_env_steps=22563 t=0.06s
Ep 1081: len= 12 白胜 loss=25.7907 temp=1.00 total_env_steps=22575 t=0.05s
Ep 1082: len= 15 黑胜 loss=25.7354 temp=1.00 total_env_steps=22590 t=0.05s
Ep 1083: len=  8 黑胜 loss=25.5612 temp=1.00 total_env_steps=22598 t=0.03s
Ep 1084: len=  2 白胜 loss=25.2636 temp=1.00 total_env_steps=22600 t=0.02s
Ep 1085: len= 22 白胜 loss=25.4561 temp=1.00 total_env_steps=22622 t=0.07s
Ep 1086: len=  9 黑胜 loss=25.2596 temp=1.00 total_env_steps=22631 t=0.04s
Ep 1087: len= 31 白胜 loss=25.2322 temp=1.00 total_env_steps=22662 t=0.08s
Ep 1088: len= 12 黑胜 loss=25.4640 temp=1.00 total_env_steps=22674 t=0.04s
Ep 1089: len=  9 黑胜 loss=25.6340 temp=1.00 total_env_steps=22683 t=0.04s
Ep 1090: len= 27 黑胜 loss=25.4298 temp=1.00 total_env_steps=22710 t=0.08s
Ep 1091: len=  8 黑胜 loss=25.6427 temp=1.00 total_env_steps=22718 t=0.04s
Ep 1092: len=  4 黑胜 loss=25.7756 temp=1.00 total_env_steps=22722 t=0.03s
Ep 1093: len=  2 白胜 loss=25.5466 temp=1.00 total_env_steps=22724 t=0.02s
Ep 1094: len= 24 白胜 loss=25.5035 temp=1.00 total_env_steps=22748 t=0.07s
Ep 1095: len= 30 白胜 loss=25.5760 temp=1.00 total_env_steps=22778 t=0.07s
Ep 1096: len= 18 白胜 loss=25.5762 temp=1.00 total_env_steps=22796 t=0.06s
Ep 1097: len= 14 黑胜 loss=25.5119 temp=1.00 total_env_steps=22810 t=0.04s
Ep 1098: len= 29 黑胜 loss=25.2222 temp=1.00 total_env_steps=22839 t=0.08s
Ep 1099: len= 15 黑胜 loss=25.6908 temp=1.00 total_env_steps=22854 t=0.05s
Ep 1100: len=  2 黑胜 loss=25.2566 temp=1.00 total_env_steps=22856 t=0.02s
Ep 1101: len= 13 黑胜 loss=25.4588 temp=1.00 total_env_steps=22869 t=0.05s
Ep 1102: len= 15 黑胜 loss=25.3963 temp=1.00 total_env_steps=22884 t=0.05s
Ep 1103: len=  9 黑胜 loss=25.1948 temp=1.00 total_env_steps=22893 t=0.04s
Ep 1104: len= 10 白胜 loss=26.0068 temp=1.00 total_env_steps=22903 t=0.04s
Ep 1105: len= 13 黑胜 loss=25.4783 temp=1.00 total_env_steps=22916 t=0.05s
Ep 1106: len=  2 白胜 loss=26.0261 temp=1.00 total_env_steps=22918 t=0.02s
Ep 1107: len= 15 黑胜 loss=25.7409 temp=1.00 total_env_steps=22933 t=0.04s
Ep 1108: len= 13 黑胜 loss=25.9796 temp=1.00 total_env_steps=22946 t=0.05s
Ep 1109: len=  8 黑胜 loss=25.6451 temp=1.00 total_env_steps=22954 t=0.04s
Ep 1110: len= 29 黑胜 loss=25.6921 temp=1.00 total_env_steps=22983 t=0.09s
Ep 1111: len= 13 黑胜 loss=25.0640 temp=1.00 total_env_steps=22996 t=0.05s
Ep 1112: len= 13 黑胜 loss=25.5043 temp=1.00 total_env_steps=23009 t=0.05s
Ep 1113: len= 14 白胜 loss=25.5061 temp=1.00 total_env_steps=23023 t=0.05s
Ep 1114: len= 13 黑胜 loss=25.4429 temp=1.00 total_env_steps=23036 t=0.05s
Ep 1115: len= 11 黑胜 loss=25.3043 temp=1.00 total_env_steps=23047 t=0.04s
Ep 1116: len= 12 白胜 loss=24.9823 temp=1.00 total_env_steps=23059 t=0.04s
Ep 1117: len= 13 黑胜 loss=25.9669 temp=1.00 total_env_steps=23072 t=0.04s
Ep 1118: len=  2 黑胜 loss=25.5157 temp=1.00 total_env_steps=23074 t=0.02s
Ep 1119: len= 13 黑胜 loss=25.3629 temp=1.00 total_env_steps=23087 t=0.05s
Ep 1120: len= 14 白胜 loss=25.6632 temp=1.00 total_env_steps=23101 t=0.05s
Ep 1121: len= 13 黑胜 loss=25.3315 temp=1.00 total_env_steps=23114 t=0.04s
Ep 1122: len=  6 黑胜 loss=25.6265 temp=1.00 total_env_steps=23120 t=0.03s
Ep 1123: len= 17 黑胜 loss=25.2945 temp=1.00 total_env_steps=23137 t=0.05s
Ep 1124: len= 11 黑胜 loss=25.8176 temp=1.00 total_env_steps=23148 t=0.04s
Ep 1125: len= 10 白胜 loss=25.6796 temp=1.00 total_env_steps=23158 t=0.04s
Ep 1126: len= 19 黑胜 loss=25.7030 temp=1.00 total_env_steps=23177 t=0.06s
Ep 1127: len= 16 黑胜 loss=25.6333 temp=1.00 total_env_steps=23193 t=0.05s
Ep 1128: len= 11 黑胜 loss=25.3183 temp=1.00 total_env_steps=23204 t=0.04s
Ep 1129: len= 10 黑胜 loss=25.0100 temp=1.00 total_env_steps=23214 t=0.04s
Ep 1130: len= 11 黑胜 loss=25.6166 temp=1.00 total_env_steps=23225 t=0.05s
Ep 1131: len= 17 黑胜 loss=25.6695 temp=1.00 total_env_steps=23242 t=0.05s
Ep 1132: len= 16 白胜 loss=24.6736 temp=1.00 total_env_steps=23258 t=0.06s
Ep 1133: len= 13 黑胜 loss=25.9200 temp=1.00 total_env_steps=23271 t=0.06s
Ep 1134: len= 12 黑胜 loss=25.5476 temp=1.00 total_env_steps=23283 t=0.05s
Ep 1135: len= 13 黑胜 loss=26.0482 temp=1.00 total_env_steps=23296 t=0.05s
Ep 1136: len=  2 黑胜 loss=25.4062 temp=1.00 total_env_steps=23298 t=0.02s
Ep 1137: len= 12 白胜 loss=24.5854 temp=1.00 total_env_steps=23310 t=0.05s
Ep 1138: len= 15 黑胜 loss=25.3613 temp=1.00 total_env_steps=23325 t=0.05s
Ep 1139: len= 12 白胜 loss=25.7792 temp=1.00 total_env_steps=23337 t=0.04s
Ep 1140: len= 14 黑胜 loss=25.1991 temp=1.00 total_env_steps=23351 t=0.04s
Ep 1141: len=  6 黑胜 loss=25.7815 temp=1.00 total_env_steps=23357 t=0.03s
Ep 1142: len= 13 黑胜 loss=24.8708 temp=1.00 total_env_steps=23370 t=0.05s
Ep 1143: len= 14 白胜 loss=25.1374 temp=1.00 total_env_steps=23384 t=0.05s
Ep 1144: len= 13 黑胜 loss=25.5248 temp=1.00 total_env_steps=23397 t=0.04s
Ep 1145: len=  4 白胜 loss=25.8791 temp=1.00 total_env_steps=23401 t=0.03s
Ep 1146: len= 13 黑胜 loss=25.4482 temp=1.00 total_env_steps=23414 t=0.04s
Ep 1147: len= 29 黑胜 loss=25.1472 temp=1.00 total_env_steps=23443 t=0.07s
Ep 1148: len= 11 黑胜 loss=25.2915 temp=1.00 total_env_steps=23454 t=0.04s
Ep 1149: len= 52 白胜 loss=25.5505 temp=1.00 total_env_steps=23506 t=0.11s
Ep 1150: len=  9 黑胜 loss=25.7064 temp=1.00 total_env_steps=23515 t=0.04s
Ep 1151: len= 25 黑胜 loss=25.7643 temp=1.00 total_env_steps=23540 t=0.07s
Ep 1152: len= 35 黑胜 loss=25.6589 temp=1.00 total_env_steps=23575 t=0.08s
Ep 1153: len=  2 白胜 loss=25.6540 temp=1.00 total_env_steps=23577 t=0.02s
Ep 1154: len=  2 白胜 loss=25.6646 temp=1.00 total_env_steps=23579 t=0.02s
Ep 1155: len=  2 白胜 loss=25.4937 temp=1.00 total_env_steps=23581 t=0.02s
Ep 1156: len=  9 黑胜 loss=24.5897 temp=1.00 total_env_steps=23590 t=0.04s
Ep 1157: len= 12 白胜 loss=25.5380 temp=1.00 total_env_steps=23602 t=0.05s
Ep 1158: len= 19 黑胜 loss=25.9488 temp=1.00 total_env_steps=23621 t=0.06s
Ep 1159: len=  2 黑胜 loss=25.3321 temp=1.00 total_env_steps=23623 t=0.02s
Ep 1160: len= 37 黑胜 loss=25.3984 temp=1.00 total_env_steps=23660 t=0.09s
Ep 1161: len= 13 黑胜 loss=25.5383 temp=1.00 total_env_steps=23673 t=0.04s
Ep 1162: len= 13 黑胜 loss=25.9735 temp=1.00 total_env_steps=23686 t=0.04s
Ep 1163: len= 13 黑胜 loss=25.4986 temp=1.00 total_env_steps=23699 t=0.04s
Ep 1164: len= 16 白胜 loss=25.5979 temp=1.00 total_env_steps=23715 t=0.06s
Ep 1165: len= 15 黑胜 loss=24.8039 temp=1.00 total_env_steps=23730 t=0.06s
Ep 1166: len= 30 白胜 loss=25.3150 temp=1.00 total_env_steps=23760 t=0.08s
Ep 1167: len= 15 黑胜 loss=25.7140 temp=1.00 total_env_steps=23775 t=0.05s
Ep 1168: len= 22 黑胜 loss=25.4645 temp=1.00 total_env_steps=23797 t=0.06s
Ep 1169: len=  8 白胜 loss=26.1578 temp=1.00 total_env_steps=23805 t=0.03s
Ep 1170: len= 24 白胜 loss=25.2073 temp=1.00 total_env_steps=23829 t=0.06s
Ep 1171: len= 27 黑胜 loss=25.0448 temp=1.00 total_env_steps=23856 t=0.08s
Ep 1172: len= 23 黑胜 loss=25.0647 temp=1.00 total_env_steps=23879 t=0.07s
Ep 1173: len= 13 黑胜 loss=24.9686 temp=1.00 total_env_steps=23892 t=0.05s
Ep 1174: len= 15 黑胜 loss=25.6802 temp=1.00 total_env_steps=23907 t=0.04s
Ep 1175: len= 14 黑胜 loss=25.1986 temp=1.00 total_env_steps=23921 t=0.04s
Ep 1176: len= 10 黑胜 loss=25.3174 temp=1.00 total_env_steps=23931 t=0.04s
Ep 1177: len= 19 黑胜 loss=25.6115 temp=1.00 total_env_steps=23950 t=0.06s
Ep 1178: len= 21 黑胜 loss=25.8286 temp=1.00 total_env_steps=23971 t=0.05s
Ep 1179: len= 11 黑胜 loss=25.0881 temp=1.00 total_env_steps=23982 t=0.04s
Ep 1180: len=  4 白胜 loss=25.3064 temp=1.00 total_env_steps=23986 t=0.02s
Ep 1181: len=  2 黑胜 loss=25.9347 temp=1.00 total_env_steps=23988 t=0.02s
Ep 1182: len=  2 白胜 loss=25.4681 temp=1.00 total_env_steps=23990 t=0.02s
Ep 1183: len=  2 白胜 loss=25.2632 temp=1.00 total_env_steps=23992 t=0.02s
Ep 1184: len= 24 白胜 loss=25.2630 temp=1.00 total_env_steps=24016 t=0.06s
Ep 1185: len= 13 黑胜 loss=24.8880 temp=1.00 total_env_steps=24029 t=0.04s
Ep 1186: len=  4 黑胜 loss=25.7598 temp=1.00 total_env_steps=24033 t=0.03s
Ep 1187: len= 11 黑胜 loss=25.0014 temp=1.00 total_env_steps=24044 t=0.04s
Ep 1188: len= 11 黑胜 loss=25.3660 temp=1.00 total_env_steps=24055 t=0.04s
Ep 1189: len= 25 黑胜 loss=25.8872 temp=1.00 total_env_steps=24080 t=0.06s
Ep 1190: len=  9 黑胜 loss=25.4555 temp=1.00 total_env_steps=24089 t=0.03s
Ep 1191: len= 15 黑胜 loss=25.4525 temp=1.00 total_env_steps=24104 t=0.05s
Ep 1192: len= 29 黑胜 loss=25.5160 temp=1.00 total_env_steps=24133 t=0.08s
Ep 1193: len= 10 白胜 loss=25.3050 temp=1.00 total_env_steps=24143 t=0.04s
Ep 1194: len= 28 白胜 loss=24.8228 temp=1.00 total_env_steps=24171 t=0.09s
Ep 1195: len= 11 黑胜 loss=25.6137 temp=1.00 total_env_steps=24182 t=0.04s
Ep 1196: len= 12 黑胜 loss=25.9258 temp=1.00 total_env_steps=24194 t=0.04s
Ep 1197: len= 25 黑胜 loss=25.2302 temp=1.00 total_env_steps=24219 t=0.07s
Ep 1198: len= 29 黑胜 loss=25.1374 temp=1.00 total_env_steps=24248 t=0.07s
Ep 1199: len= 31 黑胜 loss=25.3742 temp=1.00 total_env_steps=24279 t=0.08s
Ep 1200: len= 13 黑胜 loss=25.6192 temp=1.00 total_env_steps=24292 t=0.05s
  eval vs Gomoku-random-v0: win_rate=1.00 mean_return=1.00（20 局，total_env_steps=24292）
Ep 1201: len= 12 白胜 loss=25.3670 temp=1.00 total_env_steps=24304 t=0.05s
Ep 1202: len= 23 黑胜 loss=24.9441 temp=1.00 total_env_steps=24327 t=0.07s
Ep 1203: len= 35 黑胜 loss=26.2174 temp=1.00 total_env_steps=24362 t=0.08s
Ep 1204: len= 25 黑胜 loss=25.8202 temp=1.00 total_env_steps=24387 t=0.07s
Ep 1205: len= 25 黑胜 loss=25.4789 temp=1.00 total_env_steps=24412 t=0.07s
Ep 1206: len= 20 白胜 loss=25.5286 temp=1.00 total_env_steps=24432 t=0.06s
Ep 1207: len=  9 黑胜 loss=25.2900 temp=1.00 total_env_steps=24441 t=0.03s
Ep 1208: len= 13 黑胜 loss=25.4002 temp=1.00 total_env_steps=24454 t=0.04s
Ep 1209: len= 11 黑胜 loss=25.1652 temp=1.00 total_env_steps=24465 t=0.04s
Ep 1210: len= 13 黑胜 loss=25.4832 temp=1.00 total_env_steps=24478 t=0.05s
Ep 1211: len= 11 黑胜 loss=25.4986 temp=1.00 total_env_steps=24489 t=0.04s
Ep 1212: len= 12 白胜 loss=25.7556 temp=1.00 total_env_steps=24501 t=0.05s
Ep 1213: len=  2 黑胜 loss=24.9370 temp=1.00 total_env_steps=24503 t=0.02s
Ep 1214: len=  2 白胜 loss=25.2372 temp=1.00 total_env_steps=24505 t=0.02s
Ep 1215: len= 13 黑胜 loss=25.5309 temp=1.00 total_env_steps=24518 t=0.04s
Ep 1216: len=  2 白胜 loss=24.9460 temp=1.00 total_env_steps=24520 t=0.02s
Ep 1217: len= 33 黑胜 loss=24.7845 temp=1.00 total_env_steps=24553 t=0.09s
Ep 1218: len= 30 白胜 loss=25.5214 temp=1.00 total_env_steps=24583 t=0.08s
Ep 1219: len=  9 黑胜 loss=24.9173 temp=1.00 total_env_steps=24592 t=0.04s
Ep 1220: len= 11 黑胜 loss=25.1325 temp=1.00 total_env_steps=24603 t=0.05s
Ep 1221: len= 20 白胜 loss=25.5297 temp=1.00 total_env_steps=24623 t=0.07s
Ep 1222: len= 11 黑胜 loss=25.5910 temp=1.00 total_env_steps=24634 t=0.05s
Ep 1223: len= 15 黑胜 loss=25.6691 temp=1.00 total_env_steps=24649 t=0.06s
Ep 1224: len= 29 黑胜 loss=24.8211 temp=1.00 total_env_steps=24678 t=0.09s
Ep 1225: len= 34 白胜 loss=25.4856 temp=1.00 total_env_steps=24712 t=0.10s
Ep 1226: len= 13 黑胜 loss=25.1488 temp=1.00 total_env_steps=24725 t=0.05s
Ep 1227: len= 32 白胜 loss=25.8072 temp=1.00 total_env_steps=24757 t=0.09s
Ep 1228: len= 10 白胜 loss=25.7671 temp=1.00 total_env_steps=24767 t=0.04s
Ep 1229: len= 20 白胜 loss=25.3368 temp=1.00 total_env_steps=24787 t=0.07s
Ep 1230: len= 12 白胜 loss=25.2010 temp=1.00 total_env_steps=24799 t=0.05s
Ep 1231: len= 25 黑胜 loss=25.1070 temp=1.00 total_env_steps=24824 t=0.07s
Ep 1232: len= 27 黑胜 loss=25.5223 temp=1.00 total_env_steps=24851 t=0.08s
Ep 1233: len= 13 黑胜 loss=25.2022 temp=1.00 total_env_steps=24864 t=0.05s
Ep 1234: len=  8 黑胜 loss=25.3660 temp=1.00 total_env_steps=24872 t=0.04s
Ep 1235: len= 15 黑胜 loss=25.5112 temp=1.00 total_env_steps=24887 t=0.05s
Ep 1236: len=  2 白胜 loss=25.2575 temp=1.00 total_env_steps=24889 t=0.02s
Ep 1237: len=  8 白胜 loss=24.8963 temp=1.00 total_env_steps=24897 t=0.04s
Ep 1238: len= 11 黑胜 loss=25.2508 temp=1.00 total_env_steps=24908 t=0.04s
Ep 1239: len= 11 黑胜 loss=25.5672 temp=1.00 total_env_steps=24919 t=0.05s
Ep 1240: len= 21 黑胜 loss=25.6258 temp=1.00 total_env_steps=24940 t=0.07s
Ep 1241: len= 28 白胜 loss=24.6439 temp=1.00 total_env_steps=24968 t=0.08s
Ep 1242: len=  4 白胜 loss=25.5016 temp=1.00 total_env_steps=24972 t=0.03s
Ep 1243: len=  9 黑胜 loss=25.7458 temp=1.00 total_env_steps=24981 t=0.04s
Ep 1244: len= 35 黑胜 loss=25.3419 temp=1.00 total_env_steps=25016 t=0.08s
Ep 1245: len= 14 白胜 loss=25.4300 temp=1.00 total_env_steps=25030 t=0.04s
Ep 1246: len=  2 白胜 loss=25.5690 temp=1.00 total_env_steps=25032 t=0.02s
Ep 1247: len= 27 黑胜 loss=25.4455 temp=1.00 total_env_steps=25059 t=0.08s
Ep 1248: len= 18 白胜 loss=25.4703 temp=1.00 total_env_steps=25077 t=0.06s
Ep 1249: len=  2 白胜 loss=25.1234 temp=1.00 total_env_steps=25079 t=0.02s
Ep 1250: len= 13 黑胜 loss=25.1868 temp=1.00 total_env_steps=25092 t=0.04s
Ep 1251: len= 25 黑胜 loss=24.5729 temp=1.00 total_env_steps=25117 t=0.07s
Ep 1252: len=  4 白胜 loss=25.7262 temp=1.00 total_env_steps=25121 t=0.03s
Ep 1253: len= 23 黑胜 loss=26.3707 temp=1.00 total_env_steps=25144 t=0.06s
Ep 1254: len= 20 黑胜 loss=25.7572 temp=1.00 total_env_steps=25164 t=0.06s
Ep 1255: len=  6 黑胜 loss=25.0656 temp=1.00 total_env_steps=25170 t=0.03s
Ep 1256: len= 30 白胜 loss=25.4860 temp=1.00 total_env_steps=25200 t=0.08s
Ep 1257: len= 18 白胜 loss=25.4648 temp=1.00 total_env_steps=25218 t=0.05s
Ep 1258: len= 15 黑胜 loss=25.4550 temp=1.00 total_env_steps=25233 t=0.05s
Ep 1259: len= 14 白胜 loss=25.4405 temp=1.00 total_env_steps=25247 t=0.04s
Ep 1260: len= 17 黑胜 loss=25.2005 temp=1.00 total_env_steps=25264 t=0.05s
Ep 1261: len=  6 白胜 loss=25.4782 temp=1.00 total_env_steps=25270 t=0.03s
Ep 1262: len=  8 白胜 loss=25.2085 temp=1.00 total_env_steps=25278 t=0.04s
Ep 1263: len=  9 黑胜 loss=25.3262 temp=1.00 total_env_steps=25287 t=0.04s
Ep 1264: len= 23 黑胜 loss=25.3225 temp=1.00 total_env_steps=25310 t=0.07s
Ep 1265: len= 17 黑胜 loss=25.6094 temp=1.00 total_env_steps=25327 t=0.05s
Ep 1266: len=  4 白胜 loss=24.9781 temp=1.00 total_env_steps=25331 t=0.03s
Ep 1267: len= 37 黑胜 loss=25.6171 temp=1.00 total_env_steps=25368 t=0.09s
Ep 1268: len= 15 黑胜 loss=25.8298 temp=1.00 total_env_steps=25383 t=0.05s
Ep 1269: len=  9 黑胜 loss=25.1840 temp=1.00 total_env_steps=25392 t=0.04s
Ep 1270: len=  2 白胜 loss=25.1485 temp=1.00 total_env_steps=25394 t=0.02s
Ep 1271: len=  4 白胜 loss=25.6166 temp=1.00 total_env_steps=25398 t=0.03s
Ep 1272: len= 32 白胜 loss=25.5441 temp=1.00 total_env_steps=25430 t=0.09s
Ep 1273: len= 13 黑胜 loss=25.1625 temp=1.00 total_env_steps=25443 t=0.04s
Ep 1274: len= 15 黑胜 loss=25.9898 temp=1.00 total_env_steps=25458 t=0.04s
Ep 1275: len= 30 白胜 loss=25.9181 temp=1.00 total_env_steps=25488 t=0.08s
Ep 1276: len= 15 黑胜 loss=25.7857 temp=1.00 total_env_steps=25503 t=0.05s
Ep 1277: len= 15 黑胜 loss=26.2832 temp=1.00 total_env_steps=25518 t=0.05s
Ep 1278: len=  2 白胜 loss=25.3416 temp=1.00 total_env_steps=25520 t=0.03s
Ep 1279: len= 11 黑胜 loss=24.6463 temp=1.00 total_env_steps=25531 t=0.04s
Ep 1280: len= 27 黑胜 loss=25.6185 temp=1.00 total_env_steps=25558 t=0.08s
Ep 1281: len= 25 黑胜 loss=25.7841 temp=1.00 total_env_steps=25583 t=0.07s
Ep 1282: len= 24 白胜 loss=25.5922 temp=1.00 total_env_steps=25607 t=0.07s
Ep 1283: len= 28 白胜 loss=25.7356 temp=1.00 total_env_steps=25635 t=0.07s
Ep 1284: len= 10 黑胜 loss=25.1397 temp=1.00 total_env_steps=25645 t=0.04s
Ep 1285: len= 16 黑胜 loss=25.6043 temp=1.00 total_env_steps=25661 t=0.05s
Ep 1286: len= 31 黑胜 loss=25.8743 temp=1.00 total_env_steps=25692 t=0.07s
Ep 1287: len= 26 白胜 loss=25.5667 temp=1.00 total_env_steps=25718 t=0.08s
Ep 1288: len= 21 白胜 loss=25.9945 temp=1.00 total_env_steps=25739 t=0.06s
Ep 1289: len=  2 黑胜 loss=25.6296 temp=1.00 total_env_steps=25741 t=0.02s
Ep 1290: len= 31 黑胜 loss=25.1144 temp=1.00 total_env_steps=25772 t=0.09s
Ep 1291: len= 24 白胜 loss=25.5979 temp=1.00 total_env_steps=25796 t=0.07s
Ep 1292: len= 15 黑胜 loss=25.3031 temp=1.00 total_env_steps=25811 t=0.05s
Ep 1293: len= 15 黑胜 loss=25.6891 temp=1.00 total_env_steps=25826 t=0.05s
Ep 1294: len= 14 黑胜 loss=25.4390 temp=1.00 total_env_steps=25840 t=0.04s
Ep 1295: len= 10 白胜 loss=25.0690 temp=1.00 total_env_steps=25850 t=0.04s
Ep 1296: len= 11 黑胜 loss=25.8397 temp=1.00 total_env_steps=25861 t=0.04s
Ep 1297: len= 11 黑胜 loss=25.2277 temp=1.00 total_env_steps=25872 t=0.04s
Ep 1298: len=  2 黑胜 loss=25.3313 temp=1.00 total_env_steps=25874 t=0.02s
Ep 1299: len= 11 黑胜 loss=25.5250 temp=1.00 total_env_steps=25885 t=0.04s
Ep 1300: len= 30 白胜 loss=26.1572 temp=1.00 total_env_steps=25915 t=0.08s
Ep 1301: len= 25 白胜 loss=25.2861 temp=1.00 total_env_steps=25940 t=0.07s
Ep 1302: len= 11 黑胜 loss=25.4384 temp=1.00 total_env_steps=25951 t=0.04s
Ep 1303: len= 35 黑胜 loss=25.5526 temp=1.00 total_env_steps=25986 t=0.09s
Ep 1304: len=  2 黑胜 loss=25.9567 temp=1.00 total_env_steps=25988 t=0.03s
Ep 1305: len= 11 黑胜 loss=25.0759 temp=1.00 total_env_steps=25999 t=0.05s
Ep 1306: len= 12 黑胜 loss=25.6814 temp=1.00 total_env_steps=26011 t=0.04s
Ep 1307: len= 30 白胜 loss=25.8041 temp=1.00 total_env_steps=26041 t=0.08s
Ep 1308: len= 14 白胜 loss=25.7313 temp=1.00 total_env_steps=26055 t=0.05s
Ep 1309: len= 13 黑胜 loss=25.6048 temp=1.00 total_env_steps=26068 t=0.04s
Ep 1310: len= 15 黑胜 loss=25.7368 temp=1.00 total_env_steps=26083 t=0.04s
Ep 1311: len=  2 黑胜 loss=25.7840 temp=1.00 total_env_steps=26085 t=0.02s
Ep 1312: len=  6 黑胜 loss=25.3393 temp=1.00 total_env_steps=26091 t=0.03s
Ep 1313: len= 19 白胜 loss=25.1398 temp=1.00 total_env_steps=26110 t=0.05s
Ep 1314: len= 11 黑胜 loss=25.9975 temp=1.00 total_env_steps=26121 t=0.04s
Ep 1315: len=  2 白胜 loss=25.3909 temp=1.00 total_env_steps=26123 t=0.02s
Ep 1316: len= 27 黑胜 loss=25.3331 temp=1.00 total_env_steps=26150 t=0.07s
Ep 1317: len= 40 白胜 loss=24.7929 temp=1.00 total_env_steps=26190 t=0.09s
Ep 1318: len=  4 黑胜 loss=25.3761 temp=1.00 total_env_steps=26194 t=0.02s
Ep 1319: len= 11 黑胜 loss=25.7774 temp=1.00 total_env_steps=26205 t=0.04s
Ep 1320: len= 15 黑胜 loss=26.3879 temp=1.00 total_env_steps=26220 t=0.05s
Ep 1321: len=  2 黑胜 loss=25.3963 temp=1.00 total_env_steps=26222 t=0.02s
Ep 1322: len= 13 黑胜 loss=25.6207 temp=1.00 total_env_steps=26235 t=0.05s
Ep 1323: len=  4 黑胜 loss=25.6225 temp=1.00 total_env_steps=26239 t=0.02s
Ep 1324: len= 25 黑胜 loss=25.0628 temp=1.00 total_env_steps=26264 t=0.06s
Ep 1325: len= 18 白胜 loss=25.6389 temp=1.00 total_env_steps=26282 t=0.05s
Ep 1326: len= 17 黑胜 loss=25.4034 temp=1.00 total_env_steps=26299 t=0.05s
Ep 1327: len= 15 黑胜 loss=25.7965 temp=1.00 total_env_steps=26314 t=0.05s
Ep 1328: len= 35 黑胜 loss=25.4738 temp=1.00 total_env_steps=26349 t=0.08s
Ep 1329: len= 28 白胜 loss=25.9011 temp=1.00 total_env_steps=26377 t=0.08s
Ep 1330: len= 11 黑胜 loss=25.1371 temp=1.00 total_env_steps=26388 t=0.04s
Ep 1331: len= 13 黑胜 loss=25.8839 temp=1.00 total_env_steps=26401 t=0.05s
Ep 1332: len= 13 黑胜 loss=25.5786 temp=1.00 total_env_steps=26414 t=0.04s
Ep 1333: len= 13 黑胜 loss=25.3524 temp=1.00 total_env_steps=26427 t=0.04s
Ep 1334: len= 10 白胜 loss=25.0965 temp=1.00 total_env_steps=26437 t=0.04s
Ep 1335: len= 24 白胜 loss=25.4657 temp=1.00 total_env_steps=26461 t=0.06s
Ep 1336: len= 41 黑胜 loss=24.9116 temp=1.00 total_env_steps=26502 t=0.10s
Ep 1337: len= 23 黑胜 loss=25.3499 temp=1.00 total_env_steps=26525 t=0.06s
Ep 1338: len= 29 黑胜 loss=25.6393 temp=1.00 total_env_steps=26554 t=0.08s
Ep 1339: len=  8 白胜 loss=25.5066 temp=1.00 total_env_steps=26562 t=0.04s
Ep 1340: len= 17 黑胜 loss=25.2552 temp=1.00 total_env_steps=26579 t=0.05s
Ep 1341: len= 15 黑胜 loss=25.1107 temp=1.00 total_env_steps=26594 t=0.05s
Ep 1342: len= 17 黑胜 loss=25.1547 temp=1.00 total_env_steps=26611 t=0.05s
Ep 1343: len= 37 黑胜 loss=25.1250 temp=1.00 total_env_steps=26648 t=0.09s
Ep 1344: len= 14 白胜 loss=25.5236 temp=1.00 total_env_steps=26662 t=0.04s
Ep 1345: len= 17 黑胜 loss=25.9531 temp=1.00 total_env_steps=26679 t=0.05s
Ep 1346: len= 16 白胜 loss=26.0319 temp=1.00 total_env_steps=26695 t=0.05s
Ep 1347: len= 19 黑胜 loss=25.8280 temp=1.00 total_env_steps=26714 t=0.06s
Ep 1348: len=  4 黑胜 loss=26.3560 temp=1.00 total_env_steps=26718 t=0.03s
Ep 1349: len= 30 白胜 loss=25.4291 temp=1.00 total_env_steps=26748 t=0.07s
Ep 1350: len= 28 白胜 loss=25.4266 temp=1.00 total_env_steps=26776 t=0.07s
Ep 1351: len=  2 白胜 loss=25.8769 temp=1.00 total_env_steps=26778 t=0.02s
Ep 1352: len= 20 白胜 loss=25.0359 temp=1.00 total_env_steps=26798 t=0.06s
Ep 1353: len= 28 白胜 loss=25.3819 temp=1.00 total_env_steps=26826 t=0.08s
Ep 1354: len= 15 黑胜 loss=25.8400 temp=1.00 total_env_steps=26841 t=0.06s
Ep 1355: len= 13 黑胜 loss=25.5007 temp=1.00 total_env_steps=26854 t=0.04s
Ep 1356: len= 16 白胜 loss=25.6569 temp=1.00 total_env_steps=26870 t=0.05s
Ep 1357: len= 40 白胜 loss=25.5064 temp=1.00 total_env_steps=26910 t=0.10s
Ep 1358: len= 19 黑胜 loss=26.3133 temp=1.00 total_env_steps=26929 t=0.06s
Ep 1359: len= 13 黑胜 loss=25.4267 temp=1.00 total_env_steps=26942 t=0.05s
Ep 1360: len= 13 黑胜 loss=25.1367 temp=1.00 total_env_steps=26955 t=0.04s
Ep 1361: len= 33 黑胜 loss=25.9143 temp=1.00 total_env_steps=26988 t=0.09s
Ep 1362: len= 13 黑胜 loss=25.6111 temp=1.00 total_env_steps=27001 t=0.05s
Ep 1363: len=  9 黑胜 loss=25.1817 temp=1.00 total_env_steps=27010 t=0.04s
Ep 1364: len=  2 黑胜 loss=25.6674 temp=1.00 total_env_steps=27012 t=0.02s
Ep 1365: len= 34 白胜 loss=26.0517 temp=1.00 total_env_steps=27046 t=0.08s
Ep 1366: len= 12 黑胜 loss=25.6309 temp=1.00 total_env_steps=27058 t=0.05s
Ep 1367: len= 12 黑胜 loss=25.8007 temp=1.00 total_env_steps=27070 t=0.04s
Ep 1368: len= 10 黑胜 loss=25.9329 temp=1.00 total_env_steps=27080 t=0.04s
Ep 1369: len= 11 黑胜 loss=25.1427 temp=1.00 total_env_steps=27091 t=0.04s
Ep 1370: len= 31 黑胜 loss=25.5335 temp=1.00 total_env_steps=27122 t=0.08s
Ep 1371: len=  2 白胜 loss=25.3719 temp=1.00 total_env_steps=27124 t=0.02s
Ep 1372: len=  2 白胜 loss=26.0957 temp=1.00 total_env_steps=27126 t=0.02s
Ep 1373: len= 31 黑胜 loss=25.2736 temp=1.00 total_env_steps=27157 t=0.09s
Ep 1374: len= 12 黑胜 loss=25.3573 temp=1.00 total_env_steps=27169 t=0.04s
Ep 1375: len= 13 黑胜 loss=25.9407 temp=1.00 total_env_steps=27182 t=0.05s
Ep 1376: len= 14 白胜 loss=25.2728 temp=1.00 total_env_steps=27196 t=0.05s
Ep 1377: len= 23 黑胜 loss=25.7597 temp=1.00 total_env_steps=27219 t=0.07s
Ep 1378: len= 13 黑胜 loss=25.4411 temp=1.00 total_env_steps=27232 t=0.05s
Ep 1379: len= 29 黑胜 loss=25.8486 temp=1.00 total_env_steps=27261 t=0.07s
Ep 1380: len= 11 黑胜 loss=25.4991 temp=1.00 total_env_steps=27272 t=0.04s
Ep 1381: len= 11 黑胜 loss=25.3637 temp=1.00 total_env_steps=27283 t=0.04s
Ep 1382: len= 21 黑胜 loss=25.6795 temp=1.00 total_env_steps=27304 t=0.06s
Ep 1383: len= 15 黑胜 loss=26.4716 temp=1.00 total_env_steps=27319 t=0.05s
Ep 1384: len= 22 白胜 loss=25.2947 temp=1.00 total_env_steps=27341 t=0.06s
Ep 1385: len= 21 黑胜 loss=25.8207 temp=1.00 total_env_steps=27362 t=0.06s
Ep 1386: len= 13 黑胜 loss=25.7556 temp=1.00 total_env_steps=27375 t=0.04s
Ep 1387: len=  9 黑胜 loss=25.8237 temp=1.00 total_env_steps=27384 t=0.03s
Ep 1388: len= 14 白胜 loss=25.7794 temp=1.00 total_env_steps=27398 t=0.05s
Ep 1389: len= 27 黑胜 loss=25.0579 temp=1.00 total_env_steps=27425 t=0.08s
Ep 1390: len= 34 白胜 loss=25.8345 temp=1.00 total_env_steps=27459 t=0.08s
Ep 1391: len= 11 黑胜 loss=25.2097 temp=1.00 total_env_steps=27470 t=0.05s
Ep 1392: len= 11 黑胜 loss=25.4096 temp=1.00 total_env_steps=27481 t=0.04s
Ep 1393: len= 11 黑胜 loss=25.2845 temp=1.00 total_env_steps=27492 t=0.04s
Ep 1394: len= 18 白胜 loss=25.8277 temp=1.00 total_env_steps=27510 t=0.06s
Ep 1395: len=  9 黑胜 loss=24.9622 temp=1.00 total_env_steps=27519 t=0.04s
Ep 1396: len= 12 白胜 loss=25.3692 temp=1.00 total_env_steps=27531 t=0.04s
Ep 1397: len=  8 白胜 loss=25.4011 temp=1.00 total_env_steps=27539 t=0.04s
Ep 1398: len= 28 白胜 loss=26.2470 temp=1.00 total_env_steps=27567 t=0.07s
Ep 1399: len= 13 黑胜 loss=25.0333 temp=1.00 total_env_steps=27580 t=0.05s
Ep 1400: len= 30 白胜 loss=25.4462 temp=1.00 total_env_steps=27610 t=0.07s
  eval vs Gomoku-random-v0: win_rate=1.00 mean_return=1.00（20 局，total_env_steps=27610）
Ep 1401: len= 19 黑胜 loss=25.5121 temp=1.00 total_env_steps=27629 t=0.05s
Ep 1402: len= 23 黑胜 loss=25.8409 temp=1.00 total_env_steps=27652 t=0.06s
Ep 1403: len=  4 白胜 loss=25.5881 temp=1.00 total_env_steps=27656 t=0.03s
Ep 1404: len= 15 黑胜 loss=25.2280 temp=1.00 total_env_steps=27671 t=0.05s
Ep 1405: len= 13 黑胜 loss=25.1320 temp=1.00 total_env_steps=27684 t=0.05s
Ep 1406: len= 23 黑胜 loss=25.2499 temp=1.00 total_env_steps=27707 t=0.06s
Ep 1407: len= 32 白胜 loss=25.3356 temp=1.00 total_env_steps=27739 t=0.09s
Ep 1408: len= 14 白胜 loss=25.1925 temp=1.00 total_env_steps=27753 t=0.05s
Ep 1409: len= 42 黑胜 loss=25.8413 temp=1.00 total_env_steps=27795 t=0.09s
Ep 1410: len=  2 白胜 loss=25.7337 temp=1.00 total_env_steps=27797 t=0.02s
Ep 1411: len= 13 白胜 loss=25.2024 temp=1.00 total_env_steps=27810 t=0.04s
Ep 1412: len= 15 黑胜 loss=25.5469 temp=1.00 total_env_steps=27825 t=0.05s
Ep 1413: len= 15 黑胜 loss=25.8985 temp=1.00 total_env_steps=27840 t=0.05s
Ep 1414: len= 18 黑胜 loss=25.1186 temp=1.00 total_env_steps=27858 t=0.06s
Ep 1415: len= 19 黑胜 loss=25.5579 temp=1.00 total_env_steps=27877 t=0.06s
Ep 1416: len= 25 黑胜 loss=25.8574 temp=1.00 total_env_steps=27902 t=0.07s
Ep 1417: len=  8 白胜 loss=25.7350 temp=1.00 total_env_steps=27910 t=0.03s
Ep 1418: len=  4 黑胜 loss=25.9908 temp=1.00 total_env_steps=27914 t=0.03s
Ep 1419: len= 11 黑胜 loss=25.6881 temp=1.00 total_env_steps=27925 t=0.05s
Ep 1420: len= 19 黑胜 loss=25.6865 temp=1.00 total_env_steps=27944 t=0.06s
Ep 1421: len=  2 黑胜 loss=25.1141 temp=1.00 total_env_steps=27946 t=0.03s
Ep 1422: len=  8 黑胜 loss=24.9416 temp=1.00 total_env_steps=27954 t=0.04s
Ep 1423: len= 11 黑胜 loss=25.0440 temp=1.00 total_env_steps=27965 t=0.04s
Ep 1424: len= 14 黑胜 loss=25.9845 temp=1.00 total_env_steps=27979 t=0.04s
Ep 1425: len= 20 白胜 loss=25.7309 temp=1.00 total_env_steps=27999 t=0.05s
Ep 1426: len=  2 白胜 loss=25.6963 temp=1.00 total_env_steps=28001 t=0.02s
Ep 1427: len= 20 白胜 loss=25.7209 temp=1.00 total_env_steps=28021 t=0.06s
Ep 1428: len= 15 黑胜 loss=26.2406 temp=1.00 total_env_steps=28036 t=0.05s
Ep 1429: len= 14 黑胜 loss=26.0116 temp=1.00 total_env_steps=28050 t=0.04s
Ep 1430: len= 11 黑胜 loss=25.2543 temp=1.00 total_env_steps=28061 t=0.04s
Ep 1431: len= 13 黑胜 loss=25.5088 temp=1.00 total_env_steps=28074 t=0.04s
Ep 1432: len=  4 白胜 loss=25.3626 temp=1.00 total_env_steps=28078 t=0.03s
Ep 1433: len= 48 白胜 loss=25.4857 temp=1.00 total_env_steps=28126 t=0.11s
Ep 1434: len= 10 白胜 loss=25.3879 temp=1.00 total_env_steps=28136 t=0.04s
Ep 1435: len=  7 白胜 loss=26.1653 temp=1.00 total_env_steps=28143 t=0.03s
Ep 1436: len=  6 黑胜 loss=25.0726 temp=1.00 total_env_steps=28149 t=0.03s
Ep 1437: len= 13 黑胜 loss=24.9360 temp=1.00 total_env_steps=28162 t=0.04s
Ep 1438: len=  2 白胜 loss=26.0350 temp=1.00 total_env_steps=28164 t=0.02s
Ep 1439: len= 11 黑胜 loss=25.5921 temp=1.00 total_env_steps=28175 t=0.04s
Ep 1440: len=  8 白胜 loss=25.4844 temp=1.00 total_env_steps=28183 t=0.04s
Ep 1441: len= 15 黑胜 loss=24.6917 temp=1.00 total_env_steps=28198 t=0.05s
Ep 1442: len= 39 黑胜 loss=25.8979 temp=1.00 total_env_steps=28237 t=0.09s
Ep 1443: len= 11 黑胜 loss=25.2394 temp=1.00 total_env_steps=28248 t=0.04s
Ep 1444: len=  2 黑胜 loss=25.8372 temp=1.00 total_env_steps=28250 t=0.03s
Ep 1445: len= 10 白胜 loss=25.2725 temp=1.00 total_env_steps=28260 t=0.04s
Ep 1446: len= 11 黑胜 loss=24.9341 temp=1.00 total_env_steps=28271 t=0.04s
Ep 1447: len= 29 黑胜 loss=24.9959 temp=1.00 total_env_steps=28300 t=0.08s
Ep 1448: len=  8 白胜 loss=25.5553 temp=1.00 total_env_steps=28308 t=0.03s
Ep 1449: len= 23 黑胜 loss=25.7080 temp=1.00 total_env_steps=28331 t=0.07s
Ep 1450: len= 12 白胜 loss=25.1507 temp=1.00 total_env_steps=28343 t=0.04s
Ep 1451: len= 26 白胜 loss=25.6285 temp=1.00 total_env_steps=28369 t=0.07s
Ep 1452: len= 11 黑胜 loss=25.7734 temp=1.00 total_env_steps=28380 t=0.05s
Ep 1453: len= 16 白胜 loss=25.1723 temp=1.00 total_env_steps=28396 t=0.05s
Ep 1454: len= 17 黑胜 loss=25.1627 temp=1.00 total_env_steps=28413 t=0.06s
Ep 1455: len= 20 白胜 loss=24.7635 temp=1.00 total_env_steps=28433 t=0.06s
Ep 1456: len= 34 白胜 loss=25.8329 temp=1.00 total_env_steps=28467 t=0.08s
Ep 1457: len= 33 黑胜 loss=25.8795 temp=1.00 total_env_steps=28500 t=0.08s
Ep 1458: len= 11 黑胜 loss=26.3264 temp=1.00 total_env_steps=28511 t=0.04s
Ep 1459: len=  9 黑胜 loss=25.4766 temp=1.00 total_env_steps=28520 t=0.03s
Ep 1460: len=  8 白胜 loss=25.5115 temp=1.00 total_env_steps=28528 t=0.03s
Ep 1461: len=  2 黑胜 loss=25.4782 temp=1.00 total_env_steps=28530 t=0.02s
Ep 1462: len= 25 白胜 loss=25.1176 temp=1.00 total_env_steps=28555 t=0.06s
Ep 1463: len= 15 黑胜 loss=25.9859 temp=1.00 total_env_steps=28570 t=0.06s
Ep 1464: len= 13 黑胜 loss=25.1014 temp=1.00 total_env_steps=28583 t=0.05s
Ep 1465: len= 15 黑胜 loss=25.0761 temp=1.00 total_env_steps=28598 t=0.05s
Ep 1466: len= 11 黑胜 loss=25.0282 temp=1.00 total_env_steps=28609 t=0.04s
Ep 1467: len=  4 黑胜 loss=25.3556 temp=1.00 total_env_steps=28613 t=0.03s
Ep 1468: len=  9 黑胜 loss=26.1015 temp=1.00 total_env_steps=28622 t=0.04s
Ep 1469: len=  4 白胜 loss=26.2936 temp=1.00 total_env_steps=28626 t=0.03s
Ep 1470: len= 11 黑胜 loss=26.1076 temp=1.00 total_env_steps=28637 t=0.04s
Ep 1471: len= 34 白胜 loss=24.8864 temp=1.00 total_env_steps=28671 t=0.08s
Ep 1472: len= 21 黑胜 loss=25.2175 temp=1.00 total_env_steps=28692 t=0.06s
Ep 1473: len= 26 白胜 loss=25.8113 temp=1.00 total_env_steps=28718 t=0.06s
Ep 1474: len=  2 白胜 loss=25.6301 temp=1.00 total_env_steps=28720 t=0.02s
Ep 1475: len= 35 黑胜 loss=26.0490 temp=1.00 total_env_steps=28755 t=0.09s
Ep 1476: len= 11 黑胜 loss=25.9154 temp=1.00 total_env_steps=28766 t=0.04s
Ep 1477: len= 11 黑胜 loss=25.7999 temp=1.00 total_env_steps=28777 t=0.04s
Ep 1478: len=  2 白胜 loss=26.0356 temp=1.00 total_env_steps=28779 t=0.02s
Ep 1479: len= 15 黑胜 loss=25.1365 temp=1.00 total_env_steps=28794 t=0.05s
Ep 1480: len=  8 黑胜 loss=26.0265 temp=1.00 total_env_steps=28802 t=0.04s
Ep 1481: len= 15 黑胜 loss=25.5492 temp=1.00 total_env_steps=28817 t=0.05s
Ep 1482: len=  9 黑胜 loss=25.8380 temp=1.00 total_env_steps=28826 t=0.03s
Ep 1483: len= 24 白胜 loss=24.9627 temp=1.00 total_env_steps=28850 t=0.06s
Ep 1484: len= 13 黑胜 loss=25.7793 temp=1.00 total_env_steps=28863 t=0.04s
Ep 1485: len= 13 黑胜 loss=25.9986 temp=1.00 total_env_steps=28876 t=0.04s
Ep 1486: len= 29 黑胜 loss=25.2865 temp=1.00 total_env_steps=28905 t=0.07s
Ep 1487: len= 13 黑胜 loss=25.4583 temp=1.00 total_env_steps=28918 t=0.04s
Ep 1488: len=  2 白胜 loss=26.0880 temp=1.00 total_env_steps=28920 t=0.02s
Ep 1489: len= 13 黑胜 loss=25.7720 temp=1.00 total_env_steps=28933 t=0.05s
Ep 1490: len= 17 黑胜 loss=25.4579 temp=1.00 total_env_steps=28950 t=0.05s
Ep 1491: len=  2 白胜 loss=25.6102 temp=1.00 total_env_steps=28952 t=0.02s
Ep 1492: len=  2 黑胜 loss=25.0720 temp=1.00 total_env_steps=28954 t=0.02s
Ep 1493: len= 13 黑胜 loss=25.3017 temp=1.00 total_env_steps=28967 t=0.04s
Ep 1494: len= 10 白胜 loss=25.6558 temp=1.00 total_env_steps=28977 t=0.04s
Ep 1495: len= 21 黑胜 loss=26.4492 temp=1.00 total_env_steps=28998 t=0.06s
Ep 1496: len= 37 黑胜 loss=25.4010 temp=1.00 total_env_steps=29035 t=0.08s
Ep 1497: len= 11 黑胜 loss=25.0960 temp=1.00 total_env_steps=29046 t=0.04s
Ep 1498: len= 31 黑胜 loss=26.1961 temp=1.00 total_env_steps=29077 t=0.08s
Ep 1499: len= 24 黑胜 loss=25.4773 temp=1.00 total_env_steps=29101 t=0.07s
Ep 1500: len=  9 黑胜 loss=25.8288 temp=1.00 total_env_steps=29110 t=0.03s
Ep 1501: len= 12 白胜 loss=24.9859 temp=1.00 total_env_steps=29122 t=0.04s
Ep 1502: len= 35 黑胜 loss=25.2161 temp=1.00 total_env_steps=29157 t=0.08s
Ep 1503: len=  2 白胜 loss=25.3297 temp=1.00 total_env_steps=29159 t=0.02s
Ep 1504: len= 29 黑胜 loss=25.5144 temp=1.00 total_env_steps=29188 t=0.08s
Ep 1505: len= 11 黑胜 loss=25.0100 temp=1.00 total_env_steps=29199 t=0.04s
Ep 1506: len= 23 白胜 loss=25.5446 temp=1.00 total_env_steps=29222 t=0.06s
Ep 1507: len=  2 白胜 loss=25.1451 temp=1.00 total_env_steps=29224 t=0.02s
Ep 1508: len= 13 黑胜 loss=25.3685 temp=1.00 total_env_steps=29237 t=0.04s
Ep 1509: len=  2 白胜 loss=26.1934 temp=1.00 total_env_steps=29239 t=0.02s
Ep 1510: len= 15 黑胜 loss=25.5239 temp=1.00 total_env_steps=29254 t=0.04s
Ep 1511: len= 25 黑胜 loss=25.8564 temp=1.00 total_env_steps=29279 t=0.06s
Ep 1512: len= 34 白胜 loss=25.4568 temp=1.00 total_env_steps=29313 t=0.08s
Ep 1513: len= 13 黑胜 loss=25.2452 temp=1.00 total_env_steps=29326 t=0.05s
Ep 1514: len= 10 黑胜 loss=26.0779 temp=1.00 total_env_steps=29336 t=0.03s
Ep 1515: len= 41 黑胜 loss=25.3465 temp=1.00 total_env_steps=29377 t=0.09s
Ep 1516: len= 13 黑胜 loss=25.5816 temp=1.00 total_env_steps=29390 t=0.04s
Ep 1517: len= 31 黑胜 loss=25.0357 temp=1.00 total_env_steps=29421 t=0.08s
Ep 1518: len= 18 白胜 loss=25.7727 temp=1.00 total_env_steps=29439 t=0.06s
Ep 1519: len= 13 黑胜 loss=25.5510 temp=1.00 total_env_steps=29452 t=0.04s
Ep 1520: len= 11 黑胜 loss=25.1796 temp=1.00 total_env_steps=29463 t=0.04s
Ep 1521: len= 23 黑胜 loss=25.1354 temp=1.00 total_env_steps=29486 t=0.06s
Ep 1522: len= 13 黑胜 loss=25.7799 temp=1.00 total_env_steps=29499 t=0.04s
Ep 1523: len= 13 黑胜 loss=25.0660 temp=1.00 total_env_steps=29512 t=0.04s
Ep 1524: len= 35 黑胜 loss=25.6097 temp=1.00 total_env_steps=29547 t=0.08s
Ep 1525: len=  2 白胜 loss=25.7212 temp=1.00 total_env_steps=29549 t=0.02s
Ep 1526: len=  9 黑胜 loss=26.0744 temp=1.00 total_env_steps=29558 t=0.04s
Ep 1527: len= 19 黑胜 loss=25.2062 temp=1.00 total_env_steps=29577 t=0.06s
Ep 1528: len= 12 黑胜 loss=25.5839 temp=1.00 total_env_steps=29589 t=0.04s
Ep 1529: len= 23 黑胜 loss=25.2058 temp=1.00 total_env_steps=29612 t=0.06s
Ep 1530: len= 29 黑胜 loss=25.2197 temp=1.00 total_env_steps=29641 t=0.08s
Ep 1531: len= 37 黑胜 loss=25.4011 temp=1.00 total_env_steps=29678 t=0.09s
Ep 1532: len=  2 黑胜 loss=25.3914 temp=1.00 total_env_steps=29680 t=0.02s
Ep 1533: len= 43 黑胜 loss=25.8632 temp=1.00 total_env_steps=29723 t=0.10s
Ep 1534: len= 10 白胜 loss=25.7507 temp=1.00 total_env_steps=29733 t=0.04s
Ep 1535: len= 20 白胜 loss=24.8693 temp=1.00 total_env_steps=29753 t=0.05s
Ep 1536: len=  4 白胜 loss=26.0371 temp=1.00 total_env_steps=29757 t=0.03s
Ep 1537: len= 38 白胜 loss=25.6816 temp=1.00 total_env_steps=29795 t=0.08s
Ep 1538: len=  2 白胜 loss=25.9993 temp=1.00 total_env_steps=29797 t=0.02s
Ep 1539: len=  9 黑胜 loss=25.6213 temp=1.00 total_env_steps=29806 t=0.03s
Ep 1540: len= 18 白胜 loss=24.4138 temp=1.00 total_env_steps=29824 t=0.05s
Ep 1541: len= 15 黑胜 loss=25.3270 temp=1.00 total_env_steps=29839 t=0.04s
Ep 1542: len= 13 白胜 loss=25.6715 temp=1.00 total_env_steps=29852 t=0.04s
Ep 1543: len= 43 黑胜 loss=25.3910 temp=1.00 total_env_steps=29895 t=0.09s
Ep 1544: len= 41 黑胜 loss=25.6542 temp=1.00 total_env_steps=29936 t=0.10s
Ep 1545: len= 11 黑胜 loss=25.0141 temp=1.00 total_env_steps=29947 t=0.04s
Ep 1546: len= 13 白胜 loss=25.7161 temp=1.00 total_env_steps=29960 t=0.05s
Ep 1547: len= 14 黑胜 loss=25.6515 temp=1.00 total_env_steps=29974 t=0.05s
Ep 1548: len= 27 黑胜 loss=26.0355 temp=1.00 total_env_steps=30001 t=0.07s
Ep 1549: len=  2 黑胜 loss=25.2737 temp=1.00 total_env_steps=30003 t=0.02s
Ep 1550: len= 31 黑胜 loss=25.4596 temp=1.00 total_env_steps=30034 t=0.07s
Ep 1551: len= 11 黑胜 loss=25.8759 temp=1.00 total_env_steps=30045 t=0.04s
Ep 1552: len= 22 黑胜 loss=25.6391 temp=1.00 total_env_steps=30067 t=0.05s
Ep 1553: len= 38 白胜 loss=25.5158 temp=1.00 total_env_steps=30105 t=0.08s
Ep 1554: len= 37 黑胜 loss=24.9852 temp=1.00 total_env_steps=30142 t=0.09s
Ep 1555: len=  2 黑胜 loss=24.8203 temp=1.00 total_env_steps=30144 t=0.02s
Ep 1556: len= 32 白胜 loss=25.5172 temp=1.00 total_env_steps=30176 t=0.08s
Ep 1557: len= 43 黑胜 loss=25.7887 temp=1.00 total_env_steps=30219 t=0.09s
Ep 1558: len=  6 黑胜 loss=25.4082 temp=1.00 total_env_steps=30225 t=0.03s
Ep 1559: len= 11 黑胜 loss=25.2438 temp=1.00 total_env_steps=30236 t=0.04s
Ep 1560: len=  9 黑胜 loss=25.6919 temp=1.00 total_env_steps=30245 t=0.03s
Ep 1561: len=  6 白胜 loss=25.4454 temp=1.00 total_env_steps=30251 t=0.03s
Ep 1562: len= 31 黑胜 loss=25.4418 temp=1.00 total_env_steps=30282 t=0.07s
Ep 1563: len= 15 黑胜 loss=25.3874 temp=1.00 total_env_steps=30297 t=0.04s
Ep 1564: len=  2 白胜 loss=24.7962 temp=1.00 total_env_steps=30299 t=0.02s
Ep 1565: len= 18 黑胜 loss=24.8246 temp=1.00 total_env_steps=30317 t=0.05s
Ep 1566: len= 11 白胜 loss=25.7679 temp=1.00 total_env_steps=30328 t=0.04s
Ep 1567: len= 13 黑胜 loss=25.5440 temp=1.00 total_env_steps=30341 t=0.04s
Ep 1568: len= 39 黑胜 loss=25.5627 temp=1.00 total_env_steps=30380 t=0.09s
Ep 1569: len= 39 黑胜 loss=25.6816 temp=1.00 total_env_steps=30419 t=0.08s
Ep 1570: len= 21 白胜 loss=26.2562 temp=1.00 total_env_steps=30440 t=0.05s
Ep 1571: len= 13 黑胜 loss=25.4764 temp=1.00 total_env_steps=30453 t=0.04s
Ep 1572: len=  4 白胜 loss=25.0303 temp=1.00 total_env_steps=30457 t=0.02s
Ep 1573: len= 41 黑胜 loss=25.7587 temp=1.00 total_env_steps=30498 t=0.09s
Ep 1574: len=  8 黑胜 loss=26.0001 temp=1.00 total_env_steps=30506 t=0.03s
Ep 1575: len= 10 黑胜 loss=25.3068 temp=1.00 total_env_steps=30516 t=0.04s
Ep 1576: len= 12 白胜 loss=25.3533 temp=1.00 total_env_steps=30528 t=0.04s
Ep 1577: len=  2 白胜 loss=25.2351 temp=1.00 total_env_steps=30530 t=0.02s
Ep 1578: len= 13 黑胜 loss=25.8480 temp=1.00 total_env_steps=30543 t=0.04s
Ep 1579: len= 13 黑胜 loss=25.2923 temp=1.00 total_env_steps=30556 t=0.04s
Ep 1580: len=  6 白胜 loss=25.3396 temp=1.00 total_env_steps=30562 t=0.03s
Ep 1581: len=  6 白胜 loss=25.3532 temp=1.00 total_env_steps=30568 t=0.03s
Ep 1582: len= 20 白胜 loss=25.5124 temp=1.00 total_env_steps=30588 t=0.05s
Ep 1583: len= 30 白胜 loss=25.7440 temp=1.00 total_env_steps=30618 t=0.07s
Ep 1584: len= 27 黑胜 loss=25.4892 temp=1.00 total_env_steps=30645 t=0.06s
Ep 1585: len= 12 白胜 loss=25.3427 temp=1.00 total_env_steps=30657 t=0.04s
Ep 1586: len= 11 黑胜 loss=25.6542 temp=1.00 total_env_steps=30668 t=0.04s
Ep 1587: len= 34 白胜 loss=25.5585 temp=1.00 total_env_steps=30702 t=0.08s
Ep 1588: len= 20 白胜 loss=25.6326 temp=1.00 total_env_steps=30722 t=0.05s
Ep 1589: len=  2 黑胜 loss=25.7688 temp=1.00 total_env_steps=30724 t=0.02s
Ep 1590: len= 15 黑胜 loss=25.6519 temp=1.00 total_env_steps=30739 t=0.04s
Ep 1591: len= 13 黑胜 loss=26.0910 temp=1.00 total_env_steps=30752 t=0.04s
Ep 1592: len= 19 白胜 loss=25.4123 temp=1.00 total_env_steps=30771 t=0.05s
Ep 1593: len= 14 白胜 loss=25.5479 temp=1.00 total_env_steps=30785 t=0.04s
Ep 1594: len= 47 黑胜 loss=25.3504 temp=1.00 total_env_steps=30832 t=0.10s
Ep 1595: len= 20 白胜 loss=25.8620 temp=1.00 total_env_steps=30852 t=0.05s
Ep 1596: len= 15 黑胜 loss=25.3976 temp=1.00 total_env_steps=30867 t=0.04s
Ep 1597: len= 32 白胜 loss=25.4126 temp=1.00 total_env_steps=30899 t=0.08s
Ep 1598: len= 11 黑胜 loss=25.0947 temp=1.00 total_env_steps=30910 t=0.04s
Ep 1599: len= 44 白胜 loss=25.9132 temp=1.00 total_env_steps=30954 t=0.10s
Ep 1600: len=  2 白胜 loss=25.7253 temp=1.00 total_env_steps=30956 t=0.02s
  eval vs Gomoku-random-v0: win_rate=1.00 mean_return=1.00（20 局，total_env_steps=30956）
Ep 1601: len= 31 黑胜 loss=25.4683 temp=1.00 total_env_steps=30987 t=0.07s
Ep 1602: len=  2 白胜 loss=26.3105 temp=1.00 total_env_steps=30989 t=0.02s
Ep 1603: len= 36 白胜 loss=25.7012 temp=1.00 total_env_steps=31025 t=0.09s
Ep 1604: len= 21 黑胜 loss=25.4334 temp=1.00 total_env_steps=31046 t=0.05s
Ep 1605: len= 11 黑胜 loss=25.9272 temp=1.00 total_env_steps=31057 t=0.04s
Ep 1606: len= 24 白胜 loss=25.7036 temp=1.00 total_env_steps=31081 t=0.07s
Ep 1607: len= 29 黑胜 loss=25.6859 temp=1.00 total_env_steps=31110 t=0.07s
Ep 1608: len= 31 黑胜 loss=25.8017 temp=1.00 total_env_steps=31141 t=0.07s
Ep 1609: len=  2 黑胜 loss=25.6691 temp=1.00 total_env_steps=31143 t=0.02s
Ep 1610: len= 12 白胜 loss=25.9657 temp=1.00 total_env_steps=31155 t=0.04s
Ep 1611: len= 39 白胜 loss=25.3715 temp=1.00 total_env_steps=31194 t=0.08s
Ep 1612: len=  8 白胜 loss=25.7956 temp=1.00 total_env_steps=31202 t=0.03s
Ep 1613: len= 22 白胜 loss=25.7110 temp=1.00 total_env_steps=31224 t=0.06s
Ep 1614: len= 13 黑胜 loss=25.6318 temp=1.00 total_env_steps=31237 t=0.04s
Ep 1615: len= 13 黑胜 loss=25.1882 temp=1.00 total_env_steps=31250 t=0.04s
Ep 1616: len= 43 黑胜 loss=25.7003 temp=1.00 total_env_steps=31293 t=0.09s
Ep 1617: len=  4 白胜 loss=25.5784 temp=1.00 total_env_steps=31297 t=0.03s
Ep 1618: len= 28 白胜 loss=25.5705 temp=1.00 total_env_steps=31325 t=0.06s
Ep 1619: len=  9 黑胜 loss=26.3005 temp=1.00 total_env_steps=31334 t=0.03s
Ep 1620: len= 30 白胜 loss=25.4450 temp=1.00 total_env_steps=31364 t=0.08s
Ep 1621: len= 13 黑胜 loss=25.5174 temp=1.00 total_env_steps=31377 t=0.05s
Ep 1622: len=  8 黑胜 loss=25.0427 temp=1.00 total_env_steps=31385 t=0.04s
Ep 1623: len= 13 黑胜 loss=25.3927 temp=1.00 total_env_steps=31398 t=0.05s
Ep 1624: len= 11 黑胜 loss=25.4827 temp=1.00 total_env_steps=31409 t=0.04s
Ep 1625: len= 11 黑胜 loss=25.3459 temp=1.00 total_env_steps=31420 t=0.04s
Ep 1626: len= 11 黑胜 loss=26.0692 temp=1.00 total_env_steps=31431 t=0.04s
Ep 1627: len=  8 黑胜 loss=25.3919 temp=1.00 total_env_steps=31439 t=0.03s
Ep 1628: len= 15 黑胜 loss=25.7275 temp=1.00 total_env_steps=31454 t=0.04s
Ep 1629: len= 15 黑胜 loss=25.5732 temp=1.00 total_env_steps=31469 t=0.04s
Ep 1630: len= 11 黑胜 loss=25.4191 temp=1.00 total_env_steps=31480 t=0.04s
Ep 1631: len=  8 黑胜 loss=25.3769 temp=1.00 total_env_steps=31488 t=0.03s
Ep 1632: len= 15 黑胜 loss=25.0234 temp=1.00 total_env_steps=31503 t=0.04s
Ep 1633: len= 10 黑胜 loss=25.5096 temp=1.00 total_env_steps=31513 t=0.04s
Ep 1634: len= 14 白胜 loss=26.2690 temp=1.00 total_env_steps=31527 t=0.05s
Ep 1635: len= 13 黑胜 loss=25.0307 temp=1.00 total_env_steps=31540 t=0.04s
Ep 1636: len= 13 黑胜 loss=26.0252 temp=1.00 total_env_steps=31553 t=0.04s
Ep 1637: len= 11 黑胜 loss=25.9378 temp=1.00 total_env_steps=31564 t=0.04s
Ep 1638: len=  2 白胜 loss=26.0957 temp=1.00 total_env_steps=31566 t=0.02s
Ep 1639: len= 33 黑胜 loss=25.0312 temp=1.00 total_env_steps=31599 t=0.09s
Ep 1640: len= 15 黑胜 loss=25.1375 temp=1.00 total_env_steps=31614 t=0.05s
Ep 1641: len= 26 白胜 loss=25.5314 temp=1.00 total_env_steps=31640 t=0.07s
Ep 1642: len= 18 白胜 loss=24.6603 temp=1.00 total_env_steps=31658 t=0.06s
Ep 1643: len= 11 黑胜 loss=25.2232 temp=1.00 total_env_steps=31669 t=0.04s
Ep 1644: len= 19 黑胜 loss=25.6402 temp=1.00 total_env_steps=31688 t=0.06s
Ep 1645: len= 15 黑胜 loss=25.2866 temp=1.00 total_env_steps=31703 t=0.05s
Ep 1646: len= 30 白胜 loss=26.0996 temp=1.00 total_env_steps=31733 t=0.08s
Ep 1647: len= 14 白胜 loss=25.5576 temp=1.00 total_env_steps=31747 t=0.05s
Ep 1648: len= 13 黑胜 loss=25.3335 temp=1.00 total_env_steps=31760 t=0.05s
Ep 1649: len= 13 黑胜 loss=25.3797 temp=1.00 total_env_steps=31773 t=0.05s
Ep 1650: len= 24 白胜 loss=25.1900 temp=1.00 total_env_steps=31797 t=0.07s
Ep 1651: len= 16 黑胜 loss=24.9930 temp=1.00 total_env_steps=31813 t=0.06s
Ep 1652: len= 13 黑胜 loss=25.7416 temp=1.00 total_env_steps=31826 t=0.05s
Ep 1653: len= 13 黑胜 loss=25.7470 temp=1.00 total_env_steps=31839 t=0.05s
Ep 1654: len= 15 黑胜 loss=25.5645 temp=1.00 total_env_steps=31854 t=0.05s
Ep 1655: len= 15 黑胜 loss=25.0313 temp=1.00 total_env_steps=31869 t=0.06s
Ep 1656: len= 15 黑胜 loss=25.6106 temp=1.00 total_env_steps=31884 t=0.05s
Ep 1657: len= 11 黑胜 loss=25.4606 temp=1.00 total_env_steps=31895 t=0.05s
Ep 1658: len=  2 黑胜 loss=25.3874 temp=1.00 total_env_steps=31897 t=0.02s
Ep 1659: len= 11 黑胜 loss=25.4542 temp=1.00 total_env_steps=31908 t=0.04s
Ep 1660: len=  4 白胜 loss=25.0372 temp=1.00 total_env_steps=31912 t=0.03s
Ep 1661: len= 19 白胜 loss=25.5244 temp=1.00 total_env_steps=31931 t=0.06s
Ep 1662: len= 13 黑胜 loss=25.3723 temp=1.00 total_env_steps=31944 t=0.05s
Ep 1663: len= 13 黑胜 loss=25.7491 temp=1.00 total_env_steps=31957 t=0.04s
Ep 1664: len= 10 黑胜 loss=25.6966 temp=1.00 total_env_steps=31967 t=0.04s
Ep 1665: len= 21 白胜 loss=25.8858 temp=1.00 total_env_steps=31988 t=0.06s
Ep 1666: len= 15 白胜 loss=25.0434 temp=1.00 total_env_steps=32003 t=0.05s
Ep 1667: len= 15 黑胜 loss=25.2526 temp=1.00 total_env_steps=32018 t=0.05s
Ep 1668: len= 28 白胜 loss=25.8012 temp=1.00 total_env_steps=32046 t=0.07s
Ep 1669: len= 11 黑胜 loss=25.9671 temp=1.00 total_env_steps=32057 t=0.04s
Ep 1670: len= 11 黑胜 loss=25.5336 temp=1.00 total_env_steps=32068 t=0.04s
Ep 1671: len= 26 白胜 loss=24.9318 temp=1.00 total_env_steps=32094 t=0.07s
Ep 1672: len= 13 黑胜 loss=25.4612 temp=1.00 total_env_steps=32107 t=0.04s
Ep 1673: len= 16 黑胜 loss=25.1152 temp=1.00 total_env_steps=32123 t=0.05s
Ep 1674: len= 12 白胜 loss=25.6946 temp=1.00 total_env_steps=32135 t=0.04s
Ep 1675: len=  6 黑胜 loss=26.0059 temp=1.00 total_env_steps=32141 t=0.03s
Ep 1676: len=  6 黑胜 loss=25.7350 temp=1.00 total_env_steps=32147 t=0.03s
Ep 1677: len= 14 白胜 loss=25.8925 temp=1.00 total_env_steps=32161 t=0.04s
Ep 1678: len= 25 黑胜 loss=25.1874 temp=1.00 total_env_steps=32186 t=0.06s
Ep 1679: len= 12 黑胜 loss=25.8627 temp=1.00 total_env_steps=32198 t=0.04s
Ep 1680: len= 13 黑胜 loss=25.6257 temp=1.00 total_env_steps=32211 t=0.05s
Ep 1681: len=  4 黑胜 loss=25.0499 temp=1.00 total_env_steps=32215 t=0.03s
Ep 1682: len= 10 白胜 loss=25.7408 temp=1.00 total_env_steps=32225 t=0.04s
Ep 1683: len= 11 黑胜 loss=25.6216 temp=1.00 total_env_steps=32236 t=0.04s
Ep 1684: len= 25 黑胜 loss=25.3360 temp=1.00 total_env_steps=32261 t=0.07s
Ep 1685: len= 17 黑胜 loss=25.1531 temp=1.00 total_env_steps=32278 t=0.05s
Ep 1686: len= 28 白胜 loss=25.6126 temp=1.00 total_env_steps=32306 t=0.07s
Ep 1687: len= 13 黑胜 loss=26.1445 temp=1.00 total_env_steps=32319 t=0.04s
Ep 1688: len=  2 黑胜 loss=25.4450 temp=1.00 total_env_steps=32321 t=0.02s
Ep 1689: len= 11 黑胜 loss=25.0425 temp=1.00 total_env_steps=32332 t=0.04s
Ep 1690: len=  8 黑胜 loss=25.2458 temp=1.00 total_env_steps=32340 t=0.04s
Ep 1691: len=  9 黑胜 loss=25.2439 temp=1.00 total_env_steps=32349 t=0.04s
Ep 1692: len= 24 黑胜 loss=24.6575 temp=1.00 total_env_steps=32373 t=0.07s
Ep 1693: len= 15 黑胜 loss=26.0265 temp=1.00 total_env_steps=32388 t=0.05s
Ep 1694: len=  2 黑胜 loss=25.4389 temp=1.00 total_env_steps=32390 t=0.02s
Ep 1695: len= 32 白胜 loss=26.1406 temp=1.00 total_env_steps=32422 t=0.07s
Ep 1696: len= 16 白胜 loss=25.5144 temp=1.00 total_env_steps=32438 t=0.04s
Ep 1697: len= 14 白胜 loss=25.6314 temp=1.00 total_env_steps=32452 t=0.04s
Ep 1698: len= 23 黑胜 loss=25.8872 temp=1.00 total_env_steps=32475 t=0.06s
Ep 1699: len=  4 黑胜 loss=25.4433 temp=1.00 total_env_steps=32479 t=0.03s
Ep 1700: len= 13 黑胜 loss=25.1446 temp=1.00 total_env_steps=32492 t=0.04s
Ep 1701: len= 15 黑胜 loss=24.9597 temp=1.00 total_env_steps=32507 t=0.04s
Ep 1702: len= 23 黑胜 loss=25.0096 temp=1.00 total_env_steps=32530 t=0.06s
Ep 1703: len= 15 黑胜 loss=25.8687 temp=1.00 total_env_steps=32545 t=0.04s
Ep 1704: len= 11 黑胜 loss=25.9022 temp=1.00 total_env_steps=32556 t=0.04s
Ep 1705: len= 13 黑胜 loss=24.8144 temp=1.00 total_env_steps=32569 t=0.05s
Ep 1706: len= 12 黑胜 loss=26.0533 temp=1.00 total_env_steps=32581 t=0.04s
Ep 1707: len= 19 黑胜 loss=25.2002 temp=1.00 total_env_steps=32600 t=0.06s
Ep 1708: len= 13 黑胜 loss=25.2023 temp=1.00 total_env_steps=32613 t=0.04s
Ep 1709: len= 11 白胜 loss=25.4847 temp=1.00 total_env_steps=32624 t=0.04s
Ep 1710: len= 12 黑胜 loss=23.9217 temp=1.00 total_env_steps=32636 t=0.04s
Ep 1711: len=  9 黑胜 loss=25.7438 temp=1.00 total_env_steps=32645 t=0.04s
Ep 1712: len=  2 白胜 loss=25.2867 temp=1.00 total_env_steps=32647 t=0.02s
Ep 1713: len=  6 黑胜 loss=24.7547 temp=1.00 total_env_steps=32653 t=0.03s
Ep 1714: len= 11 黑胜 loss=25.9767 temp=1.00 total_env_steps=32664 t=0.04s
Ep 1715: len= 15 黑胜 loss=25.8061 temp=1.00 total_env_steps=32679 t=0.05s
Ep 1716: len= 13 黑胜 loss=24.5763 temp=1.00 total_env_steps=32692 t=0.04s
Ep 1717: len= 10 白胜 loss=25.0941 temp=1.00 total_env_steps=32702 t=0.04s
Ep 1718: len= 20 白胜 loss=25.1154 temp=1.00 total_env_steps=32722 t=0.05s
Ep 1719: len= 10 黑胜 loss=25.5360 temp=1.00 total_env_steps=32732 t=0.04s
Ep 1720: len= 23 黑胜 loss=25.6535 temp=1.00 total_env_steps=32755 t=0.06s
Ep 1721: len=  2 黑胜 loss=25.0290 temp=1.00 total_env_steps=32757 t=0.02s
Ep 1722: len= 13 黑胜 loss=25.3813 temp=1.00 total_env_steps=32770 t=0.04s
Ep 1723: len= 11 黑胜 loss=25.4101 temp=1.00 total_env_steps=32781 t=0.04s
Ep 1724: len= 11 黑胜 loss=25.6728 temp=1.00 total_env_steps=32792 t=0.04s
Ep 1725: len=  2 黑胜 loss=25.1687 temp=1.00 total_env_steps=32794 t=0.02s
Ep 1726: len=  2 黑胜 loss=25.8526 temp=1.00 total_env_steps=32796 t=0.02s
Ep 1727: len= 28 白胜 loss=25.1009 temp=1.00 total_env_steps=32824 t=0.07s
Ep 1728: len= 46 白胜 loss=25.9941 temp=1.00 total_env_steps=32870 t=0.10s
Ep 1729: len= 13 黑胜 loss=25.8776 temp=1.00 total_env_steps=32883 t=0.04s
Ep 1730: len=  4 黑胜 loss=25.1872 temp=1.00 total_env_steps=32887 t=0.02s
Ep 1731: len= 15 黑胜 loss=25.7393 temp=1.00 total_env_steps=32902 t=0.05s
Ep 1732: len= 15 黑胜 loss=24.7450 temp=1.00 total_env_steps=32917 t=0.04s
Ep 1733: len=  9 黑胜 loss=25.4822 temp=1.00 total_env_steps=32926 t=0.04s
Ep 1734: len= 33 黑胜 loss=24.3159 temp=1.00 total_env_steps=32959 t=0.07s
Ep 1735: len= 13 黑胜 loss=25.8414 temp=1.00 total_env_steps=32972 t=0.04s
Ep 1736: len= 13 黑胜 loss=25.4654 temp=1.00 total_env_steps=32985 t=0.04s
Ep 1737: len=  4 白胜 loss=26.1488 temp=1.00 total_env_steps=32989 t=0.03s
Ep 1738: len=  4 黑胜 loss=25.0970 temp=1.00 total_env_steps=32993 t=0.02s
Ep 1739: len=  4 白胜 loss=24.8364 temp=1.00 total_env_steps=32997 t=0.03s
Ep 1740: len= 13 黑胜 loss=25.1370 temp=1.00 total_env_steps=33010 t=0.04s
Ep 1741: len= 10 黑胜 loss=24.8176 temp=1.00 total_env_steps=33020 t=0.03s
Ep 1742: len= 26 白胜 loss=25.5648 temp=1.00 total_env_steps=33046 t=0.07s
Ep 1743: len=  4 黑胜 loss=24.8049 temp=1.00 total_env_steps=33050 t=0.02s
Ep 1744: len=  2 黑胜 loss=25.2295 temp=1.00 total_env_steps=33052 t=0.02s
Ep 1745: len= 36 白胜 loss=24.3557 temp=1.00 total_env_steps=33088 t=0.08s
Ep 1746: len=  8 白胜 loss=24.4483 temp=1.00 total_env_steps=33096 t=0.03s
Ep 1747: len= 44 白胜 loss=24.4773 temp=1.00 total_env_steps=33140 t=0.10s
Ep 1748: len= 11 黑胜 loss=24.7822 temp=1.00 total_env_steps=33151 t=0.04s
Ep 1749: len= 25 黑胜 loss=25.0003 temp=1.00 total_env_steps=33176 t=0.06s
Ep 1750: len= 13 黑胜 loss=25.5860 temp=1.00 total_env_steps=33189 t=0.04s
Ep 1751: len=  2 白胜 loss=25.6315 temp=1.00 total_env_steps=33191 t=0.02s
Ep 1752: len= 29 黑胜 loss=25.3369 temp=1.00 total_env_steps=33220 t=0.07s
Ep 1753: len=  9 白胜 loss=25.1911 temp=1.00 total_env_steps=33229 t=0.03s
Ep 1754: len= 23 黑胜 loss=26.0715 temp=1.00 total_env_steps=33252 t=0.06s
Ep 1755: len= 25 白胜 loss=24.7054 temp=1.00 total_env_steps=33277 t=0.07s
Ep 1756: len=  6 白胜 loss=25.3930 temp=1.00 total_env_steps=33283 t=0.03s
Ep 1757: len=  2 白胜 loss=25.4619 temp=1.00 total_env_steps=33285 t=0.02s
Ep 1758: len= 47 黑胜 loss=24.7429 temp=1.00 total_env_steps=33332 t=0.10s
Ep 1759: len= 15 黑胜 loss=25.5682 temp=1.00 total_env_steps=33347 t=0.04s
Ep 1760: len=  2 黑胜 loss=25.5300 temp=1.00 total_env_steps=33349 t=0.02s
Ep 1761: len= 19 黑胜 loss=25.6546 temp=1.00 total_env_steps=33368 t=0.05s
Ep 1762: len= 33 黑胜 loss=25.9878 temp=1.00 total_env_steps=33401 t=0.08s
Ep 1763: len= 11 黑胜 loss=25.1375 temp=1.00 total_env_steps=33412 t=0.04s
Ep 1764: len= 43 黑胜 loss=25.3655 temp=1.00 total_env_steps=33455 t=0.10s
Ep 1765: len= 15 黑胜 loss=25.3542 temp=1.00 total_env_steps=33470 t=0.04s
Ep 1766: len= 15 黑胜 loss=26.1256 temp=1.00 total_env_steps=33485 t=0.05s
Ep 1767: len= 15 黑胜 loss=25.3405 temp=1.00 total_env_steps=33500 t=0.04s
Ep 1768: len= 15 黑胜 loss=24.9551 temp=1.00 total_env_steps=33515 t=0.04s
Ep 1769: len= 31 白胜 loss=25.7934 temp=1.00 total_env_steps=33546 t=0.07s
Ep 1770: len= 11 黑胜 loss=25.2460 temp=1.00 total_env_steps=33557 t=0.04s
Ep 1771: len= 12 黑胜 loss=25.0706 temp=1.00 total_env_steps=33569 t=0.04s
Ep 1772: len= 13 黑胜 loss=25.5767 temp=1.00 total_env_steps=33582 t=0.04s
Ep 1773: len=  4 黑胜 loss=25.7729 temp=1.00 total_env_steps=33586 t=0.03s
Ep 1774: len= 15 黑胜 loss=25.4907 temp=1.00 total_env_steps=33601 t=0.04s
Ep 1775: len=  2 黑胜 loss=25.3858 temp=1.00 total_env_steps=33603 t=0.02s
Ep 1776: len= 20 白胜 loss=25.4843 temp=1.00 total_env_steps=33623 t=0.05s
Ep 1777: len= 13 黑胜 loss=25.1087 temp=1.00 total_env_steps=33636 t=0.04s
Ep 1778: len= 12 白胜 loss=25.3006 temp=1.00 total_env_steps=33648 t=0.04s
Ep 1779: len= 15 黑胜 loss=25.3782 temp=1.00 total_env_steps=33663 t=0.04s
Ep 1780: len=  4 黑胜 loss=25.4831 temp=1.00 total_env_steps=33667 t=0.02s
Ep 1781: len= 21 黑胜 loss=26.1558 temp=1.00 total_env_steps=33688 t=0.05s
Ep 1782: len= 29 黑胜 loss=24.8945 temp=1.00 total_env_steps=33717 t=0.07s
Ep 1783: len=  2 白胜 loss=25.1909 temp=1.00 total_env_steps=33719 t=0.02s
Ep 1784: len=  9 黑胜 loss=25.7829 temp=1.00 total_env_steps=33728 t=0.03s
Ep 1785: len= 13 黑胜 loss=25.3263 temp=1.00 total_env_steps=33741 t=0.04s
Ep 1786: len= 13 黑胜 loss=25.4000 temp=1.00 total_env_steps=33754 t=0.04s
Ep 1787: len= 35 黑胜 loss=25.1606 temp=1.00 total_env_steps=33789 t=0.08s
Ep 1788: len=  4 黑胜 loss=25.2548 temp=1.00 total_env_steps=33793 t=0.03s
Ep 1789: len= 15 黑胜 loss=25.5881 temp=1.00 total_env_steps=33808 t=0.05s
Ep 1790: len= 24 白胜 loss=24.9774 temp=1.00 total_env_steps=33832 t=0.06s
Ep 1791: len=  2 白胜 loss=24.7498 temp=1.00 total_env_steps=33834 t=0.02s
Ep 1792: len= 13 黑胜 loss=24.7890 temp=1.00 total_env_steps=33847 t=0.04s
Ep 1793: len=  2 白胜 loss=24.7307 temp=1.00 total_env_steps=33849 t=0.02s
Ep 1794: len= 13 黑胜 loss=25.2943 temp=1.00 total_env_steps=33862 t=0.04s
Ep 1795: len= 53 黑胜 loss=25.4621 temp=1.00 total_env_steps=33915 t=0.11s
Ep 1796: len= 11 黑胜 loss=24.8125 temp=1.00 total_env_steps=33926 t=0.04s
Ep 1797: len=  2 白胜 loss=25.5630 temp=1.00 total_env_steps=33928 t=0.02s
Ep 1798: len=  8 白胜 loss=25.3831 temp=1.00 total_env_steps=33936 t=0.04s
Ep 1799: len= 24 白胜 loss=24.8046 temp=1.00 total_env_steps=33960 t=0.07s
Ep 1800: len= 13 黑胜 loss=25.5040 temp=1.00 total_env_steps=33973 t=0.04s
  eval vs Gomoku-random-v0: win_rate=1.00 mean_return=1.00（20 局，total_env_steps=33973）
Ep 1801: len= 21 黑胜 loss=25.4494 temp=1.00 total_env_steps=33994 t=0.06s
Ep 1802: len= 15 黑胜 loss=23.9963 temp=1.00 total_env_steps=34009 t=0.05s
Ep 1803: len=  9 黑胜 loss=25.2985 temp=1.00 total_env_steps=34018 t=0.04s
Ep 1804: len= 12 黑胜 loss=25.6688 temp=1.00 total_env_steps=34030 t=0.04s
Ep 1805: len=  2 白胜 loss=24.6656 temp=1.00 total_env_steps=34032 t=0.02s
Ep 1806: len=  4 白胜 loss=24.9631 temp=1.00 total_env_steps=34036 t=0.02s
Ep 1807: len= 11 黑胜 loss=25.3540 temp=1.00 total_env_steps=34047 t=0.04s
Ep 1808: len= 14 白胜 loss=25.5620 temp=1.00 total_env_steps=34061 t=0.04s
Ep 1809: len=  2 白胜 loss=25.3266 temp=1.00 total_env_steps=34063 t=0.02s
Ep 1810: len=  8 黑胜 loss=25.2693 temp=1.00 total_env_steps=34071 t=0.03s
Ep 1811: len=  2 白胜 loss=25.9362 temp=1.00 total_env_steps=34073 t=0.02s
Ep 1812: len= 33 黑胜 loss=25.3812 temp=1.00 total_env_steps=34106 t=0.08s
Ep 1813: len= 13 黑胜 loss=26.0548 temp=1.00 total_env_steps=34119 t=0.04s
Ep 1814: len=  4 黑胜 loss=24.7547 temp=1.00 total_env_steps=34123 t=0.03s
Ep 1815: len= 11 黑胜 loss=25.6224 temp=1.00 total_env_steps=34134 t=0.04s
Ep 1816: len= 13 黑胜 loss=25.0659 temp=1.00 total_env_steps=34147 t=0.04s
Ep 1817: len= 12 白胜 loss=25.2032 temp=1.00 total_env_steps=34159 t=0.04s
Ep 1818: len= 15 黑胜 loss=25.3463 temp=1.00 total_env_steps=34174 t=0.05s
Ep 1819: len=  9 黑胜 loss=24.9697 temp=1.00 total_env_steps=34183 t=0.03s
Ep 1820: len= 13 黑胜 loss=25.5410 temp=1.00 total_env_steps=34196 t=0.04s
Ep 1821: len= 11 黑胜 loss=25.6611 temp=1.00 total_env_steps=34207 t=0.04s
Ep 1822: len= 29 黑胜 loss=24.9518 temp=1.00 total_env_steps=34236 t=0.07s
Ep 1823: len= 14 白胜 loss=24.7778 temp=1.00 total_env_steps=34250 t=0.04s
Ep 1824: len= 15 黑胜 loss=25.4799 temp=1.00 total_env_steps=34265 t=0.05s
Ep 1825: len= 15 黑胜 loss=25.4321 temp=1.00 total_env_steps=34280 t=0.04s
Ep 1826: len= 14 白胜 loss=25.4922 temp=1.00 total_env_steps=34294 t=0.04s
Ep 1827: len= 37 黑胜 loss=25.0111 temp=1.00 total_env_steps=34331 t=0.08s
Ep 1828: len= 44 白胜 loss=25.6787 temp=1.00 total_env_steps=34375 t=0.09s
Ep 1829: len= 11 黑胜 loss=25.7337 temp=1.00 total_env_steps=34386 t=0.04s
Ep 1830: len=  2 黑胜 loss=25.2006 temp=1.00 total_env_steps=34388 t=0.02s
Ep 1831: len=  2 黑胜 loss=26.1418 temp=1.00 total_env_steps=34390 t=0.02s
Ep 1832: len= 13 黑胜 loss=25.3418 temp=1.00 total_env_steps=34403 t=0.04s
Ep 1833: len= 15 黑胜 loss=25.4368 temp=1.00 total_env_steps=34418 t=0.05s
Ep 1834: len= 17 黑胜 loss=25.8299 temp=1.00 total_env_steps=34435 t=0.05s
Ep 1835: len=  8 黑胜 loss=25.3353 temp=1.00 total_env_steps=34443 t=0.03s
Ep 1836: len= 22 白胜 loss=25.4333 temp=1.00 total_env_steps=34465 t=0.05s
Ep 1837: len= 15 黑胜 loss=25.0294 temp=1.00 total_env_steps=34480 t=0.05s
Ep 1838: len= 15 黑胜 loss=24.9874 temp=1.00 total_env_steps=34495 t=0.05s
Ep 1839: len=  2 黑胜 loss=25.9551 temp=1.00 total_env_steps=34497 t=0.02s
Ep 1840: len= 15 黑胜 loss=25.1577 temp=1.00 total_env_steps=34512 t=0.05s
Ep 1841: len= 14 黑胜 loss=25.0440 temp=1.00 total_env_steps=34526 t=0.05s
Ep 1842: len= 11 黑胜 loss=25.4321 temp=1.00 total_env_steps=34537 t=0.05s
Ep 1843: len= 20 白胜 loss=24.4428 temp=1.00 total_env_steps=34557 t=0.06s
Ep 1844: len= 10 黑胜 loss=24.8033 temp=1.00 total_env_steps=34567 t=0.04s
Ep 1845: len= 17 黑胜 loss=25.0655 temp=1.00 total_env_steps=34584 t=0.06s
Ep 1846: len= 13 黑胜 loss=25.1994 temp=1.00 total_env_steps=34597 t=0.04s
Ep 1847: len= 15 黑胜 loss=25.7006 temp=1.00 total_env_steps=34612 t=0.05s
Ep 1848: len= 16 白胜 loss=25.2653 temp=1.00 total_env_steps=34628 t=0.05s
Ep 1849: len= 13 黑胜 loss=25.4215 temp=1.00 total_env_steps=34641 t=0.05s
Ep 1850: len= 21 黑胜 loss=25.5285 temp=1.00 total_env_steps=34662 t=0.06s
Ep 1851: len=  9 黑胜 loss=24.9098 temp=1.00 total_env_steps=34671 t=0.04s
Ep 1852: len= 17 黑胜 loss=24.9783 temp=1.00 total_env_steps=34688 t=0.05s
Ep 1853: len= 15 黑胜 loss=24.6967 temp=1.00 total_env_steps=34703 t=0.05s
Ep 1854: len=  2 白胜 loss=25.4596 temp=1.00 total_env_steps=34705 t=0.02s
Ep 1855: len= 15 黑胜 loss=25.0598 temp=1.00 total_env_steps=34720 t=0.05s
Ep 1856: len= 11 黑胜 loss=25.4258 temp=1.00 total_env_steps=34731 t=0.04s
Ep 1857: len=  8 白胜 loss=24.6383 temp=1.00 total_env_steps=34739 t=0.03s
Ep 1858: len=  4 白胜 loss=24.5292 temp=1.00 total_env_steps=34743 t=0.03s
Ep 1859: len= 15 黑胜 loss=24.5023 temp=1.00 total_env_steps=34758 t=0.05s
Ep 1860: len= 11 黑胜 loss=24.9737 temp=1.00 total_env_steps=34769 t=0.04s
Ep 1861: len= 11 黑胜 loss=25.4952 temp=1.00 total_env_steps=34780 t=0.04s
Ep 1862: len=  8 黑胜 loss=24.1855 temp=1.00 total_env_steps=34788 t=0.04s
Ep 1863: len= 13 黑胜 loss=25.1217 temp=1.00 total_env_steps=34801 t=0.04s
Ep 1864: len= 13 黑胜 loss=25.1160 temp=1.00 total_env_steps=34814 t=0.04s
Ep 1865: len= 17 黑胜 loss=25.6863 temp=1.00 total_env_steps=34831 t=0.05s
Ep 1866: len= 13 黑胜 loss=25.1686 temp=1.00 total_env_steps=34844 t=0.05s
Ep 1867: len= 13 白胜 loss=25.2238 temp=1.00 total_env_steps=34857 t=0.04s
Ep 1868: len=  9 黑胜 loss=25.6004 temp=1.00 total_env_steps=34866 t=0.04s
Ep 1869: len= 11 黑胜 loss=24.9603 temp=1.00 total_env_steps=34877 t=0.04s
Ep 1870: len= 10 白胜 loss=24.9247 temp=1.00 total_env_steps=34887 t=0.04s
Ep 1871: len= 11 黑胜 loss=25.1058 temp=1.00 total_env_steps=34898 t=0.04s
Ep 1872: len= 11 黑胜 loss=24.1442 temp=1.00 total_env_steps=34909 t=0.04s
Ep 1873: len=  9 黑胜 loss=24.1368 temp=1.00 total_env_steps=34918 t=0.03s
Ep 1874: len= 19 黑胜 loss=24.5316 temp=1.00 total_env_steps=34937 t=0.05s
Ep 1875: len= 10 白胜 loss=24.8918 temp=1.00 total_env_steps=34947 t=0.04s
Ep 1876: len=  2 黑胜 loss=24.6412 temp=1.00 total_env_steps=34949 t=0.02s
Ep 1877: len= 12 黑胜 loss=24.6735 temp=1.00 total_env_steps=34961 t=0.04s
Ep 1878: len= 13 黑胜 loss=25.1019 temp=1.00 total_env_steps=34974 t=0.05s
Ep 1879: len=  9 黑胜 loss=25.1964 temp=1.00 total_env_steps=34983 t=0.04s
Ep 1880: len= 13 黑胜 loss=24.6589 temp=1.00 total_env_steps=34996 t=0.04s
Ep 1881: len= 15 黑胜 loss=24.9432 temp=1.00 total_env_steps=35011 t=0.05s
Ep 1882: len= 20 黑胜 loss=24.5640 temp=1.00 total_env_steps=35031 t=0.05s
Ep 1883: len=  4 黑胜 loss=24.7880 temp=1.00 total_env_steps=35035 t=0.03s
Ep 1884: len= 13 黑胜 loss=25.3587 temp=1.00 total_env_steps=35048 t=0.05s
Ep 1885: len= 18 黑胜 loss=24.6310 temp=1.00 total_env_steps=35066 t=0.05s
Ep 1886: len=  9 黑胜 loss=24.3958 temp=1.00 total_env_steps=35075 t=0.04s
Ep 1887: len=  9 黑胜 loss=25.1128 temp=1.00 total_env_steps=35084 t=0.03s
Ep 1888: len= 15 黑胜 loss=24.8057 temp=1.00 total_env_steps=35099 t=0.05s
Ep 1889: len= 11 黑胜 loss=23.9245 temp=1.00 total_env_steps=35110 t=0.04s
Ep 1890: len=  9 黑胜 loss=23.7518 temp=1.00 total_env_steps=35119 t=0.03s
Ep 1891: len= 30 白胜 loss=24.7200 temp=1.00 total_env_steps=35149 t=0.07s
Ep 1892: len= 15 黑胜 loss=24.5128 temp=1.00 total_env_steps=35164 t=0.04s
Ep 1893: len=  2 黑胜 loss=25.1323 temp=1.00 total_env_steps=35166 t=0.02s
Ep 1894: len= 27 白胜 loss=24.2675 temp=1.00 total_env_steps=35193 t=0.06s
Ep 1895: len= 14 白胜 loss=24.1057 temp=1.00 total_env_steps=35207 t=0.04s
Ep 1896: len=  8 白胜 loss=24.5273 temp=1.00 total_env_steps=35215 t=0.03s
Ep 1897: len= 28 黑胜 loss=24.7296 temp=1.00 total_env_steps=35243 t=0.07s
Ep 1898: len= 19 黑胜 loss=24.8646 temp=1.00 total_env_steps=35262 t=0.05s
Ep 1899: len= 13 黑胜 loss=25.0122 temp=1.00 total_env_steps=35275 t=0.04s
Ep 1900: len=  2 白胜 loss=25.1586 temp=1.00 total_env_steps=35277 t=0.02s
Ep 1901: len= 14 黑胜 loss=24.4932 temp=1.00 total_env_steps=35291 t=0.04s
Ep 1902: len= 15 黑胜 loss=24.1701 temp=1.00 total_env_steps=35306 t=0.05s
Ep 1903: len= 15 黑胜 loss=24.5831 temp=1.00 total_env_steps=35321 t=0.04s
Ep 1904: len=  4 白胜 loss=25.2585 temp=1.00 total_env_steps=35325 t=0.03s
Ep 1905: len= 15 黑胜 loss=24.0526 temp=1.00 total_env_steps=35340 t=0.05s
Ep 1906: len= 11 黑胜 loss=24.1212 temp=1.00 total_env_steps=35351 t=0.04s
Ep 1907: len= 37 黑胜 loss=25.3989 temp=1.00 total_env_steps=35388 t=0.08s
Ep 1908: len=  9 黑胜 loss=25.0029 temp=1.00 total_env_steps=35397 t=0.03s
Ep 1909: len= 13 黑胜 loss=25.0736 temp=1.00 total_env_steps=35410 t=0.04s
Ep 1910: len= 33 黑胜 loss=24.0080 temp=1.00 total_env_steps=35443 t=0.09s
Ep 1911: len= 15 黑胜 loss=25.0498 temp=1.00 total_env_steps=35458 t=0.04s
Ep 1912: len=  2 白胜 loss=24.1197 temp=1.00 total_env_steps=35460 t=0.02s
Ep 1913: len= 24 白胜 loss=24.2688 temp=1.00 total_env_steps=35484 t=0.06s
Ep 1914: len= 14 白胜 loss=25.1352 temp=1.00 total_env_steps=35498 t=0.04s
Ep 1915: len= 17 黑胜 loss=23.8799 temp=1.00 total_env_steps=35515 t=0.05s
Ep 1916: len=  2 黑胜 loss=24.9513 temp=1.00 total_env_steps=35517 t=0.02s
Ep 1917: len= 11 黑胜 loss=24.9844 temp=1.00 total_env_steps=35528 t=0.04s
Ep 1918: len= 11 黑胜 loss=24.5332 temp=1.00 total_env_steps=35539 t=0.04s
Ep 1919: len= 17 黑胜 loss=25.2246 temp=1.00 total_env_steps=35556 t=0.05s
Ep 1920: len= 15 黑胜 loss=25.1044 temp=1.00 total_env_steps=35571 t=0.04s
Ep 1921: len=  2 黑胜 loss=24.7525 temp=1.00 total_env_steps=35573 t=0.02s
Ep 1922: len=  2 黑胜 loss=24.7970 temp=1.00 total_env_steps=35575 t=0.02s
Ep 1923: len= 23 白胜 loss=24.9599 temp=1.00 total_env_steps=35598 t=0.06s
Ep 1924: len= 15 黑胜 loss=25.1212 temp=1.00 total_env_steps=35613 t=0.04s
Ep 1925: len= 11 黑胜 loss=24.0292 temp=1.00 total_env_steps=35624 t=0.04s
Ep 1926: len= 15 黑胜 loss=24.4408 temp=1.00 total_env_steps=35639 t=0.05s
Ep 1927: len= 13 黑胜 loss=24.4465 temp=1.00 total_env_steps=35652 t=0.04s
Ep 1928: len= 10 白胜 loss=24.1849 temp=1.00 total_env_steps=35662 t=0.04s
Ep 1929: len= 11 黑胜 loss=24.1986 temp=1.00 total_env_steps=35673 t=0.04s
Ep 1930: len= 15 黑胜 loss=24.5220 temp=1.00 total_env_steps=35688 t=0.04s
Ep 1931: len= 15 黑胜 loss=24.5970 temp=1.00 total_env_steps=35703 t=0.04s
Ep 1932: len= 15 白胜 loss=24.8521 temp=1.00 total_env_steps=35718 t=0.05s
Ep 1933: len=  2 黑胜 loss=25.0025 temp=1.00 total_env_steps=35720 t=0.03s
Ep 1934: len= 15 白胜 loss=24.6878 temp=1.00 total_env_steps=35735 t=0.05s
Ep 1935: len= 11 黑胜 loss=24.8253 temp=1.00 total_env_steps=35746 t=0.04s
Ep 1936: len= 15 黑胜 loss=24.5593 temp=1.00 total_env_steps=35761 t=0.04s
Ep 1937: len= 14 白胜 loss=24.1979 temp=1.00 total_env_steps=35775 t=0.04s
Ep 1938: len= 20 黑胜 loss=24.4030 temp=1.00 total_env_steps=35795 t=0.05s
Ep 1939: len=  2 黑胜 loss=25.3936 temp=1.00 total_env_steps=35797 t=0.02s
Ep 1940: len=  2 黑胜 loss=24.8385 temp=1.00 total_env_steps=35799 t=0.02s
Ep 1941: len= 15 黑胜 loss=24.2570 temp=1.00 total_env_steps=35814 t=0.05s
Ep 1942: len= 17 黑胜 loss=24.0251 temp=1.00 total_env_steps=35831 t=0.05s
Ep 1943: len=  2 白胜 loss=24.7027 temp=1.00 total_env_steps=35833 t=0.02s
Ep 1944: len=  2 白胜 loss=24.4764 temp=1.00 total_env_steps=35835 t=0.03s
Ep 1945: len= 15 黑胜 loss=24.8105 temp=1.00 total_env_steps=35850 t=0.05s
Ep 1946: len= 28 白胜 loss=24.7820 temp=1.00 total_env_steps=35878 t=0.08s
Ep 1947: len= 15 黑胜 loss=24.5353 temp=1.00 total_env_steps=35893 t=0.06s
Ep 1948: len= 36 白胜 loss=25.1651 temp=1.00 total_env_steps=35929 t=0.11s
Ep 1949: len= 17 黑胜 loss=25.0766 temp=1.00 total_env_steps=35946 t=0.06s
Ep 1950: len= 11 黑胜 loss=24.9925 temp=1.00 total_env_steps=35957 t=0.04s
Ep 1951: len= 15 黑胜 loss=24.5710 temp=1.00 total_env_steps=35972 t=0.05s
Ep 1952: len= 10 黑胜 loss=24.1302 temp=1.00 total_env_steps=35982 t=0.04s
Ep 1953: len= 13 黑胜 loss=24.6262 temp=1.00 total_env_steps=35995 t=0.04s
Ep 1954: len=  4 黑胜 loss=24.9674 temp=1.00 total_env_steps=35999 t=0.04s
Ep 1955: len= 13 黑胜 loss=24.7583 temp=1.00 total_env_steps=36012 t=0.05s
Ep 1956: len= 13 黑胜 loss=24.2403 temp=1.00 total_env_steps=36025 t=0.04s
Ep 1957: len= 15 黑胜 loss=24.5181 temp=1.00 total_env_steps=36040 t=0.05s
Ep 1958: len= 12 黑胜 loss=24.0264 temp=1.00 total_env_steps=36052 t=0.04s
Ep 1959: len=  8 黑胜 loss=24.4603 temp=1.00 total_env_steps=36060 t=0.03s
Ep 1960: len= 24 白胜 loss=24.1884 temp=1.00 total_env_steps=36084 t=0.06s
Ep 1961: len= 11 黑胜 loss=24.2073 temp=1.00 total_env_steps=36095 t=0.04s
Ep 1962: len= 13 黑胜 loss=25.0189 temp=1.00 total_env_steps=36108 t=0.05s
Ep 1963: len= 15 黑胜 loss=24.5789 temp=1.00 total_env_steps=36123 t=0.05s
Ep 1964: len= 13 黑胜 loss=24.7615 temp=1.00 total_env_steps=36136 t=0.04s
Ep 1965: len= 15 黑胜 loss=24.2793 temp=1.00 total_env_steps=36151 t=0.04s
Ep 1966: len=  6 白胜 loss=24.3967 temp=1.00 total_env_steps=36157 t=0.03s
Ep 1967: len= 13 黑胜 loss=25.0427 temp=1.00 total_env_steps=36170 t=0.04s
Ep 1968: len= 13 黑胜 loss=24.6652 temp=1.00 total_env_steps=36183 t=0.04s
Ep 1969: len=  4 白胜 loss=24.3107 temp=1.00 total_env_steps=36187 t=0.03s
Ep 1970: len=  8 白胜 loss=24.9663 temp=1.00 total_env_steps=36195 t=0.04s
Ep 1971: len= 13 黑胜 loss=23.8421 temp=1.00 total_env_steps=36208 t=0.04s
Ep 1972: len= 39 黑胜 loss=24.9449 temp=1.00 total_env_steps=36247 t=0.09s
Ep 1973: len= 17 黑胜 loss=24.3564 temp=1.00 total_env_steps=36264 t=0.05s
Ep 1974: len= 29 黑胜 loss=25.0111 temp=1.00 total_env_steps=36293 t=0.07s
Ep 1975: len= 20 白胜 loss=24.0375 temp=1.00 total_env_steps=36313 t=0.06s
Ep 1976: len= 10 黑胜 loss=24.6242 temp=1.00 total_env_steps=36323 t=0.04s
Ep 1977: len=  2 黑胜 loss=24.3882 temp=1.00 total_env_steps=36325 t=0.02s
Ep 1978: len= 30 白胜 loss=24.6042 temp=1.00 total_env_steps=36355 t=0.07s
Ep 1979: len= 11 黑胜 loss=24.0627 temp=1.00 total_env_steps=36366 t=0.04s
Ep 1980: len= 11 黑胜 loss=24.2496 temp=1.00 total_env_steps=36377 t=0.04s
Ep 1981: len= 17 黑胜 loss=24.8495 temp=1.00 total_env_steps=36394 t=0.05s
Ep 1982: len= 15 黑胜 loss=24.1830 temp=1.00 total_env_steps=36409 t=0.05s
Ep 1983: len= 13 黑胜 loss=23.5403 temp=1.00 total_env_steps=36422 t=0.04s
Ep 1984: len= 11 黑胜 loss=24.0512 temp=1.00 total_env_steps=36433 t=0.04s
Ep 1985: len= 13 白胜 loss=23.7795 temp=1.00 total_env_steps=36446 t=0.04s
Ep 1986: len= 15 黑胜 loss=24.7011 temp=1.00 total_env_steps=36461 t=0.05s
Ep 1987: len= 10 白胜 loss=24.9662 temp=1.00 total_env_steps=36471 t=0.04s
Ep 1988: len=  9 黑胜 loss=25.0963 temp=1.00 total_env_steps=36480 t=0.03s
Ep 1989: len= 11 黑胜 loss=23.9728 temp=1.00 total_env_steps=36491 t=0.04s
Ep 1990: len=  4 黑胜 loss=24.8927 temp=1.00 total_env_steps=36495 t=0.03s
Ep 1991: len= 10 黑胜 loss=24.7553 temp=1.00 total_env_steps=36505 t=0.04s
Ep 1992: len=  2 白胜 loss=24.4279 temp=1.00 total_env_steps=36507 t=0.02s
Ep 1993: len= 13 黑胜 loss=25.1523 temp=1.00 total_env_steps=36520 t=0.04s
Ep 1994: len=  6 白胜 loss=23.9545 temp=1.00 total_env_steps=36526 t=0.03s
Ep 1995: len= 11 黑胜 loss=24.3767 temp=1.00 total_env_steps=36537 t=0.04s
Ep 1996: len= 13 黑胜 loss=24.5895 temp=1.00 total_env_steps=36550 t=0.05s
Ep 1997: len= 13 黑胜 loss=23.8431 temp=1.00 total_env_steps=36563 t=0.05s
Ep 1998: len= 15 黑胜 loss=23.8173 temp=1.00 total_env_steps=36578 t=0.05s
Ep 1999: len= 13 黑胜 loss=24.1114 temp=1.00 total_env_steps=36591 t=0.05s
Ep 2000: len= 11 黑胜 loss=25.2904 temp=1.00 total_env_steps=36602 t=0.04s
  eval vs Gomoku-random-v0: win_rate=1.00 mean_return=1.00（20 局，total_env_steps=36602）
[闸门] vs random（40 局）: win_rate=1.000
[闸门] vs 半程快照（40 局，黑白各半）: score=0.550
[梯队] vs naive0（20 局，观察性）: win_rate=0.55
[梯队] vs naive1（20 局，观察性）: win_rate=0.25
[梯队] vs naive2（20 局，观察性）: win_rate=0.05
[梯队] vs naive3（20 局，观察性）: win_rate=0.00
📈 Gomoku-selfplay-v0 win_rate=1.00（best 1.00）| 门槛 0.95 | 113.1s

--- M3 arm=open_three_additive 汇总（base 对照见 bench 头注释）---
  seed=42 vs_random=1.000 vs_snapshot=0.600 | 梯队 naive0=0.45 naive1=0.05 naive2=0.00 naive3=0.00 | env_steps=36982 wall=192s
  seed=43 vs_random=1.000 vs_snapshot=0.400 | 梯队 naive0=0.35 naive1=0.05 naive2=0.00 naive3=0.00 | env_steps=44800 wall=198s
  seed=44 vs_random=1.000 vs_snapshot=0.550 | 梯队 naive0=0.55 naive1=0.25 naive2=0.05 naive3=0.00 | env_steps=36602 wall=113s
ok

test result: ok. 1 passed; 0 failed; 0 ignored; 0 measured; 3447 filtered out; finished in 503.16s

     Running tests\cse_dedup.rs (target\release\deps\cse_dedup-7a657e998c2a0176.exe)

running 0 tests

test result: ok. 0 passed; 0 failed; 0 ignored; 0 measured; 1 filtered out; finished in 0.00s

     Running tests\mode_invariants.rs (target\release\deps\mode_invariants-12496c59841ba5c8.exe)

running 0 tests

test result: ok. 0 passed; 0 failed; 0 ignored; 0 measured; 9 filtered out; finished in 0.00s

     Running tests\onnx_otm_load_bench.rs (target\release\deps\onnx_otm_load_bench-39da60dd6dcd2511.exe)

running 0 tests

test result: ok. 0 passed; 0 failed; 0 ignored; 0 measured; 1 filtered out; finished in 0.00s

     Running tests\yolov5_xiangqi_import.rs (target\release\deps\yolov5_xiangqi_import-5a55f6b67c0e8a85.exe)

running 0 tests

test result: ok. 0 passed; 0 failed; 0 ignored; 0 measured; 6 filtered out; finished in 0.00s

