   Compiling only_torch v0.25.0 (D:\DATA\BaiduSyncdisk\project\personal\only_torch)
    Finished `release` profile [optimized] target(s) in 1m 21s
     Running unittests src\lib.rs (target\release\deps\only_torch-45d502c1e61c3f90.exe)

running 1 test
test rl::algo::my_zero::tests::gomoku_m3_bench::gomoku_naive0_open_three_course ... 
--- arm=open_three_course seed=42 sims=100 ---
[MyZero-board Gomoku-selfplay-v0] obs=243(3×9²) |A|=81 sims=100 γ=1.0 negamax
[MyZero-board] 8 重对称增广开启（D4，采样时随机套变换）
[MyZero-board] 树内真规则开启（AlphaZero 式诊断；训练侧不变）
[MyZero-board] 战术开局课程开启（p=0.25，必挡局面前缀；eval 不受影响）
Ep    1: len= 40 白胜 loss=0.0000 temp=1.00 total_env_steps=40 t=0.13s
Ep    2: len= 61 黑胜 loss=0.0000 temp=1.00 total_env_steps=101 t=0.17s
Ep    3: len= 33 黑胜 loss=0.0000 temp=1.00 total_env_steps=134 t=0.10s
Ep    4: len= 39 白胜 loss=0.0000 temp=1.00 total_env_steps=173 t=0.10s
Ep    5: len= 21 白胜 loss=0.0000 temp=1.00 total_env_steps=194 t=0.06s
Ep    6: len= 37 黑胜 loss=0.0000 temp=1.00 total_env_steps=231 t=0.10s
Ep    7: len= 27 黑胜 loss=0.0000 temp=1.00 total_env_steps=258 t=0.07s
Ep    8: len= 30 白胜 loss=0.0000 temp=1.00 total_env_steps=288 t=0.08s
Ep    9: len= 37 黑胜 loss=0.0000 temp=1.00 total_env_steps=325 t=0.09s
Ep   10: len= 40 白胜 loss=36.9363 temp=1.00 total_env_steps=365 t=0.12s
Ep   11: len=  2 白胜 loss=30.5209 temp=1.00 total_env_steps=367 t=0.02s
Ep   12: len= 41 黑胜 loss=29.1236 temp=1.00 total_env_steps=408 t=0.13s
Ep   13: len= 28 白胜 loss=29.1356 temp=1.00 total_env_steps=436 t=0.10s
Ep   14: len= 34 黑胜 loss=29.0702 temp=1.00 total_env_steps=470 t=0.11s
Ep   15: len= 29 黑胜 loss=29.0208 temp=1.00 total_env_steps=499 t=0.10s
Ep   16: len= 24 白胜 loss=28.6533 temp=1.00 total_env_steps=523 t=0.08s
Ep   17: len= 21 黑胜 loss=28.4751 temp=1.00 total_env_steps=544 t=0.08s
Ep   18: len= 30 白胜 loss=28.7977 temp=1.00 total_env_steps=574 t=0.10s
Ep   19: len= 31 白胜 loss=28.7921 temp=1.00 total_env_steps=605 t=0.09s
Ep   20: len= 40 白胜 loss=28.5183 temp=1.00 total_env_steps=645 t=0.11s
Ep   21: len= 43 黑胜 loss=28.6124 temp=1.00 total_env_steps=688 t=0.12s
Ep   22: len= 41 黑胜 loss=28.2684 temp=1.00 total_env_steps=729 t=0.11s
Ep   23: len= 20 黑胜 loss=28.5489 temp=1.00 total_env_steps=749 t=0.07s
Ep   24: len= 29 黑胜 loss=28.5704 temp=1.00 total_env_steps=778 t=0.08s
Ep   25: len= 21 黑胜 loss=28.7328 temp=1.00 total_env_steps=799 t=0.07s
Ep   26: len= 12 黑胜 loss=28.4713 temp=1.00 total_env_steps=811 t=0.04s
Ep   27: len= 14 黑胜 loss=28.4232 temp=1.00 total_env_steps=825 t=0.05s
Ep   28: len= 35 黑胜 loss=28.6376 temp=1.00 total_env_steps=860 t=0.10s
Ep   29: len= 27 黑胜 loss=28.4829 temp=1.00 total_env_steps=887 t=0.08s
Ep   30: len= 43 黑胜 loss=28.3805 temp=1.00 total_env_steps=930 t=0.11s
Ep   31: len= 41 黑胜 loss=28.3862 temp=1.00 total_env_steps=971 t=0.11s
Ep   32: len= 47 黑胜 loss=28.4755 temp=1.00 total_env_steps=1018 t=0.12s
Ep   33: len= 18 白胜 loss=28.5402 temp=1.00 total_env_steps=1036 t=0.06s
Ep   34: len= 37 黑胜 loss=28.6160 temp=1.00 total_env_steps=1073 t=0.10s
Ep   35: len= 25 黑胜 loss=28.6249 temp=1.00 total_env_steps=1098 t=0.06s
Ep   36: len= 43 黑胜 loss=28.5344 temp=1.00 total_env_steps=1141 t=0.10s
Ep   37: len= 37 黑胜 loss=28.4079 temp=1.00 total_env_steps=1178 t=0.09s
Ep   38: len= 39 黑胜 loss=28.4227 temp=1.00 total_env_steps=1217 t=0.09s
Ep   39: len= 35 黑胜 loss=28.5077 temp=1.00 total_env_steps=1252 t=0.09s
Ep   40: len=  4 黑胜 loss=28.5198 temp=1.00 total_env_steps=1256 t=0.02s
Ep   41: len= 42 白胜 loss=28.3792 temp=1.00 total_env_steps=1298 t=0.08s
Ep   42: len= 12 黑胜 loss=28.5338 temp=1.00 total_env_steps=1310 t=0.04s
Ep   43: len= 34 白胜 loss=28.3998 temp=1.00 total_env_steps=1344 t=0.08s
Ep   44: len= 37 黑胜 loss=28.6205 temp=1.00 total_env_steps=1381 t=0.09s
Ep   45: len=  6 白胜 loss=28.5000 temp=1.00 total_env_steps=1387 t=0.02s
Ep   46: len=  2 黑胜 loss=28.5675 temp=1.00 total_env_steps=1389 t=0.02s
Ep   47: len= 12 白胜 loss=28.7141 temp=1.00 total_env_steps=1401 t=0.04s
Ep   48: len= 37 黑胜 loss=28.5167 temp=1.00 total_env_steps=1438 t=0.09s
Ep   49: len=  6 黑胜 loss=28.5365 temp=1.00 total_env_steps=1444 t=0.02s
Ep   50: len= 42 白胜 loss=28.4959 temp=1.00 total_env_steps=1486 t=0.10s
Ep   51: len= 38 白胜 loss=28.4632 temp=1.00 total_env_steps=1524 t=0.08s
Ep   52: len= 19 黑胜 loss=28.7888 temp=1.00 total_env_steps=1543 t=0.05s
Ep   53: len= 34 白胜 loss=28.6624 temp=1.00 total_env_steps=1577 t=0.08s
Ep   54: len=  2 白胜 loss=28.7794 temp=1.00 total_env_steps=1579 t=0.02s
Ep   55: len= 30 白胜 loss=28.5278 temp=1.00 total_env_steps=1609 t=0.08s
Ep   56: len= 27 黑胜 loss=28.4856 temp=1.00 total_env_steps=1636 t=0.07s
Ep   57: len= 25 黑胜 loss=28.5908 temp=1.00 total_env_steps=1661 t=0.07s
Ep   58: len= 39 黑胜 loss=28.6349 temp=1.00 total_env_steps=1700 t=0.10s
Ep   59: len= 28 白胜 loss=28.4910 temp=1.00 total_env_steps=1728 t=0.07s
Ep   60: len= 27 黑胜 loss=28.4460 temp=1.00 total_env_steps=1755 t=0.07s
Ep   61: len= 19 黑胜 loss=28.3694 temp=1.00 total_env_steps=1774 t=0.05s
Ep   62: len= 35 黑胜 loss=28.6454 temp=1.00 total_env_steps=1809 t=0.09s
Ep   63: len= 40 白胜 loss=28.5512 temp=1.00 total_env_steps=1849 t=0.09s
Ep   64: len= 28 白胜 loss=28.4387 temp=1.00 total_env_steps=1877 t=0.07s
Ep   65: len= 53 黑胜 loss=28.4464 temp=1.00 total_env_steps=1930 t=0.11s
Ep   66: len= 31 黑胜 loss=28.4731 temp=1.00 total_env_steps=1961 t=0.08s
Ep   67: len= 33 黑胜 loss=28.3495 temp=1.00 total_env_steps=1994 t=0.08s
Ep   68: len= 24 白胜 loss=28.3545 temp=1.00 total_env_steps=2018 t=0.06s
Ep   69: len= 51 黑胜 loss=28.3218 temp=1.00 total_env_steps=2069 t=0.12s
Ep   70: len= 28 白胜 loss=28.4644 temp=1.00 total_env_steps=2097 t=0.07s
Ep   71: len= 12 白胜 loss=28.4505 temp=1.00 total_env_steps=2109 t=0.04s
Ep   72: len= 38 白胜 loss=28.3525 temp=1.00 total_env_steps=2147 t=0.10s
Ep   73: len= 31 黑胜 loss=28.4419 temp=1.00 total_env_steps=2178 t=0.09s
Ep   74: len= 27 白胜 loss=28.3784 temp=1.00 total_env_steps=2205 t=0.08s
Ep   75: len=  2 黑胜 loss=28.5813 temp=1.00 total_env_steps=2207 t=0.01s
Ep   76: len= 20 白胜 loss=28.3544 temp=1.00 total_env_steps=2227 t=0.06s
Ep   77: len= 44 白胜 loss=28.4808 temp=1.00 total_env_steps=2271 t=0.11s
Ep   78: len= 30 白胜 loss=28.6058 temp=1.00 total_env_steps=2301 t=0.08s
Ep   79: len= 54 白胜 loss=28.4082 temp=1.00 total_env_steps=2355 t=0.13s
Ep   80: len= 31 黑胜 loss=28.5156 temp=1.00 total_env_steps=2386 t=0.07s
Ep   81: len=  4 白胜 loss=28.6003 temp=1.00 total_env_steps=2390 t=0.02s
Ep   82: len= 21 黑胜 loss=28.3744 temp=1.00 total_env_steps=2411 t=0.06s
Ep   83: len= 14 白胜 loss=28.6024 temp=1.00 total_env_steps=2425 t=0.04s
Ep   84: len= 32 白胜 loss=28.5919 temp=1.00 total_env_steps=2457 t=0.08s
Ep   85: len= 39 黑胜 loss=28.4908 temp=1.00 total_env_steps=2496 t=0.08s
Ep   86: len= 41 黑胜 loss=28.4221 temp=1.00 total_env_steps=2537 t=0.09s
Ep   87: len= 39 黑胜 loss=28.5389 temp=1.00 total_env_steps=2576 t=0.09s
Ep   88: len=  6 白胜 loss=28.1766 temp=1.00 total_env_steps=2582 t=0.03s
Ep   89: len= 41 黑胜 loss=28.3498 temp=1.00 total_env_steps=2623 t=0.11s
Ep   90: len=  4 白胜 loss=28.6920 temp=1.00 total_env_steps=2627 t=0.02s
Ep   91: len= 28 白胜 loss=28.4339 temp=1.00 total_env_steps=2655 t=0.07s
Ep   92: len= 20 白胜 loss=28.6427 temp=1.00 total_env_steps=2675 t=0.05s
Ep   93: len= 45 黑胜 loss=28.4765 temp=1.00 total_env_steps=2720 t=0.10s
Ep   94: len= 53 黑胜 loss=28.4312 temp=1.00 total_env_steps=2773 t=0.12s
Ep   95: len= 20 黑胜 loss=28.4141 temp=1.00 total_env_steps=2793 t=0.05s
Ep   96: len= 35 黑胜 loss=28.2028 temp=1.00 total_env_steps=2828 t=0.08s
Ep   97: len= 44 白胜 loss=28.5038 temp=1.00 total_env_steps=2872 t=0.09s
Ep   98: len= 45 黑胜 loss=28.3550 temp=1.00 total_env_steps=2917 t=0.10s
Ep   99: len= 27 黑胜 loss=28.5154 temp=1.00 total_env_steps=2944 t=0.06s
Ep  100: len= 39 黑胜 loss=28.3175 temp=1.00 total_env_steps=2983 t=0.08s
Ep  101: len= 19 黑胜 loss=28.4644 temp=1.00 total_env_steps=3002 t=0.05s
Ep  102: len= 33 黑胜 loss=28.5837 temp=1.00 total_env_steps=3035 t=0.09s
Ep  103: len= 44 白胜 loss=28.3811 temp=1.00 total_env_steps=3079 t=0.10s
Ep  104: len= 29 黑胜 loss=28.3232 temp=1.00 total_env_steps=3108 t=0.07s
Ep  105: len= 35 黑胜 loss=28.4769 temp=1.00 total_env_steps=3143 t=0.09s
Ep  106: len= 38 白胜 loss=28.2668 temp=1.00 total_env_steps=3181 t=0.10s
Ep  107: len= 26 白胜 loss=28.5097 temp=1.00 total_env_steps=3207 t=0.07s
Ep  108: len= 37 黑胜 loss=28.2576 temp=1.00 total_env_steps=3244 t=0.09s
Ep  109: len=  2 白胜 loss=28.5548 temp=1.00 total_env_steps=3246 t=0.02s
Ep  110: len= 33 白胜 loss=28.5893 temp=1.00 total_env_steps=3279 t=0.09s
Ep  111: len= 25 黑胜 loss=28.2056 temp=1.00 total_env_steps=3304 t=0.07s
Ep  112: len= 46 白胜 loss=28.5378 temp=1.00 total_env_steps=3350 t=0.10s
Ep  113: len= 41 黑胜 loss=28.4430 temp=1.00 total_env_steps=3391 t=0.10s
Ep  114: len= 40 白胜 loss=28.4444 temp=1.00 total_env_steps=3431 t=0.12s
Ep  115: len= 41 黑胜 loss=28.4805 temp=1.00 total_env_steps=3472 t=0.12s
Ep  116: len= 28 白胜 loss=28.3907 temp=1.00 total_env_steps=3500 t=0.08s
Ep  117: len= 40 白胜 loss=28.3257 temp=1.00 total_env_steps=3540 t=0.11s
Ep  118: len= 37 黑胜 loss=28.3429 temp=1.00 total_env_steps=3577 t=0.11s
Ep  119: len= 16 白胜 loss=28.3974 temp=1.00 total_env_steps=3593 t=0.05s
Ep  120: len= 28 白胜 loss=28.2173 temp=1.00 total_env_steps=3621 t=0.07s
Ep  121: len=  2 白胜 loss=28.4442 temp=1.00 total_env_steps=3623 t=0.02s
Ep  122: len= 16 白胜 loss=28.2630 temp=1.00 total_env_steps=3639 t=0.06s
Ep  123: len= 33 黑胜 loss=28.3714 temp=1.00 total_env_steps=3672 t=0.10s
Ep  124: len= 29 黑胜 loss=28.4424 temp=1.00 total_env_steps=3701 t=0.08s
Ep  125: len= 35 黑胜 loss=28.3513 temp=1.00 total_env_steps=3736 t=0.09s
Ep  126: len= 23 黑胜 loss=28.1822 temp=1.00 total_env_steps=3759 t=0.08s
Ep  127: len= 30 白胜 loss=28.5175 temp=1.00 total_env_steps=3789 t=0.10s
Ep  128: len= 32 白胜 loss=28.4065 temp=1.00 total_env_steps=3821 t=0.09s
Ep  129: len= 24 白胜 loss=28.3148 temp=1.00 total_env_steps=3845 t=0.07s
Ep  130: len= 34 白胜 loss=28.4475 temp=1.00 total_env_steps=3879 t=0.09s
Ep  131: len= 28 白胜 loss=28.5321 temp=1.00 total_env_steps=3907 t=0.07s
Ep  132: len= 22 白胜 loss=28.4610 temp=1.00 total_env_steps=3929 t=0.06s
Ep  133: len= 35 黑胜 loss=28.3436 temp=1.00 total_env_steps=3964 t=0.08s
Ep  134: len=  2 白胜 loss=28.3704 temp=1.00 total_env_steps=3966 t=0.02s
Ep  135: len= 19 黑胜 loss=28.1679 temp=1.00 total_env_steps=3985 t=0.05s
Ep  136: len= 36 白胜 loss=28.4953 temp=1.00 total_env_steps=4021 t=0.09s
Ep  137: len= 47 黑胜 loss=28.4227 temp=1.00 total_env_steps=4068 t=0.12s
Ep  138: len= 38 白胜 loss=28.4495 temp=1.00 total_env_steps=4106 t=0.09s
Ep  139: len= 35 黑胜 loss=28.4682 temp=1.00 total_env_steps=4141 t=0.10s
Ep  140: len= 37 黑胜 loss=28.3635 temp=1.00 total_env_steps=4178 t=0.10s
Ep  141: len= 35 黑胜 loss=28.3794 temp=1.00 total_env_steps=4213 t=0.09s
Ep  142: len=  2 黑胜 loss=28.4542 temp=1.00 total_env_steps=4215 t=0.02s
Ep  143: len= 19 黑胜 loss=28.2173 temp=1.00 total_env_steps=4234 t=0.05s
Ep  144: len= 32 白胜 loss=28.1833 temp=1.00 total_env_steps=4266 t=0.09s
Ep  145: len= 28 黑胜 loss=28.2431 temp=1.00 total_env_steps=4294 t=0.07s
Ep  146: len= 33 黑胜 loss=28.3538 temp=1.00 total_env_steps=4327 t=0.09s
Ep  147: len= 42 白胜 loss=28.2567 temp=1.00 total_env_steps=4369 t=0.10s
Ep  148: len= 29 黑胜 loss=28.2700 temp=1.00 total_env_steps=4398 t=0.07s
Ep  149: len= 32 白胜 loss=28.3870 temp=1.00 total_env_steps=4430 t=0.08s
Ep  150: len= 48 白胜 loss=28.4286 temp=1.00 total_env_steps=4478 t=0.10s
Ep  151: len= 33 黑胜 loss=28.4436 temp=1.00 total_env_steps=4511 t=0.08s
Ep  152: len= 18 白胜 loss=28.5167 temp=1.00 total_env_steps=4529 t=0.06s
Ep  153: len= 42 白胜 loss=28.4789 temp=1.00 total_env_steps=4571 t=0.11s
Ep  154: len= 47 黑胜 loss=28.4348 temp=1.00 total_env_steps=4618 t=0.12s
Ep  155: len= 35 黑胜 loss=28.5019 temp=1.00 total_env_steps=4653 t=0.10s
Ep  156: len= 35 黑胜 loss=28.3511 temp=1.00 total_env_steps=4688 t=0.10s
Ep  157: len= 36 白胜 loss=28.3616 temp=1.00 total_env_steps=4724 t=0.08s
Ep  158: len= 34 白胜 loss=28.1218 temp=1.00 total_env_steps=4758 t=0.08s
Ep  159: len= 26 白胜 loss=28.4032 temp=1.00 total_env_steps=4784 t=0.07s
Ep  160: len=  4 白胜 loss=28.3529 temp=1.00 total_env_steps=4788 t=0.02s
Ep  161: len= 40 白胜 loss=28.2544 temp=1.00 total_env_steps=4828 t=0.09s
Ep  162: len= 41 黑胜 loss=28.4622 temp=1.00 total_env_steps=4869 t=0.10s
Ep  163: len= 38 白胜 loss=28.3773 temp=1.00 total_env_steps=4907 t=0.08s
Ep  164: len= 22 白胜 loss=28.4180 temp=1.00 total_env_steps=4929 t=0.06s
Ep  165: len= 32 白胜 loss=28.4531 temp=1.00 total_env_steps=4961 t=0.08s
Ep  166: len= 31 黑胜 loss=28.2712 temp=1.00 total_env_steps=4992 t=0.09s
Ep  167: len= 21 黑胜 loss=28.4002 temp=1.00 total_env_steps=5013 t=0.06s
Ep  168: len= 38 白胜 loss=28.2099 temp=1.00 total_env_steps=5051 t=0.10s
Ep  169: len= 36 白胜 loss=28.3969 temp=1.00 total_env_steps=5087 t=0.09s
Ep  170: len=  2 黑胜 loss=28.4730 temp=1.00 total_env_steps=5089 t=0.02s
Ep  171: len= 21 黑胜 loss=28.4245 temp=1.00 total_env_steps=5110 t=0.06s
Ep  172: len=  2 白胜 loss=28.5321 temp=1.00 total_env_steps=5112 t=0.02s
Ep  173: len= 31 黑胜 loss=28.4069 temp=1.00 total_env_steps=5143 t=0.08s
Ep  174: len= 22 黑胜 loss=28.1252 temp=1.00 total_env_steps=5165 t=0.06s
Ep  175: len= 21 黑胜 loss=28.1757 temp=1.00 total_env_steps=5186 t=0.06s
Ep  176: len= 10 黑胜 loss=28.4749 temp=1.00 total_env_steps=5196 t=0.03s
Ep  177: len= 49 黑胜 loss=28.3150 temp=1.00 total_env_steps=5245 t=0.12s
Ep  178: len= 28 白胜 loss=28.3825 temp=1.00 total_env_steps=5273 t=0.07s
Ep  179: len= 39 黑胜 loss=28.3425 temp=1.00 total_env_steps=5312 t=0.10s
Ep  180: len= 17 黑胜 loss=28.4105 temp=1.00 total_env_steps=5329 t=0.05s
Ep  181: len= 48 白胜 loss=28.3768 temp=1.00 total_env_steps=5377 t=0.11s
Ep  182: len= 16 白胜 loss=28.3601 temp=1.00 total_env_steps=5393 t=0.05s
Ep  183: len= 34 白胜 loss=28.3816 temp=1.00 total_env_steps=5427 t=0.09s
Ep  184: len= 25 黑胜 loss=28.3148 temp=1.00 total_env_steps=5452 t=0.06s
Ep  185: len= 41 黑胜 loss=28.4401 temp=1.00 total_env_steps=5493 t=0.10s
Ep  186: len= 42 白胜 loss=28.3762 temp=1.00 total_env_steps=5535 t=0.09s
Ep  187: len= 32 白胜 loss=28.4608 temp=1.00 total_env_steps=5567 t=0.07s
Ep  188: len= 33 黑胜 loss=28.2063 temp=1.00 total_env_steps=5600 t=0.08s
Ep  189: len= 26 白胜 loss=28.1897 temp=1.00 total_env_steps=5626 t=0.06s
Ep  190: len= 27 黑胜 loss=28.4688 temp=1.00 total_env_steps=5653 t=0.06s
Ep  191: len= 33 黑胜 loss=28.2655 temp=1.00 total_env_steps=5686 t=0.08s
Ep  192: len= 47 黑胜 loss=28.4147 temp=1.00 total_env_steps=5733 t=0.11s
Ep  193: len= 28 白胜 loss=28.4079 temp=1.00 total_env_steps=5761 t=0.07s
Ep  194: len= 39 黑胜 loss=28.4469 temp=1.00 total_env_steps=5800 t=0.09s
Ep  195: len= 18 白胜 loss=28.3951 temp=1.00 total_env_steps=5818 t=0.05s
Ep  196: len= 28 白胜 loss=28.2533 temp=1.00 total_env_steps=5846 t=0.07s
Ep  197: len=  4 白胜 loss=28.2121 temp=1.00 total_env_steps=5850 t=0.02s
Ep  198: len= 38 白胜 loss=28.2252 temp=1.00 total_env_steps=5888 t=0.10s
Ep  199: len= 34 白胜 loss=28.4474 temp=1.00 total_env_steps=5922 t=0.09s
Ep  200: len= 16 白胜 loss=28.3758 temp=1.00 total_env_steps=5938 t=0.05s
  eval vs Gomoku-random-v0: win_rate=0.95 mean_return=0.90（20 局，total_env_steps=5938）
  ✅ 达标 ep=200 total_env_steps=5938
Ep  201: len= 44 白胜 loss=28.2557 temp=1.00 total_env_steps=5982 t=0.11s
Ep  202: len= 40 白胜 loss=28.3646 temp=1.00 total_env_steps=6022 t=0.10s
Ep  203: len= 45 黑胜 loss=28.2115 temp=1.00 total_env_steps=6067 t=0.11s
Ep  204: len= 47 黑胜 loss=28.4532 temp=1.00 total_env_steps=6114 t=0.11s
Ep  205: len= 29 黑胜 loss=28.3509 temp=1.00 total_env_steps=6143 t=0.08s
Ep  206: len= 21 白胜 loss=28.2768 temp=1.00 total_env_steps=6164 t=0.05s
Ep  207: len= 22 白胜 loss=28.2161 temp=1.00 total_env_steps=6186 t=0.06s
Ep  208: len= 32 白胜 loss=28.3210 temp=1.00 total_env_steps=6218 t=0.08s
Ep  209: len= 23 黑胜 loss=28.4551 temp=1.00 total_env_steps=6241 t=0.08s
Ep  210: len= 27 白胜 loss=28.4236 temp=1.00 total_env_steps=6268 t=0.08s
Ep  211: len= 47 黑胜 loss=28.2813 temp=1.00 total_env_steps=6315 t=0.11s
Ep  212: len= 40 白胜 loss=28.3425 temp=1.00 total_env_steps=6355 t=0.11s
Ep  213: len=  2 黑胜 loss=28.3789 temp=1.00 total_env_steps=6357 t=0.02s
Ep  214: len=  2 黑胜 loss=28.2480 temp=1.00 total_env_steps=6359 t=0.03s
Ep  215: len= 34 白胜 loss=28.3073 temp=1.00 total_env_steps=6393 t=0.09s
Ep  216: len= 37 黑胜 loss=28.2984 temp=1.00 total_env_steps=6430 t=0.10s
Ep  217: len= 28 白胜 loss=28.2784 temp=1.00 total_env_steps=6458 t=0.09s
Ep  218: len= 24 白胜 loss=28.4655 temp=1.00 total_env_steps=6482 t=0.08s
Ep  219: len=  2 白胜 loss=28.2913 temp=1.00 total_env_steps=6484 t=0.02s
Ep  220: len= 38 白胜 loss=28.4977 temp=1.00 total_env_steps=6522 t=0.09s
Ep  221: len= 44 黑胜 loss=28.3764 temp=1.00 total_env_steps=6566 t=0.12s
Ep  222: len= 10 黑胜 loss=28.1685 temp=1.00 total_env_steps=6576 t=0.04s
Ep  223: len= 33 黑胜 loss=28.4254 temp=1.00 total_env_steps=6609 t=0.10s
Ep  224: len= 17 白胜 loss=28.2196 temp=1.00 total_env_steps=6626 t=0.06s
Ep  225: len= 39 黑胜 loss=28.5560 temp=1.00 total_env_steps=6665 t=0.10s
Ep  226: len= 36 白胜 loss=28.3533 temp=1.00 total_env_steps=6701 t=0.08s
Ep  227: len= 39 黑胜 loss=28.4206 temp=1.00 total_env_steps=6740 t=0.10s
Ep  228: len= 41 黑胜 loss=28.2758 temp=1.00 total_env_steps=6781 t=0.11s
Ep  229: len= 21 黑胜 loss=28.3193 temp=1.00 total_env_steps=6802 t=0.06s
Ep  230: len=  2 白胜 loss=28.4206 temp=1.00 total_env_steps=6804 t=0.02s
Ep  231: len= 24 白胜 loss=28.4394 temp=1.00 total_env_steps=6828 t=0.08s
Ep  232: len= 36 白胜 loss=28.2402 temp=1.00 total_env_steps=6864 t=0.11s
Ep  233: len= 30 白胜 loss=28.3631 temp=1.00 total_env_steps=6894 t=0.09s
Ep  234: len= 30 白胜 loss=28.3907 temp=1.00 total_env_steps=6924 t=0.09s
Ep  235: len= 34 白胜 loss=28.3966 temp=1.00 total_env_steps=6958 t=0.09s
Ep  236: len=  4 黑胜 loss=28.4226 temp=1.00 total_env_steps=6962 t=0.03s
Ep  237: len= 16 黑胜 loss=28.3089 temp=1.00 total_env_steps=6978 t=0.05s
Ep  238: len= 22 白胜 loss=28.4262 temp=1.00 total_env_steps=7000 t=0.08s
Ep  239: len= 38 白胜 loss=28.3349 temp=1.00 total_env_steps=7038 t=0.11s
Ep  240: len= 25 黑胜 loss=28.1941 temp=1.00 total_env_steps=7063 t=0.08s
Ep  241: len= 38 白胜 loss=28.4547 temp=1.00 total_env_steps=7101 t=0.09s
Ep  242: len=  2 黑胜 loss=28.4428 temp=1.00 total_env_steps=7103 t=0.02s
Ep  243: len=  2 黑胜 loss=28.2286 temp=1.00 total_env_steps=7105 t=0.03s
Ep  244: len= 27 黑胜 loss=28.3400 temp=1.00 total_env_steps=7132 t=0.09s
Ep  245: len= 40 白胜 loss=28.4420 temp=1.00 total_env_steps=7172 t=0.11s
Ep  246: len= 41 黑胜 loss=28.3828 temp=1.00 total_env_steps=7213 t=0.11s
Ep  247: len= 44 白胜 loss=28.3759 temp=1.00 total_env_steps=7257 t=0.10s
Ep  248: len= 24 白胜 loss=28.2910 temp=1.00 total_env_steps=7281 t=0.07s
Ep  249: len= 31 黑胜 loss=28.4106 temp=1.00 total_env_steps=7312 t=0.09s
Ep  250: len= 28 白胜 loss=28.5503 temp=1.00 total_env_steps=7340 t=0.08s
Ep  251: len= 35 黑胜 loss=28.3611 temp=1.00 total_env_steps=7375 t=0.08s
Ep  252: len= 43 黑胜 loss=28.2392 temp=1.00 total_env_steps=7418 t=0.11s
Ep  253: len=  2 黑胜 loss=28.2852 temp=1.00 total_env_steps=7420 t=0.02s
Ep  254: len= 42 白胜 loss=28.2289 temp=1.00 total_env_steps=7462 t=0.10s
Ep  255: len= 16 白胜 loss=28.4687 temp=1.00 total_env_steps=7478 t=0.05s
Ep  256: len= 39 黑胜 loss=28.4609 temp=1.00 total_env_steps=7517 t=0.11s
Ep  257: len= 26 白胜 loss=28.3502 temp=1.00 total_env_steps=7543 t=0.08s
Ep  258: len= 23 黑胜 loss=28.5018 temp=1.00 total_env_steps=7566 t=0.06s
Ep  259: len= 33 黑胜 loss=28.3009 temp=1.00 total_env_steps=7599 t=0.10s
Ep  260: len=  4 黑胜 loss=28.4110 temp=1.00 total_env_steps=7603 t=0.03s
Ep  261: len= 37 黑胜 loss=28.3773 temp=1.00 total_env_steps=7640 t=0.11s
Ep  262: len= 14 黑胜 loss=28.4631 temp=1.00 total_env_steps=7654 t=0.05s
Ep  263: len= 29 黑胜 loss=28.4382 temp=1.00 total_env_steps=7683 t=0.10s
Ep  264: len= 30 白胜 loss=28.4205 temp=1.00 total_env_steps=7713 t=0.08s
Ep  265: len= 34 白胜 loss=28.3079 temp=1.00 total_env_steps=7747 t=0.09s
Ep  266: len= 34 白胜 loss=28.3476 temp=1.00 total_env_steps=7781 t=0.10s
Ep  267: len= 33 黑胜 loss=28.3588 temp=1.00 total_env_steps=7814 t=0.09s
Ep  268: len= 31 黑胜 loss=28.2360 temp=1.00 total_env_steps=7845 t=0.08s
Ep  269: len= 49 黑胜 loss=28.3553 temp=1.00 total_env_steps=7894 t=0.11s
Ep  270: len= 37 黑胜 loss=28.5620 temp=1.00 total_env_steps=7931 t=0.10s
Ep  271: len= 39 黑胜 loss=28.2981 temp=1.00 total_env_steps=7970 t=0.11s
Ep  272: len=  2 黑胜 loss=28.6475 temp=1.00 total_env_steps=7972 t=0.02s
Ep  273: len= 48 白胜 loss=28.5296 temp=1.00 total_env_steps=8020 t=0.10s
Ep  274: len= 39 黑胜 loss=28.3655 temp=1.00 total_env_steps=8059 t=0.11s
Ep  275: len= 29 黑胜 loss=28.4126 temp=1.00 total_env_steps=8088 t=0.07s
Ep  276: len=  8 黑胜 loss=28.2798 temp=1.00 total_env_steps=8096 t=0.04s
Ep  277: len= 28 白胜 loss=28.4258 temp=1.00 total_env_steps=8124 t=0.07s
Ep  278: len= 40 白胜 loss=28.1689 temp=1.00 total_env_steps=8164 t=0.11s
Ep  279: len= 30 白胜 loss=28.3017 temp=1.00 total_env_steps=8194 t=0.08s
Ep  280: len= 18 白胜 loss=28.2604 temp=1.00 total_env_steps=8212 t=0.06s
Ep  281: len= 43 黑胜 loss=28.2029 temp=1.00 total_env_steps=8255 t=0.10s
Ep  282: len= 32 白胜 loss=28.2125 temp=1.00 total_env_steps=8287 t=0.08s
Ep  283: len=  2 白胜 loss=28.3726 temp=1.00 total_env_steps=8289 t=0.02s
Ep  284: len= 46 白胜 loss=28.3457 temp=1.00 total_env_steps=8335 t=0.11s
Ep  285: len= 28 白胜 loss=28.3040 temp=1.00 total_env_steps=8363 t=0.08s
Ep  286: len= 38 白胜 loss=28.4254 temp=1.00 total_env_steps=8401 t=0.10s
Ep  287: len= 40 白胜 loss=28.3781 temp=1.00 total_env_steps=8441 t=0.11s
Ep  288: len= 46 白胜 loss=28.4844 temp=1.00 total_env_steps=8487 t=0.12s
Ep  289: len= 42 白胜 loss=28.3636 temp=1.00 total_env_steps=8529 t=0.11s
Ep  290: len= 38 白胜 loss=28.4766 temp=1.00 total_env_steps=8567 t=0.10s
Ep  291: len= 33 黑胜 loss=28.1405 temp=1.00 total_env_steps=8600 t=0.09s
Ep  292: len= 40 白胜 loss=28.4461 temp=1.00 total_env_steps=8640 t=0.12s
Ep  293: len= 32 白胜 loss=28.5577 temp=1.00 total_env_steps=8672 t=0.08s
Ep  294: len= 26 白胜 loss=28.4330 temp=1.00 total_env_steps=8698 t=0.07s
Ep  295: len= 29 黑胜 loss=28.3011 temp=1.00 total_env_steps=8727 t=0.08s
Ep  296: len= 25 黑胜 loss=28.2796 temp=1.00 total_env_steps=8752 t=0.07s
Ep  297: len=  2 白胜 loss=28.5160 temp=1.00 total_env_steps=8754 t=0.02s
Ep  298: len= 36 白胜 loss=28.3661 temp=1.00 total_env_steps=8790 t=0.10s
Ep  299: len=  2 白胜 loss=28.3093 temp=1.00 total_env_steps=8792 t=0.02s
Ep  300: len= 32 白胜 loss=28.3736 temp=1.00 total_env_steps=8824 t=0.09s
Ep  301: len= 45 黑胜 loss=28.3461 temp=1.00 total_env_steps=8869 t=0.10s
Ep  302: len= 38 白胜 loss=28.3456 temp=1.00 total_env_steps=8907 t=0.09s
Ep  303: len= 39 黑胜 loss=28.3441 temp=1.00 total_env_steps=8946 t=0.10s
Ep  304: len= 31 黑胜 loss=28.5398 temp=1.00 total_env_steps=8977 t=0.09s
Ep  305: len= 32 白胜 loss=28.5248 temp=1.00 total_env_steps=9009 t=0.08s
Ep  306: len= 27 黑胜 loss=28.3436 temp=1.00 total_env_steps=9036 t=0.08s
Ep  307: len= 35 黑胜 loss=28.3654 temp=1.00 total_env_steps=9071 t=0.09s
Ep  308: len= 27 黑胜 loss=28.5071 temp=1.00 total_env_steps=9098 t=0.08s
Ep  309: len= 31 黑胜 loss=28.2938 temp=1.00 total_env_steps=9129 t=0.09s
Ep  310: len= 28 黑胜 loss=28.1919 temp=1.00 total_env_steps=9157 t=0.07s
Ep  311: len= 37 黑胜 loss=28.2480 temp=1.00 total_env_steps=9194 t=0.09s
Ep  312: len= 26 白胜 loss=28.5970 temp=1.00 total_env_steps=9220 t=0.08s
Ep  313: len=  2 黑胜 loss=28.4446 temp=1.00 total_env_steps=9222 t=0.03s
Ep  314: len= 40 白胜 loss=28.3053 temp=1.00 total_env_steps=9262 t=0.09s
Ep  315: len= 30 白胜 loss=28.4387 temp=1.00 total_env_steps=9292 t=0.08s
Ep  316: len=  2 黑胜 loss=28.3339 temp=1.00 total_env_steps=9294 t=0.02s
Ep  317: len= 30 白胜 loss=28.3059 temp=1.00 total_env_steps=9324 t=0.08s
Ep  318: len= 33 黑胜 loss=28.2791 temp=1.00 total_env_steps=9357 t=0.08s
Ep  319: len= 14 黑胜 loss=28.3777 temp=1.00 total_env_steps=9371 t=0.05s
Ep  320: len= 14 黑胜 loss=28.4395 temp=1.00 total_env_steps=9385 t=0.05s
Ep  321: len= 27 黑胜 loss=28.5062 temp=1.00 total_env_steps=9412 t=0.07s
Ep  322: len= 15 黑胜 loss=28.3345 temp=1.00 total_env_steps=9427 t=0.05s
Ep  323: len=  2 白胜 loss=28.2985 temp=1.00 total_env_steps=9429 t=0.02s
Ep  324: len=  2 黑胜 loss=28.2476 temp=1.00 total_env_steps=9431 t=0.02s
Ep  325: len= 25 黑胜 loss=28.4502 temp=1.00 total_env_steps=9456 t=0.08s
Ep  326: len= 38 白胜 loss=28.3061 temp=1.00 total_env_steps=9494 t=0.11s
Ep  327: len= 31 黑胜 loss=28.3874 temp=1.00 total_env_steps=9525 t=0.08s
Ep  328: len= 16 白胜 loss=28.2740 temp=1.00 total_env_steps=9541 t=0.05s
Ep  329: len= 17 白胜 loss=28.4543 temp=1.00 total_env_steps=9558 t=0.06s
Ep  330: len= 36 白胜 loss=28.5202 temp=1.00 total_env_steps=9594 t=0.10s
Ep  331: len= 24 白胜 loss=28.4314 temp=1.00 total_env_steps=9618 t=0.07s
Ep  332: len= 35 黑胜 loss=28.2788 temp=1.00 total_env_steps=9653 t=0.10s
Ep  333: len= 32 白胜 loss=28.3709 temp=1.00 total_env_steps=9685 t=0.09s
Ep  334: len= 50 白胜 loss=28.2377 temp=1.00 total_env_steps=9735 t=0.11s
Ep  335: len= 21 黑胜 loss=28.1564 temp=1.00 total_env_steps=9756 t=0.07s
Ep  336: len= 14 白胜 loss=28.2030 temp=1.00 total_env_steps=9770 t=0.04s
Ep  337: len= 25 黑胜 loss=28.4131 temp=1.00 total_env_steps=9795 t=0.07s
Ep  338: len= 35 黑胜 loss=28.2565 temp=1.00 total_env_steps=9830 t=0.09s
Ep  339: len= 23 白胜 loss=28.3825 temp=1.00 total_env_steps=9853 t=0.07s
Ep  340: len= 39 黑胜 loss=28.3575 temp=1.00 total_env_steps=9892 t=0.10s
Ep  341: len= 25 黑胜 loss=28.2320 temp=1.00 total_env_steps=9917 t=0.07s
Ep  342: len= 26 白胜 loss=28.1358 temp=1.00 total_env_steps=9943 t=0.08s
Ep  343: len= 22 白胜 loss=28.3855 temp=1.00 total_env_steps=9965 t=0.08s
Ep  344: len= 31 黑胜 loss=28.2873 temp=1.00 total_env_steps=9996 t=0.10s
Ep  345: len= 24 白胜 loss=28.2921 temp=1.00 total_env_steps=10020 t=0.08s
Ep  346: len= 47 黑胜 loss=28.2097 temp=1.00 total_env_steps=10067 t=0.11s
Ep  347: len= 30 黑胜 loss=28.1900 temp=1.00 total_env_steps=10097 t=0.09s
Ep  348: len= 48 白胜 loss=28.2125 temp=1.00 total_env_steps=10145 t=0.13s
Ep  349: len= 27 黑胜 loss=28.3039 temp=1.00 total_env_steps=10172 t=0.07s
Ep  350: len= 19 黑胜 loss=28.2543 temp=1.00 total_env_steps=10191 t=0.06s
Ep  351: len= 20 白胜 loss=28.2221 temp=1.00 total_env_steps=10211 t=0.07s
Ep  352: len= 44 白胜 loss=28.4173 temp=1.00 total_env_steps=10255 t=0.10s
Ep  353: len= 36 白胜 loss=28.3711 temp=1.00 total_env_steps=10291 t=0.10s
Ep  354: len= 31 黑胜 loss=28.0813 temp=1.00 total_env_steps=10322 t=0.08s
Ep  355: len= 31 黑胜 loss=28.2183 temp=1.00 total_env_steps=10353 t=0.10s
Ep  356: len= 53 黑胜 loss=28.4084 temp=1.00 total_env_steps=10406 t=0.13s
Ep  357: len= 26 白胜 loss=28.2184 temp=1.00 total_env_steps=10432 t=0.08s
Ep  358: len= 23 黑胜 loss=28.2550 temp=1.00 total_env_steps=10455 t=0.09s
Ep  359: len= 39 黑胜 loss=28.2431 temp=1.00 total_env_steps=10494 t=0.12s
Ep  360: len= 36 白胜 loss=28.4312 temp=1.00 total_env_steps=10530 t=0.11s
Ep  361: len= 39 黑胜 loss=28.2508 temp=1.00 total_env_steps=10569 t=0.11s
Ep  362: len= 14 黑胜 loss=28.3436 temp=1.00 total_env_steps=10583 t=0.05s
Ep  363: len= 22 白胜 loss=28.2693 temp=1.00 total_env_steps=10605 t=0.07s
Ep  364: len= 24 白胜 loss=28.3751 temp=1.00 total_env_steps=10629 t=0.07s
Ep  365: len= 20 白胜 loss=28.3613 temp=1.00 total_env_steps=10649 t=0.07s
Ep  366: len= 29 黑胜 loss=28.2811 temp=1.00 total_env_steps=10678 t=0.09s
Ep  367: len= 13 黑胜 loss=28.4160 temp=1.00 total_env_steps=10691 t=0.05s
Ep  368: len=  4 白胜 loss=28.5713 temp=1.00 total_env_steps=10695 t=0.03s
Ep  369: len= 34 白胜 loss=28.3524 temp=1.00 total_env_steps=10729 t=0.11s
Ep  370: len= 42 白胜 loss=28.1695 temp=1.00 total_env_steps=10771 t=0.14s
Ep  371: len= 41 黑胜 loss=28.3287 temp=1.00 total_env_steps=10812 t=0.12s
Ep  372: len= 14 白胜 loss=28.2941 temp=1.00 total_env_steps=10826 t=0.05s
Ep  373: len= 51 黑胜 loss=28.3003 temp=1.00 total_env_steps=10877 t=0.11s
Ep  374: len= 33 白胜 loss=28.3406 temp=1.00 total_env_steps=10910 t=0.08s
Ep  375: len= 37 黑胜 loss=28.5080 temp=1.00 total_env_steps=10947 t=0.10s
Ep  376: len= 26 黑胜 loss=28.5094 temp=1.00 total_env_steps=10973 t=0.07s
Ep  377: len= 25 黑胜 loss=28.3418 temp=1.00 total_env_steps=10998 t=0.07s
Ep  378: len= 27 黑胜 loss=28.4165 temp=1.00 total_env_steps=11025 t=0.08s
Ep  379: len= 36 白胜 loss=28.4294 temp=1.00 total_env_steps=11061 t=0.10s
Ep  380: len= 30 白胜 loss=28.1749 temp=1.00 total_env_steps=11091 t=0.09s
Ep  381: len= 35 黑胜 loss=28.3544 temp=1.00 total_env_steps=11126 t=0.10s
Ep  382: len= 34 白胜 loss=28.2016 temp=1.00 total_env_steps=11160 t=0.10s
Ep  383: len= 28 白胜 loss=28.0735 temp=1.00 total_env_steps=11188 t=0.08s
Ep  384: len= 35 黑胜 loss=28.2941 temp=1.00 total_env_steps=11223 t=0.09s
Ep  385: len= 22 白胜 loss=28.1822 temp=1.00 total_env_steps=11245 t=0.07s
Ep  386: len= 38 白胜 loss=28.3583 temp=1.00 total_env_steps=11283 t=0.09s
Ep  387: len=  2 黑胜 loss=28.3686 temp=1.00 total_env_steps=11285 t=0.02s
Ep  388: len= 31 黑胜 loss=28.4537 temp=1.00 total_env_steps=11316 t=0.08s
Ep  389: len= 17 黑胜 loss=28.3683 temp=1.00 total_env_steps=11333 t=0.05s
Ep  390: len= 38 白胜 loss=28.3905 temp=1.00 total_env_steps=11371 t=0.11s
Ep  391: len= 30 白胜 loss=28.2954 temp=1.00 total_env_steps=11401 t=0.08s
Ep  392: len= 31 黑胜 loss=28.4487 temp=1.00 total_env_steps=11432 t=0.08s
Ep  393: len= 10 白胜 loss=28.3162 temp=1.00 total_env_steps=11442 t=0.04s
Ep  394: len= 24 黑胜 loss=28.2786 temp=1.00 total_env_steps=11466 t=0.09s
Ep  395: len= 23 黑胜 loss=28.3183 temp=1.00 total_env_steps=11489 t=0.08s
Ep  396: len= 34 白胜 loss=28.3319 temp=1.00 total_env_steps=11523 t=0.09s
Ep  397: len= 37 黑胜 loss=28.3191 temp=1.00 total_env_steps=11560 t=0.10s
Ep  398: len= 35 黑胜 loss=28.0739 temp=1.00 total_env_steps=11595 t=0.10s
Ep  399: len= 41 黑胜 loss=28.1861 temp=1.00 total_env_steps=11636 t=0.09s
Ep  400: len= 28 白胜 loss=28.3644 temp=1.00 total_env_steps=11664 t=0.08s
  eval vs Gomoku-random-v0: win_rate=0.95 mean_return=0.90（20 局，total_env_steps=11664）
Ep  401: len= 34 白胜 loss=28.2687 temp=1.00 total_env_steps=11698 t=0.10s
Ep  402: len= 48 白胜 loss=28.2196 temp=1.00 total_env_steps=11746 t=0.11s
Ep  403: len= 25 黑胜 loss=28.3909 temp=1.00 total_env_steps=11771 t=0.07s
Ep  404: len= 35 黑胜 loss=28.1437 temp=1.00 total_env_steps=11806 t=0.10s
Ep  405: len= 36 白胜 loss=28.1974 temp=1.00 total_env_steps=11842 t=0.09s
Ep  406: len= 44 白胜 loss=28.3220 temp=1.00 total_env_steps=11886 t=0.10s
Ep  407: len= 34 白胜 loss=28.5628 temp=1.00 total_env_steps=11920 t=0.08s
Ep  408: len= 25 黑胜 loss=28.3347 temp=1.00 total_env_steps=11945 t=0.07s
Ep  409: len= 48 白胜 loss=28.3539 temp=1.00 total_env_steps=11993 t=0.12s
Ep  410: len= 36 白胜 loss=28.3899 temp=1.00 total_env_steps=12029 t=0.12s
Ep  411: len= 39 黑胜 loss=28.1646 temp=1.00 total_env_steps=12068 t=0.10s
Ep  412: len= 24 黑胜 loss=28.2745 temp=1.00 total_env_steps=12092 t=0.07s
Ep  413: len= 33 黑胜 loss=28.4589 temp=1.00 total_env_steps=12125 t=0.10s
Ep  414: len= 33 黑胜 loss=28.2732 temp=1.00 total_env_steps=12158 t=0.09s
Ep  415: len= 39 黑胜 loss=28.4686 temp=1.00 total_env_steps=12197 t=0.10s
Ep  416: len= 45 黑胜 loss=28.3073 temp=1.00 total_env_steps=12242 t=0.11s
Ep  417: len= 22 白胜 loss=28.2605 temp=1.00 total_env_steps=12264 t=0.07s
Ep  418: len= 33 黑胜 loss=28.1928 temp=1.00 total_env_steps=12297 t=0.08s
Ep  419: len= 10 白胜 loss=28.4230 temp=1.00 total_env_steps=12307 t=0.04s
Ep  420: len= 25 黑胜 loss=28.2197 temp=1.00 total_env_steps=12332 t=0.06s
Ep  421: len= 30 白胜 loss=28.3211 temp=1.00 total_env_steps=12362 t=0.08s
Ep  422: len= 43 黑胜 loss=28.1904 temp=1.00 total_env_steps=12405 t=0.10s
Ep  423: len= 42 白胜 loss=28.1446 temp=1.00 total_env_steps=12447 t=0.11s
Ep  424: len=  2 黑胜 loss=28.5290 temp=1.00 total_env_steps=12449 t=0.03s
Ep  425: len= 40 白胜 loss=28.4726 temp=1.00 total_env_steps=12489 t=0.11s
Ep  426: len= 37 黑胜 loss=28.3915 temp=1.00 total_env_steps=12526 t=0.09s
Ep  427: len= 32 白胜 loss=28.2869 temp=1.00 total_env_steps=12558 t=0.09s
Ep  428: len= 30 白胜 loss=28.3797 temp=1.00 total_env_steps=12588 t=0.08s
Ep  429: len= 26 白胜 loss=28.2053 temp=1.00 total_env_steps=12614 t=0.08s
Ep  430: len= 29 黑胜 loss=28.3244 temp=1.00 total_env_steps=12643 t=0.08s
Ep  431: len= 50 白胜 loss=28.2513 temp=1.00 total_env_steps=12693 t=0.12s
Ep  432: len= 29 白胜 loss=28.4399 temp=1.00 total_env_steps=12722 t=0.08s
Ep  433: len= 17 黑胜 loss=28.4467 temp=1.00 total_env_steps=12739 t=0.06s
Ep  434: len= 37 黑胜 loss=28.2650 temp=1.00 total_env_steps=12776 t=0.10s
Ep  435: len=  4 白胜 loss=28.3195 temp=1.00 total_env_steps=12780 t=0.03s
Ep  436: len=  9 黑胜 loss=28.3939 temp=1.00 total_env_steps=12789 t=0.04s
Ep  437: len= 14 白胜 loss=28.3204 temp=1.00 total_env_steps=12803 t=0.05s
Ep  438: len= 34 白胜 loss=28.3259 temp=1.00 total_env_steps=12837 t=0.12s
Ep  439: len= 35 黑胜 loss=28.1961 temp=1.00 total_env_steps=12872 t=0.10s
Ep  440: len= 35 黑胜 loss=28.1846 temp=1.00 total_env_steps=12907 t=0.10s
Ep  441: len= 22 黑胜 loss=28.3813 temp=1.00 total_env_steps=12929 t=0.07s
Ep  442: len=  2 黑胜 loss=28.3597 temp=1.00 total_env_steps=12931 t=0.03s
Ep  443: len= 64 白胜 loss=28.4070 temp=1.00 total_env_steps=12995 t=0.15s
Ep  444: len=  2 黑胜 loss=28.4396 temp=1.00 total_env_steps=12997 t=0.03s
Ep  445: len= 31 黑胜 loss=28.2572 temp=1.00 total_env_steps=13028 t=0.09s
Ep  446: len= 24 白胜 loss=28.4183 temp=1.00 total_env_steps=13052 t=0.08s
Ep  447: len= 35 黑胜 loss=28.2585 temp=1.00 total_env_steps=13087 t=0.09s
Ep  448: len= 33 黑胜 loss=28.3220 temp=1.00 total_env_steps=13120 t=0.10s
Ep  449: len= 32 白胜 loss=28.3137 temp=1.00 total_env_steps=13152 t=0.10s
Ep  450: len= 40 白胜 loss=28.3143 temp=1.00 total_env_steps=13192 t=0.11s
Ep  451: len= 15 黑胜 loss=28.2147 temp=1.00 total_env_steps=13207 t=0.05s
Ep  452: len= 17 黑胜 loss=28.1672 temp=1.00 total_env_steps=13224 t=0.06s
Ep  453: len= 27 黑胜 loss=28.3424 temp=1.00 total_env_steps=13251 t=0.08s
Ep  454: len=  4 白胜 loss=28.4815 temp=1.00 total_env_steps=13255 t=0.03s
Ep  455: len= 48 白胜 loss=28.1903 temp=1.00 total_env_steps=13303 t=0.11s
Ep  456: len= 18 黑胜 loss=28.3538 temp=1.00 total_env_steps=13321 t=0.05s
Ep  457: len= 29 黑胜 loss=28.3655 temp=1.00 total_env_steps=13350 t=0.07s
Ep  458: len= 30 白胜 loss=28.3104 temp=1.00 total_env_steps=13380 t=0.08s
Ep  459: len= 27 黑胜 loss=28.4630 temp=1.00 total_env_steps=13407 t=0.07s
Ep  460: len= 16 白胜 loss=28.4781 temp=1.00 total_env_steps=13423 t=0.05s
Ep  461: len= 42 白胜 loss=28.2112 temp=1.00 total_env_steps=13465 t=0.10s
Ep  462: len= 33 黑胜 loss=28.3663 temp=1.00 total_env_steps=13498 t=0.08s
Ep  463: len=  6 黑胜 loss=28.3616 temp=1.00 total_env_steps=13504 t=0.03s
Ep  464: len= 28 白胜 loss=28.1765 temp=1.00 total_env_steps=13532 t=0.07s
Ep  465: len= 26 白胜 loss=28.1931 temp=1.00 total_env_steps=13558 t=0.07s
Ep  466: len= 28 白胜 loss=28.2055 temp=1.00 total_env_steps=13586 t=0.07s
Ep  467: len= 23 黑胜 loss=28.2680 temp=1.00 total_env_steps=13609 t=0.07s
Ep  468: len= 18 白胜 loss=28.2903 temp=1.00 total_env_steps=13627 t=0.06s
Ep  469: len= 24 白胜 loss=28.2214 temp=1.00 total_env_steps=13651 t=0.07s
Ep  470: len= 41 黑胜 loss=28.4589 temp=1.00 total_env_steps=13692 t=0.10s
Ep  471: len= 11 黑胜 loss=28.2154 temp=1.00 total_env_steps=13703 t=0.04s
Ep  472: len=  2 黑胜 loss=28.3760 temp=1.00 total_env_steps=13705 t=0.02s
Ep  473: len= 39 黑胜 loss=28.3711 temp=1.00 total_env_steps=13744 t=0.09s
Ep  474: len= 55 黑胜 loss=28.3249 temp=1.00 total_env_steps=13799 t=0.12s
Ep  475: len= 24 白胜 loss=28.4821 temp=1.00 total_env_steps=13823 t=0.06s
Ep  476: len= 28 白胜 loss=28.3966 temp=1.00 total_env_steps=13851 t=0.07s
Ep  477: len= 17 黑胜 loss=28.2391 temp=1.00 total_env_steps=13868 t=0.05s
Ep  478: len= 16 白胜 loss=28.1578 temp=1.00 total_env_steps=13884 t=0.05s
Ep  479: len= 16 白胜 loss=28.4000 temp=1.00 total_env_steps=13900 t=0.05s
Ep  480: len= 12 黑胜 loss=28.3455 temp=1.00 total_env_steps=13912 t=0.04s
Ep  481: len= 31 黑胜 loss=28.4367 temp=1.00 total_env_steps=13943 t=0.08s
Ep  482: len= 38 白胜 loss=28.4571 temp=1.00 total_env_steps=13981 t=0.09s
Ep  483: len= 12 黑胜 loss=28.4348 temp=1.00 total_env_steps=13993 t=0.04s
Ep  484: len= 36 白胜 loss=28.3265 temp=1.00 total_env_steps=14029 t=0.08s
Ep  485: len= 29 黑胜 loss=28.2117 temp=1.00 total_env_steps=14058 t=0.07s
Ep  486: len= 23 黑胜 loss=28.1114 temp=1.00 total_env_steps=14081 t=0.07s
Ep  487: len= 33 黑胜 loss=28.3615 temp=1.00 total_env_steps=14114 t=0.08s
Ep  488: len= 31 黑胜 loss=28.2450 temp=1.00 total_env_steps=14145 t=0.08s
Ep  489: len= 25 黑胜 loss=28.2397 temp=1.00 total_env_steps=14170 t=0.07s
Ep  490: len= 28 白胜 loss=28.4105 temp=1.00 total_env_steps=14198 t=0.07s
Ep  491: len= 27 黑胜 loss=28.2688 temp=1.00 total_env_steps=14225 t=0.07s
Ep  492: len= 47 黑胜 loss=28.4004 temp=1.00 total_env_steps=14272 t=0.11s
Ep  493: len= 32 白胜 loss=28.1624 temp=1.00 total_env_steps=14304 t=0.08s
Ep  494: len= 23 黑胜 loss=28.3074 temp=1.00 total_env_steps=14327 t=0.06s
Ep  495: len= 33 黑胜 loss=28.1565 temp=1.00 total_env_steps=14360 t=0.08s
Ep  496: len= 23 黑胜 loss=28.1897 temp=1.00 total_env_steps=14383 t=0.06s
Ep  497: len= 53 黑胜 loss=28.4126 temp=1.00 total_env_steps=14436 t=0.13s
Ep  498: len= 26 白胜 loss=28.4044 temp=1.00 total_env_steps=14462 t=0.08s
Ep  499: len= 32 白胜 loss=28.2896 temp=1.00 total_env_steps=14494 t=0.09s
Ep  500: len= 45 黑胜 loss=28.2944 temp=1.00 total_env_steps=14539 t=0.10s
Ep  501: len= 29 黑胜 loss=28.4666 temp=1.00 total_env_steps=14568 t=0.08s
Ep  502: len= 45 黑胜 loss=28.3503 temp=1.00 total_env_steps=14613 t=0.10s
Ep  503: len= 32 白胜 loss=28.3993 temp=1.00 total_env_steps=14645 t=0.07s
Ep  504: len= 18 白胜 loss=28.2514 temp=1.00 total_env_steps=14663 t=0.06s
Ep  505: len= 33 黑胜 loss=28.2113 temp=1.00 total_env_steps=14696 t=0.08s
Ep  506: len= 43 黑胜 loss=28.3615 temp=1.00 total_env_steps=14739 t=0.10s
Ep  507: len= 28 白胜 loss=28.1703 temp=1.00 total_env_steps=14767 t=0.08s
Ep  508: len= 22 白胜 loss=28.2588 temp=1.00 total_env_steps=14789 t=0.07s
Ep  509: len= 41 黑胜 loss=28.4311 temp=1.00 total_env_steps=14830 t=0.10s
Ep  510: len=  2 白胜 loss=28.4038 temp=1.00 total_env_steps=14832 t=0.02s
Ep  511: len= 27 黑胜 loss=28.3040 temp=1.00 total_env_steps=14859 t=0.08s
Ep  512: len= 65 黑胜 loss=28.4769 temp=1.00 total_env_steps=14924 t=0.13s
Ep  513: len= 34 白胜 loss=28.4013 temp=1.00 total_env_steps=14958 t=0.08s
Ep  514: len= 36 白胜 loss=28.2025 temp=1.00 total_env_steps=14994 t=0.10s
Ep  515: len= 39 黑胜 loss=28.2508 temp=1.00 total_env_steps=15033 t=0.09s
Ep  516: len= 23 黑胜 loss=28.2886 temp=1.00 total_env_steps=15056 t=0.07s
Ep  517: len= 24 黑胜 loss=28.3247 temp=1.00 total_env_steps=15080 t=0.06s
Ep  518: len= 32 白胜 loss=28.1221 temp=1.00 total_env_steps=15112 t=0.08s
Ep  519: len= 34 白胜 loss=28.2230 temp=1.00 total_env_steps=15146 t=0.08s
Ep  520: len= 34 白胜 loss=28.3439 temp=1.00 total_env_steps=15180 t=0.09s
Ep  521: len= 21 黑胜 loss=28.1490 temp=1.00 total_env_steps=15201 t=0.06s
Ep  522: len= 24 白胜 loss=28.2818 temp=1.00 total_env_steps=15225 t=0.07s
Ep  523: len= 32 白胜 loss=28.3967 temp=1.00 total_env_steps=15257 t=0.08s
Ep  524: len= 20 白胜 loss=28.3413 temp=1.00 total_env_steps=15277 t=0.06s
Ep  525: len= 43 黑胜 loss=28.1563 temp=1.00 total_env_steps=15320 t=0.09s
Ep  526: len= 28 白胜 loss=28.2473 temp=1.00 total_env_steps=15348 t=0.08s
Ep  527: len= 23 黑胜 loss=28.2975 temp=1.00 total_env_steps=15371 t=0.06s
Ep  528: len= 22 白胜 loss=28.3002 temp=1.00 total_env_steps=15393 t=0.06s
Ep  529: len= 36 白胜 loss=28.2272 temp=1.00 total_env_steps=15429 t=0.09s
Ep  530: len= 35 黑胜 loss=28.3350 temp=1.00 total_env_steps=15464 t=0.10s
Ep  531: len= 38 白胜 loss=28.2718 temp=1.00 total_env_steps=15502 t=0.10s
Ep  532: len=  2 白胜 loss=28.2686 temp=1.00 total_env_steps=15504 t=0.02s
Ep  533: len= 41 黑胜 loss=28.2425 temp=1.00 total_env_steps=15545 t=0.10s
Ep  534: len= 31 黑胜 loss=28.3068 temp=1.00 total_env_steps=15576 t=0.08s
Ep  535: len= 58 白胜 loss=28.2060 temp=1.00 total_env_steps=15634 t=0.13s
Ep  536: len= 35 黑胜 loss=28.1699 temp=1.00 total_env_steps=15669 t=0.10s
Ep  537: len=  2 黑胜 loss=28.1753 temp=1.00 total_env_steps=15671 t=0.02s
Ep  538: len= 30 白胜 loss=28.2382 temp=1.00 total_env_steps=15701 t=0.08s
Ep  539: len= 33 黑胜 loss=28.3196 temp=1.00 total_env_steps=15734 t=0.09s
Ep  540: len= 17 黑胜 loss=28.3637 temp=1.00 total_env_steps=15751 t=0.05s
Ep  541: len= 47 黑胜 loss=28.1457 temp=1.00 total_env_steps=15798 t=0.11s
Ep  542: len=  4 黑胜 loss=28.4226 temp=1.00 total_env_steps=15802 t=0.03s
Ep  543: len= 16 白胜 loss=28.3670 temp=1.00 total_env_steps=15818 t=0.05s
Ep  544: len= 19 黑胜 loss=28.2143 temp=1.00 total_env_steps=15837 t=0.06s
Ep  545: len= 14 白胜 loss=28.2596 temp=1.00 total_env_steps=15851 t=0.05s
Ep  546: len=  2 黑胜 loss=28.2665 temp=1.00 total_env_steps=15853 t=0.02s
Ep  547: len= 36 白胜 loss=28.2985 temp=1.00 total_env_steps=15889 t=0.09s
Ep  548: len= 36 白胜 loss=28.1955 temp=1.00 total_env_steps=15925 t=0.09s
Ep  549: len= 21 黑胜 loss=28.2718 temp=1.00 total_env_steps=15946 t=0.06s
Ep  550: len= 36 白胜 loss=28.0127 temp=1.00 total_env_steps=15982 t=0.08s
Ep  551: len= 27 黑胜 loss=28.0167 temp=1.00 total_env_steps=16009 t=0.07s
Ep  552: len= 42 白胜 loss=28.2903 temp=1.00 total_env_steps=16051 t=0.11s
Ep  553: len= 50 白胜 loss=28.2300 temp=1.00 total_env_steps=16101 t=0.11s
Ep  554: len= 32 白胜 loss=28.2406 temp=1.00 total_env_steps=16133 t=0.08s
Ep  555: len= 33 黑胜 loss=28.3853 temp=1.00 total_env_steps=16166 t=0.09s
Ep  556: len= 32 黑胜 loss=28.2842 temp=1.00 total_env_steps=16198 t=0.08s
Ep  557: len= 14 黑胜 loss=28.2513 temp=1.00 total_env_steps=16212 t=0.05s
Ep  558: len=  6 白胜 loss=28.4813 temp=1.00 total_env_steps=16218 t=0.03s
Ep  559: len= 32 白胜 loss=28.3556 temp=1.00 total_env_steps=16250 t=0.07s
Ep  560: len= 28 白胜 loss=28.3572 temp=1.00 total_env_steps=16278 t=0.07s
Ep  561: len= 39 黑胜 loss=28.3682 temp=1.00 total_env_steps=16317 t=0.09s
Ep  562: len= 28 白胜 loss=28.3487 temp=1.00 total_env_steps=16345 t=0.08s
Ep  563: len= 31 黑胜 loss=28.2525 temp=1.00 total_env_steps=16376 t=0.08s
Ep  564: len= 20 白胜 loss=28.2293 temp=1.00 total_env_steps=16396 t=0.06s
Ep  565: len= 36 黑胜 loss=28.5108 temp=1.00 total_env_steps=16432 t=0.10s
Ep  566: len= 34 白胜 loss=28.2876 temp=1.00 total_env_steps=16466 t=0.09s
Ep  567: len= 30 白胜 loss=28.3927 temp=1.00 total_env_steps=16496 t=0.09s
Ep  568: len= 20 白胜 loss=28.3785 temp=1.00 total_env_steps=16516 t=0.06s
Ep  569: len= 38 白胜 loss=28.2478 temp=1.00 total_env_steps=16554 t=0.10s
Ep  570: len= 32 白胜 loss=28.3032 temp=1.00 total_env_steps=16586 t=0.10s
Ep  571: len=  2 白胜 loss=28.3593 temp=1.00 total_env_steps=16588 t=0.03s
Ep  572: len= 37 黑胜 loss=28.3071 temp=1.00 total_env_steps=16625 t=0.11s
Ep  573: len= 27 黑胜 loss=28.4580 temp=1.00 total_env_steps=16652 t=0.09s
Ep  574: len= 31 黑胜 loss=28.1357 temp=1.00 total_env_steps=16683 t=0.09s
Ep  575: len= 31 黑胜 loss=28.2294 temp=1.00 total_env_steps=16714 t=0.09s
Ep  576: len= 32 白胜 loss=28.1778 temp=1.00 total_env_steps=16746 t=0.09s
Ep  577: len= 52 白胜 loss=28.4175 temp=1.00 total_env_steps=16798 t=0.13s
Ep  578: len=  4 黑胜 loss=28.2589 temp=1.00 total_env_steps=16802 t=0.03s
Ep  579: len= 26 白胜 loss=28.3738 temp=1.00 total_env_steps=16828 t=0.08s
Ep  580: len= 23 黑胜 loss=28.1220 temp=1.00 total_env_steps=16851 t=0.07s
Ep  581: len= 18 白胜 loss=28.3096 temp=1.00 total_env_steps=16869 t=0.06s
Ep  582: len= 38 白胜 loss=28.3504 temp=1.00 total_env_steps=16907 t=0.10s
Ep  583: len= 42 白胜 loss=28.2575 temp=1.00 total_env_steps=16949 t=0.09s
Ep  584: len= 31 黑胜 loss=28.5076 temp=1.00 total_env_steps=16980 t=0.08s
Ep  585: len= 41 黑胜 loss=28.3081 temp=1.00 total_env_steps=17021 t=0.11s
Ep  586: len= 21 黑胜 loss=28.3154 temp=1.00 total_env_steps=17042 t=0.07s
Ep  587: len= 22 白胜 loss=28.2836 temp=1.00 total_env_steps=17064 t=0.07s
Ep  588: len=  4 黑胜 loss=28.2765 temp=1.00 total_env_steps=17068 t=0.03s
Ep  589: len= 26 白胜 loss=28.3367 temp=1.00 total_env_steps=17094 t=0.08s
Ep  590: len= 40 白胜 loss=28.3386 temp=1.00 total_env_steps=17134 t=0.11s
Ep  591: len= 26 黑胜 loss=28.2903 temp=1.00 total_env_steps=17160 t=0.08s
Ep  592: len= 36 白胜 loss=28.2268 temp=1.00 total_env_steps=17196 t=0.10s
Ep  593: len= 41 黑胜 loss=28.4439 temp=1.00 total_env_steps=17237 t=0.11s
Ep  594: len= 37 黑胜 loss=28.3425 temp=1.00 total_env_steps=17274 t=0.11s
Ep  595: len= 33 黑胜 loss=28.2297 temp=1.00 total_env_steps=17307 t=0.10s
Ep  596: len= 28 白胜 loss=28.1825 temp=1.00 total_env_steps=17335 t=0.08s
Ep  597: len= 52 白胜 loss=28.2458 temp=1.00 total_env_steps=17387 t=0.12s
Ep  598: len=  2 黑胜 loss=28.3790 temp=1.00 total_env_steps=17389 t=0.02s
Ep  599: len= 26 白胜 loss=28.3203 temp=1.00 total_env_steps=17415 t=0.08s
Ep  600: len= 25 黑胜 loss=28.3872 temp=1.00 total_env_steps=17440 t=0.07s
  eval vs Gomoku-random-v0: win_rate=1.00 mean_return=1.00（20 局，total_env_steps=17440）
Ep  601: len= 30 白胜 loss=28.1999 temp=1.00 total_env_steps=17470 t=0.08s
Ep  602: len= 31 黑胜 loss=28.3994 temp=1.00 total_env_steps=17501 t=0.09s
Ep  603: len= 44 白胜 loss=28.2446 temp=1.00 total_env_steps=17545 t=0.10s
Ep  604: len= 36 白胜 loss=28.3820 temp=1.00 total_env_steps=17581 t=0.09s
Ep  605: len= 44 白胜 loss=28.1874 temp=1.00 total_env_steps=17625 t=0.10s
Ep  606: len= 43 黑胜 loss=28.1446 temp=1.00 total_env_steps=17668 t=0.10s
Ep  607: len= 39 黑胜 loss=28.2647 temp=1.00 total_env_steps=17707 t=0.10s
Ep  608: len= 30 白胜 loss=28.2738 temp=1.00 total_env_steps=17737 t=0.07s
Ep  609: len= 14 黑胜 loss=28.2093 temp=1.00 total_env_steps=17751 t=0.05s
Ep  610: len= 31 黑胜 loss=28.2011 temp=1.00 total_env_steps=17782 t=0.08s
Ep  611: len= 40 白胜 loss=28.2196 temp=1.00 total_env_steps=17822 t=0.09s
Ep  612: len= 51 黑胜 loss=28.3064 temp=1.00 total_env_steps=17873 t=0.12s
Ep  613: len=  2 黑胜 loss=28.4569 temp=1.00 total_env_steps=17875 t=0.02s
Ep  614: len= 32 白胜 loss=28.3230 temp=1.00 total_env_steps=17907 t=0.08s
Ep  615: len=  2 黑胜 loss=28.5102 temp=1.00 total_env_steps=17909 t=0.02s
Ep  616: len= 46 白胜 loss=28.3092 temp=1.00 total_env_steps=17955 t=0.11s
Ep  617: len= 10 黑胜 loss=28.3367 temp=1.00 total_env_steps=17965 t=0.04s
Ep  618: len=  4 黑胜 loss=28.2032 temp=1.00 total_env_steps=17969 t=0.03s
Ep  619: len= 51 黑胜 loss=28.3464 temp=1.00 total_env_steps=18020 t=0.11s
Ep  620: len=  2 黑胜 loss=28.4117 temp=1.00 total_env_steps=18022 t=0.03s
Ep  621: len= 47 黑胜 loss=28.3155 temp=1.00 total_env_steps=18069 t=0.12s
Ep  622: len= 36 白胜 loss=28.4653 temp=1.00 total_env_steps=18105 t=0.10s
Ep  623: len= 40 白胜 loss=28.1842 temp=1.00 total_env_steps=18145 t=0.09s
Ep  624: len= 45 黑胜 loss=28.3080 temp=1.00 total_env_steps=18190 t=0.11s
Ep  625: len= 46 白胜 loss=28.2916 temp=1.00 total_env_steps=18236 t=0.11s
Ep  626: len= 37 黑胜 loss=28.2494 temp=1.00 total_env_steps=18273 t=0.09s
Ep  627: len=  6 白胜 loss=28.1535 temp=1.00 total_env_steps=18279 t=0.03s
Ep  628: len= 32 白胜 loss=28.2177 temp=1.00 total_env_steps=18311 t=0.09s
Ep  629: len= 39 黑胜 loss=28.1554 temp=1.00 total_env_steps=18350 t=0.11s
Ep  630: len= 20 白胜 loss=28.2595 temp=1.00 total_env_steps=18370 t=0.07s
Ep  631: len=  2 黑胜 loss=28.3074 temp=1.00 total_env_steps=18372 t=0.02s
Ep  632: len= 22 黑胜 loss=28.1065 temp=1.00 total_env_steps=18394 t=0.06s
Ep  633: len= 36 黑胜 loss=28.3949 temp=1.00 total_env_steps=18430 t=0.10s
Ep  634: len=  2 白胜 loss=28.0552 temp=1.00 total_env_steps=18432 t=0.02s
Ep  635: len= 32 白胜 loss=28.0839 temp=1.00 total_env_steps=18464 t=0.09s
Ep  636: len=  4 白胜 loss=28.2330 temp=1.00 total_env_steps=18468 t=0.03s
Ep  637: len= 31 黑胜 loss=28.4641 temp=1.00 total_env_steps=18499 t=0.08s
Ep  638: len= 31 黑胜 loss=28.2574 temp=1.00 total_env_steps=18530 t=0.09s
Ep  639: len= 15 黑胜 loss=28.2081 temp=1.00 total_env_steps=18545 t=0.05s
Ep  640: len= 45 黑胜 loss=28.0854 temp=1.00 total_env_steps=18590 t=0.11s
Ep  641: len= 31 黑胜 loss=28.5053 temp=1.00 total_env_steps=18621 t=0.08s
Ep  642: len= 34 白胜 loss=28.2447 temp=1.00 total_env_steps=18655 t=0.09s
Ep  643: len= 37 黑胜 loss=28.3001 temp=1.00 total_env_steps=18692 t=0.09s
Ep  644: len= 24 白胜 loss=28.3950 temp=1.00 total_env_steps=18716 t=0.07s
Ep  645: len= 17 黑胜 loss=28.2495 temp=1.00 total_env_steps=18733 t=0.05s
Ep  646: len= 45 黑胜 loss=28.5112 temp=1.00 total_env_steps=18778 t=0.12s
Ep  647: len= 32 白胜 loss=28.2474 temp=1.00 total_env_steps=18810 t=0.09s
Ep  648: len=  9 黑胜 loss=28.4367 temp=1.00 total_env_steps=18819 t=0.04s
Ep  649: len= 37 黑胜 loss=28.1901 temp=1.00 total_env_steps=18856 t=0.10s
Ep  650: len= 28 白胜 loss=28.1351 temp=1.00 total_env_steps=18884 t=0.07s
Ep  651: len= 35 黑胜 loss=28.1002 temp=1.00 total_env_steps=18919 t=0.10s
Ep  652: len= 35 黑胜 loss=28.2246 temp=1.00 total_env_steps=18954 t=0.08s
Ep  653: len=  2 黑胜 loss=28.5461 temp=1.00 total_env_steps=18956 t=0.02s
Ep  654: len= 24 白胜 loss=28.4066 temp=1.00 total_env_steps=18980 t=0.07s
Ep  655: len= 48 白胜 loss=28.1584 temp=1.00 total_env_steps=19028 t=0.11s
Ep  656: len= 24 白胜 loss=28.2274 temp=1.00 total_env_steps=19052 t=0.07s
Ep  657: len= 18 白胜 loss=28.3995 temp=1.00 total_env_steps=19070 t=0.06s
Ep  658: len= 33 黑胜 loss=28.3332 temp=1.00 total_env_steps=19103 t=0.09s
Ep  659: len= 26 白胜 loss=28.4130 temp=1.00 total_env_steps=19129 t=0.08s
Ep  660: len= 33 黑胜 loss=28.3428 temp=1.00 total_env_steps=19162 t=0.08s
Ep  661: len= 32 白胜 loss=28.1493 temp=1.00 total_env_steps=19194 t=0.09s
Ep  662: len=  2 黑胜 loss=28.1274 temp=1.00 total_env_steps=19196 t=0.03s
Ep  663: len= 35 黑胜 loss=28.2849 temp=1.00 total_env_steps=19231 t=0.09s
Ep  664: len= 11 黑胜 loss=28.3651 temp=1.00 total_env_steps=19242 t=0.05s
Ep  665: len= 48 白胜 loss=28.4206 temp=1.00 total_env_steps=19290 t=0.12s
Ep  666: len= 48 白胜 loss=28.3883 temp=1.00 total_env_steps=19338 t=0.12s
Ep  667: len= 41 黑胜 loss=28.2374 temp=1.00 total_env_steps=19379 t=0.10s
Ep  668: len= 42 白胜 loss=28.3935 temp=1.00 total_env_steps=19421 t=0.10s
Ep  669: len=  2 黑胜 loss=28.2531 temp=1.00 total_env_steps=19423 t=0.02s
Ep  670: len=  2 白胜 loss=28.3501 temp=1.00 total_env_steps=19425 t=0.02s
Ep  671: len= 32 白胜 loss=28.4575 temp=1.00 total_env_steps=19457 t=0.08s
Ep  672: len=  2 白胜 loss=28.3515 temp=1.00 total_env_steps=19459 t=0.02s
Ep  673: len= 20 黑胜 loss=28.5571 temp=1.00 total_env_steps=19479 t=0.06s
Ep  674: len= 35 黑胜 loss=28.2644 temp=1.00 total_env_steps=19514 t=0.09s
Ep  675: len= 29 黑胜 loss=28.2050 temp=1.00 total_env_steps=19543 t=0.08s
Ep  676: len= 35 黑胜 loss=28.3954 temp=1.00 total_env_steps=19578 t=0.09s
Ep  677: len= 42 白胜 loss=28.2152 temp=1.00 total_env_steps=19620 t=0.09s
Ep  678: len= 40 白胜 loss=28.4206 temp=1.00 total_env_steps=19660 t=0.10s
Ep  679: len= 20 白胜 loss=28.2169 temp=1.00 total_env_steps=19680 t=0.06s
Ep  680: len= 35 黑胜 loss=28.4259 temp=1.00 total_env_steps=19715 t=0.08s
Ep  681: len= 23 黑胜 loss=28.2500 temp=1.00 total_env_steps=19738 t=0.06s
Ep  682: len=  6 白胜 loss=28.2469 temp=1.00 total_env_steps=19744 t=0.03s
Ep  683: len= 23 黑胜 loss=28.3771 temp=1.00 total_env_steps=19767 t=0.06s
Ep  684: len=  6 白胜 loss=28.4019 temp=1.00 total_env_steps=19773 t=0.03s
Ep  685: len= 36 白胜 loss=28.2557 temp=1.00 total_env_steps=19809 t=0.08s
Ep  686: len=  2 黑胜 loss=28.1408 temp=1.00 total_env_steps=19811 t=0.02s
Ep  687: len= 31 黑胜 loss=28.3272 temp=1.00 total_env_steps=19842 t=0.09s
Ep  688: len= 37 黑胜 loss=28.2635 temp=1.00 total_env_steps=19879 t=0.10s
Ep  689: len= 43 黑胜 loss=28.2838 temp=1.00 total_env_steps=19922 t=0.10s
Ep  690: len= 28 白胜 loss=28.3958 temp=1.00 total_env_steps=19950 t=0.08s
Ep  691: len= 38 白胜 loss=28.2666 temp=1.00 total_env_steps=19988 t=0.10s
Ep  692: len= 43 黑胜 loss=28.3054 temp=1.00 total_env_steps=20031 t=0.10s
Ep  693: len= 10 白胜 loss=28.3433 temp=1.00 total_env_steps=20041 t=0.04s
Ep  694: len= 38 白胜 loss=28.3113 temp=1.00 total_env_steps=20079 t=0.10s
Ep  695: len=  6 黑胜 loss=28.4485 temp=1.00 total_env_steps=20085 t=0.03s
Ep  696: len= 40 白胜 loss=28.2915 temp=1.00 total_env_steps=20125 t=0.11s
Ep  697: len=  4 白胜 loss=28.2793 temp=1.00 total_env_steps=20129 t=0.03s
Ep  698: len= 42 白胜 loss=28.3289 temp=1.00 total_env_steps=20171 t=0.11s
Ep  699: len= 33 黑胜 loss=28.3424 temp=1.00 total_env_steps=20204 t=0.09s
Ep  700: len= 39 黑胜 loss=28.4688 temp=1.00 total_env_steps=20243 t=0.09s
Ep  701: len= 33 黑胜 loss=28.3608 temp=1.00 total_env_steps=20276 t=0.09s
Ep  702: len= 46 白胜 loss=28.3126 temp=1.00 total_env_steps=20322 t=0.11s
Ep  703: len= 25 黑胜 loss=28.1699 temp=1.00 total_env_steps=20347 t=0.07s
Ep  704: len= 55 黑胜 loss=28.4173 temp=1.00 total_env_steps=20402 t=0.13s
Ep  705: len= 29 黑胜 loss=28.3394 temp=1.00 total_env_steps=20431 t=0.07s
Ep  706: len= 24 白胜 loss=28.2525 temp=1.00 total_env_steps=20455 t=0.06s
Ep  707: len= 41 黑胜 loss=28.4151 temp=1.00 total_env_steps=20496 t=0.10s
Ep  708: len= 21 黑胜 loss=28.5198 temp=1.00 total_env_steps=20517 t=0.06s
Ep  709: len= 40 白胜 loss=28.2637 temp=1.00 total_env_steps=20557 t=0.10s
Ep  710: len= 23 黑胜 loss=28.3095 temp=1.00 total_env_steps=20580 t=0.07s
Ep  711: len= 16 白胜 loss=28.4132 temp=1.00 total_env_steps=20596 t=0.06s
Ep  712: len= 35 黑胜 loss=28.3252 temp=1.00 total_env_steps=20631 t=0.09s
Ep  713: len=  6 白胜 loss=28.6027 temp=1.00 total_env_steps=20637 t=0.03s
Ep  714: len= 31 黑胜 loss=28.2787 temp=1.00 total_env_steps=20668 t=0.08s
Ep  715: len= 38 白胜 loss=28.4397 temp=1.00 total_env_steps=20706 t=0.10s
Ep  716: len= 37 黑胜 loss=28.3313 temp=1.00 total_env_steps=20743 t=0.10s
Ep  717: len=  4 白胜 loss=28.4352 temp=1.00 total_env_steps=20747 t=0.03s
Ep  718: len= 42 白胜 loss=28.2182 temp=1.00 total_env_steps=20789 t=0.09s
Ep  719: len= 24 白胜 loss=28.4424 temp=1.00 total_env_steps=20813 t=0.06s
Ep  720: len= 34 白胜 loss=28.2169 temp=1.00 total_env_steps=20847 t=0.09s
Ep  721: len= 33 黑胜 loss=28.6800 temp=1.00 total_env_steps=20880 t=0.09s
Ep  722: len= 47 黑胜 loss=28.3243 temp=1.00 total_env_steps=20927 t=0.11s
Ep  723: len=  4 白胜 loss=28.2305 temp=1.00 total_env_steps=20931 t=0.03s
Ep  724: len= 41 黑胜 loss=28.3874 temp=1.00 total_env_steps=20972 t=0.11s
Ep  725: len= 27 黑胜 loss=28.2121 temp=1.00 total_env_steps=20999 t=0.08s
Ep  726: len= 27 黑胜 loss=28.3263 temp=1.00 total_env_steps=21026 t=0.07s
Ep  727: len= 29 白胜 loss=28.3884 temp=1.00 total_env_steps=21055 t=0.08s
Ep  728: len= 48 白胜 loss=28.4148 temp=1.00 total_env_steps=21103 t=0.11s
Ep  729: len= 45 黑胜 loss=28.2564 temp=1.00 total_env_steps=21148 t=0.11s
Ep  730: len= 31 黑胜 loss=28.3012 temp=1.00 total_env_steps=21179 t=0.09s
Ep  731: len= 40 白胜 loss=28.4473 temp=1.00 total_env_steps=21219 t=0.11s
Ep  732: len= 27 黑胜 loss=28.2921 temp=1.00 total_env_steps=21246 t=0.08s
Ep  733: len= 27 黑胜 loss=28.4675 temp=1.00 total_env_steps=21273 t=0.08s
Ep  734: len= 43 黑胜 loss=28.3305 temp=1.00 total_env_steps=21316 t=0.09s
Ep  735: len= 38 白胜 loss=28.3841 temp=1.00 total_env_steps=21354 t=0.08s
Ep  736: len= 28 白胜 loss=28.2737 temp=1.00 total_env_steps=21382 t=0.08s
Ep  737: len= 53 黑胜 loss=28.2601 temp=1.00 total_env_steps=21435 t=0.13s
Ep  738: len=  6 白胜 loss=28.3373 temp=1.00 total_env_steps=21441 t=0.03s
Ep  739: len=  4 白胜 loss=28.4449 temp=1.00 total_env_steps=21445 t=0.02s
Ep  740: len= 38 白胜 loss=28.3186 temp=1.00 total_env_steps=21483 t=0.09s
Ep  741: len= 29 黑胜 loss=28.4529 temp=1.00 total_env_steps=21512 t=0.08s
Ep  742: len= 38 白胜 loss=28.3438 temp=1.00 total_env_steps=21550 t=0.10s
Ep  743: len= 12 黑胜 loss=28.2961 temp=1.00 total_env_steps=21562 t=0.04s
Ep  744: len= 42 白胜 loss=28.2628 temp=1.00 total_env_steps=21604 t=0.13s
Ep  745: len= 29 黑胜 loss=28.1924 temp=1.00 total_env_steps=21633 t=0.11s
Ep  746: len= 44 白胜 loss=28.3805 temp=1.00 total_env_steps=21677 t=0.16s
Ep  747: len= 41 黑胜 loss=28.3165 temp=1.00 total_env_steps=21718 t=0.11s
Ep  748: len= 34 白胜 loss=28.4653 temp=1.00 total_env_steps=21752 t=0.10s
Ep  749: len= 38 白胜 loss=28.4051 temp=1.00 total_env_steps=21790 t=0.10s
Ep  750: len= 19 黑胜 loss=28.3289 temp=1.00 total_env_steps=21809 t=0.06s
Ep  751: len= 36 黑胜 loss=28.3471 temp=1.00 total_env_steps=21845 t=0.09s
Ep  752: len= 40 黑胜 loss=28.4372 temp=1.00 total_env_steps=21885 t=0.09s
Ep  753: len= 41 黑胜 loss=28.2953 temp=1.00 total_env_steps=21926 t=0.10s
Ep  754: len= 37 黑胜 loss=27.9707 temp=1.00 total_env_steps=21963 t=0.09s
Ep  755: len= 37 黑胜 loss=28.3604 temp=1.00 total_env_steps=22000 t=0.09s
Ep  756: len= 14 黑胜 loss=28.4010 temp=1.00 total_env_steps=22014 t=0.05s
Ep  757: len=  8 黑胜 loss=28.3647 temp=1.00 total_env_steps=22022 t=0.04s
Ep  758: len= 32 白胜 loss=28.3458 temp=1.00 total_env_steps=22054 t=0.08s
Ep  759: len= 22 白胜 loss=28.1781 temp=1.00 total_env_steps=22076 t=0.07s
Ep  760: len= 28 黑胜 loss=28.2587 temp=1.00 total_env_steps=22104 t=0.07s
Ep  761: len= 37 黑胜 loss=28.3795 temp=1.00 total_env_steps=22141 t=0.09s
Ep  762: len= 50 白胜 loss=28.0090 temp=1.00 total_env_steps=22191 t=0.11s
Ep  763: len= 32 白胜 loss=28.4440 temp=1.00 total_env_steps=22223 t=0.08s
Ep  764: len= 27 黑胜 loss=28.2338 temp=1.00 total_env_steps=22250 t=0.07s
Ep  765: len= 31 黑胜 loss=28.2616 temp=1.00 total_env_steps=22281 t=0.08s
Ep  766: len= 33 黑胜 loss=28.3596 temp=1.00 total_env_steps=22314 t=0.09s
Ep  767: len= 37 黑胜 loss=28.1161 temp=1.00 total_env_steps=22351 t=0.09s
Ep  768: len= 29 黑胜 loss=28.3845 temp=1.00 total_env_steps=22380 t=0.08s
Ep  769: len= 40 白胜 loss=28.4301 temp=1.00 total_env_steps=22420 t=0.09s
Ep  770: len= 40 白胜 loss=28.4150 temp=1.00 total_env_steps=22460 t=0.10s
Ep  771: len= 36 白胜 loss=28.3316 temp=1.00 total_env_steps=22496 t=0.10s
Ep  772: len= 27 黑胜 loss=28.4256 temp=1.00 total_env_steps=22523 t=0.08s
Ep  773: len= 27 黑胜 loss=28.2708 temp=1.00 total_env_steps=22550 t=0.08s
Ep  774: len= 28 白胜 loss=28.1577 temp=1.00 total_env_steps=22578 t=0.08s
Ep  775: len= 22 白胜 loss=28.0127 temp=1.00 total_env_steps=22600 t=0.07s
Ep  776: len= 37 黑胜 loss=28.2783 temp=1.00 total_env_steps=22637 t=0.10s
Ep  777: len= 28 白胜 loss=28.3510 temp=1.00 total_env_steps=22665 t=0.09s
Ep  778: len=  6 黑胜 loss=28.1744 temp=1.00 total_env_steps=22671 t=0.03s
Ep  779: len= 30 白胜 loss=28.3228 temp=1.00 total_env_steps=22701 t=0.08s
Ep  780: len= 18 白胜 loss=28.2147 temp=1.00 total_env_steps=22719 t=0.06s
Ep  781: len= 32 白胜 loss=28.2693 temp=1.00 total_env_steps=22751 t=0.09s
Ep  782: len= 23 黑胜 loss=28.3549 temp=1.00 total_env_steps=22774 t=0.06s
Ep  783: len= 29 黑胜 loss=28.2585 temp=1.00 total_env_steps=22803 t=0.07s
Ep  784: len= 39 黑胜 loss=28.2241 temp=1.00 total_env_steps=22842 t=0.09s
Ep  785: len= 41 黑胜 loss=28.3469 temp=1.00 total_env_steps=22883 t=0.10s
Ep  786: len= 32 白胜 loss=28.1869 temp=1.00 total_env_steps=22915 t=0.08s
Ep  787: len= 32 白胜 loss=28.3841 temp=1.00 total_env_steps=22947 t=0.08s
Ep  788: len= 37 黑胜 loss=28.3310 temp=1.00 total_env_steps=22984 t=0.09s
Ep  789: len= 42 白胜 loss=28.2321 temp=1.00 total_env_steps=23026 t=0.10s
Ep  790: len= 30 白胜 loss=28.3619 temp=1.00 total_env_steps=23056 t=0.08s
Ep  791: len=  2 白胜 loss=28.3199 temp=1.00 total_env_steps=23058 t=0.03s
Ep  792: len= 37 黑胜 loss=28.3198 temp=1.00 total_env_steps=23095 t=0.09s
Ep  793: len=  6 白胜 loss=28.3486 temp=1.00 total_env_steps=23101 t=0.03s
Ep  794: len= 33 黑胜 loss=28.1747 temp=1.00 total_env_steps=23134 t=0.08s
Ep  795: len= 26 白胜 loss=28.3107 temp=1.00 total_env_steps=23160 t=0.08s
Ep  796: len= 27 黑胜 loss=28.2507 temp=1.00 total_env_steps=23187 t=0.07s
Ep  797: len= 34 白胜 loss=28.3327 temp=1.00 total_env_steps=23221 t=0.08s
Ep  798: len=  4 黑胜 loss=28.2918 temp=1.00 total_env_steps=23225 t=0.03s
Ep  799: len=  6 黑胜 loss=28.1853 temp=1.00 total_env_steps=23231 t=0.03s
Ep  800: len= 26 黑胜 loss=28.5247 temp=1.00 total_env_steps=23257 t=0.08s
  eval vs Gomoku-random-v0: win_rate=1.00 mean_return=1.00（20 局，total_env_steps=23257）
Ep  801: len= 26 白胜 loss=28.1996 temp=1.00 total_env_steps=23283 t=0.08s
Ep  802: len=  4 黑胜 loss=28.3115 temp=1.00 total_env_steps=23287 t=0.03s
Ep  803: len= 26 白胜 loss=28.2960 temp=1.00 total_env_steps=23313 t=0.07s
Ep  804: len= 24 白胜 loss=28.3015 temp=1.00 total_env_steps=23337 t=0.07s
Ep  805: len= 15 黑胜 loss=28.3876 temp=1.00 total_env_steps=23352 t=0.05s
Ep  806: len=  2 黑胜 loss=28.2673 temp=1.00 total_env_steps=23354 t=0.02s
Ep  807: len= 37 黑胜 loss=28.3065 temp=1.00 total_env_steps=23391 t=0.10s
Ep  808: len= 22 白胜 loss=28.3953 temp=1.00 total_env_steps=23413 t=0.07s
Ep  809: len= 20 白胜 loss=28.1626 temp=1.00 total_env_steps=23433 t=0.06s
Ep  810: len= 24 白胜 loss=28.1190 temp=1.00 total_env_steps=23457 t=0.07s
Ep  811: len=  8 黑胜 loss=28.4098 temp=1.00 total_env_steps=23465 t=0.04s
Ep  812: len= 25 黑胜 loss=28.5149 temp=1.00 total_env_steps=23490 t=0.07s
Ep  813: len= 34 白胜 loss=28.3646 temp=1.00 total_env_steps=23524 t=0.09s
Ep  814: len= 39 黑胜 loss=28.2789 temp=1.00 total_env_steps=23563 t=0.10s
Ep  815: len= 16 白胜 loss=28.2700 temp=1.00 total_env_steps=23579 t=0.06s
Ep  816: len= 23 黑胜 loss=28.2277 temp=1.00 total_env_steps=23602 t=0.08s
Ep  817: len= 28 白胜 loss=28.2226 temp=1.00 total_env_steps=23630 t=0.08s
Ep  818: len=  4 黑胜 loss=28.2825 temp=1.00 total_env_steps=23634 t=0.03s
Ep  819: len= 51 黑胜 loss=28.3478 temp=1.00 total_env_steps=23685 t=0.12s
Ep  820: len= 33 黑胜 loss=28.2502 temp=1.00 total_env_steps=23718 t=0.09s
Ep  821: len= 48 白胜 loss=28.3890 temp=1.00 total_env_steps=23766 t=0.11s
Ep  822: len= 15 黑胜 loss=28.2479 temp=1.00 total_env_steps=23781 t=0.05s
Ep  823: len= 40 白胜 loss=28.1549 temp=1.00 total_env_steps=23821 t=0.10s
Ep  824: len= 36 白胜 loss=28.3053 temp=1.00 total_env_steps=23857 t=0.10s
Ep  825: len= 40 白胜 loss=28.2601 temp=1.00 total_env_steps=23897 t=0.09s
Ep  826: len= 31 黑胜 loss=28.2870 temp=1.00 total_env_steps=23928 t=0.08s
Ep  827: len= 42 白胜 loss=28.4847 temp=1.00 total_env_steps=23970 t=0.10s
Ep  828: len=  2 白胜 loss=28.2050 temp=1.00 total_env_steps=23972 t=0.02s
Ep  829: len= 45 黑胜 loss=28.4096 temp=1.00 total_env_steps=24017 t=0.10s
Ep  830: len= 45 黑胜 loss=28.3867 temp=1.00 total_env_steps=24062 t=0.12s
Ep  831: len= 25 黑胜 loss=28.3753 temp=1.00 total_env_steps=24087 t=0.07s
Ep  832: len=  2 黑胜 loss=28.3025 temp=1.00 total_env_steps=24089 t=0.02s
Ep  833: len= 32 白胜 loss=28.2936 temp=1.00 total_env_steps=24121 t=0.09s
Ep  834: len= 27 黑胜 loss=28.3123 temp=1.00 total_env_steps=24148 t=0.07s
Ep  835: len= 39 黑胜 loss=28.4003 temp=1.00 total_env_steps=24187 t=0.10s
Ep  836: len= 36 白胜 loss=28.3300 temp=1.00 total_env_steps=24223 t=0.08s
Ep  837: len= 41 黑胜 loss=28.4403 temp=1.00 total_env_steps=24264 t=0.09s
Ep  838: len= 18 白胜 loss=28.2813 temp=1.00 total_env_steps=24282 t=0.05s
Ep  839: len= 40 白胜 loss=28.2730 temp=1.00 total_env_steps=24322 t=0.09s
Ep  840: len= 21 黑胜 loss=28.5926 temp=1.00 total_env_steps=24343 t=0.06s
Ep  841: len=  2 白胜 loss=28.4741 temp=1.00 total_env_steps=24345 t=0.02s
Ep  842: len= 40 白胜 loss=28.3492 temp=1.00 total_env_steps=24385 t=0.09s
Ep  843: len= 35 黑胜 loss=28.4259 temp=1.00 total_env_steps=24420 t=0.08s
Ep  844: len= 38 白胜 loss=28.2092 temp=1.00 total_env_steps=24458 t=0.09s
Ep  845: len= 34 白胜 loss=28.3570 temp=1.00 total_env_steps=24492 t=0.08s
Ep  846: len= 34 白胜 loss=28.6339 temp=1.00 total_env_steps=24526 t=0.08s
Ep  847: len= 22 黑胜 loss=28.2746 temp=1.00 total_env_steps=24548 t=0.05s
Ep  848: len= 34 白胜 loss=28.2072 temp=1.00 total_env_steps=24582 t=0.09s
Ep  849: len= 35 黑胜 loss=28.4123 temp=1.00 total_env_steps=24617 t=0.09s
Ep  850: len= 43 黑胜 loss=28.2968 temp=1.00 total_env_steps=24660 t=0.10s
Ep  851: len= 16 白胜 loss=28.4042 temp=1.00 total_env_steps=24676 t=0.05s
Ep  852: len= 31 黑胜 loss=28.4852 temp=1.00 total_env_steps=24707 t=0.08s
Ep  853: len= 41 黑胜 loss=28.3488 temp=1.00 total_env_steps=24748 t=0.09s
Ep  854: len= 23 黑胜 loss=28.4342 temp=1.00 total_env_steps=24771 t=0.06s
Ep  855: len= 46 白胜 loss=28.4017 temp=1.00 total_env_steps=24817 t=0.11s
Ep  856: len= 21 黑胜 loss=28.4017 temp=1.00 total_env_steps=24838 t=0.06s
Ep  857: len= 33 黑胜 loss=28.1049 temp=1.00 total_env_steps=24871 t=0.09s
Ep  858: len= 46 白胜 loss=28.4945 temp=1.00 total_env_steps=24917 t=0.10s
Ep  859: len= 34 白胜 loss=28.3036 temp=1.00 total_env_steps=24951 t=0.09s
Ep  860: len= 40 白胜 loss=28.3864 temp=1.00 total_env_steps=24991 t=0.11s
Ep  861: len= 26 白胜 loss=28.3247 temp=1.00 total_env_steps=25017 t=0.08s
Ep  862: len=  2 白胜 loss=28.3451 temp=1.00 total_env_steps=25019 t=0.02s
Ep  863: len= 37 黑胜 loss=28.4700 temp=1.00 total_env_steps=25056 t=0.10s
Ep  864: len= 10 黑胜 loss=28.1518 temp=1.00 total_env_steps=25066 t=0.04s
Ep  865: len= 31 白胜 loss=28.1656 temp=1.00 total_env_steps=25097 t=0.09s
Ep  866: len= 44 白胜 loss=28.4828 temp=1.00 total_env_steps=25141 t=0.10s
Ep  867: len= 21 黑胜 loss=28.3205 temp=1.00 total_env_steps=25162 t=0.07s
Ep  868: len= 22 白胜 loss=28.4233 temp=1.00 total_env_steps=25184 t=0.07s
Ep  869: len= 38 白胜 loss=28.4144 temp=1.00 total_env_steps=25222 t=0.09s
Ep  870: len= 36 白胜 loss=28.3643 temp=1.00 total_env_steps=25258 t=0.10s
Ep  871: len= 12 黑胜 loss=28.1389 temp=1.00 total_env_steps=25270 t=0.04s
Ep  872: len= 42 白胜 loss=28.2644 temp=1.00 total_env_steps=25312 t=0.13s
Ep  873: len= 48 白胜 loss=28.3490 temp=1.00 total_env_steps=25360 t=0.12s
Ep  874: len= 18 白胜 loss=28.2944 temp=1.00 total_env_steps=25378 t=0.06s
Ep  875: len= 15 黑胜 loss=28.2270 temp=1.00 total_env_steps=25393 t=0.06s
Ep  876: len= 33 黑胜 loss=28.4353 temp=1.00 total_env_steps=25426 t=0.09s
Ep  877: len= 30 黑胜 loss=28.3640 temp=1.00 total_env_steps=25456 t=0.09s
Ep  878: len= 47 白胜 loss=28.3297 temp=1.00 total_env_steps=25503 t=0.11s
Ep  879: len= 40 白胜 loss=28.3835 temp=1.00 total_env_steps=25543 t=0.10s
Ep  880: len=  4 白胜 loss=28.1777 temp=1.00 total_env_steps=25547 t=0.03s
Ep  881: len= 26 白胜 loss=28.3454 temp=1.00 total_env_steps=25573 t=0.08s
Ep  882: len= 34 白胜 loss=28.3872 temp=1.00 total_env_steps=25607 t=0.09s
Ep  883: len= 42 白胜 loss=28.3502 temp=1.00 total_env_steps=25649 t=0.11s
Ep  884: len= 33 黑胜 loss=28.2630 temp=1.00 total_env_steps=25682 t=0.09s
Ep  885: len= 40 白胜 loss=28.2315 temp=1.00 total_env_steps=25722 t=0.10s
Ep  886: len= 43 黑胜 loss=28.3296 temp=1.00 total_env_steps=25765 t=0.11s
Ep  887: len= 43 黑胜 loss=28.2495 temp=1.00 total_env_steps=25808 t=0.10s
Ep  888: len= 40 白胜 loss=28.4065 temp=1.00 total_env_steps=25848 t=0.10s
Ep  889: len= 42 白胜 loss=28.0350 temp=1.00 total_env_steps=25890 t=0.10s
Ep  890: len= 12 白胜 loss=28.2180 temp=1.00 total_env_steps=25902 t=0.05s
Ep  891: len= 20 白胜 loss=28.2082 temp=1.00 total_env_steps=25922 t=0.07s
Ep  892: len= 36 白胜 loss=28.5070 temp=1.00 total_env_steps=25958 t=0.10s
Ep  893: len= 12 白胜 loss=28.3738 temp=1.00 total_env_steps=25970 t=0.05s
Ep  894: len= 21 黑胜 loss=28.2478 temp=1.00 total_env_steps=25991 t=0.06s
Ep  895: len= 30 白胜 loss=28.3674 temp=1.00 total_env_steps=26021 t=0.08s
Ep  896: len= 37 黑胜 loss=28.1786 temp=1.00 total_env_steps=26058 t=0.10s
Ep  897: len=  4 黑胜 loss=28.4127 temp=1.00 total_env_steps=26062 t=0.03s
Ep  898: len= 40 白胜 loss=28.2826 temp=1.00 total_env_steps=26102 t=0.11s
Ep  899: len= 27 黑胜 loss=28.3780 temp=1.00 total_env_steps=26129 t=0.09s
Ep  900: len= 25 黑胜 loss=28.3759 temp=1.00 total_env_steps=26154 t=0.09s
Ep  901: len= 50 白胜 loss=28.2934 temp=1.00 total_env_steps=26204 t=0.13s
Ep  902: len= 34 白胜 loss=28.3827 temp=1.00 total_env_steps=26238 t=0.10s
Ep  903: len= 31 黑胜 loss=28.2302 temp=1.00 total_env_steps=26269 t=0.09s
Ep  904: len= 67 黑胜 loss=28.1762 temp=1.00 total_env_steps=26336 t=0.17s
Ep  905: len= 25 黑胜 loss=28.3164 temp=1.00 total_env_steps=26361 t=0.07s
Ep  906: len= 26 白胜 loss=28.2035 temp=1.00 total_env_steps=26387 t=0.07s
Ep  907: len= 34 白胜 loss=28.4418 temp=1.00 total_env_steps=26421 t=0.10s
Ep  908: len= 36 白胜 loss=28.2612 temp=1.00 total_env_steps=26457 t=0.09s
Ep  909: len= 34 白胜 loss=28.2193 temp=1.00 total_env_steps=26491 t=0.09s
Ep  910: len= 35 黑胜 loss=28.2533 temp=1.00 total_env_steps=26526 t=0.09s
Ep  911: len= 26 白胜 loss=28.4298 temp=1.00 total_env_steps=26552 t=0.07s
Ep  912: len= 33 黑胜 loss=28.2887 temp=1.00 total_env_steps=26585 t=0.09s
Ep  913: len=  8 黑胜 loss=28.2726 temp=1.00 total_env_steps=26593 t=0.04s
Ep  914: len= 36 白胜 loss=28.4427 temp=1.00 total_env_steps=26629 t=0.10s
Ep  915: len= 39 黑胜 loss=28.3085 temp=1.00 total_env_steps=26668 t=0.09s
Ep  916: len=  4 黑胜 loss=28.5406 temp=1.00 total_env_steps=26672 t=0.03s
Ep  917: len=  2 黑胜 loss=28.2838 temp=1.00 total_env_steps=26674 t=0.02s
Ep  918: len= 25 黑胜 loss=28.5045 temp=1.00 total_env_steps=26699 t=0.07s
Ep  919: len= 44 白胜 loss=28.2931 temp=1.00 total_env_steps=26743 t=0.11s
Ep  920: len= 39 黑胜 loss=28.6160 temp=1.00 total_env_steps=26782 t=0.10s
Ep  921: len= 32 白胜 loss=28.3746 temp=1.00 total_env_steps=26814 t=0.08s
Ep  922: len= 17 黑胜 loss=28.3216 temp=1.00 total_env_steps=26831 t=0.06s
Ep  923: len= 22 白胜 loss=28.2540 temp=1.00 total_env_steps=26853 t=0.07s
Ep  924: len= 44 白胜 loss=28.3681 temp=1.00 total_env_steps=26897 t=0.11s
Ep  925: len=  2 白胜 loss=28.2133 temp=1.00 total_env_steps=26899 t=0.02s
Ep  926: len= 28 白胜 loss=28.2693 temp=1.00 total_env_steps=26927 t=0.07s
Ep  927: len= 32 白胜 loss=28.4532 temp=1.00 total_env_steps=26959 t=0.08s
Ep  928: len=  6 白胜 loss=28.3838 temp=1.00 total_env_steps=26965 t=0.03s
Ep  929: len= 34 白胜 loss=28.2198 temp=1.00 total_env_steps=26999 t=0.08s
Ep  930: len=  8 黑胜 loss=28.3610 temp=1.00 total_env_steps=27007 t=0.04s
Ep  931: len= 54 白胜 loss=28.4767 temp=1.00 total_env_steps=27061 t=0.11s
Ep  932: len= 34 白胜 loss=28.2983 temp=1.00 total_env_steps=27095 t=0.09s
Ep  933: len= 39 黑胜 loss=28.2927 temp=1.00 total_env_steps=27134 t=0.09s
Ep  934: len= 52 白胜 loss=28.1933 temp=1.00 total_env_steps=27186 t=0.11s
Ep  935: len= 41 黑胜 loss=28.2425 temp=1.00 total_env_steps=27227 t=0.10s
Ep  936: len= 36 白胜 loss=28.1528 temp=1.00 total_env_steps=27263 t=0.09s
Ep  937: len= 33 黑胜 loss=28.3205 temp=1.00 total_env_steps=27296 t=0.09s
Ep  938: len=  4 黑胜 loss=28.3987 temp=1.00 total_env_steps=27300 t=0.03s
Ep  939: len= 31 黑胜 loss=28.4542 temp=1.00 total_env_steps=27331 t=0.09s
Ep  940: len= 35 黑胜 loss=28.5091 temp=1.00 total_env_steps=27366 t=0.09s
Ep  941: len=  2 白胜 loss=28.2822 temp=1.00 total_env_steps=27368 t=0.03s
Ep  942: len= 25 黑胜 loss=28.1471 temp=1.00 total_env_steps=27393 t=0.07s
Ep  943: len= 42 白胜 loss=28.1766 temp=1.00 total_env_steps=27435 t=0.09s
Ep  944: len= 21 黑胜 loss=28.5561 temp=1.00 total_env_steps=27456 t=0.06s
Ep  945: len= 14 白胜 loss=28.4256 temp=1.00 total_env_steps=27470 t=0.05s
Ep  946: len= 29 白胜 loss=28.2402 temp=1.00 total_env_steps=27499 t=0.07s
Ep  947: len= 32 白胜 loss=28.2427 temp=1.00 total_env_steps=27531 t=0.08s
Ep  948: len= 31 黑胜 loss=28.4319 temp=1.00 total_env_steps=27562 t=0.08s
Ep  949: len= 27 黑胜 loss=28.3038 temp=1.00 total_env_steps=27589 t=0.07s
Ep  950: len= 18 黑胜 loss=28.2816 temp=1.00 total_env_steps=27607 t=0.06s
Ep  951: len= 29 黑胜 loss=28.2518 temp=1.00 total_env_steps=27636 t=0.07s
Ep  952: len= 25 黑胜 loss=28.2758 temp=1.00 total_env_steps=27661 t=0.07s
Ep  953: len=  2 黑胜 loss=28.3704 temp=1.00 total_env_steps=27663 t=0.03s
Ep  954: len=  4 白胜 loss=28.3234 temp=1.00 total_env_steps=27667 t=0.03s
Ep  955: len= 40 白胜 loss=28.4061 temp=1.00 total_env_steps=27707 t=0.10s
Ep  956: len= 37 黑胜 loss=28.1163 temp=1.00 total_env_steps=27744 t=0.09s
Ep  957: len= 25 白胜 loss=28.2921 temp=1.00 total_env_steps=27769 t=0.06s
Ep  958: len= 17 黑胜 loss=28.3263 temp=1.00 total_env_steps=27786 t=0.05s
Ep  959: len= 30 黑胜 loss=28.4135 temp=1.00 total_env_steps=27816 t=0.07s
Ep  960: len= 38 白胜 loss=28.3428 temp=1.00 total_env_steps=27854 t=0.09s
Ep  961: len= 22 黑胜 loss=28.3755 temp=1.00 total_env_steps=27876 t=0.06s
Ep  962: len= 27 黑胜 loss=28.3721 temp=1.00 total_env_steps=27903 t=0.07s
Ep  963: len= 20 白胜 loss=28.2993 temp=1.00 total_env_steps=27923 t=0.06s
Ep  964: len= 17 黑胜 loss=28.3725 temp=1.00 total_env_steps=27940 t=0.05s
Ep  965: len= 39 黑胜 loss=28.1060 temp=1.00 total_env_steps=27979 t=0.09s
Ep  966: len= 16 白胜 loss=28.4232 temp=1.00 total_env_steps=27995 t=0.05s
Ep  967: len= 18 黑胜 loss=28.3193 temp=1.00 total_env_steps=28013 t=0.07s
Ep  968: len= 40 白胜 loss=28.0687 temp=1.00 total_env_steps=28053 t=0.11s
Ep  969: len= 36 白胜 loss=28.3006 temp=1.00 total_env_steps=28089 t=0.11s
Ep  970: len=  6 黑胜 loss=28.1086 temp=1.00 total_env_steps=28095 t=0.03s
Ep  971: len= 44 白胜 loss=28.3323 temp=1.00 total_env_steps=28139 t=0.12s
Ep  972: len= 44 白胜 loss=28.3409 temp=1.00 total_env_steps=28183 t=0.11s
Ep  973: len= 31 白胜 loss=28.3282 temp=1.00 total_env_steps=28214 t=0.08s
Ep  974: len= 41 黑胜 loss=28.2882 temp=1.00 total_env_steps=28255 t=0.11s
Ep  975: len= 40 白胜 loss=28.3426 temp=1.00 total_env_steps=28295 t=0.09s
Ep  976: len= 65 黑胜 loss=28.3273 temp=1.00 total_env_steps=28360 t=0.14s
Ep  977: len=  6 白胜 loss=28.3951 temp=1.00 total_env_steps=28366 t=0.03s
Ep  978: len= 30 白胜 loss=28.2831 temp=1.00 total_env_steps=28396 t=0.08s
Ep  979: len= 28 白胜 loss=28.3955 temp=1.00 total_env_steps=28424 t=0.08s
Ep  980: len= 52 白胜 loss=28.2106 temp=1.00 total_env_steps=28476 t=0.12s
Ep  981: len= 39 黑胜 loss=28.3148 temp=1.00 total_env_steps=28515 t=0.11s
Ep  982: len= 20 白胜 loss=28.3099 temp=1.00 total_env_steps=28535 t=0.06s
Ep  983: len= 36 白胜 loss=28.2205 temp=1.00 total_env_steps=28571 t=0.08s
Ep  984: len= 33 黑胜 loss=28.3456 temp=1.00 total_env_steps=28604 t=0.08s
Ep  985: len= 29 黑胜 loss=28.1636 temp=1.00 total_env_steps=28633 t=0.08s
Ep  986: len= 30 白胜 loss=28.4153 temp=1.00 total_env_steps=28663 t=0.08s
Ep  987: len= 31 黑胜 loss=28.5406 temp=1.00 total_env_steps=28694 t=0.08s
Ep  988: len=  2 白胜 loss=28.2366 temp=1.00 total_env_steps=28696 t=0.02s
Ep  989: len= 47 黑胜 loss=28.4389 temp=1.00 total_env_steps=28743 t=0.10s
Ep  990: len= 32 白胜 loss=28.2194 temp=1.00 total_env_steps=28775 t=0.09s
Ep  991: len= 34 白胜 loss=28.4041 temp=1.00 total_env_steps=28809 t=0.10s
Ep  992: len= 28 白胜 loss=28.3902 temp=1.00 total_env_steps=28837 t=0.09s
Ep  993: len= 37 黑胜 loss=28.1884 temp=1.00 total_env_steps=28874 t=0.10s
Ep  994: len= 53 黑胜 loss=28.1007 temp=1.00 total_env_steps=28927 t=0.12s
Ep  995: len= 51 黑胜 loss=28.4278 temp=1.00 total_env_steps=28978 t=0.13s
Ep  996: len= 33 黑胜 loss=28.3738 temp=1.00 total_env_steps=29011 t=0.09s
Ep  997: len= 32 白胜 loss=28.2770 temp=1.00 total_env_steps=29043 t=0.10s
Ep  998: len= 38 白胜 loss=28.3807 temp=1.00 total_env_steps=29081 t=0.11s
Ep  999: len= 39 黑胜 loss=28.2056 temp=1.00 total_env_steps=29120 t=0.09s
Ep 1000: len= 26 白胜 loss=28.1177 temp=1.00 total_env_steps=29146 t=0.07s
  eval vs Gomoku-random-v0: win_rate=1.00 mean_return=1.00（20 局，total_env_steps=29146）
  📸 已拍权重快照（ep=1000，gating 对弈基准）
Ep 1001: len= 27 黑胜 loss=28.2677 temp=1.00 total_env_steps=29173 t=0.07s
Ep 1002: len= 34 白胜 loss=28.2393 temp=1.00 total_env_steps=29207 t=0.08s
Ep 1003: len= 45 黑胜 loss=28.0803 temp=1.00 total_env_steps=29252 t=0.10s
Ep 1004: len= 44 白胜 loss=28.0669 temp=1.00 total_env_steps=29296 t=0.10s
Ep 1005: len= 38 白胜 loss=28.3894 temp=1.00 total_env_steps=29334 t=0.10s
Ep 1006: len= 43 黑胜 loss=28.3803 temp=1.00 total_env_steps=29377 t=0.12s
Ep 1007: len= 34 白胜 loss=28.4159 temp=1.00 total_env_steps=29411 t=0.09s
Ep 1008: len= 26 白胜 loss=28.3073 temp=1.00 total_env_steps=29437 t=0.08s
Ep 1009: len= 36 白胜 loss=28.2687 temp=1.00 total_env_steps=29473 t=0.09s
Ep 1010: len= 38 白胜 loss=28.2616 temp=1.00 total_env_steps=29511 t=0.09s
Ep 1011: len= 32 白胜 loss=28.3344 temp=1.00 total_env_steps=29543 t=0.08s
Ep 1012: len= 48 白胜 loss=28.3798 temp=1.00 total_env_steps=29591 t=0.11s
Ep 1013: len= 18 白胜 loss=28.1520 temp=1.00 total_env_steps=29609 t=0.06s
Ep 1014: len= 33 黑胜 loss=28.2739 temp=1.00 total_env_steps=29642 t=0.10s
Ep 1015: len= 34 白胜 loss=28.1642 temp=1.00 total_env_steps=29676 t=0.09s
Ep 1016: len= 56 白胜 loss=28.3740 temp=1.00 total_env_steps=29732 t=0.13s
Ep 1017: len= 28 白胜 loss=28.2068 temp=1.00 total_env_steps=29760 t=0.09s
Ep 1018: len= 35 白胜 loss=28.3353 temp=1.00 total_env_steps=29795 t=0.10s
Ep 1019: len= 38 白胜 loss=28.1326 temp=1.00 total_env_steps=29833 t=0.09s
Ep 1020: len= 35 黑胜 loss=28.3115 temp=1.00 total_env_steps=29868 t=0.09s
Ep 1021: len= 40 白胜 loss=28.2761 temp=1.00 total_env_steps=29908 t=0.09s
Ep 1022: len= 28 白胜 loss=28.2683 temp=1.00 total_env_steps=29936 t=0.07s
Ep 1023: len= 30 白胜 loss=28.0565 temp=1.00 total_env_steps=29966 t=0.08s
Ep 1024: len= 38 白胜 loss=28.4393 temp=1.00 total_env_steps=30004 t=0.11s
Ep 1025: len=  6 黑胜 loss=28.3303 temp=1.00 total_env_steps=30010 t=0.03s
Ep 1026: len= 45 黑胜 loss=28.2682 temp=1.00 total_env_steps=30055 t=0.10s
Ep 1027: len= 19 黑胜 loss=28.4136 temp=1.00 total_env_steps=30074 t=0.06s
Ep 1028: len= 23 白胜 loss=28.1335 temp=1.00 total_env_steps=30097 t=0.08s
Ep 1029: len= 30 白胜 loss=28.2568 temp=1.00 total_env_steps=30127 t=0.10s
Ep 1030: len= 18 白胜 loss=28.3454 temp=1.00 total_env_steps=30145 t=0.06s
Ep 1031: len= 35 黑胜 loss=28.3509 temp=1.00 total_env_steps=30180 t=0.11s
Ep 1032: len= 34 白胜 loss=28.2794 temp=1.00 total_env_steps=30214 t=0.09s
Ep 1033: len= 28 白胜 loss=28.1596 temp=1.00 total_env_steps=30242 t=0.09s
Ep 1034: len= 31 黑胜 loss=28.3581 temp=1.00 total_env_steps=30273 t=0.10s
Ep 1035: len= 45 黑胜 loss=28.1950 temp=1.00 total_env_steps=30318 t=0.11s
Ep 1036: len= 43 黑胜 loss=28.2942 temp=1.00 total_env_steps=30361 t=0.12s
Ep 1037: len= 40 白胜 loss=28.1390 temp=1.00 total_env_steps=30401 t=0.12s
Ep 1038: len= 33 黑胜 loss=28.0844 temp=1.00 total_env_steps=30434 t=0.10s
Ep 1039: len= 35 黑胜 loss=28.1161 temp=1.00 total_env_steps=30469 t=0.09s
Ep 1040: len= 22 黑胜 loss=27.9825 temp=1.00 total_env_steps=30491 t=0.07s
Ep 1041: len= 43 黑胜 loss=28.5629 temp=1.00 total_env_steps=30534 t=0.11s
Ep 1042: len= 66 白胜 loss=28.4160 temp=1.00 total_env_steps=30600 t=0.17s
Ep 1043: len= 39 黑胜 loss=28.0722 temp=1.00 total_env_steps=30639 t=0.13s
Ep 1044: len= 27 黑胜 loss=28.4893 temp=1.00 total_env_steps=30666 t=0.08s
Ep 1045: len= 43 黑胜 loss=28.4937 temp=1.00 total_env_steps=30709 t=0.11s
Ep 1046: len= 46 黑胜 loss=28.2762 temp=1.00 total_env_steps=30755 t=0.11s
Ep 1047: len= 37 黑胜 loss=28.2186 temp=1.00 total_env_steps=30792 t=0.10s
Ep 1048: len=  2 白胜 loss=28.3587 temp=1.00 total_env_steps=30794 t=0.03s
Ep 1049: len=  8 白胜 loss=28.1511 temp=1.00 total_env_steps=30802 t=0.04s
Ep 1050: len= 27 黑胜 loss=28.3902 temp=1.00 total_env_steps=30829 t=0.08s
Ep 1051: len= 12 白胜 loss=28.2435 temp=1.00 total_env_steps=30841 t=0.04s
Ep 1052: len=  4 黑胜 loss=28.1181 temp=1.00 total_env_steps=30845 t=0.03s
Ep 1053: len= 47 黑胜 loss=28.2467 temp=1.00 total_env_steps=30892 t=0.12s
Ep 1054: len= 47 黑胜 loss=28.3440 temp=1.00 total_env_steps=30939 t=0.11s
Ep 1055: len=  8 黑胜 loss=28.4286 temp=1.00 total_env_steps=30947 t=0.04s
Ep 1056: len=  2 黑胜 loss=28.0749 temp=1.00 total_env_steps=30949 t=0.02s
Ep 1057: len= 29 黑胜 loss=28.3142 temp=1.00 total_env_steps=30978 t=0.08s
Ep 1058: len= 49 黑胜 loss=28.3244 temp=1.00 total_env_steps=31027 t=0.12s
Ep 1059: len= 26 白胜 loss=28.1454 temp=1.00 total_env_steps=31053 t=0.08s
Ep 1060: len= 32 白胜 loss=28.2654 temp=1.00 total_env_steps=31085 t=0.08s
Ep 1061: len= 23 黑胜 loss=28.2267 temp=1.00 total_env_steps=31108 t=0.07s
Ep 1062: len= 43 黑胜 loss=28.1969 temp=1.00 total_env_steps=31151 t=0.11s
Ep 1063: len= 28 白胜 loss=28.2811 temp=1.00 total_env_steps=31179 t=0.08s
Ep 1064: len= 40 白胜 loss=28.1575 temp=1.00 total_env_steps=31219 t=0.09s
Ep 1065: len= 38 白胜 loss=28.3341 temp=1.00 total_env_steps=31257 t=0.10s
Ep 1066: len= 31 黑胜 loss=28.4428 temp=1.00 total_env_steps=31288 t=0.08s
Ep 1067: len= 26 白胜 loss=28.3537 temp=1.00 total_env_steps=31314 t=0.07s
Ep 1068: len= 22 白胜 loss=28.5085 temp=1.00 total_env_steps=31336 t=0.07s
Ep 1069: len= 39 黑胜 loss=28.3382 temp=1.00 total_env_steps=31375 t=0.10s
Ep 1070: len= 34 黑胜 loss=28.3313 temp=1.00 total_env_steps=31409 t=0.09s
Ep 1071: len= 16 黑胜 loss=28.3261 temp=1.00 total_env_steps=31425 t=0.06s
Ep 1072: len= 35 黑胜 loss=28.2774 temp=1.00 total_env_steps=31460 t=0.09s
Ep 1073: len= 27 黑胜 loss=28.1494 temp=1.00 total_env_steps=31487 t=0.08s
Ep 1074: len= 22 白胜 loss=28.1836 temp=1.00 total_env_steps=31509 t=0.07s
Ep 1075: len= 12 白胜 loss=28.3820 temp=1.00 total_env_steps=31521 t=0.05s
Ep 1076: len= 33 白胜 loss=28.3242 temp=1.00 total_env_steps=31554 t=0.09s
Ep 1077: len= 31 黑胜 loss=28.2083 temp=1.00 total_env_steps=31585 t=0.10s
Ep 1078: len= 22 白胜 loss=28.0795 temp=1.00 total_env_steps=31607 t=0.07s
Ep 1079: len= 47 黑胜 loss=28.2294 temp=1.00 total_env_steps=31654 t=0.12s
Ep 1080: len= 36 白胜 loss=28.2714 temp=1.00 total_env_steps=31690 t=0.10s
Ep 1081: len= 23 白胜 loss=28.2245 temp=1.00 total_env_steps=31713 t=0.07s
Ep 1082: len= 43 黑胜 loss=28.3087 temp=1.00 total_env_steps=31756 t=0.10s
Ep 1083: len= 52 白胜 loss=28.2137 temp=1.00 total_env_steps=31808 t=0.11s
Ep 1084: len= 31 黑胜 loss=28.1928 temp=1.00 total_env_steps=31839 t=0.07s
Ep 1085: len= 41 黑胜 loss=28.1777 temp=1.00 total_env_steps=31880 t=0.09s
Ep 1086: len= 37 黑胜 loss=28.1328 temp=1.00 total_env_steps=31917 t=0.11s
Ep 1087: len= 56 白胜 loss=28.2319 temp=1.00 total_env_steps=31973 t=0.12s
Ep 1088: len= 43 白胜 loss=28.2575 temp=1.00 total_env_steps=32016 t=0.10s
Ep 1089: len= 38 白胜 loss=28.2536 temp=1.00 total_env_steps=32054 t=0.10s
Ep 1090: len=  6 黑胜 loss=28.0622 temp=1.00 total_env_steps=32060 t=0.03s
Ep 1091: len= 37 黑胜 loss=28.4055 temp=1.00 total_env_steps=32097 t=0.08s
Ep 1092: len= 31 黑胜 loss=28.2997 temp=1.00 total_env_steps=32128 t=0.08s
Ep 1093: len= 28 白胜 loss=28.2026 temp=1.00 total_env_steps=32156 t=0.08s
Ep 1094: len= 42 白胜 loss=28.1135 temp=1.00 total_env_steps=32198 t=0.11s
Ep 1095: len= 36 白胜 loss=28.4272 temp=1.00 total_env_steps=32234 t=0.08s
Ep 1096: len= 31 黑胜 loss=28.2968 temp=1.00 total_env_steps=32265 t=0.08s
Ep 1097: len= 38 黑胜 loss=28.4097 temp=1.00 total_env_steps=32303 t=0.09s
Ep 1098: len= 35 黑胜 loss=28.1032 temp=1.00 total_env_steps=32338 t=0.09s
Ep 1099: len= 28 白胜 loss=28.2362 temp=1.00 total_env_steps=32366 t=0.08s
Ep 1100: len= 19 黑胜 loss=28.3419 temp=1.00 total_env_steps=32385 t=0.06s
Ep 1101: len= 46 白胜 loss=28.1751 temp=1.00 total_env_steps=32431 t=0.11s
Ep 1102: len= 15 黑胜 loss=28.2363 temp=1.00 total_env_steps=32446 t=0.05s
Ep 1103: len= 43 黑胜 loss=28.4051 temp=1.00 total_env_steps=32489 t=0.10s
Ep 1104: len= 38 白胜 loss=28.2487 temp=1.00 total_env_steps=32527 t=0.10s
Ep 1105: len= 28 白胜 loss=28.3985 temp=1.00 total_env_steps=32555 t=0.07s
Ep 1106: len= 26 白胜 loss=28.3785 temp=1.00 total_env_steps=32581 t=0.07s
Ep 1107: len=  4 黑胜 loss=28.2314 temp=1.00 total_env_steps=32585 t=0.03s
Ep 1108: len= 44 白胜 loss=28.2485 temp=1.00 total_env_steps=32629 t=0.11s
Ep 1109: len= 28 白胜 loss=28.1675 temp=1.00 total_env_steps=32657 t=0.08s
Ep 1110: len= 47 黑胜 loss=28.2487 temp=1.00 total_env_steps=32704 t=0.12s
Ep 1111: len= 37 黑胜 loss=27.9211 temp=1.00 total_env_steps=32741 t=0.10s
Ep 1112: len= 39 黑胜 loss=28.1930 temp=1.00 total_env_steps=32780 t=0.11s
Ep 1113: len= 34 白胜 loss=28.2457 temp=1.00 total_env_steps=32814 t=0.10s
Ep 1114: len= 51 黑胜 loss=28.3815 temp=1.00 total_env_steps=32865 t=0.12s
Ep 1115: len= 31 黑胜 loss=28.3786 temp=1.00 total_env_steps=32896 t=0.09s
Ep 1116: len= 28 白胜 loss=28.3072 temp=1.00 total_env_steps=32924 t=0.09s
Ep 1117: len= 20 白胜 loss=28.3980 temp=1.00 total_env_steps=32944 t=0.06s
Ep 1118: len= 34 白胜 loss=28.1281 temp=1.00 total_env_steps=32978 t=0.10s
Ep 1119: len= 50 白胜 loss=28.4497 temp=1.00 total_env_steps=33028 t=0.13s
Ep 1120: len= 40 白胜 loss=28.2272 temp=1.00 total_env_steps=33068 t=0.10s
Ep 1121: len= 37 黑胜 loss=28.1969 temp=1.00 total_env_steps=33105 t=0.10s
Ep 1122: len= 34 白胜 loss=28.2714 temp=1.00 total_env_steps=33139 t=0.09s
Ep 1123: len= 35 黑胜 loss=28.1472 temp=1.00 total_env_steps=33174 t=0.10s
Ep 1124: len= 28 白胜 loss=27.9979 temp=1.00 total_env_steps=33202 t=0.09s
Ep 1125: len=  6 黑胜 loss=28.0519 temp=1.00 total_env_steps=33208 t=0.03s
Ep 1126: len= 35 黑胜 loss=28.0961 temp=1.00 total_env_steps=33243 t=0.09s
Ep 1127: len= 23 黑胜 loss=28.4247 temp=1.00 total_env_steps=33266 t=0.08s
Ep 1128: len= 33 黑胜 loss=28.1726 temp=1.00 total_env_steps=33299 t=0.08s
Ep 1129: len=  2 黑胜 loss=28.1421 temp=1.00 total_env_steps=33301 t=0.02s
Ep 1130: len=  6 白胜 loss=28.0898 temp=1.00 total_env_steps=33307 t=0.04s
Ep 1131: len=  6 白胜 loss=28.1631 temp=1.00 total_env_steps=33313 t=0.04s
Ep 1132: len= 41 黑胜 loss=28.3162 temp=1.00 total_env_steps=33354 t=0.10s
Ep 1133: len= 32 白胜 loss=28.4089 temp=1.00 total_env_steps=33386 t=0.09s
Ep 1134: len= 14 黑胜 loss=28.3481 temp=1.00 total_env_steps=33400 t=0.05s
Ep 1135: len=  4 黑胜 loss=28.2929 temp=1.00 total_env_steps=33404 t=0.03s
Ep 1136: len= 29 黑胜 loss=28.1115 temp=1.00 total_env_steps=33433 t=0.08s
Ep 1137: len= 36 白胜 loss=28.0990 temp=1.00 total_env_steps=33469 t=0.10s
Ep 1138: len= 44 白胜 loss=28.3933 temp=1.00 total_env_steps=33513 t=0.10s
Ep 1139: len= 36 白胜 loss=28.3785 temp=1.00 total_env_steps=33549 t=0.10s
Ep 1140: len= 37 黑胜 loss=28.1360 temp=1.00 total_env_steps=33586 t=0.09s
Ep 1141: len=  2 白胜 loss=28.3891 temp=1.00 total_env_steps=33588 t=0.03s
Ep 1142: len= 58 白胜 loss=28.2372 temp=1.00 total_env_steps=33646 t=0.15s
Ep 1143: len= 14 白胜 loss=28.2520 temp=1.00 total_env_steps=33660 t=0.06s
Ep 1144: len= 22 黑胜 loss=28.0701 temp=1.00 total_env_steps=33682 t=0.08s
Ep 1145: len= 21 白胜 loss=28.2880 temp=1.00 total_env_steps=33703 t=0.10s
Ep 1146: len= 11 黑胜 loss=28.1035 temp=1.00 total_env_steps=33714 t=0.05s
Ep 1147: len= 51 黑胜 loss=28.0071 temp=1.00 total_env_steps=33765 t=0.13s
Ep 1148: len= 28 白胜 loss=27.9914 temp=1.00 total_env_steps=33793 t=0.08s
Ep 1149: len= 12 白胜 loss=28.3193 temp=1.00 total_env_steps=33805 t=0.04s
Ep 1150: len= 17 黑胜 loss=28.2334 temp=1.00 total_env_steps=33822 t=0.06s
Ep 1151: len= 23 黑胜 loss=28.3606 temp=1.00 total_env_steps=33845 t=0.08s
Ep 1152: len= 21 黑胜 loss=28.3416 temp=1.00 total_env_steps=33866 t=0.06s
Ep 1153: len=  2 白胜 loss=28.3197 temp=1.00 total_env_steps=33868 t=0.03s
Ep 1154: len= 27 黑胜 loss=28.4221 temp=1.00 total_env_steps=33895 t=0.08s
Ep 1155: len= 18 黑胜 loss=28.0569 temp=1.00 total_env_steps=33913 t=0.06s
Ep 1156: len= 24 黑胜 loss=28.3239 temp=1.00 total_env_steps=33937 t=0.08s
Ep 1157: len= 26 白胜 loss=28.3506 temp=1.00 total_env_steps=33963 t=0.08s
Ep 1158: len= 31 黑胜 loss=28.3484 temp=1.00 total_env_steps=33994 t=0.09s
Ep 1159: len= 41 黑胜 loss=28.1011 temp=1.00 total_env_steps=34035 t=0.12s
Ep 1160: len= 32 黑胜 loss=28.4847 temp=1.00 total_env_steps=34067 t=0.10s
Ep 1161: len= 30 白胜 loss=28.1854 temp=1.00 total_env_steps=34097 t=0.09s
Ep 1162: len= 14 白胜 loss=28.3697 temp=1.00 total_env_steps=34111 t=0.06s
Ep 1163: len=  2 白胜 loss=28.2355 temp=1.00 total_env_steps=34113 t=0.03s
Ep 1164: len=  2 白胜 loss=28.4223 temp=1.00 total_env_steps=34115 t=0.03s
Ep 1165: len= 39 黑胜 loss=28.3147 temp=1.00 total_env_steps=34154 t=0.10s
Ep 1166: len=  4 白胜 loss=28.1756 temp=1.00 total_env_steps=34158 t=0.03s
Ep 1167: len= 26 白胜 loss=28.2324 temp=1.00 total_env_steps=34184 t=0.07s
Ep 1168: len= 36 白胜 loss=28.2798 temp=1.00 total_env_steps=34220 t=0.09s
Ep 1169: len= 28 白胜 loss=28.1136 temp=1.00 total_env_steps=34248 t=0.08s
Ep 1170: len= 39 黑胜 loss=28.3826 temp=1.00 total_env_steps=34287 t=0.11s
Ep 1171: len=  2 白胜 loss=28.0990 temp=1.00 total_env_steps=34289 t=0.03s
Ep 1172: len= 14 黑胜 loss=28.2088 temp=1.00 total_env_steps=34303 t=0.05s
Ep 1173: len= 47 黑胜 loss=28.2190 temp=1.00 total_env_steps=34350 t=0.12s
Ep 1174: len= 51 黑胜 loss=28.0734 temp=1.00 total_env_steps=34401 t=0.13s
Ep 1175: len= 37 黑胜 loss=28.3370 temp=1.00 total_env_steps=34438 t=0.09s
Ep 1176: len= 23 黑胜 loss=28.3477 temp=1.00 total_env_steps=34461 t=0.06s
Ep 1177: len= 28 白胜 loss=28.3316 temp=1.00 total_env_steps=34489 t=0.07s
Ep 1178: len= 24 白胜 loss=28.3639 temp=1.00 total_env_steps=34513 t=0.07s
Ep 1179: len= 38 白胜 loss=28.1989 temp=1.00 total_env_steps=34551 t=0.10s
Ep 1180: len= 37 黑胜 loss=28.0344 temp=1.00 total_env_steps=34588 t=0.10s
Ep 1181: len= 34 白胜 loss=28.2321 temp=1.00 total_env_steps=34622 t=0.08s
Ep 1182: len= 44 白胜 loss=28.0878 temp=1.00 total_env_steps=34666 t=0.11s
Ep 1183: len= 29 黑胜 loss=28.1163 temp=1.00 total_env_steps=34695 t=0.09s
Ep 1184: len=  2 白胜 loss=28.0260 temp=1.00 total_env_steps=34697 t=0.02s
Ep 1185: len= 36 白胜 loss=28.0281 temp=1.00 total_env_steps=34733 t=0.09s
Ep 1186: len= 19 黑胜 loss=28.2243 temp=1.00 total_env_steps=34752 t=0.05s
Ep 1187: len= 21 黑胜 loss=28.2069 temp=1.00 total_env_steps=34773 t=0.06s
Ep 1188: len= 45 黑胜 loss=28.1984 temp=1.00 total_env_steps=34818 t=0.12s
Ep 1189: len= 36 白胜 loss=28.3155 temp=1.00 total_env_steps=34854 t=0.09s
Ep 1190: len=  9 白胜 loss=28.1387 temp=1.00 total_env_steps=34863 t=0.04s
Ep 1191: len= 51 黑胜 loss=28.1150 temp=1.00 total_env_steps=34914 t=0.13s
Ep 1192: len= 41 黑胜 loss=28.1351 temp=1.00 total_env_steps=34955 t=0.12s
Ep 1193: len= 34 黑胜 loss=28.3678 temp=1.00 total_env_steps=34989 t=0.09s
Ep 1194: len= 31 黑胜 loss=28.4130 temp=1.00 total_env_steps=35020 t=0.07s
Ep 1195: len= 22 白胜 loss=28.3751 temp=1.00 total_env_steps=35042 t=0.06s
Ep 1196: len= 36 白胜 loss=28.2861 temp=1.00 total_env_steps=35078 t=0.10s
Ep 1197: len= 35 黑胜 loss=28.1810 temp=1.00 total_env_steps=35113 t=0.09s
Ep 1198: len= 33 黑胜 loss=28.1042 temp=1.00 total_env_steps=35146 t=0.09s
Ep 1199: len= 27 黑胜 loss=28.1516 temp=1.00 total_env_steps=35173 t=0.08s
Ep 1200: len= 33 黑胜 loss=28.2084 temp=1.00 total_env_steps=35206 t=0.08s
  eval vs Gomoku-random-v0: win_rate=1.00 mean_return=1.00（20 局，total_env_steps=35206）
Ep 1201: len= 42 白胜 loss=28.3273 temp=1.00 total_env_steps=35248 t=0.09s
Ep 1202: len= 23 黑胜 loss=28.0625 temp=1.00 total_env_steps=35271 t=0.07s
Ep 1203: len= 27 黑胜 loss=28.2014 temp=1.00 total_env_steps=35298 t=0.08s
Ep 1204: len= 37 黑胜 loss=28.3316 temp=1.00 total_env_steps=35335 t=0.11s
Ep 1205: len= 40 白胜 loss=28.2970 temp=1.00 total_env_steps=35375 t=0.10s
Ep 1206: len= 18 白胜 loss=28.2343 temp=1.00 total_env_steps=35393 t=0.06s
Ep 1207: len= 36 白胜 loss=28.3125 temp=1.00 total_env_steps=35429 t=0.09s
Ep 1208: len= 41 白胜 loss=28.3567 temp=1.00 total_env_steps=35470 t=0.09s
Ep 1209: len= 56 白胜 loss=28.1746 temp=1.00 total_env_steps=35526 t=0.12s
Ep 1210: len= 28 白胜 loss=28.4205 temp=1.00 total_env_steps=35554 t=0.07s
Ep 1211: len= 46 白胜 loss=28.2758 temp=1.00 total_env_steps=35600 t=0.11s
Ep 1212: len= 20 白胜 loss=28.2378 temp=1.00 total_env_steps=35620 t=0.05s
Ep 1213: len= 44 白胜 loss=28.1887 temp=1.00 total_env_steps=35664 t=0.10s
Ep 1214: len=  2 白胜 loss=27.9809 temp=1.00 total_env_steps=35666 t=0.03s
Ep 1215: len=  4 黑胜 loss=28.2724 temp=1.00 total_env_steps=35670 t=0.03s
Ep 1216: len= 31 白胜 loss=28.1860 temp=1.00 total_env_steps=35701 t=0.09s
Ep 1217: len= 22 黑胜 loss=28.1622 temp=1.00 total_env_steps=35723 t=0.06s
Ep 1218: len= 59 黑胜 loss=28.0982 temp=1.00 total_env_steps=35782 t=0.13s
Ep 1219: len= 44 白胜 loss=28.0530 temp=1.00 total_env_steps=35826 t=0.11s
Ep 1220: len= 45 黑胜 loss=28.1309 temp=1.00 total_env_steps=35871 t=0.10s
Ep 1221: len= 31 黑胜 loss=28.2217 temp=1.00 total_env_steps=35902 t=0.09s
Ep 1222: len= 42 白胜 loss=28.1323 temp=1.00 total_env_steps=35944 t=0.10s
Ep 1223: len= 14 黑胜 loss=28.2961 temp=1.00 total_env_steps=35958 t=0.05s
Ep 1224: len= 30 黑胜 loss=28.0593 temp=1.00 total_env_steps=35988 t=0.09s
Ep 1225: len=  4 白胜 loss=27.9568 temp=1.00 total_env_steps=35992 t=0.03s
Ep 1226: len=  8 白胜 loss=28.3882 temp=1.00 total_env_steps=36000 t=0.04s
Ep 1227: len= 25 黑胜 loss=28.2465 temp=1.00 total_env_steps=36025 t=0.08s
Ep 1228: len= 28 白胜 loss=28.2422 temp=1.00 total_env_steps=36053 t=0.10s
Ep 1229: len= 17 黑胜 loss=28.2459 temp=1.00 total_env_steps=36070 t=0.06s
Ep 1230: len= 34 白胜 loss=28.3280 temp=1.00 total_env_steps=36104 t=0.09s
Ep 1231: len= 35 黑胜 loss=28.0417 temp=1.00 total_env_steps=36139 t=0.10s
Ep 1232: len= 31 黑胜 loss=28.3873 temp=1.00 total_env_steps=36170 t=0.08s
Ep 1233: len= 37 黑胜 loss=28.1715 temp=1.00 total_env_steps=36207 t=0.10s
Ep 1234: len=  2 白胜 loss=28.2622 temp=1.00 total_env_steps=36209 t=0.03s
Ep 1235: len= 40 白胜 loss=28.3574 temp=1.00 total_env_steps=36249 t=0.10s
Ep 1236: len= 52 白胜 loss=28.4011 temp=1.00 total_env_steps=36301 t=0.13s
Ep 1237: len= 10 白胜 loss=28.3522 temp=1.00 total_env_steps=36311 t=0.04s
Ep 1238: len= 31 黑胜 loss=28.2098 temp=1.00 total_env_steps=36342 t=0.09s
Ep 1239: len=  2 白胜 loss=28.1452 temp=1.00 total_env_steps=36344 t=0.03s
Ep 1240: len= 36 白胜 loss=28.2141 temp=1.00 total_env_steps=36380 t=0.11s
Ep 1241: len= 25 黑胜 loss=28.1558 temp=1.00 total_env_steps=36405 t=0.08s
Ep 1242: len= 38 白胜 loss=28.2410 temp=1.00 total_env_steps=36443 t=0.10s
Ep 1243: len= 18 白胜 loss=28.1479 temp=1.00 total_env_steps=36461 t=0.06s
Ep 1244: len=  6 黑胜 loss=28.4169 temp=1.00 total_env_steps=36467 t=0.04s
Ep 1245: len= 36 白胜 loss=28.2800 temp=1.00 total_env_steps=36503 t=0.09s
Ep 1246: len= 36 白胜 loss=28.4816 temp=1.00 total_env_steps=36539 t=0.09s
Ep 1247: len= 40 白胜 loss=28.3122 temp=1.00 total_env_steps=36579 t=0.10s
Ep 1248: len=  6 黑胜 loss=28.3134 temp=1.00 total_env_steps=36585 t=0.03s
Ep 1249: len= 31 黑胜 loss=28.2062 temp=1.00 total_env_steps=36616 t=0.09s
Ep 1250: len=  2 白胜 loss=28.2709 temp=1.00 total_env_steps=36618 t=0.03s
Ep 1251: len= 48 白胜 loss=28.1645 temp=1.00 total_env_steps=36666 t=0.13s
Ep 1252: len= 25 黑胜 loss=28.2565 temp=1.00 total_env_steps=36691 t=0.06s
Ep 1253: len=  6 白胜 loss=28.3054 temp=1.00 total_env_steps=36697 t=0.04s
Ep 1254: len= 36 白胜 loss=28.3080 temp=1.00 total_env_steps=36733 t=0.08s
Ep 1255: len= 52 白胜 loss=28.0935 temp=1.00 total_env_steps=36785 t=0.12s
Ep 1256: len= 24 白胜 loss=28.2469 temp=1.00 total_env_steps=36809 t=0.07s
Ep 1257: len= 44 白胜 loss=28.0731 temp=1.00 total_env_steps=36853 t=0.10s
Ep 1258: len= 25 黑胜 loss=28.2203 temp=1.00 total_env_steps=36878 t=0.08s
Ep 1259: len= 30 白胜 loss=28.3529 temp=1.00 total_env_steps=36908 t=0.08s
Ep 1260: len= 44 白胜 loss=28.3499 temp=1.00 total_env_steps=36952 t=0.10s
Ep 1261: len= 26 白胜 loss=28.4985 temp=1.00 total_env_steps=36978 t=0.07s
Ep 1262: len= 49 黑胜 loss=28.2543 temp=1.00 total_env_steps=37027 t=0.11s
Ep 1263: len= 30 白胜 loss=28.3479 temp=1.00 total_env_steps=37057 t=0.08s
Ep 1264: len= 39 黑胜 loss=28.1810 temp=1.00 total_env_steps=37096 t=0.10s
Ep 1265: len= 30 白胜 loss=28.1154 temp=1.00 total_env_steps=37126 t=0.09s
Ep 1266: len= 40 白胜 loss=28.0036 temp=1.00 total_env_steps=37166 t=0.11s
Ep 1267: len= 43 黑胜 loss=28.2938 temp=1.00 total_env_steps=37209 t=0.12s
Ep 1268: len= 49 黑胜 loss=28.4002 temp=1.00 total_env_steps=37258 t=0.12s
Ep 1269: len= 30 白胜 loss=28.1932 temp=1.00 total_env_steps=37288 t=0.09s
Ep 1270: len= 43 黑胜 loss=28.1586 temp=1.00 total_env_steps=37331 t=0.11s
Ep 1271: len= 45 黑胜 loss=28.3371 temp=1.00 total_env_steps=37376 t=0.11s
Ep 1272: len= 32 白胜 loss=28.3726 temp=1.00 total_env_steps=37408 t=0.09s
Ep 1273: len= 30 白胜 loss=28.2300 temp=1.00 total_env_steps=37438 t=0.08s
Ep 1274: len= 46 白胜 loss=28.3786 temp=1.00 total_env_steps=37484 t=0.12s
Ep 1275: len= 47 黑胜 loss=28.1100 temp=1.00 total_env_steps=37531 t=0.12s
Ep 1276: len= 38 白胜 loss=28.1930 temp=1.00 total_env_steps=37569 t=0.10s
Ep 1277: len=  2 白胜 loss=28.2645 temp=1.00 total_env_steps=37571 t=0.03s
Ep 1278: len= 21 白胜 loss=28.2195 temp=1.00 total_env_steps=37592 t=0.08s
Ep 1279: len= 57 黑胜 loss=28.1525 temp=1.00 total_env_steps=37649 t=0.15s
Ep 1280: len= 10 黑胜 loss=28.0846 temp=1.00 total_env_steps=37659 t=0.04s
Ep 1281: len= 41 黑胜 loss=28.0187 temp=1.00 total_env_steps=37700 t=0.10s
Ep 1282: len= 35 黑胜 loss=28.1132 temp=1.00 total_env_steps=37735 t=0.09s
Ep 1283: len= 39 黑胜 loss=28.3681 temp=1.00 total_env_steps=37774 t=0.10s
Ep 1284: len= 35 黑胜 loss=28.3312 temp=1.00 total_env_steps=37809 t=0.11s
Ep 1285: len= 36 黑胜 loss=28.3283 temp=1.00 total_env_steps=37845 t=0.12s
Ep 1286: len= 35 黑胜 loss=28.2642 temp=1.00 total_env_steps=37880 t=0.09s
Ep 1287: len= 17 黑胜 loss=28.1159 temp=1.00 total_env_steps=37897 t=0.08s
Ep 1288: len=  6 白胜 loss=28.4099 temp=1.00 total_env_steps=37903 t=0.05s
Ep 1289: len= 40 白胜 loss=28.1789 temp=1.00 total_env_steps=37943 t=0.14s
Ep 1290: len= 19 黑胜 loss=28.4057 temp=1.00 total_env_steps=37962 t=0.07s
Ep 1291: len= 43 黑胜 loss=28.0099 temp=1.00 total_env_steps=38005 t=0.12s
Ep 1292: len=  4 黑胜 loss=28.1206 temp=1.00 total_env_steps=38009 t=0.04s
Ep 1293: len= 25 白胜 loss=28.2053 temp=1.00 total_env_steps=38034 t=0.09s
Ep 1294: len= 40 白胜 loss=28.1554 temp=1.00 total_env_steps=38074 t=0.12s
Ep 1295: len= 37 黑胜 loss=28.2969 temp=1.00 total_env_steps=38111 t=0.10s
Ep 1296: len= 30 白胜 loss=28.2328 temp=1.00 total_env_steps=38141 t=0.09s
Ep 1297: len= 24 黑胜 loss=28.3217 temp=1.00 total_env_steps=38165 t=0.07s
Ep 1298: len= 30 白胜 loss=28.1634 temp=1.00 total_env_steps=38195 t=0.08s
Ep 1299: len= 30 白胜 loss=27.9883 temp=1.00 total_env_steps=38225 t=0.08s
Ep 1300: len=  2 黑胜 loss=28.1894 temp=1.00 total_env_steps=38227 t=0.03s
Ep 1301: len= 34 白胜 loss=28.4401 temp=1.00 total_env_steps=38261 t=0.10s
Ep 1302: len= 28 白胜 loss=28.4157 temp=1.00 total_env_steps=38289 t=0.08s
Ep 1303: len= 25 黑胜 loss=28.3939 temp=1.00 total_env_steps=38314 t=0.08s
Ep 1304: len= 48 白胜 loss=28.2575 temp=1.00 total_env_steps=38362 t=0.12s
Ep 1305: len= 40 白胜 loss=28.3753 temp=1.00 total_env_steps=38402 t=0.10s
Ep 1306: len= 40 白胜 loss=28.0196 temp=1.00 total_env_steps=38442 t=0.11s
Ep 1307: len= 38 白胜 loss=28.0954 temp=1.00 total_env_steps=38480 t=0.09s
Ep 1308: len= 28 白胜 loss=28.1801 temp=1.00 total_env_steps=38508 t=0.09s
Ep 1309: len= 30 白胜 loss=28.1740 temp=1.00 total_env_steps=38538 t=0.09s
Ep 1310: len= 32 白胜 loss=28.2833 temp=1.00 total_env_steps=38570 t=0.08s
Ep 1311: len=  2 白胜 loss=28.3546 temp=1.00 total_env_steps=38572 t=0.03s
Ep 1312: len= 53 黑胜 loss=28.1214 temp=1.00 total_env_steps=38625 t=0.12s
Ep 1313: len= 47 黑胜 loss=28.1648 temp=1.00 total_env_steps=38672 t=0.12s
Ep 1314: len=  8 黑胜 loss=28.1681 temp=1.00 total_env_steps=38680 t=0.04s
Ep 1315: len= 33 黑胜 loss=28.2108 temp=1.00 total_env_steps=38713 t=0.10s
Ep 1316: len= 30 白胜 loss=28.2310 temp=1.00 total_env_steps=38743 t=0.09s
Ep 1317: len= 53 黑胜 loss=28.2246 temp=1.00 total_env_steps=38796 t=0.13s
Ep 1318: len= 41 黑胜 loss=28.1481 temp=1.00 total_env_steps=38837 t=0.11s
Ep 1319: len= 39 黑胜 loss=28.4816 temp=1.00 total_env_steps=38876 t=0.14s
Ep 1320: len= 37 黑胜 loss=28.2776 temp=1.00 total_env_steps=38913 t=0.11s
Ep 1321: len= 34 黑胜 loss=28.1844 temp=1.00 total_env_steps=38947 t=0.09s
Ep 1322: len= 32 白胜 loss=28.4216 temp=1.00 total_env_steps=38979 t=0.09s
Ep 1323: len= 37 黑胜 loss=27.9674 temp=1.00 total_env_steps=39016 t=0.10s
Ep 1324: len= 27 黑胜 loss=28.2670 temp=1.00 total_env_steps=39043 t=0.07s
Ep 1325: len= 32 白胜 loss=28.3091 temp=1.00 total_env_steps=39075 t=0.10s
Ep 1326: len= 15 黑胜 loss=28.2459 temp=1.00 total_env_steps=39090 t=0.06s
Ep 1327: len= 33 黑胜 loss=28.3092 temp=1.00 total_env_steps=39123 t=0.08s
Ep 1328: len= 33 黑胜 loss=28.2720 temp=1.00 total_env_steps=39156 t=0.09s
Ep 1329: len= 33 黑胜 loss=27.9742 temp=1.00 total_env_steps=39189 t=0.10s
Ep 1330: len= 29 黑胜 loss=28.3028 temp=1.00 total_env_steps=39218 t=0.08s
Ep 1331: len= 19 黑胜 loss=28.3395 temp=1.00 total_env_steps=39237 t=0.07s
Ep 1332: len= 28 白胜 loss=28.3251 temp=1.00 total_env_steps=39265 t=0.09s
Ep 1333: len= 29 黑胜 loss=28.0933 temp=1.00 total_env_steps=39294 t=0.09s
Ep 1334: len= 21 黑胜 loss=28.1734 temp=1.00 total_env_steps=39315 t=0.07s
Ep 1335: len= 29 黑胜 loss=28.1867 temp=1.00 total_env_steps=39344 t=0.09s
Ep 1336: len= 54 白胜 loss=28.1346 temp=1.00 total_env_steps=39398 t=0.12s
Ep 1337: len= 25 黑胜 loss=28.4109 temp=1.00 total_env_steps=39423 t=0.07s
Ep 1338: len= 14 白胜 loss=28.3391 temp=1.00 total_env_steps=39437 t=0.05s
Ep 1339: len= 24 白胜 loss=28.1492 temp=1.00 total_env_steps=39461 t=0.08s
Ep 1340: len= 36 白胜 loss=28.1550 temp=1.00 total_env_steps=39497 t=0.10s
Ep 1341: len= 26 白胜 loss=28.1630 temp=1.00 total_env_steps=39523 t=0.08s
Ep 1342: len= 32 白胜 loss=28.2861 temp=1.00 total_env_steps=39555 t=0.08s
Ep 1343: len= 45 黑胜 loss=28.0370 temp=1.00 total_env_steps=39600 t=0.11s
Ep 1344: len= 48 白胜 loss=28.1696 temp=1.00 total_env_steps=39648 t=0.12s
Ep 1345: len=  2 白胜 loss=28.0365 temp=1.00 total_env_steps=39650 t=0.02s
Ep 1346: len=  2 黑胜 loss=28.2536 temp=1.00 total_env_steps=39652 t=0.03s
Ep 1347: len= 45 黑胜 loss=28.2316 temp=1.00 total_env_steps=39697 t=0.13s
Ep 1348: len= 79 黑胜 loss=28.4516 temp=1.00 total_env_steps=39776 t=0.17s
Ep 1349: len= 29 黑胜 loss=28.1761 temp=1.00 total_env_steps=39805 t=0.10s
Ep 1350: len= 30 白胜 loss=28.1472 temp=1.00 total_env_steps=39835 t=0.09s
Ep 1351: len= 26 白胜 loss=28.2044 temp=1.00 total_env_steps=39861 t=0.08s
Ep 1352: len=  2 黑胜 loss=28.0712 temp=1.00 total_env_steps=39863 t=0.03s
Ep 1353: len= 39 黑胜 loss=28.2242 temp=1.00 total_env_steps=39902 t=0.13s
Ep 1354: len= 38 白胜 loss=28.1940 temp=1.00 total_env_steps=39940 t=0.11s
Ep 1355: len=  2 黑胜 loss=28.3228 temp=1.00 total_env_steps=39942 t=0.02s
Ep 1356: len= 38 白胜 loss=28.2420 temp=1.00 total_env_steps=39980 t=0.09s
Ep 1357: len= 31 黑胜 loss=28.1711 temp=1.00 total_env_steps=40011 t=0.09s
Ep 1358: len= 35 黑胜 loss=28.1231 temp=1.00 total_env_steps=40046 t=0.09s
Ep 1359: len= 37 黑胜 loss=28.1395 temp=1.00 total_env_steps=40083 t=0.09s
Ep 1360: len= 23 黑胜 loss=28.2844 temp=1.00 total_env_steps=40106 t=0.06s
Ep 1361: len= 29 黑胜 loss=28.4006 temp=1.00 total_env_steps=40135 t=0.08s
Ep 1362: len= 43 黑胜 loss=28.3109 temp=1.00 total_env_steps=40178 t=0.11s
Ep 1363: len= 42 白胜 loss=28.3860 temp=1.00 total_env_steps=40220 t=0.11s
Ep 1364: len= 48 白胜 loss=28.2123 temp=1.00 total_env_steps=40268 t=0.14s
Ep 1365: len= 41 黑胜 loss=28.2789 temp=1.00 total_env_steps=40309 t=0.10s
Ep 1366: len= 43 黑胜 loss=28.2185 temp=1.00 total_env_steps=40352 t=0.11s
Ep 1367: len= 36 黑胜 loss=28.2504 temp=1.00 total_env_steps=40388 t=0.10s
Ep 1368: len= 31 黑胜 loss=28.2116 temp=1.00 total_env_steps=40419 t=0.07s
Ep 1369: len= 28 白胜 loss=28.3260 temp=1.00 total_env_steps=40447 t=0.07s
Ep 1370: len= 33 黑胜 loss=28.2588 temp=1.00 total_env_steps=40480 t=0.10s
Ep 1371: len= 18 白胜 loss=28.3530 temp=1.00 total_env_steps=40498 t=0.07s
Ep 1372: len= 38 白胜 loss=28.1637 temp=1.00 total_env_steps=40536 t=0.11s
Ep 1373: len= 43 黑胜 loss=28.0903 temp=1.00 total_env_steps=40579 t=0.12s
Ep 1374: len= 22 白胜 loss=28.1126 temp=1.00 total_env_steps=40601 t=0.07s
Ep 1375: len= 29 黑胜 loss=28.3080 temp=1.00 total_env_steps=40630 t=0.08s
Ep 1376: len= 40 白胜 loss=28.5092 temp=1.00 total_env_steps=40670 t=0.11s
Ep 1377: len= 37 黑胜 loss=28.1379 temp=1.00 total_env_steps=40707 t=0.10s
Ep 1378: len= 35 黑胜 loss=28.3075 temp=1.00 total_env_steps=40742 t=0.10s
Ep 1379: len= 28 白胜 loss=28.3693 temp=1.00 total_env_steps=40770 t=0.07s
Ep 1380: len= 36 白胜 loss=28.2889 temp=1.00 total_env_steps=40806 t=0.09s
Ep 1381: len= 31 黑胜 loss=28.1492 temp=1.00 total_env_steps=40837 t=0.09s
Ep 1382: len= 31 白胜 loss=28.1835 temp=1.00 total_env_steps=40868 t=0.08s
Ep 1383: len= 30 白胜 loss=28.3442 temp=1.00 total_env_steps=40898 t=0.08s
Ep 1384: len=  2 黑胜 loss=28.0853 temp=1.00 total_env_steps=40900 t=0.02s
Ep 1385: len= 28 白胜 loss=28.3589 temp=1.00 total_env_steps=40928 t=0.07s
Ep 1386: len= 27 黑胜 loss=28.3585 temp=1.00 total_env_steps=40955 t=0.08s
Ep 1387: len= 44 白胜 loss=28.2328 temp=1.00 total_env_steps=40999 t=0.13s
Ep 1388: len= 44 白胜 loss=28.4086 temp=1.00 total_env_steps=41043 t=0.12s
Ep 1389: len= 25 黑胜 loss=28.1992 temp=1.00 total_env_steps=41068 t=0.08s
Ep 1390: len= 16 白胜 loss=28.4029 temp=1.00 total_env_steps=41084 t=0.06s
Ep 1391: len= 45 黑胜 loss=28.4498 temp=1.00 total_env_steps=41129 t=0.12s
Ep 1392: len=  6 黑胜 loss=28.2167 temp=1.00 total_env_steps=41135 t=0.03s
Ep 1393: len= 55 黑胜 loss=28.2496 temp=1.00 total_env_steps=41190 t=0.13s
Ep 1394: len= 34 白胜 loss=28.1769 temp=1.00 total_env_steps=41224 t=0.09s
Ep 1395: len= 39 黑胜 loss=27.9156 temp=1.00 total_env_steps=41263 t=0.10s
Ep 1396: len= 50 白胜 loss=28.1511 temp=1.00 total_env_steps=41313 t=0.13s
Ep 1397: len= 34 白胜 loss=28.3005 temp=1.00 total_env_steps=41347 t=0.09s
Ep 1398: len=  2 黑胜 loss=28.2129 temp=1.00 total_env_steps=41349 t=0.04s
Ep 1399: len= 26 白胜 loss=28.0371 temp=1.00 total_env_steps=41375 t=0.09s
Ep 1400: len= 27 黑胜 loss=28.1479 temp=1.00 total_env_steps=41402 t=0.08s
  eval vs Gomoku-random-v0: win_rate=1.00 mean_return=1.00（20 局，total_env_steps=41402）
Ep 1401: len= 38 白胜 loss=28.1829 temp=1.00 total_env_steps=41440 t=0.10s
Ep 1402: len= 33 黑胜 loss=27.9762 temp=1.00 total_env_steps=41473 t=0.11s
Ep 1403: len= 37 黑胜 loss=28.3151 temp=1.00 total_env_steps=41510 t=0.13s
Ep 1404: len= 35 黑胜 loss=28.1916 temp=1.00 total_env_steps=41545 t=0.10s
Ep 1405: len= 41 黑胜 loss=28.0772 temp=1.00 total_env_steps=41586 t=0.10s
Ep 1406: len= 45 黑胜 loss=28.2732 temp=1.00 total_env_steps=41631 t=0.12s
Ep 1407: len= 18 黑胜 loss=28.1525 temp=1.00 total_env_steps=41649 t=0.06s
Ep 1408: len= 34 白胜 loss=28.2679 temp=1.00 total_env_steps=41683 t=0.10s
Ep 1409: len= 33 黑胜 loss=28.3189 temp=1.00 total_env_steps=41716 t=0.09s
Ep 1410: len=  2 黑胜 loss=28.4312 temp=1.00 total_env_steps=41718 t=0.02s
Ep 1411: len= 30 白胜 loss=28.2911 temp=1.00 total_env_steps=41748 t=0.09s
Ep 1412: len= 31 黑胜 loss=28.4200 temp=1.00 total_env_steps=41779 t=0.10s
Ep 1413: len= 45 黑胜 loss=28.1458 temp=1.00 total_env_steps=41824 t=0.13s
Ep 1414: len= 43 黑胜 loss=28.3012 temp=1.00 total_env_steps=41867 t=0.12s
Ep 1415: len= 17 黑胜 loss=28.2503 temp=1.00 total_env_steps=41884 t=0.06s
Ep 1416: len= 31 黑胜 loss=28.3246 temp=1.00 total_env_steps=41915 t=0.08s
Ep 1417: len= 37 黑胜 loss=28.2865 temp=1.00 total_env_steps=41952 t=0.11s
Ep 1418: len= 10 白胜 loss=28.1713 temp=1.00 total_env_steps=41962 t=0.04s
Ep 1419: len= 49 黑胜 loss=28.2443 temp=1.00 total_env_steps=42011 t=0.13s
Ep 1420: len= 33 黑胜 loss=28.3388 temp=1.00 total_env_steps=42044 t=0.09s
Ep 1421: len= 52 白胜 loss=28.1732 temp=1.00 total_env_steps=42096 t=0.13s
Ep 1422: len= 41 黑胜 loss=28.3100 temp=1.00 total_env_steps=42137 t=0.11s
Ep 1423: len= 27 黑胜 loss=28.0067 temp=1.00 total_env_steps=42164 t=0.08s
Ep 1424: len=  4 黑胜 loss=28.2482 temp=1.00 total_env_steps=42168 t=0.04s
Ep 1425: len=  4 白胜 loss=28.3724 temp=1.00 total_env_steps=42172 t=0.04s
Ep 1426: len= 28 白胜 loss=28.2246 temp=1.00 total_env_steps=42200 t=0.08s
Ep 1427: len= 16 白胜 loss=28.2498 temp=1.00 total_env_steps=42216 t=0.06s
Ep 1428: len= 31 黑胜 loss=28.0889 temp=1.00 total_env_steps=42247 t=0.09s
Ep 1429: len= 27 黑胜 loss=28.5247 temp=1.00 total_env_steps=42274 t=0.08s
Ep 1430: len= 36 白胜 loss=28.1924 temp=1.00 total_env_steps=42310 t=0.09s
Ep 1431: len= 30 白胜 loss=28.2999 temp=1.00 total_env_steps=42340 t=0.09s
Ep 1432: len= 38 白胜 loss=28.3338 temp=1.00 total_env_steps=42378 t=0.11s
Ep 1433: len= 30 白胜 loss=28.3132 temp=1.00 total_env_steps=42408 t=0.09s
Ep 1434: len= 27 黑胜 loss=28.1246 temp=1.00 total_env_steps=42435 t=0.08s
Ep 1435: len= 45 黑胜 loss=28.0808 temp=1.00 total_env_steps=42480 t=0.12s
Ep 1436: len= 20 黑胜 loss=28.2082 temp=1.00 total_env_steps=42500 t=0.07s
Ep 1437: len= 44 白胜 loss=28.0582 temp=1.00 total_env_steps=42544 t=0.12s
Ep 1438: len= 47 黑胜 loss=28.0866 temp=1.00 total_env_steps=42591 t=0.12s
Ep 1439: len= 22 白胜 loss=28.2830 temp=1.00 total_env_steps=42613 t=0.07s
Ep 1440: len= 58 白胜 loss=28.3402 temp=1.00 total_env_steps=42671 t=0.17s
Ep 1441: len=  4 黑胜 loss=28.5121 temp=1.00 total_env_steps=42675 t=0.04s
Ep 1442: len= 51 黑胜 loss=28.4285 temp=1.00 total_env_steps=42726 t=0.16s
Ep 1443: len= 39 黑胜 loss=28.1902 temp=1.00 total_env_steps=42765 t=0.11s
Ep 1444: len= 16 白胜 loss=28.3018 temp=1.00 total_env_steps=42781 t=0.06s
Ep 1445: len= 28 白胜 loss=28.3000 temp=1.00 total_env_steps=42809 t=0.09s
Ep 1446: len= 47 黑胜 loss=28.1739 temp=1.00 total_env_steps=42856 t=0.13s
Ep 1447: len= 36 白胜 loss=28.2895 temp=1.00 total_env_steps=42892 t=0.11s
Ep 1448: len= 24 黑胜 loss=28.1934 temp=1.00 total_env_steps=42916 t=0.08s
Ep 1449: len= 40 白胜 loss=28.0897 temp=1.00 total_env_steps=42956 t=0.11s
Ep 1450: len= 33 黑胜 loss=28.0080 temp=1.00 total_env_steps=42989 t=0.10s
Ep 1451: len= 35 黑胜 loss=28.3140 temp=1.00 total_env_steps=43024 t=0.10s
Ep 1452: len= 41 黑胜 loss=28.2649 temp=1.00 total_env_steps=43065 t=0.11s
Ep 1453: len= 35 黑胜 loss=28.1649 temp=1.00 total_env_steps=43100 t=0.10s
Ep 1454: len=  2 白胜 loss=28.2175 temp=1.00 total_env_steps=43102 t=0.03s
Ep 1455: len= 31 黑胜 loss=28.2688 temp=1.00 total_env_steps=43133 t=0.09s
Ep 1456: len= 31 黑胜 loss=28.0824 temp=1.00 total_env_steps=43164 t=0.08s
Ep 1457: len= 40 白胜 loss=28.3192 temp=1.00 total_env_steps=43204 t=0.10s
Ep 1458: len= 39 黑胜 loss=28.4538 temp=1.00 total_env_steps=43243 t=0.10s
Ep 1459: len= 24 白胜 loss=28.1085 temp=1.00 total_env_steps=43267 t=0.07s
Ep 1460: len= 43 黑胜 loss=28.2854 temp=1.00 total_env_steps=43310 t=0.10s
Ep 1461: len= 37 黑胜 loss=28.2120 temp=1.00 total_env_steps=43347 t=0.09s
Ep 1462: len= 56 白胜 loss=28.2370 temp=1.00 total_env_steps=43403 t=0.12s
Ep 1463: len=  2 白胜 loss=28.2705 temp=1.00 total_env_steps=43405 t=0.02s
Ep 1464: len= 42 白胜 loss=28.2350 temp=1.00 total_env_steps=43447 t=0.11s
Ep 1465: len= 32 白胜 loss=27.9650 temp=1.00 total_env_steps=43479 t=0.08s
Ep 1466: len= 18 黑胜 loss=28.1102 temp=1.00 total_env_steps=43497 t=0.06s
Ep 1467: len= 37 黑胜 loss=28.3507 temp=1.00 total_env_steps=43534 t=0.09s
Ep 1468: len= 33 黑胜 loss=28.0183 temp=1.00 total_env_steps=43567 t=0.09s
Ep 1469: len= 31 黑胜 loss=28.3631 temp=1.00 total_env_steps=43598 t=0.10s
Ep 1470: len= 33 黑胜 loss=28.2931 temp=1.00 total_env_steps=43631 t=0.09s
Ep 1471: len= 34 白胜 loss=28.1841 temp=1.00 total_env_steps=43665 t=0.10s
Ep 1472: len= 23 黑胜 loss=28.2776 temp=1.00 total_env_steps=43688 t=0.08s
Ep 1473: len= 18 黑胜 loss=28.1887 temp=1.00 total_env_steps=43706 t=0.07s
Ep 1474: len=  2 黑胜 loss=28.2112 temp=1.00 total_env_steps=43708 t=0.03s
Ep 1475: len= 27 黑胜 loss=28.3058 temp=1.00 total_env_steps=43735 t=0.09s
Ep 1476: len= 21 黑胜 loss=28.4237 temp=1.00 total_env_steps=43756 t=0.07s
Ep 1477: len= 29 黑胜 loss=28.2376 temp=1.00 total_env_steps=43785 t=0.08s
Ep 1478: len=  4 黑胜 loss=28.2390 temp=1.00 total_env_steps=43789 t=0.03s
Ep 1479: len= 25 黑胜 loss=28.3463 temp=1.00 total_env_steps=43814 t=0.08s
Ep 1480: len= 34 白胜 loss=28.2231 temp=1.00 total_env_steps=43848 t=0.09s
Ep 1481: len= 28 白胜 loss=28.2164 temp=1.00 total_env_steps=43876 t=0.09s
Ep 1482: len= 26 白胜 loss=28.2028 temp=1.00 total_env_steps=43902 t=0.08s
Ep 1483: len= 41 黑胜 loss=28.3889 temp=1.00 total_env_steps=43943 t=0.11s
Ep 1484: len= 56 白胜 loss=28.3668 temp=1.00 total_env_steps=43999 t=0.13s
Ep 1485: len= 32 白胜 loss=28.2236 temp=1.00 total_env_steps=44031 t=0.09s
Ep 1486: len= 49 黑胜 loss=28.1601 temp=1.00 total_env_steps=44080 t=0.12s
Ep 1487: len=  2 白胜 loss=28.2326 temp=1.00 total_env_steps=44082 t=0.03s
Ep 1488: len= 30 白胜 loss=28.0628 temp=1.00 total_env_steps=44112 t=0.08s
Ep 1489: len=  2 黑胜 loss=27.9490 temp=1.00 total_env_steps=44114 t=0.02s
Ep 1490: len= 62 白胜 loss=28.5410 temp=1.00 total_env_steps=44176 t=0.15s
Ep 1491: len= 45 黑胜 loss=28.1840 temp=1.00 total_env_steps=44221 t=0.12s
Ep 1492: len= 56 白胜 loss=28.2932 temp=1.00 total_env_steps=44277 t=0.14s
Ep 1493: len= 30 白胜 loss=28.0935 temp=1.00 total_env_steps=44307 t=0.09s
Ep 1494: len= 22 白胜 loss=28.1655 temp=1.00 total_env_steps=44329 t=0.07s
Ep 1495: len= 40 白胜 loss=28.3384 temp=1.00 total_env_steps=44369 t=0.10s
Ep 1496: len= 38 白胜 loss=28.2478 temp=1.00 total_env_steps=44407 t=0.10s
Ep 1497: len= 40 白胜 loss=28.2028 temp=1.00 total_env_steps=44447 t=0.09s
Ep 1498: len= 47 黑胜 loss=28.2759 temp=1.00 total_env_steps=44494 t=0.13s
Ep 1499: len= 45 黑胜 loss=28.2946 temp=1.00 total_env_steps=44539 t=0.13s
Ep 1500: len= 39 黑胜 loss=28.1718 temp=1.00 total_env_steps=44578 t=0.11s
Ep 1501: len=  2 白胜 loss=28.2380 temp=1.00 total_env_steps=44580 t=0.03s
Ep 1502: len= 26 黑胜 loss=28.0684 temp=1.00 total_env_steps=44606 t=0.07s
Ep 1503: len= 39 黑胜 loss=28.3363 temp=1.00 total_env_steps=44645 t=0.11s
Ep 1504: len= 45 黑胜 loss=28.2442 temp=1.00 total_env_steps=44690 t=0.11s
Ep 1505: len=  2 白胜 loss=28.1401 temp=1.00 total_env_steps=44692 t=0.02s
Ep 1506: len= 31 黑胜 loss=28.2399 temp=1.00 total_env_steps=44723 t=0.09s
Ep 1507: len= 33 黑胜 loss=28.2507 temp=1.00 total_env_steps=44756 t=0.08s
Ep 1508: len= 42 白胜 loss=28.3764 temp=1.00 total_env_steps=44798 t=0.10s
Ep 1509: len= 27 黑胜 loss=28.3591 temp=1.00 total_env_steps=44825 t=0.08s
Ep 1510: len= 47 黑胜 loss=28.1952 temp=1.00 total_env_steps=44872 t=0.10s
Ep 1511: len= 23 黑胜 loss=28.2477 temp=1.00 total_env_steps=44895 t=0.07s
Ep 1512: len= 37 黑胜 loss=28.1724 temp=1.00 total_env_steps=44932 t=0.08s
Ep 1513: len= 34 白胜 loss=28.4563 temp=1.00 total_env_steps=44966 t=0.09s
Ep 1514: len=  2 白胜 loss=28.1842 temp=1.00 total_env_steps=44968 t=0.02s
Ep 1515: len= 55 黑胜 loss=28.2829 temp=1.00 total_env_steps=45023 t=0.12s
Ep 1516: len= 32 白胜 loss=28.1286 temp=1.00 total_env_steps=45055 t=0.08s
Ep 1517: len= 31 黑胜 loss=28.0244 temp=1.00 total_env_steps=45086 t=0.08s
Ep 1518: len= 42 白胜 loss=28.4292 temp=1.00 total_env_steps=45128 t=0.10s
Ep 1519: len=  2 白胜 loss=28.1161 temp=1.00 total_env_steps=45130 t=0.03s
Ep 1520: len= 31 黑胜 loss=28.2818 temp=1.00 total_env_steps=45161 t=0.08s
Ep 1521: len= 45 黑胜 loss=28.1640 temp=1.00 total_env_steps=45206 t=0.10s
Ep 1522: len= 23 黑胜 loss=28.1693 temp=1.00 total_env_steps=45229 t=0.06s
Ep 1523: len= 30 黑胜 loss=28.2268 temp=1.00 total_env_steps=45259 t=0.07s
Ep 1524: len= 49 黑胜 loss=28.2236 temp=1.00 total_env_steps=45308 t=0.10s
Ep 1525: len= 37 黑胜 loss=28.3886 temp=1.00 total_env_steps=45345 t=0.10s
Ep 1526: len= 49 黑胜 loss=28.1910 temp=1.00 total_env_steps=45394 t=0.13s
Ep 1527: len= 47 黑胜 loss=28.2569 temp=1.00 total_env_steps=45441 t=0.11s
Ep 1528: len= 14 白胜 loss=28.0984 temp=1.00 total_env_steps=45455 t=0.05s
Ep 1529: len= 26 白胜 loss=27.9604 temp=1.00 total_env_steps=45481 t=0.08s
Ep 1530: len= 31 黑胜 loss=28.1146 temp=1.00 total_env_steps=45512 t=0.09s
Ep 1531: len= 37 黑胜 loss=28.2787 temp=1.00 total_env_steps=45549 t=0.10s
Ep 1532: len= 39 黑胜 loss=28.0914 temp=1.00 total_env_steps=45588 t=0.10s
Ep 1533: len= 32 白胜 loss=28.2057 temp=1.00 total_env_steps=45620 t=0.09s
Ep 1534: len=  6 黑胜 loss=28.2458 temp=1.00 total_env_steps=45626 t=0.04s
Ep 1535: len= 45 黑胜 loss=28.2222 temp=1.00 total_env_steps=45671 t=0.11s
Ep 1536: len= 30 白胜 loss=28.1783 temp=1.00 total_env_steps=45701 t=0.08s
Ep 1537: len= 37 黑胜 loss=28.1813 temp=1.00 total_env_steps=45738 t=0.10s
Ep 1538: len= 27 黑胜 loss=28.2427 temp=1.00 total_env_steps=45765 t=0.08s
Ep 1539: len= 34 白胜 loss=28.3764 temp=1.00 total_env_steps=45799 t=0.08s
Ep 1540: len= 26 白胜 loss=28.2782 temp=1.00 total_env_steps=45825 t=0.07s
Ep 1541: len= 38 白胜 loss=28.0255 temp=1.00 total_env_steps=45863 t=0.09s
Ep 1542: len= 22 黑胜 loss=28.0638 temp=1.00 total_env_steps=45885 t=0.07s
Ep 1543: len= 26 白胜 loss=28.1442 temp=1.00 total_env_steps=45911 t=0.07s
Ep 1544: len= 31 黑胜 loss=28.1931 temp=1.00 total_env_steps=45942 t=0.08s
Ep 1545: len= 23 黑胜 loss=28.3276 temp=1.00 total_env_steps=45965 t=0.07s
Ep 1546: len= 38 白胜 loss=28.2248 temp=1.00 total_env_steps=46003 t=0.10s
Ep 1547: len=  2 黑胜 loss=28.1980 temp=1.00 total_env_steps=46005 t=0.03s
Ep 1548: len=  2 白胜 loss=28.2012 temp=1.00 total_env_steps=46007 t=0.03s
Ep 1549: len= 32 白胜 loss=28.1795 temp=1.00 total_env_steps=46039 t=0.09s
Ep 1550: len= 41 黑胜 loss=28.1357 temp=1.00 total_env_steps=46080 t=0.12s
Ep 1551: len= 38 白胜 loss=28.1470 temp=1.00 total_env_steps=46118 t=0.10s
Ep 1552: len= 23 黑胜 loss=28.1079 temp=1.00 total_env_steps=46141 t=0.06s
Ep 1553: len= 28 白胜 loss=27.9227 temp=1.00 total_env_steps=46169 t=0.08s
Ep 1554: len= 23 黑胜 loss=27.9147 temp=1.00 total_env_steps=46192 t=0.07s
Ep 1555: len=  2 白胜 loss=27.9390 temp=1.00 total_env_steps=46194 t=0.03s
Ep 1556: len=  8 黑胜 loss=28.2241 temp=1.00 total_env_steps=46202 t=0.04s
Ep 1557: len= 34 白胜 loss=28.0684 temp=1.00 total_env_steps=46236 t=0.09s
Ep 1558: len= 36 白胜 loss=27.9939 temp=1.00 total_env_steps=46272 t=0.09s
Ep 1559: len= 18 黑胜 loss=28.1191 temp=1.00 total_env_steps=46290 t=0.06s
Ep 1560: len= 36 黑胜 loss=28.0161 temp=1.00 total_env_steps=46326 t=0.09s
Ep 1561: len= 42 白胜 loss=28.3158 temp=1.00 total_env_steps=46368 t=0.11s
Ep 1562: len= 30 白胜 loss=28.2696 temp=1.00 total_env_steps=46398 t=0.09s
Ep 1563: len= 40 白胜 loss=28.1527 temp=1.00 total_env_steps=46438 t=0.09s
Ep 1564: len=  8 黑胜 loss=28.0824 temp=1.00 total_env_steps=46446 t=0.03s
Ep 1565: len=  8 黑胜 loss=28.2094 temp=1.00 total_env_steps=46454 t=0.04s
Ep 1566: len=  8 黑胜 loss=28.0795 temp=1.00 total_env_steps=46462 t=0.03s
Ep 1567: len= 31 黑胜 loss=28.1309 temp=1.00 total_env_steps=46493 t=0.09s
Ep 1568: len= 24 白胜 loss=28.3173 temp=1.00 total_env_steps=46517 t=0.07s
Ep 1569: len= 40 白胜 loss=28.2055 temp=1.00 total_env_steps=46557 t=0.10s
Ep 1570: len= 49 黑胜 loss=28.3762 temp=1.00 total_env_steps=46606 t=0.12s
Ep 1571: len= 27 黑胜 loss=28.0798 temp=1.00 total_env_steps=46633 t=0.07s
Ep 1572: len= 29 黑胜 loss=28.3084 temp=1.00 total_env_steps=46662 t=0.10s
Ep 1573: len= 26 白胜 loss=28.2546 temp=1.00 total_env_steps=46688 t=0.08s
Ep 1574: len= 38 黑胜 loss=28.2859 temp=1.00 total_env_steps=46726 t=0.09s
Ep 1575: len= 41 黑胜 loss=28.2698 temp=1.00 total_env_steps=46767 t=0.10s
Ep 1576: len= 29 黑胜 loss=28.1164 temp=1.00 total_env_steps=46796 t=0.07s
Ep 1577: len= 37 黑胜 loss=28.2225 temp=1.00 total_env_steps=46833 t=0.09s
Ep 1578: len=  8 白胜 loss=28.2383 temp=1.00 total_env_steps=46841 t=0.04s
Ep 1579: len= 23 白胜 loss=28.2988 temp=1.00 total_env_steps=46864 t=0.07s
Ep 1580: len= 20 白胜 loss=28.2625 temp=1.00 total_env_steps=46884 t=0.06s
Ep 1581: len= 24 黑胜 loss=28.1519 temp=1.00 total_env_steps=46908 t=0.06s
Ep 1582: len= 24 白胜 loss=28.3977 temp=1.00 total_env_steps=46932 t=0.07s
Ep 1583: len=  6 白胜 loss=28.2818 temp=1.00 total_env_steps=46938 t=0.03s
Ep 1584: len= 37 白胜 loss=28.1969 temp=1.00 total_env_steps=46975 t=0.09s
Ep 1585: len= 24 白胜 loss=28.3937 temp=1.00 total_env_steps=46999 t=0.07s
Ep 1586: len=  4 白胜 loss=28.2147 temp=1.00 total_env_steps=47003 t=0.03s
Ep 1587: len=  6 白胜 loss=28.1404 temp=1.00 total_env_steps=47009 t=0.03s
Ep 1588: len= 29 黑胜 loss=28.4224 temp=1.00 total_env_steps=47038 t=0.08s
Ep 1589: len= 35 黑胜 loss=28.0736 temp=1.00 total_env_steps=47073 t=0.08s
Ep 1590: len= 52 白胜 loss=28.2232 temp=1.00 total_env_steps=47125 t=0.11s
Ep 1591: len= 23 黑胜 loss=28.2262 temp=1.00 total_env_steps=47148 t=0.06s
Ep 1592: len= 22 白胜 loss=28.2327 temp=1.00 total_env_steps=47170 t=0.07s
Ep 1593: len= 29 黑胜 loss=28.1667 temp=1.00 total_env_steps=47199 t=0.08s
Ep 1594: len= 39 黑胜 loss=28.1707 temp=1.00 total_env_steps=47238 t=0.09s
Ep 1595: len= 31 黑胜 loss=28.3268 temp=1.00 total_env_steps=47269 t=0.08s
Ep 1596: len= 34 白胜 loss=28.2376 temp=1.00 total_env_steps=47303 t=0.08s
Ep 1597: len= 26 白胜 loss=28.0788 temp=1.00 total_env_steps=47329 t=0.07s
Ep 1598: len= 19 黑胜 loss=28.3578 temp=1.00 total_env_steps=47348 t=0.06s
Ep 1599: len=  2 白胜 loss=28.1084 temp=1.00 total_env_steps=47350 t=0.02s
Ep 1600: len= 25 黑胜 loss=28.2732 temp=1.00 total_env_steps=47375 t=0.07s
  eval vs Gomoku-random-v0: win_rate=1.00 mean_return=1.00（20 局，total_env_steps=47375）
Ep 1601: len= 51 黑胜 loss=28.2247 temp=1.00 total_env_steps=47426 t=0.11s
Ep 1602: len= 33 黑胜 loss=28.2334 temp=1.00 total_env_steps=47459 t=0.08s
Ep 1603: len= 48 白胜 loss=28.1939 temp=1.00 total_env_steps=47507 t=0.11s
Ep 1604: len= 28 白胜 loss=28.1962 temp=1.00 total_env_steps=47535 t=0.07s
Ep 1605: len= 23 黑胜 loss=28.1136 temp=1.00 total_env_steps=47558 t=0.06s
Ep 1606: len= 33 黑胜 loss=28.2602 temp=1.00 total_env_steps=47591 t=0.09s
Ep 1607: len= 29 黑胜 loss=27.8072 temp=1.00 total_env_steps=47620 t=0.07s
Ep 1608: len= 23 黑胜 loss=28.2338 temp=1.00 total_env_steps=47643 t=0.06s
Ep 1609: len= 38 白胜 loss=28.0888 temp=1.00 total_env_steps=47681 t=0.10s
Ep 1610: len= 44 白胜 loss=27.9487 temp=1.00 total_env_steps=47725 t=0.10s
Ep 1611: len=  8 白胜 loss=28.2810 temp=1.00 total_env_steps=47733 t=0.04s
Ep 1612: len= 36 黑胜 loss=28.1979 temp=1.00 total_env_steps=47769 t=0.09s
Ep 1613: len= 35 黑胜 loss=28.2232 temp=1.00 total_env_steps=47804 t=0.08s
Ep 1614: len= 32 黑胜 loss=28.2429 temp=1.00 total_env_steps=47836 t=0.09s
Ep 1615: len= 40 白胜 loss=28.0022 temp=1.00 total_env_steps=47876 t=0.10s
Ep 1616: len= 46 白胜 loss=28.1438 temp=1.00 total_env_steps=47922 t=0.10s
Ep 1617: len= 30 白胜 loss=27.9531 temp=1.00 total_env_steps=47952 t=0.08s
Ep 1618: len= 30 白胜 loss=28.1927 temp=1.00 total_env_steps=47982 t=0.07s
Ep 1619: len= 23 黑胜 loss=28.2466 temp=1.00 total_env_steps=48005 t=0.06s
Ep 1620: len= 53 黑胜 loss=28.3041 temp=1.00 total_env_steps=48058 t=0.11s
Ep 1621: len=  2 白胜 loss=27.7263 temp=1.00 total_env_steps=48060 t=0.03s
Ep 1622: len= 22 白胜 loss=28.1223 temp=1.00 total_env_steps=48082 t=0.06s
Ep 1623: len= 30 白胜 loss=28.1299 temp=1.00 total_env_steps=48112 t=0.08s
Ep 1624: len= 39 黑胜 loss=28.2074 temp=1.00 total_env_steps=48151 t=0.10s
Ep 1625: len= 30 白胜 loss=28.1753 temp=1.00 total_env_steps=48181 t=0.09s
Ep 1626: len= 35 黑胜 loss=28.2369 temp=1.00 total_env_steps=48216 t=0.08s
Ep 1627: len= 38 白胜 loss=28.2588 temp=1.00 total_env_steps=48254 t=0.10s
Ep 1628: len=  2 黑胜 loss=28.2474 temp=1.00 total_env_steps=48256 t=0.03s
Ep 1629: len= 34 白胜 loss=28.2436 temp=1.00 total_env_steps=48290 t=0.08s
Ep 1630: len= 44 白胜 loss=28.3003 temp=1.00 total_env_steps=48334 t=0.10s
Ep 1631: len= 30 白胜 loss=27.9357 temp=1.00 total_env_steps=48364 t=0.08s
Ep 1632: len= 27 黑胜 loss=28.2977 temp=1.00 total_env_steps=48391 t=0.08s
Ep 1633: len= 54 白胜 loss=28.0136 temp=1.00 total_env_steps=48445 t=0.11s
Ep 1634: len= 16 黑胜 loss=28.3935 temp=1.00 total_env_steps=48461 t=0.06s
Ep 1635: len= 37 黑胜 loss=28.1268 temp=1.00 total_env_steps=48498 t=0.09s
Ep 1636: len= 37 黑胜 loss=28.0032 temp=1.00 total_env_steps=48535 t=0.10s
Ep 1637: len= 35 黑胜 loss=28.0770 temp=1.00 total_env_steps=48570 t=0.10s
Ep 1638: len= 44 白胜 loss=27.8627 temp=1.00 total_env_steps=48614 t=0.10s
Ep 1639: len= 37 黑胜 loss=28.2799 temp=1.00 total_env_steps=48651 t=0.09s
Ep 1640: len= 25 黑胜 loss=28.1685 temp=1.00 total_env_steps=48676 t=0.07s
Ep 1641: len= 51 黑胜 loss=28.2101 temp=1.00 total_env_steps=48727 t=0.11s
Ep 1642: len= 33 黑胜 loss=28.1509 temp=1.00 total_env_steps=48760 t=0.08s
Ep 1643: len= 45 黑胜 loss=28.3405 temp=1.00 total_env_steps=48805 t=0.11s
Ep 1644: len= 24 白胜 loss=28.2316 temp=1.00 total_env_steps=48829 t=0.07s
Ep 1645: len= 34 白胜 loss=28.1485 temp=1.00 total_env_steps=48863 t=0.09s
Ep 1646: len= 33 黑胜 loss=28.2267 temp=1.00 total_env_steps=48896 t=0.09s
Ep 1647: len= 32 白胜 loss=28.1662 temp=1.00 total_env_steps=48928 t=0.08s
Ep 1648: len= 25 黑胜 loss=28.2111 temp=1.00 total_env_steps=48953 t=0.07s
Ep 1649: len= 27 黑胜 loss=28.2266 temp=1.00 total_env_steps=48980 t=0.08s
Ep 1650: len= 26 白胜 loss=28.1170 temp=1.00 total_env_steps=49006 t=0.07s
Ep 1651: len= 37 黑胜 loss=28.2516 temp=1.00 total_env_steps=49043 t=0.10s
Ep 1652: len=  4 黑胜 loss=28.0703 temp=1.00 total_env_steps=49047 t=0.03s
Ep 1653: len= 34 白胜 loss=28.2926 temp=1.00 total_env_steps=49081 t=0.09s
Ep 1654: len= 18 白胜 loss=28.1255 temp=1.00 total_env_steps=49099 t=0.05s
Ep 1655: len= 32 黑胜 loss=28.1927 temp=1.00 total_env_steps=49131 t=0.08s
Ep 1656: len= 28 白胜 loss=28.1697 temp=1.00 total_env_steps=49159 t=0.07s
Ep 1657: len=  8 黑胜 loss=28.2606 temp=1.00 total_env_steps=49167 t=0.04s
Ep 1658: len= 26 黑胜 loss=28.1538 temp=1.00 total_env_steps=49193 t=0.07s
Ep 1659: len=  2 黑胜 loss=28.1322 temp=1.00 total_env_steps=49195 t=0.03s
Ep 1660: len=  2 黑胜 loss=28.3027 temp=1.00 total_env_steps=49197 t=0.03s
Ep 1661: len= 41 黑胜 loss=28.2067 temp=1.00 total_env_steps=49238 t=0.09s
Ep 1662: len= 43 黑胜 loss=28.1931 temp=1.00 total_env_steps=49281 t=0.11s
Ep 1663: len= 35 黑胜 loss=28.1153 temp=1.00 total_env_steps=49316 t=0.08s
Ep 1664: len= 55 黑胜 loss=28.0682 temp=1.00 total_env_steps=49371 t=0.12s
Ep 1665: len= 15 黑胜 loss=28.4467 temp=1.00 total_env_steps=49386 t=0.06s
Ep 1666: len= 29 黑胜 loss=28.2493 temp=1.00 total_env_steps=49415 t=0.09s
Ep 1667: len= 43 黑胜 loss=28.3248 temp=1.00 total_env_steps=49458 t=0.11s
Ep 1668: len= 33 黑胜 loss=28.2118 temp=1.00 total_env_steps=49491 t=0.08s
Ep 1669: len= 42 白胜 loss=28.0480 temp=1.00 total_env_steps=49533 t=0.11s
Ep 1670: len= 29 黑胜 loss=28.1010 temp=1.00 total_env_steps=49562 t=0.07s
Ep 1671: len= 10 白胜 loss=28.0234 temp=1.00 total_env_steps=49572 t=0.04s
Ep 1672: len= 46 黑胜 loss=28.1973 temp=1.00 total_env_steps=49618 t=0.11s
Ep 1673: len= 26 黑胜 loss=28.3641 temp=1.00 total_env_steps=49644 t=0.07s
Ep 1674: len= 36 白胜 loss=28.2516 temp=1.00 total_env_steps=49680 t=0.08s
Ep 1675: len= 40 白胜 loss=28.2772 temp=1.00 total_env_steps=49720 t=0.10s
Ep 1676: len= 39 黑胜 loss=28.2437 temp=1.00 total_env_steps=49759 t=0.10s
Ep 1677: len= 24 白胜 loss=28.1622 temp=1.00 total_env_steps=49783 t=0.06s
Ep 1678: len= 30 白胜 loss=28.1727 temp=1.00 total_env_steps=49813 t=0.08s
Ep 1679: len= 31 黑胜 loss=27.9151 temp=1.00 total_env_steps=49844 t=0.07s
Ep 1680: len= 28 白胜 loss=28.2427 temp=1.00 total_env_steps=49872 t=0.07s
Ep 1681: len= 29 黑胜 loss=28.3006 temp=1.00 total_env_steps=49901 t=0.07s
Ep 1682: len= 28 白胜 loss=28.0504 temp=1.00 total_env_steps=49929 t=0.07s
Ep 1683: len= 33 黑胜 loss=28.3576 temp=1.00 total_env_steps=49962 t=0.08s
Ep 1684: len= 41 黑胜 loss=28.0310 temp=1.00 total_env_steps=50003 t=0.10s
Ep 1685: len= 32 白胜 loss=28.2234 temp=1.00 total_env_steps=50035 t=0.08s
Ep 1686: len= 20 白胜 loss=28.5722 temp=1.00 total_env_steps=50055 t=0.06s
Ep 1687: len= 42 白胜 loss=28.0977 temp=1.00 total_env_steps=50097 t=0.10s
Ep 1688: len= 38 白胜 loss=28.1271 temp=1.00 total_env_steps=50135 t=0.09s
Ep 1689: len= 33 黑胜 loss=28.2150 temp=1.00 total_env_steps=50168 t=0.08s
Ep 1690: len= 33 黑胜 loss=27.9798 temp=1.00 total_env_steps=50201 t=0.08s
Ep 1691: len= 27 黑胜 loss=28.0679 temp=1.00 total_env_steps=50228 t=0.07s
Ep 1692: len= 22 白胜 loss=28.1495 temp=1.00 total_env_steps=50250 t=0.06s
Ep 1693: len= 19 黑胜 loss=28.1671 temp=1.00 total_env_steps=50269 t=0.06s
Ep 1694: len=  2 黑胜 loss=28.2163 temp=1.00 total_env_steps=50271 t=0.03s
Ep 1695: len= 31 黑胜 loss=28.2036 temp=1.00 total_env_steps=50302 t=0.08s
Ep 1696: len= 36 黑胜 loss=28.0270 temp=1.00 total_env_steps=50338 t=0.09s
Ep 1697: len=  8 黑胜 loss=28.2383 temp=1.00 total_env_steps=50346 t=0.03s
Ep 1698: len= 28 白胜 loss=28.2317 temp=1.00 total_env_steps=50374 t=0.08s
Ep 1699: len= 34 白胜 loss=28.0686 temp=1.00 total_env_steps=50408 t=0.08s
Ep 1700: len= 38 白胜 loss=28.1745 temp=1.00 total_env_steps=50446 t=0.09s
Ep 1701: len= 18 黑胜 loss=28.1543 temp=1.00 total_env_steps=50464 t=0.06s
Ep 1702: len= 22 白胜 loss=28.1312 temp=1.00 total_env_steps=50486 t=0.06s
Ep 1703: len= 33 黑胜 loss=28.4584 temp=1.00 total_env_steps=50519 t=0.08s
Ep 1704: len= 40 白胜 loss=28.1643 temp=1.00 total_env_steps=50559 t=0.09s
Ep 1705: len= 26 白胜 loss=27.9349 temp=1.00 total_env_steps=50585 t=0.07s
Ep 1706: len= 26 白胜 loss=28.1269 temp=1.00 total_env_steps=50611 t=0.07s
Ep 1707: len= 61 黑胜 loss=28.1470 temp=1.00 total_env_steps=50672 t=0.13s
Ep 1708: len= 35 黑胜 loss=28.3378 temp=1.00 total_env_steps=50707 t=0.09s
Ep 1709: len= 39 黑胜 loss=28.3025 temp=1.00 total_env_steps=50746 t=0.09s
Ep 1710: len= 23 黑胜 loss=28.0921 temp=1.00 total_env_steps=50769 t=0.08s
Ep 1711: len= 36 白胜 loss=28.5115 temp=1.00 total_env_steps=50805 t=0.10s
Ep 1712: len= 17 黑胜 loss=28.1348 temp=1.00 total_env_steps=50822 t=0.05s
Ep 1713: len=  6 白胜 loss=28.1689 temp=1.00 total_env_steps=50828 t=0.03s
Ep 1714: len= 36 白胜 loss=28.0831 temp=1.00 total_env_steps=50864 t=0.10s
Ep 1715: len= 47 黑胜 loss=28.1376 temp=1.00 total_env_steps=50911 t=0.13s
Ep 1716: len= 32 白胜 loss=28.2323 temp=1.00 total_env_steps=50943 t=0.09s
Ep 1717: len= 33 黑胜 loss=27.9541 temp=1.00 total_env_steps=50976 t=0.08s
Ep 1718: len= 30 白胜 loss=28.1159 temp=1.00 total_env_steps=51006 t=0.08s
Ep 1719: len= 29 黑胜 loss=28.0583 temp=1.00 total_env_steps=51035 t=0.08s
Ep 1720: len= 19 黑胜 loss=28.1626 temp=1.00 total_env_steps=51054 t=0.06s
Ep 1721: len= 38 白胜 loss=28.1683 temp=1.00 total_env_steps=51092 t=0.10s
Ep 1722: len= 17 黑胜 loss=28.1533 temp=1.00 total_env_steps=51109 t=0.05s
Ep 1723: len= 35 黑胜 loss=28.1338 temp=1.00 total_env_steps=51144 t=0.10s
Ep 1724: len= 23 黑胜 loss=28.1718 temp=1.00 total_env_steps=51167 t=0.08s
Ep 1725: len= 12 黑胜 loss=28.1337 temp=1.00 total_env_steps=51179 t=0.06s
Ep 1726: len= 37 黑胜 loss=28.1616 temp=1.00 total_env_steps=51216 t=0.10s
Ep 1727: len= 39 黑胜 loss=28.2155 temp=1.00 total_env_steps=51255 t=0.10s
Ep 1728: len= 10 白胜 loss=27.8926 temp=1.00 total_env_steps=51265 t=0.04s
Ep 1729: len= 43 黑胜 loss=28.1241 temp=1.00 total_env_steps=51308 t=0.12s
Ep 1730: len= 27 黑胜 loss=28.1475 temp=1.00 total_env_steps=51335 t=0.09s
Ep 1731: len= 40 白胜 loss=28.0414 temp=1.00 total_env_steps=51375 t=0.11s
Ep 1732: len=  2 白胜 loss=28.0106 temp=1.00 total_env_steps=51377 t=0.03s
Ep 1733: len= 32 白胜 loss=28.3436 temp=1.00 total_env_steps=51409 t=0.10s
Ep 1734: len=  2 白胜 loss=27.9336 temp=1.00 total_env_steps=51411 t=0.03s
Ep 1735: len= 35 黑胜 loss=28.1579 temp=1.00 total_env_steps=51446 t=0.10s
Ep 1736: len= 40 白胜 loss=28.1669 temp=1.00 total_env_steps=51486 t=0.11s
Ep 1737: len= 38 白胜 loss=28.2187 temp=1.00 total_env_steps=51524 t=0.11s
Ep 1738: len=  2 白胜 loss=28.2275 temp=1.00 total_env_steps=51526 t=0.03s
Ep 1739: len= 46 白胜 loss=27.9094 temp=1.00 total_env_steps=51572 t=0.12s
Ep 1740: len= 33 黑胜 loss=28.3201 temp=1.00 total_env_steps=51605 t=0.10s
Ep 1741: len= 33 黑胜 loss=28.2091 temp=1.00 total_env_steps=51638 t=0.11s
Ep 1742: len= 36 白胜 loss=28.1396 temp=1.00 total_env_steps=51674 t=0.11s
Ep 1743: len=  4 黑胜 loss=28.0806 temp=1.00 total_env_steps=51678 t=0.03s
Ep 1744: len=  2 黑胜 loss=28.1475 temp=1.00 total_env_steps=51680 t=0.03s
Ep 1745: len= 37 黑胜 loss=28.0913 temp=1.00 total_env_steps=51717 t=0.10s
Ep 1746: len= 17 黑胜 loss=28.3205 temp=1.00 total_env_steps=51734 t=0.06s
Ep 1747: len=  6 黑胜 loss=28.0104 temp=1.00 total_env_steps=51740 t=0.03s
Ep 1748: len= 24 白胜 loss=28.2424 temp=1.00 total_env_steps=51764 t=0.07s
Ep 1749: len= 36 白胜 loss=28.1532 temp=1.00 total_env_steps=51800 t=0.09s
Ep 1750: len= 54 白胜 loss=28.3045 temp=1.00 total_env_steps=51854 t=0.13s
Ep 1751: len=  6 黑胜 loss=28.1116 temp=1.00 total_env_steps=51860 t=0.04s
Ep 1752: len= 24 白胜 loss=28.2209 temp=1.00 total_env_steps=51884 t=0.07s
Ep 1753: len= 42 白胜 loss=28.2511 temp=1.00 total_env_steps=51926 t=0.11s
Ep 1754: len= 12 白胜 loss=28.2634 temp=1.00 total_env_steps=51938 t=0.05s
Ep 1755: len= 51 黑胜 loss=28.0768 temp=1.00 total_env_steps=51989 t=0.12s
Ep 1756: len= 34 黑胜 loss=28.1627 temp=1.00 total_env_steps=52023 t=0.08s
Ep 1757: len= 31 黑胜 loss=28.3832 temp=1.00 total_env_steps=52054 t=0.08s
Ep 1758: len=  8 黑胜 loss=28.2246 temp=1.00 total_env_steps=52062 t=0.04s
Ep 1759: len= 45 黑胜 loss=28.1713 temp=1.00 total_env_steps=52107 t=0.11s
Ep 1760: len= 40 白胜 loss=28.3696 temp=1.00 total_env_steps=52147 t=0.11s
Ep 1761: len= 28 白胜 loss=28.0469 temp=1.00 total_env_steps=52175 t=0.08s
Ep 1762: len= 48 白胜 loss=28.1295 temp=1.00 total_env_steps=52223 t=0.12s
Ep 1763: len= 27 黑胜 loss=27.9976 temp=1.00 total_env_steps=52250 t=0.07s
Ep 1764: len=  2 白胜 loss=28.1392 temp=1.00 total_env_steps=52252 t=0.03s
Ep 1765: len= 41 黑胜 loss=28.1731 temp=1.00 total_env_steps=52293 t=0.09s
Ep 1766: len= 33 黑胜 loss=28.2544 temp=1.00 total_env_steps=52326 t=0.08s
Ep 1767: len= 24 白胜 loss=28.1119 temp=1.00 total_env_steps=52350 t=0.07s
Ep 1768: len= 31 黑胜 loss=28.0541 temp=1.00 total_env_steps=52381 t=0.09s
Ep 1769: len= 16 白胜 loss=28.0595 temp=1.00 total_env_steps=52397 t=0.06s
Ep 1770: len= 34 白胜 loss=28.2302 temp=1.00 total_env_steps=52431 t=0.08s
Ep 1771: len= 32 白胜 loss=28.1882 temp=1.00 total_env_steps=52463 t=0.09s
Ep 1772: len= 43 黑胜 loss=28.1771 temp=1.00 total_env_steps=52506 t=0.09s
Ep 1773: len= 30 白胜 loss=28.2444 temp=1.00 total_env_steps=52536 t=0.07s
Ep 1774: len= 62 白胜 loss=28.1177 temp=1.00 total_env_steps=52598 t=0.14s
Ep 1775: len= 28 白胜 loss=28.0989 temp=1.00 total_env_steps=52626 t=0.07s
Ep 1776: len= 39 黑胜 loss=28.0576 temp=1.00 total_env_steps=52665 t=0.09s
Ep 1777: len= 25 黑胜 loss=28.1909 temp=1.00 total_env_steps=52690 t=0.07s
Ep 1778: len= 37 黑胜 loss=28.2417 temp=1.00 total_env_steps=52727 t=0.09s
Ep 1779: len= 18 白胜 loss=28.2309 temp=1.00 total_env_steps=52745 t=0.06s
Ep 1780: len=  2 白胜 loss=28.2078 temp=1.00 total_env_steps=52747 t=0.03s
Ep 1781: len= 40 白胜 loss=28.2164 temp=1.00 total_env_steps=52787 t=0.09s
Ep 1782: len= 38 白胜 loss=28.1767 temp=1.00 total_env_steps=52825 t=0.08s
Ep 1783: len= 45 黑胜 loss=28.0219 temp=1.00 total_env_steps=52870 t=0.10s
Ep 1784: len= 35 黑胜 loss=28.0663 temp=1.00 total_env_steps=52905 t=0.09s
Ep 1785: len= 46 黑胜 loss=27.8710 temp=1.00 total_env_steps=52951 t=0.10s
Ep 1786: len= 17 白胜 loss=28.1242 temp=1.00 total_env_steps=52968 t=0.05s
Ep 1787: len= 31 黑胜 loss=27.8613 temp=1.00 total_env_steps=52999 t=0.08s
Ep 1788: len= 19 黑胜 loss=28.0759 temp=1.00 total_env_steps=53018 t=0.06s
Ep 1789: len= 38 白胜 loss=28.1839 temp=1.00 total_env_steps=53056 t=0.09s
Ep 1790: len= 42 白胜 loss=28.2006 temp=1.00 total_env_steps=53098 t=0.10s
Ep 1791: len= 35 黑胜 loss=28.3246 temp=1.00 total_env_steps=53133 t=0.08s
Ep 1792: len= 39 黑胜 loss=28.0897 temp=1.00 total_env_steps=53172 t=0.09s
Ep 1793: len= 27 黑胜 loss=28.0980 temp=1.00 total_env_steps=53199 t=0.08s
Ep 1794: len= 28 白胜 loss=28.1074 temp=1.00 total_env_steps=53227 t=0.07s
Ep 1795: len= 41 黑胜 loss=28.1755 temp=1.00 total_env_steps=53268 t=0.10s
Ep 1796: len= 26 白胜 loss=28.1129 temp=1.00 total_env_steps=53294 t=0.07s
Ep 1797: len= 21 黑胜 loss=28.1682 temp=1.00 total_env_steps=53315 t=0.06s
Ep 1798: len= 27 黑胜 loss=28.2762 temp=1.00 total_env_steps=53342 t=0.07s
Ep 1799: len= 22 白胜 loss=28.4791 temp=1.00 total_env_steps=53364 t=0.06s
Ep 1800: len= 44 白胜 loss=27.8018 temp=1.00 total_env_steps=53408 t=0.11s
  eval vs Gomoku-random-v0: win_rate=1.00 mean_return=1.00（20 局，total_env_steps=53408）
Ep 1801: len= 30 白胜 loss=28.0617 temp=1.00 total_env_steps=53438 t=0.08s
Ep 1802: len= 23 黑胜 loss=28.2178 temp=1.00 total_env_steps=53461 t=0.06s
Ep 1803: len=  8 白胜 loss=28.0035 temp=1.00 total_env_steps=53469 t=0.04s
Ep 1804: len= 35 黑胜 loss=28.1093 temp=1.00 total_env_steps=53504 t=0.08s
Ep 1805: len= 28 白胜 loss=28.1212 temp=1.00 total_env_steps=53532 t=0.07s
Ep 1806: len= 10 黑胜 loss=28.2075 temp=1.00 total_env_steps=53542 t=0.04s
Ep 1807: len= 40 白胜 loss=28.1784 temp=1.00 total_env_steps=53582 t=0.09s
Ep 1808: len= 28 白胜 loss=28.3768 temp=1.00 total_env_steps=53610 t=0.08s
Ep 1809: len= 37 黑胜 loss=28.1440 temp=1.00 total_env_steps=53647 t=0.09s
Ep 1810: len= 43 黑胜 loss=28.0514 temp=1.00 total_env_steps=53690 t=0.10s
Ep 1811: len= 38 白胜 loss=28.0956 temp=1.00 total_env_steps=53728 t=0.09s
Ep 1812: len= 26 白胜 loss=28.2626 temp=1.00 total_env_steps=53754 t=0.07s
Ep 1813: len= 41 黑胜 loss=28.2335 temp=1.00 total_env_steps=53795 t=0.10s
Ep 1814: len= 38 白胜 loss=28.0857 temp=1.00 total_env_steps=53833 t=0.09s
Ep 1815: len= 27 黑胜 loss=28.2862 temp=1.00 total_env_steps=53860 t=0.07s
Ep 1816: len= 41 黑胜 loss=28.1737 temp=1.00 total_env_steps=53901 t=0.10s
Ep 1817: len= 27 黑胜 loss=27.8970 temp=1.00 total_env_steps=53928 t=0.07s
Ep 1818: len= 32 白胜 loss=28.1660 temp=1.00 total_env_steps=53960 t=0.08s
Ep 1819: len=  6 白胜 loss=28.3090 temp=1.00 total_env_steps=53966 t=0.03s
Ep 1820: len= 18 黑胜 loss=28.2415 temp=1.00 total_env_steps=53984 t=0.05s
Ep 1821: len= 28 白胜 loss=28.2212 temp=1.00 total_env_steps=54012 t=0.07s
Ep 1822: len= 32 白胜 loss=28.2163 temp=1.00 total_env_steps=54044 t=0.09s
Ep 1823: len=  2 黑胜 loss=28.1522 temp=1.00 total_env_steps=54046 t=0.02s
Ep 1824: len= 29 黑胜 loss=28.0764 temp=1.00 total_env_steps=54075 t=0.09s
Ep 1825: len= 28 白胜 loss=28.0075 temp=1.00 total_env_steps=54103 t=0.08s
Ep 1826: len= 46 白胜 loss=28.1142 temp=1.00 total_env_steps=54149 t=0.12s
Ep 1827: len= 26 白胜 loss=28.1800 temp=1.00 total_env_steps=54175 t=0.08s
Ep 1828: len= 51 黑胜 loss=28.4489 temp=1.00 total_env_steps=54226 t=0.13s
Ep 1829: len= 23 黑胜 loss=28.1292 temp=1.00 total_env_steps=54249 t=0.07s
Ep 1830: len= 37 黑胜 loss=28.0825 temp=1.00 total_env_steps=54286 t=0.10s
Ep 1831: len= 10 黑胜 loss=28.1943 temp=1.00 total_env_steps=54296 t=0.04s
Ep 1832: len= 12 白胜 loss=28.2832 temp=1.00 total_env_steps=54308 t=0.05s
Ep 1833: len= 62 白胜 loss=28.2421 temp=1.00 total_env_steps=54370 t=0.15s
Ep 1834: len= 43 黑胜 loss=28.2308 temp=1.00 total_env_steps=54413 t=0.11s
Ep 1835: len= 14 白胜 loss=28.0140 temp=1.00 total_env_steps=54427 t=0.06s
Ep 1836: len= 33 黑胜 loss=28.2696 temp=1.00 total_env_steps=54460 t=0.12s
Ep 1837: len= 37 黑胜 loss=28.1386 temp=1.00 total_env_steps=54497 t=0.10s
Ep 1838: len=  6 白胜 loss=28.2426 temp=1.00 total_env_steps=54503 t=0.03s
Ep 1839: len= 25 黑胜 loss=28.1494 temp=1.00 total_env_steps=54528 t=0.07s
Ep 1840: len= 34 白胜 loss=28.4225 temp=1.00 total_env_steps=54562 t=0.09s
Ep 1841: len= 36 白胜 loss=28.2635 temp=1.00 total_env_steps=54598 t=0.08s
Ep 1842: len=  6 黑胜 loss=27.8283 temp=1.00 total_env_steps=54604 t=0.04s
Ep 1843: len= 34 白胜 loss=28.0419 temp=1.00 total_env_steps=54638 t=0.08s
Ep 1844: len= 21 白胜 loss=28.1999 temp=1.00 total_env_steps=54659 t=0.06s
Ep 1845: len= 31 黑胜 loss=28.1995 temp=1.00 total_env_steps=54690 t=0.08s
Ep 1846: len= 36 白胜 loss=28.0502 temp=1.00 total_env_steps=54726 t=0.09s
Ep 1847: len= 23 黑胜 loss=28.0343 temp=1.00 total_env_steps=54749 t=0.07s
Ep 1848: len= 36 白胜 loss=28.2367 temp=1.00 total_env_steps=54785 t=0.10s
Ep 1849: len= 41 黑胜 loss=28.0858 temp=1.00 total_env_steps=54826 t=0.10s
Ep 1850: len= 40 白胜 loss=28.2732 temp=1.00 total_env_steps=54866 t=0.11s
Ep 1851: len= 27 黑胜 loss=28.2761 temp=1.00 total_env_steps=54893 t=0.07s
Ep 1852: len= 45 黑胜 loss=28.3500 temp=1.00 total_env_steps=54938 t=0.11s
Ep 1853: len= 27 黑胜 loss=27.9936 temp=1.00 total_env_steps=54965 t=0.08s
Ep 1854: len= 17 黑胜 loss=28.0785 temp=1.00 total_env_steps=54982 t=0.06s
Ep 1855: len=  2 白胜 loss=27.9961 temp=1.00 total_env_steps=54984 t=0.03s
Ep 1856: len= 28 白胜 loss=28.2519 temp=1.00 total_env_steps=55012 t=0.08s
Ep 1857: len= 47 黑胜 loss=28.2580 temp=1.00 total_env_steps=55059 t=0.13s
Ep 1858: len= 31 黑胜 loss=28.0566 temp=1.00 total_env_steps=55090 t=0.09s
Ep 1859: len= 20 白胜 loss=28.1691 temp=1.00 total_env_steps=55110 t=0.06s
Ep 1860: len=  6 黑胜 loss=28.2337 temp=1.00 total_env_steps=55116 t=0.04s
Ep 1861: len= 21 黑胜 loss=28.2466 temp=1.00 total_env_steps=55137 t=0.07s
Ep 1862: len= 48 白胜 loss=28.1994 temp=1.00 total_env_steps=55185 t=0.12s
Ep 1863: len= 27 白胜 loss=28.1945 temp=1.00 total_env_steps=55212 t=0.08s
Ep 1864: len= 48 白胜 loss=28.1039 temp=1.00 total_env_steps=55260 t=0.12s
Ep 1865: len= 41 黑胜 loss=28.1738 temp=1.00 total_env_steps=55301 t=0.10s
Ep 1866: len= 39 黑胜 loss=28.0932 temp=1.00 total_env_steps=55340 t=0.10s
Ep 1867: len= 48 白胜 loss=28.1948 temp=1.00 total_env_steps=55388 t=0.11s
Ep 1868: len= 20 黑胜 loss=28.2053 temp=1.00 total_env_steps=55408 t=0.08s
Ep 1869: len= 44 白胜 loss=28.2596 temp=1.00 total_env_steps=55452 t=0.13s
Ep 1870: len= 29 黑胜 loss=28.0136 temp=1.00 total_env_steps=55481 t=0.10s
Ep 1871: len= 20 白胜 loss=28.1703 temp=1.00 total_env_steps=55501 t=0.07s
Ep 1872: len= 67 黑胜 loss=28.4028 temp=1.00 total_env_steps=55568 t=0.17s
Ep 1873: len= 34 白胜 loss=28.1055 temp=1.00 total_env_steps=55602 t=0.10s
Ep 1874: len= 27 黑胜 loss=28.0517 temp=1.00 total_env_steps=55629 t=0.08s
Ep 1875: len= 26 白胜 loss=28.4228 temp=1.00 total_env_steps=55655 t=0.08s
Ep 1876: len= 34 白胜 loss=28.1016 temp=1.00 total_env_steps=55689 t=0.10s
Ep 1877: len= 27 黑胜 loss=28.0600 temp=1.00 total_env_steps=55716 t=0.09s
Ep 1878: len= 42 白胜 loss=28.1189 temp=1.00 total_env_steps=55758 t=0.11s
Ep 1879: len= 25 白胜 loss=28.3074 temp=1.00 total_env_steps=55783 t=0.09s
Ep 1880: len= 30 白胜 loss=28.3236 temp=1.00 total_env_steps=55813 t=0.09s
Ep 1881: len= 46 白胜 loss=28.1607 temp=1.00 total_env_steps=55859 t=0.13s
Ep 1882: len= 47 黑胜 loss=28.2532 temp=1.00 total_env_steps=55906 t=0.11s
Ep 1883: len= 33 黑胜 loss=27.9801 temp=1.00 total_env_steps=55939 t=0.08s
Ep 1884: len= 37 黑胜 loss=27.9960 temp=1.00 total_env_steps=55976 t=0.09s
Ep 1885: len= 43 黑胜 loss=28.1423 temp=1.00 total_env_steps=56019 t=0.10s
Ep 1886: len= 48 白胜 loss=28.0447 temp=1.00 total_env_steps=56067 t=0.11s
Ep 1887: len= 51 黑胜 loss=28.2107 temp=1.00 total_env_steps=56118 t=0.12s
Ep 1888: len= 10 黑胜 loss=28.0671 temp=1.00 total_env_steps=56128 t=0.04s
Ep 1889: len= 48 白胜 loss=28.1964 temp=1.00 total_env_steps=56176 t=0.11s
Ep 1890: len= 35 黑胜 loss=28.1629 temp=1.00 total_env_steps=56211 t=0.09s
Ep 1891: len= 36 白胜 loss=28.0240 temp=1.00 total_env_steps=56247 t=0.09s
Ep 1892: len=  4 白胜 loss=28.3169 temp=1.00 total_env_steps=56251 t=0.03s
Ep 1893: len= 41 黑胜 loss=27.7848 temp=1.00 total_env_steps=56292 t=0.11s
Ep 1894: len= 45 黑胜 loss=28.1488 temp=1.00 total_env_steps=56337 t=0.11s
Ep 1895: len= 33 黑胜 loss=28.3036 temp=1.00 total_env_steps=56370 t=0.11s
Ep 1896: len= 29 黑胜 loss=28.2618 temp=1.00 total_env_steps=56399 t=0.10s
Ep 1897: len= 22 白胜 loss=28.2998 temp=1.00 total_env_steps=56421 t=0.07s
Ep 1898: len= 34 白胜 loss=28.0510 temp=1.00 total_env_steps=56455 t=0.10s
Ep 1899: len= 24 白胜 loss=28.0553 temp=1.00 total_env_steps=56479 t=0.07s
Ep 1900: len= 29 黑胜 loss=28.2610 temp=1.00 total_env_steps=56508 t=0.08s
Ep 1901: len= 28 白胜 loss=28.0357 temp=1.00 total_env_steps=56536 t=0.09s
Ep 1902: len= 26 白胜 loss=28.2063 temp=1.00 total_env_steps=56562 t=0.08s
Ep 1903: len= 36 白胜 loss=28.1267 temp=1.00 total_env_steps=56598 t=0.09s
Ep 1904: len= 42 白胜 loss=28.1464 temp=1.00 total_env_steps=56640 t=0.10s
Ep 1905: len= 16 白胜 loss=28.0836 temp=1.00 total_env_steps=56656 t=0.06s
Ep 1906: len= 32 白胜 loss=27.9301 temp=1.00 total_env_steps=56688 t=0.09s
Ep 1907: len= 28 白胜 loss=27.9744 temp=1.00 total_env_steps=56716 t=0.08s
Ep 1908: len= 24 白胜 loss=27.7441 temp=1.00 total_env_steps=56740 t=0.07s
Ep 1909: len= 24 黑胜 loss=27.9471 temp=1.00 total_env_steps=56764 t=0.08s
Ep 1910: len= 27 黑胜 loss=28.2404 temp=1.00 total_env_steps=56791 t=0.08s
Ep 1911: len= 31 黑胜 loss=27.9644 temp=1.00 total_env_steps=56822 t=0.10s
Ep 1912: len= 22 白胜 loss=28.1527 temp=1.00 total_env_steps=56844 t=0.08s
Ep 1913: len= 24 白胜 loss=28.2701 temp=1.00 total_env_steps=56868 t=0.08s
Ep 1914: len= 29 黑胜 loss=28.2478 temp=1.00 total_env_steps=56897 t=0.08s
Ep 1915: len= 43 黑胜 loss=28.1434 temp=1.00 total_env_steps=56940 t=0.11s
Ep 1916: len= 31 黑胜 loss=28.2523 temp=1.00 total_env_steps=56971 t=0.09s
Ep 1917: len= 27 黑胜 loss=28.2397 temp=1.00 total_env_steps=56998 t=0.09s
Ep 1918: len= 47 黑胜 loss=28.2676 temp=1.00 total_env_steps=57045 t=0.12s
Ep 1919: len= 32 白胜 loss=28.1355 temp=1.00 total_env_steps=57077 t=0.09s
Ep 1920: len=  2 白胜 loss=27.9790 temp=1.00 total_env_steps=57079 t=0.03s
Ep 1921: len= 22 黑胜 loss=27.8945 temp=1.00 total_env_steps=57101 t=0.07s
Ep 1922: len= 43 黑胜 loss=28.0471 temp=1.00 total_env_steps=57144 t=0.11s
Ep 1923: len= 14 黑胜 loss=28.1883 temp=1.00 total_env_steps=57158 t=0.05s
Ep 1924: len= 33 黑胜 loss=28.2989 temp=1.00 total_env_steps=57191 t=0.09s
Ep 1925: len=  4 黑胜 loss=28.0775 temp=1.00 total_env_steps=57195 t=0.03s
Ep 1926: len= 46 白胜 loss=28.3565 temp=1.00 total_env_steps=57241 t=0.11s
Ep 1927: len= 25 黑胜 loss=28.1112 temp=1.00 total_env_steps=57266 t=0.08s
Ep 1928: len= 31 黑胜 loss=28.1680 temp=1.00 total_env_steps=57297 t=0.09s
Ep 1929: len= 44 白胜 loss=27.9104 temp=1.00 total_env_steps=57341 t=0.13s
Ep 1930: len= 30 白胜 loss=28.1727 temp=1.00 total_env_steps=57371 t=0.10s
Ep 1931: len= 52 白胜 loss=28.4867 temp=1.00 total_env_steps=57423 t=0.14s
Ep 1932: len= 14 黑胜 loss=28.0053 temp=1.00 total_env_steps=57437 t=0.05s
Ep 1933: len= 38 白胜 loss=28.2299 temp=1.00 total_env_steps=57475 t=0.10s
Ep 1934: len= 17 黑胜 loss=28.2988 temp=1.00 total_env_steps=57492 t=0.05s
Ep 1935: len= 35 黑胜 loss=28.0418 temp=1.00 total_env_steps=57527 t=0.09s
Ep 1936: len= 28 白胜 loss=27.8767 temp=1.00 total_env_steps=57555 t=0.10s
Ep 1937: len= 32 白胜 loss=28.2077 temp=1.00 total_env_steps=57587 t=0.09s
Ep 1938: len= 44 白胜 loss=28.2762 temp=1.00 total_env_steps=57631 t=0.11s
Ep 1939: len=  4 白胜 loss=28.1844 temp=1.00 total_env_steps=57635 t=0.03s
Ep 1940: len= 40 白胜 loss=28.0883 temp=1.00 total_env_steps=57675 t=0.09s
Ep 1941: len= 35 黑胜 loss=28.4335 temp=1.00 total_env_steps=57710 t=0.09s
Ep 1942: len= 56 白胜 loss=28.3482 temp=1.00 total_env_steps=57766 t=0.12s
Ep 1943: len= 31 黑胜 loss=27.9526 temp=1.00 total_env_steps=57797 t=0.08s
Ep 1944: len= 10 黑胜 loss=28.2499 temp=1.00 total_env_steps=57807 t=0.04s
Ep 1945: len= 35 黑胜 loss=28.0201 temp=1.00 total_env_steps=57842 t=0.09s
Ep 1946: len= 41 黑胜 loss=28.1937 temp=1.00 total_env_steps=57883 t=0.09s
Ep 1947: len= 34 白胜 loss=28.1392 temp=1.00 total_env_steps=57917 t=0.08s
Ep 1948: len= 38 白胜 loss=28.2963 temp=1.00 total_env_steps=57955 t=0.10s
Ep 1949: len= 40 白胜 loss=28.2285 temp=1.00 total_env_steps=57995 t=0.09s
Ep 1950: len= 38 白胜 loss=28.1744 temp=1.00 total_env_steps=58033 t=0.10s
Ep 1951: len= 43 黑胜 loss=28.0415 temp=1.00 total_env_steps=58076 t=0.11s
Ep 1952: len= 54 白胜 loss=28.0280 temp=1.00 total_env_steps=58130 t=0.12s
Ep 1953: len= 33 黑胜 loss=28.3456 temp=1.00 total_env_steps=58163 t=0.08s
Ep 1954: len= 26 白胜 loss=28.1889 temp=1.00 total_env_steps=58189 t=0.07s
Ep 1955: len= 18 白胜 loss=28.0136 temp=1.00 total_env_steps=58207 t=0.06s
Ep 1956: len= 32 白胜 loss=28.0544 temp=1.00 total_env_steps=58239 t=0.08s
Ep 1957: len= 29 白胜 loss=28.0286 temp=1.00 total_env_steps=58268 t=0.07s
Ep 1958: len= 23 白胜 loss=28.2584 temp=1.00 total_env_steps=58291 t=0.07s
Ep 1959: len= 33 黑胜 loss=28.3344 temp=1.00 total_env_steps=58324 t=0.09s
Ep 1960: len= 36 白胜 loss=28.0833 temp=1.00 total_env_steps=58360 t=0.10s
Ep 1961: len= 39 黑胜 loss=28.1392 temp=1.00 total_env_steps=58399 t=0.10s
Ep 1962: len= 28 白胜 loss=28.2688 temp=1.00 total_env_steps=58427 t=0.07s
Ep 1963: len= 17 黑胜 loss=28.1526 temp=1.00 total_env_steps=58444 t=0.05s
Ep 1964: len= 51 黑胜 loss=28.0702 temp=1.00 total_env_steps=58495 t=0.11s
Ep 1965: len= 16 黑胜 loss=28.3338 temp=1.00 total_env_steps=58511 t=0.05s
Ep 1966: len= 32 白胜 loss=28.2136 temp=1.00 total_env_steps=58543 t=0.08s
Ep 1967: len= 15 黑胜 loss=28.2273 temp=1.00 total_env_steps=58558 t=0.05s
Ep 1968: len= 16 白胜 loss=28.3504 temp=1.00 total_env_steps=58574 t=0.05s
Ep 1969: len= 35 白胜 loss=28.2297 temp=1.00 total_env_steps=58609 t=0.08s
Ep 1970: len= 44 白胜 loss=28.0031 temp=1.00 total_env_steps=58653 t=0.11s
Ep 1971: len= 25 黑胜 loss=28.1265 temp=1.00 total_env_steps=58678 t=0.06s
Ep 1972: len= 20 黑胜 loss=28.2191 temp=1.00 total_env_steps=58698 t=0.06s
Ep 1973: len= 43 黑胜 loss=28.0790 temp=1.00 total_env_steps=58741 t=0.11s
Ep 1974: len= 35 黑胜 loss=28.2920 temp=1.00 total_env_steps=58776 t=0.10s
Ep 1975: len= 23 黑胜 loss=27.9678 temp=1.00 total_env_steps=58799 t=0.07s
Ep 1976: len= 39 黑胜 loss=28.0961 temp=1.00 total_env_steps=58838 t=0.09s
Ep 1977: len=  8 黑胜 loss=28.0979 temp=1.00 total_env_steps=58846 t=0.04s
Ep 1978: len= 26 黑胜 loss=28.4550 temp=1.00 total_env_steps=58872 t=0.07s
Ep 1979: len= 39 黑胜 loss=28.2622 temp=1.00 total_env_steps=58911 t=0.10s
Ep 1980: len= 30 白胜 loss=28.1300 temp=1.00 total_env_steps=58941 t=0.08s
Ep 1981: len=  2 黑胜 loss=27.9064 temp=1.00 total_env_steps=58943 t=0.02s
Ep 1982: len= 16 白胜 loss=28.1587 temp=1.00 total_env_steps=58959 t=0.06s
Ep 1983: len=  4 黑胜 loss=28.0266 temp=1.00 total_env_steps=58963 t=0.03s
Ep 1984: len= 26 白胜 loss=28.1197 temp=1.00 total_env_steps=58989 t=0.07s
Ep 1985: len= 25 黑胜 loss=28.2127 temp=1.00 total_env_steps=59014 t=0.07s
Ep 1986: len= 15 黑胜 loss=27.9937 temp=1.00 total_env_steps=59029 t=0.06s
Ep 1987: len= 23 黑胜 loss=28.1064 temp=1.00 total_env_steps=59052 t=0.08s
Ep 1988: len= 37 黑胜 loss=28.4027 temp=1.00 total_env_steps=59089 t=0.09s
Ep 1989: len= 37 黑胜 loss=28.0879 temp=1.00 total_env_steps=59126 t=0.10s
Ep 1990: len= 38 黑胜 loss=28.3439 temp=1.00 total_env_steps=59164 t=0.10s
Ep 1991: len= 52 白胜 loss=28.1129 temp=1.00 total_env_steps=59216 t=0.12s
Ep 1992: len= 51 黑胜 loss=28.2345 temp=1.00 total_env_steps=59267 t=0.12s
Ep 1993: len= 20 白胜 loss=28.2101 temp=1.00 total_env_steps=59287 t=0.07s
Ep 1994: len= 47 黑胜 loss=28.0285 temp=1.00 total_env_steps=59334 t=0.12s
Ep 1995: len= 30 白胜 loss=28.2666 temp=1.00 total_env_steps=59364 t=0.08s
Ep 1996: len= 28 白胜 loss=28.2802 temp=1.00 total_env_steps=59392 t=0.07s
Ep 1997: len= 41 黑胜 loss=28.2208 temp=1.00 total_env_steps=59433 t=0.11s
Ep 1998: len=  4 黑胜 loss=28.1776 temp=1.00 total_env_steps=59437 t=0.03s
Ep 1999: len= 27 黑胜 loss=28.2840 temp=1.00 total_env_steps=59464 t=0.07s
Ep 2000: len= 35 黑胜 loss=28.1828 temp=1.00 total_env_steps=59499 t=0.09s
  eval vs Gomoku-random-v0: win_rate=1.00 mean_return=1.00（20 局，total_env_steps=59499）
[闸门] vs random（40 局）: win_rate=0.975
[闸门] vs 半程快照（40 局，黑白各半）: score=0.900
[梯队] vs naive0（20 局，观察性）: win_rate=0.00
[梯队] vs naive1（20 局，观察性）: win_rate=0.00
[梯队] vs naive2（20 局，观察性）: win_rate=0.00
[梯队] vs naive3（20 局，观察性）: win_rate=0.00
📈 Gomoku-selfplay-v0 win_rate=1.00（best 1.00）| 门槛 0.95 | 172.3s

--- arm=open_three_course seed=43 sims=100 ---
[MyZero-board Gomoku-selfplay-v0] obs=243(3×9²) |A|=81 sims=100 γ=1.0 negamax
[MyZero-board] 8 重对称增广开启（D4，采样时随机套变换）
[MyZero-board] 树内真规则开启（AlphaZero 式诊断；训练侧不变）
[MyZero-board] 战术开局课程开启（p=0.25，必挡局面前缀；eval 不受影响）
Ep    1: len= 35 黑胜 loss=0.0000 temp=1.00 total_env_steps=35 t=0.08s
Ep    2: len= 39 黑胜 loss=0.0000 temp=1.00 total_env_steps=74 t=0.08s
Ep    3: len= 45 黑胜 loss=0.0000 temp=1.00 total_env_steps=119 t=0.10s
Ep    4: len= 70 白胜 loss=0.0000 temp=1.00 total_env_steps=189 t=0.13s
Ep    5: len= 48 白胜 loss=0.0000 temp=1.00 total_env_steps=237 t=0.09s
Ep    6: len= 56 白胜 loss=0.0000 temp=1.00 total_env_steps=293 t=0.10s
Ep    7: len= 60 白胜 loss=0.0000 temp=1.00 total_env_steps=353 t=0.11s
Ep    8: len= 51 黑胜 loss=0.0000 temp=1.00 total_env_steps=404 t=0.10s
Ep    9: len= 40 白胜 loss=0.0000 temp=1.00 total_env_steps=444 t=0.07s
Ep   10: len= 25 黑胜 loss=35.4671 temp=1.00 total_env_steps=469 t=0.06s
Ep   11: len= 36 白胜 loss=29.9833 temp=1.00 total_env_steps=505 t=0.09s
Ep   12: len=  2 白胜 loss=29.2553 temp=1.00 total_env_steps=507 t=0.02s
Ep   13: len=  6 白胜 loss=28.9286 temp=1.00 total_env_steps=513 t=0.03s
Ep   14: len= 38 白胜 loss=28.9719 temp=1.00 total_env_steps=551 t=0.09s
Ep   15: len=  4 黑胜 loss=29.1193 temp=1.00 total_env_steps=555 t=0.02s
Ep   16: len=  2 白胜 loss=28.7447 temp=1.00 total_env_steps=557 t=0.01s
Ep   17: len= 23 白胜 loss=28.8985 temp=1.00 total_env_steps=580 t=0.05s
Ep   18: len= 34 白胜 loss=28.6077 temp=1.00 total_env_steps=614 t=0.07s
Ep   19: len= 20 白胜 loss=28.6162 temp=1.00 total_env_steps=634 t=0.06s
Ep   20: len= 26 白胜 loss=28.5009 temp=1.00 total_env_steps=660 t=0.06s
Ep   21: len=  2 白胜 loss=28.6806 temp=1.00 total_env_steps=662 t=0.01s
Ep   22: len= 43 黑胜 loss=28.5968 temp=1.00 total_env_steps=705 t=0.09s
Ep   23: len= 25 黑胜 loss=28.7051 temp=1.00 total_env_steps=730 t=0.06s
Ep   24: len=  2 黑胜 loss=28.6395 temp=1.00 total_env_steps=732 t=0.01s
Ep   25: len= 41 黑胜 loss=28.7231 temp=1.00 total_env_steps=773 t=0.09s
Ep   26: len= 39 黑胜 loss=28.6197 temp=1.00 total_env_steps=812 t=0.09s
Ep   27: len= 42 白胜 loss=28.6568 temp=1.00 total_env_steps=854 t=0.10s
Ep   28: len= 36 白胜 loss=28.5426 temp=1.00 total_env_steps=890 t=0.08s
Ep   29: len= 30 白胜 loss=28.5205 temp=1.00 total_env_steps=920 t=0.07s
Ep   30: len= 34 白胜 loss=28.6045 temp=1.00 total_env_steps=954 t=0.07s
Ep   31: len= 53 黑胜 loss=28.5430 temp=1.00 total_env_steps=1007 t=0.11s
Ep   32: len= 28 白胜 loss=28.3702 temp=1.00 total_env_steps=1035 t=0.06s
Ep   33: len= 48 白胜 loss=28.5664 temp=1.00 total_env_steps=1083 t=0.09s
Ep   34: len= 34 白胜 loss=28.4878 temp=1.00 total_env_steps=1117 t=0.08s
Ep   35: len= 43 黑胜 loss=28.5296 temp=1.00 total_env_steps=1160 t=0.09s
Ep   36: len= 46 白胜 loss=28.5087 temp=1.00 total_env_steps=1206 t=0.09s
Ep   37: len= 44 白胜 loss=28.6861 temp=1.00 total_env_steps=1250 t=0.09s
Ep   38: len= 16 白胜 loss=28.5079 temp=1.00 total_env_steps=1266 t=0.04s
Ep   39: len= 34 白胜 loss=28.5171 temp=1.00 total_env_steps=1300 t=0.08s
Ep   40: len= 32 白胜 loss=28.4976 temp=1.00 total_env_steps=1332 t=0.07s
Ep   41: len= 10 黑胜 loss=28.4822 temp=1.00 total_env_steps=1342 t=0.03s
Ep   42: len= 31 黑胜 loss=28.3658 temp=1.00 total_env_steps=1373 t=0.07s
Ep   43: len= 28 白胜 loss=28.3781 temp=1.00 total_env_steps=1401 t=0.06s
Ep   44: len= 27 黑胜 loss=28.3352 temp=1.00 total_env_steps=1428 t=0.06s
Ep   45: len= 27 黑胜 loss=28.4906 temp=1.00 total_env_steps=1455 t=0.06s
Ep   46: len= 38 白胜 loss=28.7421 temp=1.00 total_env_steps=1493 t=0.09s
Ep   47: len= 27 黑胜 loss=28.4935 temp=1.00 total_env_steps=1520 t=0.06s
Ep   48: len= 36 白胜 loss=28.5568 temp=1.00 total_env_steps=1556 t=0.09s
Ep   49: len= 25 黑胜 loss=28.5100 temp=1.00 total_env_steps=1581 t=0.06s
Ep   50: len=  6 白胜 loss=28.5051 temp=1.00 total_env_steps=1587 t=0.02s
Ep   51: len= 32 白胜 loss=28.3848 temp=1.00 total_env_steps=1619 t=0.08s
Ep   52: len= 32 黑胜 loss=28.4639 temp=1.00 total_env_steps=1651 t=0.07s
Ep   53: len= 31 黑胜 loss=28.5332 temp=1.00 total_env_steps=1682 t=0.07s
Ep   54: len= 21 黑胜 loss=28.2054 temp=1.00 total_env_steps=1703 t=0.05s
Ep   55: len= 42 白胜 loss=28.6173 temp=1.00 total_env_steps=1745 t=0.10s
Ep   56: len= 29 黑胜 loss=28.4212 temp=1.00 total_env_steps=1774 t=0.09s
Ep   57: len= 14 黑胜 loss=28.3929 temp=1.00 total_env_steps=1788 t=0.04s
Ep   58: len= 41 黑胜 loss=28.4202 temp=1.00 total_env_steps=1829 t=0.09s
Ep   59: len= 37 黑胜 loss=28.8113 temp=1.00 total_env_steps=1866 t=0.08s
Ep   60: len= 33 黑胜 loss=28.4096 temp=1.00 total_env_steps=1899 t=0.08s
Ep   61: len= 14 白胜 loss=28.5679 temp=1.00 total_env_steps=1913 t=0.04s
Ep   62: len= 47 黑胜 loss=28.3825 temp=1.00 total_env_steps=1960 t=0.11s
Ep   63: len= 26 黑胜 loss=28.2889 temp=1.00 total_env_steps=1986 t=0.06s
Ep   64: len= 20 白胜 loss=28.4976 temp=1.00 total_env_steps=2006 t=0.05s
Ep   65: len= 43 黑胜 loss=28.3733 temp=1.00 total_env_steps=2049 t=0.11s
Ep   66: len= 39 黑胜 loss=28.5822 temp=1.00 total_env_steps=2088 t=0.09s
Ep   67: len= 39 黑胜 loss=28.3988 temp=1.00 total_env_steps=2127 t=0.09s
Ep   68: len=  2 黑胜 loss=28.5910 temp=1.00 total_env_steps=2129 t=0.02s
Ep   69: len= 14 黑胜 loss=28.4352 temp=1.00 total_env_steps=2143 t=0.04s
Ep   70: len= 24 白胜 loss=28.4207 temp=1.00 total_env_steps=2167 t=0.06s
Ep   71: len=  4 白胜 loss=28.5639 temp=1.00 total_env_steps=2171 t=0.02s
Ep   72: len= 35 黑胜 loss=28.5274 temp=1.00 total_env_steps=2206 t=0.09s
Ep   73: len= 29 黑胜 loss=28.5816 temp=1.00 total_env_steps=2235 t=0.07s
Ep   74: len=  6 白胜 loss=28.3747 temp=1.00 total_env_steps=2241 t=0.02s
Ep   75: len= 22 白胜 loss=28.4364 temp=1.00 total_env_steps=2263 t=0.05s
Ep   76: len= 34 黑胜 loss=28.5074 temp=1.00 total_env_steps=2297 t=0.08s
Ep   77: len= 34 白胜 loss=28.3652 temp=1.00 total_env_steps=2331 t=0.08s
Ep   78: len= 35 黑胜 loss=28.4723 temp=1.00 total_env_steps=2366 t=0.09s
Ep   79: len= 35 黑胜 loss=28.2165 temp=1.00 total_env_steps=2401 t=0.07s
Ep   80: len= 45 黑胜 loss=28.3142 temp=1.00 total_env_steps=2446 t=0.09s
Ep   81: len= 44 白胜 loss=28.5228 temp=1.00 total_env_steps=2490 t=0.10s
Ep   82: len= 26 白胜 loss=28.4941 temp=1.00 total_env_steps=2516 t=0.07s
Ep   83: len= 14 白胜 loss=28.2676 temp=1.00 total_env_steps=2530 t=0.04s
Ep   84: len= 21 黑胜 loss=28.5376 temp=1.00 total_env_steps=2551 t=0.05s
Ep   85: len= 36 白胜 loss=28.3701 temp=1.00 total_env_steps=2587 t=0.09s
Ep   86: len= 14 黑胜 loss=28.4755 temp=1.00 total_env_steps=2601 t=0.04s
Ep   87: len= 25 黑胜 loss=28.5982 temp=1.00 total_env_steps=2626 t=0.07s
Ep   88: len= 31 黑胜 loss=28.5867 temp=1.00 total_env_steps=2657 t=0.07s
Ep   89: len= 22 黑胜 loss=28.5333 temp=1.00 total_env_steps=2679 t=0.05s
Ep   90: len=  2 白胜 loss=28.4959 temp=1.00 total_env_steps=2681 t=0.02s
Ep   91: len= 44 白胜 loss=28.3694 temp=1.00 total_env_steps=2725 t=0.09s
Ep   92: len= 23 黑胜 loss=28.2797 temp=1.00 total_env_steps=2748 t=0.06s
Ep   93: len= 25 黑胜 loss=28.4143 temp=1.00 total_env_steps=2773 t=0.06s
Ep   94: len= 27 黑胜 loss=28.3507 temp=1.00 total_env_steps=2800 t=0.06s
Ep   95: len= 32 白胜 loss=28.2229 temp=1.00 total_env_steps=2832 t=0.08s
Ep   96: len= 22 白胜 loss=28.4052 temp=1.00 total_env_steps=2854 t=0.05s
Ep   97: len= 29 黑胜 loss=28.4150 temp=1.00 total_env_steps=2883 t=0.07s
Ep   98: len= 30 白胜 loss=28.3765 temp=1.00 total_env_steps=2913 t=0.07s
Ep   99: len= 32 白胜 loss=28.3184 temp=1.00 total_env_steps=2945 t=0.07s
Ep  100: len= 30 白胜 loss=28.4146 temp=1.00 total_env_steps=2975 t=0.08s
Ep  101: len= 55 黑胜 loss=28.5307 temp=1.00 total_env_steps=3030 t=0.12s
Ep  102: len=  4 白胜 loss=28.3680 temp=1.00 total_env_steps=3034 t=0.02s
Ep  103: len= 29 黑胜 loss=28.2418 temp=1.00 total_env_steps=3063 t=0.07s
Ep  104: len= 44 白胜 loss=28.3493 temp=1.00 total_env_steps=3107 t=0.10s
Ep  105: len= 41 黑胜 loss=28.4233 temp=1.00 total_env_steps=3148 t=0.09s
Ep  106: len= 30 黑胜 loss=28.4679 temp=1.00 total_env_steps=3178 t=0.06s
Ep  107: len= 38 白胜 loss=28.4298 temp=1.00 total_env_steps=3216 t=0.08s
Ep  108: len= 22 黑胜 loss=28.4032 temp=1.00 total_env_steps=3238 t=0.05s
Ep  109: len= 16 白胜 loss=28.4552 temp=1.00 total_env_steps=3254 t=0.04s
Ep  110: len= 20 白胜 loss=28.3007 temp=1.00 total_env_steps=3274 t=0.05s
Ep  111: len=  2 黑胜 loss=28.1492 temp=1.00 total_env_steps=3276 t=0.01s
Ep  112: len= 28 白胜 loss=28.5939 temp=1.00 total_env_steps=3304 t=0.06s
Ep  113: len= 21 黑胜 loss=28.4278 temp=1.00 total_env_steps=3325 t=0.06s
Ep  114: len= 45 黑胜 loss=28.4202 temp=1.00 total_env_steps=3370 t=0.10s
Ep  115: len= 39 黑胜 loss=28.2778 temp=1.00 total_env_steps=3409 t=0.08s
Ep  116: len= 12 白胜 loss=28.5072 temp=1.00 total_env_steps=3421 t=0.03s
Ep  117: len=  4 黑胜 loss=28.4896 temp=1.00 total_env_steps=3425 t=0.02s
Ep  118: len= 30 白胜 loss=28.4668 temp=1.00 total_env_steps=3455 t=0.08s
Ep  119: len= 26 白胜 loss=28.3289 temp=1.00 total_env_steps=3481 t=0.06s
Ep  120: len= 33 黑胜 loss=28.4803 temp=1.00 total_env_steps=3514 t=0.07s
Ep  121: len= 35 黑胜 loss=28.3038 temp=1.00 total_env_steps=3549 t=0.08s
Ep  122: len= 40 白胜 loss=28.3419 temp=1.00 total_env_steps=3589 t=0.08s
Ep  123: len= 49 黑胜 loss=28.3432 temp=1.00 total_env_steps=3638 t=0.10s
Ep  124: len= 35 黑胜 loss=28.1334 temp=1.00 total_env_steps=3673 t=0.08s
Ep  125: len= 36 白胜 loss=28.4203 temp=1.00 total_env_steps=3709 t=0.08s
Ep  126: len= 42 白胜 loss=28.3373 temp=1.00 total_env_steps=3751 t=0.10s
Ep  127: len= 36 白胜 loss=28.5248 temp=1.00 total_env_steps=3787 t=0.08s
Ep  128: len= 37 黑胜 loss=28.5004 temp=1.00 total_env_steps=3824 t=0.09s
Ep  129: len= 30 白胜 loss=28.2704 temp=1.00 total_env_steps=3854 t=0.06s
Ep  130: len= 37 黑胜 loss=28.3336 temp=1.00 total_env_steps=3891 t=0.08s
Ep  131: len=  2 黑胜 loss=28.2976 temp=1.00 total_env_steps=3893 t=0.01s
Ep  132: len= 49 黑胜 loss=28.2104 temp=1.00 total_env_steps=3942 t=0.11s
Ep  133: len= 14 白胜 loss=28.5147 temp=1.00 total_env_steps=3956 t=0.04s
Ep  134: len= 39 黑胜 loss=28.3096 temp=1.00 total_env_steps=3995 t=0.08s
Ep  135: len= 31 黑胜 loss=28.3436 temp=1.00 total_env_steps=4026 t=0.07s
Ep  136: len= 35 黑胜 loss=28.4124 temp=1.00 total_env_steps=4061 t=0.08s
Ep  137: len= 42 白胜 loss=28.5039 temp=1.00 total_env_steps=4103 t=0.10s
Ep  138: len= 49 黑胜 loss=28.3309 temp=1.00 total_env_steps=4152 t=0.10s
Ep  139: len= 28 白胜 loss=28.4663 temp=1.00 total_env_steps=4180 t=0.06s
Ep  140: len= 35 黑胜 loss=28.3368 temp=1.00 total_env_steps=4215 t=0.08s
Ep  141: len= 39 黑胜 loss=28.3731 temp=1.00 total_env_steps=4254 t=0.09s
Ep  142: len= 22 白胜 loss=28.2873 temp=1.00 total_env_steps=4276 t=0.05s
Ep  143: len=  4 黑胜 loss=28.3594 temp=1.00 total_env_steps=4280 t=0.02s
Ep  144: len= 29 黑胜 loss=28.2397 temp=1.00 total_env_steps=4309 t=0.07s
Ep  145: len= 57 黑胜 loss=28.2414 temp=1.00 total_env_steps=4366 t=0.12s
Ep  146: len= 33 黑胜 loss=28.2950 temp=1.00 total_env_steps=4399 t=0.07s
Ep  147: len= 33 黑胜 loss=28.3668 temp=1.00 total_env_steps=4432 t=0.08s
Ep  148: len= 16 黑胜 loss=28.2282 temp=1.00 total_env_steps=4448 t=0.04s
Ep  149: len= 43 黑胜 loss=28.3872 temp=1.00 total_env_steps=4491 t=0.10s
Ep  150: len= 23 黑胜 loss=28.4331 temp=1.00 total_env_steps=4514 t=0.06s
Ep  151: len= 29 黑胜 loss=28.4825 temp=1.00 total_env_steps=4543 t=0.07s
Ep  152: len= 23 黑胜 loss=28.3249 temp=1.00 total_env_steps=4566 t=0.05s
Ep  153: len=  2 白胜 loss=28.4326 temp=1.00 total_env_steps=4568 t=0.02s
Ep  154: len= 30 白胜 loss=28.3137 temp=1.00 total_env_steps=4598 t=0.08s
Ep  155: len= 24 白胜 loss=28.3025 temp=1.00 total_env_steps=4622 t=0.06s
Ep  156: len= 36 白胜 loss=28.3944 temp=1.00 total_env_steps=4658 t=0.08s
Ep  157: len= 29 黑胜 loss=28.4873 temp=1.00 total_env_steps=4687 t=0.06s
Ep  158: len=  2 白胜 loss=28.6319 temp=1.00 total_env_steps=4689 t=0.01s
Ep  159: len= 30 白胜 loss=28.2408 temp=1.00 total_env_steps=4719 t=0.07s
Ep  160: len= 32 白胜 loss=28.3882 temp=1.00 total_env_steps=4751 t=0.08s
Ep  161: len=  4 黑胜 loss=28.4650 temp=1.00 total_env_steps=4755 t=0.02s
Ep  162: len= 33 黑胜 loss=28.2421 temp=1.00 total_env_steps=4788 t=0.08s
Ep  163: len= 49 黑胜 loss=28.5445 temp=1.00 total_env_steps=4837 t=0.11s
Ep  164: len= 43 黑胜 loss=28.3185 temp=1.00 total_env_steps=4880 t=0.08s
Ep  165: len= 26 白胜 loss=28.3037 temp=1.00 total_env_steps=4906 t=0.07s
Ep  166: len= 30 白胜 loss=28.1612 temp=1.00 total_env_steps=4936 t=0.07s
Ep  167: len= 24 黑胜 loss=28.2465 temp=1.00 total_env_steps=4960 t=0.06s
Ep  168: len= 28 白胜 loss=28.3121 temp=1.00 total_env_steps=4988 t=0.07s
Ep  169: len= 42 白胜 loss=28.3236 temp=1.00 total_env_steps=5030 t=0.08s
Ep  170: len= 43 黑胜 loss=28.3028 temp=1.00 total_env_steps=5073 t=0.09s
Ep  171: len= 20 黑胜 loss=28.3365 temp=1.00 total_env_steps=5093 t=0.05s
Ep  172: len= 28 白胜 loss=28.2395 temp=1.00 total_env_steps=5121 t=0.07s
Ep  173: len= 48 白胜 loss=28.3613 temp=1.00 total_env_steps=5169 t=0.10s
Ep  174: len= 33 黑胜 loss=28.2411 temp=1.00 total_env_steps=5202 t=0.07s
Ep  175: len=  6 白胜 loss=28.2814 temp=1.00 total_env_steps=5208 t=0.02s
Ep  176: len= 52 白胜 loss=28.4567 temp=1.00 total_env_steps=5260 t=0.11s
Ep  177: len= 24 白胜 loss=28.5563 temp=1.00 total_env_steps=5284 t=0.05s
Ep  178: len= 44 白胜 loss=28.3322 temp=1.00 total_env_steps=5328 t=0.09s
Ep  179: len= 34 白胜 loss=28.0855 temp=1.00 total_env_steps=5362 t=0.07s
Ep  180: len= 34 白胜 loss=28.3722 temp=1.00 total_env_steps=5396 t=0.06s
Ep  181: len= 29 黑胜 loss=28.5549 temp=1.00 total_env_steps=5425 t=0.06s
Ep  182: len= 43 黑胜 loss=28.3699 temp=1.00 total_env_steps=5468 t=0.09s
Ep  183: len= 22 白胜 loss=28.3609 temp=1.00 total_env_steps=5490 t=0.05s
Ep  184: len= 29 黑胜 loss=28.3839 temp=1.00 total_env_steps=5519 t=0.06s
Ep  185: len= 50 白胜 loss=28.4403 temp=1.00 total_env_steps=5569 t=0.09s
Ep  186: len= 27 黑胜 loss=28.3830 temp=1.00 total_env_steps=5596 t=0.06s
Ep  187: len= 37 黑胜 loss=28.3951 temp=1.00 total_env_steps=5633 t=0.08s
Ep  188: len= 49 黑胜 loss=28.3262 temp=1.00 total_env_steps=5682 t=0.10s
Ep  189: len= 32 白胜 loss=28.4369 temp=1.00 total_env_steps=5714 t=0.06s
Ep  190: len= 22 白胜 loss=28.4440 temp=1.00 total_env_steps=5736 t=0.05s
Ep  191: len= 35 黑胜 loss=28.3582 temp=1.00 total_env_steps=5771 t=0.07s
Ep  192: len= 46 白胜 loss=28.2742 temp=1.00 total_env_steps=5817 t=0.08s
Ep  193: len= 33 白胜 loss=28.4456 temp=1.00 total_env_steps=5850 t=0.07s
Ep  194: len= 26 白胜 loss=28.3818 temp=1.00 total_env_steps=5876 t=0.05s
Ep  195: len= 30 白胜 loss=28.3583 temp=1.00 total_env_steps=5906 t=0.06s
Ep  196: len= 43 黑胜 loss=28.3431 temp=1.00 total_env_steps=5949 t=0.08s
Ep  197: len= 26 白胜 loss=28.1078 temp=1.00 total_env_steps=5975 t=0.06s
Ep  198: len=  4 白胜 loss=28.5286 temp=1.00 total_env_steps=5979 t=0.02s
Ep  199: len= 42 白胜 loss=28.3060 temp=1.00 total_env_steps=6021 t=0.09s
Ep  200: len= 25 黑胜 loss=28.3988 temp=1.00 total_env_steps=6046 t=0.06s
  eval vs Gomoku-random-v0: win_rate=1.00 mean_return=1.00（20 局，total_env_steps=6046）
  ✅ 达标 ep=200 total_env_steps=6046
Ep  201: len= 30 白胜 loss=28.3014 temp=1.00 total_env_steps=6076 t=0.07s
Ep  202: len= 26 白胜 loss=28.4311 temp=1.00 total_env_steps=6102 t=0.07s
Ep  203: len= 26 白胜 loss=28.4938 temp=1.00 total_env_steps=6128 t=0.06s
Ep  204: len= 31 黑胜 loss=28.4745 temp=1.00 total_env_steps=6159 t=0.08s
Ep  205: len= 28 白胜 loss=28.3702 temp=1.00 total_env_steps=6187 t=0.07s
Ep  206: len= 40 白胜 loss=28.3684 temp=1.00 total_env_steps=6227 t=0.09s
Ep  207: len= 23 黑胜 loss=28.4117 temp=1.00 total_env_steps=6250 t=0.06s
Ep  208: len= 39 黑胜 loss=28.2530 temp=1.00 total_env_steps=6289 t=0.09s
Ep  209: len= 22 白胜 loss=28.3585 temp=1.00 total_env_steps=6311 t=0.06s
Ep  210: len= 42 白胜 loss=28.4115 temp=1.00 total_env_steps=6353 t=0.10s
Ep  211: len= 30 白胜 loss=28.3081 temp=1.00 total_env_steps=6383 t=0.08s
Ep  212: len= 46 白胜 loss=28.2577 temp=1.00 total_env_steps=6429 t=0.11s
Ep  213: len= 32 白胜 loss=28.3419 temp=1.00 total_env_steps=6461 t=0.08s
Ep  214: len= 28 白胜 loss=28.3502 temp=1.00 total_env_steps=6489 t=0.08s
Ep  215: len= 33 黑胜 loss=28.3591 temp=1.00 total_env_steps=6522 t=0.10s
Ep  216: len= 31 黑胜 loss=28.4009 temp=1.00 total_env_steps=6553 t=0.09s
Ep  217: len= 27 黑胜 loss=28.3305 temp=1.00 total_env_steps=6580 t=0.09s
Ep  218: len= 23 黑胜 loss=28.3572 temp=1.00 total_env_steps=6603 t=0.14s
Ep  219: len=  4 黑胜 loss=28.2811 temp=1.00 total_env_steps=6607 t=0.04s
Ep  220: len= 46 白胜 loss=28.3518 temp=1.00 total_env_steps=6653 t=0.15s
Ep  221: len= 31 白胜 loss=28.2799 temp=1.00 total_env_steps=6684 t=0.10s
Ep  222: len= 31 黑胜 loss=28.2435 temp=1.00 total_env_steps=6715 t=0.09s
Ep  223: len=  2 黑胜 loss=28.3160 temp=1.00 total_env_steps=6717 t=0.02s
Ep  224: len= 39 黑胜 loss=28.3580 temp=1.00 total_env_steps=6756 t=0.12s
Ep  225: len= 27 黑胜 loss=28.3532 temp=1.00 total_env_steps=6783 t=0.10s
Ep  226: len= 32 黑胜 loss=28.2642 temp=1.00 total_env_steps=6815 t=0.09s
Ep  227: len= 41 黑胜 loss=28.0966 temp=1.00 total_env_steps=6856 t=0.10s
Ep  228: len= 29 黑胜 loss=28.4642 temp=1.00 total_env_steps=6885 t=0.08s
Ep  229: len= 24 黑胜 loss=28.3742 temp=1.00 total_env_steps=6909 t=0.07s
Ep  230: len=  4 白胜 loss=28.2914 temp=1.00 total_env_steps=6913 t=0.02s
Ep  231: len= 10 黑胜 loss=28.3442 temp=1.00 total_env_steps=6923 t=0.04s
Ep  232: len= 29 黑胜 loss=28.3866 temp=1.00 total_env_steps=6952 t=0.07s
Ep  233: len=  2 黑胜 loss=28.2165 temp=1.00 total_env_steps=6954 t=0.02s
Ep  234: len= 55 黑胜 loss=28.3424 temp=1.00 total_env_steps=7009 t=0.12s
Ep  235: len= 35 黑胜 loss=28.4276 temp=1.00 total_env_steps=7044 t=0.09s
Ep  236: len=  2 黑胜 loss=28.2846 temp=1.00 total_env_steps=7046 t=0.02s
Ep  237: len= 46 白胜 loss=28.3948 temp=1.00 total_env_steps=7092 t=0.11s
Ep  238: len= 32 白胜 loss=28.2737 temp=1.00 total_env_steps=7124 t=0.09s
Ep  239: len= 38 白胜 loss=28.3665 temp=1.00 total_env_steps=7162 t=0.10s
Ep  240: len= 24 白胜 loss=28.1947 temp=1.00 total_env_steps=7186 t=0.06s
Ep  241: len= 19 黑胜 loss=28.2406 temp=1.00 total_env_steps=7205 t=0.05s
Ep  242: len=  2 白胜 loss=28.5001 temp=1.00 total_env_steps=7207 t=0.02s
Ep  243: len= 36 白胜 loss=28.5605 temp=1.00 total_env_steps=7243 t=0.09s
Ep  244: len= 39 黑胜 loss=28.4148 temp=1.00 total_env_steps=7282 t=0.09s
Ep  245: len= 42 白胜 loss=28.2796 temp=1.00 total_env_steps=7324 t=0.11s
Ep  246: len=  2 黑胜 loss=28.2556 temp=1.00 total_env_steps=7326 t=0.03s
Ep  247: len= 54 白胜 loss=28.4240 temp=1.00 total_env_steps=7380 t=0.12s
Ep  248: len=  4 黑胜 loss=28.4101 temp=1.00 total_env_steps=7384 t=0.03s
Ep  249: len= 52 白胜 loss=28.5424 temp=1.00 total_env_steps=7436 t=0.13s
Ep  250: len= 28 白胜 loss=28.3302 temp=1.00 total_env_steps=7464 t=0.08s
Ep  251: len= 35 黑胜 loss=28.5513 temp=1.00 total_env_steps=7499 t=0.08s
Ep  252: len= 26 白胜 loss=28.2892 temp=1.00 total_env_steps=7525 t=0.07s
Ep  253: len=  6 黑胜 loss=28.2624 temp=1.00 total_env_steps=7531 t=0.03s
Ep  254: len= 22 白胜 loss=28.5090 temp=1.00 total_env_steps=7553 t=0.06s
Ep  255: len= 41 黑胜 loss=28.4755 temp=1.00 total_env_steps=7594 t=0.09s
Ep  256: len= 39 黑胜 loss=28.3210 temp=1.00 total_env_steps=7633 t=0.09s
Ep  257: len=  2 黑胜 loss=28.1523 temp=1.00 total_env_steps=7635 t=0.02s
Ep  258: len= 41 黑胜 loss=28.4471 temp=1.00 total_env_steps=7676 t=0.10s
Ep  259: len=  8 黑胜 loss=28.4640 temp=1.00 total_env_steps=7684 t=0.03s
Ep  260: len= 41 白胜 loss=28.2823 temp=1.00 total_env_steps=7725 t=0.10s
Ep  261: len= 36 白胜 loss=28.3811 temp=1.00 total_env_steps=7761 t=0.08s
Ep  262: len= 41 黑胜 loss=28.2725 temp=1.00 total_env_steps=7802 t=0.09s
Ep  263: len= 24 白胜 loss=28.4047 temp=1.00 total_env_steps=7826 t=0.07s
Ep  264: len= 24 白胜 loss=28.3576 temp=1.00 total_env_steps=7850 t=0.07s
Ep  265: len=  8 黑胜 loss=28.3965 temp=1.00 total_env_steps=7858 t=0.03s
Ep  266: len= 49 黑胜 loss=28.3325 temp=1.00 total_env_steps=7907 t=0.12s
Ep  267: len= 26 白胜 loss=28.2618 temp=1.00 total_env_steps=7933 t=0.07s
Ep  268: len= 32 白胜 loss=28.3029 temp=1.00 total_env_steps=7965 t=0.08s
Ep  269: len= 18 白胜 loss=28.5345 temp=1.00 total_env_steps=7983 t=0.05s
Ep  270: len= 25 黑胜 loss=28.4425 temp=1.00 total_env_steps=8008 t=0.06s
Ep  271: len= 39 黑胜 loss=28.2369 temp=1.00 total_env_steps=8047 t=0.08s
Ep  272: len= 26 白胜 loss=28.3360 temp=1.00 total_env_steps=8073 t=0.07s
Ep  273: len= 29 黑胜 loss=28.4065 temp=1.00 total_env_steps=8102 t=0.07s
Ep  274: len= 29 黑胜 loss=28.1950 temp=1.00 total_env_steps=8131 t=0.07s
Ep  275: len= 44 白胜 loss=28.2661 temp=1.00 total_env_steps=8175 t=0.09s
Ep  276: len=  8 黑胜 loss=28.4364 temp=1.00 total_env_steps=8183 t=0.03s
Ep  277: len= 42 白胜 loss=28.4230 temp=1.00 total_env_steps=8225 t=0.10s
Ep  278: len= 43 黑胜 loss=28.3275 temp=1.00 total_env_steps=8268 t=0.10s
Ep  279: len= 36 白胜 loss=28.2289 temp=1.00 total_env_steps=8304 t=0.08s
Ep  280: len= 42 白胜 loss=28.4828 temp=1.00 total_env_steps=8346 t=0.09s
Ep  281: len=  6 白胜 loss=28.3410 temp=1.00 total_env_steps=8352 t=0.03s
Ep  282: len= 46 白胜 loss=28.3034 temp=1.00 total_env_steps=8398 t=0.09s
Ep  283: len= 31 黑胜 loss=28.3633 temp=1.00 total_env_steps=8429 t=0.07s
Ep  284: len= 35 黑胜 loss=28.1656 temp=1.00 total_env_steps=8464 t=0.08s
Ep  285: len= 34 白胜 loss=28.3169 temp=1.00 total_env_steps=8498 t=0.07s
Ep  286: len= 18 黑胜 loss=28.2821 temp=1.00 total_env_steps=8516 t=0.05s
Ep  287: len= 32 白胜 loss=28.3192 temp=1.00 total_env_steps=8548 t=0.07s
Ep  288: len= 34 白胜 loss=28.3538 temp=1.00 total_env_steps=8582 t=0.08s
Ep  289: len= 60 白胜 loss=28.3633 temp=1.00 total_env_steps=8642 t=0.12s
Ep  290: len= 42 白胜 loss=28.3997 temp=1.00 total_env_steps=8684 t=0.10s
Ep  291: len=  2 白胜 loss=28.3897 temp=1.00 total_env_steps=8686 t=0.02s
Ep  292: len= 23 黑胜 loss=28.4662 temp=1.00 total_env_steps=8709 t=0.06s
Ep  293: len= 19 白胜 loss=28.3405 temp=1.00 total_env_steps=8728 t=0.05s
Ep  294: len= 35 黑胜 loss=28.2024 temp=1.00 total_env_steps=8763 t=0.08s
Ep  295: len= 34 白胜 loss=28.3938 temp=1.00 total_env_steps=8797 t=0.08s
Ep  296: len= 47 黑胜 loss=28.4804 temp=1.00 total_env_steps=8844 t=0.10s
Ep  297: len=  4 黑胜 loss=28.3033 temp=1.00 total_env_steps=8848 t=0.02s
Ep  298: len= 25 黑胜 loss=28.2069 temp=1.00 total_env_steps=8873 t=0.08s
Ep  299: len= 30 白胜 loss=28.2932 temp=1.00 total_env_steps=8903 t=0.09s
Ep  300: len= 21 黑胜 loss=28.2458 temp=1.00 total_env_steps=8924 t=0.07s
Ep  301: len=  8 黑胜 loss=28.3999 temp=1.00 total_env_steps=8932 t=0.03s
Ep  302: len= 33 黑胜 loss=28.3175 temp=1.00 total_env_steps=8965 t=0.08s
Ep  303: len= 25 黑胜 loss=28.4148 temp=1.00 total_env_steps=8990 t=0.07s
Ep  304: len=  2 黑胜 loss=28.1712 temp=1.00 total_env_steps=8992 t=0.02s
Ep  305: len=  2 白胜 loss=28.4461 temp=1.00 total_env_steps=8994 t=0.02s
Ep  306: len= 42 白胜 loss=28.4559 temp=1.00 total_env_steps=9036 t=0.12s
Ep  307: len= 15 黑胜 loss=28.4907 temp=1.00 total_env_steps=9051 t=0.06s
Ep  308: len= 24 白胜 loss=28.3901 temp=1.00 total_env_steps=9075 t=0.08s
Ep  309: len= 38 白胜 loss=28.3983 temp=1.00 total_env_steps=9113 t=0.09s
Ep  310: len= 27 黑胜 loss=28.4064 temp=1.00 total_env_steps=9140 t=0.08s
Ep  311: len=  2 白胜 loss=28.2726 temp=1.00 total_env_steps=9142 t=0.02s
Ep  312: len= 53 黑胜 loss=28.2612 temp=1.00 total_env_steps=9195 t=0.12s
Ep  313: len= 40 白胜 loss=28.3203 temp=1.00 total_env_steps=9235 t=0.10s
Ep  314: len= 41 黑胜 loss=28.2555 temp=1.00 total_env_steps=9276 t=0.09s
Ep  315: len= 45 黑胜 loss=28.2715 temp=1.00 total_env_steps=9321 t=0.10s
Ep  316: len= 49 黑胜 loss=28.3620 temp=1.00 total_env_steps=9370 t=0.12s
Ep  317: len= 21 白胜 loss=28.3803 temp=1.00 total_env_steps=9391 t=0.06s
Ep  318: len= 42 白胜 loss=28.3575 temp=1.00 total_env_steps=9433 t=0.12s
Ep  319: len= 28 白胜 loss=28.3289 temp=1.00 total_env_steps=9461 t=0.07s
Ep  320: len= 42 白胜 loss=28.3149 temp=1.00 total_env_steps=9503 t=0.11s
Ep  321: len= 45 黑胜 loss=28.2620 temp=1.00 total_env_steps=9548 t=0.11s
Ep  322: len= 28 白胜 loss=28.4049 temp=1.00 total_env_steps=9576 t=0.07s
Ep  323: len= 27 黑胜 loss=28.5649 temp=1.00 total_env_steps=9603 t=0.07s
Ep  324: len= 25 黑胜 loss=28.4452 temp=1.00 total_env_steps=9628 t=0.07s
Ep  325: len=  8 白胜 loss=28.4556 temp=1.00 total_env_steps=9636 t=0.03s
Ep  326: len= 26 白胜 loss=28.4928 temp=1.00 total_env_steps=9662 t=0.06s
Ep  327: len= 38 白胜 loss=28.3323 temp=1.00 total_env_steps=9700 t=0.09s
Ep  328: len= 27 黑胜 loss=28.2583 temp=1.00 total_env_steps=9727 t=0.07s
Ep  329: len= 21 黑胜 loss=28.3304 temp=1.00 total_env_steps=9748 t=0.06s
Ep  330: len= 41 黑胜 loss=28.2521 temp=1.00 total_env_steps=9789 t=0.10s
Ep  331: len= 25 黑胜 loss=28.2621 temp=1.00 total_env_steps=9814 t=0.06s
Ep  332: len=  2 黑胜 loss=28.3037 temp=1.00 total_env_steps=9816 t=0.02s
Ep  333: len=  8 白胜 loss=28.3933 temp=1.00 total_env_steps=9824 t=0.03s
Ep  334: len= 33 黑胜 loss=28.3982 temp=1.00 total_env_steps=9857 t=0.09s
Ep  335: len= 33 黑胜 loss=28.3731 temp=1.00 total_env_steps=9890 t=0.09s
Ep  336: len= 38 白胜 loss=28.3688 temp=1.00 total_env_steps=9928 t=0.09s
Ep  337: len= 18 白胜 loss=28.1903 temp=1.00 total_env_steps=9946 t=0.05s
Ep  338: len= 32 白胜 loss=28.4008 temp=1.00 total_env_steps=9978 t=0.08s
Ep  339: len= 29 黑胜 loss=28.2035 temp=1.00 total_env_steps=10007 t=0.08s
Ep  340: len= 34 黑胜 loss=28.1327 temp=1.00 total_env_steps=10041 t=0.08s
Ep  341: len=  4 白胜 loss=28.3133 temp=1.00 total_env_steps=10045 t=0.03s
Ep  342: len= 43 黑胜 loss=28.1300 temp=1.00 total_env_steps=10088 t=0.10s
Ep  343: len= 31 黑胜 loss=28.3945 temp=1.00 total_env_steps=10119 t=0.08s
Ep  344: len=  2 黑胜 loss=28.3087 temp=1.00 total_env_steps=10121 t=0.02s
Ep  345: len= 53 黑胜 loss=28.3634 temp=1.00 total_env_steps=10174 t=0.10s
Ep  346: len=  2 白胜 loss=28.4198 temp=1.00 total_env_steps=10176 t=0.02s
Ep  347: len= 33 黑胜 loss=28.2540 temp=1.00 total_env_steps=10209 t=0.08s
Ep  348: len= 25 黑胜 loss=28.3820 temp=1.00 total_env_steps=10234 t=0.08s
Ep  349: len= 35 白胜 loss=28.3436 temp=1.00 total_env_steps=10269 t=0.10s
Ep  350: len= 21 黑胜 loss=28.3522 temp=1.00 total_env_steps=10290 t=0.06s
Ep  351: len= 43 黑胜 loss=28.3304 temp=1.00 total_env_steps=10333 t=0.10s
Ep  352: len= 27 黑胜 loss=28.3225 temp=1.00 total_env_steps=10360 t=0.07s
Ep  353: len= 45 黑胜 loss=28.3642 temp=1.00 total_env_steps=10405 t=0.09s
Ep  354: len= 40 白胜 loss=28.4181 temp=1.00 total_env_steps=10445 t=0.09s
Ep  355: len= 27 黑胜 loss=28.2285 temp=1.00 total_env_steps=10472 t=0.07s
Ep  356: len= 29 黑胜 loss=28.4812 temp=1.00 total_env_steps=10501 t=0.07s
Ep  357: len= 27 白胜 loss=28.4038 temp=1.00 total_env_steps=10528 t=0.07s
Ep  358: len= 27 白胜 loss=28.4912 temp=1.00 total_env_steps=10555 t=0.06s
Ep  359: len= 15 黑胜 loss=28.3413 temp=1.00 total_env_steps=10570 t=0.05s
Ep  360: len= 35 黑胜 loss=28.2609 temp=1.00 total_env_steps=10605 t=0.07s
Ep  361: len= 24 白胜 loss=28.2261 temp=1.00 total_env_steps=10629 t=0.06s
Ep  362: len=  4 白胜 loss=28.2295 temp=1.00 total_env_steps=10633 t=0.03s
Ep  363: len= 37 黑胜 loss=28.3315 temp=1.00 total_env_steps=10670 t=0.09s
Ep  364: len= 42 白胜 loss=28.4173 temp=1.00 total_env_steps=10712 t=0.09s
Ep  365: len= 36 白胜 loss=28.2782 temp=1.00 total_env_steps=10748 t=0.08s
Ep  366: len= 31 黑胜 loss=28.4623 temp=1.00 total_env_steps=10779 t=0.07s
Ep  367: len= 36 白胜 loss=28.2491 temp=1.00 total_env_steps=10815 t=0.09s
Ep  368: len= 57 黑胜 loss=28.2613 temp=1.00 total_env_steps=10872 t=0.12s
Ep  369: len= 26 白胜 loss=28.3609 temp=1.00 total_env_steps=10898 t=0.06s
Ep  370: len=  4 白胜 loss=28.3989 temp=1.00 total_env_steps=10902 t=0.02s
Ep  371: len= 33 黑胜 loss=28.3677 temp=1.00 total_env_steps=10935 t=0.08s
Ep  372: len= 36 白胜 loss=28.2587 temp=1.00 total_env_steps=10971 t=0.09s
Ep  373: len= 33 黑胜 loss=28.4450 temp=1.00 total_env_steps=11004 t=0.08s
Ep  374: len= 35 黑胜 loss=28.3387 temp=1.00 total_env_steps=11039 t=0.09s
Ep  375: len= 38 白胜 loss=28.4901 temp=1.00 total_env_steps=11077 t=0.08s
Ep  376: len= 33 黑胜 loss=28.3448 temp=1.00 total_env_steps=11110 t=0.08s
Ep  377: len= 31 黑胜 loss=28.3362 temp=1.00 total_env_steps=11141 t=0.08s
Ep  378: len= 40 白胜 loss=28.2552 temp=1.00 total_env_steps=11181 t=0.10s
Ep  379: len=  2 白胜 loss=28.4262 temp=1.00 total_env_steps=11183 t=0.02s
Ep  380: len= 45 黑胜 loss=28.4781 temp=1.00 total_env_steps=11228 t=0.13s
Ep  381: len= 22 黑胜 loss=28.3533 temp=1.00 total_env_steps=11250 t=0.09s
Ep  382: len= 36 白胜 loss=28.3908 temp=1.00 total_env_steps=11286 t=0.15s
Ep  383: len= 22 白胜 loss=28.2958 temp=1.00 total_env_steps=11308 t=0.23s
Ep  384: len= 54 白胜 loss=28.2289 temp=1.00 total_env_steps=11362 t=0.81s
Ep  385: len=  2 白胜 loss=28.4150 temp=1.00 total_env_steps=11364 t=0.27s
Ep  386: len= 33 黑胜 loss=28.4565 temp=1.00 total_env_steps=11397 t=0.75s
Ep  387: len= 22 黑胜 loss=28.2715 temp=1.00 total_env_steps=11419 t=0.40s
Ep  388: len= 42 白胜 loss=28.4490 temp=1.00 total_env_steps=11461 t=0.39s
Ep  389: len= 27 白胜 loss=28.3051 temp=1.00 total_env_steps=11488 t=0.17s
Ep  390: len= 54 白胜 loss=28.2814 temp=1.00 total_env_steps=11542 t=0.22s
Ep  391: len= 28 白胜 loss=28.4229 temp=1.00 total_env_steps=11570 t=0.09s
Ep  392: len= 39 黑胜 loss=28.3958 temp=1.00 total_env_steps=11609 t=0.10s
Ep  393: len= 35 黑胜 loss=28.3629 temp=1.00 total_env_steps=11644 t=0.11s
Ep  394: len= 26 白胜 loss=28.2359 temp=1.00 total_env_steps=11670 t=0.10s
Ep  395: len=  8 白胜 loss=28.2473 temp=1.00 total_env_steps=11678 t=0.05s
Ep  396: len= 41 黑胜 loss=28.4075 temp=1.00 total_env_steps=11719 t=0.12s
Ep  397: len= 26 黑胜 loss=28.4342 temp=1.00 total_env_steps=11745 t=0.09s
Ep  398: len= 43 黑胜 loss=28.3012 temp=1.00 total_env_steps=11788 t=0.13s
Ep  399: len= 28 白胜 loss=28.2755 temp=1.00 total_env_steps=11816 t=0.12s
Ep  400: len= 25 黑胜 loss=28.2536 temp=1.00 total_env_steps=11841 t=0.07s
  eval vs Gomoku-random-v0: win_rate=0.95 mean_return=0.90（20 局，total_env_steps=11841）
Ep  401: len=  2 黑胜 loss=28.2685 temp=1.00 total_env_steps=11843 t=0.03s
Ep  402: len= 41 黑胜 loss=28.5228 temp=1.00 total_env_steps=11884 t=0.12s
Ep  403: len= 42 白胜 loss=28.4262 temp=1.00 total_env_steps=11926 t=0.11s
Ep  404: len= 20 白胜 loss=28.3119 temp=1.00 total_env_steps=11946 t=0.07s
Ep  405: len= 15 黑胜 loss=28.2938 temp=1.00 total_env_steps=11961 t=0.05s
Ep  406: len= 50 白胜 loss=28.3548 temp=1.00 total_env_steps=12011 t=0.12s
Ep  407: len= 32 白胜 loss=28.4187 temp=1.00 total_env_steps=12043 t=0.09s
Ep  408: len=  2 黑胜 loss=28.3768 temp=1.00 total_env_steps=12045 t=0.03s
Ep  409: len= 13 黑胜 loss=28.4660 temp=1.00 total_env_steps=12058 t=0.05s
Ep  410: len= 32 白胜 loss=28.3244 temp=1.00 total_env_steps=12090 t=0.08s
Ep  411: len= 35 黑胜 loss=28.2909 temp=1.00 total_env_steps=12125 t=0.10s
Ep  412: len= 38 白胜 loss=28.4448 temp=1.00 total_env_steps=12163 t=0.10s
Ep  413: len= 34 白胜 loss=28.1838 temp=1.00 total_env_steps=12197 t=0.09s
Ep  414: len= 38 白胜 loss=28.4325 temp=1.00 total_env_steps=12235 t=0.10s
Ep  415: len= 33 黑胜 loss=28.3549 temp=1.00 total_env_steps=12268 t=0.09s
Ep  416: len= 19 黑胜 loss=28.3021 temp=1.00 total_env_steps=12287 t=0.06s
Ep  417: len=  2 白胜 loss=28.4629 temp=1.00 total_env_steps=12289 t=0.05s
Ep  418: len= 33 黑胜 loss=28.1698 temp=1.00 total_env_steps=12322 t=0.12s
Ep  419: len= 36 白胜 loss=28.2335 temp=1.00 total_env_steps=12358 t=0.11s
Ep  420: len= 23 黑胜 loss=28.2756 temp=1.00 total_env_steps=12381 t=0.07s
Ep  421: len=  8 黑胜 loss=28.2779 temp=1.00 total_env_steps=12389 t=0.04s
Ep  422: len= 43 黑胜 loss=28.3180 temp=1.00 total_env_steps=12432 t=0.11s
Ep  423: len= 22 黑胜 loss=28.3567 temp=1.00 total_env_steps=12454 t=0.07s
Ep  424: len= 20 白胜 loss=28.3786 temp=1.00 total_env_steps=12474 t=0.07s
Ep  425: len= 30 白胜 loss=28.2379 temp=1.00 total_env_steps=12504 t=0.10s
Ep  426: len= 45 黑胜 loss=28.3245 temp=1.00 total_env_steps=12549 t=0.14s
Ep  427: len= 33 黑胜 loss=28.4497 temp=1.00 total_env_steps=12582 t=0.09s
Ep  428: len= 28 白胜 loss=28.3547 temp=1.00 total_env_steps=12610 t=0.08s
Ep  429: len= 22 白胜 loss=28.2869 temp=1.00 total_env_steps=12632 t=0.07s
Ep  430: len= 39 黑胜 loss=28.3660 temp=1.00 total_env_steps=12671 t=0.10s
Ep  431: len= 47 黑胜 loss=28.4373 temp=1.00 total_env_steps=12718 t=0.12s
Ep  432: len= 32 白胜 loss=28.0281 temp=1.00 total_env_steps=12750 t=0.08s
Ep  433: len= 36 白胜 loss=28.2573 temp=1.00 total_env_steps=12786 t=0.08s
Ep  434: len= 20 白胜 loss=28.1069 temp=1.00 total_env_steps=12806 t=0.05s
Ep  435: len= 33 黑胜 loss=28.1734 temp=1.00 total_env_steps=12839 t=0.09s
Ep  436: len=  4 黑胜 loss=28.3506 temp=1.00 total_env_steps=12843 t=0.02s
Ep  437: len= 22 白胜 loss=28.1852 temp=1.00 total_env_steps=12865 t=0.06s
Ep  438: len=  8 黑胜 loss=28.1604 temp=1.00 total_env_steps=12873 t=0.04s
Ep  439: len= 41 黑胜 loss=28.2467 temp=1.00 total_env_steps=12914 t=0.12s
Ep  440: len= 32 白胜 loss=28.5586 temp=1.00 total_env_steps=12946 t=0.09s
Ep  441: len= 32 白胜 loss=28.2706 temp=1.00 total_env_steps=12978 t=0.10s
Ep  442: len= 34 白胜 loss=28.4410 temp=1.00 total_env_steps=13012 t=0.10s
Ep  443: len= 23 黑胜 loss=28.2386 temp=1.00 total_env_steps=13035 t=0.07s
Ep  444: len= 35 黑胜 loss=28.2046 temp=1.00 total_env_steps=13070 t=0.09s
Ep  445: len= 36 白胜 loss=28.1476 temp=1.00 total_env_steps=13106 t=0.10s
Ep  446: len= 31 黑胜 loss=28.1957 temp=1.00 total_env_steps=13137 t=0.07s
Ep  447: len= 29 黑胜 loss=28.4572 temp=1.00 total_env_steps=13166 t=0.07s
Ep  448: len=  6 白胜 loss=28.4296 temp=1.00 total_env_steps=13172 t=0.03s
Ep  449: len= 29 黑胜 loss=28.3905 temp=1.00 total_env_steps=13201 t=0.08s
Ep  450: len= 25 黑胜 loss=28.3971 temp=1.00 total_env_steps=13226 t=0.07s
Ep  451: len= 36 白胜 loss=28.2521 temp=1.00 total_env_steps=13262 t=0.09s
Ep  452: len= 29 黑胜 loss=28.1019 temp=1.00 total_env_steps=13291 t=0.08s
Ep  453: len= 28 白胜 loss=28.0255 temp=1.00 total_env_steps=13319 t=0.08s
Ep  454: len= 37 黑胜 loss=28.5775 temp=1.00 total_env_steps=13356 t=0.09s
Ep  455: len= 34 白胜 loss=28.2175 temp=1.00 total_env_steps=13390 t=0.09s
Ep  456: len= 39 黑胜 loss=28.3059 temp=1.00 total_env_steps=13429 t=0.09s
Ep  457: len= 27 黑胜 loss=28.3352 temp=1.00 total_env_steps=13456 t=0.07s
Ep  458: len= 27 黑胜 loss=28.3089 temp=1.00 total_env_steps=13483 t=0.07s
Ep  459: len= 14 黑胜 loss=28.3547 temp=1.00 total_env_steps=13497 t=0.04s
Ep  460: len= 37 黑胜 loss=28.4018 temp=1.00 total_env_steps=13534 t=0.09s
Ep  461: len=  6 白胜 loss=28.3569 temp=1.00 total_env_steps=13540 t=0.03s
Ep  462: len= 11 黑胜 loss=28.2439 temp=1.00 total_env_steps=13551 t=0.04s
Ep  463: len= 17 黑胜 loss=28.2300 temp=1.00 total_env_steps=13568 t=0.05s
Ep  464: len=  4 黑胜 loss=28.4512 temp=1.00 total_env_steps=13572 t=0.03s
Ep  465: len= 22 白胜 loss=28.3347 temp=1.00 total_env_steps=13594 t=0.06s
Ep  466: len= 32 白胜 loss=28.1407 temp=1.00 total_env_steps=13626 t=0.07s
Ep  467: len= 29 黑胜 loss=28.2053 temp=1.00 total_env_steps=13655 t=0.08s
Ep  468: len= 35 黑胜 loss=28.1615 temp=1.00 total_env_steps=13690 t=0.08s
Ep  469: len= 45 黑胜 loss=28.2562 temp=1.00 total_env_steps=13735 t=0.10s
Ep  470: len= 24 白胜 loss=28.3452 temp=1.00 total_env_steps=13759 t=0.06s
Ep  471: len= 17 黑胜 loss=28.1784 temp=1.00 total_env_steps=13776 t=0.05s
Ep  472: len= 46 白胜 loss=28.3015 temp=1.00 total_env_steps=13822 t=0.10s
Ep  473: len=  2 黑胜 loss=28.2470 temp=1.00 total_env_steps=13824 t=0.02s
Ep  474: len= 47 黑胜 loss=28.5137 temp=1.00 total_env_steps=13871 t=0.11s
Ep  475: len= 31 黑胜 loss=28.3650 temp=1.00 total_env_steps=13902 t=0.08s
Ep  476: len=  2 白胜 loss=28.1576 temp=1.00 total_env_steps=13904 t=0.02s
Ep  477: len= 30 白胜 loss=28.3572 temp=1.00 total_env_steps=13934 t=0.07s
Ep  478: len= 45 黑胜 loss=28.2356 temp=1.00 total_env_steps=13979 t=0.10s
Ep  479: len= 27 黑胜 loss=28.3323 temp=1.00 total_env_steps=14006 t=0.07s
Ep  480: len= 42 白胜 loss=28.4179 temp=1.00 total_env_steps=14048 t=0.09s
Ep  481: len= 43 黑胜 loss=28.3165 temp=1.00 total_env_steps=14091 t=0.09s
Ep  482: len= 25 黑胜 loss=28.4835 temp=1.00 total_env_steps=14116 t=0.06s
Ep  483: len= 24 白胜 loss=28.1133 temp=1.00 total_env_steps=14140 t=0.07s
Ep  484: len= 22 白胜 loss=28.3678 temp=1.00 total_env_steps=14162 t=0.06s
Ep  485: len= 22 白胜 loss=28.2994 temp=1.00 total_env_steps=14184 t=0.06s
Ep  486: len= 28 白胜 loss=28.3343 temp=1.00 total_env_steps=14212 t=0.07s
Ep  487: len= 33 黑胜 loss=28.1926 temp=1.00 total_env_steps=14245 t=0.08s
Ep  488: len= 64 白胜 loss=28.2504 temp=1.00 total_env_steps=14309 t=0.14s
Ep  489: len= 23 黑胜 loss=28.4142 temp=1.00 total_env_steps=14332 t=0.07s
Ep  490: len= 34 白胜 loss=28.2834 temp=1.00 total_env_steps=14366 t=0.08s
Ep  491: len= 23 黑胜 loss=28.4186 temp=1.00 total_env_steps=14389 t=0.06s
Ep  492: len= 37 黑胜 loss=28.1964 temp=1.00 total_env_steps=14426 t=0.08s
Ep  493: len= 34 白胜 loss=28.2448 temp=1.00 total_env_steps=14460 t=0.08s
Ep  494: len= 16 黑胜 loss=28.2165 temp=1.00 total_env_steps=14476 t=0.05s
Ep  495: len= 31 黑胜 loss=28.2786 temp=1.00 total_env_steps=14507 t=0.07s
Ep  496: len= 37 黑胜 loss=28.3377 temp=1.00 total_env_steps=14544 t=0.09s
Ep  497: len= 21 白胜 loss=28.2800 temp=1.00 total_env_steps=14565 t=0.06s
Ep  498: len= 22 白胜 loss=28.3310 temp=1.00 total_env_steps=14587 t=0.06s
Ep  499: len= 34 白胜 loss=28.3556 temp=1.00 total_env_steps=14621 t=0.08s
Ep  500: len= 27 黑胜 loss=28.2853 temp=1.00 total_env_steps=14648 t=0.07s
Ep  501: len= 23 黑胜 loss=28.0979 temp=1.00 total_env_steps=14671 t=0.07s
Ep  502: len= 37 黑胜 loss=28.0791 temp=1.00 total_env_steps=14708 t=0.09s
Ep  503: len= 31 黑胜 loss=28.2971 temp=1.00 total_env_steps=14739 t=0.08s
Ep  504: len= 14 白胜 loss=28.1805 temp=1.00 total_env_steps=14753 t=0.05s
Ep  505: len= 33 黑胜 loss=28.1385 temp=1.00 total_env_steps=14786 t=0.08s
Ep  506: len= 42 白胜 loss=28.2569 temp=1.00 total_env_steps=14828 t=0.09s
Ep  507: len= 36 白胜 loss=28.1131 temp=1.00 total_env_steps=14864 t=0.09s
Ep  508: len=  8 白胜 loss=28.5569 temp=1.00 total_env_steps=14872 t=0.04s
Ep  509: len= 31 黑胜 loss=28.2590 temp=1.00 total_env_steps=14903 t=0.09s
Ep  510: len=  2 白胜 loss=28.3295 temp=1.00 total_env_steps=14905 t=0.02s
Ep  511: len=  6 白胜 loss=28.1967 temp=1.00 total_env_steps=14911 t=0.03s
Ep  512: len=  6 白胜 loss=28.2118 temp=1.00 total_env_steps=14917 t=0.03s
Ep  513: len= 20 黑胜 loss=28.2947 temp=1.00 total_env_steps=14937 t=0.06s
Ep  514: len= 47 黑胜 loss=28.1564 temp=1.00 total_env_steps=14984 t=0.12s
Ep  515: len= 21 白胜 loss=28.2968 temp=1.00 total_env_steps=15005 t=0.06s
Ep  516: len= 27 黑胜 loss=28.5131 temp=1.00 total_env_steps=15032 t=0.07s
Ep  517: len= 20 白胜 loss=28.1023 temp=1.00 total_env_steps=15052 t=0.06s
Ep  518: len= 35 黑胜 loss=28.2702 temp=1.00 total_env_steps=15087 t=0.09s
Ep  519: len=  2 白胜 loss=28.3639 temp=1.00 total_env_steps=15089 t=0.02s
Ep  520: len= 44 白胜 loss=28.3579 temp=1.00 total_env_steps=15133 t=0.11s
Ep  521: len= 35 黑胜 loss=28.0678 temp=1.00 total_env_steps=15168 t=0.09s
Ep  522: len= 28 白胜 loss=28.3705 temp=1.00 total_env_steps=15196 t=0.07s
Ep  523: len= 25 黑胜 loss=28.3908 temp=1.00 total_env_steps=15221 t=0.07s
Ep  524: len= 24 白胜 loss=28.2572 temp=1.00 total_env_steps=15245 t=0.08s
Ep  525: len= 41 黑胜 loss=28.2467 temp=1.00 total_env_steps=15286 t=0.09s
Ep  526: len=  4 黑胜 loss=28.0881 temp=1.00 total_env_steps=15290 t=0.03s
Ep  527: len= 25 黑胜 loss=28.1225 temp=1.00 total_env_steps=15315 t=0.06s
Ep  528: len= 46 白胜 loss=28.2480 temp=1.00 total_env_steps=15361 t=0.10s
Ep  529: len=  4 白胜 loss=28.3062 temp=1.00 total_env_steps=15365 t=0.02s
Ep  530: len= 47 黑胜 loss=28.4702 temp=1.00 total_env_steps=15412 t=0.11s
Ep  531: len= 41 黑胜 loss=28.3562 temp=1.00 total_env_steps=15453 t=0.10s
Ep  532: len= 31 黑胜 loss=28.1161 temp=1.00 total_env_steps=15484 t=0.07s
Ep  533: len= 34 白胜 loss=28.2391 temp=1.00 total_env_steps=15518 t=0.09s
Ep  534: len= 29 黑胜 loss=28.1989 temp=1.00 total_env_steps=15547 t=0.08s
Ep  535: len= 27 黑胜 loss=28.0051 temp=1.00 total_env_steps=15574 t=0.07s
Ep  536: len= 40 白胜 loss=28.2819 temp=1.00 total_env_steps=15614 t=0.10s
Ep  537: len= 21 黑胜 loss=28.1711 temp=1.00 total_env_steps=15635 t=0.06s
Ep  538: len= 31 黑胜 loss=28.1679 temp=1.00 total_env_steps=15666 t=0.08s
Ep  539: len= 35 黑胜 loss=28.2354 temp=1.00 total_env_steps=15701 t=0.09s
Ep  540: len= 40 白胜 loss=28.3186 temp=1.00 total_env_steps=15741 t=0.09s
Ep  541: len= 25 黑胜 loss=28.2097 temp=1.00 total_env_steps=15766 t=0.08s
Ep  542: len= 38 白胜 loss=28.3118 temp=1.00 total_env_steps=15804 t=0.09s
Ep  543: len=  6 黑胜 loss=28.2123 temp=1.00 total_env_steps=15810 t=0.03s
Ep  544: len= 34 白胜 loss=28.4444 temp=1.00 total_env_steps=15844 t=0.09s
Ep  545: len= 39 黑胜 loss=28.3768 temp=1.00 total_env_steps=15883 t=0.10s
Ep  546: len=  4 黑胜 loss=28.2753 temp=1.00 total_env_steps=15887 t=0.03s
Ep  547: len= 35 黑胜 loss=28.2498 temp=1.00 total_env_steps=15922 t=0.09s
Ep  548: len= 20 白胜 loss=28.2503 temp=1.00 total_env_steps=15942 t=0.07s
Ep  549: len= 27 黑胜 loss=28.2859 temp=1.00 total_env_steps=15969 t=0.08s
Ep  550: len= 10 黑胜 loss=28.0685 temp=1.00 total_env_steps=15979 t=0.04s
Ep  551: len= 27 黑胜 loss=28.3430 temp=1.00 total_env_steps=16006 t=0.10s
Ep  552: len= 15 黑胜 loss=28.0777 temp=1.00 total_env_steps=16021 t=0.05s
Ep  553: len= 29 黑胜 loss=28.1824 temp=1.00 total_env_steps=16050 t=0.09s
Ep  554: len= 46 白胜 loss=28.2536 temp=1.00 total_env_steps=16096 t=0.11s
Ep  555: len= 19 黑胜 loss=28.0358 temp=1.00 total_env_steps=16115 t=0.07s
Ep  556: len= 27 黑胜 loss=27.9210 temp=1.00 total_env_steps=16142 t=0.08s
Ep  557: len= 26 白胜 loss=28.3654 temp=1.00 total_env_steps=16168 t=0.07s
Ep  558: len= 48 白胜 loss=28.2359 temp=1.00 total_env_steps=16216 t=0.11s
Ep  559: len= 28 白胜 loss=28.0948 temp=1.00 total_env_steps=16244 t=0.08s
Ep  560: len= 30 白胜 loss=28.1138 temp=1.00 total_env_steps=16274 t=0.08s
Ep  561: len= 25 黑胜 loss=28.2578 temp=1.00 total_env_steps=16299 t=0.07s
Ep  562: len= 29 白胜 loss=28.2371 temp=1.00 total_env_steps=16328 t=0.08s
Ep  563: len= 39 黑胜 loss=28.1480 temp=1.00 total_env_steps=16367 t=0.10s
Ep  564: len= 37 黑胜 loss=28.3239 temp=1.00 total_env_steps=16404 t=0.09s
Ep  565: len= 40 白胜 loss=28.1925 temp=1.00 total_env_steps=16444 t=0.10s
Ep  566: len= 32 白胜 loss=28.1610 temp=1.00 total_env_steps=16476 t=0.09s
Ep  567: len= 21 黑胜 loss=28.3591 temp=1.00 total_env_steps=16497 t=0.07s
Ep  568: len=  2 黑胜 loss=28.2687 temp=1.00 total_env_steps=16499 t=0.03s
Ep  569: len=  4 黑胜 loss=28.1832 temp=1.00 total_env_steps=16503 t=0.03s
Ep  570: len= 32 白胜 loss=28.1327 temp=1.00 total_env_steps=16535 t=0.09s
Ep  571: len= 38 白胜 loss=28.0404 temp=1.00 total_env_steps=16573 t=0.10s
Ep  572: len= 10 黑胜 loss=28.2435 temp=1.00 total_env_steps=16583 t=0.04s
Ep  573: len= 26 白胜 loss=28.0381 temp=1.00 total_env_steps=16609 t=0.07s
Ep  574: len= 35 黑胜 loss=28.2964 temp=1.00 total_env_steps=16644 t=0.09s
Ep  575: len= 20 黑胜 loss=28.2859 temp=1.00 total_env_steps=16664 t=0.07s
Ep  576: len= 22 白胜 loss=28.3007 temp=1.00 total_env_steps=16686 t=0.07s
Ep  577: len= 29 黑胜 loss=28.0763 temp=1.00 total_env_steps=16715 t=0.08s
Ep  578: len= 14 白胜 loss=28.2952 temp=1.00 total_env_steps=16729 t=0.05s
Ep  579: len= 17 黑胜 loss=28.1511 temp=1.00 total_env_steps=16746 t=0.06s
Ep  580: len= 20 白胜 loss=28.1693 temp=1.00 total_env_steps=16766 t=0.05s
Ep  581: len= 20 白胜 loss=28.0682 temp=1.00 total_env_steps=16786 t=0.06s
Ep  582: len=  2 黑胜 loss=28.1262 temp=1.00 total_env_steps=16788 t=0.03s
Ep  583: len= 40 白胜 loss=28.2879 temp=1.00 total_env_steps=16828 t=0.10s
Ep  584: len= 24 白胜 loss=28.3052 temp=1.00 total_env_steps=16852 t=0.06s
Ep  585: len=  6 白胜 loss=28.2707 temp=1.00 total_env_steps=16858 t=0.03s
Ep  586: len= 39 黑胜 loss=28.3242 temp=1.00 total_env_steps=16897 t=0.11s
Ep  587: len= 28 白胜 loss=28.1857 temp=1.00 total_env_steps=16925 t=0.08s
Ep  588: len=  4 白胜 loss=28.1050 temp=1.00 total_env_steps=16929 t=0.03s
Ep  589: len= 32 白胜 loss=28.1612 temp=1.00 total_env_steps=16961 t=0.08s
Ep  590: len= 34 白胜 loss=28.0129 temp=1.00 total_env_steps=16995 t=0.08s
Ep  591: len= 49 黑胜 loss=27.9215 temp=1.00 total_env_steps=17044 t=0.12s
Ep  592: len= 12 白胜 loss=28.0755 temp=1.00 total_env_steps=17056 t=0.04s
Ep  593: len= 30 黑胜 loss=28.2590 temp=1.00 total_env_steps=17086 t=0.07s
Ep  594: len= 28 白胜 loss=28.2915 temp=1.00 total_env_steps=17114 t=0.08s
Ep  595: len= 37 黑胜 loss=28.0536 temp=1.00 total_env_steps=17151 t=0.09s
Ep  596: len= 44 白胜 loss=28.2140 temp=1.00 total_env_steps=17195 t=0.10s
Ep  597: len=  2 白胜 loss=28.1610 temp=1.00 total_env_steps=17197 t=0.02s
Ep  598: len=  6 黑胜 loss=28.2846 temp=1.00 total_env_steps=17203 t=0.03s
Ep  599: len= 16 黑胜 loss=28.1161 temp=1.00 total_env_steps=17219 t=0.05s
Ep  600: len= 32 白胜 loss=28.2094 temp=1.00 total_env_steps=17251 t=0.09s
  eval vs Gomoku-random-v0: win_rate=1.00 mean_return=1.00（20 局，total_env_steps=17251）
Ep  601: len= 41 黑胜 loss=28.0028 temp=1.00 total_env_steps=17292 t=0.10s
Ep  602: len=  6 白胜 loss=28.1631 temp=1.00 total_env_steps=17298 t=0.04s
Ep  603: len= 29 黑胜 loss=28.2205 temp=1.00 total_env_steps=17327 t=0.09s
Ep  604: len= 17 黑胜 loss=28.0826 temp=1.00 total_env_steps=17344 t=0.06s
Ep  605: len= 16 黑胜 loss=28.1608 temp=1.00 total_env_steps=17360 t=0.05s
Ep  606: len= 21 黑胜 loss=28.0194 temp=1.00 total_env_steps=17381 t=0.06s
Ep  607: len= 12 白胜 loss=28.4384 temp=1.00 total_env_steps=17393 t=0.05s
Ep  608: len= 14 黑胜 loss=28.1551 temp=1.00 total_env_steps=17407 t=0.05s
Ep  609: len= 28 黑胜 loss=28.1963 temp=1.00 total_env_steps=17435 t=0.07s
Ep  610: len= 21 黑胜 loss=28.1843 temp=1.00 total_env_steps=17456 t=0.06s
Ep  611: len= 31 黑胜 loss=28.1022 temp=1.00 total_env_steps=17487 t=0.08s
Ep  612: len= 40 白胜 loss=28.1713 temp=1.00 total_env_steps=17527 t=0.10s
Ep  613: len= 18 黑胜 loss=28.1120 temp=1.00 total_env_steps=17545 t=0.06s
Ep  614: len= 37 黑胜 loss=28.4117 temp=1.00 total_env_steps=17582 t=0.09s
Ep  615: len= 41 黑胜 loss=28.0651 temp=1.00 total_env_steps=17623 t=0.10s
Ep  616: len= 31 黑胜 loss=28.1405 temp=1.00 total_env_steps=17654 t=0.11s
Ep  617: len= 40 白胜 loss=28.1985 temp=1.00 total_env_steps=17694 t=0.12s
Ep  618: len= 27 黑胜 loss=28.1184 temp=1.00 total_env_steps=17721 t=0.08s
Ep  619: len= 22 白胜 loss=28.0466 temp=1.00 total_env_steps=17743 t=0.07s
Ep  620: len= 35 黑胜 loss=28.0054 temp=1.00 total_env_steps=17778 t=0.10s
Ep  621: len= 25 黑胜 loss=28.2228 temp=1.00 total_env_steps=17803 t=0.07s
Ep  622: len= 31 黑胜 loss=27.8749 temp=1.00 total_env_steps=17834 t=0.09s
Ep  623: len= 25 黑胜 loss=28.3560 temp=1.00 total_env_steps=17859 t=0.08s
Ep  624: len=  2 白胜 loss=28.0493 temp=1.00 total_env_steps=17861 t=0.02s
Ep  625: len= 27 黑胜 loss=28.0191 temp=1.00 total_env_steps=17888 t=0.08s
Ep  626: len=  2 黑胜 loss=28.1608 temp=1.00 total_env_steps=17890 t=0.03s
Ep  627: len= 36 白胜 loss=27.9859 temp=1.00 total_env_steps=17926 t=0.10s
Ep  628: len= 30 白胜 loss=28.3628 temp=1.00 total_env_steps=17956 t=0.08s
Ep  629: len= 15 黑胜 loss=28.1824 temp=1.00 total_env_steps=17971 t=0.05s
Ep  630: len= 13 黑胜 loss=28.0707 temp=1.00 total_env_steps=17984 t=0.05s
Ep  631: len= 41 黑胜 loss=28.1217 temp=1.00 total_env_steps=18025 t=0.11s
Ep  632: len= 14 白胜 loss=28.1535 temp=1.00 total_env_steps=18039 t=0.05s
Ep  633: len=  6 白胜 loss=28.3260 temp=1.00 total_env_steps=18045 t=0.04s
Ep  634: len= 41 黑胜 loss=28.0877 temp=1.00 total_env_steps=18086 t=0.11s
Ep  635: len= 31 黑胜 loss=27.9946 temp=1.00 total_env_steps=18117 t=0.08s
Ep  636: len= 24 白胜 loss=28.2122 temp=1.00 total_env_steps=18141 t=0.07s
Ep  637: len= 24 白胜 loss=27.7716 temp=1.00 total_env_steps=18165 t=0.07s
Ep  638: len=  4 白胜 loss=28.3313 temp=1.00 total_env_steps=18169 t=0.03s
Ep  639: len= 43 黑胜 loss=28.3275 temp=1.00 total_env_steps=18212 t=0.12s
Ep  640: len= 28 白胜 loss=28.0592 temp=1.00 total_env_steps=18240 t=0.10s
Ep  641: len= 31 黑胜 loss=28.0495 temp=1.00 total_env_steps=18271 t=0.10s
Ep  642: len=  6 白胜 loss=28.0965 temp=1.00 total_env_steps=18277 t=0.04s
Ep  643: len= 21 黑胜 loss=28.3661 temp=1.00 total_env_steps=18298 t=0.08s
Ep  644: len= 25 黑胜 loss=28.2911 temp=1.00 total_env_steps=18323 t=0.08s
Ep  645: len=  2 白胜 loss=28.1765 temp=1.00 total_env_steps=18325 t=0.03s
Ep  646: len= 25 黑胜 loss=28.1987 temp=1.00 total_env_steps=18350 t=0.08s
Ep  647: len= 32 白胜 loss=28.1641 temp=1.00 total_env_steps=18382 t=0.10s
Ep  648: len= 24 白胜 loss=28.0891 temp=1.00 total_env_steps=18406 t=0.08s
Ep  649: len= 36 白胜 loss=28.2519 temp=1.00 total_env_steps=18442 t=0.11s
Ep  650: len= 40 白胜 loss=28.1345 temp=1.00 total_env_steps=18482 t=0.11s
Ep  651: len= 21 黑胜 loss=28.1849 temp=1.00 total_env_steps=18503 t=0.07s
Ep  652: len= 26 黑胜 loss=28.2017 temp=1.00 total_env_steps=18529 t=0.08s
Ep  653: len= 59 黑胜 loss=28.0356 temp=1.00 total_env_steps=18588 t=0.24s
Ep  654: len= 43 黑胜 loss=28.1247 temp=1.00 total_env_steps=18631 t=0.13s
Ep  655: len= 31 黑胜 loss=28.2302 temp=1.00 total_env_steps=18662 t=0.09s
Ep  656: len= 23 黑胜 loss=28.1216 temp=1.00 total_env_steps=18685 t=0.08s
Ep  657: len= 12 白胜 loss=28.0791 temp=1.00 total_env_steps=18697 t=0.06s
Ep  658: len= 27 黑胜 loss=28.2327 temp=1.00 total_env_steps=18724 t=0.09s
Ep  659: len= 20 白胜 loss=27.9996 temp=1.00 total_env_steps=18744 t=0.08s
Ep  660: len= 41 黑胜 loss=28.0879 temp=1.00 total_env_steps=18785 t=0.13s
Ep  661: len= 32 白胜 loss=28.0242 temp=1.00 total_env_steps=18817 t=0.11s
Ep  662: len= 32 白胜 loss=28.1844 temp=1.00 total_env_steps=18849 t=0.15s
Ep  663: len= 34 白胜 loss=28.1193 temp=1.00 total_env_steps=18883 t=0.16s
Ep  664: len= 26 白胜 loss=28.2643 temp=1.00 total_env_steps=18909 t=0.09s
Ep  665: len=  2 白胜 loss=28.1805 temp=1.00 total_env_steps=18911 t=0.03s
Ep  666: len= 34 白胜 loss=28.2118 temp=1.00 total_env_steps=18945 t=0.10s
Ep  667: len= 37 黑胜 loss=28.1627 temp=1.00 total_env_steps=18982 t=0.11s
Ep  668: len=  6 黑胜 loss=27.9182 temp=1.00 total_env_steps=18988 t=0.04s
Ep  669: len= 30 白胜 loss=28.1206 temp=1.00 total_env_steps=19018 t=0.09s
Ep  670: len= 38 白胜 loss=28.3810 temp=1.00 total_env_steps=19056 t=0.12s
Ep  671: len= 30 黑胜 loss=28.2315 temp=1.00 total_env_steps=19086 t=0.10s
Ep  672: len= 24 白胜 loss=27.8997 temp=1.00 total_env_steps=19110 t=0.12s
Ep  673: len= 27 黑胜 loss=28.1895 temp=1.00 total_env_steps=19137 t=0.11s
Ep  674: len= 44 白胜 loss=28.1610 temp=1.00 total_env_steps=19181 t=0.14s
Ep  675: len= 22 黑胜 loss=28.1933 temp=1.00 total_env_steps=19203 t=0.07s
Ep  676: len= 21 黑胜 loss=28.0014 temp=1.00 total_env_steps=19224 t=0.07s
Ep  677: len= 18 白胜 loss=28.0898 temp=1.00 total_env_steps=19242 t=0.06s
Ep  678: len= 33 黑胜 loss=28.1043 temp=1.00 total_env_steps=19275 t=0.09s
Ep  679: len= 29 黑胜 loss=28.0637 temp=1.00 total_env_steps=19304 t=0.09s
Ep  680: len= 36 白胜 loss=28.0973 temp=1.00 total_env_steps=19340 t=0.09s
Ep  681: len= 28 白胜 loss=28.1643 temp=1.00 total_env_steps=19368 t=0.08s
Ep  682: len= 29 黑胜 loss=28.3240 temp=1.00 total_env_steps=19397 t=0.08s
Ep  683: len=  2 白胜 loss=27.9537 temp=1.00 total_env_steps=19399 t=0.03s
Ep  684: len= 32 白胜 loss=27.8030 temp=1.00 total_env_steps=19431 t=0.11s
Ep  685: len= 26 白胜 loss=28.2272 temp=1.00 total_env_steps=19457 t=0.08s
Ep  686: len=  2 白胜 loss=28.1974 temp=1.00 total_env_steps=19459 t=0.03s
Ep  687: len= 18 白胜 loss=28.1199 temp=1.00 total_env_steps=19477 t=0.06s
Ep  688: len= 23 黑胜 loss=28.0265 temp=1.00 total_env_steps=19500 t=0.07s
Ep  689: len= 26 白胜 loss=28.3238 temp=1.00 total_env_steps=19526 t=0.08s
Ep  690: len= 29 黑胜 loss=28.2370 temp=1.00 total_env_steps=19555 t=0.08s
Ep  691: len= 21 黑胜 loss=27.8911 temp=1.00 total_env_steps=19576 t=0.06s
Ep  692: len= 26 白胜 loss=28.0810 temp=1.00 total_env_steps=19602 t=0.08s
Ep  693: len= 26 白胜 loss=28.0292 temp=1.00 total_env_steps=19628 t=0.08s
Ep  694: len= 29 黑胜 loss=27.8659 temp=1.00 total_env_steps=19657 t=0.10s
Ep  695: len= 31 黑胜 loss=27.9061 temp=1.00 total_env_steps=19688 t=0.10s
Ep  696: len= 36 白胜 loss=27.9503 temp=1.00 total_env_steps=19724 t=0.10s
Ep  697: len= 35 黑胜 loss=28.2820 temp=1.00 total_env_steps=19759 t=0.10s
Ep  698: len= 23 黑胜 loss=28.2899 temp=1.00 total_env_steps=19782 t=0.07s
Ep  699: len= 24 白胜 loss=28.1593 temp=1.00 total_env_steps=19806 t=0.07s
Ep  700: len= 31 黑胜 loss=28.1724 temp=1.00 total_env_steps=19837 t=0.09s
Ep  701: len= 40 白胜 loss=28.0696 temp=1.00 total_env_steps=19877 t=0.10s
Ep  702: len= 37 黑胜 loss=28.3478 temp=1.00 total_env_steps=19914 t=0.09s
Ep  703: len=  2 黑胜 loss=28.2304 temp=1.00 total_env_steps=19916 t=0.03s
Ep  704: len= 16 黑胜 loss=27.9750 temp=1.00 total_env_steps=19932 t=0.06s
Ep  705: len= 41 黑胜 loss=28.0901 temp=1.00 total_env_steps=19973 t=0.10s
Ep  706: len= 34 白胜 loss=28.2877 temp=1.00 total_env_steps=20007 t=0.09s
Ep  707: len= 39 黑胜 loss=28.2298 temp=1.00 total_env_steps=20046 t=0.10s
Ep  708: len= 27 黑胜 loss=28.3758 temp=1.00 total_env_steps=20073 t=0.08s
Ep  709: len=  4 白胜 loss=28.1587 temp=1.00 total_env_steps=20077 t=0.03s
Ep  710: len= 32 黑胜 loss=28.0773 temp=1.00 total_env_steps=20109 t=0.08s
Ep  711: len= 30 白胜 loss=28.2388 temp=1.00 total_env_steps=20139 t=0.08s
Ep  712: len= 21 黑胜 loss=28.0119 temp=1.00 total_env_steps=20160 t=0.06s
Ep  713: len= 27 黑胜 loss=28.0630 temp=1.00 total_env_steps=20187 t=0.08s
Ep  714: len= 24 黑胜 loss=28.0457 temp=1.00 total_env_steps=20211 t=0.07s
Ep  715: len= 28 白胜 loss=27.9040 temp=1.00 total_env_steps=20239 t=0.08s
Ep  716: len= 34 黑胜 loss=28.1710 temp=1.00 total_env_steps=20273 t=0.09s
Ep  717: len= 44 白胜 loss=28.0959 temp=1.00 total_env_steps=20317 t=0.11s
Ep  718: len= 17 黑胜 loss=27.9085 temp=1.00 total_env_steps=20334 t=0.05s
Ep  719: len= 20 黑胜 loss=27.9684 temp=1.00 total_env_steps=20354 t=0.06s
Ep  720: len=  4 黑胜 loss=28.0934 temp=1.00 total_env_steps=20358 t=0.03s
Ep  721: len= 37 黑胜 loss=28.0883 temp=1.00 total_env_steps=20395 t=0.10s
Ep  722: len= 24 黑胜 loss=28.2361 temp=1.00 total_env_steps=20419 t=0.07s
Ep  723: len= 17 黑胜 loss=28.1665 temp=1.00 total_env_steps=20436 t=0.06s
Ep  724: len= 37 黑胜 loss=27.9421 temp=1.00 total_env_steps=20473 t=0.10s
Ep  725: len= 17 黑胜 loss=28.2011 temp=1.00 total_env_steps=20490 t=0.06s
Ep  726: len= 11 黑胜 loss=28.0715 temp=1.00 total_env_steps=20501 t=0.05s
Ep  727: len= 43 黑胜 loss=28.0391 temp=1.00 total_env_steps=20544 t=0.11s
Ep  728: len= 25 黑胜 loss=28.1322 temp=1.00 total_env_steps=20569 t=0.07s
Ep  729: len= 35 黑胜 loss=27.9932 temp=1.00 total_env_steps=20604 t=0.09s
Ep  730: len=  4 黑胜 loss=27.9762 temp=1.00 total_env_steps=20608 t=0.03s
Ep  731: len= 30 白胜 loss=27.8520 temp=1.00 total_env_steps=20638 t=0.08s
Ep  732: len= 30 白胜 loss=27.9665 temp=1.00 total_env_steps=20668 t=0.08s
Ep  733: len= 15 黑胜 loss=28.0358 temp=1.00 total_env_steps=20683 t=0.05s
Ep  734: len= 19 黑胜 loss=28.2449 temp=1.00 total_env_steps=20702 t=0.06s
Ep  735: len= 37 黑胜 loss=28.0851 temp=1.00 total_env_steps=20739 t=0.09s
Ep  736: len= 28 白胜 loss=28.0945 temp=1.00 total_env_steps=20767 t=0.09s
Ep  737: len= 27 黑胜 loss=27.9004 temp=1.00 total_env_steps=20794 t=0.08s
Ep  738: len= 32 白胜 loss=27.9981 temp=1.00 total_env_steps=20826 t=0.09s
Ep  739: len= 27 黑胜 loss=27.8873 temp=1.00 total_env_steps=20853 t=0.08s
Ep  740: len= 26 白胜 loss=28.2338 temp=1.00 total_env_steps=20879 t=0.07s
Ep  741: len= 25 黑胜 loss=28.0087 temp=1.00 total_env_steps=20904 t=0.07s
Ep  742: len= 40 白胜 loss=28.3067 temp=1.00 total_env_steps=20944 t=0.09s
Ep  743: len= 16 黑胜 loss=27.9607 temp=1.00 total_env_steps=20960 t=0.05s
Ep  744: len= 27 黑胜 loss=28.1816 temp=1.00 total_env_steps=20987 t=0.08s
Ep  745: len= 38 白胜 loss=28.1847 temp=1.00 total_env_steps=21025 t=0.10s
Ep  746: len= 35 黑胜 loss=28.2316 temp=1.00 total_env_steps=21060 t=0.10s
Ep  747: len= 39 黑胜 loss=28.1030 temp=1.00 total_env_steps=21099 t=0.10s
Ep  748: len= 28 白胜 loss=28.1414 temp=1.00 total_env_steps=21127 t=0.07s
Ep  749: len= 41 黑胜 loss=28.1742 temp=1.00 total_env_steps=21168 t=0.10s
Ep  750: len= 39 黑胜 loss=28.0396 temp=1.00 total_env_steps=21207 t=0.10s
Ep  751: len=  2 白胜 loss=28.1291 temp=1.00 total_env_steps=21209 t=0.03s
Ep  752: len=  2 白胜 loss=28.2625 temp=1.00 total_env_steps=21211 t=0.02s
Ep  753: len= 39 黑胜 loss=28.1152 temp=1.00 total_env_steps=21250 t=0.10s
Ep  754: len= 34 白胜 loss=28.1736 temp=1.00 total_env_steps=21284 t=0.11s
Ep  755: len= 32 白胜 loss=28.1324 temp=1.00 total_env_steps=21316 t=0.09s
Ep  756: len=  2 白胜 loss=27.8205 temp=1.00 total_env_steps=21318 t=0.03s
Ep  757: len=  4 黑胜 loss=28.3082 temp=1.00 total_env_steps=21322 t=0.03s
Ep  758: len= 44 白胜 loss=27.9595 temp=1.00 total_env_steps=21366 t=0.11s
Ep  759: len= 23 黑胜 loss=28.0498 temp=1.00 total_env_steps=21389 t=0.07s
Ep  760: len= 21 黑胜 loss=28.1976 temp=1.00 total_env_steps=21410 t=0.06s
Ep  761: len= 38 白胜 loss=27.8083 temp=1.00 total_env_steps=21448 t=0.10s
Ep  762: len=  6 白胜 loss=28.1700 temp=1.00 total_env_steps=21454 t=0.03s
Ep  763: len= 23 黑胜 loss=28.0830 temp=1.00 total_env_steps=21477 t=0.07s
Ep  764: len= 29 黑胜 loss=28.0196 temp=1.00 total_env_steps=21506 t=0.10s
Ep  765: len= 43 黑胜 loss=27.9138 temp=1.00 total_env_steps=21549 t=0.11s
Ep  766: len= 36 白胜 loss=28.0132 temp=1.00 total_env_steps=21585 t=0.09s
Ep  767: len= 28 白胜 loss=27.8850 temp=1.00 total_env_steps=21613 t=0.08s
Ep  768: len= 28 白胜 loss=27.8895 temp=1.00 total_env_steps=21641 t=0.09s
Ep  769: len=  2 黑胜 loss=27.8403 temp=1.00 total_env_steps=21643 t=0.03s
Ep  770: len=  2 白胜 loss=28.2077 temp=1.00 total_env_steps=21645 t=0.03s
Ep  771: len= 24 白胜 loss=27.9885 temp=1.00 total_env_steps=21669 t=0.08s
Ep  772: len= 23 黑胜 loss=28.0333 temp=1.00 total_env_steps=21692 t=0.07s
Ep  773: len= 38 白胜 loss=27.7945 temp=1.00 total_env_steps=21730 t=0.10s
Ep  774: len= 33 黑胜 loss=27.9162 temp=1.00 total_env_steps=21763 t=0.09s
Ep  775: len= 17 黑胜 loss=27.9383 temp=1.00 total_env_steps=21780 t=0.06s
Ep  776: len=  2 黑胜 loss=27.9320 temp=1.00 total_env_steps=21782 t=0.03s
Ep  777: len= 25 黑胜 loss=28.0254 temp=1.00 total_env_steps=21807 t=0.07s
Ep  778: len= 23 黑胜 loss=28.2305 temp=1.00 total_env_steps=21830 t=0.06s
Ep  779: len= 38 白胜 loss=28.0211 temp=1.00 total_env_steps=21868 t=0.10s
Ep  780: len= 30 白胜 loss=27.8001 temp=1.00 total_env_steps=21898 t=0.09s
Ep  781: len= 29 黑胜 loss=27.8095 temp=1.00 total_env_steps=21927 t=0.07s
Ep  782: len= 41 黑胜 loss=28.0516 temp=1.00 total_env_steps=21968 t=0.10s
Ep  783: len= 27 黑胜 loss=28.1429 temp=1.00 total_env_steps=21995 t=0.07s
Ep  784: len=  6 黑胜 loss=28.1417 temp=1.00 total_env_steps=22001 t=0.03s
Ep  785: len= 49 黑胜 loss=28.1106 temp=1.00 total_env_steps=22050 t=0.11s
Ep  786: len= 20 白胜 loss=27.9101 temp=1.00 total_env_steps=22070 t=0.06s
Ep  787: len= 39 黑胜 loss=27.9729 temp=1.00 total_env_steps=22109 t=0.10s
Ep  788: len= 18 白胜 loss=28.0683 temp=1.00 total_env_steps=22127 t=0.08s
Ep  789: len= 24 白胜 loss=28.1215 temp=1.00 total_env_steps=22151 t=0.09s
Ep  790: len= 54 白胜 loss=28.0028 temp=1.00 total_env_steps=22205 t=0.14s
Ep  791: len= 26 白胜 loss=28.1342 temp=1.00 total_env_steps=22231 t=0.07s
Ep  792: len= 34 白胜 loss=28.0887 temp=1.00 total_env_steps=22265 t=0.09s
Ep  793: len= 39 黑胜 loss=28.0256 temp=1.00 total_env_steps=22304 t=0.10s
Ep  794: len= 34 白胜 loss=27.8664 temp=1.00 total_env_steps=22338 t=0.08s
Ep  795: len= 40 白胜 loss=28.1115 temp=1.00 total_env_steps=22378 t=0.10s
Ep  796: len= 16 白胜 loss=27.7058 temp=1.00 total_env_steps=22394 t=0.05s
Ep  797: len= 38 白胜 loss=28.1992 temp=1.00 total_env_steps=22432 t=0.10s
Ep  798: len=  2 白胜 loss=27.9599 temp=1.00 total_env_steps=22434 t=0.03s
Ep  799: len= 31 黑胜 loss=27.8964 temp=1.00 total_env_steps=22465 t=0.08s
Ep  800: len= 24 白胜 loss=27.7267 temp=1.00 total_env_steps=22489 t=0.09s
  eval vs Gomoku-random-v0: win_rate=1.00 mean_return=1.00（20 局，total_env_steps=22489）
Ep  801: len=  4 黑胜 loss=28.1495 temp=1.00 total_env_steps=22493 t=0.03s
Ep  802: len=  4 黑胜 loss=27.8930 temp=1.00 total_env_steps=22497 t=0.03s
Ep  803: len= 21 黑胜 loss=28.1066 temp=1.00 total_env_steps=22518 t=0.08s
Ep  804: len= 24 白胜 loss=27.9000 temp=1.00 total_env_steps=22542 t=0.07s
Ep  805: len= 16 白胜 loss=27.7255 temp=1.00 total_env_steps=22558 t=0.06s
Ep  806: len= 19 黑胜 loss=28.2067 temp=1.00 total_env_steps=22577 t=0.07s
Ep  807: len= 23 黑胜 loss=28.1246 temp=1.00 total_env_steps=22600 t=0.07s
Ep  808: len= 29 黑胜 loss=28.0006 temp=1.00 total_env_steps=22629 t=0.09s
Ep  809: len= 26 白胜 loss=28.0701 temp=1.00 total_env_steps=22655 t=0.08s
Ep  810: len= 38 白胜 loss=28.0176 temp=1.00 total_env_steps=22693 t=0.10s
Ep  811: len= 37 黑胜 loss=27.8694 temp=1.00 total_env_steps=22730 t=0.10s
Ep  812: len= 11 黑胜 loss=28.2374 temp=1.00 total_env_steps=22741 t=0.05s
Ep  813: len= 32 白胜 loss=27.8978 temp=1.00 total_env_steps=22773 t=0.09s
Ep  814: len= 31 黑胜 loss=27.9378 temp=1.00 total_env_steps=22804 t=0.09s
Ep  815: len= 46 白胜 loss=28.1510 temp=1.00 total_env_steps=22850 t=0.11s
Ep  816: len= 32 白胜 loss=27.8621 temp=1.00 total_env_steps=22882 t=0.09s
Ep  817: len=  2 黑胜 loss=27.9213 temp=1.00 total_env_steps=22884 t=0.02s
Ep  818: len= 31 黑胜 loss=27.8990 temp=1.00 total_env_steps=22915 t=0.08s
Ep  819: len= 12 白胜 loss=27.8541 temp=1.00 total_env_steps=22927 t=0.04s
Ep  820: len= 17 黑胜 loss=27.9422 temp=1.00 total_env_steps=22944 t=0.05s
Ep  821: len= 32 白胜 loss=28.0231 temp=1.00 total_env_steps=22976 t=0.08s
Ep  822: len= 18 白胜 loss=28.0003 temp=1.00 total_env_steps=22994 t=0.06s
Ep  823: len=  4 白胜 loss=28.0886 temp=1.00 total_env_steps=22998 t=0.03s
Ep  824: len= 31 黑胜 loss=28.0738 temp=1.00 total_env_steps=23029 t=0.09s
Ep  825: len= 19 黑胜 loss=28.2873 temp=1.00 total_env_steps=23048 t=0.06s
Ep  826: len= 17 黑胜 loss=28.1308 temp=1.00 total_env_steps=23065 t=0.05s
Ep  827: len= 21 黑胜 loss=27.9048 temp=1.00 total_env_steps=23086 t=0.07s
Ep  828: len= 31 黑胜 loss=27.9839 temp=1.00 total_env_steps=23117 t=0.08s
Ep  829: len= 41 黑胜 loss=28.1053 temp=1.00 total_env_steps=23158 t=0.10s
Ep  830: len= 29 黑胜 loss=27.6708 temp=1.00 total_env_steps=23187 t=0.08s
Ep  831: len= 16 白胜 loss=27.8778 temp=1.00 total_env_steps=23203 t=0.05s
Ep  832: len= 15 黑胜 loss=28.0022 temp=1.00 total_env_steps=23218 t=0.05s
Ep  833: len= 36 白胜 loss=28.0628 temp=1.00 total_env_steps=23254 t=0.09s
Ep  834: len= 40 白胜 loss=28.0073 temp=1.00 total_env_steps=23294 t=0.10s
Ep  835: len= 44 白胜 loss=27.7180 temp=1.00 total_env_steps=23338 t=0.11s
Ep  836: len= 13 黑胜 loss=27.9481 temp=1.00 total_env_steps=23351 t=0.05s
Ep  837: len= 27 黑胜 loss=27.8412 temp=1.00 total_env_steps=23378 t=0.08s
Ep  838: len= 34 白胜 loss=28.0999 temp=1.00 total_env_steps=23412 t=0.09s
Ep  839: len= 29 黑胜 loss=28.0292 temp=1.00 total_env_steps=23441 t=0.08s
Ep  840: len= 25 黑胜 loss=27.9855 temp=1.00 total_env_steps=23466 t=0.07s
Ep  841: len= 33 黑胜 loss=28.0368 temp=1.00 total_env_steps=23499 t=0.09s
Ep  842: len=  2 黑胜 loss=28.0023 temp=1.00 total_env_steps=23501 t=0.02s
Ep  843: len= 34 白胜 loss=27.8127 temp=1.00 total_env_steps=23535 t=0.09s
Ep  844: len= 19 黑胜 loss=27.8359 temp=1.00 total_env_steps=23554 t=0.06s
Ep  845: len= 37 黑胜 loss=28.0999 temp=1.00 total_env_steps=23591 t=0.10s
Ep  846: len= 21 白胜 loss=28.0107 temp=1.00 total_env_steps=23612 t=0.07s
Ep  847: len= 23 黑胜 loss=27.6726 temp=1.00 total_env_steps=23635 t=0.07s
Ep  848: len= 25 黑胜 loss=27.6887 temp=1.00 total_env_steps=23660 t=0.08s
Ep  849: len= 33 黑胜 loss=28.1965 temp=1.00 total_env_steps=23693 t=0.10s
Ep  850: len= 35 黑胜 loss=27.9792 temp=1.00 total_env_steps=23728 t=0.09s
Ep  851: len= 21 黑胜 loss=28.2248 temp=1.00 total_env_steps=23749 t=0.08s
Ep  852: len= 33 黑胜 loss=27.9989 temp=1.00 total_env_steps=23782 t=0.08s
Ep  853: len= 35 黑胜 loss=28.0512 temp=1.00 total_env_steps=23817 t=0.10s
Ep  854: len=  9 黑胜 loss=27.6001 temp=1.00 total_env_steps=23826 t=0.05s
Ep  855: len= 22 白胜 loss=28.1835 temp=1.00 total_env_steps=23848 t=0.08s
Ep  856: len=  4 白胜 loss=28.1190 temp=1.00 total_env_steps=23852 t=0.04s
Ep  857: len= 57 黑胜 loss=28.1004 temp=1.00 total_env_steps=23909 t=0.15s
Ep  858: len= 21 黑胜 loss=27.7652 temp=1.00 total_env_steps=23930 t=0.08s
Ep  859: len= 22 黑胜 loss=28.2129 temp=1.00 total_env_steps=23952 t=0.08s
Ep  860: len= 25 黑胜 loss=27.7435 temp=1.00 total_env_steps=23977 t=0.09s
Ep  861: len= 15 黑胜 loss=28.0056 temp=1.00 total_env_steps=23992 t=0.06s
Ep  862: len= 25 黑胜 loss=27.9741 temp=1.00 total_env_steps=24017 t=0.09s
Ep  863: len= 17 黑胜 loss=27.9097 temp=1.00 total_env_steps=24034 t=0.09s
Ep  864: len= 25 黑胜 loss=28.0124 temp=1.00 total_env_steps=24059 t=0.10s
Ep  865: len= 34 白胜 loss=27.7894 temp=1.00 total_env_steps=24093 t=0.11s
Ep  866: len= 31 黑胜 loss=27.9505 temp=1.00 total_env_steps=24124 t=0.10s
Ep  867: len=  2 黑胜 loss=27.9990 temp=1.00 total_env_steps=24126 t=0.03s
Ep  868: len=  4 白胜 loss=27.8594 temp=1.00 total_env_steps=24130 t=0.04s
Ep  869: len= 27 黑胜 loss=28.0720 temp=1.00 total_env_steps=24157 t=0.09s
Ep  870: len= 20 白胜 loss=27.8078 temp=1.00 total_env_steps=24177 t=0.07s
Ep  871: len= 41 黑胜 loss=27.6088 temp=1.00 total_env_steps=24218 t=0.13s
Ep  872: len= 24 白胜 loss=27.7450 temp=1.00 total_env_steps=24242 t=0.09s
Ep  873: len= 20 白胜 loss=28.0615 temp=1.00 total_env_steps=24262 t=0.08s
Ep  874: len= 17 黑胜 loss=28.1038 temp=1.00 total_env_steps=24279 t=0.06s
Ep  875: len= 28 白胜 loss=27.9432 temp=1.00 total_env_steps=24307 t=0.08s
Ep  876: len= 27 黑胜 loss=27.9230 temp=1.00 total_env_steps=24334 t=0.08s
Ep  877: len= 30 黑胜 loss=27.9350 temp=1.00 total_env_steps=24364 t=0.09s
Ep  878: len= 12 黑胜 loss=28.0123 temp=1.00 total_env_steps=24376 t=0.05s
Ep  879: len= 41 黑胜 loss=28.0115 temp=1.00 total_env_steps=24417 t=0.12s
Ep  880: len= 15 黑胜 loss=27.9710 temp=1.00 total_env_steps=24432 t=0.07s
Ep  881: len=  2 黑胜 loss=27.8350 temp=1.00 total_env_steps=24434 t=0.03s
Ep  882: len= 35 黑胜 loss=28.1043 temp=1.00 total_env_steps=24469 t=0.11s
Ep  883: len= 25 黑胜 loss=27.5928 temp=1.00 total_env_steps=24494 t=0.09s
Ep  884: len= 27 黑胜 loss=28.2289 temp=1.00 total_env_steps=24521 t=0.09s
Ep  885: len= 13 白胜 loss=27.6413 temp=1.00 total_env_steps=24534 t=0.06s
Ep  886: len= 12 黑胜 loss=28.0851 temp=1.00 total_env_steps=24546 t=0.06s
Ep  887: len= 20 白胜 loss=27.7785 temp=1.00 total_env_steps=24566 t=0.08s
Ep  888: len= 27 黑胜 loss=28.2210 temp=1.00 total_env_steps=24593 t=0.11s
Ep  889: len= 29 黑胜 loss=27.9228 temp=1.00 total_env_steps=24622 t=0.10s
Ep  890: len= 27 黑胜 loss=28.1181 temp=1.00 total_env_steps=24649 t=0.09s
Ep  891: len= 22 白胜 loss=28.2392 temp=1.00 total_env_steps=24671 t=0.08s
Ep  892: len= 19 黑胜 loss=27.9867 temp=1.00 total_env_steps=24690 t=0.07s
Ep  893: len= 19 黑胜 loss=28.1633 temp=1.00 total_env_steps=24709 t=0.07s
Ep  894: len= 27 黑胜 loss=27.7065 temp=1.00 total_env_steps=24736 t=0.09s
Ep  895: len= 10 黑胜 loss=27.6625 temp=1.00 total_env_steps=24746 t=0.05s
Ep  896: len= 25 黑胜 loss=28.0729 temp=1.00 total_env_steps=24771 t=0.09s
Ep  897: len= 34 白胜 loss=27.6399 temp=1.00 total_env_steps=24805 t=0.13s
Ep  898: len= 15 白胜 loss=27.6125 temp=1.00 total_env_steps=24820 t=0.07s
Ep  899: len= 55 黑胜 loss=27.9469 temp=1.00 total_env_steps=24875 t=0.17s
Ep  900: len= 28 白胜 loss=28.1310 temp=1.00 total_env_steps=24903 t=0.12s
Ep  901: len= 30 白胜 loss=28.1693 temp=1.00 total_env_steps=24933 t=0.10s
Ep  902: len= 31 黑胜 loss=27.9210 temp=1.00 total_env_steps=24964 t=0.11s
Ep  903: len= 31 黑胜 loss=27.9420 temp=1.00 total_env_steps=24995 t=0.10s
Ep  904: len= 32 黑胜 loss=27.9404 temp=1.00 total_env_steps=25027 t=0.10s
Ep  905: len= 22 白胜 loss=27.7553 temp=1.00 total_env_steps=25049 t=0.08s
Ep  906: len= 22 白胜 loss=27.6933 temp=1.00 total_env_steps=25071 t=0.08s
Ep  907: len= 18 白胜 loss=27.5545 temp=1.00 total_env_steps=25089 t=0.07s
Ep  908: len= 49 黑胜 loss=27.6948 temp=1.00 total_env_steps=25138 t=0.15s
Ep  909: len= 51 黑胜 loss=28.2507 temp=1.00 total_env_steps=25189 t=0.15s
Ep  910: len= 42 白胜 loss=27.9697 temp=1.00 total_env_steps=25231 t=0.11s
Ep  911: len= 44 白胜 loss=27.8187 temp=1.00 total_env_steps=25275 t=0.12s
Ep  912: len= 29 黑胜 loss=27.8419 temp=1.00 total_env_steps=25304 t=0.09s
Ep  913: len= 12 白胜 loss=27.9618 temp=1.00 total_env_steps=25316 t=0.05s
Ep  914: len=  4 黑胜 loss=27.9140 temp=1.00 total_env_steps=25320 t=0.03s
Ep  915: len= 26 白胜 loss=27.8931 temp=1.00 total_env_steps=25346 t=0.08s
Ep  916: len= 25 黑胜 loss=27.8862 temp=1.00 total_env_steps=25371 t=0.08s
Ep  917: len= 29 黑胜 loss=27.7651 temp=1.00 total_env_steps=25400 t=0.08s
Ep  918: len=  4 黑胜 loss=27.9385 temp=1.00 total_env_steps=25404 t=0.03s
Ep  919: len= 44 白胜 loss=27.8748 temp=1.00 total_env_steps=25448 t=0.11s
Ep  920: len= 31 黑胜 loss=28.0205 temp=1.00 total_env_steps=25479 t=0.09s
Ep  921: len= 24 白胜 loss=27.9962 temp=1.00 total_env_steps=25503 t=0.09s
Ep  922: len= 23 黑胜 loss=28.0966 temp=1.00 total_env_steps=25526 t=0.10s
Ep  923: len= 23 黑胜 loss=27.9964 temp=1.00 total_env_steps=25549 t=0.12s
Ep  924: len= 17 黑胜 loss=27.9029 temp=1.00 total_env_steps=25566 t=0.12s
Ep  925: len= 15 黑胜 loss=27.9700 temp=1.00 total_env_steps=25581 t=0.47s
Ep  926: len=  4 白胜 loss=27.9352 temp=1.00 total_env_steps=25585 t=0.13s
Ep  927: len= 36 白胜 loss=28.0267 temp=1.00 total_env_steps=25621 t=0.34s
Ep  928: len=  2 黑胜 loss=27.6537 temp=1.00 total_env_steps=25623 t=0.12s
Ep  929: len= 17 黑胜 loss=27.8382 temp=1.00 total_env_steps=25640 t=0.24s
Ep  930: len=  6 白胜 loss=28.0650 temp=1.00 total_env_steps=25646 t=0.20s
Ep  931: len= 25 黑胜 loss=28.0479 temp=1.00 total_env_steps=25671 t=0.27s
Ep  932: len= 25 黑胜 loss=27.5994 temp=1.00 total_env_steps=25696 t=0.41s
Ep  933: len= 12 白胜 loss=28.0343 temp=1.00 total_env_steps=25708 t=0.19s
Ep  934: len= 30 白胜 loss=27.8084 temp=1.00 total_env_steps=25738 t=0.30s
Ep  935: len=  4 白胜 loss=27.7594 temp=1.00 total_env_steps=25742 t=0.18s
Ep  936: len= 27 黑胜 loss=27.7789 temp=1.00 total_env_steps=25769 t=0.22s
Ep  937: len= 12 白胜 loss=27.5053 temp=1.00 total_env_steps=25781 t=0.15s
Ep  938: len= 38 白胜 loss=27.4998 temp=1.00 total_env_steps=25819 t=0.28s
Ep  939: len= 25 黑胜 loss=27.7534 temp=1.00 total_env_steps=25844 t=0.28s
Ep  940: len= 27 黑胜 loss=27.9429 temp=1.00 total_env_steps=25871 t=0.26s
Ep  941: len= 40 白胜 loss=27.6488 temp=1.00 total_env_steps=25911 t=0.29s
Ep  942: len= 34 白胜 loss=27.9364 temp=1.00 total_env_steps=25945 t=0.20s
Ep  943: len= 30 黑胜 loss=28.1092 temp=1.00 total_env_steps=25975 t=0.18s
Ep  944: len= 29 黑胜 loss=28.0847 temp=1.00 total_env_steps=26004 t=0.22s
Ep  945: len= 16 白胜 loss=28.0010 temp=1.00 total_env_steps=26020 t=0.14s
Ep  946: len= 32 白胜 loss=27.8127 temp=1.00 total_env_steps=26052 t=0.22s
Ep  947: len=  4 黑胜 loss=28.1521 temp=1.00 total_env_steps=26056 t=0.06s
Ep  948: len= 25 黑胜 loss=27.7850 temp=1.00 total_env_steps=26081 t=0.19s
Ep  949: len= 29 黑胜 loss=27.6518 temp=1.00 total_env_steps=26110 t=0.19s
Ep  950: len= 34 白胜 loss=27.9700 temp=1.00 total_env_steps=26144 t=0.24s
Ep  951: len= 29 黑胜 loss=28.0079 temp=1.00 total_env_steps=26173 t=0.25s
Ep  952: len= 26 白胜 loss=27.7833 temp=1.00 total_env_steps=26199 t=0.24s
Ep  953: len= 23 黑胜 loss=27.9523 temp=1.00 total_env_steps=26222 t=0.24s
Ep  954: len= 23 黑胜 loss=28.1489 temp=1.00 total_env_steps=26245 t=0.14s
Ep  955: len= 24 白胜 loss=27.9742 temp=1.00 total_env_steps=26269 t=0.17s
Ep  956: len= 36 黑胜 loss=27.9056 temp=1.00 total_env_steps=26305 t=0.17s
Ep  957: len= 34 白胜 loss=27.7659 temp=1.00 total_env_steps=26339 t=0.18s
Ep  958: len= 19 黑胜 loss=27.8319 temp=1.00 total_env_steps=26358 t=0.11s
Ep  959: len= 35 黑胜 loss=28.1784 temp=1.00 total_env_steps=26393 t=0.24s
Ep  960: len= 32 白胜 loss=27.9972 temp=1.00 total_env_steps=26425 t=0.27s
Ep  961: len= 17 黑胜 loss=27.5793 temp=1.00 total_env_steps=26442 t=0.15s
Ep  962: len= 31 黑胜 loss=28.0755 temp=1.00 total_env_steps=26473 t=0.19s
Ep  963: len= 19 黑胜 loss=27.8247 temp=1.00 total_env_steps=26492 t=0.11s
Ep  964: len= 34 白胜 loss=27.6078 temp=1.00 total_env_steps=26526 t=0.20s
Ep  965: len= 37 黑胜 loss=27.9969 temp=1.00 total_env_steps=26563 t=0.15s
Ep  966: len= 38 白胜 loss=27.9089 temp=1.00 total_env_steps=26601 t=0.14s
Ep  967: len= 30 白胜 loss=27.7034 temp=1.00 total_env_steps=26631 t=0.18s
Ep  968: len=  4 黑胜 loss=27.8683 temp=1.00 total_env_steps=26635 t=0.05s
Ep  969: len= 32 白胜 loss=27.9517 temp=1.00 total_env_steps=26667 t=0.14s
Ep  970: len= 56 白胜 loss=27.5468 temp=1.00 total_env_steps=26723 t=0.24s
Ep  971: len= 29 黑胜 loss=27.6458 temp=1.00 total_env_steps=26752 t=0.18s
Ep  972: len= 33 黑胜 loss=27.6197 temp=1.00 total_env_steps=26785 t=0.23s
Ep  973: len= 21 黑胜 loss=27.8570 temp=1.00 total_env_steps=26806 t=0.14s
Ep  974: len= 43 黑胜 loss=27.8912 temp=1.00 total_env_steps=26849 t=0.17s
Ep  975: len= 26 白胜 loss=27.9358 temp=1.00 total_env_steps=26875 t=0.11s
Ep  976: len= 14 白胜 loss=28.1547 temp=1.00 total_env_steps=26889 t=0.07s
Ep  977: len= 39 黑胜 loss=27.9166 temp=1.00 total_env_steps=26928 t=0.14s
Ep  978: len=  8 黑胜 loss=27.6179 temp=1.00 total_env_steps=26936 t=0.05s
Ep  979: len=  4 黑胜 loss=27.8181 temp=1.00 total_env_steps=26940 t=0.04s
Ep  980: len= 26 白胜 loss=27.8693 temp=1.00 total_env_steps=26966 t=0.11s
Ep  981: len= 26 白胜 loss=27.8912 temp=1.00 total_env_steps=26992 t=0.10s
Ep  982: len= 21 黑胜 loss=28.1740 temp=1.00 total_env_steps=27013 t=0.10s
Ep  983: len= 30 白胜 loss=27.8368 temp=1.00 total_env_steps=27043 t=0.11s
Ep  984: len= 22 白胜 loss=27.9816 temp=1.00 total_env_steps=27065 t=0.11s
Ep  985: len= 25 黑胜 loss=28.0474 temp=1.00 total_env_steps=27090 t=0.11s
Ep  986: len=  4 黑胜 loss=27.8719 temp=1.00 total_env_steps=27094 t=0.04s
Ep  987: len= 40 白胜 loss=27.8148 temp=1.00 total_env_steps=27134 t=0.17s
Ep  988: len= 15 黑胜 loss=27.7047 temp=1.00 total_env_steps=27149 t=0.08s
Ep  989: len= 21 黑胜 loss=27.9730 temp=1.00 total_env_steps=27170 t=0.09s
Ep  990: len= 30 白胜 loss=27.4369 temp=1.00 total_env_steps=27200 t=0.13s
Ep  991: len= 39 黑胜 loss=27.7494 temp=1.00 total_env_steps=27239 t=0.16s
Ep  992: len= 36 白胜 loss=27.5201 temp=1.00 total_env_steps=27275 t=0.12s
Ep  993: len= 31 黑胜 loss=27.9240 temp=1.00 total_env_steps=27306 t=0.13s
Ep  994: len= 18 黑胜 loss=27.7436 temp=1.00 total_env_steps=27324 t=0.11s
Ep  995: len= 29 白胜 loss=27.6044 temp=1.00 total_env_steps=27353 t=0.14s
Ep  996: len= 30 白胜 loss=27.7189 temp=1.00 total_env_steps=27383 t=0.13s
Ep  997: len= 29 黑胜 loss=27.9118 temp=1.00 total_env_steps=27412 t=0.15s
Ep  998: len= 19 黑胜 loss=27.7490 temp=1.00 total_env_steps=27431 t=0.09s
Ep  999: len= 27 黑胜 loss=27.7206 temp=1.00 total_env_steps=27458 t=0.15s
Ep 1000: len= 43 黑胜 loss=27.4567 temp=1.00 total_env_steps=27501 t=0.18s
  eval vs Gomoku-random-v0: win_rate=1.00 mean_return=1.00（20 局，total_env_steps=27501）
  📸 已拍权重快照（ep=1000，gating 对弈基准）
Ep 1001: len= 21 黑胜 loss=27.8569 temp=1.00 total_env_steps=27522 t=0.13s
Ep 1002: len= 29 黑胜 loss=27.7708 temp=1.00 total_env_steps=27551 t=0.15s
Ep 1003: len= 45 黑胜 loss=27.8350 temp=1.00 total_env_steps=27596 t=0.18s
Ep 1004: len= 20 白胜 loss=27.6985 temp=1.00 total_env_steps=27616 t=0.09s
Ep 1005: len= 31 黑胜 loss=27.6671 temp=1.00 total_env_steps=27647 t=0.13s
Ep 1006: len= 32 白胜 loss=27.4439 temp=1.00 total_env_steps=27679 t=0.14s
Ep 1007: len= 18 白胜 loss=27.5701 temp=1.00 total_env_steps=27697 t=0.08s
Ep 1008: len= 21 黑胜 loss=27.5629 temp=1.00 total_env_steps=27718 t=0.08s
Ep 1009: len= 27 白胜 loss=27.9747 temp=1.00 total_env_steps=27745 t=0.10s
Ep 1010: len= 30 白胜 loss=27.7196 temp=1.00 total_env_steps=27775 t=0.10s
Ep 1011: len= 39 黑胜 loss=28.0242 temp=1.00 total_env_steps=27814 t=0.13s
Ep 1012: len= 32 白胜 loss=27.7354 temp=1.00 total_env_steps=27846 t=0.11s
Ep 1013: len=  2 白胜 loss=27.9637 temp=1.00 total_env_steps=27848 t=0.04s
Ep 1014: len= 15 黑胜 loss=27.9881 temp=1.00 total_env_steps=27863 t=0.08s
Ep 1015: len= 24 白胜 loss=27.9415 temp=1.00 total_env_steps=27887 t=0.11s
Ep 1016: len= 33 黑胜 loss=27.9055 temp=1.00 total_env_steps=27920 t=0.12s
Ep 1017: len=  4 黑胜 loss=27.9950 temp=1.00 total_env_steps=27924 t=0.04s
Ep 1018: len= 23 黑胜 loss=28.0276 temp=1.00 total_env_steps=27947 t=0.09s
Ep 1019: len= 36 白胜 loss=27.6204 temp=1.00 total_env_steps=27983 t=0.14s
Ep 1020: len=  4 黑胜 loss=27.9903 temp=1.00 total_env_steps=27987 t=0.05s
Ep 1021: len= 24 白胜 loss=27.8739 temp=1.00 total_env_steps=28011 t=0.10s
Ep 1022: len= 43 黑胜 loss=27.9346 temp=1.00 total_env_steps=28054 t=0.15s
Ep 1023: len= 34 白胜 loss=27.5657 temp=1.00 total_env_steps=28088 t=0.14s
Ep 1024: len= 40 白胜 loss=27.8305 temp=1.00 total_env_steps=28128 t=0.15s
Ep 1025: len= 36 白胜 loss=27.7839 temp=1.00 total_env_steps=28164 t=0.12s
Ep 1026: len= 27 黑胜 loss=27.7426 temp=1.00 total_env_steps=28191 t=0.10s
Ep 1027: len= 23 黑胜 loss=28.1752 temp=1.00 total_env_steps=28214 t=0.09s
Ep 1028: len= 25 黑胜 loss=27.6439 temp=1.00 total_env_steps=28239 t=0.09s
Ep 1029: len= 18 白胜 loss=27.6744 temp=1.00 total_env_steps=28257 t=0.07s
Ep 1030: len= 34 白胜 loss=27.8237 temp=1.00 total_env_steps=28291 t=0.12s
Ep 1031: len= 20 白胜 loss=27.9676 temp=1.00 total_env_steps=28311 t=0.08s
Ep 1032: len= 32 白胜 loss=27.4467 temp=1.00 total_env_steps=28343 t=0.12s
Ep 1033: len= 29 黑胜 loss=27.7996 temp=1.00 total_env_steps=28372 t=0.11s
Ep 1034: len= 34 白胜 loss=27.7890 temp=1.00 total_env_steps=28406 t=0.13s
Ep 1035: len=  8 白胜 loss=27.7096 temp=1.00 total_env_steps=28414 t=0.05s
Ep 1036: len= 29 黑胜 loss=27.7367 temp=1.00 total_env_steps=28443 t=0.10s
Ep 1037: len=  8 黑胜 loss=27.9658 temp=1.00 total_env_steps=28451 t=0.05s
Ep 1038: len= 35 黑胜 loss=27.5204 temp=1.00 total_env_steps=28486 t=0.12s
Ep 1039: len= 35 黑胜 loss=27.6013 temp=1.00 total_env_steps=28521 t=0.12s
Ep 1040: len= 12 白胜 loss=27.7724 temp=1.00 total_env_steps=28533 t=0.06s
Ep 1041: len= 33 黑胜 loss=28.1288 temp=1.00 total_env_steps=28566 t=0.12s
Ep 1042: len=  6 黑胜 loss=27.9358 temp=1.00 total_env_steps=28572 t=0.04s
Ep 1043: len= 25 黑胜 loss=27.9016 temp=1.00 total_env_steps=28597 t=0.09s
Ep 1044: len= 32 白胜 loss=28.1478 temp=1.00 total_env_steps=28629 t=0.10s
Ep 1045: len= 23 黑胜 loss=28.0662 temp=1.00 total_env_steps=28652 t=0.11s
Ep 1046: len= 19 黑胜 loss=27.6621 temp=1.00 total_env_steps=28671 t=0.08s
Ep 1047: len= 44 白胜 loss=28.1654 temp=1.00 total_env_steps=28715 t=0.15s
Ep 1048: len= 21 黑胜 loss=27.9105 temp=1.00 total_env_steps=28736 t=0.09s
Ep 1049: len= 16 白胜 loss=27.9742 temp=1.00 total_env_steps=28752 t=0.07s
Ep 1050: len= 23 黑胜 loss=27.7815 temp=1.00 total_env_steps=28775 t=0.09s
Ep 1051: len= 46 白胜 loss=27.5103 temp=1.00 total_env_steps=28821 t=0.15s
Ep 1052: len= 33 黑胜 loss=27.9506 temp=1.00 total_env_steps=28854 t=0.12s
Ep 1053: len= 50 白胜 loss=27.9686 temp=1.00 total_env_steps=28904 t=0.15s
Ep 1054: len= 23 黑胜 loss=28.0951 temp=1.00 total_env_steps=28927 t=0.09s
Ep 1055: len= 18 白胜 loss=27.9739 temp=1.00 total_env_steps=28945 t=0.07s
Ep 1056: len= 29 黑胜 loss=27.5670 temp=1.00 total_env_steps=28974 t=0.09s
Ep 1057: len= 39 黑胜 loss=27.6852 temp=1.00 total_env_steps=29013 t=0.12s
Ep 1058: len= 27 黑胜 loss=27.7641 temp=1.00 total_env_steps=29040 t=0.10s
Ep 1059: len= 29 黑胜 loss=27.3389 temp=1.00 total_env_steps=29069 t=0.10s
Ep 1060: len= 13 黑胜 loss=27.6185 temp=1.00 total_env_steps=29082 t=0.06s
Ep 1061: len=  2 黑胜 loss=27.7849 temp=1.00 total_env_steps=29084 t=0.04s
Ep 1062: len= 27 黑胜 loss=27.4637 temp=1.00 total_env_steps=29111 t=0.10s
Ep 1063: len=  6 白胜 loss=27.6917 temp=1.00 total_env_steps=29117 t=0.04s
Ep 1064: len= 23 黑胜 loss=27.6177 temp=1.00 total_env_steps=29140 t=0.08s
Ep 1065: len= 31 黑胜 loss=27.6991 temp=1.00 total_env_steps=29171 t=0.12s
Ep 1066: len= 33 黑胜 loss=28.1683 temp=1.00 total_env_steps=29204 t=0.12s
Ep 1067: len= 15 黑胜 loss=27.9083 temp=1.00 total_env_steps=29219 t=0.07s
Ep 1068: len= 18 白胜 loss=28.1736 temp=1.00 total_env_steps=29237 t=0.08s
Ep 1069: len= 23 黑胜 loss=27.8099 temp=1.00 total_env_steps=29260 t=0.08s
Ep 1070: len= 15 黑胜 loss=27.9046 temp=1.00 total_env_steps=29275 t=0.06s
Ep 1071: len=  2 白胜 loss=27.7812 temp=1.00 total_env_steps=29277 t=0.03s
Ep 1072: len=  2 白胜 loss=27.9405 temp=1.00 total_env_steps=29279 t=0.03s
Ep 1073: len= 29 黑胜 loss=27.7769 temp=1.00 total_env_steps=29308 t=0.10s
Ep 1074: len= 33 黑胜 loss=27.7697 temp=1.00 total_env_steps=29341 t=0.11s
Ep 1075: len= 27 黑胜 loss=27.3640 temp=1.00 total_env_steps=29368 t=0.10s
Ep 1076: len= 13 黑胜 loss=27.5757 temp=1.00 total_env_steps=29381 t=0.06s
Ep 1077: len= 29 黑胜 loss=27.8190 temp=1.00 total_env_steps=29410 t=0.10s
Ep 1078: len= 17 黑胜 loss=27.9349 temp=1.00 total_env_steps=29427 t=0.07s
Ep 1079: len= 38 黑胜 loss=27.8988 temp=1.00 total_env_steps=29465 t=0.13s
Ep 1080: len= 21 白胜 loss=27.9171 temp=1.00 total_env_steps=29486 t=0.08s
Ep 1081: len= 31 黑胜 loss=27.8033 temp=1.00 total_env_steps=29517 t=0.11s
Ep 1082: len= 33 黑胜 loss=27.6649 temp=1.00 total_env_steps=29550 t=0.11s
Ep 1083: len= 40 白胜 loss=27.7391 temp=1.00 total_env_steps=29590 t=0.13s
Ep 1084: len= 31 黑胜 loss=27.4430 temp=1.00 total_env_steps=29621 t=0.10s
Ep 1085: len= 37 黑胜 loss=27.7228 temp=1.00 total_env_steps=29658 t=0.12s
Ep 1086: len= 19 黑胜 loss=27.7765 temp=1.00 total_env_steps=29677 t=0.07s
Ep 1087: len= 17 白胜 loss=27.6764 temp=1.00 total_env_steps=29694 t=0.07s
Ep 1088: len= 23 黑胜 loss=27.8385 temp=1.00 total_env_steps=29717 t=0.10s
Ep 1089: len= 25 黑胜 loss=27.6204 temp=1.00 total_env_steps=29742 t=0.10s
Ep 1090: len= 27 黑胜 loss=27.8110 temp=1.00 total_env_steps=29769 t=0.10s
Ep 1091: len= 41 黑胜 loss=27.6796 temp=1.00 total_env_steps=29810 t=0.12s
Ep 1092: len= 58 白胜 loss=27.7494 temp=1.00 total_env_steps=29868 t=0.17s
Ep 1093: len= 30 白胜 loss=27.8394 temp=1.00 total_env_steps=29898 t=0.11s
Ep 1094: len= 10 黑胜 loss=27.8093 temp=1.00 total_env_steps=29908 t=0.05s
Ep 1095: len= 30 白胜 loss=27.8250 temp=1.00 total_env_steps=29938 t=0.10s
Ep 1096: len=  4 白胜 loss=27.6942 temp=1.00 total_env_steps=29942 t=0.04s
Ep 1097: len=  2 黑胜 loss=27.5421 temp=1.00 total_env_steps=29944 t=0.03s
Ep 1098: len= 36 白胜 loss=27.6748 temp=1.00 total_env_steps=29980 t=0.12s
Ep 1099: len= 25 黑胜 loss=27.4092 temp=1.00 total_env_steps=30005 t=0.10s
Ep 1100: len= 27 黑胜 loss=27.7408 temp=1.00 total_env_steps=30032 t=0.11s
Ep 1101: len=  4 黑胜 loss=27.7431 temp=1.00 total_env_steps=30036 t=0.04s
Ep 1102: len= 16 黑胜 loss=27.5511 temp=1.00 total_env_steps=30052 t=0.07s
Ep 1103: len= 27 黑胜 loss=27.9729 temp=1.00 total_env_steps=30079 t=0.10s
Ep 1104: len= 34 白胜 loss=27.7903 temp=1.00 total_env_steps=30113 t=0.11s
Ep 1105: len= 35 黑胜 loss=27.6837 temp=1.00 total_env_steps=30148 t=0.11s
Ep 1106: len= 33 黑胜 loss=27.9027 temp=1.00 total_env_steps=30181 t=0.12s
Ep 1107: len= 61 黑胜 loss=27.9450 temp=1.00 total_env_steps=30242 t=0.16s
Ep 1108: len= 33 黑胜 loss=27.6567 temp=1.00 total_env_steps=30275 t=0.11s
Ep 1109: len= 32 白胜 loss=28.1282 temp=1.00 total_env_steps=30307 t=0.13s
Ep 1110: len= 52 白胜 loss=27.8683 temp=1.00 total_env_steps=30359 t=0.16s
Ep 1111: len= 23 黑胜 loss=28.0913 temp=1.00 total_env_steps=30382 t=0.09s
Ep 1112: len= 26 白胜 loss=27.8906 temp=1.00 total_env_steps=30408 t=0.10s
Ep 1113: len= 29 黑胜 loss=27.6919 temp=1.00 total_env_steps=30437 t=0.09s
Ep 1114: len= 15 黑胜 loss=27.7177 temp=1.00 total_env_steps=30452 t=0.07s
Ep 1115: len= 25 黑胜 loss=28.1374 temp=1.00 total_env_steps=30477 t=0.10s
Ep 1116: len= 39 白胜 loss=27.7769 temp=1.00 total_env_steps=30516 t=0.12s
Ep 1117: len= 38 白胜 loss=27.6495 temp=1.00 total_env_steps=30554 t=0.12s
Ep 1118: len= 33 黑胜 loss=27.7313 temp=1.00 total_env_steps=30587 t=0.11s
Ep 1119: len= 32 白胜 loss=27.8580 temp=1.00 total_env_steps=30619 t=0.11s
Ep 1120: len=  2 黑胜 loss=27.5992 temp=1.00 total_env_steps=30621 t=0.03s
Ep 1121: len= 26 白胜 loss=27.7633 temp=1.00 total_env_steps=30647 t=0.09s
Ep 1122: len= 25 黑胜 loss=27.7710 temp=1.00 total_env_steps=30672 t=0.10s
Ep 1123: len= 19 黑胜 loss=27.8677 temp=1.00 total_env_steps=30691 t=0.07s
Ep 1124: len= 33 黑胜 loss=27.6266 temp=1.00 total_env_steps=30724 t=0.11s
Ep 1125: len=  2 黑胜 loss=27.5181 temp=1.00 total_env_steps=30726 t=0.03s
Ep 1126: len= 20 黑胜 loss=27.7771 temp=1.00 total_env_steps=30746 t=0.08s
Ep 1127: len= 13 黑胜 loss=27.6860 temp=1.00 total_env_steps=30759 t=0.06s
Ep 1128: len=  4 白胜 loss=27.6748 temp=1.00 total_env_steps=30763 t=0.04s
Ep 1129: len= 38 白胜 loss=27.7823 temp=1.00 total_env_steps=30801 t=0.14s
Ep 1130: len= 33 黑胜 loss=27.9528 temp=1.00 total_env_steps=30834 t=0.13s
Ep 1131: len= 45 黑胜 loss=27.8352 temp=1.00 total_env_steps=30879 t=0.15s
Ep 1132: len= 30 白胜 loss=27.8183 temp=1.00 total_env_steps=30909 t=0.11s
Ep 1133: len= 24 白胜 loss=27.8369 temp=1.00 total_env_steps=30933 t=0.09s
Ep 1134: len= 23 白胜 loss=28.1161 temp=1.00 total_env_steps=30956 t=0.09s
Ep 1135: len=  2 黑胜 loss=27.6111 temp=1.00 total_env_steps=30958 t=0.03s
Ep 1136: len= 31 黑胜 loss=27.9586 temp=1.00 total_env_steps=30989 t=0.11s
Ep 1137: len= 15 黑胜 loss=28.0135 temp=1.00 total_env_steps=31004 t=0.07s
Ep 1138: len= 24 白胜 loss=27.8242 temp=1.00 total_env_steps=31028 t=0.09s
Ep 1139: len=  2 黑胜 loss=27.7358 temp=1.00 total_env_steps=31030 t=0.03s
Ep 1140: len= 38 白胜 loss=27.6853 temp=1.00 total_env_steps=31068 t=0.13s
Ep 1141: len= 28 白胜 loss=27.9039 temp=1.00 total_env_steps=31096 t=0.11s
Ep 1142: len= 49 黑胜 loss=27.4423 temp=1.00 total_env_steps=31145 t=0.16s
Ep 1143: len= 53 黑胜 loss=27.4725 temp=1.00 total_env_steps=31198 t=0.16s
Ep 1144: len= 25 黑胜 loss=28.0703 temp=1.00 total_env_steps=31223 t=0.09s
Ep 1145: len= 48 白胜 loss=28.0052 temp=1.00 total_env_steps=31271 t=0.14s
Ep 1146: len= 22 白胜 loss=27.5022 temp=1.00 total_env_steps=31293 t=0.09s
Ep 1147: len=  5 黑胜 loss=27.7206 temp=1.00 total_env_steps=31298 t=0.04s
Ep 1148: len= 28 白胜 loss=27.5888 temp=1.00 total_env_steps=31326 t=0.10s
Ep 1149: len=  8 白胜 loss=27.5602 temp=1.00 total_env_steps=31334 t=0.05s
Ep 1150: len= 32 白胜 loss=27.7077 temp=1.00 total_env_steps=31366 t=0.11s
Ep 1151: len= 29 黑胜 loss=27.9961 temp=1.00 total_env_steps=31395 t=0.10s
Ep 1152: len= 32 白胜 loss=27.8740 temp=1.00 total_env_steps=31427 t=0.10s
Ep 1153: len= 33 黑胜 loss=27.6749 temp=1.00 total_env_steps=31460 t=0.10s
Ep 1154: len= 35 黑胜 loss=27.8672 temp=1.00 total_env_steps=31495 t=0.11s
Ep 1155: len= 16 白胜 loss=27.6569 temp=1.00 total_env_steps=31511 t=0.06s
Ep 1156: len= 39 黑胜 loss=27.5110 temp=1.00 total_env_steps=31550 t=0.12s
Ep 1157: len= 34 白胜 loss=28.0037 temp=1.00 total_env_steps=31584 t=0.11s
Ep 1158: len= 39 黑胜 loss=27.7100 temp=1.00 total_env_steps=31623 t=0.11s
Ep 1159: len= 20 黑胜 loss=27.6820 temp=1.00 total_env_steps=31643 t=0.07s
Ep 1160: len= 26 白胜 loss=27.8496 temp=1.00 total_env_steps=31669 t=0.08s
Ep 1161: len= 24 白胜 loss=27.7322 temp=1.00 total_env_steps=31693 t=0.09s
Ep 1162: len=  2 黑胜 loss=27.7165 temp=1.00 total_env_steps=31695 t=0.03s
Ep 1163: len= 25 黑胜 loss=27.6759 temp=1.00 total_env_steps=31720 t=0.08s
Ep 1164: len= 25 黑胜 loss=27.9636 temp=1.00 total_env_steps=31745 t=0.09s
Ep 1165: len= 26 白胜 loss=27.7795 temp=1.00 total_env_steps=31771 t=0.08s
Ep 1166: len= 11 黑胜 loss=27.6495 temp=1.00 total_env_steps=31782 t=0.05s
Ep 1167: len=  8 白胜 loss=27.6539 temp=1.00 total_env_steps=31790 t=0.04s
Ep 1168: len= 31 黑胜 loss=27.7997 temp=1.00 total_env_steps=31821 t=0.09s
Ep 1169: len=  2 黑胜 loss=27.6340 temp=1.00 total_env_steps=31823 t=0.03s
Ep 1170: len= 33 黑胜 loss=27.6290 temp=1.00 total_env_steps=31856 t=0.10s
Ep 1171: len= 61 黑胜 loss=27.6470 temp=1.00 total_env_steps=31917 t=0.14s
Ep 1172: len= 29 黑胜 loss=27.6422 temp=1.00 total_env_steps=31946 t=0.09s
Ep 1173: len=  2 黑胜 loss=27.4820 temp=1.00 total_env_steps=31948 t=0.03s
Ep 1174: len= 35 黑胜 loss=27.6121 temp=1.00 total_env_steps=31983 t=0.10s
Ep 1175: len= 20 白胜 loss=27.6091 temp=1.00 total_env_steps=32003 t=0.07s
Ep 1176: len= 36 白胜 loss=27.7725 temp=1.00 total_env_steps=32039 t=0.10s
Ep 1177: len=  4 白胜 loss=27.5148 temp=1.00 total_env_steps=32043 t=0.03s
Ep 1178: len= 20 白胜 loss=27.7762 temp=1.00 total_env_steps=32063 t=0.07s
Ep 1179: len= 34 白胜 loss=27.3348 temp=1.00 total_env_steps=32097 t=0.11s
Ep 1180: len= 32 黑胜 loss=27.9069 temp=1.00 total_env_steps=32129 t=0.12s
Ep 1181: len= 47 黑胜 loss=27.7164 temp=1.00 total_env_steps=32176 t=0.14s
Ep 1182: len= 17 白胜 loss=27.7093 temp=1.00 total_env_steps=32193 t=0.07s
Ep 1183: len= 32 白胜 loss=27.6412 temp=1.00 total_env_steps=32225 t=0.10s
Ep 1184: len= 28 白胜 loss=27.8433 temp=1.00 total_env_steps=32253 t=0.08s
Ep 1185: len= 35 黑胜 loss=27.7080 temp=1.00 total_env_steps=32288 t=0.11s
Ep 1186: len= 36 白胜 loss=27.8406 temp=1.00 total_env_steps=32324 t=0.10s
Ep 1187: len= 32 白胜 loss=27.8425 temp=1.00 total_env_steps=32356 t=0.10s
Ep 1188: len= 28 白胜 loss=27.4886 temp=1.00 total_env_steps=32384 t=0.09s
Ep 1189: len=  8 白胜 loss=28.1369 temp=1.00 total_env_steps=32392 t=0.04s
Ep 1190: len= 37 黑胜 loss=27.6925 temp=1.00 total_env_steps=32429 t=0.10s
Ep 1191: len=  4 黑胜 loss=27.7204 temp=1.00 total_env_steps=32433 t=0.03s
Ep 1192: len= 16 黑胜 loss=27.8136 temp=1.00 total_env_steps=32449 t=0.06s
Ep 1193: len= 26 白胜 loss=28.0055 temp=1.00 total_env_steps=32475 t=0.07s
Ep 1194: len= 10 黑胜 loss=27.6197 temp=1.00 total_env_steps=32485 t=0.04s
Ep 1195: len= 35 黑胜 loss=28.0371 temp=1.00 total_env_steps=32520 t=0.10s
Ep 1196: len= 27 黑胜 loss=27.8731 temp=1.00 total_env_steps=32547 t=0.08s
Ep 1197: len= 11 白胜 loss=27.9254 temp=1.00 total_env_steps=32558 t=0.04s
Ep 1198: len= 25 黑胜 loss=27.6123 temp=1.00 total_env_steps=32583 t=0.07s
Ep 1199: len= 35 黑胜 loss=28.0658 temp=1.00 total_env_steps=32618 t=0.11s
Ep 1200: len=  8 白胜 loss=27.7556 temp=1.00 total_env_steps=32626 t=0.05s
  eval vs Gomoku-random-v0: win_rate=1.00 mean_return=1.00（20 局，total_env_steps=32626）
Ep 1201: len=  6 白胜 loss=27.9071 temp=1.00 total_env_steps=32632 t=0.04s
Ep 1202: len= 27 白胜 loss=28.0000 temp=1.00 total_env_steps=32659 t=0.08s
Ep 1203: len= 37 黑胜 loss=27.5298 temp=1.00 total_env_steps=32696 t=0.11s
Ep 1204: len= 33 黑胜 loss=27.8144 temp=1.00 total_env_steps=32729 t=0.10s
Ep 1205: len= 28 白胜 loss=28.0596 temp=1.00 total_env_steps=32757 t=0.09s
Ep 1206: len= 27 黑胜 loss=27.6353 temp=1.00 total_env_steps=32784 t=0.09s
Ep 1207: len= 39 黑胜 loss=28.0322 temp=1.00 total_env_steps=32823 t=0.12s
Ep 1208: len= 49 黑胜 loss=27.8632 temp=1.00 total_env_steps=32872 t=0.12s
Ep 1209: len=  4 白胜 loss=27.5685 temp=1.00 total_env_steps=32876 t=0.03s
Ep 1210: len= 53 黑胜 loss=28.1191 temp=1.00 total_env_steps=32929 t=0.14s
Ep 1211: len= 27 黑胜 loss=28.0224 temp=1.00 total_env_steps=32956 t=0.08s
Ep 1212: len=  4 白胜 loss=27.8893 temp=1.00 total_env_steps=32960 t=0.03s
Ep 1213: len= 31 黑胜 loss=27.4010 temp=1.00 total_env_steps=32991 t=0.09s
Ep 1214: len= 23 黑胜 loss=28.1238 temp=1.00 total_env_steps=33014 t=0.07s
Ep 1215: len= 10 白胜 loss=27.8889 temp=1.00 total_env_steps=33024 t=0.05s
Ep 1216: len= 21 白胜 loss=27.8639 temp=1.00 total_env_steps=33045 t=0.07s
Ep 1217: len= 30 白胜 loss=27.4616 temp=1.00 total_env_steps=33075 t=0.10s
Ep 1218: len= 21 黑胜 loss=28.0272 temp=1.00 total_env_steps=33096 t=0.07s
Ep 1219: len= 22 白胜 loss=27.5637 temp=1.00 total_env_steps=33118 t=0.08s
Ep 1220: len=  4 黑胜 loss=27.7632 temp=1.00 total_env_steps=33122 t=0.03s
Ep 1221: len= 30 白胜 loss=27.7994 temp=1.00 total_env_steps=33152 t=0.08s
Ep 1222: len= 19 黑胜 loss=27.4554 temp=1.00 total_env_steps=33171 t=0.06s
Ep 1223: len= 46 白胜 loss=27.6709 temp=1.00 total_env_steps=33217 t=0.12s
Ep 1224: len=  2 黑胜 loss=27.6528 temp=1.00 total_env_steps=33219 t=0.03s
Ep 1225: len= 28 白胜 loss=27.6971 temp=1.00 total_env_steps=33247 t=0.09s
Ep 1226: len= 41 黑胜 loss=27.7834 temp=1.00 total_env_steps=33288 t=0.12s
Ep 1227: len= 33 黑胜 loss=27.8833 temp=1.00 total_env_steps=33321 t=0.09s
Ep 1228: len= 53 黑胜 loss=27.8702 temp=1.00 total_env_steps=33374 t=0.15s
Ep 1229: len= 44 白胜 loss=27.5383 temp=1.00 total_env_steps=33418 t=0.15s
Ep 1230: len= 34 白胜 loss=27.9721 temp=1.00 total_env_steps=33452 t=0.12s
Ep 1231: len=  2 白胜 loss=27.7414 temp=1.00 total_env_steps=33454 t=0.03s
Ep 1232: len=  2 白胜 loss=27.7163 temp=1.00 total_env_steps=33456 t=0.03s
Ep 1233: len=  4 黑胜 loss=27.6600 temp=1.00 total_env_steps=33460 t=0.03s
Ep 1234: len= 28 白胜 loss=27.6958 temp=1.00 total_env_steps=33488 t=0.08s
Ep 1235: len= 38 白胜 loss=27.7326 temp=1.00 total_env_steps=33526 t=0.11s
Ep 1236: len= 23 黑胜 loss=27.8412 temp=1.00 total_env_steps=33549 t=0.07s
Ep 1237: len= 24 白胜 loss=27.8470 temp=1.00 total_env_steps=33573 t=0.08s
Ep 1238: len= 23 黑胜 loss=27.5666 temp=1.00 total_env_steps=33596 t=0.07s
Ep 1239: len= 39 黑胜 loss=27.8193 temp=1.00 total_env_steps=33635 t=0.11s
Ep 1240: len=  2 黑胜 loss=27.8006 temp=1.00 total_env_steps=33637 t=0.03s
Ep 1241: len=  8 白胜 loss=27.6923 temp=1.00 total_env_steps=33645 t=0.04s
Ep 1242: len= 37 白胜 loss=27.7612 temp=1.00 total_env_steps=33682 t=0.11s
Ep 1243: len= 40 白胜 loss=27.9403 temp=1.00 total_env_steps=33722 t=0.13s
Ep 1244: len= 43 黑胜 loss=27.8085 temp=1.00 total_env_steps=33765 t=0.12s
Ep 1245: len= 24 白胜 loss=27.9091 temp=1.00 total_env_steps=33789 t=0.08s
Ep 1246: len= 24 黑胜 loss=27.7783 temp=1.00 total_env_steps=33813 t=0.07s
Ep 1247: len= 10 白胜 loss=27.9615 temp=1.00 total_env_steps=33823 t=0.04s
Ep 1248: len= 17 黑胜 loss=27.7421 temp=1.00 total_env_steps=33840 t=0.06s
Ep 1249: len= 21 黑胜 loss=27.5740 temp=1.00 total_env_steps=33861 t=0.07s
Ep 1250: len= 28 白胜 loss=27.7264 temp=1.00 total_env_steps=33889 t=0.08s
Ep 1251: len=  6 白胜 loss=27.9062 temp=1.00 total_env_steps=33895 t=0.04s
Ep 1252: len= 29 黑胜 loss=27.7837 temp=1.00 total_env_steps=33924 t=0.08s
Ep 1253: len=  2 黑胜 loss=28.2519 temp=1.00 total_env_steps=33926 t=0.03s
Ep 1254: len= 34 白胜 loss=27.7024 temp=1.00 total_env_steps=33960 t=0.09s
Ep 1255: len= 10 黑胜 loss=27.8284 temp=1.00 total_env_steps=33970 t=0.05s
Ep 1256: len= 29 黑胜 loss=27.5684 temp=1.00 total_env_steps=33999 t=0.09s
Ep 1257: len= 23 黑胜 loss=27.8634 temp=1.00 total_env_steps=34022 t=0.07s
Ep 1258: len= 21 黑胜 loss=27.2180 temp=1.00 total_env_steps=34043 t=0.07s
Ep 1259: len= 32 白胜 loss=27.6278 temp=1.00 total_env_steps=34075 t=0.08s
Ep 1260: len= 34 白胜 loss=27.5394 temp=1.00 total_env_steps=34109 t=0.09s
Ep 1261: len= 30 白胜 loss=27.6268 temp=1.00 total_env_steps=34139 t=0.08s
Ep 1262: len= 39 黑胜 loss=27.6117 temp=1.00 total_env_steps=34178 t=0.10s
Ep 1263: len= 47 黑胜 loss=27.4364 temp=1.00 total_env_steps=34225 t=0.12s
Ep 1264: len= 36 白胜 loss=27.6214 temp=1.00 total_env_steps=34261 t=0.09s
Ep 1265: len= 43 黑胜 loss=27.7114 temp=1.00 total_env_steps=34304 t=0.10s
Ep 1266: len= 19 黑胜 loss=27.8618 temp=1.00 total_env_steps=34323 t=0.07s
Ep 1267: len= 19 黑胜 loss=27.7976 temp=1.00 total_env_steps=34342 t=0.07s
Ep 1268: len= 31 黑胜 loss=27.6612 temp=1.00 total_env_steps=34373 t=0.09s
Ep 1269: len=  4 黑胜 loss=27.7624 temp=1.00 total_env_steps=34377 t=0.03s
Ep 1270: len= 40 白胜 loss=27.7369 temp=1.00 total_env_steps=34417 t=0.10s
Ep 1271: len= 21 黑胜 loss=27.5753 temp=1.00 total_env_steps=34438 t=0.06s
Ep 1272: len= 29 黑胜 loss=28.1246 temp=1.00 total_env_steps=34467 t=0.08s
Ep 1273: len=  2 白胜 loss=27.5640 temp=1.00 total_env_steps=34469 t=0.03s
Ep 1274: len= 51 黑胜 loss=27.8069 temp=1.00 total_env_steps=34520 t=0.12s
Ep 1275: len= 39 黑胜 loss=27.8370 temp=1.00 total_env_steps=34559 t=0.10s
Ep 1276: len= 56 白胜 loss=27.4406 temp=1.00 total_env_steps=34615 t=0.12s
Ep 1277: len= 13 黑胜 loss=27.6057 temp=1.00 total_env_steps=34628 t=0.05s
Ep 1278: len= 45 黑胜 loss=27.7351 temp=1.00 total_env_steps=34673 t=0.11s
Ep 1279: len= 17 黑胜 loss=27.5996 temp=1.00 total_env_steps=34690 t=0.06s
Ep 1280: len= 33 黑胜 loss=28.0570 temp=1.00 total_env_steps=34723 t=0.09s
Ep 1281: len= 44 白胜 loss=27.9675 temp=1.00 total_env_steps=34767 t=0.12s
Ep 1282: len= 21 黑胜 loss=27.5033 temp=1.00 total_env_steps=34788 t=0.06s
Ep 1283: len= 29 黑胜 loss=27.4805 temp=1.00 total_env_steps=34817 t=0.08s
Ep 1284: len= 20 白胜 loss=28.0591 temp=1.00 total_env_steps=34837 t=0.06s
Ep 1285: len= 18 白胜 loss=27.9748 temp=1.00 total_env_steps=34855 t=0.06s
Ep 1286: len= 49 黑胜 loss=28.0511 temp=1.00 total_env_steps=34904 t=0.11s
Ep 1287: len= 35 黑胜 loss=28.0667 temp=1.00 total_env_steps=34939 t=0.10s
Ep 1288: len= 14 白胜 loss=27.7737 temp=1.00 total_env_steps=34953 t=0.05s
Ep 1289: len= 21 黑胜 loss=27.8219 temp=1.00 total_env_steps=34974 t=0.06s
Ep 1290: len= 30 黑胜 loss=27.6074 temp=1.00 total_env_steps=35004 t=0.08s
Ep 1291: len= 39 黑胜 loss=27.8222 temp=1.00 total_env_steps=35043 t=0.10s
Ep 1292: len= 16 白胜 loss=27.2094 temp=1.00 total_env_steps=35059 t=0.06s
Ep 1293: len= 15 黑胜 loss=27.5054 temp=1.00 total_env_steps=35074 t=0.05s
Ep 1294: len= 12 白胜 loss=27.6790 temp=1.00 total_env_steps=35086 t=0.05s
Ep 1295: len= 48 白胜 loss=27.6295 temp=1.00 total_env_steps=35134 t=0.11s
Ep 1296: len= 19 黑胜 loss=27.3495 temp=1.00 total_env_steps=35153 t=0.06s
Ep 1297: len= 39 黑胜 loss=27.7738 temp=1.00 total_env_steps=35192 t=0.11s
Ep 1298: len= 20 白胜 loss=27.7537 temp=1.00 total_env_steps=35212 t=0.07s
Ep 1299: len= 27 黑胜 loss=27.9508 temp=1.00 total_env_steps=35239 t=0.07s
Ep 1300: len= 25 黑胜 loss=27.7927 temp=1.00 total_env_steps=35264 t=0.08s
Ep 1301: len= 41 白胜 loss=27.7469 temp=1.00 total_env_steps=35305 t=0.11s
Ep 1302: len= 13 黑胜 loss=27.8143 temp=1.00 total_env_steps=35318 t=0.04s
Ep 1303: len= 31 黑胜 loss=27.6185 temp=1.00 total_env_steps=35349 t=0.08s
Ep 1304: len=  2 白胜 loss=27.8199 temp=1.00 total_env_steps=35351 t=0.02s
Ep 1305: len= 27 黑胜 loss=28.0152 temp=1.00 total_env_steps=35378 t=0.07s
Ep 1306: len= 35 黑胜 loss=28.0107 temp=1.00 total_env_steps=35413 t=0.09s
Ep 1307: len= 27 黑胜 loss=27.6873 temp=1.00 total_env_steps=35440 t=0.07s
Ep 1308: len= 21 黑胜 loss=27.7507 temp=1.00 total_env_steps=35461 t=0.07s
Ep 1309: len= 34 白胜 loss=27.5671 temp=1.00 total_env_steps=35495 t=0.10s
Ep 1310: len= 27 黑胜 loss=27.6660 temp=1.00 total_env_steps=35522 t=0.08s
Ep 1311: len= 26 白胜 loss=27.9210 temp=1.00 total_env_steps=35548 t=0.07s
Ep 1312: len= 20 白胜 loss=27.9585 temp=1.00 total_env_steps=35568 t=0.06s
Ep 1313: len=  6 白胜 loss=27.6683 temp=1.00 total_env_steps=35574 t=0.03s
Ep 1314: len= 30 白胜 loss=27.7586 temp=1.00 total_env_steps=35604 t=0.08s
Ep 1315: len= 46 白胜 loss=27.8904 temp=1.00 total_env_steps=35650 t=0.12s
Ep 1316: len= 33 黑胜 loss=27.6028 temp=1.00 total_env_steps=35683 t=0.08s
Ep 1317: len= 18 白胜 loss=27.7218 temp=1.00 total_env_steps=35701 t=0.06s
Ep 1318: len= 25 黑胜 loss=27.5339 temp=1.00 total_env_steps=35726 t=0.07s
Ep 1319: len= 30 白胜 loss=27.7410 temp=1.00 total_env_steps=35756 t=0.09s
Ep 1320: len= 28 白胜 loss=27.6051 temp=1.00 total_env_steps=35784 t=0.08s
Ep 1321: len=  6 黑胜 loss=28.0000 temp=1.00 total_env_steps=35790 t=0.04s
Ep 1322: len=  6 白胜 loss=28.1307 temp=1.00 total_env_steps=35796 t=0.03s
Ep 1323: len= 29 黑胜 loss=27.9984 temp=1.00 total_env_steps=35825 t=0.08s
Ep 1324: len= 33 黑胜 loss=27.7785 temp=1.00 total_env_steps=35858 t=0.08s
Ep 1325: len= 33 黑胜 loss=27.8841 temp=1.00 total_env_steps=35891 t=0.08s
Ep 1326: len= 34 白胜 loss=27.9613 temp=1.00 total_env_steps=35925 t=0.09s
Ep 1327: len= 23 黑胜 loss=27.8366 temp=1.00 total_env_steps=35948 t=0.07s
Ep 1328: len=  8 白胜 loss=27.7794 temp=1.00 total_env_steps=35956 t=0.04s
Ep 1329: len= 35 黑胜 loss=27.8543 temp=1.00 total_env_steps=35991 t=0.09s
Ep 1330: len= 33 黑胜 loss=27.6647 temp=1.00 total_env_steps=36024 t=0.09s
Ep 1331: len= 39 黑胜 loss=27.5581 temp=1.00 total_env_steps=36063 t=0.09s
Ep 1332: len= 36 白胜 loss=27.7263 temp=1.00 total_env_steps=36099 t=0.09s
Ep 1333: len= 17 黑胜 loss=27.7512 temp=1.00 total_env_steps=36116 t=0.07s
Ep 1334: len= 34 白胜 loss=27.8372 temp=1.00 total_env_steps=36150 t=0.09s
Ep 1335: len= 34 白胜 loss=27.7245 temp=1.00 total_env_steps=36184 t=0.10s
Ep 1336: len= 34 白胜 loss=27.9378 temp=1.00 total_env_steps=36218 t=0.08s
Ep 1337: len= 31 黑胜 loss=28.0846 temp=1.00 total_env_steps=36249 t=0.08s
Ep 1338: len= 38 白胜 loss=27.8804 temp=1.00 total_env_steps=36287 t=0.10s
Ep 1339: len= 32 白胜 loss=28.1086 temp=1.00 total_env_steps=36319 t=0.08s
Ep 1340: len= 26 白胜 loss=27.8901 temp=1.00 total_env_steps=36345 t=0.08s
Ep 1341: len= 41 黑胜 loss=27.7765 temp=1.00 total_env_steps=36386 t=0.11s
Ep 1342: len= 42 白胜 loss=27.6674 temp=1.00 total_env_steps=36428 t=0.11s
Ep 1343: len= 15 黑胜 loss=28.1036 temp=1.00 total_env_steps=36443 t=0.05s
Ep 1344: len= 21 黑胜 loss=27.7146 temp=1.00 total_env_steps=36464 t=0.07s
Ep 1345: len= 20 白胜 loss=27.7466 temp=1.00 total_env_steps=36484 t=0.07s
Ep 1346: len= 24 白胜 loss=27.7619 temp=1.00 total_env_steps=36508 t=0.08s
Ep 1347: len=  4 白胜 loss=27.8767 temp=1.00 total_env_steps=36512 t=0.03s
Ep 1348: len= 16 黑胜 loss=27.7801 temp=1.00 total_env_steps=36528 t=0.05s
Ep 1349: len= 27 黑胜 loss=27.8731 temp=1.00 total_env_steps=36555 t=0.07s
Ep 1350: len= 23 黑胜 loss=27.6849 temp=1.00 total_env_steps=36578 t=0.07s
Ep 1351: len= 37 黑胜 loss=27.8725 temp=1.00 total_env_steps=36615 t=0.10s
Ep 1352: len= 38 白胜 loss=27.9067 temp=1.00 total_env_steps=36653 t=0.10s
Ep 1353: len= 31 黑胜 loss=27.8588 temp=1.00 total_env_steps=36684 t=0.08s
Ep 1354: len=  4 白胜 loss=27.8749 temp=1.00 total_env_steps=36688 t=0.03s
Ep 1355: len= 33 黑胜 loss=27.5313 temp=1.00 total_env_steps=36721 t=0.08s
Ep 1356: len= 30 白胜 loss=27.6627 temp=1.00 total_env_steps=36751 t=0.08s
Ep 1357: len= 55 黑胜 loss=27.8628 temp=1.00 total_env_steps=36806 t=0.14s
Ep 1358: len= 32 白胜 loss=27.7008 temp=1.00 total_env_steps=36838 t=0.09s
Ep 1359: len= 26 白胜 loss=27.5516 temp=1.00 total_env_steps=36864 t=0.08s
Ep 1360: len= 22 白胜 loss=27.8011 temp=1.00 total_env_steps=36886 t=0.08s
Ep 1361: len= 21 白胜 loss=28.0721 temp=1.00 total_env_steps=36907 t=0.07s
Ep 1362: len= 27 黑胜 loss=27.9163 temp=1.00 total_env_steps=36934 t=0.08s
Ep 1363: len= 25 黑胜 loss=27.7868 temp=1.00 total_env_steps=36959 t=0.08s
Ep 1364: len= 25 黑胜 loss=27.6018 temp=1.00 total_env_steps=36984 t=0.07s
Ep 1365: len= 25 黑胜 loss=27.2859 temp=1.00 total_env_steps=37009 t=0.07s
Ep 1366: len= 39 黑胜 loss=27.7826 temp=1.00 total_env_steps=37048 t=0.10s
Ep 1367: len=  4 白胜 loss=27.6342 temp=1.00 total_env_steps=37052 t=0.03s
Ep 1368: len= 25 黑胜 loss=27.7922 temp=1.00 total_env_steps=37077 t=0.06s
Ep 1369: len= 58 白胜 loss=27.7936 temp=1.00 total_env_steps=37135 t=0.14s
Ep 1370: len= 22 白胜 loss=27.8980 temp=1.00 total_env_steps=37157 t=0.07s
Ep 1371: len= 36 白胜 loss=28.0936 temp=1.00 total_env_steps=37193 t=0.10s
Ep 1372: len= 49 黑胜 loss=27.6511 temp=1.00 total_env_steps=37242 t=0.11s
Ep 1373: len= 19 黑胜 loss=27.9195 temp=1.00 total_env_steps=37261 t=0.06s
Ep 1374: len= 35 黑胜 loss=27.8882 temp=1.00 total_env_steps=37296 t=0.10s
Ep 1375: len= 36 白胜 loss=27.8901 temp=1.00 total_env_steps=37332 t=0.10s
Ep 1376: len= 34 白胜 loss=27.7127 temp=1.00 total_env_steps=37366 t=0.09s
Ep 1377: len= 41 黑胜 loss=27.7004 temp=1.00 total_env_steps=37407 t=0.10s
Ep 1378: len= 16 白胜 loss=27.8470 temp=1.00 total_env_steps=37423 t=0.05s
Ep 1379: len=  2 黑胜 loss=27.9815 temp=1.00 total_env_steps=37425 t=0.02s
Ep 1380: len= 37 黑胜 loss=27.6498 temp=1.00 total_env_steps=37462 t=0.09s
Ep 1381: len= 23 黑胜 loss=27.9643 temp=1.00 total_env_steps=37485 t=0.07s
Ep 1382: len= 29 黑胜 loss=27.8458 temp=1.00 total_env_steps=37514 t=0.08s
Ep 1383: len= 32 白胜 loss=27.8924 temp=1.00 total_env_steps=37546 t=0.09s
Ep 1384: len= 25 白胜 loss=27.5745 temp=1.00 total_env_steps=37571 t=0.07s
Ep 1385: len= 14 黑胜 loss=27.6357 temp=1.00 total_env_steps=37585 t=0.06s
Ep 1386: len= 39 黑胜 loss=27.9907 temp=1.00 total_env_steps=37624 t=0.11s
Ep 1387: len= 29 黑胜 loss=27.9835 temp=1.00 total_env_steps=37653 t=0.10s
Ep 1388: len= 18 白胜 loss=27.6307 temp=1.00 total_env_steps=37671 t=0.06s
Ep 1389: len= 37 黑胜 loss=27.6602 temp=1.00 total_env_steps=37708 t=0.10s
Ep 1390: len= 19 黑胜 loss=27.9414 temp=1.00 total_env_steps=37727 t=0.06s
Ep 1391: len= 27 黑胜 loss=27.8918 temp=1.00 total_env_steps=37754 t=0.08s
Ep 1392: len= 14 白胜 loss=27.6896 temp=1.00 total_env_steps=37768 t=0.05s
Ep 1393: len= 34 白胜 loss=28.1061 temp=1.00 total_env_steps=37802 t=0.08s
Ep 1394: len= 25 黑胜 loss=27.7228 temp=1.00 total_env_steps=37827 t=0.08s
Ep 1395: len=  9 白胜 loss=27.3014 temp=1.00 total_env_steps=37836 t=0.04s
Ep 1396: len= 27 黑胜 loss=27.5667 temp=1.00 total_env_steps=37863 t=0.07s
Ep 1397: len=  2 白胜 loss=27.6427 temp=1.00 total_env_steps=37865 t=0.02s
Ep 1398: len= 28 白胜 loss=27.5369 temp=1.00 total_env_steps=37893 t=0.07s
Ep 1399: len= 13 黑胜 loss=27.7092 temp=1.00 total_env_steps=37906 t=0.05s
Ep 1400: len= 30 白胜 loss=27.7515 temp=1.00 total_env_steps=37936 t=0.08s
  eval vs Gomoku-random-v0: win_rate=0.95 mean_return=0.90（20 局，total_env_steps=37936）
Ep 1401: len= 36 白胜 loss=27.8612 temp=1.00 total_env_steps=37972 t=0.10s
Ep 1402: len= 47 黑胜 loss=27.7600 temp=1.00 total_env_steps=38019 t=0.13s
Ep 1403: len= 45 黑胜 loss=27.4025 temp=1.00 total_env_steps=38064 t=0.11s
Ep 1404: len= 48 白胜 loss=27.8993 temp=1.00 total_env_steps=38112 t=0.11s
Ep 1405: len= 36 白胜 loss=27.6468 temp=1.00 total_env_steps=38148 t=0.10s
Ep 1406: len= 41 黑胜 loss=27.8544 temp=1.00 total_env_steps=38189 t=0.10s
Ep 1407: len= 31 黑胜 loss=28.0318 temp=1.00 total_env_steps=38220 t=0.08s
Ep 1408: len= 34 白胜 loss=27.5989 temp=1.00 total_env_steps=38254 t=0.09s
Ep 1409: len= 19 黑胜 loss=28.0423 temp=1.00 total_env_steps=38273 t=0.07s
Ep 1410: len= 33 黑胜 loss=28.1883 temp=1.00 total_env_steps=38306 t=0.09s
Ep 1411: len= 21 黑胜 loss=27.9808 temp=1.00 total_env_steps=38327 t=0.07s
Ep 1412: len= 27 黑胜 loss=27.8039 temp=1.00 total_env_steps=38354 t=0.07s
Ep 1413: len=  4 黑胜 loss=28.0181 temp=1.00 total_env_steps=38358 t=0.03s
Ep 1414: len=  6 白胜 loss=27.7185 temp=1.00 total_env_steps=38364 t=0.03s
Ep 1415: len= 10 黑胜 loss=27.7568 temp=1.00 total_env_steps=38374 t=0.04s
Ep 1416: len= 17 黑胜 loss=27.5549 temp=1.00 total_env_steps=38391 t=0.06s
Ep 1417: len=  4 黑胜 loss=27.7832 temp=1.00 total_env_steps=38395 t=0.03s
Ep 1418: len= 42 白胜 loss=27.9755 temp=1.00 total_env_steps=38437 t=0.10s
Ep 1419: len= 23 黑胜 loss=27.7887 temp=1.00 total_env_steps=38460 t=0.07s
Ep 1420: len=  4 白胜 loss=28.1990 temp=1.00 total_env_steps=38464 t=0.03s
Ep 1421: len= 12 白胜 loss=27.6484 temp=1.00 total_env_steps=38476 t=0.04s
Ep 1422: len= 49 黑胜 loss=28.0518 temp=1.00 total_env_steps=38525 t=0.12s
Ep 1423: len=  2 黑胜 loss=28.0335 temp=1.00 total_env_steps=38527 t=0.03s
Ep 1424: len=  4 黑胜 loss=27.6414 temp=1.00 total_env_steps=38531 t=0.03s
Ep 1425: len=  6 白胜 loss=27.6974 temp=1.00 total_env_steps=38537 t=0.04s
Ep 1426: len= 31 黑胜 loss=28.0129 temp=1.00 total_env_steps=38568 t=0.08s
Ep 1427: len= 45 黑胜 loss=27.9250 temp=1.00 total_env_steps=38613 t=0.10s
Ep 1428: len= 27 黑胜 loss=27.9116 temp=1.00 total_env_steps=38640 t=0.08s
Ep 1429: len=  6 白胜 loss=27.9600 temp=1.00 total_env_steps=38646 t=0.03s
Ep 1430: len= 34 黑胜 loss=27.6057 temp=1.00 total_env_steps=38680 t=0.08s
Ep 1431: len= 41 黑胜 loss=27.7141 temp=1.00 total_env_steps=38721 t=0.11s
Ep 1432: len= 37 黑胜 loss=27.8084 temp=1.00 total_env_steps=38758 t=0.10s
Ep 1433: len= 33 黑胜 loss=28.0568 temp=1.00 total_env_steps=38791 t=0.09s
Ep 1434: len= 25 黑胜 loss=27.4224 temp=1.00 total_env_steps=38816 t=0.07s
Ep 1435: len= 33 黑胜 loss=28.0106 temp=1.00 total_env_steps=38849 t=0.09s
Ep 1436: len= 33 黑胜 loss=27.8109 temp=1.00 total_env_steps=38882 t=0.09s
Ep 1437: len= 12 黑胜 loss=27.8192 temp=1.00 total_env_steps=38894 t=0.04s
Ep 1438: len= 32 白胜 loss=27.9198 temp=1.00 total_env_steps=38926 t=0.08s
Ep 1439: len= 32 白胜 loss=27.9746 temp=1.00 total_env_steps=38958 t=0.09s
Ep 1440: len= 34 白胜 loss=27.9910 temp=1.00 total_env_steps=38992 t=0.08s
Ep 1441: len= 31 黑胜 loss=27.8858 temp=1.00 total_env_steps=39023 t=0.08s
Ep 1442: len= 45 黑胜 loss=27.9866 temp=1.00 total_env_steps=39068 t=0.10s
Ep 1443: len=  4 黑胜 loss=27.6847 temp=1.00 total_env_steps=39072 t=0.03s
Ep 1444: len= 48 白胜 loss=27.9306 temp=1.00 total_env_steps=39120 t=0.12s
Ep 1445: len= 35 黑胜 loss=27.6761 temp=1.00 total_env_steps=39155 t=0.08s
Ep 1446: len= 44 白胜 loss=27.8170 temp=1.00 total_env_steps=39199 t=0.11s
Ep 1447: len= 10 白胜 loss=27.5415 temp=1.00 total_env_steps=39209 t=0.04s
Ep 1448: len= 24 黑胜 loss=27.9493 temp=1.00 total_env_steps=39233 t=0.07s
Ep 1449: len= 30 白胜 loss=27.9535 temp=1.00 total_env_steps=39263 t=0.09s
Ep 1450: len= 27 黑胜 loss=27.8178 temp=1.00 total_env_steps=39290 t=0.07s
Ep 1451: len= 31 黑胜 loss=27.3211 temp=1.00 total_env_steps=39321 t=0.09s
Ep 1452: len= 41 黑胜 loss=27.9335 temp=1.00 total_env_steps=39362 t=0.11s
Ep 1453: len= 16 白胜 loss=27.8752 temp=1.00 total_env_steps=39378 t=0.05s
Ep 1454: len= 34 白胜 loss=28.0490 temp=1.00 total_env_steps=39412 t=0.08s
Ep 1455: len= 29 黑胜 loss=28.1154 temp=1.00 total_env_steps=39441 t=0.08s
Ep 1456: len= 34 白胜 loss=27.8753 temp=1.00 total_env_steps=39475 t=0.10s
Ep 1457: len= 40 白胜 loss=27.7601 temp=1.00 total_env_steps=39515 t=0.09s
Ep 1458: len=  4 黑胜 loss=27.6518 temp=1.00 total_env_steps=39519 t=0.03s
Ep 1459: len=  4 黑胜 loss=28.0695 temp=1.00 total_env_steps=39523 t=0.03s
Ep 1460: len= 23 黑胜 loss=28.0175 temp=1.00 total_env_steps=39546 t=0.07s
Ep 1461: len= 28 白胜 loss=27.5063 temp=1.00 total_env_steps=39574 t=0.08s
Ep 1462: len= 53 黑胜 loss=27.7738 temp=1.00 total_env_steps=39627 t=0.13s
Ep 1463: len= 27 黑胜 loss=27.9123 temp=1.00 total_env_steps=39654 t=0.07s
Ep 1464: len= 33 黑胜 loss=27.9655 temp=1.00 total_env_steps=39687 t=0.09s
Ep 1465: len= 36 白胜 loss=27.9019 temp=1.00 total_env_steps=39723 t=0.09s
Ep 1466: len= 24 白胜 loss=27.7915 temp=1.00 total_env_steps=39747 t=0.07s
Ep 1467: len= 19 黑胜 loss=27.9113 temp=1.00 total_env_steps=39766 t=0.06s
Ep 1468: len= 33 黑胜 loss=27.9180 temp=1.00 total_env_steps=39799 t=0.09s
Ep 1469: len= 31 黑胜 loss=27.8035 temp=1.00 total_env_steps=39830 t=0.09s
Ep 1470: len= 21 黑胜 loss=27.8598 temp=1.00 total_env_steps=39851 t=0.06s
Ep 1471: len= 40 白胜 loss=28.0034 temp=1.00 total_env_steps=39891 t=0.11s
Ep 1472: len= 34 白胜 loss=27.8954 temp=1.00 total_env_steps=39925 t=0.09s
Ep 1473: len= 27 黑胜 loss=27.6074 temp=1.00 total_env_steps=39952 t=0.07s
Ep 1474: len= 37 黑胜 loss=27.8994 temp=1.00 total_env_steps=39989 t=0.09s
Ep 1475: len=  4 白胜 loss=27.8701 temp=1.00 total_env_steps=39993 t=0.03s
Ep 1476: len= 24 黑胜 loss=27.9862 temp=1.00 total_env_steps=40017 t=0.07s
Ep 1477: len= 10 黑胜 loss=27.6899 temp=1.00 total_env_steps=40027 t=0.04s
Ep 1478: len= 35 黑胜 loss=27.9605 temp=1.00 total_env_steps=40062 t=0.09s
Ep 1479: len= 35 黑胜 loss=27.8103 temp=1.00 total_env_steps=40097 t=0.09s
Ep 1480: len= 36 白胜 loss=27.9174 temp=1.00 total_env_steps=40133 t=0.09s
Ep 1481: len= 27 黑胜 loss=27.7930 temp=1.00 total_env_steps=40160 t=0.08s
Ep 1482: len= 33 黑胜 loss=27.8251 temp=1.00 total_env_steps=40193 t=0.09s
Ep 1483: len= 46 白胜 loss=27.9462 temp=1.00 total_env_steps=40239 t=0.10s
Ep 1484: len= 25 黑胜 loss=28.0593 temp=1.00 total_env_steps=40264 t=0.07s
Ep 1485: len= 46 白胜 loss=27.8019 temp=1.00 total_env_steps=40310 t=0.12s
Ep 1486: len=  2 白胜 loss=27.8269 temp=1.00 total_env_steps=40312 t=0.04s
Ep 1487: len= 27 黑胜 loss=27.7833 temp=1.00 total_env_steps=40339 t=0.08s
Ep 1488: len= 38 白胜 loss=27.5859 temp=1.00 total_env_steps=40377 t=0.10s
Ep 1489: len=  2 白胜 loss=27.6337 temp=1.00 total_env_steps=40379 t=0.03s
Ep 1490: len=  2 黑胜 loss=27.9705 temp=1.00 total_env_steps=40381 t=0.03s
Ep 1491: len= 37 黑胜 loss=27.8664 temp=1.00 total_env_steps=40418 t=0.10s
Ep 1492: len= 28 白胜 loss=27.9237 temp=1.00 total_env_steps=40446 t=0.08s
Ep 1493: len= 11 白胜 loss=27.7981 temp=1.00 total_env_steps=40457 t=0.04s
Ep 1494: len= 36 白胜 loss=27.8447 temp=1.00 total_env_steps=40493 t=0.09s
Ep 1495: len= 33 黑胜 loss=27.8292 temp=1.00 total_env_steps=40526 t=0.08s
Ep 1496: len= 30 白胜 loss=27.7563 temp=1.00 total_env_steps=40556 t=0.07s
Ep 1497: len= 23 黑胜 loss=28.0860 temp=1.00 total_env_steps=40579 t=0.07s
Ep 1498: len=  6 黑胜 loss=27.8303 temp=1.00 total_env_steps=40585 t=0.03s
Ep 1499: len= 34 白胜 loss=27.6126 temp=1.00 total_env_steps=40619 t=0.08s
Ep 1500: len= 43 白胜 loss=27.8301 temp=1.00 total_env_steps=40662 t=0.09s
Ep 1501: len=  8 黑胜 loss=27.4862 temp=1.00 total_env_steps=40670 t=0.03s
Ep 1502: len=  8 黑胜 loss=27.8298 temp=1.00 total_env_steps=40678 t=0.03s
Ep 1503: len= 47 黑胜 loss=28.0253 temp=1.00 total_env_steps=40725 t=0.10s
Ep 1504: len=  4 白胜 loss=27.9451 temp=1.00 total_env_steps=40729 t=0.03s
Ep 1505: len= 28 白胜 loss=27.7200 temp=1.00 total_env_steps=40757 t=0.07s
Ep 1506: len= 45 黑胜 loss=27.7552 temp=1.00 total_env_steps=40802 t=0.10s
Ep 1507: len= 12 白胜 loss=27.8412 temp=1.00 total_env_steps=40814 t=0.04s
Ep 1508: len= 25 黑胜 loss=28.1807 temp=1.00 total_env_steps=40839 t=0.06s
Ep 1509: len= 37 黑胜 loss=27.6788 temp=1.00 total_env_steps=40876 t=0.09s
Ep 1510: len= 20 白胜 loss=27.8850 temp=1.00 total_env_steps=40896 t=0.05s
Ep 1511: len= 22 白胜 loss=27.8219 temp=1.00 total_env_steps=40918 t=0.06s
Ep 1512: len= 24 白胜 loss=27.9026 temp=1.00 total_env_steps=40942 t=0.06s
Ep 1513: len= 32 白胜 loss=27.7923 temp=1.00 total_env_steps=40974 t=0.08s
Ep 1514: len= 19 黑胜 loss=28.1445 temp=1.00 total_env_steps=40993 t=0.05s
Ep 1515: len= 21 黑胜 loss=27.7559 temp=1.00 total_env_steps=41014 t=0.06s
Ep 1516: len= 36 白胜 loss=28.0143 temp=1.00 total_env_steps=41050 t=0.09s
Ep 1517: len= 51 黑胜 loss=27.8728 temp=1.00 total_env_steps=41101 t=0.12s
Ep 1518: len= 40 白胜 loss=27.6452 temp=1.00 total_env_steps=41141 t=0.10s
Ep 1519: len= 23 黑胜 loss=27.9912 temp=1.00 total_env_steps=41164 t=0.06s
Ep 1520: len=  4 黑胜 loss=28.1639 temp=1.00 total_env_steps=41168 t=0.03s
Ep 1521: len= 42 白胜 loss=27.8187 temp=1.00 total_env_steps=41210 t=0.09s
Ep 1522: len= 29 黑胜 loss=28.0200 temp=1.00 total_env_steps=41239 t=0.08s
Ep 1523: len= 25 黑胜 loss=28.0594 temp=1.00 total_env_steps=41264 t=0.06s
Ep 1524: len= 31 黑胜 loss=28.1584 temp=1.00 total_env_steps=41295 t=0.08s
Ep 1525: len= 43 黑胜 loss=27.7215 temp=1.00 total_env_steps=41338 t=0.11s
Ep 1526: len= 27 黑胜 loss=27.6996 temp=1.00 total_env_steps=41365 t=0.07s
Ep 1527: len= 22 白胜 loss=28.2870 temp=1.00 total_env_steps=41387 t=0.07s
Ep 1528: len= 37 黑胜 loss=27.9304 temp=1.00 total_env_steps=41424 t=0.09s
Ep 1529: len=  6 黑胜 loss=28.0119 temp=1.00 total_env_steps=41430 t=0.03s
Ep 1530: len= 29 黑胜 loss=27.7761 temp=1.00 total_env_steps=41459 t=0.07s
Ep 1531: len= 29 黑胜 loss=27.8971 temp=1.00 total_env_steps=41488 t=0.07s
Ep 1532: len= 35 黑胜 loss=27.8548 temp=1.00 total_env_steps=41523 t=0.08s
Ep 1533: len= 33 黑胜 loss=27.9461 temp=1.00 total_env_steps=41556 t=0.09s
Ep 1534: len= 19 黑胜 loss=27.7406 temp=1.00 total_env_steps=41575 t=0.06s
Ep 1535: len= 12 白胜 loss=27.8850 temp=1.00 total_env_steps=41587 t=0.05s
Ep 1536: len= 43 黑胜 loss=27.6403 temp=1.00 total_env_steps=41630 t=0.10s
Ep 1537: len= 43 黑胜 loss=27.7765 temp=1.00 total_env_steps=41673 t=0.10s
Ep 1538: len= 21 黑胜 loss=27.9585 temp=1.00 total_env_steps=41694 t=0.06s
Ep 1539: len= 43 黑胜 loss=28.0491 temp=1.00 total_env_steps=41737 t=0.10s
Ep 1540: len= 37 黑胜 loss=27.7107 temp=1.00 total_env_steps=41774 t=0.09s
Ep 1541: len= 36 白胜 loss=27.8312 temp=1.00 total_env_steps=41810 t=0.09s
Ep 1542: len= 30 白胜 loss=27.6936 temp=1.00 total_env_steps=41840 t=0.08s
Ep 1543: len= 24 白胜 loss=28.1436 temp=1.00 total_env_steps=41864 t=0.07s
Ep 1544: len= 31 黑胜 loss=28.0446 temp=1.00 total_env_steps=41895 t=0.08s
Ep 1545: len= 42 白胜 loss=27.9995 temp=1.00 total_env_steps=41937 t=0.09s
Ep 1546: len= 19 黑胜 loss=28.1601 temp=1.00 total_env_steps=41956 t=0.05s
Ep 1547: len= 25 白胜 loss=27.8048 temp=1.00 total_env_steps=41981 t=0.07s
Ep 1548: len= 27 黑胜 loss=27.9043 temp=1.00 total_env_steps=42008 t=0.07s
Ep 1549: len= 20 白胜 loss=27.7115 temp=1.00 total_env_steps=42028 t=0.06s
Ep 1550: len= 28 白胜 loss=27.6637 temp=1.00 total_env_steps=42056 t=0.07s
Ep 1551: len= 13 黑胜 loss=27.8131 temp=1.00 total_env_steps=42069 t=0.05s
Ep 1552: len= 45 黑胜 loss=27.8422 temp=1.00 total_env_steps=42114 t=0.11s
Ep 1553: len= 16 白胜 loss=27.8547 temp=1.00 total_env_steps=42130 t=0.05s
Ep 1554: len= 39 黑胜 loss=27.7723 temp=1.00 total_env_steps=42169 t=0.09s
Ep 1555: len= 33 白胜 loss=27.6351 temp=1.00 total_env_steps=42202 t=0.09s
Ep 1556: len= 37 黑胜 loss=27.8885 temp=1.00 total_env_steps=42239 t=0.08s
Ep 1557: len= 37 黑胜 loss=27.8352 temp=1.00 total_env_steps=42276 t=0.09s
Ep 1558: len= 54 白胜 loss=28.0395 temp=1.00 total_env_steps=42330 t=0.12s
Ep 1559: len= 39 黑胜 loss=27.8547 temp=1.00 total_env_steps=42369 t=0.09s
Ep 1560: len= 33 黑胜 loss=27.6531 temp=1.00 total_env_steps=42402 t=0.07s
Ep 1561: len=  4 黑胜 loss=27.5805 temp=1.00 total_env_steps=42406 t=0.03s
Ep 1562: len= 17 黑胜 loss=27.9550 temp=1.00 total_env_steps=42423 t=0.05s
Ep 1563: len= 25 黑胜 loss=27.8632 temp=1.00 total_env_steps=42448 t=0.06s
Ep 1564: len=  2 黑胜 loss=27.9057 temp=1.00 total_env_steps=42450 t=0.02s
Ep 1565: len= 43 黑胜 loss=27.9906 temp=1.00 total_env_steps=42493 t=0.09s
Ep 1566: len= 21 黑胜 loss=27.9152 temp=1.00 total_env_steps=42514 t=0.06s
Ep 1567: len= 23 黑胜 loss=27.9470 temp=1.00 total_env_steps=42537 t=0.06s
Ep 1568: len= 45 黑胜 loss=27.7812 temp=1.00 total_env_steps=42582 t=0.10s
Ep 1569: len= 19 黑胜 loss=27.9203 temp=1.00 total_env_steps=42601 t=0.05s
Ep 1570: len= 46 白胜 loss=27.7897 temp=1.00 total_env_steps=42647 t=0.10s
Ep 1571: len= 44 白胜 loss=28.0244 temp=1.00 total_env_steps=42691 t=0.09s
Ep 1572: len= 18 黑胜 loss=28.0133 temp=1.00 total_env_steps=42709 t=0.05s
Ep 1573: len=  6 白胜 loss=27.7633 temp=1.00 total_env_steps=42715 t=0.03s
Ep 1574: len= 32 白胜 loss=28.0050 temp=1.00 total_env_steps=42747 t=0.09s
Ep 1575: len= 10 黑胜 loss=27.9111 temp=1.00 total_env_steps=42757 t=0.04s
Ep 1576: len= 41 黑胜 loss=27.7181 temp=1.00 total_env_steps=42798 t=0.09s
Ep 1577: len= 29 黑胜 loss=27.9400 temp=1.00 total_env_steps=42827 t=0.07s
Ep 1578: len= 43 黑胜 loss=28.0798 temp=1.00 total_env_steps=42870 t=0.09s
Ep 1579: len= 38 白胜 loss=27.8458 temp=1.00 total_env_steps=42908 t=0.09s
Ep 1580: len= 35 黑胜 loss=27.9410 temp=1.00 total_env_steps=42943 t=0.08s
Ep 1581: len= 23 黑胜 loss=27.9714 temp=1.00 total_env_steps=42966 t=0.06s
Ep 1582: len= 15 黑胜 loss=27.9058 temp=1.00 total_env_steps=42981 t=0.04s
Ep 1583: len= 40 白胜 loss=27.9872 temp=1.00 total_env_steps=43021 t=0.09s
Ep 1584: len= 21 黑胜 loss=27.6159 temp=1.00 total_env_steps=43042 t=0.05s
Ep 1585: len= 42 白胜 loss=27.9658 temp=1.00 total_env_steps=43084 t=0.09s
Ep 1586: len= 23 黑胜 loss=28.1588 temp=1.00 total_env_steps=43107 t=0.06s
Ep 1587: len= 31 黑胜 loss=27.9476 temp=1.00 total_env_steps=43138 t=0.07s
Ep 1588: len= 30 白胜 loss=27.8914 temp=1.00 total_env_steps=43168 t=0.07s
Ep 1589: len= 66 白胜 loss=28.1324 temp=1.00 total_env_steps=43234 t=0.13s
Ep 1590: len= 51 黑胜 loss=28.0324 temp=1.00 total_env_steps=43285 t=0.11s
Ep 1591: len= 33 黑胜 loss=27.8005 temp=1.00 total_env_steps=43318 t=0.08s
Ep 1592: len= 28 白胜 loss=27.7204 temp=1.00 total_env_steps=43346 t=0.07s
Ep 1593: len= 44 白胜 loss=27.8383 temp=1.00 total_env_steps=43390 t=0.09s
Ep 1594: len= 41 黑胜 loss=27.8690 temp=1.00 total_env_steps=43431 t=0.09s
Ep 1595: len= 21 黑胜 loss=27.7454 temp=1.00 total_env_steps=43452 t=0.06s
Ep 1596: len= 38 白胜 loss=27.8115 temp=1.00 total_env_steps=43490 t=0.09s
Ep 1597: len= 12 白胜 loss=27.9085 temp=1.00 total_env_steps=43502 t=0.04s
Ep 1598: len= 23 黑胜 loss=27.8012 temp=1.00 total_env_steps=43525 t=0.06s
Ep 1599: len= 36 白胜 loss=27.7972 temp=1.00 total_env_steps=43561 t=0.08s
Ep 1600: len= 37 黑胜 loss=28.0427 temp=1.00 total_env_steps=43598 t=0.08s
  eval vs Gomoku-random-v0: win_rate=1.00 mean_return=1.00（20 局，total_env_steps=43598）
Ep 1601: len= 37 黑胜 loss=27.6705 temp=1.00 total_env_steps=43635 t=0.10s
Ep 1602: len= 47 黑胜 loss=27.5287 temp=1.00 total_env_steps=43682 t=0.11s
Ep 1603: len= 32 白胜 loss=27.8766 temp=1.00 total_env_steps=43714 t=0.08s
Ep 1604: len= 49 黑胜 loss=27.7978 temp=1.00 total_env_steps=43763 t=0.11s
Ep 1605: len= 19 黑胜 loss=27.6671 temp=1.00 total_env_steps=43782 t=0.06s
Ep 1606: len= 36 白胜 loss=27.6080 temp=1.00 total_env_steps=43818 t=0.09s
Ep 1607: len=  6 白胜 loss=27.8476 temp=1.00 total_env_steps=43824 t=0.03s
Ep 1608: len= 42 白胜 loss=27.6760 temp=1.00 total_env_steps=43866 t=0.10s
Ep 1609: len= 14 白胜 loss=28.0206 temp=1.00 total_env_steps=43880 t=0.05s
Ep 1610: len= 19 黑胜 loss=27.9781 temp=1.00 total_env_steps=43899 t=0.05s
Ep 1611: len= 35 黑胜 loss=27.9893 temp=1.00 total_env_steps=43934 t=0.09s
Ep 1612: len= 15 黑胜 loss=28.1565 temp=1.00 total_env_steps=43949 t=0.05s
Ep 1613: len=  2 白胜 loss=27.9304 temp=1.00 total_env_steps=43951 t=0.03s
Ep 1614: len= 19 黑胜 loss=27.7182 temp=1.00 total_env_steps=43970 t=0.06s
Ep 1615: len= 51 黑胜 loss=28.0387 temp=1.00 total_env_steps=44021 t=0.11s
Ep 1616: len= 10 黑胜 loss=27.6550 temp=1.00 total_env_steps=44031 t=0.04s
Ep 1617: len=  2 白胜 loss=28.1520 temp=1.00 total_env_steps=44033 t=0.03s
Ep 1618: len= 29 黑胜 loss=27.9371 temp=1.00 total_env_steps=44062 t=0.08s
Ep 1619: len= 37 黑胜 loss=28.0703 temp=1.00 total_env_steps=44099 t=0.09s
Ep 1620: len=  2 白胜 loss=28.0931 temp=1.00 total_env_steps=44101 t=0.02s
Ep 1621: len= 32 白胜 loss=27.9277 temp=1.00 total_env_steps=44133 t=0.08s
Ep 1622: len= 39 黑胜 loss=27.8442 temp=1.00 total_env_steps=44172 t=0.10s
Ep 1623: len= 23 白胜 loss=27.8298 temp=1.00 total_env_steps=44195 t=0.07s
Ep 1624: len= 17 白胜 loss=28.0563 temp=1.00 total_env_steps=44212 t=0.06s
Ep 1625: len= 33 黑胜 loss=27.7532 temp=1.00 total_env_steps=44245 t=0.08s
Ep 1626: len= 32 黑胜 loss=27.9396 temp=1.00 total_env_steps=44277 t=0.07s
Ep 1627: len= 31 黑胜 loss=28.0985 temp=1.00 total_env_steps=44308 t=0.07s
Ep 1628: len= 43 黑胜 loss=27.6419 temp=1.00 total_env_steps=44351 t=0.10s
Ep 1629: len= 33 黑胜 loss=27.7582 temp=1.00 total_env_steps=44384 t=0.08s
Ep 1630: len= 35 黑胜 loss=27.6326 temp=1.00 total_env_steps=44419 t=0.09s
Ep 1631: len= 31 黑胜 loss=27.8151 temp=1.00 total_env_steps=44450 t=0.08s
Ep 1632: len= 51 黑胜 loss=27.8764 temp=1.00 total_env_steps=44501 t=0.11s
Ep 1633: len= 27 黑胜 loss=27.8372 temp=1.00 total_env_steps=44528 t=0.07s
Ep 1634: len= 23 黑胜 loss=28.0947 temp=1.00 total_env_steps=44551 t=0.06s
Ep 1635: len= 38 白胜 loss=27.9341 temp=1.00 total_env_steps=44589 t=0.10s
Ep 1636: len= 21 黑胜 loss=27.9802 temp=1.00 total_env_steps=44610 t=0.07s
Ep 1637: len= 35 白胜 loss=28.0624 temp=1.00 total_env_steps=44645 t=0.09s
Ep 1638: len= 18 黑胜 loss=28.0329 temp=1.00 total_env_steps=44663 t=0.06s
Ep 1639: len=  2 白胜 loss=27.8891 temp=1.00 total_env_steps=44665 t=0.03s
Ep 1640: len=  4 黑胜 loss=27.8671 temp=1.00 total_env_steps=44669 t=0.03s
Ep 1641: len=  9 黑胜 loss=27.8069 temp=1.00 total_env_steps=44678 t=0.04s
Ep 1642: len= 36 黑胜 loss=27.6645 temp=1.00 total_env_steps=44714 t=0.09s
Ep 1643: len= 20 黑胜 loss=27.7755 temp=1.00 total_env_steps=44734 t=0.06s
Ep 1644: len= 14 白胜 loss=27.9482 temp=1.00 total_env_steps=44748 t=0.05s
Ep 1645: len= 34 白胜 loss=28.0518 temp=1.00 total_env_steps=44782 t=0.08s
Ep 1646: len= 29 黑胜 loss=27.8074 temp=1.00 total_env_steps=44811 t=0.07s
Ep 1647: len= 21 黑胜 loss=27.9720 temp=1.00 total_env_steps=44832 t=0.07s
Ep 1648: len= 20 白胜 loss=27.9268 temp=1.00 total_env_steps=44852 t=0.05s
Ep 1649: len= 41 黑胜 loss=27.7210 temp=1.00 total_env_steps=44893 t=0.10s
Ep 1650: len= 22 白胜 loss=27.8227 temp=1.00 total_env_steps=44915 t=0.06s
Ep 1651: len= 16 黑胜 loss=27.6816 temp=1.00 total_env_steps=44931 t=0.06s
Ep 1652: len= 22 白胜 loss=27.9167 temp=1.00 total_env_steps=44953 t=0.09s
Ep 1653: len= 30 黑胜 loss=27.8844 temp=1.00 total_env_steps=44983 t=0.09s
Ep 1654: len= 33 黑胜 loss=27.8995 temp=1.00 total_env_steps=45016 t=0.09s
Ep 1655: len= 34 白胜 loss=28.0937 temp=1.00 total_env_steps=45050 t=0.08s
Ep 1656: len= 25 黑胜 loss=27.9417 temp=1.00 total_env_steps=45075 t=0.07s
Ep 1657: len=  2 白胜 loss=27.8196 temp=1.00 total_env_steps=45077 t=0.02s
Ep 1658: len= 37 黑胜 loss=27.6666 temp=1.00 total_env_steps=45114 t=0.08s
Ep 1659: len= 45 黑胜 loss=27.8599 temp=1.00 total_env_steps=45159 t=0.11s
Ep 1660: len= 23 黑胜 loss=27.7488 temp=1.00 total_env_steps=45182 t=0.07s
Ep 1661: len= 12 黑胜 loss=27.9218 temp=1.00 total_env_steps=45194 t=0.04s
Ep 1662: len= 35 黑胜 loss=27.8333 temp=1.00 total_env_steps=45229 t=0.09s
Ep 1663: len= 46 白胜 loss=27.5647 temp=1.00 total_env_steps=45275 t=0.10s
Ep 1664: len= 28 白胜 loss=27.8170 temp=1.00 total_env_steps=45303 t=0.07s
Ep 1665: len=  2 黑胜 loss=28.1288 temp=1.00 total_env_steps=45305 t=0.03s
Ep 1666: len= 29 黑胜 loss=28.1381 temp=1.00 total_env_steps=45334 t=0.10s
Ep 1667: len= 21 黑胜 loss=28.2232 temp=1.00 total_env_steps=45355 t=0.07s
Ep 1668: len=  4 黑胜 loss=28.0136 temp=1.00 total_env_steps=45359 t=0.03s
Ep 1669: len= 51 黑胜 loss=27.8930 temp=1.00 total_env_steps=45410 t=0.12s
Ep 1670: len= 27 黑胜 loss=28.0308 temp=1.00 total_env_steps=45437 t=0.08s
Ep 1671: len= 15 黑胜 loss=27.9512 temp=1.00 total_env_steps=45452 t=0.05s
Ep 1672: len= 23 黑胜 loss=27.8155 temp=1.00 total_env_steps=45475 t=0.07s
Ep 1673: len= 48 白胜 loss=27.8343 temp=1.00 total_env_steps=45523 t=0.12s
Ep 1674: len= 37 黑胜 loss=27.7977 temp=1.00 total_env_steps=45560 t=0.10s
Ep 1675: len= 25 黑胜 loss=27.7467 temp=1.00 total_env_steps=45585 t=0.08s
Ep 1676: len= 42 白胜 loss=28.2214 temp=1.00 total_env_steps=45627 t=0.12s
Ep 1677: len= 28 白胜 loss=27.5188 temp=1.00 total_env_steps=45655 t=0.08s
Ep 1678: len= 28 白胜 loss=28.0436 temp=1.00 total_env_steps=45683 t=0.08s
Ep 1679: len= 38 白胜 loss=27.9032 temp=1.00 total_env_steps=45721 t=0.11s
Ep 1680: len=  4 白胜 loss=27.7605 temp=1.00 total_env_steps=45725 t=0.04s
Ep 1681: len= 29 黑胜 loss=27.8241 temp=1.00 total_env_steps=45754 t=0.09s
Ep 1682: len= 36 白胜 loss=27.9550 temp=1.00 total_env_steps=45790 t=0.10s
Ep 1683: len= 27 黑胜 loss=27.8803 temp=1.00 total_env_steps=45817 t=0.09s
Ep 1684: len= 33 白胜 loss=27.8255 temp=1.00 total_env_steps=45850 t=0.10s
Ep 1685: len= 21 黑胜 loss=28.0459 temp=1.00 total_env_steps=45871 t=0.08s
Ep 1686: len= 22 白胜 loss=28.2604 temp=1.00 total_env_steps=45893 t=0.09s
Ep 1687: len= 19 黑胜 loss=27.7591 temp=1.00 total_env_steps=45912 t=0.07s
Ep 1688: len= 20 白胜 loss=27.7238 temp=1.00 total_env_steps=45932 t=0.07s
Ep 1689: len= 27 黑胜 loss=27.8806 temp=1.00 total_env_steps=45959 t=0.09s
Ep 1690: len= 29 黑胜 loss=27.9319 temp=1.00 total_env_steps=45988 t=0.09s
Ep 1691: len= 37 黑胜 loss=27.7580 temp=1.00 total_env_steps=46025 t=0.11s
Ep 1692: len=  2 白胜 loss=28.2184 temp=1.00 total_env_steps=46027 t=0.03s
Ep 1693: len= 28 白胜 loss=27.7562 temp=1.00 total_env_steps=46055 t=0.09s
Ep 1694: len= 37 黑胜 loss=27.6859 temp=1.00 total_env_steps=46092 t=0.10s
Ep 1695: len= 25 黑胜 loss=28.1328 temp=1.00 total_env_steps=46117 t=0.08s
Ep 1696: len= 31 黑胜 loss=27.8103 temp=1.00 total_env_steps=46148 t=0.09s
Ep 1697: len= 13 黑胜 loss=27.7221 temp=1.00 total_env_steps=46161 t=0.05s
Ep 1698: len= 23 黑胜 loss=27.7620 temp=1.00 total_env_steps=46184 t=0.08s
Ep 1699: len= 22 黑胜 loss=28.0486 temp=1.00 total_env_steps=46206 t=0.11s
Ep 1700: len= 40 白胜 loss=28.0413 temp=1.00 total_env_steps=46246 t=0.16s
Ep 1701: len= 41 黑胜 loss=28.0521 temp=1.00 total_env_steps=46287 t=0.13s
Ep 1702: len= 25 黑胜 loss=27.7514 temp=1.00 total_env_steps=46312 t=0.09s
Ep 1703: len= 31 白胜 loss=27.9497 temp=1.00 total_env_steps=46343 t=0.09s
Ep 1704: len= 35 黑胜 loss=27.9955 temp=1.00 total_env_steps=46378 t=0.11s
Ep 1705: len= 12 黑胜 loss=28.1099 temp=1.00 total_env_steps=46390 t=0.05s
Ep 1706: len=  2 黑胜 loss=28.0919 temp=1.00 total_env_steps=46392 t=0.03s
Ep 1707: len=  4 白胜 loss=27.6795 temp=1.00 total_env_steps=46396 t=0.03s
Ep 1708: len= 23 白胜 loss=27.8038 temp=1.00 total_env_steps=46419 t=0.07s
Ep 1709: len= 16 白胜 loss=27.9308 temp=1.00 total_env_steps=46435 t=0.06s
Ep 1710: len=  6 白胜 loss=27.8979 temp=1.00 total_env_steps=46441 t=0.04s
Ep 1711: len= 23 黑胜 loss=27.8153 temp=1.00 total_env_steps=46464 t=0.07s
Ep 1712: len= 20 黑胜 loss=27.9914 temp=1.00 total_env_steps=46484 t=0.07s
Ep 1713: len=  6 黑胜 loss=27.8887 temp=1.00 total_env_steps=46490 t=0.04s
Ep 1714: len= 38 白胜 loss=27.7918 temp=1.00 total_env_steps=46528 t=0.11s
Ep 1715: len= 27 黑胜 loss=28.0311 temp=1.00 total_env_steps=46555 t=0.09s
Ep 1716: len= 33 黑胜 loss=28.0664 temp=1.00 total_env_steps=46588 t=0.10s
Ep 1717: len= 37 黑胜 loss=27.7113 temp=1.00 total_env_steps=46625 t=0.10s
Ep 1718: len= 24 黑胜 loss=27.7139 temp=1.00 total_env_steps=46649 t=0.08s
Ep 1719: len=  6 白胜 loss=27.7978 temp=1.00 total_env_steps=46655 t=0.04s
Ep 1720: len= 29 黑胜 loss=27.8378 temp=1.00 total_env_steps=46684 t=0.09s
Ep 1721: len= 24 白胜 loss=27.8139 temp=1.00 total_env_steps=46708 t=0.08s
Ep 1722: len= 44 白胜 loss=27.7657 temp=1.00 total_env_steps=46752 t=0.12s
Ep 1723: len= 22 白胜 loss=28.0589 temp=1.00 total_env_steps=46774 t=0.08s
Ep 1724: len= 26 白胜 loss=28.0647 temp=1.00 total_env_steps=46800 t=0.08s
Ep 1725: len= 36 白胜 loss=27.8049 temp=1.00 total_env_steps=46836 t=0.10s
Ep 1726: len= 31 黑胜 loss=27.9362 temp=1.00 total_env_steps=46867 t=0.09s
Ep 1727: len= 46 白胜 loss=28.0299 temp=1.00 total_env_steps=46913 t=0.14s
Ep 1728: len= 43 黑胜 loss=28.0851 temp=1.00 total_env_steps=46956 t=0.12s
Ep 1729: len=  6 黑胜 loss=27.8676 temp=1.00 total_env_steps=46962 t=0.03s
Ep 1730: len= 17 黑胜 loss=27.7010 temp=1.00 total_env_steps=46979 t=0.06s
Ep 1731: len= 24 白胜 loss=27.7759 temp=1.00 total_env_steps=47003 t=0.08s
Ep 1732: len= 25 黑胜 loss=27.7837 temp=1.00 total_env_steps=47028 t=0.08s
Ep 1733: len= 17 黑胜 loss=27.6785 temp=1.00 total_env_steps=47045 t=0.06s
Ep 1734: len= 13 黑胜 loss=27.8800 temp=1.00 total_env_steps=47058 t=0.05s
Ep 1735: len= 21 黑胜 loss=27.9073 temp=1.00 total_env_steps=47079 t=0.07s
Ep 1736: len= 29 黑胜 loss=28.0495 temp=1.00 total_env_steps=47108 t=0.08s
Ep 1737: len=  4 黑胜 loss=27.5701 temp=1.00 total_env_steps=47112 t=0.03s
Ep 1738: len= 32 白胜 loss=27.7852 temp=1.00 total_env_steps=47144 t=0.09s
Ep 1739: len= 23 黑胜 loss=27.6463 temp=1.00 total_env_steps=47167 t=0.07s
Ep 1740: len= 46 白胜 loss=27.5292 temp=1.00 total_env_steps=47213 t=0.12s
Ep 1741: len= 25 黑胜 loss=27.5054 temp=1.00 total_env_steps=47238 t=0.08s
Ep 1742: len= 16 黑胜 loss=27.7288 temp=1.00 total_env_steps=47254 t=0.06s
Ep 1743: len= 43 黑胜 loss=27.8775 temp=1.00 total_env_steps=47297 t=0.11s
Ep 1744: len= 23 黑胜 loss=28.0392 temp=1.00 total_env_steps=47320 t=0.07s
Ep 1745: len= 19 黑胜 loss=27.6154 temp=1.00 total_env_steps=47339 t=0.07s
Ep 1746: len= 28 黑胜 loss=27.7796 temp=1.00 total_env_steps=47367 t=0.09s
Ep 1747: len=  8 黑胜 loss=28.0785 temp=1.00 total_env_steps=47375 t=0.04s
Ep 1748: len= 40 白胜 loss=28.0869 temp=1.00 total_env_steps=47415 t=0.11s
Ep 1749: len= 23 白胜 loss=27.9880 temp=1.00 total_env_steps=47438 t=0.09s
Ep 1750: len= 15 黑胜 loss=27.6649 temp=1.00 total_env_steps=47453 t=0.06s
Ep 1751: len= 21 黑胜 loss=27.8231 temp=1.00 total_env_steps=47474 t=0.08s
Ep 1752: len= 17 黑胜 loss=27.8080 temp=1.00 total_env_steps=47491 t=0.07s
Ep 1753: len= 10 白胜 loss=27.6772 temp=1.00 total_env_steps=47501 t=0.05s
Ep 1754: len= 25 黑胜 loss=27.9513 temp=1.00 total_env_steps=47526 t=0.10s
Ep 1755: len= 23 黑胜 loss=27.8943 temp=1.00 total_env_steps=47549 t=0.08s
Ep 1756: len= 43 黑胜 loss=27.7708 temp=1.00 total_env_steps=47592 t=0.12s
Ep 1757: len=  6 黑胜 loss=27.7950 temp=1.00 total_env_steps=47598 t=0.04s
Ep 1758: len= 23 黑胜 loss=27.7791 temp=1.00 total_env_steps=47621 t=0.08s
Ep 1759: len= 47 黑胜 loss=27.7875 temp=1.00 total_env_steps=47668 t=0.16s
Ep 1760: len=  2 黑胜 loss=27.7895 temp=1.00 total_env_steps=47670 t=0.03s
Ep 1761: len= 38 白胜 loss=27.7524 temp=1.00 total_env_steps=47708 t=0.14s
Ep 1762: len= 45 黑胜 loss=27.7007 temp=1.00 total_env_steps=47753 t=0.38s
Ep 1763: len= 26 白胜 loss=27.7714 temp=1.00 total_env_steps=47779 t=0.27s
Ep 1764: len= 33 黑胜 loss=27.8437 temp=1.00 total_env_steps=47812 t=0.25s
Ep 1765: len= 29 黑胜 loss=28.0186 temp=1.00 total_env_steps=47841 t=0.38s
Ep 1766: len= 32 白胜 loss=27.6756 temp=1.00 total_env_steps=47873 t=0.30s
Ep 1767: len= 28 白胜 loss=27.4978 temp=1.00 total_env_steps=47901 t=0.25s
Ep 1768: len= 24 白胜 loss=27.6809 temp=1.00 total_env_steps=47925 t=0.18s
Ep 1769: len= 31 黑胜 loss=27.8071 temp=1.00 total_env_steps=47956 t=0.28s
Ep 1770: len= 29 黑胜 loss=28.1142 temp=1.00 total_env_steps=47985 t=0.27s
Ep 1771: len= 35 黑胜 loss=28.0173 temp=1.00 total_env_steps=48020 t=0.36s
Ep 1772: len= 31 黑胜 loss=27.9258 temp=1.00 total_env_steps=48051 t=0.31s
Ep 1773: len= 17 黑胜 loss=27.6381 temp=1.00 total_env_steps=48068 t=0.25s
Ep 1774: len= 42 白胜 loss=27.7549 temp=1.00 total_env_steps=48110 t=0.40s
Ep 1775: len= 25 黑胜 loss=27.6274 temp=1.00 total_env_steps=48135 t=0.29s
Ep 1776: len= 39 黑胜 loss=28.0203 temp=1.00 total_env_steps=48174 t=0.39s
Ep 1777: len= 21 黑胜 loss=27.7960 temp=1.00 total_env_steps=48195 t=0.23s
Ep 1778: len= 19 黑胜 loss=27.8083 temp=1.00 total_env_steps=48214 t=0.21s
Ep 1779: len= 15 黑胜 loss=27.8689 temp=1.00 total_env_steps=48229 t=0.22s
Ep 1780: len= 38 白胜 loss=27.6059 temp=1.00 total_env_steps=48267 t=0.49s
Ep 1781: len= 19 黑胜 loss=27.8012 temp=1.00 total_env_steps=48286 t=0.25s
Ep 1782: len= 29 黑胜 loss=27.7141 temp=1.00 total_env_steps=48315 t=0.24s
Ep 1783: len= 11 黑胜 loss=27.8242 temp=1.00 total_env_steps=48326 t=0.19s
Ep 1784: len= 21 黑胜 loss=27.6562 temp=1.00 total_env_steps=48347 t=0.34s
Ep 1785: len= 15 黑胜 loss=27.9557 temp=1.00 total_env_steps=48362 t=0.13s
Ep 1786: len= 21 黑胜 loss=28.0280 temp=1.00 total_env_steps=48383 t=0.22s
Ep 1787: len= 25 黑胜 loss=27.5494 temp=1.00 total_env_steps=48408 t=0.40s
Ep 1788: len= 30 白胜 loss=27.9394 temp=1.00 total_env_steps=48438 t=0.34s
Ep 1789: len= 35 黑胜 loss=28.0134 temp=1.00 total_env_steps=48473 t=0.40s
Ep 1790: len= 41 黑胜 loss=27.9059 temp=1.00 total_env_steps=48514 t=0.36s
Ep 1791: len=  2 黑胜 loss=27.9462 temp=1.00 total_env_steps=48516 t=0.15s
Ep 1792: len=  2 白胜 loss=27.9295 temp=1.00 total_env_steps=48518 t=0.18s
Ep 1793: len= 50 白胜 loss=27.7388 temp=1.00 total_env_steps=48568 t=0.32s
Ep 1794: len= 42 白胜 loss=27.9024 temp=1.00 total_env_steps=48610 t=0.28s
Ep 1795: len= 37 黑胜 loss=27.7212 temp=1.00 total_env_steps=48647 t=0.35s
Ep 1796: len= 37 黑胜 loss=27.9332 temp=1.00 total_env_steps=48684 t=0.22s
Ep 1797: len= 16 黑胜 loss=27.7689 temp=1.00 total_env_steps=48700 t=0.20s
Ep 1798: len= 38 白胜 loss=27.8408 temp=1.00 total_env_steps=48738 t=0.32s
Ep 1799: len= 19 黑胜 loss=27.6916 temp=1.00 total_env_steps=48757 t=0.17s
Ep 1800: len= 35 黑胜 loss=27.8112 temp=1.00 total_env_steps=48792 t=0.26s
  eval vs Gomoku-random-v0: win_rate=1.00 mean_return=1.00（20 局，total_env_steps=48792）
Ep 1801: len= 26 白胜 loss=27.8850 temp=1.00 total_env_steps=48818 t=0.18s
Ep 1802: len= 38 白胜 loss=27.7909 temp=1.00 total_env_steps=48856 t=0.27s
Ep 1803: len= 29 黑胜 loss=27.7059 temp=1.00 total_env_steps=48885 t=0.20s
Ep 1804: len= 17 黑胜 loss=27.5481 temp=1.00 total_env_steps=48902 t=0.15s
Ep 1805: len= 43 黑胜 loss=27.8074 temp=1.00 total_env_steps=48945 t=0.27s
Ep 1806: len= 42 白胜 loss=27.5747 temp=1.00 total_env_steps=48987 t=0.29s
Ep 1807: len=  6 白胜 loss=27.8728 temp=1.00 total_env_steps=48993 t=0.12s
Ep 1808: len= 42 白胜 loss=27.7902 temp=1.00 total_env_steps=49035 t=0.23s
Ep 1809: len= 18 白胜 loss=27.3757 temp=1.00 total_env_steps=49053 t=0.08s
Ep 1810: len=  4 白胜 loss=27.7828 temp=1.00 total_env_steps=49057 t=0.04s
Ep 1811: len= 42 白胜 loss=27.8480 temp=1.00 total_env_steps=49099 t=0.14s
Ep 1812: len= 35 黑胜 loss=27.8810 temp=1.00 total_env_steps=49134 t=0.11s
Ep 1813: len= 44 白胜 loss=27.8846 temp=1.00 total_env_steps=49178 t=0.14s
Ep 1814: len= 33 黑胜 loss=27.8018 temp=1.00 total_env_steps=49211 t=0.13s
Ep 1815: len= 33 黑胜 loss=27.8371 temp=1.00 total_env_steps=49244 t=0.11s
Ep 1816: len= 26 黑胜 loss=27.6739 temp=1.00 total_env_steps=49270 t=0.11s
Ep 1817: len= 29 白胜 loss=27.5532 temp=1.00 total_env_steps=49299 t=0.12s
Ep 1818: len= 38 白胜 loss=28.1649 temp=1.00 total_env_steps=49337 t=0.12s
Ep 1819: len= 33 黑胜 loss=27.8356 temp=1.00 total_env_steps=49370 t=0.11s
Ep 1820: len= 47 黑胜 loss=27.8640 temp=1.00 total_env_steps=49417 t=0.14s
Ep 1821: len= 32 白胜 loss=27.9330 temp=1.00 total_env_steps=49449 t=0.11s
Ep 1822: len= 11 黑胜 loss=27.9046 temp=1.00 total_env_steps=49460 t=0.06s
Ep 1823: len= 24 白胜 loss=27.6292 temp=1.00 total_env_steps=49484 t=0.09s
Ep 1824: len=  4 黑胜 loss=27.8247 temp=1.00 total_env_steps=49488 t=0.04s
Ep 1825: len= 15 黑胜 loss=27.5598 temp=1.00 total_env_steps=49503 t=0.07s
Ep 1826: len= 33 黑胜 loss=27.5594 temp=1.00 total_env_steps=49536 t=0.11s
Ep 1827: len= 34 白胜 loss=27.8163 temp=1.00 total_env_steps=49570 t=0.12s
Ep 1828: len= 29 黑胜 loss=28.1546 temp=1.00 total_env_steps=49599 t=0.11s
Ep 1829: len= 35 黑胜 loss=27.8063 temp=1.00 total_env_steps=49634 t=0.13s
Ep 1830: len=  2 黑胜 loss=27.5992 temp=1.00 total_env_steps=49636 t=0.04s
Ep 1831: len= 44 白胜 loss=27.8726 temp=1.00 total_env_steps=49680 t=0.15s
Ep 1832: len=  2 黑胜 loss=27.7212 temp=1.00 total_env_steps=49682 t=0.05s
Ep 1833: len= 18 白胜 loss=27.6473 temp=1.00 total_env_steps=49700 t=0.08s
Ep 1834: len= 23 白胜 loss=28.2374 temp=1.00 total_env_steps=49723 t=0.10s
Ep 1835: len= 46 白胜 loss=27.7059 temp=1.00 total_env_steps=49769 t=0.18s
Ep 1836: len= 45 黑胜 loss=27.5798 temp=1.00 total_env_steps=49814 t=0.15s
Ep 1837: len= 28 白胜 loss=27.9060 temp=1.00 total_env_steps=49842 t=0.11s
Ep 1838: len= 45 黑胜 loss=27.8428 temp=1.00 total_env_steps=49887 t=0.14s
Ep 1839: len= 37 黑胜 loss=27.4297 temp=1.00 total_env_steps=49924 t=0.13s
Ep 1840: len= 29 黑胜 loss=27.9873 temp=1.00 total_env_steps=49953 t=0.11s
Ep 1841: len=  4 黑胜 loss=27.7665 temp=1.00 total_env_steps=49957 t=0.04s
Ep 1842: len= 33 黑胜 loss=27.8870 temp=1.00 total_env_steps=49990 t=0.15s
Ep 1843: len= 46 白胜 loss=28.0552 temp=1.00 total_env_steps=50036 t=0.18s
Ep 1844: len= 43 黑胜 loss=28.1286 temp=1.00 total_env_steps=50079 t=0.19s
Ep 1845: len= 19 白胜 loss=27.7317 temp=1.00 total_env_steps=50098 t=0.12s
Ep 1846: len= 21 黑胜 loss=27.7092 temp=1.00 total_env_steps=50119 t=0.13s
Ep 1847: len= 31 黑胜 loss=27.7570 temp=1.00 total_env_steps=50150 t=0.12s
Ep 1848: len= 20 白胜 loss=27.5198 temp=1.00 total_env_steps=50170 t=0.10s
Ep 1849: len= 18 黑胜 loss=27.5930 temp=1.00 total_env_steps=50188 t=0.08s
Ep 1850: len= 18 黑胜 loss=27.8746 temp=1.00 total_env_steps=50206 t=0.09s
Ep 1851: len= 26 白胜 loss=27.8030 temp=1.00 total_env_steps=50232 t=0.10s
Ep 1852: len= 26 白胜 loss=27.9036 temp=1.00 total_env_steps=50258 t=0.10s
Ep 1853: len= 27 黑胜 loss=27.8378 temp=1.00 total_env_steps=50285 t=0.11s
Ep 1854: len= 29 黑胜 loss=27.5121 temp=1.00 total_env_steps=50314 t=0.10s
Ep 1855: len=  4 黑胜 loss=27.6606 temp=1.00 total_env_steps=50318 t=0.07s
Ep 1856: len= 23 黑胜 loss=27.8913 temp=1.00 total_env_steps=50341 t=0.09s
Ep 1857: len= 29 黑胜 loss=27.7703 temp=1.00 total_env_steps=50370 t=0.10s
Ep 1858: len= 24 白胜 loss=27.5500 temp=1.00 total_env_steps=50394 t=0.10s
Ep 1859: len= 52 白胜 loss=27.9749 temp=1.00 total_env_steps=50446 t=0.21s
Ep 1860: len= 27 黑胜 loss=27.5178 temp=1.00 total_env_steps=50473 t=0.12s
Ep 1861: len= 45 黑胜 loss=27.8915 temp=1.00 total_env_steps=50518 t=0.17s
Ep 1862: len= 31 黑胜 loss=27.5526 temp=1.00 total_env_steps=50549 t=0.13s
Ep 1863: len= 31 黑胜 loss=27.7667 temp=1.00 total_env_steps=50580 t=0.14s
Ep 1864: len= 44 白胜 loss=28.0730 temp=1.00 total_env_steps=50624 t=0.19s
Ep 1865: len=  6 黑胜 loss=27.7083 temp=1.00 total_env_steps=50630 t=0.05s
Ep 1866: len= 19 黑胜 loss=27.6688 temp=1.00 total_env_steps=50649 t=0.08s
Ep 1867: len= 19 黑胜 loss=27.2381 temp=1.00 total_env_steps=50668 t=0.11s
Ep 1868: len= 42 白胜 loss=27.8390 temp=1.00 total_env_steps=50710 t=0.19s
Ep 1869: len= 10 白胜 loss=27.4212 temp=1.00 total_env_steps=50720 t=0.06s
Ep 1870: len= 22 白胜 loss=27.7127 temp=1.00 total_env_steps=50742 t=0.08s
Ep 1871: len=  4 白胜 loss=27.8397 temp=1.00 total_env_steps=50746 t=0.04s
Ep 1872: len= 43 黑胜 loss=27.1662 temp=1.00 total_env_steps=50789 t=0.14s
Ep 1873: len= 28 白胜 loss=27.8377 temp=1.00 total_env_steps=50817 t=0.10s
Ep 1874: len= 16 白胜 loss=27.7798 temp=1.00 total_env_steps=50833 t=0.08s
Ep 1875: len= 28 白胜 loss=27.8077 temp=1.00 total_env_steps=50861 t=0.09s
Ep 1876: len= 27 黑胜 loss=27.5667 temp=1.00 total_env_steps=50888 t=0.10s
Ep 1877: len= 23 黑胜 loss=27.7288 temp=1.00 total_env_steps=50911 t=0.09s
Ep 1878: len= 21 黑胜 loss=27.5726 temp=1.00 total_env_steps=50932 t=0.11s
Ep 1879: len= 24 白胜 loss=27.6448 temp=1.00 total_env_steps=50956 t=0.11s
Ep 1880: len= 26 白胜 loss=27.8920 temp=1.00 total_env_steps=50982 t=0.09s
Ep 1881: len= 29 黑胜 loss=27.5132 temp=1.00 total_env_steps=51011 t=0.10s
Ep 1882: len= 12 白胜 loss=27.6636 temp=1.00 total_env_steps=51023 t=0.06s
Ep 1883: len= 42 白胜 loss=27.5386 temp=1.00 total_env_steps=51065 t=0.15s
Ep 1884: len= 43 黑胜 loss=27.6223 temp=1.00 total_env_steps=51108 t=0.14s
Ep 1885: len= 31 黑胜 loss=27.7438 temp=1.00 total_env_steps=51139 t=0.11s
Ep 1886: len= 49 黑胜 loss=27.7421 temp=1.00 total_env_steps=51188 t=0.15s
Ep 1887: len= 13 黑胜 loss=27.8334 temp=1.00 total_env_steps=51201 t=0.06s
Ep 1888: len= 50 白胜 loss=27.9294 temp=1.00 total_env_steps=51251 t=0.15s
Ep 1889: len= 37 黑胜 loss=27.5415 temp=1.00 total_env_steps=51288 t=0.13s
Ep 1890: len= 20 白胜 loss=27.7508 temp=1.00 total_env_steps=51308 t=0.08s
Ep 1891: len= 23 黑胜 loss=27.8510 temp=1.00 total_env_steps=51331 t=0.09s
Ep 1892: len= 30 白胜 loss=27.9294 temp=1.00 total_env_steps=51361 t=0.11s
Ep 1893: len= 22 白胜 loss=27.5306 temp=1.00 total_env_steps=51383 t=0.10s
Ep 1894: len= 20 白胜 loss=27.8911 temp=1.00 total_env_steps=51403 t=0.08s
Ep 1895: len= 13 黑胜 loss=27.7430 temp=1.00 total_env_steps=51416 t=0.06s
Ep 1896: len=  2 黑胜 loss=27.6646 temp=1.00 total_env_steps=51418 t=0.04s
Ep 1897: len= 23 黑胜 loss=27.7947 temp=1.00 total_env_steps=51441 t=0.09s
Ep 1898: len= 24 白胜 loss=27.3919 temp=1.00 total_env_steps=51465 t=0.10s
Ep 1899: len= 33 黑胜 loss=27.8058 temp=1.00 total_env_steps=51498 t=0.12s
Ep 1900: len= 11 白胜 loss=27.6313 temp=1.00 total_env_steps=51509 t=0.05s
Ep 1901: len= 27 黑胜 loss=27.8173 temp=1.00 total_env_steps=51536 t=0.09s
Ep 1902: len= 18 白胜 loss=27.4501 temp=1.00 total_env_steps=51554 t=0.08s
Ep 1903: len=  8 黑胜 loss=27.8583 temp=1.00 total_env_steps=51562 t=0.05s
Ep 1904: len= 25 黑胜 loss=27.7579 temp=1.00 total_env_steps=51587 t=0.10s
Ep 1905: len= 39 黑胜 loss=27.8346 temp=1.00 total_env_steps=51626 t=0.12s
Ep 1906: len=  8 黑胜 loss=27.8612 temp=1.00 total_env_steps=51634 t=0.05s
Ep 1907: len= 28 白胜 loss=27.8968 temp=1.00 total_env_steps=51662 t=0.10s
Ep 1908: len= 31 白胜 loss=27.6618 temp=1.00 total_env_steps=51693 t=0.11s
Ep 1909: len= 37 黑胜 loss=27.8546 temp=1.00 total_env_steps=51730 t=0.12s
Ep 1910: len= 34 白胜 loss=27.9685 temp=1.00 total_env_steps=51764 t=0.12s
Ep 1911: len=  4 白胜 loss=27.5804 temp=1.00 total_env_steps=51768 t=0.04s
Ep 1912: len= 23 黑胜 loss=27.8238 temp=1.00 total_env_steps=51791 t=0.10s
Ep 1913: len=  2 白胜 loss=27.4567 temp=1.00 total_env_steps=51793 t=0.04s
Ep 1914: len= 21 黑胜 loss=27.7785 temp=1.00 total_env_steps=51814 t=0.08s
Ep 1915: len= 17 黑胜 loss=27.6948 temp=1.00 total_env_steps=51831 t=0.07s
Ep 1916: len= 29 黑胜 loss=27.7480 temp=1.00 total_env_steps=51860 t=0.10s
Ep 1917: len=  2 黑胜 loss=27.8510 temp=1.00 total_env_steps=51862 t=0.04s
Ep 1918: len=  4 白胜 loss=27.6993 temp=1.00 total_env_steps=51866 t=0.04s
Ep 1919: len= 47 黑胜 loss=27.8033 temp=1.00 total_env_steps=51913 t=0.14s
Ep 1920: len= 37 黑胜 loss=27.6089 temp=1.00 total_env_steps=51950 t=0.11s
Ep 1921: len= 43 黑胜 loss=27.6620 temp=1.00 total_env_steps=51993 t=0.15s
Ep 1922: len= 32 黑胜 loss=27.3110 temp=1.00 total_env_steps=52025 t=0.10s
Ep 1923: len= 33 黑胜 loss=27.7720 temp=1.00 total_env_steps=52058 t=0.10s
Ep 1924: len= 19 白胜 loss=27.5738 temp=1.00 total_env_steps=52077 t=0.07s
Ep 1925: len= 16 白胜 loss=27.4152 temp=1.00 total_env_steps=52093 t=0.06s
Ep 1926: len= 31 黑胜 loss=27.6415 temp=1.00 total_env_steps=52124 t=0.09s
Ep 1927: len= 22 白胜 loss=27.4742 temp=1.00 total_env_steps=52146 t=0.08s
Ep 1928: len= 21 黑胜 loss=27.5150 temp=1.00 total_env_steps=52167 t=0.08s
Ep 1929: len= 35 黑胜 loss=27.5551 temp=1.00 total_env_steps=52202 t=0.10s
Ep 1930: len= 40 白胜 loss=27.7453 temp=1.00 total_env_steps=52242 t=0.12s
Ep 1931: len= 12 黑胜 loss=27.6494 temp=1.00 total_env_steps=52254 t=0.05s
Ep 1932: len= 44 白胜 loss=27.8611 temp=1.00 total_env_steps=52298 t=0.13s
Ep 1933: len= 31 黑胜 loss=27.5275 temp=1.00 total_env_steps=52329 t=0.10s
Ep 1934: len= 25 黑胜 loss=27.5243 temp=1.00 total_env_steps=52354 t=0.08s
Ep 1935: len= 27 黑胜 loss=27.6282 temp=1.00 total_env_steps=52381 t=0.08s
Ep 1936: len=  4 白胜 loss=27.7262 temp=1.00 total_env_steps=52385 t=0.03s
Ep 1937: len= 16 白胜 loss=27.3029 temp=1.00 total_env_steps=52401 t=0.06s
Ep 1938: len= 11 黑胜 loss=27.3248 temp=1.00 total_env_steps=52412 t=0.05s
Ep 1939: len= 10 白胜 loss=27.6378 temp=1.00 total_env_steps=52422 t=0.04s
Ep 1940: len= 32 白胜 loss=28.0129 temp=1.00 total_env_steps=52454 t=0.09s
Ep 1941: len= 36 白胜 loss=27.5456 temp=1.00 total_env_steps=52490 t=0.10s
Ep 1942: len= 21 黑胜 loss=27.5953 temp=1.00 total_env_steps=52511 t=0.07s
Ep 1943: len= 35 黑胜 loss=27.6360 temp=1.00 total_env_steps=52546 t=0.09s
Ep 1944: len= 39 黑胜 loss=27.6696 temp=1.00 total_env_steps=52585 t=0.11s
Ep 1945: len= 40 白胜 loss=27.5452 temp=1.00 total_env_steps=52625 t=0.13s
Ep 1946: len= 34 白胜 loss=27.3296 temp=1.00 total_env_steps=52659 t=0.10s
Ep 1947: len=  2 白胜 loss=27.8879 temp=1.00 total_env_steps=52661 t=0.03s
Ep 1948: len=  6 白胜 loss=27.5107 temp=1.00 total_env_steps=52667 t=0.03s
Ep 1949: len= 37 黑胜 loss=27.5730 temp=1.00 total_env_steps=52704 t=0.13s
Ep 1950: len= 15 黑胜 loss=27.8557 temp=1.00 total_env_steps=52719 t=0.23s
Ep 1951: len= 17 黑胜 loss=27.3480 temp=1.00 total_env_steps=52736 t=0.26s
Ep 1952: len= 10 黑胜 loss=27.4950 temp=1.00 total_env_steps=52746 t=0.21s
Ep 1953: len= 31 黑胜 loss=27.7805 temp=1.00 total_env_steps=52777 t=0.35s
Ep 1954: len= 33 黑胜 loss=27.5472 temp=1.00 total_env_steps=52810 t=0.33s
Ep 1955: len= 13 黑胜 loss=27.5498 temp=1.00 total_env_steps=52823 t=0.20s
Ep 1956: len= 15 黑胜 loss=27.7497 temp=1.00 total_env_steps=52838 t=0.18s
Ep 1957: len= 33 黑胜 loss=27.4553 temp=1.00 total_env_steps=52871 t=0.35s
Ep 1958: len=  4 黑胜 loss=27.7755 temp=1.00 total_env_steps=52875 t=0.15s
Ep 1959: len= 23 黑胜 loss=27.7774 temp=1.00 total_env_steps=52898 t=0.32s
Ep 1960: len= 11 黑胜 loss=27.7199 temp=1.00 total_env_steps=52909 t=0.38s
Ep 1961: len=  2 白胜 loss=27.5197 temp=1.00 total_env_steps=52911 t=0.32s
Ep 1962: len= 22 白胜 loss=27.6309 temp=1.00 total_env_steps=52933 t=0.32s
Ep 1963: len= 29 黑胜 loss=27.7640 temp=1.00 total_env_steps=52962 t=0.44s
Ep 1964: len= 37 黑胜 loss=27.5163 temp=1.00 total_env_steps=52999 t=0.50s
Ep 1965: len= 31 白胜 loss=27.5974 temp=1.00 total_env_steps=53030 t=0.42s
Ep 1966: len=  8 白胜 loss=27.5708 temp=1.00 total_env_steps=53038 t=0.20s
Ep 1967: len= 17 黑胜 loss=27.4210 temp=1.00 total_env_steps=53055 t=0.28s
Ep 1968: len= 47 黑胜 loss=27.7197 temp=1.00 total_env_steps=53102 t=0.40s
Ep 1969: len= 20 白胜 loss=27.7191 temp=1.00 total_env_steps=53122 t=0.26s
Ep 1970: len= 30 白胜 loss=28.0372 temp=1.00 total_env_steps=53152 t=0.33s
Ep 1971: len= 30 白胜 loss=27.8842 temp=1.00 total_env_steps=53182 t=0.30s
Ep 1972: len= 34 白胜 loss=27.9468 temp=1.00 total_env_steps=53216 t=0.35s
Ep 1973: len= 26 白胜 loss=27.7534 temp=1.00 total_env_steps=53242 t=0.29s
Ep 1974: len= 29 黑胜 loss=27.7990 temp=1.00 total_env_steps=53271 t=0.36s
Ep 1975: len=  4 白胜 loss=27.6526 temp=1.00 total_env_steps=53275 t=0.19s
Ep 1976: len= 40 白胜 loss=27.9157 temp=1.00 total_env_steps=53315 t=0.38s
Ep 1977: len= 17 黑胜 loss=28.0529 temp=1.00 total_env_steps=53332 t=0.17s
Ep 1978: len= 24 白胜 loss=27.7542 temp=1.00 total_env_steps=53356 t=0.28s
Ep 1979: len=  4 白胜 loss=27.5363 temp=1.00 total_env_steps=53360 t=0.17s
Ep 1980: len=  4 白胜 loss=27.5545 temp=1.00 total_env_steps=53364 t=0.13s
Ep 1981: len= 33 黑胜 loss=27.7879 temp=1.00 total_env_steps=53397 t=0.35s
Ep 1982: len= 17 白胜 loss=27.5021 temp=1.00 total_env_steps=53414 t=0.23s
Ep 1983: len= 30 白胜 loss=27.5088 temp=1.00 total_env_steps=53444 t=0.28s
Ep 1984: len= 25 黑胜 loss=27.8245 temp=1.00 total_env_steps=53469 t=0.25s
Ep 1985: len= 33 黑胜 loss=27.7464 temp=1.00 total_env_steps=53502 t=0.26s
Ep 1986: len= 27 黑胜 loss=27.3830 temp=1.00 total_env_steps=53529 t=0.23s
Ep 1987: len= 22 白胜 loss=27.8963 temp=1.00 total_env_steps=53551 t=0.25s
Ep 1988: len= 45 黑胜 loss=27.4780 temp=1.00 total_env_steps=53596 t=0.38s
Ep 1989: len= 27 黑胜 loss=27.7109 temp=1.00 total_env_steps=53623 t=0.29s
Ep 1990: len=  2 白胜 loss=27.6399 temp=1.00 total_env_steps=53625 t=0.13s
Ep 1991: len= 10 黑胜 loss=27.7134 temp=1.00 total_env_steps=53635 t=0.20s
Ep 1992: len= 26 白胜 loss=27.7952 temp=1.00 total_env_steps=53661 t=0.35s
Ep 1993: len= 24 白胜 loss=27.8992 temp=1.00 total_env_steps=53685 t=0.23s
Ep 1994: len=  8 白胜 loss=27.7822 temp=1.00 total_env_steps=53693 t=0.14s
Ep 1995: len= 45 白胜 loss=27.6323 temp=1.00 total_env_steps=53738 t=0.33s
Ep 1996: len= 16 黑胜 loss=28.2322 temp=1.00 total_env_steps=53754 t=0.20s
Ep 1997: len= 19 黑胜 loss=27.7129 temp=1.00 total_env_steps=53773 t=0.27s
Ep 1998: len=  2 白胜 loss=27.3044 temp=1.00 total_env_steps=53775 t=0.18s
Ep 1999: len= 11 黑胜 loss=27.5647 temp=1.00 total_env_steps=53786 t=0.12s
Ep 2000: len= 17 黑胜 loss=27.6508 temp=1.00 total_env_steps=53803 t=0.20s
  eval vs Gomoku-random-v0: win_rate=1.00 mean_return=1.00（20 局，total_env_steps=53803）
[闸门] vs random（40 局）: win_rate=1.000
[闸门] vs 半程快照（40 局，黑白各半）: score=0.575
[梯队] vs naive0（20 局，观察性）: win_rate=0.30
[梯队] vs naive1（20 局，观察性）: win_rate=0.05
[梯队] vs naive2（20 局，观察性）: win_rate=0.05
[梯队] vs naive3（20 局，观察性）: win_rate=0.00
📈 Gomoku-selfplay-v0 win_rate=1.00（best 1.00）| 门槛 0.95 | 202.1s

--- arm=open_three_course seed=44 sims=100 ---
[MyZero-board Gomoku-selfplay-v0] obs=243(3×9²) |A|=81 sims=100 γ=1.0 negamax
[MyZero-board] 8 重对称增广开启（D4，采样时随机套变换）
[MyZero-board] 树内真规则开启（AlphaZero 式诊断；训练侧不变）
[MyZero-board] 战术开局课程开启（p=0.25，必挡局面前缀；eval 不受影响）
Ep    1: len= 32 白胜 loss=0.0000 temp=1.00 total_env_steps=32 t=0.09s
Ep    2: len= 41 黑胜 loss=0.0000 temp=1.00 total_env_steps=73 t=0.11s
Ep    3: len=  8 白胜 loss=0.0000 temp=1.00 total_env_steps=81 t=0.02s
Ep    4: len= 27 黑胜 loss=0.0000 temp=1.00 total_env_steps=108 t=0.07s
Ep    5: len= 38 黑胜 loss=0.0000 temp=1.00 total_env_steps=146 t=0.10s
Ep    6: len= 45 黑胜 loss=0.0000 temp=1.00 total_env_steps=191 t=0.12s
Ep    7: len=  2 黑胜 loss=0.0000 temp=1.00 total_env_steps=193 t=0.00s
Ep    8: len= 39 黑胜 loss=0.0000 temp=1.00 total_env_steps=232 t=0.11s
Ep    9: len= 21 白胜 loss=0.0000 temp=1.00 total_env_steps=253 t=0.06s
Ep   10: len= 43 白胜 loss=38.2704 temp=1.00 total_env_steps=296 t=0.13s
Ep   11: len= 46 白胜 loss=29.9261 temp=1.00 total_env_steps=342 t=0.13s
Ep   12: len= 16 白胜 loss=29.8065 temp=1.00 total_env_steps=358 t=0.06s
Ep   13: len= 34 白胜 loss=29.1526 temp=1.00 total_env_steps=392 t=0.10s
Ep   14: len= 46 白胜 loss=28.5612 temp=1.00 total_env_steps=438 t=0.14s
Ep   15: len= 27 黑胜 loss=28.8600 temp=1.00 total_env_steps=465 t=0.09s
Ep   16: len= 41 黑胜 loss=28.8292 temp=1.00 total_env_steps=506 t=0.13s
Ep   17: len=  2 黑胜 loss=28.5913 temp=1.00 total_env_steps=508 t=0.02s
Ep   18: len= 47 黑胜 loss=28.4516 temp=1.00 total_env_steps=555 t=0.14s
Ep   19: len= 31 黑胜 loss=28.6292 temp=1.00 total_env_steps=586 t=0.10s
Ep   20: len= 38 白胜 loss=28.7500 temp=1.00 total_env_steps=624 t=0.11s
Ep   21: len= 47 黑胜 loss=28.5707 temp=1.00 total_env_steps=671 t=0.14s
Ep   22: len= 39 黑胜 loss=28.4206 temp=1.00 total_env_steps=710 t=0.11s
Ep   23: len= 34 白胜 loss=28.7000 temp=1.00 total_env_steps=744 t=0.10s
Ep   24: len= 35 黑胜 loss=28.6346 temp=1.00 total_env_steps=779 t=0.10s
Ep   25: len= 22 白胜 loss=28.4992 temp=1.00 total_env_steps=801 t=0.07s
Ep   26: len= 31 黑胜 loss=28.3556 temp=1.00 total_env_steps=832 t=0.09s
Ep   27: len=  6 黑胜 loss=28.6245 temp=1.00 total_env_steps=838 t=0.03s
Ep   28: len=  2 白胜 loss=28.5873 temp=1.00 total_env_steps=840 t=0.02s
Ep   29: len= 35 黑胜 loss=28.5530 temp=1.00 total_env_steps=875 t=0.10s
Ep   30: len= 19 黑胜 loss=28.7329 temp=1.00 total_env_steps=894 t=0.06s
Ep   31: len= 36 白胜 loss=28.4573 temp=1.00 total_env_steps=930 t=0.10s
Ep   32: len= 38 白胜 loss=28.4966 temp=1.00 total_env_steps=968 t=0.10s
Ep   33: len= 26 黑胜 loss=28.6915 temp=1.00 total_env_steps=994 t=0.08s
Ep   34: len= 36 白胜 loss=28.2914 temp=1.00 total_env_steps=1030 t=0.11s
Ep   35: len= 36 白胜 loss=28.5630 temp=1.00 total_env_steps=1066 t=0.11s
Ep   36: len=  8 黑胜 loss=28.5681 temp=1.00 total_env_steps=1074 t=0.03s
Ep   37: len= 35 黑胜 loss=28.5784 temp=1.00 total_env_steps=1109 t=0.10s
Ep   38: len= 45 黑胜 loss=28.4454 temp=1.00 total_env_steps=1154 t=0.11s
Ep   39: len= 14 白胜 loss=28.6991 temp=1.00 total_env_steps=1168 t=0.05s
Ep   40: len= 43 黑胜 loss=28.6012 temp=1.00 total_env_steps=1211 t=0.12s
Ep   41: len= 17 黑胜 loss=28.5583 temp=1.00 total_env_steps=1228 t=0.05s
Ep   42: len= 49 黑胜 loss=28.2708 temp=1.00 total_env_steps=1277 t=0.12s
Ep   43: len=  8 黑胜 loss=28.6696 temp=1.00 total_env_steps=1285 t=0.03s
Ep   44: len= 47 黑胜 loss=28.3795 temp=1.00 total_env_steps=1332 t=0.12s
Ep   45: len= 43 黑胜 loss=28.5652 temp=1.00 total_env_steps=1375 t=0.12s
Ep   46: len= 26 白胜 loss=28.5873 temp=1.00 total_env_steps=1401 t=0.09s
Ep   47: len= 43 黑胜 loss=28.4090 temp=1.00 total_env_steps=1444 t=0.12s
Ep   48: len= 10 黑胜 loss=28.4802 temp=1.00 total_env_steps=1454 t=0.04s
Ep   49: len= 17 白胜 loss=28.6064 temp=1.00 total_env_steps=1471 t=0.05s
Ep   50: len= 52 白胜 loss=28.6518 temp=1.00 total_env_steps=1523 t=0.15s
Ep   51: len= 38 白胜 loss=28.4502 temp=1.00 total_env_steps=1561 t=0.10s
Ep   52: len= 47 黑胜 loss=28.6972 temp=1.00 total_env_steps=1608 t=0.12s
Ep   53: len= 30 白胜 loss=28.4848 temp=1.00 total_env_steps=1638 t=0.08s
Ep   54: len= 25 黑胜 loss=28.4728 temp=1.00 total_env_steps=1663 t=0.07s
Ep   55: len= 24 白胜 loss=28.4028 temp=1.00 total_env_steps=1687 t=0.07s
Ep   56: len= 31 黑胜 loss=28.5145 temp=1.00 total_env_steps=1718 t=0.08s
Ep   57: len= 23 黑胜 loss=28.5167 temp=1.00 total_env_steps=1741 t=0.06s
Ep   58: len= 33 黑胜 loss=28.5988 temp=1.00 total_env_steps=1774 t=0.09s
Ep   59: len=  2 白胜 loss=28.5019 temp=1.00 total_env_steps=1776 t=0.02s
Ep   60: len= 45 黑胜 loss=28.6633 temp=1.00 total_env_steps=1821 t=0.12s
Ep   61: len= 50 白胜 loss=28.5264 temp=1.00 total_env_steps=1871 t=0.13s
Ep   62: len=  2 白胜 loss=28.4374 temp=1.00 total_env_steps=1873 t=0.02s
Ep   63: len= 25 黑胜 loss=28.6452 temp=1.00 total_env_steps=1898 t=0.07s
Ep   64: len= 31 黑胜 loss=28.3767 temp=1.00 total_env_steps=1929 t=0.09s
Ep   65: len= 25 黑胜 loss=28.5799 temp=1.00 total_env_steps=1954 t=0.07s
Ep   66: len= 20 白胜 loss=28.4626 temp=1.00 total_env_steps=1974 t=0.06s
Ep   67: len=  4 白胜 loss=28.5527 temp=1.00 total_env_steps=1978 t=0.02s
Ep   68: len= 31 黑胜 loss=28.5075 temp=1.00 total_env_steps=2009 t=0.08s
Ep   69: len= 48 黑胜 loss=28.3599 temp=1.00 total_env_steps=2057 t=0.11s
Ep   70: len= 36 白胜 loss=28.3725 temp=1.00 total_env_steps=2093 t=0.09s
Ep   71: len= 31 黑胜 loss=28.5828 temp=1.00 total_env_steps=2124 t=0.11s
Ep   72: len= 53 黑胜 loss=28.3314 temp=1.00 total_env_steps=2177 t=0.17s
Ep   73: len= 21 黑胜 loss=28.4233 temp=1.00 total_env_steps=2198 t=0.07s
Ep   74: len= 41 黑胜 loss=28.3157 temp=1.00 total_env_steps=2239 t=0.12s
Ep   75: len= 27 黑胜 loss=28.3039 temp=1.00 total_env_steps=2266 t=0.09s
Ep   76: len= 28 白胜 loss=28.5834 temp=1.00 total_env_steps=2294 t=0.09s
Ep   77: len=  6 黑胜 loss=28.4429 temp=1.00 total_env_steps=2300 t=0.03s
Ep   78: len= 40 白胜 loss=28.3020 temp=1.00 total_env_steps=2340 t=0.11s
Ep   79: len= 30 黑胜 loss=28.3860 temp=1.00 total_env_steps=2370 t=0.08s
Ep   80: len= 33 黑胜 loss=28.4214 temp=1.00 total_env_steps=2403 t=0.09s
Ep   81: len= 33 黑胜 loss=28.5331 temp=1.00 total_env_steps=2436 t=0.08s
Ep   82: len= 33 黑胜 loss=28.5635 temp=1.00 total_env_steps=2469 t=0.09s
Ep   83: len=  6 白胜 loss=28.4253 temp=1.00 total_env_steps=2475 t=0.02s
Ep   84: len= 41 黑胜 loss=28.4203 temp=1.00 total_env_steps=2516 t=0.09s
Ep   85: len=  6 黑胜 loss=28.3194 temp=1.00 total_env_steps=2522 t=0.02s
Ep   86: len= 44 白胜 loss=28.6849 temp=1.00 total_env_steps=2566 t=0.11s
Ep   87: len= 36 白胜 loss=28.3282 temp=1.00 total_env_steps=2602 t=0.09s
Ep   88: len= 36 白胜 loss=28.2971 temp=1.00 total_env_steps=2638 t=0.08s
Ep   89: len= 24 黑胜 loss=28.5272 temp=1.00 total_env_steps=2662 t=0.06s
Ep   90: len= 45 黑胜 loss=28.4936 temp=1.00 total_env_steps=2707 t=0.10s
Ep   91: len= 27 黑胜 loss=28.4161 temp=1.00 total_env_steps=2734 t=0.08s
Ep   92: len= 18 白胜 loss=28.3168 temp=1.00 total_env_steps=2752 t=0.06s
Ep   93: len= 27 黑胜 loss=28.5530 temp=1.00 total_env_steps=2779 t=0.08s
Ep   94: len= 32 白胜 loss=28.4348 temp=1.00 total_env_steps=2811 t=0.09s
Ep   95: len= 33 黑胜 loss=28.4273 temp=1.00 total_env_steps=2844 t=0.10s
Ep   96: len= 45 黑胜 loss=28.3450 temp=1.00 total_env_steps=2889 t=0.13s
Ep   97: len= 25 黑胜 loss=28.4899 temp=1.00 total_env_steps=2914 t=0.07s
Ep   98: len= 24 白胜 loss=28.5427 temp=1.00 total_env_steps=2938 t=0.07s
Ep   99: len= 17 黑胜 loss=28.6736 temp=1.00 total_env_steps=2955 t=0.05s
Ep  100: len= 33 黑胜 loss=28.4976 temp=1.00 total_env_steps=2988 t=0.10s
Ep  101: len=  8 白胜 loss=28.3190 temp=1.00 total_env_steps=2996 t=0.03s
Ep  102: len= 21 黑胜 loss=28.4857 temp=1.00 total_env_steps=3017 t=0.08s
Ep  103: len=  8 白胜 loss=28.3474 temp=1.00 total_env_steps=3025 t=0.04s
Ep  104: len= 38 白胜 loss=28.3781 temp=1.00 total_env_steps=3063 t=0.11s
Ep  105: len= 25 黑胜 loss=28.5134 temp=1.00 total_env_steps=3088 t=0.07s
Ep  106: len= 43 黑胜 loss=28.4144 temp=1.00 total_env_steps=3131 t=0.12s
Ep  107: len=  2 黑胜 loss=28.4572 temp=1.00 total_env_steps=3133 t=0.03s
Ep  108: len= 21 白胜 loss=28.3593 temp=1.00 total_env_steps=3154 t=0.07s
Ep  109: len= 43 黑胜 loss=28.4720 temp=1.00 total_env_steps=3197 t=0.14s
Ep  110: len= 42 白胜 loss=28.5079 temp=1.00 total_env_steps=3239 t=0.14s
Ep  111: len= 41 黑胜 loss=28.5950 temp=1.00 total_env_steps=3280 t=0.11s
Ep  112: len= 30 白胜 loss=28.3567 temp=1.00 total_env_steps=3310 t=0.08s
Ep  113: len= 21 黑胜 loss=28.4563 temp=1.00 total_env_steps=3331 t=0.07s
Ep  114: len= 37 黑胜 loss=28.4630 temp=1.00 total_env_steps=3368 t=0.11s
Ep  115: len= 41 黑胜 loss=28.3283 temp=1.00 total_env_steps=3409 t=0.12s
Ep  116: len= 18 白胜 loss=28.4358 temp=1.00 total_env_steps=3427 t=0.06s
Ep  117: len= 31 黑胜 loss=28.4829 temp=1.00 total_env_steps=3458 t=0.09s
Ep  118: len= 43 黑胜 loss=28.4765 temp=1.00 total_env_steps=3501 t=0.12s
Ep  119: len= 37 黑胜 loss=28.3479 temp=1.00 total_env_steps=3538 t=0.11s
Ep  120: len= 36 白胜 loss=28.5238 temp=1.00 total_env_steps=3574 t=0.12s
Ep  121: len=  2 黑胜 loss=28.5306 temp=1.00 total_env_steps=3576 t=0.02s
Ep  122: len= 22 白胜 loss=28.4532 temp=1.00 total_env_steps=3598 t=0.06s
Ep  123: len= 17 黑胜 loss=28.4476 temp=1.00 total_env_steps=3615 t=0.05s
Ep  124: len= 18 白胜 loss=28.4000 temp=1.00 total_env_steps=3633 t=0.06s
Ep  125: len= 15 白胜 loss=28.4295 temp=1.00 total_env_steps=3648 t=0.06s
Ep  126: len= 28 白胜 loss=28.3394 temp=1.00 total_env_steps=3676 t=0.08s
Ep  127: len= 15 黑胜 loss=28.3676 temp=1.00 total_env_steps=3691 t=0.05s
Ep  128: len=  2 黑胜 loss=28.4727 temp=1.00 total_env_steps=3693 t=0.02s
Ep  129: len= 36 白胜 loss=28.5385 temp=1.00 total_env_steps=3729 t=0.10s
Ep  130: len= 38 白胜 loss=28.3615 temp=1.00 total_env_steps=3767 t=0.12s
Ep  131: len= 10 黑胜 loss=28.5490 temp=1.00 total_env_steps=3777 t=0.05s
Ep  132: len= 23 黑胜 loss=28.4031 temp=1.00 total_env_steps=3800 t=0.09s
Ep  133: len= 11 黑胜 loss=28.3767 temp=1.00 total_env_steps=3811 t=0.05s
Ep  134: len= 41 黑胜 loss=28.4754 temp=1.00 total_env_steps=3852 t=0.18s
Ep  135: len= 33 黑胜 loss=28.3497 temp=1.00 total_env_steps=3885 t=0.10s
Ep  136: len= 45 黑胜 loss=28.5719 temp=1.00 total_env_steps=3930 t=0.13s
Ep  137: len=  2 白胜 loss=28.4087 temp=1.00 total_env_steps=3932 t=0.02s
Ep  138: len= 31 黑胜 loss=28.2787 temp=1.00 total_env_steps=3963 t=0.12s
Ep  139: len= 32 白胜 loss=28.4441 temp=1.00 total_env_steps=3995 t=0.10s
Ep  140: len= 32 白胜 loss=28.2052 temp=1.00 total_env_steps=4027 t=0.12s
Ep  141: len= 17 黑胜 loss=28.3474 temp=1.00 total_env_steps=4044 t=0.07s
Ep  142: len= 42 白胜 loss=28.2470 temp=1.00 total_env_steps=4086 t=0.12s
Ep  143: len= 16 白胜 loss=28.4221 temp=1.00 total_env_steps=4102 t=0.05s
Ep  144: len= 38 白胜 loss=28.2682 temp=1.00 total_env_steps=4140 t=0.11s
Ep  145: len= 38 白胜 loss=28.3451 temp=1.00 total_env_steps=4178 t=0.09s
Ep  146: len=  2 黑胜 loss=28.2857 temp=1.00 total_env_steps=4180 t=0.02s
Ep  147: len= 30 白胜 loss=28.4653 temp=1.00 total_env_steps=4210 t=0.08s
Ep  148: len= 36 白胜 loss=28.5852 temp=1.00 total_env_steps=4246 t=0.10s
Ep  149: len= 36 白胜 loss=28.4481 temp=1.00 total_env_steps=4282 t=0.09s
Ep  150: len= 46 白胜 loss=28.5926 temp=1.00 total_env_steps=4328 t=0.13s
Ep  151: len= 12 白胜 loss=28.3340 temp=1.00 total_env_steps=4340 t=0.05s
Ep  152: len= 31 黑胜 loss=28.3018 temp=1.00 total_env_steps=4371 t=0.10s
Ep  153: len= 45 黑胜 loss=28.4933 temp=1.00 total_env_steps=4416 t=0.11s
Ep  154: len= 23 黑胜 loss=28.4769 temp=1.00 total_env_steps=4439 t=0.08s
Ep  155: len= 33 黑胜 loss=28.2929 temp=1.00 total_env_steps=4472 t=0.09s
Ep  156: len= 26 白胜 loss=28.4330 temp=1.00 total_env_steps=4498 t=0.07s
Ep  157: len= 24 白胜 loss=28.4326 temp=1.00 total_env_steps=4522 t=0.07s
Ep  158: len= 39 黑胜 loss=28.3017 temp=1.00 total_env_steps=4561 t=0.10s
Ep  159: len= 19 白胜 loss=28.3898 temp=1.00 total_env_steps=4580 t=0.06s
Ep  160: len= 51 黑胜 loss=28.3722 temp=1.00 total_env_steps=4631 t=0.14s
Ep  161: len= 24 白胜 loss=28.3115 temp=1.00 total_env_steps=4655 t=0.07s
Ep  162: len= 26 白胜 loss=28.4241 temp=1.00 total_env_steps=4681 t=0.08s
Ep  163: len= 38 白胜 loss=28.4079 temp=1.00 total_env_steps=4719 t=0.09s
Ep  164: len= 10 黑胜 loss=28.4813 temp=1.00 total_env_steps=4729 t=0.03s
Ep  165: len= 20 白胜 loss=28.2229 temp=1.00 total_env_steps=4749 t=0.06s
Ep  166: len= 33 黑胜 loss=28.4269 temp=1.00 total_env_steps=4782 t=0.09s
Ep  167: len= 44 白胜 loss=28.4351 temp=1.00 total_env_steps=4826 t=0.10s
Ep  168: len= 27 黑胜 loss=28.5495 temp=1.00 total_env_steps=4853 t=0.07s
Ep  169: len= 26 白胜 loss=28.1052 temp=1.00 total_env_steps=4879 t=0.07s
Ep  170: len= 29 黑胜 loss=28.3060 temp=1.00 total_env_steps=4908 t=0.08s
Ep  171: len= 33 黑胜 loss=28.1731 temp=1.00 total_env_steps=4941 t=0.09s
Ep  172: len= 40 白胜 loss=28.4673 temp=1.00 total_env_steps=4981 t=0.10s
Ep  173: len= 42 白胜 loss=28.2007 temp=1.00 total_env_steps=5023 t=0.11s
Ep  174: len= 19 黑胜 loss=28.3686 temp=1.00 total_env_steps=5042 t=0.06s
Ep  175: len= 43 黑胜 loss=28.2473 temp=1.00 total_env_steps=5085 t=0.11s
Ep  176: len= 29 黑胜 loss=28.5850 temp=1.00 total_env_steps=5114 t=0.09s
Ep  177: len= 27 黑胜 loss=28.1955 temp=1.00 total_env_steps=5141 t=0.07s
Ep  178: len= 24 白胜 loss=28.3393 temp=1.00 total_env_steps=5165 t=0.07s
Ep  179: len= 33 黑胜 loss=28.3232 temp=1.00 total_env_steps=5198 t=0.10s
Ep  180: len= 37 黑胜 loss=28.4720 temp=1.00 total_env_steps=5235 t=0.10s
Ep  181: len= 29 黑胜 loss=28.3553 temp=1.00 total_env_steps=5264 t=0.08s
Ep  182: len= 19 黑胜 loss=28.2469 temp=1.00 total_env_steps=5283 t=0.06s
Ep  183: len= 31 黑胜 loss=28.4319 temp=1.00 total_env_steps=5314 t=0.09s
Ep  184: len=  2 黑胜 loss=28.4559 temp=1.00 total_env_steps=5316 t=0.02s
Ep  185: len= 30 白胜 loss=28.2637 temp=1.00 total_env_steps=5346 t=0.08s
Ep  186: len=  4 黑胜 loss=28.4505 temp=1.00 total_env_steps=5350 t=0.02s
Ep  187: len= 33 黑胜 loss=28.4824 temp=1.00 total_env_steps=5383 t=0.08s
Ep  188: len=  4 黑胜 loss=28.3058 temp=1.00 total_env_steps=5387 t=0.02s
Ep  189: len= 29 黑胜 loss=28.3890 temp=1.00 total_env_steps=5416 t=0.08s
Ep  190: len= 32 白胜 loss=28.5110 temp=1.00 total_env_steps=5448 t=0.08s
Ep  191: len= 38 白胜 loss=28.2852 temp=1.00 total_env_steps=5486 t=0.13s
Ep  192: len= 35 黑胜 loss=28.3962 temp=1.00 total_env_steps=5521 t=0.12s
Ep  193: len= 35 黑胜 loss=28.3842 temp=1.00 total_env_steps=5556 t=0.12s
Ep  194: len= 43 黑胜 loss=28.4023 temp=1.00 total_env_steps=5599 t=0.14s
Ep  195: len= 24 白胜 loss=28.4085 temp=1.00 total_env_steps=5623 t=0.09s
Ep  196: len=  2 白胜 loss=28.2784 temp=1.00 total_env_steps=5625 t=0.03s
Ep  197: len= 16 白胜 loss=28.3095 temp=1.00 total_env_steps=5641 t=0.08s
Ep  198: len= 23 黑胜 loss=28.4238 temp=1.00 total_env_steps=5664 t=0.14s
Ep  199: len= 24 白胜 loss=28.2635 temp=1.00 total_env_steps=5688 t=0.16s
Ep  200: len= 32 白胜 loss=28.2157 temp=1.00 total_env_steps=5720 t=0.20s
  eval vs Gomoku-random-v0: win_rate=1.00 mean_return=1.00（20 局，total_env_steps=5720）
  ✅ 达标 ep=200 total_env_steps=5720
Ep  201: len= 32 白胜 loss=28.4220 temp=1.00 total_env_steps=5752 t=0.13s
Ep  202: len= 17 黑胜 loss=28.4071 temp=1.00 total_env_steps=5769 t=0.09s
Ep  203: len= 19 黑胜 loss=28.2977 temp=1.00 total_env_steps=5788 t=0.10s
Ep  204: len= 20 白胜 loss=28.2459 temp=1.00 total_env_steps=5808 t=0.13s
Ep  205: len= 24 黑胜 loss=28.3477 temp=1.00 total_env_steps=5832 t=0.12s
Ep  206: len= 28 白胜 loss=28.5723 temp=1.00 total_env_steps=5860 t=0.14s
Ep  207: len=  2 黑胜 loss=28.3377 temp=1.00 total_env_steps=5862 t=0.06s
Ep  208: len= 42 白胜 loss=28.4627 temp=1.00 total_env_steps=5904 t=0.17s
Ep  209: len= 30 白胜 loss=28.4485 temp=1.00 total_env_steps=5934 t=0.14s
Ep  210: len= 25 黑胜 loss=28.3475 temp=1.00 total_env_steps=5959 t=0.12s
Ep  211: len= 30 白胜 loss=28.2982 temp=1.00 total_env_steps=5989 t=0.15s
Ep  212: len= 20 黑胜 loss=28.3980 temp=1.00 total_env_steps=6009 t=0.12s
Ep  213: len=  2 黑胜 loss=28.2601 temp=1.00 total_env_steps=6011 t=0.07s
Ep  214: len= 22 白胜 loss=28.2686 temp=1.00 total_env_steps=6033 t=0.12s
Ep  215: len= 49 黑胜 loss=28.3320 temp=1.00 total_env_steps=6082 t=0.20s
Ep  216: len= 36 白胜 loss=28.2420 temp=1.00 total_env_steps=6118 t=0.16s
Ep  217: len= 36 白胜 loss=28.3050 temp=1.00 total_env_steps=6154 t=0.16s
Ep  218: len=  6 白胜 loss=28.3172 temp=1.00 total_env_steps=6160 t=0.07s
Ep  219: len= 20 白胜 loss=28.5683 temp=1.00 total_env_steps=6180 t=0.12s
Ep  220: len= 35 黑胜 loss=28.3616 temp=1.00 total_env_steps=6215 t=0.16s
Ep  221: len= 18 白胜 loss=28.3418 temp=1.00 total_env_steps=6233 t=0.11s
Ep  222: len=  2 黑胜 loss=28.2004 temp=1.00 total_env_steps=6235 t=0.06s
Ep  223: len= 47 黑胜 loss=28.3765 temp=1.00 total_env_steps=6282 t=0.19s
Ep  224: len= 29 黑胜 loss=28.3638 temp=1.00 total_env_steps=6311 t=0.14s
Ep  225: len= 53 黑胜 loss=28.2359 temp=1.00 total_env_steps=6364 t=0.19s
Ep  226: len=  6 黑胜 loss=28.3077 temp=1.00 total_env_steps=6370 t=0.07s
Ep  227: len= 35 黑胜 loss=28.5575 temp=1.00 total_env_steps=6405 t=0.15s
Ep  228: len=  4 白胜 loss=28.2528 temp=1.00 total_env_steps=6409 t=0.07s
Ep  229: len=  4 白胜 loss=28.4856 temp=1.00 total_env_steps=6413 t=0.07s
Ep  230: len= 46 白胜 loss=28.4217 temp=1.00 total_env_steps=6459 t=0.17s
Ep  231: len= 37 白胜 loss=28.4327 temp=1.00 total_env_steps=6496 t=0.15s
Ep  232: len= 31 黑胜 loss=28.3237 temp=1.00 total_env_steps=6527 t=0.15s
Ep  233: len= 15 黑胜 loss=28.2272 temp=1.00 total_env_steps=6542 t=0.10s
Ep  234: len= 33 黑胜 loss=28.6159 temp=1.00 total_env_steps=6575 t=0.15s
Ep  235: len= 31 黑胜 loss=28.4910 temp=1.00 total_env_steps=6606 t=0.14s
Ep  236: len=  2 白胜 loss=28.3106 temp=1.00 total_env_steps=6608 t=0.06s
Ep  237: len= 18 白胜 loss=28.4144 temp=1.00 total_env_steps=6626 t=0.10s
Ep  238: len= 31 黑胜 loss=28.5235 temp=1.00 total_env_steps=6657 t=0.14s
Ep  239: len=  4 黑胜 loss=28.3028 temp=1.00 total_env_steps=6661 t=0.08s
Ep  240: len= 34 白胜 loss=28.4242 temp=1.00 total_env_steps=6695 t=0.14s
Ep  241: len= 32 白胜 loss=28.4872 temp=1.00 total_env_steps=6727 t=0.14s
Ep  242: len= 41 黑胜 loss=28.2882 temp=1.00 total_env_steps=6768 t=0.17s
Ep  243: len= 35 黑胜 loss=28.3021 temp=1.00 total_env_steps=6803 t=0.15s
Ep  244: len= 40 白胜 loss=28.3431 temp=1.00 total_env_steps=6843 t=0.14s
Ep  245: len= 46 白胜 loss=28.4137 temp=1.00 total_env_steps=6889 t=0.14s
Ep  246: len= 32 白胜 loss=28.1836 temp=1.00 total_env_steps=6921 t=0.09s
Ep  247: len= 32 黑胜 loss=28.3347 temp=1.00 total_env_steps=6953 t=0.10s
Ep  248: len= 29 黑胜 loss=28.4063 temp=1.00 total_env_steps=6982 t=0.09s
Ep  249: len= 34 白胜 loss=28.2461 temp=1.00 total_env_steps=7016 t=0.10s
Ep  250: len= 22 黑胜 loss=28.4199 temp=1.00 total_env_steps=7038 t=0.07s
Ep  251: len= 37 黑胜 loss=28.3247 temp=1.00 total_env_steps=7075 t=0.11s
Ep  252: len= 23 黑胜 loss=28.4946 temp=1.00 total_env_steps=7098 t=0.08s
Ep  253: len= 28 白胜 loss=28.2234 temp=1.00 total_env_steps=7126 t=0.09s
Ep  254: len= 13 黑胜 loss=28.1946 temp=1.00 total_env_steps=7139 t=0.05s
Ep  255: len= 34 黑胜 loss=28.1962 temp=1.00 total_env_steps=7173 t=0.10s
Ep  256: len= 24 黑胜 loss=28.3978 temp=1.00 total_env_steps=7197 t=0.08s
Ep  257: len= 18 黑胜 loss=28.2729 temp=1.00 total_env_steps=7215 t=0.06s
Ep  258: len= 35 黑胜 loss=28.3346 temp=1.00 total_env_steps=7250 t=0.10s
Ep  259: len= 23 黑胜 loss=28.4171 temp=1.00 total_env_steps=7273 t=0.07s
Ep  260: len= 31 黑胜 loss=28.2769 temp=1.00 total_env_steps=7304 t=0.09s
Ep  261: len= 31 黑胜 loss=28.3833 temp=1.00 total_env_steps=7335 t=0.09s
Ep  262: len= 33 黑胜 loss=28.4599 temp=1.00 total_env_steps=7368 t=0.09s
Ep  263: len=  2 黑胜 loss=28.2659 temp=1.00 total_env_steps=7370 t=0.02s
Ep  264: len= 37 黑胜 loss=28.3557 temp=1.00 total_env_steps=7407 t=0.09s
Ep  265: len= 26 白胜 loss=28.4279 temp=1.00 total_env_steps=7433 t=0.08s
Ep  266: len= 32 白胜 loss=28.2117 temp=1.00 total_env_steps=7465 t=0.09s
Ep  267: len= 21 黑胜 loss=28.3362 temp=1.00 total_env_steps=7486 t=0.07s
Ep  268: len= 27 黑胜 loss=28.2856 temp=1.00 total_env_steps=7513 t=0.08s
Ep  269: len= 32 白胜 loss=28.3080 temp=1.00 total_env_steps=7545 t=0.08s
Ep  270: len= 40 白胜 loss=28.4161 temp=1.00 total_env_steps=7585 t=0.10s
Ep  271: len= 38 白胜 loss=28.4014 temp=1.00 total_env_steps=7623 t=0.09s
Ep  272: len= 26 白胜 loss=28.5516 temp=1.00 total_env_steps=7649 t=0.07s
Ep  273: len= 41 黑胜 loss=28.2527 temp=1.00 total_env_steps=7690 t=0.10s
Ep  274: len= 35 黑胜 loss=28.1584 temp=1.00 total_env_steps=7725 t=0.09s
Ep  275: len= 42 白胜 loss=28.3455 temp=1.00 total_env_steps=7767 t=0.11s
Ep  276: len= 44 白胜 loss=28.4161 temp=1.00 total_env_steps=7811 t=0.11s
Ep  277: len= 19 黑胜 loss=28.2001 temp=1.00 total_env_steps=7830 t=0.05s
Ep  278: len= 17 白胜 loss=28.2031 temp=1.00 total_env_steps=7847 t=0.06s
Ep  279: len= 48 白胜 loss=28.5367 temp=1.00 total_env_steps=7895 t=0.12s
Ep  280: len=  2 白胜 loss=28.4744 temp=1.00 total_env_steps=7897 t=0.02s
Ep  281: len= 28 白胜 loss=28.3283 temp=1.00 total_env_steps=7925 t=0.07s
Ep  282: len= 27 黑胜 loss=28.3889 temp=1.00 total_env_steps=7952 t=0.07s
Ep  283: len= 20 黑胜 loss=28.2121 temp=1.00 total_env_steps=7972 t=0.05s
Ep  284: len= 44 白胜 loss=28.2265 temp=1.00 total_env_steps=8016 t=0.10s
Ep  285: len= 31 黑胜 loss=28.5514 temp=1.00 total_env_steps=8047 t=0.08s
Ep  286: len= 19 黑胜 loss=28.3415 temp=1.00 total_env_steps=8066 t=0.06s
Ep  287: len= 40 白胜 loss=28.2821 temp=1.00 total_env_steps=8106 t=0.11s
Ep  288: len= 29 黑胜 loss=28.4723 temp=1.00 total_env_steps=8135 t=0.09s
Ep  289: len=  2 白胜 loss=28.3596 temp=1.00 total_env_steps=8137 t=0.02s
Ep  290: len= 24 白胜 loss=28.3576 temp=1.00 total_env_steps=8161 t=0.08s
Ep  291: len= 22 白胜 loss=28.3361 temp=1.00 total_env_steps=8183 t=0.07s
Ep  292: len= 22 白胜 loss=28.2850 temp=1.00 total_env_steps=8205 t=0.07s
Ep  293: len= 35 黑胜 loss=28.3319 temp=1.00 total_env_steps=8240 t=0.10s
Ep  294: len= 25 黑胜 loss=28.2971 temp=1.00 total_env_steps=8265 t=0.08s
Ep  295: len= 33 黑胜 loss=28.1083 temp=1.00 total_env_steps=8298 t=0.09s
Ep  296: len= 31 黑胜 loss=28.2695 temp=1.00 total_env_steps=8329 t=0.08s
Ep  297: len=  8 白胜 loss=28.2869 temp=1.00 total_env_steps=8337 t=0.03s
Ep  298: len= 32 白胜 loss=28.5795 temp=1.00 total_env_steps=8369 t=0.09s
Ep  299: len= 31 黑胜 loss=28.2796 temp=1.00 total_env_steps=8400 t=0.09s
Ep  300: len= 37 黑胜 loss=28.4019 temp=1.00 total_env_steps=8437 t=0.09s
Ep  301: len= 14 黑胜 loss=28.2408 temp=1.00 total_env_steps=8451 t=0.05s
Ep  302: len=  2 黑胜 loss=28.5618 temp=1.00 total_env_steps=8453 t=0.02s
Ep  303: len= 25 黑胜 loss=28.3333 temp=1.00 total_env_steps=8478 t=0.07s
Ep  304: len= 55 黑胜 loss=28.3193 temp=1.00 total_env_steps=8533 t=0.13s
Ep  305: len=  2 黑胜 loss=28.3776 temp=1.00 total_env_steps=8535 t=0.02s
Ep  306: len= 10 黑胜 loss=28.5316 temp=1.00 total_env_steps=8545 t=0.05s
Ep  307: len= 25 黑胜 loss=28.3823 temp=1.00 total_env_steps=8570 t=0.07s
Ep  308: len= 41 黑胜 loss=28.3552 temp=1.00 total_env_steps=8611 t=0.10s
Ep  309: len= 21 黑胜 loss=28.3018 temp=1.00 total_env_steps=8632 t=0.06s
Ep  310: len= 57 黑胜 loss=28.3661 temp=1.00 total_env_steps=8689 t=0.13s
Ep  311: len= 34 白胜 loss=28.2414 temp=1.00 total_env_steps=8723 t=0.10s
Ep  312: len= 30 白胜 loss=28.1857 temp=1.00 total_env_steps=8753 t=0.10s
Ep  313: len= 35 黑胜 loss=28.4815 temp=1.00 total_env_steps=8788 t=0.11s
Ep  314: len= 31 黑胜 loss=28.0907 temp=1.00 total_env_steps=8819 t=0.10s
Ep  315: len= 16 白胜 loss=28.3931 temp=1.00 total_env_steps=8835 t=0.06s
Ep  316: len=  4 白胜 loss=28.3350 temp=1.00 total_env_steps=8839 t=0.03s
Ep  317: len= 37 黑胜 loss=28.1814 temp=1.00 total_env_steps=8876 t=0.10s
Ep  318: len= 15 黑胜 loss=28.2225 temp=1.00 total_env_steps=8891 t=0.05s
Ep  319: len= 28 白胜 loss=28.4013 temp=1.00 total_env_steps=8919 t=0.07s
Ep  320: len= 33 黑胜 loss=28.1948 temp=1.00 total_env_steps=8952 t=0.09s
Ep  321: len= 36 白胜 loss=28.4288 temp=1.00 total_env_steps=8988 t=0.09s
Ep  322: len= 29 黑胜 loss=28.2612 temp=1.00 total_env_steps=9017 t=0.08s
Ep  323: len= 31 黑胜 loss=28.2846 temp=1.00 total_env_steps=9048 t=0.08s
Ep  324: len= 33 黑胜 loss=28.2666 temp=1.00 total_env_steps=9081 t=0.09s
Ep  325: len= 40 白胜 loss=28.3321 temp=1.00 total_env_steps=9121 t=0.09s
Ep  326: len= 36 白胜 loss=28.4271 temp=1.00 total_env_steps=9157 t=0.09s
Ep  327: len= 16 白胜 loss=28.2717 temp=1.00 total_env_steps=9173 t=0.05s
Ep  328: len= 20 黑胜 loss=28.1582 temp=1.00 total_env_steps=9193 t=0.06s
Ep  329: len= 29 黑胜 loss=28.3257 temp=1.00 total_env_steps=9222 t=0.09s
Ep  330: len=  2 白胜 loss=28.4994 temp=1.00 total_env_steps=9224 t=0.03s
Ep  331: len= 33 黑胜 loss=28.2269 temp=1.00 total_env_steps=9257 t=0.10s
Ep  332: len= 19 黑胜 loss=28.1057 temp=1.00 total_env_steps=9276 t=0.06s
Ep  333: len= 31 黑胜 loss=28.5744 temp=1.00 total_env_steps=9307 t=0.09s
Ep  334: len= 33 黑胜 loss=28.3559 temp=1.00 total_env_steps=9340 t=0.09s
Ep  335: len= 40 白胜 loss=28.3095 temp=1.00 total_env_steps=9380 t=0.11s
Ep  336: len= 31 黑胜 loss=28.3657 temp=1.00 total_env_steps=9411 t=0.08s
Ep  337: len= 37 黑胜 loss=28.4539 temp=1.00 total_env_steps=9448 t=0.09s
Ep  338: len= 23 黑胜 loss=28.3396 temp=1.00 total_env_steps=9471 t=0.07s
Ep  339: len=  2 白胜 loss=28.3317 temp=1.00 total_env_steps=9473 t=0.02s
Ep  340: len= 22 白胜 loss=28.2281 temp=1.00 total_env_steps=9495 t=0.07s
Ep  341: len= 33 黑胜 loss=28.1465 temp=1.00 total_env_steps=9528 t=0.09s
Ep  342: len= 40 黑胜 loss=28.3842 temp=1.00 total_env_steps=9568 t=0.09s
Ep  343: len=  8 黑胜 loss=28.2944 temp=1.00 total_env_steps=9576 t=0.04s
Ep  344: len= 28 白胜 loss=28.2563 temp=1.00 total_env_steps=9604 t=0.08s
Ep  345: len= 34 白胜 loss=28.3497 temp=1.00 total_env_steps=9638 t=0.10s
Ep  346: len= 27 黑胜 loss=28.1892 temp=1.00 total_env_steps=9665 t=0.08s
Ep  347: len= 25 黑胜 loss=28.4520 temp=1.00 total_env_steps=9690 t=0.08s
Ep  348: len= 30 白胜 loss=28.1290 temp=1.00 total_env_steps=9720 t=0.09s
Ep  349: len= 23 黑胜 loss=28.3082 temp=1.00 total_env_steps=9743 t=0.06s
Ep  350: len= 39 黑胜 loss=28.1678 temp=1.00 total_env_steps=9782 t=0.09s
Ep  351: len=  6 黑胜 loss=28.5182 temp=1.00 total_env_steps=9788 t=0.03s
Ep  352: len= 31 黑胜 loss=28.3014 temp=1.00 total_env_steps=9819 t=0.09s
Ep  353: len= 27 黑胜 loss=28.1448 temp=1.00 total_env_steps=9846 t=0.08s
Ep  354: len= 24 白胜 loss=28.1626 temp=1.00 total_env_steps=9870 t=0.07s
Ep  355: len= 37 黑胜 loss=28.1546 temp=1.00 total_env_steps=9907 t=0.10s
Ep  356: len= 27 黑胜 loss=28.1152 temp=1.00 total_env_steps=9934 t=0.08s
Ep  357: len= 12 黑胜 loss=28.3430 temp=1.00 total_env_steps=9946 t=0.04s
Ep  358: len= 32 白胜 loss=28.4947 temp=1.00 total_env_steps=9978 t=0.09s
Ep  359: len= 25 黑胜 loss=28.3788 temp=1.00 total_env_steps=10003 t=0.07s
Ep  360: len= 34 白胜 loss=28.2603 temp=1.00 total_env_steps=10037 t=0.08s
Ep  361: len= 30 白胜 loss=28.2762 temp=1.00 total_env_steps=10067 t=0.09s
Ep  362: len= 49 黑胜 loss=28.1087 temp=1.00 total_env_steps=10116 t=0.11s
Ep  363: len= 19 黑胜 loss=28.0536 temp=1.00 total_env_steps=10135 t=0.05s
Ep  364: len= 43 黑胜 loss=28.2727 temp=1.00 total_env_steps=10178 t=0.12s
Ep  365: len=  6 黑胜 loss=28.2808 temp=1.00 total_env_steps=10184 t=0.03s
Ep  366: len= 27 黑胜 loss=28.2448 temp=1.00 total_env_steps=10211 t=0.08s
Ep  367: len=  2 黑胜 loss=28.4883 temp=1.00 total_env_steps=10213 t=0.02s
Ep  368: len= 18 白胜 loss=28.5091 temp=1.00 total_env_steps=10231 t=0.06s
Ep  369: len= 26 白胜 loss=28.2064 temp=1.00 total_env_steps=10257 t=0.08s
Ep  370: len= 21 黑胜 loss=28.3350 temp=1.00 total_env_steps=10278 t=0.07s
Ep  371: len= 31 黑胜 loss=28.1998 temp=1.00 total_env_steps=10309 t=0.09s
Ep  372: len= 28 黑胜 loss=28.1877 temp=1.00 total_env_steps=10337 t=0.07s
Ep  373: len= 24 黑胜 loss=28.2235 temp=1.00 total_env_steps=10361 t=0.06s
Ep  374: len= 19 黑胜 loss=28.2087 temp=1.00 total_env_steps=10380 t=0.06s
Ep  375: len= 25 黑胜 loss=28.2284 temp=1.00 total_env_steps=10405 t=0.08s
Ep  376: len= 40 白胜 loss=28.2333 temp=1.00 total_env_steps=10445 t=0.09s
Ep  377: len= 25 黑胜 loss=28.3364 temp=1.00 total_env_steps=10470 t=0.08s
Ep  378: len= 33 黑胜 loss=28.2349 temp=1.00 total_env_steps=10503 t=0.08s
Ep  379: len= 27 黑胜 loss=28.2223 temp=1.00 total_env_steps=10530 t=0.07s
Ep  380: len= 24 白胜 loss=28.1208 temp=1.00 total_env_steps=10554 t=0.06s
Ep  381: len= 36 白胜 loss=28.2110 temp=1.00 total_env_steps=10590 t=0.09s
Ep  382: len= 27 黑胜 loss=27.9238 temp=1.00 total_env_steps=10617 t=0.07s
Ep  383: len= 32 白胜 loss=28.2669 temp=1.00 total_env_steps=10649 t=0.09s
Ep  384: len= 32 白胜 loss=28.1777 temp=1.00 total_env_steps=10681 t=0.08s
Ep  385: len= 15 黑胜 loss=27.9070 temp=1.00 total_env_steps=10696 t=0.05s
Ep  386: len= 37 黑胜 loss=27.9689 temp=1.00 total_env_steps=10733 t=0.09s
Ep  387: len= 28 白胜 loss=28.1729 temp=1.00 total_env_steps=10761 t=0.07s
Ep  388: len= 47 黑胜 loss=28.2758 temp=1.00 total_env_steps=10808 t=0.12s
Ep  389: len= 23 黑胜 loss=28.1890 temp=1.00 total_env_steps=10831 t=0.08s
Ep  390: len= 31 黑胜 loss=28.0957 temp=1.00 total_env_steps=10862 t=0.09s
Ep  391: len= 21 黑胜 loss=28.1311 temp=1.00 total_env_steps=10883 t=0.07s
Ep  392: len= 12 黑胜 loss=28.2088 temp=1.00 total_env_steps=10895 t=0.04s
Ep  393: len=  2 白胜 loss=28.1013 temp=1.00 total_env_steps=10897 t=0.02s
Ep  394: len= 64 白胜 loss=28.4199 temp=1.00 total_env_steps=10961 t=0.14s
Ep  395: len= 34 白胜 loss=28.2835 temp=1.00 total_env_steps=10995 t=0.10s
Ep  396: len= 35 黑胜 loss=28.4162 temp=1.00 total_env_steps=11030 t=0.10s
Ep  397: len= 27 黑胜 loss=28.1443 temp=1.00 total_env_steps=11057 t=0.07s
Ep  398: len= 41 黑胜 loss=28.2636 temp=1.00 total_env_steps=11098 t=0.10s
Ep  399: len= 35 黑胜 loss=28.3805 temp=1.00 total_env_steps=11133 t=0.09s
Ep  400: len= 30 白胜 loss=27.9242 temp=1.00 total_env_steps=11163 t=0.08s
  eval vs Gomoku-random-v0: win_rate=1.00 mean_return=1.00（20 局，total_env_steps=11163）
Ep  401: len= 33 黑胜 loss=27.9671 temp=1.00 total_env_steps=11196 t=0.09s
Ep  402: len= 14 白胜 loss=28.3061 temp=1.00 total_env_steps=11210 t=0.05s
Ep  403: len= 29 黑胜 loss=28.0774 temp=1.00 total_env_steps=11239 t=0.08s
Ep  404: len= 18 白胜 loss=28.1243 temp=1.00 total_env_steps=11257 t=0.05s
Ep  405: len= 36 白胜 loss=28.1684 temp=1.00 total_env_steps=11293 t=0.09s
Ep  406: len= 28 白胜 loss=28.2323 temp=1.00 total_env_steps=11321 t=0.08s
Ep  407: len= 25 白胜 loss=28.1913 temp=1.00 total_env_steps=11346 t=0.07s
Ep  408: len=  4 白胜 loss=28.1290 temp=1.00 total_env_steps=11350 t=0.03s
Ep  409: len= 31 黑胜 loss=28.1476 temp=1.00 total_env_steps=11381 t=0.08s
Ep  410: len=  8 白胜 loss=28.2163 temp=1.00 total_env_steps=11389 t=0.04s
Ep  411: len= 37 黑胜 loss=28.2478 temp=1.00 total_env_steps=11426 t=0.10s
Ep  412: len= 26 白胜 loss=28.1471 temp=1.00 total_env_steps=11452 t=0.07s
Ep  413: len= 23 黑胜 loss=28.0297 temp=1.00 total_env_steps=11475 t=0.06s
Ep  414: len= 37 黑胜 loss=28.0788 temp=1.00 total_env_steps=11512 t=0.09s
Ep  415: len= 27 黑胜 loss=28.3511 temp=1.00 total_env_steps=11539 t=0.07s
Ep  416: len= 22 白胜 loss=27.9938 temp=1.00 total_env_steps=11561 t=0.06s
Ep  417: len= 24 白胜 loss=28.1705 temp=1.00 total_env_steps=11585 t=0.07s
Ep  418: len= 41 黑胜 loss=28.2810 temp=1.00 total_env_steps=11626 t=0.10s
Ep  419: len= 32 白胜 loss=28.0595 temp=1.00 total_env_steps=11658 t=0.09s
Ep  420: len= 22 白胜 loss=28.3145 temp=1.00 total_env_steps=11680 t=0.06s
Ep  421: len= 34 白胜 loss=28.1976 temp=1.00 total_env_steps=11714 t=0.08s
Ep  422: len= 32 白胜 loss=28.0962 temp=1.00 total_env_steps=11746 t=0.08s
Ep  423: len= 16 白胜 loss=28.0696 temp=1.00 total_env_steps=11762 t=0.05s
Ep  424: len= 36 白胜 loss=28.0629 temp=1.00 total_env_steps=11798 t=0.09s
Ep  425: len= 32 白胜 loss=28.1466 temp=1.00 total_env_steps=11830 t=0.09s
Ep  426: len= 51 黑胜 loss=28.1811 temp=1.00 total_env_steps=11881 t=0.13s
Ep  427: len= 25 白胜 loss=28.0163 temp=1.00 total_env_steps=11906 t=0.07s
Ep  428: len= 40 白胜 loss=28.1279 temp=1.00 total_env_steps=11946 t=0.11s
Ep  429: len= 31 黑胜 loss=28.0395 temp=1.00 total_env_steps=11977 t=0.08s
Ep  430: len= 28 白胜 loss=27.8684 temp=1.00 total_env_steps=12005 t=0.08s
Ep  431: len= 35 黑胜 loss=27.9101 temp=1.00 total_env_steps=12040 t=0.10s
Ep  432: len= 29 黑胜 loss=28.2103 temp=1.00 total_env_steps=12069 t=0.08s
Ep  433: len= 29 黑胜 loss=28.0853 temp=1.00 total_env_steps=12098 t=0.07s
Ep  434: len= 29 黑胜 loss=28.3372 temp=1.00 total_env_steps=12127 t=0.08s
Ep  435: len= 19 黑胜 loss=28.1092 temp=1.00 total_env_steps=12146 t=0.05s
Ep  436: len= 25 黑胜 loss=27.8624 temp=1.00 total_env_steps=12171 t=0.08s
Ep  437: len= 29 黑胜 loss=27.9392 temp=1.00 total_env_steps=12200 t=0.08s
Ep  438: len= 21 黑胜 loss=28.1059 temp=1.00 total_env_steps=12221 t=0.07s
Ep  439: len= 34 白胜 loss=28.0689 temp=1.00 total_env_steps=12255 t=0.10s
Ep  440: len= 23 白胜 loss=27.9941 temp=1.00 total_env_steps=12278 t=0.07s
Ep  441: len=  6 白胜 loss=28.0019 temp=1.00 total_env_steps=12284 t=0.03s
Ep  442: len= 39 黑胜 loss=28.0594 temp=1.00 total_env_steps=12323 t=0.11s
Ep  443: len= 18 白胜 loss=27.9148 temp=1.00 total_env_steps=12341 t=0.06s
Ep  444: len= 32 白胜 loss=28.1967 temp=1.00 total_env_steps=12373 t=0.09s
Ep  445: len= 34 白胜 loss=27.9421 temp=1.00 total_env_steps=12407 t=0.09s
Ep  446: len= 39 黑胜 loss=28.3178 temp=1.00 total_env_steps=12446 t=0.11s
Ep  447: len= 33 黑胜 loss=28.0864 temp=1.00 total_env_steps=12479 t=0.09s
Ep  448: len= 22 白胜 loss=27.9820 temp=1.00 total_env_steps=12501 t=0.06s
Ep  449: len= 13 黑胜 loss=28.0412 temp=1.00 total_env_steps=12514 t=0.05s
Ep  450: len=  2 黑胜 loss=28.2069 temp=1.00 total_env_steps=12516 t=0.02s
Ep  451: len= 12 白胜 loss=28.0284 temp=1.00 total_env_steps=12528 t=0.05s
Ep  452: len= 39 黑胜 loss=27.8913 temp=1.00 total_env_steps=12567 t=0.11s
Ep  453: len= 34 白胜 loss=28.0235 temp=1.00 total_env_steps=12601 t=0.10s
Ep  454: len= 20 白胜 loss=28.0605 temp=1.00 total_env_steps=12621 t=0.06s
Ep  455: len= 25 黑胜 loss=28.0432 temp=1.00 total_env_steps=12646 t=0.07s
Ep  456: len= 41 黑胜 loss=28.0994 temp=1.00 total_env_steps=12687 t=0.10s
Ep  457: len= 42 白胜 loss=27.9015 temp=1.00 total_env_steps=12729 t=0.11s
Ep  458: len= 30 白胜 loss=28.0103 temp=1.00 total_env_steps=12759 t=0.08s
Ep  459: len= 34 白胜 loss=28.2431 temp=1.00 total_env_steps=12793 t=0.09s
Ep  460: len= 13 黑胜 loss=28.1570 temp=1.00 total_env_steps=12806 t=0.04s
Ep  461: len= 34 白胜 loss=28.0780 temp=1.00 total_env_steps=12840 t=0.09s
Ep  462: len= 30 白胜 loss=27.9358 temp=1.00 total_env_steps=12870 t=0.08s
Ep  463: len=  6 黑胜 loss=27.7724 temp=1.00 total_env_steps=12876 t=0.03s
Ep  464: len=  2 黑胜 loss=28.0048 temp=1.00 total_env_steps=12878 t=0.04s
Ep  465: len= 28 白胜 loss=27.7980 temp=1.00 total_env_steps=12906 t=0.08s
Ep  466: len= 31 黑胜 loss=27.8833 temp=1.00 total_env_steps=12937 t=0.09s
Ep  467: len= 18 白胜 loss=27.9749 temp=1.00 total_env_steps=12955 t=0.06s
Ep  468: len= 40 白胜 loss=27.8266 temp=1.00 total_env_steps=12995 t=0.09s
Ep  469: len= 25 黑胜 loss=28.0328 temp=1.00 total_env_steps=13020 t=0.08s
Ep  470: len= 39 黑胜 loss=28.0298 temp=1.00 total_env_steps=13059 t=0.11s
Ep  471: len= 31 黑胜 loss=27.9924 temp=1.00 total_env_steps=13090 t=0.10s
Ep  472: len= 24 白胜 loss=28.1344 temp=1.00 total_env_steps=13114 t=0.07s
Ep  473: len= 31 黑胜 loss=27.9043 temp=1.00 total_env_steps=13145 t=0.08s
Ep  474: len= 26 白胜 loss=28.0514 temp=1.00 total_env_steps=13171 t=0.09s
Ep  475: len= 31 黑胜 loss=27.7118 temp=1.00 total_env_steps=13202 t=0.10s
Ep  476: len= 41 黑胜 loss=27.6824 temp=1.00 total_env_steps=13243 t=0.11s
Ep  477: len= 37 黑胜 loss=27.8953 temp=1.00 total_env_steps=13280 t=0.10s
Ep  478: len= 18 白胜 loss=27.5598 temp=1.00 total_env_steps=13298 t=0.06s
Ep  479: len= 25 黑胜 loss=27.9201 temp=1.00 total_env_steps=13323 t=0.07s
Ep  480: len= 27 黑胜 loss=27.7495 temp=1.00 total_env_steps=13350 t=0.07s
Ep  481: len= 27 黑胜 loss=27.8659 temp=1.00 total_env_steps=13377 t=0.08s
Ep  482: len= 23 黑胜 loss=27.8558 temp=1.00 total_env_steps=13400 t=0.07s
Ep  483: len= 23 白胜 loss=27.7444 temp=1.00 total_env_steps=13423 t=0.07s
Ep  484: len=  2 黑胜 loss=27.8723 temp=1.00 total_env_steps=13425 t=0.03s
Ep  485: len= 16 白胜 loss=27.9233 temp=1.00 total_env_steps=13441 t=0.05s
Ep  486: len= 17 黑胜 loss=27.7488 temp=1.00 total_env_steps=13458 t=0.06s
Ep  487: len= 29 黑胜 loss=27.8047 temp=1.00 total_env_steps=13487 t=0.08s
Ep  488: len= 33 黑胜 loss=28.1790 temp=1.00 total_env_steps=13520 t=0.09s
Ep  489: len= 15 黑胜 loss=28.0078 temp=1.00 total_env_steps=13535 t=0.05s
Ep  490: len= 11 黑胜 loss=27.9941 temp=1.00 total_env_steps=13546 t=0.05s
Ep  491: len=  2 黑胜 loss=27.9462 temp=1.00 total_env_steps=13548 t=0.02s
Ep  492: len= 26 白胜 loss=27.7823 temp=1.00 total_env_steps=13574 t=0.08s
Ep  493: len= 25 黑胜 loss=27.4538 temp=1.00 total_env_steps=13599 t=0.08s
Ep  494: len= 30 白胜 loss=28.0379 temp=1.00 total_env_steps=13629 t=0.09s
Ep  495: len= 23 黑胜 loss=28.0633 temp=1.00 total_env_steps=13652 t=0.07s
Ep  496: len= 25 黑胜 loss=28.0454 temp=1.00 total_env_steps=13677 t=0.08s
Ep  497: len= 31 黑胜 loss=27.9062 temp=1.00 total_env_steps=13708 t=0.10s
Ep  498: len=  2 黑胜 loss=27.8663 temp=1.00 total_env_steps=13710 t=0.03s
Ep  499: len= 30 白胜 loss=27.5280 temp=1.00 total_env_steps=13740 t=0.09s
Ep  500: len= 32 白胜 loss=27.8602 temp=1.00 total_env_steps=13772 t=0.10s
Ep  501: len= 39 黑胜 loss=27.9208 temp=1.00 total_env_steps=13811 t=0.11s
Ep  502: len= 24 白胜 loss=27.8339 temp=1.00 total_env_steps=13835 t=0.08s
Ep  503: len= 22 白胜 loss=27.7346 temp=1.00 total_env_steps=13857 t=0.08s
Ep  504: len= 33 黑胜 loss=27.9605 temp=1.00 total_env_steps=13890 t=0.09s
Ep  505: len=  2 白胜 loss=27.8978 temp=1.00 total_env_steps=13892 t=0.03s
Ep  506: len= 30 白胜 loss=27.9634 temp=1.00 total_env_steps=13922 t=0.08s
Ep  507: len= 26 白胜 loss=27.9153 temp=1.00 total_env_steps=13948 t=0.08s
Ep  508: len= 25 黑胜 loss=27.8232 temp=1.00 total_env_steps=13973 t=0.07s
Ep  509: len= 30 白胜 loss=28.0685 temp=1.00 total_env_steps=14003 t=0.08s
Ep  510: len= 35 黑胜 loss=27.6299 temp=1.00 total_env_steps=14038 t=0.09s
Ep  511: len= 37 黑胜 loss=27.9797 temp=1.00 total_env_steps=14075 t=0.09s
Ep  512: len=  8 白胜 loss=27.9576 temp=1.00 total_env_steps=14083 t=0.04s
Ep  513: len=  4 黑胜 loss=28.0287 temp=1.00 total_env_steps=14087 t=0.03s
Ep  514: len= 22 白胜 loss=27.8999 temp=1.00 total_env_steps=14109 t=0.07s
Ep  515: len= 26 黑胜 loss=27.5861 temp=1.00 total_env_steps=14135 t=0.08s
Ep  516: len= 34 白胜 loss=27.9026 temp=1.00 total_env_steps=14169 t=0.08s
Ep  517: len=  6 黑胜 loss=27.8600 temp=1.00 total_env_steps=14175 t=0.03s
Ep  518: len= 25 黑胜 loss=27.7514 temp=1.00 total_env_steps=14200 t=0.09s
Ep  519: len= 32 白胜 loss=27.8315 temp=1.00 total_env_steps=14232 t=0.08s
Ep  520: len= 42 白胜 loss=27.8062 temp=1.00 total_env_steps=14274 t=0.11s
Ep  521: len= 28 白胜 loss=27.7446 temp=1.00 total_env_steps=14302 t=0.08s
Ep  522: len= 25 黑胜 loss=27.6185 temp=1.00 total_env_steps=14327 t=0.07s
Ep  523: len= 41 黑胜 loss=27.6785 temp=1.00 total_env_steps=14368 t=0.09s
Ep  524: len= 40 白胜 loss=28.0683 temp=1.00 total_env_steps=14408 t=0.11s
Ep  525: len= 24 白胜 loss=28.0408 temp=1.00 total_env_steps=14432 t=0.07s
Ep  526: len= 32 黑胜 loss=27.8290 temp=1.00 total_env_steps=14464 t=0.09s
Ep  527: len= 24 白胜 loss=28.0876 temp=1.00 total_env_steps=14488 t=0.06s
Ep  528: len= 18 白胜 loss=27.6036 temp=1.00 total_env_steps=14506 t=0.06s
Ep  529: len= 32 白胜 loss=27.7398 temp=1.00 total_env_steps=14538 t=0.09s
Ep  530: len= 14 黑胜 loss=27.5113 temp=1.00 total_env_steps=14552 t=0.05s
Ep  531: len=  2 白胜 loss=27.7274 temp=1.00 total_env_steps=14554 t=0.02s
Ep  532: len= 24 白胜 loss=27.5660 temp=1.00 total_env_steps=14578 t=0.07s
Ep  533: len= 20 白胜 loss=27.5561 temp=1.00 total_env_steps=14598 t=0.06s
Ep  534: len= 25 黑胜 loss=27.8187 temp=1.00 total_env_steps=14623 t=0.07s
Ep  535: len= 12 白胜 loss=27.6732 temp=1.00 total_env_steps=14635 t=0.04s
Ep  536: len= 29 黑胜 loss=27.8349 temp=1.00 total_env_steps=14664 t=0.07s
Ep  537: len= 20 白胜 loss=27.6516 temp=1.00 total_env_steps=14684 t=0.06s
Ep  538: len= 12 白胜 loss=28.0006 temp=1.00 total_env_steps=14696 t=0.05s
Ep  539: len= 16 白胜 loss=27.5514 temp=1.00 total_env_steps=14712 t=0.05s
Ep  540: len= 31 黑胜 loss=27.6858 temp=1.00 total_env_steps=14743 t=0.08s
Ep  541: len=  2 白胜 loss=27.8175 temp=1.00 total_env_steps=14745 t=0.02s
Ep  542: len= 19 黑胜 loss=27.6109 temp=1.00 total_env_steps=14764 t=0.06s
Ep  543: len= 18 白胜 loss=27.3356 temp=1.00 total_env_steps=14782 t=0.05s
Ep  544: len=  8 黑胜 loss=27.7262 temp=1.00 total_env_steps=14790 t=0.04s
Ep  545: len= 34 白胜 loss=27.8003 temp=1.00 total_env_steps=14824 t=0.09s
Ep  546: len= 27 黑胜 loss=27.5846 temp=1.00 total_env_steps=14851 t=0.08s
Ep  547: len= 32 白胜 loss=27.8923 temp=1.00 total_env_steps=14883 t=0.08s
Ep  548: len=  2 黑胜 loss=27.7576 temp=1.00 total_env_steps=14885 t=0.02s
Ep  549: len= 26 白胜 loss=27.6876 temp=1.00 total_env_steps=14911 t=0.07s
Ep  550: len= 37 黑胜 loss=27.7274 temp=1.00 total_env_steps=14948 t=0.10s
Ep  551: len= 21 黑胜 loss=27.5576 temp=1.00 total_env_steps=14969 t=0.06s
Ep  552: len= 24 白胜 loss=27.9354 temp=1.00 total_env_steps=14993 t=0.07s
Ep  553: len= 31 黑胜 loss=27.9428 temp=1.00 total_env_steps=15024 t=0.08s
Ep  554: len= 27 黑胜 loss=27.3449 temp=1.00 total_env_steps=15051 t=0.07s
Ep  555: len= 33 黑胜 loss=27.6046 temp=1.00 total_env_steps=15084 t=0.09s
Ep  556: len= 40 白胜 loss=27.6773 temp=1.00 total_env_steps=15124 t=0.09s
Ep  557: len= 25 黑胜 loss=27.6060 temp=1.00 total_env_steps=15149 t=0.07s
Ep  558: len= 23 黑胜 loss=27.8659 temp=1.00 total_env_steps=15172 t=0.07s
Ep  559: len= 28 白胜 loss=27.9350 temp=1.00 total_env_steps=15200 t=0.07s
Ep  560: len= 18 白胜 loss=27.4796 temp=1.00 total_env_steps=15218 t=0.06s
Ep  561: len= 22 黑胜 loss=27.5221 temp=1.00 total_env_steps=15240 t=0.07s
Ep  562: len= 26 白胜 loss=27.5436 temp=1.00 total_env_steps=15266 t=0.07s
Ep  563: len= 30 白胜 loss=27.8046 temp=1.00 total_env_steps=15296 t=0.08s
Ep  564: len= 25 黑胜 loss=27.8710 temp=1.00 total_env_steps=15321 t=0.08s
Ep  565: len= 22 黑胜 loss=27.4673 temp=1.00 total_env_steps=15343 t=0.06s
Ep  566: len= 42 白胜 loss=27.2916 temp=1.00 total_env_steps=15385 t=0.10s
Ep  567: len= 15 黑胜 loss=27.8338 temp=1.00 total_env_steps=15400 t=0.05s
Ep  568: len= 31 黑胜 loss=27.5597 temp=1.00 total_env_steps=15431 t=0.09s
Ep  569: len= 25 白胜 loss=28.1539 temp=1.00 total_env_steps=15456 t=0.07s
Ep  570: len= 27 黑胜 loss=27.6741 temp=1.00 total_env_steps=15483 t=0.07s
Ep  571: len= 15 黑胜 loss=27.6798 temp=1.00 total_env_steps=15498 t=0.05s
Ep  572: len= 34 白胜 loss=27.9125 temp=1.00 total_env_steps=15532 t=0.08s
Ep  573: len= 25 黑胜 loss=27.7993 temp=1.00 total_env_steps=15557 t=0.07s
Ep  574: len= 41 黑胜 loss=27.6040 temp=1.00 total_env_steps=15598 t=0.10s
Ep  575: len= 24 白胜 loss=27.8146 temp=1.00 total_env_steps=15622 t=0.06s
Ep  576: len= 31 黑胜 loss=27.6745 temp=1.00 total_env_steps=15653 t=0.09s
Ep  577: len= 25 黑胜 loss=27.2358 temp=1.00 total_env_steps=15678 t=0.06s
Ep  578: len= 21 黑胜 loss=27.9100 temp=1.00 total_env_steps=15699 t=0.06s
Ep  579: len= 32 黑胜 loss=27.3771 temp=1.00 total_env_steps=15731 t=0.08s
Ep  580: len= 38 黑胜 loss=27.7318 temp=1.00 total_env_steps=15769 t=0.08s
Ep  581: len= 31 黑胜 loss=27.9013 temp=1.00 total_env_steps=15800 t=0.09s
Ep  582: len= 20 白胜 loss=27.5826 temp=1.00 total_env_steps=15820 t=0.06s
Ep  583: len= 26 白胜 loss=27.2588 temp=1.00 total_env_steps=15846 t=0.07s
Ep  584: len= 33 黑胜 loss=27.8742 temp=1.00 total_env_steps=15879 t=0.08s
Ep  585: len= 23 黑胜 loss=27.5161 temp=1.00 total_env_steps=15902 t=0.06s
Ep  586: len= 33 黑胜 loss=27.7176 temp=1.00 total_env_steps=15935 t=0.08s
Ep  587: len= 25 黑胜 loss=27.3633 temp=1.00 total_env_steps=15960 t=0.07s
Ep  588: len= 37 黑胜 loss=27.5851 temp=1.00 total_env_steps=15997 t=0.09s
Ep  589: len= 22 白胜 loss=27.1417 temp=1.00 total_env_steps=16019 t=0.06s
Ep  590: len= 27 黑胜 loss=27.5585 temp=1.00 total_env_steps=16046 t=0.08s
Ep  591: len= 42 白胜 loss=27.6097 temp=1.00 total_env_steps=16088 t=0.10s
Ep  592: len= 27 黑胜 loss=27.5309 temp=1.00 total_env_steps=16115 t=0.08s
Ep  593: len= 47 黑胜 loss=27.6770 temp=1.00 total_env_steps=16162 t=0.11s
Ep  594: len= 34 白胜 loss=27.1547 temp=1.00 total_env_steps=16196 t=0.08s
Ep  595: len= 31 黑胜 loss=27.4889 temp=1.00 total_env_steps=16227 t=0.08s
Ep  596: len= 30 白胜 loss=27.6408 temp=1.00 total_env_steps=16257 t=0.08s
Ep  597: len= 24 白胜 loss=27.2349 temp=1.00 total_env_steps=16281 t=0.07s
Ep  598: len= 37 黑胜 loss=27.5398 temp=1.00 total_env_steps=16318 t=0.09s
Ep  599: len= 35 黑胜 loss=27.6566 temp=1.00 total_env_steps=16353 t=0.09s
Ep  600: len= 24 黑胜 loss=27.4166 temp=1.00 total_env_steps=16377 t=0.07s
  eval vs Gomoku-random-v0: win_rate=1.00 mean_return=1.00（20 局，total_env_steps=16377）
Ep  601: len= 32 白胜 loss=27.4429 temp=1.00 total_env_steps=16409 t=0.09s
Ep  602: len= 16 白胜 loss=27.6618 temp=1.00 total_env_steps=16425 t=0.05s
Ep  603: len= 26 白胜 loss=27.1203 temp=1.00 total_env_steps=16451 t=0.07s
Ep  604: len= 31 黑胜 loss=27.1592 temp=1.00 total_env_steps=16482 t=0.08s
Ep  605: len= 23 黑胜 loss=27.5370 temp=1.00 total_env_steps=16505 t=0.07s
Ep  606: len= 12 黑胜 loss=27.0593 temp=1.00 total_env_steps=16517 t=0.04s
Ep  607: len= 25 黑胜 loss=27.4333 temp=1.00 total_env_steps=16542 t=0.07s
Ep  608: len= 49 黑胜 loss=26.9690 temp=1.00 total_env_steps=16591 t=0.12s
Ep  609: len= 25 黑胜 loss=27.6836 temp=1.00 total_env_steps=16616 t=0.07s
Ep  610: len= 32 白胜 loss=27.0580 temp=1.00 total_env_steps=16648 t=0.08s
Ep  611: len= 32 白胜 loss=27.5167 temp=1.00 total_env_steps=16680 t=0.08s
Ep  612: len= 33 黑胜 loss=27.5298 temp=1.00 total_env_steps=16713 t=0.08s
Ep  613: len= 25 黑胜 loss=27.1064 temp=1.00 total_env_steps=16738 t=0.07s
Ep  614: len= 36 白胜 loss=27.4697 temp=1.00 total_env_steps=16774 t=0.09s
Ep  615: len= 27 黑胜 loss=27.1286 temp=1.00 total_env_steps=16801 t=0.07s
Ep  616: len= 31 黑胜 loss=26.8513 temp=1.00 total_env_steps=16832 t=0.08s
Ep  617: len= 25 黑胜 loss=26.8481 temp=1.00 total_env_steps=16857 t=0.07s
Ep  618: len= 33 黑胜 loss=27.7704 temp=1.00 total_env_steps=16890 t=0.08s
Ep  619: len= 21 黑胜 loss=27.1616 temp=1.00 total_env_steps=16911 t=0.06s
Ep  620: len= 33 黑胜 loss=27.4104 temp=1.00 total_env_steps=16944 t=0.08s
Ep  621: len= 32 白胜 loss=27.5900 temp=1.00 total_env_steps=16976 t=0.08s
Ep  622: len=  2 白胜 loss=27.1640 temp=1.00 total_env_steps=16978 t=0.02s
Ep  623: len= 35 黑胜 loss=27.4170 temp=1.00 total_env_steps=17013 t=0.09s
Ep  624: len= 36 白胜 loss=27.7074 temp=1.00 total_env_steps=17049 t=0.09s
Ep  625: len= 27 黑胜 loss=27.3002 temp=1.00 total_env_steps=17076 t=0.07s
Ep  626: len= 33 黑胜 loss=27.6133 temp=1.00 total_env_steps=17109 t=0.09s
Ep  627: len= 46 白胜 loss=26.9106 temp=1.00 total_env_steps=17155 t=0.10s
Ep  628: len= 48 白胜 loss=27.6752 temp=1.00 total_env_steps=17203 t=0.11s
Ep  629: len= 23 黑胜 loss=27.4465 temp=1.00 total_env_steps=17226 t=0.07s
Ep  630: len= 35 黑胜 loss=27.0902 temp=1.00 total_env_steps=17261 t=0.09s
Ep  631: len= 33 黑胜 loss=27.8035 temp=1.00 total_env_steps=17294 t=0.08s
Ep  632: len= 45 黑胜 loss=26.9977 temp=1.00 total_env_steps=17339 t=0.11s
Ep  633: len= 27 黑胜 loss=27.4394 temp=1.00 total_env_steps=17366 t=0.08s
Ep  634: len= 35 黑胜 loss=27.3586 temp=1.00 total_env_steps=17401 t=0.09s
Ep  635: len= 12 黑胜 loss=27.3835 temp=1.00 total_env_steps=17413 t=0.04s
Ep  636: len= 31 黑胜 loss=27.3134 temp=1.00 total_env_steps=17444 t=0.08s
Ep  637: len= 35 黑胜 loss=26.9489 temp=1.00 total_env_steps=17479 t=0.09s
Ep  638: len= 51 黑胜 loss=27.0700 temp=1.00 total_env_steps=17530 t=0.11s
Ep  639: len= 21 黑胜 loss=27.5596 temp=1.00 total_env_steps=17551 t=0.07s
Ep  640: len= 38 白胜 loss=27.4353 temp=1.00 total_env_steps=17589 t=0.09s
Ep  641: len= 18 白胜 loss=27.2231 temp=1.00 total_env_steps=17607 t=0.06s
Ep  642: len= 26 白胜 loss=27.2711 temp=1.00 total_env_steps=17633 t=0.07s
Ep  643: len=  2 黑胜 loss=27.0893 temp=1.00 total_env_steps=17635 t=0.02s
Ep  644: len= 12 黑胜 loss=27.3358 temp=1.00 total_env_steps=17647 t=0.04s
Ep  645: len= 20 白胜 loss=27.2083 temp=1.00 total_env_steps=17667 t=0.06s
Ep  646: len= 35 黑胜 loss=27.1791 temp=1.00 total_env_steps=17702 t=0.09s
Ep  647: len= 31 黑胜 loss=27.3292 temp=1.00 total_env_steps=17733 t=0.09s
Ep  648: len= 26 白胜 loss=27.4179 temp=1.00 total_env_steps=17759 t=0.07s
Ep  649: len= 32 黑胜 loss=27.0465 temp=1.00 total_env_steps=17791 t=0.08s
Ep  650: len= 35 黑胜 loss=27.3050 temp=1.00 total_env_steps=17826 t=0.09s
Ep  651: len= 41 黑胜 loss=27.4717 temp=1.00 total_env_steps=17867 t=0.10s
Ep  652: len= 26 白胜 loss=26.9495 temp=1.00 total_env_steps=17893 t=0.08s
Ep  653: len=  8 白胜 loss=27.5028 temp=1.00 total_env_steps=17901 t=0.04s
Ep  654: len= 27 黑胜 loss=27.2639 temp=1.00 total_env_steps=17928 t=0.08s
Ep  655: len= 27 黑胜 loss=27.3713 temp=1.00 total_env_steps=17955 t=0.08s
Ep  656: len=  2 黑胜 loss=27.1411 temp=1.00 total_env_steps=17957 t=0.02s
Ep  657: len= 13 黑胜 loss=26.9338 temp=1.00 total_env_steps=17970 t=0.05s
Ep  658: len= 15 黑胜 loss=27.2124 temp=1.00 total_env_steps=17985 t=0.05s
Ep  659: len= 16 白胜 loss=27.1649 temp=1.00 total_env_steps=18001 t=0.06s
Ep  660: len= 15 黑胜 loss=27.1900 temp=1.00 total_env_steps=18016 t=0.05s
Ep  661: len= 21 黑胜 loss=27.2237 temp=1.00 total_env_steps=18037 t=0.06s
Ep  662: len= 24 白胜 loss=27.1888 temp=1.00 total_env_steps=18061 t=0.06s
Ep  663: len= 23 黑胜 loss=26.9083 temp=1.00 total_env_steps=18084 t=0.07s
Ep  664: len= 30 白胜 loss=27.3683 temp=1.00 total_env_steps=18114 t=0.07s
Ep  665: len= 26 黑胜 loss=27.5410 temp=1.00 total_env_steps=18140 t=0.07s
Ep  666: len= 29 黑胜 loss=27.0948 temp=1.00 total_env_steps=18169 t=0.07s
Ep  667: len= 12 白胜 loss=27.2725 temp=1.00 total_env_steps=18181 t=0.04s
Ep  668: len= 20 黑胜 loss=27.2533 temp=1.00 total_env_steps=18201 t=0.06s
Ep  669: len= 28 白胜 loss=26.9360 temp=1.00 total_env_steps=18229 t=0.07s
Ep  670: len= 31 黑胜 loss=27.2219 temp=1.00 total_env_steps=18260 t=0.08s
Ep  671: len= 25 黑胜 loss=26.9898 temp=1.00 total_env_steps=18285 t=0.06s
Ep  672: len= 41 黑胜 loss=26.6445 temp=1.00 total_env_steps=18326 t=0.09s
Ep  673: len= 53 黑胜 loss=27.0481 temp=1.00 total_env_steps=18379 t=0.12s
Ep  674: len= 29 黑胜 loss=27.3377 temp=1.00 total_env_steps=18408 t=0.08s
Ep  675: len=  9 黑胜 loss=27.0123 temp=1.00 total_env_steps=18417 t=0.04s
Ep  676: len= 23 黑胜 loss=27.5335 temp=1.00 total_env_steps=18440 t=0.06s
Ep  677: len= 23 黑胜 loss=27.1871 temp=1.00 total_env_steps=18463 t=0.06s
Ep  678: len= 29 黑胜 loss=26.9869 temp=1.00 total_env_steps=18492 t=0.07s
Ep  679: len= 27 黑胜 loss=26.3518 temp=1.00 total_env_steps=18519 t=0.08s
Ep  680: len= 18 白胜 loss=26.9511 temp=1.00 total_env_steps=18537 t=0.05s
Ep  681: len= 29 黑胜 loss=27.2937 temp=1.00 total_env_steps=18566 t=0.08s
Ep  682: len=  2 白胜 loss=26.9889 temp=1.00 total_env_steps=18568 t=0.03s
Ep  683: len= 31 黑胜 loss=26.8739 temp=1.00 total_env_steps=18599 t=0.08s
Ep  684: len= 27 黑胜 loss=26.8795 temp=1.00 total_env_steps=18626 t=0.07s
Ep  685: len= 27 黑胜 loss=26.8366 temp=1.00 total_env_steps=18653 t=0.07s
Ep  686: len= 30 白胜 loss=26.9724 temp=1.00 total_env_steps=18683 t=0.08s
Ep  687: len= 41 黑胜 loss=26.7434 temp=1.00 total_env_steps=18724 t=0.11s
Ep  688: len= 27 黑胜 loss=26.6260 temp=1.00 total_env_steps=18751 t=0.08s
Ep  689: len= 25 黑胜 loss=26.5966 temp=1.00 total_env_steps=18776 t=0.07s
Ep  690: len= 23 黑胜 loss=27.4637 temp=1.00 total_env_steps=18799 t=0.07s
Ep  691: len= 19 黑胜 loss=27.1008 temp=1.00 total_env_steps=18818 t=0.05s
Ep  692: len= 21 黑胜 loss=27.0551 temp=1.00 total_env_steps=18839 t=0.06s
Ep  693: len= 36 黑胜 loss=26.9851 temp=1.00 total_env_steps=18875 t=0.08s
Ep  694: len= 25 黑胜 loss=26.8794 temp=1.00 total_env_steps=18900 t=0.07s
Ep  695: len= 21 黑胜 loss=26.7790 temp=1.00 total_env_steps=18921 t=0.06s
Ep  696: len= 27 黑胜 loss=27.1838 temp=1.00 total_env_steps=18948 t=0.07s
Ep  697: len= 27 黑胜 loss=27.0294 temp=1.00 total_env_steps=18975 t=0.07s
Ep  698: len= 31 黑胜 loss=26.7087 temp=1.00 total_env_steps=19006 t=0.08s
Ep  699: len= 25 黑胜 loss=26.9905 temp=1.00 total_env_steps=19031 t=0.07s
Ep  700: len= 27 黑胜 loss=27.1407 temp=1.00 total_env_steps=19058 t=0.08s
Ep  701: len= 31 黑胜 loss=26.8050 temp=1.00 total_env_steps=19089 t=0.07s
Ep  702: len= 21 黑胜 loss=27.0723 temp=1.00 total_env_steps=19110 t=0.06s
Ep  703: len= 21 黑胜 loss=26.7384 temp=1.00 total_env_steps=19131 t=0.06s
Ep  704: len= 21 黑胜 loss=27.0274 temp=1.00 total_env_steps=19152 t=0.06s
Ep  705: len= 17 黑胜 loss=26.7808 temp=1.00 total_env_steps=19169 t=0.05s
Ep  706: len= 35 黑胜 loss=27.2664 temp=1.00 total_env_steps=19204 t=0.09s
Ep  707: len= 17 黑胜 loss=26.5629 temp=1.00 total_env_steps=19221 t=0.05s
Ep  708: len= 22 白胜 loss=26.4446 temp=1.00 total_env_steps=19243 t=0.06s
Ep  709: len= 19 黑胜 loss=27.0803 temp=1.00 total_env_steps=19262 t=0.06s
Ep  710: len= 17 黑胜 loss=26.9392 temp=1.00 total_env_steps=19279 t=0.05s
Ep  711: len= 27 白胜 loss=26.2097 temp=1.00 total_env_steps=19306 t=0.08s
Ep  712: len= 21 黑胜 loss=26.6751 temp=1.00 total_env_steps=19327 t=0.07s
Ep  713: len= 24 黑胜 loss=27.1659 temp=1.00 total_env_steps=19351 t=0.07s
Ep  714: len= 30 白胜 loss=26.5960 temp=1.00 total_env_steps=19381 t=0.08s
Ep  715: len= 33 黑胜 loss=27.0078 temp=1.00 total_env_steps=19414 t=0.08s
Ep  716: len= 19 白胜 loss=26.9375 temp=1.00 total_env_steps=19433 t=0.07s
Ep  717: len= 16 白胜 loss=27.2913 temp=1.00 total_env_steps=19449 t=0.06s
Ep  718: len= 23 黑胜 loss=26.6833 temp=1.00 total_env_steps=19472 t=0.08s
Ep  719: len=  2 黑胜 loss=26.6027 temp=1.00 total_env_steps=19474 t=0.02s
Ep  720: len= 27 黑胜 loss=26.9005 temp=1.00 total_env_steps=19501 t=0.08s
Ep  721: len= 23 黑胜 loss=26.6279 temp=1.00 total_env_steps=19524 t=0.07s
Ep  722: len= 33 黑胜 loss=26.5813 temp=1.00 total_env_steps=19557 t=0.08s
Ep  723: len= 43 黑胜 loss=27.3197 temp=1.00 total_env_steps=19600 t=0.10s
Ep  724: len= 20 黑胜 loss=26.7158 temp=1.00 total_env_steps=19620 t=0.08s
Ep  725: len=  4 白胜 loss=26.9665 temp=1.00 total_env_steps=19624 t=0.03s
Ep  726: len= 17 黑胜 loss=27.1636 temp=1.00 total_env_steps=19641 t=0.06s
Ep  727: len= 23 黑胜 loss=27.0245 temp=1.00 total_env_steps=19664 t=0.07s
Ep  728: len= 17 黑胜 loss=26.4571 temp=1.00 total_env_steps=19681 t=0.06s
Ep  729: len= 35 黑胜 loss=26.6312 temp=1.00 total_env_steps=19716 t=0.09s
Ep  730: len= 41 黑胜 loss=26.5959 temp=1.00 total_env_steps=19757 t=0.11s
Ep  731: len= 16 黑胜 loss=26.2737 temp=1.00 total_env_steps=19773 t=0.05s
Ep  732: len= 23 黑胜 loss=26.2609 temp=1.00 total_env_steps=19796 t=0.07s
Ep  733: len= 29 黑胜 loss=26.3314 temp=1.00 total_env_steps=19825 t=0.07s
Ep  734: len= 18 白胜 loss=26.8265 temp=1.00 total_env_steps=19843 t=0.06s
Ep  735: len= 21 黑胜 loss=26.9595 temp=1.00 total_env_steps=19864 t=0.06s
Ep  736: len= 29 黑胜 loss=26.5053 temp=1.00 total_env_steps=19893 t=0.08s
Ep  737: len= 36 白胜 loss=26.6196 temp=1.00 total_env_steps=19929 t=0.10s
Ep  738: len= 15 黑胜 loss=26.6107 temp=1.00 total_env_steps=19944 t=0.05s
Ep  739: len= 22 白胜 loss=26.4672 temp=1.00 total_env_steps=19966 t=0.07s
Ep  740: len= 27 黑胜 loss=26.1916 temp=1.00 total_env_steps=19993 t=0.08s
Ep  741: len= 25 黑胜 loss=26.5223 temp=1.00 total_env_steps=20018 t=0.06s
Ep  742: len= 23 黑胜 loss=26.4927 temp=1.00 total_env_steps=20041 t=0.06s
Ep  743: len=  2 黑胜 loss=26.4352 temp=1.00 total_env_steps=20043 t=0.02s
Ep  744: len= 15 黑胜 loss=26.2792 temp=1.00 total_env_steps=20058 t=0.05s
Ep  745: len= 37 黑胜 loss=26.5885 temp=1.00 total_env_steps=20095 t=0.09s
Ep  746: len= 43 黑胜 loss=26.6410 temp=1.00 total_env_steps=20138 t=0.10s
Ep  747: len= 25 白胜 loss=26.6356 temp=1.00 total_env_steps=20163 t=0.07s
Ep  748: len= 21 黑胜 loss=26.0938 temp=1.00 total_env_steps=20184 t=0.06s
Ep  749: len= 22 白胜 loss=26.4907 temp=1.00 total_env_steps=20206 t=0.06s
Ep  750: len= 21 黑胜 loss=26.7095 temp=1.00 total_env_steps=20227 t=0.06s
Ep  751: len= 26 黑胜 loss=26.8589 temp=1.00 total_env_steps=20253 t=0.07s
Ep  752: len= 31 黑胜 loss=26.8455 temp=1.00 total_env_steps=20284 t=0.08s
Ep  753: len= 15 黑胜 loss=26.2321 temp=1.00 total_env_steps=20299 t=0.05s
Ep  754: len= 12 黑胜 loss=26.5102 temp=1.00 total_env_steps=20311 t=0.04s
Ep  755: len= 26 黑胜 loss=25.7627 temp=1.00 total_env_steps=20337 t=0.07s
Ep  756: len= 35 黑胜 loss=26.2447 temp=1.00 total_env_steps=20372 t=0.09s
Ep  757: len= 29 黑胜 loss=26.2333 temp=1.00 total_env_steps=20401 t=0.08s
Ep  758: len= 15 黑胜 loss=26.4232 temp=1.00 total_env_steps=20416 t=0.05s
Ep  759: len= 14 黑胜 loss=26.6380 temp=1.00 total_env_steps=20430 t=0.04s
Ep  760: len= 31 黑胜 loss=26.5421 temp=1.00 total_env_steps=20461 t=0.09s
Ep  761: len= 31 黑胜 loss=26.4692 temp=1.00 total_env_steps=20492 t=0.09s
Ep  762: len= 33 黑胜 loss=26.8000 temp=1.00 total_env_steps=20525 t=0.09s
Ep  763: len= 35 黑胜 loss=26.1330 temp=1.00 total_env_steps=20560 t=0.10s
Ep  764: len=  2 黑胜 loss=26.5451 temp=1.00 total_env_steps=20562 t=0.02s
Ep  765: len= 25 黑胜 loss=26.2851 temp=1.00 total_env_steps=20587 t=0.07s
Ep  766: len=  2 白胜 loss=26.3382 temp=1.00 total_env_steps=20589 t=0.02s
Ep  767: len= 26 白胜 loss=26.3915 temp=1.00 total_env_steps=20615 t=0.08s
Ep  768: len= 21 黑胜 loss=26.9338 temp=1.00 total_env_steps=20636 t=0.07s
Ep  769: len= 10 白胜 loss=26.2179 temp=1.00 total_env_steps=20646 t=0.04s
Ep  770: len= 20 黑胜 loss=26.3639 temp=1.00 total_env_steps=20666 t=0.06s
Ep  771: len= 31 黑胜 loss=26.2395 temp=1.00 total_env_steps=20697 t=0.09s
Ep  772: len= 24 黑胜 loss=26.8857 temp=1.00 total_env_steps=20721 t=0.07s
Ep  773: len= 33 黑胜 loss=26.2359 temp=1.00 total_env_steps=20754 t=0.08s
Ep  774: len= 31 黑胜 loss=26.1544 temp=1.00 total_env_steps=20785 t=0.09s
Ep  775: len= 30 白胜 loss=26.3360 temp=1.00 total_env_steps=20815 t=0.08s
Ep  776: len= 16 黑胜 loss=26.1042 temp=1.00 total_env_steps=20831 t=0.06s
Ep  777: len=  6 白胜 loss=26.2059 temp=1.00 total_env_steps=20837 t=0.03s
Ep  778: len= 29 黑胜 loss=26.6052 temp=1.00 total_env_steps=20866 t=0.07s
Ep  779: len= 29 黑胜 loss=26.2020 temp=1.00 total_env_steps=20895 t=0.08s
Ep  780: len= 10 黑胜 loss=26.5340 temp=1.00 total_env_steps=20905 t=0.04s
Ep  781: len=  8 黑胜 loss=26.2717 temp=1.00 total_env_steps=20913 t=0.04s
Ep  782: len= 23 黑胜 loss=26.4803 temp=1.00 total_env_steps=20936 t=0.07s
Ep  783: len= 23 黑胜 loss=26.2351 temp=1.00 total_env_steps=20959 t=0.06s
Ep  784: len= 17 黑胜 loss=25.4760 temp=1.00 total_env_steps=20976 t=0.05s
Ep  785: len= 17 黑胜 loss=25.8710 temp=1.00 total_env_steps=20993 t=0.06s
Ep  786: len= 17 白胜 loss=26.2087 temp=1.00 total_env_steps=21010 t=0.05s
Ep  787: len= 21 黑胜 loss=26.6188 temp=1.00 total_env_steps=21031 t=0.06s
Ep  788: len= 17 黑胜 loss=26.3792 temp=1.00 total_env_steps=21048 t=0.05s
Ep  789: len= 22 白胜 loss=25.9783 temp=1.00 total_env_steps=21070 t=0.07s
Ep  790: len= 23 黑胜 loss=26.2437 temp=1.00 total_env_steps=21093 t=0.07s
Ep  791: len= 23 黑胜 loss=25.9209 temp=1.00 total_env_steps=21116 t=0.06s
Ep  792: len=  6 白胜 loss=26.4602 temp=1.00 total_env_steps=21122 t=0.03s
Ep  793: len= 21 黑胜 loss=25.8241 temp=1.00 total_env_steps=21143 t=0.06s
Ep  794: len= 20 黑胜 loss=25.8812 temp=1.00 total_env_steps=21163 t=0.05s
Ep  795: len= 21 黑胜 loss=26.0842 temp=1.00 total_env_steps=21184 t=0.07s
Ep  796: len= 17 黑胜 loss=26.0807 temp=1.00 total_env_steps=21201 t=0.05s
Ep  797: len= 22 白胜 loss=26.0866 temp=1.00 total_env_steps=21223 t=0.07s
Ep  798: len= 27 黑胜 loss=25.9952 temp=1.00 total_env_steps=21250 t=0.07s
Ep  799: len= 27 白胜 loss=25.6286 temp=1.00 total_env_steps=21277 t=0.07s
Ep  800: len= 21 白胜 loss=25.9410 temp=1.00 total_env_steps=21298 t=0.07s
  eval vs Gomoku-random-v0: win_rate=1.00 mean_return=1.00（20 局，total_env_steps=21298）
Ep  801: len= 19 黑胜 loss=25.8511 temp=1.00 total_env_steps=21317 t=0.06s
Ep  802: len=  2 黑胜 loss=26.7901 temp=1.00 total_env_steps=21319 t=0.02s
Ep  803: len= 31 黑胜 loss=25.8892 temp=1.00 total_env_steps=21350 t=0.07s
Ep  804: len= 25 黑胜 loss=25.8870 temp=1.00 total_env_steps=21375 t=0.07s
Ep  805: len= 27 黑胜 loss=26.1976 temp=1.00 total_env_steps=21402 t=0.08s
Ep  806: len= 25 黑胜 loss=25.7598 temp=1.00 total_env_steps=21427 t=0.07s
Ep  807: len= 22 白胜 loss=25.8123 temp=1.00 total_env_steps=21449 t=0.06s
Ep  808: len= 15 黑胜 loss=25.9419 temp=1.00 total_env_steps=21464 t=0.05s
Ep  809: len= 19 黑胜 loss=25.8549 temp=1.00 total_env_steps=21483 t=0.06s
Ep  810: len= 25 黑胜 loss=26.0745 temp=1.00 total_env_steps=21508 t=0.07s
Ep  811: len= 21 黑胜 loss=25.6985 temp=1.00 total_env_steps=21529 t=0.06s
Ep  812: len= 23 黑胜 loss=26.2234 temp=1.00 total_env_steps=21552 t=0.06s
Ep  813: len= 29 黑胜 loss=26.1552 temp=1.00 total_env_steps=21581 t=0.08s
Ep  814: len=  2 黑胜 loss=25.7387 temp=1.00 total_env_steps=21583 t=0.03s
Ep  815: len= 39 黑胜 loss=25.8652 temp=1.00 total_env_steps=21622 t=0.09s
Ep  816: len= 24 黑胜 loss=25.9209 temp=1.00 total_env_steps=21646 t=0.07s
Ep  817: len= 29 黑胜 loss=25.9216 temp=1.00 total_env_steps=21675 t=0.08s
Ep  818: len= 28 白胜 loss=25.9730 temp=1.00 total_env_steps=21703 t=0.07s
Ep  819: len= 15 黑胜 loss=25.9153 temp=1.00 total_env_steps=21718 t=0.05s
Ep  820: len= 31 黑胜 loss=26.0529 temp=1.00 total_env_steps=21749 t=0.08s
Ep  821: len= 15 黑胜 loss=25.7733 temp=1.00 total_env_steps=21764 t=0.05s
Ep  822: len= 21 黑胜 loss=25.9911 temp=1.00 total_env_steps=21785 t=0.06s
Ep  823: len= 32 白胜 loss=25.7722 temp=1.00 total_env_steps=21817 t=0.09s
Ep  824: len= 23 黑胜 loss=26.2811 temp=1.00 total_env_steps=21840 t=0.07s
Ep  825: len= 29 黑胜 loss=26.2539 temp=1.00 total_env_steps=21869 t=0.08s
Ep  826: len= 23 黑胜 loss=25.4779 temp=1.00 total_env_steps=21892 t=0.07s
Ep  827: len= 39 黑胜 loss=25.8117 temp=1.00 total_env_steps=21931 t=0.10s
Ep  828: len= 24 白胜 loss=25.7282 temp=1.00 total_env_steps=21955 t=0.07s
Ep  829: len= 17 黑胜 loss=26.4320 temp=1.00 total_env_steps=21972 t=0.05s
Ep  830: len= 23 黑胜 loss=25.4725 temp=1.00 total_env_steps=21995 t=0.07s
Ep  831: len= 23 黑胜 loss=25.8228 temp=1.00 total_env_steps=22018 t=0.07s
Ep  832: len= 41 黑胜 loss=25.4436 temp=1.00 total_env_steps=22059 t=0.09s
Ep  833: len=  2 白胜 loss=25.2754 temp=1.00 total_env_steps=22061 t=0.02s
Ep  834: len= 36 白胜 loss=26.2301 temp=1.00 total_env_steps=22097 t=0.09s
Ep  835: len= 25 黑胜 loss=26.2855 temp=1.00 total_env_steps=22122 t=0.07s
Ep  836: len= 30 白胜 loss=25.9583 temp=1.00 total_env_steps=22152 t=0.08s
Ep  837: len= 15 黑胜 loss=25.8372 temp=1.00 total_env_steps=22167 t=0.05s
Ep  838: len= 26 白胜 loss=26.3438 temp=1.00 total_env_steps=22193 t=0.07s
Ep  839: len= 23 黑胜 loss=26.2678 temp=1.00 total_env_steps=22216 t=0.07s
Ep  840: len= 21 黑胜 loss=25.9748 temp=1.00 total_env_steps=22237 t=0.06s
Ep  841: len= 33 黑胜 loss=25.6746 temp=1.00 total_env_steps=22270 t=0.08s
Ep  842: len= 29 黑胜 loss=25.7892 temp=1.00 total_env_steps=22299 t=0.08s
Ep  843: len= 19 黑胜 loss=25.2273 temp=1.00 total_env_steps=22318 t=0.06s
Ep  844: len= 16 白胜 loss=25.6544 temp=1.00 total_env_steps=22334 t=0.05s
Ep  845: len= 19 黑胜 loss=26.3656 temp=1.00 total_env_steps=22353 t=0.05s
Ep  846: len= 25 黑胜 loss=25.4936 temp=1.00 total_env_steps=22378 t=0.07s
Ep  847: len= 20 白胜 loss=25.7592 temp=1.00 total_env_steps=22398 t=0.06s
Ep  848: len= 16 白胜 loss=26.0470 temp=1.00 total_env_steps=22414 t=0.05s
Ep  849: len= 35 黑胜 loss=25.6072 temp=1.00 total_env_steps=22449 t=0.08s
Ep  850: len=  4 白胜 loss=25.3164 temp=1.00 total_env_steps=22453 t=0.03s
Ep  851: len= 16 白胜 loss=25.4432 temp=1.00 total_env_steps=22469 t=0.05s
Ep  852: len= 36 白胜 loss=25.9554 temp=1.00 total_env_steps=22505 t=0.09s
Ep  853: len= 21 黑胜 loss=25.7871 temp=1.00 total_env_steps=22526 t=0.06s
Ep  854: len= 10 黑胜 loss=26.0389 temp=1.00 total_env_steps=22536 t=0.04s
Ep  855: len= 29 黑胜 loss=26.1061 temp=1.00 total_env_steps=22565 t=0.08s
Ep  856: len=  2 黑胜 loss=26.1174 temp=1.00 total_env_steps=22567 t=0.03s
Ep  857: len= 25 黑胜 loss=25.7152 temp=1.00 total_env_steps=22592 t=0.08s
Ep  858: len= 19 黑胜 loss=25.7553 temp=1.00 total_env_steps=22611 t=0.06s
Ep  859: len= 15 黑胜 loss=25.6086 temp=1.00 total_env_steps=22626 t=0.05s
Ep  860: len= 16 白胜 loss=25.7943 temp=1.00 total_env_steps=22642 t=0.06s
Ep  861: len= 10 黑胜 loss=25.3273 temp=1.00 total_env_steps=22652 t=0.04s
Ep  862: len=  2 黑胜 loss=25.3977 temp=1.00 total_env_steps=22654 t=0.02s
Ep  863: len=  6 白胜 loss=25.2427 temp=1.00 total_env_steps=22660 t=0.03s
Ep  864: len= 17 黑胜 loss=25.6626 temp=1.00 total_env_steps=22677 t=0.06s
Ep  865: len= 20 黑胜 loss=26.3279 temp=1.00 total_env_steps=22697 t=0.07s
Ep  866: len= 25 黑胜 loss=25.5758 temp=1.00 total_env_steps=22722 t=0.07s
Ep  867: len= 23 黑胜 loss=25.9908 temp=1.00 total_env_steps=22745 t=0.07s
Ep  868: len= 35 黑胜 loss=25.5954 temp=1.00 total_env_steps=22780 t=0.09s
Ep  869: len= 37 黑胜 loss=25.2423 temp=1.00 total_env_steps=22817 t=0.09s
Ep  870: len= 15 黑胜 loss=25.9118 temp=1.00 total_env_steps=22832 t=0.06s
Ep  871: len= 29 黑胜 loss=25.7807 temp=1.00 total_env_steps=22861 t=0.08s
Ep  872: len= 19 黑胜 loss=25.3251 temp=1.00 total_env_steps=22880 t=0.06s
Ep  873: len= 16 黑胜 loss=25.2324 temp=1.00 total_env_steps=22896 t=0.05s
Ep  874: len= 17 黑胜 loss=26.0256 temp=1.00 total_env_steps=22913 t=0.06s
Ep  875: len= 20 白胜 loss=25.7037 temp=1.00 total_env_steps=22933 t=0.06s
Ep  876: len= 39 黑胜 loss=25.1534 temp=1.00 total_env_steps=22972 t=0.09s
Ep  877: len= 24 白胜 loss=25.9745 temp=1.00 total_env_steps=22996 t=0.06s
Ep  878: len= 31 黑胜 loss=25.3238 temp=1.00 total_env_steps=23027 t=0.09s
Ep  879: len=  4 白胜 loss=25.5914 temp=1.00 total_env_steps=23031 t=0.03s
Ep  880: len= 28 黑胜 loss=25.1873 temp=1.00 total_env_steps=23059 t=0.07s
Ep  881: len= 33 黑胜 loss=25.6531 temp=1.00 total_env_steps=23092 t=0.08s
Ep  882: len= 19 黑胜 loss=25.6528 temp=1.00 total_env_steps=23111 t=0.06s
Ep  883: len= 23 黑胜 loss=25.9048 temp=1.00 total_env_steps=23134 t=0.06s
Ep  884: len=  8 白胜 loss=25.9394 temp=1.00 total_env_steps=23142 t=0.04s
Ep  885: len= 28 白胜 loss=25.1797 temp=1.00 total_env_steps=23170 t=0.07s
Ep  886: len= 29 黑胜 loss=25.9020 temp=1.00 total_env_steps=23199 t=0.07s
Ep  887: len= 15 黑胜 loss=24.9970 temp=1.00 total_env_steps=23214 t=0.05s
Ep  888: len= 23 黑胜 loss=25.1907 temp=1.00 total_env_steps=23237 t=0.06s
Ep  889: len= 26 黑胜 loss=25.3876 temp=1.00 total_env_steps=23263 t=0.07s
Ep  890: len= 13 黑胜 loss=25.0797 temp=1.00 total_env_steps=23276 t=0.04s
Ep  891: len= 39 黑胜 loss=25.4994 temp=1.00 total_env_steps=23315 t=0.10s
Ep  892: len= 19 黑胜 loss=25.7005 temp=1.00 total_env_steps=23334 t=0.06s
Ep  893: len= 22 白胜 loss=25.5310 temp=1.00 total_env_steps=23356 t=0.06s
Ep  894: len= 18 黑胜 loss=25.2934 temp=1.00 total_env_steps=23374 t=0.05s
Ep  895: len= 17 黑胜 loss=25.6310 temp=1.00 total_env_steps=23391 t=0.05s
Ep  896: len= 21 黑胜 loss=25.2491 temp=1.00 total_env_steps=23412 t=0.06s
Ep  897: len= 19 黑胜 loss=25.1606 temp=1.00 total_env_steps=23431 t=0.06s
Ep  898: len= 12 黑胜 loss=25.3979 temp=1.00 total_env_steps=23443 t=0.04s
Ep  899: len= 17 黑胜 loss=25.3772 temp=1.00 total_env_steps=23460 t=0.05s
Ep  900: len= 19 黑胜 loss=25.2487 temp=1.00 total_env_steps=23479 t=0.06s
Ep  901: len= 25 黑胜 loss=26.0073 temp=1.00 total_env_steps=23504 t=0.07s
Ep  902: len= 17 黑胜 loss=25.7775 temp=1.00 total_env_steps=23521 t=0.05s
Ep  903: len= 19 黑胜 loss=25.2102 temp=1.00 total_env_steps=23540 t=0.06s
Ep  904: len= 19 黑胜 loss=25.6745 temp=1.00 total_env_steps=23559 t=0.05s
Ep  905: len= 21 黑胜 loss=24.4857 temp=1.00 total_env_steps=23580 t=0.07s
Ep  906: len= 31 黑胜 loss=25.2473 temp=1.00 total_env_steps=23611 t=0.08s
Ep  907: len= 19 黑胜 loss=25.1592 temp=1.00 total_env_steps=23630 t=0.06s
Ep  908: len= 23 黑胜 loss=25.0236 temp=1.00 total_env_steps=23653 t=0.06s
Ep  909: len= 21 黑胜 loss=25.7012 temp=1.00 total_env_steps=23674 t=0.06s
Ep  910: len= 21 黑胜 loss=25.3274 temp=1.00 total_env_steps=23695 t=0.06s
Ep  911: len= 25 黑胜 loss=25.3839 temp=1.00 total_env_steps=23720 t=0.07s
Ep  912: len= 16 黑胜 loss=24.7731 temp=1.00 total_env_steps=23736 t=0.05s
Ep  913: len= 14 白胜 loss=24.8758 temp=1.00 total_env_steps=23750 t=0.04s
Ep  914: len= 35 黑胜 loss=25.6103 temp=1.00 total_env_steps=23785 t=0.09s
Ep  915: len= 21 黑胜 loss=25.0730 temp=1.00 total_env_steps=23806 t=0.06s
Ep  916: len= 17 黑胜 loss=25.8340 temp=1.00 total_env_steps=23823 t=0.05s
Ep  917: len= 19 黑胜 loss=25.4817 temp=1.00 total_env_steps=23842 t=0.06s
Ep  918: len= 21 黑胜 loss=25.5196 temp=1.00 total_env_steps=23863 t=0.06s
Ep  919: len= 23 黑胜 loss=25.1888 temp=1.00 total_env_steps=23886 t=0.06s
Ep  920: len= 16 黑胜 loss=25.0774 temp=1.00 total_env_steps=23902 t=0.05s
Ep  921: len= 34 白胜 loss=24.9317 temp=1.00 total_env_steps=23936 t=0.09s
Ep  922: len= 20 黑胜 loss=24.8045 temp=1.00 total_env_steps=23956 t=0.06s
Ep  923: len= 25 黑胜 loss=25.5933 temp=1.00 total_env_steps=23981 t=0.06s
Ep  924: len= 15 黑胜 loss=24.8075 temp=1.00 total_env_steps=23996 t=0.05s
Ep  925: len=  2 白胜 loss=24.9227 temp=1.00 total_env_steps=23998 t=0.02s
Ep  926: len= 17 黑胜 loss=24.9877 temp=1.00 total_env_steps=24015 t=0.05s
Ep  927: len= 21 黑胜 loss=24.9741 temp=1.00 total_env_steps=24036 t=0.06s
Ep  928: len= 31 黑胜 loss=24.8182 temp=1.00 total_env_steps=24067 t=0.08s
Ep  929: len=  8 黑胜 loss=25.1585 temp=1.00 total_env_steps=24075 t=0.04s
Ep  930: len= 12 白胜 loss=24.5230 temp=1.00 total_env_steps=24087 t=0.04s
Ep  931: len= 15 黑胜 loss=25.3734 temp=1.00 total_env_steps=24102 t=0.05s
Ep  932: len= 23 黑胜 loss=24.8892 temp=1.00 total_env_steps=24125 t=0.06s
Ep  933: len= 19 黑胜 loss=25.0544 temp=1.00 total_env_steps=24144 t=0.06s
Ep  934: len= 17 黑胜 loss=25.5218 temp=1.00 total_env_steps=24161 t=0.05s
Ep  935: len= 21 黑胜 loss=24.9785 temp=1.00 total_env_steps=24182 t=0.06s
Ep  936: len= 15 黑胜 loss=24.5366 temp=1.00 total_env_steps=24197 t=0.05s
Ep  937: len= 19 黑胜 loss=25.4263 temp=1.00 total_env_steps=24216 t=0.06s
Ep  938: len= 23 黑胜 loss=25.2716 temp=1.00 total_env_steps=24239 t=0.07s
Ep  939: len= 23 黑胜 loss=25.0178 temp=1.00 total_env_steps=24262 t=0.06s
Ep  940: len= 20 黑胜 loss=24.8338 temp=1.00 total_env_steps=24282 t=0.06s
Ep  941: len= 19 黑胜 loss=25.1160 temp=1.00 total_env_steps=24301 t=0.05s
Ep  942: len= 19 黑胜 loss=25.2877 temp=1.00 total_env_steps=24320 t=0.06s
Ep  943: len= 17 黑胜 loss=24.9023 temp=1.00 total_env_steps=24337 t=0.05s
Ep  944: len= 19 黑胜 loss=24.6979 temp=1.00 total_env_steps=24356 t=0.05s
Ep  945: len= 17 黑胜 loss=25.2711 temp=1.00 total_env_steps=24373 t=0.05s
Ep  946: len= 28 白胜 loss=25.3560 temp=1.00 total_env_steps=24401 t=0.07s
Ep  947: len= 25 黑胜 loss=25.0248 temp=1.00 total_env_steps=24426 t=0.07s
Ep  948: len= 17 黑胜 loss=24.7797 temp=1.00 total_env_steps=24443 t=0.06s
Ep  949: len= 22 白胜 loss=25.1402 temp=1.00 total_env_steps=24465 t=0.07s
Ep  950: len= 19 黑胜 loss=24.7649 temp=1.00 total_env_steps=24484 t=0.06s
Ep  951: len= 18 白胜 loss=25.1091 temp=1.00 total_env_steps=24502 t=0.05s
Ep  952: len= 19 黑胜 loss=25.1923 temp=1.00 total_env_steps=24521 t=0.06s
Ep  953: len= 17 黑胜 loss=25.0992 temp=1.00 total_env_steps=24538 t=0.05s
Ep  954: len= 17 黑胜 loss=25.0048 temp=1.00 total_env_steps=24555 t=0.06s
Ep  955: len= 22 白胜 loss=24.9177 temp=1.00 total_env_steps=24577 t=0.07s
Ep  956: len= 17 黑胜 loss=24.3086 temp=1.00 total_env_steps=24594 t=0.05s
Ep  957: len= 17 黑胜 loss=25.0992 temp=1.00 total_env_steps=24611 t=0.06s
Ep  958: len= 21 黑胜 loss=25.3002 temp=1.00 total_env_steps=24632 t=0.08s
Ep  959: len=  4 黑胜 loss=24.7771 temp=1.00 total_env_steps=24636 t=0.04s
Ep  960: len= 10 黑胜 loss=25.4323 temp=1.00 total_env_steps=24646 t=0.05s
Ep  961: len= 12 白胜 loss=24.7836 temp=1.00 total_env_steps=24658 t=0.05s
Ep  962: len=  8 黑胜 loss=24.4750 temp=1.00 total_env_steps=24666 t=0.04s
Ep  963: len= 10 白胜 loss=24.8928 temp=1.00 total_env_steps=24676 t=0.04s
Ep  964: len= 21 黑胜 loss=24.2170 temp=1.00 total_env_steps=24697 t=0.07s
Ep  965: len= 15 黑胜 loss=24.9354 temp=1.00 total_env_steps=24712 t=0.05s
Ep  966: len= 15 黑胜 loss=25.5509 temp=1.00 total_env_steps=24727 t=0.05s
Ep  967: len= 19 黑胜 loss=24.1860 temp=1.00 total_env_steps=24746 t=0.06s
Ep  968: len= 25 黑胜 loss=24.3026 temp=1.00 total_env_steps=24771 t=0.08s
Ep  969: len= 15 黑胜 loss=24.6371 temp=1.00 total_env_steps=24786 t=0.05s
Ep  970: len= 19 黑胜 loss=25.0537 temp=1.00 total_env_steps=24805 t=0.06s
Ep  971: len=  2 黑胜 loss=24.3691 temp=1.00 total_env_steps=24807 t=0.02s
Ep  972: len= 17 白胜 loss=24.6212 temp=1.00 total_env_steps=24824 t=0.06s
Ep  973: len= 21 黑胜 loss=24.6168 temp=1.00 total_env_steps=24845 t=0.07s
Ep  974: len= 15 黑胜 loss=24.7006 temp=1.00 total_env_steps=24860 t=0.05s
Ep  975: len= 13 黑胜 loss=25.2678 temp=1.00 total_env_steps=24873 t=0.05s
Ep  976: len= 21 黑胜 loss=24.8064 temp=1.00 total_env_steps=24894 t=0.06s
Ep  977: len=  2 黑胜 loss=24.6320 temp=1.00 total_env_steps=24896 t=0.02s
Ep  978: len= 15 黑胜 loss=25.0078 temp=1.00 total_env_steps=24911 t=0.05s
Ep  979: len= 17 黑胜 loss=25.2758 temp=1.00 total_env_steps=24928 t=0.05s
Ep  980: len= 17 黑胜 loss=24.8663 temp=1.00 total_env_steps=24945 t=0.05s
Ep  981: len= 15 黑胜 loss=24.9839 temp=1.00 total_env_steps=24960 t=0.05s
Ep  982: len= 25 黑胜 loss=24.4994 temp=1.00 total_env_steps=24985 t=0.07s
Ep  983: len= 17 黑胜 loss=24.4683 temp=1.00 total_env_steps=25002 t=0.05s
Ep  984: len= 17 黑胜 loss=25.1451 temp=1.00 total_env_steps=25019 t=0.06s
Ep  985: len= 17 黑胜 loss=24.7409 temp=1.00 total_env_steps=25036 t=0.05s
Ep  986: len= 17 黑胜 loss=24.0439 temp=1.00 total_env_steps=25053 t=0.06s
Ep  987: len= 23 黑胜 loss=25.1699 temp=1.00 total_env_steps=25076 t=0.07s
Ep  988: len= 16 白胜 loss=24.7383 temp=1.00 total_env_steps=25092 t=0.05s
Ep  989: len= 40 白胜 loss=24.1998 temp=1.00 total_env_steps=25132 t=0.09s
Ep  990: len= 18 白胜 loss=24.5938 temp=1.00 total_env_steps=25150 t=0.06s
Ep  991: len= 14 黑胜 loss=25.1715 temp=1.00 total_env_steps=25164 t=0.04s
Ep  992: len=  2 黑胜 loss=25.1910 temp=1.00 total_env_steps=25166 t=0.02s
Ep  993: len= 20 黑胜 loss=23.8970 temp=1.00 total_env_steps=25186 t=0.06s
Ep  994: len= 17 黑胜 loss=23.9846 temp=1.00 total_env_steps=25203 t=0.06s
Ep  995: len= 18 黑胜 loss=25.8600 temp=1.00 total_env_steps=25221 t=0.06s
Ep  996: len= 24 黑胜 loss=24.6064 temp=1.00 total_env_steps=25245 t=0.07s
Ep  997: len= 16 黑胜 loss=24.1646 temp=1.00 total_env_steps=25261 t=0.05s
Ep  998: len= 17 黑胜 loss=24.4113 temp=1.00 total_env_steps=25278 t=0.06s
Ep  999: len= 19 黑胜 loss=24.3633 temp=1.00 total_env_steps=25297 t=0.05s
Ep 1000: len= 15 黑胜 loss=24.0987 temp=1.00 total_env_steps=25312 t=0.05s
  eval vs Gomoku-random-v0: win_rate=1.00 mean_return=1.00（20 局，total_env_steps=25312）
  📸 已拍权重快照（ep=1000，gating 对弈基准）
Ep 1001: len= 21 黑胜 loss=24.6890 temp=1.00 total_env_steps=25333 t=0.06s
Ep 1002: len= 25 黑胜 loss=25.0420 temp=1.00 total_env_steps=25358 t=0.06s
Ep 1003: len= 20 白胜 loss=24.5668 temp=1.00 total_env_steps=25378 t=0.06s
Ep 1004: len= 17 黑胜 loss=24.7669 temp=1.00 total_env_steps=25395 t=0.06s
Ep 1005: len= 16 白胜 loss=25.4315 temp=1.00 total_env_steps=25411 t=0.05s
Ep 1006: len= 21 黑胜 loss=24.0695 temp=1.00 total_env_steps=25432 t=0.06s
Ep 1007: len= 21 黑胜 loss=24.9810 temp=1.00 total_env_steps=25453 t=0.05s
Ep 1008: len= 17 黑胜 loss=24.1195 temp=1.00 total_env_steps=25470 t=0.05s
Ep 1009: len= 16 白胜 loss=24.2943 temp=1.00 total_env_steps=25486 t=0.05s
Ep 1010: len= 19 黑胜 loss=24.3388 temp=1.00 total_env_steps=25505 t=0.05s
Ep 1011: len= 17 黑胜 loss=24.0755 temp=1.00 total_env_steps=25522 t=0.05s
Ep 1012: len= 33 黑胜 loss=24.7235 temp=1.00 total_env_steps=25555 t=0.08s
Ep 1013: len= 15 黑胜 loss=24.5893 temp=1.00 total_env_steps=25570 t=0.05s
Ep 1014: len= 26 白胜 loss=23.9604 temp=1.00 total_env_steps=25596 t=0.07s
Ep 1015: len= 21 黑胜 loss=24.4043 temp=1.00 total_env_steps=25617 t=0.06s
Ep 1016: len=  2 白胜 loss=24.0449 temp=1.00 total_env_steps=25619 t=0.02s
Ep 1017: len= 27 黑胜 loss=24.4911 temp=1.00 total_env_steps=25646 t=0.07s
Ep 1018: len= 17 黑胜 loss=24.5146 temp=1.00 total_env_steps=25663 t=0.05s
Ep 1019: len=  2 白胜 loss=24.9015 temp=1.00 total_env_steps=25665 t=0.02s
Ep 1020: len= 15 黑胜 loss=24.4426 temp=1.00 total_env_steps=25680 t=0.06s
Ep 1021: len= 17 黑胜 loss=24.0763 temp=1.00 total_env_steps=25697 t=0.06s
Ep 1022: len=  2 黑胜 loss=24.0567 temp=1.00 total_env_steps=25699 t=0.02s
Ep 1023: len= 15 黑胜 loss=24.1561 temp=1.00 total_env_steps=25714 t=0.05s
Ep 1024: len= 33 黑胜 loss=24.6415 temp=1.00 total_env_steps=25747 t=0.09s
Ep 1025: len= 17 黑胜 loss=24.3300 temp=1.00 total_env_steps=25764 t=0.05s
Ep 1026: len= 14 黑胜 loss=24.3120 temp=1.00 total_env_steps=25778 t=0.04s
Ep 1027: len= 21 黑胜 loss=24.5605 temp=1.00 total_env_steps=25799 t=0.06s
Ep 1028: len= 17 黑胜 loss=23.7939 temp=1.00 total_env_steps=25816 t=0.06s
Ep 1029: len= 10 白胜 loss=24.4539 temp=1.00 total_env_steps=25826 t=0.04s
Ep 1030: len= 20 白胜 loss=24.9787 temp=1.00 total_env_steps=25846 t=0.06s
Ep 1031: len= 19 黑胜 loss=23.7719 temp=1.00 total_env_steps=25865 t=0.06s
Ep 1032: len= 15 黑胜 loss=24.4699 temp=1.00 total_env_steps=25880 t=0.05s
Ep 1033: len= 21 黑胜 loss=24.1769 temp=1.00 total_env_steps=25901 t=0.06s
Ep 1034: len= 23 白胜 loss=24.8259 temp=1.00 total_env_steps=25924 t=0.06s
Ep 1035: len=  8 白胜 loss=24.7636 temp=1.00 total_env_steps=25932 t=0.04s
Ep 1036: len= 20 白胜 loss=24.2557 temp=1.00 total_env_steps=25952 t=0.05s
Ep 1037: len= 19 黑胜 loss=24.5735 temp=1.00 total_env_steps=25971 t=0.06s
Ep 1038: len= 21 白胜 loss=24.0450 temp=1.00 total_env_steps=25992 t=0.06s
Ep 1039: len= 29 黑胜 loss=24.4465 temp=1.00 total_env_steps=26021 t=0.08s
Ep 1040: len= 15 黑胜 loss=24.4341 temp=1.00 total_env_steps=26036 t=0.05s
Ep 1041: len= 13 黑胜 loss=24.2660 temp=1.00 total_env_steps=26049 t=0.04s
Ep 1042: len= 21 黑胜 loss=23.6453 temp=1.00 total_env_steps=26070 t=0.06s
Ep 1043: len=  2 白胜 loss=25.0436 temp=1.00 total_env_steps=26072 t=0.02s
Ep 1044: len= 25 黑胜 loss=24.5870 temp=1.00 total_env_steps=26097 t=0.07s
Ep 1045: len= 21 黑胜 loss=24.3969 temp=1.00 total_env_steps=26118 t=0.06s
Ep 1046: len= 33 黑胜 loss=24.0483 temp=1.00 total_env_steps=26151 t=0.08s
Ep 1047: len= 31 黑胜 loss=24.2636 temp=1.00 total_env_steps=26182 t=0.08s
Ep 1048: len= 17 黑胜 loss=24.9628 temp=1.00 total_env_steps=26199 t=0.05s
Ep 1049: len= 19 黑胜 loss=24.9943 temp=1.00 total_env_steps=26218 t=0.05s
Ep 1050: len= 23 黑胜 loss=24.1068 temp=1.00 total_env_steps=26241 t=0.07s
Ep 1051: len= 16 黑胜 loss=24.8906 temp=1.00 total_env_steps=26257 t=0.05s
Ep 1052: len= 21 黑胜 loss=24.2664 temp=1.00 total_env_steps=26278 t=0.06s
Ep 1053: len= 19 黑胜 loss=24.0664 temp=1.00 total_env_steps=26297 t=0.05s
Ep 1054: len= 21 黑胜 loss=24.1598 temp=1.00 total_env_steps=26318 t=0.06s
Ep 1055: len= 27 黑胜 loss=24.5041 temp=1.00 total_env_steps=26345 t=0.07s
Ep 1056: len= 19 黑胜 loss=24.3491 temp=1.00 total_env_steps=26364 t=0.06s
Ep 1057: len= 17 黑胜 loss=23.9649 temp=1.00 total_env_steps=26381 t=0.05s
Ep 1058: len= 21 黑胜 loss=24.0244 temp=1.00 total_env_steps=26402 t=0.06s
Ep 1059: len= 21 黑胜 loss=24.0730 temp=1.00 total_env_steps=26423 t=0.05s
Ep 1060: len= 29 黑胜 loss=23.5330 temp=1.00 total_env_steps=26452 t=0.08s
Ep 1061: len= 19 黑胜 loss=24.2123 temp=1.00 total_env_steps=26471 t=0.05s
Ep 1062: len= 33 黑胜 loss=23.8705 temp=1.00 total_env_steps=26504 t=0.08s
Ep 1063: len= 19 黑胜 loss=24.3768 temp=1.00 total_env_steps=26523 t=0.06s
Ep 1064: len= 19 黑胜 loss=24.2798 temp=1.00 total_env_steps=26542 t=0.05s
Ep 1065: len= 13 黑胜 loss=24.3062 temp=1.00 total_env_steps=26555 t=0.04s
Ep 1066: len= 17 黑胜 loss=24.0348 temp=1.00 total_env_steps=26572 t=0.05s
Ep 1067: len= 19 黑胜 loss=24.2868 temp=1.00 total_env_steps=26591 t=0.05s
Ep 1068: len= 12 白胜 loss=24.1874 temp=1.00 total_env_steps=26603 t=0.04s
Ep 1069: len= 21 黑胜 loss=24.4271 temp=1.00 total_env_steps=26624 t=0.06s
Ep 1070: len= 15 黑胜 loss=24.5683 temp=1.00 total_env_steps=26639 t=0.05s
Ep 1071: len= 18 黑胜 loss=24.4011 temp=1.00 total_env_steps=26657 t=0.05s
Ep 1072: len= 30 白胜 loss=23.5765 temp=1.00 total_env_steps=26687 t=0.08s
Ep 1073: len= 12 黑胜 loss=24.3914 temp=1.00 total_env_steps=26699 t=0.04s
Ep 1074: len= 21 黑胜 loss=23.9226 temp=1.00 total_env_steps=26720 t=0.06s
Ep 1075: len= 21 黑胜 loss=23.6591 temp=1.00 total_env_steps=26741 t=0.06s
Ep 1076: len= 28 白胜 loss=24.1496 temp=1.00 total_env_steps=26769 t=0.07s
Ep 1077: len= 21 黑胜 loss=24.1153 temp=1.00 total_env_steps=26790 t=0.06s
Ep 1078: len= 15 黑胜 loss=24.6747 temp=1.00 total_env_steps=26805 t=0.05s
Ep 1079: len= 21 黑胜 loss=24.4044 temp=1.00 total_env_steps=26826 t=0.06s
Ep 1080: len= 15 黑胜 loss=23.8773 temp=1.00 total_env_steps=26841 t=0.05s
Ep 1081: len= 19 黑胜 loss=24.1636 temp=1.00 total_env_steps=26860 t=0.06s
Ep 1082: len= 21 黑胜 loss=25.0976 temp=1.00 total_env_steps=26881 t=0.06s
Ep 1083: len= 17 黑胜 loss=23.7633 temp=1.00 total_env_steps=26898 t=0.06s
Ep 1084: len= 19 黑胜 loss=23.6025 temp=1.00 total_env_steps=26917 t=0.05s
Ep 1085: len= 21 黑胜 loss=23.6198 temp=1.00 total_env_steps=26938 t=0.06s
Ep 1086: len= 14 白胜 loss=23.8319 temp=1.00 total_env_steps=26952 t=0.05s
Ep 1087: len= 21 黑胜 loss=23.9597 temp=1.00 total_env_steps=26973 t=0.05s
Ep 1088: len= 19 黑胜 loss=24.2024 temp=1.00 total_env_steps=26992 t=0.06s
Ep 1089: len= 24 白胜 loss=23.8782 temp=1.00 total_env_steps=27016 t=0.07s
Ep 1090: len= 17 黑胜 loss=23.7603 temp=1.00 total_env_steps=27033 t=0.05s
Ep 1091: len= 17 黑胜 loss=24.1357 temp=1.00 total_env_steps=27050 t=0.06s
Ep 1092: len= 10 黑胜 loss=24.4511 temp=1.00 total_env_steps=27060 t=0.03s
Ep 1093: len= 21 黑胜 loss=23.6721 temp=1.00 total_env_steps=27081 t=0.06s
Ep 1094: len= 19 黑胜 loss=24.7546 temp=1.00 total_env_steps=27100 t=0.06s
Ep 1095: len= 10 黑胜 loss=24.8424 temp=1.00 total_env_steps=27110 t=0.04s
Ep 1096: len= 25 黑胜 loss=24.0303 temp=1.00 total_env_steps=27135 t=0.07s
Ep 1097: len=  4 白胜 loss=23.9482 temp=1.00 total_env_steps=27139 t=0.02s
Ep 1098: len= 19 黑胜 loss=23.5321 temp=1.00 total_env_steps=27158 t=0.06s
Ep 1099: len= 29 黑胜 loss=24.1398 temp=1.00 total_env_steps=27187 t=0.08s
Ep 1100: len= 15 黑胜 loss=24.3463 temp=1.00 total_env_steps=27202 t=0.05s
Ep 1101: len= 16 白胜 loss=24.9078 temp=1.00 total_env_steps=27218 t=0.05s
Ep 1102: len= 21 黑胜 loss=23.7827 temp=1.00 total_env_steps=27239 t=0.06s
Ep 1103: len= 19 黑胜 loss=23.9811 temp=1.00 total_env_steps=27258 t=0.06s
Ep 1104: len= 21 白胜 loss=24.2164 temp=1.00 total_env_steps=27279 t=0.06s
Ep 1105: len=  6 白胜 loss=24.4679 temp=1.00 total_env_steps=27285 t=0.03s
Ep 1106: len= 17 黑胜 loss=24.0616 temp=1.00 total_env_steps=27302 t=0.05s
Ep 1107: len= 19 黑胜 loss=23.9264 temp=1.00 total_env_steps=27321 t=0.05s
Ep 1108: len= 36 白胜 loss=24.1563 temp=1.00 total_env_steps=27357 t=0.09s
Ep 1109: len= 23 黑胜 loss=23.1230 temp=1.00 total_env_steps=27380 t=0.07s
Ep 1110: len= 33 黑胜 loss=23.9280 temp=1.00 total_env_steps=27413 t=0.08s
Ep 1111: len= 27 黑胜 loss=23.9398 temp=1.00 total_env_steps=27440 t=0.08s
Ep 1112: len= 15 黑胜 loss=24.1372 temp=1.00 total_env_steps=27455 t=0.05s
Ep 1113: len= 23 黑胜 loss=24.2721 temp=1.00 total_env_steps=27478 t=0.07s
Ep 1114: len= 16 白胜 loss=23.9445 temp=1.00 total_env_steps=27494 t=0.05s
Ep 1115: len= 20 白胜 loss=24.1927 temp=1.00 total_env_steps=27514 t=0.06s
Ep 1116: len= 23 黑胜 loss=24.2670 temp=1.00 total_env_steps=27537 t=0.06s
Ep 1117: len= 27 黑胜 loss=24.6353 temp=1.00 total_env_steps=27564 t=0.07s
Ep 1118: len= 23 黑胜 loss=23.8832 temp=1.00 total_env_steps=27587 t=0.06s
Ep 1119: len= 21 黑胜 loss=23.6312 temp=1.00 total_env_steps=27608 t=0.05s
Ep 1120: len= 22 白胜 loss=24.5708 temp=1.00 total_env_steps=27630 t=0.06s
Ep 1121: len= 23 黑胜 loss=24.1645 temp=1.00 total_env_steps=27653 t=0.06s
Ep 1122: len= 19 黑胜 loss=23.6087 temp=1.00 total_env_steps=27672 t=0.06s
Ep 1123: len= 15 黑胜 loss=24.3080 temp=1.00 total_env_steps=27687 t=0.05s
Ep 1124: len= 29 黑胜 loss=23.9222 temp=1.00 total_env_steps=27716 t=0.08s
Ep 1125: len= 19 黑胜 loss=24.0579 temp=1.00 total_env_steps=27735 t=0.07s
Ep 1126: len= 19 黑胜 loss=23.3794 temp=1.00 total_env_steps=27754 t=0.06s
Ep 1127: len= 21 黑胜 loss=24.2396 temp=1.00 total_env_steps=27775 t=0.06s
Ep 1128: len= 21 黑胜 loss=24.1455 temp=1.00 total_env_steps=27796 t=0.06s
Ep 1129: len= 21 黑胜 loss=24.2539 temp=1.00 total_env_steps=27817 t=0.06s
Ep 1130: len= 25 黑胜 loss=23.9886 temp=1.00 total_env_steps=27842 t=0.07s
Ep 1131: len=  2 白胜 loss=23.3854 temp=1.00 total_env_steps=27844 t=0.03s
Ep 1132: len=  4 黑胜 loss=23.9058 temp=1.00 total_env_steps=27848 t=0.03s
Ep 1133: len= 23 黑胜 loss=24.0829 temp=1.00 total_env_steps=27871 t=0.06s
Ep 1134: len= 19 黑胜 loss=23.9489 temp=1.00 total_env_steps=27890 t=0.05s
Ep 1135: len= 19 黑胜 loss=23.9932 temp=1.00 total_env_steps=27909 t=0.06s
Ep 1136: len= 26 黑胜 loss=23.4226 temp=1.00 total_env_steps=27935 t=0.07s
Ep 1137: len= 17 黑胜 loss=23.2315 temp=1.00 total_env_steps=27952 t=0.06s
Ep 1138: len= 27 黑胜 loss=24.6046 temp=1.00 total_env_steps=27979 t=0.07s
Ep 1139: len= 15 黑胜 loss=24.2560 temp=1.00 total_env_steps=27994 t=0.05s
Ep 1140: len= 16 黑胜 loss=23.6911 temp=1.00 total_env_steps=28010 t=0.05s
Ep 1141: len= 19 黑胜 loss=24.2107 temp=1.00 total_env_steps=28029 t=0.06s
Ep 1142: len= 17 黑胜 loss=24.1875 temp=1.00 total_env_steps=28046 t=0.05s
Ep 1143: len= 17 黑胜 loss=23.7612 temp=1.00 total_env_steps=28063 t=0.06s
Ep 1144: len= 21 黑胜 loss=24.2924 temp=1.00 total_env_steps=28084 t=0.06s
Ep 1145: len= 23 黑胜 loss=24.0659 temp=1.00 total_env_steps=28107 t=0.07s
Ep 1146: len= 17 黑胜 loss=24.3940 temp=1.00 total_env_steps=28124 t=0.06s
Ep 1147: len= 16 黑胜 loss=23.9385 temp=1.00 total_env_steps=28140 t=0.05s
Ep 1148: len= 29 黑胜 loss=24.0078 temp=1.00 total_env_steps=28169 t=0.08s
Ep 1149: len= 21 黑胜 loss=23.7531 temp=1.00 total_env_steps=28190 t=0.06s
Ep 1150: len= 25 黑胜 loss=23.4440 temp=1.00 total_env_steps=28215 t=0.06s
Ep 1151: len= 19 黑胜 loss=23.3220 temp=1.00 total_env_steps=28234 t=0.06s
Ep 1152: len= 23 黑胜 loss=24.0243 temp=1.00 total_env_steps=28257 t=0.06s
Ep 1153: len= 21 黑胜 loss=24.2869 temp=1.00 total_env_steps=28278 t=0.06s
Ep 1154: len=  8 黑胜 loss=23.4744 temp=1.00 total_env_steps=28286 t=0.04s
Ep 1155: len= 20 白胜 loss=23.1890 temp=1.00 total_env_steps=28306 t=0.05s
Ep 1156: len= 21 黑胜 loss=23.8476 temp=1.00 total_env_steps=28327 t=0.07s
Ep 1157: len= 19 黑胜 loss=23.4702 temp=1.00 total_env_steps=28346 t=0.06s
Ep 1158: len= 17 黑胜 loss=23.6851 temp=1.00 total_env_steps=28363 t=0.05s
Ep 1159: len= 15 黑胜 loss=24.2058 temp=1.00 total_env_steps=28378 t=0.05s
Ep 1160: len= 22 白胜 loss=23.6676 temp=1.00 total_env_steps=28400 t=0.07s
Ep 1161: len= 19 黑胜 loss=24.1778 temp=1.00 total_env_steps=28419 t=0.07s
Ep 1162: len= 29 黑胜 loss=23.7891 temp=1.00 total_env_steps=28448 t=0.08s
Ep 1163: len= 17 黑胜 loss=23.6989 temp=1.00 total_env_steps=28465 t=0.06s
Ep 1164: len= 19 黑胜 loss=23.4716 temp=1.00 total_env_steps=28484 t=0.05s
Ep 1165: len= 21 黑胜 loss=23.7044 temp=1.00 total_env_steps=28505 t=0.06s
Ep 1166: len= 15 黑胜 loss=23.7892 temp=1.00 total_env_steps=28520 t=0.05s
Ep 1167: len= 19 黑胜 loss=23.1944 temp=1.00 total_env_steps=28539 t=0.05s
Ep 1168: len= 19 白胜 loss=24.1595 temp=1.00 total_env_steps=28558 t=0.06s
Ep 1169: len= 21 黑胜 loss=23.1144 temp=1.00 total_env_steps=28579 t=0.06s
Ep 1170: len= 25 黑胜 loss=24.3718 temp=1.00 total_env_steps=28604 t=0.07s
Ep 1171: len= 23 黑胜 loss=23.6523 temp=1.00 total_env_steps=28627 t=0.07s
Ep 1172: len= 19 黑胜 loss=23.8051 temp=1.00 total_env_steps=28646 t=0.05s
Ep 1173: len= 20 白胜 loss=23.0702 temp=1.00 total_env_steps=28666 t=0.06s
Ep 1174: len= 21 黑胜 loss=23.0655 temp=1.00 total_env_steps=28687 t=0.06s
Ep 1175: len= 19 黑胜 loss=23.6941 temp=1.00 total_env_steps=28706 t=0.05s
Ep 1176: len= 21 黑胜 loss=24.2452 temp=1.00 total_env_steps=28727 t=0.05s
Ep 1177: len=  2 白胜 loss=24.2339 temp=1.00 total_env_steps=28729 t=0.02s
Ep 1178: len= 27 黑胜 loss=23.3554 temp=1.00 total_env_steps=28756 t=0.07s
Ep 1179: len=  8 黑胜 loss=23.4145 temp=1.00 total_env_steps=28764 t=0.04s
Ep 1180: len= 17 黑胜 loss=23.5186 temp=1.00 total_env_steps=28781 t=0.06s
Ep 1181: len=  2 黑胜 loss=23.6876 temp=1.00 total_env_steps=28783 t=0.02s
Ep 1182: len= 25 黑胜 loss=23.3594 temp=1.00 total_env_steps=28808 t=0.06s
Ep 1183: len= 35 黑胜 loss=23.8132 temp=1.00 total_env_steps=28843 t=0.09s
Ep 1184: len= 19 黑胜 loss=23.3570 temp=1.00 total_env_steps=28862 t=0.05s
Ep 1185: len= 17 黑胜 loss=24.1777 temp=1.00 total_env_steps=28879 t=0.05s
Ep 1186: len= 21 黑胜 loss=24.1498 temp=1.00 total_env_steps=28900 t=0.06s
Ep 1187: len= 19 黑胜 loss=23.2757 temp=1.00 total_env_steps=28919 t=0.05s
Ep 1188: len= 16 黑胜 loss=23.0311 temp=1.00 total_env_steps=28935 t=0.05s
Ep 1189: len= 21 黑胜 loss=23.9908 temp=1.00 total_env_steps=28956 t=0.06s
Ep 1190: len= 23 黑胜 loss=23.4722 temp=1.00 total_env_steps=28979 t=0.06s
Ep 1191: len= 17 黑胜 loss=24.0265 temp=1.00 total_env_steps=28996 t=0.05s
Ep 1192: len= 16 黑胜 loss=23.1444 temp=1.00 total_env_steps=29012 t=0.05s
Ep 1193: len= 29 黑胜 loss=23.3117 temp=1.00 total_env_steps=29041 t=0.07s
Ep 1194: len= 27 黑胜 loss=23.4072 temp=1.00 total_env_steps=29068 t=0.07s
Ep 1195: len= 19 黑胜 loss=24.5620 temp=1.00 total_env_steps=29087 t=0.06s
Ep 1196: len= 25 黑胜 loss=23.8413 temp=1.00 total_env_steps=29112 t=0.07s
Ep 1197: len= 16 黑胜 loss=23.3248 temp=1.00 total_env_steps=29128 t=0.05s
Ep 1198: len= 21 黑胜 loss=23.0146 temp=1.00 total_env_steps=29149 t=0.06s
Ep 1199: len= 29 黑胜 loss=23.0412 temp=1.00 total_env_steps=29178 t=0.08s
Ep 1200: len= 15 黑胜 loss=23.5224 temp=1.00 total_env_steps=29193 t=0.05s
  eval vs Gomoku-random-v0: win_rate=1.00 mean_return=1.00（20 局，total_env_steps=29193）
Ep 1201: len= 23 黑胜 loss=23.5100 temp=1.00 total_env_steps=29216 t=0.07s
Ep 1202: len= 15 黑胜 loss=23.3088 temp=1.00 total_env_steps=29231 t=0.05s
Ep 1203: len= 25 黑胜 loss=23.2229 temp=1.00 total_env_steps=29256 t=0.07s
Ep 1204: len= 17 黑胜 loss=23.7423 temp=1.00 total_env_steps=29273 t=0.06s
Ep 1205: len=  2 黑胜 loss=23.8162 temp=1.00 total_env_steps=29275 t=0.02s
Ep 1206: len=  6 白胜 loss=23.8619 temp=1.00 total_env_steps=29281 t=0.05s
Ep 1207: len= 19 黑胜 loss=23.5638 temp=1.00 total_env_steps=29300 t=0.05s
Ep 1208: len= 21 黑胜 loss=23.7808 temp=1.00 total_env_steps=29321 t=0.06s
Ep 1209: len= 20 白胜 loss=23.1181 temp=1.00 total_env_steps=29341 t=0.05s
Ep 1210: len=  4 白胜 loss=23.8290 temp=1.00 total_env_steps=29345 t=0.03s
Ep 1211: len= 17 黑胜 loss=22.8054 temp=1.00 total_env_steps=29362 t=0.05s
Ep 1212: len= 12 黑胜 loss=23.1921 temp=1.00 total_env_steps=29374 t=0.05s
Ep 1213: len= 14 黑胜 loss=24.3757 temp=1.00 total_env_steps=29388 t=0.05s
Ep 1214: len= 23 黑胜 loss=23.8900 temp=1.00 total_env_steps=29411 t=0.07s
Ep 1215: len= 19 白胜 loss=23.3084 temp=1.00 total_env_steps=29430 t=0.06s
Ep 1216: len= 23 黑胜 loss=24.0728 temp=1.00 total_env_steps=29453 t=0.07s
Ep 1217: len= 21 黑胜 loss=23.3781 temp=1.00 total_env_steps=29474 t=0.06s
Ep 1218: len= 17 黑胜 loss=23.3075 temp=1.00 total_env_steps=29491 t=0.05s
Ep 1219: len= 13 黑胜 loss=23.6485 temp=1.00 total_env_steps=29504 t=0.04s
Ep 1220: len= 19 黑胜 loss=24.0391 temp=1.00 total_env_steps=29523 t=0.06s
Ep 1221: len= 23 黑胜 loss=23.4447 temp=1.00 total_env_steps=29546 t=0.06s
Ep 1222: len= 19 黑胜 loss=23.7305 temp=1.00 total_env_steps=29565 t=0.05s
Ep 1223: len= 21 黑胜 loss=23.8877 temp=1.00 total_env_steps=29586 t=0.07s
Ep 1224: len= 33 黑胜 loss=23.3292 temp=1.00 total_env_steps=29619 t=0.08s
Ep 1225: len= 27 黑胜 loss=23.8381 temp=1.00 total_env_steps=29646 t=0.07s
Ep 1226: len= 29 黑胜 loss=23.6245 temp=1.00 total_env_steps=29675 t=0.08s
Ep 1227: len= 18 白胜 loss=24.4869 temp=1.00 total_env_steps=29693 t=0.05s
Ep 1228: len= 12 黑胜 loss=23.7954 temp=1.00 total_env_steps=29705 t=0.04s
Ep 1229: len= 21 黑胜 loss=24.1265 temp=1.00 total_env_steps=29726 t=0.06s
Ep 1230: len=  4 白胜 loss=23.3619 temp=1.00 total_env_steps=29730 t=0.02s
Ep 1231: len= 29 黑胜 loss=22.9097 temp=1.00 total_env_steps=29759 t=0.07s
Ep 1232: len= 16 黑胜 loss=23.7532 temp=1.00 total_env_steps=29775 t=0.05s
Ep 1233: len= 23 黑胜 loss=22.7896 temp=1.00 total_env_steps=29798 t=0.06s
Ep 1234: len= 17 黑胜 loss=24.2023 temp=1.00 total_env_steps=29815 t=0.06s
Ep 1235: len= 19 黑胜 loss=23.0818 temp=1.00 total_env_steps=29834 t=0.06s
Ep 1236: len= 21 白胜 loss=23.4120 temp=1.00 total_env_steps=29855 t=0.06s
Ep 1237: len= 17 黑胜 loss=24.0931 temp=1.00 total_env_steps=29872 t=0.06s
Ep 1238: len= 27 黑胜 loss=23.7789 temp=1.00 total_env_steps=29899 t=0.08s
Ep 1239: len=  2 黑胜 loss=22.9956 temp=1.00 total_env_steps=29901 t=0.02s
Ep 1240: len= 18 黑胜 loss=23.6090 temp=1.00 total_env_steps=29919 t=0.06s
Ep 1241: len= 21 黑胜 loss=23.4405 temp=1.00 total_env_steps=29940 t=0.06s
Ep 1242: len= 21 黑胜 loss=23.6770 temp=1.00 total_env_steps=29961 t=0.06s
Ep 1243: len= 14 黑胜 loss=23.8860 temp=1.00 total_env_steps=29975 t=0.05s
Ep 1244: len= 26 白胜 loss=23.8094 temp=1.00 total_env_steps=30001 t=0.07s
Ep 1245: len= 20 黑胜 loss=23.7240 temp=1.00 total_env_steps=30021 t=0.06s
Ep 1246: len= 25 黑胜 loss=23.4815 temp=1.00 total_env_steps=30046 t=0.07s
Ep 1247: len= 21 黑胜 loss=23.4669 temp=1.00 total_env_steps=30067 t=0.06s
Ep 1248: len= 23 白胜 loss=23.2534 temp=1.00 total_env_steps=30090 t=0.06s
Ep 1249: len=  4 黑胜 loss=23.9080 temp=1.00 total_env_steps=30094 t=0.03s
Ep 1250: len= 19 黑胜 loss=23.8065 temp=1.00 total_env_steps=30113 t=0.06s
Ep 1251: len= 23 黑胜 loss=23.1691 temp=1.00 total_env_steps=30136 t=0.07s
Ep 1252: len= 12 白胜 loss=23.1576 temp=1.00 total_env_steps=30148 t=0.04s
Ep 1253: len=  8 白胜 loss=24.2135 temp=1.00 total_env_steps=30156 t=0.04s
Ep 1254: len= 15 黑胜 loss=23.6571 temp=1.00 total_env_steps=30171 t=0.05s
Ep 1255: len= 17 黑胜 loss=23.5419 temp=1.00 total_env_steps=30188 t=0.05s
Ep 1256: len= 17 黑胜 loss=23.2917 temp=1.00 total_env_steps=30205 t=0.06s
Ep 1257: len= 21 黑胜 loss=23.7499 temp=1.00 total_env_steps=30226 t=0.05s
Ep 1258: len= 39 黑胜 loss=23.8389 temp=1.00 total_env_steps=30265 t=0.09s
Ep 1259: len= 15 黑胜 loss=23.5504 temp=1.00 total_env_steps=30280 t=0.05s
Ep 1260: len= 10 黑胜 loss=23.7861 temp=1.00 total_env_steps=30290 t=0.04s
Ep 1261: len= 25 黑胜 loss=23.2118 temp=1.00 total_env_steps=30315 t=0.07s
Ep 1262: len= 13 白胜 loss=24.0134 temp=1.00 total_env_steps=30328 t=0.05s
Ep 1263: len=  2 黑胜 loss=23.3816 temp=1.00 total_env_steps=30330 t=0.02s
Ep 1264: len= 22 白胜 loss=24.0246 temp=1.00 total_env_steps=30352 t=0.06s
Ep 1265: len= 19 黑胜 loss=24.4662 temp=1.00 total_env_steps=30371 t=0.06s
Ep 1266: len= 17 黑胜 loss=23.8664 temp=1.00 total_env_steps=30388 t=0.05s
Ep 1267: len= 25 黑胜 loss=23.4154 temp=1.00 total_env_steps=30413 t=0.06s
Ep 1268: len= 12 黑胜 loss=23.6016 temp=1.00 total_env_steps=30425 t=0.05s
Ep 1269: len= 21 黑胜 loss=23.6579 temp=1.00 total_env_steps=30446 t=0.06s
Ep 1270: len= 21 黑胜 loss=22.9110 temp=1.00 total_env_steps=30467 t=0.06s
Ep 1271: len= 19 黑胜 loss=23.4501 temp=1.00 total_env_steps=30486 t=0.05s
Ep 1272: len= 19 黑胜 loss=24.1405 temp=1.00 total_env_steps=30505 t=0.05s
Ep 1273: len= 19 黑胜 loss=23.2573 temp=1.00 total_env_steps=30524 t=0.05s
Ep 1274: len= 21 黑胜 loss=23.1527 temp=1.00 total_env_steps=30545 t=0.05s
Ep 1275: len= 25 黑胜 loss=22.9141 temp=1.00 total_env_steps=30570 t=0.06s
Ep 1276: len= 17 黑胜 loss=23.4323 temp=1.00 total_env_steps=30587 t=0.05s
Ep 1277: len= 23 黑胜 loss=23.0469 temp=1.00 total_env_steps=30610 t=0.06s
Ep 1278: len= 20 白胜 loss=23.7798 temp=1.00 total_env_steps=30630 t=0.06s
Ep 1279: len= 15 黑胜 loss=23.9676 temp=1.00 total_env_steps=30645 t=0.04s
Ep 1280: len= 23 黑胜 loss=22.5576 temp=1.00 total_env_steps=30668 t=0.06s
Ep 1281: len= 19 黑胜 loss=24.1833 temp=1.00 total_env_steps=30687 t=0.06s
Ep 1282: len= 19 黑胜 loss=23.6956 temp=1.00 total_env_steps=30706 t=0.05s
Ep 1283: len= 17 黑胜 loss=23.4616 temp=1.00 total_env_steps=30723 t=0.05s
Ep 1284: len= 25 黑胜 loss=23.5742 temp=1.00 total_env_steps=30748 t=0.06s
Ep 1285: len= 18 白胜 loss=23.1857 temp=1.00 total_env_steps=30766 t=0.05s
Ep 1286: len= 15 黑胜 loss=24.0696 temp=1.00 total_env_steps=30781 t=0.05s
Ep 1287: len= 21 黑胜 loss=23.8328 temp=1.00 total_env_steps=30802 t=0.06s
Ep 1288: len= 22 黑胜 loss=24.1290 temp=1.00 total_env_steps=30824 t=0.06s
Ep 1289: len=  2 白胜 loss=23.8100 temp=1.00 total_env_steps=30826 t=0.02s
Ep 1290: len= 17 白胜 loss=22.9719 temp=1.00 total_env_steps=30843 t=0.05s
Ep 1291: len= 27 黑胜 loss=23.9541 temp=1.00 total_env_steps=30870 t=0.07s
Ep 1292: len= 19 黑胜 loss=23.5951 temp=1.00 total_env_steps=30889 t=0.06s
Ep 1293: len= 19 黑胜 loss=22.5816 temp=1.00 total_env_steps=30908 t=0.05s
Ep 1294: len= 16 黑胜 loss=23.8669 temp=1.00 total_env_steps=30924 t=0.05s
Ep 1295: len= 13 黑胜 loss=23.9191 temp=1.00 total_env_steps=30937 t=0.05s
Ep 1296: len= 16 黑胜 loss=24.0883 temp=1.00 total_env_steps=30953 t=0.04s
Ep 1297: len= 21 黑胜 loss=23.5232 temp=1.00 total_env_steps=30974 t=0.07s
Ep 1298: len= 22 黑胜 loss=23.4717 temp=1.00 total_env_steps=30996 t=0.06s
Ep 1299: len= 18 黑胜 loss=23.7087 temp=1.00 total_env_steps=31014 t=0.05s
Ep 1300: len= 19 黑胜 loss=23.3467 temp=1.00 total_env_steps=31033 t=0.05s
Ep 1301: len= 19 黑胜 loss=23.9602 temp=1.00 total_env_steps=31052 t=0.06s
Ep 1302: len= 18 白胜 loss=23.5847 temp=1.00 total_env_steps=31070 t=0.06s
Ep 1303: len= 18 黑胜 loss=24.0409 temp=1.00 total_env_steps=31088 t=0.05s
Ep 1304: len= 21 黑胜 loss=22.9511 temp=1.00 total_env_steps=31109 t=0.06s
Ep 1305: len= 27 黑胜 loss=23.2059 temp=1.00 total_env_steps=31136 t=0.07s
Ep 1306: len= 17 黑胜 loss=23.0271 temp=1.00 total_env_steps=31153 t=0.05s
Ep 1307: len= 15 黑胜 loss=22.9020 temp=1.00 total_env_steps=31168 t=0.05s
Ep 1308: len= 21 黑胜 loss=23.1776 temp=1.00 total_env_steps=31189 t=0.06s
Ep 1309: len= 15 黑胜 loss=22.9872 temp=1.00 total_env_steps=31204 t=0.05s
Ep 1310: len= 21 黑胜 loss=24.2576 temp=1.00 total_env_steps=31225 t=0.06s
Ep 1311: len= 19 黑胜 loss=23.0021 temp=1.00 total_env_steps=31244 t=0.05s
Ep 1312: len= 21 黑胜 loss=23.8836 temp=1.00 total_env_steps=31265 t=0.06s
Ep 1313: len= 12 白胜 loss=23.0927 temp=1.00 total_env_steps=31277 t=0.06s
Ep 1314: len= 21 黑胜 loss=23.5320 temp=1.00 total_env_steps=31298 t=0.08s
Ep 1315: len= 16 白胜 loss=23.0707 temp=1.00 total_env_steps=31314 t=0.06s
Ep 1316: len= 12 白胜 loss=23.4015 temp=1.00 total_env_steps=31326 t=0.06s
Ep 1317: len= 15 黑胜 loss=23.6133 temp=1.00 total_env_steps=31341 t=0.07s
Ep 1318: len= 28 白胜 loss=23.4117 temp=1.00 total_env_steps=31369 t=0.08s
Ep 1319: len= 17 黑胜 loss=22.9623 temp=1.00 total_env_steps=31386 t=0.05s
Ep 1320: len= 25 黑胜 loss=22.8710 temp=1.00 total_env_steps=31411 t=0.08s
Ep 1321: len= 23 黑胜 loss=22.6092 temp=1.00 total_env_steps=31434 t=0.08s
Ep 1322: len= 21 黑胜 loss=23.3812 temp=1.00 total_env_steps=31455 t=0.07s
Ep 1323: len= 21 黑胜 loss=23.6914 temp=1.00 total_env_steps=31476 t=0.06s
Ep 1324: len= 19 黑胜 loss=23.1635 temp=1.00 total_env_steps=31495 t=0.06s
Ep 1325: len= 39 黑胜 loss=22.7908 temp=1.00 total_env_steps=31534 t=0.10s
Ep 1326: len= 19 黑胜 loss=23.9124 temp=1.00 total_env_steps=31553 t=0.05s
Ep 1327: len= 19 黑胜 loss=23.0036 temp=1.00 total_env_steps=31572 t=0.06s
Ep 1328: len= 29 黑胜 loss=23.1624 temp=1.00 total_env_steps=31601 t=0.08s
Ep 1329: len= 14 黑胜 loss=23.0148 temp=1.00 total_env_steps=31615 t=0.05s
Ep 1330: len= 29 黑胜 loss=23.6006 temp=1.00 total_env_steps=31644 t=0.08s
Ep 1331: len= 17 黑胜 loss=22.9517 temp=1.00 total_env_steps=31661 t=0.05s
Ep 1332: len= 21 黑胜 loss=22.7665 temp=1.00 total_env_steps=31682 t=0.07s
Ep 1333: len= 21 黑胜 loss=23.1486 temp=1.00 total_env_steps=31703 t=0.07s
Ep 1334: len= 15 黑胜 loss=23.0711 temp=1.00 total_env_steps=31718 t=0.05s
Ep 1335: len= 26 黑胜 loss=23.2428 temp=1.00 total_env_steps=31744 t=0.08s
Ep 1336: len= 19 黑胜 loss=23.4555 temp=1.00 total_env_steps=31763 t=0.06s
Ep 1337: len= 21 黑胜 loss=23.3194 temp=1.00 total_env_steps=31784 t=0.06s
Ep 1338: len= 19 黑胜 loss=23.2057 temp=1.00 total_env_steps=31803 t=0.06s
Ep 1339: len= 27 黑胜 loss=22.8699 temp=1.00 total_env_steps=31830 t=0.08s
Ep 1340: len= 17 黑胜 loss=22.7702 temp=1.00 total_env_steps=31847 t=0.05s
Ep 1341: len= 17 黑胜 loss=22.0163 temp=1.00 total_env_steps=31864 t=0.06s
Ep 1342: len= 19 黑胜 loss=23.0888 temp=1.00 total_env_steps=31883 t=0.06s
Ep 1343: len= 21 黑胜 loss=23.5436 temp=1.00 total_env_steps=31904 t=0.08s
Ep 1344: len= 34 白胜 loss=23.8506 temp=1.00 total_env_steps=31938 t=0.09s
Ep 1345: len= 37 黑胜 loss=23.0744 temp=1.00 total_env_steps=31975 t=0.11s
Ep 1346: len= 20 白胜 loss=23.2410 temp=1.00 total_env_steps=31995 t=0.07s
Ep 1347: len= 21 黑胜 loss=23.0820 temp=1.00 total_env_steps=32016 t=0.06s
Ep 1348: len= 14 白胜 loss=23.5856 temp=1.00 total_env_steps=32030 t=0.06s
Ep 1349: len=  6 黑胜 loss=22.7669 temp=1.00 total_env_steps=32036 t=0.04s
Ep 1350: len= 15 黑胜 loss=23.2739 temp=1.00 total_env_steps=32051 t=0.05s
Ep 1351: len= 23 黑胜 loss=23.3038 temp=1.00 total_env_steps=32074 t=0.08s
Ep 1352: len= 19 黑胜 loss=22.9538 temp=1.00 total_env_steps=32093 t=0.06s
Ep 1353: len= 21 黑胜 loss=23.8857 temp=1.00 total_env_steps=32114 t=0.06s
Ep 1354: len= 14 白胜 loss=22.4867 temp=1.00 total_env_steps=32128 t=0.06s
Ep 1355: len= 18 黑胜 loss=23.2105 temp=1.00 total_env_steps=32146 t=0.06s
Ep 1356: len=  4 白胜 loss=22.9965 temp=1.00 total_env_steps=32150 t=0.03s
Ep 1357: len= 17 黑胜 loss=23.7625 temp=1.00 total_env_steps=32167 t=0.06s
Ep 1358: len= 19 黑胜 loss=23.6956 temp=1.00 total_env_steps=32186 t=0.06s
Ep 1359: len= 17 黑胜 loss=23.8233 temp=1.00 total_env_steps=32203 t=0.07s
Ep 1360: len= 27 黑胜 loss=23.3769 temp=1.00 total_env_steps=32230 t=0.09s
Ep 1361: len=  4 白胜 loss=22.8231 temp=1.00 total_env_steps=32234 t=0.03s
Ep 1362: len= 30 白胜 loss=23.2817 temp=1.00 total_env_steps=32264 t=0.08s
Ep 1363: len= 27 黑胜 loss=23.6597 temp=1.00 total_env_steps=32291 t=0.09s
Ep 1364: len= 21 黑胜 loss=23.2978 temp=1.00 total_env_steps=32312 t=0.07s
Ep 1365: len= 19 黑胜 loss=23.2784 temp=1.00 total_env_steps=32331 t=0.06s
Ep 1366: len=  4 白胜 loss=23.3175 temp=1.00 total_env_steps=32335 t=0.03s
Ep 1367: len= 19 黑胜 loss=23.0361 temp=1.00 total_env_steps=32354 t=0.07s
Ep 1368: len= 17 黑胜 loss=23.7159 temp=1.00 total_env_steps=32371 t=0.07s
Ep 1369: len= 14 黑胜 loss=23.3764 temp=1.00 total_env_steps=32385 t=0.05s
Ep 1370: len= 17 黑胜 loss=22.7548 temp=1.00 total_env_steps=32402 t=0.07s
Ep 1371: len= 17 黑胜 loss=23.4228 temp=1.00 total_env_steps=32419 t=0.08s
Ep 1372: len= 19 黑胜 loss=23.7862 temp=1.00 total_env_steps=32438 t=0.07s
Ep 1373: len= 16 白胜 loss=23.4656 temp=1.00 total_env_steps=32454 t=0.06s
Ep 1374: len= 19 黑胜 loss=22.8194 temp=1.00 total_env_steps=32473 t=0.07s
Ep 1375: len= 25 白胜 loss=23.3915 temp=1.00 total_env_steps=32498 t=0.08s
Ep 1376: len= 19 黑胜 loss=22.8586 temp=1.00 total_env_steps=32517 t=0.07s
Ep 1377: len= 20 黑胜 loss=23.0133 temp=1.00 total_env_steps=32537 t=0.07s
Ep 1378: len= 17 黑胜 loss=23.7329 temp=1.00 total_env_steps=32554 t=0.06s
Ep 1379: len= 17 黑胜 loss=23.0092 temp=1.00 total_env_steps=32571 t=0.06s
Ep 1380: len= 17 黑胜 loss=23.6158 temp=1.00 total_env_steps=32588 t=0.06s
Ep 1381: len= 23 黑胜 loss=23.0105 temp=1.00 total_env_steps=32611 t=0.07s
Ep 1382: len= 16 白胜 loss=23.5500 temp=1.00 total_env_steps=32627 t=0.06s
Ep 1383: len= 15 黑胜 loss=22.9167 temp=1.00 total_env_steps=32642 t=0.06s
Ep 1384: len= 23 黑胜 loss=24.0094 temp=1.00 total_env_steps=32665 t=0.07s
Ep 1385: len= 19 黑胜 loss=22.9484 temp=1.00 total_env_steps=32684 t=0.06s
Ep 1386: len= 18 白胜 loss=22.7649 temp=1.00 total_env_steps=32702 t=0.06s
Ep 1387: len= 17 黑胜 loss=23.0166 temp=1.00 total_env_steps=32719 t=0.05s
Ep 1388: len= 21 黑胜 loss=23.1267 temp=1.00 total_env_steps=32740 t=0.07s
Ep 1389: len= 14 黑胜 loss=23.2208 temp=1.00 total_env_steps=32754 t=0.05s
Ep 1390: len= 21 黑胜 loss=22.9431 temp=1.00 total_env_steps=32775 t=0.07s
Ep 1391: len= 14 白胜 loss=23.4280 temp=1.00 total_env_steps=32789 t=0.12s
Ep 1392: len= 15 黑胜 loss=22.7162 temp=1.00 total_env_steps=32804 t=0.14s
Ep 1393: len=  2 白胜 loss=22.5729 temp=1.00 total_env_steps=32806 t=0.08s
Ep 1394: len= 17 黑胜 loss=23.4276 temp=1.00 total_env_steps=32823 t=0.14s
Ep 1395: len= 23 黑胜 loss=23.8329 temp=1.00 total_env_steps=32846 t=0.14s
Ep 1396: len= 23 黑胜 loss=23.3730 temp=1.00 total_env_steps=32869 t=0.17s
Ep 1397: len= 25 黑胜 loss=24.4866 temp=1.00 total_env_steps=32894 t=0.17s
Ep 1398: len= 17 黑胜 loss=23.6541 temp=1.00 total_env_steps=32911 t=0.13s
Ep 1399: len= 18 黑胜 loss=23.7857 temp=1.00 total_env_steps=32929 t=0.13s
Ep 1400: len= 23 黑胜 loss=23.5593 temp=1.00 total_env_steps=32952 t=0.15s
  eval vs Gomoku-random-v0: win_rate=1.00 mean_return=1.00（20 局，total_env_steps=32952）
Ep 1401: len=  4 黑胜 loss=24.0471 temp=1.00 total_env_steps=32956 t=0.09s
Ep 1402: len= 29 黑胜 loss=24.1311 temp=1.00 total_env_steps=32985 t=0.17s
Ep 1403: len= 27 黑胜 loss=23.8857 temp=1.00 total_env_steps=33012 t=0.16s
Ep 1404: len=  6 白胜 loss=22.9631 temp=1.00 total_env_steps=33018 t=0.09s
Ep 1405: len= 15 黑胜 loss=22.3866 temp=1.00 total_env_steps=33033 t=0.12s
Ep 1406: len= 21 黑胜 loss=23.2300 temp=1.00 total_env_steps=33054 t=0.15s
Ep 1407: len= 18 白胜 loss=23.1480 temp=1.00 total_env_steps=33072 t=0.13s
Ep 1408: len= 12 黑胜 loss=22.3876 temp=1.00 total_env_steps=33084 t=0.11s
Ep 1409: len= 25 黑胜 loss=23.9387 temp=1.00 total_env_steps=33109 t=0.16s
Ep 1410: len= 15 黑胜 loss=23.0174 temp=1.00 total_env_steps=33124 t=0.12s
Ep 1411: len= 23 黑胜 loss=24.0390 temp=1.00 total_env_steps=33147 t=0.14s
Ep 1412: len= 17 黑胜 loss=22.9127 temp=1.00 total_env_steps=33164 t=0.12s
Ep 1413: len= 16 黑胜 loss=23.2502 temp=1.00 total_env_steps=33180 t=0.11s
Ep 1414: len= 19 黑胜 loss=23.1740 temp=1.00 total_env_steps=33199 t=0.13s
Ep 1415: len= 19 黑胜 loss=23.3109 temp=1.00 total_env_steps=33218 t=0.13s
Ep 1416: len= 14 白胜 loss=22.9696 temp=1.00 total_env_steps=33232 t=0.14s
Ep 1417: len= 19 黑胜 loss=22.9362 temp=1.00 total_env_steps=33251 t=0.13s
Ep 1418: len= 17 黑胜 loss=24.2450 temp=1.00 total_env_steps=33268 t=0.14s
Ep 1419: len= 19 黑胜 loss=23.2673 temp=1.00 total_env_steps=33287 t=0.13s
Ep 1420: len= 19 黑胜 loss=23.3132 temp=1.00 total_env_steps=33306 t=0.14s
Ep 1421: len= 23 白胜 loss=23.4612 temp=1.00 total_env_steps=33329 t=0.15s
Ep 1422: len= 27 黑胜 loss=23.5332 temp=1.00 total_env_steps=33356 t=0.15s
Ep 1423: len=  4 黑胜 loss=23.3476 temp=1.00 total_env_steps=33360 t=0.09s
Ep 1424: len= 19 黑胜 loss=24.0258 temp=1.00 total_env_steps=33379 t=0.14s
Ep 1425: len= 19 黑胜 loss=23.7188 temp=1.00 total_env_steps=33398 t=0.14s
Ep 1426: len= 23 黑胜 loss=23.7008 temp=1.00 total_env_steps=33421 t=0.14s
Ep 1427: len= 21 黑胜 loss=22.9967 temp=1.00 total_env_steps=33442 t=0.13s
Ep 1428: len= 21 黑胜 loss=23.0605 temp=1.00 total_env_steps=33463 t=0.13s
Ep 1429: len= 21 黑胜 loss=23.1619 temp=1.00 total_env_steps=33484 t=0.14s
Ep 1430: len= 23 白胜 loss=22.9964 temp=1.00 total_env_steps=33507 t=0.13s
Ep 1431: len= 19 黑胜 loss=23.1549 temp=1.00 total_env_steps=33526 t=0.14s
Ep 1432: len= 20 黑胜 loss=23.3019 temp=1.00 total_env_steps=33546 t=0.13s
Ep 1433: len= 15 黑胜 loss=23.4475 temp=1.00 total_env_steps=33561 t=0.13s
Ep 1434: len= 15 黑胜 loss=23.1291 temp=1.00 total_env_steps=33576 t=0.12s
Ep 1435: len= 19 黑胜 loss=23.2341 temp=1.00 total_env_steps=33595 t=0.14s
Ep 1436: len= 19 黑胜 loss=23.0395 temp=1.00 total_env_steps=33614 t=0.14s
Ep 1437: len= 19 黑胜 loss=22.5718 temp=1.00 total_env_steps=33633 t=0.13s
Ep 1438: len= 25 黑胜 loss=23.1683 temp=1.00 total_env_steps=33658 t=0.14s
Ep 1439: len= 19 黑胜 loss=23.7202 temp=1.00 total_env_steps=33677 t=0.13s
Ep 1440: len= 17 黑胜 loss=22.9240 temp=1.00 total_env_steps=33694 t=0.13s
Ep 1441: len= 15 黑胜 loss=23.3245 temp=1.00 total_env_steps=33709 t=0.13s
Ep 1442: len= 16 黑胜 loss=22.8545 temp=1.00 total_env_steps=33725 t=0.12s
Ep 1443: len= 23 黑胜 loss=23.1677 temp=1.00 total_env_steps=33748 t=0.14s
Ep 1444: len= 17 黑胜 loss=23.1224 temp=1.00 total_env_steps=33765 t=0.13s
Ep 1445: len= 17 黑胜 loss=22.7244 temp=1.00 total_env_steps=33782 t=0.13s
Ep 1446: len= 33 黑胜 loss=22.8064 temp=1.00 total_env_steps=33815 t=0.18s
Ep 1447: len= 19 黑胜 loss=23.3014 temp=1.00 total_env_steps=33834 t=0.14s
Ep 1448: len= 19 黑胜 loss=22.9665 temp=1.00 total_env_steps=33853 t=0.13s
Ep 1449: len=  7 白胜 loss=23.7170 temp=1.00 total_env_steps=33860 t=0.11s
Ep 1450: len= 15 黑胜 loss=22.7102 temp=1.00 total_env_steps=33875 t=0.15s
Ep 1451: len= 17 白胜 loss=22.9162 temp=1.00 total_env_steps=33892 t=0.14s
Ep 1452: len= 35 黑胜 loss=23.4705 temp=1.00 total_env_steps=33927 t=0.17s
Ep 1453: len= 17 黑胜 loss=23.2402 temp=1.00 total_env_steps=33944 t=0.14s
Ep 1454: len= 29 黑胜 loss=22.5317 temp=1.00 total_env_steps=33973 t=0.15s
Ep 1455: len= 19 黑胜 loss=22.5846 temp=1.00 total_env_steps=33992 t=0.14s
Ep 1456: len= 27 黑胜 loss=23.4795 temp=1.00 total_env_steps=34019 t=0.15s
Ep 1457: len= 21 黑胜 loss=22.9433 temp=1.00 total_env_steps=34040 t=0.14s
Ep 1458: len= 25 黑胜 loss=22.7955 temp=1.00 total_env_steps=34065 t=0.17s
Ep 1459: len= 21 黑胜 loss=23.6242 temp=1.00 total_env_steps=34086 t=0.14s
Ep 1460: len= 23 黑胜 loss=23.2223 temp=1.00 total_env_steps=34109 t=0.15s
Ep 1461: len= 19 黑胜 loss=22.8538 temp=1.00 total_env_steps=34128 t=0.13s
Ep 1462: len= 15 黑胜 loss=22.7634 temp=1.00 total_env_steps=34143 t=0.13s
Ep 1463: len= 27 黑胜 loss=23.3146 temp=1.00 total_env_steps=34170 t=0.17s
Ep 1464: len=  4 黑胜 loss=22.6209 temp=1.00 total_env_steps=34174 t=0.10s
Ep 1465: len= 25 黑胜 loss=23.4872 temp=1.00 total_env_steps=34199 t=0.15s
Ep 1466: len= 21 黑胜 loss=23.1214 temp=1.00 total_env_steps=34220 t=0.15s
Ep 1467: len= 18 黑胜 loss=22.9647 temp=1.00 total_env_steps=34238 t=0.12s
Ep 1468: len= 19 黑胜 loss=22.7977 temp=1.00 total_env_steps=34257 t=0.14s
Ep 1469: len= 17 黑胜 loss=23.6964 temp=1.00 total_env_steps=34274 t=0.12s
Ep 1470: len= 15 黑胜 loss=23.1523 temp=1.00 total_env_steps=34289 t=0.13s
Ep 1471: len= 19 黑胜 loss=23.2681 temp=1.00 total_env_steps=34308 t=0.13s
Ep 1472: len= 21 黑胜 loss=23.4939 temp=1.00 total_env_steps=34329 t=0.14s
Ep 1473: len= 14 黑胜 loss=22.9052 temp=1.00 total_env_steps=34343 t=0.12s
Ep 1474: len= 21 黑胜 loss=22.5779 temp=1.00 total_env_steps=34364 t=0.15s
Ep 1475: len= 29 黑胜 loss=23.5229 temp=1.00 total_env_steps=34393 t=0.16s
Ep 1476: len=  8 黑胜 loss=23.0759 temp=1.00 total_env_steps=34401 t=0.11s
Ep 1477: len= 29 黑胜 loss=22.9872 temp=1.00 total_env_steps=34430 t=0.16s
Ep 1478: len=  9 黑胜 loss=22.5584 temp=1.00 total_env_steps=34439 t=0.13s
Ep 1479: len= 21 黑胜 loss=22.9610 temp=1.00 total_env_steps=34460 t=0.13s
Ep 1480: len= 21 黑胜 loss=23.1161 temp=1.00 total_env_steps=34481 t=0.14s
Ep 1481: len= 19 黑胜 loss=23.4298 temp=1.00 total_env_steps=34500 t=0.13s
Ep 1482: len=  2 白胜 loss=23.9911 temp=1.00 total_env_steps=34502 t=0.11s
Ep 1483: len= 28 白胜 loss=23.2164 temp=1.00 total_env_steps=34530 t=0.16s
Ep 1484: len= 25 黑胜 loss=23.5345 temp=1.00 total_env_steps=34555 t=0.15s
Ep 1485: len= 18 黑胜 loss=23.3986 temp=1.00 total_env_steps=34573 t=0.12s
Ep 1486: len=  4 黑胜 loss=23.4967 temp=1.00 total_env_steps=34577 t=0.10s
Ep 1487: len= 16 白胜 loss=23.0397 temp=1.00 total_env_steps=34593 t=0.13s
Ep 1488: len= 21 黑胜 loss=22.8648 temp=1.00 total_env_steps=34614 t=0.15s
Ep 1489: len= 19 黑胜 loss=23.0945 temp=1.00 total_env_steps=34633 t=0.13s
Ep 1490: len= 25 黑胜 loss=22.6753 temp=1.00 total_env_steps=34658 t=0.16s
Ep 1491: len= 29 黑胜 loss=22.7030 temp=1.00 total_env_steps=34687 t=0.18s
Ep 1492: len= 21 黑胜 loss=23.1909 temp=1.00 total_env_steps=34708 t=0.14s
Ep 1493: len=  2 黑胜 loss=23.3480 temp=1.00 total_env_steps=34710 t=0.09s
Ep 1494: len= 21 黑胜 loss=23.6782 temp=1.00 total_env_steps=34731 t=0.15s
Ep 1495: len= 20 白胜 loss=22.9591 temp=1.00 total_env_steps=34751 t=0.14s
Ep 1496: len= 27 白胜 loss=23.8231 temp=1.00 total_env_steps=34778 t=0.16s
Ep 1497: len= 17 黑胜 loss=22.9606 temp=1.00 total_env_steps=34795 t=0.14s
Ep 1498: len=  4 黑胜 loss=23.0569 temp=1.00 total_env_steps=34799 t=0.09s
Ep 1499: len= 22 黑胜 loss=22.9690 temp=1.00 total_env_steps=34821 t=0.16s
Ep 1500: len= 37 黑胜 loss=23.3972 temp=1.00 total_env_steps=34858 t=0.18s
Ep 1501: len= 29 黑胜 loss=23.2478 temp=1.00 total_env_steps=34887 t=0.17s
Ep 1502: len= 19 黑胜 loss=23.4792 temp=1.00 total_env_steps=34906 t=0.13s
Ep 1503: len=  2 白胜 loss=23.3971 temp=1.00 total_env_steps=34908 t=0.09s
Ep 1504: len= 21 黑胜 loss=23.1812 temp=1.00 total_env_steps=34929 t=0.13s
Ep 1505: len= 21 黑胜 loss=22.9211 temp=1.00 total_env_steps=34950 t=0.17s
Ep 1506: len=  2 白胜 loss=23.3631 temp=1.00 total_env_steps=34952 t=0.09s
Ep 1507: len= 15 黑胜 loss=23.5975 temp=1.00 total_env_steps=34967 t=0.13s
Ep 1508: len= 12 黑胜 loss=23.1926 temp=1.00 total_env_steps=34979 t=0.10s
Ep 1509: len= 19 黑胜 loss=22.8215 temp=1.00 total_env_steps=34998 t=0.14s
Ep 1510: len= 21 黑胜 loss=23.1584 temp=1.00 total_env_steps=35019 t=0.13s
Ep 1511: len= 23 黑胜 loss=23.6457 temp=1.00 total_env_steps=35042 t=0.16s
Ep 1512: len= 21 黑胜 loss=23.2779 temp=1.00 total_env_steps=35063 t=0.13s
Ep 1513: len= 27 黑胜 loss=23.3776 temp=1.00 total_env_steps=35090 t=0.16s
Ep 1514: len= 12 黑胜 loss=22.6040 temp=1.00 total_env_steps=35102 t=0.11s
Ep 1515: len= 23 黑胜 loss=23.4776 temp=1.00 total_env_steps=35125 t=0.15s
Ep 1516: len= 18 白胜 loss=22.9531 temp=1.00 total_env_steps=35143 t=0.13s
Ep 1517: len= 15 黑胜 loss=23.4041 temp=1.00 total_env_steps=35158 t=0.15s
Ep 1518: len= 21 黑胜 loss=22.7343 temp=1.00 total_env_steps=35179 t=0.13s
Ep 1519: len= 15 黑胜 loss=23.6294 temp=1.00 total_env_steps=35194 t=0.14s
Ep 1520: len= 23 黑胜 loss=23.4184 temp=1.00 total_env_steps=35217 t=0.16s
Ep 1521: len= 27 黑胜 loss=23.3644 temp=1.00 total_env_steps=35244 t=0.17s
Ep 1522: len= 19 黑胜 loss=22.7558 temp=1.00 total_env_steps=35263 t=0.14s
Ep 1523: len= 19 黑胜 loss=23.1426 temp=1.00 total_env_steps=35282 t=0.13s
Ep 1524: len= 23 黑胜 loss=23.8120 temp=1.00 total_env_steps=35305 t=0.16s
Ep 1525: len= 14 白胜 loss=24.2218 temp=1.00 total_env_steps=35319 t=0.11s
Ep 1526: len=  4 白胜 loss=22.9683 temp=1.00 total_env_steps=35323 t=0.10s
Ep 1527: len= 29 黑胜 loss=22.7589 temp=1.00 total_env_steps=35352 t=0.16s
Ep 1528: len= 19 黑胜 loss=23.4338 temp=1.00 total_env_steps=35371 t=0.15s
Ep 1529: len= 21 黑胜 loss=22.2851 temp=1.00 total_env_steps=35392 t=0.13s
Ep 1530: len= 15 黑胜 loss=23.4295 temp=1.00 total_env_steps=35407 t=0.14s
Ep 1531: len= 21 黑胜 loss=23.4015 temp=1.00 total_env_steps=35428 t=0.15s
Ep 1532: len= 17 黑胜 loss=23.3651 temp=1.00 total_env_steps=35445 t=0.14s
Ep 1533: len= 17 黑胜 loss=22.7890 temp=1.00 total_env_steps=35462 t=0.12s
Ep 1534: len= 19 黑胜 loss=23.1451 temp=1.00 total_env_steps=35481 t=0.15s
Ep 1535: len= 31 黑胜 loss=22.9276 temp=1.00 total_env_steps=35512 t=0.16s
Ep 1536: len= 18 黑胜 loss=23.3788 temp=1.00 total_env_steps=35530 t=0.15s
Ep 1537: len= 24 白胜 loss=23.8700 temp=1.00 total_env_steps=35554 t=0.16s
Ep 1538: len= 25 黑胜 loss=23.5097 temp=1.00 total_env_steps=35579 t=0.15s
Ep 1539: len= 29 黑胜 loss=23.5270 temp=1.00 total_env_steps=35608 t=0.17s
Ep 1540: len= 17 黑胜 loss=22.8646 temp=1.00 total_env_steps=35625 t=0.12s
Ep 1541: len= 29 黑胜 loss=23.1626 temp=1.00 total_env_steps=35654 t=0.18s
Ep 1542: len=  2 黑胜 loss=23.1322 temp=1.00 total_env_steps=35656 t=0.08s
Ep 1543: len= 23 黑胜 loss=22.9215 temp=1.00 total_env_steps=35679 t=0.16s
Ep 1544: len= 17 黑胜 loss=22.8556 temp=1.00 total_env_steps=35696 t=0.13s
Ep 1545: len= 15 白胜 loss=22.4820 temp=1.00 total_env_steps=35711 t=0.15s
Ep 1546: len= 13 黑胜 loss=23.5294 temp=1.00 total_env_steps=35724 t=0.13s
Ep 1547: len= 19 黑胜 loss=23.3543 temp=1.00 total_env_steps=35743 t=0.16s
Ep 1548: len= 33 黑胜 loss=23.6792 temp=1.00 total_env_steps=35776 t=0.18s
Ep 1549: len= 23 黑胜 loss=23.7620 temp=1.00 total_env_steps=35799 t=0.14s
Ep 1550: len= 14 黑胜 loss=22.3569 temp=1.00 total_env_steps=35813 t=0.13s
Ep 1551: len= 17 黑胜 loss=23.4072 temp=1.00 total_env_steps=35830 t=0.13s
Ep 1552: len= 36 白胜 loss=23.1899 temp=1.00 total_env_steps=35866 t=0.19s
Ep 1553: len= 17 黑胜 loss=23.4402 temp=1.00 total_env_steps=35883 t=0.13s
Ep 1554: len= 17 黑胜 loss=23.0446 temp=1.00 total_env_steps=35900 t=0.13s
Ep 1555: len=  2 黑胜 loss=23.8031 temp=1.00 total_env_steps=35902 t=0.09s
Ep 1556: len=  2 黑胜 loss=23.9199 temp=1.00 total_env_steps=35904 t=0.09s
Ep 1557: len= 24 黑胜 loss=23.6784 temp=1.00 total_env_steps=35928 t=0.15s
Ep 1558: len= 19 黑胜 loss=22.9383 temp=1.00 total_env_steps=35947 t=0.15s
Ep 1559: len= 23 黑胜 loss=23.1385 temp=1.00 total_env_steps=35970 t=0.15s
Ep 1560: len= 13 白胜 loss=23.9969 temp=1.00 total_env_steps=35983 t=0.16s
Ep 1561: len= 10 白胜 loss=22.9384 temp=1.00 total_env_steps=35993 t=0.10s
Ep 1562: len= 10 黑胜 loss=23.4965 temp=1.00 total_env_steps=36003 t=0.11s
Ep 1563: len= 19 黑胜 loss=22.0224 temp=1.00 total_env_steps=36022 t=0.13s
Ep 1564: len= 19 黑胜 loss=22.9913 temp=1.00 total_env_steps=36041 t=0.14s
Ep 1565: len= 15 黑胜 loss=23.4331 temp=1.00 total_env_steps=36056 t=0.13s
Ep 1566: len= 29 黑胜 loss=23.1666 temp=1.00 total_env_steps=36085 t=0.17s
Ep 1567: len= 19 黑胜 loss=23.6545 temp=1.00 total_env_steps=36104 t=0.13s
Ep 1568: len= 17 黑胜 loss=22.9691 temp=1.00 total_env_steps=36121 t=0.14s
Ep 1569: len= 17 黑胜 loss=23.4858 temp=1.00 total_env_steps=36138 t=0.12s
Ep 1570: len= 19 黑胜 loss=23.4412 temp=1.00 total_env_steps=36157 t=0.15s
Ep 1571: len= 23 黑胜 loss=23.3579 temp=1.00 total_env_steps=36180 t=0.15s
Ep 1572: len= 17 黑胜 loss=23.2218 temp=1.00 total_env_steps=36197 t=0.14s
Ep 1573: len= 17 黑胜 loss=24.0237 temp=1.00 total_env_steps=36214 t=0.13s
Ep 1574: len= 31 黑胜 loss=22.9745 temp=1.00 total_env_steps=36245 t=0.19s
Ep 1575: len= 20 白胜 loss=23.2258 temp=1.00 total_env_steps=36265 t=0.12s
Ep 1576: len= 21 黑胜 loss=23.4447 temp=1.00 total_env_steps=36286 t=0.15s
Ep 1577: len= 19 黑胜 loss=22.9418 temp=1.00 total_env_steps=36305 t=0.13s
Ep 1578: len= 19 黑胜 loss=23.1930 temp=1.00 total_env_steps=36324 t=0.17s
Ep 1579: len= 25 黑胜 loss=22.5875 temp=1.00 total_env_steps=36349 t=0.16s
Ep 1580: len= 22 黑胜 loss=22.6904 temp=1.00 total_env_steps=36371 t=0.13s
Ep 1581: len=  8 黑胜 loss=23.2677 temp=1.00 total_env_steps=36379 t=0.12s
Ep 1582: len= 24 黑胜 loss=22.8751 temp=1.00 total_env_steps=36403 t=0.14s
Ep 1583: len= 19 黑胜 loss=23.1205 temp=1.00 total_env_steps=36422 t=0.15s
Ep 1584: len= 15 黑胜 loss=23.4249 temp=1.00 total_env_steps=36437 t=0.12s
Ep 1585: len= 21 黑胜 loss=22.6486 temp=1.00 total_env_steps=36458 t=0.15s
Ep 1586: len= 17 黑胜 loss=23.7664 temp=1.00 total_env_steps=36475 t=0.13s
Ep 1587: len= 25 黑胜 loss=23.2514 temp=1.00 total_env_steps=36500 t=0.17s
Ep 1588: len= 19 黑胜 loss=23.0536 temp=1.00 total_env_steps=36519 t=0.14s
Ep 1589: len= 25 黑胜 loss=22.6685 temp=1.00 total_env_steps=36544 t=0.17s
Ep 1590: len= 17 黑胜 loss=24.1558 temp=1.00 total_env_steps=36561 t=0.14s
Ep 1591: len= 29 黑胜 loss=23.1652 temp=1.00 total_env_steps=36590 t=0.17s
Ep 1592: len= 22 黑胜 loss=23.1891 temp=1.00 total_env_steps=36612 t=0.15s
Ep 1593: len= 19 黑胜 loss=23.3908 temp=1.00 total_env_steps=36631 t=0.13s
Ep 1594: len= 17 黑胜 loss=23.5878 temp=1.00 total_env_steps=36648 t=0.15s
Ep 1595: len=  2 黑胜 loss=23.0901 temp=1.00 total_env_steps=36650 t=0.09s
Ep 1596: len= 15 黑胜 loss=23.3424 temp=1.00 total_env_steps=36665 t=0.14s
Ep 1597: len= 19 黑胜 loss=23.0601 temp=1.00 total_env_steps=36684 t=0.13s
Ep 1598: len= 19 黑胜 loss=23.5161 temp=1.00 total_env_steps=36703 t=0.14s
Ep 1599: len= 26 白胜 loss=22.8555 temp=1.00 total_env_steps=36729 t=0.14s
Ep 1600: len= 19 黑胜 loss=22.7104 temp=1.00 total_env_steps=36748 t=0.16s
  eval vs Gomoku-random-v0: win_rate=1.00 mean_return=1.00（20 局，total_env_steps=36748）
Ep 1601: len= 17 黑胜 loss=22.5817 temp=1.00 total_env_steps=36765 t=0.15s
Ep 1602: len= 16 白胜 loss=23.4778 temp=1.00 total_env_steps=36781 t=0.14s
Ep 1603: len= 16 黑胜 loss=23.1369 temp=1.00 total_env_steps=36797 t=0.15s
Ep 1604: len= 19 黑胜 loss=23.0711 temp=1.00 total_env_steps=36816 t=0.12s
Ep 1605: len= 16 黑胜 loss=23.1897 temp=1.00 total_env_steps=36832 t=0.15s
Ep 1606: len= 17 黑胜 loss=22.8562 temp=1.00 total_env_steps=36849 t=0.13s
Ep 1607: len= 27 黑胜 loss=23.1504 temp=1.00 total_env_steps=36876 t=0.17s
Ep 1608: len= 21 黑胜 loss=22.7702 temp=1.00 total_env_steps=36897 t=0.14s
Ep 1609: len= 33 黑胜 loss=23.6431 temp=1.00 total_env_steps=36930 t=0.18s
Ep 1610: len= 29 黑胜 loss=22.8685 temp=1.00 total_env_steps=36959 t=0.18s
Ep 1611: len= 21 黑胜 loss=23.3798 temp=1.00 total_env_steps=36980 t=0.17s
Ep 1612: len= 19 黑胜 loss=23.7907 temp=1.00 total_env_steps=36999 t=0.15s
Ep 1613: len= 24 白胜 loss=23.0847 temp=1.00 total_env_steps=37023 t=0.15s
Ep 1614: len= 17 黑胜 loss=23.9317 temp=1.00 total_env_steps=37040 t=0.17s
Ep 1615: len=  8 白胜 loss=23.8701 temp=1.00 total_env_steps=37048 t=0.10s
Ep 1616: len= 16 黑胜 loss=23.7925 temp=1.00 total_env_steps=37064 t=0.13s
Ep 1617: len= 12 白胜 loss=23.4119 temp=1.00 total_env_steps=37076 t=0.11s
Ep 1618: len= 25 白胜 loss=23.4271 temp=1.00 total_env_steps=37101 t=0.17s
Ep 1619: len= 13 黑胜 loss=23.5440 temp=1.00 total_env_steps=37114 t=0.12s
Ep 1620: len= 21 黑胜 loss=23.3457 temp=1.00 total_env_steps=37135 t=0.15s
Ep 1621: len= 19 黑胜 loss=22.4747 temp=1.00 total_env_steps=37154 t=0.15s
Ep 1622: len= 17 黑胜 loss=23.3570 temp=1.00 total_env_steps=37171 t=0.13s
Ep 1623: len= 18 白胜 loss=23.0697 temp=1.00 total_env_steps=37189 t=0.16s
Ep 1624: len= 19 黑胜 loss=23.2154 temp=1.00 total_env_steps=37208 t=0.15s
Ep 1625: len= 17 黑胜 loss=23.7312 temp=1.00 total_env_steps=37225 t=0.14s
Ep 1626: len= 23 黑胜 loss=22.8897 temp=1.00 total_env_steps=37248 t=0.14s
Ep 1627: len= 20 白胜 loss=22.9674 temp=1.00 total_env_steps=37268 t=0.16s
Ep 1628: len= 19 黑胜 loss=23.1345 temp=1.00 total_env_steps=37287 t=0.13s
Ep 1629: len= 17 黑胜 loss=22.9936 temp=1.00 total_env_steps=37304 t=0.14s
Ep 1630: len= 14 白胜 loss=23.1067 temp=1.00 total_env_steps=37318 t=0.11s
Ep 1631: len= 21 黑胜 loss=22.5840 temp=1.00 total_env_steps=37339 t=0.15s
Ep 1632: len=  2 黑胜 loss=23.3690 temp=1.00 total_env_steps=37341 t=0.09s
Ep 1633: len= 17 黑胜 loss=23.4435 temp=1.00 total_env_steps=37358 t=0.15s
Ep 1634: len= 18 黑胜 loss=23.3001 temp=1.00 total_env_steps=37376 t=0.12s
Ep 1635: len= 19 黑胜 loss=23.4103 temp=1.00 total_env_steps=37395 t=0.15s
Ep 1636: len= 28 黑胜 loss=23.2950 temp=1.00 total_env_steps=37423 t=0.15s
Ep 1637: len= 35 黑胜 loss=23.6370 temp=1.00 total_env_steps=37458 t=0.19s
Ep 1638: len= 14 黑胜 loss=23.9510 temp=1.00 total_env_steps=37472 t=0.14s
Ep 1639: len= 16 白胜 loss=23.2776 temp=1.00 total_env_steps=37488 t=0.13s
Ep 1640: len= 17 黑胜 loss=23.5434 temp=1.00 total_env_steps=37505 t=0.14s
Ep 1641: len= 19 黑胜 loss=23.7160 temp=1.00 total_env_steps=37524 t=0.13s
Ep 1642: len= 19 黑胜 loss=23.1390 temp=1.00 total_env_steps=37543 t=0.15s
Ep 1643: len= 21 黑胜 loss=23.8162 temp=1.00 total_env_steps=37564 t=0.14s
Ep 1644: len= 21 黑胜 loss=23.5014 temp=1.00 total_env_steps=37585 t=0.15s
Ep 1645: len= 12 白胜 loss=23.5563 temp=1.00 total_env_steps=37597 t=0.11s
Ep 1646: len= 37 黑胜 loss=23.5394 temp=1.00 total_env_steps=37634 t=0.18s
Ep 1647: len= 19 黑胜 loss=23.6218 temp=1.00 total_env_steps=37653 t=0.13s
Ep 1648: len= 19 黑胜 loss=23.3467 temp=1.00 total_env_steps=37672 t=0.17s
Ep 1649: len= 21 黑胜 loss=23.0336 temp=1.00 total_env_steps=37693 t=0.15s
Ep 1650: len= 17 黑胜 loss=23.5094 temp=1.00 total_env_steps=37710 t=0.14s
Ep 1651: len= 14 白胜 loss=23.2621 temp=1.00 total_env_steps=37724 t=0.13s
Ep 1652: len= 17 黑胜 loss=23.0144 temp=1.00 total_env_steps=37741 t=0.13s
Ep 1653: len= 21 黑胜 loss=23.4047 temp=1.00 total_env_steps=37762 t=0.15s
Ep 1654: len= 19 黑胜 loss=23.1675 temp=1.00 total_env_steps=37781 t=0.13s
Ep 1655: len= 19 黑胜 loss=23.4169 temp=1.00 total_env_steps=37800 t=0.15s
Ep 1656: len= 21 黑胜 loss=23.5891 temp=1.00 total_env_steps=37821 t=0.13s
Ep 1657: len= 15 黑胜 loss=23.3035 temp=1.00 total_env_steps=37836 t=0.14s
Ep 1658: len= 12 黑胜 loss=23.6797 temp=1.00 total_env_steps=37848 t=0.11s
Ep 1659: len= 25 黑胜 loss=23.3755 temp=1.00 total_env_steps=37873 t=0.15s
Ep 1660: len= 13 白胜 loss=22.9649 temp=1.00 total_env_steps=37886 t=0.11s
Ep 1661: len= 17 白胜 loss=23.6141 temp=1.00 total_env_steps=37903 t=0.14s
Ep 1662: len=  2 白胜 loss=22.0579 temp=1.00 total_env_steps=37905 t=0.09s
Ep 1663: len= 25 黑胜 loss=23.4533 temp=1.00 total_env_steps=37930 t=0.15s
Ep 1664: len=  4 白胜 loss=23.0955 temp=1.00 total_env_steps=37934 t=0.10s
Ep 1665: len= 19 黑胜 loss=23.3009 temp=1.00 total_env_steps=37953 t=0.13s
Ep 1666: len= 19 黑胜 loss=23.2045 temp=1.00 total_env_steps=37972 t=0.14s
Ep 1667: len= 15 黑胜 loss=23.5615 temp=1.00 total_env_steps=37987 t=0.12s
Ep 1668: len= 15 黑胜 loss=23.1663 temp=1.00 total_env_steps=38002 t=0.13s
Ep 1669: len= 19 黑胜 loss=23.5293 temp=1.00 total_env_steps=38021 t=0.15s
Ep 1670: len=  2 白胜 loss=22.8342 temp=1.00 total_env_steps=38023 t=0.09s
Ep 1671: len= 21 黑胜 loss=23.4048 temp=1.00 total_env_steps=38044 t=0.13s
Ep 1672: len= 20 白胜 loss=23.3875 temp=1.00 total_env_steps=38064 t=0.15s
Ep 1673: len= 17 黑胜 loss=22.5038 temp=1.00 total_env_steps=38081 t=0.12s
Ep 1674: len=  6 黑胜 loss=23.7357 temp=1.00 total_env_steps=38087 t=0.11s
Ep 1675: len= 19 黑胜 loss=23.7299 temp=1.00 total_env_steps=38106 t=0.13s
Ep 1676: len= 17 黑胜 loss=23.3376 temp=1.00 total_env_steps=38123 t=0.15s
Ep 1677: len= 19 黑胜 loss=23.6537 temp=1.00 total_env_steps=38142 t=0.14s
Ep 1678: len= 20 白胜 loss=22.8467 temp=1.00 total_env_steps=38162 t=0.17s
Ep 1679: len= 17 黑胜 loss=23.1973 temp=1.00 total_env_steps=38179 t=0.12s
Ep 1680: len= 15 黑胜 loss=23.2823 temp=1.00 total_env_steps=38194 t=0.14s
Ep 1681: len= 21 黑胜 loss=22.9473 temp=1.00 total_env_steps=38215 t=0.14s
Ep 1682: len= 19 黑胜 loss=23.2106 temp=1.00 total_env_steps=38234 t=0.14s
Ep 1683: len= 19 黑胜 loss=23.6050 temp=1.00 total_env_steps=38253 t=0.13s
Ep 1684: len= 17 黑胜 loss=23.3440 temp=1.00 total_env_steps=38270 t=0.14s
Ep 1685: len= 21 黑胜 loss=23.7248 temp=1.00 total_env_steps=38291 t=0.14s
Ep 1686: len= 15 黑胜 loss=22.5767 temp=1.00 total_env_steps=38306 t=0.13s
Ep 1687: len= 12 黑胜 loss=23.0805 temp=1.00 total_env_steps=38318 t=0.11s
Ep 1688: len= 19 黑胜 loss=22.9876 temp=1.00 total_env_steps=38337 t=0.15s
Ep 1689: len= 21 黑胜 loss=23.2137 temp=1.00 total_env_steps=38358 t=0.15s
Ep 1690: len= 15 黑胜 loss=23.6261 temp=1.00 total_env_steps=38373 t=0.14s
Ep 1691: len= 21 黑胜 loss=22.7243 temp=1.00 total_env_steps=38394 t=0.16s
Ep 1692: len= 19 黑胜 loss=22.2992 temp=1.00 total_env_steps=38413 t=0.13s
Ep 1693: len= 29 黑胜 loss=23.0140 temp=1.00 total_env_steps=38442 t=0.19s
Ep 1694: len= 19 黑胜 loss=24.1766 temp=1.00 total_env_steps=38461 t=0.13s
Ep 1695: len= 19 黑胜 loss=22.5790 temp=1.00 total_env_steps=38480 t=0.15s
Ep 1696: len= 14 白胜 loss=23.4300 temp=1.00 total_env_steps=38494 t=0.11s
Ep 1697: len= 17 黑胜 loss=22.7259 temp=1.00 total_env_steps=38511 t=0.14s
Ep 1698: len= 17 黑胜 loss=22.7515 temp=1.00 total_env_steps=38528 t=0.13s
Ep 1699: len=  2 白胜 loss=23.4153 temp=1.00 total_env_steps=38530 t=0.10s
Ep 1700: len= 23 黑胜 loss=22.9832 temp=1.00 total_env_steps=38553 t=0.14s
Ep 1701: len= 17 白胜 loss=22.9056 temp=1.00 total_env_steps=38570 t=0.14s
Ep 1702: len= 17 黑胜 loss=23.0203 temp=1.00 total_env_steps=38587 t=0.13s
Ep 1703: len=  2 黑胜 loss=23.3619 temp=1.00 total_env_steps=38589 t=0.10s
Ep 1704: len= 14 白胜 loss=22.9910 temp=1.00 total_env_steps=38603 t=0.13s
Ep 1705: len= 19 黑胜 loss=23.0849 temp=1.00 total_env_steps=38622 t=0.14s
Ep 1706: len= 19 黑胜 loss=22.5428 temp=1.00 total_env_steps=38641 t=0.13s
Ep 1707: len= 15 黑胜 loss=22.7588 temp=1.00 total_env_steps=38656 t=0.13s
Ep 1708: len= 10 白胜 loss=23.1284 temp=1.00 total_env_steps=38666 t=0.13s
Ep 1709: len= 19 黑胜 loss=22.7531 temp=1.00 total_env_steps=38685 t=0.15s
Ep 1710: len=  2 黑胜 loss=23.0199 temp=1.00 total_env_steps=38687 t=0.09s
Ep 1711: len= 10 白胜 loss=22.2761 temp=1.00 total_env_steps=38697 t=0.10s
Ep 1712: len=  2 白胜 loss=23.1544 temp=1.00 total_env_steps=38699 t=0.10s
Ep 1713: len= 21 黑胜 loss=23.5252 temp=1.00 total_env_steps=38720 t=0.13s
Ep 1714: len= 17 黑胜 loss=22.9470 temp=1.00 total_env_steps=38737 t=0.14s
Ep 1715: len= 17 黑胜 loss=23.1070 temp=1.00 total_env_steps=38754 t=0.12s
Ep 1716: len= 21 黑胜 loss=23.3461 temp=1.00 total_env_steps=38775 t=0.15s
Ep 1717: len= 19 黑胜 loss=23.1463 temp=1.00 total_env_steps=38794 t=0.13s
Ep 1718: len=  2 白胜 loss=22.9095 temp=1.00 total_env_steps=38796 t=0.10s
Ep 1719: len= 19 黑胜 loss=23.3746 temp=1.00 total_env_steps=38815 t=0.13s
Ep 1720: len= 17 黑胜 loss=23.6649 temp=1.00 total_env_steps=38832 t=0.14s
Ep 1721: len= 27 黑胜 loss=24.3015 temp=1.00 total_env_steps=38859 t=0.15s
Ep 1722: len= 12 白胜 loss=22.9665 temp=1.00 total_env_steps=38871 t=0.12s
Ep 1723: len= 21 黑胜 loss=23.3227 temp=1.00 total_env_steps=38892 t=0.13s
Ep 1724: len= 14 白胜 loss=23.4930 temp=1.00 total_env_steps=38906 t=0.13s
Ep 1725: len= 16 白胜 loss=23.8393 temp=1.00 total_env_steps=38922 t=0.11s
Ep 1726: len= 15 黑胜 loss=22.9531 temp=1.00 total_env_steps=38937 t=0.14s
Ep 1727: len= 19 黑胜 loss=22.2183 temp=1.00 total_env_steps=38956 t=0.14s
Ep 1728: len= 19 黑胜 loss=23.3769 temp=1.00 total_env_steps=38975 t=0.14s
Ep 1729: len= 25 黑胜 loss=23.6464 temp=1.00 total_env_steps=39000 t=0.14s
Ep 1730: len= 11 黑胜 loss=23.4828 temp=1.00 total_env_steps=39011 t=0.13s
Ep 1731: len= 18 白胜 loss=22.9842 temp=1.00 total_env_steps=39029 t=0.12s
Ep 1732: len= 18 黑胜 loss=22.9477 temp=1.00 total_env_steps=39047 t=0.13s
Ep 1733: len= 19 黑胜 loss=23.5288 temp=1.00 total_env_steps=39066 t=0.14s
Ep 1734: len= 41 黑胜 loss=22.8674 temp=1.00 total_env_steps=39107 t=0.20s
Ep 1735: len= 15 白胜 loss=23.2649 temp=1.00 total_env_steps=39122 t=0.12s
Ep 1736: len= 19 白胜 loss=23.2421 temp=1.00 total_env_steps=39141 t=0.14s
Ep 1737: len= 33 黑胜 loss=23.3503 temp=1.00 total_env_steps=39174 t=0.19s
Ep 1738: len= 28 白胜 loss=23.0133 temp=1.00 total_env_steps=39202 t=0.15s
Ep 1739: len= 19 黑胜 loss=23.1074 temp=1.00 total_env_steps=39221 t=0.15s
Ep 1740: len=  4 黑胜 loss=24.2635 temp=1.00 total_env_steps=39225 t=0.09s
Ep 1741: len= 23 黑胜 loss=23.5007 temp=1.00 total_env_steps=39248 t=0.15s
Ep 1742: len= 17 黑胜 loss=23.5564 temp=1.00 total_env_steps=39265 t=0.12s
Ep 1743: len= 21 黑胜 loss=23.8676 temp=1.00 total_env_steps=39286 t=0.16s
Ep 1744: len= 12 黑胜 loss=23.3759 temp=1.00 total_env_steps=39298 t=0.11s
Ep 1745: len= 17 黑胜 loss=23.9520 temp=1.00 total_env_steps=39315 t=0.15s
Ep 1746: len= 19 黑胜 loss=23.9037 temp=1.00 total_env_steps=39334 t=0.13s
Ep 1747: len= 33 黑胜 loss=23.5293 temp=1.00 total_env_steps=39367 t=0.18s
Ep 1748: len=  6 白胜 loss=23.4202 temp=1.00 total_env_steps=39373 t=0.09s
Ep 1749: len= 17 黑胜 loss=23.3142 temp=1.00 total_env_steps=39390 t=0.14s
Ep 1750: len=  2 白胜 loss=23.3764 temp=1.00 total_env_steps=39392 t=0.08s
Ep 1751: len= 21 黑胜 loss=23.2449 temp=1.00 total_env_steps=39413 t=0.16s
Ep 1752: len= 19 黑胜 loss=23.8667 temp=1.00 total_env_steps=39432 t=0.14s
Ep 1753: len= 19 黑胜 loss=23.0610 temp=1.00 total_env_steps=39451 t=0.16s
Ep 1754: len= 17 黑胜 loss=22.7865 temp=1.00 total_env_steps=39468 t=0.12s
Ep 1755: len= 23 黑胜 loss=24.0525 temp=1.00 total_env_steps=39491 t=0.17s
Ep 1756: len= 21 黑胜 loss=23.1387 temp=1.00 total_env_steps=39512 t=0.15s
Ep 1757: len= 23 黑胜 loss=23.8985 temp=1.00 total_env_steps=39535 t=0.15s
Ep 1758: len= 10 黑胜 loss=23.2753 temp=1.00 total_env_steps=39545 t=0.12s
Ep 1759: len= 19 黑胜 loss=23.5430 temp=1.00 total_env_steps=39564 t=0.14s
Ep 1760: len= 21 黑胜 loss=23.6148 temp=1.00 total_env_steps=39585 t=0.15s
Ep 1761: len= 13 黑胜 loss=22.9237 temp=1.00 total_env_steps=39598 t=0.14s
Ep 1762: len= 19 黑胜 loss=22.9094 temp=1.00 total_env_steps=39617 t=0.15s
Ep 1763: len= 19 黑胜 loss=22.9441 temp=1.00 total_env_steps=39636 t=0.14s
Ep 1764: len=  8 黑胜 loss=22.9369 temp=1.00 total_env_steps=39644 t=0.14s
Ep 1765: len= 27 黑胜 loss=23.6215 temp=1.00 total_env_steps=39671 t=0.15s
Ep 1766: len= 19 黑胜 loss=22.9056 temp=1.00 total_env_steps=39690 t=0.14s
Ep 1767: len=  6 白胜 loss=23.0656 temp=1.00 total_env_steps=39696 t=0.09s
Ep 1768: len= 15 黑胜 loss=23.6887 temp=1.00 total_env_steps=39711 t=0.14s
Ep 1769: len= 19 黑胜 loss=23.3822 temp=1.00 total_env_steps=39730 t=0.13s
Ep 1770: len= 33 黑胜 loss=23.0538 temp=1.00 total_env_steps=39763 t=0.19s
Ep 1771: len= 17 黑胜 loss=23.4431 temp=1.00 total_env_steps=39780 t=0.12s
Ep 1772: len= 30 白胜 loss=23.3815 temp=1.00 total_env_steps=39810 t=0.17s
Ep 1773: len= 21 黑胜 loss=23.4838 temp=1.00 total_env_steps=39831 t=0.14s
Ep 1774: len= 19 黑胜 loss=23.0097 temp=1.00 total_env_steps=39850 t=0.14s
Ep 1775: len= 14 白胜 loss=23.9642 temp=1.00 total_env_steps=39864 t=0.13s
Ep 1776: len= 17 黑胜 loss=23.2422 temp=1.00 total_env_steps=39881 t=0.14s
Ep 1777: len= 23 黑胜 loss=22.9646 temp=1.00 total_env_steps=39904 t=0.15s
Ep 1778: len= 31 黑胜 loss=23.1709 temp=1.00 total_env_steps=39935 t=0.17s
Ep 1779: len= 17 黑胜 loss=22.4451 temp=1.00 total_env_steps=39952 t=0.13s
Ep 1780: len= 21 黑胜 loss=23.2389 temp=1.00 total_env_steps=39973 t=0.14s
Ep 1781: len= 15 黑胜 loss=23.2431 temp=1.00 total_env_steps=39988 t=0.15s
Ep 1782: len= 23 黑胜 loss=23.3008 temp=1.00 total_env_steps=40011 t=0.15s
Ep 1783: len= 14 白胜 loss=22.5094 temp=1.00 total_env_steps=40025 t=0.13s
Ep 1784: len= 21 黑胜 loss=23.5069 temp=1.00 total_env_steps=40046 t=0.14s
Ep 1785: len= 19 黑胜 loss=23.3873 temp=1.00 total_env_steps=40065 t=0.15s
Ep 1786: len= 16 黑胜 loss=23.9628 temp=1.00 total_env_steps=40081 t=0.14s
Ep 1787: len= 23 黑胜 loss=23.2126 temp=1.00 total_env_steps=40104 t=0.15s
Ep 1788: len=  2 黑胜 loss=23.2898 temp=1.00 total_env_steps=40106 t=0.08s
Ep 1789: len= 19 黑胜 loss=22.4735 temp=1.00 total_env_steps=40125 t=0.16s
Ep 1790: len= 14 黑胜 loss=23.6422 temp=1.00 total_env_steps=40139 t=0.12s
Ep 1791: len= 14 黑胜 loss=23.3866 temp=1.00 total_env_steps=40153 t=0.13s
Ep 1792: len=  8 白胜 loss=23.1374 temp=1.00 total_env_steps=40161 t=0.10s
Ep 1793: len= 15 黑胜 loss=22.6274 temp=1.00 total_env_steps=40176 t=0.14s
Ep 1794: len= 17 黑胜 loss=22.8075 temp=1.00 total_env_steps=40193 t=0.12s
Ep 1795: len= 31 黑胜 loss=22.9154 temp=1.00 total_env_steps=40224 t=0.18s
Ep 1796: len= 17 黑胜 loss=24.7257 temp=1.00 total_env_steps=40241 t=0.13s
Ep 1797: len=  6 白胜 loss=23.5744 temp=1.00 total_env_steps=40247 t=0.12s
Ep 1798: len=  2 黑胜 loss=23.3382 temp=1.00 total_env_steps=40249 t=0.09s
Ep 1799: len= 23 黑胜 loss=23.1303 temp=1.00 total_env_steps=40272 t=0.18s
Ep 1800: len= 15 黑胜 loss=23.2866 temp=1.00 total_env_steps=40287 t=0.12s
  eval vs Gomoku-random-v0: win_rate=1.00 mean_return=1.00（20 局，total_env_steps=40287）
Ep 1801: len= 10 白胜 loss=23.0534 temp=1.00 total_env_steps=40297 t=0.11s
Ep 1802: len= 17 黑胜 loss=22.4979 temp=1.00 total_env_steps=40314 t=0.14s
Ep 1803: len= 21 黑胜 loss=22.6929 temp=1.00 total_env_steps=40335 t=0.15s
Ep 1804: len= 17 黑胜 loss=23.2380 temp=1.00 total_env_steps=40352 t=0.15s
Ep 1805: len= 17 黑胜 loss=23.3835 temp=1.00 total_env_steps=40369 t=0.13s
Ep 1806: len= 21 黑胜 loss=23.1452 temp=1.00 total_env_steps=40390 t=0.16s
Ep 1807: len= 20 白胜 loss=22.7393 temp=1.00 total_env_steps=40410 t=0.14s
Ep 1808: len= 19 黑胜 loss=23.4895 temp=1.00 total_env_steps=40429 t=0.15s
Ep 1809: len= 29 黑胜 loss=23.3150 temp=1.00 total_env_steps=40458 t=0.16s
Ep 1810: len=  6 黑胜 loss=23.6604 temp=1.00 total_env_steps=40464 t=0.12s
Ep 1811: len=  2 黑胜 loss=23.5753 temp=1.00 total_env_steps=40466 t=0.08s
Ep 1812: len= 19 白胜 loss=23.8833 temp=1.00 total_env_steps=40485 t=0.15s
Ep 1813: len= 19 黑胜 loss=23.4655 temp=1.00 total_env_steps=40504 t=0.16s
Ep 1814: len= 26 黑胜 loss=23.6826 temp=1.00 total_env_steps=40530 t=0.17s
Ep 1815: len= 14 白胜 loss=23.8419 temp=1.00 total_env_steps=40544 t=0.14s
Ep 1816: len= 19 黑胜 loss=23.5679 temp=1.00 total_env_steps=40563 t=0.16s
Ep 1817: len= 23 黑胜 loss=23.3110 temp=1.00 total_env_steps=40586 t=0.14s
Ep 1818: len= 23 黑胜 loss=23.4224 temp=1.00 total_env_steps=40609 t=0.16s
Ep 1819: len= 15 黑胜 loss=22.9886 temp=1.00 total_env_steps=40624 t=0.12s
Ep 1820: len= 35 黑胜 loss=23.2721 temp=1.00 total_env_steps=40659 t=0.18s
Ep 1821: len= 15 黑胜 loss=22.5150 temp=1.00 total_env_steps=40674 t=0.13s
Ep 1822: len= 16 黑胜 loss=23.0784 temp=1.00 total_env_steps=40690 t=0.13s
Ep 1823: len= 17 黑胜 loss=23.9825 temp=1.00 total_env_steps=40707 t=0.13s
Ep 1824: len= 19 黑胜 loss=22.6570 temp=1.00 total_env_steps=40726 t=0.16s
Ep 1825: len= 15 黑胜 loss=22.9204 temp=1.00 total_env_steps=40741 t=0.14s
Ep 1826: len= 24 黑胜 loss=22.7140 temp=1.00 total_env_steps=40765 t=0.17s
Ep 1827: len= 23 黑胜 loss=23.5326 temp=1.00 total_env_steps=40788 t=0.17s
Ep 1828: len= 23 黑胜 loss=23.5717 temp=1.00 total_env_steps=40811 t=0.14s
Ep 1829: len=  4 白胜 loss=23.4439 temp=1.00 total_env_steps=40815 t=0.10s
Ep 1830: len= 17 黑胜 loss=22.6206 temp=1.00 total_env_steps=40832 t=0.13s
Ep 1831: len= 21 黑胜 loss=24.4948 temp=1.00 total_env_steps=40853 t=0.16s
Ep 1832: len= 19 黑胜 loss=23.5309 temp=1.00 total_env_steps=40872 t=0.13s
Ep 1833: len= 24 黑胜 loss=23.3220 temp=1.00 total_env_steps=40896 t=0.17s
Ep 1834: len= 21 黑胜 loss=22.9016 temp=1.00 total_env_steps=40917 t=0.14s
Ep 1835: len= 17 黑胜 loss=22.5578 temp=1.00 total_env_steps=40934 t=0.15s
Ep 1836: len= 23 黑胜 loss=23.0402 temp=1.00 total_env_steps=40957 t=0.15s
Ep 1837: len= 18 白胜 loss=23.5549 temp=1.00 total_env_steps=40975 t=0.13s
Ep 1838: len= 37 黑胜 loss=23.6108 temp=1.00 total_env_steps=41012 t=0.20s
Ep 1839: len= 16 白胜 loss=23.2293 temp=1.00 total_env_steps=41028 t=0.12s
Ep 1840: len= 17 黑胜 loss=23.3086 temp=1.00 total_env_steps=41045 t=0.15s
Ep 1841: len= 27 黑胜 loss=23.4763 temp=1.00 total_env_steps=41072 t=0.17s
Ep 1842: len= 23 黑胜 loss=23.5792 temp=1.00 total_env_steps=41095 t=0.15s
Ep 1843: len= 15 黑胜 loss=23.5070 temp=1.00 total_env_steps=41110 t=0.12s
Ep 1844: len= 19 黑胜 loss=22.8371 temp=1.00 total_env_steps=41129 t=0.14s
Ep 1845: len= 19 黑胜 loss=22.7183 temp=1.00 total_env_steps=41148 t=0.13s
Ep 1846: len= 21 黑胜 loss=23.2090 temp=1.00 total_env_steps=41169 t=0.14s
Ep 1847: len= 15 黑胜 loss=23.5735 temp=1.00 total_env_steps=41184 t=0.13s
Ep 1848: len= 10 黑胜 loss=22.1563 temp=1.00 total_env_steps=41194 t=0.12s
Ep 1849: len= 19 黑胜 loss=23.0590 temp=1.00 total_env_steps=41213 t=0.14s
Ep 1850: len= 27 黑胜 loss=22.9653 temp=1.00 total_env_steps=41240 t=0.16s
Ep 1851: len= 23 黑胜 loss=22.4664 temp=1.00 total_env_steps=41263 t=0.16s
Ep 1852: len= 17 黑胜 loss=23.5767 temp=1.00 total_env_steps=41280 t=0.12s
Ep 1853: len= 18 黑胜 loss=23.1202 temp=1.00 total_env_steps=41298 t=0.14s
Ep 1854: len= 18 白胜 loss=23.2094 temp=1.00 total_env_steps=41316 t=0.12s
Ep 1855: len= 25 黑胜 loss=22.7730 temp=1.00 total_env_steps=41341 t=0.16s
Ep 1856: len= 27 黑胜 loss=22.8205 temp=1.00 total_env_steps=41368 t=0.14s
Ep 1857: len= 15 黑胜 loss=22.8829 temp=1.00 total_env_steps=41383 t=0.13s
Ep 1858: len=  2 黑胜 loss=23.1222 temp=1.00 total_env_steps=41385 t=0.08s
Ep 1859: len= 23 黑胜 loss=23.1031 temp=1.00 total_env_steps=41408 t=0.16s
Ep 1860: len= 15 黑胜 loss=23.6428 temp=1.00 total_env_steps=41423 t=0.12s
Ep 1861: len= 21 黑胜 loss=22.9251 temp=1.00 total_env_steps=41444 t=0.16s
Ep 1862: len= 15 黑胜 loss=23.8250 temp=1.00 total_env_steps=41459 t=0.13s
Ep 1863: len= 29 黑胜 loss=23.2777 temp=1.00 total_env_steps=41488 t=0.17s
Ep 1864: len=  8 黑胜 loss=23.1899 temp=1.00 total_env_steps=41496 t=0.10s
Ep 1865: len= 17 黑胜 loss=22.0729 temp=1.00 total_env_steps=41513 t=0.14s
Ep 1866: len= 15 黑胜 loss=23.2120 temp=1.00 total_env_steps=41528 t=0.13s
Ep 1867: len= 17 黑胜 loss=22.3105 temp=1.00 total_env_steps=41545 t=0.15s
Ep 1868: len= 17 黑胜 loss=22.8469 temp=1.00 total_env_steps=41562 t=0.13s
Ep 1869: len= 15 黑胜 loss=23.3109 temp=1.00 total_env_steps=41577 t=0.14s
Ep 1870: len= 19 黑胜 loss=23.6163 temp=1.00 total_env_steps=41596 t=0.14s
Ep 1871: len=  2 黑胜 loss=23.2616 temp=1.00 total_env_steps=41598 t=0.11s
Ep 1872: len= 21 黑胜 loss=23.6109 temp=1.00 total_env_steps=41619 t=0.14s
Ep 1873: len=  4 黑胜 loss=22.8479 temp=1.00 total_env_steps=41623 t=0.09s
Ep 1874: len= 17 黑胜 loss=23.7482 temp=1.00 total_env_steps=41640 t=0.16s
Ep 1875: len= 28 白胜 loss=22.8185 temp=1.00 total_env_steps=41668 t=0.18s
Ep 1876: len=  2 黑胜 loss=22.5632 temp=1.00 total_env_steps=41670 t=0.10s
Ep 1877: len= 17 黑胜 loss=23.5503 temp=1.00 total_env_steps=41687 t=0.17s
Ep 1878: len= 21 黑胜 loss=23.8766 temp=1.00 total_env_steps=41708 t=0.15s
Ep 1879: len= 31 黑胜 loss=23.3273 temp=1.00 total_env_steps=41739 t=0.18s
Ep 1880: len= 21 黑胜 loss=22.7014 temp=1.00 total_env_steps=41760 t=0.13s
Ep 1881: len= 17 黑胜 loss=23.1822 temp=1.00 total_env_steps=41777 t=0.15s
Ep 1882: len= 17 黑胜 loss=23.4555 temp=1.00 total_env_steps=41794 t=0.12s
Ep 1883: len= 19 黑胜 loss=23.2855 temp=1.00 total_env_steps=41813 t=0.14s
Ep 1884: len= 14 白胜 loss=22.7071 temp=1.00 total_env_steps=41827 t=0.12s
Ep 1885: len= 19 黑胜 loss=23.0726 temp=1.00 total_env_steps=41846 t=0.16s
Ep 1886: len= 10 白胜 loss=22.7899 temp=1.00 total_env_steps=41856 t=0.10s
Ep 1887: len= 21 黑胜 loss=23.0182 temp=1.00 total_env_steps=41877 t=0.16s
Ep 1888: len=  2 白胜 loss=23.2689 temp=1.00 total_env_steps=41879 t=0.09s
Ep 1889: len= 18 白胜 loss=22.9189 temp=1.00 total_env_steps=41897 t=0.16s
Ep 1890: len= 19 黑胜 loss=23.4084 temp=1.00 total_env_steps=41916 t=0.14s
Ep 1891: len= 12 白胜 loss=23.2968 temp=1.00 total_env_steps=41928 t=0.14s
Ep 1892: len= 17 黑胜 loss=23.6222 temp=1.00 total_env_steps=41945 t=0.13s
Ep 1893: len= 19 黑胜 loss=23.4787 temp=1.00 total_env_steps=41964 t=0.16s
Ep 1894: len= 29 黑胜 loss=22.3821 temp=1.00 total_env_steps=41993 t=0.20s
Ep 1895: len= 15 黑胜 loss=22.5543 temp=1.00 total_env_steps=42008 t=0.12s
Ep 1896: len= 13 黑胜 loss=24.4114 temp=1.00 total_env_steps=42021 t=0.14s
Ep 1897: len= 19 黑胜 loss=23.2805 temp=1.00 total_env_steps=42040 t=0.13s
Ep 1898: len= 17 黑胜 loss=22.3512 temp=1.00 total_env_steps=42057 t=0.14s
Ep 1899: len= 21 黑胜 loss=23.2709 temp=1.00 total_env_steps=42078 t=0.13s
Ep 1900: len= 17 黑胜 loss=22.8722 temp=1.00 total_env_steps=42095 t=0.15s
Ep 1901: len=  6 黑胜 loss=23.3882 temp=1.00 total_env_steps=42101 t=0.09s
Ep 1902: len= 17 黑胜 loss=23.7207 temp=1.00 total_env_steps=42118 t=0.14s
Ep 1903: len= 13 黑胜 loss=23.5170 temp=1.00 total_env_steps=42131 t=0.11s
Ep 1904: len= 19 黑胜 loss=23.1038 temp=1.00 total_env_steps=42150 t=0.14s
Ep 1905: len= 23 黑胜 loss=23.4416 temp=1.00 total_env_steps=42173 t=0.22s
Ep 1906: len=  2 白胜 loss=22.8048 temp=1.00 total_env_steps=42175 t=0.10s
Ep 1907: len= 17 黑胜 loss=23.5803 temp=1.00 total_env_steps=42192 t=0.13s
Ep 1908: len= 23 黑胜 loss=24.2473 temp=1.00 total_env_steps=42215 t=0.15s
Ep 1909: len= 23 黑胜 loss=22.9040 temp=1.00 total_env_steps=42238 t=0.15s
Ep 1910: len=  6 黑胜 loss=22.7506 temp=1.00 total_env_steps=42244 t=0.11s
Ep 1911: len= 15 白胜 loss=24.4018 temp=1.00 total_env_steps=42259 t=0.13s
Ep 1912: len= 19 黑胜 loss=22.8803 temp=1.00 total_env_steps=42278 t=0.16s
Ep 1913: len= 21 黑胜 loss=23.6185 temp=1.00 total_env_steps=42299 t=0.13s
Ep 1914: len= 23 黑胜 loss=23.0882 temp=1.00 total_env_steps=42322 t=0.16s
Ep 1915: len= 19 黑胜 loss=22.9651 temp=1.00 total_env_steps=42341 t=0.14s
Ep 1916: len= 14 黑胜 loss=23.6149 temp=1.00 total_env_steps=42355 t=0.13s
Ep 1917: len=  2 白胜 loss=23.9152 temp=1.00 total_env_steps=42357 t=0.08s
Ep 1918: len= 12 白胜 loss=23.9562 temp=1.00 total_env_steps=42369 t=0.16s
Ep 1919: len= 16 黑胜 loss=23.5243 temp=1.00 total_env_steps=42385 t=0.13s
Ep 1920: len= 14 黑胜 loss=23.0549 temp=1.00 total_env_steps=42399 t=0.14s
Ep 1921: len=  2 黑胜 loss=23.1102 temp=1.00 total_env_steps=42401 t=0.08s
Ep 1922: len= 21 黑胜 loss=23.0819 temp=1.00 total_env_steps=42422 t=0.16s
Ep 1923: len=  4 黑胜 loss=22.8222 temp=1.00 total_env_steps=42426 t=0.09s
Ep 1924: len= 31 黑胜 loss=22.9446 temp=1.00 total_env_steps=42457 t=0.18s
Ep 1925: len= 15 黑胜 loss=22.7399 temp=1.00 total_env_steps=42472 t=0.12s
Ep 1926: len= 29 黑胜 loss=23.6039 temp=1.00 total_env_steps=42501 t=0.19s
Ep 1927: len= 23 黑胜 loss=23.9417 temp=1.00 total_env_steps=42524 t=0.15s
Ep 1928: len= 21 黑胜 loss=23.7781 temp=1.00 total_env_steps=42545 t=0.15s
Ep 1929: len= 21 黑胜 loss=22.6537 temp=1.00 total_env_steps=42566 t=0.16s
Ep 1930: len= 19 黑胜 loss=22.8919 temp=1.00 total_env_steps=42585 t=0.14s
Ep 1931: len= 17 黑胜 loss=23.9286 temp=1.00 total_env_steps=42602 t=0.16s
Ep 1932: len= 21 黑胜 loss=23.4315 temp=1.00 total_env_steps=42623 t=0.16s
Ep 1933: len= 21 黑胜 loss=22.7449 temp=1.00 total_env_steps=42644 t=0.17s
Ep 1934: len= 19 黑胜 loss=22.9492 temp=1.00 total_env_steps=42663 t=0.14s
Ep 1935: len= 27 黑胜 loss=23.5609 temp=1.00 total_env_steps=42690 t=0.17s
Ep 1936: len= 19 黑胜 loss=22.8177 temp=1.00 total_env_steps=42709 t=0.16s
Ep 1937: len= 12 白胜 loss=23.6169 temp=1.00 total_env_steps=42721 t=0.13s
Ep 1938: len= 23 黑胜 loss=22.8506 temp=1.00 total_env_steps=42744 t=0.16s
Ep 1939: len= 19 黑胜 loss=23.2759 temp=1.00 total_env_steps=42763 t=0.16s
Ep 1940: len= 17 黑胜 loss=23.2845 temp=1.00 total_env_steps=42780 t=0.16s
Ep 1941: len= 15 黑胜 loss=23.7701 temp=1.00 total_env_steps=42795 t=0.14s
Ep 1942: len= 19 黑胜 loss=22.9670 temp=1.00 total_env_steps=42814 t=0.15s
Ep 1943: len= 23 黑胜 loss=22.9858 temp=1.00 total_env_steps=42837 t=0.16s
Ep 1944: len= 19 黑胜 loss=22.8508 temp=1.00 total_env_steps=42856 t=0.14s
Ep 1945: len= 19 黑胜 loss=23.3129 temp=1.00 total_env_steps=42875 t=0.16s
Ep 1946: len= 15 黑胜 loss=22.5802 temp=1.00 total_env_steps=42890 t=0.12s
Ep 1947: len= 17 黑胜 loss=23.2377 temp=1.00 total_env_steps=42907 t=0.15s
Ep 1948: len= 15 白胜 loss=23.7731 temp=1.00 total_env_steps=42922 t=0.12s
Ep 1949: len= 19 黑胜 loss=23.0762 temp=1.00 total_env_steps=42941 t=0.15s
Ep 1950: len=  6 白胜 loss=22.2782 temp=1.00 total_env_steps=42947 t=0.09s
Ep 1951: len= 25 黑胜 loss=23.2973 temp=1.00 total_env_steps=42972 t=0.17s
Ep 1952: len= 17 黑胜 loss=23.3796 temp=1.00 total_env_steps=42989 t=0.13s
Ep 1953: len= 25 黑胜 loss=23.5621 temp=1.00 total_env_steps=43014 t=0.17s
Ep 1954: len= 17 黑胜 loss=23.4728 temp=1.00 total_env_steps=43031 t=0.16s
Ep 1955: len= 19 黑胜 loss=23.8052 temp=1.00 total_env_steps=43050 t=0.15s
Ep 1956: len= 17 黑胜 loss=22.7620 temp=1.00 total_env_steps=43067 t=0.16s
Ep 1957: len= 23 黑胜 loss=22.6073 temp=1.00 total_env_steps=43090 t=0.15s
Ep 1958: len= 19 黑胜 loss=22.6092 temp=1.00 total_env_steps=43109 t=0.15s
Ep 1959: len= 20 白胜 loss=22.5371 temp=1.00 total_env_steps=43129 t=0.13s
Ep 1960: len=  4 白胜 loss=23.6438 temp=1.00 total_env_steps=43133 t=0.12s
Ep 1961: len= 23 黑胜 loss=23.2872 temp=1.00 total_env_steps=43156 t=0.14s
Ep 1962: len= 17 黑胜 loss=23.0194 temp=1.00 total_env_steps=43173 t=0.15s
Ep 1963: len= 29 黑胜 loss=23.0718 temp=1.00 total_env_steps=43202 t=0.17s
Ep 1964: len= 27 黑胜 loss=22.8472 temp=1.00 total_env_steps=43229 t=0.16s
Ep 1965: len= 19 黑胜 loss=22.8542 temp=1.00 total_env_steps=43248 t=0.16s
Ep 1966: len= 23 黑胜 loss=23.0332 temp=1.00 total_env_steps=43271 t=0.16s
Ep 1967: len= 27 黑胜 loss=23.4789 temp=1.00 total_env_steps=43298 t=0.17s
Ep 1968: len= 21 黑胜 loss=23.1858 temp=1.00 total_env_steps=43319 t=0.15s
Ep 1969: len= 17 黑胜 loss=23.3450 temp=1.00 total_env_steps=43336 t=0.14s
Ep 1970: len= 27 黑胜 loss=23.1139 temp=1.00 total_env_steps=43363 t=0.17s
Ep 1971: len= 19 黑胜 loss=22.9659 temp=1.00 total_env_steps=43382 t=0.14s
Ep 1972: len= 23 黑胜 loss=22.7567 temp=1.00 total_env_steps=43405 t=0.16s
Ep 1973: len= 19 黑胜 loss=23.4078 temp=1.00 total_env_steps=43424 t=0.13s
Ep 1974: len= 10 白胜 loss=23.0572 temp=1.00 total_env_steps=43434 t=0.13s
Ep 1975: len= 19 黑胜 loss=22.5306 temp=1.00 total_env_steps=43453 t=0.13s
Ep 1976: len= 15 黑胜 loss=23.3509 temp=1.00 total_env_steps=43468 t=0.15s
Ep 1977: len=  2 白胜 loss=22.7305 temp=1.00 total_env_steps=43470 t=0.09s
Ep 1978: len= 22 白胜 loss=22.7969 temp=1.00 total_env_steps=43492 t=0.16s
Ep 1979: len= 23 黑胜 loss=22.5972 temp=1.00 total_env_steps=43515 t=0.14s
Ep 1980: len= 23 黑胜 loss=22.8099 temp=1.00 total_env_steps=43538 t=0.16s
Ep 1981: len= 21 黑胜 loss=23.0935 temp=1.00 total_env_steps=43559 t=0.13s
Ep 1982: len= 17 黑胜 loss=23.1607 temp=1.00 total_env_steps=43576 t=0.14s
Ep 1983: len= 15 白胜 loss=23.2244 temp=1.00 total_env_steps=43591 t=0.12s
Ep 1984: len= 16 白胜 loss=22.5807 temp=1.00 total_env_steps=43607 t=0.14s
Ep 1985: len= 15 黑胜 loss=23.1917 temp=1.00 total_env_steps=43622 t=0.14s
Ep 1986: len=  2 黑胜 loss=23.5740 temp=1.00 total_env_steps=43624 t=0.10s
Ep 1987: len= 40 白胜 loss=23.6533 temp=1.00 total_env_steps=43664 t=0.21s
Ep 1988: len= 17 黑胜 loss=22.4714 temp=1.00 total_env_steps=43681 t=0.13s
Ep 1989: len= 19 黑胜 loss=22.7617 temp=1.00 total_env_steps=43700 t=0.15s
Ep 1990: len= 25 黑胜 loss=23.1755 temp=1.00 total_env_steps=43725 t=0.16s
Ep 1991: len= 19 黑胜 loss=23.2277 temp=1.00 total_env_steps=43744 t=0.16s
Ep 1992: len=  2 白胜 loss=23.7457 temp=1.00 total_env_steps=43746 t=0.09s
Ep 1993: len= 19 黑胜 loss=23.7332 temp=1.00 total_env_steps=43765 t=0.15s
Ep 1994: len= 25 黑胜 loss=23.5395 temp=1.00 total_env_steps=43790 t=0.15s
Ep 1995: len= 25 黑胜 loss=22.9671 temp=1.00 total_env_steps=43815 t=0.17s
Ep 1996: len= 19 黑胜 loss=23.8628 temp=1.00 total_env_steps=43834 t=0.13s
Ep 1997: len= 15 黑胜 loss=23.2740 temp=1.00 total_env_steps=43849 t=0.15s
Ep 1998: len=  2 黑胜 loss=23.4775 temp=1.00 total_env_steps=43851 t=0.09s
Ep 1999: len= 19 黑胜 loss=23.3481 temp=1.00 total_env_steps=43870 t=0.14s
Ep 2000: len=  4 白胜 loss=23.3003 temp=1.00 total_env_steps=43874 t=0.09s
  eval vs Gomoku-random-v0: win_rate=1.00 mean_return=1.00（20 局，total_env_steps=43874）
[闸门] vs random（40 局）: win_rate=1.000
[闸门] vs 半程快照（40 局，黑白各半）: score=0.350
[梯队] vs naive0（20 局，观察性）: win_rate=0.40
[梯队] vs naive1（20 局，观察性）: win_rate=0.25
[梯队] vs naive2（20 局，观察性）: win_rate=0.00
[梯队] vs naive3（20 局，观察性）: win_rate=0.00
📈 Gomoku-selfplay-v0 win_rate=1.00（best 1.00）| 门槛 0.95 | 193.9s

--- M3 arm=open_three_course 汇总（base 对照见 bench 头注释）---
  seed=42 vs_random=0.975 vs_snapshot=0.900 | 梯队 naive0=0.00 naive1=0.00 naive2=0.00 naive3=0.00 | env_steps=59499 wall=172s
  seed=43 vs_random=1.000 vs_snapshot=0.575 | 梯队 naive0=0.30 naive1=0.05 naive2=0.05 naive3=0.00 | env_steps=53803 wall=202s
  seed=44 vs_random=1.000 vs_snapshot=0.350 | 梯队 naive0=0.40 naive1=0.25 naive2=0.00 naive3=0.00 | env_steps=43874 wall=194s
ok

test result: ok. 1 passed; 0 failed; 0 ignored; 0 measured; 3443 filtered out; finished in 568.31s

     Running tests\cse_dedup.rs (target\release\deps\cse_dedup-7a657e998c2a0176.exe)

running 0 tests

test result: ok. 0 passed; 0 failed; 0 ignored; 0 measured; 1 filtered out; finished in 0.00s

     Running tests\mode_invariants.rs (target\release\deps\mode_invariants-12496c59841ba5c8.exe)

running 0 tests

test result: ok. 0 passed; 0 failed; 0 ignored; 0 measured; 9 filtered out; finished in 0.00s

     Running tests\onnx_otm_load_bench.rs (target\release\deps\onnx_otm_load_bench-39da60dd6dcd2511.exe)

running 0 tests

test result: ok. 0 passed; 0 failed; 0 ignored; 0 measured; 1 filtered out; finished in 0.00s

     Running tests\yolov5_xiangqi_import.rs (target\release\deps\yolov5_xiangqi_import-5a55f6b67c0e8a85.exe)

running 0 tests

test result: ok. 0 passed; 0 failed; 0 ignored; 0 measured; 6 filtered out; finished in 0.00s

