   Compiling only_torch v0.25.0 (D:\DATA\BaiduSyncdisk\project\personal\only_torch)
    Finished `release` profile [optimized] target(s) in 54.73s
     Running unittests src\lib.rs (target\release\deps\only_torch-45d502c1e61c3f90.exe)

running 1 test
test rl::algo::my_zero::tests::gomoku_m3_bench::gomoku_naive0_combo_ceiling ... 
--- arm=combo_ceiling seed=42 sims=100 ---
[MyZero-board Gomoku-selfplay-v0] obs=243(3×9²) |A|=81 sims=100 γ=1.0 negamax
[MyZero-board] 8 重对称增广开启（D4，采样时随机套变换）
[MyZero-board] 树内真规则开启（AlphaZero 式诊断；训练侧不变）
Ep    1: len= 33 黑胜 loss=0.0000 temp=1.00 total_env_steps=33 t=0.10s
Ep    2: len= 26 白胜 loss=0.0000 temp=1.00 total_env_steps=59 t=0.07s
Ep    3: len= 28 白胜 loss=0.0000 temp=1.00 total_env_steps=87 t=0.08s
Ep    4: len= 36 白胜 loss=0.0000 temp=1.00 total_env_steps=123 t=0.11s
Ep    5: len= 56 白胜 loss=0.0000 temp=1.00 total_env_steps=179 t=0.14s
Ep    6: len= 16 白胜 loss=0.0000 temp=1.00 total_env_steps=195 t=0.05s
Ep    7: len= 49 黑胜 loss=0.0000 temp=1.00 total_env_steps=244 t=0.12s
Ep    8: len= 32 白胜 loss=0.0000 temp=1.00 total_env_steps=276 t=0.09s
Ep    9: len= 43 黑胜 loss=0.0000 temp=1.00 total_env_steps=319 t=0.12s
Ep   10: len= 52 白胜 loss=36.2584 temp=1.00 total_env_steps=371 t=0.14s
Ep   11: len= 40 白胜 loss=30.2186 temp=1.00 total_env_steps=411 t=0.12s
Ep   12: len= 28 白胜 loss=28.9488 temp=1.00 total_env_steps=439 t=0.08s
Ep   13: len= 31 黑胜 loss=28.7497 temp=1.00 total_env_steps=470 t=0.09s
Ep   14: len= 34 白胜 loss=28.6271 temp=1.00 total_env_steps=504 t=0.10s
Ep   15: len= 45 黑胜 loss=28.5002 temp=1.00 total_env_steps=549 t=0.12s
Ep   16: len= 29 黑胜 loss=28.8494 temp=1.00 total_env_steps=578 t=0.09s
Ep   17: len= 27 黑胜 loss=28.7509 temp=1.00 total_env_steps=605 t=0.09s
Ep   18: len= 34 白胜 loss=28.4326 temp=1.00 total_env_steps=639 t=0.14s
Ep   19: len= 39 黑胜 loss=28.2379 temp=1.00 total_env_steps=678 t=0.12s
Ep   20: len= 35 黑胜 loss=28.5549 temp=1.00 total_env_steps=713 t=0.11s
Ep   21: len= 28 白胜 loss=28.6723 temp=1.00 total_env_steps=741 t=0.08s
Ep   22: len= 29 黑胜 loss=28.3669 temp=1.00 total_env_steps=770 t=0.09s
Ep   23: len= 39 黑胜 loss=29.0222 temp=1.00 total_env_steps=809 t=0.11s
Ep   24: len= 19 黑胜 loss=28.3666 temp=1.00 total_env_steps=828 t=0.07s
Ep   25: len= 27 黑胜 loss=28.4641 temp=1.00 total_env_steps=855 t=0.08s
Ep   26: len= 34 白胜 loss=28.3883 temp=1.00 total_env_steps=889 t=0.09s
Ep   27: len= 18 白胜 loss=28.5009 temp=1.00 total_env_steps=907 t=0.05s
Ep   28: len= 43 黑胜 loss=29.0120 temp=1.00 total_env_steps=950 t=0.11s
Ep   29: len= 26 白胜 loss=28.5781 temp=1.00 total_env_steps=976 t=0.08s
Ep   30: len= 29 黑胜 loss=28.6749 temp=1.00 total_env_steps=1005 t=0.09s
Ep   31: len= 31 黑胜 loss=28.7597 temp=1.00 total_env_steps=1036 t=0.08s
Ep   32: len= 37 黑胜 loss=28.9997 temp=1.00 total_env_steps=1073 t=0.10s
Ep   33: len= 22 白胜 loss=29.0773 temp=1.00 total_env_steps=1095 t=0.06s
Ep   34: len= 36 白胜 loss=28.3988 temp=1.00 total_env_steps=1131 t=0.09s
Ep   35: len= 35 黑胜 loss=28.5450 temp=1.00 total_env_steps=1166 t=0.09s
Ep   36: len= 33 黑胜 loss=28.3243 temp=1.00 total_env_steps=1199 t=0.08s
Ep   37: len= 34 白胜 loss=28.6598 temp=1.00 total_env_steps=1233 t=0.08s
Ep   38: len= 29 黑胜 loss=28.8649 temp=1.00 total_env_steps=1262 t=0.08s
Ep   39: len= 45 黑胜 loss=28.4603 temp=1.00 total_env_steps=1307 t=0.12s
Ep   40: len= 46 白胜 loss=28.8291 temp=1.00 total_env_steps=1353 t=0.11s
Ep   41: len= 54 白胜 loss=28.3537 temp=1.00 total_env_steps=1407 t=0.13s
Ep   42: len= 37 黑胜 loss=28.7638 temp=1.00 total_env_steps=1444 t=0.09s
Ep   43: len= 32 白胜 loss=28.1234 temp=1.00 total_env_steps=1476 t=0.08s
Ep   44: len= 40 白胜 loss=28.6637 temp=1.00 total_env_steps=1516 t=0.11s
Ep   45: len= 46 白胜 loss=28.7617 temp=1.00 total_env_steps=1562 t=0.11s
Ep   46: len= 25 黑胜 loss=28.2546 temp=1.00 total_env_steps=1587 t=0.07s
Ep   47: len= 34 白胜 loss=28.8182 temp=1.00 total_env_steps=1621 t=0.08s
Ep   48: len= 25 黑胜 loss=28.5735 temp=1.00 total_env_steps=1646 t=0.07s
Ep   49: len= 45 黑胜 loss=28.7733 temp=1.00 total_env_steps=1691 t=0.12s
Ep   50: len= 33 黑胜 loss=28.1868 temp=1.00 total_env_steps=1724 t=0.09s
Ep   51: len= 31 黑胜 loss=28.5214 temp=1.00 total_env_steps=1755 t=0.09s
Ep   52: len= 31 黑胜 loss=28.4525 temp=1.00 total_env_steps=1786 t=0.08s
Ep   53: len= 32 白胜 loss=28.5825 temp=1.00 total_env_steps=1818 t=0.09s
Ep   54: len= 49 黑胜 loss=28.0863 temp=1.00 total_env_steps=1867 t=0.14s
Ep   55: len= 36 白胜 loss=28.6336 temp=1.00 total_env_steps=1903 t=0.10s
Ep   56: len= 43 黑胜 loss=28.4376 temp=1.00 total_env_steps=1946 t=0.11s
Ep   57: len= 44 白胜 loss=28.5993 temp=1.00 total_env_steps=1990 t=0.12s
Ep   58: len= 47 黑胜 loss=28.0708 temp=1.00 total_env_steps=2037 t=0.11s
Ep   59: len= 20 白胜 loss=28.3369 temp=1.00 total_env_steps=2057 t=0.06s
Ep   60: len= 32 白胜 loss=28.3457 temp=1.00 total_env_steps=2089 t=0.09s
Ep   61: len= 28 白胜 loss=28.2211 temp=1.00 total_env_steps=2117 t=0.08s
Ep   62: len= 43 黑胜 loss=28.2872 temp=1.00 total_env_steps=2160 t=0.11s
Ep   63: len= 34 白胜 loss=28.2723 temp=1.00 total_env_steps=2194 t=0.08s
Ep   64: len= 30 白胜 loss=28.4230 temp=1.00 total_env_steps=2224 t=0.08s
Ep   65: len= 34 白胜 loss=28.2934 temp=1.00 total_env_steps=2258 t=0.10s
Ep   66: len= 33 黑胜 loss=28.3198 temp=1.00 total_env_steps=2291 t=0.09s
Ep   67: len= 35 黑胜 loss=28.4060 temp=1.00 total_env_steps=2326 t=0.09s
Ep   68: len= 41 黑胜 loss=28.1877 temp=1.00 total_env_steps=2367 t=0.11s
Ep   69: len= 40 白胜 loss=28.2860 temp=1.00 total_env_steps=2407 t=0.11s
Ep   70: len= 31 黑胜 loss=28.3215 temp=1.00 total_env_steps=2438 t=0.09s
Ep   71: len= 28 白胜 loss=28.2507 temp=1.00 total_env_steps=2466 t=0.08s
Ep   72: len= 29 黑胜 loss=28.4275 temp=1.00 total_env_steps=2495 t=0.08s
Ep   73: len= 54 白胜 loss=28.2168 temp=1.00 total_env_steps=2549 t=0.13s
Ep   74: len= 32 白胜 loss=28.1529 temp=1.00 total_env_steps=2581 t=0.08s
Ep   75: len= 40 白胜 loss=28.2808 temp=1.00 total_env_steps=2621 t=0.10s
Ep   76: len= 33 黑胜 loss=28.3625 temp=1.00 total_env_steps=2654 t=0.08s
Ep   77: len= 40 白胜 loss=28.5565 temp=1.00 total_env_steps=2694 t=0.09s
Ep   78: len= 33 黑胜 loss=28.5719 temp=1.00 total_env_steps=2727 t=0.09s
Ep   79: len= 41 黑胜 loss=28.0841 temp=1.00 total_env_steps=2768 t=0.11s
Ep   80: len= 45 黑胜 loss=28.3409 temp=1.00 total_env_steps=2813 t=0.12s
Ep   81: len= 34 白胜 loss=28.5472 temp=1.00 total_env_steps=2847 t=0.12s
Ep   82: len= 34 白胜 loss=28.4468 temp=1.00 total_env_steps=2881 t=0.11s
Ep   83: len= 33 黑胜 loss=28.3803 temp=1.00 total_env_steps=2914 t=0.13s
Ep   84: len= 28 白胜 loss=28.3176 temp=1.00 total_env_steps=2942 t=0.10s
Ep   85: len= 24 白胜 loss=28.3037 temp=1.00 total_env_steps=2966 t=0.08s
Ep   86: len= 33 黑胜 loss=28.2603 temp=1.00 total_env_steps=2999 t=0.13s
Ep   87: len= 25 黑胜 loss=28.3680 temp=1.00 total_env_steps=3024 t=0.09s
Ep   88: len= 41 黑胜 loss=28.3416 temp=1.00 total_env_steps=3065 t=0.14s
Ep   89: len= 35 黑胜 loss=28.3141 temp=1.00 total_env_steps=3100 t=0.15s
Ep   90: len= 24 白胜 loss=28.4386 temp=1.00 total_env_steps=3124 t=0.10s
Ep   91: len= 33 黑胜 loss=28.4940 temp=1.00 total_env_steps=3157 t=0.13s
Ep   92: len= 43 黑胜 loss=28.2202 temp=1.00 total_env_steps=3200 t=0.14s
Ep   93: len= 47 黑胜 loss=28.4523 temp=1.00 total_env_steps=3247 t=0.16s
Ep   94: len= 34 白胜 loss=28.1448 temp=1.00 total_env_steps=3281 t=0.13s
Ep   95: len= 53 黑胜 loss=28.2691 temp=1.00 total_env_steps=3334 t=0.17s
Ep   96: len= 45 黑胜 loss=28.1154 temp=1.00 total_env_steps=3379 t=0.17s
Ep   97: len= 41 黑胜 loss=28.1385 temp=1.00 total_env_steps=3420 t=0.15s
Ep   98: len= 23 黑胜 loss=28.0987 temp=1.00 total_env_steps=3443 t=0.09s
Ep   99: len= 24 白胜 loss=28.4445 temp=1.00 total_env_steps=3467 t=0.09s
Ep  100: len= 33 黑胜 loss=28.3295 temp=1.00 total_env_steps=3500 t=0.12s
Ep  101: len= 30 白胜 loss=28.2962 temp=1.00 total_env_steps=3530 t=0.12s
Ep  102: len= 46 白胜 loss=28.2533 temp=1.00 total_env_steps=3576 t=0.15s
Ep  103: len= 38 白胜 loss=28.1740 temp=1.00 total_env_steps=3614 t=0.14s
Ep  104: len= 45 黑胜 loss=28.2982 temp=1.00 total_env_steps=3659 t=0.16s
Ep  105: len= 39 黑胜 loss=28.4668 temp=1.00 total_env_steps=3698 t=0.14s
Ep  106: len= 43 黑胜 loss=28.3659 temp=1.00 total_env_steps=3741 t=0.15s
Ep  107: len= 29 黑胜 loss=28.1152 temp=1.00 total_env_steps=3770 t=0.10s
Ep  108: len= 48 白胜 loss=28.1476 temp=1.00 total_env_steps=3818 t=0.17s
Ep  109: len= 44 白胜 loss=28.3429 temp=1.00 total_env_steps=3862 t=0.14s
Ep  110: len= 23 黑胜 loss=28.3583 temp=1.00 total_env_steps=3885 t=0.10s
Ep  111: len= 43 黑胜 loss=28.2446 temp=1.00 total_env_steps=3928 t=0.16s
Ep  112: len= 43 黑胜 loss=28.5000 temp=1.00 total_env_steps=3971 t=0.16s
Ep  113: len= 20 白胜 loss=28.2002 temp=1.00 total_env_steps=3991 t=0.07s
Ep  114: len= 51 黑胜 loss=28.4629 temp=1.00 total_env_steps=4042 t=0.17s
Ep  115: len= 37 黑胜 loss=28.1917 temp=1.00 total_env_steps=4079 t=0.12s
Ep  116: len= 40 白胜 loss=28.1839 temp=1.00 total_env_steps=4119 t=0.15s
Ep  117: len= 25 黑胜 loss=28.2001 temp=1.00 total_env_steps=4144 t=0.09s
Ep  118: len= 33 黑胜 loss=28.1450 temp=1.00 total_env_steps=4177 t=0.12s
Ep  119: len= 30 白胜 loss=28.3217 temp=1.00 total_env_steps=4207 t=0.11s
Ep  120: len= 23 黑胜 loss=28.3326 temp=1.00 total_env_steps=4230 t=0.08s
Ep  121: len= 35 黑胜 loss=28.2206 temp=1.00 total_env_steps=4265 t=0.12s
Ep  122: len= 23 黑胜 loss=28.3213 temp=1.00 total_env_steps=4288 t=0.08s
Ep  123: len= 38 白胜 loss=28.1517 temp=1.00 total_env_steps=4326 t=0.14s
Ep  124: len= 44 白胜 loss=28.1828 temp=1.00 total_env_steps=4370 t=0.14s
Ep  125: len= 38 白胜 loss=28.3525 temp=1.00 total_env_steps=4408 t=0.13s
Ep  126: len= 35 黑胜 loss=28.3843 temp=1.00 total_env_steps=4443 t=0.11s
Ep  127: len= 38 白胜 loss=28.2768 temp=1.00 total_env_steps=4481 t=0.13s
Ep  128: len= 30 白胜 loss=28.2272 temp=1.00 total_env_steps=4511 t=0.11s
Ep  129: len= 20 白胜 loss=28.3181 temp=1.00 total_env_steps=4531 t=0.07s
Ep  130: len= 28 白胜 loss=28.2229 temp=1.00 total_env_steps=4559 t=0.12s
Ep  131: len= 25 黑胜 loss=28.2544 temp=1.00 total_env_steps=4584 t=0.09s
Ep  132: len= 21 黑胜 loss=28.2327 temp=1.00 total_env_steps=4605 t=0.08s
Ep  133: len= 34 白胜 loss=28.2602 temp=1.00 total_env_steps=4639 t=0.12s
Ep  134: len= 28 白胜 loss=28.3616 temp=1.00 total_env_steps=4667 t=0.09s
Ep  135: len= 44 白胜 loss=28.4545 temp=1.00 total_env_steps=4711 t=0.15s
Ep  136: len= 38 白胜 loss=28.3059 temp=1.00 total_env_steps=4749 t=0.12s
Ep  137: len= 32 白胜 loss=28.1923 temp=1.00 total_env_steps=4781 t=0.13s
Ep  138: len= 39 黑胜 loss=28.0793 temp=1.00 total_env_steps=4820 t=0.12s
Ep  139: len= 25 黑胜 loss=28.1964 temp=1.00 total_env_steps=4845 t=0.08s
Ep  140: len= 46 白胜 loss=28.1753 temp=1.00 total_env_steps=4891 t=0.15s
Ep  141: len= 37 黑胜 loss=28.2634 temp=1.00 total_env_steps=4928 t=0.12s
Ep  142: len= 36 白胜 loss=28.3700 temp=1.00 total_env_steps=4964 t=0.12s
Ep  143: len= 33 黑胜 loss=28.2352 temp=1.00 total_env_steps=4997 t=0.11s
Ep  144: len= 35 黑胜 loss=28.3510 temp=1.00 total_env_steps=5032 t=0.12s
Ep  145: len= 24 白胜 loss=28.3765 temp=1.00 total_env_steps=5056 t=0.09s
Ep  146: len= 24 白胜 loss=28.3044 temp=1.00 total_env_steps=5080 t=0.10s
Ep  147: len= 44 白胜 loss=28.2212 temp=1.00 total_env_steps=5124 t=0.15s
Ep  148: len= 37 黑胜 loss=28.0736 temp=1.00 total_env_steps=5161 t=0.11s
Ep  149: len= 40 白胜 loss=28.2727 temp=1.00 total_env_steps=5201 t=0.14s
Ep  150: len= 19 黑胜 loss=28.3808 temp=1.00 total_env_steps=5220 t=0.08s
Ep  151: len= 13 黑胜 loss=28.1666 temp=1.00 total_env_steps=5233 t=0.06s
Ep  152: len= 27 黑胜 loss=28.2114 temp=1.00 total_env_steps=5260 t=0.10s
Ep  153: len= 38 白胜 loss=28.2439 temp=1.00 total_env_steps=5298 t=0.12s
Ep  154: len= 41 黑胜 loss=28.3511 temp=1.00 total_env_steps=5339 t=0.14s
Ep  155: len= 33 黑胜 loss=28.3773 temp=1.00 total_env_steps=5372 t=0.13s
Ep  156: len= 30 白胜 loss=28.2099 temp=1.00 total_env_steps=5402 t=0.13s
Ep  157: len= 25 黑胜 loss=28.0808 temp=1.00 total_env_steps=5427 t=0.09s
Ep  158: len= 28 白胜 loss=28.2372 temp=1.00 total_env_steps=5455 t=0.10s
Ep  159: len= 33 黑胜 loss=28.2467 temp=1.00 total_env_steps=5488 t=0.11s
Ep  160: len= 34 白胜 loss=28.2547 temp=1.00 total_env_steps=5522 t=0.11s
Ep  161: len= 38 白胜 loss=28.0966 temp=1.00 total_env_steps=5560 t=0.14s
Ep  162: len= 36 白胜 loss=28.1632 temp=1.00 total_env_steps=5596 t=0.12s
Ep  163: len= 33 黑胜 loss=28.3891 temp=1.00 total_env_steps=5629 t=0.14s
Ep  164: len= 26 白胜 loss=28.2071 temp=1.00 total_env_steps=5655 t=0.10s
Ep  165: len= 22 白胜 loss=28.2587 temp=1.00 total_env_steps=5677 t=0.09s
Ep  166: len= 53 黑胜 loss=28.1836 temp=1.00 total_env_steps=5730 t=0.17s
Ep  167: len= 28 白胜 loss=28.1195 temp=1.00 total_env_steps=5758 t=0.12s
Ep  168: len= 42 白胜 loss=28.3674 temp=1.00 total_env_steps=5800 t=0.14s
Ep  169: len= 35 黑胜 loss=28.2666 temp=1.00 total_env_steps=5835 t=0.14s
Ep  170: len= 36 白胜 loss=28.1690 temp=1.00 total_env_steps=5871 t=0.13s
Ep  171: len= 21 黑胜 loss=28.1799 temp=1.00 total_env_steps=5892 t=0.11s
Ep  172: len= 44 白胜 loss=28.3030 temp=1.00 total_env_steps=5936 t=0.17s
Ep  173: len= 25 黑胜 loss=28.1621 temp=1.00 total_env_steps=5961 t=0.10s
Ep  174: len= 35 黑胜 loss=28.2491 temp=1.00 total_env_steps=5996 t=0.12s
Ep  175: len= 33 黑胜 loss=28.4046 temp=1.00 total_env_steps=6029 t=0.12s
Ep  176: len= 29 黑胜 loss=28.0364 temp=1.00 total_env_steps=6058 t=0.12s
Ep  177: len= 47 黑胜 loss=28.4874 temp=1.00 total_env_steps=6105 t=0.16s
Ep  178: len= 14 白胜 loss=28.2697 temp=1.00 total_env_steps=6119 t=0.06s
Ep  179: len= 30 白胜 loss=28.3378 temp=1.00 total_env_steps=6149 t=0.11s
Ep  180: len= 41 黑胜 loss=28.3204 temp=1.00 total_env_steps=6190 t=0.16s
Ep  181: len= 43 黑胜 loss=28.2052 temp=1.00 total_env_steps=6233 t=0.14s
Ep  182: len= 31 黑胜 loss=28.4472 temp=1.00 total_env_steps=6264 t=0.12s
Ep  183: len= 39 黑胜 loss=27.9955 temp=1.00 total_env_steps=6303 t=0.13s
Ep  184: len= 43 黑胜 loss=28.4560 temp=1.00 total_env_steps=6346 t=0.14s
Ep  185: len= 26 白胜 loss=28.2038 temp=1.00 total_env_steps=6372 t=0.08s
Ep  186: len= 33 黑胜 loss=28.1388 temp=1.00 total_env_steps=6405 t=0.12s
Ep  187: len= 27 黑胜 loss=28.3274 temp=1.00 total_env_steps=6432 t=0.09s
Ep  188: len= 15 黑胜 loss=28.1728 temp=1.00 total_env_steps=6447 t=0.07s
Ep  189: len= 30 白胜 loss=28.3534 temp=1.00 total_env_steps=6477 t=0.11s
Ep  190: len= 44 白胜 loss=28.2610 temp=1.00 total_env_steps=6521 t=0.14s
Ep  191: len= 29 黑胜 loss=28.2941 temp=1.00 total_env_steps=6550 t=0.11s
Ep  192: len= 38 白胜 loss=28.3098 temp=1.00 total_env_steps=6588 t=0.14s
Ep  193: len= 27 黑胜 loss=28.3590 temp=1.00 total_env_steps=6615 t=0.09s
Ep  194: len= 47 黑胜 loss=28.3610 temp=1.00 total_env_steps=6662 t=0.17s
Ep  195: len= 59 黑胜 loss=28.1967 temp=1.00 total_env_steps=6721 t=0.20s
Ep  196: len= 26 白胜 loss=28.2783 temp=1.00 total_env_steps=6747 t=0.11s
Ep  197: len= 49 黑胜 loss=28.0373 temp=1.00 total_env_steps=6796 t=0.17s
Ep  198: len= 43 黑胜 loss=28.1511 temp=1.00 total_env_steps=6839 t=0.15s
Ep  199: len= 21 黑胜 loss=28.2621 temp=1.00 total_env_steps=6860 t=0.11s
Ep  200: len= 54 白胜 loss=28.1738 temp=1.00 total_env_steps=6914 t=0.18s
  eval vs Gomoku-random-v0: win_rate=0.95 mean_return=0.90（20 局，total_env_steps=6914）
  ✅ 达标 ep=200 total_env_steps=6914
Ep  201: len= 28 白胜 loss=28.1238 temp=1.00 total_env_steps=6942 t=0.13s
Ep  202: len= 33 黑胜 loss=28.2632 temp=1.00 total_env_steps=6975 t=0.16s
Ep  203: len= 23 黑胜 loss=28.2522 temp=1.00 total_env_steps=6998 t=0.10s
Ep  204: len= 60 白胜 loss=28.2208 temp=1.00 total_env_steps=7058 t=0.22s
Ep  205: len= 37 黑胜 loss=28.3284 temp=1.00 total_env_steps=7095 t=0.16s
Ep  206: len= 26 白胜 loss=28.3216 temp=1.00 total_env_steps=7121 t=0.12s
Ep  207: len= 41 黑胜 loss=28.2277 temp=1.00 total_env_steps=7162 t=0.18s
Ep  208: len= 28 白胜 loss=28.2624 temp=1.00 total_env_steps=7190 t=0.14s
Ep  209: len= 36 白胜 loss=28.1501 temp=1.00 total_env_steps=7226 t=0.19s
Ep  210: len= 27 黑胜 loss=28.1448 temp=1.00 total_env_steps=7253 t=0.15s
Ep  211: len= 41 黑胜 loss=28.3715 temp=1.00 total_env_steps=7294 t=0.19s
Ep  212: len= 35 黑胜 loss=28.3307 temp=1.00 total_env_steps=7329 t=0.17s
Ep  213: len= 45 黑胜 loss=28.1945 temp=1.00 total_env_steps=7374 t=0.19s
Ep  214: len= 46 白胜 loss=28.2266 temp=1.00 total_env_steps=7420 t=0.19s
Ep  215: len= 32 白胜 loss=28.2248 temp=1.00 total_env_steps=7452 t=0.16s
Ep  216: len= 25 黑胜 loss=28.2161 temp=1.00 total_env_steps=7477 t=0.14s
Ep  217: len= 35 黑胜 loss=28.3580 temp=1.00 total_env_steps=7512 t=0.16s
Ep  218: len= 33 黑胜 loss=28.1396 temp=1.00 total_env_steps=7545 t=0.17s
Ep  219: len= 22 白胜 loss=28.2248 temp=1.00 total_env_steps=7567 t=0.12s
Ep  220: len= 35 黑胜 loss=28.0910 temp=1.00 total_env_steps=7602 t=0.17s
Ep  221: len= 28 白胜 loss=28.2671 temp=1.00 total_env_steps=7630 t=0.14s
Ep  222: len= 31 黑胜 loss=28.2085 temp=1.00 total_env_steps=7661 t=0.18s
Ep  223: len= 43 黑胜 loss=28.2665 temp=1.00 total_env_steps=7704 t=0.18s
Ep  224: len= 36 白胜 loss=28.1781 temp=1.00 total_env_steps=7740 t=0.16s
Ep  225: len= 37 黑胜 loss=28.1695 temp=1.00 total_env_steps=7777 t=0.17s
Ep  226: len= 37 黑胜 loss=28.2627 temp=1.00 total_env_steps=7814 t=0.17s
Ep  227: len= 36 白胜 loss=28.0807 temp=1.00 total_env_steps=7850 t=0.16s
Ep  228: len= 57 黑胜 loss=28.3834 temp=1.00 total_env_steps=7907 t=0.22s
Ep  229: len= 36 白胜 loss=28.2128 temp=1.00 total_env_steps=7943 t=0.16s
Ep  230: len= 45 黑胜 loss=28.2633 temp=1.00 total_env_steps=7988 t=0.18s
Ep  231: len= 39 黑胜 loss=28.1341 temp=1.00 total_env_steps=8027 t=0.18s
Ep  232: len= 42 白胜 loss=28.1677 temp=1.00 total_env_steps=8069 t=0.19s
Ep  233: len= 21 黑胜 loss=28.1717 temp=1.00 total_env_steps=8090 t=0.12s
Ep  234: len= 34 白胜 loss=28.2107 temp=1.00 total_env_steps=8124 t=0.16s
Ep  235: len= 34 白胜 loss=28.1834 temp=1.00 total_env_steps=8158 t=0.15s
Ep  236: len= 36 白胜 loss=28.1297 temp=1.00 total_env_steps=8194 t=0.18s
Ep  237: len= 29 黑胜 loss=28.2486 temp=1.00 total_env_steps=8223 t=0.16s
Ep  238: len= 32 白胜 loss=28.2024 temp=1.00 total_env_steps=8255 t=0.16s
Ep  239: len= 33 黑胜 loss=28.2830 temp=1.00 total_env_steps=8288 t=0.19s
Ep  240: len= 30 白胜 loss=28.0656 temp=1.00 total_env_steps=8318 t=0.18s
Ep  241: len= 23 黑胜 loss=28.1339 temp=1.00 total_env_steps=8341 t=0.15s
Ep  242: len= 37 黑胜 loss=28.0921 temp=1.00 total_env_steps=8378 t=0.18s
Ep  243: len= 35 黑胜 loss=28.1516 temp=1.00 total_env_steps=8413 t=0.17s
Ep  244: len= 42 白胜 loss=28.2930 temp=1.00 total_env_steps=8455 t=0.21s
Ep  245: len= 30 白胜 loss=28.1426 temp=1.00 total_env_steps=8485 t=0.16s
Ep  246: len= 32 白胜 loss=28.2234 temp=1.00 total_env_steps=8517 t=0.15s
Ep  247: len= 34 白胜 loss=28.0437 temp=1.00 total_env_steps=8551 t=0.16s
Ep  248: len= 30 白胜 loss=28.0493 temp=1.00 total_env_steps=8581 t=0.14s
Ep  249: len= 34 白胜 loss=28.3726 temp=1.00 total_env_steps=8615 t=0.16s
Ep  250: len= 31 黑胜 loss=28.0481 temp=1.00 total_env_steps=8646 t=0.16s
Ep  251: len= 19 黑胜 loss=28.1505 temp=1.00 total_env_steps=8665 t=0.12s
Ep  252: len= 25 黑胜 loss=28.1848 temp=1.00 total_env_steps=8690 t=0.14s
Ep  253: len= 28 白胜 loss=27.9306 temp=1.00 total_env_steps=8718 t=0.14s
Ep  254: len= 46 白胜 loss=28.0962 temp=1.00 total_env_steps=8764 t=0.19s
Ep  255: len= 29 黑胜 loss=28.0792 temp=1.00 total_env_steps=8793 t=0.13s
Ep  256: len= 39 黑胜 loss=28.2202 temp=1.00 total_env_steps=8832 t=0.19s
Ep  257: len= 40 白胜 loss=28.2674 temp=1.00 total_env_steps=8872 t=0.18s
Ep  258: len= 49 黑胜 loss=28.1954 temp=1.00 total_env_steps=8921 t=0.21s
Ep  259: len= 35 黑胜 loss=28.2633 temp=1.00 total_env_steps=8956 t=0.16s
Ep  260: len= 35 黑胜 loss=28.2446 temp=1.00 total_env_steps=8991 t=0.17s
Ep  261: len= 31 黑胜 loss=28.3019 temp=1.00 total_env_steps=9022 t=0.14s
Ep  262: len= 23 黑胜 loss=28.0985 temp=1.00 total_env_steps=9045 t=0.16s
Ep  263: len= 32 白胜 loss=28.0159 temp=1.00 total_env_steps=9077 t=0.16s
Ep  264: len= 34 白胜 loss=28.2201 temp=1.00 total_env_steps=9111 t=0.17s
Ep  265: len= 36 白胜 loss=28.1879 temp=1.00 total_env_steps=9147 t=0.16s
Ep  266: len= 31 黑胜 loss=28.0986 temp=1.00 total_env_steps=9178 t=0.14s
Ep  267: len= 24 白胜 loss=28.3236 temp=1.00 total_env_steps=9202 t=0.14s
Ep  268: len= 41 黑胜 loss=28.1272 temp=1.00 total_env_steps=9243 t=0.17s
Ep  269: len= 26 白胜 loss=28.2273 temp=1.00 total_env_steps=9269 t=0.14s
Ep  270: len= 25 黑胜 loss=28.1683 temp=1.00 total_env_steps=9294 t=0.14s
Ep  271: len= 40 白胜 loss=28.1587 temp=1.00 total_env_steps=9334 t=0.17s
Ep  272: len= 28 白胜 loss=28.2549 temp=1.00 total_env_steps=9362 t=0.15s
Ep  273: len= 39 黑胜 loss=28.2766 temp=1.00 total_env_steps=9401 t=0.17s
Ep  274: len= 20 白胜 loss=28.0816 temp=1.00 total_env_steps=9421 t=0.13s
Ep  275: len= 31 黑胜 loss=28.1835 temp=1.00 total_env_steps=9452 t=0.14s
Ep  276: len= 42 白胜 loss=28.0882 temp=1.00 total_env_steps=9494 t=0.19s
Ep  277: len= 42 白胜 loss=28.2820 temp=1.00 total_env_steps=9536 t=0.19s
Ep  278: len= 28 白胜 loss=28.0801 temp=1.00 total_env_steps=9564 t=0.15s
Ep  279: len= 45 黑胜 loss=28.1766 temp=1.00 total_env_steps=9609 t=0.20s
Ep  280: len= 26 白胜 loss=28.2578 temp=1.00 total_env_steps=9635 t=0.15s
Ep  281: len= 27 黑胜 loss=28.3091 temp=1.00 total_env_steps=9662 t=0.15s
Ep  282: len= 39 黑胜 loss=28.0941 temp=1.00 total_env_steps=9701 t=0.18s
Ep  283: len= 24 白胜 loss=28.0713 temp=1.00 total_env_steps=9725 t=0.15s
Ep  284: len= 70 白胜 loss=27.9158 temp=1.00 total_env_steps=9795 t=0.27s
Ep  285: len= 50 白胜 loss=28.1782 temp=1.00 total_env_steps=9845 t=0.22s
Ep  286: len= 33 黑胜 loss=28.0796 temp=1.00 total_env_steps=9878 t=0.16s
Ep  287: len= 36 白胜 loss=28.0481 temp=1.00 total_env_steps=9914 t=0.20s
Ep  288: len= 41 黑胜 loss=28.1614 temp=1.00 total_env_steps=9955 t=0.21s
Ep  289: len= 29 黑胜 loss=28.0904 temp=1.00 total_env_steps=9984 t=0.15s
Ep  290: len= 24 白胜 loss=28.1595 temp=1.00 total_env_steps=10008 t=0.14s
Ep  291: len= 31 黑胜 loss=28.2434 temp=1.00 total_env_steps=10039 t=0.17s
Ep  292: len= 32 白胜 loss=28.1831 temp=1.00 total_env_steps=10071 t=0.19s
Ep  293: len= 35 黑胜 loss=28.4168 temp=1.00 total_env_steps=10106 t=0.19s
Ep  294: len= 28 白胜 loss=28.2997 temp=1.00 total_env_steps=10134 t=0.16s
Ep  295: len= 30 白胜 loss=28.1347 temp=1.00 total_env_steps=10164 t=0.19s
Ep  296: len= 43 黑胜 loss=28.1765 temp=1.00 total_env_steps=10207 t=0.22s
Ep  297: len= 24 白胜 loss=28.0634 temp=1.00 total_env_steps=10231 t=0.14s
Ep  298: len= 23 黑胜 loss=28.1574 temp=1.00 total_env_steps=10254 t=0.14s
Ep  299: len= 43 黑胜 loss=28.1986 temp=1.00 total_env_steps=10297 t=0.20s
Ep  300: len= 31 黑胜 loss=28.1119 temp=1.00 total_env_steps=10328 t=0.14s
Ep  301: len= 31 黑胜 loss=28.1581 temp=1.00 total_env_steps=10359 t=0.16s
Ep  302: len= 23 黑胜 loss=28.2937 temp=1.00 total_env_steps=10382 t=0.13s
Ep  303: len= 36 白胜 loss=28.2683 temp=1.00 total_env_steps=10418 t=0.21s
Ep  304: len= 27 黑胜 loss=28.3437 temp=1.00 total_env_steps=10445 t=0.15s
Ep  305: len= 31 黑胜 loss=28.2191 temp=1.00 total_env_steps=10476 t=0.15s
Ep  306: len= 30 白胜 loss=28.0555 temp=1.00 total_env_steps=10506 t=0.16s
Ep  307: len= 47 黑胜 loss=28.2528 temp=1.00 total_env_steps=10553 t=0.20s
Ep  308: len= 37 黑胜 loss=28.2025 temp=1.00 total_env_steps=10590 t=0.18s
Ep  309: len= 45 黑胜 loss=28.1907 temp=1.00 total_env_steps=10635 t=0.20s
Ep  310: len= 30 白胜 loss=28.2052 temp=1.00 total_env_steps=10665 t=0.16s
Ep  311: len= 19 黑胜 loss=28.1197 temp=1.00 total_env_steps=10684 t=0.13s
Ep  312: len= 40 白胜 loss=28.0800 temp=1.00 total_env_steps=10724 t=0.20s
Ep  313: len= 41 黑胜 loss=28.1988 temp=1.00 total_env_steps=10765 t=0.17s
Ep  314: len= 14 白胜 loss=28.1323 temp=1.00 total_env_steps=10779 t=0.12s
Ep  315: len= 16 白胜 loss=28.3952 temp=1.00 total_env_steps=10795 t=0.11s
Ep  316: len= 32 白胜 loss=28.0690 temp=1.00 total_env_steps=10827 t=0.16s
Ep  317: len= 23 黑胜 loss=28.2755 temp=1.00 total_env_steps=10850 t=0.12s
Ep  318: len= 30 白胜 loss=28.1375 temp=1.00 total_env_steps=10880 t=0.15s
Ep  319: len= 25 黑胜 loss=27.9173 temp=1.00 total_env_steps=10905 t=0.14s
Ep  320: len= 39 黑胜 loss=28.3352 temp=1.00 total_env_steps=10944 t=0.18s
Ep  321: len= 41 黑胜 loss=28.2110 temp=1.00 total_env_steps=10985 t=0.20s
Ep  322: len= 26 白胜 loss=28.2096 temp=1.00 total_env_steps=11011 t=0.15s
Ep  323: len= 17 黑胜 loss=28.4059 temp=1.00 total_env_steps=11028 t=0.13s
Ep  324: len= 25 黑胜 loss=28.0468 temp=1.00 total_env_steps=11053 t=0.14s
Ep  325: len= 41 黑胜 loss=28.2521 temp=1.00 total_env_steps=11094 t=0.20s
Ep  326: len= 25 黑胜 loss=28.1024 temp=1.00 total_env_steps=11119 t=0.15s
Ep  327: len= 29 黑胜 loss=28.3721 temp=1.00 total_env_steps=11148 t=0.14s
Ep  328: len= 30 白胜 loss=28.0459 temp=1.00 total_env_steps=11178 t=0.16s
Ep  329: len= 32 白胜 loss=28.1322 temp=1.00 total_env_steps=11210 t=0.15s
Ep  330: len= 35 黑胜 loss=28.1181 temp=1.00 total_env_steps=11245 t=0.17s
Ep  331: len= 39 黑胜 loss=28.2875 temp=1.00 total_env_steps=11284 t=0.18s
Ep  332: len= 28 白胜 loss=28.3213 temp=1.00 total_env_steps=11312 t=0.13s
Ep  333: len= 48 白胜 loss=28.2152 temp=1.00 total_env_steps=11360 t=0.20s
Ep  334: len= 47 黑胜 loss=28.2827 temp=1.00 total_env_steps=11407 t=0.21s
Ep  335: len= 31 黑胜 loss=28.2120 temp=1.00 total_env_steps=11438 t=0.15s
Ep  336: len= 33 黑胜 loss=28.1853 temp=1.00 total_env_steps=11471 t=0.16s
Ep  337: len= 46 白胜 loss=28.2407 temp=1.00 total_env_steps=11517 t=0.19s
Ep  338: len= 33 黑胜 loss=28.0373 temp=1.00 total_env_steps=11550 t=0.16s
Ep  339: len= 29 黑胜 loss=28.1980 temp=1.00 total_env_steps=11579 t=0.15s
Ep  340: len= 27 黑胜 loss=28.1664 temp=1.00 total_env_steps=11606 t=0.14s
Ep  341: len= 28 白胜 loss=27.9466 temp=1.00 total_env_steps=11634 t=0.17s
Ep  342: len= 48 白胜 loss=28.1820 temp=1.00 total_env_steps=11682 t=0.23s
Ep  343: len= 31 黑胜 loss=28.3145 temp=1.00 total_env_steps=11713 t=0.16s
Ep  344: len= 32 白胜 loss=28.1210 temp=1.00 total_env_steps=11745 t=0.17s
Ep  345: len= 23 黑胜 loss=28.3580 temp=1.00 total_env_steps=11768 t=0.14s
Ep  346: len= 27 黑胜 loss=28.2478 temp=1.00 total_env_steps=11795 t=0.14s
Ep  347: len= 24 白胜 loss=28.0683 temp=1.00 total_env_steps=11819 t=0.14s
Ep  348: len= 30 白胜 loss=28.0945 temp=1.00 total_env_steps=11849 t=0.15s
Ep  349: len= 35 黑胜 loss=28.1018 temp=1.00 total_env_steps=11884 t=0.19s
Ep  350: len= 34 白胜 loss=28.0157 temp=1.00 total_env_steps=11918 t=0.19s
Ep  351: len= 45 黑胜 loss=28.0691 temp=1.00 total_env_steps=11963 t=0.20s
Ep  352: len= 30 白胜 loss=28.1685 temp=1.00 total_env_steps=11993 t=0.18s
Ep  353: len= 34 白胜 loss=28.0700 temp=1.00 total_env_steps=12027 t=0.17s
Ep  354: len= 46 白胜 loss=28.2123 temp=1.00 total_env_steps=12073 t=0.19s
Ep  355: len= 20 白胜 loss=28.1661 temp=1.00 total_env_steps=12093 t=0.14s
Ep  356: len= 38 白胜 loss=28.2401 temp=1.00 total_env_steps=12131 t=0.18s
Ep  357: len= 35 黑胜 loss=28.0905 temp=1.00 total_env_steps=12166 t=0.16s
Ep  358: len= 23 黑胜 loss=27.9787 temp=1.00 total_env_steps=12189 t=0.14s
Ep  359: len= 37 黑胜 loss=28.0149 temp=1.00 total_env_steps=12226 t=0.17s
Ep  360: len= 39 黑胜 loss=28.1486 temp=1.00 total_env_steps=12265 t=0.18s
Ep  361: len= 39 黑胜 loss=28.3012 temp=1.00 total_env_steps=12304 t=0.19s
Ep  362: len= 23 黑胜 loss=28.1678 temp=1.00 total_env_steps=12327 t=0.14s
Ep  363: len= 39 黑胜 loss=28.0341 temp=1.00 total_env_steps=12366 t=0.19s
Ep  364: len= 34 白胜 loss=28.0717 temp=1.00 total_env_steps=12400 t=0.18s
Ep  365: len= 33 黑胜 loss=28.1979 temp=1.00 total_env_steps=12433 t=0.16s
Ep  366: len= 23 黑胜 loss=28.1928 temp=1.00 total_env_steps=12456 t=0.14s
Ep  367: len= 37 黑胜 loss=28.1159 temp=1.00 total_env_steps=12493 t=0.17s
Ep  368: len= 27 黑胜 loss=28.1201 temp=1.00 total_env_steps=12520 t=0.17s
Ep  369: len= 30 白胜 loss=28.0507 temp=1.00 total_env_steps=12550 t=0.17s
Ep  370: len= 42 白胜 loss=28.1582 temp=1.00 total_env_steps=12592 t=0.17s
Ep  371: len= 30 白胜 loss=28.0767 temp=1.00 total_env_steps=12622 t=0.16s
Ep  372: len= 33 黑胜 loss=28.1703 temp=1.00 total_env_steps=12655 t=0.16s
Ep  373: len= 21 黑胜 loss=28.1566 temp=1.00 total_env_steps=12676 t=0.12s
Ep  374: len= 44 白胜 loss=28.1275 temp=1.00 total_env_steps=12720 t=0.20s
Ep  375: len= 28 白胜 loss=28.0554 temp=1.00 total_env_steps=12748 t=0.17s
Ep  376: len= 28 白胜 loss=28.2199 temp=1.00 total_env_steps=12776 t=0.18s
Ep  377: len= 41 黑胜 loss=28.2103 temp=1.00 total_env_steps=12817 t=0.20s
Ep  378: len= 37 黑胜 loss=28.1578 temp=1.00 total_env_steps=12854 t=0.17s
Ep  379: len= 33 黑胜 loss=28.1074 temp=1.00 total_env_steps=12887 t=0.18s
Ep  380: len= 30 白胜 loss=28.0817 temp=1.00 total_env_steps=12917 t=0.18s
Ep  381: len= 32 白胜 loss=28.1330 temp=1.00 total_env_steps=12949 t=0.17s
Ep  382: len= 25 黑胜 loss=27.9909 temp=1.00 total_env_steps=12974 t=0.14s
Ep  383: len= 39 黑胜 loss=28.1303 temp=1.00 total_env_steps=13013 t=0.18s
Ep  384: len= 29 黑胜 loss=28.2565 temp=1.00 total_env_steps=13042 t=0.15s
Ep  385: len= 22 白胜 loss=28.0584 temp=1.00 total_env_steps=13064 t=0.14s
Ep  386: len= 23 黑胜 loss=28.1510 temp=1.00 total_env_steps=13087 t=0.13s
Ep  387: len= 29 黑胜 loss=28.1341 temp=1.00 total_env_steps=13116 t=0.18s
Ep  388: len= 42 白胜 loss=28.0262 temp=1.00 total_env_steps=13158 t=0.19s
Ep  389: len= 46 白胜 loss=28.2707 temp=1.00 total_env_steps=13204 t=0.21s
Ep  390: len= 46 白胜 loss=28.3169 temp=1.00 total_env_steps=13250 t=0.24s
Ep  391: len= 35 黑胜 loss=28.1784 temp=1.00 total_env_steps=13285 t=0.18s
Ep  392: len= 22 白胜 loss=28.1656 temp=1.00 total_env_steps=13307 t=0.15s
Ep  393: len= 45 黑胜 loss=28.1351 temp=1.00 total_env_steps=13352 t=0.20s
Ep  394: len= 29 黑胜 loss=28.1282 temp=1.00 total_env_steps=13381 t=0.16s
Ep  395: len= 38 白胜 loss=28.2829 temp=1.00 total_env_steps=13419 t=0.20s
Ep  396: len= 46 白胜 loss=28.2764 temp=1.00 total_env_steps=13465 t=0.19s
Ep  397: len= 30 白胜 loss=28.2148 temp=1.00 total_env_steps=13495 t=0.17s
Ep  398: len= 33 黑胜 loss=28.1066 temp=1.00 total_env_steps=13528 t=0.20s
Ep  399: len= 38 白胜 loss=28.1934 temp=1.00 total_env_steps=13566 t=0.17s
Ep  400: len= 35 黑胜 loss=28.2635 temp=1.00 total_env_steps=13601 t=0.17s
  eval vs Gomoku-random-v0: win_rate=0.85 mean_return=0.70（20 局，total_env_steps=13601）
Ep  401: len= 41 黑胜 loss=28.2241 temp=1.00 total_env_steps=13642 t=0.19s
Ep  402: len= 21 黑胜 loss=28.1340 temp=1.00 total_env_steps=13663 t=0.12s
Ep  403: len= 34 白胜 loss=28.1673 temp=1.00 total_env_steps=13697 t=0.19s
Ep  404: len= 57 黑胜 loss=28.3420 temp=1.00 total_env_steps=13754 t=0.26s
Ep  405: len= 17 黑胜 loss=28.3672 temp=1.00 total_env_steps=13771 t=0.11s
Ep  406: len= 38 白胜 loss=28.1663 temp=1.00 total_env_steps=13809 t=0.19s
Ep  407: len= 42 白胜 loss=28.3030 temp=1.00 total_env_steps=13851 t=0.21s
Ep  408: len= 33 黑胜 loss=28.1500 temp=1.00 total_env_steps=13884 t=0.18s
Ep  409: len= 26 白胜 loss=28.1781 temp=1.00 total_env_steps=13910 t=0.16s
Ep  410: len= 25 黑胜 loss=28.1623 temp=1.00 total_env_steps=13935 t=0.16s
Ep  411: len= 25 黑胜 loss=28.1142 temp=1.00 total_env_steps=13960 t=0.15s
Ep  412: len= 31 黑胜 loss=28.0048 temp=1.00 total_env_steps=13991 t=0.17s
Ep  413: len= 41 黑胜 loss=28.1607 temp=1.00 total_env_steps=14032 t=0.22s
Ep  414: len= 43 黑胜 loss=28.1490 temp=1.00 total_env_steps=14075 t=0.21s
Ep  415: len= 32 白胜 loss=28.1581 temp=1.00 total_env_steps=14107 t=0.17s
Ep  416: len= 40 白胜 loss=28.1094 temp=1.00 total_env_steps=14147 t=0.20s
Ep  417: len= 41 黑胜 loss=28.1572 temp=1.00 total_env_steps=14188 t=0.20s
Ep  418: len= 31 黑胜 loss=28.0720 temp=1.00 total_env_steps=14219 t=0.15s
Ep  419: len= 35 黑胜 loss=28.3386 temp=1.00 total_env_steps=14254 t=0.17s
Ep  420: len= 28 白胜 loss=28.1757 temp=1.00 total_env_steps=14282 t=0.15s
Ep  421: len= 22 白胜 loss=28.0700 temp=1.00 total_env_steps=14304 t=0.14s
Ep  422: len= 39 黑胜 loss=28.1484 temp=1.00 total_env_steps=14343 t=0.18s
Ep  423: len= 31 黑胜 loss=28.2717 temp=1.00 total_env_steps=14374 t=0.14s
Ep  424: len= 32 白胜 loss=28.0384 temp=1.00 total_env_steps=14406 t=0.17s
Ep  425: len= 41 黑胜 loss=28.0406 temp=1.00 total_env_steps=14447 t=0.19s
Ep  426: len= 39 黑胜 loss=28.1277 temp=1.00 total_env_steps=14486 t=0.18s
Ep  427: len= 25 黑胜 loss=28.1521 temp=1.00 total_env_steps=14511 t=0.14s
Ep  428: len= 31 黑胜 loss=28.2331 temp=1.00 total_env_steps=14542 t=0.15s
Ep  429: len= 41 黑胜 loss=28.0361 temp=1.00 total_env_steps=14583 t=0.19s
Ep  430: len= 48 白胜 loss=28.4257 temp=1.00 total_env_steps=14631 t=0.22s
Ep  431: len= 40 白胜 loss=28.1624 temp=1.00 total_env_steps=14671 t=0.19s
Ep  432: len= 29 黑胜 loss=28.0437 temp=1.00 total_env_steps=14700 t=0.15s
Ep  433: len= 31 黑胜 loss=27.9099 temp=1.00 total_env_steps=14731 t=0.16s
Ep  434: len= 44 白胜 loss=27.9609 temp=1.00 total_env_steps=14775 t=0.18s
Ep  435: len= 26 白胜 loss=28.1953 temp=1.00 total_env_steps=14801 t=0.15s
Ep  436: len= 44 白胜 loss=28.0349 temp=1.00 total_env_steps=14845 t=0.20s
Ep  437: len= 44 白胜 loss=28.2115 temp=1.00 total_env_steps=14889 t=0.21s
Ep  438: len= 41 黑胜 loss=28.2273 temp=1.00 total_env_steps=14930 t=0.18s
Ep  439: len= 20 白胜 loss=28.0716 temp=1.00 total_env_steps=14950 t=0.12s
Ep  440: len= 30 白胜 loss=28.2095 temp=1.00 total_env_steps=14980 t=0.10s
Ep  441: len= 31 黑胜 loss=28.1029 temp=1.00 total_env_steps=15011 t=0.10s
Ep  442: len= 28 白胜 loss=28.3664 temp=1.00 total_env_steps=15039 t=0.09s
Ep  443: len= 34 白胜 loss=28.1632 temp=1.00 total_env_steps=15073 t=0.11s
Ep  444: len= 44 白胜 loss=28.1766 temp=1.00 total_env_steps=15117 t=0.14s
Ep  445: len= 34 白胜 loss=28.2251 temp=1.00 total_env_steps=15151 t=0.11s
Ep  446: len= 21 黑胜 loss=27.9860 temp=1.00 total_env_steps=15172 t=0.07s
Ep  447: len= 37 黑胜 loss=28.2071 temp=1.00 total_env_steps=15209 t=0.12s
Ep  448: len= 25 黑胜 loss=28.0194 temp=1.00 total_env_steps=15234 t=0.09s
Ep  449: len= 39 黑胜 loss=28.2710 temp=1.00 total_env_steps=15273 t=0.14s
Ep  450: len= 24 白胜 loss=28.1480 temp=1.00 total_env_steps=15297 t=0.11s
Ep  451: len= 38 白胜 loss=28.1167 temp=1.00 total_env_steps=15335 t=0.13s
Ep  452: len= 39 黑胜 loss=28.1834 temp=1.00 total_env_steps=15374 t=0.13s
Ep  453: len= 32 白胜 loss=28.1735 temp=1.00 total_env_steps=15406 t=0.12s
Ep  454: len= 34 白胜 loss=28.2748 temp=1.00 total_env_steps=15440 t=0.13s
Ep  455: len= 35 黑胜 loss=28.1244 temp=1.00 total_env_steps=15475 t=0.16s
Ep  456: len= 29 黑胜 loss=28.1834 temp=1.00 total_env_steps=15504 t=0.11s
Ep  457: len= 47 黑胜 loss=28.1298 temp=1.00 total_env_steps=15551 t=0.15s
Ep  458: len= 26 白胜 loss=28.2823 temp=1.00 total_env_steps=15577 t=0.10s
Ep  459: len= 34 白胜 loss=28.2286 temp=1.00 total_env_steps=15611 t=0.12s
Ep  460: len= 25 黑胜 loss=28.0324 temp=1.00 total_env_steps=15636 t=0.09s
Ep  461: len= 35 黑胜 loss=28.0549 temp=1.00 total_env_steps=15671 t=0.09s
Ep  462: len= 30 白胜 loss=28.0560 temp=1.00 total_env_steps=15701 t=0.10s
Ep  463: len= 36 白胜 loss=27.9705 temp=1.00 total_env_steps=15737 t=0.10s
Ep  464: len= 19 黑胜 loss=28.0044 temp=1.00 total_env_steps=15756 t=0.07s
Ep  465: len= 24 白胜 loss=28.1082 temp=1.00 total_env_steps=15780 t=0.07s
Ep  466: len= 27 黑胜 loss=28.1713 temp=1.00 total_env_steps=15807 t=0.08s
Ep  467: len= 62 白胜 loss=28.0912 temp=1.00 total_env_steps=15869 t=0.14s
Ep  468: len= 21 黑胜 loss=28.1827 temp=1.00 total_env_steps=15890 t=0.06s
Ep  469: len= 34 白胜 loss=28.0240 temp=1.00 total_env_steps=15924 t=0.09s
Ep  470: len= 36 白胜 loss=28.1037 temp=1.00 total_env_steps=15960 t=0.10s
Ep  471: len= 21 黑胜 loss=28.2001 temp=1.00 total_env_steps=15981 t=0.06s
Ep  472: len= 36 白胜 loss=28.2489 temp=1.00 total_env_steps=16017 t=0.09s
Ep  473: len= 44 白胜 loss=27.9084 temp=1.00 total_env_steps=16061 t=0.11s
Ep  474: len= 27 黑胜 loss=28.1730 temp=1.00 total_env_steps=16088 t=0.08s
Ep  475: len= 38 白胜 loss=28.1002 temp=1.00 total_env_steps=16126 t=0.10s
Ep  476: len= 42 白胜 loss=28.0970 temp=1.00 total_env_steps=16168 t=0.11s
Ep  477: len= 25 黑胜 loss=28.2332 temp=1.00 total_env_steps=16193 t=0.07s
Ep  478: len= 25 黑胜 loss=27.9867 temp=1.00 total_env_steps=16218 t=0.07s
Ep  479: len= 29 黑胜 loss=28.1084 temp=1.00 total_env_steps=16247 t=0.08s
Ep  480: len= 27 黑胜 loss=28.1213 temp=1.00 total_env_steps=16274 t=0.08s
Ep  481: len= 24 白胜 loss=28.0914 temp=1.00 total_env_steps=16298 t=0.07s
Ep  482: len= 31 黑胜 loss=27.9785 temp=1.00 total_env_steps=16329 t=0.08s
Ep  483: len= 30 白胜 loss=28.1810 temp=1.00 total_env_steps=16359 t=0.08s
Ep  484: len= 43 黑胜 loss=28.0214 temp=1.00 total_env_steps=16402 t=0.11s
Ep  485: len= 33 黑胜 loss=28.1032 temp=1.00 total_env_steps=16435 t=0.09s
Ep  486: len= 17 黑胜 loss=28.2754 temp=1.00 total_env_steps=16452 t=0.06s
Ep  487: len= 46 白胜 loss=28.0681 temp=1.00 total_env_steps=16498 t=0.13s
Ep  488: len= 36 白胜 loss=28.1217 temp=1.00 total_env_steps=16534 t=0.10s
Ep  489: len= 21 黑胜 loss=28.2392 temp=1.00 total_env_steps=16555 t=0.07s
Ep  490: len= 21 黑胜 loss=28.2701 temp=1.00 total_env_steps=16576 t=0.08s
Ep  491: len= 45 黑胜 loss=28.1946 temp=1.00 total_env_steps=16621 t=0.12s
Ep  492: len= 36 白胜 loss=28.0401 temp=1.00 total_env_steps=16657 t=0.09s
Ep  493: len= 35 黑胜 loss=28.0084 temp=1.00 total_env_steps=16692 t=0.10s
Ep  494: len= 39 黑胜 loss=28.1383 temp=1.00 total_env_steps=16731 t=0.11s
Ep  495: len= 44 白胜 loss=27.9972 temp=1.00 total_env_steps=16775 t=0.12s
Ep  496: len= 40 白胜 loss=28.0898 temp=1.00 total_env_steps=16815 t=0.13s
Ep  497: len= 14 白胜 loss=28.3625 temp=1.00 total_env_steps=16829 t=0.05s
Ep  498: len= 34 白胜 loss=28.1586 temp=1.00 total_env_steps=16863 t=0.09s
Ep  499: len= 28 白胜 loss=28.2897 temp=1.00 total_env_steps=16891 t=0.09s
Ep  500: len= 24 白胜 loss=28.0024 temp=1.00 total_env_steps=16915 t=0.07s
Ep  501: len= 49 黑胜 loss=28.0427 temp=1.00 total_env_steps=16964 t=0.11s
Ep  502: len= 29 黑胜 loss=28.2752 temp=1.00 total_env_steps=16993 t=0.08s
Ep  503: len= 34 白胜 loss=28.1350 temp=1.00 total_env_steps=17027 t=0.10s
Ep  504: len= 19 黑胜 loss=28.1914 temp=1.00 total_env_steps=17046 t=0.07s
Ep  505: len= 25 黑胜 loss=28.0949 temp=1.00 total_env_steps=17071 t=0.08s
Ep  506: len= 21 黑胜 loss=27.9342 temp=1.00 total_env_steps=17092 t=0.07s
Ep  507: len= 46 白胜 loss=28.3162 temp=1.00 total_env_steps=17138 t=0.13s
Ep  508: len= 46 白胜 loss=28.0977 temp=1.00 total_env_steps=17184 t=0.12s
Ep  509: len= 23 黑胜 loss=28.1889 temp=1.00 total_env_steps=17207 t=0.07s
Ep  510: len= 29 黑胜 loss=27.9475 temp=1.00 total_env_steps=17236 t=0.08s
Ep  511: len= 47 黑胜 loss=28.1588 temp=1.00 total_env_steps=17283 t=0.11s
Ep  512: len= 22 白胜 loss=28.0055 temp=1.00 total_env_steps=17305 t=0.06s
Ep  513: len= 46 白胜 loss=28.0221 temp=1.00 total_env_steps=17351 t=0.12s
Ep  514: len= 44 白胜 loss=28.1891 temp=1.00 total_env_steps=17395 t=0.11s
Ep  515: len= 32 白胜 loss=28.0639 temp=1.00 total_env_steps=17427 t=0.10s
Ep  516: len= 30 白胜 loss=28.0858 temp=1.00 total_env_steps=17457 t=0.10s
Ep  517: len= 30 白胜 loss=27.9335 temp=1.00 total_env_steps=17487 t=0.10s
Ep  518: len= 21 黑胜 loss=28.1143 temp=1.00 total_env_steps=17508 t=0.08s
Ep  519: len= 32 白胜 loss=28.3801 temp=1.00 total_env_steps=17540 t=0.10s
Ep  520: len= 25 黑胜 loss=28.1148 temp=1.00 total_env_steps=17565 t=0.07s
Ep  521: len= 22 白胜 loss=28.1971 temp=1.00 total_env_steps=17587 t=0.06s
Ep  522: len= 47 黑胜 loss=28.1980 temp=1.00 total_env_steps=17634 t=0.11s
Ep  523: len= 43 黑胜 loss=28.0756 temp=1.00 total_env_steps=17677 t=0.11s
Ep  524: len= 31 黑胜 loss=28.2064 temp=1.00 total_env_steps=17708 t=0.09s
Ep  525: len= 41 黑胜 loss=28.2668 temp=1.00 total_env_steps=17749 t=0.09s
Ep  526: len= 33 黑胜 loss=28.1305 temp=1.00 total_env_steps=17782 t=0.09s
Ep  527: len= 48 白胜 loss=28.1762 temp=1.00 total_env_steps=17830 t=0.11s
Ep  528: len= 19 黑胜 loss=28.2135 temp=1.00 total_env_steps=17849 t=0.07s
Ep  529: len= 20 白胜 loss=28.1233 temp=1.00 total_env_steps=17869 t=0.08s
Ep  530: len= 15 黑胜 loss=28.1332 temp=1.00 total_env_steps=17884 t=0.06s
Ep  531: len= 47 黑胜 loss=28.1516 temp=1.00 total_env_steps=17931 t=0.12s
Ep  532: len= 17 黑胜 loss=28.3098 temp=1.00 total_env_steps=17948 t=0.05s
Ep  533: len= 27 黑胜 loss=28.0719 temp=1.00 total_env_steps=17975 t=0.08s
Ep  534: len= 33 黑胜 loss=28.1168 temp=1.00 total_env_steps=18008 t=0.09s
Ep  535: len= 31 黑胜 loss=28.2606 temp=1.00 total_env_steps=18039 t=0.09s
Ep  536: len= 27 黑胜 loss=28.1732 temp=1.00 total_env_steps=18066 t=0.07s
Ep  537: len= 25 黑胜 loss=28.1549 temp=1.00 total_env_steps=18091 t=0.08s
Ep  538: len= 43 黑胜 loss=28.1928 temp=1.00 total_env_steps=18134 t=0.11s
Ep  539: len= 24 白胜 loss=28.2682 temp=1.00 total_env_steps=18158 t=0.07s
Ep  540: len= 24 白胜 loss=28.0618 temp=1.00 total_env_steps=18182 t=0.07s
Ep  541: len= 43 黑胜 loss=28.3548 temp=1.00 total_env_steps=18225 t=0.12s
Ep  542: len= 40 白胜 loss=28.2514 temp=1.00 total_env_steps=18265 t=0.12s
Ep  543: len= 39 黑胜 loss=28.3681 temp=1.00 total_env_steps=18304 t=0.10s
Ep  544: len= 15 黑胜 loss=28.1499 temp=1.00 total_env_steps=18319 t=0.05s
Ep  545: len= 39 黑胜 loss=28.3209 temp=1.00 total_env_steps=18358 t=0.10s
Ep  546: len= 16 白胜 loss=28.1127 temp=1.00 total_env_steps=18374 t=0.05s
Ep  547: len= 35 黑胜 loss=28.0430 temp=1.00 total_env_steps=18409 t=0.09s
Ep  548: len= 45 黑胜 loss=28.1800 temp=1.00 total_env_steps=18454 t=0.11s
Ep  549: len= 30 白胜 loss=28.1540 temp=1.00 total_env_steps=18484 t=0.08s
Ep  550: len= 26 白胜 loss=28.1962 temp=1.00 total_env_steps=18510 t=0.07s
Ep  551: len= 34 白胜 loss=28.2007 temp=1.00 total_env_steps=18544 t=0.09s
Ep  552: len= 42 白胜 loss=28.0298 temp=1.00 total_env_steps=18586 t=0.11s
Ep  553: len= 21 黑胜 loss=28.2783 temp=1.00 total_env_steps=18607 t=0.08s
Ep  554: len= 28 白胜 loss=28.2302 temp=1.00 total_env_steps=18635 t=0.09s
Ep  555: len= 21 黑胜 loss=27.9735 temp=1.00 total_env_steps=18656 t=0.07s
Ep  556: len= 38 白胜 loss=28.0151 temp=1.00 total_env_steps=18694 t=0.10s
Ep  557: len= 26 白胜 loss=28.0416 temp=1.00 total_env_steps=18720 t=0.08s
Ep  558: len= 26 白胜 loss=28.1949 temp=1.00 total_env_steps=18746 t=0.08s
Ep  559: len= 36 白胜 loss=28.2339 temp=1.00 total_env_steps=18782 t=0.10s
Ep  560: len= 23 黑胜 loss=28.0938 temp=1.00 total_env_steps=18805 t=0.07s
Ep  561: len= 32 白胜 loss=27.9365 temp=1.00 total_env_steps=18837 t=0.09s
Ep  562: len= 21 黑胜 loss=27.9328 temp=1.00 total_env_steps=18858 t=0.07s
Ep  563: len= 36 白胜 loss=28.0364 temp=1.00 total_env_steps=18894 t=0.10s
Ep  564: len= 58 白胜 loss=28.1278 temp=1.00 total_env_steps=18952 t=0.13s
Ep  565: len= 36 白胜 loss=28.0816 temp=1.00 total_env_steps=18988 t=0.11s
Ep  566: len= 32 白胜 loss=28.2463 temp=1.00 total_env_steps=19020 t=0.09s
Ep  567: len= 43 黑胜 loss=28.3220 temp=1.00 total_env_steps=19063 t=0.11s
Ep  568: len= 32 白胜 loss=28.3127 temp=1.00 total_env_steps=19095 t=0.08s
Ep  569: len= 48 白胜 loss=27.9412 temp=1.00 total_env_steps=19143 t=0.11s
Ep  570: len= 36 白胜 loss=28.1143 temp=1.00 total_env_steps=19179 t=0.10s
Ep  571: len= 37 黑胜 loss=28.1636 temp=1.00 total_env_steps=19216 t=0.10s
Ep  572: len= 38 白胜 loss=28.1782 temp=1.00 total_env_steps=19254 t=0.11s
Ep  573: len= 56 白胜 loss=27.9811 temp=1.00 total_env_steps=19310 t=0.12s
Ep  574: len= 46 白胜 loss=27.9302 temp=1.00 total_env_steps=19356 t=0.12s
Ep  575: len= 37 黑胜 loss=28.1976 temp=1.00 total_env_steps=19393 t=0.11s
Ep  576: len= 43 黑胜 loss=28.0873 temp=1.00 total_env_steps=19436 t=0.12s
Ep  577: len= 39 黑胜 loss=28.2246 temp=1.00 total_env_steps=19475 t=0.12s
Ep  578: len= 52 白胜 loss=27.8686 temp=1.00 total_env_steps=19527 t=0.13s
Ep  579: len= 45 黑胜 loss=28.2084 temp=1.00 total_env_steps=19572 t=0.12s
Ep  580: len= 31 黑胜 loss=28.0807 temp=1.00 total_env_steps=19603 t=0.10s
Ep  581: len= 27 黑胜 loss=28.0348 temp=1.00 total_env_steps=19630 t=0.09s
Ep  582: len= 23 黑胜 loss=28.1972 temp=1.00 total_env_steps=19653 t=0.07s
Ep  583: len= 27 黑胜 loss=28.1453 temp=1.00 total_env_steps=19680 t=0.08s
Ep  584: len= 31 黑胜 loss=28.2510 temp=1.00 total_env_steps=19711 t=0.09s
Ep  585: len= 29 黑胜 loss=28.0838 temp=1.00 total_env_steps=19740 t=0.09s
Ep  586: len= 49 黑胜 loss=28.0570 temp=1.00 total_env_steps=19789 t=0.12s
Ep  587: len= 30 白胜 loss=28.0641 temp=1.00 total_env_steps=19819 t=0.07s
Ep  588: len= 20 白胜 loss=28.1967 temp=1.00 total_env_steps=19839 t=0.06s
Ep  589: len= 27 黑胜 loss=28.2945 temp=1.00 total_env_steps=19866 t=0.08s
Ep  590: len= 26 白胜 loss=28.0129 temp=1.00 total_env_steps=19892 t=0.08s
Ep  591: len= 21 黑胜 loss=28.0582 temp=1.00 total_env_steps=19913 t=0.06s
Ep  592: len= 61 黑胜 loss=28.2053 temp=1.00 total_env_steps=19974 t=0.14s
Ep  593: len= 24 白胜 loss=28.0864 temp=1.00 total_env_steps=19998 t=0.07s
Ep  594: len= 32 白胜 loss=28.0829 temp=1.00 total_env_steps=20030 t=0.09s
Ep  595: len= 22 白胜 loss=28.0363 temp=1.00 total_env_steps=20052 t=0.07s
Ep  596: len= 43 黑胜 loss=28.0877 temp=1.00 total_env_steps=20095 t=0.12s
Ep  597: len= 32 白胜 loss=28.0944 temp=1.00 total_env_steps=20127 t=0.08s
Ep  598: len= 34 白胜 loss=28.1209 temp=1.00 total_env_steps=20161 t=0.09s
Ep  599: len= 37 黑胜 loss=28.0415 temp=1.00 total_env_steps=20198 t=0.11s
Ep  600: len= 27 黑胜 loss=28.0694 temp=1.00 total_env_steps=20225 t=0.08s
  eval vs Gomoku-random-v0: win_rate=1.00 mean_return=1.00（20 局，total_env_steps=20225）
Ep  601: len= 37 黑胜 loss=27.9025 temp=1.00 total_env_steps=20262 t=0.09s
Ep  602: len= 32 白胜 loss=28.1279 temp=1.00 total_env_steps=20294 t=0.08s
Ep  603: len= 53 黑胜 loss=28.0718 temp=1.00 total_env_steps=20347 t=0.12s
Ep  604: len= 41 黑胜 loss=28.0772 temp=1.00 total_env_steps=20388 t=0.10s
Ep  605: len= 25 黑胜 loss=28.2856 temp=1.00 total_env_steps=20413 t=0.07s
Ep  606: len= 53 黑胜 loss=28.0926 temp=1.00 total_env_steps=20466 t=0.12s
Ep  607: len= 29 黑胜 loss=28.2602 temp=1.00 total_env_steps=20495 t=0.08s
Ep  608: len= 36 白胜 loss=28.2431 temp=1.00 total_env_steps=20531 t=0.10s
Ep  609: len= 37 黑胜 loss=28.2311 temp=1.00 total_env_steps=20568 t=0.11s
Ep  610: len= 33 黑胜 loss=28.1231 temp=1.00 total_env_steps=20601 t=0.09s
Ep  611: len= 30 白胜 loss=28.0880 temp=1.00 total_env_steps=20631 t=0.08s
Ep  612: len= 25 黑胜 loss=28.0722 temp=1.00 total_env_steps=20656 t=0.07s
Ep  613: len= 40 白胜 loss=28.2249 temp=1.00 total_env_steps=20696 t=0.10s
Ep  614: len= 37 黑胜 loss=28.1350 temp=1.00 total_env_steps=20733 t=0.10s
Ep  615: len= 20 白胜 loss=28.2553 temp=1.00 total_env_steps=20753 t=0.06s
Ep  616: len= 49 黑胜 loss=28.1740 temp=1.00 total_env_steps=20802 t=0.12s
Ep  617: len= 18 白胜 loss=28.1184 temp=1.00 total_env_steps=20820 t=0.06s
Ep  618: len= 23 黑胜 loss=28.1712 temp=1.00 total_env_steps=20843 t=0.07s
Ep  619: len= 19 黑胜 loss=27.9594 temp=1.00 total_env_steps=20862 t=0.06s
Ep  620: len= 21 黑胜 loss=28.0434 temp=1.00 total_env_steps=20883 t=0.06s
Ep  621: len= 31 黑胜 loss=27.9754 temp=1.00 total_env_steps=20914 t=0.09s
Ep  622: len= 37 黑胜 loss=28.0655 temp=1.00 total_env_steps=20951 t=0.09s
Ep  623: len= 26 白胜 loss=28.1092 temp=1.00 total_env_steps=20977 t=0.08s
Ep  624: len= 33 黑胜 loss=28.2893 temp=1.00 total_env_steps=21010 t=0.10s
Ep  625: len= 33 黑胜 loss=28.0240 temp=1.00 total_env_steps=21043 t=0.09s
Ep  626: len= 23 黑胜 loss=28.0196 temp=1.00 total_env_steps=21066 t=0.08s
Ep  627: len= 24 白胜 loss=28.0971 temp=1.00 total_env_steps=21090 t=0.07s
Ep  628: len= 23 黑胜 loss=28.0867 temp=1.00 total_env_steps=21113 t=0.07s
Ep  629: len= 20 白胜 loss=28.0587 temp=1.00 total_env_steps=21133 t=0.06s
Ep  630: len= 36 白胜 loss=28.0517 temp=1.00 total_env_steps=21169 t=0.10s
Ep  631: len= 20 白胜 loss=28.0609 temp=1.00 total_env_steps=21189 t=0.06s
Ep  632: len= 23 黑胜 loss=28.3667 temp=1.00 total_env_steps=21212 t=0.07s
Ep  633: len= 28 白胜 loss=28.0287 temp=1.00 total_env_steps=21240 t=0.08s
Ep  634: len= 47 黑胜 loss=27.9787 temp=1.00 total_env_steps=21287 t=0.11s
Ep  635: len= 36 白胜 loss=27.9436 temp=1.00 total_env_steps=21323 t=0.10s
Ep  636: len= 27 黑胜 loss=28.0737 temp=1.00 total_env_steps=21350 t=0.08s
Ep  637: len= 55 黑胜 loss=28.2641 temp=1.00 total_env_steps=21405 t=0.11s
Ep  638: len= 37 黑胜 loss=28.1450 temp=1.00 total_env_steps=21442 t=0.08s
Ep  639: len= 37 黑胜 loss=28.1276 temp=1.00 total_env_steps=21479 t=0.10s
Ep  640: len= 32 白胜 loss=28.2256 temp=1.00 total_env_steps=21511 t=0.09s
Ep  641: len= 24 白胜 loss=28.0960 temp=1.00 total_env_steps=21535 t=0.07s
Ep  642: len= 39 黑胜 loss=28.1144 temp=1.00 total_env_steps=21574 t=0.09s
Ep  643: len= 45 黑胜 loss=27.9795 temp=1.00 total_env_steps=21619 t=0.11s
Ep  644: len= 56 白胜 loss=28.1661 temp=1.00 total_env_steps=21675 t=0.12s
Ep  645: len= 31 黑胜 loss=28.0591 temp=1.00 total_env_steps=21706 t=0.08s
Ep  646: len= 17 黑胜 loss=28.1835 temp=1.00 total_env_steps=21723 t=0.06s
Ep  647: len= 50 白胜 loss=27.9977 temp=1.00 total_env_steps=21773 t=0.12s
Ep  648: len= 37 黑胜 loss=28.1021 temp=1.00 total_env_steps=21810 t=0.09s
Ep  649: len= 37 黑胜 loss=28.0725 temp=1.00 total_env_steps=21847 t=0.09s
Ep  650: len= 40 白胜 loss=28.2294 temp=1.00 total_env_steps=21887 t=0.10s
Ep  651: len= 43 黑胜 loss=28.0868 temp=1.00 total_env_steps=21930 t=0.09s
Ep  652: len= 32 白胜 loss=28.1250 temp=1.00 total_env_steps=21962 t=0.08s
Ep  653: len= 35 黑胜 loss=28.2480 temp=1.00 total_env_steps=21997 t=0.09s
Ep  654: len= 42 白胜 loss=28.3487 temp=1.00 total_env_steps=22039 t=0.11s
Ep  655: len= 26 白胜 loss=28.1402 temp=1.00 total_env_steps=22065 t=0.07s
Ep  656: len= 31 黑胜 loss=28.0865 temp=1.00 total_env_steps=22096 t=0.08s
Ep  657: len= 33 黑胜 loss=28.0458 temp=1.00 total_env_steps=22129 t=0.09s
Ep  658: len= 29 黑胜 loss=28.2292 temp=1.00 total_env_steps=22158 t=0.07s
Ep  659: len= 55 黑胜 loss=28.0953 temp=1.00 total_env_steps=22213 t=0.12s
Ep  660: len= 41 黑胜 loss=28.1907 temp=1.00 total_env_steps=22254 t=0.09s
Ep  661: len= 35 黑胜 loss=28.1124 temp=1.00 total_env_steps=22289 t=0.09s
Ep  662: len= 25 黑胜 loss=28.0449 temp=1.00 total_env_steps=22314 t=0.06s
Ep  663: len= 47 黑胜 loss=27.9785 temp=1.00 total_env_steps=22361 t=0.11s
Ep  664: len= 29 黑胜 loss=28.0331 temp=1.00 total_env_steps=22390 t=0.07s
Ep  665: len= 23 黑胜 loss=28.2176 temp=1.00 total_env_steps=22413 t=0.07s
Ep  666: len= 25 黑胜 loss=28.2168 temp=1.00 total_env_steps=22438 t=0.07s
Ep  667: len= 48 白胜 loss=28.1059 temp=1.00 total_env_steps=22486 t=0.11s
Ep  668: len= 31 黑胜 loss=28.1898 temp=1.00 total_env_steps=22517 t=0.09s
Ep  669: len= 20 白胜 loss=27.9984 temp=1.00 total_env_steps=22537 t=0.06s
Ep  670: len= 46 白胜 loss=28.1298 temp=1.00 total_env_steps=22583 t=0.11s
Ep  671: len= 33 黑胜 loss=28.1526 temp=1.00 total_env_steps=22616 t=0.09s
Ep  672: len= 34 白胜 loss=28.0419 temp=1.00 total_env_steps=22650 t=0.09s
Ep  673: len= 39 黑胜 loss=28.1176 temp=1.00 total_env_steps=22689 t=0.10s
Ep  674: len= 49 黑胜 loss=28.1647 temp=1.00 total_env_steps=22738 t=0.12s
Ep  675: len= 30 白胜 loss=27.9960 temp=1.00 total_env_steps=22768 t=0.08s
Ep  676: len= 20 白胜 loss=28.2545 temp=1.00 total_env_steps=22788 t=0.06s
Ep  677: len= 16 白胜 loss=28.0129 temp=1.00 total_env_steps=22804 t=0.06s
Ep  678: len= 36 白胜 loss=28.0862 temp=1.00 total_env_steps=22840 t=0.09s
Ep  679: len= 20 白胜 loss=28.2864 temp=1.00 total_env_steps=22860 t=0.06s
Ep  680: len= 30 白胜 loss=28.1340 temp=1.00 total_env_steps=22890 t=0.09s
Ep  681: len= 34 白胜 loss=28.0645 temp=1.00 total_env_steps=22924 t=0.09s
Ep  682: len= 33 黑胜 loss=28.1788 temp=1.00 total_env_steps=22957 t=0.09s
Ep  683: len= 25 黑胜 loss=28.1133 temp=1.00 total_env_steps=22982 t=0.08s
Ep  684: len= 39 黑胜 loss=27.9665 temp=1.00 total_env_steps=23021 t=0.09s
Ep  685: len= 37 黑胜 loss=27.9918 temp=1.00 total_env_steps=23058 t=0.09s
Ep  686: len= 32 白胜 loss=28.2059 temp=1.00 total_env_steps=23090 t=0.09s
Ep  687: len= 47 黑胜 loss=27.9558 temp=1.00 total_env_steps=23137 t=0.11s
Ep  688: len= 24 白胜 loss=28.1381 temp=1.00 total_env_steps=23161 t=0.07s
Ep  689: len= 39 黑胜 loss=28.1856 temp=1.00 total_env_steps=23200 t=0.11s
Ep  690: len= 23 黑胜 loss=28.0818 temp=1.00 total_env_steps=23223 t=0.07s
Ep  691: len= 18 白胜 loss=28.0884 temp=1.00 total_env_steps=23241 t=0.06s
Ep  692: len= 42 白胜 loss=28.1838 temp=1.00 total_env_steps=23283 t=0.10s
Ep  693: len= 50 白胜 loss=28.0092 temp=1.00 total_env_steps=23333 t=0.13s
Ep  694: len= 22 白胜 loss=28.3054 temp=1.00 total_env_steps=23355 t=0.07s
Ep  695: len= 31 黑胜 loss=28.1144 temp=1.00 total_env_steps=23386 t=0.08s
Ep  696: len= 28 白胜 loss=28.1014 temp=1.00 total_env_steps=23414 t=0.08s
Ep  697: len= 39 黑胜 loss=27.9916 temp=1.00 total_env_steps=23453 t=0.09s
Ep  698: len= 39 黑胜 loss=28.3739 temp=1.00 total_env_steps=23492 t=0.10s
Ep  699: len= 48 白胜 loss=27.9834 temp=1.00 total_env_steps=23540 t=0.12s
Ep  700: len= 41 黑胜 loss=28.2109 temp=1.00 total_env_steps=23581 t=0.10s
Ep  701: len= 33 黑胜 loss=27.9221 temp=1.00 total_env_steps=23614 t=0.08s
Ep  702: len= 29 黑胜 loss=28.1918 temp=1.00 total_env_steps=23643 t=0.08s
Ep  703: len= 40 白胜 loss=28.1142 temp=1.00 total_env_steps=23683 t=0.10s
Ep  704: len= 35 黑胜 loss=28.0367 temp=1.00 total_env_steps=23718 t=0.09s
Ep  705: len= 39 黑胜 loss=28.0011 temp=1.00 total_env_steps=23757 t=0.10s
Ep  706: len= 27 黑胜 loss=28.0275 temp=1.00 total_env_steps=23784 t=0.07s
Ep  707: len= 37 黑胜 loss=28.0908 temp=1.00 total_env_steps=23821 t=0.09s
Ep  708: len= 26 白胜 loss=27.9455 temp=1.00 total_env_steps=23847 t=0.07s
Ep  709: len= 42 白胜 loss=28.0256 temp=1.00 total_env_steps=23889 t=0.09s
Ep  710: len= 17 黑胜 loss=28.3104 temp=1.00 total_env_steps=23906 t=0.05s
Ep  711: len= 27 黑胜 loss=28.1458 temp=1.00 total_env_steps=23933 t=0.07s
Ep  712: len= 27 黑胜 loss=28.2879 temp=1.00 total_env_steps=23960 t=0.07s
Ep  713: len= 39 黑胜 loss=28.1022 temp=1.00 total_env_steps=23999 t=0.10s
Ep  714: len= 32 白胜 loss=28.1795 temp=1.00 total_env_steps=24031 t=0.09s
Ep  715: len= 25 黑胜 loss=28.1030 temp=1.00 total_env_steps=24056 t=0.07s
Ep  716: len= 35 黑胜 loss=28.1402 temp=1.00 total_env_steps=24091 t=0.09s
Ep  717: len= 40 白胜 loss=27.9290 temp=1.00 total_env_steps=24131 t=0.10s
Ep  718: len= 36 白胜 loss=28.0123 temp=1.00 total_env_steps=24167 t=0.08s
Ep  719: len= 29 黑胜 loss=28.0147 temp=1.00 total_env_steps=24196 t=0.08s
Ep  720: len= 29 黑胜 loss=28.1850 temp=1.00 total_env_steps=24225 t=0.07s
Ep  721: len= 35 黑胜 loss=27.9595 temp=1.00 total_env_steps=24260 t=0.09s
Ep  722: len= 27 黑胜 loss=28.1906 temp=1.00 total_env_steps=24287 t=0.08s
Ep  723: len= 23 黑胜 loss=28.0420 temp=1.00 total_env_steps=24310 t=0.07s
Ep  724: len= 47 黑胜 loss=27.9002 temp=1.00 total_env_steps=24357 t=0.11s
Ep  725: len= 29 黑胜 loss=28.1308 temp=1.00 total_env_steps=24386 t=0.08s
Ep  726: len= 40 白胜 loss=28.1481 temp=1.00 total_env_steps=24426 t=0.11s
Ep  727: len= 49 黑胜 loss=28.1217 temp=1.00 total_env_steps=24475 t=0.13s
Ep  728: len= 29 黑胜 loss=28.1119 temp=1.00 total_env_steps=24504 t=0.08s
Ep  729: len= 28 白胜 loss=28.1827 temp=1.00 total_env_steps=24532 t=0.08s
Ep  730: len= 44 白胜 loss=28.0641 temp=1.00 total_env_steps=24576 t=0.10s
Ep  731: len= 14 白胜 loss=28.1601 temp=1.00 total_env_steps=24590 t=0.05s
Ep  732: len= 35 黑胜 loss=28.0650 temp=1.00 total_env_steps=24625 t=0.09s
Ep  733: len= 31 黑胜 loss=27.9863 temp=1.00 total_env_steps=24656 t=0.08s
Ep  734: len= 26 白胜 loss=27.9972 temp=1.00 total_env_steps=24682 t=0.07s
Ep  735: len= 30 白胜 loss=28.1987 temp=1.00 total_env_steps=24712 t=0.07s
Ep  736: len= 39 黑胜 loss=27.9258 temp=1.00 total_env_steps=24751 t=0.10s
Ep  737: len= 29 黑胜 loss=27.9498 temp=1.00 total_env_steps=24780 t=0.08s
Ep  738: len= 26 白胜 loss=28.2365 temp=1.00 total_env_steps=24806 t=0.07s
Ep  739: len= 35 黑胜 loss=28.0827 temp=1.00 total_env_steps=24841 t=0.10s
Ep  740: len= 53 黑胜 loss=27.8996 temp=1.00 total_env_steps=24894 t=0.11s
Ep  741: len= 39 黑胜 loss=27.9974 temp=1.00 total_env_steps=24933 t=0.09s
Ep  742: len= 23 黑胜 loss=28.3267 temp=1.00 total_env_steps=24956 t=0.06s
Ep  743: len= 42 白胜 loss=28.0789 temp=1.00 total_env_steps=24998 t=0.09s
Ep  744: len= 23 黑胜 loss=28.0433 temp=1.00 total_env_steps=25021 t=0.07s
Ep  745: len= 26 白胜 loss=28.0548 temp=1.00 total_env_steps=25047 t=0.07s
Ep  746: len= 39 黑胜 loss=28.1026 temp=1.00 total_env_steps=25086 t=0.09s
Ep  747: len= 18 白胜 loss=28.1589 temp=1.00 total_env_steps=25104 t=0.05s
Ep  748: len= 40 白胜 loss=28.0072 temp=1.00 total_env_steps=25144 t=0.10s
Ep  749: len= 25 黑胜 loss=28.1550 temp=1.00 total_env_steps=25169 t=0.07s
Ep  750: len= 36 白胜 loss=28.1215 temp=1.00 total_env_steps=25205 t=0.12s
Ep  751: len= 24 白胜 loss=27.9836 temp=1.00 total_env_steps=25229 t=0.07s
Ep  752: len= 36 白胜 loss=28.0464 temp=1.00 total_env_steps=25265 t=0.09s
Ep  753: len= 56 白胜 loss=28.1876 temp=1.00 total_env_steps=25321 t=0.12s
Ep  754: len= 38 白胜 loss=27.8316 temp=1.00 total_env_steps=25359 t=0.09s
Ep  755: len= 38 白胜 loss=28.1582 temp=1.00 total_env_steps=25397 t=0.09s
Ep  756: len= 40 白胜 loss=28.0267 temp=1.00 total_env_steps=25437 t=0.09s
Ep  757: len= 25 黑胜 loss=28.0368 temp=1.00 total_env_steps=25462 t=0.07s
Ep  758: len= 52 白胜 loss=28.1029 temp=1.00 total_env_steps=25514 t=0.11s
Ep  759: len= 32 白胜 loss=28.1247 temp=1.00 total_env_steps=25546 t=0.08s
Ep  760: len= 37 黑胜 loss=27.9511 temp=1.00 total_env_steps=25583 t=0.08s
Ep  761: len= 30 白胜 loss=27.9580 temp=1.00 total_env_steps=25613 t=0.10s
Ep  762: len= 45 黑胜 loss=28.0437 temp=1.00 total_env_steps=25658 t=0.12s
Ep  763: len= 45 黑胜 loss=28.1565 temp=1.00 total_env_steps=25703 t=0.10s
Ep  764: len= 35 黑胜 loss=28.0387 temp=1.00 total_env_steps=25738 t=0.09s
Ep  765: len= 47 黑胜 loss=27.9147 temp=1.00 total_env_steps=25785 t=0.11s
Ep  766: len= 47 黑胜 loss=28.1958 temp=1.00 total_env_steps=25832 t=0.10s
Ep  767: len= 41 黑胜 loss=28.0697 temp=1.00 total_env_steps=25873 t=0.10s
Ep  768: len= 41 黑胜 loss=28.0572 temp=1.00 total_env_steps=25914 t=0.09s
Ep  769: len= 47 黑胜 loss=28.0995 temp=1.00 total_env_steps=25961 t=0.11s
Ep  770: len= 33 黑胜 loss=28.2140 temp=1.00 total_env_steps=25994 t=0.09s
Ep  771: len= 46 白胜 loss=27.9996 temp=1.00 total_env_steps=26040 t=0.11s
Ep  772: len= 40 白胜 loss=27.9405 temp=1.00 total_env_steps=26080 t=0.10s
Ep  773: len= 23 黑胜 loss=28.2717 temp=1.00 total_env_steps=26103 t=0.07s
Ep  774: len= 48 白胜 loss=28.0272 temp=1.00 total_env_steps=26151 t=0.12s
Ep  775: len= 36 白胜 loss=28.0685 temp=1.00 total_env_steps=26187 t=0.09s
Ep  776: len= 34 白胜 loss=28.1192 temp=1.00 total_env_steps=26221 t=0.08s
Ep  777: len= 42 白胜 loss=27.8629 temp=1.00 total_env_steps=26263 t=0.10s
Ep  778: len= 36 白胜 loss=28.1946 temp=1.00 total_env_steps=26299 t=0.09s
Ep  779: len= 38 白胜 loss=28.2579 temp=1.00 total_env_steps=26337 t=0.11s
Ep  780: len= 38 白胜 loss=28.0573 temp=1.00 total_env_steps=26375 t=0.10s
Ep  781: len= 34 白胜 loss=28.1324 temp=1.00 total_env_steps=26409 t=0.10s
Ep  782: len= 27 黑胜 loss=28.0255 temp=1.00 total_env_steps=26436 t=0.08s
Ep  783: len= 27 黑胜 loss=28.0429 temp=1.00 total_env_steps=26463 t=0.07s
Ep  784: len= 39 黑胜 loss=28.0119 temp=1.00 total_env_steps=26502 t=0.10s
Ep  785: len= 26 白胜 loss=27.9467 temp=1.00 total_env_steps=26528 t=0.08s
Ep  786: len= 38 白胜 loss=28.0753 temp=1.00 total_env_steps=26566 t=0.10s
Ep  787: len= 41 黑胜 loss=28.0747 temp=1.00 total_env_steps=26607 t=0.11s
Ep  788: len= 45 黑胜 loss=27.9337 temp=1.00 total_env_steps=26652 t=0.10s
Ep  789: len= 25 黑胜 loss=27.8481 temp=1.00 total_env_steps=26677 t=0.07s
Ep  790: len= 21 黑胜 loss=27.8575 temp=1.00 total_env_steps=26698 t=0.06s
Ep  791: len= 17 黑胜 loss=28.2709 temp=1.00 total_env_steps=26715 t=0.05s
Ep  792: len= 22 白胜 loss=27.9436 temp=1.00 total_env_steps=26737 t=0.07s
Ep  793: len= 39 黑胜 loss=27.8275 temp=1.00 total_env_steps=26776 t=0.10s
Ep  794: len= 41 黑胜 loss=28.3178 temp=1.00 total_env_steps=26817 t=0.11s
Ep  795: len= 35 黑胜 loss=28.0601 temp=1.00 total_env_steps=26852 t=0.10s
Ep  796: len= 44 白胜 loss=28.0972 temp=1.00 total_env_steps=26896 t=0.11s
Ep  797: len= 51 黑胜 loss=28.0993 temp=1.00 total_env_steps=26947 t=0.12s
Ep  798: len= 22 白胜 loss=28.0729 temp=1.00 total_env_steps=26969 t=0.09s
Ep  799: len= 34 白胜 loss=28.0510 temp=1.00 total_env_steps=27003 t=0.13s
Ep  800: len= 39 黑胜 loss=28.0895 temp=1.00 total_env_steps=27042 t=0.13s
  eval vs Gomoku-random-v0: win_rate=1.00 mean_return=1.00（20 局，total_env_steps=27042）
Ep  801: len= 23 黑胜 loss=28.1109 temp=1.00 total_env_steps=27065 t=0.07s
Ep  802: len= 24 白胜 loss=27.9929 temp=1.00 total_env_steps=27089 t=0.07s
Ep  803: len= 17 黑胜 loss=27.9247 temp=1.00 total_env_steps=27106 t=0.06s
Ep  804: len= 43 黑胜 loss=28.0196 temp=1.00 total_env_steps=27149 t=0.11s
Ep  805: len= 25 黑胜 loss=27.9346 temp=1.00 total_env_steps=27174 t=0.07s
Ep  806: len= 30 白胜 loss=28.1170 temp=1.00 total_env_steps=27204 t=0.08s
Ep  807: len= 35 黑胜 loss=28.0270 temp=1.00 total_env_steps=27239 t=0.11s
Ep  808: len= 31 黑胜 loss=27.8854 temp=1.00 total_env_steps=27270 t=0.08s
Ep  809: len= 38 白胜 loss=27.9454 temp=1.00 total_env_steps=27308 t=0.12s
Ep  810: len= 33 黑胜 loss=27.9988 temp=1.00 total_env_steps=27341 t=0.10s
Ep  811: len= 30 白胜 loss=28.1024 temp=1.00 total_env_steps=27371 t=0.09s
Ep  812: len= 43 黑胜 loss=27.9674 temp=1.00 total_env_steps=27414 t=0.13s
Ep  813: len= 29 黑胜 loss=28.1402 temp=1.00 total_env_steps=27443 t=0.10s
Ep  814: len= 26 白胜 loss=28.1892 temp=1.00 total_env_steps=27469 t=0.09s
Ep  815: len= 42 白胜 loss=27.9970 temp=1.00 total_env_steps=27511 t=0.11s
Ep  816: len= 41 黑胜 loss=28.0795 temp=1.00 total_env_steps=27552 t=0.12s
Ep  817: len= 29 黑胜 loss=28.0901 temp=1.00 total_env_steps=27581 t=0.09s
Ep  818: len= 32 白胜 loss=28.1507 temp=1.00 total_env_steps=27613 t=0.10s
Ep  819: len= 26 白胜 loss=28.4363 temp=1.00 total_env_steps=27639 t=0.08s
Ep  820: len= 31 黑胜 loss=28.2426 temp=1.00 total_env_steps=27670 t=0.10s
Ep  821: len= 47 黑胜 loss=28.0847 temp=1.00 total_env_steps=27717 t=0.14s
Ep  822: len= 27 黑胜 loss=28.0266 temp=1.00 total_env_steps=27744 t=0.08s
Ep  823: len= 34 白胜 loss=28.0151 temp=1.00 total_env_steps=27778 t=0.10s
Ep  824: len= 42 白胜 loss=28.0249 temp=1.00 total_env_steps=27820 t=0.12s
Ep  825: len= 25 黑胜 loss=27.9745 temp=1.00 total_env_steps=27845 t=0.09s
Ep  826: len= 39 黑胜 loss=28.0652 temp=1.00 total_env_steps=27884 t=0.12s
Ep  827: len= 35 黑胜 loss=28.0919 temp=1.00 total_env_steps=27919 t=0.11s
Ep  828: len= 25 黑胜 loss=28.0396 temp=1.00 total_env_steps=27944 t=0.09s
Ep  829: len= 36 白胜 loss=28.1776 temp=1.00 total_env_steps=27980 t=0.13s
Ep  830: len= 41 黑胜 loss=28.0809 temp=1.00 total_env_steps=28021 t=0.11s
Ep  831: len= 50 白胜 loss=28.0252 temp=1.00 total_env_steps=28071 t=0.13s
Ep  832: len= 41 黑胜 loss=28.2320 temp=1.00 total_env_steps=28112 t=0.12s
Ep  833: len= 26 白胜 loss=27.9807 temp=1.00 total_env_steps=28138 t=0.09s
Ep  834: len= 15 黑胜 loss=28.2176 temp=1.00 total_env_steps=28153 t=0.07s
Ep  835: len= 30 白胜 loss=28.0004 temp=1.00 total_env_steps=28183 t=0.10s
Ep  836: len= 44 白胜 loss=27.9649 temp=1.00 total_env_steps=28227 t=0.12s
Ep  837: len= 42 白胜 loss=28.2333 temp=1.00 total_env_steps=28269 t=0.13s
Ep  838: len= 49 黑胜 loss=28.0538 temp=1.00 total_env_steps=28318 t=0.14s
Ep  839: len= 37 黑胜 loss=28.1600 temp=1.00 total_env_steps=28355 t=0.10s
Ep  840: len= 30 白胜 loss=28.1206 temp=1.00 total_env_steps=28385 t=0.08s
Ep  841: len= 39 黑胜 loss=28.2319 temp=1.00 total_env_steps=28424 t=0.10s
Ep  842: len= 39 黑胜 loss=28.0248 temp=1.00 total_env_steps=28463 t=0.10s
Ep  843: len= 32 白胜 loss=28.0617 temp=1.00 total_env_steps=28495 t=0.18s
Ep  844: len= 37 黑胜 loss=27.9570 temp=1.00 total_env_steps=28532 t=0.20s
Ep  845: len= 24 白胜 loss=27.9196 temp=1.00 total_env_steps=28556 t=0.17s
Ep  846: len= 45 黑胜 loss=28.0672 temp=1.00 total_env_steps=28601 t=0.22s
Ep  847: len= 46 白胜 loss=28.0535 temp=1.00 total_env_steps=28647 t=0.21s
Ep  848: len= 37 黑胜 loss=27.9351 temp=1.00 total_env_steps=28684 t=0.18s
Ep  849: len= 38 白胜 loss=28.0892 temp=1.00 total_env_steps=28722 t=0.19s
Ep  850: len= 32 白胜 loss=28.0021 temp=1.00 total_env_steps=28754 t=0.18s
Ep  851: len= 26 白胜 loss=28.3458 temp=1.00 total_env_steps=28780 t=0.16s
Ep  852: len= 22 白胜 loss=28.0101 temp=1.00 total_env_steps=28802 t=0.15s
Ep  853: len= 34 白胜 loss=28.0628 temp=1.00 total_env_steps=28836 t=0.19s
Ep  854: len= 30 白胜 loss=27.9141 temp=1.00 total_env_steps=28866 t=0.17s
Ep  855: len= 32 白胜 loss=27.9537 temp=1.00 total_env_steps=28898 t=0.19s
Ep  856: len= 35 黑胜 loss=28.0551 temp=1.00 total_env_steps=28933 t=0.19s
Ep  857: len= 33 黑胜 loss=28.2002 temp=1.00 total_env_steps=28966 t=0.16s
Ep  858: len= 31 黑胜 loss=27.9835 temp=1.00 total_env_steps=28997 t=0.17s
Ep  859: len= 41 黑胜 loss=28.2204 temp=1.00 total_env_steps=29038 t=0.20s
Ep  860: len= 27 黑胜 loss=28.0760 temp=1.00 total_env_steps=29065 t=0.17s
Ep  861: len= 46 白胜 loss=27.9427 temp=1.00 total_env_steps=29111 t=0.22s
Ep  862: len= 40 白胜 loss=28.0388 temp=1.00 total_env_steps=29151 t=0.21s
Ep  863: len= 41 黑胜 loss=27.9307 temp=1.00 total_env_steps=29192 t=0.21s
Ep  864: len= 43 黑胜 loss=28.0258 temp=1.00 total_env_steps=29235 t=0.21s
Ep  865: len= 41 黑胜 loss=27.9787 temp=1.00 total_env_steps=29276 t=0.23s
Ep  866: len= 27 黑胜 loss=28.0627 temp=1.00 total_env_steps=29303 t=0.17s
Ep  867: len= 15 黑胜 loss=28.0789 temp=1.00 total_env_steps=29318 t=0.15s
Ep  868: len= 40 白胜 loss=28.1060 temp=1.00 total_env_steps=29358 t=0.19s
Ep  869: len= 49 黑胜 loss=28.1650 temp=1.00 total_env_steps=29407 t=0.22s
Ep  870: len= 22 白胜 loss=28.2471 temp=1.00 total_env_steps=29429 t=0.15s
Ep  871: len= 42 白胜 loss=28.2405 temp=1.00 total_env_steps=29471 t=0.19s
Ep  872: len= 28 白胜 loss=28.1278 temp=1.00 total_env_steps=29499 t=0.16s
Ep  873: len= 42 白胜 loss=28.2405 temp=1.00 total_env_steps=29541 t=0.20s
Ep  874: len= 41 黑胜 loss=28.1906 temp=1.00 total_env_steps=29582 t=0.20s
Ep  875: len= 33 黑胜 loss=28.1796 temp=1.00 total_env_steps=29615 t=0.17s
Ep  876: len= 47 黑胜 loss=28.0208 temp=1.00 total_env_steps=29662 t=0.23s
Ep  877: len= 33 黑胜 loss=27.9552 temp=1.00 total_env_steps=29695 t=0.18s
Ep  878: len= 43 黑胜 loss=27.9840 temp=1.00 total_env_steps=29738 t=0.22s
Ep  879: len= 36 白胜 loss=28.1654 temp=1.00 total_env_steps=29774 t=0.19s
Ep  880: len= 28 白胜 loss=28.0537 temp=1.00 total_env_steps=29802 t=0.17s
Ep  881: len= 39 黑胜 loss=27.9938 temp=1.00 total_env_steps=29841 t=0.20s
Ep  882: len= 42 白胜 loss=28.0773 temp=1.00 total_env_steps=29883 t=0.21s
Ep  883: len= 39 黑胜 loss=27.9597 temp=1.00 total_env_steps=29922 t=0.19s
Ep  884: len= 49 黑胜 loss=28.0681 temp=1.00 total_env_steps=29971 t=0.22s
Ep  885: len= 46 白胜 loss=28.0362 temp=1.00 total_env_steps=30017 t=0.21s
Ep  886: len= 42 白胜 loss=28.1129 temp=1.00 total_env_steps=30059 t=0.21s
Ep  887: len= 32 白胜 loss=27.9221 temp=1.00 total_env_steps=30091 t=0.19s
Ep  888: len= 37 黑胜 loss=28.2579 temp=1.00 total_env_steps=30128 t=0.20s
Ep  889: len= 23 黑胜 loss=28.0609 temp=1.00 total_env_steps=30151 t=0.16s
Ep  890: len= 35 黑胜 loss=28.2604 temp=1.00 total_env_steps=30186 t=0.17s
Ep  891: len= 24 白胜 loss=28.2407 temp=1.00 total_env_steps=30210 t=0.16s
Ep  892: len= 36 白胜 loss=28.1359 temp=1.00 total_env_steps=30246 t=0.19s
Ep  893: len= 28 白胜 loss=28.1803 temp=1.00 total_env_steps=30274 t=0.17s
Ep  894: len= 43 黑胜 loss=28.0614 temp=1.00 total_env_steps=30317 t=0.21s
Ep  895: len= 29 黑胜 loss=28.2263 temp=1.00 total_env_steps=30346 t=0.18s
Ep  896: len= 32 白胜 loss=28.1333 temp=1.00 total_env_steps=30378 t=0.17s
Ep  897: len= 38 白胜 loss=28.0767 temp=1.00 total_env_steps=30416 t=0.20s
Ep  898: len= 33 黑胜 loss=28.0743 temp=1.00 total_env_steps=30449 t=0.20s
Ep  899: len= 23 黑胜 loss=28.2587 temp=1.00 total_env_steps=30472 t=0.15s
Ep  900: len= 30 白胜 loss=27.9978 temp=1.00 total_env_steps=30502 t=0.18s
Ep  901: len= 41 黑胜 loss=28.1328 temp=1.00 total_env_steps=30543 t=0.21s
Ep  902: len= 27 黑胜 loss=27.9910 temp=1.00 total_env_steps=30570 t=0.17s
Ep  903: len= 38 白胜 loss=27.8708 temp=1.00 total_env_steps=30608 t=0.20s
Ep  904: len= 26 白胜 loss=28.2587 temp=1.00 total_env_steps=30634 t=0.17s
Ep  905: len= 41 黑胜 loss=28.0613 temp=1.00 total_env_steps=30675 t=0.21s
Ep  906: len= 44 白胜 loss=28.0676 temp=1.00 total_env_steps=30719 t=0.21s
Ep  907: len= 47 黑胜 loss=27.9258 temp=1.00 total_env_steps=30766 t=0.22s
Ep  908: len= 49 黑胜 loss=27.9431 temp=1.00 total_env_steps=30815 t=0.23s
Ep  909: len= 23 黑胜 loss=28.0928 temp=1.00 total_env_steps=30838 t=0.16s
Ep  910: len= 23 黑胜 loss=28.0649 temp=1.00 total_env_steps=30861 t=0.14s
Ep  911: len= 29 黑胜 loss=28.0774 temp=1.00 total_env_steps=30890 t=0.18s
Ep  912: len= 51 黑胜 loss=28.0548 temp=1.00 total_env_steps=30941 t=0.23s
Ep  913: len= 31 黑胜 loss=28.3115 temp=1.00 total_env_steps=30972 t=0.16s
Ep  914: len= 51 黑胜 loss=27.9241 temp=1.00 total_env_steps=31023 t=0.23s
Ep  915: len= 21 黑胜 loss=28.1001 temp=1.00 total_env_steps=31044 t=0.16s
Ep  916: len= 28 白胜 loss=28.0758 temp=1.00 total_env_steps=31072 t=0.17s
Ep  917: len= 43 黑胜 loss=27.9264 temp=1.00 total_env_steps=31115 t=0.20s
Ep  918: len= 29 黑胜 loss=28.2327 temp=1.00 total_env_steps=31144 t=0.18s
Ep  919: len= 41 黑胜 loss=28.4169 temp=1.00 total_env_steps=31185 t=0.22s
Ep  920: len= 32 白胜 loss=28.0713 temp=1.00 total_env_steps=31217 t=0.18s
Ep  921: len= 52 白胜 loss=28.0966 temp=1.00 total_env_steps=31269 t=0.23s
Ep  922: len= 41 黑胜 loss=28.1047 temp=1.00 total_env_steps=31310 t=0.21s
Ep  923: len= 50 白胜 loss=27.9732 temp=1.00 total_env_steps=31360 t=0.28s
Ep  924: len= 38 白胜 loss=28.2774 temp=1.00 total_env_steps=31398 t=0.20s
Ep  925: len= 19 黑胜 loss=28.2316 temp=1.00 total_env_steps=31417 t=0.13s
Ep  926: len= 32 白胜 loss=28.0802 temp=1.00 total_env_steps=31449 t=0.17s
Ep  927: len= 26 白胜 loss=28.0886 temp=1.00 total_env_steps=31475 t=0.15s
Ep  928: len= 30 白胜 loss=28.0072 temp=1.00 total_env_steps=31505 t=0.17s
Ep  929: len= 17 黑胜 loss=28.1803 temp=1.00 total_env_steps=31522 t=0.14s
Ep  930: len= 35 黑胜 loss=28.2592 temp=1.00 total_env_steps=31557 t=0.20s
Ep  931: len= 32 白胜 loss=28.1587 temp=1.00 total_env_steps=31589 t=0.17s
Ep  932: len= 31 黑胜 loss=28.0246 temp=1.00 total_env_steps=31620 t=0.17s
Ep  933: len= 39 黑胜 loss=27.9175 temp=1.00 total_env_steps=31659 t=0.17s
Ep  934: len= 31 黑胜 loss=27.9712 temp=1.00 total_env_steps=31690 t=0.18s
Ep  935: len= 48 白胜 loss=28.1926 temp=1.00 total_env_steps=31738 t=0.22s
Ep  936: len= 31 黑胜 loss=28.2926 temp=1.00 total_env_steps=31769 t=0.16s
Ep  937: len= 31 黑胜 loss=27.8745 temp=1.00 total_env_steps=31800 t=0.18s
Ep  938: len= 40 白胜 loss=27.8098 temp=1.00 total_env_steps=31840 t=0.21s
Ep  939: len= 24 白胜 loss=28.1057 temp=1.00 total_env_steps=31864 t=0.16s
Ep  940: len= 42 白胜 loss=28.1982 temp=1.00 total_env_steps=31906 t=0.19s
Ep  941: len= 38 白胜 loss=28.0646 temp=1.00 total_env_steps=31944 t=0.19s
Ep  942: len= 30 白胜 loss=28.0184 temp=1.00 total_env_steps=31974 t=0.15s
Ep  943: len= 19 黑胜 loss=28.0667 temp=1.00 total_env_steps=31993 t=0.13s
Ep  944: len= 27 黑胜 loss=27.9827 temp=1.00 total_env_steps=32020 t=0.15s
Ep  945: len= 32 白胜 loss=28.1842 temp=1.00 total_env_steps=32052 t=0.16s
Ep  946: len= 40 白胜 loss=28.1854 temp=1.00 total_env_steps=32092 t=0.17s
Ep  947: len= 37 黑胜 loss=28.1563 temp=1.00 total_env_steps=32129 t=0.18s
Ep  948: len= 42 白胜 loss=28.1704 temp=1.00 total_env_steps=32171 t=0.19s
Ep  949: len= 36 白胜 loss=28.1508 temp=1.00 total_env_steps=32207 t=0.18s
Ep  950: len= 36 白胜 loss=28.0012 temp=1.00 total_env_steps=32243 t=0.19s
Ep  951: len= 39 黑胜 loss=28.0006 temp=1.00 total_env_steps=32282 t=0.22s
Ep  952: len= 44 白胜 loss=28.1853 temp=1.00 total_env_steps=32326 t=0.21s
Ep  953: len= 42 白胜 loss=28.0077 temp=1.00 total_env_steps=32368 t=0.20s
Ep  954: len= 22 白胜 loss=28.1514 temp=1.00 total_env_steps=32390 t=0.16s
Ep  955: len= 38 白胜 loss=28.1917 temp=1.00 total_env_steps=32428 t=0.22s
Ep  956: len= 41 黑胜 loss=27.9808 temp=1.00 total_env_steps=32469 t=0.20s
Ep  957: len= 29 黑胜 loss=28.1874 temp=1.00 total_env_steps=32498 t=0.15s
Ep  958: len= 27 黑胜 loss=27.9183 temp=1.00 total_env_steps=32525 t=0.16s
Ep  959: len= 35 黑胜 loss=28.0015 temp=1.00 total_env_steps=32560 t=0.18s
Ep  960: len= 38 白胜 loss=28.0847 temp=1.00 total_env_steps=32598 t=0.19s
Ep  961: len= 42 白胜 loss=28.0852 temp=1.00 total_env_steps=32640 t=0.19s
Ep  962: len= 21 黑胜 loss=28.1341 temp=1.00 total_env_steps=32661 t=0.13s
Ep  963: len= 29 黑胜 loss=28.1348 temp=1.00 total_env_steps=32690 t=0.16s
Ep  964: len= 49 黑胜 loss=28.0372 temp=1.00 total_env_steps=32739 t=0.21s
Ep  965: len= 41 黑胜 loss=27.9717 temp=1.00 total_env_steps=32780 t=0.19s
Ep  966: len= 42 白胜 loss=28.0327 temp=1.00 total_env_steps=32822 t=0.19s
Ep  967: len= 40 白胜 loss=28.2273 temp=1.00 total_env_steps=32862 t=0.19s
Ep  968: len= 37 黑胜 loss=28.1438 temp=1.00 total_env_steps=32899 t=0.19s
Ep  969: len= 36 白胜 loss=27.9688 temp=1.00 total_env_steps=32935 t=0.19s
Ep  970: len= 48 白胜 loss=28.1316 temp=1.00 total_env_steps=32983 t=0.21s
Ep  971: len= 34 白胜 loss=28.1863 temp=1.00 total_env_steps=33017 t=0.18s
Ep  972: len= 38 白胜 loss=28.0311 temp=1.00 total_env_steps=33055 t=0.19s
Ep  973: len= 35 黑胜 loss=28.0459 temp=1.00 total_env_steps=33090 t=0.20s
Ep  974: len= 40 白胜 loss=28.0484 temp=1.00 total_env_steps=33130 t=0.21s
Ep  975: len= 38 白胜 loss=28.0411 temp=1.00 total_env_steps=33168 t=0.20s
Ep  976: len= 49 黑胜 loss=28.1028 temp=1.00 total_env_steps=33217 t=0.22s
Ep  977: len= 41 黑胜 loss=28.1479 temp=1.00 total_env_steps=33258 t=0.20s
Ep  978: len= 33 黑胜 loss=28.1190 temp=1.00 total_env_steps=33291 t=0.18s
Ep  979: len= 36 白胜 loss=27.9455 temp=1.00 total_env_steps=33327 t=0.20s
Ep  980: len= 49 黑胜 loss=28.1763 temp=1.00 total_env_steps=33376 t=0.21s
Ep  981: len= 47 黑胜 loss=28.1519 temp=1.00 total_env_steps=33423 t=0.20s
Ep  982: len= 37 黑胜 loss=28.2726 temp=1.00 total_env_steps=33460 t=0.18s
Ep  983: len= 44 白胜 loss=28.1532 temp=1.00 total_env_steps=33504 t=0.20s
Ep  984: len= 60 白胜 loss=28.1218 temp=1.00 total_env_steps=33564 t=0.23s
Ep  985: len= 33 黑胜 loss=28.3777 temp=1.00 total_env_steps=33597 t=0.17s
Ep  986: len= 34 白胜 loss=28.1686 temp=1.00 total_env_steps=33631 t=0.17s
Ep  987: len= 42 白胜 loss=28.1658 temp=1.00 total_env_steps=33673 t=0.19s
Ep  988: len= 29 黑胜 loss=28.2092 temp=1.00 total_env_steps=33702 t=0.16s
Ep  989: len= 47 黑胜 loss=28.0395 temp=1.00 total_env_steps=33749 t=0.21s
Ep  990: len= 31 黑胜 loss=28.2075 temp=1.00 total_env_steps=33780 t=0.20s
Ep  991: len= 38 白胜 loss=28.0862 temp=1.00 total_env_steps=33818 t=0.21s
Ep  992: len= 12 白胜 loss=28.2737 temp=1.00 total_env_steps=33830 t=0.13s
Ep  993: len= 44 白胜 loss=28.2708 temp=1.00 total_env_steps=33874 t=0.22s
Ep  994: len= 38 白胜 loss=28.0763 temp=1.00 total_env_steps=33912 t=0.19s
Ep  995: len= 43 黑胜 loss=28.0308 temp=1.00 total_env_steps=33955 t=0.20s
Ep  996: len= 47 黑胜 loss=28.1415 temp=1.00 total_env_steps=34002 t=0.22s
Ep  997: len= 41 黑胜 loss=27.9649 temp=1.00 total_env_steps=34043 t=0.20s
Ep  998: len= 19 黑胜 loss=28.0752 temp=1.00 total_env_steps=34062 t=0.14s
Ep  999: len= 21 黑胜 loss=28.2187 temp=1.00 total_env_steps=34083 t=0.14s
Ep 1000: len= 37 黑胜 loss=28.1043 temp=1.00 total_env_steps=34120 t=0.20s
  eval vs Gomoku-random-v0: win_rate=1.00 mean_return=1.00（20 局，total_env_steps=34120）
  📸 已拍权重快照（ep=1000，gating 对弈基准）
Ep 1001: len= 37 黑胜 loss=28.1989 temp=1.00 total_env_steps=34157 t=0.18s
Ep 1002: len= 29 黑胜 loss=28.1754 temp=1.00 total_env_steps=34186 t=0.15s
Ep 1003: len= 36 白胜 loss=28.0599 temp=1.00 total_env_steps=34222 t=0.18s
Ep 1004: len= 28 白胜 loss=28.1347 temp=1.00 total_env_steps=34250 t=0.15s
Ep 1005: len= 27 黑胜 loss=28.0100 temp=1.00 total_env_steps=34277 t=0.16s
Ep 1006: len= 39 黑胜 loss=28.1939 temp=1.00 total_env_steps=34316 t=0.17s
Ep 1007: len= 57 黑胜 loss=28.2011 temp=1.00 total_env_steps=34373 t=0.22s
Ep 1008: len= 37 黑胜 loss=28.0566 temp=1.00 total_env_steps=34410 t=0.17s
Ep 1009: len= 32 白胜 loss=27.9975 temp=1.00 total_env_steps=34442 t=0.17s
Ep 1010: len= 38 白胜 loss=28.1871 temp=1.00 total_env_steps=34480 t=0.18s
Ep 1011: len= 27 黑胜 loss=28.1119 temp=1.00 total_env_steps=34507 t=0.14s
Ep 1012: len= 29 黑胜 loss=28.1331 temp=1.00 total_env_steps=34536 t=0.16s
Ep 1013: len= 51 黑胜 loss=28.0543 temp=1.00 total_env_steps=34587 t=0.21s
Ep 1014: len= 39 黑胜 loss=27.9700 temp=1.00 total_env_steps=34626 t=0.18s
Ep 1015: len= 30 白胜 loss=28.1389 temp=1.00 total_env_steps=34656 t=0.16s
Ep 1016: len= 33 黑胜 loss=27.9855 temp=1.00 total_env_steps=34689 t=0.16s
Ep 1017: len= 66 白胜 loss=28.1657 temp=1.00 total_env_steps=34755 t=0.24s
Ep 1018: len= 31 黑胜 loss=28.1446 temp=1.00 total_env_steps=34786 t=0.16s
Ep 1019: len= 40 白胜 loss=28.0637 temp=1.00 total_env_steps=34826 t=0.18s
Ep 1020: len= 34 白胜 loss=28.0567 temp=1.00 total_env_steps=34860 t=0.17s
Ep 1021: len= 32 白胜 loss=28.0888 temp=1.00 total_env_steps=34892 t=0.16s
Ep 1022: len= 37 黑胜 loss=28.1361 temp=1.00 total_env_steps=34929 t=0.18s
Ep 1023: len= 21 黑胜 loss=28.0882 temp=1.00 total_env_steps=34950 t=0.13s
Ep 1024: len= 35 黑胜 loss=28.1966 temp=1.00 total_env_steps=34985 t=0.17s
Ep 1025: len= 40 白胜 loss=28.0077 temp=1.00 total_env_steps=35025 t=0.19s
Ep 1026: len= 49 黑胜 loss=28.0345 temp=1.00 total_env_steps=35074 t=0.21s
Ep 1027: len= 41 黑胜 loss=27.8683 temp=1.00 total_env_steps=35115 t=0.19s
Ep 1028: len= 37 黑胜 loss=28.3172 temp=1.00 total_env_steps=35152 t=0.17s
Ep 1029: len= 34 白胜 loss=28.0161 temp=1.00 total_env_steps=35186 t=0.17s
Ep 1030: len= 42 白胜 loss=28.1228 temp=1.00 total_env_steps=35228 t=0.19s
Ep 1031: len= 31 黑胜 loss=28.1559 temp=1.00 total_env_steps=35259 t=0.16s
Ep 1032: len= 46 白胜 loss=28.2028 temp=1.00 total_env_steps=35305 t=0.19s
Ep 1033: len= 28 白胜 loss=27.9786 temp=1.00 total_env_steps=35333 t=0.15s
Ep 1034: len= 39 黑胜 loss=27.9522 temp=1.00 total_env_steps=35372 t=0.18s
Ep 1035: len= 25 黑胜 loss=27.9634 temp=1.00 total_env_steps=35397 t=0.16s
Ep 1036: len= 38 白胜 loss=28.0444 temp=1.00 total_env_steps=35435 t=0.18s
Ep 1037: len= 27 黑胜 loss=27.9857 temp=1.00 total_env_steps=35462 t=0.15s
Ep 1038: len= 27 黑胜 loss=28.0165 temp=1.00 total_env_steps=35489 t=0.16s
Ep 1039: len= 58 白胜 loss=27.8541 temp=1.00 total_env_steps=35547 t=0.23s
Ep 1040: len= 42 白胜 loss=28.1017 temp=1.00 total_env_steps=35589 t=0.19s
Ep 1041: len= 28 白胜 loss=28.1083 temp=1.00 total_env_steps=35617 t=0.16s
Ep 1042: len= 44 白胜 loss=28.2921 temp=1.00 total_env_steps=35661 t=0.20s
Ep 1043: len= 29 黑胜 loss=28.1629 temp=1.00 total_env_steps=35690 t=0.15s
Ep 1044: len= 34 白胜 loss=27.9617 temp=1.00 total_env_steps=35724 t=0.16s
Ep 1045: len= 27 黑胜 loss=28.1234 temp=1.00 total_env_steps=35751 t=0.15s
Ep 1046: len= 41 黑胜 loss=27.8868 temp=1.00 total_env_steps=35792 t=0.19s
Ep 1047: len= 21 黑胜 loss=28.1102 temp=1.00 total_env_steps=35813 t=0.14s
Ep 1048: len= 40 白胜 loss=28.0867 temp=1.00 total_env_steps=35853 t=0.19s
Ep 1049: len= 32 白胜 loss=28.1431 temp=1.00 total_env_steps=35885 t=0.16s
Ep 1050: len= 38 白胜 loss=28.0619 temp=1.00 total_env_steps=35923 t=0.18s
Ep 1051: len= 40 白胜 loss=28.2248 temp=1.00 total_env_steps=35963 t=0.20s
Ep 1052: len= 28 白胜 loss=27.9872 temp=1.00 total_env_steps=35991 t=0.17s
Ep 1053: len= 35 黑胜 loss=28.2054 temp=1.00 total_env_steps=36026 t=0.17s
Ep 1054: len= 32 白胜 loss=28.1929 temp=1.00 total_env_steps=36058 t=0.17s
Ep 1055: len= 31 黑胜 loss=28.0807 temp=1.00 total_env_steps=36089 t=0.17s
Ep 1056: len= 25 黑胜 loss=28.0336 temp=1.00 total_env_steps=36114 t=0.15s
Ep 1057: len= 39 黑胜 loss=28.1968 temp=1.00 total_env_steps=36153 t=0.19s
Ep 1058: len= 42 白胜 loss=28.0770 temp=1.00 total_env_steps=36195 t=0.19s
Ep 1059: len= 44 白胜 loss=28.0759 temp=1.00 total_env_steps=36239 t=0.19s
Ep 1060: len= 41 黑胜 loss=27.9368 temp=1.00 total_env_steps=36280 t=0.18s
Ep 1061: len= 39 黑胜 loss=28.0265 temp=1.00 total_env_steps=36319 t=0.20s
Ep 1062: len= 26 白胜 loss=28.0386 temp=1.00 total_env_steps=36345 t=0.15s
Ep 1063: len= 31 黑胜 loss=28.0795 temp=1.00 total_env_steps=36376 t=0.16s
Ep 1064: len= 28 白胜 loss=28.0440 temp=1.00 total_env_steps=36404 t=0.16s
Ep 1065: len= 37 黑胜 loss=27.9207 temp=1.00 total_env_steps=36441 t=0.17s
Ep 1066: len= 40 白胜 loss=27.9098 temp=1.00 total_env_steps=36481 t=0.18s
Ep 1067: len= 30 白胜 loss=28.0082 temp=1.00 total_env_steps=36511 t=0.15s
Ep 1068: len= 39 黑胜 loss=27.9026 temp=1.00 total_env_steps=36550 t=0.18s
Ep 1069: len= 29 黑胜 loss=28.0754 temp=1.00 total_env_steps=36579 t=0.16s
Ep 1070: len= 46 白胜 loss=28.0787 temp=1.00 total_env_steps=36625 t=0.21s
Ep 1071: len= 34 白胜 loss=27.9650 temp=1.00 total_env_steps=36659 t=0.17s
Ep 1072: len= 32 白胜 loss=27.9857 temp=1.00 total_env_steps=36691 t=0.17s
Ep 1073: len= 39 黑胜 loss=27.9680 temp=1.00 total_env_steps=36730 t=0.18s
Ep 1074: len= 36 白胜 loss=28.0397 temp=1.00 total_env_steps=36766 t=0.17s
Ep 1075: len= 21 黑胜 loss=28.0790 temp=1.00 total_env_steps=36787 t=0.16s
Ep 1076: len= 32 白胜 loss=28.0441 temp=1.00 total_env_steps=36819 t=0.17s
Ep 1077: len= 20 白胜 loss=28.1133 temp=1.00 total_env_steps=36839 t=0.14s
Ep 1078: len= 46 白胜 loss=28.0420 temp=1.00 total_env_steps=36885 t=0.20s
Ep 1079: len= 35 黑胜 loss=28.0971 temp=1.00 total_env_steps=36920 t=0.18s
Ep 1080: len= 37 黑胜 loss=28.1152 temp=1.00 total_env_steps=36957 t=0.19s
Ep 1081: len= 46 白胜 loss=28.0842 temp=1.00 total_env_steps=37003 t=0.21s
Ep 1082: len= 38 白胜 loss=27.9984 temp=1.00 total_env_steps=37041 t=0.18s
Ep 1083: len= 40 白胜 loss=28.0511 temp=1.00 total_env_steps=37081 t=0.19s
Ep 1084: len= 34 白胜 loss=28.2318 temp=1.00 total_env_steps=37115 t=0.17s
Ep 1085: len= 34 白胜 loss=27.9974 temp=1.00 total_env_steps=37149 t=0.17s
Ep 1086: len= 23 黑胜 loss=28.1603 temp=1.00 total_env_steps=37172 t=0.13s
Ep 1087: len= 25 黑胜 loss=28.0567 temp=1.00 total_env_steps=37197 t=0.15s
Ep 1088: len= 50 白胜 loss=27.9485 temp=1.00 total_env_steps=37247 t=0.21s
Ep 1089: len= 30 白胜 loss=28.1194 temp=1.00 total_env_steps=37277 t=0.16s
Ep 1090: len= 31 黑胜 loss=27.9538 temp=1.00 total_env_steps=37308 t=0.15s
Ep 1091: len= 33 黑胜 loss=27.9086 temp=1.00 total_env_steps=37341 t=0.17s
Ep 1092: len= 27 黑胜 loss=28.1690 temp=1.00 total_env_steps=37368 t=0.15s
Ep 1093: len= 39 黑胜 loss=28.0455 temp=1.00 total_env_steps=37407 t=0.18s
Ep 1094: len= 36 白胜 loss=28.0487 temp=1.00 total_env_steps=37443 t=0.17s
Ep 1095: len= 40 白胜 loss=27.9735 temp=1.00 total_env_steps=37483 t=0.18s
Ep 1096: len= 44 白胜 loss=27.9246 temp=1.00 total_env_steps=37527 t=0.21s
Ep 1097: len= 36 白胜 loss=28.0689 temp=1.00 total_env_steps=37563 t=0.18s
Ep 1098: len= 40 白胜 loss=28.2512 temp=1.00 total_env_steps=37603 t=0.19s
Ep 1099: len= 36 白胜 loss=28.0628 temp=1.00 total_env_steps=37639 t=0.19s
Ep 1100: len= 47 黑胜 loss=28.2283 temp=1.00 total_env_steps=37686 t=0.21s
Ep 1101: len= 33 黑胜 loss=28.0842 temp=1.00 total_env_steps=37719 t=0.17s
Ep 1102: len= 48 白胜 loss=28.1635 temp=1.00 total_env_steps=37767 t=0.21s
Ep 1103: len= 27 黑胜 loss=27.9277 temp=1.00 total_env_steps=37794 t=0.15s
Ep 1104: len= 40 白胜 loss=28.0236 temp=1.00 total_env_steps=37834 t=0.18s
Ep 1105: len= 50 白胜 loss=28.1130 temp=1.00 total_env_steps=37884 t=0.20s
Ep 1106: len= 49 黑胜 loss=28.1505 temp=1.00 total_env_steps=37933 t=0.20s
Ep 1107: len= 32 白胜 loss=27.8619 temp=1.00 total_env_steps=37965 t=0.16s
Ep 1108: len= 26 白胜 loss=28.1521 temp=1.00 total_env_steps=37991 t=0.14s
Ep 1109: len= 47 黑胜 loss=28.2007 temp=1.00 total_env_steps=38038 t=0.20s
Ep 1110: len= 22 白胜 loss=27.9449 temp=1.00 total_env_steps=38060 t=0.15s
Ep 1111: len= 26 白胜 loss=28.1500 temp=1.00 total_env_steps=38086 t=0.15s
Ep 1112: len= 27 黑胜 loss=28.0409 temp=1.00 total_env_steps=38113 t=0.15s
Ep 1113: len= 43 黑胜 loss=27.9887 temp=1.00 total_env_steps=38156 t=0.20s
Ep 1114: len= 31 黑胜 loss=28.0837 temp=1.00 total_env_steps=38187 t=0.16s
Ep 1115: len= 27 黑胜 loss=28.0904 temp=1.00 total_env_steps=38214 t=0.15s
Ep 1116: len= 36 白胜 loss=28.1334 temp=1.00 total_env_steps=38250 t=0.18s
Ep 1117: len= 41 黑胜 loss=28.2958 temp=1.00 total_env_steps=38291 t=0.18s
Ep 1118: len= 53 黑胜 loss=28.0588 temp=1.00 total_env_steps=38344 t=0.20s
Ep 1119: len= 31 黑胜 loss=28.1444 temp=1.00 total_env_steps=38375 t=0.16s
Ep 1120: len= 38 白胜 loss=27.9538 temp=1.00 total_env_steps=38413 t=0.18s
Ep 1121: len= 38 白胜 loss=27.9326 temp=1.00 total_env_steps=38451 t=0.18s
Ep 1122: len= 38 白胜 loss=28.1578 temp=1.00 total_env_steps=38489 t=0.18s
Ep 1123: len= 41 黑胜 loss=27.9171 temp=1.00 total_env_steps=38530 t=0.18s
Ep 1124: len= 31 黑胜 loss=28.1040 temp=1.00 total_env_steps=38561 t=0.16s
Ep 1125: len= 39 黑胜 loss=27.9669 temp=1.00 total_env_steps=38600 t=0.18s
Ep 1126: len= 47 黑胜 loss=28.0234 temp=1.00 total_env_steps=38647 t=0.21s
Ep 1127: len= 33 黑胜 loss=28.1343 temp=1.00 total_env_steps=38680 t=0.18s
Ep 1128: len= 41 黑胜 loss=27.9368 temp=1.00 total_env_steps=38721 t=0.18s
Ep 1129: len= 35 黑胜 loss=27.9949 temp=1.00 total_env_steps=38756 t=0.16s
Ep 1130: len= 49 黑胜 loss=28.1896 temp=1.00 total_env_steps=38805 t=0.20s
Ep 1131: len= 34 白胜 loss=27.9666 temp=1.00 total_env_steps=38839 t=0.17s
Ep 1132: len= 28 白胜 loss=28.0763 temp=1.00 total_env_steps=38867 t=0.15s
Ep 1133: len= 50 白胜 loss=28.1209 temp=1.00 total_env_steps=38917 t=0.20s
Ep 1134: len= 41 黑胜 loss=27.8560 temp=1.00 total_env_steps=38958 t=0.17s
Ep 1135: len= 38 白胜 loss=28.0219 temp=1.00 total_env_steps=38996 t=0.17s
Ep 1136: len= 29 黑胜 loss=28.0200 temp=1.00 total_env_steps=39025 t=0.15s
Ep 1137: len= 37 黑胜 loss=27.9882 temp=1.00 total_env_steps=39062 t=0.17s
Ep 1138: len= 44 白胜 loss=28.0475 temp=1.00 total_env_steps=39106 t=0.20s
Ep 1139: len= 46 白胜 loss=28.1361 temp=1.00 total_env_steps=39152 t=0.21s
Ep 1140: len= 36 白胜 loss=28.0486 temp=1.00 total_env_steps=39188 t=0.18s
Ep 1141: len= 42 白胜 loss=28.1517 temp=1.00 total_env_steps=39230 t=0.19s
Ep 1142: len= 41 黑胜 loss=28.1049 temp=1.00 total_env_steps=39271 t=0.17s
Ep 1143: len= 43 黑胜 loss=28.0253 temp=1.00 total_env_steps=39314 t=0.19s
Ep 1144: len= 27 黑胜 loss=28.2045 temp=1.00 total_env_steps=39341 t=0.15s
Ep 1145: len= 46 白胜 loss=28.0827 temp=1.00 total_env_steps=39387 t=0.19s
Ep 1146: len= 40 白胜 loss=28.0925 temp=1.00 total_env_steps=39427 t=0.18s
Ep 1147: len= 44 白胜 loss=27.8641 temp=1.00 total_env_steps=39471 t=0.19s
Ep 1148: len= 36 白胜 loss=28.2279 temp=1.00 total_env_steps=39507 t=0.18s
Ep 1149: len= 25 黑胜 loss=28.0477 temp=1.00 total_env_steps=39532 t=0.14s
Ep 1150: len= 44 白胜 loss=28.2225 temp=1.00 total_env_steps=39576 t=0.19s
Ep 1151: len= 53 黑胜 loss=28.0445 temp=1.00 total_env_steps=39629 t=0.22s
Ep 1152: len= 38 白胜 loss=28.0364 temp=1.00 total_env_steps=39667 t=0.17s
Ep 1153: len= 39 黑胜 loss=28.0144 temp=1.00 total_env_steps=39706 t=0.17s
Ep 1154: len= 39 黑胜 loss=28.1986 temp=1.00 total_env_steps=39745 t=0.17s
Ep 1155: len= 31 黑胜 loss=27.9380 temp=1.00 total_env_steps=39776 t=0.15s
Ep 1156: len= 29 黑胜 loss=27.8464 temp=1.00 total_env_steps=39805 t=0.15s
Ep 1157: len= 30 白胜 loss=28.1615 temp=1.00 total_env_steps=39835 t=0.15s
Ep 1158: len= 35 黑胜 loss=28.2442 temp=1.00 total_env_steps=39870 t=0.17s
Ep 1159: len= 39 黑胜 loss=28.1149 temp=1.00 total_env_steps=39909 t=0.18s
Ep 1160: len= 41 黑胜 loss=27.8267 temp=1.00 total_env_steps=39950 t=0.19s
Ep 1161: len= 31 黑胜 loss=28.0102 temp=1.00 total_env_steps=39981 t=0.16s
Ep 1162: len= 19 黑胜 loss=27.8729 temp=1.00 total_env_steps=40000 t=0.14s
Ep 1163: len= 39 黑胜 loss=28.0332 temp=1.00 total_env_steps=40039 t=0.19s
Ep 1164: len= 38 白胜 loss=28.1014 temp=1.00 total_env_steps=40077 t=0.18s
Ep 1165: len= 35 黑胜 loss=27.9910 temp=1.00 total_env_steps=40112 t=0.17s
Ep 1166: len= 26 白胜 loss=28.0410 temp=1.00 total_env_steps=40138 t=0.15s
Ep 1167: len= 23 黑胜 loss=27.8729 temp=1.00 total_env_steps=40161 t=0.14s
Ep 1168: len= 27 黑胜 loss=28.1541 temp=1.00 total_env_steps=40188 t=0.15s
Ep 1169: len= 24 白胜 loss=28.0294 temp=1.00 total_env_steps=40212 t=0.15s
Ep 1170: len= 32 白胜 loss=28.0862 temp=1.00 total_env_steps=40244 t=0.18s
Ep 1171: len= 35 黑胜 loss=28.1337 temp=1.00 total_env_steps=40279 t=0.18s
Ep 1172: len= 34 白胜 loss=28.2158 temp=1.00 total_env_steps=40313 t=0.18s
Ep 1173: len= 34 白胜 loss=28.0314 temp=1.00 total_env_steps=40347 t=0.17s
Ep 1174: len= 41 黑胜 loss=27.9304 temp=1.00 total_env_steps=40388 t=0.20s
Ep 1175: len= 40 白胜 loss=28.0248 temp=1.00 total_env_steps=40428 t=0.18s
Ep 1176: len= 45 黑胜 loss=27.9730 temp=1.00 total_env_steps=40473 t=0.19s
Ep 1177: len= 43 黑胜 loss=28.0356 temp=1.00 total_env_steps=40516 t=0.19s
Ep 1178: len= 38 白胜 loss=27.9725 temp=1.00 total_env_steps=40554 t=0.17s
Ep 1179: len= 35 黑胜 loss=27.9808 temp=1.00 total_env_steps=40589 t=0.17s
Ep 1180: len= 43 黑胜 loss=28.0128 temp=1.00 total_env_steps=40632 t=0.19s
Ep 1181: len= 44 白胜 loss=28.0711 temp=1.00 total_env_steps=40676 t=0.18s
Ep 1182: len= 17 黑胜 loss=27.9715 temp=1.00 total_env_steps=40693 t=0.11s
Ep 1183: len= 39 黑胜 loss=27.9845 temp=1.00 total_env_steps=40732 t=0.18s
Ep 1184: len= 36 白胜 loss=28.1846 temp=1.00 total_env_steps=40768 t=0.17s
Ep 1185: len= 46 白胜 loss=28.1085 temp=1.00 total_env_steps=40814 t=0.19s
Ep 1186: len= 30 白胜 loss=28.0136 temp=1.00 total_env_steps=40844 t=0.15s
Ep 1187: len= 12 白胜 loss=27.8633 temp=1.00 total_env_steps=40856 t=0.10s
Ep 1188: len= 39 黑胜 loss=28.0656 temp=1.00 total_env_steps=40895 t=0.18s
Ep 1189: len= 35 黑胜 loss=28.0629 temp=1.00 total_env_steps=40930 t=0.17s
Ep 1190: len= 31 黑胜 loss=27.8365 temp=1.00 total_env_steps=40961 t=0.17s
Ep 1191: len= 45 黑胜 loss=27.9672 temp=1.00 total_env_steps=41006 t=0.18s
Ep 1192: len= 14 白胜 loss=28.1112 temp=1.00 total_env_steps=41020 t=0.11s
Ep 1193: len= 40 白胜 loss=27.8867 temp=1.00 total_env_steps=41060 t=0.18s
Ep 1194: len= 28 白胜 loss=28.0656 temp=1.00 total_env_steps=41088 t=0.15s
Ep 1195: len= 31 黑胜 loss=28.0569 temp=1.00 total_env_steps=41119 t=0.16s
Ep 1196: len= 27 黑胜 loss=27.9882 temp=1.00 total_env_steps=41146 t=0.15s
Ep 1197: len= 38 白胜 loss=27.9860 temp=1.00 total_env_steps=41184 t=0.21s
Ep 1198: len= 30 白胜 loss=28.0375 temp=1.00 total_env_steps=41214 t=0.17s
Ep 1199: len= 41 黑胜 loss=28.0291 temp=1.00 total_env_steps=41255 t=0.20s
Ep 1200: len= 29 黑胜 loss=28.1136 temp=1.00 total_env_steps=41284 t=0.11s
  eval vs Gomoku-random-v0: win_rate=1.00 mean_return=1.00（20 局，total_env_steps=41284）
Ep 1201: len= 43 黑胜 loss=28.0038 temp=1.00 total_env_steps=41327 t=0.13s
Ep 1202: len= 36 白胜 loss=28.1027 temp=1.00 total_env_steps=41363 t=0.11s
Ep 1203: len= 38 白胜 loss=28.2192 temp=1.00 total_env_steps=41401 t=0.11s
Ep 1204: len= 39 黑胜 loss=28.2228 temp=1.00 total_env_steps=41440 t=0.11s
Ep 1205: len= 37 黑胜 loss=28.1851 temp=1.00 total_env_steps=41477 t=0.09s
Ep 1206: len= 46 白胜 loss=28.2272 temp=1.00 total_env_steps=41523 t=0.11s
Ep 1207: len= 45 黑胜 loss=27.8756 temp=1.00 total_env_steps=41568 t=0.12s
Ep 1208: len= 38 白胜 loss=28.0655 temp=1.00 total_env_steps=41606 t=0.11s
Ep 1209: len= 41 黑胜 loss=28.0519 temp=1.00 total_env_steps=41647 t=0.12s
Ep 1210: len= 47 黑胜 loss=28.0786 temp=1.00 total_env_steps=41694 t=0.13s
Ep 1211: len= 35 黑胜 loss=28.0341 temp=1.00 total_env_steps=41729 t=0.10s
Ep 1212: len= 17 黑胜 loss=27.9597 temp=1.00 total_env_steps=41746 t=0.06s
Ep 1213: len= 18 白胜 loss=28.0615 temp=1.00 total_env_steps=41764 t=0.06s
Ep 1214: len= 27 黑胜 loss=27.9117 temp=1.00 total_env_steps=41791 t=0.08s
Ep 1215: len= 49 黑胜 loss=28.0635 temp=1.00 total_env_steps=41840 t=0.12s
Ep 1216: len= 34 白胜 loss=28.1124 temp=1.00 total_env_steps=41874 t=0.09s
Ep 1217: len= 29 黑胜 loss=28.1553 temp=1.00 total_env_steps=41903 t=0.08s
Ep 1218: len= 30 白胜 loss=28.1021 temp=1.00 total_env_steps=41933 t=0.09s
Ep 1219: len= 42 白胜 loss=27.9559 temp=1.00 total_env_steps=41975 t=0.11s
Ep 1220: len= 33 黑胜 loss=28.1051 temp=1.00 total_env_steps=42008 t=0.09s
Ep 1221: len= 36 白胜 loss=28.1195 temp=1.00 total_env_steps=42044 t=0.11s
Ep 1222: len= 41 黑胜 loss=28.0223 temp=1.00 total_env_steps=42085 t=0.11s
Ep 1223: len= 34 白胜 loss=28.1126 temp=1.00 total_env_steps=42119 t=0.09s
Ep 1224: len= 35 黑胜 loss=28.2200 temp=1.00 total_env_steps=42154 t=0.10s
Ep 1225: len= 47 黑胜 loss=27.9536 temp=1.00 total_env_steps=42201 t=0.11s
Ep 1226: len= 36 白胜 loss=28.0579 temp=1.00 total_env_steps=42237 t=0.11s
Ep 1227: len= 46 白胜 loss=27.9961 temp=1.00 total_env_steps=42283 t=0.12s
Ep 1228: len= 25 黑胜 loss=28.0636 temp=1.00 total_env_steps=42308 t=0.08s
Ep 1229: len= 19 黑胜 loss=28.0391 temp=1.00 total_env_steps=42327 t=0.06s
Ep 1230: len= 29 黑胜 loss=28.0347 temp=1.00 total_env_steps=42356 t=0.09s
Ep 1231: len= 34 白胜 loss=28.0642 temp=1.00 total_env_steps=42390 t=0.09s
Ep 1232: len= 34 白胜 loss=28.0322 temp=1.00 total_env_steps=42424 t=0.10s
Ep 1233: len= 40 白胜 loss=28.0363 temp=1.00 total_env_steps=42464 t=0.10s
Ep 1234: len= 39 黑胜 loss=28.1114 temp=1.00 total_env_steps=42503 t=0.10s
Ep 1235: len= 41 黑胜 loss=28.0592 temp=1.00 total_env_steps=42544 t=0.11s
Ep 1236: len= 38 白胜 loss=28.0353 temp=1.00 total_env_steps=42582 t=0.10s
Ep 1237: len= 33 黑胜 loss=27.9350 temp=1.00 total_env_steps=42615 t=0.09s
Ep 1238: len= 29 黑胜 loss=28.1005 temp=1.00 total_env_steps=42644 t=0.08s
Ep 1239: len= 31 黑胜 loss=28.0880 temp=1.00 total_env_steps=42675 t=0.09s
Ep 1240: len= 30 白胜 loss=27.9774 temp=1.00 total_env_steps=42705 t=0.10s
Ep 1241: len= 34 白胜 loss=27.9952 temp=1.00 total_env_steps=42739 t=0.10s
Ep 1242: len= 40 白胜 loss=28.0743 temp=1.00 total_env_steps=42779 t=0.10s
Ep 1243: len= 40 白胜 loss=27.9436 temp=1.00 total_env_steps=42819 t=0.11s
Ep 1244: len= 29 黑胜 loss=28.0617 temp=1.00 total_env_steps=42848 t=0.09s
Ep 1245: len= 24 白胜 loss=28.0179 temp=1.00 total_env_steps=42872 t=0.08s
Ep 1246: len= 36 白胜 loss=28.0143 temp=1.00 total_env_steps=42908 t=0.11s
Ep 1247: len= 37 黑胜 loss=27.7587 temp=1.00 total_env_steps=42945 t=0.10s
Ep 1248: len= 33 黑胜 loss=27.7715 temp=1.00 total_env_steps=42978 t=0.10s
Ep 1249: len= 44 白胜 loss=28.1706 temp=1.00 total_env_steps=43022 t=0.12s
Ep 1250: len= 51 黑胜 loss=27.9351 temp=1.00 total_env_steps=43073 t=0.14s
Ep 1251: len= 37 黑胜 loss=28.0248 temp=1.00 total_env_steps=43110 t=0.12s
Ep 1252: len= 27 黑胜 loss=27.9884 temp=1.00 total_env_steps=43137 t=0.09s
Ep 1253: len= 46 白胜 loss=27.9861 temp=1.00 total_env_steps=43183 t=0.13s
Ep 1254: len= 36 白胜 loss=28.0655 temp=1.00 total_env_steps=43219 t=0.09s
Ep 1255: len= 35 黑胜 loss=28.0498 temp=1.00 total_env_steps=43254 t=0.09s
Ep 1256: len= 48 白胜 loss=27.9268 temp=1.00 total_env_steps=43302 t=0.12s
Ep 1257: len= 46 白胜 loss=28.0965 temp=1.00 total_env_steps=43348 t=0.12s
Ep 1258: len= 47 黑胜 loss=28.1298 temp=1.00 total_env_steps=43395 t=0.12s
Ep 1259: len= 47 黑胜 loss=28.1548 temp=1.00 total_env_steps=43442 t=0.12s
Ep 1260: len= 30 白胜 loss=27.9676 temp=1.00 total_env_steps=43472 t=0.09s
Ep 1261: len= 34 白胜 loss=27.8767 temp=1.00 total_env_steps=43506 t=0.10s
Ep 1262: len= 35 黑胜 loss=27.9079 temp=1.00 total_env_steps=43541 t=0.09s
Ep 1263: len= 32 白胜 loss=28.0767 temp=1.00 total_env_steps=43573 t=0.08s
Ep 1264: len= 28 白胜 loss=27.9091 temp=1.00 total_env_steps=43601 t=0.07s
Ep 1265: len= 38 白胜 loss=28.0059 temp=1.00 total_env_steps=43639 t=0.09s
Ep 1266: len= 27 黑胜 loss=28.1166 temp=1.00 total_env_steps=43666 t=0.07s
Ep 1267: len= 41 黑胜 loss=28.0551 temp=1.00 total_env_steps=43707 t=0.11s
Ep 1268: len= 22 白胜 loss=28.0442 temp=1.00 total_env_steps=43729 t=0.09s
Ep 1269: len= 53 黑胜 loss=28.0471 temp=1.00 total_env_steps=43782 t=0.14s
Ep 1270: len= 26 白胜 loss=28.0306 temp=1.00 total_env_steps=43808 t=0.09s
Ep 1271: len= 39 黑胜 loss=27.9285 temp=1.00 total_env_steps=43847 t=0.10s
Ep 1272: len= 11 黑胜 loss=27.9252 temp=1.00 total_env_steps=43858 t=0.04s
Ep 1273: len= 40 白胜 loss=28.2067 temp=1.00 total_env_steps=43898 t=0.11s
Ep 1274: len= 38 白胜 loss=27.9185 temp=1.00 total_env_steps=43936 t=0.11s
Ep 1275: len= 36 白胜 loss=28.1046 temp=1.00 total_env_steps=43972 t=0.11s
Ep 1276: len= 34 白胜 loss=27.9253 temp=1.00 total_env_steps=44006 t=0.10s
Ep 1277: len= 41 黑胜 loss=27.9728 temp=1.00 total_env_steps=44047 t=0.12s
Ep 1278: len= 31 黑胜 loss=27.8418 temp=1.00 total_env_steps=44078 t=0.09s
Ep 1279: len= 38 白胜 loss=28.2492 temp=1.00 total_env_steps=44116 t=0.10s
Ep 1280: len= 26 白胜 loss=27.9405 temp=1.00 total_env_steps=44142 t=0.08s
Ep 1281: len= 41 黑胜 loss=27.8203 temp=1.00 total_env_steps=44183 t=0.12s
Ep 1282: len= 34 白胜 loss=27.9552 temp=1.00 total_env_steps=44217 t=0.11s
Ep 1283: len= 27 黑胜 loss=27.9073 temp=1.00 total_env_steps=44244 t=0.08s
Ep 1284: len= 51 黑胜 loss=28.3764 temp=1.00 total_env_steps=44295 t=0.13s
Ep 1285: len= 41 黑胜 loss=27.9332 temp=1.00 total_env_steps=44336 t=0.11s
Ep 1286: len= 33 黑胜 loss=27.9393 temp=1.00 total_env_steps=44369 t=0.09s
Ep 1287: len= 36 白胜 loss=27.9332 temp=1.00 total_env_steps=44405 t=0.10s
Ep 1288: len= 30 白胜 loss=28.0934 temp=1.00 total_env_steps=44435 t=0.09s
Ep 1289: len= 43 黑胜 loss=27.8852 temp=1.00 total_env_steps=44478 t=0.12s
Ep 1290: len= 43 黑胜 loss=28.2508 temp=1.00 total_env_steps=44521 t=0.12s
Ep 1291: len= 50 白胜 loss=28.0567 temp=1.00 total_env_steps=44571 t=0.14s
Ep 1292: len= 29 黑胜 loss=28.0039 temp=1.00 total_env_steps=44600 t=0.09s
Ep 1293: len= 31 黑胜 loss=28.0286 temp=1.00 total_env_steps=44631 t=0.10s
Ep 1294: len= 37 黑胜 loss=28.1505 temp=1.00 total_env_steps=44668 t=0.10s
Ep 1295: len= 48 白胜 loss=27.8710 temp=1.00 total_env_steps=44716 t=0.12s
Ep 1296: len= 37 黑胜 loss=27.8910 temp=1.00 total_env_steps=44753 t=0.10s
Ep 1297: len= 44 白胜 loss=27.9582 temp=1.00 total_env_steps=44797 t=0.11s
Ep 1298: len= 38 白胜 loss=28.0209 temp=1.00 total_env_steps=44835 t=0.11s
Ep 1299: len= 26 白胜 loss=28.0644 temp=1.00 total_env_steps=44861 t=0.08s
Ep 1300: len= 24 白胜 loss=28.1888 temp=1.00 total_env_steps=44885 t=0.07s
Ep 1301: len= 25 黑胜 loss=28.0462 temp=1.00 total_env_steps=44910 t=0.08s
Ep 1302: len= 38 白胜 loss=27.9543 temp=1.00 total_env_steps=44948 t=0.12s
Ep 1303: len= 17 黑胜 loss=27.9853 temp=1.00 total_env_steps=44965 t=0.06s
Ep 1304: len= 27 黑胜 loss=28.1703 temp=1.00 total_env_steps=44992 t=0.09s
Ep 1305: len= 43 黑胜 loss=28.0806 temp=1.00 total_env_steps=45035 t=0.11s
Ep 1306: len= 41 黑胜 loss=28.0968 temp=1.00 total_env_steps=45076 t=0.12s
Ep 1307: len= 25 黑胜 loss=28.0962 temp=1.00 total_env_steps=45101 t=0.08s
Ep 1308: len= 38 白胜 loss=27.9873 temp=1.00 total_env_steps=45139 t=0.10s
Ep 1309: len= 34 白胜 loss=28.1446 temp=1.00 total_env_steps=45173 t=0.10s
Ep 1310: len= 23 黑胜 loss=28.0848 temp=1.00 total_env_steps=45196 t=0.08s
Ep 1311: len= 39 黑胜 loss=27.9161 temp=1.00 total_env_steps=45235 t=0.10s
Ep 1312: len= 45 黑胜 loss=27.9505 temp=1.00 total_env_steps=45280 t=0.12s
Ep 1313: len= 33 黑胜 loss=28.0529 temp=1.00 total_env_steps=45313 t=0.09s
Ep 1314: len= 33 黑胜 loss=28.1824 temp=1.00 total_env_steps=45346 t=0.09s
Ep 1315: len= 22 白胜 loss=27.9925 temp=1.00 total_env_steps=45368 t=0.07s
Ep 1316: len= 25 黑胜 loss=28.1255 temp=1.00 total_env_steps=45393 t=0.08s
Ep 1317: len= 38 白胜 loss=28.0933 temp=1.00 total_env_steps=45431 t=0.10s
Ep 1318: len= 47 黑胜 loss=28.1479 temp=1.00 total_env_steps=45478 t=0.12s
Ep 1319: len= 30 白胜 loss=27.9943 temp=1.00 total_env_steps=45508 t=0.09s
Ep 1320: len= 40 白胜 loss=28.0653 temp=1.00 total_env_steps=45548 t=0.11s
Ep 1321: len= 31 黑胜 loss=28.1004 temp=1.00 total_env_steps=45579 t=0.10s
Ep 1322: len= 23 黑胜 loss=28.0173 temp=1.00 total_env_steps=45602 t=0.07s
Ep 1323: len= 37 黑胜 loss=28.1505 temp=1.00 total_env_steps=45639 t=0.11s
Ep 1324: len= 27 黑胜 loss=28.1956 temp=1.00 total_env_steps=45666 t=0.08s
Ep 1325: len= 35 黑胜 loss=28.1245 temp=1.00 total_env_steps=45701 t=0.10s
Ep 1326: len= 47 黑胜 loss=28.1256 temp=1.00 total_env_steps=45748 t=0.12s
Ep 1327: len= 42 白胜 loss=27.9429 temp=1.00 total_env_steps=45790 t=0.11s
Ep 1328: len= 35 黑胜 loss=28.0310 temp=1.00 total_env_steps=45825 t=0.10s
Ep 1329: len= 36 白胜 loss=28.2154 temp=1.00 total_env_steps=45861 t=0.10s
Ep 1330: len= 26 白胜 loss=28.1094 temp=1.00 total_env_steps=45887 t=0.09s
Ep 1331: len= 29 黑胜 loss=28.1602 temp=1.00 total_env_steps=45916 t=0.08s
Ep 1332: len= 49 黑胜 loss=28.0788 temp=1.00 total_env_steps=45965 t=0.14s
Ep 1333: len= 37 黑胜 loss=28.0326 temp=1.00 total_env_steps=46002 t=0.11s
Ep 1334: len= 37 黑胜 loss=27.9191 temp=1.00 total_env_steps=46039 t=0.11s
Ep 1335: len= 37 黑胜 loss=27.8819 temp=1.00 total_env_steps=46076 t=0.11s
Ep 1336: len= 26 白胜 loss=27.9204 temp=1.00 total_env_steps=46102 t=0.08s
Ep 1337: len= 33 黑胜 loss=27.8005 temp=1.00 total_env_steps=46135 t=0.10s
Ep 1338: len= 25 黑胜 loss=27.9132 temp=1.00 total_env_steps=46160 t=0.07s
Ep 1339: len= 40 白胜 loss=28.0296 temp=1.00 total_env_steps=46200 t=0.11s
Ep 1340: len= 22 白胜 loss=28.1125 temp=1.00 total_env_steps=46222 t=0.07s
Ep 1341: len= 37 黑胜 loss=27.9705 temp=1.00 total_env_steps=46259 t=0.10s
Ep 1342: len= 41 黑胜 loss=28.0385 temp=1.00 total_env_steps=46300 t=0.12s
Ep 1343: len= 50 白胜 loss=28.0448 temp=1.00 total_env_steps=46350 t=0.14s
Ep 1344: len= 52 白胜 loss=27.9829 temp=1.00 total_env_steps=46402 t=0.13s
Ep 1345: len= 33 黑胜 loss=27.9107 temp=1.00 total_env_steps=46435 t=0.10s
Ep 1346: len= 32 白胜 loss=27.9136 temp=1.00 total_env_steps=46467 t=0.09s
Ep 1347: len= 47 黑胜 loss=27.9497 temp=1.00 total_env_steps=46514 t=0.13s
Ep 1348: len= 30 白胜 loss=27.9372 temp=1.00 total_env_steps=46544 t=0.09s
Ep 1349: len= 45 黑胜 loss=28.0463 temp=1.00 total_env_steps=46589 t=0.11s
Ep 1350: len= 47 黑胜 loss=27.8397 temp=1.00 total_env_steps=46636 t=0.15s
Ep 1351: len= 21 黑胜 loss=28.2461 temp=1.00 total_env_steps=46657 t=0.08s
Ep 1352: len= 31 黑胜 loss=28.0396 temp=1.00 total_env_steps=46688 t=0.08s
Ep 1353: len= 51 黑胜 loss=27.9717 temp=1.00 total_env_steps=46739 t=0.12s
Ep 1354: len= 38 白胜 loss=28.3072 temp=1.00 total_env_steps=46777 t=0.10s
Ep 1355: len= 37 黑胜 loss=28.2164 temp=1.00 total_env_steps=46814 t=0.10s
Ep 1356: len= 39 黑胜 loss=27.9990 temp=1.00 total_env_steps=46853 t=0.11s
Ep 1357: len= 38 白胜 loss=28.0591 temp=1.00 total_env_steps=46891 t=0.11s
Ep 1358: len= 37 黑胜 loss=28.0378 temp=1.00 total_env_steps=46928 t=0.10s
Ep 1359: len= 38 白胜 loss=28.0891 temp=1.00 total_env_steps=46966 t=0.11s
Ep 1360: len= 36 白胜 loss=28.0299 temp=1.00 total_env_steps=47002 t=0.10s
Ep 1361: len= 32 白胜 loss=27.9860 temp=1.00 total_env_steps=47034 t=0.09s
Ep 1362: len= 40 白胜 loss=27.9375 temp=1.00 total_env_steps=47074 t=0.10s
Ep 1363: len= 48 白胜 loss=27.7862 temp=1.00 total_env_steps=47122 t=0.12s
Ep 1364: len= 32 白胜 loss=28.1519 temp=1.00 total_env_steps=47154 t=0.09s
Ep 1365: len= 23 黑胜 loss=27.9695 temp=1.00 total_env_steps=47177 t=0.07s
Ep 1366: len= 48 白胜 loss=28.2020 temp=1.00 total_env_steps=47225 t=0.12s
Ep 1367: len= 44 白胜 loss=28.1275 temp=1.00 total_env_steps=47269 t=0.11s
Ep 1368: len= 49 黑胜 loss=28.0793 temp=1.00 total_env_steps=47318 t=0.12s
Ep 1369: len= 39 黑胜 loss=28.0699 temp=1.00 total_env_steps=47357 t=0.11s
Ep 1370: len= 48 白胜 loss=28.1394 temp=1.00 total_env_steps=47405 t=0.14s
Ep 1371: len= 35 黑胜 loss=28.1700 temp=1.00 total_env_steps=47440 t=0.10s
Ep 1372: len= 49 黑胜 loss=28.1367 temp=1.00 total_env_steps=47489 t=0.12s
Ep 1373: len= 36 白胜 loss=27.9526 temp=1.00 total_env_steps=47525 t=0.10s
Ep 1374: len= 35 黑胜 loss=27.9239 temp=1.00 total_env_steps=47560 t=0.09s
Ep 1375: len= 29 黑胜 loss=28.2779 temp=1.00 total_env_steps=47589 t=0.08s
Ep 1376: len= 45 黑胜 loss=28.1121 temp=1.00 total_env_steps=47634 t=0.12s
Ep 1377: len= 29 黑胜 loss=28.1096 temp=1.00 total_env_steps=47663 t=0.09s
Ep 1378: len= 33 黑胜 loss=27.9826 temp=1.00 total_env_steps=47696 t=0.09s
Ep 1379: len= 51 黑胜 loss=27.9982 temp=1.00 total_env_steps=47747 t=0.13s
Ep 1380: len= 29 黑胜 loss=27.9969 temp=1.00 total_env_steps=47776 t=0.10s
Ep 1381: len= 27 黑胜 loss=27.9771 temp=1.00 total_env_steps=47803 t=0.08s
Ep 1382: len= 50 白胜 loss=27.9766 temp=1.00 total_env_steps=47853 t=0.12s
Ep 1383: len= 39 黑胜 loss=27.9907 temp=1.00 total_env_steps=47892 t=0.11s
Ep 1384: len= 48 白胜 loss=28.1761 temp=1.00 total_env_steps=47940 t=0.12s
Ep 1385: len= 38 白胜 loss=28.0328 temp=1.00 total_env_steps=47978 t=0.10s
Ep 1386: len= 32 白胜 loss=27.9933 temp=1.00 total_env_steps=48010 t=0.09s
Ep 1387: len= 43 黑胜 loss=27.9520 temp=1.00 total_env_steps=48053 t=0.11s
Ep 1388: len= 21 黑胜 loss=28.0800 temp=1.00 total_env_steps=48074 t=0.07s
Ep 1389: len= 33 黑胜 loss=28.0698 temp=1.00 total_env_steps=48107 t=0.13s
Ep 1390: len= 38 白胜 loss=28.0429 temp=1.00 total_env_steps=48145 t=0.11s
Ep 1391: len= 45 黑胜 loss=27.8557 temp=1.00 total_env_steps=48190 t=0.13s
Ep 1392: len= 23 黑胜 loss=27.9345 temp=1.00 total_env_steps=48213 t=0.07s
Ep 1393: len= 35 黑胜 loss=28.1292 temp=1.00 total_env_steps=48248 t=0.10s
Ep 1394: len= 29 黑胜 loss=27.9200 temp=1.00 total_env_steps=48277 t=0.09s
Ep 1395: len= 32 白胜 loss=28.1008 temp=1.00 total_env_steps=48309 t=0.10s
Ep 1396: len= 40 白胜 loss=27.9486 temp=1.00 total_env_steps=48349 t=0.12s
Ep 1397: len= 32 白胜 loss=27.9739 temp=1.00 total_env_steps=48381 t=0.09s
Ep 1398: len= 24 白胜 loss=28.0869 temp=1.00 total_env_steps=48405 t=0.08s
Ep 1399: len= 32 白胜 loss=28.0527 temp=1.00 total_env_steps=48437 t=0.12s
Ep 1400: len= 37 黑胜 loss=28.1034 temp=1.00 total_env_steps=48474 t=0.14s
  eval vs Gomoku-random-v0: win_rate=1.00 mean_return=1.00（20 局，total_env_steps=48474）
Ep 1401: len= 29 黑胜 loss=27.9990 temp=1.00 total_env_steps=48503 t=0.08s
Ep 1402: len= 24 白胜 loss=28.0914 temp=1.00 total_env_steps=48527 t=0.08s
Ep 1403: len= 30 白胜 loss=27.9218 temp=1.00 total_env_steps=48557 t=0.09s
Ep 1404: len= 32 白胜 loss=27.9446 temp=1.00 total_env_steps=48589 t=0.11s
Ep 1405: len= 15 黑胜 loss=28.0474 temp=1.00 total_env_steps=48604 t=0.07s
Ep 1406: len= 41 黑胜 loss=28.0046 temp=1.00 total_env_steps=48645 t=0.12s
Ep 1407: len= 37 黑胜 loss=28.0187 temp=1.00 total_env_steps=48682 t=0.10s
Ep 1408: len= 43 黑胜 loss=28.0500 temp=1.00 total_env_steps=48725 t=0.13s
Ep 1409: len= 30 白胜 loss=27.8542 temp=1.00 total_env_steps=48755 t=0.10s
Ep 1410: len= 28 白胜 loss=27.9825 temp=1.00 total_env_steps=48783 t=0.09s
Ep 1411: len= 44 白胜 loss=28.3503 temp=1.00 total_env_steps=48827 t=0.11s
Ep 1412: len= 44 白胜 loss=28.0052 temp=1.00 total_env_steps=48871 t=0.12s
Ep 1413: len= 35 黑胜 loss=28.0082 temp=1.00 total_env_steps=48906 t=0.11s
Ep 1414: len= 34 白胜 loss=27.9689 temp=1.00 total_env_steps=48940 t=0.10s
Ep 1415: len= 50 白胜 loss=27.9684 temp=1.00 total_env_steps=48990 t=0.14s
Ep 1416: len= 26 白胜 loss=28.0310 temp=1.00 total_env_steps=49016 t=0.09s
Ep 1417: len= 47 黑胜 loss=28.0280 temp=1.00 total_env_steps=49063 t=0.12s
Ep 1418: len= 35 黑胜 loss=28.0772 temp=1.00 total_env_steps=49098 t=0.10s
Ep 1419: len= 41 黑胜 loss=28.1352 temp=1.00 total_env_steps=49139 t=0.12s
Ep 1420: len= 51 黑胜 loss=28.0674 temp=1.00 total_env_steps=49190 t=0.13s
Ep 1421: len= 52 白胜 loss=28.1151 temp=1.00 total_env_steps=49242 t=0.13s
Ep 1422: len= 29 黑胜 loss=27.9190 temp=1.00 total_env_steps=49271 t=0.10s
Ep 1423: len= 42 白胜 loss=27.9974 temp=1.00 total_env_steps=49313 t=0.13s
Ep 1424: len= 35 黑胜 loss=28.1160 temp=1.00 total_env_steps=49348 t=0.10s
Ep 1425: len= 47 黑胜 loss=28.0069 temp=1.00 total_env_steps=49395 t=0.12s
Ep 1426: len= 42 白胜 loss=28.1475 temp=1.00 total_env_steps=49437 t=0.11s
Ep 1427: len= 31 黑胜 loss=27.9008 temp=1.00 total_env_steps=49468 t=0.10s
Ep 1428: len= 57 黑胜 loss=28.0823 temp=1.00 total_env_steps=49525 t=0.15s
Ep 1429: len= 26 白胜 loss=28.0055 temp=1.00 total_env_steps=49551 t=0.12s
Ep 1430: len= 47 黑胜 loss=28.0415 temp=1.00 total_env_steps=49598 t=0.14s
Ep 1431: len= 45 黑胜 loss=27.8352 temp=1.00 total_env_steps=49643 t=0.12s
Ep 1432: len= 32 白胜 loss=28.0797 temp=1.00 total_env_steps=49675 t=0.10s
Ep 1433: len= 33 黑胜 loss=27.9400 temp=1.00 total_env_steps=49708 t=0.09s
Ep 1434: len= 32 白胜 loss=28.0730 temp=1.00 total_env_steps=49740 t=0.09s
Ep 1435: len= 33 黑胜 loss=27.8801 temp=1.00 total_env_steps=49773 t=0.10s
Ep 1436: len= 24 白胜 loss=27.8760 temp=1.00 total_env_steps=49797 t=0.07s
Ep 1437: len= 38 白胜 loss=27.9011 temp=1.00 total_env_steps=49835 t=0.11s
Ep 1438: len= 27 黑胜 loss=27.9502 temp=1.00 total_env_steps=49862 t=0.08s
Ep 1439: len= 39 黑胜 loss=27.9956 temp=1.00 total_env_steps=49901 t=0.11s
Ep 1440: len= 50 白胜 loss=28.0521 temp=1.00 total_env_steps=49951 t=0.13s
Ep 1441: len= 31 黑胜 loss=28.1946 temp=1.00 total_env_steps=49982 t=0.10s
Ep 1442: len= 28 白胜 loss=28.0687 temp=1.00 total_env_steps=50010 t=0.09s
Ep 1443: len= 47 黑胜 loss=27.9693 temp=1.00 total_env_steps=50057 t=0.14s
Ep 1444: len= 45 黑胜 loss=27.9442 temp=1.00 total_env_steps=50102 t=0.12s
Ep 1445: len= 30 白胜 loss=28.0578 temp=1.00 total_env_steps=50132 t=0.11s
Ep 1446: len= 36 白胜 loss=27.8598 temp=1.00 total_env_steps=50168 t=0.12s
Ep 1447: len= 45 黑胜 loss=28.1327 temp=1.00 total_env_steps=50213 t=0.12s
Ep 1448: len= 51 黑胜 loss=28.0485 temp=1.00 total_env_steps=50264 t=0.13s
Ep 1449: len= 41 黑胜 loss=27.9543 temp=1.00 total_env_steps=50305 t=0.13s
Ep 1450: len= 37 黑胜 loss=28.0445 temp=1.00 total_env_steps=50342 t=0.12s
Ep 1451: len= 23 黑胜 loss=28.0107 temp=1.00 total_env_steps=50365 t=0.08s
Ep 1452: len= 39 黑胜 loss=27.8995 temp=1.00 total_env_steps=50404 t=0.11s
Ep 1453: len= 33 黑胜 loss=27.9385 temp=1.00 total_env_steps=50437 t=0.11s
Ep 1454: len= 42 白胜 loss=28.0264 temp=1.00 total_env_steps=50479 t=0.12s
Ep 1455: len= 33 黑胜 loss=28.0099 temp=1.00 total_env_steps=50512 t=0.10s
Ep 1456: len= 32 白胜 loss=28.0531 temp=1.00 total_env_steps=50544 t=0.10s
Ep 1457: len= 43 黑胜 loss=28.0748 temp=1.00 total_env_steps=50587 t=0.12s
Ep 1458: len= 55 黑胜 loss=27.8470 temp=1.00 total_env_steps=50642 t=0.15s
Ep 1459: len= 48 白胜 loss=27.9057 temp=1.00 total_env_steps=50690 t=0.14s
Ep 1460: len= 54 白胜 loss=28.2627 temp=1.00 total_env_steps=50744 t=0.13s
Ep 1461: len= 38 白胜 loss=28.1439 temp=1.00 total_env_steps=50782 t=0.12s
Ep 1462: len= 42 白胜 loss=27.9666 temp=1.00 total_env_steps=50824 t=0.12s
Ep 1463: len= 10 白胜 loss=28.0177 temp=1.00 total_env_steps=50834 t=0.05s
Ep 1464: len= 34 白胜 loss=27.9871 temp=1.00 total_env_steps=50868 t=0.10s
Ep 1465: len= 40 白胜 loss=28.1093 temp=1.00 total_env_steps=50908 t=0.11s
Ep 1466: len= 37 黑胜 loss=28.0233 temp=1.00 total_env_steps=50945 t=0.11s
Ep 1467: len= 45 黑胜 loss=28.0665 temp=1.00 total_env_steps=50990 t=0.14s
Ep 1468: len= 24 白胜 loss=27.9809 temp=1.00 total_env_steps=51014 t=0.08s
Ep 1469: len= 21 黑胜 loss=28.0982 temp=1.00 total_env_steps=51035 t=0.08s
Ep 1470: len= 28 白胜 loss=27.9790 temp=1.00 total_env_steps=51063 t=0.08s
Ep 1471: len= 47 黑胜 loss=28.0649 temp=1.00 total_env_steps=51110 t=0.13s
Ep 1472: len= 31 黑胜 loss=28.2951 temp=1.00 total_env_steps=51141 t=0.10s
Ep 1473: len= 45 黑胜 loss=28.0039 temp=1.00 total_env_steps=51186 t=0.12s
Ep 1474: len= 31 黑胜 loss=27.9886 temp=1.00 total_env_steps=51217 t=0.10s
Ep 1475: len= 28 白胜 loss=28.1440 temp=1.00 total_env_steps=51245 t=0.09s
Ep 1476: len= 51 黑胜 loss=28.2204 temp=1.00 total_env_steps=51296 t=0.14s
Ep 1477: len= 27 黑胜 loss=27.8782 temp=1.00 total_env_steps=51323 t=0.10s
Ep 1478: len= 46 白胜 loss=27.8872 temp=1.00 total_env_steps=51369 t=0.13s
Ep 1479: len= 33 黑胜 loss=28.0029 temp=1.00 total_env_steps=51402 t=0.11s
Ep 1480: len= 29 黑胜 loss=28.1674 temp=1.00 total_env_steps=51431 t=0.09s
Ep 1481: len= 42 白胜 loss=27.9871 temp=1.00 total_env_steps=51473 t=0.13s
Ep 1482: len= 41 黑胜 loss=28.2656 temp=1.00 total_env_steps=51514 t=0.12s
Ep 1483: len= 49 黑胜 loss=28.1568 temp=1.00 total_env_steps=51563 t=0.12s
Ep 1484: len= 34 白胜 loss=28.0501 temp=1.00 total_env_steps=51597 t=0.10s
Ep 1485: len= 21 黑胜 loss=28.1368 temp=1.00 total_env_steps=51618 t=0.08s
Ep 1486: len= 34 白胜 loss=28.0725 temp=1.00 total_env_steps=51652 t=0.10s
Ep 1487: len= 52 白胜 loss=27.8991 temp=1.00 total_env_steps=51704 t=0.14s
Ep 1488: len= 38 白胜 loss=28.0080 temp=1.00 total_env_steps=51742 t=0.11s
Ep 1489: len= 31 黑胜 loss=27.9727 temp=1.00 total_env_steps=51773 t=0.09s
Ep 1490: len= 33 黑胜 loss=28.0738 temp=1.00 total_env_steps=51806 t=0.10s
Ep 1491: len= 26 白胜 loss=28.0777 temp=1.00 total_env_steps=51832 t=0.08s
Ep 1492: len= 63 黑胜 loss=28.0756 temp=1.00 total_env_steps=51895 t=0.16s
Ep 1493: len= 48 白胜 loss=28.0727 temp=1.00 total_env_steps=51943 t=0.13s
Ep 1494: len= 31 黑胜 loss=28.0150 temp=1.00 total_env_steps=51974 t=0.12s
Ep 1495: len= 41 黑胜 loss=27.9011 temp=1.00 total_env_steps=52015 t=0.12s
Ep 1496: len= 26 白胜 loss=27.8875 temp=1.00 total_env_steps=52041 t=0.08s
Ep 1497: len= 31 黑胜 loss=28.0066 temp=1.00 total_env_steps=52072 t=0.09s
Ep 1498: len= 50 白胜 loss=28.0296 temp=1.00 total_env_steps=52122 t=0.12s
Ep 1499: len= 30 白胜 loss=27.9580 temp=1.00 total_env_steps=52152 t=0.09s
Ep 1500: len= 42 白胜 loss=27.9651 temp=1.00 total_env_steps=52194 t=0.11s
Ep 1501: len= 44 白胜 loss=28.1517 temp=1.00 total_env_steps=52238 t=0.12s
Ep 1502: len= 59 黑胜 loss=28.1729 temp=1.00 total_env_steps=52297 t=0.15s
Ep 1503: len= 37 黑胜 loss=28.0833 temp=1.00 total_env_steps=52334 t=0.11s
Ep 1504: len= 46 白胜 loss=27.9799 temp=1.00 total_env_steps=52380 t=0.14s
Ep 1505: len= 35 黑胜 loss=28.0076 temp=1.00 total_env_steps=52415 t=0.10s
Ep 1506: len= 34 白胜 loss=28.1182 temp=1.00 total_env_steps=52449 t=0.11s
Ep 1507: len= 41 黑胜 loss=27.9418 temp=1.00 total_env_steps=52490 t=0.11s
Ep 1508: len= 52 白胜 loss=27.9989 temp=1.00 total_env_steps=52542 t=0.14s
Ep 1509: len= 17 黑胜 loss=27.9037 temp=1.00 total_env_steps=52559 t=0.06s
Ep 1510: len= 43 黑胜 loss=28.1265 temp=1.00 total_env_steps=52602 t=0.12s
Ep 1511: len= 38 白胜 loss=28.2218 temp=1.00 total_env_steps=52640 t=0.11s
Ep 1512: len= 37 黑胜 loss=27.8048 temp=1.00 total_env_steps=52677 t=0.11s
Ep 1513: len= 30 白胜 loss=28.1050 temp=1.00 total_env_steps=52707 t=0.09s
Ep 1514: len= 28 白胜 loss=28.0477 temp=1.00 total_env_steps=52735 t=0.09s
Ep 1515: len= 40 白胜 loss=28.1318 temp=1.00 total_env_steps=52775 t=0.12s
Ep 1516: len= 18 白胜 loss=28.1681 temp=1.00 total_env_steps=52793 t=0.06s
Ep 1517: len= 37 黑胜 loss=27.9472 temp=1.00 total_env_steps=52830 t=0.11s
Ep 1518: len= 31 黑胜 loss=27.9857 temp=1.00 total_env_steps=52861 t=0.09s
Ep 1519: len= 25 黑胜 loss=27.8635 temp=1.00 total_env_steps=52886 t=0.08s
Ep 1520: len= 49 黑胜 loss=28.1037 temp=1.00 total_env_steps=52935 t=0.15s
Ep 1521: len= 28 白胜 loss=28.1983 temp=1.00 total_env_steps=52963 t=0.09s
Ep 1522: len= 33 黑胜 loss=28.0423 temp=1.00 total_env_steps=52996 t=0.10s
Ep 1523: len= 41 黑胜 loss=27.8646 temp=1.00 total_env_steps=53037 t=0.12s
Ep 1524: len= 40 白胜 loss=28.2594 temp=1.00 total_env_steps=53077 t=0.12s
Ep 1525: len= 36 白胜 loss=28.1731 temp=1.00 total_env_steps=53113 t=0.12s
Ep 1526: len= 22 白胜 loss=28.0831 temp=1.00 total_env_steps=53135 t=0.07s
Ep 1527: len= 27 黑胜 loss=28.0711 temp=1.00 total_env_steps=53162 t=0.08s
Ep 1528: len= 29 黑胜 loss=27.9840 temp=1.00 total_env_steps=53191 t=0.09s
Ep 1529: len= 28 白胜 loss=27.8833 temp=1.00 total_env_steps=53219 t=0.09s
Ep 1530: len= 20 白胜 loss=28.1310 temp=1.00 total_env_steps=53239 t=0.07s
Ep 1531: len= 21 黑胜 loss=27.9692 temp=1.00 total_env_steps=53260 t=0.07s
Ep 1532: len= 34 白胜 loss=28.3127 temp=1.00 total_env_steps=53294 t=0.11s
Ep 1533: len= 49 黑胜 loss=27.9993 temp=1.00 total_env_steps=53343 t=0.15s
Ep 1534: len= 30 白胜 loss=28.0059 temp=1.00 total_env_steps=53373 t=0.10s
Ep 1535: len= 27 黑胜 loss=28.0332 temp=1.00 total_env_steps=53400 t=0.09s
Ep 1536: len= 33 黑胜 loss=28.1257 temp=1.00 total_env_steps=53433 t=0.11s
Ep 1537: len= 36 白胜 loss=27.9828 temp=1.00 total_env_steps=53469 t=0.11s
Ep 1538: len= 44 白胜 loss=28.1550 temp=1.00 total_env_steps=53513 t=0.13s
Ep 1539: len= 28 白胜 loss=27.8866 temp=1.00 total_env_steps=53541 t=0.09s
Ep 1540: len= 49 黑胜 loss=27.9968 temp=1.00 total_env_steps=53590 t=0.14s
Ep 1541: len= 16 白胜 loss=28.2380 temp=1.00 total_env_steps=53606 t=0.06s
Ep 1542: len= 54 白胜 loss=28.0577 temp=1.00 total_env_steps=53660 t=0.14s
Ep 1543: len= 36 白胜 loss=27.9889 temp=1.00 total_env_steps=53696 t=0.10s
Ep 1544: len= 37 黑胜 loss=28.1658 temp=1.00 total_env_steps=53733 t=0.10s
Ep 1545: len= 43 黑胜 loss=28.1021 temp=1.00 total_env_steps=53776 t=0.13s
Ep 1546: len= 23 黑胜 loss=27.9078 temp=1.00 total_env_steps=53799 t=0.08s
Ep 1547: len= 35 黑胜 loss=27.9406 temp=1.00 total_env_steps=53834 t=0.11s
Ep 1548: len= 40 白胜 loss=27.8744 temp=1.00 total_env_steps=53874 t=0.12s
Ep 1549: len= 35 黑胜 loss=27.7103 temp=1.00 total_env_steps=53909 t=0.10s
Ep 1550: len= 39 黑胜 loss=28.2670 temp=1.00 total_env_steps=53948 t=0.11s
Ep 1551: len= 46 白胜 loss=27.9035 temp=1.00 total_env_steps=53994 t=0.12s
Ep 1552: len= 33 黑胜 loss=28.1476 temp=1.00 total_env_steps=54027 t=0.10s
Ep 1553: len= 39 黑胜 loss=27.9293 temp=1.00 total_env_steps=54066 t=0.12s
Ep 1554: len= 36 白胜 loss=28.0015 temp=1.00 total_env_steps=54102 t=0.11s
Ep 1555: len= 40 白胜 loss=28.1981 temp=1.00 total_env_steps=54142 t=0.11s
Ep 1556: len= 42 白胜 loss=27.9761 temp=1.00 total_env_steps=54184 t=0.13s
Ep 1557: len= 43 黑胜 loss=27.9792 temp=1.00 total_env_steps=54227 t=0.12s
Ep 1558: len= 19 黑胜 loss=27.9958 temp=1.00 total_env_steps=54246 t=0.06s
Ep 1559: len= 40 白胜 loss=28.2060 temp=1.00 total_env_steps=54286 t=0.11s
Ep 1560: len= 30 白胜 loss=27.9694 temp=1.00 total_env_steps=54316 t=0.09s
Ep 1561: len= 47 黑胜 loss=28.0426 temp=1.00 total_env_steps=54363 t=0.13s
Ep 1562: len= 39 黑胜 loss=28.1920 temp=1.00 total_env_steps=54402 t=0.10s
Ep 1563: len= 46 白胜 loss=28.0161 temp=1.00 total_env_steps=54448 t=0.12s
Ep 1564: len= 45 黑胜 loss=28.0393 temp=1.00 total_env_steps=54493 t=0.13s
Ep 1565: len= 31 黑胜 loss=28.1864 temp=1.00 total_env_steps=54524 t=0.09s
Ep 1566: len= 34 白胜 loss=28.1936 temp=1.00 total_env_steps=54558 t=0.10s
Ep 1567: len= 42 白胜 loss=27.9514 temp=1.00 total_env_steps=54600 t=0.11s
Ep 1568: len= 43 黑胜 loss=28.1572 temp=1.00 total_env_steps=54643 t=0.13s
Ep 1569: len= 47 黑胜 loss=27.9668 temp=1.00 total_env_steps=54690 t=0.12s
Ep 1570: len= 28 白胜 loss=27.8834 temp=1.00 total_env_steps=54718 t=0.09s
Ep 1571: len= 44 白胜 loss=28.1240 temp=1.00 total_env_steps=54762 t=0.12s
Ep 1572: len= 30 白胜 loss=28.0703 temp=1.00 total_env_steps=54792 t=0.09s
Ep 1573: len= 47 黑胜 loss=27.7006 temp=1.00 total_env_steps=54839 t=0.12s
Ep 1574: len= 39 黑胜 loss=28.2249 temp=1.00 total_env_steps=54878 t=0.11s
Ep 1575: len= 20 白胜 loss=28.0788 temp=1.00 total_env_steps=54898 t=0.07s
Ep 1576: len= 23 黑胜 loss=28.0826 temp=1.00 total_env_steps=54921 t=0.07s
Ep 1577: len= 34 白胜 loss=28.1494 temp=1.00 total_env_steps=54955 t=0.10s
Ep 1578: len= 39 黑胜 loss=28.2175 temp=1.00 total_env_steps=54994 t=0.11s
Ep 1579: len= 21 黑胜 loss=28.0930 temp=1.00 total_env_steps=55015 t=0.07s
Ep 1580: len= 27 黑胜 loss=28.1325 temp=1.00 total_env_steps=55042 t=0.09s
Ep 1581: len= 16 白胜 loss=27.9724 temp=1.00 total_env_steps=55058 t=0.06s
Ep 1582: len= 36 白胜 loss=28.2081 temp=1.00 total_env_steps=55094 t=0.11s
Ep 1583: len= 44 白胜 loss=28.0578 temp=1.00 total_env_steps=55138 t=0.12s
Ep 1584: len= 33 黑胜 loss=28.0334 temp=1.00 total_env_steps=55171 t=0.10s
Ep 1585: len= 32 白胜 loss=28.0534 temp=1.00 total_env_steps=55203 t=0.10s
Ep 1586: len= 35 黑胜 loss=27.8014 temp=1.00 total_env_steps=55238 t=0.11s
Ep 1587: len= 36 白胜 loss=28.0539 temp=1.00 total_env_steps=55274 t=0.10s
Ep 1588: len= 40 白胜 loss=28.0834 temp=1.00 total_env_steps=55314 t=0.11s
Ep 1589: len= 21 黑胜 loss=27.8623 temp=1.00 total_env_steps=55335 t=0.08s
Ep 1590: len= 32 白胜 loss=27.7472 temp=1.00 total_env_steps=55367 t=0.13s
Ep 1591: len= 30 白胜 loss=28.0380 temp=1.00 total_env_steps=55397 t=0.10s
Ep 1592: len= 26 白胜 loss=28.0231 temp=1.00 total_env_steps=55423 t=0.08s
Ep 1593: len= 35 黑胜 loss=28.0429 temp=1.00 total_env_steps=55458 t=0.11s
Ep 1594: len= 42 白胜 loss=28.2355 temp=1.00 total_env_steps=55500 t=0.12s
Ep 1595: len= 31 黑胜 loss=28.0833 temp=1.00 total_env_steps=55531 t=0.10s
Ep 1596: len= 31 黑胜 loss=28.0985 temp=1.00 total_env_steps=55562 t=0.09s
Ep 1597: len= 43 黑胜 loss=27.7891 temp=1.00 total_env_steps=55605 t=0.12s
Ep 1598: len= 30 白胜 loss=28.0905 temp=1.00 total_env_steps=55635 t=0.09s
Ep 1599: len= 35 黑胜 loss=27.9737 temp=1.00 total_env_steps=55670 t=0.11s
Ep 1600: len= 39 黑胜 loss=28.2382 temp=1.00 total_env_steps=55709 t=0.13s
  eval vs Gomoku-random-v0: win_rate=0.95 mean_return=0.90（20 局，total_env_steps=55709）
Ep 1601: len= 22 白胜 loss=28.0344 temp=1.00 total_env_steps=55731 t=0.08s
Ep 1602: len= 44 白胜 loss=27.9140 temp=1.00 total_env_steps=55775 t=0.12s
Ep 1603: len= 29 黑胜 loss=27.9559 temp=1.00 total_env_steps=55804 t=0.10s
Ep 1604: len= 44 白胜 loss=27.9715 temp=1.00 total_env_steps=55848 t=0.14s
Ep 1605: len= 36 白胜 loss=27.9509 temp=1.00 total_env_steps=55884 t=0.12s
Ep 1606: len= 29 黑胜 loss=28.0072 temp=1.00 total_env_steps=55913 t=0.10s
Ep 1607: len= 44 白胜 loss=27.8246 temp=1.00 total_env_steps=55957 t=0.13s
Ep 1608: len= 30 白胜 loss=27.9357 temp=1.00 total_env_steps=55987 t=0.10s
Ep 1609: len= 23 黑胜 loss=28.0078 temp=1.00 total_env_steps=56010 t=0.08s
Ep 1610: len= 32 白胜 loss=28.0230 temp=1.00 total_env_steps=56042 t=0.10s
Ep 1611: len= 38 白胜 loss=28.1005 temp=1.00 total_env_steps=56080 t=0.11s
Ep 1612: len= 48 白胜 loss=27.9017 temp=1.00 total_env_steps=56128 t=0.14s
Ep 1613: len= 37 黑胜 loss=28.2221 temp=1.00 total_env_steps=56165 t=0.10s
Ep 1614: len= 45 黑胜 loss=28.2189 temp=1.00 total_env_steps=56210 t=0.12s
Ep 1615: len= 31 黑胜 loss=28.0145 temp=1.00 total_env_steps=56241 t=0.10s
Ep 1616: len= 33 黑胜 loss=28.0481 temp=1.00 total_env_steps=56274 t=0.10s
Ep 1617: len= 36 白胜 loss=27.9041 temp=1.00 total_env_steps=56310 t=0.11s
Ep 1618: len= 33 黑胜 loss=27.9871 temp=1.00 total_env_steps=56343 t=0.11s
Ep 1619: len= 14 白胜 loss=27.9195 temp=1.00 total_env_steps=56357 t=0.06s
Ep 1620: len= 25 黑胜 loss=28.1970 temp=1.00 total_env_steps=56382 t=0.08s
Ep 1621: len= 39 黑胜 loss=27.9190 temp=1.00 total_env_steps=56421 t=0.11s
Ep 1622: len= 43 黑胜 loss=27.9607 temp=1.00 total_env_steps=56464 t=0.15s
Ep 1623: len= 43 黑胜 loss=28.2233 temp=1.00 total_env_steps=56507 t=0.12s
Ep 1624: len= 41 黑胜 loss=28.0883 temp=1.00 total_env_steps=56548 t=0.11s
Ep 1625: len= 43 黑胜 loss=27.9280 temp=1.00 total_env_steps=56591 t=0.12s
Ep 1626: len= 43 黑胜 loss=27.9369 temp=1.00 total_env_steps=56634 t=0.11s
Ep 1627: len= 30 白胜 loss=27.8870 temp=1.00 total_env_steps=56664 t=0.09s
Ep 1628: len= 36 白胜 loss=27.9935 temp=1.00 total_env_steps=56700 t=0.10s
Ep 1629: len= 30 白胜 loss=27.9300 temp=1.00 total_env_steps=56730 t=0.09s
Ep 1630: len= 42 白胜 loss=27.7795 temp=1.00 total_env_steps=56772 t=0.11s
Ep 1631: len= 40 白胜 loss=28.0186 temp=1.00 total_env_steps=56812 t=0.13s
Ep 1632: len= 41 黑胜 loss=28.0181 temp=1.00 total_env_steps=56853 t=0.12s
Ep 1633: len= 40 白胜 loss=27.9820 temp=1.00 total_env_steps=56893 t=0.14s
Ep 1634: len= 30 白胜 loss=28.0453 temp=1.00 total_env_steps=56923 t=0.10s
Ep 1635: len= 29 黑胜 loss=27.9143 temp=1.00 total_env_steps=56952 t=0.08s
Ep 1636: len= 24 白胜 loss=28.1444 temp=1.00 total_env_steps=56976 t=0.07s
Ep 1637: len= 21 黑胜 loss=27.9657 temp=1.00 total_env_steps=56997 t=0.07s
Ep 1638: len= 33 黑胜 loss=27.9360 temp=1.00 total_env_steps=57030 t=0.09s
Ep 1639: len= 27 黑胜 loss=28.2375 temp=1.00 total_env_steps=57057 t=0.08s
Ep 1640: len= 27 黑胜 loss=27.9694 temp=1.00 total_env_steps=57084 t=0.09s
Ep 1641: len= 33 黑胜 loss=27.9642 temp=1.00 total_env_steps=57117 t=0.09s
Ep 1642: len= 38 白胜 loss=28.0155 temp=1.00 total_env_steps=57155 t=0.10s
Ep 1643: len= 36 白胜 loss=28.0001 temp=1.00 total_env_steps=57191 t=0.10s
Ep 1644: len= 38 白胜 loss=28.0113 temp=1.00 total_env_steps=57229 t=0.10s
Ep 1645: len= 51 黑胜 loss=28.2437 temp=1.00 total_env_steps=57280 t=0.14s
Ep 1646: len= 21 黑胜 loss=28.0016 temp=1.00 total_env_steps=57301 t=0.08s
Ep 1647: len= 48 白胜 loss=27.8403 temp=1.00 total_env_steps=57349 t=0.14s
Ep 1648: len= 29 黑胜 loss=27.9751 temp=1.00 total_env_steps=57378 t=0.10s
Ep 1649: len= 39 黑胜 loss=28.3029 temp=1.00 total_env_steps=57417 t=0.13s
Ep 1650: len= 42 白胜 loss=28.0161 temp=1.00 total_env_steps=57459 t=0.10s
Ep 1651: len= 35 黑胜 loss=27.8616 temp=1.00 total_env_steps=57494 t=0.10s
Ep 1652: len= 37 黑胜 loss=27.9462 temp=1.00 total_env_steps=57531 t=0.11s
Ep 1653: len= 31 黑胜 loss=27.9143 temp=1.00 total_env_steps=57562 t=0.09s
Ep 1654: len= 37 黑胜 loss=28.0177 temp=1.00 total_env_steps=57599 t=0.10s
Ep 1655: len= 33 黑胜 loss=27.8799 temp=1.00 total_env_steps=57632 t=0.09s
Ep 1656: len= 17 黑胜 loss=28.0351 temp=1.00 total_env_steps=57649 t=0.06s
Ep 1657: len= 39 黑胜 loss=28.0859 temp=1.00 total_env_steps=57688 t=0.10s
Ep 1658: len= 40 白胜 loss=28.1055 temp=1.00 total_env_steps=57728 t=0.10s
Ep 1659: len= 38 白胜 loss=28.1181 temp=1.00 total_env_steps=57766 t=0.11s
Ep 1660: len= 32 白胜 loss=28.2296 temp=1.00 total_env_steps=57798 t=0.09s
Ep 1661: len= 38 白胜 loss=28.0424 temp=1.00 total_env_steps=57836 t=0.10s
Ep 1662: len= 40 白胜 loss=27.9855 temp=1.00 total_env_steps=57876 t=0.10s
Ep 1663: len= 50 白胜 loss=28.0473 temp=1.00 total_env_steps=57926 t=0.13s
Ep 1664: len= 41 黑胜 loss=27.9670 temp=1.00 total_env_steps=57967 t=0.10s
Ep 1665: len= 26 白胜 loss=28.1749 temp=1.00 total_env_steps=57993 t=0.08s
Ep 1666: len= 39 黑胜 loss=28.0849 temp=1.00 total_env_steps=58032 t=0.10s
Ep 1667: len= 22 白胜 loss=28.0101 temp=1.00 total_env_steps=58054 t=0.07s
Ep 1668: len= 38 白胜 loss=28.2397 temp=1.00 total_env_steps=58092 t=0.10s
Ep 1669: len= 41 黑胜 loss=28.0446 temp=1.00 total_env_steps=58133 t=0.11s
Ep 1670: len= 32 白胜 loss=28.0952 temp=1.00 total_env_steps=58165 t=0.10s
Ep 1671: len= 37 黑胜 loss=28.0084 temp=1.00 total_env_steps=58202 t=0.10s
Ep 1672: len= 29 黑胜 loss=27.9837 temp=1.00 total_env_steps=58231 t=0.08s
Ep 1673: len= 14 白胜 loss=28.2300 temp=1.00 total_env_steps=58245 t=0.06s
Ep 1674: len= 46 白胜 loss=27.9431 temp=1.00 total_env_steps=58291 t=0.12s
Ep 1675: len= 15 黑胜 loss=27.9731 temp=1.00 total_env_steps=58306 t=0.05s
Ep 1676: len= 31 黑胜 loss=28.2024 temp=1.00 total_env_steps=58337 t=0.08s
Ep 1677: len= 31 黑胜 loss=28.0682 temp=1.00 total_env_steps=58368 t=0.09s
Ep 1678: len= 23 黑胜 loss=28.0258 temp=1.00 total_env_steps=58391 t=0.07s
Ep 1679: len= 47 黑胜 loss=28.0568 temp=1.00 total_env_steps=58438 t=0.13s
Ep 1680: len= 49 黑胜 loss=28.1919 temp=1.00 total_env_steps=58487 t=0.12s
Ep 1681: len= 46 白胜 loss=28.0320 temp=1.00 total_env_steps=58533 t=0.12s
Ep 1682: len= 38 白胜 loss=28.0698 temp=1.00 total_env_steps=58571 t=0.10s
Ep 1683: len= 37 黑胜 loss=27.9435 temp=1.00 total_env_steps=58608 t=0.10s
Ep 1684: len= 43 黑胜 loss=27.9323 temp=1.00 total_env_steps=58651 t=0.10s
Ep 1685: len= 38 白胜 loss=27.8461 temp=1.00 total_env_steps=58689 t=0.10s
Ep 1686: len= 38 白胜 loss=28.1591 temp=1.00 total_env_steps=58727 t=0.11s
Ep 1687: len= 26 白胜 loss=27.9863 temp=1.00 total_env_steps=58753 t=0.09s
Ep 1688: len= 38 白胜 loss=28.0577 temp=1.00 total_env_steps=58791 t=0.11s
Ep 1689: len= 43 黑胜 loss=27.9309 temp=1.00 total_env_steps=58834 t=0.12s
Ep 1690: len= 26 白胜 loss=27.9590 temp=1.00 total_env_steps=58860 t=0.08s
Ep 1691: len= 32 白胜 loss=27.9733 temp=1.00 total_env_steps=58892 t=0.10s
Ep 1692: len= 41 黑胜 loss=28.0186 temp=1.00 total_env_steps=58933 t=0.11s
Ep 1693: len= 17 黑胜 loss=27.9237 temp=1.00 total_env_steps=58950 t=0.06s
Ep 1694: len= 34 白胜 loss=27.8642 temp=1.00 total_env_steps=58984 t=0.10s
Ep 1695: len= 37 黑胜 loss=28.0053 temp=1.00 total_env_steps=59021 t=0.11s
Ep 1696: len= 39 黑胜 loss=28.0027 temp=1.00 total_env_steps=59060 t=0.10s
Ep 1697: len= 32 白胜 loss=28.1232 temp=1.00 total_env_steps=59092 t=0.09s
Ep 1698: len= 47 黑胜 loss=28.1302 temp=1.00 total_env_steps=59139 t=0.12s
Ep 1699: len= 37 黑胜 loss=28.0702 temp=1.00 total_env_steps=59176 t=0.11s
Ep 1700: len= 39 黑胜 loss=28.1084 temp=1.00 total_env_steps=59215 t=0.14s
Ep 1701: len= 24 白胜 loss=27.9918 temp=1.00 total_env_steps=59239 t=0.08s
Ep 1702: len= 31 黑胜 loss=28.0373 temp=1.00 total_env_steps=59270 t=0.09s
Ep 1703: len= 28 白胜 loss=28.0620 temp=1.00 total_env_steps=59298 t=0.08s
Ep 1704: len= 40 白胜 loss=28.0540 temp=1.00 total_env_steps=59338 t=0.11s
Ep 1705: len= 30 白胜 loss=28.0599 temp=1.00 total_env_steps=59368 t=0.10s
Ep 1706: len= 41 黑胜 loss=27.8674 temp=1.00 total_env_steps=59409 t=0.14s
Ep 1707: len= 35 黑胜 loss=28.0547 temp=1.00 total_env_steps=59444 t=0.11s
Ep 1708: len= 39 黑胜 loss=28.1501 temp=1.00 total_env_steps=59483 t=0.12s
Ep 1709: len= 38 白胜 loss=28.0286 temp=1.00 total_env_steps=59521 t=0.16s
Ep 1710: len= 33 黑胜 loss=28.1587 temp=1.00 total_env_steps=59554 t=0.12s
Ep 1711: len= 32 白胜 loss=28.1032 temp=1.00 total_env_steps=59586 t=0.10s
Ep 1712: len= 30 白胜 loss=27.8389 temp=1.00 total_env_steps=59616 t=0.09s
Ep 1713: len= 37 黑胜 loss=28.1262 temp=1.00 total_env_steps=59653 t=0.10s
Ep 1714: len= 39 黑胜 loss=27.9050 temp=1.00 total_env_steps=59692 t=0.11s
Ep 1715: len= 32 白胜 loss=27.8613 temp=1.00 total_env_steps=59724 t=0.09s
Ep 1716: len= 46 白胜 loss=28.0018 temp=1.00 total_env_steps=59770 t=0.13s
Ep 1717: len= 30 白胜 loss=28.2820 temp=1.00 total_env_steps=59800 t=0.10s
Ep 1718: len= 16 白胜 loss=28.1112 temp=1.00 total_env_steps=59816 t=0.06s
Ep 1719: len= 41 黑胜 loss=28.0524 temp=1.00 total_env_steps=59857 t=0.11s
Ep 1720: len= 58 白胜 loss=28.0756 temp=1.00 total_env_steps=59915 t=0.14s
Ep 1721: len= 31 黑胜 loss=27.9384 temp=1.00 total_env_steps=59946 t=0.10s
Ep 1722: len= 35 黑胜 loss=27.8939 temp=1.00 total_env_steps=59981 t=0.10s
Ep 1723: len= 42 白胜 loss=28.0195 temp=1.00 total_env_steps=60023 t=0.11s
Ep 1724: len= 23 黑胜 loss=28.2626 temp=1.00 total_env_steps=60046 t=0.07s
Ep 1725: len= 33 黑胜 loss=28.2454 temp=1.00 total_env_steps=60079 t=0.09s
Ep 1726: len= 42 白胜 loss=27.9763 temp=1.00 total_env_steps=60121 t=0.12s
Ep 1727: len= 39 黑胜 loss=28.1994 temp=1.00 total_env_steps=60160 t=0.11s
Ep 1728: len= 34 白胜 loss=28.1103 temp=1.00 total_env_steps=60194 t=0.13s
Ep 1729: len= 35 黑胜 loss=28.2279 temp=1.00 total_env_steps=60229 t=0.11s
Ep 1730: len= 36 白胜 loss=28.1822 temp=1.00 total_env_steps=60265 t=0.11s
Ep 1731: len= 49 黑胜 loss=28.1149 temp=1.00 total_env_steps=60314 t=0.14s
Ep 1732: len= 26 白胜 loss=27.9562 temp=1.00 total_env_steps=60340 t=0.08s
Ep 1733: len= 29 黑胜 loss=28.2178 temp=1.00 total_env_steps=60369 t=0.09s
Ep 1734: len= 29 黑胜 loss=28.0039 temp=1.00 total_env_steps=60398 t=0.09s
Ep 1735: len= 39 黑胜 loss=28.1844 temp=1.00 total_env_steps=60437 t=0.11s
Ep 1736: len= 36 白胜 loss=28.0724 temp=1.00 total_env_steps=60473 t=0.11s
Ep 1737: len= 41 黑胜 loss=28.1905 temp=1.00 total_env_steps=60514 t=0.16s
Ep 1738: len= 48 白胜 loss=28.0766 temp=1.00 total_env_steps=60562 t=0.16s
Ep 1739: len= 41 黑胜 loss=28.0449 temp=1.00 total_env_steps=60603 t=0.14s
Ep 1740: len= 38 白胜 loss=27.9999 temp=1.00 total_env_steps=60641 t=0.12s
Ep 1741: len= 37 黑胜 loss=27.9404 temp=1.00 total_env_steps=60678 t=0.11s
Ep 1742: len= 13 黑胜 loss=28.0811 temp=1.00 total_env_steps=60691 t=0.05s
Ep 1743: len= 15 黑胜 loss=28.1043 temp=1.00 total_env_steps=60706 t=0.06s
Ep 1744: len= 46 白胜 loss=27.8716 temp=1.00 total_env_steps=60752 t=0.12s
Ep 1745: len= 40 白胜 loss=27.9998 temp=1.00 total_env_steps=60792 t=0.11s
Ep 1746: len= 37 黑胜 loss=28.2103 temp=1.00 total_env_steps=60829 t=0.11s
Ep 1747: len= 39 黑胜 loss=28.1552 temp=1.00 total_env_steps=60868 t=0.11s
Ep 1748: len= 36 白胜 loss=28.0699 temp=1.00 total_env_steps=60904 t=0.10s
Ep 1749: len= 34 白胜 loss=28.0878 temp=1.00 total_env_steps=60938 t=0.09s
Ep 1750: len= 35 黑胜 loss=28.1544 temp=1.00 total_env_steps=60973 t=0.10s
Ep 1751: len= 46 白胜 loss=28.0653 temp=1.00 total_env_steps=61019 t=0.11s
Ep 1752: len= 21 黑胜 loss=27.9874 temp=1.00 total_env_steps=61040 t=0.07s
Ep 1753: len= 37 黑胜 loss=28.1643 temp=1.00 total_env_steps=61077 t=0.11s
Ep 1754: len= 42 白胜 loss=28.0469 temp=1.00 total_env_steps=61119 t=0.10s
Ep 1755: len= 24 白胜 loss=27.9639 temp=1.00 total_env_steps=61143 t=0.07s
Ep 1756: len= 21 黑胜 loss=28.1644 temp=1.00 total_env_steps=61164 t=0.08s
Ep 1757: len= 48 白胜 loss=27.9994 temp=1.00 total_env_steps=61212 t=0.13s
Ep 1758: len= 41 黑胜 loss=27.7666 temp=1.00 total_env_steps=61253 t=0.10s
Ep 1759: len= 52 白胜 loss=28.2337 temp=1.00 total_env_steps=61305 t=0.13s
Ep 1760: len= 52 白胜 loss=27.8866 temp=1.00 total_env_steps=61357 t=0.12s
Ep 1761: len= 33 黑胜 loss=28.0608 temp=1.00 total_env_steps=61390 t=0.09s
Ep 1762: len= 42 白胜 loss=27.9933 temp=1.00 total_env_steps=61432 t=0.10s
Ep 1763: len= 31 黑胜 loss=28.0457 temp=1.00 total_env_steps=61463 t=0.08s
Ep 1764: len= 36 白胜 loss=28.3443 temp=1.00 total_env_steps=61499 t=0.09s
Ep 1765: len= 30 白胜 loss=27.9054 temp=1.00 total_env_steps=61529 t=0.09s
Ep 1766: len= 33 黑胜 loss=28.0411 temp=1.00 total_env_steps=61562 t=0.10s
Ep 1767: len= 32 白胜 loss=28.1179 temp=1.00 total_env_steps=61594 t=0.08s
Ep 1768: len= 41 黑胜 loss=27.9938 temp=1.00 total_env_steps=61635 t=0.10s
Ep 1769: len= 50 白胜 loss=27.8642 temp=1.00 total_env_steps=61685 t=0.12s
Ep 1770: len= 29 黑胜 loss=28.0275 temp=1.00 total_env_steps=61714 t=0.08s
Ep 1771: len= 34 白胜 loss=28.2130 temp=1.00 total_env_steps=61748 t=0.09s
Ep 1772: len= 23 黑胜 loss=28.0148 temp=1.00 total_env_steps=61771 t=0.07s
Ep 1773: len= 21 黑胜 loss=28.0454 temp=1.00 total_env_steps=61792 t=0.07s
Ep 1774: len= 47 黑胜 loss=28.1388 temp=1.00 total_env_steps=61839 t=0.11s
Ep 1775: len= 34 白胜 loss=28.0054 temp=1.00 total_env_steps=61873 t=0.10s
Ep 1776: len= 35 黑胜 loss=28.1417 temp=1.00 total_env_steps=61908 t=0.10s
Ep 1777: len= 35 黑胜 loss=28.1237 temp=1.00 total_env_steps=61943 t=0.10s
Ep 1778: len= 33 黑胜 loss=27.8904 temp=1.00 total_env_steps=61976 t=0.10s
Ep 1779: len= 40 白胜 loss=27.9234 temp=1.00 total_env_steps=62016 t=0.11s
Ep 1780: len= 33 黑胜 loss=28.0756 temp=1.00 total_env_steps=62049 t=0.09s
Ep 1781: len= 19 黑胜 loss=28.0347 temp=1.00 total_env_steps=62068 t=0.07s
Ep 1782: len= 33 黑胜 loss=27.9459 temp=1.00 total_env_steps=62101 t=0.09s
Ep 1783: len= 29 黑胜 loss=27.8627 temp=1.00 total_env_steps=62130 t=0.08s
Ep 1784: len= 35 黑胜 loss=28.1838 temp=1.00 total_env_steps=62165 t=0.09s
Ep 1785: len= 46 白胜 loss=27.9720 temp=1.00 total_env_steps=62211 t=0.11s
Ep 1786: len= 49 黑胜 loss=28.0586 temp=1.00 total_env_steps=62260 t=0.12s
Ep 1787: len= 44 白胜 loss=27.9602 temp=1.00 total_env_steps=62304 t=0.11s
Ep 1788: len= 30 白胜 loss=28.1226 temp=1.00 total_env_steps=62334 t=0.09s
Ep 1789: len= 45 黑胜 loss=28.1484 temp=1.00 total_env_steps=62379 t=0.11s
Ep 1790: len= 27 黑胜 loss=27.8816 temp=1.00 total_env_steps=62406 t=0.08s
Ep 1791: len= 33 黑胜 loss=28.0735 temp=1.00 total_env_steps=62439 t=0.10s
Ep 1792: len= 44 白胜 loss=28.0101 temp=1.00 total_env_steps=62483 t=0.11s
Ep 1793: len= 35 黑胜 loss=28.0791 temp=1.00 total_env_steps=62518 t=0.09s
Ep 1794: len= 34 白胜 loss=28.1520 temp=1.00 total_env_steps=62552 t=0.09s
Ep 1795: len= 19 黑胜 loss=28.0448 temp=1.00 total_env_steps=62571 t=0.06s
Ep 1796: len= 20 白胜 loss=28.0433 temp=1.00 total_env_steps=62591 t=0.06s
Ep 1797: len= 41 黑胜 loss=28.1089 temp=1.00 total_env_steps=62632 t=0.10s
Ep 1798: len= 39 黑胜 loss=28.0993 temp=1.00 total_env_steps=62671 t=0.10s
Ep 1799: len= 33 黑胜 loss=27.9190 temp=1.00 total_env_steps=62704 t=0.09s
Ep 1800: len= 29 黑胜 loss=27.9094 temp=1.00 total_env_steps=62733 t=0.08s
  eval vs Gomoku-random-v0: win_rate=1.00 mean_return=1.00（20 局，total_env_steps=62733）
Ep 1801: len= 32 白胜 loss=28.0769 temp=1.00 total_env_steps=62765 t=0.09s
Ep 1802: len= 42 白胜 loss=27.8853 temp=1.00 total_env_steps=62807 t=0.12s
Ep 1803: len= 39 黑胜 loss=28.1199 temp=1.00 total_env_steps=62846 t=0.10s
Ep 1804: len= 50 白胜 loss=28.1574 temp=1.00 total_env_steps=62896 t=0.12s
Ep 1805: len= 36 白胜 loss=27.9871 temp=1.00 total_env_steps=62932 t=0.10s
Ep 1806: len= 37 黑胜 loss=28.0766 temp=1.00 total_env_steps=62969 t=0.10s
Ep 1807: len= 48 白胜 loss=27.8794 temp=1.00 total_env_steps=63017 t=0.11s
Ep 1808: len= 10 白胜 loss=28.2301 temp=1.00 total_env_steps=63027 t=0.04s
Ep 1809: len= 38 白胜 loss=28.0711 temp=1.00 total_env_steps=63065 t=0.10s
Ep 1810: len= 37 黑胜 loss=28.1663 temp=1.00 total_env_steps=63102 t=0.10s
Ep 1811: len= 28 白胜 loss=28.1489 temp=1.00 total_env_steps=63130 t=0.08s
Ep 1812: len= 33 黑胜 loss=27.8882 temp=1.00 total_env_steps=63163 t=0.09s
Ep 1813: len= 36 白胜 loss=28.1349 temp=1.00 total_env_steps=63199 t=0.09s
Ep 1814: len= 35 黑胜 loss=28.0095 temp=1.00 total_env_steps=63234 t=0.10s
Ep 1815: len= 21 黑胜 loss=28.2738 temp=1.00 total_env_steps=63255 t=0.06s
Ep 1816: len= 41 黑胜 loss=27.9088 temp=1.00 total_env_steps=63296 t=0.10s
Ep 1817: len= 17 黑胜 loss=27.9583 temp=1.00 total_env_steps=63313 t=0.06s
Ep 1818: len= 37 黑胜 loss=28.0191 temp=1.00 total_env_steps=63350 t=0.10s
Ep 1819: len= 35 黑胜 loss=28.1090 temp=1.00 total_env_steps=63385 t=0.09s
Ep 1820: len= 37 黑胜 loss=28.1350 temp=1.00 total_env_steps=63422 t=0.09s
Ep 1821: len= 45 黑胜 loss=28.1122 temp=1.00 total_env_steps=63467 t=0.11s
Ep 1822: len= 32 白胜 loss=28.0476 temp=1.00 total_env_steps=63499 t=0.08s
Ep 1823: len= 29 黑胜 loss=28.1073 temp=1.00 total_env_steps=63528 t=0.08s
Ep 1824: len= 30 白胜 loss=28.0215 temp=1.00 total_env_steps=63558 t=0.09s
Ep 1825: len= 36 白胜 loss=28.0808 temp=1.00 total_env_steps=63594 t=0.10s
Ep 1826: len= 38 白胜 loss=27.8725 temp=1.00 total_env_steps=63632 t=0.11s
Ep 1827: len= 27 黑胜 loss=27.9113 temp=1.00 total_env_steps=63659 t=0.08s
Ep 1828: len= 47 黑胜 loss=27.9544 temp=1.00 total_env_steps=63706 t=0.11s
Ep 1829: len= 41 黑胜 loss=27.9201 temp=1.00 total_env_steps=63747 t=0.10s
Ep 1830: len= 27 黑胜 loss=27.9880 temp=1.00 total_env_steps=63774 t=0.08s
Ep 1831: len= 36 白胜 loss=28.2581 temp=1.00 total_env_steps=63810 t=0.09s
Ep 1832: len= 45 黑胜 loss=27.8078 temp=1.00 total_env_steps=63855 t=0.11s
Ep 1833: len= 46 白胜 loss=27.8468 temp=1.00 total_env_steps=63901 t=0.13s
Ep 1834: len= 24 白胜 loss=28.0978 temp=1.00 total_env_steps=63925 t=0.08s
Ep 1835: len= 34 白胜 loss=27.9012 temp=1.00 total_env_steps=63959 t=0.09s
Ep 1836: len= 32 白胜 loss=27.9568 temp=1.00 total_env_steps=63991 t=0.10s
Ep 1837: len= 53 黑胜 loss=27.9532 temp=1.00 total_env_steps=64044 t=0.12s
Ep 1838: len= 46 白胜 loss=27.9990 temp=1.00 total_env_steps=64090 t=0.11s
Ep 1839: len= 35 黑胜 loss=28.0676 temp=1.00 total_env_steps=64125 t=0.09s
Ep 1840: len= 41 黑胜 loss=28.1228 temp=1.00 total_env_steps=64166 t=0.11s
Ep 1841: len= 43 黑胜 loss=27.9586 temp=1.00 total_env_steps=64209 t=0.11s
Ep 1842: len= 37 黑胜 loss=28.2138 temp=1.00 total_env_steps=64246 t=0.09s
Ep 1843: len= 31 黑胜 loss=28.0168 temp=1.00 total_env_steps=64277 t=0.08s
Ep 1844: len= 43 黑胜 loss=27.8929 temp=1.00 total_env_steps=64320 t=0.10s
Ep 1845: len= 34 白胜 loss=28.0997 temp=1.00 total_env_steps=64354 t=0.10s
Ep 1846: len= 42 白胜 loss=27.9955 temp=1.00 total_env_steps=64396 t=0.12s
Ep 1847: len= 54 白胜 loss=28.0064 temp=1.00 total_env_steps=64450 t=0.12s
Ep 1848: len= 47 黑胜 loss=28.0301 temp=1.00 total_env_steps=64497 t=0.11s
Ep 1849: len= 29 黑胜 loss=28.0454 temp=1.00 total_env_steps=64526 t=0.08s
Ep 1850: len= 36 白胜 loss=28.0609 temp=1.00 total_env_steps=64562 t=0.10s
Ep 1851: len= 37 黑胜 loss=27.9514 temp=1.00 total_env_steps=64599 t=0.12s
Ep 1852: len= 36 白胜 loss=28.1071 temp=1.00 total_env_steps=64635 t=0.12s
Ep 1853: len= 41 黑胜 loss=28.0201 temp=1.00 total_env_steps=64676 t=0.11s
Ep 1854: len= 41 黑胜 loss=27.8827 temp=1.00 total_env_steps=64717 t=0.13s
Ep 1855: len= 41 黑胜 loss=28.2097 temp=1.00 total_env_steps=64758 t=0.12s
Ep 1856: len= 26 白胜 loss=28.1170 temp=1.00 total_env_steps=64784 t=0.07s
Ep 1857: len= 36 白胜 loss=28.0931 temp=1.00 total_env_steps=64820 t=0.10s
Ep 1858: len= 43 黑胜 loss=27.9740 temp=1.00 total_env_steps=64863 t=0.11s
Ep 1859: len= 34 白胜 loss=28.0731 temp=1.00 total_env_steps=64897 t=0.09s
Ep 1860: len= 55 黑胜 loss=28.0434 temp=1.00 total_env_steps=64952 t=0.14s
Ep 1861: len= 45 黑胜 loss=28.0885 temp=1.00 total_env_steps=64997 t=0.11s
Ep 1862: len= 45 黑胜 loss=28.1070 temp=1.00 total_env_steps=65042 t=0.11s
Ep 1863: len= 30 白胜 loss=28.0519 temp=1.00 total_env_steps=65072 t=0.08s
Ep 1864: len= 34 白胜 loss=28.1478 temp=1.00 total_env_steps=65106 t=0.11s
Ep 1865: len= 37 黑胜 loss=28.0624 temp=1.00 total_env_steps=65143 t=0.11s
Ep 1866: len= 39 黑胜 loss=27.9943 temp=1.00 total_env_steps=65182 t=0.10s
Ep 1867: len= 38 白胜 loss=28.0185 temp=1.00 total_env_steps=65220 t=0.10s
Ep 1868: len= 50 白胜 loss=27.8965 temp=1.00 total_env_steps=65270 t=0.12s
Ep 1869: len= 32 白胜 loss=28.0898 temp=1.00 total_env_steps=65302 t=0.10s
Ep 1870: len= 37 黑胜 loss=27.9445 temp=1.00 total_env_steps=65339 t=0.11s
Ep 1871: len= 44 白胜 loss=28.0916 temp=1.00 total_env_steps=65383 t=0.12s
Ep 1872: len= 39 黑胜 loss=27.9528 temp=1.00 total_env_steps=65422 t=0.10s
Ep 1873: len= 32 白胜 loss=28.0505 temp=1.00 total_env_steps=65454 t=0.09s
Ep 1874: len= 44 白胜 loss=28.0499 temp=1.00 total_env_steps=65498 t=0.13s
Ep 1875: len= 43 黑胜 loss=28.2879 temp=1.00 total_env_steps=65541 t=0.12s
Ep 1876: len= 41 黑胜 loss=27.9109 temp=1.00 total_env_steps=65582 t=0.11s
Ep 1877: len= 32 白胜 loss=28.0173 temp=1.00 total_env_steps=65614 t=0.10s
Ep 1878: len= 31 黑胜 loss=28.0942 temp=1.00 total_env_steps=65645 t=0.08s
Ep 1879: len= 44 白胜 loss=27.9451 temp=1.00 total_env_steps=65689 t=0.11s
Ep 1880: len= 39 黑胜 loss=27.9585 temp=1.00 total_env_steps=65728 t=0.11s
Ep 1881: len= 28 白胜 loss=27.9795 temp=1.00 total_env_steps=65756 t=0.08s
Ep 1882: len= 36 白胜 loss=27.9538 temp=1.00 total_env_steps=65792 t=0.11s
Ep 1883: len= 27 黑胜 loss=27.9847 temp=1.00 total_env_steps=65819 t=0.09s
Ep 1884: len= 38 白胜 loss=27.9495 temp=1.00 total_env_steps=65857 t=0.10s
Ep 1885: len= 33 黑胜 loss=28.0440 temp=1.00 total_env_steps=65890 t=0.10s
Ep 1886: len= 33 黑胜 loss=28.1955 temp=1.00 total_env_steps=65923 t=0.09s
Ep 1887: len= 37 黑胜 loss=28.0059 temp=1.00 total_env_steps=65960 t=0.09s
Ep 1888: len= 19 黑胜 loss=28.0959 temp=1.00 total_env_steps=65979 t=0.06s
Ep 1889: len= 38 白胜 loss=28.0478 temp=1.00 total_env_steps=66017 t=0.10s
Ep 1890: len= 19 黑胜 loss=27.9723 temp=1.00 total_env_steps=66036 t=0.06s
Ep 1891: len= 38 白胜 loss=28.1866 temp=1.00 total_env_steps=66074 t=0.11s
Ep 1892: len= 30 白胜 loss=27.9600 temp=1.00 total_env_steps=66104 t=0.09s
Ep 1893: len= 37 黑胜 loss=27.8818 temp=1.00 total_env_steps=66141 t=0.11s
Ep 1894: len= 28 白胜 loss=28.0686 temp=1.00 total_env_steps=66169 t=0.08s
Ep 1895: len= 32 白胜 loss=28.1173 temp=1.00 total_env_steps=66201 t=0.09s
Ep 1896: len= 48 白胜 loss=28.1473 temp=1.00 total_env_steps=66249 t=0.12s
Ep 1897: len= 41 黑胜 loss=27.9399 temp=1.00 total_env_steps=66290 t=0.11s
Ep 1898: len= 34 白胜 loss=28.1046 temp=1.00 total_env_steps=66324 t=0.09s
Ep 1899: len= 20 白胜 loss=27.7567 temp=1.00 total_env_steps=66344 t=0.07s
Ep 1900: len= 24 白胜 loss=28.0319 temp=1.00 total_env_steps=66368 t=0.07s
Ep 1901: len= 28 白胜 loss=27.7909 temp=1.00 total_env_steps=66396 t=0.08s
Ep 1902: len= 43 黑胜 loss=28.1198 temp=1.00 total_env_steps=66439 t=0.12s
Ep 1903: len= 31 黑胜 loss=28.1234 temp=1.00 total_env_steps=66470 t=0.08s
Ep 1904: len= 32 白胜 loss=27.9268 temp=1.00 total_env_steps=66502 t=0.09s
Ep 1905: len= 33 黑胜 loss=28.0934 temp=1.00 total_env_steps=66535 t=0.10s
Ep 1906: len= 48 白胜 loss=27.9664 temp=1.00 total_env_steps=66583 t=0.13s
Ep 1907: len= 38 白胜 loss=27.9285 temp=1.00 total_env_steps=66621 t=0.10s
Ep 1908: len= 47 黑胜 loss=28.0897 temp=1.00 total_env_steps=66668 t=0.13s
Ep 1909: len= 46 白胜 loss=28.1077 temp=1.00 total_env_steps=66714 t=0.11s
Ep 1910: len= 32 白胜 loss=28.0477 temp=1.00 total_env_steps=66746 t=0.09s
Ep 1911: len= 39 黑胜 loss=28.1024 temp=1.00 total_env_steps=66785 t=0.10s
Ep 1912: len= 31 黑胜 loss=28.0496 temp=1.00 total_env_steps=66816 t=0.08s
Ep 1913: len= 41 黑胜 loss=28.0972 temp=1.00 total_env_steps=66857 t=0.10s
Ep 1914: len= 43 黑胜 loss=28.0095 temp=1.00 total_env_steps=66900 t=0.12s
Ep 1915: len= 38 白胜 loss=28.0529 temp=1.00 total_env_steps=66938 t=0.10s
Ep 1916: len= 43 黑胜 loss=28.0073 temp=1.00 total_env_steps=66981 t=0.11s
Ep 1917: len= 23 黑胜 loss=27.9623 temp=1.00 total_env_steps=67004 t=0.07s
Ep 1918: len= 44 白胜 loss=27.9586 temp=1.00 total_env_steps=67048 t=0.11s
Ep 1919: len= 43 黑胜 loss=28.2851 temp=1.00 total_env_steps=67091 t=0.11s
Ep 1920: len= 35 黑胜 loss=28.0178 temp=1.00 total_env_steps=67126 t=0.10s
Ep 1921: len= 29 黑胜 loss=28.1756 temp=1.00 total_env_steps=67155 t=0.09s
Ep 1922: len= 17 黑胜 loss=27.9013 temp=1.00 total_env_steps=67172 t=0.06s
Ep 1923: len= 46 白胜 loss=28.1041 temp=1.00 total_env_steps=67218 t=0.12s
Ep 1924: len= 40 白胜 loss=28.1230 temp=1.00 total_env_steps=67258 t=0.10s
Ep 1925: len= 38 白胜 loss=27.9671 temp=1.00 total_env_steps=67296 t=0.10s
Ep 1926: len= 29 黑胜 loss=27.9179 temp=1.00 total_env_steps=67325 t=0.09s
Ep 1927: len= 37 黑胜 loss=28.0567 temp=1.00 total_env_steps=67362 t=0.10s
Ep 1928: len= 18 白胜 loss=28.1203 temp=1.00 total_env_steps=67380 t=0.06s
Ep 1929: len= 34 白胜 loss=27.9465 temp=1.00 total_env_steps=67414 t=0.09s
Ep 1930: len= 37 黑胜 loss=27.9673 temp=1.00 total_env_steps=67451 t=0.10s
Ep 1931: len= 27 黑胜 loss=28.0838 temp=1.00 total_env_steps=67478 t=0.08s
Ep 1932: len= 42 白胜 loss=28.0542 temp=1.00 total_env_steps=67520 t=0.11s
Ep 1933: len= 33 黑胜 loss=28.1531 temp=1.00 total_env_steps=67553 t=0.09s
Ep 1934: len= 34 白胜 loss=27.9752 temp=1.00 total_env_steps=67587 t=0.09s
Ep 1935: len= 33 黑胜 loss=27.9987 temp=1.00 total_env_steps=67620 t=0.09s
Ep 1936: len= 38 白胜 loss=27.8904 temp=1.00 total_env_steps=67658 t=0.10s
Ep 1937: len= 40 白胜 loss=27.8559 temp=1.00 total_env_steps=67698 t=0.10s
Ep 1938: len= 32 白胜 loss=28.3986 temp=1.00 total_env_steps=67730 t=0.09s
Ep 1939: len= 46 白胜 loss=27.9949 temp=1.00 total_env_steps=67776 t=0.12s
Ep 1940: len= 29 黑胜 loss=27.9237 temp=1.00 total_env_steps=67805 t=0.08s
Ep 1941: len= 39 黑胜 loss=28.0183 temp=1.00 total_env_steps=67844 t=0.11s
Ep 1942: len= 41 黑胜 loss=28.2325 temp=1.00 total_env_steps=67885 t=0.11s
Ep 1943: len= 41 黑胜 loss=27.9756 temp=1.00 total_env_steps=67926 t=0.10s
Ep 1944: len= 38 白胜 loss=28.1704 temp=1.00 total_env_steps=67964 t=0.10s
Ep 1945: len= 41 黑胜 loss=27.9278 temp=1.00 total_env_steps=68005 t=0.12s
Ep 1946: len= 42 白胜 loss=27.9673 temp=1.00 total_env_steps=68047 t=0.12s
Ep 1947: len= 24 白胜 loss=27.8219 temp=1.00 total_env_steps=68071 t=0.07s
Ep 1948: len= 51 黑胜 loss=28.2052 temp=1.00 total_env_steps=68122 t=0.13s
Ep 1949: len= 17 黑胜 loss=27.8695 temp=1.00 total_env_steps=68139 t=0.06s
Ep 1950: len= 24 白胜 loss=28.0656 temp=1.00 total_env_steps=68163 t=0.07s
Ep 1951: len= 23 黑胜 loss=28.2149 temp=1.00 total_env_steps=68186 t=0.07s
Ep 1952: len= 32 白胜 loss=28.0039 temp=1.00 total_env_steps=68218 t=0.09s
Ep 1953: len= 27 黑胜 loss=27.9592 temp=1.00 total_env_steps=68245 t=0.08s
Ep 1954: len= 39 黑胜 loss=27.9572 temp=1.00 total_env_steps=68284 t=0.11s
Ep 1955: len= 45 黑胜 loss=28.0932 temp=1.00 total_env_steps=68329 t=0.12s
Ep 1956: len= 35 黑胜 loss=28.0031 temp=1.00 total_env_steps=68364 t=0.10s
Ep 1957: len= 38 白胜 loss=28.1236 temp=1.00 total_env_steps=68402 t=0.10s
Ep 1958: len= 38 白胜 loss=28.0520 temp=1.00 total_env_steps=68440 t=0.10s
Ep 1959: len= 47 黑胜 loss=27.9438 temp=1.00 total_env_steps=68487 t=0.11s
Ep 1960: len= 45 黑胜 loss=27.9811 temp=1.00 total_env_steps=68532 t=0.11s
Ep 1961: len= 43 黑胜 loss=27.9279 temp=1.00 total_env_steps=68575 t=0.11s
Ep 1962: len= 28 白胜 loss=28.0468 temp=1.00 total_env_steps=68603 t=0.08s
Ep 1963: len= 30 白胜 loss=27.9186 temp=1.00 total_env_steps=68633 t=0.09s
Ep 1964: len= 50 白胜 loss=28.0857 temp=1.00 total_env_steps=68683 t=0.13s
Ep 1965: len= 41 黑胜 loss=28.2149 temp=1.00 total_env_steps=68724 t=0.11s
Ep 1966: len= 34 白胜 loss=28.0049 temp=1.00 total_env_steps=68758 t=0.10s
Ep 1967: len= 45 黑胜 loss=27.8757 temp=1.00 total_env_steps=68803 t=0.12s
Ep 1968: len= 30 白胜 loss=27.9886 temp=1.00 total_env_steps=68833 t=0.08s
Ep 1969: len= 22 白胜 loss=28.0325 temp=1.00 total_env_steps=68855 t=0.07s
Ep 1970: len= 34 白胜 loss=28.1283 temp=1.00 total_env_steps=68889 t=0.09s
Ep 1971: len= 32 白胜 loss=28.1122 temp=1.00 total_env_steps=68921 t=0.09s
Ep 1972: len= 39 黑胜 loss=28.2259 temp=1.00 total_env_steps=68960 t=0.10s
Ep 1973: len= 50 白胜 loss=28.1722 temp=1.00 total_env_steps=69010 t=0.13s
Ep 1974: len= 31 黑胜 loss=27.9479 temp=1.00 total_env_steps=69041 t=0.09s
Ep 1975: len= 52 白胜 loss=27.9988 temp=1.00 total_env_steps=69093 t=0.13s
Ep 1976: len= 13 黑胜 loss=28.1226 temp=1.00 total_env_steps=69106 t=0.06s
Ep 1977: len= 48 白胜 loss=28.0580 temp=1.00 total_env_steps=69154 t=0.12s
Ep 1978: len= 38 白胜 loss=28.1801 temp=1.00 total_env_steps=69192 t=0.10s
Ep 1979: len= 32 白胜 loss=28.1487 temp=1.00 total_env_steps=69224 t=0.08s
Ep 1980: len= 29 黑胜 loss=28.0243 temp=1.00 total_env_steps=69253 t=0.09s
Ep 1981: len= 41 黑胜 loss=28.1095 temp=1.00 total_env_steps=69294 t=0.10s
Ep 1982: len= 37 黑胜 loss=28.0815 temp=1.00 total_env_steps=69331 t=0.10s
Ep 1983: len= 15 黑胜 loss=28.1011 temp=1.00 total_env_steps=69346 t=0.04s
Ep 1984: len= 31 黑胜 loss=27.9670 temp=1.00 total_env_steps=69377 t=0.08s
Ep 1985: len= 34 白胜 loss=28.0708 temp=1.00 total_env_steps=69411 t=0.09s
Ep 1986: len= 31 黑胜 loss=28.0145 temp=1.00 total_env_steps=69442 t=0.09s
Ep 1987: len= 27 黑胜 loss=28.0713 temp=1.00 total_env_steps=69469 t=0.09s
Ep 1988: len= 43 黑胜 loss=27.9716 temp=1.00 total_env_steps=69512 t=0.12s
Ep 1989: len= 27 黑胜 loss=28.0173 temp=1.00 total_env_steps=69539 t=0.08s
Ep 1990: len= 29 黑胜 loss=27.9907 temp=1.00 total_env_steps=69568 t=0.08s
Ep 1991: len= 42 白胜 loss=27.8138 temp=1.00 total_env_steps=69610 t=0.11s
Ep 1992: len= 29 黑胜 loss=28.1107 temp=1.00 total_env_steps=69639 t=0.08s
Ep 1993: len= 38 白胜 loss=27.8942 temp=1.00 total_env_steps=69677 t=0.10s
Ep 1994: len= 36 白胜 loss=27.9390 temp=1.00 total_env_steps=69713 t=0.10s
Ep 1995: len= 35 黑胜 loss=28.2509 temp=1.00 total_env_steps=69748 t=0.09s
Ep 1996: len= 28 白胜 loss=28.0308 temp=1.00 total_env_steps=69776 t=0.08s
Ep 1997: len= 36 白胜 loss=27.9968 temp=1.00 total_env_steps=69812 t=0.11s
Ep 1998: len= 33 黑胜 loss=28.0239 temp=1.00 total_env_steps=69845 t=0.11s
Ep 1999: len= 38 白胜 loss=27.9403 temp=1.00 total_env_steps=69883 t=0.11s
Ep 2000: len= 28 白胜 loss=27.8637 temp=1.00 total_env_steps=69911 t=0.08s
  eval vs Gomoku-random-v0: win_rate=1.00 mean_return=1.00（20 局，total_env_steps=69911）
[闸门] vs random（40 局）: win_rate=1.000
[闸门] vs 半程快照（40 局，黑白各半）: score=0.900
[梯队] vs naive0（20 局，观察性）: win_rate=0.00
[梯队] vs naive1（20 局，观察性）: win_rate=0.00
[梯队] vs naive2（20 局，观察性）: win_rate=0.00
[梯队] vs naive3（20 局，观察性）: win_rate=0.00
📈 Gomoku-selfplay-v0 win_rate=1.00（best 1.00）| 门槛 0.95 | 258.8s

--- arm=combo_ceiling seed=43 sims=100 ---
[MyZero-board Gomoku-selfplay-v0] obs=243(3×9²) |A|=81 sims=100 γ=1.0 negamax
[MyZero-board] 8 重对称增广开启（D4，采样时随机套变换）
[MyZero-board] 树内真规则开启（AlphaZero 式诊断；训练侧不变）
Ep    1: len= 52 白胜 loss=0.0000 temp=1.00 total_env_steps=52 t=0.10s
Ep    2: len= 51 黑胜 loss=0.0000 temp=1.00 total_env_steps=103 t=0.09s
Ep    3: len= 43 黑胜 loss=0.0000 temp=1.00 total_env_steps=146 t=0.08s
Ep    4: len= 58 白胜 loss=0.0000 temp=1.00 total_env_steps=204 t=0.11s
Ep    5: len= 20 白胜 loss=0.0000 temp=1.00 total_env_steps=224 t=0.04s
Ep    6: len= 56 白胜 loss=0.0000 temp=1.00 total_env_steps=280 t=0.10s
Ep    7: len= 36 白胜 loss=0.0000 temp=1.00 total_env_steps=316 t=0.07s
Ep    8: len= 42 白胜 loss=0.0000 temp=1.00 total_env_steps=358 t=0.08s
Ep    9: len= 30 白胜 loss=0.0000 temp=1.00 total_env_steps=388 t=0.06s
Ep   10: len= 66 白胜 loss=35.8866 temp=1.00 total_env_steps=454 t=0.13s
Ep   11: len= 33 黑胜 loss=29.4662 temp=1.00 total_env_steps=487 t=0.08s
Ep   12: len= 39 黑胜 loss=29.0756 temp=1.00 total_env_steps=526 t=0.08s
Ep   13: len= 34 白胜 loss=28.5767 temp=1.00 total_env_steps=560 t=0.08s
Ep   14: len= 25 黑胜 loss=28.9901 temp=1.00 total_env_steps=585 t=0.06s
Ep   15: len= 43 黑胜 loss=27.9984 temp=1.00 total_env_steps=628 t=0.09s
Ep   16: len= 53 黑胜 loss=28.7544 temp=1.00 total_env_steps=681 t=0.10s
Ep   17: len= 23 黑胜 loss=28.1295 temp=1.00 total_env_steps=704 t=0.06s
Ep   18: len= 44 白胜 loss=28.3273 temp=1.00 total_env_steps=748 t=0.09s
Ep   19: len= 43 黑胜 loss=28.3425 temp=1.00 total_env_steps=791 t=0.09s
Ep   20: len= 34 白胜 loss=28.2949 temp=1.00 total_env_steps=825 t=0.07s
Ep   21: len= 31 黑胜 loss=28.5148 temp=1.00 total_env_steps=856 t=0.07s
Ep   22: len= 20 白胜 loss=28.3887 temp=1.00 total_env_steps=876 t=0.05s
Ep   23: len= 44 白胜 loss=28.5528 temp=1.00 total_env_steps=920 t=0.09s
Ep   24: len= 35 黑胜 loss=28.3733 temp=1.00 total_env_steps=955 t=0.07s
Ep   25: len= 38 白胜 loss=28.5764 temp=1.00 total_env_steps=993 t=0.08s
Ep   26: len= 40 白胜 loss=28.4522 temp=1.00 total_env_steps=1033 t=0.09s
Ep   27: len= 25 黑胜 loss=28.6028 temp=1.00 total_env_steps=1058 t=0.06s
Ep   28: len= 59 黑胜 loss=28.4064 temp=1.00 total_env_steps=1117 t=0.12s
Ep   29: len= 40 白胜 loss=28.3933 temp=1.00 total_env_steps=1157 t=0.08s
Ep   30: len= 45 黑胜 loss=28.7582 temp=1.00 total_env_steps=1202 t=0.09s
Ep   31: len= 35 黑胜 loss=28.1795 temp=1.00 total_env_steps=1237 t=0.07s
Ep   32: len= 36 白胜 loss=28.3914 temp=1.00 total_env_steps=1273 t=0.07s
Ep   33: len= 29 黑胜 loss=28.7582 temp=1.00 total_env_steps=1302 t=0.06s
Ep   34: len= 39 黑胜 loss=28.6265 temp=1.00 total_env_steps=1341 t=0.09s
Ep   35: len= 39 黑胜 loss=28.3085 temp=1.00 total_env_steps=1380 t=0.08s
Ep   36: len= 28 白胜 loss=28.5866 temp=1.00 total_env_steps=1408 t=0.07s
Ep   37: len= 45 黑胜 loss=28.4842 temp=1.00 total_env_steps=1453 t=0.10s
Ep   38: len= 32 白胜 loss=28.4303 temp=1.00 total_env_steps=1485 t=0.07s
Ep   39: len= 27 黑胜 loss=28.4143 temp=1.00 total_env_steps=1512 t=0.06s
Ep   40: len= 38 白胜 loss=28.5157 temp=1.00 total_env_steps=1550 t=0.09s
Ep   41: len= 29 黑胜 loss=28.7982 temp=1.00 total_env_steps=1579 t=0.07s
Ep   42: len= 40 白胜 loss=28.4610 temp=1.00 total_env_steps=1619 t=0.09s
Ep   43: len= 28 白胜 loss=28.4406 temp=1.00 total_env_steps=1647 t=0.06s
Ep   44: len= 30 白胜 loss=28.5211 temp=1.00 total_env_steps=1677 t=0.07s
Ep   45: len= 44 白胜 loss=28.3453 temp=1.00 total_env_steps=1721 t=0.10s
Ep   46: len= 25 黑胜 loss=28.6141 temp=1.00 total_env_steps=1746 t=0.06s
Ep   47: len= 36 白胜 loss=28.3945 temp=1.00 total_env_steps=1782 t=0.08s
Ep   48: len= 37 黑胜 loss=28.4554 temp=1.00 total_env_steps=1819 t=0.08s
Ep   49: len= 33 黑胜 loss=28.6626 temp=1.00 total_env_steps=1852 t=0.07s
Ep   50: len= 31 黑胜 loss=28.5400 temp=1.00 total_env_steps=1883 t=0.07s
Ep   51: len= 38 白胜 loss=29.1481 temp=1.00 total_env_steps=1921 t=0.08s
Ep   52: len= 28 白胜 loss=28.6205 temp=1.00 total_env_steps=1949 t=0.07s
Ep   53: len= 38 白胜 loss=28.1840 temp=1.00 total_env_steps=1987 t=0.09s
Ep   54: len= 36 白胜 loss=28.3548 temp=1.00 total_env_steps=2023 t=0.08s
Ep   55: len= 43 黑胜 loss=28.2600 temp=1.00 total_env_steps=2066 t=0.10s
Ep   56: len= 35 黑胜 loss=28.3762 temp=1.00 total_env_steps=2101 t=0.08s
Ep   57: len= 53 黑胜 loss=28.3666 temp=1.00 total_env_steps=2154 t=0.10s
Ep   58: len= 39 黑胜 loss=28.0710 temp=1.00 total_env_steps=2193 t=0.08s
Ep   59: len= 35 黑胜 loss=28.0827 temp=1.00 total_env_steps=2228 t=0.07s
Ep   60: len= 24 白胜 loss=28.4581 temp=1.00 total_env_steps=2252 t=0.06s
Ep   61: len= 39 黑胜 loss=28.2186 temp=1.00 total_env_steps=2291 t=0.08s
Ep   62: len= 25 黑胜 loss=28.1997 temp=1.00 total_env_steps=2316 t=0.06s
Ep   63: len= 42 白胜 loss=28.4581 temp=1.00 total_env_steps=2358 t=0.08s
Ep   64: len= 36 白胜 loss=28.3001 temp=1.00 total_env_steps=2394 t=0.08s
Ep   65: len= 46 白胜 loss=28.2459 temp=1.00 total_env_steps=2440 t=0.10s
Ep   66: len= 34 白胜 loss=28.3265 temp=1.00 total_env_steps=2474 t=0.08s
Ep   67: len= 32 白胜 loss=28.5176 temp=1.00 total_env_steps=2506 t=0.07s
Ep   68: len= 25 黑胜 loss=28.1140 temp=1.00 total_env_steps=2531 t=0.06s
Ep   69: len= 37 黑胜 loss=28.3386 temp=1.00 total_env_steps=2568 t=0.09s
Ep   70: len= 30 白胜 loss=28.1499 temp=1.00 total_env_steps=2598 t=0.06s
Ep   71: len= 27 黑胜 loss=28.2596 temp=1.00 total_env_steps=2625 t=0.06s
Ep   72: len= 35 黑胜 loss=28.0724 temp=1.00 total_env_steps=2660 t=0.07s
Ep   73: len= 31 黑胜 loss=28.1006 temp=1.00 total_env_steps=2691 t=0.07s
Ep   74: len= 42 白胜 loss=28.1066 temp=1.00 total_env_steps=2733 t=0.09s
Ep   75: len= 39 黑胜 loss=28.1534 temp=1.00 total_env_steps=2772 t=0.08s
Ep   76: len= 25 黑胜 loss=28.0745 temp=1.00 total_env_steps=2797 t=0.05s
Ep   77: len= 31 黑胜 loss=27.9826 temp=1.00 total_env_steps=2828 t=0.06s
Ep   78: len= 14 白胜 loss=28.1668 temp=1.00 total_env_steps=2842 t=0.04s
Ep   79: len= 43 黑胜 loss=28.2701 temp=1.00 total_env_steps=2885 t=0.10s
Ep   80: len= 48 白胜 loss=28.2100 temp=1.00 total_env_steps=2933 t=0.10s
Ep   81: len= 24 白胜 loss=28.1396 temp=1.00 total_env_steps=2957 t=0.05s
Ep   82: len= 24 白胜 loss=28.4730 temp=1.00 total_env_steps=2981 t=0.06s
Ep   83: len= 45 黑胜 loss=28.2039 temp=1.00 total_env_steps=3026 t=0.09s
Ep   84: len= 47 黑胜 loss=28.1232 temp=1.00 total_env_steps=3073 t=0.10s
Ep   85: len= 19 黑胜 loss=28.4029 temp=1.00 total_env_steps=3092 t=0.05s
Ep   86: len= 32 白胜 loss=28.4088 temp=1.00 total_env_steps=3124 t=0.07s
Ep   87: len= 31 黑胜 loss=28.2871 temp=1.00 total_env_steps=3155 t=0.07s
Ep   88: len= 23 黑胜 loss=28.3259 temp=1.00 total_env_steps=3178 t=0.06s
Ep   89: len= 32 白胜 loss=28.2199 temp=1.00 total_env_steps=3210 t=0.08s
Ep   90: len= 23 黑胜 loss=28.3730 temp=1.00 total_env_steps=3233 t=0.06s
Ep   91: len= 27 黑胜 loss=28.2487 temp=1.00 total_env_steps=3260 t=0.06s
Ep   92: len= 34 白胜 loss=28.3484 temp=1.00 total_env_steps=3294 t=0.07s
Ep   93: len= 31 黑胜 loss=28.4664 temp=1.00 total_env_steps=3325 t=0.07s
Ep   94: len= 22 白胜 loss=28.1495 temp=1.00 total_env_steps=3347 t=0.05s
Ep   95: len= 34 白胜 loss=28.1792 temp=1.00 total_env_steps=3381 t=0.07s
Ep   96: len= 43 黑胜 loss=28.2953 temp=1.00 total_env_steps=3424 t=0.09s
Ep   97: len= 32 白胜 loss=28.1614 temp=1.00 total_env_steps=3456 t=0.07s
Ep   98: len= 41 黑胜 loss=28.0798 temp=1.00 total_env_steps=3497 t=0.09s
Ep   99: len= 30 白胜 loss=28.3246 temp=1.00 total_env_steps=3527 t=0.07s
Ep  100: len= 41 黑胜 loss=28.2840 temp=1.00 total_env_steps=3568 t=0.09s
Ep  101: len= 22 白胜 loss=28.4156 temp=1.00 total_env_steps=3590 t=0.05s
Ep  102: len= 24 白胜 loss=28.1397 temp=1.00 total_env_steps=3614 t=0.05s
Ep  103: len= 44 白胜 loss=28.3334 temp=1.00 total_env_steps=3658 t=0.09s
Ep  104: len= 47 黑胜 loss=28.2149 temp=1.00 total_env_steps=3705 t=0.09s
Ep  105: len= 30 白胜 loss=28.2466 temp=1.00 total_env_steps=3735 t=0.06s
Ep  106: len= 29 黑胜 loss=28.3056 temp=1.00 total_env_steps=3764 t=0.06s
Ep  107: len= 16 白胜 loss=28.4000 temp=1.00 total_env_steps=3780 t=0.04s
Ep  108: len= 36 白胜 loss=28.1797 temp=1.00 total_env_steps=3816 t=0.08s
Ep  109: len= 43 黑胜 loss=28.4056 temp=1.00 total_env_steps=3859 t=0.09s
Ep  110: len= 21 黑胜 loss=28.1140 temp=1.00 total_env_steps=3880 t=0.05s
Ep  111: len= 27 黑胜 loss=28.3318 temp=1.00 total_env_steps=3907 t=0.08s
Ep  112: len= 38 白胜 loss=27.9480 temp=1.00 total_env_steps=3945 t=0.11s
Ep  113: len= 32 白胜 loss=28.2162 temp=1.00 total_env_steps=3977 t=0.09s
Ep  114: len= 30 白胜 loss=28.2260 temp=1.00 total_env_steps=4007 t=0.07s
Ep  115: len= 45 黑胜 loss=28.4765 temp=1.00 total_env_steps=4052 t=0.11s
Ep  116: len= 43 黑胜 loss=28.3529 temp=1.00 total_env_steps=4095 t=0.10s
Ep  117: len= 22 白胜 loss=28.2197 temp=1.00 total_env_steps=4117 t=0.06s
Ep  118: len= 22 白胜 loss=28.3003 temp=1.00 total_env_steps=4139 t=0.05s
Ep  119: len= 39 黑胜 loss=28.3914 temp=1.00 total_env_steps=4178 t=0.09s
Ep  120: len= 19 黑胜 loss=28.1570 temp=1.00 total_env_steps=4197 t=0.05s
Ep  121: len= 31 黑胜 loss=28.1779 temp=1.00 total_env_steps=4228 t=0.08s
Ep  122: len= 44 白胜 loss=28.2810 temp=1.00 total_env_steps=4272 t=0.09s
Ep  123: len= 46 白胜 loss=28.1300 temp=1.00 total_env_steps=4318 t=0.09s
Ep  124: len= 39 黑胜 loss=28.1578 temp=1.00 total_env_steps=4357 t=0.08s
Ep  125: len= 23 黑胜 loss=28.3287 temp=1.00 total_env_steps=4380 t=0.05s
Ep  126: len= 39 黑胜 loss=28.3123 temp=1.00 total_env_steps=4419 t=0.09s
Ep  127: len= 31 黑胜 loss=28.1462 temp=1.00 total_env_steps=4450 t=0.07s
Ep  128: len= 27 黑胜 loss=28.2908 temp=1.00 total_env_steps=4477 t=0.07s
Ep  129: len= 36 白胜 loss=27.9849 temp=1.00 total_env_steps=4513 t=0.08s
Ep  130: len= 31 黑胜 loss=28.0610 temp=1.00 total_env_steps=4544 t=0.07s
Ep  131: len= 47 黑胜 loss=28.2833 temp=1.00 total_env_steps=4591 t=0.10s
Ep  132: len= 36 白胜 loss=27.9788 temp=1.00 total_env_steps=4627 t=0.08s
Ep  133: len= 35 黑胜 loss=28.1776 temp=1.00 total_env_steps=4662 t=0.08s
Ep  134: len= 48 白胜 loss=28.0654 temp=1.00 total_env_steps=4710 t=0.10s
Ep  135: len= 30 白胜 loss=28.0400 temp=1.00 total_env_steps=4740 t=0.07s
Ep  136: len= 41 黑胜 loss=28.0499 temp=1.00 total_env_steps=4781 t=0.09s
Ep  137: len= 44 白胜 loss=28.3261 temp=1.00 total_env_steps=4825 t=0.09s
Ep  138: len= 16 白胜 loss=28.1742 temp=1.00 total_env_steps=4841 t=0.04s
Ep  139: len= 34 白胜 loss=28.1416 temp=1.00 total_env_steps=4875 t=0.08s
Ep  140: len= 38 白胜 loss=28.3941 temp=1.00 total_env_steps=4913 t=0.08s
Ep  141: len= 31 黑胜 loss=28.2459 temp=1.00 total_env_steps=4944 t=0.07s
Ep  142: len= 38 白胜 loss=28.3505 temp=1.00 total_env_steps=4982 t=0.08s
Ep  143: len= 32 白胜 loss=28.1515 temp=1.00 total_env_steps=5014 t=0.07s
Ep  144: len= 40 白胜 loss=28.0894 temp=1.00 total_env_steps=5054 t=0.09s
Ep  145: len= 39 黑胜 loss=28.1762 temp=1.00 total_env_steps=5093 t=0.08s
Ep  146: len= 29 黑胜 loss=28.3074 temp=1.00 total_env_steps=5122 t=0.07s
Ep  147: len= 27 黑胜 loss=28.0376 temp=1.00 total_env_steps=5149 t=0.06s
Ep  148: len= 25 黑胜 loss=28.3259 temp=1.00 total_env_steps=5174 t=0.06s
Ep  149: len= 44 白胜 loss=28.0190 temp=1.00 total_env_steps=5218 t=0.10s
Ep  150: len= 13 黑胜 loss=28.1983 temp=1.00 total_env_steps=5231 t=0.03s
Ep  151: len= 31 黑胜 loss=28.2327 temp=1.00 total_env_steps=5262 t=0.07s
Ep  152: len= 35 黑胜 loss=28.1795 temp=1.00 total_env_steps=5297 t=0.07s
Ep  153: len= 29 黑胜 loss=28.0708 temp=1.00 total_env_steps=5326 t=0.07s
Ep  154: len= 40 白胜 loss=28.1375 temp=1.00 total_env_steps=5366 t=0.08s
Ep  155: len= 29 黑胜 loss=28.1664 temp=1.00 total_env_steps=5395 t=0.07s
Ep  156: len= 34 白胜 loss=28.0771 temp=1.00 total_env_steps=5429 t=0.08s
Ep  157: len= 34 白胜 loss=28.1544 temp=1.00 total_env_steps=5463 t=0.07s
Ep  158: len= 35 黑胜 loss=28.1913 temp=1.00 total_env_steps=5498 t=0.08s
Ep  159: len= 45 黑胜 loss=28.1647 temp=1.00 total_env_steps=5543 t=0.10s
Ep  160: len= 17 黑胜 loss=28.0062 temp=1.00 total_env_steps=5560 t=0.05s
Ep  161: len= 30 白胜 loss=28.1565 temp=1.00 total_env_steps=5590 t=0.07s
Ep  162: len= 37 黑胜 loss=28.2780 temp=1.00 total_env_steps=5627 t=0.08s
Ep  163: len= 49 黑胜 loss=28.2692 temp=1.00 total_env_steps=5676 t=0.10s
Ep  164: len= 37 黑胜 loss=28.2495 temp=1.00 total_env_steps=5713 t=0.09s
Ep  165: len= 22 白胜 loss=28.2632 temp=1.00 total_env_steps=5735 t=0.05s
Ep  166: len= 27 黑胜 loss=28.2971 temp=1.00 total_env_steps=5762 t=0.07s
Ep  167: len= 38 白胜 loss=28.0675 temp=1.00 total_env_steps=5800 t=0.08s
Ep  168: len= 21 黑胜 loss=28.3370 temp=1.00 total_env_steps=5821 t=0.05s
Ep  169: len= 31 黑胜 loss=28.2300 temp=1.00 total_env_steps=5852 t=0.07s
Ep  170: len= 33 黑胜 loss=28.3401 temp=1.00 total_env_steps=5885 t=0.08s
Ep  171: len= 28 白胜 loss=28.0915 temp=1.00 total_env_steps=5913 t=0.07s
Ep  172: len= 25 黑胜 loss=28.1363 temp=1.00 total_env_steps=5938 t=0.05s
Ep  173: len= 45 黑胜 loss=28.0372 temp=1.00 total_env_steps=5983 t=0.09s
Ep  174: len= 40 白胜 loss=28.2560 temp=1.00 total_env_steps=6023 t=0.09s
Ep  175: len= 29 黑胜 loss=28.3540 temp=1.00 total_env_steps=6052 t=0.07s
Ep  176: len= 32 白胜 loss=28.1679 temp=1.00 total_env_steps=6084 t=0.08s
Ep  177: len= 38 白胜 loss=28.2921 temp=1.00 total_env_steps=6122 t=0.08s
Ep  178: len= 21 黑胜 loss=28.2217 temp=1.00 total_env_steps=6143 t=0.06s
Ep  179: len= 30 白胜 loss=28.2221 temp=1.00 total_env_steps=6173 t=0.06s
Ep  180: len= 34 白胜 loss=28.1078 temp=1.00 total_env_steps=6207 t=0.08s
Ep  181: len= 36 白胜 loss=28.2033 temp=1.00 total_env_steps=6243 t=0.07s
Ep  182: len= 32 白胜 loss=28.3044 temp=1.00 total_env_steps=6275 t=0.07s
Ep  183: len= 43 黑胜 loss=28.1874 temp=1.00 total_env_steps=6318 t=0.09s
Ep  184: len= 34 白胜 loss=28.0606 temp=1.00 total_env_steps=6352 t=0.07s
Ep  185: len= 17 黑胜 loss=28.1641 temp=1.00 total_env_steps=6369 t=0.04s
Ep  186: len= 36 白胜 loss=28.2677 temp=1.00 total_env_steps=6405 t=0.08s
Ep  187: len= 33 黑胜 loss=27.9902 temp=1.00 total_env_steps=6438 t=0.08s
Ep  188: len= 24 白胜 loss=28.2535 temp=1.00 total_env_steps=6462 t=0.06s
Ep  189: len= 50 白胜 loss=28.1170 temp=1.00 total_env_steps=6512 t=0.11s
Ep  190: len= 28 白胜 loss=28.1687 temp=1.00 total_env_steps=6540 t=0.07s
Ep  191: len= 32 白胜 loss=28.0800 temp=1.00 total_env_steps=6572 t=0.08s
Ep  192: len= 40 白胜 loss=28.1696 temp=1.00 total_env_steps=6612 t=0.09s
Ep  193: len= 18 白胜 loss=28.3002 temp=1.00 total_env_steps=6630 t=0.04s
Ep  194: len= 31 黑胜 loss=28.3016 temp=1.00 total_env_steps=6661 t=0.07s
Ep  195: len= 34 白胜 loss=28.0298 temp=1.00 total_env_steps=6695 t=0.08s
Ep  196: len= 32 白胜 loss=28.2358 temp=1.00 total_env_steps=6727 t=0.08s
Ep  197: len= 29 黑胜 loss=28.0418 temp=1.00 total_env_steps=6756 t=0.08s
Ep  198: len= 26 白胜 loss=28.0471 temp=1.00 total_env_steps=6782 t=0.06s
Ep  199: len= 35 黑胜 loss=28.1032 temp=1.00 total_env_steps=6817 t=0.08s
Ep  200: len= 57 黑胜 loss=28.2348 temp=1.00 total_env_steps=6874 t=0.12s
  eval vs Gomoku-random-v0: win_rate=1.00 mean_return=1.00（20 局，total_env_steps=6874）
  ✅ 达标 ep=200 total_env_steps=6874
Ep  201: len= 15 黑胜 loss=28.2887 temp=1.00 total_env_steps=6889 t=0.04s
Ep  202: len= 34 白胜 loss=28.1128 temp=1.00 total_env_steps=6923 t=0.08s
Ep  203: len= 31 黑胜 loss=28.2562 temp=1.00 total_env_steps=6954 t=0.07s
Ep  204: len= 29 黑胜 loss=28.2216 temp=1.00 total_env_steps=6983 t=0.07s
Ep  205: len= 27 黑胜 loss=28.1119 temp=1.00 total_env_steps=7010 t=0.07s
Ep  206: len= 44 白胜 loss=28.0526 temp=1.00 total_env_steps=7054 t=0.09s
Ep  207: len= 47 黑胜 loss=28.3659 temp=1.00 total_env_steps=7101 t=0.10s
Ep  208: len= 38 白胜 loss=28.1162 temp=1.00 total_env_steps=7139 t=0.08s
Ep  209: len= 33 黑胜 loss=28.0866 temp=1.00 total_env_steps=7172 t=0.08s
Ep  210: len= 31 黑胜 loss=28.1981 temp=1.00 total_env_steps=7203 t=0.08s
Ep  211: len= 21 黑胜 loss=28.0306 temp=1.00 total_env_steps=7224 t=0.06s
Ep  212: len= 40 白胜 loss=28.0849 temp=1.00 total_env_steps=7264 t=0.09s
Ep  213: len= 57 黑胜 loss=28.1303 temp=1.00 total_env_steps=7321 t=0.11s
Ep  214: len= 27 黑胜 loss=28.3155 temp=1.00 total_env_steps=7348 t=0.07s
Ep  215: len= 33 黑胜 loss=28.0212 temp=1.00 total_env_steps=7381 t=0.08s
Ep  216: len= 51 黑胜 loss=28.2911 temp=1.00 total_env_steps=7432 t=0.11s
Ep  217: len= 43 黑胜 loss=28.2558 temp=1.00 total_env_steps=7475 t=0.09s
Ep  218: len= 32 白胜 loss=28.2759 temp=1.00 total_env_steps=7507 t=0.07s
Ep  219: len= 33 黑胜 loss=28.1686 temp=1.00 total_env_steps=7540 t=0.08s
Ep  220: len= 41 黑胜 loss=28.3496 temp=1.00 total_env_steps=7581 t=0.10s
Ep  221: len= 42 白胜 loss=28.0508 temp=1.00 total_env_steps=7623 t=0.09s
Ep  222: len= 37 黑胜 loss=27.9802 temp=1.00 total_env_steps=7660 t=0.08s
Ep  223: len= 23 黑胜 loss=28.0500 temp=1.00 total_env_steps=7683 t=0.05s
Ep  224: len= 34 白胜 loss=28.2011 temp=1.00 total_env_steps=7717 t=0.08s
Ep  225: len= 30 白胜 loss=28.0507 temp=1.00 total_env_steps=7747 t=0.07s
Ep  226: len= 35 黑胜 loss=28.2267 temp=1.00 total_env_steps=7782 t=0.09s
Ep  227: len= 26 白胜 loss=28.0427 temp=1.00 total_env_steps=7808 t=0.06s
Ep  228: len= 37 黑胜 loss=28.2751 temp=1.00 total_env_steps=7845 t=0.09s
Ep  229: len= 31 黑胜 loss=27.9873 temp=1.00 total_env_steps=7876 t=0.07s
Ep  230: len= 37 黑胜 loss=28.0833 temp=1.00 total_env_steps=7913 t=0.08s
Ep  231: len= 26 白胜 loss=28.0651 temp=1.00 total_env_steps=7939 t=0.07s
Ep  232: len= 31 黑胜 loss=28.1547 temp=1.00 total_env_steps=7970 t=0.08s
Ep  233: len= 20 白胜 loss=28.2675 temp=1.00 total_env_steps=7990 t=0.05s
Ep  234: len= 16 白胜 loss=28.1923 temp=1.00 total_env_steps=8006 t=0.05s
Ep  235: len= 48 白胜 loss=27.9795 temp=1.00 total_env_steps=8054 t=0.11s
Ep  236: len= 44 白胜 loss=28.1517 temp=1.00 total_env_steps=8098 t=0.09s
Ep  237: len= 20 白胜 loss=28.0421 temp=1.00 total_env_steps=8118 t=0.05s
Ep  238: len= 42 白胜 loss=28.1247 temp=1.00 total_env_steps=8160 t=0.10s
Ep  239: len= 34 白胜 loss=27.9707 temp=1.00 total_env_steps=8194 t=0.08s
Ep  240: len= 31 黑胜 loss=28.2926 temp=1.00 total_env_steps=8225 t=0.08s
Ep  241: len= 31 黑胜 loss=27.8872 temp=1.00 total_env_steps=8256 t=0.07s
Ep  242: len= 28 白胜 loss=28.2503 temp=1.00 total_env_steps=8284 t=0.08s
Ep  243: len= 23 黑胜 loss=28.0909 temp=1.00 total_env_steps=8307 t=0.06s
Ep  244: len= 24 白胜 loss=28.0702 temp=1.00 total_env_steps=8331 t=0.06s
Ep  245: len= 46 白胜 loss=28.2158 temp=1.00 total_env_steps=8377 t=0.10s
Ep  246: len= 34 白胜 loss=28.2444 temp=1.00 total_env_steps=8411 t=0.08s
Ep  247: len= 27 黑胜 loss=28.0764 temp=1.00 total_env_steps=8438 t=0.07s
Ep  248: len= 40 白胜 loss=28.3012 temp=1.00 total_env_steps=8478 t=0.10s
Ep  249: len= 43 黑胜 loss=28.0215 temp=1.00 total_env_steps=8521 t=0.11s
Ep  250: len= 34 白胜 loss=28.2758 temp=1.00 total_env_steps=8555 t=0.08s
Ep  251: len= 22 白胜 loss=28.2496 temp=1.00 total_env_steps=8577 t=0.06s
Ep  252: len= 42 白胜 loss=28.1850 temp=1.00 total_env_steps=8619 t=0.09s
Ep  253: len= 39 黑胜 loss=28.0944 temp=1.00 total_env_steps=8658 t=0.09s
Ep  254: len= 26 白胜 loss=28.2658 temp=1.00 total_env_steps=8684 t=0.07s
Ep  255: len= 27 黑胜 loss=28.1029 temp=1.00 total_env_steps=8711 t=0.06s
Ep  256: len= 48 白胜 loss=28.1262 temp=1.00 total_env_steps=8759 t=0.10s
Ep  257: len= 52 白胜 loss=28.1185 temp=1.00 total_env_steps=8811 t=0.11s
Ep  258: len= 15 黑胜 loss=28.2142 temp=1.00 total_env_steps=8826 t=0.05s
Ep  259: len= 42 白胜 loss=28.2481 temp=1.00 total_env_steps=8868 t=0.10s
Ep  260: len= 36 白胜 loss=28.2458 temp=1.00 total_env_steps=8904 t=0.09s
Ep  261: len= 38 白胜 loss=28.3074 temp=1.00 total_env_steps=8942 t=0.08s
Ep  262: len= 38 白胜 loss=28.3121 temp=1.00 total_env_steps=8980 t=0.09s
Ep  263: len= 25 黑胜 loss=28.1701 temp=1.00 total_env_steps=9005 t=0.06s
Ep  264: len= 31 黑胜 loss=28.0333 temp=1.00 total_env_steps=9036 t=0.08s
Ep  265: len= 25 黑胜 loss=28.1979 temp=1.00 total_env_steps=9061 t=0.07s
Ep  266: len= 43 黑胜 loss=28.2374 temp=1.00 total_env_steps=9104 t=0.09s
Ep  267: len= 41 黑胜 loss=28.4298 temp=1.00 total_env_steps=9145 t=0.09s
Ep  268: len= 34 白胜 loss=28.1717 temp=1.00 total_env_steps=9179 t=0.08s
Ep  269: len= 40 白胜 loss=28.2147 temp=1.00 total_env_steps=9219 t=0.09s
Ep  270: len= 39 黑胜 loss=28.0878 temp=1.00 total_env_steps=9258 t=0.09s
Ep  271: len= 33 黑胜 loss=28.1817 temp=1.00 total_env_steps=9291 t=0.08s
Ep  272: len= 22 白胜 loss=28.2367 temp=1.00 total_env_steps=9313 t=0.06s
Ep  273: len= 33 黑胜 loss=28.2055 temp=1.00 total_env_steps=9346 t=0.08s
Ep  274: len= 24 白胜 loss=28.1559 temp=1.00 total_env_steps=9370 t=0.07s
Ep  275: len= 43 黑胜 loss=27.9690 temp=1.00 total_env_steps=9413 t=0.09s
Ep  276: len= 44 白胜 loss=28.3383 temp=1.00 total_env_steps=9457 t=0.10s
Ep  277: len= 29 黑胜 loss=28.2566 temp=1.00 total_env_steps=9486 t=0.07s
Ep  278: len= 32 白胜 loss=28.3052 temp=1.00 total_env_steps=9518 t=0.07s
Ep  279: len= 42 白胜 loss=28.1859 temp=1.00 total_env_steps=9560 t=0.09s
Ep  280: len= 27 黑胜 loss=28.3581 temp=1.00 total_env_steps=9587 t=0.07s
Ep  281: len= 19 黑胜 loss=28.1124 temp=1.00 total_env_steps=9606 t=0.06s
Ep  282: len= 33 黑胜 loss=28.4013 temp=1.00 total_env_steps=9639 t=0.08s
Ep  283: len= 20 白胜 loss=28.1687 temp=1.00 total_env_steps=9659 t=0.05s
Ep  284: len= 38 白胜 loss=28.2890 temp=1.00 total_env_steps=9697 t=0.09s
Ep  285: len= 23 黑胜 loss=28.2095 temp=1.00 total_env_steps=9720 t=0.06s
Ep  286: len= 26 白胜 loss=28.1340 temp=1.00 total_env_steps=9746 t=0.06s
Ep  287: len= 35 黑胜 loss=28.0759 temp=1.00 total_env_steps=9781 t=0.09s
Ep  288: len= 29 黑胜 loss=28.2991 temp=1.00 total_env_steps=9810 t=0.07s
Ep  289: len= 30 白胜 loss=28.1312 temp=1.00 total_env_steps=9840 t=0.08s
Ep  290: len= 42 白胜 loss=28.2255 temp=1.00 total_env_steps=9882 t=0.10s
Ep  291: len= 34 白胜 loss=28.1512 temp=1.00 total_env_steps=9916 t=0.08s
Ep  292: len= 37 黑胜 loss=28.1455 temp=1.00 total_env_steps=9953 t=0.08s
Ep  293: len= 43 黑胜 loss=28.1215 temp=1.00 total_env_steps=9996 t=0.09s
Ep  294: len= 44 白胜 loss=28.0935 temp=1.00 total_env_steps=10040 t=0.10s
Ep  295: len= 44 白胜 loss=28.0037 temp=1.00 total_env_steps=10084 t=0.10s
Ep  296: len= 38 白胜 loss=28.0694 temp=1.00 total_env_steps=10122 t=0.09s
Ep  297: len= 25 黑胜 loss=28.0350 temp=1.00 total_env_steps=10147 t=0.06s
Ep  298: len= 29 黑胜 loss=28.1429 temp=1.00 total_env_steps=10176 t=0.07s
Ep  299: len= 32 白胜 loss=28.0424 temp=1.00 total_env_steps=10208 t=0.08s
Ep  300: len= 15 黑胜 loss=28.0698 temp=1.00 total_env_steps=10223 t=0.05s
Ep  301: len= 46 白胜 loss=28.0389 temp=1.00 total_env_steps=10269 t=0.10s
Ep  302: len= 31 黑胜 loss=27.9806 temp=1.00 total_env_steps=10300 t=0.07s
Ep  303: len= 41 黑胜 loss=28.0849 temp=1.00 total_env_steps=10341 t=0.09s
Ep  304: len= 42 白胜 loss=28.3797 temp=1.00 total_env_steps=10383 t=0.09s
Ep  305: len= 34 白胜 loss=28.2112 temp=1.00 total_env_steps=10417 t=0.08s
Ep  306: len= 30 白胜 loss=28.1939 temp=1.00 total_env_steps=10447 t=0.07s
Ep  307: len= 37 黑胜 loss=28.0720 temp=1.00 total_env_steps=10484 t=0.08s
Ep  308: len= 39 黑胜 loss=28.1160 temp=1.00 total_env_steps=10523 t=0.09s
Ep  309: len= 49 黑胜 loss=28.0542 temp=1.00 total_env_steps=10572 t=0.10s
Ep  310: len= 31 黑胜 loss=28.4614 temp=1.00 total_env_steps=10603 t=0.08s
Ep  311: len= 24 白胜 loss=28.1641 temp=1.00 total_env_steps=10627 t=0.07s
Ep  312: len= 39 黑胜 loss=28.2279 temp=1.00 total_env_steps=10666 t=0.09s
Ep  313: len= 42 白胜 loss=28.1046 temp=1.00 total_env_steps=10708 t=0.10s
Ep  314: len= 30 白胜 loss=28.0879 temp=1.00 total_env_steps=10738 t=0.08s
Ep  315: len= 38 白胜 loss=28.1225 temp=1.00 total_env_steps=10776 t=0.10s
Ep  316: len= 31 黑胜 loss=28.3303 temp=1.00 total_env_steps=10807 t=0.10s
Ep  317: len= 28 白胜 loss=28.0962 temp=1.00 total_env_steps=10835 t=0.08s
Ep  318: len= 17 黑胜 loss=28.3725 temp=1.00 total_env_steps=10852 t=0.05s
Ep  319: len= 29 黑胜 loss=28.0793 temp=1.00 total_env_steps=10881 t=0.08s
Ep  320: len= 43 黑胜 loss=28.3082 temp=1.00 total_env_steps=10924 t=0.10s
Ep  321: len= 42 白胜 loss=28.1391 temp=1.00 total_env_steps=10966 t=0.10s
Ep  322: len= 33 黑胜 loss=28.0613 temp=1.00 total_env_steps=10999 t=0.09s
Ep  323: len= 37 黑胜 loss=27.9977 temp=1.00 total_env_steps=11036 t=0.09s
Ep  324: len= 44 白胜 loss=28.1684 temp=1.00 total_env_steps=11080 t=0.09s
Ep  325: len= 28 白胜 loss=28.2836 temp=1.00 total_env_steps=11108 t=0.08s
Ep  326: len= 23 黑胜 loss=28.0973 temp=1.00 total_env_steps=11131 t=0.07s
Ep  327: len= 22 白胜 loss=28.1886 temp=1.00 total_env_steps=11153 t=0.06s
Ep  328: len= 46 白胜 loss=28.2094 temp=1.00 total_env_steps=11199 t=0.10s
Ep  329: len= 50 白胜 loss=28.2314 temp=1.00 total_env_steps=11249 t=0.12s
Ep  330: len= 35 黑胜 loss=27.9563 temp=1.00 total_env_steps=11284 t=0.08s
Ep  331: len= 30 白胜 loss=28.2272 temp=1.00 total_env_steps=11314 t=0.08s
Ep  332: len= 31 黑胜 loss=28.0800 temp=1.00 total_env_steps=11345 t=0.07s
Ep  333: len= 44 白胜 loss=28.0830 temp=1.00 total_env_steps=11389 t=0.10s
Ep  334: len= 33 黑胜 loss=28.1775 temp=1.00 total_env_steps=11422 t=0.08s
Ep  335: len= 34 白胜 loss=28.0709 temp=1.00 total_env_steps=11456 t=0.08s
Ep  336: len= 39 黑胜 loss=28.1494 temp=1.00 total_env_steps=11495 t=0.09s
Ep  337: len= 42 白胜 loss=28.1882 temp=1.00 total_env_steps=11537 t=0.09s
Ep  338: len= 43 黑胜 loss=28.1692 temp=1.00 total_env_steps=11580 t=0.10s
Ep  339: len= 44 白胜 loss=28.0908 temp=1.00 total_env_steps=11624 t=0.10s
Ep  340: len= 25 黑胜 loss=28.1642 temp=1.00 total_env_steps=11649 t=0.06s
Ep  341: len= 35 黑胜 loss=28.1031 temp=1.00 total_env_steps=11684 t=0.08s
Ep  342: len= 33 黑胜 loss=28.0562 temp=1.00 total_env_steps=11717 t=0.08s
Ep  343: len= 39 黑胜 loss=28.1616 temp=1.00 total_env_steps=11756 t=0.09s
Ep  344: len= 26 白胜 loss=28.0302 temp=1.00 total_env_steps=11782 t=0.06s
Ep  345: len= 38 白胜 loss=28.2961 temp=1.00 total_env_steps=11820 t=0.09s
Ep  346: len= 58 白胜 loss=28.0678 temp=1.00 total_env_steps=11878 t=0.12s
Ep  347: len= 37 黑胜 loss=28.2027 temp=1.00 total_env_steps=11915 t=0.09s
Ep  348: len= 47 黑胜 loss=28.1733 temp=1.00 total_env_steps=11962 t=0.10s
Ep  349: len= 32 白胜 loss=28.2552 temp=1.00 total_env_steps=11994 t=0.08s
Ep  350: len= 29 黑胜 loss=28.0567 temp=1.00 total_env_steps=12023 t=0.07s
Ep  351: len= 35 黑胜 loss=28.1025 temp=1.00 total_env_steps=12058 t=0.09s
Ep  352: len= 33 黑胜 loss=28.2746 temp=1.00 total_env_steps=12091 t=0.08s
Ep  353: len= 28 白胜 loss=28.0835 temp=1.00 total_env_steps=12119 t=0.07s
Ep  354: len= 32 白胜 loss=28.1216 temp=1.00 total_env_steps=12151 t=0.08s
Ep  355: len= 44 白胜 loss=28.0566 temp=1.00 total_env_steps=12195 t=0.10s
Ep  356: len= 21 黑胜 loss=28.2221 temp=1.00 total_env_steps=12216 t=0.06s
Ep  357: len= 27 黑胜 loss=28.2074 temp=1.00 total_env_steps=12243 t=0.07s
Ep  358: len= 58 白胜 loss=28.1074 temp=1.00 total_env_steps=12301 t=0.12s
Ep  359: len= 27 黑胜 loss=27.9957 temp=1.00 total_env_steps=12328 t=0.07s
Ep  360: len= 44 白胜 loss=28.0747 temp=1.00 total_env_steps=12372 t=0.10s
Ep  361: len= 33 黑胜 loss=28.3643 temp=1.00 total_env_steps=12405 t=0.08s
Ep  362: len= 36 白胜 loss=28.0133 temp=1.00 total_env_steps=12441 t=0.08s
Ep  363: len= 45 黑胜 loss=28.1443 temp=1.00 total_env_steps=12486 t=0.11s
Ep  364: len= 32 白胜 loss=28.0743 temp=1.00 total_env_steps=12518 t=0.08s
Ep  365: len= 37 黑胜 loss=28.0613 temp=1.00 total_env_steps=12555 t=0.09s
Ep  366: len= 45 黑胜 loss=28.1036 temp=1.00 total_env_steps=12600 t=0.10s
Ep  367: len= 21 黑胜 loss=27.9870 temp=1.00 total_env_steps=12621 t=0.06s
Ep  368: len= 34 白胜 loss=28.1488 temp=1.00 total_env_steps=12655 t=0.10s
Ep  369: len= 17 黑胜 loss=28.0466 temp=1.00 total_env_steps=12672 t=0.05s
Ep  370: len= 39 黑胜 loss=27.9351 temp=1.00 total_env_steps=12711 t=0.09s
Ep  371: len= 29 黑胜 loss=28.2877 temp=1.00 total_env_steps=12740 t=0.07s
Ep  372: len= 20 白胜 loss=28.3490 temp=1.00 total_env_steps=12760 t=0.05s
Ep  373: len= 46 白胜 loss=28.0726 temp=1.00 total_env_steps=12806 t=0.11s
Ep  374: len= 51 黑胜 loss=28.0875 temp=1.00 total_env_steps=12857 t=0.11s
Ep  375: len= 33 黑胜 loss=28.1757 temp=1.00 total_env_steps=12890 t=0.08s
Ep  376: len= 63 黑胜 loss=28.0403 temp=1.00 total_env_steps=12953 t=0.12s
Ep  377: len= 25 黑胜 loss=28.3555 temp=1.00 total_env_steps=12978 t=0.07s
Ep  378: len= 37 黑胜 loss=28.1456 temp=1.00 total_env_steps=13015 t=0.09s
Ep  379: len= 32 白胜 loss=28.0911 temp=1.00 total_env_steps=13047 t=0.08s
Ep  380: len= 42 白胜 loss=28.1113 temp=1.00 total_env_steps=13089 t=0.09s
Ep  381: len= 38 白胜 loss=28.1702 temp=1.00 total_env_steps=13127 t=0.08s
Ep  382: len= 32 白胜 loss=28.2093 temp=1.00 total_env_steps=13159 t=0.07s
Ep  383: len= 20 白胜 loss=28.3246 temp=1.00 total_env_steps=13179 t=0.05s
Ep  384: len= 36 白胜 loss=28.0889 temp=1.00 total_env_steps=13215 t=0.09s
Ep  385: len= 20 白胜 loss=28.0811 temp=1.00 total_env_steps=13235 t=0.06s
Ep  386: len= 27 黑胜 loss=28.3135 temp=1.00 total_env_steps=13262 t=0.06s
Ep  387: len= 25 黑胜 loss=28.2179 temp=1.00 total_env_steps=13287 t=0.06s
Ep  388: len= 42 白胜 loss=28.1876 temp=1.00 total_env_steps=13329 t=0.09s
Ep  389: len= 24 白胜 loss=28.2073 temp=1.00 total_env_steps=13353 t=0.07s
Ep  390: len= 22 白胜 loss=28.2633 temp=1.00 total_env_steps=13375 t=0.06s
Ep  391: len= 45 黑胜 loss=28.1841 temp=1.00 total_env_steps=13420 t=0.10s
Ep  392: len= 20 白胜 loss=28.1920 temp=1.00 total_env_steps=13440 t=0.05s
Ep  393: len= 32 白胜 loss=28.1642 temp=1.00 total_env_steps=13472 t=0.08s
Ep  394: len= 36 白胜 loss=28.2620 temp=1.00 total_env_steps=13508 t=0.08s
Ep  395: len= 35 黑胜 loss=28.0671 temp=1.00 total_env_steps=13543 t=0.08s
Ep  396: len= 45 黑胜 loss=28.1131 temp=1.00 total_env_steps=13588 t=0.10s
Ep  397: len= 59 黑胜 loss=28.1810 temp=1.00 total_env_steps=13647 t=0.13s
Ep  398: len= 32 白胜 loss=28.3817 temp=1.00 total_env_steps=13679 t=0.08s
Ep  399: len= 30 白胜 loss=28.1234 temp=1.00 total_env_steps=13709 t=0.08s
Ep  400: len= 33 黑胜 loss=28.1698 temp=1.00 total_env_steps=13742 t=0.08s
  eval vs Gomoku-random-v0: win_rate=0.80 mean_return=0.60（20 局，total_env_steps=13742）
Ep  401: len= 29 黑胜 loss=28.1283 temp=1.00 total_env_steps=13771 t=0.07s
Ep  402: len= 33 黑胜 loss=27.9694 temp=1.00 total_env_steps=13804 t=0.07s
Ep  403: len= 36 白胜 loss=28.3163 temp=1.00 total_env_steps=13840 t=0.08s
Ep  404: len= 39 黑胜 loss=28.1491 temp=1.00 total_env_steps=13879 t=0.09s
Ep  405: len= 39 黑胜 loss=28.1576 temp=1.00 total_env_steps=13918 t=0.08s
Ep  406: len= 56 白胜 loss=28.1392 temp=1.00 total_env_steps=13974 t=0.12s
Ep  407: len= 31 黑胜 loss=28.1697 temp=1.00 total_env_steps=14005 t=0.07s
Ep  408: len= 31 黑胜 loss=28.1363 temp=1.00 total_env_steps=14036 t=0.07s
Ep  409: len= 34 白胜 loss=28.1316 temp=1.00 total_env_steps=14070 t=0.09s
Ep  410: len= 37 黑胜 loss=28.2029 temp=1.00 total_env_steps=14107 t=0.08s
Ep  411: len= 36 白胜 loss=28.2216 temp=1.00 total_env_steps=14143 t=0.09s
Ep  412: len= 23 黑胜 loss=28.0674 temp=1.00 total_env_steps=14166 t=0.06s
Ep  413: len= 26 白胜 loss=27.9937 temp=1.00 total_env_steps=14192 t=0.07s
Ep  414: len= 40 白胜 loss=28.0158 temp=1.00 total_env_steps=14232 t=0.10s
Ep  415: len= 49 黑胜 loss=28.2254 temp=1.00 total_env_steps=14281 t=0.10s
Ep  416: len= 54 白胜 loss=27.9807 temp=1.00 total_env_steps=14335 t=0.13s
Ep  417: len= 21 黑胜 loss=28.1207 temp=1.00 total_env_steps=14356 t=0.06s
Ep  418: len= 19 黑胜 loss=28.0086 temp=1.00 total_env_steps=14375 t=0.05s
Ep  419: len= 33 黑胜 loss=28.0340 temp=1.00 total_env_steps=14408 t=0.08s
Ep  420: len= 21 黑胜 loss=28.0829 temp=1.00 total_env_steps=14429 t=0.06s
Ep  421: len= 42 白胜 loss=28.2907 temp=1.00 total_env_steps=14471 t=0.10s
Ep  422: len= 44 白胜 loss=28.3070 temp=1.00 total_env_steps=14515 t=0.10s
Ep  423: len= 25 黑胜 loss=28.2243 temp=1.00 total_env_steps=14540 t=0.06s
Ep  424: len= 42 白胜 loss=28.1668 temp=1.00 total_env_steps=14582 t=0.09s
Ep  425: len= 40 白胜 loss=28.1319 temp=1.00 total_env_steps=14622 t=0.09s
Ep  426: len= 20 白胜 loss=28.3126 temp=1.00 total_env_steps=14642 t=0.06s
Ep  427: len= 31 黑胜 loss=28.1774 temp=1.00 total_env_steps=14673 t=0.07s
Ep  428: len= 41 黑胜 loss=28.1458 temp=1.00 total_env_steps=14714 t=0.10s
Ep  429: len= 21 黑胜 loss=28.1495 temp=1.00 total_env_steps=14735 t=0.06s
Ep  430: len= 31 黑胜 loss=28.3545 temp=1.00 total_env_steps=14766 t=0.07s
Ep  431: len= 20 白胜 loss=28.2608 temp=1.00 total_env_steps=14786 t=0.06s
Ep  432: len= 39 黑胜 loss=28.1994 temp=1.00 total_env_steps=14825 t=0.08s
Ep  433: len= 45 黑胜 loss=28.3388 temp=1.00 total_env_steps=14870 t=0.10s
Ep  434: len= 35 黑胜 loss=28.2090 temp=1.00 total_env_steps=14905 t=0.08s
Ep  435: len= 26 白胜 loss=28.4282 temp=1.00 total_env_steps=14931 t=0.06s
Ep  436: len= 50 白胜 loss=28.0911 temp=1.00 total_env_steps=14981 t=0.11s
Ep  437: len= 30 白胜 loss=28.1403 temp=1.00 total_env_steps=15011 t=0.08s
Ep  438: len= 20 白胜 loss=28.3013 temp=1.00 total_env_steps=15031 t=0.05s
Ep  439: len= 42 白胜 loss=28.2587 temp=1.00 total_env_steps=15073 t=0.09s
Ep  440: len= 31 黑胜 loss=28.0266 temp=1.00 total_env_steps=15104 t=0.07s
Ep  441: len= 49 黑胜 loss=28.1832 temp=1.00 total_env_steps=15153 t=0.10s
Ep  442: len= 30 白胜 loss=28.0566 temp=1.00 total_env_steps=15183 t=0.07s
Ep  443: len= 44 白胜 loss=28.2890 temp=1.00 total_env_steps=15227 t=0.09s
Ep  444: len= 23 黑胜 loss=28.0210 temp=1.00 total_env_steps=15250 t=0.07s
Ep  445: len= 28 白胜 loss=28.0590 temp=1.00 total_env_steps=15278 t=0.07s
Ep  446: len= 29 黑胜 loss=28.0284 temp=1.00 total_env_steps=15307 t=0.07s
Ep  447: len= 41 黑胜 loss=28.1256 temp=1.00 total_env_steps=15348 t=0.09s
Ep  448: len= 42 白胜 loss=28.1316 temp=1.00 total_env_steps=15390 t=0.09s
Ep  449: len= 49 黑胜 loss=27.9758 temp=1.00 total_env_steps=15439 t=0.10s
Ep  450: len= 35 黑胜 loss=28.1773 temp=1.00 total_env_steps=15474 t=0.08s
Ep  451: len= 40 白胜 loss=28.1293 temp=1.00 total_env_steps=15514 t=0.09s
Ep  452: len= 44 白胜 loss=28.0359 temp=1.00 total_env_steps=15558 t=0.10s
Ep  453: len= 30 白胜 loss=28.0144 temp=1.00 total_env_steps=15588 t=0.07s
Ep  454: len= 27 黑胜 loss=27.9789 temp=1.00 total_env_steps=15615 t=0.07s
Ep  455: len= 49 黑胜 loss=28.1821 temp=1.00 total_env_steps=15664 t=0.11s
Ep  456: len= 32 白胜 loss=27.9452 temp=1.00 total_env_steps=15696 t=0.08s
Ep  457: len= 39 黑胜 loss=28.0676 temp=1.00 total_env_steps=15735 t=0.09s
Ep  458: len= 27 黑胜 loss=28.0433 temp=1.00 total_env_steps=15762 t=0.07s
Ep  459: len= 21 黑胜 loss=28.3330 temp=1.00 total_env_steps=15783 t=0.06s
Ep  460: len= 25 黑胜 loss=28.1246 temp=1.00 total_env_steps=15808 t=0.06s
Ep  461: len= 44 白胜 loss=28.1390 temp=1.00 total_env_steps=15852 t=0.10s
Ep  462: len= 37 黑胜 loss=28.1394 temp=1.00 total_env_steps=15889 t=0.09s
Ep  463: len= 34 白胜 loss=27.9644 temp=1.00 total_env_steps=15923 t=0.08s
Ep  464: len= 39 黑胜 loss=28.3735 temp=1.00 total_env_steps=15962 t=0.09s
Ep  465: len= 38 白胜 loss=28.1537 temp=1.00 total_env_steps=16000 t=0.09s
Ep  466: len= 28 白胜 loss=28.1540 temp=1.00 total_env_steps=16028 t=0.08s
Ep  467: len= 27 黑胜 loss=28.0643 temp=1.00 total_env_steps=16055 t=0.07s
Ep  468: len= 36 白胜 loss=28.2885 temp=1.00 total_env_steps=16091 t=0.08s
Ep  469: len= 19 黑胜 loss=28.2426 temp=1.00 total_env_steps=16110 t=0.06s
Ep  470: len= 41 黑胜 loss=28.1757 temp=1.00 total_env_steps=16151 t=0.09s
Ep  471: len= 41 黑胜 loss=28.1199 temp=1.00 total_env_steps=16192 t=0.11s
Ep  472: len= 40 白胜 loss=27.8162 temp=1.00 total_env_steps=16232 t=0.09s
Ep  473: len= 45 黑胜 loss=28.1755 temp=1.00 total_env_steps=16277 t=0.10s
Ep  474: len= 48 白胜 loss=28.0290 temp=1.00 total_env_steps=16325 t=0.10s
Ep  475: len= 24 白胜 loss=27.8704 temp=1.00 total_env_steps=16349 t=0.06s
Ep  476: len= 34 白胜 loss=28.0521 temp=1.00 total_env_steps=16383 t=0.08s
Ep  477: len= 36 白胜 loss=27.9644 temp=1.00 total_env_steps=16419 t=0.08s
Ep  478: len= 27 黑胜 loss=27.9345 temp=1.00 total_env_steps=16446 t=0.07s
Ep  479: len= 38 白胜 loss=28.0550 temp=1.00 total_env_steps=16484 t=0.09s
Ep  480: len= 36 白胜 loss=28.1355 temp=1.00 total_env_steps=16520 t=0.08s
Ep  481: len= 49 黑胜 loss=28.0621 temp=1.00 total_env_steps=16569 t=0.11s
Ep  482: len= 21 黑胜 loss=28.2539 temp=1.00 total_env_steps=16590 t=0.06s
Ep  483: len= 36 白胜 loss=28.0871 temp=1.00 total_env_steps=16626 t=0.08s
Ep  484: len= 10 白胜 loss=27.9845 temp=1.00 total_env_steps=16636 t=0.04s
Ep  485: len= 39 黑胜 loss=28.2672 temp=1.00 total_env_steps=16675 t=0.09s
Ep  486: len= 41 黑胜 loss=27.9958 temp=1.00 total_env_steps=16716 t=0.10s
Ep  487: len= 43 黑胜 loss=28.1986 temp=1.00 total_env_steps=16759 t=0.09s
Ep  488: len= 35 黑胜 loss=27.9449 temp=1.00 total_env_steps=16794 t=0.08s
Ep  489: len= 30 白胜 loss=28.1902 temp=1.00 total_env_steps=16824 t=0.07s
Ep  490: len= 23 黑胜 loss=27.8227 temp=1.00 total_env_steps=16847 t=0.06s
Ep  491: len= 29 黑胜 loss=28.1433 temp=1.00 total_env_steps=16876 t=0.08s
Ep  492: len= 29 黑胜 loss=28.0737 temp=1.00 total_env_steps=16905 t=0.07s
Ep  493: len= 24 白胜 loss=28.0649 temp=1.00 total_env_steps=16929 t=0.06s
Ep  494: len= 33 黑胜 loss=28.1116 temp=1.00 total_env_steps=16962 t=0.08s
Ep  495: len= 46 白胜 loss=28.0801 temp=1.00 total_env_steps=17008 t=0.10s
Ep  496: len= 29 黑胜 loss=28.0050 temp=1.00 total_env_steps=17037 t=0.07s
Ep  497: len= 27 黑胜 loss=28.3069 temp=1.00 total_env_steps=17064 t=0.07s
Ep  498: len= 32 白胜 loss=28.1326 temp=1.00 total_env_steps=17096 t=0.08s
Ep  499: len= 42 白胜 loss=28.2417 temp=1.00 total_env_steps=17138 t=0.09s
Ep  500: len= 31 黑胜 loss=28.2946 temp=1.00 total_env_steps=17169 t=0.07s
Ep  501: len= 30 白胜 loss=28.0470 temp=1.00 total_env_steps=17199 t=0.07s
Ep  502: len= 37 黑胜 loss=28.3230 temp=1.00 total_env_steps=17236 t=0.08s
Ep  503: len= 20 白胜 loss=28.0387 temp=1.00 total_env_steps=17256 t=0.06s
Ep  504: len= 36 白胜 loss=28.2560 temp=1.00 total_env_steps=17292 t=0.08s
Ep  505: len= 30 白胜 loss=28.2450 temp=1.00 total_env_steps=17322 t=0.07s
Ep  506: len= 29 黑胜 loss=27.9632 temp=1.00 total_env_steps=17351 t=0.07s
Ep  507: len= 35 黑胜 loss=28.1526 temp=1.00 total_env_steps=17386 t=0.09s
Ep  508: len= 43 黑胜 loss=28.1315 temp=1.00 total_env_steps=17429 t=0.10s
Ep  509: len= 32 白胜 loss=27.9567 temp=1.00 total_env_steps=17461 t=0.08s
Ep  510: len= 35 黑胜 loss=28.1306 temp=1.00 total_env_steps=17496 t=0.08s
Ep  511: len= 33 黑胜 loss=28.1192 temp=1.00 total_env_steps=17529 t=0.08s
Ep  512: len= 23 黑胜 loss=28.2255 temp=1.00 total_env_steps=17552 t=0.06s
Ep  513: len= 32 白胜 loss=28.0696 temp=1.00 total_env_steps=17584 t=0.08s
Ep  514: len= 32 白胜 loss=28.1512 temp=1.00 total_env_steps=17616 t=0.08s
Ep  515: len= 28 白胜 loss=28.1298 temp=1.00 total_env_steps=17644 t=0.07s
Ep  516: len= 30 白胜 loss=27.8677 temp=1.00 total_env_steps=17674 t=0.08s
Ep  517: len= 32 白胜 loss=27.8613 temp=1.00 total_env_steps=17706 t=0.07s
Ep  518: len= 23 黑胜 loss=27.9110 temp=1.00 total_env_steps=17729 t=0.07s
Ep  519: len= 31 黑胜 loss=28.1587 temp=1.00 total_env_steps=17760 t=0.08s
Ep  520: len= 25 黑胜 loss=28.0900 temp=1.00 total_env_steps=17785 t=0.06s
Ep  521: len= 32 白胜 loss=28.3600 temp=1.00 total_env_steps=17817 t=0.08s
Ep  522: len= 31 黑胜 loss=27.9687 temp=1.00 total_env_steps=17848 t=0.09s
Ep  523: len= 27 黑胜 loss=28.1816 temp=1.00 total_env_steps=17875 t=0.07s
Ep  524: len= 40 白胜 loss=28.1995 temp=1.00 total_env_steps=17915 t=0.10s
Ep  525: len= 27 黑胜 loss=28.2633 temp=1.00 total_env_steps=17942 t=0.07s
Ep  526: len= 21 黑胜 loss=28.2844 temp=1.00 total_env_steps=17963 t=0.06s
Ep  527: len= 47 黑胜 loss=28.2751 temp=1.00 total_env_steps=18010 t=0.11s
Ep  528: len= 22 白胜 loss=28.2688 temp=1.00 total_env_steps=18032 t=0.06s
Ep  529: len= 37 黑胜 loss=28.0532 temp=1.00 total_env_steps=18069 t=0.09s
Ep  530: len= 36 白胜 loss=28.0072 temp=1.00 total_env_steps=18105 t=0.08s
Ep  531: len= 57 黑胜 loss=28.1367 temp=1.00 total_env_steps=18162 t=0.12s
Ep  532: len= 39 黑胜 loss=27.9592 temp=1.00 total_env_steps=18201 t=0.10s
Ep  533: len= 25 黑胜 loss=28.1189 temp=1.00 total_env_steps=18226 t=0.07s
Ep  534: len= 46 白胜 loss=28.1301 temp=1.00 total_env_steps=18272 t=0.11s
Ep  535: len= 27 黑胜 loss=28.1304 temp=1.00 total_env_steps=18299 t=0.06s
Ep  536: len= 22 白胜 loss=27.9823 temp=1.00 total_env_steps=18321 t=0.06s
Ep  537: len= 31 黑胜 loss=28.0546 temp=1.00 total_env_steps=18352 t=0.07s
Ep  538: len= 30 白胜 loss=28.3656 temp=1.00 total_env_steps=18382 t=0.07s
Ep  539: len= 45 黑胜 loss=28.0303 temp=1.00 total_env_steps=18427 t=0.10s
Ep  540: len= 36 白胜 loss=28.1130 temp=1.00 total_env_steps=18463 t=0.08s
Ep  541: len= 32 白胜 loss=28.0326 temp=1.00 total_env_steps=18495 t=0.08s
Ep  542: len= 29 黑胜 loss=27.8597 temp=1.00 total_env_steps=18524 t=0.07s
Ep  543: len= 35 黑胜 loss=27.9129 temp=1.00 total_env_steps=18559 t=0.08s
Ep  544: len= 45 黑胜 loss=28.0010 temp=1.00 total_env_steps=18604 t=0.10s
Ep  545: len= 32 白胜 loss=27.9634 temp=1.00 total_env_steps=18636 t=0.08s
Ep  546: len= 41 黑胜 loss=28.0863 temp=1.00 total_env_steps=18677 t=0.09s
Ep  547: len= 40 白胜 loss=28.0073 temp=1.00 total_env_steps=18717 t=0.09s
Ep  548: len= 30 白胜 loss=28.0814 temp=1.00 total_env_steps=18747 t=0.07s
Ep  549: len= 19 黑胜 loss=27.8410 temp=1.00 total_env_steps=18766 t=0.05s
Ep  550: len= 22 白胜 loss=27.9492 temp=1.00 total_env_steps=18788 t=0.06s
Ep  551: len= 42 白胜 loss=28.1674 temp=1.00 total_env_steps=18830 t=0.09s
Ep  552: len= 44 白胜 loss=28.1600 temp=1.00 total_env_steps=18874 t=0.10s
Ep  553: len= 27 黑胜 loss=28.0706 temp=1.00 total_env_steps=18901 t=0.07s
Ep  554: len= 36 白胜 loss=28.1696 temp=1.00 total_env_steps=18937 t=0.09s
Ep  555: len= 26 白胜 loss=28.1818 temp=1.00 total_env_steps=18963 t=0.07s
Ep  556: len= 25 黑胜 loss=27.8967 temp=1.00 total_env_steps=18988 t=0.06s
Ep  557: len= 28 白胜 loss=27.9407 temp=1.00 total_env_steps=19016 t=0.07s
Ep  558: len= 34 白胜 loss=28.1490 temp=1.00 total_env_steps=19050 t=0.08s
Ep  559: len= 27 黑胜 loss=28.2460 temp=1.00 total_env_steps=19077 t=0.07s
Ep  560: len= 15 黑胜 loss=27.9980 temp=1.00 total_env_steps=19092 t=0.06s
Ep  561: len= 45 黑胜 loss=28.2836 temp=1.00 total_env_steps=19137 t=0.11s
Ep  562: len= 37 黑胜 loss=28.0921 temp=1.00 total_env_steps=19174 t=0.09s
Ep  563: len= 34 白胜 loss=28.1295 temp=1.00 total_env_steps=19208 t=0.08s
Ep  564: len= 35 黑胜 loss=28.0377 temp=1.00 total_env_steps=19243 t=0.09s
Ep  565: len= 28 白胜 loss=28.2177 temp=1.00 total_env_steps=19271 t=0.07s
Ep  566: len= 52 白胜 loss=28.1344 temp=1.00 total_env_steps=19323 t=0.10s
Ep  567: len= 44 白胜 loss=28.1149 temp=1.00 total_env_steps=19367 t=0.10s
Ep  568: len= 38 白胜 loss=28.0192 temp=1.00 total_env_steps=19405 t=0.09s
Ep  569: len= 33 黑胜 loss=28.0948 temp=1.00 total_env_steps=19438 t=0.08s
Ep  570: len= 23 黑胜 loss=27.9956 temp=1.00 total_env_steps=19461 t=0.07s
Ep  571: len= 25 黑胜 loss=27.9295 temp=1.00 total_env_steps=19486 t=0.06s
Ep  572: len= 22 白胜 loss=28.2382 temp=1.00 total_env_steps=19508 t=0.06s
Ep  573: len= 35 黑胜 loss=28.0643 temp=1.00 total_env_steps=19543 t=0.08s
Ep  574: len= 48 白胜 loss=28.2963 temp=1.00 total_env_steps=19591 t=0.10s
Ep  575: len= 21 黑胜 loss=28.0704 temp=1.00 total_env_steps=19612 t=0.06s
Ep  576: len= 31 黑胜 loss=28.0396 temp=1.00 total_env_steps=19643 t=0.08s
Ep  577: len= 37 黑胜 loss=28.1982 temp=1.00 total_env_steps=19680 t=0.09s
Ep  578: len= 42 白胜 loss=28.0535 temp=1.00 total_env_steps=19722 t=0.09s
Ep  579: len= 37 黑胜 loss=28.1305 temp=1.00 total_env_steps=19759 t=0.09s
Ep  580: len= 43 黑胜 loss=28.0319 temp=1.00 total_env_steps=19802 t=0.09s
Ep  581: len= 39 黑胜 loss=28.1222 temp=1.00 total_env_steps=19841 t=0.09s
Ep  582: len= 21 黑胜 loss=28.2601 temp=1.00 total_env_steps=19862 t=0.05s
Ep  583: len= 38 白胜 loss=28.1224 temp=1.00 total_env_steps=19900 t=0.09s
Ep  584: len= 38 白胜 loss=28.0243 temp=1.00 total_env_steps=19938 t=0.10s
Ep  585: len= 29 黑胜 loss=28.2146 temp=1.00 total_env_steps=19967 t=0.07s
Ep  586: len= 32 白胜 loss=27.9644 temp=1.00 total_env_steps=19999 t=0.07s
Ep  587: len= 42 白胜 loss=27.9498 temp=1.00 total_env_steps=20041 t=0.09s
Ep  588: len= 26 白胜 loss=28.3011 temp=1.00 total_env_steps=20067 t=0.06s
Ep  589: len= 37 黑胜 loss=28.0584 temp=1.00 total_env_steps=20104 t=0.08s
Ep  590: len= 42 白胜 loss=28.1888 temp=1.00 total_env_steps=20146 t=0.09s
Ep  591: len= 27 黑胜 loss=28.0026 temp=1.00 total_env_steps=20173 t=0.07s
Ep  592: len= 30 白胜 loss=28.1111 temp=1.00 total_env_steps=20203 t=0.07s
Ep  593: len= 41 黑胜 loss=28.0133 temp=1.00 total_env_steps=20244 t=0.10s
Ep  594: len= 31 黑胜 loss=28.1186 temp=1.00 total_env_steps=20275 t=0.07s
Ep  595: len= 43 黑胜 loss=27.9718 temp=1.00 total_env_steps=20318 t=0.10s
Ep  596: len= 34 白胜 loss=28.2045 temp=1.00 total_env_steps=20352 t=0.09s
Ep  597: len= 40 白胜 loss=28.0595 temp=1.00 total_env_steps=20392 t=0.08s
Ep  598: len= 41 黑胜 loss=28.0436 temp=1.00 total_env_steps=20433 t=0.09s
Ep  599: len= 35 黑胜 loss=27.9069 temp=1.00 total_env_steps=20468 t=0.09s
Ep  600: len= 45 黑胜 loss=27.9902 temp=1.00 total_env_steps=20513 t=0.11s
  eval vs Gomoku-random-v0: win_rate=1.00 mean_return=1.00（20 局，total_env_steps=20513）
Ep  601: len= 22 白胜 loss=28.2029 temp=1.00 total_env_steps=20535 t=0.06s
Ep  602: len= 32 白胜 loss=27.9120 temp=1.00 total_env_steps=20567 t=0.08s
Ep  603: len= 24 白胜 loss=27.9780 temp=1.00 total_env_steps=20591 t=0.06s
Ep  604: len= 44 白胜 loss=28.0937 temp=1.00 total_env_steps=20635 t=0.10s
Ep  605: len= 36 白胜 loss=28.0141 temp=1.00 total_env_steps=20671 t=0.08s
Ep  606: len= 48 白胜 loss=28.1671 temp=1.00 total_env_steps=20719 t=0.11s
Ep  607: len= 24 白胜 loss=28.2614 temp=1.00 total_env_steps=20743 t=0.06s
Ep  608: len= 44 白胜 loss=27.9927 temp=1.00 total_env_steps=20787 t=0.09s
Ep  609: len= 40 白胜 loss=27.9760 temp=1.00 total_env_steps=20827 t=0.10s
Ep  610: len= 41 黑胜 loss=27.9996 temp=1.00 total_env_steps=20868 t=0.09s
Ep  611: len= 38 白胜 loss=27.8740 temp=1.00 total_env_steps=20906 t=0.08s
Ep  612: len= 30 白胜 loss=28.1859 temp=1.00 total_env_steps=20936 t=0.08s
Ep  613: len= 46 白胜 loss=27.9873 temp=1.00 total_env_steps=20982 t=0.10s
Ep  614: len= 55 黑胜 loss=27.8845 temp=1.00 total_env_steps=21037 t=0.11s
Ep  615: len= 36 白胜 loss=28.0604 temp=1.00 total_env_steps=21073 t=0.08s
Ep  616: len= 29 黑胜 loss=28.1388 temp=1.00 total_env_steps=21102 t=0.07s
Ep  617: len= 35 黑胜 loss=28.0052 temp=1.00 total_env_steps=21137 t=0.09s
Ep  618: len= 31 黑胜 loss=27.9065 temp=1.00 total_env_steps=21168 t=0.07s
Ep  619: len= 31 黑胜 loss=28.1255 temp=1.00 total_env_steps=21199 t=0.07s
Ep  620: len= 32 白胜 loss=28.1623 temp=1.00 total_env_steps=21231 t=0.08s
Ep  621: len= 42 白胜 loss=28.0850 temp=1.00 total_env_steps=21273 t=0.09s
Ep  622: len= 25 黑胜 loss=27.9845 temp=1.00 total_env_steps=21298 t=0.06s
Ep  623: len= 37 黑胜 loss=28.1871 temp=1.00 total_env_steps=21335 t=0.09s
Ep  624: len= 28 白胜 loss=28.0253 temp=1.00 total_env_steps=21363 t=0.07s
Ep  625: len= 29 黑胜 loss=28.1448 temp=1.00 total_env_steps=21392 t=0.07s
Ep  626: len= 41 黑胜 loss=27.9747 temp=1.00 total_env_steps=21433 t=0.10s
Ep  627: len= 14 白胜 loss=28.0837 temp=1.00 total_env_steps=21447 t=0.04s
Ep  628: len= 26 白胜 loss=27.9450 temp=1.00 total_env_steps=21473 t=0.06s
Ep  629: len= 44 白胜 loss=28.0658 temp=1.00 total_env_steps=21517 t=0.10s
Ep  630: len= 37 黑胜 loss=28.0941 temp=1.00 total_env_steps=21554 t=0.09s
Ep  631: len= 40 白胜 loss=28.0886 temp=1.00 total_env_steps=21594 t=0.09s
Ep  632: len= 15 黑胜 loss=27.9445 temp=1.00 total_env_steps=21609 t=0.05s
Ep  633: len= 29 黑胜 loss=28.1603 temp=1.00 total_env_steps=21638 t=0.08s
Ep  634: len= 36 白胜 loss=28.2072 temp=1.00 total_env_steps=21674 t=0.08s
Ep  635: len= 30 白胜 loss=28.0136 temp=1.00 total_env_steps=21704 t=0.08s
Ep  636: len= 36 白胜 loss=28.0434 temp=1.00 total_env_steps=21740 t=0.09s
Ep  637: len= 15 黑胜 loss=28.0939 temp=1.00 total_env_steps=21755 t=0.08s
Ep  638: len= 38 白胜 loss=28.0071 temp=1.00 total_env_steps=21793 t=0.10s
Ep  639: len= 30 白胜 loss=28.0369 temp=1.00 total_env_steps=21823 t=0.08s
Ep  640: len= 34 白胜 loss=28.0990 temp=1.00 total_env_steps=21857 t=0.08s
Ep  641: len= 26 白胜 loss=27.8407 temp=1.00 total_env_steps=21883 t=0.07s
Ep  642: len= 30 白胜 loss=28.0255 temp=1.00 total_env_steps=21913 t=0.07s
Ep  643: len= 38 白胜 loss=28.0573 temp=1.00 total_env_steps=21951 t=0.09s
Ep  644: len= 30 白胜 loss=28.0971 temp=1.00 total_env_steps=21981 t=0.07s
Ep  645: len= 37 黑胜 loss=28.1491 temp=1.00 total_env_steps=22018 t=0.09s
Ep  646: len= 40 白胜 loss=27.9516 temp=1.00 total_env_steps=22058 t=0.09s
Ep  647: len= 32 白胜 loss=28.1349 temp=1.00 total_env_steps=22090 t=0.08s
Ep  648: len= 46 白胜 loss=28.0017 temp=1.00 total_env_steps=22136 t=0.10s
Ep  649: len= 42 白胜 loss=28.0256 temp=1.00 total_env_steps=22178 t=0.09s
Ep  650: len= 26 白胜 loss=27.9535 temp=1.00 total_env_steps=22204 t=0.07s
Ep  651: len= 26 白胜 loss=27.9382 temp=1.00 total_env_steps=22230 t=0.07s
Ep  652: len= 29 黑胜 loss=27.9607 temp=1.00 total_env_steps=22259 t=0.07s
Ep  653: len= 38 白胜 loss=27.9336 temp=1.00 total_env_steps=22297 t=0.09s
Ep  654: len= 31 黑胜 loss=28.0032 temp=1.00 total_env_steps=22328 t=0.07s
Ep  655: len= 23 黑胜 loss=28.0175 temp=1.00 total_env_steps=22351 t=0.06s
Ep  656: len= 36 白胜 loss=27.9626 temp=1.00 total_env_steps=22387 t=0.09s
Ep  657: len= 41 黑胜 loss=28.2383 temp=1.00 total_env_steps=22428 t=0.10s
Ep  658: len= 18 白胜 loss=28.1400 temp=1.00 total_env_steps=22446 t=0.06s
Ep  659: len= 37 黑胜 loss=27.9244 temp=1.00 total_env_steps=22483 t=0.08s
Ep  660: len= 33 黑胜 loss=27.9518 temp=1.00 total_env_steps=22516 t=0.08s
Ep  661: len= 24 白胜 loss=28.0474 temp=1.00 total_env_steps=22540 t=0.07s
Ep  662: len= 25 黑胜 loss=28.0436 temp=1.00 total_env_steps=22565 t=0.07s
Ep  663: len= 42 白胜 loss=27.9997 temp=1.00 total_env_steps=22607 t=0.09s
Ep  664: len= 55 黑胜 loss=27.7854 temp=1.00 total_env_steps=22662 t=0.11s
Ep  665: len= 27 黑胜 loss=28.2724 temp=1.00 total_env_steps=22689 t=0.07s
Ep  666: len= 35 黑胜 loss=27.8745 temp=1.00 total_env_steps=22724 t=0.08s
Ep  667: len= 35 黑胜 loss=28.0673 temp=1.00 total_env_steps=22759 t=0.08s
Ep  668: len= 32 白胜 loss=28.0684 temp=1.00 total_env_steps=22791 t=0.08s
Ep  669: len= 34 白胜 loss=27.8995 temp=1.00 total_env_steps=22825 t=0.09s
Ep  670: len= 26 白胜 loss=27.8320 temp=1.00 total_env_steps=22851 t=0.07s
Ep  671: len= 31 黑胜 loss=27.9289 temp=1.00 total_env_steps=22882 t=0.08s
Ep  672: len= 37 黑胜 loss=27.9469 temp=1.00 total_env_steps=22919 t=0.09s
Ep  673: len= 33 黑胜 loss=27.9504 temp=1.00 total_env_steps=22952 t=0.08s
Ep  674: len= 45 黑胜 loss=27.9718 temp=1.00 total_env_steps=22997 t=0.10s
Ep  675: len= 36 白胜 loss=27.9836 temp=1.00 total_env_steps=23033 t=0.08s
Ep  676: len= 32 白胜 loss=27.9081 temp=1.00 total_env_steps=23065 t=0.08s
Ep  677: len= 45 黑胜 loss=28.0573 temp=1.00 total_env_steps=23110 t=0.10s
Ep  678: len= 36 白胜 loss=27.8631 temp=1.00 total_env_steps=23146 t=0.09s
Ep  679: len= 30 白胜 loss=27.9465 temp=1.00 total_env_steps=23176 t=0.07s
Ep  680: len= 41 黑胜 loss=28.1143 temp=1.00 total_env_steps=23217 t=0.10s
Ep  681: len= 37 黑胜 loss=27.8783 temp=1.00 total_env_steps=23254 t=0.08s
Ep  682: len= 36 白胜 loss=27.9416 temp=1.00 total_env_steps=23290 t=0.08s
Ep  683: len= 29 黑胜 loss=28.0839 temp=1.00 total_env_steps=23319 t=0.07s
Ep  684: len= 37 黑胜 loss=28.0046 temp=1.00 total_env_steps=23356 t=0.09s
Ep  685: len= 34 白胜 loss=27.8819 temp=1.00 total_env_steps=23390 t=0.09s
Ep  686: len= 26 白胜 loss=27.8590 temp=1.00 total_env_steps=23416 t=0.07s
Ep  687: len= 35 黑胜 loss=28.1287 temp=1.00 total_env_steps=23451 t=0.08s
Ep  688: len= 28 白胜 loss=27.8543 temp=1.00 total_env_steps=23479 t=0.07s
Ep  689: len= 33 黑胜 loss=28.0676 temp=1.00 total_env_steps=23512 t=0.08s
Ep  690: len= 39 黑胜 loss=28.0602 temp=1.00 total_env_steps=23551 t=0.09s
Ep  691: len= 36 白胜 loss=27.9086 temp=1.00 total_env_steps=23587 t=0.09s
Ep  692: len= 41 黑胜 loss=28.0077 temp=1.00 total_env_steps=23628 t=0.09s
Ep  693: len= 16 白胜 loss=27.8880 temp=1.00 total_env_steps=23644 t=0.05s
Ep  694: len= 31 黑胜 loss=27.9278 temp=1.00 total_env_steps=23675 t=0.07s
Ep  695: len= 24 白胜 loss=27.8960 temp=1.00 total_env_steps=23699 t=0.06s
Ep  696: len= 24 白胜 loss=28.0479 temp=1.00 total_env_steps=23723 t=0.06s
Ep  697: len= 45 黑胜 loss=28.0194 temp=1.00 total_env_steps=23768 t=0.12s
Ep  698: len= 30 白胜 loss=28.1225 temp=1.00 total_env_steps=23798 t=0.07s
Ep  699: len= 18 白胜 loss=28.0123 temp=1.00 total_env_steps=23816 t=0.05s
Ep  700: len= 29 黑胜 loss=28.1171 temp=1.00 total_env_steps=23845 t=0.08s
Ep  701: len= 34 白胜 loss=27.8736 temp=1.00 total_env_steps=23879 t=0.08s
Ep  702: len= 37 黑胜 loss=28.0765 temp=1.00 total_env_steps=23916 t=0.08s
Ep  703: len= 34 白胜 loss=28.1303 temp=1.00 total_env_steps=23950 t=0.08s
Ep  704: len= 28 白胜 loss=27.9341 temp=1.00 total_env_steps=23978 t=0.07s
Ep  705: len= 32 白胜 loss=27.8156 temp=1.00 total_env_steps=24010 t=0.07s
Ep  706: len= 37 黑胜 loss=27.9592 temp=1.00 total_env_steps=24047 t=0.09s
Ep  707: len= 45 黑胜 loss=28.0335 temp=1.00 total_env_steps=24092 t=0.11s
Ep  708: len= 54 白胜 loss=27.8883 temp=1.00 total_env_steps=24146 t=0.11s
Ep  709: len= 41 黑胜 loss=27.8957 temp=1.00 total_env_steps=24187 t=0.10s
Ep  710: len= 27 黑胜 loss=28.0920 temp=1.00 total_env_steps=24214 t=0.07s
Ep  711: len= 40 白胜 loss=28.0825 temp=1.00 total_env_steps=24254 t=0.10s
Ep  712: len= 47 黑胜 loss=27.9079 temp=1.00 total_env_steps=24301 t=0.11s
Ep  713: len= 19 黑胜 loss=28.0913 temp=1.00 total_env_steps=24320 t=0.05s
Ep  714: len= 40 白胜 loss=27.9393 temp=1.00 total_env_steps=24360 t=0.10s
Ep  715: len= 45 黑胜 loss=28.1799 temp=1.00 total_env_steps=24405 t=0.11s
Ep  716: len= 31 黑胜 loss=28.2141 temp=1.00 total_env_steps=24436 t=0.07s
Ep  717: len= 46 白胜 loss=28.0582 temp=1.00 total_env_steps=24482 t=0.10s
Ep  718: len= 36 白胜 loss=28.0118 temp=1.00 total_env_steps=24518 t=0.08s
Ep  719: len= 25 黑胜 loss=27.8459 temp=1.00 total_env_steps=24543 t=0.07s
Ep  720: len= 31 黑胜 loss=27.9415 temp=1.00 total_env_steps=24574 t=0.08s
Ep  721: len= 51 黑胜 loss=28.2172 temp=1.00 total_env_steps=24625 t=0.12s
Ep  722: len= 42 白胜 loss=27.9503 temp=1.00 total_env_steps=24667 t=0.10s
Ep  723: len= 19 黑胜 loss=28.1610 temp=1.00 total_env_steps=24686 t=0.06s
Ep  724: len= 31 黑胜 loss=28.0205 temp=1.00 total_env_steps=24717 t=0.07s
Ep  725: len= 21 黑胜 loss=28.0332 temp=1.00 total_env_steps=24738 t=0.06s
Ep  726: len= 40 白胜 loss=28.0173 temp=1.00 total_env_steps=24778 t=0.09s
Ep  727: len= 23 黑胜 loss=28.2217 temp=1.00 total_env_steps=24801 t=0.06s
Ep  728: len= 38 白胜 loss=28.0513 temp=1.00 total_env_steps=24839 t=0.09s
Ep  729: len= 23 黑胜 loss=28.1884 temp=1.00 total_env_steps=24862 t=0.06s
Ep  730: len= 25 黑胜 loss=28.1395 temp=1.00 total_env_steps=24887 t=0.07s
Ep  731: len= 44 白胜 loss=28.0182 temp=1.00 total_env_steps=24931 t=0.09s
Ep  732: len= 36 白胜 loss=27.8665 temp=1.00 total_env_steps=24967 t=0.08s
Ep  733: len= 36 白胜 loss=27.9769 temp=1.00 total_env_steps=25003 t=0.08s
Ep  734: len= 28 白胜 loss=28.0258 temp=1.00 total_env_steps=25031 t=0.07s
Ep  735: len= 28 白胜 loss=27.8993 temp=1.00 total_env_steps=25059 t=0.07s
Ep  736: len= 31 黑胜 loss=28.0964 temp=1.00 total_env_steps=25090 t=0.08s
Ep  737: len= 38 白胜 loss=28.1947 temp=1.00 total_env_steps=25128 t=0.09s
Ep  738: len= 43 黑胜 loss=28.0228 temp=1.00 total_env_steps=25171 t=0.10s
Ep  739: len= 23 黑胜 loss=28.1408 temp=1.00 total_env_steps=25194 t=0.06s
Ep  740: len= 42 白胜 loss=28.1193 temp=1.00 total_env_steps=25236 t=0.09s
Ep  741: len= 22 白胜 loss=27.9148 temp=1.00 total_env_steps=25258 t=0.07s
Ep  742: len= 46 白胜 loss=27.7562 temp=1.00 total_env_steps=25304 t=0.10s
Ep  743: len= 41 黑胜 loss=27.9381 temp=1.00 total_env_steps=25345 t=0.09s
Ep  744: len= 25 黑胜 loss=28.0705 temp=1.00 total_env_steps=25370 t=0.07s
Ep  745: len= 43 黑胜 loss=28.0477 temp=1.00 total_env_steps=25413 t=0.10s
Ep  746: len= 32 白胜 loss=27.9888 temp=1.00 total_env_steps=25445 t=0.08s
Ep  747: len= 24 白胜 loss=28.1935 temp=1.00 total_env_steps=25469 t=0.06s
Ep  748: len= 22 白胜 loss=27.9174 temp=1.00 total_env_steps=25491 t=0.06s
Ep  749: len= 32 白胜 loss=27.7693 temp=1.00 total_env_steps=25523 t=0.08s
Ep  750: len= 30 白胜 loss=27.9994 temp=1.00 total_env_steps=25553 t=0.08s
Ep  751: len= 42 白胜 loss=27.8662 temp=1.00 total_env_steps=25595 t=0.11s
Ep  752: len= 28 白胜 loss=28.0009 temp=1.00 total_env_steps=25623 t=0.08s
Ep  753: len= 36 白胜 loss=28.2084 temp=1.00 total_env_steps=25659 t=0.09s
Ep  754: len= 27 黑胜 loss=28.1071 temp=1.00 total_env_steps=25686 t=0.07s
Ep  755: len= 25 黑胜 loss=28.0514 temp=1.00 total_env_steps=25711 t=0.07s
Ep  756: len= 32 白胜 loss=28.0028 temp=1.00 total_env_steps=25743 t=0.08s
Ep  757: len= 25 黑胜 loss=27.8843 temp=1.00 total_env_steps=25768 t=0.07s
Ep  758: len= 29 黑胜 loss=28.0878 temp=1.00 total_env_steps=25797 t=0.07s
Ep  759: len= 35 黑胜 loss=28.1180 temp=1.00 total_env_steps=25832 t=0.09s
Ep  760: len= 30 白胜 loss=28.2438 temp=1.00 total_env_steps=25862 t=0.08s
Ep  761: len= 22 白胜 loss=27.9564 temp=1.00 total_env_steps=25884 t=0.06s
Ep  762: len= 25 黑胜 loss=27.8923 temp=1.00 total_env_steps=25909 t=0.06s
Ep  763: len= 45 黑胜 loss=28.0766 temp=1.00 total_env_steps=25954 t=0.10s
Ep  764: len= 37 黑胜 loss=28.1939 temp=1.00 total_env_steps=25991 t=0.09s
Ep  765: len= 40 白胜 loss=28.1693 temp=1.00 total_env_steps=26031 t=0.09s
Ep  766: len= 46 白胜 loss=27.8829 temp=1.00 total_env_steps=26077 t=0.10s
Ep  767: len= 35 黑胜 loss=28.1567 temp=1.00 total_env_steps=26112 t=0.08s
Ep  768: len= 42 白胜 loss=28.0172 temp=1.00 total_env_steps=26154 t=0.09s
Ep  769: len= 30 白胜 loss=28.1097 temp=1.00 total_env_steps=26184 t=0.07s
Ep  770: len= 30 白胜 loss=27.9811 temp=1.00 total_env_steps=26214 t=0.07s
Ep  771: len= 44 白胜 loss=28.0957 temp=1.00 total_env_steps=26258 t=0.10s
Ep  772: len= 44 白胜 loss=28.0952 temp=1.00 total_env_steps=26302 t=0.10s
Ep  773: len= 43 黑胜 loss=28.1637 temp=1.00 total_env_steps=26345 t=0.10s
Ep  774: len= 39 黑胜 loss=27.9861 temp=1.00 total_env_steps=26384 t=0.09s
Ep  775: len= 33 黑胜 loss=28.0326 temp=1.00 total_env_steps=26417 t=0.08s
Ep  776: len= 23 黑胜 loss=28.2283 temp=1.00 total_env_steps=26440 t=0.06s
Ep  777: len= 25 黑胜 loss=28.0388 temp=1.00 total_env_steps=26465 t=0.07s
Ep  778: len= 38 白胜 loss=27.8564 temp=1.00 total_env_steps=26503 t=0.09s
Ep  779: len= 31 黑胜 loss=28.2296 temp=1.00 total_env_steps=26534 t=0.07s
Ep  780: len= 41 黑胜 loss=27.9763 temp=1.00 total_env_steps=26575 t=0.10s
Ep  781: len= 42 白胜 loss=28.0127 temp=1.00 total_env_steps=26617 t=0.10s
Ep  782: len= 38 白胜 loss=27.9664 temp=1.00 total_env_steps=26655 t=0.09s
Ep  783: len= 20 白胜 loss=28.0171 temp=1.00 total_env_steps=26675 t=0.06s
Ep  784: len= 44 白胜 loss=27.9182 temp=1.00 total_env_steps=26719 t=0.10s
Ep  785: len= 39 黑胜 loss=27.7895 temp=1.00 total_env_steps=26758 t=0.09s
Ep  786: len= 42 白胜 loss=27.8076 temp=1.00 total_env_steps=26800 t=0.09s
Ep  787: len= 39 黑胜 loss=28.0273 temp=1.00 total_env_steps=26839 t=0.09s
Ep  788: len= 38 白胜 loss=27.8688 temp=1.00 total_env_steps=26877 t=0.09s
Ep  789: len= 35 黑胜 loss=27.9597 temp=1.00 total_env_steps=26912 t=0.09s
Ep  790: len= 37 黑胜 loss=27.8237 temp=1.00 total_env_steps=26949 t=0.09s
Ep  791: len= 42 白胜 loss=28.0048 temp=1.00 total_env_steps=26991 t=0.09s
Ep  792: len= 30 白胜 loss=28.1407 temp=1.00 total_env_steps=27021 t=0.08s
Ep  793: len= 16 白胜 loss=27.9786 temp=1.00 total_env_steps=27037 t=0.05s
Ep  794: len= 14 白胜 loss=27.9464 temp=1.00 total_env_steps=27051 t=0.05s
Ep  795: len= 30 白胜 loss=28.1033 temp=1.00 total_env_steps=27081 t=0.07s
Ep  796: len= 26 白胜 loss=28.0401 temp=1.00 total_env_steps=27107 t=0.07s
Ep  797: len= 34 白胜 loss=27.8328 temp=1.00 total_env_steps=27141 t=0.08s
Ep  798: len= 48 白胜 loss=27.8935 temp=1.00 total_env_steps=27189 t=0.10s
Ep  799: len= 38 白胜 loss=27.9570 temp=1.00 total_env_steps=27227 t=0.09s
Ep  800: len= 37 黑胜 loss=27.9055 temp=1.00 total_env_steps=27264 t=0.08s
  eval vs Gomoku-random-v0: win_rate=0.80 mean_return=0.60（20 局，total_env_steps=27264）
Ep  801: len= 49 黑胜 loss=27.8221 temp=1.00 total_env_steps=27313 t=0.11s
Ep  802: len= 33 黑胜 loss=27.9059 temp=1.00 total_env_steps=27346 t=0.08s
Ep  803: len= 31 黑胜 loss=27.9000 temp=1.00 total_env_steps=27377 t=0.07s
Ep  804: len= 46 白胜 loss=27.8416 temp=1.00 total_env_steps=27423 t=0.10s
Ep  805: len= 17 黑胜 loss=28.1448 temp=1.00 total_env_steps=27440 t=0.05s
Ep  806: len= 33 黑胜 loss=28.0983 temp=1.00 total_env_steps=27473 t=0.08s
Ep  807: len= 40 白胜 loss=28.0772 temp=1.00 total_env_steps=27513 t=0.09s
Ep  808: len= 23 黑胜 loss=27.7770 temp=1.00 total_env_steps=27536 t=0.06s
Ep  809: len= 30 白胜 loss=27.9040 temp=1.00 total_env_steps=27566 t=0.07s
Ep  810: len= 37 黑胜 loss=28.0155 temp=1.00 total_env_steps=27603 t=0.09s
Ep  811: len= 34 白胜 loss=28.1584 temp=1.00 total_env_steps=27637 t=0.08s
Ep  812: len= 33 黑胜 loss=27.8632 temp=1.00 total_env_steps=27670 t=0.08s
Ep  813: len= 26 白胜 loss=28.0577 temp=1.00 total_env_steps=27696 t=0.06s
Ep  814: len= 49 黑胜 loss=27.9193 temp=1.00 total_env_steps=27745 t=0.10s
Ep  815: len= 19 黑胜 loss=27.8542 temp=1.00 total_env_steps=27764 t=0.05s
Ep  816: len= 21 黑胜 loss=28.0322 temp=1.00 total_env_steps=27785 t=0.06s
Ep  817: len= 37 黑胜 loss=27.9994 temp=1.00 total_env_steps=27822 t=0.09s
Ep  818: len= 41 黑胜 loss=28.0565 temp=1.00 total_env_steps=27863 t=0.09s
Ep  819: len= 35 黑胜 loss=28.1479 temp=1.00 total_env_steps=27898 t=0.08s
Ep  820: len= 31 黑胜 loss=27.9413 temp=1.00 total_env_steps=27929 t=0.08s
Ep  821: len= 35 黑胜 loss=27.9128 temp=1.00 total_env_steps=27964 t=0.08s
Ep  822: len= 36 白胜 loss=27.9337 temp=1.00 total_env_steps=28000 t=0.08s
Ep  823: len= 25 黑胜 loss=27.8747 temp=1.00 total_env_steps=28025 t=0.06s
Ep  824: len= 36 白胜 loss=27.8438 temp=1.00 total_env_steps=28061 t=0.08s
Ep  825: len= 23 黑胜 loss=27.7971 temp=1.00 total_env_steps=28084 t=0.06s
Ep  826: len= 21 黑胜 loss=27.8768 temp=1.00 total_env_steps=28105 t=0.06s
Ep  827: len= 22 白胜 loss=27.8185 temp=1.00 total_env_steps=28127 t=0.07s
Ep  828: len= 48 白胜 loss=27.8816 temp=1.00 total_env_steps=28175 t=0.11s
Ep  829: len= 34 白胜 loss=28.0224 temp=1.00 total_env_steps=28209 t=0.08s
Ep  830: len= 47 黑胜 loss=27.9122 temp=1.00 total_env_steps=28256 t=0.11s
Ep  831: len= 37 黑胜 loss=27.9688 temp=1.00 total_env_steps=28293 t=0.09s
Ep  832: len= 47 黑胜 loss=28.0642 temp=1.00 total_env_steps=28340 t=0.10s
Ep  833: len= 42 白胜 loss=28.0167 temp=1.00 total_env_steps=28382 t=0.09s
Ep  834: len= 38 白胜 loss=27.8696 temp=1.00 total_env_steps=28420 t=0.08s
Ep  835: len= 30 白胜 loss=28.0221 temp=1.00 total_env_steps=28450 t=0.08s
Ep  836: len= 44 白胜 loss=28.1793 temp=1.00 total_env_steps=28494 t=0.10s
Ep  837: len= 39 黑胜 loss=27.8686 temp=1.00 total_env_steps=28533 t=0.09s
Ep  838: len= 31 黑胜 loss=28.0248 temp=1.00 total_env_steps=28564 t=0.07s
Ep  839: len= 39 黑胜 loss=27.9622 temp=1.00 total_env_steps=28603 t=0.10s
Ep  840: len= 29 黑胜 loss=27.9080 temp=1.00 total_env_steps=28632 t=0.08s
Ep  841: len= 43 黑胜 loss=27.8579 temp=1.00 total_env_steps=28675 t=0.09s
Ep  842: len= 43 黑胜 loss=28.0753 temp=1.00 total_env_steps=28718 t=0.10s
Ep  843: len= 33 黑胜 loss=27.8613 temp=1.00 total_env_steps=28751 t=0.08s
Ep  844: len= 25 黑胜 loss=27.7730 temp=1.00 total_env_steps=28776 t=0.06s
Ep  845: len= 35 黑胜 loss=27.7724 temp=1.00 total_env_steps=28811 t=0.08s
Ep  846: len= 24 白胜 loss=28.0527 temp=1.00 total_env_steps=28835 t=0.07s
Ep  847: len= 44 白胜 loss=27.6555 temp=1.00 total_env_steps=28879 t=0.11s
Ep  848: len= 39 黑胜 loss=28.0879 temp=1.00 total_env_steps=28918 t=0.10s
Ep  849: len= 25 黑胜 loss=28.0895 temp=1.00 total_env_steps=28943 t=0.07s
Ep  850: len= 23 黑胜 loss=27.8407 temp=1.00 total_env_steps=28966 t=0.07s
Ep  851: len= 28 白胜 loss=27.9697 temp=1.00 total_env_steps=28994 t=0.07s
Ep  852: len= 31 黑胜 loss=28.0047 temp=1.00 total_env_steps=29025 t=0.07s
Ep  853: len= 35 黑胜 loss=27.9660 temp=1.00 total_env_steps=29060 t=0.08s
Ep  854: len= 43 黑胜 loss=27.8342 temp=1.00 total_env_steps=29103 t=0.10s
Ep  855: len= 45 黑胜 loss=28.0695 temp=1.00 total_env_steps=29148 t=0.10s
Ep  856: len= 31 黑胜 loss=27.9661 temp=1.00 total_env_steps=29179 t=0.08s
Ep  857: len= 41 黑胜 loss=28.0389 temp=1.00 total_env_steps=29220 t=0.10s
Ep  858: len= 25 黑胜 loss=27.9712 temp=1.00 total_env_steps=29245 t=0.07s
Ep  859: len= 33 黑胜 loss=27.9252 temp=1.00 total_env_steps=29278 t=0.09s
Ep  860: len= 34 白胜 loss=27.9474 temp=1.00 total_env_steps=29312 t=0.08s
Ep  861: len= 46 白胜 loss=27.6691 temp=1.00 total_env_steps=29358 t=0.10s
Ep  862: len= 31 黑胜 loss=27.8664 temp=1.00 total_env_steps=29389 t=0.07s
Ep  863: len= 48 白胜 loss=28.0494 temp=1.00 total_env_steps=29437 t=0.11s
Ep  864: len= 39 黑胜 loss=28.1598 temp=1.00 total_env_steps=29476 t=0.10s
Ep  865: len= 53 黑胜 loss=28.0312 temp=1.00 total_env_steps=29529 t=0.12s
Ep  866: len= 32 白胜 loss=27.9334 temp=1.00 total_env_steps=29561 t=0.08s
Ep  867: len= 37 黑胜 loss=27.9726 temp=1.00 total_env_steps=29598 t=0.08s
Ep  868: len= 29 黑胜 loss=28.1283 temp=1.00 total_env_steps=29627 t=0.08s
Ep  869: len= 29 黑胜 loss=27.9385 temp=1.00 total_env_steps=29656 t=0.08s
Ep  870: len= 56 白胜 loss=28.1748 temp=1.00 total_env_steps=29712 t=0.11s
Ep  871: len= 21 黑胜 loss=27.9862 temp=1.00 total_env_steps=29733 t=0.06s
Ep  872: len= 49 黑胜 loss=27.9332 temp=1.00 total_env_steps=29782 t=0.11s
Ep  873: len= 50 白胜 loss=28.0081 temp=1.00 total_env_steps=29832 t=0.10s
Ep  874: len= 25 黑胜 loss=27.9369 temp=1.00 total_env_steps=29857 t=0.07s
Ep  875: len= 35 黑胜 loss=28.1962 temp=1.00 total_env_steps=29892 t=0.08s
Ep  876: len= 47 黑胜 loss=28.0894 temp=1.00 total_env_steps=29939 t=0.11s
Ep  877: len= 50 白胜 loss=27.9300 temp=1.00 total_env_steps=29989 t=0.10s
Ep  878: len= 38 白胜 loss=27.9366 temp=1.00 total_env_steps=30027 t=0.09s
Ep  879: len= 26 白胜 loss=28.1397 temp=1.00 total_env_steps=30053 t=0.07s
Ep  880: len= 43 黑胜 loss=27.8453 temp=1.00 total_env_steps=30096 t=0.09s
Ep  881: len= 38 白胜 loss=27.9379 temp=1.00 total_env_steps=30134 t=0.09s
Ep  882: len= 56 白胜 loss=28.0495 temp=1.00 total_env_steps=30190 t=0.11s
Ep  883: len= 30 白胜 loss=28.0857 temp=1.00 total_env_steps=30220 t=0.07s
Ep  884: len= 39 黑胜 loss=27.8899 temp=1.00 total_env_steps=30259 t=0.09s
Ep  885: len= 45 黑胜 loss=27.8997 temp=1.00 total_env_steps=30304 t=0.11s
Ep  886: len= 33 黑胜 loss=27.7531 temp=1.00 total_env_steps=30337 t=0.08s
Ep  887: len= 42 白胜 loss=28.1514 temp=1.00 total_env_steps=30379 t=0.10s
Ep  888: len= 42 白胜 loss=27.7851 temp=1.00 total_env_steps=30421 t=0.09s
Ep  889: len= 44 白胜 loss=28.0471 temp=1.00 total_env_steps=30465 t=0.10s
Ep  890: len= 31 黑胜 loss=28.1464 temp=1.00 total_env_steps=30496 t=0.08s
Ep  891: len= 53 黑胜 loss=28.1227 temp=1.00 total_env_steps=30549 t=0.11s
Ep  892: len= 39 黑胜 loss=27.9719 temp=1.00 total_env_steps=30588 t=0.10s
Ep  893: len= 37 黑胜 loss=27.8790 temp=1.00 total_env_steps=30625 t=0.08s
Ep  894: len= 31 黑胜 loss=27.8800 temp=1.00 total_env_steps=30656 t=0.07s
Ep  895: len= 45 黑胜 loss=27.7621 temp=1.00 total_env_steps=30701 t=0.09s
Ep  896: len= 30 白胜 loss=28.1329 temp=1.00 total_env_steps=30731 t=0.07s
Ep  897: len= 46 白胜 loss=27.7511 temp=1.00 total_env_steps=30777 t=0.10s
Ep  898: len= 30 白胜 loss=27.9441 temp=1.00 total_env_steps=30807 t=0.07s
Ep  899: len= 44 白胜 loss=28.0832 temp=1.00 total_env_steps=30851 t=0.10s
Ep  900: len= 37 黑胜 loss=28.0261 temp=1.00 total_env_steps=30888 t=0.09s
Ep  901: len= 31 黑胜 loss=27.9353 temp=1.00 total_env_steps=30919 t=0.07s
Ep  902: len= 39 黑胜 loss=27.8101 temp=1.00 total_env_steps=30958 t=0.09s
Ep  903: len= 37 黑胜 loss=28.0024 temp=1.00 total_env_steps=30995 t=0.08s
Ep  904: len= 31 黑胜 loss=28.0655 temp=1.00 total_env_steps=31026 t=0.08s
Ep  905: len= 28 白胜 loss=27.8476 temp=1.00 total_env_steps=31054 t=0.07s
Ep  906: len= 36 白胜 loss=28.1989 temp=1.00 total_env_steps=31090 t=0.09s
Ep  907: len= 36 白胜 loss=28.0451 temp=1.00 total_env_steps=31126 t=0.08s
Ep  908: len= 41 黑胜 loss=27.8351 temp=1.00 total_env_steps=31167 t=0.09s
Ep  909: len= 38 白胜 loss=28.1584 temp=1.00 total_env_steps=31205 t=0.09s
Ep  910: len= 39 黑胜 loss=27.9993 temp=1.00 total_env_steps=31244 t=0.09s
Ep  911: len= 37 黑胜 loss=27.8954 temp=1.00 total_env_steps=31281 t=0.08s
Ep  912: len= 32 白胜 loss=28.1379 temp=1.00 total_env_steps=31313 t=0.07s
Ep  913: len= 22 白胜 loss=27.9320 temp=1.00 total_env_steps=31335 t=0.06s
Ep  914: len= 43 黑胜 loss=27.9768 temp=1.00 total_env_steps=31378 t=0.10s
Ep  915: len= 39 黑胜 loss=27.9757 temp=1.00 total_env_steps=31417 t=0.09s
Ep  916: len= 35 黑胜 loss=27.9651 temp=1.00 total_env_steps=31452 t=0.08s
Ep  917: len= 36 白胜 loss=27.8672 temp=1.00 total_env_steps=31488 t=0.08s
Ep  918: len= 29 黑胜 loss=27.9403 temp=1.00 total_env_steps=31517 t=0.07s
Ep  919: len= 35 黑胜 loss=28.1109 temp=1.00 total_env_steps=31552 t=0.09s
Ep  920: len= 35 黑胜 loss=27.8778 temp=1.00 total_env_steps=31587 t=0.09s
Ep  921: len= 25 黑胜 loss=27.9066 temp=1.00 total_env_steps=31612 t=0.07s
Ep  922: len= 37 黑胜 loss=27.9634 temp=1.00 total_env_steps=31649 t=0.10s
Ep  923: len= 40 白胜 loss=27.9673 temp=1.00 total_env_steps=31689 t=0.09s
Ep  924: len= 37 黑胜 loss=28.0251 temp=1.00 total_env_steps=31726 t=0.08s
Ep  925: len= 34 白胜 loss=28.3462 temp=1.00 total_env_steps=31760 t=0.08s
Ep  926: len= 42 白胜 loss=27.9886 temp=1.00 total_env_steps=31802 t=0.10s
Ep  927: len= 43 黑胜 loss=27.9363 temp=1.00 total_env_steps=31845 t=0.09s
Ep  928: len= 38 白胜 loss=27.8824 temp=1.00 total_env_steps=31883 t=0.08s
Ep  929: len= 39 黑胜 loss=27.9427 temp=1.00 total_env_steps=31922 t=0.09s
Ep  930: len= 34 白胜 loss=27.9302 temp=1.00 total_env_steps=31956 t=0.08s
Ep  931: len= 22 白胜 loss=28.0356 temp=1.00 total_env_steps=31978 t=0.06s
Ep  932: len= 48 白胜 loss=28.0936 temp=1.00 total_env_steps=32026 t=0.10s
Ep  933: len= 30 白胜 loss=27.9761 temp=1.00 total_env_steps=32056 t=0.07s
Ep  934: len= 37 黑胜 loss=28.0388 temp=1.00 total_env_steps=32093 t=0.08s
Ep  935: len= 50 白胜 loss=27.8660 temp=1.00 total_env_steps=32143 t=0.11s
Ep  936: len= 50 白胜 loss=27.8392 temp=1.00 total_env_steps=32193 t=0.11s
Ep  937: len= 27 黑胜 loss=28.2353 temp=1.00 total_env_steps=32220 t=0.07s
Ep  938: len= 28 白胜 loss=27.9520 temp=1.00 total_env_steps=32248 t=0.07s
Ep  939: len= 34 白胜 loss=27.8796 temp=1.00 total_env_steps=32282 t=0.08s
Ep  940: len= 41 黑胜 loss=28.0349 temp=1.00 total_env_steps=32323 t=0.10s
Ep  941: len= 33 黑胜 loss=27.9962 temp=1.00 total_env_steps=32356 t=0.08s
Ep  942: len= 42 白胜 loss=27.8782 temp=1.00 total_env_steps=32398 t=0.09s
Ep  943: len= 21 黑胜 loss=28.2133 temp=1.00 total_env_steps=32419 t=0.06s
Ep  944: len= 39 黑胜 loss=27.9577 temp=1.00 total_env_steps=32458 t=0.09s
Ep  945: len= 38 白胜 loss=27.6661 temp=1.00 total_env_steps=32496 t=0.09s
Ep  946: len= 38 白胜 loss=27.6997 temp=1.00 total_env_steps=32534 t=0.09s
Ep  947: len= 31 黑胜 loss=27.9606 temp=1.00 total_env_steps=32565 t=0.08s
Ep  948: len= 47 黑胜 loss=28.0550 temp=1.00 total_env_steps=32612 t=0.09s
Ep  949: len= 38 白胜 loss=27.9409 temp=1.00 total_env_steps=32650 t=0.09s
Ep  950: len= 36 白胜 loss=28.1124 temp=1.00 total_env_steps=32686 t=0.08s
Ep  951: len= 18 白胜 loss=27.7961 temp=1.00 total_env_steps=32704 t=0.06s
Ep  952: len= 37 黑胜 loss=27.8974 temp=1.00 total_env_steps=32741 t=0.09s
Ep  953: len= 34 白胜 loss=27.9218 temp=1.00 total_env_steps=32775 t=0.08s
Ep  954: len= 30 白胜 loss=27.9863 temp=1.00 total_env_steps=32805 t=0.07s
Ep  955: len= 42 白胜 loss=27.7429 temp=1.00 total_env_steps=32847 t=0.09s
Ep  956: len= 23 黑胜 loss=28.0492 temp=1.00 total_env_steps=32870 t=0.07s
Ep  957: len= 31 黑胜 loss=27.8905 temp=1.00 total_env_steps=32901 t=0.08s
Ep  958: len= 35 黑胜 loss=27.9282 temp=1.00 total_env_steps=32936 t=0.08s
Ep  959: len= 43 黑胜 loss=27.9784 temp=1.00 total_env_steps=32979 t=0.09s
Ep  960: len= 32 白胜 loss=27.9384 temp=1.00 total_env_steps=33011 t=0.07s
Ep  961: len= 33 黑胜 loss=27.7749 temp=1.00 total_env_steps=33044 t=0.08s
Ep  962: len= 41 黑胜 loss=27.8193 temp=1.00 total_env_steps=33085 t=0.10s
Ep  963: len= 39 黑胜 loss=28.0052 temp=1.00 total_env_steps=33124 t=0.09s
Ep  964: len= 37 黑胜 loss=28.0461 temp=1.00 total_env_steps=33161 t=0.10s
Ep  965: len= 42 白胜 loss=28.0049 temp=1.00 total_env_steps=33203 t=0.09s
Ep  966: len= 57 黑胜 loss=27.9412 temp=1.00 total_env_steps=33260 t=0.13s
Ep  967: len= 49 黑胜 loss=28.0734 temp=1.00 total_env_steps=33309 t=0.10s
Ep  968: len= 40 白胜 loss=27.9864 temp=1.00 total_env_steps=33349 t=0.09s
Ep  969: len= 31 黑胜 loss=27.9618 temp=1.00 total_env_steps=33380 t=0.08s
Ep  970: len= 32 白胜 loss=27.9800 temp=1.00 total_env_steps=33412 t=0.07s
Ep  971: len= 27 黑胜 loss=27.8238 temp=1.00 total_env_steps=33439 t=0.07s
Ep  972: len= 34 白胜 loss=27.8677 temp=1.00 total_env_steps=33473 t=0.08s
Ep  973: len= 42 白胜 loss=27.9817 temp=1.00 total_env_steps=33515 t=0.09s
Ep  974: len= 37 黑胜 loss=27.8671 temp=1.00 total_env_steps=33552 t=0.08s
Ep  975: len= 37 黑胜 loss=27.9197 temp=1.00 total_env_steps=33589 t=0.09s
Ep  976: len= 29 黑胜 loss=27.8329 temp=1.00 total_env_steps=33618 t=0.07s
Ep  977: len= 49 黑胜 loss=28.2440 temp=1.00 total_env_steps=33667 t=0.10s
Ep  978: len= 22 白胜 loss=28.0119 temp=1.00 total_env_steps=33689 t=0.06s
Ep  979: len= 24 白胜 loss=27.9874 temp=1.00 total_env_steps=33713 t=0.06s
Ep  980: len= 30 白胜 loss=28.0907 temp=1.00 total_env_steps=33743 t=0.07s
Ep  981: len= 35 黑胜 loss=27.9500 temp=1.00 total_env_steps=33778 t=0.09s
Ep  982: len= 40 白胜 loss=27.8307 temp=1.00 total_env_steps=33818 t=0.08s
Ep  983: len= 32 白胜 loss=27.8794 temp=1.00 total_env_steps=33850 t=0.07s
Ep  984: len= 38 白胜 loss=27.8568 temp=1.00 total_env_steps=33888 t=0.09s
Ep  985: len= 40 白胜 loss=27.9975 temp=1.00 total_env_steps=33928 t=0.09s
Ep  986: len= 42 白胜 loss=27.8970 temp=1.00 total_env_steps=33970 t=0.09s
Ep  987: len= 32 白胜 loss=27.8302 temp=1.00 total_env_steps=34002 t=0.08s
Ep  988: len= 51 黑胜 loss=28.0015 temp=1.00 total_env_steps=34053 t=0.11s
Ep  989: len= 46 白胜 loss=27.9993 temp=1.00 total_env_steps=34099 t=0.10s
Ep  990: len= 43 黑胜 loss=27.9068 temp=1.00 total_env_steps=34142 t=0.09s
Ep  991: len= 42 白胜 loss=27.9084 temp=1.00 total_env_steps=34184 t=0.09s
Ep  992: len= 34 白胜 loss=27.7853 temp=1.00 total_env_steps=34218 t=0.08s
Ep  993: len= 33 黑胜 loss=28.1388 temp=1.00 total_env_steps=34251 t=0.09s
Ep  994: len= 43 黑胜 loss=28.0329 temp=1.00 total_env_steps=34294 t=0.10s
Ep  995: len= 37 黑胜 loss=27.8234 temp=1.00 total_env_steps=34331 t=0.09s
Ep  996: len= 41 黑胜 loss=27.8134 temp=1.00 total_env_steps=34372 t=0.09s
Ep  997: len= 30 白胜 loss=27.9790 temp=1.00 total_env_steps=34402 t=0.07s
Ep  998: len= 39 黑胜 loss=27.8121 temp=1.00 total_env_steps=34441 t=0.09s
Ep  999: len= 41 黑胜 loss=27.9830 temp=1.00 total_env_steps=34482 t=0.09s
Ep 1000: len= 57 黑胜 loss=28.0798 temp=1.00 total_env_steps=34539 t=0.12s
  eval vs Gomoku-random-v0: win_rate=0.95 mean_return=0.90（20 局，total_env_steps=34539）
  📸 已拍权重快照（ep=1000，gating 对弈基准）
Ep 1001: len= 43 黑胜 loss=28.0918 temp=1.00 total_env_steps=34582 t=0.10s
Ep 1002: len= 33 黑胜 loss=27.8426 temp=1.00 total_env_steps=34615 t=0.08s
Ep 1003: len= 33 黑胜 loss=27.9989 temp=1.00 total_env_steps=34648 t=0.08s
Ep 1004: len= 39 黑胜 loss=27.8465 temp=1.00 total_env_steps=34687 t=0.09s
Ep 1005: len= 32 白胜 loss=27.9956 temp=1.00 total_env_steps=34719 t=0.07s
Ep 1006: len= 24 白胜 loss=27.8990 temp=1.00 total_env_steps=34743 t=0.06s
Ep 1007: len= 36 白胜 loss=28.1653 temp=1.00 total_env_steps=34779 t=0.08s
Ep 1008: len= 26 白胜 loss=27.9567 temp=1.00 total_env_steps=34805 t=0.06s
Ep 1009: len= 11 黑胜 loss=28.0187 temp=1.00 total_env_steps=34816 t=0.04s
Ep 1010: len= 37 黑胜 loss=27.8652 temp=1.00 total_env_steps=34853 t=0.08s
Ep 1011: len= 36 白胜 loss=28.0223 temp=1.00 total_env_steps=34889 t=0.08s
Ep 1012: len= 30 白胜 loss=27.8736 temp=1.00 total_env_steps=34919 t=0.07s
Ep 1013: len= 39 黑胜 loss=27.9599 temp=1.00 total_env_steps=34958 t=0.09s
Ep 1014: len= 45 黑胜 loss=27.9577 temp=1.00 total_env_steps=35003 t=0.10s
Ep 1015: len= 40 白胜 loss=28.1383 temp=1.00 total_env_steps=35043 t=0.10s
Ep 1016: len= 23 黑胜 loss=28.0463 temp=1.00 total_env_steps=35066 t=0.06s
Ep 1017: len= 35 黑胜 loss=28.0139 temp=1.00 total_env_steps=35101 t=0.09s
Ep 1018: len= 40 白胜 loss=28.2155 temp=1.00 total_env_steps=35141 t=0.09s
Ep 1019: len= 23 黑胜 loss=28.0310 temp=1.00 total_env_steps=35164 t=0.06s
Ep 1020: len= 37 黑胜 loss=27.9180 temp=1.00 total_env_steps=35201 t=0.08s
Ep 1021: len= 38 白胜 loss=27.9093 temp=1.00 total_env_steps=35239 t=0.09s
Ep 1022: len= 36 白胜 loss=27.8570 temp=1.00 total_env_steps=35275 t=0.08s
Ep 1023: len= 33 黑胜 loss=28.0969 temp=1.00 total_env_steps=35308 t=0.08s
Ep 1024: len= 42 白胜 loss=27.8812 temp=1.00 total_env_steps=35350 t=0.09s
Ep 1025: len= 37 黑胜 loss=27.9358 temp=1.00 total_env_steps=35387 t=0.09s
Ep 1026: len= 42 白胜 loss=28.0294 temp=1.00 total_env_steps=35429 t=0.09s
Ep 1027: len= 38 白胜 loss=27.8753 temp=1.00 total_env_steps=35467 t=0.08s
Ep 1028: len= 35 黑胜 loss=27.9398 temp=1.00 total_env_steps=35502 t=0.09s
Ep 1029: len= 51 黑胜 loss=27.9364 temp=1.00 total_env_steps=35553 t=0.11s
Ep 1030: len= 42 白胜 loss=27.8620 temp=1.00 total_env_steps=35595 t=0.10s
Ep 1031: len= 38 白胜 loss=27.9739 temp=1.00 total_env_steps=35633 t=0.09s
Ep 1032: len= 31 黑胜 loss=27.8507 temp=1.00 total_env_steps=35664 t=0.08s
Ep 1033: len= 32 白胜 loss=27.7919 temp=1.00 total_env_steps=35696 t=0.08s
Ep 1034: len= 38 白胜 loss=27.9278 temp=1.00 total_env_steps=35734 t=0.08s
Ep 1035: len= 24 白胜 loss=27.8732 temp=1.00 total_env_steps=35758 t=0.07s
Ep 1036: len= 32 白胜 loss=28.0504 temp=1.00 total_env_steps=35790 t=0.07s
Ep 1037: len= 43 黑胜 loss=27.6658 temp=1.00 total_env_steps=35833 t=0.09s
Ep 1038: len= 23 黑胜 loss=28.0423 temp=1.00 total_env_steps=35856 t=0.06s
Ep 1039: len= 32 白胜 loss=28.0030 temp=1.00 total_env_steps=35888 t=0.08s
Ep 1040: len= 30 白胜 loss=28.2399 temp=1.00 total_env_steps=35918 t=0.07s
Ep 1041: len= 33 黑胜 loss=28.0025 temp=1.00 total_env_steps=35951 t=0.07s
Ep 1042: len= 41 黑胜 loss=27.9845 temp=1.00 total_env_steps=35992 t=0.09s
Ep 1043: len= 25 黑胜 loss=27.8677 temp=1.00 total_env_steps=36017 t=0.07s
Ep 1044: len= 43 黑胜 loss=27.8903 temp=1.00 total_env_steps=36060 t=0.09s
Ep 1045: len= 11 黑胜 loss=28.2309 temp=1.00 total_env_steps=36071 t=0.04s
Ep 1046: len= 44 白胜 loss=28.0957 temp=1.00 total_env_steps=36115 t=0.10s
Ep 1047: len= 22 白胜 loss=27.9794 temp=1.00 total_env_steps=36137 t=0.06s
Ep 1048: len= 29 黑胜 loss=27.8534 temp=1.00 total_env_steps=36166 t=0.07s
Ep 1049: len= 36 白胜 loss=27.8655 temp=1.00 total_env_steps=36202 t=0.08s
Ep 1050: len= 38 白胜 loss=27.8912 temp=1.00 total_env_steps=36240 t=0.09s
Ep 1051: len= 49 黑胜 loss=27.9534 temp=1.00 total_env_steps=36289 t=0.10s
Ep 1052: len= 34 白胜 loss=28.1573 temp=1.00 total_env_steps=36323 t=0.08s
Ep 1053: len= 29 黑胜 loss=27.9609 temp=1.00 total_env_steps=36352 t=0.07s
Ep 1054: len= 50 白胜 loss=27.9254 temp=1.00 total_env_steps=36402 t=0.11s
Ep 1055: len= 38 白胜 loss=28.0216 temp=1.00 total_env_steps=36440 t=0.09s
Ep 1056: len= 41 黑胜 loss=28.1073 temp=1.00 total_env_steps=36481 t=0.09s
Ep 1057: len= 60 白胜 loss=28.1735 temp=1.00 total_env_steps=36541 t=0.12s
Ep 1058: len= 43 黑胜 loss=28.0773 temp=1.00 total_env_steps=36584 t=0.09s
Ep 1059: len= 36 白胜 loss=28.0248 temp=1.00 total_env_steps=36620 t=0.08s
Ep 1060: len= 41 黑胜 loss=27.9756 temp=1.00 total_env_steps=36661 t=0.09s
Ep 1061: len= 38 白胜 loss=27.8274 temp=1.00 total_env_steps=36699 t=0.09s
Ep 1062: len= 36 白胜 loss=27.9372 temp=1.00 total_env_steps=36735 t=0.08s
Ep 1063: len= 46 白胜 loss=27.9404 temp=1.00 total_env_steps=36781 t=0.10s
Ep 1064: len= 29 黑胜 loss=28.0264 temp=1.00 total_env_steps=36810 t=0.07s
Ep 1065: len= 29 黑胜 loss=28.0023 temp=1.00 total_env_steps=36839 t=0.07s
Ep 1066: len= 34 白胜 loss=27.9410 temp=1.00 total_env_steps=36873 t=0.08s
Ep 1067: len= 36 白胜 loss=28.1397 temp=1.00 total_env_steps=36909 t=0.08s
Ep 1068: len= 43 黑胜 loss=27.9774 temp=1.00 total_env_steps=36952 t=0.09s
Ep 1069: len= 49 黑胜 loss=28.0945 temp=1.00 total_env_steps=37001 t=0.10s
Ep 1070: len= 52 白胜 loss=28.1290 temp=1.00 total_env_steps=37053 t=0.11s
Ep 1071: len= 44 白胜 loss=28.1049 temp=1.00 total_env_steps=37097 t=0.09s
Ep 1072: len= 37 黑胜 loss=28.2151 temp=1.00 total_env_steps=37134 t=0.09s
Ep 1073: len= 32 白胜 loss=27.8567 temp=1.00 total_env_steps=37166 t=0.08s
Ep 1074: len= 33 黑胜 loss=28.0414 temp=1.00 total_env_steps=37199 t=0.08s
Ep 1075: len= 40 白胜 loss=27.8887 temp=1.00 total_env_steps=37239 t=0.09s
Ep 1076: len= 37 黑胜 loss=28.0062 temp=1.00 total_env_steps=37276 t=0.09s
Ep 1077: len= 56 白胜 loss=28.3066 temp=1.00 total_env_steps=37332 t=0.11s
Ep 1078: len= 33 黑胜 loss=27.9137 temp=1.00 total_env_steps=37365 t=0.08s
Ep 1079: len= 40 白胜 loss=28.2328 temp=1.00 total_env_steps=37405 t=0.09s
Ep 1080: len= 26 白胜 loss=27.9373 temp=1.00 total_env_steps=37431 t=0.06s
Ep 1081: len= 35 黑胜 loss=27.9377 temp=1.00 total_env_steps=37466 t=0.09s
Ep 1082: len= 18 白胜 loss=28.0576 temp=1.00 total_env_steps=37484 t=0.05s
Ep 1083: len= 42 白胜 loss=28.0291 temp=1.00 total_env_steps=37526 t=0.10s
Ep 1084: len= 58 白胜 loss=27.9618 temp=1.00 total_env_steps=37584 t=0.12s
Ep 1085: len= 27 黑胜 loss=28.1024 temp=1.00 total_env_steps=37611 t=0.07s
Ep 1086: len= 30 白胜 loss=28.0114 temp=1.00 total_env_steps=37641 t=0.08s
Ep 1087: len= 35 黑胜 loss=27.9669 temp=1.00 total_env_steps=37676 t=0.08s
Ep 1088: len= 47 黑胜 loss=28.1554 temp=1.00 total_env_steps=37723 t=0.11s
Ep 1089: len= 35 黑胜 loss=27.9580 temp=1.00 total_env_steps=37758 t=0.08s
Ep 1090: len= 25 黑胜 loss=27.8520 temp=1.00 total_env_steps=37783 t=0.06s
Ep 1091: len= 27 黑胜 loss=27.9486 temp=1.00 total_env_steps=37810 t=0.06s
Ep 1092: len= 37 黑胜 loss=27.6586 temp=1.00 total_env_steps=37847 t=0.09s
Ep 1093: len= 38 白胜 loss=27.8226 temp=1.00 total_env_steps=37885 t=0.09s
Ep 1094: len= 47 黑胜 loss=28.0690 temp=1.00 total_env_steps=37932 t=0.10s
Ep 1095: len= 21 黑胜 loss=28.0767 temp=1.00 total_env_steps=37953 t=0.06s
Ep 1096: len= 44 白胜 loss=27.9052 temp=1.00 total_env_steps=37997 t=0.10s
Ep 1097: len= 47 黑胜 loss=27.7624 temp=1.00 total_env_steps=38044 t=0.10s
Ep 1098: len= 39 黑胜 loss=27.9358 temp=1.00 total_env_steps=38083 t=0.09s
Ep 1099: len= 28 白胜 loss=27.8423 temp=1.00 total_env_steps=38111 t=0.07s
Ep 1100: len= 27 黑胜 loss=28.0216 temp=1.00 total_env_steps=38138 t=0.07s
Ep 1101: len= 43 黑胜 loss=28.0344 temp=1.00 total_env_steps=38181 t=0.10s
Ep 1102: len= 36 白胜 loss=27.8537 temp=1.00 total_env_steps=38217 t=0.09s
Ep 1103: len= 42 白胜 loss=27.9221 temp=1.00 total_env_steps=38259 t=0.10s
Ep 1104: len= 36 白胜 loss=27.9817 temp=1.00 total_env_steps=38295 t=0.08s
Ep 1105: len= 25 黑胜 loss=28.1212 temp=1.00 total_env_steps=38320 t=0.06s
Ep 1106: len= 39 黑胜 loss=28.0270 temp=1.00 total_env_steps=38359 t=0.08s
Ep 1107: len= 37 黑胜 loss=28.2181 temp=1.00 total_env_steps=38396 t=0.09s
Ep 1108: len= 45 黑胜 loss=27.8618 temp=1.00 total_env_steps=38441 t=0.11s
Ep 1109: len= 55 黑胜 loss=27.9304 temp=1.00 total_env_steps=38496 t=0.12s
Ep 1110: len= 43 黑胜 loss=27.7875 temp=1.00 total_env_steps=38539 t=0.09s
Ep 1111: len= 32 白胜 loss=27.9030 temp=1.00 total_env_steps=38571 t=0.08s
Ep 1112: len= 49 黑胜 loss=28.0881 temp=1.00 total_env_steps=38620 t=0.11s
Ep 1113: len= 29 黑胜 loss=27.9806 temp=1.00 total_env_steps=38649 t=0.07s
Ep 1114: len= 38 白胜 loss=27.8733 temp=1.00 total_env_steps=38687 t=0.08s
Ep 1115: len= 44 白胜 loss=28.1301 temp=1.00 total_env_steps=38731 t=0.10s
Ep 1116: len= 45 黑胜 loss=28.0922 temp=1.00 total_env_steps=38776 t=0.10s
Ep 1117: len= 57 黑胜 loss=28.3300 temp=1.00 total_env_steps=38833 t=0.12s
Ep 1118: len= 42 白胜 loss=28.0758 temp=1.00 total_env_steps=38875 t=0.10s
Ep 1119: len= 40 白胜 loss=27.9602 temp=1.00 total_env_steps=38915 t=0.10s
Ep 1120: len= 47 黑胜 loss=28.0297 temp=1.00 total_env_steps=38962 t=0.10s
Ep 1121: len= 51 黑胜 loss=28.0154 temp=1.00 total_env_steps=39013 t=0.10s
Ep 1122: len= 53 黑胜 loss=27.9423 temp=1.00 total_env_steps=39066 t=0.11s
Ep 1123: len= 34 白胜 loss=28.1095 temp=1.00 total_env_steps=39100 t=0.08s
Ep 1124: len= 33 黑胜 loss=27.9077 temp=1.00 total_env_steps=39133 t=0.07s
Ep 1125: len= 17 黑胜 loss=28.1295 temp=1.00 total_env_steps=39150 t=0.05s
Ep 1126: len= 30 白胜 loss=28.0649 temp=1.00 total_env_steps=39180 t=0.07s
Ep 1127: len= 44 白胜 loss=27.9556 temp=1.00 total_env_steps=39224 t=0.09s
Ep 1128: len= 42 白胜 loss=27.9902 temp=1.00 total_env_steps=39266 t=0.09s
Ep 1129: len= 26 白胜 loss=27.8795 temp=1.00 total_env_steps=39292 t=0.07s
Ep 1130: len= 40 白胜 loss=28.1477 temp=1.00 total_env_steps=39332 t=0.09s
Ep 1131: len= 29 黑胜 loss=27.9877 temp=1.00 total_env_steps=39361 t=0.08s
Ep 1132: len= 45 黑胜 loss=28.1563 temp=1.00 total_env_steps=39406 t=0.10s
Ep 1133: len= 55 黑胜 loss=28.0598 temp=1.00 total_env_steps=39461 t=0.11s
Ep 1134: len= 31 黑胜 loss=28.1991 temp=1.00 total_env_steps=39492 t=0.07s
Ep 1135: len= 28 白胜 loss=28.0009 temp=1.00 total_env_steps=39520 t=0.08s
Ep 1136: len= 56 白胜 loss=28.1728 temp=1.00 total_env_steps=39576 t=0.11s
Ep 1137: len= 29 黑胜 loss=27.8902 temp=1.00 total_env_steps=39605 t=0.07s
Ep 1138: len= 31 黑胜 loss=27.9969 temp=1.00 total_env_steps=39636 t=0.08s
Ep 1139: len= 30 白胜 loss=28.0051 temp=1.00 total_env_steps=39666 t=0.07s
Ep 1140: len= 43 黑胜 loss=28.0527 temp=1.00 total_env_steps=39709 t=0.09s
Ep 1141: len= 44 白胜 loss=28.0910 temp=1.00 total_env_steps=39753 t=0.09s
Ep 1142: len= 34 白胜 loss=27.8524 temp=1.00 total_env_steps=39787 t=0.08s
Ep 1143: len= 49 黑胜 loss=28.0806 temp=1.00 total_env_steps=39836 t=0.10s
Ep 1144: len= 36 白胜 loss=27.9171 temp=1.00 total_env_steps=39872 t=0.09s
Ep 1145: len= 33 黑胜 loss=27.8575 temp=1.00 total_env_steps=39905 t=0.08s
Ep 1146: len= 25 黑胜 loss=28.0300 temp=1.00 total_env_steps=39930 t=0.06s
Ep 1147: len= 32 白胜 loss=27.9609 temp=1.00 total_env_steps=39962 t=0.08s
Ep 1148: len= 46 白胜 loss=27.9480 temp=1.00 total_env_steps=40008 t=0.10s
Ep 1149: len= 42 白胜 loss=28.1714 temp=1.00 total_env_steps=40050 t=0.09s
Ep 1150: len= 44 白胜 loss=28.0474 temp=1.00 total_env_steps=40094 t=0.10s
Ep 1151: len= 25 黑胜 loss=28.1543 temp=1.00 total_env_steps=40119 t=0.06s
Ep 1152: len= 39 黑胜 loss=27.9294 temp=1.00 total_env_steps=40158 t=0.09s
Ep 1153: len= 25 黑胜 loss=28.0206 temp=1.00 total_env_steps=40183 t=0.06s
Ep 1154: len= 28 白胜 loss=27.8323 temp=1.00 total_env_steps=40211 t=0.08s
Ep 1155: len= 28 白胜 loss=27.9556 temp=1.00 total_env_steps=40239 t=0.06s
Ep 1156: len= 30 白胜 loss=27.8706 temp=1.00 total_env_steps=40269 t=0.08s
Ep 1157: len= 24 白胜 loss=28.2042 temp=1.00 total_env_steps=40293 t=0.06s
Ep 1158: len= 43 黑胜 loss=28.1353 temp=1.00 total_env_steps=40336 t=0.10s
Ep 1159: len= 43 黑胜 loss=28.0296 temp=1.00 total_env_steps=40379 t=0.09s
Ep 1160: len= 38 白胜 loss=28.0966 temp=1.00 total_env_steps=40417 t=0.09s
Ep 1161: len= 48 白胜 loss=28.1655 temp=1.00 total_env_steps=40465 t=0.10s
Ep 1162: len= 37 黑胜 loss=27.9657 temp=1.00 total_env_steps=40502 t=0.09s
Ep 1163: len= 42 白胜 loss=28.0114 temp=1.00 total_env_steps=40544 t=0.10s
Ep 1164: len= 54 白胜 loss=28.0205 temp=1.00 total_env_steps=40598 t=0.11s
Ep 1165: len= 41 黑胜 loss=28.1770 temp=1.00 total_env_steps=40639 t=0.10s
Ep 1166: len= 23 黑胜 loss=27.9403 temp=1.00 total_env_steps=40662 t=0.06s
Ep 1167: len= 36 白胜 loss=27.9984 temp=1.00 total_env_steps=40698 t=0.08s
Ep 1168: len= 33 黑胜 loss=27.8814 temp=1.00 total_env_steps=40731 t=0.08s
Ep 1169: len= 41 黑胜 loss=28.1637 temp=1.00 total_env_steps=40772 t=0.09s
Ep 1170: len= 42 白胜 loss=27.8795 temp=1.00 total_env_steps=40814 t=0.09s
Ep 1171: len= 36 白胜 loss=27.9478 temp=1.00 total_env_steps=40850 t=0.08s
Ep 1172: len= 47 黑胜 loss=28.2591 temp=1.00 total_env_steps=40897 t=0.10s
Ep 1173: len= 35 黑胜 loss=28.0935 temp=1.00 total_env_steps=40932 t=0.08s
Ep 1174: len= 33 黑胜 loss=28.1520 temp=1.00 total_env_steps=40965 t=0.08s
Ep 1175: len= 31 黑胜 loss=28.0312 temp=1.00 total_env_steps=40996 t=0.08s
Ep 1176: len= 29 黑胜 loss=28.0041 temp=1.00 total_env_steps=41025 t=0.07s
Ep 1177: len= 41 黑胜 loss=28.0801 temp=1.00 total_env_steps=41066 t=0.10s
Ep 1178: len= 22 白胜 loss=28.0500 temp=1.00 total_env_steps=41088 t=0.06s
Ep 1179: len= 25 黑胜 loss=28.0157 temp=1.00 total_env_steps=41113 t=0.06s
Ep 1180: len= 41 黑胜 loss=27.9491 temp=1.00 total_env_steps=41154 t=0.09s
Ep 1181: len= 41 黑胜 loss=27.8493 temp=1.00 total_env_steps=41195 t=0.10s
Ep 1182: len= 34 白胜 loss=28.1160 temp=1.00 total_env_steps=41229 t=0.08s
Ep 1183: len= 40 白胜 loss=28.1136 temp=1.00 total_env_steps=41269 t=0.09s
Ep 1184: len= 25 黑胜 loss=27.9071 temp=1.00 total_env_steps=41294 t=0.06s
Ep 1185: len= 31 黑胜 loss=28.0269 temp=1.00 total_env_steps=41325 t=0.08s
Ep 1186: len= 31 黑胜 loss=27.9602 temp=1.00 total_env_steps=41356 t=0.07s
Ep 1187: len= 34 白胜 loss=28.1118 temp=1.00 total_env_steps=41390 t=0.08s
Ep 1188: len= 17 黑胜 loss=28.1342 temp=1.00 total_env_steps=41407 t=0.05s
Ep 1189: len= 26 白胜 loss=28.0498 temp=1.00 total_env_steps=41433 t=0.06s
Ep 1190: len= 28 白胜 loss=28.0462 temp=1.00 total_env_steps=41461 t=0.08s
Ep 1191: len= 30 白胜 loss=28.2644 temp=1.00 total_env_steps=41491 t=0.08s
Ep 1192: len= 44 白胜 loss=28.0483 temp=1.00 total_env_steps=41535 t=0.10s
Ep 1193: len= 46 白胜 loss=28.1227 temp=1.00 total_env_steps=41581 t=0.10s
Ep 1194: len= 35 黑胜 loss=28.2561 temp=1.00 total_env_steps=41616 t=0.09s
Ep 1195: len= 46 白胜 loss=28.1014 temp=1.00 total_env_steps=41662 t=0.10s
Ep 1196: len= 44 白胜 loss=27.9572 temp=1.00 total_env_steps=41706 t=0.10s
Ep 1197: len= 37 黑胜 loss=27.9414 temp=1.00 total_env_steps=41743 t=0.09s
Ep 1198: len= 41 黑胜 loss=27.9295 temp=1.00 total_env_steps=41784 t=0.09s
Ep 1199: len= 45 黑胜 loss=28.1079 temp=1.00 total_env_steps=41829 t=0.10s
Ep 1200: len= 36 白胜 loss=28.0147 temp=1.00 total_env_steps=41865 t=0.08s
  eval vs Gomoku-random-v0: win_rate=1.00 mean_return=1.00（20 局，total_env_steps=41865）
Ep 1201: len= 13 黑胜 loss=28.2765 temp=1.00 total_env_steps=41878 t=0.05s
Ep 1202: len= 36 白胜 loss=28.0019 temp=1.00 total_env_steps=41914 t=0.08s
Ep 1203: len= 34 白胜 loss=28.0243 temp=1.00 total_env_steps=41948 t=0.08s
Ep 1204: len= 29 黑胜 loss=27.8974 temp=1.00 total_env_steps=41977 t=0.07s
Ep 1205: len= 34 白胜 loss=28.1322 temp=1.00 total_env_steps=42011 t=0.08s
Ep 1206: len= 24 白胜 loss=27.9999 temp=1.00 total_env_steps=42035 t=0.06s
Ep 1207: len= 29 黑胜 loss=28.1590 temp=1.00 total_env_steps=42064 t=0.07s
Ep 1208: len= 24 白胜 loss=28.0560 temp=1.00 total_env_steps=42088 t=0.06s
Ep 1209: len= 33 黑胜 loss=28.0317 temp=1.00 total_env_steps=42121 t=0.08s
Ep 1210: len= 38 白胜 loss=28.0590 temp=1.00 total_env_steps=42159 t=0.08s
Ep 1211: len= 24 白胜 loss=27.8746 temp=1.00 total_env_steps=42183 t=0.06s
Ep 1212: len= 40 白胜 loss=28.1384 temp=1.00 total_env_steps=42223 t=0.10s
Ep 1213: len= 42 白胜 loss=27.8985 temp=1.00 total_env_steps=42265 t=0.09s
Ep 1214: len= 32 白胜 loss=28.0426 temp=1.00 total_env_steps=42297 t=0.07s
Ep 1215: len= 50 白胜 loss=28.0116 temp=1.00 total_env_steps=42347 t=0.10s
Ep 1216: len= 39 黑胜 loss=28.0102 temp=1.00 total_env_steps=42386 t=0.09s
Ep 1217: len= 33 黑胜 loss=28.0331 temp=1.00 total_env_steps=42419 t=0.08s
Ep 1218: len= 35 黑胜 loss=27.9477 temp=1.00 total_env_steps=42454 t=0.08s
Ep 1219: len= 42 白胜 loss=27.9985 temp=1.00 total_env_steps=42496 t=0.10s
Ep 1220: len= 32 白胜 loss=28.0143 temp=1.00 total_env_steps=42528 t=0.07s
Ep 1221: len= 26 白胜 loss=28.0668 temp=1.00 total_env_steps=42554 t=0.07s
Ep 1222: len= 26 白胜 loss=28.0744 temp=1.00 total_env_steps=42580 t=0.06s
Ep 1223: len= 35 黑胜 loss=28.2308 temp=1.00 total_env_steps=42615 t=0.08s
Ep 1224: len= 39 黑胜 loss=28.1036 temp=1.00 total_env_steps=42654 t=0.08s
Ep 1225: len= 24 白胜 loss=27.9846 temp=1.00 total_env_steps=42678 t=0.07s
Ep 1226: len= 29 黑胜 loss=27.8936 temp=1.00 total_env_steps=42707 t=0.07s
Ep 1227: len= 47 黑胜 loss=27.8722 temp=1.00 total_env_steps=42754 t=0.11s
Ep 1228: len= 44 白胜 loss=27.9438 temp=1.00 total_env_steps=42798 t=0.09s
Ep 1229: len= 18 白胜 loss=28.3083 temp=1.00 total_env_steps=42816 t=0.05s
Ep 1230: len= 25 黑胜 loss=28.2111 temp=1.00 total_env_steps=42841 t=0.06s
Ep 1231: len= 42 白胜 loss=28.0151 temp=1.00 total_env_steps=42883 t=0.09s
Ep 1232: len= 26 白胜 loss=28.2312 temp=1.00 total_env_steps=42909 t=0.06s
Ep 1233: len= 43 黑胜 loss=28.0690 temp=1.00 total_env_steps=42952 t=0.10s
Ep 1234: len= 23 黑胜 loss=28.1127 temp=1.00 total_env_steps=42975 t=0.06s
Ep 1235: len= 36 白胜 loss=28.0686 temp=1.00 total_env_steps=43011 t=0.09s
Ep 1236: len= 13 黑胜 loss=27.9761 temp=1.00 total_env_steps=43024 t=0.04s
Ep 1237: len= 35 黑胜 loss=28.0501 temp=1.00 total_env_steps=43059 t=0.08s
Ep 1238: len= 29 黑胜 loss=27.9468 temp=1.00 total_env_steps=43088 t=0.08s
Ep 1239: len= 41 黑胜 loss=27.9166 temp=1.00 total_env_steps=43129 t=0.09s
Ep 1240: len= 22 白胜 loss=27.9832 temp=1.00 total_env_steps=43151 t=0.06s
Ep 1241: len= 45 黑胜 loss=28.0805 temp=1.00 total_env_steps=43196 t=0.10s
Ep 1242: len= 28 白胜 loss=28.0268 temp=1.00 total_env_steps=43224 t=0.08s
Ep 1243: len= 43 黑胜 loss=28.1046 temp=1.00 total_env_steps=43267 t=0.11s
Ep 1244: len= 13 黑胜 loss=27.8647 temp=1.00 total_env_steps=43280 t=0.05s
Ep 1245: len= 48 白胜 loss=28.1398 temp=1.00 total_env_steps=43328 t=0.11s
Ep 1246: len= 49 黑胜 loss=28.0782 temp=1.00 total_env_steps=43377 t=0.10s
Ep 1247: len= 16 白胜 loss=27.9562 temp=1.00 total_env_steps=43393 t=0.05s
Ep 1248: len= 36 白胜 loss=28.1284 temp=1.00 total_env_steps=43429 t=0.09s
Ep 1249: len= 48 白胜 loss=27.9635 temp=1.00 total_env_steps=43477 t=0.10s
Ep 1250: len= 32 白胜 loss=28.2064 temp=1.00 total_env_steps=43509 t=0.08s
Ep 1251: len= 44 白胜 loss=27.9699 temp=1.00 total_env_steps=43553 t=0.10s
Ep 1252: len= 49 黑胜 loss=27.9954 temp=1.00 total_env_steps=43602 t=0.11s
Ep 1253: len= 30 白胜 loss=27.9540 temp=1.00 total_env_steps=43632 t=0.08s
Ep 1254: len= 32 白胜 loss=27.9975 temp=1.00 total_env_steps=43664 t=0.08s
Ep 1255: len= 31 黑胜 loss=27.9944 temp=1.00 total_env_steps=43695 t=0.08s
Ep 1256: len= 39 黑胜 loss=28.2147 temp=1.00 total_env_steps=43734 t=0.10s
Ep 1257: len= 44 白胜 loss=27.9621 temp=1.00 total_env_steps=43778 t=0.09s
Ep 1258: len= 29 黑胜 loss=28.1448 temp=1.00 total_env_steps=43807 t=0.07s
Ep 1259: len= 40 白胜 loss=28.2027 temp=1.00 total_env_steps=43847 t=0.09s
Ep 1260: len= 47 黑胜 loss=28.0366 temp=1.00 total_env_steps=43894 t=0.11s
Ep 1261: len= 44 白胜 loss=28.0402 temp=1.00 total_env_steps=43938 t=0.10s
Ep 1262: len= 50 白胜 loss=27.9434 temp=1.00 total_env_steps=43988 t=0.11s
Ep 1263: len= 35 黑胜 loss=27.9819 temp=1.00 total_env_steps=44023 t=0.08s
Ep 1264: len= 29 黑胜 loss=27.8179 temp=1.00 total_env_steps=44052 t=0.07s
Ep 1265: len= 43 黑胜 loss=28.2537 temp=1.00 total_env_steps=44095 t=0.09s
Ep 1266: len= 24 白胜 loss=28.2052 temp=1.00 total_env_steps=44119 t=0.07s
Ep 1267: len= 45 黑胜 loss=27.9448 temp=1.00 total_env_steps=44164 t=0.09s
Ep 1268: len= 30 白胜 loss=28.1674 temp=1.00 total_env_steps=44194 t=0.08s
Ep 1269: len= 52 白胜 loss=27.7846 temp=1.00 total_env_steps=44246 t=0.12s
Ep 1270: len= 36 白胜 loss=28.1899 temp=1.00 total_env_steps=44282 t=0.09s
Ep 1271: len= 47 黑胜 loss=28.0789 temp=1.00 total_env_steps=44329 t=0.10s
Ep 1272: len= 45 黑胜 loss=27.9824 temp=1.00 total_env_steps=44374 t=0.10s
Ep 1273: len= 34 白胜 loss=28.1454 temp=1.00 total_env_steps=44408 t=0.08s
Ep 1274: len= 45 黑胜 loss=27.9821 temp=1.00 total_env_steps=44453 t=0.10s
Ep 1275: len= 49 黑胜 loss=27.9675 temp=1.00 total_env_steps=44502 t=0.11s
Ep 1276: len= 43 黑胜 loss=27.9790 temp=1.00 total_env_steps=44545 t=0.10s
Ep 1277: len= 38 白胜 loss=27.9247 temp=1.00 total_env_steps=44583 t=0.09s
Ep 1278: len= 29 黑胜 loss=28.1516 temp=1.00 total_env_steps=44612 t=0.07s
Ep 1279: len= 44 白胜 loss=28.0480 temp=1.00 total_env_steps=44656 t=0.11s
Ep 1280: len= 32 白胜 loss=28.2041 temp=1.00 total_env_steps=44688 t=0.07s
Ep 1281: len= 34 白胜 loss=27.9555 temp=1.00 total_env_steps=44722 t=0.08s
Ep 1282: len= 36 白胜 loss=28.1187 temp=1.00 total_env_steps=44758 t=0.09s
Ep 1283: len= 36 白胜 loss=28.0983 temp=1.00 total_env_steps=44794 t=0.09s
Ep 1284: len= 42 白胜 loss=27.9749 temp=1.00 total_env_steps=44836 t=0.09s
Ep 1285: len= 41 黑胜 loss=28.0104 temp=1.00 total_env_steps=44877 t=0.10s
Ep 1286: len= 23 黑胜 loss=28.0685 temp=1.00 total_env_steps=44900 t=0.06s
Ep 1287: len= 32 白胜 loss=28.0236 temp=1.00 total_env_steps=44932 t=0.08s
Ep 1288: len= 23 黑胜 loss=28.0949 temp=1.00 total_env_steps=44955 t=0.07s
Ep 1289: len= 38 白胜 loss=28.2434 temp=1.00 total_env_steps=44993 t=0.08s
Ep 1290: len= 18 白胜 loss=28.0114 temp=1.00 total_env_steps=45011 t=0.05s
Ep 1291: len= 46 白胜 loss=28.1135 temp=1.00 total_env_steps=45057 t=0.11s
Ep 1292: len= 44 白胜 loss=27.9540 temp=1.00 total_env_steps=45101 t=0.09s
Ep 1293: len= 51 黑胜 loss=27.9869 temp=1.00 total_env_steps=45152 t=0.11s
Ep 1294: len= 41 黑胜 loss=27.9730 temp=1.00 total_env_steps=45193 t=0.10s
Ep 1295: len= 31 黑胜 loss=27.9673 temp=1.00 total_env_steps=45224 t=0.08s
Ep 1296: len= 42 白胜 loss=28.1845 temp=1.00 total_env_steps=45266 t=0.09s
Ep 1297: len= 31 黑胜 loss=28.0080 temp=1.00 total_env_steps=45297 t=0.07s
Ep 1298: len= 39 黑胜 loss=28.0520 temp=1.00 total_env_steps=45336 t=0.08s
Ep 1299: len= 35 黑胜 loss=27.8971 temp=1.00 total_env_steps=45371 t=0.08s
Ep 1300: len= 47 黑胜 loss=28.0813 temp=1.00 total_env_steps=45418 t=0.10s
Ep 1301: len= 40 白胜 loss=27.9048 temp=1.00 total_env_steps=45458 t=0.09s
Ep 1302: len= 31 黑胜 loss=28.0691 temp=1.00 total_env_steps=45489 t=0.07s
Ep 1303: len= 35 黑胜 loss=28.0418 temp=1.00 total_env_steps=45524 t=0.08s
Ep 1304: len= 37 黑胜 loss=27.9725 temp=1.00 total_env_steps=45561 t=0.09s
Ep 1305: len= 41 黑胜 loss=28.1412 temp=1.00 total_env_steps=45602 t=0.10s
Ep 1306: len= 42 白胜 loss=27.8783 temp=1.00 total_env_steps=45644 t=0.09s
Ep 1307: len= 47 黑胜 loss=27.9471 temp=1.00 total_env_steps=45691 t=0.10s
Ep 1308: len= 31 黑胜 loss=27.8719 temp=1.00 total_env_steps=45722 t=0.07s
Ep 1309: len= 17 黑胜 loss=28.1823 temp=1.00 total_env_steps=45739 t=0.05s
Ep 1310: len= 36 白胜 loss=28.1414 temp=1.00 total_env_steps=45775 t=0.08s
Ep 1311: len= 34 白胜 loss=28.0859 temp=1.00 total_env_steps=45809 t=0.08s
Ep 1312: len= 37 黑胜 loss=28.1450 temp=1.00 total_env_steps=45846 t=0.08s
Ep 1313: len= 49 黑胜 loss=28.1301 temp=1.00 total_env_steps=45895 t=0.11s
Ep 1314: len= 40 白胜 loss=27.9125 temp=1.00 total_env_steps=45935 t=0.09s
Ep 1315: len= 36 白胜 loss=28.2237 temp=1.00 total_env_steps=45971 t=0.08s
Ep 1316: len= 30 白胜 loss=28.1189 temp=1.00 total_env_steps=46001 t=0.07s
Ep 1317: len= 43 黑胜 loss=27.9304 temp=1.00 total_env_steps=46044 t=0.09s
Ep 1318: len= 36 白胜 loss=28.1033 temp=1.00 total_env_steps=46080 t=0.09s
Ep 1319: len= 26 白胜 loss=28.1441 temp=1.00 total_env_steps=46106 t=0.07s
Ep 1320: len= 29 黑胜 loss=28.0967 temp=1.00 total_env_steps=46135 t=0.08s
Ep 1321: len= 63 黑胜 loss=27.9679 temp=1.00 total_env_steps=46198 t=0.13s
Ep 1322: len= 38 白胜 loss=28.1871 temp=1.00 total_env_steps=46236 t=0.08s
Ep 1323: len= 29 黑胜 loss=28.2028 temp=1.00 total_env_steps=46265 t=0.08s
Ep 1324: len= 37 黑胜 loss=28.0219 temp=1.00 total_env_steps=46302 t=0.09s
Ep 1325: len= 39 黑胜 loss=28.1570 temp=1.00 total_env_steps=46341 t=0.08s
Ep 1326: len= 23 黑胜 loss=27.9829 temp=1.00 total_env_steps=46364 t=0.06s
Ep 1327: len= 53 黑胜 loss=27.8228 temp=1.00 total_env_steps=46417 t=0.11s
Ep 1328: len= 35 黑胜 loss=28.0229 temp=1.00 total_env_steps=46452 t=0.08s
Ep 1329: len= 40 白胜 loss=28.1175 temp=1.00 total_env_steps=46492 t=0.09s
Ep 1330: len= 34 白胜 loss=27.9916 temp=1.00 total_env_steps=46526 t=0.08s
Ep 1331: len= 48 白胜 loss=28.1151 temp=1.00 total_env_steps=46574 t=0.10s
Ep 1332: len= 41 黑胜 loss=28.0240 temp=1.00 total_env_steps=46615 t=0.08s
Ep 1333: len= 32 白胜 loss=27.9314 temp=1.00 total_env_steps=46647 t=0.08s
Ep 1334: len= 38 白胜 loss=27.8465 temp=1.00 total_env_steps=46685 t=0.09s
Ep 1335: len= 35 黑胜 loss=27.9606 temp=1.00 total_env_steps=46720 t=0.09s
Ep 1336: len= 42 白胜 loss=28.2581 temp=1.00 total_env_steps=46762 t=0.09s
Ep 1337: len= 37 黑胜 loss=28.0938 temp=1.00 total_env_steps=46799 t=0.08s
Ep 1338: len= 49 黑胜 loss=27.9966 temp=1.00 total_env_steps=46848 t=0.11s
Ep 1339: len= 23 黑胜 loss=28.0746 temp=1.00 total_env_steps=46871 t=0.06s
Ep 1340: len= 36 白胜 loss=27.8584 temp=1.00 total_env_steps=46907 t=0.08s
Ep 1341: len= 24 白胜 loss=27.9987 temp=1.00 total_env_steps=46931 t=0.07s
Ep 1342: len= 31 黑胜 loss=27.9488 temp=1.00 total_env_steps=46962 t=0.08s
Ep 1343: len= 39 黑胜 loss=28.1735 temp=1.00 total_env_steps=47001 t=0.09s
Ep 1344: len= 33 黑胜 loss=28.0707 temp=1.00 total_env_steps=47034 t=0.08s
Ep 1345: len= 22 白胜 loss=27.9751 temp=1.00 total_env_steps=47056 t=0.06s
Ep 1346: len= 27 黑胜 loss=28.1392 temp=1.00 total_env_steps=47083 t=0.07s
Ep 1347: len= 36 白胜 loss=28.1289 temp=1.00 total_env_steps=47119 t=0.08s
Ep 1348: len= 49 黑胜 loss=28.0144 temp=1.00 total_env_steps=47168 t=0.10s
Ep 1349: len= 36 白胜 loss=28.2424 temp=1.00 total_env_steps=47204 t=0.09s
Ep 1350: len= 38 白胜 loss=28.1549 temp=1.00 total_env_steps=47242 t=0.09s
Ep 1351: len= 37 黑胜 loss=28.1081 temp=1.00 total_env_steps=47279 t=0.09s
Ep 1352: len= 43 黑胜 loss=27.9218 temp=1.00 total_env_steps=47322 t=0.10s
Ep 1353: len= 30 白胜 loss=28.1849 temp=1.00 total_env_steps=47352 t=0.08s
Ep 1354: len= 42 白胜 loss=28.0688 temp=1.00 total_env_steps=47394 t=0.09s
Ep 1355: len= 58 白胜 loss=28.4634 temp=1.00 total_env_steps=47452 t=0.12s
Ep 1356: len= 35 黑胜 loss=28.2026 temp=1.00 total_env_steps=47487 t=0.08s
Ep 1357: len= 37 黑胜 loss=27.9904 temp=1.00 total_env_steps=47524 t=0.09s
Ep 1358: len= 48 白胜 loss=28.0933 temp=1.00 total_env_steps=47572 t=0.10s
Ep 1359: len= 34 白胜 loss=28.0111 temp=1.00 total_env_steps=47606 t=0.08s
Ep 1360: len= 44 白胜 loss=28.1353 temp=1.00 total_env_steps=47650 t=0.11s
Ep 1361: len= 37 黑胜 loss=28.0883 temp=1.00 total_env_steps=47687 t=0.09s
Ep 1362: len= 34 白胜 loss=28.0886 temp=1.00 total_env_steps=47721 t=0.08s
Ep 1363: len= 37 黑胜 loss=27.8232 temp=1.00 total_env_steps=47758 t=0.09s
Ep 1364: len= 53 黑胜 loss=28.0135 temp=1.00 total_env_steps=47811 t=0.12s
Ep 1365: len= 35 黑胜 loss=28.1651 temp=1.00 total_env_steps=47846 t=0.09s
Ep 1366: len= 49 黑胜 loss=28.0126 temp=1.00 total_env_steps=47895 t=0.10s
Ep 1367: len= 26 白胜 loss=28.1231 temp=1.00 total_env_steps=47921 t=0.07s
Ep 1368: len= 36 白胜 loss=27.9178 temp=1.00 total_env_steps=47957 t=0.09s
Ep 1369: len= 33 黑胜 loss=27.9653 temp=1.00 total_env_steps=47990 t=0.08s
Ep 1370: len= 24 白胜 loss=28.0372 temp=1.00 total_env_steps=48014 t=0.07s
Ep 1371: len= 30 白胜 loss=28.0349 temp=1.00 total_env_steps=48044 t=0.08s
Ep 1372: len= 28 白胜 loss=28.1408 temp=1.00 total_env_steps=48072 t=0.07s
Ep 1373: len= 25 黑胜 loss=28.0962 temp=1.00 total_env_steps=48097 t=0.07s
Ep 1374: len= 31 黑胜 loss=28.2184 temp=1.00 total_env_steps=48128 t=0.08s
Ep 1375: len= 46 白胜 loss=28.0341 temp=1.00 total_env_steps=48174 t=0.10s
Ep 1376: len= 38 白胜 loss=28.0072 temp=1.00 total_env_steps=48212 t=0.08s
Ep 1377: len= 34 白胜 loss=28.1039 temp=1.00 total_env_steps=48246 t=0.08s
Ep 1378: len= 37 黑胜 loss=28.0900 temp=1.00 total_env_steps=48283 t=0.09s
Ep 1379: len= 35 黑胜 loss=28.0981 temp=1.00 total_env_steps=48318 t=0.08s
Ep 1380: len= 37 黑胜 loss=28.0652 temp=1.00 total_env_steps=48355 t=0.09s
Ep 1381: len= 43 黑胜 loss=27.8953 temp=1.00 total_env_steps=48398 t=0.09s
Ep 1382: len= 33 黑胜 loss=28.0732 temp=1.00 total_env_steps=48431 t=0.08s
Ep 1383: len= 24 白胜 loss=28.1213 temp=1.00 total_env_steps=48455 t=0.06s
Ep 1384: len= 22 白胜 loss=28.0173 temp=1.00 total_env_steps=48477 t=0.05s
Ep 1385: len= 30 白胜 loss=27.9100 temp=1.00 total_env_steps=48507 t=0.07s
Ep 1386: len= 30 白胜 loss=28.1396 temp=1.00 total_env_steps=48537 t=0.08s
Ep 1387: len= 43 黑胜 loss=28.3270 temp=1.00 total_env_steps=48580 t=0.09s
Ep 1388: len= 33 黑胜 loss=28.1173 temp=1.00 total_env_steps=48613 t=0.07s
Ep 1389: len= 27 黑胜 loss=27.9440 temp=1.00 total_env_steps=48640 t=0.07s
Ep 1390: len= 34 白胜 loss=28.1066 temp=1.00 total_env_steps=48674 t=0.08s
Ep 1391: len= 45 黑胜 loss=28.0274 temp=1.00 total_env_steps=48719 t=0.10s
Ep 1392: len= 46 白胜 loss=27.9643 temp=1.00 total_env_steps=48765 t=0.10s
Ep 1393: len= 35 黑胜 loss=28.0773 temp=1.00 total_env_steps=48800 t=0.08s
Ep 1394: len= 40 白胜 loss=28.0987 temp=1.00 total_env_steps=48840 t=0.09s
Ep 1395: len= 36 白胜 loss=27.9106 temp=1.00 total_env_steps=48876 t=0.08s
Ep 1396: len= 47 黑胜 loss=27.8299 temp=1.00 total_env_steps=48923 t=0.10s
Ep 1397: len= 31 黑胜 loss=28.0779 temp=1.00 total_env_steps=48954 t=0.08s
Ep 1398: len= 33 黑胜 loss=28.0870 temp=1.00 total_env_steps=48987 t=0.08s
Ep 1399: len= 48 白胜 loss=27.8774 temp=1.00 total_env_steps=49035 t=0.10s
Ep 1400: len= 36 白胜 loss=28.2369 temp=1.00 total_env_steps=49071 t=0.08s
  eval vs Gomoku-random-v0: win_rate=0.85 mean_return=0.70（20 局，total_env_steps=49071）
Ep 1401: len= 38 白胜 loss=27.9963 temp=1.00 total_env_steps=49109 t=0.09s
Ep 1402: len= 42 白胜 loss=28.0071 temp=1.00 total_env_steps=49151 t=0.10s
Ep 1403: len= 29 黑胜 loss=28.1419 temp=1.00 total_env_steps=49180 t=0.07s
Ep 1404: len= 26 白胜 loss=28.0075 temp=1.00 total_env_steps=49206 t=0.06s
Ep 1405: len= 33 黑胜 loss=28.0500 temp=1.00 total_env_steps=49239 t=0.08s
Ep 1406: len= 37 黑胜 loss=27.9653 temp=1.00 total_env_steps=49276 t=0.08s
Ep 1407: len= 27 黑胜 loss=28.1458 temp=1.00 total_env_steps=49303 t=0.07s
Ep 1408: len= 36 白胜 loss=28.1024 temp=1.00 total_env_steps=49339 t=0.08s
Ep 1409: len= 40 白胜 loss=28.1485 temp=1.00 total_env_steps=49379 t=0.09s
Ep 1410: len= 51 黑胜 loss=28.0245 temp=1.00 total_env_steps=49430 t=0.11s
Ep 1411: len= 44 白胜 loss=27.9128 temp=1.00 total_env_steps=49474 t=0.10s
Ep 1412: len= 41 黑胜 loss=28.0214 temp=1.00 total_env_steps=49515 t=0.09s
Ep 1413: len= 22 白胜 loss=28.0669 temp=1.00 total_env_steps=49537 t=0.06s
Ep 1414: len= 32 白胜 loss=28.1531 temp=1.00 total_env_steps=49569 t=0.08s
Ep 1415: len= 29 黑胜 loss=28.0428 temp=1.00 total_env_steps=49598 t=0.07s
Ep 1416: len= 31 黑胜 loss=28.1526 temp=1.00 total_env_steps=49629 t=0.08s
Ep 1417: len= 50 白胜 loss=27.9697 temp=1.00 total_env_steps=49679 t=0.11s
Ep 1418: len= 16 白胜 loss=27.9847 temp=1.00 total_env_steps=49695 t=0.05s
Ep 1419: len= 38 白胜 loss=27.9604 temp=1.00 total_env_steps=49733 t=0.09s
Ep 1420: len= 48 白胜 loss=27.9270 temp=1.00 total_env_steps=49781 t=0.11s
Ep 1421: len= 28 白胜 loss=27.8487 temp=1.00 total_env_steps=49809 t=0.07s
Ep 1422: len= 16 白胜 loss=28.1900 temp=1.00 total_env_steps=49825 t=0.05s
Ep 1423: len= 46 白胜 loss=28.0526 temp=1.00 total_env_steps=49871 t=0.10s
Ep 1424: len= 35 黑胜 loss=28.0385 temp=1.00 total_env_steps=49906 t=0.08s
Ep 1425: len= 27 黑胜 loss=28.0763 temp=1.00 total_env_steps=49933 t=0.07s
Ep 1426: len= 25 黑胜 loss=28.0646 temp=1.00 total_env_steps=49958 t=0.07s
Ep 1427: len= 36 白胜 loss=28.1505 temp=1.00 total_env_steps=49994 t=0.08s
Ep 1428: len= 40 白胜 loss=27.9930 temp=1.00 total_env_steps=50034 t=0.09s
Ep 1429: len= 29 黑胜 loss=28.0093 temp=1.00 total_env_steps=50063 t=0.07s
Ep 1430: len= 33 黑胜 loss=27.9393 temp=1.00 total_env_steps=50096 t=0.08s
Ep 1431: len= 29 黑胜 loss=27.9177 temp=1.00 total_env_steps=50125 t=0.08s
Ep 1432: len= 37 黑胜 loss=28.0167 temp=1.00 total_env_steps=50162 t=0.08s
Ep 1433: len= 39 黑胜 loss=28.0539 temp=1.00 total_env_steps=50201 t=0.09s
Ep 1434: len= 32 白胜 loss=27.9161 temp=1.00 total_env_steps=50233 t=0.08s
Ep 1435: len= 23 黑胜 loss=28.0605 temp=1.00 total_env_steps=50256 t=0.06s
Ep 1436: len= 34 白胜 loss=28.0176 temp=1.00 total_env_steps=50290 t=0.08s
Ep 1437: len= 39 黑胜 loss=28.1380 temp=1.00 total_env_steps=50329 t=0.09s
Ep 1438: len= 36 白胜 loss=27.8820 temp=1.00 total_env_steps=50365 t=0.08s
Ep 1439: len= 38 白胜 loss=28.0469 temp=1.00 total_env_steps=50403 t=0.09s
Ep 1440: len= 39 黑胜 loss=27.8957 temp=1.00 total_env_steps=50442 t=0.08s
Ep 1441: len= 35 黑胜 loss=28.0722 temp=1.00 total_env_steps=50477 t=0.08s
Ep 1442: len= 34 白胜 loss=28.0943 temp=1.00 total_env_steps=50511 t=0.08s
Ep 1443: len= 38 白胜 loss=28.0301 temp=1.00 total_env_steps=50549 t=0.09s
Ep 1444: len= 34 白胜 loss=27.9678 temp=1.00 total_env_steps=50583 t=0.08s
Ep 1445: len= 44 白胜 loss=27.8740 temp=1.00 total_env_steps=50627 t=0.10s
Ep 1446: len= 28 白胜 loss=28.0019 temp=1.00 total_env_steps=50655 t=0.06s
Ep 1447: len= 18 白胜 loss=27.9552 temp=1.00 total_env_steps=50673 t=0.05s
Ep 1448: len= 49 黑胜 loss=28.3072 temp=1.00 total_env_steps=50722 t=0.10s
Ep 1449: len= 32 白胜 loss=27.9665 temp=1.00 total_env_steps=50754 t=0.08s
Ep 1450: len= 49 黑胜 loss=28.1982 temp=1.00 total_env_steps=50803 t=0.11s
Ep 1451: len= 28 白胜 loss=27.9567 temp=1.00 total_env_steps=50831 t=0.07s
Ep 1452: len= 43 黑胜 loss=27.9632 temp=1.00 total_env_steps=50874 t=0.10s
Ep 1453: len= 40 白胜 loss=28.0921 temp=1.00 total_env_steps=50914 t=0.09s
Ep 1454: len= 49 黑胜 loss=28.0012 temp=1.00 total_env_steps=50963 t=0.11s
Ep 1455: len= 47 黑胜 loss=27.9489 temp=1.00 total_env_steps=51010 t=0.10s
Ep 1456: len= 42 白胜 loss=27.9806 temp=1.00 total_env_steps=51052 t=0.09s
Ep 1457: len= 28 白胜 loss=27.9636 temp=1.00 total_env_steps=51080 t=0.07s
Ep 1458: len= 48 白胜 loss=28.0808 temp=1.00 total_env_steps=51128 t=0.10s
Ep 1459: len= 31 黑胜 loss=27.9770 temp=1.00 total_env_steps=51159 t=0.07s
Ep 1460: len= 39 黑胜 loss=28.0432 temp=1.00 total_env_steps=51198 t=0.08s
Ep 1461: len= 36 白胜 loss=27.8919 temp=1.00 total_env_steps=51234 t=0.08s
Ep 1462: len= 30 白胜 loss=28.0435 temp=1.00 total_env_steps=51264 t=0.08s
Ep 1463: len= 40 白胜 loss=27.9645 temp=1.00 total_env_steps=51304 t=0.10s
Ep 1464: len= 23 黑胜 loss=27.9505 temp=1.00 total_env_steps=51327 t=0.06s
Ep 1465: len= 25 黑胜 loss=27.9457 temp=1.00 total_env_steps=51352 t=0.06s
Ep 1466: len= 28 白胜 loss=28.0682 temp=1.00 total_env_steps=51380 t=0.07s
Ep 1467: len= 17 黑胜 loss=28.2423 temp=1.00 total_env_steps=51397 t=0.05s
Ep 1468: len= 50 白胜 loss=27.9645 temp=1.00 total_env_steps=51447 t=0.10s
Ep 1469: len= 28 白胜 loss=27.9362 temp=1.00 total_env_steps=51475 t=0.07s
Ep 1470: len= 40 白胜 loss=28.0376 temp=1.00 total_env_steps=51515 t=0.09s
Ep 1471: len= 30 白胜 loss=28.0687 temp=1.00 total_env_steps=51545 t=0.07s
Ep 1472: len= 19 黑胜 loss=27.9646 temp=1.00 total_env_steps=51564 t=0.06s
Ep 1473: len= 37 黑胜 loss=28.1871 temp=1.00 total_env_steps=51601 t=0.09s
Ep 1474: len= 33 黑胜 loss=28.1253 temp=1.00 total_env_steps=51634 t=0.08s
Ep 1475: len= 42 白胜 loss=28.0862 temp=1.00 total_env_steps=51676 t=0.09s
Ep 1476: len= 38 白胜 loss=27.9017 temp=1.00 total_env_steps=51714 t=0.08s
Ep 1477: len= 39 黑胜 loss=28.0234 temp=1.00 total_env_steps=51753 t=0.09s
Ep 1478: len= 43 黑胜 loss=28.2141 temp=1.00 total_env_steps=51796 t=0.09s
Ep 1479: len= 36 白胜 loss=28.2281 temp=1.00 total_env_steps=51832 t=0.08s
Ep 1480: len= 33 黑胜 loss=27.8635 temp=1.00 total_env_steps=51865 t=0.08s
Ep 1481: len= 40 白胜 loss=28.1190 temp=1.00 total_env_steps=51905 t=0.09s
Ep 1482: len= 35 黑胜 loss=28.1975 temp=1.00 total_env_steps=51940 t=0.09s
Ep 1483: len= 34 白胜 loss=28.0235 temp=1.00 total_env_steps=51974 t=0.08s
Ep 1484: len= 29 黑胜 loss=28.0342 temp=1.00 total_env_steps=52003 t=0.07s
Ep 1485: len= 48 白胜 loss=27.8457 temp=1.00 total_env_steps=52051 t=0.10s
Ep 1486: len= 38 白胜 loss=28.0657 temp=1.00 total_env_steps=52089 t=0.09s
Ep 1487: len= 32 白胜 loss=28.1562 temp=1.00 total_env_steps=52121 t=0.09s
Ep 1488: len= 38 白胜 loss=28.0522 temp=1.00 total_env_steps=52159 t=0.08s
Ep 1489: len= 36 白胜 loss=28.0781 temp=1.00 total_env_steps=52195 t=0.09s
Ep 1490: len= 30 白胜 loss=28.0079 temp=1.00 total_env_steps=52225 t=0.08s
Ep 1491: len= 32 白胜 loss=27.9388 temp=1.00 total_env_steps=52257 t=0.07s
Ep 1492: len= 32 白胜 loss=28.2486 temp=1.00 total_env_steps=52289 t=0.08s
Ep 1493: len= 39 黑胜 loss=27.9321 temp=1.00 total_env_steps=52328 t=0.09s
Ep 1494: len= 35 黑胜 loss=27.9514 temp=1.00 total_env_steps=52363 t=0.08s
Ep 1495: len= 28 白胜 loss=28.0603 temp=1.00 total_env_steps=52391 t=0.07s
Ep 1496: len= 38 白胜 loss=27.8369 temp=1.00 total_env_steps=52429 t=0.09s
Ep 1497: len= 31 黑胜 loss=27.9400 temp=1.00 total_env_steps=52460 t=0.07s
Ep 1498: len= 26 白胜 loss=28.0360 temp=1.00 total_env_steps=52486 t=0.07s
Ep 1499: len= 31 黑胜 loss=27.9378 temp=1.00 total_env_steps=52517 t=0.08s
Ep 1500: len= 26 白胜 loss=28.1310 temp=1.00 total_env_steps=52543 t=0.06s
Ep 1501: len= 38 白胜 loss=28.0572 temp=1.00 total_env_steps=52581 t=0.08s
Ep 1502: len= 50 白胜 loss=28.1063 temp=1.00 total_env_steps=52631 t=0.11s
Ep 1503: len= 30 白胜 loss=27.9194 temp=1.00 total_env_steps=52661 t=0.07s
Ep 1504: len= 39 黑胜 loss=28.0100 temp=1.00 total_env_steps=52700 t=0.08s
Ep 1505: len= 35 黑胜 loss=27.9577 temp=1.00 total_env_steps=52735 t=0.09s
Ep 1506: len= 36 白胜 loss=28.0734 temp=1.00 total_env_steps=52771 t=0.08s
Ep 1507: len= 35 黑胜 loss=28.0107 temp=1.00 total_env_steps=52806 t=0.09s
Ep 1508: len= 27 黑胜 loss=27.9588 temp=1.00 total_env_steps=52833 t=0.07s
Ep 1509: len= 37 黑胜 loss=28.2966 temp=1.00 total_env_steps=52870 t=0.09s
Ep 1510: len= 41 黑胜 loss=27.9942 temp=1.00 total_env_steps=52911 t=0.09s
Ep 1511: len= 44 白胜 loss=27.9634 temp=1.00 total_env_steps=52955 t=0.09s
Ep 1512: len= 38 白胜 loss=28.0761 temp=1.00 total_env_steps=52993 t=0.09s
Ep 1513: len= 45 黑胜 loss=28.1733 temp=1.00 total_env_steps=53038 t=0.10s
Ep 1514: len= 45 黑胜 loss=27.9877 temp=1.00 total_env_steps=53083 t=0.10s
Ep 1515: len= 39 黑胜 loss=27.9534 temp=1.00 total_env_steps=53122 t=0.08s
Ep 1516: len= 43 黑胜 loss=27.9933 temp=1.00 total_env_steps=53165 t=0.10s
Ep 1517: len= 31 黑胜 loss=28.0269 temp=1.00 total_env_steps=53196 t=0.08s
Ep 1518: len= 23 黑胜 loss=28.3993 temp=1.00 total_env_steps=53219 t=0.06s
Ep 1519: len= 37 黑胜 loss=28.0517 temp=1.00 total_env_steps=53256 t=0.09s
Ep 1520: len= 49 黑胜 loss=28.1854 temp=1.00 total_env_steps=53305 t=0.10s
Ep 1521: len= 39 黑胜 loss=28.1103 temp=1.00 total_env_steps=53344 t=0.09s
Ep 1522: len= 31 黑胜 loss=27.9754 temp=1.00 total_env_steps=53375 t=0.09s
Ep 1523: len= 29 黑胜 loss=28.0323 temp=1.00 total_env_steps=53404 t=0.08s
Ep 1524: len= 38 白胜 loss=27.9949 temp=1.00 total_env_steps=53442 t=0.09s
Ep 1525: len= 41 黑胜 loss=27.8893 temp=1.00 total_env_steps=53483 t=0.10s
Ep 1526: len= 37 黑胜 loss=28.2114 temp=1.00 total_env_steps=53520 t=0.08s
Ep 1527: len= 20 白胜 loss=27.8899 temp=1.00 total_env_steps=53540 t=0.05s
Ep 1528: len= 15 黑胜 loss=27.8472 temp=1.00 total_env_steps=53555 t=0.05s
Ep 1529: len= 42 白胜 loss=27.9189 temp=1.00 total_env_steps=53597 t=0.09s
Ep 1530: len= 43 黑胜 loss=27.9128 temp=1.00 total_env_steps=53640 t=0.10s
Ep 1531: len= 39 黑胜 loss=27.9847 temp=1.00 total_env_steps=53679 t=0.09s
Ep 1532: len= 25 黑胜 loss=27.8611 temp=1.00 total_env_steps=53704 t=0.07s
Ep 1533: len= 31 黑胜 loss=27.8993 temp=1.00 total_env_steps=53735 t=0.08s
Ep 1534: len= 30 白胜 loss=28.1270 temp=1.00 total_env_steps=53765 t=0.08s
Ep 1535: len= 39 黑胜 loss=28.2122 temp=1.00 total_env_steps=53804 t=0.10s
Ep 1536: len= 33 黑胜 loss=28.0215 temp=1.00 total_env_steps=53837 t=0.08s
Ep 1537: len= 39 黑胜 loss=27.9922 temp=1.00 total_env_steps=53876 t=0.09s
Ep 1538: len= 27 黑胜 loss=27.9479 temp=1.00 total_env_steps=53903 t=0.07s
Ep 1539: len= 26 白胜 loss=27.8439 temp=1.00 total_env_steps=53929 t=0.07s
Ep 1540: len= 45 黑胜 loss=27.7727 temp=1.00 total_env_steps=53974 t=0.10s
Ep 1541: len= 44 白胜 loss=27.9351 temp=1.00 total_env_steps=54018 t=0.10s
Ep 1542: len= 47 黑胜 loss=27.9222 temp=1.00 total_env_steps=54065 t=0.10s
Ep 1543: len= 35 黑胜 loss=27.8799 temp=1.00 total_env_steps=54100 t=0.08s
Ep 1544: len= 31 黑胜 loss=28.2580 temp=1.00 total_env_steps=54131 t=0.08s
Ep 1545: len= 42 白胜 loss=28.0518 temp=1.00 total_env_steps=54173 t=0.10s
Ep 1546: len= 46 白胜 loss=28.0468 temp=1.00 total_env_steps=54219 t=0.10s
Ep 1547: len= 35 黑胜 loss=27.8905 temp=1.00 total_env_steps=54254 t=0.08s
Ep 1548: len= 38 白胜 loss=27.9978 temp=1.00 total_env_steps=54292 t=0.08s
Ep 1549: len= 41 黑胜 loss=27.9846 temp=1.00 total_env_steps=54333 t=0.10s
Ep 1550: len= 36 白胜 loss=27.8712 temp=1.00 total_env_steps=54369 t=0.08s
Ep 1551: len= 36 白胜 loss=27.9634 temp=1.00 total_env_steps=54405 t=0.08s
Ep 1552: len= 44 白胜 loss=27.8301 temp=1.00 total_env_steps=54449 t=0.10s
Ep 1553: len= 32 白胜 loss=27.8614 temp=1.00 total_env_steps=54481 t=0.07s
Ep 1554: len= 41 黑胜 loss=27.9276 temp=1.00 total_env_steps=54522 t=0.09s
Ep 1555: len= 35 黑胜 loss=27.9980 temp=1.00 total_env_steps=54557 t=0.09s
Ep 1556: len= 39 黑胜 loss=27.8938 temp=1.00 total_env_steps=54596 t=0.08s
Ep 1557: len= 27 黑胜 loss=28.0767 temp=1.00 total_env_steps=54623 t=0.06s
Ep 1558: len= 34 白胜 loss=27.9759 temp=1.00 total_env_steps=54657 t=0.08s
Ep 1559: len= 45 黑胜 loss=28.0797 temp=1.00 total_env_steps=54702 t=0.09s
Ep 1560: len= 33 黑胜 loss=27.7781 temp=1.00 total_env_steps=54735 t=0.08s
Ep 1561: len= 42 白胜 loss=28.3177 temp=1.00 total_env_steps=54777 t=0.09s
Ep 1562: len= 17 黑胜 loss=28.1127 temp=1.00 total_env_steps=54794 t=0.05s
Ep 1563: len= 42 白胜 loss=28.0561 temp=1.00 total_env_steps=54836 t=0.09s
Ep 1564: len= 40 白胜 loss=28.0665 temp=1.00 total_env_steps=54876 t=0.09s
Ep 1565: len= 44 白胜 loss=27.9106 temp=1.00 total_env_steps=54920 t=0.09s
Ep 1566: len= 37 黑胜 loss=28.0739 temp=1.00 total_env_steps=54957 t=0.09s
Ep 1567: len= 43 黑胜 loss=27.9165 temp=1.00 total_env_steps=55000 t=0.09s
Ep 1568: len= 33 黑胜 loss=27.9169 temp=1.00 total_env_steps=55033 t=0.08s
Ep 1569: len= 35 黑胜 loss=28.0162 temp=1.00 total_env_steps=55068 t=0.08s
Ep 1570: len= 36 白胜 loss=27.8932 temp=1.00 total_env_steps=55104 t=0.09s
Ep 1571: len= 43 黑胜 loss=27.9194 temp=1.00 total_env_steps=55147 t=0.09s
Ep 1572: len= 23 黑胜 loss=28.0925 temp=1.00 total_env_steps=55170 t=0.06s
Ep 1573: len= 47 黑胜 loss=28.1628 temp=1.00 total_env_steps=55217 t=0.10s
Ep 1574: len= 34 白胜 loss=28.0015 temp=1.00 total_env_steps=55251 t=0.08s
Ep 1575: len= 32 白胜 loss=28.1099 temp=1.00 total_env_steps=55283 t=0.08s
Ep 1576: len= 30 白胜 loss=28.0548 temp=1.00 total_env_steps=55313 t=0.07s
Ep 1577: len= 31 黑胜 loss=28.1489 temp=1.00 total_env_steps=55344 t=0.08s
Ep 1578: len= 35 黑胜 loss=27.9261 temp=1.00 total_env_steps=55379 t=0.08s
Ep 1579: len= 31 黑胜 loss=27.8887 temp=1.00 total_env_steps=55410 t=0.08s
Ep 1580: len= 31 黑胜 loss=27.8873 temp=1.00 total_env_steps=55441 t=0.08s
Ep 1581: len= 43 黑胜 loss=28.1455 temp=1.00 total_env_steps=55484 t=0.09s
Ep 1582: len= 39 黑胜 loss=27.8775 temp=1.00 total_env_steps=55523 t=0.08s
Ep 1583: len= 39 黑胜 loss=28.2458 temp=1.00 total_env_steps=55562 t=0.09s
Ep 1584: len= 32 白胜 loss=28.1273 temp=1.00 total_env_steps=55594 t=0.07s
Ep 1585: len= 36 白胜 loss=27.9765 temp=1.00 total_env_steps=55630 t=0.08s
Ep 1586: len= 40 白胜 loss=28.0542 temp=1.00 total_env_steps=55670 t=0.09s
Ep 1587: len= 40 白胜 loss=27.9685 temp=1.00 total_env_steps=55710 t=0.09s
Ep 1588: len= 26 白胜 loss=27.9253 temp=1.00 total_env_steps=55736 t=0.06s
Ep 1589: len= 39 黑胜 loss=27.9996 temp=1.00 total_env_steps=55775 t=0.09s
Ep 1590: len= 42 白胜 loss=28.0614 temp=1.00 total_env_steps=55817 t=0.09s
Ep 1591: len= 46 白胜 loss=27.9801 temp=1.00 total_env_steps=55863 t=0.10s
Ep 1592: len= 31 黑胜 loss=27.9553 temp=1.00 total_env_steps=55894 t=0.08s
Ep 1593: len= 40 白胜 loss=27.7807 temp=1.00 total_env_steps=55934 t=0.09s
Ep 1594: len= 46 白胜 loss=27.9506 temp=1.00 total_env_steps=55980 t=0.11s
Ep 1595: len= 21 黑胜 loss=28.0152 temp=1.00 total_env_steps=56001 t=0.06s
Ep 1596: len= 29 黑胜 loss=27.9379 temp=1.00 total_env_steps=56030 t=0.07s
Ep 1597: len= 58 白胜 loss=28.2254 temp=1.00 total_env_steps=56088 t=0.12s
Ep 1598: len= 35 黑胜 loss=28.0243 temp=1.00 total_env_steps=56123 t=0.08s
Ep 1599: len= 46 白胜 loss=27.9290 temp=1.00 total_env_steps=56169 t=0.10s
Ep 1600: len= 34 白胜 loss=28.0917 temp=1.00 total_env_steps=56203 t=0.08s
  eval vs Gomoku-random-v0: win_rate=0.95 mean_return=0.90（20 局，total_env_steps=56203）
Ep 1601: len= 31 黑胜 loss=27.9482 temp=1.00 total_env_steps=56234 t=0.07s
Ep 1602: len= 36 白胜 loss=27.9067 temp=1.00 total_env_steps=56270 t=0.08s
Ep 1603: len= 18 白胜 loss=28.0577 temp=1.00 total_env_steps=56288 t=0.05s
Ep 1604: len= 23 黑胜 loss=28.0215 temp=1.00 total_env_steps=56311 t=0.06s
Ep 1605: len= 43 黑胜 loss=28.0956 temp=1.00 total_env_steps=56354 t=0.10s
Ep 1606: len= 33 黑胜 loss=27.9953 temp=1.00 total_env_steps=56387 t=0.08s
Ep 1607: len= 40 白胜 loss=28.0623 temp=1.00 total_env_steps=56427 t=0.10s
Ep 1608: len= 29 黑胜 loss=28.1609 temp=1.00 total_env_steps=56456 t=0.07s
Ep 1609: len= 44 白胜 loss=27.9558 temp=1.00 total_env_steps=56500 t=0.10s
Ep 1610: len= 40 白胜 loss=28.0790 temp=1.00 total_env_steps=56540 t=0.09s
Ep 1611: len= 29 黑胜 loss=28.1351 temp=1.00 total_env_steps=56569 t=0.08s
Ep 1612: len= 36 白胜 loss=28.0036 temp=1.00 total_env_steps=56605 t=0.09s
Ep 1613: len= 39 黑胜 loss=27.8807 temp=1.00 total_env_steps=56644 t=0.09s
Ep 1614: len= 23 黑胜 loss=28.0551 temp=1.00 total_env_steps=56667 t=0.06s
Ep 1615: len= 33 黑胜 loss=27.8962 temp=1.00 total_env_steps=56700 t=0.07s
Ep 1616: len= 40 白胜 loss=28.1859 temp=1.00 total_env_steps=56740 t=0.09s
Ep 1617: len= 39 黑胜 loss=27.9147 temp=1.00 total_env_steps=56779 t=0.09s
Ep 1618: len= 34 白胜 loss=28.1112 temp=1.00 total_env_steps=56813 t=0.09s
Ep 1619: len= 33 黑胜 loss=27.9788 temp=1.00 total_env_steps=56846 t=0.08s
Ep 1620: len= 18 白胜 loss=27.8963 temp=1.00 total_env_steps=56864 t=0.06s
Ep 1621: len= 29 黑胜 loss=27.9129 temp=1.00 total_env_steps=56893 t=0.08s
Ep 1622: len= 35 黑胜 loss=28.0154 temp=1.00 total_env_steps=56928 t=0.09s
Ep 1623: len= 44 白胜 loss=27.9919 temp=1.00 total_env_steps=56972 t=0.09s
Ep 1624: len= 40 白胜 loss=28.1381 temp=1.00 total_env_steps=57012 t=0.09s
Ep 1625: len= 47 黑胜 loss=28.0057 temp=1.00 total_env_steps=57059 t=0.10s
Ep 1626: len= 32 白胜 loss=27.9570 temp=1.00 total_env_steps=57091 t=0.07s
Ep 1627: len= 40 白胜 loss=27.7739 temp=1.00 total_env_steps=57131 t=0.10s
Ep 1628: len= 33 黑胜 loss=28.0006 temp=1.00 total_env_steps=57164 t=0.08s
Ep 1629: len= 46 白胜 loss=27.8679 temp=1.00 total_env_steps=57210 t=0.10s
Ep 1630: len= 51 黑胜 loss=28.0394 temp=1.00 total_env_steps=57261 t=0.11s
Ep 1631: len= 46 白胜 loss=27.9594 temp=1.00 total_env_steps=57307 t=0.10s
Ep 1632: len= 35 黑胜 loss=27.9710 temp=1.00 total_env_steps=57342 t=0.08s
Ep 1633: len= 43 黑胜 loss=27.9940 temp=1.00 total_env_steps=57385 t=0.09s
Ep 1634: len= 40 白胜 loss=27.8035 temp=1.00 total_env_steps=57425 t=0.09s
Ep 1635: len= 42 白胜 loss=27.9583 temp=1.00 total_env_steps=57467 t=0.10s
Ep 1636: len= 39 黑胜 loss=27.8867 temp=1.00 total_env_steps=57506 t=0.09s
Ep 1637: len= 30 白胜 loss=28.1669 temp=1.00 total_env_steps=57536 t=0.07s
Ep 1638: len= 49 黑胜 loss=27.9295 temp=1.00 total_env_steps=57585 t=0.10s
Ep 1639: len= 39 黑胜 loss=27.9606 temp=1.00 total_env_steps=57624 t=0.08s
Ep 1640: len= 33 黑胜 loss=28.0639 temp=1.00 total_env_steps=57657 t=0.08s
Ep 1641: len= 47 黑胜 loss=28.1653 temp=1.00 total_env_steps=57704 t=0.10s
Ep 1642: len= 34 白胜 loss=27.9403 temp=1.00 total_env_steps=57738 t=0.08s
Ep 1643: len= 32 白胜 loss=28.1266 temp=1.00 total_env_steps=57770 t=0.07s
Ep 1644: len= 27 黑胜 loss=27.8325 temp=1.00 total_env_steps=57797 t=0.07s
Ep 1645: len= 34 白胜 loss=27.8589 temp=1.00 total_env_steps=57831 t=0.08s
Ep 1646: len= 45 黑胜 loss=28.0139 temp=1.00 total_env_steps=57876 t=0.09s
Ep 1647: len= 17 黑胜 loss=28.1576 temp=1.00 total_env_steps=57893 t=0.05s
Ep 1648: len= 47 黑胜 loss=27.9987 temp=1.00 total_env_steps=57940 t=0.11s
Ep 1649: len= 39 黑胜 loss=28.0229 temp=1.00 total_env_steps=57979 t=0.09s
Ep 1650: len= 33 黑胜 loss=27.9360 temp=1.00 total_env_steps=58012 t=0.08s
Ep 1651: len= 34 白胜 loss=27.9728 temp=1.00 total_env_steps=58046 t=0.08s
Ep 1652: len= 40 白胜 loss=27.9869 temp=1.00 total_env_steps=58086 t=0.09s
Ep 1653: len= 16 白胜 loss=27.9360 temp=1.00 total_env_steps=58102 t=0.05s
Ep 1654: len= 31 黑胜 loss=28.0635 temp=1.00 total_env_steps=58133 t=0.08s
Ep 1655: len= 29 黑胜 loss=28.0343 temp=1.00 total_env_steps=58162 t=0.07s
Ep 1656: len= 52 白胜 loss=28.0559 temp=1.00 total_env_steps=58214 t=0.11s
Ep 1657: len= 45 黑胜 loss=28.0187 temp=1.00 total_env_steps=58259 t=0.11s
Ep 1658: len= 33 黑胜 loss=27.9452 temp=1.00 total_env_steps=58292 t=0.11s
Ep 1659: len= 29 黑胜 loss=28.1114 temp=1.00 total_env_steps=58321 t=0.09s
Ep 1660: len= 26 白胜 loss=27.9274 temp=1.00 total_env_steps=58347 t=0.08s
Ep 1661: len= 31 黑胜 loss=27.9243 temp=1.00 total_env_steps=58378 t=0.09s
Ep 1662: len= 37 黑胜 loss=27.9681 temp=1.00 total_env_steps=58415 t=0.08s
Ep 1663: len= 45 黑胜 loss=28.1551 temp=1.00 total_env_steps=58460 t=0.11s
Ep 1664: len= 29 黑胜 loss=27.9304 temp=1.00 total_env_steps=58489 t=0.08s
Ep 1665: len= 31 黑胜 loss=27.9316 temp=1.00 total_env_steps=58520 t=0.08s
Ep 1666: len= 44 白胜 loss=28.0399 temp=1.00 total_env_steps=58564 t=0.09s
Ep 1667: len= 47 黑胜 loss=28.1700 temp=1.00 total_env_steps=58611 t=0.11s
Ep 1668: len= 42 白胜 loss=28.0656 temp=1.00 total_env_steps=58653 t=0.10s
Ep 1669: len= 34 白胜 loss=27.9892 temp=1.00 total_env_steps=58687 t=0.09s
Ep 1670: len= 42 白胜 loss=28.1188 temp=1.00 total_env_steps=58729 t=0.10s
Ep 1671: len= 37 黑胜 loss=27.9231 temp=1.00 total_env_steps=58766 t=0.09s
Ep 1672: len= 35 黑胜 loss=27.9982 temp=1.00 total_env_steps=58801 t=0.08s
Ep 1673: len= 36 白胜 loss=28.0414 temp=1.00 total_env_steps=58837 t=0.08s
Ep 1674: len= 35 黑胜 loss=27.9010 temp=1.00 total_env_steps=58872 t=0.08s
Ep 1675: len= 49 黑胜 loss=27.9174 temp=1.00 total_env_steps=58921 t=0.10s
Ep 1676: len= 52 白胜 loss=27.9679 temp=1.00 total_env_steps=58973 t=0.11s
Ep 1677: len= 50 白胜 loss=28.0867 temp=1.00 total_env_steps=59023 t=0.10s
Ep 1678: len= 42 白胜 loss=28.1923 temp=1.00 total_env_steps=59065 t=0.09s
Ep 1679: len= 49 黑胜 loss=28.0043 temp=1.00 total_env_steps=59114 t=0.10s
Ep 1680: len= 37 黑胜 loss=27.8556 temp=1.00 total_env_steps=59151 t=0.09s
Ep 1681: len= 34 白胜 loss=28.0640 temp=1.00 total_env_steps=59185 t=0.08s
Ep 1682: len= 22 白胜 loss=27.9616 temp=1.00 total_env_steps=59207 t=0.06s
Ep 1683: len= 31 黑胜 loss=27.8602 temp=1.00 total_env_steps=59238 t=0.07s
Ep 1684: len= 34 白胜 loss=28.0467 temp=1.00 total_env_steps=59272 t=0.08s
Ep 1685: len= 33 黑胜 loss=28.0411 temp=1.00 total_env_steps=59305 t=0.08s
Ep 1686: len= 34 白胜 loss=28.1484 temp=1.00 total_env_steps=59339 t=0.08s
Ep 1687: len= 32 白胜 loss=27.9116 temp=1.00 total_env_steps=59371 t=0.07s
Ep 1688: len= 40 白胜 loss=28.0099 temp=1.00 total_env_steps=59411 t=0.09s
Ep 1689: len= 36 白胜 loss=28.0494 temp=1.00 total_env_steps=59447 t=0.08s
Ep 1690: len= 26 白胜 loss=27.9927 temp=1.00 total_env_steps=59473 t=0.07s
Ep 1691: len= 47 黑胜 loss=27.9278 temp=1.00 total_env_steps=59520 t=0.10s
Ep 1692: len= 42 白胜 loss=27.8373 temp=1.00 total_env_steps=59562 t=0.10s
Ep 1693: len= 46 白胜 loss=27.7837 temp=1.00 total_env_steps=59608 t=0.11s
Ep 1694: len= 26 白胜 loss=28.1883 temp=1.00 total_env_steps=59634 t=0.06s
Ep 1695: len= 42 白胜 loss=27.9806 temp=1.00 total_env_steps=59676 t=0.09s
Ep 1696: len= 37 黑胜 loss=28.1516 temp=1.00 total_env_steps=59713 t=0.08s
Ep 1697: len= 33 黑胜 loss=27.9010 temp=1.00 total_env_steps=59746 t=0.07s
Ep 1698: len= 51 黑胜 loss=27.9800 temp=1.00 total_env_steps=59797 t=0.10s
Ep 1699: len= 30 白胜 loss=28.0949 temp=1.00 total_env_steps=59827 t=0.07s
Ep 1700: len= 34 白胜 loss=28.2686 temp=1.00 total_env_steps=59861 t=0.08s
Ep 1701: len= 29 黑胜 loss=28.0861 temp=1.00 total_env_steps=59890 t=0.08s
Ep 1702: len= 37 黑胜 loss=28.0656 temp=1.00 total_env_steps=59927 t=0.08s
Ep 1703: len= 33 黑胜 loss=28.1775 temp=1.00 total_env_steps=59960 t=0.08s
Ep 1704: len= 26 白胜 loss=27.9994 temp=1.00 total_env_steps=59986 t=0.07s
Ep 1705: len= 39 黑胜 loss=27.8827 temp=1.00 total_env_steps=60025 t=0.10s
Ep 1706: len= 34 白胜 loss=28.0330 temp=1.00 total_env_steps=60059 t=0.09s
Ep 1707: len= 40 白胜 loss=28.0340 temp=1.00 total_env_steps=60099 t=0.09s
Ep 1708: len= 34 白胜 loss=28.0107 temp=1.00 total_env_steps=60133 t=0.09s
Ep 1709: len= 41 黑胜 loss=27.9978 temp=1.00 total_env_steps=60174 t=0.09s
Ep 1710: len= 49 黑胜 loss=27.9866 temp=1.00 total_env_steps=60223 t=0.11s
Ep 1711: len= 29 黑胜 loss=28.0717 temp=1.00 total_env_steps=60252 t=0.08s
Ep 1712: len= 32 白胜 loss=27.8312 temp=1.00 total_env_steps=60284 t=0.08s
Ep 1713: len= 46 白胜 loss=27.9630 temp=1.00 total_env_steps=60330 t=0.10s
Ep 1714: len= 21 黑胜 loss=27.9469 temp=1.00 total_env_steps=60351 t=0.06s
Ep 1715: len= 29 黑胜 loss=28.0748 temp=1.00 total_env_steps=60380 t=0.07s
Ep 1716: len= 33 黑胜 loss=28.2439 temp=1.00 total_env_steps=60413 t=0.08s
Ep 1717: len= 28 白胜 loss=28.0331 temp=1.00 total_env_steps=60441 t=0.06s
Ep 1718: len= 15 黑胜 loss=27.9072 temp=1.00 total_env_steps=60456 t=0.05s
Ep 1719: len= 21 黑胜 loss=28.2237 temp=1.00 total_env_steps=60477 t=0.06s
Ep 1720: len= 39 黑胜 loss=28.2063 temp=1.00 total_env_steps=60516 t=0.09s
Ep 1721: len= 34 白胜 loss=27.9993 temp=1.00 total_env_steps=60550 t=0.08s
Ep 1722: len= 42 白胜 loss=28.0822 temp=1.00 total_env_steps=60592 t=0.09s
Ep 1723: len= 37 黑胜 loss=28.1394 temp=1.00 total_env_steps=60629 t=0.08s
Ep 1724: len= 33 黑胜 loss=27.9279 temp=1.00 total_env_steps=60662 t=0.07s
Ep 1725: len= 42 白胜 loss=28.1378 temp=1.00 total_env_steps=60704 t=0.09s
Ep 1726: len= 37 黑胜 loss=28.1067 temp=1.00 total_env_steps=60741 t=0.08s
Ep 1727: len= 31 黑胜 loss=28.1612 temp=1.00 total_env_steps=60772 t=0.07s
Ep 1728: len= 40 白胜 loss=28.0058 temp=1.00 total_env_steps=60812 t=0.09s
Ep 1729: len= 36 白胜 loss=27.9876 temp=1.00 total_env_steps=60848 t=0.08s
Ep 1730: len= 42 白胜 loss=28.1893 temp=1.00 total_env_steps=60890 t=0.09s
Ep 1731: len= 47 黑胜 loss=28.0004 temp=1.00 total_env_steps=60937 t=0.11s
Ep 1732: len= 33 黑胜 loss=28.0141 temp=1.00 total_env_steps=60970 t=0.10s
Ep 1733: len= 20 白胜 loss=27.9433 temp=1.00 total_env_steps=60990 t=0.06s
Ep 1734: len= 38 白胜 loss=28.0733 temp=1.00 total_env_steps=61028 t=0.09s
Ep 1735: len= 21 黑胜 loss=27.8569 temp=1.00 total_env_steps=61049 t=0.06s
Ep 1736: len= 20 白胜 loss=27.9130 temp=1.00 total_env_steps=61069 t=0.06s
Ep 1737: len= 29 黑胜 loss=28.0799 temp=1.00 total_env_steps=61098 t=0.08s
Ep 1738: len= 47 黑胜 loss=28.1014 temp=1.00 total_env_steps=61145 t=0.11s
Ep 1739: len= 40 白胜 loss=28.0734 temp=1.00 total_env_steps=61185 t=0.09s
Ep 1740: len= 42 白胜 loss=28.0899 temp=1.00 total_env_steps=61227 t=0.09s
Ep 1741: len= 38 白胜 loss=28.0320 temp=1.00 total_env_steps=61265 t=0.10s
Ep 1742: len= 40 白胜 loss=28.1894 temp=1.00 total_env_steps=61305 t=0.09s
Ep 1743: len= 27 黑胜 loss=28.1076 temp=1.00 total_env_steps=61332 t=0.07s
Ep 1744: len= 23 黑胜 loss=28.1266 temp=1.00 total_env_steps=61355 t=0.06s
Ep 1745: len= 14 白胜 loss=27.9252 temp=1.00 total_env_steps=61369 t=0.04s
Ep 1746: len= 33 黑胜 loss=27.8423 temp=1.00 total_env_steps=61402 t=0.08s
Ep 1747: len= 22 白胜 loss=27.9885 temp=1.00 total_env_steps=61424 t=0.06s
Ep 1748: len= 35 黑胜 loss=28.1956 temp=1.00 total_env_steps=61459 t=0.08s
Ep 1749: len= 33 黑胜 loss=27.8457 temp=1.00 total_env_steps=61492 t=0.08s
Ep 1750: len= 24 白胜 loss=27.8747 temp=1.00 total_env_steps=61516 t=0.06s
Ep 1751: len= 38 白胜 loss=28.1081 temp=1.00 total_env_steps=61554 t=0.09s
Ep 1752: len= 52 白胜 loss=27.9994 temp=1.00 total_env_steps=61606 t=0.11s
Ep 1753: len= 39 黑胜 loss=28.0695 temp=1.00 total_env_steps=61645 t=0.08s
Ep 1754: len= 44 白胜 loss=28.1466 temp=1.00 total_env_steps=61689 t=0.10s
Ep 1755: len= 41 黑胜 loss=28.0569 temp=1.00 total_env_steps=61730 t=0.10s
Ep 1756: len= 30 白胜 loss=28.0060 temp=1.00 total_env_steps=61760 t=0.07s
Ep 1757: len= 30 白胜 loss=28.0799 temp=1.00 total_env_steps=61790 t=0.07s
Ep 1758: len= 45 黑胜 loss=28.0488 temp=1.00 total_env_steps=61835 t=0.11s
Ep 1759: len= 42 白胜 loss=28.0082 temp=1.00 total_env_steps=61877 t=0.10s
Ep 1760: len= 32 白胜 loss=28.1338 temp=1.00 total_env_steps=61909 t=0.07s
Ep 1761: len= 34 白胜 loss=28.2017 temp=1.00 total_env_steps=61943 t=0.08s
Ep 1762: len= 23 黑胜 loss=28.0635 temp=1.00 total_env_steps=61966 t=0.06s
Ep 1763: len= 31 黑胜 loss=28.0328 temp=1.00 total_env_steps=61997 t=0.08s
Ep 1764: len= 39 黑胜 loss=27.9823 temp=1.00 total_env_steps=62036 t=0.09s
Ep 1765: len= 22 白胜 loss=27.9304 temp=1.00 total_env_steps=62058 t=0.06s
Ep 1766: len= 36 白胜 loss=27.8180 temp=1.00 total_env_steps=62094 t=0.09s
Ep 1767: len= 38 白胜 loss=27.9560 temp=1.00 total_env_steps=62132 t=0.08s
Ep 1768: len= 36 白胜 loss=28.2025 temp=1.00 total_env_steps=62168 t=0.09s
Ep 1769: len= 47 黑胜 loss=27.9928 temp=1.00 total_env_steps=62215 t=0.11s
Ep 1770: len= 40 白胜 loss=28.0640 temp=1.00 total_env_steps=62255 t=0.08s
Ep 1771: len= 40 白胜 loss=28.0197 temp=1.00 total_env_steps=62295 t=0.09s
Ep 1772: len= 30 白胜 loss=28.2109 temp=1.00 total_env_steps=62325 t=0.07s
Ep 1773: len= 37 黑胜 loss=28.0512 temp=1.00 total_env_steps=62362 t=0.08s
Ep 1774: len= 25 黑胜 loss=28.0462 temp=1.00 total_env_steps=62387 t=0.06s
Ep 1775: len= 53 黑胜 loss=28.0325 temp=1.00 total_env_steps=62440 t=0.11s
Ep 1776: len= 36 白胜 loss=27.9266 temp=1.00 total_env_steps=62476 t=0.09s
Ep 1777: len= 27 黑胜 loss=27.9634 temp=1.00 total_env_steps=62503 t=0.07s
Ep 1778: len= 32 白胜 loss=28.0595 temp=1.00 total_env_steps=62535 t=0.07s
Ep 1779: len= 29 黑胜 loss=27.9229 temp=1.00 total_env_steps=62564 t=0.07s
Ep 1780: len= 29 黑胜 loss=28.1216 temp=1.00 total_env_steps=62593 t=0.07s
Ep 1781: len= 36 白胜 loss=28.1362 temp=1.00 total_env_steps=62629 t=0.08s
Ep 1782: len= 38 白胜 loss=28.1798 temp=1.00 total_env_steps=62667 t=0.08s
Ep 1783: len= 28 白胜 loss=27.9789 temp=1.00 total_env_steps=62695 t=0.07s
Ep 1784: len= 35 黑胜 loss=28.1690 temp=1.00 total_env_steps=62730 t=0.08s
Ep 1785: len= 28 白胜 loss=27.9681 temp=1.00 total_env_steps=62758 t=0.07s
Ep 1786: len= 26 白胜 loss=28.1360 temp=1.00 total_env_steps=62784 t=0.07s
Ep 1787: len= 27 黑胜 loss=28.0427 temp=1.00 total_env_steps=62811 t=0.07s
Ep 1788: len= 40 白胜 loss=27.9906 temp=1.00 total_env_steps=62851 t=0.09s
Ep 1789: len= 63 黑胜 loss=28.1647 temp=1.00 total_env_steps=62914 t=0.13s
Ep 1790: len= 49 黑胜 loss=28.0302 temp=1.00 total_env_steps=62963 t=0.11s
Ep 1791: len= 35 黑胜 loss=27.9934 temp=1.00 total_env_steps=62998 t=0.08s
Ep 1792: len= 31 黑胜 loss=28.0533 temp=1.00 total_env_steps=63029 t=0.07s
Ep 1793: len= 34 白胜 loss=28.1439 temp=1.00 total_env_steps=63063 t=0.09s
Ep 1794: len= 27 黑胜 loss=27.8855 temp=1.00 total_env_steps=63090 t=0.06s
Ep 1795: len= 28 白胜 loss=27.9229 temp=1.00 total_env_steps=63118 t=0.07s
Ep 1796: len= 33 黑胜 loss=28.0493 temp=1.00 total_env_steps=63151 t=0.08s
Ep 1797: len= 30 白胜 loss=28.1512 temp=1.00 total_env_steps=63181 t=0.07s
Ep 1798: len= 45 黑胜 loss=28.0451 temp=1.00 total_env_steps=63226 t=0.10s
Ep 1799: len= 41 黑胜 loss=28.1423 temp=1.00 total_env_steps=63267 t=0.09s
Ep 1800: len= 19 黑胜 loss=28.1610 temp=1.00 total_env_steps=63286 t=0.06s
  eval vs Gomoku-random-v0: win_rate=0.95 mean_return=0.90（20 局，total_env_steps=63286）
Ep 1801: len= 36 白胜 loss=28.1011 temp=1.00 total_env_steps=63322 t=0.08s
Ep 1802: len= 28 白胜 loss=27.8451 temp=1.00 total_env_steps=63350 t=0.07s
Ep 1803: len= 39 黑胜 loss=28.0963 temp=1.00 total_env_steps=63389 t=0.08s
Ep 1804: len= 44 白胜 loss=28.0877 temp=1.00 total_env_steps=63433 t=0.09s
Ep 1805: len= 16 白胜 loss=28.0906 temp=1.00 total_env_steps=63449 t=0.05s
Ep 1806: len= 25 黑胜 loss=27.9960 temp=1.00 total_env_steps=63474 t=0.07s
Ep 1807: len= 44 白胜 loss=28.0002 temp=1.00 total_env_steps=63518 t=0.10s
Ep 1808: len= 31 黑胜 loss=28.1702 temp=1.00 total_env_steps=63549 t=0.08s
Ep 1809: len= 41 黑胜 loss=28.0258 temp=1.00 total_env_steps=63590 t=0.09s
Ep 1810: len= 25 黑胜 loss=27.8841 temp=1.00 total_env_steps=63615 t=0.06s
Ep 1811: len= 35 黑胜 loss=28.1332 temp=1.00 total_env_steps=63650 t=0.08s
Ep 1812: len= 37 黑胜 loss=27.9856 temp=1.00 total_env_steps=63687 t=0.08s
Ep 1813: len= 24 白胜 loss=27.9590 temp=1.00 total_env_steps=63711 t=0.06s
Ep 1814: len= 36 白胜 loss=28.0757 temp=1.00 total_env_steps=63747 t=0.08s
Ep 1815: len= 37 黑胜 loss=27.9005 temp=1.00 total_env_steps=63784 t=0.08s
Ep 1816: len= 34 白胜 loss=27.9985 temp=1.00 total_env_steps=63818 t=0.08s
Ep 1817: len= 31 黑胜 loss=27.9375 temp=1.00 total_env_steps=63849 t=0.07s
Ep 1818: len= 20 白胜 loss=28.1220 temp=1.00 total_env_steps=63869 t=0.05s
Ep 1819: len= 39 黑胜 loss=28.0986 temp=1.00 total_env_steps=63908 t=0.09s
Ep 1820: len= 53 黑胜 loss=28.1722 temp=1.00 total_env_steps=63961 t=0.11s
Ep 1821: len= 39 黑胜 loss=27.9480 temp=1.00 total_env_steps=64000 t=0.09s
Ep 1822: len= 28 白胜 loss=28.1027 temp=1.00 total_env_steps=64028 t=0.07s
Ep 1823: len= 41 黑胜 loss=28.0517 temp=1.00 total_env_steps=64069 t=0.10s
Ep 1824: len= 33 黑胜 loss=28.1778 temp=1.00 total_env_steps=64102 t=0.08s
Ep 1825: len= 57 黑胜 loss=28.0117 temp=1.00 total_env_steps=64159 t=0.11s
Ep 1826: len= 34 白胜 loss=28.1140 temp=1.00 total_env_steps=64193 t=0.08s
Ep 1827: len= 37 黑胜 loss=28.0605 temp=1.00 total_env_steps=64230 t=0.08s
Ep 1828: len= 40 白胜 loss=28.0184 temp=1.00 total_env_steps=64270 t=0.09s
Ep 1829: len= 41 黑胜 loss=28.2420 temp=1.00 total_env_steps=64311 t=0.09s
Ep 1830: len= 45 黑胜 loss=28.1781 temp=1.00 total_env_steps=64356 t=0.10s
Ep 1831: len= 26 白胜 loss=27.9620 temp=1.00 total_env_steps=64382 t=0.07s
Ep 1832: len= 45 黑胜 loss=28.0872 temp=1.00 total_env_steps=64427 t=0.11s
Ep 1833: len= 26 白胜 loss=28.2134 temp=1.00 total_env_steps=64453 t=0.06s
Ep 1834: len= 27 黑胜 loss=28.0584 temp=1.00 total_env_steps=64480 t=0.07s
Ep 1835: len= 19 黑胜 loss=27.9738 temp=1.00 total_env_steps=64499 t=0.05s
Ep 1836: len= 31 黑胜 loss=28.2402 temp=1.00 total_env_steps=64530 t=0.08s
Ep 1837: len= 35 黑胜 loss=27.8308 temp=1.00 total_env_steps=64565 t=0.08s
Ep 1838: len= 27 黑胜 loss=28.0946 temp=1.00 total_env_steps=64592 t=0.06s
Ep 1839: len= 21 黑胜 loss=28.0977 temp=1.00 total_env_steps=64613 t=0.06s
Ep 1840: len= 34 白胜 loss=27.9642 temp=1.00 total_env_steps=64647 t=0.08s
Ep 1841: len= 44 白胜 loss=28.0618 temp=1.00 total_env_steps=64691 t=0.10s
Ep 1842: len= 23 黑胜 loss=28.0005 temp=1.00 total_env_steps=64714 t=0.07s
Ep 1843: len= 51 黑胜 loss=28.0041 temp=1.00 total_env_steps=64765 t=0.11s
Ep 1844: len= 39 黑胜 loss=28.0895 temp=1.00 total_env_steps=64804 t=0.09s
Ep 1845: len= 29 黑胜 loss=28.0928 temp=1.00 total_env_steps=64833 t=0.07s
Ep 1846: len= 39 黑胜 loss=28.0615 temp=1.00 total_env_steps=64872 t=0.09s
Ep 1847: len= 43 黑胜 loss=28.0264 temp=1.00 total_env_steps=64915 t=0.10s
Ep 1848: len= 38 白胜 loss=27.9296 temp=1.00 total_env_steps=64953 t=0.08s
Ep 1849: len= 42 白胜 loss=27.8674 temp=1.00 total_env_steps=64995 t=0.10s
Ep 1850: len= 43 黑胜 loss=28.0769 temp=1.00 total_env_steps=65038 t=0.10s
Ep 1851: len= 30 白胜 loss=28.2714 temp=1.00 total_env_steps=65068 t=0.07s
Ep 1852: len= 48 白胜 loss=27.9473 temp=1.00 total_env_steps=65116 t=0.10s
Ep 1853: len= 29 黑胜 loss=28.1309 temp=1.00 total_env_steps=65145 t=0.08s
Ep 1854: len= 27 黑胜 loss=28.1325 temp=1.00 total_env_steps=65172 t=0.07s
Ep 1855: len= 32 白胜 loss=28.1295 temp=1.00 total_env_steps=65204 t=0.08s
Ep 1856: len= 12 白胜 loss=28.1438 temp=1.00 total_env_steps=65216 t=0.04s
Ep 1857: len= 43 黑胜 loss=28.0547 temp=1.00 total_env_steps=65259 t=0.09s
Ep 1858: len= 29 黑胜 loss=28.0925 temp=1.00 total_env_steps=65288 t=0.07s
Ep 1859: len= 37 黑胜 loss=28.0125 temp=1.00 total_env_steps=65325 t=0.09s
Ep 1860: len= 34 白胜 loss=28.2480 temp=1.00 total_env_steps=65359 t=0.09s
Ep 1861: len= 49 黑胜 loss=27.9764 temp=1.00 total_env_steps=65408 t=0.12s
Ep 1862: len= 27 黑胜 loss=27.9819 temp=1.00 total_env_steps=65435 t=0.07s
Ep 1863: len= 33 黑胜 loss=28.1226 temp=1.00 total_env_steps=65468 t=0.08s
Ep 1864: len= 59 黑胜 loss=28.3028 temp=1.00 total_env_steps=65527 t=0.13s
Ep 1865: len= 50 白胜 loss=27.8582 temp=1.00 total_env_steps=65577 t=0.11s
Ep 1866: len= 35 黑胜 loss=27.9236 temp=1.00 total_env_steps=65612 t=0.08s
Ep 1867: len= 42 白胜 loss=28.0045 temp=1.00 total_env_steps=65654 t=0.10s
Ep 1868: len= 42 白胜 loss=27.9983 temp=1.00 total_env_steps=65696 t=0.09s
Ep 1869: len= 36 白胜 loss=28.1955 temp=1.00 total_env_steps=65732 t=0.08s
Ep 1870: len= 44 白胜 loss=27.9694 temp=1.00 total_env_steps=65776 t=0.10s
Ep 1871: len= 22 白胜 loss=28.0700 temp=1.00 total_env_steps=65798 t=0.07s
Ep 1872: len= 37 黑胜 loss=28.0739 temp=1.00 total_env_steps=65835 t=0.09s
Ep 1873: len= 47 黑胜 loss=27.9593 temp=1.00 total_env_steps=65882 t=0.10s
Ep 1874: len= 33 黑胜 loss=27.8075 temp=1.00 total_env_steps=65915 t=0.08s
Ep 1875: len= 38 白胜 loss=28.1124 temp=1.00 total_env_steps=65953 t=0.09s
Ep 1876: len= 25 黑胜 loss=28.1979 temp=1.00 total_env_steps=65978 t=0.07s
Ep 1877: len= 32 白胜 loss=28.1867 temp=1.00 total_env_steps=66010 t=0.08s
Ep 1878: len= 33 黑胜 loss=27.9650 temp=1.00 total_env_steps=66043 t=0.07s
Ep 1879: len= 39 黑胜 loss=28.2785 temp=1.00 total_env_steps=66082 t=0.09s
Ep 1880: len= 35 黑胜 loss=28.0498 temp=1.00 total_env_steps=66117 t=0.08s
Ep 1881: len= 33 黑胜 loss=27.9952 temp=1.00 total_env_steps=66150 t=0.08s
Ep 1882: len= 45 黑胜 loss=28.0651 temp=1.00 total_env_steps=66195 t=0.10s
Ep 1883: len= 35 黑胜 loss=28.0595 temp=1.00 total_env_steps=66230 t=0.09s
Ep 1884: len= 34 白胜 loss=27.8147 temp=1.00 total_env_steps=66264 t=0.08s
Ep 1885: len= 24 白胜 loss=28.0831 temp=1.00 total_env_steps=66288 t=0.06s
Ep 1886: len= 39 黑胜 loss=28.0630 temp=1.00 total_env_steps=66327 t=0.09s
Ep 1887: len= 34 白胜 loss=27.9856 temp=1.00 total_env_steps=66361 t=0.08s
Ep 1888: len= 39 黑胜 loss=28.0117 temp=1.00 total_env_steps=66400 t=0.09s
Ep 1889: len= 24 白胜 loss=27.9595 temp=1.00 total_env_steps=66424 t=0.06s
Ep 1890: len= 26 白胜 loss=27.9387 temp=1.00 total_env_steps=66450 t=0.06s
Ep 1891: len= 33 黑胜 loss=28.1996 temp=1.00 total_env_steps=66483 t=0.07s
Ep 1892: len= 26 白胜 loss=28.0413 temp=1.00 total_env_steps=66509 t=0.07s
Ep 1893: len= 35 黑胜 loss=28.1933 temp=1.00 total_env_steps=66544 t=0.08s
Ep 1894: len= 29 黑胜 loss=28.1063 temp=1.00 total_env_steps=66573 t=0.07s
Ep 1895: len= 33 黑胜 loss=28.1864 temp=1.00 total_env_steps=66606 t=0.08s
Ep 1896: len= 27 黑胜 loss=28.0924 temp=1.00 total_env_steps=66633 t=0.07s
Ep 1897: len= 36 白胜 loss=28.0334 temp=1.00 total_env_steps=66669 t=0.08s
Ep 1898: len= 32 白胜 loss=28.1352 temp=1.00 total_env_steps=66701 t=0.08s
Ep 1899: len= 37 黑胜 loss=28.0082 temp=1.00 total_env_steps=66738 t=0.08s
Ep 1900: len= 44 白胜 loss=27.9621 temp=1.00 total_env_steps=66782 t=0.10s
Ep 1901: len= 28 白胜 loss=28.0297 temp=1.00 total_env_steps=66810 t=0.07s
Ep 1902: len= 29 黑胜 loss=28.0632 temp=1.00 total_env_steps=66839 t=0.07s
Ep 1903: len= 44 白胜 loss=28.1176 temp=1.00 total_env_steps=66883 t=0.09s
Ep 1904: len= 33 黑胜 loss=28.1704 temp=1.00 total_env_steps=66916 t=0.08s
Ep 1905: len= 44 白胜 loss=27.9275 temp=1.00 total_env_steps=66960 t=0.09s
Ep 1906: len= 42 白胜 loss=28.0981 temp=1.00 total_env_steps=67002 t=0.09s
Ep 1907: len= 37 黑胜 loss=28.2467 temp=1.00 total_env_steps=67039 t=0.09s
Ep 1908: len= 38 白胜 loss=28.0222 temp=1.00 total_env_steps=67077 t=0.08s
Ep 1909: len= 37 黑胜 loss=28.2467 temp=1.00 total_env_steps=67114 t=0.08s
Ep 1910: len= 44 白胜 loss=28.0491 temp=1.00 total_env_steps=67158 t=0.10s
Ep 1911: len= 29 黑胜 loss=28.1219 temp=1.00 total_env_steps=67187 t=0.07s
Ep 1912: len= 35 黑胜 loss=28.1128 temp=1.00 total_env_steps=67222 t=0.08s
Ep 1913: len= 45 黑胜 loss=27.9084 temp=1.00 total_env_steps=67267 t=0.09s
Ep 1914: len= 35 黑胜 loss=27.8589 temp=1.00 total_env_steps=67302 t=0.08s
Ep 1915: len= 47 黑胜 loss=27.9153 temp=1.00 total_env_steps=67349 t=0.10s
Ep 1916: len= 42 白胜 loss=28.3418 temp=1.00 total_env_steps=67391 t=0.09s
Ep 1917: len= 30 白胜 loss=28.0470 temp=1.00 total_env_steps=67421 t=0.07s
Ep 1918: len= 36 白胜 loss=28.0973 temp=1.00 total_env_steps=67457 t=0.09s
Ep 1919: len= 35 黑胜 loss=28.0325 temp=1.00 total_env_steps=67492 t=0.09s
Ep 1920: len= 45 黑胜 loss=28.0530 temp=1.00 total_env_steps=67537 t=0.09s
Ep 1921: len= 42 白胜 loss=28.2433 temp=1.00 total_env_steps=67579 t=0.09s
Ep 1922: len= 34 白胜 loss=28.0078 temp=1.00 total_env_steps=67613 t=0.08s
Ep 1923: len= 33 黑胜 loss=28.3235 temp=1.00 total_env_steps=67646 t=0.08s
Ep 1924: len= 23 黑胜 loss=28.1199 temp=1.00 total_env_steps=67669 t=0.06s
Ep 1925: len= 44 白胜 loss=28.0494 temp=1.00 total_env_steps=67713 t=0.10s
Ep 1926: len= 38 白胜 loss=27.9720 temp=1.00 total_env_steps=67751 t=0.09s
Ep 1927: len= 55 黑胜 loss=27.9286 temp=1.00 total_env_steps=67806 t=0.11s
Ep 1928: len= 37 黑胜 loss=27.7941 temp=1.00 total_env_steps=67843 t=0.09s
Ep 1929: len= 45 黑胜 loss=27.9924 temp=1.00 total_env_steps=67888 t=0.09s
Ep 1930: len= 31 黑胜 loss=27.9999 temp=1.00 total_env_steps=67919 t=0.08s
Ep 1931: len= 19 黑胜 loss=28.0095 temp=1.00 total_env_steps=67938 t=0.05s
Ep 1932: len= 34 白胜 loss=27.8969 temp=1.00 total_env_steps=67972 t=0.08s
Ep 1933: len= 32 白胜 loss=28.0084 temp=1.00 total_env_steps=68004 t=0.08s
Ep 1934: len= 50 白胜 loss=28.0175 temp=1.00 total_env_steps=68054 t=0.10s
Ep 1935: len= 38 白胜 loss=28.1358 temp=1.00 total_env_steps=68092 t=0.08s
Ep 1936: len= 26 白胜 loss=27.9496 temp=1.00 total_env_steps=68118 t=0.06s
Ep 1937: len= 30 白胜 loss=28.1136 temp=1.00 total_env_steps=68148 t=0.08s
Ep 1938: len= 41 黑胜 loss=28.0413 temp=1.00 total_env_steps=68189 t=0.10s
Ep 1939: len= 45 黑胜 loss=27.9985 temp=1.00 total_env_steps=68234 t=0.10s
Ep 1940: len= 29 黑胜 loss=27.9858 temp=1.00 total_env_steps=68263 t=0.07s
Ep 1941: len= 56 白胜 loss=27.9674 temp=1.00 total_env_steps=68319 t=0.12s
Ep 1942: len= 43 黑胜 loss=27.9606 temp=1.00 total_env_steps=68362 t=0.10s
Ep 1943: len= 39 黑胜 loss=28.0047 temp=1.00 total_env_steps=68401 t=0.08s
Ep 1944: len= 35 黑胜 loss=28.1844 temp=1.00 total_env_steps=68436 t=0.08s
Ep 1945: len= 30 白胜 loss=28.0700 temp=1.00 total_env_steps=68466 t=0.07s
Ep 1946: len= 40 白胜 loss=28.1192 temp=1.00 total_env_steps=68506 t=0.09s
Ep 1947: len= 34 白胜 loss=28.1998 temp=1.00 total_env_steps=68540 t=0.08s
Ep 1948: len= 25 黑胜 loss=28.2408 temp=1.00 total_env_steps=68565 t=0.07s
Ep 1949: len= 36 白胜 loss=27.9287 temp=1.00 total_env_steps=68601 t=0.08s
Ep 1950: len= 28 白胜 loss=28.1161 temp=1.00 total_env_steps=68629 t=0.07s
Ep 1951: len= 27 黑胜 loss=28.1247 temp=1.00 total_env_steps=68656 t=0.07s
Ep 1952: len= 35 黑胜 loss=28.1936 temp=1.00 total_env_steps=68691 t=0.09s
Ep 1953: len= 48 白胜 loss=28.1512 temp=1.00 total_env_steps=68739 t=0.11s
Ep 1954: len= 20 白胜 loss=28.0197 temp=1.00 total_env_steps=68759 t=0.06s
Ep 1955: len= 50 白胜 loss=27.9328 temp=1.00 total_env_steps=68809 t=0.11s
Ep 1956: len= 29 黑胜 loss=28.1226 temp=1.00 total_env_steps=68838 t=0.07s
Ep 1957: len= 36 白胜 loss=28.0719 temp=1.00 total_env_steps=68874 t=0.09s
Ep 1958: len= 45 黑胜 loss=28.0111 temp=1.00 total_env_steps=68919 t=0.10s
Ep 1959: len= 30 白胜 loss=27.9967 temp=1.00 total_env_steps=68949 t=0.07s
Ep 1960: len= 34 白胜 loss=27.9414 temp=1.00 total_env_steps=68983 t=0.09s
Ep 1961: len= 36 白胜 loss=27.9502 temp=1.00 total_env_steps=69019 t=0.09s
Ep 1962: len= 28 白胜 loss=28.2467 temp=1.00 total_env_steps=69047 t=0.07s
Ep 1963: len= 15 黑胜 loss=28.0334 temp=1.00 total_env_steps=69062 t=0.04s
Ep 1964: len= 25 黑胜 loss=27.9864 temp=1.00 total_env_steps=69087 t=0.07s
Ep 1965: len= 44 白胜 loss=28.1194 temp=1.00 total_env_steps=69131 t=0.10s
Ep 1966: len= 42 白胜 loss=28.1828 temp=1.00 total_env_steps=69173 t=0.09s
Ep 1967: len= 24 白胜 loss=28.1843 temp=1.00 total_env_steps=69197 t=0.06s
Ep 1968: len= 38 白胜 loss=28.3338 temp=1.00 total_env_steps=69235 t=0.09s
Ep 1969: len= 40 白胜 loss=28.0169 temp=1.00 total_env_steps=69275 t=0.10s
Ep 1970: len= 45 黑胜 loss=27.9452 temp=1.00 total_env_steps=69320 t=0.09s
Ep 1971: len= 27 黑胜 loss=28.0764 temp=1.00 total_env_steps=69347 t=0.07s
Ep 1972: len= 28 白胜 loss=27.9381 temp=1.00 total_env_steps=69375 t=0.07s
Ep 1973: len= 27 黑胜 loss=28.0332 temp=1.00 total_env_steps=69402 t=0.07s
Ep 1974: len= 29 黑胜 loss=28.0159 temp=1.00 total_env_steps=69431 t=0.07s
Ep 1975: len= 28 白胜 loss=27.9996 temp=1.00 total_env_steps=69459 t=0.07s
Ep 1976: len= 44 白胜 loss=28.2421 temp=1.00 total_env_steps=69503 t=0.10s
Ep 1977: len= 40 白胜 loss=28.1110 temp=1.00 total_env_steps=69543 t=0.09s
Ep 1978: len= 33 黑胜 loss=27.9251 temp=1.00 total_env_steps=69576 t=0.07s
Ep 1979: len= 37 黑胜 loss=28.0685 temp=1.00 total_env_steps=69613 t=0.08s
Ep 1980: len= 32 白胜 loss=28.3395 temp=1.00 total_env_steps=69645 t=0.08s
Ep 1981: len= 24 白胜 loss=28.0421 temp=1.00 total_env_steps=69669 t=0.06s
Ep 1982: len= 38 白胜 loss=27.9722 temp=1.00 total_env_steps=69707 t=0.08s
Ep 1983: len= 37 黑胜 loss=28.1957 temp=1.00 total_env_steps=69744 t=0.08s
Ep 1984: len= 29 黑胜 loss=28.0389 temp=1.00 total_env_steps=69773 t=0.07s
Ep 1985: len= 48 白胜 loss=28.0673 temp=1.00 total_env_steps=69821 t=0.10s
Ep 1986: len= 35 黑胜 loss=27.8456 temp=1.00 total_env_steps=69856 t=0.08s
Ep 1987: len= 46 白胜 loss=28.0688 temp=1.00 total_env_steps=69902 t=0.10s
Ep 1988: len= 53 黑胜 loss=28.3373 temp=1.00 total_env_steps=69955 t=0.11s
Ep 1989: len= 44 白胜 loss=28.0407 temp=1.00 total_env_steps=69999 t=0.10s
Ep 1990: len= 30 白胜 loss=28.0888 temp=1.00 total_env_steps=70029 t=0.07s
Ep 1991: len= 39 黑胜 loss=28.0276 temp=1.00 total_env_steps=70068 t=0.09s
Ep 1992: len= 30 白胜 loss=28.1229 temp=1.00 total_env_steps=70098 t=0.08s
Ep 1993: len= 51 黑胜 loss=28.0709 temp=1.00 total_env_steps=70149 t=0.11s
Ep 1994: len= 38 白胜 loss=27.9823 temp=1.00 total_env_steps=70187 t=0.08s
Ep 1995: len= 27 黑胜 loss=28.0086 temp=1.00 total_env_steps=70214 t=0.07s
Ep 1996: len= 48 白胜 loss=27.9063 temp=1.00 total_env_steps=70262 t=0.10s
Ep 1997: len= 40 白胜 loss=27.9167 temp=1.00 total_env_steps=70302 t=0.09s
Ep 1998: len= 31 黑胜 loss=27.9033 temp=1.00 total_env_steps=70333 t=0.07s
Ep 1999: len= 38 白胜 loss=27.8910 temp=1.00 total_env_steps=70371 t=0.09s
Ep 2000: len= 24 白胜 loss=28.0201 temp=1.00 total_env_steps=70395 t=0.06s
  eval vs Gomoku-random-v0: win_rate=1.00 mean_return=1.00（20 局，total_env_steps=70395）
[闸门] vs random（40 局）: win_rate=1.000
[闸门] vs 半程快照（40 局，黑白各半）: score=0.925
[梯队] vs naive0（20 局，观察性）: win_rate=0.20
[梯队] vs naive1（20 局，观察性）: win_rate=0.00
[梯队] vs naive2（20 局，观察性）: win_rate=0.00
[梯队] vs naive3（20 局，观察性）: win_rate=0.00
📈 Gomoku-selfplay-v0 win_rate=1.00（best 1.00）| 门槛 0.95 | 173.8s

--- arm=combo_ceiling seed=44 sims=100 ---
[MyZero-board Gomoku-selfplay-v0] obs=243(3×9²) |A|=81 sims=100 γ=1.0 negamax
[MyZero-board] 8 重对称增广开启（D4，采样时随机套变换）
[MyZero-board] 树内真规则开启（AlphaZero 式诊断；训练侧不变）
Ep    1: len= 33 黑胜 loss=0.0000 temp=1.00 total_env_steps=33 t=0.06s
Ep    2: len= 15 黑胜 loss=0.0000 temp=1.00 total_env_steps=48 t=0.03s
Ep    3: len= 39 黑胜 loss=0.0000 temp=1.00 total_env_steps=87 t=0.07s
Ep    4: len= 17 黑胜 loss=0.0000 temp=1.00 total_env_steps=104 t=0.03s
Ep    5: len= 47 黑胜 loss=0.0000 temp=1.00 total_env_steps=151 t=0.08s
Ep    6: len= 40 白胜 loss=0.0000 temp=1.00 total_env_steps=191 t=0.07s
Ep    7: len= 49 黑胜 loss=0.0000 temp=1.00 total_env_steps=240 t=0.09s
Ep    8: len= 21 黑胜 loss=0.0000 temp=1.00 total_env_steps=261 t=0.04s
Ep    9: len= 46 白胜 loss=0.0000 temp=1.00 total_env_steps=307 t=0.08s
Ep   10: len= 36 白胜 loss=38.4574 temp=1.00 total_env_steps=343 t=0.08s
Ep   11: len= 33 黑胜 loss=29.2213 temp=1.00 total_env_steps=376 t=0.07s
Ep   12: len= 39 黑胜 loss=28.9752 temp=1.00 total_env_steps=415 t=0.08s
Ep   13: len= 33 黑胜 loss=29.0747 temp=1.00 total_env_steps=448 t=0.07s
Ep   14: len= 19 黑胜 loss=28.8080 temp=1.00 total_env_steps=467 t=0.05s
Ep   15: len= 26 白胜 loss=28.6901 temp=1.00 total_env_steps=493 t=0.06s
Ep   16: len= 20 白胜 loss=28.7366 temp=1.00 total_env_steps=513 t=0.05s
Ep   17: len= 48 白胜 loss=28.8939 temp=1.00 total_env_steps=561 t=0.09s
Ep   18: len= 18 白胜 loss=29.2014 temp=1.00 total_env_steps=579 t=0.04s
Ep   19: len= 29 黑胜 loss=29.0810 temp=1.00 total_env_steps=608 t=0.07s
Ep   20: len= 41 黑胜 loss=28.7415 temp=1.00 total_env_steps=649 t=0.09s
Ep   21: len= 40 白胜 loss=28.3681 temp=1.00 total_env_steps=689 t=0.08s
Ep   22: len= 27 黑胜 loss=28.6492 temp=1.00 total_env_steps=716 t=0.06s
Ep   23: len= 37 黑胜 loss=28.5117 temp=1.00 total_env_steps=753 t=0.08s
Ep   24: len= 26 白胜 loss=28.7124 temp=1.00 total_env_steps=779 t=0.06s
Ep   25: len= 24 白胜 loss=28.8565 temp=1.00 total_env_steps=803 t=0.06s
Ep   26: len= 24 白胜 loss=28.3487 temp=1.00 total_env_steps=827 t=0.05s
Ep   27: len= 34 白胜 loss=28.4194 temp=1.00 total_env_steps=861 t=0.07s
Ep   28: len= 34 白胜 loss=28.4566 temp=1.00 total_env_steps=895 t=0.07s
Ep   29: len= 25 黑胜 loss=28.6387 temp=1.00 total_env_steps=920 t=0.06s
Ep   30: len= 38 白胜 loss=28.2644 temp=1.00 total_env_steps=958 t=0.08s
Ep   31: len= 32 白胜 loss=28.4161 temp=1.00 total_env_steps=990 t=0.07s
Ep   32: len= 31 黑胜 loss=28.5198 temp=1.00 total_env_steps=1021 t=0.07s
Ep   33: len= 31 黑胜 loss=28.7022 temp=1.00 total_env_steps=1052 t=0.07s
Ep   34: len= 39 黑胜 loss=28.7273 temp=1.00 total_env_steps=1091 t=0.07s
Ep   35: len= 35 黑胜 loss=28.8667 temp=1.00 total_env_steps=1126 t=0.07s
Ep   36: len= 20 白胜 loss=28.5778 temp=1.00 total_env_steps=1146 t=0.05s
Ep   37: len= 26 白胜 loss=28.7461 temp=1.00 total_env_steps=1172 t=0.06s
Ep   38: len= 30 白胜 loss=28.5525 temp=1.00 total_env_steps=1202 t=0.06s
Ep   39: len= 29 黑胜 loss=28.6300 temp=1.00 total_env_steps=1231 t=0.06s
Ep   40: len= 33 黑胜 loss=28.7866 temp=1.00 total_env_steps=1264 t=0.07s
Ep   41: len= 40 白胜 loss=28.3580 temp=1.00 total_env_steps=1304 t=0.08s
Ep   42: len= 23 黑胜 loss=28.4408 temp=1.00 total_env_steps=1327 t=0.06s
Ep   43: len= 34 白胜 loss=28.4776 temp=1.00 total_env_steps=1361 t=0.07s
Ep   44: len= 33 黑胜 loss=28.3601 temp=1.00 total_env_steps=1394 t=0.07s
Ep   45: len= 33 黑胜 loss=28.5128 temp=1.00 total_env_steps=1427 t=0.07s
Ep   46: len= 38 白胜 loss=28.3074 temp=1.00 total_env_steps=1465 t=0.08s
Ep   47: len= 40 白胜 loss=28.5451 temp=1.00 total_env_steps=1505 t=0.08s
Ep   48: len= 24 白胜 loss=28.4487 temp=1.00 total_env_steps=1529 t=0.05s
Ep   49: len= 30 白胜 loss=28.2514 temp=1.00 total_env_steps=1559 t=0.06s
Ep   50: len= 39 黑胜 loss=28.3897 temp=1.00 total_env_steps=1598 t=0.08s
Ep   51: len= 42 白胜 loss=28.5272 temp=1.00 total_env_steps=1640 t=0.08s
Ep   52: len= 50 白胜 loss=28.3382 temp=1.00 total_env_steps=1690 t=0.10s
Ep   53: len= 20 白胜 loss=28.3774 temp=1.00 total_env_steps=1710 t=0.04s
Ep   54: len= 34 白胜 loss=28.2945 temp=1.00 total_env_steps=1744 t=0.07s
Ep   55: len= 32 白胜 loss=28.0897 temp=1.00 total_env_steps=1776 t=0.07s
Ep   56: len= 31 黑胜 loss=28.3174 temp=1.00 total_env_steps=1807 t=0.06s
Ep   57: len= 23 黑胜 loss=28.6300 temp=1.00 total_env_steps=1830 t=0.05s
Ep   58: len= 24 白胜 loss=28.3264 temp=1.00 total_env_steps=1854 t=0.05s
Ep   59: len= 39 黑胜 loss=28.4102 temp=1.00 total_env_steps=1893 t=0.08s
Ep   60: len= 16 白胜 loss=28.3021 temp=1.00 total_env_steps=1909 t=0.04s
Ep   61: len= 25 黑胜 loss=28.4326 temp=1.00 total_env_steps=1934 t=0.06s
Ep   62: len= 29 黑胜 loss=28.0760 temp=1.00 total_env_steps=1963 t=0.06s
Ep   63: len= 32 白胜 loss=28.4253 temp=1.00 total_env_steps=1995 t=0.07s
Ep   64: len= 32 白胜 loss=28.5266 temp=1.00 total_env_steps=2027 t=0.07s
Ep   65: len= 24 白胜 loss=28.4229 temp=1.00 total_env_steps=2051 t=0.05s
Ep   66: len= 16 白胜 loss=28.3361 temp=1.00 total_env_steps=2067 t=0.04s
Ep   67: len= 28 白胜 loss=28.4198 temp=1.00 total_env_steps=2095 t=0.06s
Ep   68: len= 51 黑胜 loss=28.3677 temp=1.00 total_env_steps=2146 t=0.10s
Ep   69: len= 39 黑胜 loss=28.1870 temp=1.00 total_env_steps=2185 t=0.08s
Ep   70: len= 13 黑胜 loss=28.3314 temp=1.00 total_env_steps=2198 t=0.04s
Ep   71: len= 47 黑胜 loss=28.4089 temp=1.00 total_env_steps=2245 t=0.09s
Ep   72: len= 41 黑胜 loss=28.2878 temp=1.00 total_env_steps=2286 t=0.08s
Ep   73: len= 29 黑胜 loss=28.1534 temp=1.00 total_env_steps=2315 t=0.07s
Ep   74: len= 27 黑胜 loss=28.3184 temp=1.00 total_env_steps=2342 t=0.06s
Ep   75: len= 26 白胜 loss=28.1765 temp=1.00 total_env_steps=2368 t=0.06s
Ep   76: len= 42 白胜 loss=28.3732 temp=1.00 total_env_steps=2410 t=0.08s
Ep   77: len= 38 白胜 loss=28.0648 temp=1.00 total_env_steps=2448 t=0.08s
Ep   78: len= 40 白胜 loss=28.3069 temp=1.00 total_env_steps=2488 t=0.09s
Ep   79: len= 44 白胜 loss=28.3643 temp=1.00 total_env_steps=2532 t=0.09s
Ep   80: len= 27 黑胜 loss=28.4078 temp=1.00 total_env_steps=2559 t=0.06s
Ep   81: len= 26 白胜 loss=28.1842 temp=1.00 total_env_steps=2585 t=0.06s
Ep   82: len= 35 黑胜 loss=28.1314 temp=1.00 total_env_steps=2620 t=0.07s
Ep   83: len= 43 黑胜 loss=28.4471 temp=1.00 total_env_steps=2663 t=0.09s
Ep   84: len= 40 白胜 loss=28.3492 temp=1.00 total_env_steps=2703 t=0.08s
Ep   85: len= 29 黑胜 loss=28.2287 temp=1.00 total_env_steps=2732 t=0.07s
Ep   86: len= 28 白胜 loss=28.2498 temp=1.00 total_env_steps=2760 t=0.06s
Ep   87: len= 35 黑胜 loss=28.1666 temp=1.00 total_env_steps=2795 t=0.08s
Ep   88: len= 44 白胜 loss=28.3857 temp=1.00 total_env_steps=2839 t=0.08s
Ep   89: len= 36 白胜 loss=28.3986 temp=1.00 total_env_steps=2875 t=0.08s
Ep   90: len= 32 白胜 loss=28.3546 temp=1.00 total_env_steps=2907 t=0.06s
Ep   91: len= 36 白胜 loss=28.3180 temp=1.00 total_env_steps=2943 t=0.08s
Ep   92: len= 30 白胜 loss=28.4604 temp=1.00 total_env_steps=2973 t=0.07s
Ep   93: len= 33 黑胜 loss=28.4589 temp=1.00 total_env_steps=3006 t=0.07s
Ep   94: len= 41 黑胜 loss=28.3618 temp=1.00 total_env_steps=3047 t=0.09s
Ep   95: len= 25 黑胜 loss=28.2745 temp=1.00 total_env_steps=3072 t=0.06s
Ep   96: len= 31 黑胜 loss=28.2851 temp=1.00 total_env_steps=3103 t=0.06s
Ep   97: len= 35 黑胜 loss=28.4116 temp=1.00 total_env_steps=3138 t=0.07s
Ep   98: len= 30 白胜 loss=28.3952 temp=1.00 total_env_steps=3168 t=0.07s
Ep   99: len= 30 白胜 loss=28.3149 temp=1.00 total_env_steps=3198 t=0.06s
Ep  100: len= 38 白胜 loss=28.2939 temp=1.00 total_env_steps=3236 t=0.08s
Ep  101: len= 21 黑胜 loss=28.3245 temp=1.00 total_env_steps=3257 t=0.05s
Ep  102: len= 23 黑胜 loss=28.3964 temp=1.00 total_env_steps=3280 t=0.05s
Ep  103: len= 35 黑胜 loss=28.3979 temp=1.00 total_env_steps=3315 t=0.07s
Ep  104: len= 43 黑胜 loss=28.2201 temp=1.00 total_env_steps=3358 t=0.09s
Ep  105: len= 30 白胜 loss=28.2761 temp=1.00 total_env_steps=3388 t=0.07s
Ep  106: len= 41 黑胜 loss=28.4606 temp=1.00 total_env_steps=3429 t=0.08s
Ep  107: len= 38 白胜 loss=28.4469 temp=1.00 total_env_steps=3467 t=0.08s
Ep  108: len= 39 黑胜 loss=28.2057 temp=1.00 total_env_steps=3506 t=0.09s
Ep  109: len= 46 白胜 loss=28.3185 temp=1.00 total_env_steps=3552 t=0.09s
Ep  110: len= 31 黑胜 loss=28.2957 temp=1.00 total_env_steps=3583 t=0.07s
Ep  111: len= 33 黑胜 loss=28.5709 temp=1.00 total_env_steps=3616 t=0.07s
Ep  112: len= 29 黑胜 loss=28.2713 temp=1.00 total_env_steps=3645 t=0.07s
Ep  113: len= 23 黑胜 loss=28.2092 temp=1.00 total_env_steps=3668 t=0.06s
Ep  114: len= 45 黑胜 loss=28.4798 temp=1.00 total_env_steps=3713 t=0.10s
Ep  115: len= 40 白胜 loss=28.4777 temp=1.00 total_env_steps=3753 t=0.08s
Ep  116: len= 22 白胜 loss=28.3866 temp=1.00 total_env_steps=3775 t=0.05s
Ep  117: len= 44 白胜 loss=28.4825 temp=1.00 total_env_steps=3819 t=0.09s
Ep  118: len= 49 黑胜 loss=28.0980 temp=1.00 total_env_steps=3868 t=0.10s
Ep  119: len= 23 黑胜 loss=28.1269 temp=1.00 total_env_steps=3891 t=0.06s
Ep  120: len= 40 白胜 loss=28.5460 temp=1.00 total_env_steps=3931 t=0.08s
Ep  121: len= 37 黑胜 loss=28.2956 temp=1.00 total_env_steps=3968 t=0.08s
Ep  122: len= 34 白胜 loss=28.3588 temp=1.00 total_env_steps=4002 t=0.08s
Ep  123: len= 41 黑胜 loss=28.3038 temp=1.00 total_env_steps=4043 t=0.09s
Ep  124: len= 31 黑胜 loss=28.1837 temp=1.00 total_env_steps=4074 t=0.06s
Ep  125: len= 40 白胜 loss=28.3487 temp=1.00 total_env_steps=4114 t=0.08s
Ep  126: len= 45 黑胜 loss=28.1999 temp=1.00 total_env_steps=4159 t=0.09s
Ep  127: len= 33 黑胜 loss=28.1836 temp=1.00 total_env_steps=4192 t=0.07s
Ep  128: len= 41 黑胜 loss=28.0372 temp=1.00 total_env_steps=4233 t=0.09s
Ep  129: len= 56 白胜 loss=28.4192 temp=1.00 total_env_steps=4289 t=0.11s
Ep  130: len= 33 黑胜 loss=28.2733 temp=1.00 total_env_steps=4322 t=0.07s
Ep  131: len= 57 黑胜 loss=28.1874 temp=1.00 total_env_steps=4379 t=0.12s
Ep  132: len= 35 黑胜 loss=28.3992 temp=1.00 total_env_steps=4414 t=0.08s
Ep  133: len= 32 白胜 loss=28.4218 temp=1.00 total_env_steps=4446 t=0.07s
Ep  134: len= 25 黑胜 loss=28.2426 temp=1.00 total_env_steps=4471 t=0.06s
Ep  135: len= 27 黑胜 loss=28.5109 temp=1.00 total_env_steps=4498 t=0.07s
Ep  136: len= 31 黑胜 loss=28.1671 temp=1.00 total_env_steps=4529 t=0.07s
Ep  137: len= 41 黑胜 loss=28.1509 temp=1.00 total_env_steps=4570 t=0.08s
Ep  138: len= 21 黑胜 loss=28.2278 temp=1.00 total_env_steps=4591 t=0.04s
Ep  139: len= 39 黑胜 loss=28.2660 temp=1.00 total_env_steps=4630 t=0.08s
Ep  140: len= 35 黑胜 loss=28.4021 temp=1.00 total_env_steps=4665 t=0.07s
Ep  141: len= 48 白胜 loss=28.3293 temp=1.00 total_env_steps=4713 t=0.10s
Ep  142: len= 43 黑胜 loss=28.4005 temp=1.00 total_env_steps=4756 t=0.09s
Ep  143: len= 47 黑胜 loss=28.2032 temp=1.00 total_env_steps=4803 t=0.09s
Ep  144: len= 32 白胜 loss=28.3157 temp=1.00 total_env_steps=4835 t=0.06s
Ep  145: len= 46 白胜 loss=28.1938 temp=1.00 total_env_steps=4881 t=0.09s
Ep  146: len= 31 黑胜 loss=28.3851 temp=1.00 total_env_steps=4912 t=0.07s
Ep  147: len= 39 黑胜 loss=28.5273 temp=1.00 total_env_steps=4951 t=0.08s
Ep  148: len= 37 黑胜 loss=28.3845 temp=1.00 total_env_steps=4988 t=0.07s
Ep  149: len= 34 白胜 loss=28.3113 temp=1.00 total_env_steps=5022 t=0.07s
Ep  150: len= 32 白胜 loss=28.4014 temp=1.00 total_env_steps=5054 t=0.07s
Ep  151: len= 32 白胜 loss=28.3172 temp=1.00 total_env_steps=5086 t=0.07s
Ep  152: len= 48 白胜 loss=28.4212 temp=1.00 total_env_steps=5134 t=0.09s
Ep  153: len= 32 白胜 loss=28.4426 temp=1.00 total_env_steps=5166 t=0.07s
Ep  154: len= 41 黑胜 loss=28.3131 temp=1.00 total_env_steps=5207 t=0.09s
Ep  155: len= 29 黑胜 loss=28.2815 temp=1.00 total_env_steps=5236 t=0.06s
Ep  156: len= 26 白胜 loss=28.3197 temp=1.00 total_env_steps=5262 t=0.06s
Ep  157: len= 47 黑胜 loss=28.2480 temp=1.00 total_env_steps=5309 t=0.09s
Ep  158: len= 28 白胜 loss=28.1785 temp=1.00 total_env_steps=5337 t=0.06s
Ep  159: len= 41 黑胜 loss=28.2098 temp=1.00 total_env_steps=5378 t=0.08s
Ep  160: len= 40 白胜 loss=28.3922 temp=1.00 total_env_steps=5418 t=0.08s
Ep  161: len= 40 白胜 loss=28.1857 temp=1.00 total_env_steps=5458 t=0.08s
Ep  162: len= 38 白胜 loss=28.3159 temp=1.00 total_env_steps=5496 t=0.08s
Ep  163: len= 30 白胜 loss=28.3247 temp=1.00 total_env_steps=5526 t=0.06s
Ep  164: len= 27 黑胜 loss=28.2791 temp=1.00 total_env_steps=5553 t=0.06s
Ep  165: len= 37 黑胜 loss=28.2402 temp=1.00 total_env_steps=5590 t=0.07s
Ep  166: len= 36 白胜 loss=28.1219 temp=1.00 total_env_steps=5626 t=0.08s
Ep  167: len= 34 白胜 loss=28.2717 temp=1.00 total_env_steps=5660 t=0.07s
Ep  168: len= 30 白胜 loss=28.2934 temp=1.00 total_env_steps=5690 t=0.06s
Ep  169: len= 19 黑胜 loss=28.2862 temp=1.00 total_env_steps=5709 t=0.04s
Ep  170: len= 58 白胜 loss=28.1906 temp=1.00 total_env_steps=5767 t=0.10s
Ep  171: len= 39 黑胜 loss=28.2290 temp=1.00 total_env_steps=5806 t=0.08s
Ep  172: len= 32 白胜 loss=28.2076 temp=1.00 total_env_steps=5838 t=0.06s
Ep  173: len= 31 黑胜 loss=28.4122 temp=1.00 total_env_steps=5869 t=0.06s
Ep  174: len= 26 白胜 loss=28.1158 temp=1.00 total_env_steps=5895 t=0.06s
Ep  175: len= 55 黑胜 loss=28.3480 temp=1.00 total_env_steps=5950 t=0.11s
Ep  176: len= 46 白胜 loss=28.1771 temp=1.00 total_env_steps=5996 t=0.09s
Ep  177: len= 30 白胜 loss=28.2481 temp=1.00 total_env_steps=6026 t=0.07s
Ep  178: len= 53 黑胜 loss=28.3715 temp=1.00 total_env_steps=6079 t=0.10s
Ep  179: len= 32 白胜 loss=28.3793 temp=1.00 total_env_steps=6111 t=0.06s
Ep  180: len= 39 黑胜 loss=28.3230 temp=1.00 total_env_steps=6150 t=0.08s
Ep  181: len= 33 黑胜 loss=28.1785 temp=1.00 total_env_steps=6183 t=0.07s
Ep  182: len= 32 白胜 loss=28.2756 temp=1.00 total_env_steps=6215 t=0.07s
Ep  183: len= 21 黑胜 loss=28.2898 temp=1.00 total_env_steps=6236 t=0.05s
Ep  184: len= 31 黑胜 loss=28.2772 temp=1.00 total_env_steps=6267 t=0.07s
Ep  185: len= 40 白胜 loss=28.3119 temp=1.00 total_env_steps=6307 t=0.08s
Ep  186: len= 42 白胜 loss=28.2223 temp=1.00 total_env_steps=6349 t=0.09s
Ep  187: len= 32 白胜 loss=28.2534 temp=1.00 total_env_steps=6381 t=0.07s
Ep  188: len= 34 白胜 loss=28.2702 temp=1.00 total_env_steps=6415 t=0.07s
Ep  189: len= 35 黑胜 loss=28.1117 temp=1.00 total_env_steps=6450 t=0.07s
Ep  190: len= 33 黑胜 loss=28.2793 temp=1.00 total_env_steps=6483 t=0.07s
Ep  191: len= 39 黑胜 loss=28.2793 temp=1.00 total_env_steps=6522 t=0.09s
Ep  192: len= 51 黑胜 loss=28.3019 temp=1.00 total_env_steps=6573 t=0.11s
Ep  193: len= 51 黑胜 loss=28.2233 temp=1.00 total_env_steps=6624 t=0.11s
Ep  194: len= 48 白胜 loss=28.3151 temp=1.00 total_env_steps=6672 t=0.10s
Ep  195: len= 34 白胜 loss=28.3836 temp=1.00 total_env_steps=6706 t=0.08s
Ep  196: len= 39 黑胜 loss=28.2843 temp=1.00 total_env_steps=6745 t=0.08s
Ep  197: len= 38 白胜 loss=28.1011 temp=1.00 total_env_steps=6783 t=0.08s
Ep  198: len= 36 白胜 loss=28.3347 temp=1.00 total_env_steps=6819 t=0.08s
Ep  199: len= 27 黑胜 loss=28.1077 temp=1.00 total_env_steps=6846 t=0.07s
Ep  200: len= 22 白胜 loss=28.2051 temp=1.00 total_env_steps=6868 t=0.05s
  eval vs Gomoku-random-v0: win_rate=1.00 mean_return=1.00（20 局，total_env_steps=6868）
  ✅ 达标 ep=200 total_env_steps=6868
Ep  201: len= 30 白胜 loss=28.3750 temp=1.00 total_env_steps=6898 t=0.07s
Ep  202: len= 27 黑胜 loss=28.3121 temp=1.00 total_env_steps=6925 t=0.07s
Ep  203: len= 25 黑胜 loss=28.2527 temp=1.00 total_env_steps=6950 t=0.06s
Ep  204: len= 39 黑胜 loss=28.2211 temp=1.00 total_env_steps=6989 t=0.09s
Ep  205: len= 39 黑胜 loss=28.2045 temp=1.00 total_env_steps=7028 t=0.08s
Ep  206: len= 37 黑胜 loss=28.3110 temp=1.00 total_env_steps=7065 t=0.08s
Ep  207: len= 54 白胜 loss=28.3624 temp=1.00 total_env_steps=7119 t=0.12s
Ep  208: len= 39 黑胜 loss=28.4084 temp=1.00 total_env_steps=7158 t=0.09s
Ep  209: len= 31 黑胜 loss=28.3104 temp=1.00 total_env_steps=7189 t=0.08s
Ep  210: len= 22 白胜 loss=28.0648 temp=1.00 total_env_steps=7211 t=0.06s
Ep  211: len= 55 黑胜 loss=28.3807 temp=1.00 total_env_steps=7266 t=0.12s
Ep  212: len= 27 黑胜 loss=28.2697 temp=1.00 total_env_steps=7293 t=0.07s
Ep  213: len= 38 白胜 loss=28.3992 temp=1.00 total_env_steps=7331 t=0.09s
Ep  214: len= 37 黑胜 loss=28.2827 temp=1.00 total_env_steps=7368 t=0.08s
Ep  215: len= 39 黑胜 loss=28.3794 temp=1.00 total_env_steps=7407 t=0.09s
Ep  216: len= 34 白胜 loss=28.1497 temp=1.00 total_env_steps=7441 t=0.08s
Ep  217: len= 25 黑胜 loss=28.3785 temp=1.00 total_env_steps=7466 t=0.06s
Ep  218: len= 47 黑胜 loss=28.2338 temp=1.00 total_env_steps=7513 t=0.10s
Ep  219: len= 35 黑胜 loss=28.2677 temp=1.00 total_env_steps=7548 t=0.08s
Ep  220: len= 35 黑胜 loss=28.1631 temp=1.00 total_env_steps=7583 t=0.09s
Ep  221: len= 37 黑胜 loss=28.3552 temp=1.00 total_env_steps=7620 t=0.09s
Ep  222: len= 38 白胜 loss=28.2812 temp=1.00 total_env_steps=7658 t=0.09s
Ep  223: len= 40 白胜 loss=28.4150 temp=1.00 total_env_steps=7698 t=0.08s
Ep  224: len= 41 黑胜 loss=28.2119 temp=1.00 total_env_steps=7739 t=0.09s
Ep  225: len= 20 白胜 loss=28.2871 temp=1.00 total_env_steps=7759 t=0.05s
Ep  226: len= 27 黑胜 loss=28.3792 temp=1.00 total_env_steps=7786 t=0.06s
Ep  227: len= 33 黑胜 loss=28.1407 temp=1.00 total_env_steps=7819 t=0.08s
Ep  228: len= 33 黑胜 loss=28.2534 temp=1.00 total_env_steps=7852 t=0.08s
Ep  229: len= 27 黑胜 loss=28.1269 temp=1.00 total_env_steps=7879 t=0.07s
Ep  230: len= 33 黑胜 loss=28.3000 temp=1.00 total_env_steps=7912 t=0.07s
Ep  231: len= 28 白胜 loss=28.3039 temp=1.00 total_env_steps=7940 t=0.07s
Ep  232: len= 35 黑胜 loss=28.3210 temp=1.00 total_env_steps=7975 t=0.08s
Ep  233: len= 55 黑胜 loss=28.0332 temp=1.00 total_env_steps=8030 t=0.11s
Ep  234: len= 56 白胜 loss=28.0881 temp=1.00 total_env_steps=8086 t=0.12s
Ep  235: len= 32 白胜 loss=28.2226 temp=1.00 total_env_steps=8118 t=0.08s
Ep  236: len= 57 黑胜 loss=28.4536 temp=1.00 total_env_steps=8175 t=0.12s
Ep  237: len= 35 黑胜 loss=28.0421 temp=1.00 total_env_steps=8210 t=0.09s
Ep  238: len= 24 白胜 loss=28.3578 temp=1.00 total_env_steps=8234 t=0.06s
Ep  239: len= 39 黑胜 loss=28.3548 temp=1.00 total_env_steps=8273 t=0.10s
Ep  240: len= 33 黑胜 loss=28.1614 temp=1.00 total_env_steps=8306 t=0.08s
Ep  241: len= 52 白胜 loss=28.2807 temp=1.00 total_env_steps=8358 t=0.10s
Ep  242: len= 42 白胜 loss=28.2308 temp=1.00 total_env_steps=8400 t=0.10s
Ep  243: len= 17 黑胜 loss=28.3491 temp=1.00 total_env_steps=8417 t=0.05s
Ep  244: len= 44 白胜 loss=28.1576 temp=1.00 total_env_steps=8461 t=0.09s
Ep  245: len= 33 黑胜 loss=28.3318 temp=1.00 total_env_steps=8494 t=0.07s
Ep  246: len= 41 黑胜 loss=28.2393 temp=1.00 total_env_steps=8535 t=0.09s
Ep  247: len= 33 黑胜 loss=28.2165 temp=1.00 total_env_steps=8568 t=0.08s
Ep  248: len= 49 黑胜 loss=28.3743 temp=1.00 total_env_steps=8617 t=0.10s
Ep  249: len= 44 白胜 loss=28.1232 temp=1.00 total_env_steps=8661 t=0.10s
Ep  250: len= 28 白胜 loss=28.3927 temp=1.00 total_env_steps=8689 t=0.07s
Ep  251: len= 44 白胜 loss=28.2244 temp=1.00 total_env_steps=8733 t=0.10s
Ep  252: len= 46 白胜 loss=28.0973 temp=1.00 total_env_steps=8779 t=0.11s
Ep  253: len= 39 黑胜 loss=28.1747 temp=1.00 total_env_steps=8818 t=0.10s
Ep  254: len= 34 白胜 loss=28.1716 temp=1.00 total_env_steps=8852 t=0.08s
Ep  255: len= 21 黑胜 loss=28.2475 temp=1.00 total_env_steps=8873 t=0.06s
Ep  256: len= 34 白胜 loss=28.0973 temp=1.00 total_env_steps=8907 t=0.08s
Ep  257: len= 35 黑胜 loss=28.3324 temp=1.00 total_env_steps=8942 t=0.10s
Ep  258: len= 25 黑胜 loss=28.2179 temp=1.00 total_env_steps=8967 t=0.08s
Ep  259: len= 38 白胜 loss=28.2300 temp=1.00 total_env_steps=9005 t=0.08s
Ep  260: len= 48 白胜 loss=28.2786 temp=1.00 total_env_steps=9053 t=0.10s
Ep  261: len= 26 白胜 loss=28.2122 temp=1.00 total_env_steps=9079 t=0.07s
Ep  262: len= 41 黑胜 loss=28.2751 temp=1.00 total_env_steps=9120 t=0.10s
Ep  263: len= 29 黑胜 loss=28.3192 temp=1.00 total_env_steps=9149 t=0.07s
Ep  264: len= 33 黑胜 loss=28.3131 temp=1.00 total_env_steps=9182 t=0.08s
Ep  265: len= 37 黑胜 loss=28.2240 temp=1.00 total_env_steps=9219 t=0.08s
Ep  266: len= 30 白胜 loss=28.1645 temp=1.00 total_env_steps=9249 t=0.07s
Ep  267: len= 39 黑胜 loss=28.3122 temp=1.00 total_env_steps=9288 t=0.08s
Ep  268: len= 31 黑胜 loss=28.1766 temp=1.00 total_env_steps=9319 t=0.08s
Ep  269: len= 46 白胜 loss=28.1563 temp=1.00 total_env_steps=9365 t=0.11s
Ep  270: len= 31 黑胜 loss=28.5203 temp=1.00 total_env_steps=9396 t=0.07s
Ep  271: len= 33 黑胜 loss=28.2745 temp=1.00 total_env_steps=9429 t=0.08s
Ep  272: len= 12 白胜 loss=28.2428 temp=1.00 total_env_steps=9441 t=0.04s
Ep  273: len= 35 黑胜 loss=28.1992 temp=1.00 total_env_steps=9476 t=0.09s
Ep  274: len= 47 黑胜 loss=28.1683 temp=1.00 total_env_steps=9523 t=0.10s
Ep  275: len= 31 黑胜 loss=28.2088 temp=1.00 total_env_steps=9554 t=0.08s
Ep  276: len= 46 白胜 loss=28.3238 temp=1.00 total_env_steps=9600 t=0.10s
Ep  277: len= 29 黑胜 loss=28.0944 temp=1.00 total_env_steps=9629 t=0.08s
Ep  278: len= 27 黑胜 loss=28.0902 temp=1.00 total_env_steps=9656 t=0.08s
Ep  279: len= 47 黑胜 loss=28.3894 temp=1.00 total_env_steps=9703 t=0.12s
Ep  280: len= 27 黑胜 loss=28.3493 temp=1.00 total_env_steps=9730 t=0.08s
Ep  281: len= 33 黑胜 loss=28.1584 temp=1.00 total_env_steps=9763 t=0.09s
Ep  282: len= 33 黑胜 loss=28.3553 temp=1.00 total_env_steps=9796 t=0.08s
Ep  283: len= 28 白胜 loss=28.2985 temp=1.00 total_env_steps=9824 t=0.08s
Ep  284: len= 42 白胜 loss=28.4619 temp=1.00 total_env_steps=9866 t=0.11s
Ep  285: len= 26 白胜 loss=28.1708 temp=1.00 total_env_steps=9892 t=0.07s
Ep  286: len= 31 黑胜 loss=28.2560 temp=1.00 total_env_steps=9923 t=0.08s
Ep  287: len= 44 白胜 loss=28.3958 temp=1.00 total_env_steps=9967 t=0.10s
Ep  288: len= 40 白胜 loss=28.3114 temp=1.00 total_env_steps=10007 t=0.10s
Ep  289: len= 33 黑胜 loss=28.3021 temp=1.00 total_env_steps=10040 t=0.12s
Ep  290: len= 33 黑胜 loss=28.4787 temp=1.00 total_env_steps=10073 t=0.11s
Ep  291: len= 22 白胜 loss=28.2214 temp=1.00 total_env_steps=10095 t=0.07s
Ep  292: len= 39 黑胜 loss=28.1743 temp=1.00 total_env_steps=10134 t=0.11s
Ep  293: len= 20 白胜 loss=28.4091 temp=1.00 total_env_steps=10154 t=0.07s
Ep  294: len= 28 白胜 loss=28.3887 temp=1.00 total_env_steps=10182 t=0.09s
Ep  295: len= 30 白胜 loss=28.2513 temp=1.00 total_env_steps=10212 t=0.08s
Ep  296: len= 40 白胜 loss=28.3019 temp=1.00 total_env_steps=10252 t=0.09s
Ep  297: len= 20 白胜 loss=28.0161 temp=1.00 total_env_steps=10272 t=0.06s
Ep  298: len= 21 黑胜 loss=28.3074 temp=1.00 total_env_steps=10293 t=0.06s
Ep  299: len= 35 黑胜 loss=28.3911 temp=1.00 total_env_steps=10328 t=0.08s
Ep  300: len= 41 黑胜 loss=28.1813 temp=1.00 total_env_steps=10369 t=0.10s
Ep  301: len= 55 黑胜 loss=28.3126 temp=1.00 total_env_steps=10424 t=0.13s
Ep  302: len= 31 黑胜 loss=28.2898 temp=1.00 total_env_steps=10455 t=0.08s
Ep  303: len= 47 黑胜 loss=28.2318 temp=1.00 total_env_steps=10502 t=0.12s
Ep  304: len= 47 黑胜 loss=28.1266 temp=1.00 total_env_steps=10549 t=0.12s
Ep  305: len= 40 白胜 loss=28.1265 temp=1.00 total_env_steps=10589 t=0.10s
Ep  306: len= 36 白胜 loss=28.5052 temp=1.00 total_env_steps=10625 t=0.09s
Ep  307: len= 23 黑胜 loss=28.3618 temp=1.00 total_env_steps=10648 t=0.07s
Ep  308: len= 23 黑胜 loss=28.2757 temp=1.00 total_env_steps=10671 t=0.06s
Ep  309: len= 31 黑胜 loss=28.3526 temp=1.00 total_env_steps=10702 t=0.07s
Ep  310: len= 37 黑胜 loss=28.4027 temp=1.00 total_env_steps=10739 t=0.08s
Ep  311: len= 44 白胜 loss=28.3090 temp=1.00 total_env_steps=10783 t=0.11s
Ep  312: len= 34 白胜 loss=28.2430 temp=1.00 total_env_steps=10817 t=0.09s
Ep  313: len= 22 白胜 loss=28.2328 temp=1.00 total_env_steps=10839 t=0.06s
Ep  314: len= 20 白胜 loss=28.1171 temp=1.00 total_env_steps=10859 t=0.06s
Ep  315: len= 45 黑胜 loss=28.3152 temp=1.00 total_env_steps=10904 t=0.11s
Ep  316: len= 24 白胜 loss=28.2338 temp=1.00 total_env_steps=10928 t=0.08s
Ep  317: len= 25 黑胜 loss=28.2188 temp=1.00 total_env_steps=10953 t=0.08s
Ep  318: len= 28 白胜 loss=28.2588 temp=1.00 total_env_steps=10981 t=0.08s
Ep  319: len= 41 黑胜 loss=28.3312 temp=1.00 total_env_steps=11022 t=0.10s
Ep  320: len= 27 黑胜 loss=28.1158 temp=1.00 total_env_steps=11049 t=0.08s
Ep  321: len= 31 黑胜 loss=28.3300 temp=1.00 total_env_steps=11080 t=0.09s
Ep  322: len= 34 白胜 loss=28.2421 temp=1.00 total_env_steps=11114 t=0.09s
Ep  323: len= 39 黑胜 loss=28.1617 temp=1.00 total_env_steps=11153 t=0.11s
Ep  324: len= 46 白胜 loss=28.4254 temp=1.00 total_env_steps=11199 t=0.11s
Ep  325: len= 41 黑胜 loss=28.3883 temp=1.00 total_env_steps=11240 t=0.10s
Ep  326: len= 27 黑胜 loss=28.2505 temp=1.00 total_env_steps=11267 t=0.08s
Ep  327: len= 41 黑胜 loss=28.2558 temp=1.00 total_env_steps=11308 t=0.11s
Ep  328: len= 44 白胜 loss=28.2834 temp=1.00 total_env_steps=11352 t=0.10s
Ep  329: len= 26 白胜 loss=28.2697 temp=1.00 total_env_steps=11378 t=0.07s
Ep  330: len= 30 白胜 loss=28.1743 temp=1.00 total_env_steps=11408 t=0.07s
Ep  331: len= 36 白胜 loss=28.1653 temp=1.00 total_env_steps=11444 t=0.09s
Ep  332: len= 30 白胜 loss=28.3520 temp=1.00 total_env_steps=11474 t=0.08s
Ep  333: len= 36 白胜 loss=28.3024 temp=1.00 total_env_steps=11510 t=0.08s
Ep  334: len= 29 黑胜 loss=28.1158 temp=1.00 total_env_steps=11539 t=0.08s
Ep  335: len= 43 黑胜 loss=28.3626 temp=1.00 total_env_steps=11582 t=0.09s
Ep  336: len= 36 白胜 loss=28.1199 temp=1.00 total_env_steps=11618 t=0.09s
Ep  337: len= 37 黑胜 loss=28.2934 temp=1.00 total_env_steps=11655 t=0.09s
Ep  338: len= 29 黑胜 loss=28.1472 temp=1.00 total_env_steps=11684 t=0.08s
Ep  339: len= 41 黑胜 loss=28.2505 temp=1.00 total_env_steps=11725 t=0.10s
Ep  340: len= 22 白胜 loss=28.3014 temp=1.00 total_env_steps=11747 t=0.06s
Ep  341: len= 62 白胜 loss=28.1649 temp=1.00 total_env_steps=11809 t=0.12s
Ep  342: len= 28 白胜 loss=28.2675 temp=1.00 total_env_steps=11837 t=0.06s
Ep  343: len= 22 白胜 loss=28.2782 temp=1.00 total_env_steps=11859 t=0.06s
Ep  344: len= 50 白胜 loss=28.0659 temp=1.00 total_env_steps=11909 t=0.10s
Ep  345: len= 42 白胜 loss=28.2744 temp=1.00 total_env_steps=11951 t=0.09s
Ep  346: len= 29 黑胜 loss=28.3908 temp=1.00 total_env_steps=11980 t=0.07s
Ep  347: len= 36 白胜 loss=28.2108 temp=1.00 total_env_steps=12016 t=0.08s
Ep  348: len= 32 白胜 loss=28.2330 temp=1.00 total_env_steps=12048 t=0.07s
Ep  349: len= 20 白胜 loss=28.2586 temp=1.00 total_env_steps=12068 t=0.05s
Ep  350: len= 40 白胜 loss=28.2557 temp=1.00 total_env_steps=12108 t=0.09s
Ep  351: len= 26 白胜 loss=28.2822 temp=1.00 total_env_steps=12134 t=0.06s
Ep  352: len= 21 黑胜 loss=28.3829 temp=1.00 total_env_steps=12155 t=0.05s
Ep  353: len= 39 黑胜 loss=28.1675 temp=1.00 total_env_steps=12194 t=0.09s
Ep  354: len= 17 黑胜 loss=28.3157 temp=1.00 total_env_steps=12211 t=0.05s
Ep  355: len= 42 白胜 loss=28.4554 temp=1.00 total_env_steps=12253 t=0.10s
Ep  356: len= 39 黑胜 loss=28.2391 temp=1.00 total_env_steps=12292 t=0.09s
Ep  357: len= 25 黑胜 loss=28.3334 temp=1.00 total_env_steps=12317 t=0.07s
Ep  358: len= 31 黑胜 loss=28.2449 temp=1.00 total_env_steps=12348 t=0.07s
Ep  359: len= 30 白胜 loss=28.1233 temp=1.00 total_env_steps=12378 t=0.07s
Ep  360: len= 32 白胜 loss=28.2814 temp=1.00 total_env_steps=12410 t=0.08s
Ep  361: len= 33 黑胜 loss=28.4069 temp=1.00 total_env_steps=12443 t=0.08s
Ep  362: len= 43 黑胜 loss=28.3309 temp=1.00 total_env_steps=12486 t=0.10s
Ep  363: len= 30 白胜 loss=28.2282 temp=1.00 total_env_steps=12516 t=0.08s
Ep  364: len= 26 白胜 loss=28.0828 temp=1.00 total_env_steps=12542 t=0.07s
Ep  365: len= 30 白胜 loss=28.1426 temp=1.00 total_env_steps=12572 t=0.07s
Ep  366: len= 22 白胜 loss=28.2551 temp=1.00 total_env_steps=12594 t=0.06s
Ep  367: len= 41 黑胜 loss=28.1365 temp=1.00 total_env_steps=12635 t=0.09s
Ep  368: len= 21 黑胜 loss=28.1110 temp=1.00 total_env_steps=12656 t=0.06s
Ep  369: len= 40 白胜 loss=28.2120 temp=1.00 total_env_steps=12696 t=0.09s
Ep  370: len= 41 黑胜 loss=28.1445 temp=1.00 total_env_steps=12737 t=0.09s
Ep  371: len= 33 黑胜 loss=28.2520 temp=1.00 total_env_steps=12770 t=0.08s
Ep  372: len= 25 黑胜 loss=28.2109 temp=1.00 total_env_steps=12795 t=0.07s
Ep  373: len= 24 白胜 loss=28.3019 temp=1.00 total_env_steps=12819 t=0.07s
Ep  374: len= 25 黑胜 loss=28.2427 temp=1.00 total_env_steps=12844 t=0.06s
Ep  375: len= 22 白胜 loss=28.1754 temp=1.00 total_env_steps=12866 t=0.06s
Ep  376: len= 32 白胜 loss=28.2680 temp=1.00 total_env_steps=12898 t=0.07s
Ep  377: len= 36 白胜 loss=28.2372 temp=1.00 total_env_steps=12934 t=0.08s
Ep  378: len= 38 白胜 loss=28.4579 temp=1.00 total_env_steps=12972 t=0.08s
Ep  379: len= 32 白胜 loss=28.3173 temp=1.00 total_env_steps=13004 t=0.07s
Ep  380: len= 29 黑胜 loss=28.2580 temp=1.00 total_env_steps=13033 t=0.07s
Ep  381: len= 31 黑胜 loss=28.2566 temp=1.00 total_env_steps=13064 t=0.07s
Ep  382: len= 20 白胜 loss=28.1110 temp=1.00 total_env_steps=13084 t=0.05s
Ep  383: len= 30 白胜 loss=28.3872 temp=1.00 total_env_steps=13114 t=0.08s
Ep  384: len= 29 黑胜 loss=28.2337 temp=1.00 total_env_steps=13143 t=0.07s
Ep  385: len= 43 黑胜 loss=27.9239 temp=1.00 total_env_steps=13186 t=0.09s
Ep  386: len= 36 白胜 loss=28.0815 temp=1.00 total_env_steps=13222 t=0.09s
Ep  387: len= 34 白胜 loss=28.3550 temp=1.00 total_env_steps=13256 t=0.08s
Ep  388: len= 25 黑胜 loss=28.3103 temp=1.00 total_env_steps=13281 t=0.07s
Ep  389: len= 26 白胜 loss=28.2622 temp=1.00 total_env_steps=13307 t=0.07s
Ep  390: len= 27 黑胜 loss=28.1412 temp=1.00 total_env_steps=13334 t=0.07s
Ep  391: len= 32 白胜 loss=28.2982 temp=1.00 total_env_steps=13366 t=0.08s
Ep  392: len= 18 白胜 loss=28.2867 temp=1.00 total_env_steps=13384 t=0.05s
Ep  393: len= 47 黑胜 loss=28.1755 temp=1.00 total_env_steps=13431 t=0.10s
Ep  394: len= 39 黑胜 loss=28.2131 temp=1.00 total_env_steps=13470 t=0.10s
Ep  395: len= 45 黑胜 loss=28.1388 temp=1.00 total_env_steps=13515 t=0.11s
Ep  396: len= 34 白胜 loss=28.1111 temp=1.00 total_env_steps=13549 t=0.08s
Ep  397: len= 29 黑胜 loss=28.2003 temp=1.00 total_env_steps=13578 t=0.08s
Ep  398: len= 34 白胜 loss=28.1082 temp=1.00 total_env_steps=13612 t=0.08s
Ep  399: len= 36 白胜 loss=28.3194 temp=1.00 total_env_steps=13648 t=0.09s
Ep  400: len= 27 黑胜 loss=28.2665 temp=1.00 total_env_steps=13675 t=0.07s
  eval vs Gomoku-random-v0: win_rate=0.95 mean_return=0.90（20 局，total_env_steps=13675）
Ep  401: len= 39 黑胜 loss=28.0786 temp=1.00 total_env_steps=13714 t=0.10s
Ep  402: len= 18 白胜 loss=28.1814 temp=1.00 total_env_steps=13732 t=0.05s
Ep  403: len= 30 白胜 loss=28.2004 temp=1.00 total_env_steps=13762 t=0.07s
Ep  404: len= 46 白胜 loss=28.3109 temp=1.00 total_env_steps=13808 t=0.10s
Ep  405: len= 60 白胜 loss=28.1647 temp=1.00 total_env_steps=13868 t=0.13s
Ep  406: len= 31 黑胜 loss=28.2576 temp=1.00 total_env_steps=13899 t=0.08s
Ep  407: len= 31 黑胜 loss=28.1576 temp=1.00 total_env_steps=13930 t=0.07s
Ep  408: len= 50 白胜 loss=28.3956 temp=1.00 total_env_steps=13980 t=0.11s
Ep  409: len= 30 白胜 loss=28.1886 temp=1.00 total_env_steps=14010 t=0.07s
Ep  410: len= 44 白胜 loss=28.0202 temp=1.00 total_env_steps=14054 t=0.09s
Ep  411: len= 34 白胜 loss=28.2315 temp=1.00 total_env_steps=14088 t=0.08s
Ep  412: len= 44 白胜 loss=28.3230 temp=1.00 total_env_steps=14132 t=0.09s
Ep  413: len= 35 黑胜 loss=28.2229 temp=1.00 total_env_steps=14167 t=0.08s
Ep  414: len= 35 黑胜 loss=28.1936 temp=1.00 total_env_steps=14202 t=0.08s
Ep  415: len= 32 白胜 loss=28.2112 temp=1.00 total_env_steps=14234 t=0.08s
Ep  416: len= 37 黑胜 loss=28.0952 temp=1.00 total_env_steps=14271 t=0.09s
Ep  417: len= 29 黑胜 loss=28.2452 temp=1.00 total_env_steps=14300 t=0.07s
Ep  418: len= 46 白胜 loss=28.2791 temp=1.00 total_env_steps=14346 t=0.11s
Ep  419: len= 32 白胜 loss=28.1041 temp=1.00 total_env_steps=14378 t=0.07s
Ep  420: len= 36 白胜 loss=28.0035 temp=1.00 total_env_steps=14414 t=0.09s
Ep  421: len= 34 白胜 loss=28.3268 temp=1.00 total_env_steps=14448 t=0.09s
Ep  422: len= 26 白胜 loss=28.1395 temp=1.00 total_env_steps=14474 t=0.07s
Ep  423: len= 62 白胜 loss=28.3250 temp=1.00 total_env_steps=14536 t=0.12s
Ep  424: len= 27 黑胜 loss=28.2066 temp=1.00 total_env_steps=14563 t=0.07s
Ep  425: len= 38 白胜 loss=28.2781 temp=1.00 total_env_steps=14601 t=0.09s
Ep  426: len= 34 白胜 loss=28.1702 temp=1.00 total_env_steps=14635 t=0.07s
Ep  427: len= 39 黑胜 loss=28.4329 temp=1.00 total_env_steps=14674 t=0.09s
Ep  428: len= 34 白胜 loss=28.3263 temp=1.00 total_env_steps=14708 t=0.08s
Ep  429: len= 38 白胜 loss=28.2537 temp=1.00 total_env_steps=14746 t=0.09s
Ep  430: len= 45 黑胜 loss=28.4143 temp=1.00 total_env_steps=14791 t=0.11s
Ep  431: len= 50 白胜 loss=28.1564 temp=1.00 total_env_steps=14841 t=0.12s
Ep  432: len= 43 黑胜 loss=28.2593 temp=1.00 total_env_steps=14884 t=0.09s
Ep  433: len= 46 白胜 loss=28.1617 temp=1.00 total_env_steps=14930 t=0.10s
Ep  434: len= 36 白胜 loss=28.0601 temp=1.00 total_env_steps=14966 t=0.09s
Ep  435: len= 19 黑胜 loss=28.1842 temp=1.00 total_env_steps=14985 t=0.05s
Ep  436: len= 21 黑胜 loss=28.4265 temp=1.00 total_env_steps=15006 t=0.06s
Ep  437: len= 26 白胜 loss=28.2431 temp=1.00 total_env_steps=15032 t=0.07s
Ep  438: len= 35 黑胜 loss=28.3087 temp=1.00 total_env_steps=15067 t=0.09s
Ep  439: len= 39 黑胜 loss=28.1499 temp=1.00 total_env_steps=15106 t=0.09s
Ep  440: len= 22 白胜 loss=28.1074 temp=1.00 total_env_steps=15128 t=0.06s
Ep  441: len= 36 白胜 loss=28.1056 temp=1.00 total_env_steps=15164 t=0.08s
Ep  442: len= 27 黑胜 loss=28.1307 temp=1.00 total_env_steps=15191 t=0.07s
Ep  443: len= 54 白胜 loss=28.1139 temp=1.00 total_env_steps=15245 t=0.12s
Ep  444: len= 39 黑胜 loss=28.0806 temp=1.00 total_env_steps=15284 t=0.08s
Ep  445: len= 36 白胜 loss=28.1053 temp=1.00 total_env_steps=15320 t=0.08s
Ep  446: len= 46 白胜 loss=28.1832 temp=1.00 total_env_steps=15366 t=0.10s
Ep  447: len= 37 黑胜 loss=28.1509 temp=1.00 total_env_steps=15403 t=0.08s
Ep  448: len= 36 白胜 loss=28.1935 temp=1.00 total_env_steps=15439 t=0.08s
Ep  449: len= 28 白胜 loss=28.3488 temp=1.00 total_env_steps=15467 t=0.07s
Ep  450: len= 30 白胜 loss=28.2090 temp=1.00 total_env_steps=15497 t=0.08s
Ep  451: len= 41 黑胜 loss=28.3275 temp=1.00 total_env_steps=15538 t=0.08s
Ep  452: len= 29 黑胜 loss=28.0906 temp=1.00 total_env_steps=15567 t=0.07s
Ep  453: len= 42 白胜 loss=28.3752 temp=1.00 total_env_steps=15609 t=0.10s
Ep  454: len= 52 白胜 loss=28.2012 temp=1.00 total_env_steps=15661 t=0.10s
Ep  455: len= 37 黑胜 loss=28.2488 temp=1.00 total_env_steps=15698 t=0.08s
Ep  456: len= 46 白胜 loss=28.2067 temp=1.00 total_env_steps=15744 t=0.11s
Ep  457: len= 59 黑胜 loss=28.2502 temp=1.00 total_env_steps=15803 t=0.13s
Ep  458: len= 30 白胜 loss=28.1902 temp=1.00 total_env_steps=15833 t=0.07s
Ep  459: len= 26 白胜 loss=28.2582 temp=1.00 total_env_steps=15859 t=0.07s
Ep  460: len= 40 白胜 loss=27.9718 temp=1.00 total_env_steps=15899 t=0.10s
Ep  461: len= 39 黑胜 loss=28.2184 temp=1.00 total_env_steps=15938 t=0.10s
Ep  462: len= 46 白胜 loss=28.0983 temp=1.00 total_env_steps=15984 t=0.10s
Ep  463: len= 26 白胜 loss=28.2070 temp=1.00 total_env_steps=16010 t=0.07s
Ep  464: len= 26 白胜 loss=27.9974 temp=1.00 total_env_steps=16036 t=0.07s
Ep  465: len= 33 黑胜 loss=28.0425 temp=1.00 total_env_steps=16069 t=0.07s
Ep  466: len= 37 黑胜 loss=28.2156 temp=1.00 total_env_steps=16106 t=0.08s
Ep  467: len= 35 黑胜 loss=28.3500 temp=1.00 total_env_steps=16141 t=0.08s
Ep  468: len= 33 黑胜 loss=28.2378 temp=1.00 total_env_steps=16174 t=0.08s
Ep  469: len= 45 黑胜 loss=28.1981 temp=1.00 total_env_steps=16219 t=0.10s
Ep  470: len= 33 黑胜 loss=28.3332 temp=1.00 total_env_steps=16252 t=0.07s
Ep  471: len= 29 黑胜 loss=28.1786 temp=1.00 total_env_steps=16281 t=0.07s
Ep  472: len= 23 黑胜 loss=28.3517 temp=1.00 total_env_steps=16304 t=0.06s
Ep  473: len= 36 白胜 loss=28.1367 temp=1.00 total_env_steps=16340 t=0.08s
Ep  474: len= 36 白胜 loss=28.2661 temp=1.00 total_env_steps=16376 t=0.09s
Ep  475: len= 34 白胜 loss=28.2267 temp=1.00 total_env_steps=16410 t=0.08s
Ep  476: len= 50 白胜 loss=28.2322 temp=1.00 total_env_steps=16460 t=0.11s
Ep  477: len= 36 白胜 loss=28.1385 temp=1.00 total_env_steps=16496 t=0.08s
Ep  478: len= 43 黑胜 loss=28.1487 temp=1.00 total_env_steps=16539 t=0.10s
Ep  479: len= 38 白胜 loss=28.0971 temp=1.00 total_env_steps=16577 t=0.09s
Ep  480: len= 31 黑胜 loss=28.2063 temp=1.00 total_env_steps=16608 t=0.08s
Ep  481: len= 36 白胜 loss=28.1872 temp=1.00 total_env_steps=16644 t=0.09s
Ep  482: len= 36 白胜 loss=28.2689 temp=1.00 total_env_steps=16680 t=0.08s
Ep  483: len= 43 黑胜 loss=28.2024 temp=1.00 total_env_steps=16723 t=0.10s
Ep  484: len= 28 白胜 loss=28.0849 temp=1.00 total_env_steps=16751 t=0.07s
Ep  485: len= 30 白胜 loss=28.0962 temp=1.00 total_env_steps=16781 t=0.07s
Ep  486: len= 27 黑胜 loss=28.2145 temp=1.00 total_env_steps=16808 t=0.07s
Ep  487: len= 27 黑胜 loss=28.1241 temp=1.00 total_env_steps=16835 t=0.07s
Ep  488: len= 48 白胜 loss=28.1818 temp=1.00 total_env_steps=16883 t=0.10s
Ep  489: len= 20 白胜 loss=28.1418 temp=1.00 total_env_steps=16903 t=0.06s
Ep  490: len= 43 黑胜 loss=28.0902 temp=1.00 total_env_steps=16946 t=0.09s
Ep  491: len= 37 黑胜 loss=28.1651 temp=1.00 total_env_steps=16983 t=0.09s
Ep  492: len= 28 白胜 loss=28.1912 temp=1.00 total_env_steps=17011 t=0.07s
Ep  493: len= 25 黑胜 loss=28.3002 temp=1.00 total_env_steps=17036 t=0.06s
Ep  494: len= 34 白胜 loss=28.0121 temp=1.00 total_env_steps=17070 t=0.08s
Ep  495: len= 40 白胜 loss=28.2007 temp=1.00 total_env_steps=17110 t=0.09s
Ep  496: len= 26 白胜 loss=28.1576 temp=1.00 total_env_steps=17136 t=0.06s
Ep  497: len= 45 黑胜 loss=28.1172 temp=1.00 total_env_steps=17181 t=0.10s
Ep  498: len= 27 黑胜 loss=28.0739 temp=1.00 total_env_steps=17208 t=0.07s
Ep  499: len= 35 黑胜 loss=28.1530 temp=1.00 total_env_steps=17243 t=0.08s
Ep  500: len= 37 黑胜 loss=28.0705 temp=1.00 total_env_steps=17280 t=0.09s
Ep  501: len= 36 白胜 loss=28.0359 temp=1.00 total_env_steps=17316 t=0.08s
Ep  502: len= 38 白胜 loss=28.2298 temp=1.00 total_env_steps=17354 t=0.08s
Ep  503: len= 43 黑胜 loss=28.1942 temp=1.00 total_env_steps=17397 t=0.09s
Ep  504: len= 31 黑胜 loss=28.2122 temp=1.00 total_env_steps=17428 t=0.07s
Ep  505: len= 34 白胜 loss=28.2109 temp=1.00 total_env_steps=17462 t=0.08s
Ep  506: len= 29 黑胜 loss=28.0407 temp=1.00 total_env_steps=17491 t=0.07s
Ep  507: len= 30 白胜 loss=28.0811 temp=1.00 total_env_steps=17521 t=0.07s
Ep  508: len= 30 白胜 loss=28.2119 temp=1.00 total_env_steps=17551 t=0.07s
Ep  509: len= 29 黑胜 loss=28.0647 temp=1.00 total_env_steps=17580 t=0.07s
Ep  510: len= 30 白胜 loss=28.1760 temp=1.00 total_env_steps=17610 t=0.08s
Ep  511: len= 29 黑胜 loss=28.1905 temp=1.00 total_env_steps=17639 t=0.07s
Ep  512: len= 31 黑胜 loss=28.2772 temp=1.00 total_env_steps=17670 t=0.07s
Ep  513: len= 31 黑胜 loss=28.1715 temp=1.00 total_env_steps=17701 t=0.07s
Ep  514: len= 38 白胜 loss=28.1230 temp=1.00 total_env_steps=17739 t=0.09s
Ep  515: len= 51 黑胜 loss=28.3646 temp=1.00 total_env_steps=17790 t=0.10s
Ep  516: len= 36 白胜 loss=28.1322 temp=1.00 total_env_steps=17826 t=0.08s
Ep  517: len= 45 黑胜 loss=28.2780 temp=1.00 total_env_steps=17871 t=0.09s
Ep  518: len= 34 白胜 loss=28.1513 temp=1.00 total_env_steps=17905 t=0.08s
Ep  519: len= 42 白胜 loss=28.1416 temp=1.00 total_env_steps=17947 t=0.09s
Ep  520: len= 39 黑胜 loss=28.2659 temp=1.00 total_env_steps=17986 t=0.09s
Ep  521: len= 28 白胜 loss=28.2031 temp=1.00 total_env_steps=18014 t=0.07s
Ep  522: len= 30 白胜 loss=28.2211 temp=1.00 total_env_steps=18044 t=0.07s
Ep  523: len= 45 黑胜 loss=28.2664 temp=1.00 total_env_steps=18089 t=0.09s
Ep  524: len= 23 黑胜 loss=28.2340 temp=1.00 total_env_steps=18112 t=0.06s
Ep  525: len= 33 黑胜 loss=28.1248 temp=1.00 total_env_steps=18145 t=0.07s
Ep  526: len= 35 黑胜 loss=28.2359 temp=1.00 total_env_steps=18180 t=0.08s
Ep  527: len= 57 黑胜 loss=28.1809 temp=1.00 total_env_steps=18237 t=0.12s
Ep  528: len= 35 黑胜 loss=28.1015 temp=1.00 total_env_steps=18272 t=0.09s
Ep  529: len= 51 黑胜 loss=28.1473 temp=1.00 total_env_steps=18323 t=0.10s
Ep  530: len= 30 白胜 loss=28.3458 temp=1.00 total_env_steps=18353 t=0.07s
Ep  531: len= 16 白胜 loss=28.1463 temp=1.00 total_env_steps=18369 t=0.05s
Ep  532: len= 39 黑胜 loss=28.1981 temp=1.00 total_env_steps=18408 t=0.10s
Ep  533: len= 33 黑胜 loss=28.1544 temp=1.00 total_env_steps=18441 t=0.08s
Ep  534: len= 35 黑胜 loss=28.3655 temp=1.00 total_env_steps=18476 t=0.09s
Ep  535: len= 38 白胜 loss=28.2313 temp=1.00 total_env_steps=18514 t=0.10s
Ep  536: len= 26 白胜 loss=28.0725 temp=1.00 total_env_steps=18540 t=0.07s
Ep  537: len= 37 黑胜 loss=28.2611 temp=1.00 total_env_steps=18577 t=0.08s
Ep  538: len= 32 白胜 loss=28.3247 temp=1.00 total_env_steps=18609 t=0.09s
Ep  539: len= 35 黑胜 loss=28.1242 temp=1.00 total_env_steps=18644 t=0.09s
Ep  540: len= 35 黑胜 loss=28.2171 temp=1.00 total_env_steps=18679 t=0.08s
Ep  541: len= 32 白胜 loss=28.1880 temp=1.00 total_env_steps=18711 t=0.07s
Ep  542: len= 42 白胜 loss=28.2639 temp=1.00 total_env_steps=18753 t=0.09s
Ep  543: len= 45 黑胜 loss=28.2794 temp=1.00 total_env_steps=18798 t=0.10s
Ep  544: len= 39 黑胜 loss=28.2964 temp=1.00 total_env_steps=18837 t=0.09s
Ep  545: len= 38 白胜 loss=28.1416 temp=1.00 total_env_steps=18875 t=0.08s
Ep  546: len= 40 白胜 loss=28.0884 temp=1.00 total_env_steps=18915 t=0.09s
Ep  547: len= 38 白胜 loss=28.0490 temp=1.00 total_env_steps=18953 t=0.09s
Ep  548: len= 27 黑胜 loss=28.3700 temp=1.00 total_env_steps=18980 t=0.06s
Ep  549: len= 36 白胜 loss=28.1927 temp=1.00 total_env_steps=19016 t=0.09s
Ep  550: len= 26 白胜 loss=28.2161 temp=1.00 total_env_steps=19042 t=0.07s
Ep  551: len= 41 黑胜 loss=28.0170 temp=1.00 total_env_steps=19083 t=0.09s
Ep  552: len= 16 白胜 loss=28.1338 temp=1.00 total_env_steps=19099 t=0.05s
Ep  553: len= 25 黑胜 loss=28.1188 temp=1.00 total_env_steps=19124 t=0.06s
Ep  554: len= 29 黑胜 loss=28.1123 temp=1.00 total_env_steps=19153 t=0.08s
Ep  555: len= 38 白胜 loss=28.0832 temp=1.00 total_env_steps=19191 t=0.09s
Ep  556: len= 22 白胜 loss=28.3259 temp=1.00 total_env_steps=19213 t=0.06s
Ep  557: len= 34 白胜 loss=28.2594 temp=1.00 total_env_steps=19247 t=0.08s
Ep  558: len= 40 白胜 loss=28.2202 temp=1.00 total_env_steps=19287 t=0.09s
Ep  559: len= 39 黑胜 loss=28.2129 temp=1.00 total_env_steps=19326 t=0.08s
Ep  560: len= 34 白胜 loss=28.2111 temp=1.00 total_env_steps=19360 t=0.09s
Ep  561: len= 44 白胜 loss=28.2472 temp=1.00 total_env_steps=19404 t=0.10s
Ep  562: len= 47 黑胜 loss=28.0553 temp=1.00 total_env_steps=19451 t=0.13s
Ep  563: len= 41 黑胜 loss=28.0177 temp=1.00 total_env_steps=19492 t=0.09s
Ep  564: len= 40 白胜 loss=28.1296 temp=1.00 total_env_steps=19532 t=0.09s
Ep  565: len= 22 白胜 loss=28.2236 temp=1.00 total_env_steps=19554 t=0.06s
Ep  566: len= 31 黑胜 loss=28.2070 temp=1.00 total_env_steps=19585 t=0.08s
Ep  567: len= 52 白胜 loss=28.2584 temp=1.00 total_env_steps=19637 t=0.10s
Ep  568: len= 19 黑胜 loss=28.0478 temp=1.00 total_env_steps=19656 t=0.05s
Ep  569: len= 40 白胜 loss=28.0716 temp=1.00 total_env_steps=19696 t=0.09s
Ep  570: len= 28 白胜 loss=28.1664 temp=1.00 total_env_steps=19724 t=0.06s
Ep  571: len= 33 黑胜 loss=28.2527 temp=1.00 total_env_steps=19757 t=0.07s
Ep  572: len= 33 黑胜 loss=28.1861 temp=1.00 total_env_steps=19790 t=0.07s
Ep  573: len= 26 白胜 loss=28.0183 temp=1.00 total_env_steps=19816 t=0.06s
Ep  574: len= 32 白胜 loss=28.0891 temp=1.00 total_env_steps=19848 t=0.07s
Ep  575: len= 25 黑胜 loss=28.0940 temp=1.00 total_env_steps=19873 t=0.06s
Ep  576: len= 24 白胜 loss=27.9788 temp=1.00 total_env_steps=19897 t=0.06s
Ep  577: len= 25 黑胜 loss=28.0849 temp=1.00 total_env_steps=19922 t=0.06s
Ep  578: len= 32 白胜 loss=28.1955 temp=1.00 total_env_steps=19954 t=0.08s
Ep  579: len= 14 白胜 loss=28.1543 temp=1.00 total_env_steps=19968 t=0.04s
Ep  580: len= 45 黑胜 loss=28.2076 temp=1.00 total_env_steps=20013 t=0.09s
Ep  581: len= 35 黑胜 loss=28.2886 temp=1.00 total_env_steps=20048 t=0.08s
Ep  582: len= 43 黑胜 loss=28.1310 temp=1.00 total_env_steps=20091 t=0.09s
Ep  583: len= 22 白胜 loss=28.3032 temp=1.00 total_env_steps=20113 t=0.06s
Ep  584: len= 42 白胜 loss=28.2127 temp=1.00 total_env_steps=20155 t=0.09s
Ep  585: len= 37 黑胜 loss=28.0506 temp=1.00 total_env_steps=20192 t=0.08s
Ep  586: len= 40 白胜 loss=28.2331 temp=1.00 total_env_steps=20232 t=0.08s
Ep  587: len= 48 白胜 loss=28.2342 temp=1.00 total_env_steps=20280 t=0.10s
Ep  588: len= 41 黑胜 loss=28.1916 temp=1.00 total_env_steps=20321 t=0.09s
Ep  589: len= 47 黑胜 loss=28.2412 temp=1.00 total_env_steps=20368 t=0.10s
Ep  590: len= 41 黑胜 loss=28.1775 temp=1.00 total_env_steps=20409 t=0.09s
Ep  591: len= 40 白胜 loss=28.2627 temp=1.00 total_env_steps=20449 t=0.09s
Ep  592: len= 37 黑胜 loss=28.2785 temp=1.00 total_env_steps=20486 t=0.08s
Ep  593: len= 32 白胜 loss=28.2875 temp=1.00 total_env_steps=20518 t=0.07s
Ep  594: len= 39 黑胜 loss=28.1728 temp=1.00 total_env_steps=20557 t=0.08s
Ep  595: len= 40 白胜 loss=28.1048 temp=1.00 total_env_steps=20597 t=0.09s
Ep  596: len= 35 黑胜 loss=28.1106 temp=1.00 total_env_steps=20632 t=0.08s
Ep  597: len= 32 白胜 loss=28.2294 temp=1.00 total_env_steps=20664 t=0.08s
Ep  598: len= 45 黑胜 loss=28.2545 temp=1.00 total_env_steps=20709 t=0.09s
Ep  599: len= 35 黑胜 loss=28.1083 temp=1.00 total_env_steps=20744 t=0.08s
Ep  600: len= 29 黑胜 loss=28.2602 temp=1.00 total_env_steps=20773 t=0.07s
  eval vs Gomoku-random-v0: win_rate=1.00 mean_return=1.00（20 局，total_env_steps=20773）
Ep  601: len= 35 黑胜 loss=28.1244 temp=1.00 total_env_steps=20808 t=0.08s
Ep  602: len= 47 黑胜 loss=28.0967 temp=1.00 total_env_steps=20855 t=0.10s
Ep  603: len= 38 白胜 loss=28.3276 temp=1.00 total_env_steps=20893 t=0.09s
Ep  604: len= 47 黑胜 loss=28.3766 temp=1.00 total_env_steps=20940 t=0.10s
Ep  605: len= 31 黑胜 loss=28.2644 temp=1.00 total_env_steps=20971 t=0.08s
Ep  606: len= 48 白胜 loss=28.3460 temp=1.00 total_env_steps=21019 t=0.10s
Ep  607: len= 38 白胜 loss=28.2550 temp=1.00 total_env_steps=21057 t=0.09s
Ep  608: len= 20 白胜 loss=28.2122 temp=1.00 total_env_steps=21077 t=0.05s
Ep  609: len= 53 黑胜 loss=28.1377 temp=1.00 total_env_steps=21130 t=0.11s
Ep  610: len= 44 白胜 loss=28.1602 temp=1.00 total_env_steps=21174 t=0.10s
Ep  611: len= 27 黑胜 loss=28.1957 temp=1.00 total_env_steps=21201 t=0.06s
Ep  612: len= 15 黑胜 loss=28.2023 temp=1.00 total_env_steps=21216 t=0.04s
Ep  613: len= 47 黑胜 loss=28.0851 temp=1.00 total_env_steps=21263 t=0.10s
Ep  614: len= 43 黑胜 loss=28.1836 temp=1.00 total_env_steps=21306 t=0.10s
Ep  615: len= 31 黑胜 loss=28.3272 temp=1.00 total_env_steps=21337 t=0.08s
Ep  616: len= 47 黑胜 loss=28.2599 temp=1.00 total_env_steps=21384 t=0.10s
Ep  617: len= 30 白胜 loss=28.1287 temp=1.00 total_env_steps=21414 t=0.08s
Ep  618: len= 22 白胜 loss=28.2102 temp=1.00 total_env_steps=21436 t=0.06s
Ep  619: len= 37 黑胜 loss=28.2688 temp=1.00 total_env_steps=21473 t=0.08s
Ep  620: len= 21 黑胜 loss=28.1252 temp=1.00 total_env_steps=21494 t=0.06s
Ep  621: len= 26 白胜 loss=28.2502 temp=1.00 total_env_steps=21520 t=0.06s
Ep  622: len= 40 白胜 loss=28.2880 temp=1.00 total_env_steps=21560 t=0.09s
Ep  623: len= 32 白胜 loss=28.1129 temp=1.00 total_env_steps=21592 t=0.08s
Ep  624: len= 34 白胜 loss=28.1022 temp=1.00 total_env_steps=21626 t=0.08s
Ep  625: len= 37 黑胜 loss=28.0413 temp=1.00 total_env_steps=21663 t=0.09s
Ep  626: len= 40 白胜 loss=28.1753 temp=1.00 total_env_steps=21703 t=0.09s
Ep  627: len= 48 白胜 loss=28.0561 temp=1.00 total_env_steps=21751 t=0.10s
Ep  628: len= 45 黑胜 loss=28.1882 temp=1.00 total_env_steps=21796 t=0.10s
Ep  629: len= 32 白胜 loss=28.3085 temp=1.00 total_env_steps=21828 t=0.08s
Ep  630: len= 24 白胜 loss=28.1978 temp=1.00 total_env_steps=21852 t=0.07s
Ep  631: len= 38 白胜 loss=28.0914 temp=1.00 total_env_steps=21890 t=0.08s
Ep  632: len= 37 黑胜 loss=28.0942 temp=1.00 total_env_steps=21927 t=0.08s
Ep  633: len= 34 白胜 loss=28.2333 temp=1.00 total_env_steps=21961 t=0.07s
Ep  634: len= 32 白胜 loss=28.0822 temp=1.00 total_env_steps=21993 t=0.08s
Ep  635: len= 31 黑胜 loss=28.1630 temp=1.00 total_env_steps=22024 t=0.08s
Ep  636: len= 40 白胜 loss=28.2510 temp=1.00 total_env_steps=22064 t=0.09s
Ep  637: len= 37 黑胜 loss=28.1619 temp=1.00 total_env_steps=22101 t=0.09s
Ep  638: len= 37 黑胜 loss=28.2065 temp=1.00 total_env_steps=22138 t=0.09s
Ep  639: len= 22 白胜 loss=28.1018 temp=1.00 total_env_steps=22160 t=0.05s
Ep  640: len= 43 黑胜 loss=27.9829 temp=1.00 total_env_steps=22203 t=0.09s
Ep  641: len= 26 白胜 loss=28.2262 temp=1.00 total_env_steps=22229 t=0.06s
Ep  642: len= 51 黑胜 loss=28.2627 temp=1.00 total_env_steps=22280 t=0.12s
Ep  643: len= 41 黑胜 loss=28.2554 temp=1.00 total_env_steps=22321 t=0.09s
Ep  644: len= 37 黑胜 loss=28.2678 temp=1.00 total_env_steps=22358 t=0.09s
Ep  645: len= 37 黑胜 loss=28.2842 temp=1.00 total_env_steps=22395 t=0.08s
Ep  646: len= 47 黑胜 loss=27.9924 temp=1.00 total_env_steps=22442 t=0.11s
Ep  647: len= 22 白胜 loss=28.0781 temp=1.00 total_env_steps=22464 t=0.06s
Ep  648: len= 31 黑胜 loss=28.2261 temp=1.00 total_env_steps=22495 t=0.08s
Ep  649: len= 31 黑胜 loss=28.1805 temp=1.00 total_env_steps=22526 t=0.08s
Ep  650: len= 21 黑胜 loss=28.1980 temp=1.00 total_env_steps=22547 t=0.06s
Ep  651: len= 45 黑胜 loss=28.2709 temp=1.00 total_env_steps=22592 t=0.10s
Ep  652: len= 27 黑胜 loss=28.0755 temp=1.00 total_env_steps=22619 t=0.06s
Ep  653: len= 29 黑胜 loss=28.1358 temp=1.00 total_env_steps=22648 t=0.07s
Ep  654: len= 38 白胜 loss=28.2795 temp=1.00 total_env_steps=22686 t=0.08s
Ep  655: len= 33 黑胜 loss=28.2416 temp=1.00 total_env_steps=22719 t=0.07s
Ep  656: len= 30 白胜 loss=28.1174 temp=1.00 total_env_steps=22749 t=0.07s
Ep  657: len= 32 白胜 loss=28.1465 temp=1.00 total_env_steps=22781 t=0.08s
Ep  658: len= 27 黑胜 loss=28.0206 temp=1.00 total_env_steps=22808 t=0.07s
Ep  659: len= 52 白胜 loss=28.5330 temp=1.00 total_env_steps=22860 t=0.12s
Ep  660: len= 49 黑胜 loss=28.2950 temp=1.00 total_env_steps=22909 t=0.13s
Ep  661: len= 52 白胜 loss=28.3825 temp=1.00 total_env_steps=22961 t=0.11s
Ep  662: len= 37 黑胜 loss=28.2228 temp=1.00 total_env_steps=22998 t=0.09s
Ep  663: len= 28 白胜 loss=28.2556 temp=1.00 total_env_steps=23026 t=0.06s
Ep  664: len= 43 黑胜 loss=28.0956 temp=1.00 total_env_steps=23069 t=0.09s
Ep  665: len= 45 黑胜 loss=28.1545 temp=1.00 total_env_steps=23114 t=0.10s
Ep  666: len= 38 白胜 loss=28.1273 temp=1.00 total_env_steps=23152 t=0.08s
Ep  667: len= 45 黑胜 loss=28.2339 temp=1.00 total_env_steps=23197 t=0.10s
Ep  668: len= 32 白胜 loss=28.1978 temp=1.00 total_env_steps=23229 t=0.09s
Ep  669: len= 47 黑胜 loss=28.2669 temp=1.00 total_env_steps=23276 t=0.11s
Ep  670: len= 60 白胜 loss=28.2635 temp=1.00 total_env_steps=23336 t=0.12s
Ep  671: len= 41 黑胜 loss=28.1837 temp=1.00 total_env_steps=23377 t=0.09s
Ep  672: len= 34 白胜 loss=28.0344 temp=1.00 total_env_steps=23411 t=0.09s
Ep  673: len= 42 白胜 loss=28.1356 temp=1.00 total_env_steps=23453 t=0.11s
Ep  674: len= 62 白胜 loss=28.3096 temp=1.00 total_env_steps=23515 t=0.13s
Ep  675: len= 35 黑胜 loss=28.1991 temp=1.00 total_env_steps=23550 t=0.09s
Ep  676: len= 32 白胜 loss=28.1269 temp=1.00 total_env_steps=23582 t=0.10s
Ep  677: len= 37 黑胜 loss=28.0988 temp=1.00 total_env_steps=23619 t=0.10s
Ep  678: len= 33 黑胜 loss=28.2889 temp=1.00 total_env_steps=23652 t=0.08s
Ep  679: len= 33 黑胜 loss=28.0603 temp=1.00 total_env_steps=23685 t=0.08s
Ep  680: len= 44 白胜 loss=28.0902 temp=1.00 total_env_steps=23729 t=0.11s
Ep  681: len= 23 黑胜 loss=28.2482 temp=1.00 total_env_steps=23752 t=0.06s
Ep  682: len= 35 黑胜 loss=28.2905 temp=1.00 total_env_steps=23787 t=0.09s
Ep  683: len= 50 白胜 loss=28.0654 temp=1.00 total_env_steps=23837 t=0.12s
Ep  684: len= 29 黑胜 loss=28.2135 temp=1.00 total_env_steps=23866 t=0.08s
Ep  685: len= 25 黑胜 loss=28.1522 temp=1.00 total_env_steps=23891 t=0.08s
Ep  686: len= 38 白胜 loss=28.2547 temp=1.00 total_env_steps=23929 t=0.09s
Ep  687: len= 33 黑胜 loss=28.1491 temp=1.00 total_env_steps=23962 t=0.10s
Ep  688: len= 34 白胜 loss=28.1552 temp=1.00 total_env_steps=23996 t=0.10s
Ep  689: len= 29 黑胜 loss=28.1388 temp=1.00 total_env_steps=24025 t=0.10s
Ep  690: len= 40 白胜 loss=28.2181 temp=1.00 total_env_steps=24065 t=0.12s
Ep  691: len= 38 白胜 loss=28.2619 temp=1.00 total_env_steps=24103 t=0.11s
Ep  692: len= 25 黑胜 loss=28.2251 temp=1.00 total_env_steps=24128 t=0.08s
Ep  693: len= 30 白胜 loss=28.2368 temp=1.00 total_env_steps=24158 t=0.09s
Ep  694: len= 41 黑胜 loss=28.1154 temp=1.00 total_env_steps=24199 t=0.11s
Ep  695: len= 43 黑胜 loss=28.1832 temp=1.00 total_env_steps=24242 t=0.11s
Ep  696: len= 38 白胜 loss=28.3128 temp=1.00 total_env_steps=24280 t=0.10s
Ep  697: len= 36 白胜 loss=28.0041 temp=1.00 total_env_steps=24316 t=0.11s
Ep  698: len= 42 白胜 loss=28.2360 temp=1.00 total_env_steps=24358 t=0.11s
Ep  699: len= 28 白胜 loss=28.0740 temp=1.00 total_env_steps=24386 t=0.08s
Ep  700: len= 28 白胜 loss=28.4666 temp=1.00 total_env_steps=24414 t=0.08s
Ep  701: len= 31 黑胜 loss=28.2239 temp=1.00 total_env_steps=24445 t=0.08s
Ep  702: len= 37 黑胜 loss=28.2053 temp=1.00 total_env_steps=24482 t=0.09s
Ep  703: len= 34 白胜 loss=28.2214 temp=1.00 total_env_steps=24516 t=0.08s
Ep  704: len= 34 白胜 loss=28.1029 temp=1.00 total_env_steps=24550 t=0.08s
Ep  705: len= 37 黑胜 loss=28.0445 temp=1.00 total_env_steps=24587 t=0.09s
Ep  706: len= 25 黑胜 loss=28.2830 temp=1.00 total_env_steps=24612 t=0.07s
Ep  707: len= 41 黑胜 loss=28.2126 temp=1.00 total_env_steps=24653 t=0.10s
Ep  708: len= 44 白胜 loss=28.0942 temp=1.00 total_env_steps=24697 t=0.10s
Ep  709: len= 35 黑胜 loss=28.0996 temp=1.00 total_env_steps=24732 t=0.08s
Ep  710: len= 46 白胜 loss=28.3869 temp=1.00 total_env_steps=24778 t=0.12s
Ep  711: len= 37 黑胜 loss=28.2011 temp=1.00 total_env_steps=24815 t=0.10s
Ep  712: len= 35 黑胜 loss=28.2002 temp=1.00 total_env_steps=24850 t=0.09s
Ep  713: len= 40 白胜 loss=28.1180 temp=1.00 total_env_steps=24890 t=0.10s
Ep  714: len= 29 黑胜 loss=28.1724 temp=1.00 total_env_steps=24919 t=0.08s
Ep  715: len= 43 黑胜 loss=28.0687 temp=1.00 total_env_steps=24962 t=0.10s
Ep  716: len= 16 白胜 loss=28.4447 temp=1.00 total_env_steps=24978 t=0.05s
Ep  717: len= 39 黑胜 loss=28.2619 temp=1.00 total_env_steps=25017 t=0.09s
Ep  718: len= 35 黑胜 loss=28.1692 temp=1.00 total_env_steps=25052 t=0.09s
Ep  719: len= 26 白胜 loss=28.2066 temp=1.00 total_env_steps=25078 t=0.08s
Ep  720: len= 18 白胜 loss=28.1886 temp=1.00 total_env_steps=25096 t=0.06s
Ep  721: len= 41 黑胜 loss=28.1016 temp=1.00 total_env_steps=25137 t=0.10s
Ep  722: len= 34 白胜 loss=28.1197 temp=1.00 total_env_steps=25171 t=0.09s
Ep  723: len= 32 白胜 loss=28.3693 temp=1.00 total_env_steps=25203 t=0.09s
Ep  724: len= 24 白胜 loss=28.2544 temp=1.00 total_env_steps=25227 t=0.07s
Ep  725: len= 43 黑胜 loss=28.3006 temp=1.00 total_env_steps=25270 t=0.10s
Ep  726: len= 31 黑胜 loss=28.2339 temp=1.00 total_env_steps=25301 t=0.08s
Ep  727: len= 37 黑胜 loss=28.3095 temp=1.00 total_env_steps=25338 t=0.10s
Ep  728: len= 44 白胜 loss=28.1224 temp=1.00 total_env_steps=25382 t=0.10s
Ep  729: len= 21 黑胜 loss=28.0436 temp=1.00 total_env_steps=25403 t=0.07s
Ep  730: len= 40 白胜 loss=28.1629 temp=1.00 total_env_steps=25443 t=0.13s
Ep  731: len= 29 黑胜 loss=28.1905 temp=1.00 total_env_steps=25472 t=0.08s
Ep  732: len= 42 白胜 loss=28.1917 temp=1.00 total_env_steps=25514 t=0.10s
Ep  733: len= 25 黑胜 loss=28.1394 temp=1.00 total_env_steps=25539 t=0.07s
Ep  734: len= 33 黑胜 loss=28.3217 temp=1.00 total_env_steps=25572 t=0.08s
Ep  735: len= 15 黑胜 loss=28.2444 temp=1.00 total_env_steps=25587 t=0.05s
Ep  736: len= 33 黑胜 loss=28.0694 temp=1.00 total_env_steps=25620 t=0.08s
Ep  737: len= 37 黑胜 loss=28.1705 temp=1.00 total_env_steps=25657 t=0.09s
Ep  738: len= 26 白胜 loss=28.0944 temp=1.00 total_env_steps=25683 t=0.07s
Ep  739: len= 34 白胜 loss=28.1824 temp=1.00 total_env_steps=25717 t=0.09s
Ep  740: len= 26 白胜 loss=28.1357 temp=1.00 total_env_steps=25743 t=0.08s
Ep  741: len= 31 黑胜 loss=28.0858 temp=1.00 total_env_steps=25774 t=0.09s
Ep  742: len= 42 白胜 loss=28.3177 temp=1.00 total_env_steps=25816 t=0.11s
Ep  743: len= 46 白胜 loss=28.1498 temp=1.00 total_env_steps=25862 t=0.10s
Ep  744: len= 48 白胜 loss=28.2754 temp=1.00 total_env_steps=25910 t=0.12s
Ep  745: len= 27 黑胜 loss=28.2192 temp=1.00 total_env_steps=25937 t=0.08s
Ep  746: len= 41 黑胜 loss=28.1286 temp=1.00 total_env_steps=25978 t=0.09s
Ep  747: len= 41 黑胜 loss=28.1306 temp=1.00 total_env_steps=26019 t=0.09s
Ep  748: len= 45 黑胜 loss=28.0233 temp=1.00 total_env_steps=26064 t=0.10s
Ep  749: len= 29 黑胜 loss=28.0786 temp=1.00 total_env_steps=26093 t=0.08s
Ep  750: len= 31 黑胜 loss=28.1067 temp=1.00 total_env_steps=26124 t=0.08s
Ep  751: len= 26 白胜 loss=28.2556 temp=1.00 total_env_steps=26150 t=0.07s
Ep  752: len= 27 黑胜 loss=28.0673 temp=1.00 total_env_steps=26177 t=0.07s
Ep  753: len= 39 黑胜 loss=28.1982 temp=1.00 total_env_steps=26216 t=0.09s
Ep  754: len= 54 白胜 loss=28.1064 temp=1.00 total_env_steps=26270 t=0.13s
Ep  755: len= 45 黑胜 loss=28.1620 temp=1.00 total_env_steps=26315 t=0.11s
Ep  756: len= 40 白胜 loss=28.1445 temp=1.00 total_env_steps=26355 t=0.09s
Ep  757: len= 35 黑胜 loss=28.1926 temp=1.00 total_env_steps=26390 t=0.09s
Ep  758: len= 20 白胜 loss=28.4054 temp=1.00 total_env_steps=26410 t=0.06s
Ep  759: len= 35 黑胜 loss=28.1249 temp=1.00 total_env_steps=26445 t=0.09s
Ep  760: len= 37 黑胜 loss=28.1593 temp=1.00 total_env_steps=26482 t=0.09s
Ep  761: len= 29 黑胜 loss=28.2955 temp=1.00 total_env_steps=26511 t=0.07s
Ep  762: len= 45 黑胜 loss=28.0223 temp=1.00 total_env_steps=26556 t=0.10s
Ep  763: len= 28 白胜 loss=28.1445 temp=1.00 total_env_steps=26584 t=0.07s
Ep  764: len= 60 白胜 loss=28.2874 temp=1.00 total_env_steps=26644 t=0.13s
Ep  765: len= 40 白胜 loss=28.1116 temp=1.00 total_env_steps=26684 t=0.11s
Ep  766: len= 40 白胜 loss=28.1148 temp=1.00 total_env_steps=26724 t=0.11s
Ep  767: len= 37 黑胜 loss=28.1094 temp=1.00 total_env_steps=26761 t=0.09s
Ep  768: len= 38 白胜 loss=28.1729 temp=1.00 total_env_steps=26799 t=0.09s
Ep  769: len= 37 黑胜 loss=28.2225 temp=1.00 total_env_steps=26836 t=0.09s
Ep  770: len= 46 白胜 loss=28.1886 temp=1.00 total_env_steps=26882 t=0.10s
Ep  771: len= 43 黑胜 loss=28.4287 temp=1.00 total_env_steps=26925 t=0.13s
Ep  772: len= 42 白胜 loss=28.0304 temp=1.00 total_env_steps=26967 t=0.11s
Ep  773: len= 36 白胜 loss=28.1039 temp=1.00 total_env_steps=27003 t=0.09s
Ep  774: len= 33 黑胜 loss=28.2758 temp=1.00 total_env_steps=27036 t=0.08s
Ep  775: len= 39 黑胜 loss=28.1244 temp=1.00 total_env_steps=27075 t=0.10s
Ep  776: len= 45 黑胜 loss=28.2058 temp=1.00 total_env_steps=27120 t=0.12s
Ep  777: len= 23 黑胜 loss=28.2597 temp=1.00 total_env_steps=27143 t=0.06s
Ep  778: len= 22 白胜 loss=28.0841 temp=1.00 total_env_steps=27165 t=0.06s
Ep  779: len= 43 黑胜 loss=28.2023 temp=1.00 total_env_steps=27208 t=0.09s
Ep  780: len= 23 黑胜 loss=28.1728 temp=1.00 total_env_steps=27231 t=0.06s
Ep  781: len= 29 黑胜 loss=28.0770 temp=1.00 total_env_steps=27260 t=0.08s
Ep  782: len= 39 黑胜 loss=28.1919 temp=1.00 total_env_steps=27299 t=0.09s
Ep  783: len= 37 黑胜 loss=28.1609 temp=1.00 total_env_steps=27336 t=0.09s
Ep  784: len= 25 黑胜 loss=28.2195 temp=1.00 total_env_steps=27361 t=0.07s
Ep  785: len= 30 白胜 loss=28.2127 temp=1.00 total_env_steps=27391 t=0.07s
Ep  786: len= 33 黑胜 loss=28.1018 temp=1.00 total_env_steps=27424 t=0.08s
Ep  787: len= 45 黑胜 loss=28.0714 temp=1.00 total_env_steps=27469 t=0.09s
Ep  788: len= 30 白胜 loss=28.1599 temp=1.00 total_env_steps=27499 t=0.07s
Ep  789: len= 38 白胜 loss=28.2018 temp=1.00 total_env_steps=27537 t=0.09s
Ep  790: len= 23 黑胜 loss=28.2164 temp=1.00 total_env_steps=27560 t=0.06s
Ep  791: len= 45 黑胜 loss=28.2475 temp=1.00 total_env_steps=27605 t=0.10s
Ep  792: len= 27 黑胜 loss=28.1762 temp=1.00 total_env_steps=27632 t=0.07s
Ep  793: len= 36 白胜 loss=27.9547 temp=1.00 total_env_steps=27668 t=0.09s
Ep  794: len= 45 黑胜 loss=28.2374 temp=1.00 total_env_steps=27713 t=0.10s
Ep  795: len= 41 黑胜 loss=28.0385 temp=1.00 total_env_steps=27754 t=0.09s
Ep  796: len= 31 黑胜 loss=28.0944 temp=1.00 total_env_steps=27785 t=0.08s
Ep  797: len= 44 白胜 loss=28.2674 temp=1.00 total_env_steps=27829 t=0.09s
Ep  798: len= 50 白胜 loss=28.0385 temp=1.00 total_env_steps=27879 t=0.11s
Ep  799: len= 27 黑胜 loss=28.4475 temp=1.00 total_env_steps=27906 t=0.06s
Ep  800: len= 32 白胜 loss=28.0639 temp=1.00 total_env_steps=27938 t=0.08s
  eval vs Gomoku-random-v0: win_rate=1.00 mean_return=1.00（20 局，total_env_steps=27938）
Ep  801: len= 29 黑胜 loss=28.1106 temp=1.00 total_env_steps=27967 t=0.07s
Ep  802: len= 21 黑胜 loss=28.0736 temp=1.00 total_env_steps=27988 t=0.05s
Ep  803: len= 40 白胜 loss=28.1029 temp=1.00 total_env_steps=28028 t=0.09s
Ep  804: len= 36 白胜 loss=28.1328 temp=1.00 total_env_steps=28064 t=0.08s
Ep  805: len= 22 白胜 loss=28.1147 temp=1.00 total_env_steps=28086 t=0.05s
Ep  806: len= 21 黑胜 loss=28.1858 temp=1.00 total_env_steps=28107 t=0.09s
Ep  807: len= 35 黑胜 loss=28.1218 temp=1.00 total_env_steps=28142 t=0.11s
Ep  808: len= 40 白胜 loss=28.0724 temp=1.00 total_env_steps=28182 t=0.10s
Ep  809: len= 30 白胜 loss=28.1525 temp=1.00 total_env_steps=28212 t=0.08s
Ep  810: len= 35 黑胜 loss=28.3088 temp=1.00 total_env_steps=28247 t=0.09s
Ep  811: len= 49 黑胜 loss=28.0102 temp=1.00 total_env_steps=28296 t=0.10s
Ep  812: len= 37 黑胜 loss=28.1710 temp=1.00 total_env_steps=28333 t=0.08s
Ep  813: len= 35 黑胜 loss=28.2201 temp=1.00 total_env_steps=28368 t=0.08s
Ep  814: len= 43 黑胜 loss=28.1292 temp=1.00 total_env_steps=28411 t=0.09s
Ep  815: len= 26 白胜 loss=28.2607 temp=1.00 total_env_steps=28437 t=0.06s
Ep  816: len= 30 白胜 loss=28.0771 temp=1.00 total_env_steps=28467 t=0.07s
Ep  817: len= 27 黑胜 loss=28.0284 temp=1.00 total_env_steps=28494 t=0.06s
Ep  818: len= 33 黑胜 loss=28.1901 temp=1.00 total_env_steps=28527 t=0.08s
Ep  819: len= 31 黑胜 loss=28.0238 temp=1.00 total_env_steps=28558 t=0.07s
Ep  820: len= 40 白胜 loss=28.0758 temp=1.00 total_env_steps=28598 t=0.10s
Ep  821: len= 49 黑胜 loss=28.1525 temp=1.00 total_env_steps=28647 t=0.10s
Ep  822: len= 42 白胜 loss=28.1319 temp=1.00 total_env_steps=28689 t=0.08s
Ep  823: len= 43 黑胜 loss=28.1852 temp=1.00 total_env_steps=28732 t=0.09s
Ep  824: len= 28 白胜 loss=28.0642 temp=1.00 total_env_steps=28760 t=0.06s
Ep  825: len= 29 黑胜 loss=28.3266 temp=1.00 total_env_steps=28789 t=0.06s
Ep  826: len= 35 黑胜 loss=28.0608 temp=1.00 total_env_steps=28824 t=0.08s
Ep  827: len= 37 黑胜 loss=28.1968 temp=1.00 total_env_steps=28861 t=0.08s
Ep  828: len= 19 黑胜 loss=28.3181 temp=1.00 total_env_steps=28880 t=0.05s
Ep  829: len= 43 黑胜 loss=28.1349 temp=1.00 total_env_steps=28923 t=0.09s
Ep  830: len= 32 白胜 loss=28.2512 temp=1.00 total_env_steps=28955 t=0.07s
Ep  831: len= 43 黑胜 loss=28.0953 temp=1.00 total_env_steps=28998 t=0.09s
Ep  832: len= 39 黑胜 loss=28.2267 temp=1.00 total_env_steps=29037 t=0.09s
Ep  833: len= 33 黑胜 loss=28.0832 temp=1.00 total_env_steps=29070 t=0.08s
Ep  834: len= 19 黑胜 loss=28.2808 temp=1.00 total_env_steps=29089 t=0.06s
Ep  835: len= 33 黑胜 loss=28.1905 temp=1.00 total_env_steps=29122 t=0.07s
Ep  836: len= 31 黑胜 loss=28.3710 temp=1.00 total_env_steps=29153 t=0.07s
Ep  837: len= 36 白胜 loss=28.3029 temp=1.00 total_env_steps=29189 t=0.08s
Ep  838: len= 37 黑胜 loss=28.2938 temp=1.00 total_env_steps=29226 t=0.09s
Ep  839: len= 31 黑胜 loss=28.1871 temp=1.00 total_env_steps=29257 t=0.07s
Ep  840: len= 55 黑胜 loss=28.2279 temp=1.00 total_env_steps=29312 t=0.11s
Ep  841: len= 27 黑胜 loss=28.2900 temp=1.00 total_env_steps=29339 t=0.08s
Ep  842: len= 36 白胜 loss=28.1353 temp=1.00 total_env_steps=29375 t=0.08s
Ep  843: len= 39 黑胜 loss=28.0724 temp=1.00 total_env_steps=29414 t=0.09s
Ep  844: len= 47 黑胜 loss=28.1309 temp=1.00 total_env_steps=29461 t=0.11s
Ep  845: len= 43 黑胜 loss=28.2382 temp=1.00 total_env_steps=29504 t=0.10s
Ep  846: len= 28 白胜 loss=28.2849 temp=1.00 total_env_steps=29532 t=0.08s
Ep  847: len= 35 黑胜 loss=28.2338 temp=1.00 total_env_steps=29567 t=0.10s
Ep  848: len= 28 白胜 loss=28.1989 temp=1.00 total_env_steps=29595 t=0.09s
Ep  849: len= 37 黑胜 loss=28.3789 temp=1.00 total_env_steps=29632 t=0.10s
Ep  850: len= 41 黑胜 loss=28.2297 temp=1.00 total_env_steps=29673 t=0.10s
Ep  851: len= 25 黑胜 loss=28.0361 temp=1.00 total_env_steps=29698 t=0.07s
Ep  852: len= 36 白胜 loss=28.2427 temp=1.00 total_env_steps=29734 t=0.09s
Ep  853: len= 36 白胜 loss=28.1558 temp=1.00 total_env_steps=29770 t=0.10s
Ep  854: len= 46 白胜 loss=28.1932 temp=1.00 total_env_steps=29816 t=0.10s
Ep  855: len= 41 黑胜 loss=28.2942 temp=1.00 total_env_steps=29857 t=0.09s
Ep  856: len= 34 白胜 loss=28.1066 temp=1.00 total_env_steps=29891 t=0.09s
Ep  857: len= 39 黑胜 loss=28.0691 temp=1.00 total_env_steps=29930 t=0.09s
Ep  858: len= 42 白胜 loss=28.2539 temp=1.00 total_env_steps=29972 t=0.10s
Ep  859: len= 32 白胜 loss=28.0956 temp=1.00 total_env_steps=30004 t=0.08s
Ep  860: len= 19 黑胜 loss=28.1882 temp=1.00 total_env_steps=30023 t=0.06s
Ep  861: len= 27 黑胜 loss=28.1988 temp=1.00 total_env_steps=30050 t=0.07s
Ep  862: len= 47 黑胜 loss=27.9895 temp=1.00 total_env_steps=30097 t=0.10s
Ep  863: len= 19 黑胜 loss=28.2208 temp=1.00 total_env_steps=30116 t=0.05s
Ep  864: len= 22 白胜 loss=28.1012 temp=1.00 total_env_steps=30138 t=0.06s
Ep  865: len= 41 黑胜 loss=28.0734 temp=1.00 total_env_steps=30179 t=0.09s
Ep  866: len= 22 白胜 loss=28.1296 temp=1.00 total_env_steps=30201 t=0.06s
Ep  867: len= 32 白胜 loss=28.0411 temp=1.00 total_env_steps=30233 t=0.07s
Ep  868: len= 40 白胜 loss=28.0078 temp=1.00 total_env_steps=30273 t=0.08s
Ep  869: len= 43 黑胜 loss=28.2681 temp=1.00 total_env_steps=30316 t=0.09s
Ep  870: len= 38 白胜 loss=28.2030 temp=1.00 total_env_steps=30354 t=0.09s
Ep  871: len= 32 白胜 loss=28.0739 temp=1.00 total_env_steps=30386 t=0.07s
Ep  872: len= 32 白胜 loss=28.1850 temp=1.00 total_env_steps=30418 t=0.08s
Ep  873: len= 21 黑胜 loss=28.0729 temp=1.00 total_env_steps=30439 t=0.06s
Ep  874: len= 35 黑胜 loss=28.1528 temp=1.00 total_env_steps=30474 t=0.08s
Ep  875: len= 29 黑胜 loss=28.2624 temp=1.00 total_env_steps=30503 t=0.07s
Ep  876: len= 37 黑胜 loss=28.2008 temp=1.00 total_env_steps=30540 t=0.10s
Ep  877: len= 40 白胜 loss=28.1528 temp=1.00 total_env_steps=30580 t=0.10s
Ep  878: len= 37 黑胜 loss=28.2841 temp=1.00 total_env_steps=30617 t=0.09s
Ep  879: len= 26 白胜 loss=28.1565 temp=1.00 total_env_steps=30643 t=0.07s
Ep  880: len= 33 黑胜 loss=28.1191 temp=1.00 total_env_steps=30676 t=0.08s
Ep  881: len= 41 黑胜 loss=28.1877 temp=1.00 total_env_steps=30717 t=0.09s
Ep  882: len= 23 黑胜 loss=28.1165 temp=1.00 total_env_steps=30740 t=0.07s
Ep  883: len= 44 白胜 loss=28.2407 temp=1.00 total_env_steps=30784 t=0.09s
Ep  884: len= 33 黑胜 loss=28.3557 temp=1.00 total_env_steps=30817 t=0.08s
Ep  885: len= 37 黑胜 loss=28.1974 temp=1.00 total_env_steps=30854 t=0.09s
Ep  886: len= 31 黑胜 loss=28.0704 temp=1.00 total_env_steps=30885 t=0.07s
Ep  887: len= 52 白胜 loss=28.2695 temp=1.00 total_env_steps=30937 t=0.11s
Ep  888: len= 25 黑胜 loss=28.1854 temp=1.00 total_env_steps=30962 t=0.07s
Ep  889: len= 27 黑胜 loss=28.2198 temp=1.00 total_env_steps=30989 t=0.06s
Ep  890: len= 42 白胜 loss=28.1565 temp=1.00 total_env_steps=31031 t=0.10s
Ep  891: len= 39 黑胜 loss=28.0559 temp=1.00 total_env_steps=31070 t=0.09s
Ep  892: len= 45 黑胜 loss=28.3767 temp=1.00 total_env_steps=31115 t=0.10s
Ep  893: len= 42 白胜 loss=28.1102 temp=1.00 total_env_steps=31157 t=0.10s
Ep  894: len= 31 黑胜 loss=28.2128 temp=1.00 total_env_steps=31188 t=0.10s
Ep  895: len= 33 黑胜 loss=28.0812 temp=1.00 total_env_steps=31221 t=0.11s
Ep  896: len= 33 黑胜 loss=28.3431 temp=1.00 total_env_steps=31254 t=0.10s
Ep  897: len= 31 黑胜 loss=28.1857 temp=1.00 total_env_steps=31285 t=0.09s
Ep  898: len= 41 黑胜 loss=28.1574 temp=1.00 total_env_steps=31326 t=0.10s
Ep  899: len= 39 黑胜 loss=27.9379 temp=1.00 total_env_steps=31365 t=0.09s
Ep  900: len= 43 黑胜 loss=28.1488 temp=1.00 total_env_steps=31408 t=0.09s
Ep  901: len= 35 黑胜 loss=28.2575 temp=1.00 total_env_steps=31443 t=0.09s
Ep  902: len= 32 白胜 loss=28.1400 temp=1.00 total_env_steps=31475 t=0.08s
Ep  903: len= 53 黑胜 loss=28.1099 temp=1.00 total_env_steps=31528 t=0.12s
Ep  904: len= 38 白胜 loss=28.1146 temp=1.00 total_env_steps=31566 t=0.09s
Ep  905: len= 35 黑胜 loss=28.1395 temp=1.00 total_env_steps=31601 t=0.08s
Ep  906: len= 32 白胜 loss=28.2486 temp=1.00 total_env_steps=31633 t=0.09s
Ep  907: len= 40 白胜 loss=28.1033 temp=1.00 total_env_steps=31673 t=0.09s
Ep  908: len= 31 黑胜 loss=28.0021 temp=1.00 total_env_steps=31704 t=0.08s
Ep  909: len= 50 白胜 loss=28.2483 temp=1.00 total_env_steps=31754 t=0.12s
Ep  910: len= 38 白胜 loss=28.1785 temp=1.00 total_env_steps=31792 t=0.09s
Ep  911: len= 26 白胜 loss=28.1455 temp=1.00 total_env_steps=31818 t=0.07s
Ep  912: len= 35 黑胜 loss=28.0243 temp=1.00 total_env_steps=31853 t=0.09s
Ep  913: len= 28 白胜 loss=28.1344 temp=1.00 total_env_steps=31881 t=0.07s
Ep  914: len= 23 黑胜 loss=28.1435 temp=1.00 total_env_steps=31904 t=0.06s
Ep  915: len= 39 黑胜 loss=28.3134 temp=1.00 total_env_steps=31943 t=0.10s
Ep  916: len= 40 白胜 loss=28.0476 temp=1.00 total_env_steps=31983 t=0.11s
Ep  917: len= 50 白胜 loss=28.1701 temp=1.00 total_env_steps=32033 t=0.11s
Ep  918: len= 33 黑胜 loss=28.0314 temp=1.00 total_env_steps=32066 t=0.08s
Ep  919: len= 29 黑胜 loss=28.1725 temp=1.00 total_env_steps=32095 t=0.08s
Ep  920: len= 31 黑胜 loss=28.3854 temp=1.00 total_env_steps=32126 t=0.08s
Ep  921: len= 37 黑胜 loss=28.1598 temp=1.00 total_env_steps=32163 t=0.09s
Ep  922: len= 37 黑胜 loss=28.0029 temp=1.00 total_env_steps=32200 t=0.09s
Ep  923: len= 22 白胜 loss=28.2081 temp=1.00 total_env_steps=32222 t=0.06s
Ep  924: len= 33 黑胜 loss=28.0605 temp=1.00 total_env_steps=32255 t=0.08s
Ep  925: len= 23 黑胜 loss=28.2202 temp=1.00 total_env_steps=32278 t=0.06s
Ep  926: len= 32 白胜 loss=27.9756 temp=1.00 total_env_steps=32310 t=0.08s
Ep  927: len= 49 黑胜 loss=28.2300 temp=1.00 total_env_steps=32359 t=0.10s
Ep  928: len= 41 黑胜 loss=28.1424 temp=1.00 total_env_steps=32400 t=0.09s
Ep  929: len= 46 白胜 loss=28.0026 temp=1.00 total_env_steps=32446 t=0.10s
Ep  930: len= 27 黑胜 loss=27.9818 temp=1.00 total_env_steps=32473 t=0.07s
Ep  931: len= 41 黑胜 loss=28.0312 temp=1.00 total_env_steps=32514 t=0.10s
Ep  932: len= 41 黑胜 loss=28.1171 temp=1.00 total_env_steps=32555 t=0.10s
Ep  933: len= 32 白胜 loss=28.1330 temp=1.00 total_env_steps=32587 t=0.08s
Ep  934: len= 24 白胜 loss=28.1629 temp=1.00 total_env_steps=32611 t=0.07s
Ep  935: len= 46 白胜 loss=28.1694 temp=1.00 total_env_steps=32657 t=0.10s
Ep  936: len= 47 黑胜 loss=28.0436 temp=1.00 total_env_steps=32704 t=0.10s
Ep  937: len= 31 黑胜 loss=28.2540 temp=1.00 total_env_steps=32735 t=0.08s
Ep  938: len= 44 白胜 loss=28.1666 temp=1.00 total_env_steps=32779 t=0.09s
Ep  939: len= 43 黑胜 loss=28.2272 temp=1.00 total_env_steps=32822 t=0.11s
Ep  940: len= 35 黑胜 loss=28.0486 temp=1.00 total_env_steps=32857 t=0.09s
Ep  941: len= 22 白胜 loss=28.1024 temp=1.00 total_env_steps=32879 t=0.07s
Ep  942: len= 31 黑胜 loss=28.0828 temp=1.00 total_env_steps=32910 t=0.07s
Ep  943: len= 41 黑胜 loss=28.1762 temp=1.00 total_env_steps=32951 t=0.09s
Ep  944: len= 52 白胜 loss=27.9772 temp=1.00 total_env_steps=33003 t=0.11s
Ep  945: len= 49 黑胜 loss=28.1249 temp=1.00 total_env_steps=33052 t=0.10s
Ep  946: len= 46 白胜 loss=28.0670 temp=1.00 total_env_steps=33098 t=0.09s
Ep  947: len= 39 黑胜 loss=28.2087 temp=1.00 total_env_steps=33137 t=0.09s
Ep  948: len= 40 白胜 loss=28.1362 temp=1.00 total_env_steps=33177 t=0.08s
Ep  949: len= 36 白胜 loss=28.1077 temp=1.00 total_env_steps=33213 t=0.09s
Ep  950: len= 31 黑胜 loss=28.2546 temp=1.00 total_env_steps=33244 t=0.08s
Ep  951: len= 39 黑胜 loss=27.9988 temp=1.00 total_env_steps=33283 t=0.09s
Ep  952: len= 42 白胜 loss=28.0732 temp=1.00 total_env_steps=33325 t=0.08s
Ep  953: len= 17 黑胜 loss=28.0892 temp=1.00 total_env_steps=33342 t=0.05s
Ep  954: len= 43 黑胜 loss=28.0881 temp=1.00 total_env_steps=33385 t=0.10s
Ep  955: len= 44 白胜 loss=28.2505 temp=1.00 total_env_steps=33429 t=0.09s
Ep  956: len= 30 白胜 loss=28.2552 temp=1.00 total_env_steps=33459 t=0.07s
Ep  957: len= 44 白胜 loss=28.1241 temp=1.00 total_env_steps=33503 t=0.09s
Ep  958: len= 15 黑胜 loss=28.1061 temp=1.00 total_env_steps=33518 t=0.05s
Ep  959: len= 38 白胜 loss=28.1762 temp=1.00 total_env_steps=33556 t=0.08s
Ep  960: len= 35 黑胜 loss=28.2891 temp=1.00 total_env_steps=33591 t=0.08s
Ep  961: len= 44 白胜 loss=27.9997 temp=1.00 total_env_steps=33635 t=0.10s
Ep  962: len= 41 黑胜 loss=28.2044 temp=1.00 total_env_steps=33676 t=0.08s
Ep  963: len= 32 白胜 loss=28.2392 temp=1.00 total_env_steps=33708 t=0.07s
Ep  964: len= 35 黑胜 loss=28.2173 temp=1.00 total_env_steps=33743 t=0.08s
Ep  965: len= 38 白胜 loss=28.0861 temp=1.00 total_env_steps=33781 t=0.09s
Ep  966: len= 41 黑胜 loss=28.1600 temp=1.00 total_env_steps=33822 t=0.09s
Ep  967: len= 30 白胜 loss=28.2103 temp=1.00 total_env_steps=33852 t=0.07s
Ep  968: len= 39 黑胜 loss=28.0545 temp=1.00 total_env_steps=33891 t=0.09s
Ep  969: len= 37 黑胜 loss=28.0746 temp=1.00 total_env_steps=33928 t=0.08s
Ep  970: len= 37 黑胜 loss=28.1137 temp=1.00 total_env_steps=33965 t=0.08s
Ep  971: len= 32 白胜 loss=28.3213 temp=1.00 total_env_steps=33997 t=0.08s
Ep  972: len= 42 白胜 loss=28.0748 temp=1.00 total_env_steps=34039 t=0.09s
Ep  973: len= 37 黑胜 loss=28.1311 temp=1.00 total_env_steps=34076 t=0.08s
Ep  974: len= 34 白胜 loss=28.2310 temp=1.00 total_env_steps=34110 t=0.08s
Ep  975: len= 40 白胜 loss=28.1915 temp=1.00 total_env_steps=34150 t=0.09s
Ep  976: len= 40 白胜 loss=28.3536 temp=1.00 total_env_steps=34190 t=0.09s
Ep  977: len= 37 黑胜 loss=28.1494 temp=1.00 total_env_steps=34227 t=0.08s
Ep  978: len= 27 黑胜 loss=28.2242 temp=1.00 total_env_steps=34254 t=0.07s
Ep  979: len= 39 黑胜 loss=28.2783 temp=1.00 total_env_steps=34293 t=0.09s
Ep  980: len= 44 白胜 loss=28.2120 temp=1.00 total_env_steps=34337 t=0.09s
Ep  981: len= 57 黑胜 loss=28.1123 temp=1.00 total_env_steps=34394 t=0.12s
Ep  982: len= 43 黑胜 loss=28.2290 temp=1.00 total_env_steps=34437 t=0.10s
Ep  983: len= 46 白胜 loss=28.0635 temp=1.00 total_env_steps=34483 t=0.10s
Ep  984: len= 20 白胜 loss=28.2013 temp=1.00 total_env_steps=34503 t=0.06s
Ep  985: len= 34 白胜 loss=28.1958 temp=1.00 total_env_steps=34537 t=0.08s
Ep  986: len= 32 白胜 loss=28.1505 temp=1.00 total_env_steps=34569 t=0.08s
Ep  987: len= 29 黑胜 loss=28.0564 temp=1.00 total_env_steps=34598 t=0.06s
Ep  988: len= 35 黑胜 loss=28.4802 temp=1.00 total_env_steps=34633 t=0.08s
Ep  989: len= 39 黑胜 loss=28.1126 temp=1.00 total_env_steps=34672 t=0.09s
Ep  990: len= 29 黑胜 loss=28.1624 temp=1.00 total_env_steps=34701 t=0.07s
Ep  991: len= 45 黑胜 loss=28.1972 temp=1.00 total_env_steps=34746 t=0.09s
Ep  992: len= 37 黑胜 loss=28.1747 temp=1.00 total_env_steps=34783 t=0.09s
Ep  993: len= 41 黑胜 loss=28.2522 temp=1.00 total_env_steps=34824 t=0.08s
Ep  994: len= 35 黑胜 loss=28.3348 temp=1.00 total_env_steps=34859 t=0.08s
Ep  995: len= 17 黑胜 loss=28.0761 temp=1.00 total_env_steps=34876 t=0.05s
Ep  996: len= 30 白胜 loss=28.3059 temp=1.00 total_env_steps=34906 t=0.07s
Ep  997: len= 41 黑胜 loss=28.3592 temp=1.00 total_env_steps=34947 t=0.09s
Ep  998: len= 42 白胜 loss=28.3293 temp=1.00 total_env_steps=34989 t=0.09s
Ep  999: len= 35 黑胜 loss=28.0996 temp=1.00 total_env_steps=35024 t=0.07s
Ep 1000: len= 31 黑胜 loss=28.1145 temp=1.00 total_env_steps=35055 t=0.08s
  eval vs Gomoku-random-v0: win_rate=1.00 mean_return=1.00（20 局，total_env_steps=35055）
  📸 已拍权重快照（ep=1000，gating 对弈基准）
Ep 1001: len= 30 白胜 loss=28.2028 temp=1.00 total_env_steps=35085 t=0.07s
Ep 1002: len= 29 黑胜 loss=28.1792 temp=1.00 total_env_steps=35114 t=0.07s
Ep 1003: len= 39 黑胜 loss=28.2043 temp=1.00 total_env_steps=35153 t=0.08s
Ep 1004: len= 32 白胜 loss=28.0157 temp=1.00 total_env_steps=35185 t=0.07s
Ep 1005: len= 38 白胜 loss=28.1036 temp=1.00 total_env_steps=35223 t=0.09s
Ep 1006: len= 21 黑胜 loss=28.1648 temp=1.00 total_env_steps=35244 t=0.06s
Ep 1007: len= 53 黑胜 loss=28.2019 temp=1.00 total_env_steps=35297 t=0.10s
Ep 1008: len= 43 黑胜 loss=28.1231 temp=1.00 total_env_steps=35340 t=0.09s
Ep 1009: len= 24 白胜 loss=28.1296 temp=1.00 total_env_steps=35364 t=0.07s
Ep 1010: len= 26 白胜 loss=28.2771 temp=1.00 total_env_steps=35390 t=0.06s
Ep 1011: len= 25 黑胜 loss=27.9993 temp=1.00 total_env_steps=35415 t=0.07s
Ep 1012: len= 44 白胜 loss=28.2838 temp=1.00 total_env_steps=35459 t=0.10s
Ep 1013: len= 40 白胜 loss=28.2031 temp=1.00 total_env_steps=35499 t=0.09s
Ep 1014: len= 46 白胜 loss=28.1578 temp=1.00 total_env_steps=35545 t=0.10s
Ep 1015: len= 45 黑胜 loss=28.2536 temp=1.00 total_env_steps=35590 t=0.09s
Ep 1016: len= 47 黑胜 loss=28.3073 temp=1.00 total_env_steps=35637 t=0.11s
Ep 1017: len= 28 白胜 loss=28.0146 temp=1.00 total_env_steps=35665 t=0.07s
Ep 1018: len= 40 白胜 loss=28.1560 temp=1.00 total_env_steps=35705 t=0.11s
Ep 1019: len= 57 黑胜 loss=28.1696 temp=1.00 total_env_steps=35762 t=0.14s
Ep 1020: len= 37 黑胜 loss=28.1486 temp=1.00 total_env_steps=35799 t=0.09s
Ep 1021: len= 33 黑胜 loss=28.1514 temp=1.00 total_env_steps=35832 t=0.08s
Ep 1022: len= 44 白胜 loss=28.0238 temp=1.00 total_env_steps=35876 t=0.09s
Ep 1023: len= 39 黑胜 loss=28.4206 temp=1.00 total_env_steps=35915 t=0.09s
Ep 1024: len= 31 黑胜 loss=28.1910 temp=1.00 total_env_steps=35946 t=0.09s
Ep 1025: len= 37 黑胜 loss=28.1946 temp=1.00 total_env_steps=35983 t=0.09s
Ep 1026: len= 41 黑胜 loss=28.1454 temp=1.00 total_env_steps=36024 t=0.10s
Ep 1027: len= 32 白胜 loss=28.3948 temp=1.00 total_env_steps=36056 t=0.09s
Ep 1028: len= 44 白胜 loss=28.1432 temp=1.00 total_env_steps=36100 t=0.11s
Ep 1029: len= 39 黑胜 loss=28.2031 temp=1.00 total_env_steps=36139 t=0.10s
Ep 1030: len= 33 黑胜 loss=28.0500 temp=1.00 total_env_steps=36172 t=0.09s
Ep 1031: len= 34 白胜 loss=28.0448 temp=1.00 total_env_steps=36206 t=0.09s
Ep 1032: len= 42 白胜 loss=28.4337 temp=1.00 total_env_steps=36248 t=0.09s
Ep 1033: len= 29 黑胜 loss=28.0863 temp=1.00 total_env_steps=36277 t=0.07s
Ep 1034: len= 39 黑胜 loss=28.2848 temp=1.00 total_env_steps=36316 t=0.08s
Ep 1035: len= 44 白胜 loss=28.2464 temp=1.00 total_env_steps=36360 t=0.10s
Ep 1036: len= 36 白胜 loss=28.2179 temp=1.00 total_env_steps=36396 t=0.09s
Ep 1037: len= 35 黑胜 loss=28.2551 temp=1.00 total_env_steps=36431 t=0.08s
Ep 1038: len= 40 白胜 loss=28.2682 temp=1.00 total_env_steps=36471 t=0.10s
Ep 1039: len= 27 黑胜 loss=28.1159 temp=1.00 total_env_steps=36498 t=0.07s
Ep 1040: len= 32 白胜 loss=28.1280 temp=1.00 total_env_steps=36530 t=0.07s
Ep 1041: len= 33 黑胜 loss=28.1897 temp=1.00 total_env_steps=36563 t=0.08s
Ep 1042: len= 34 白胜 loss=28.1919 temp=1.00 total_env_steps=36597 t=0.08s
Ep 1043: len= 34 白胜 loss=28.3216 temp=1.00 total_env_steps=36631 t=0.08s
Ep 1044: len= 44 白胜 loss=28.1482 temp=1.00 total_env_steps=36675 t=0.11s
Ep 1045: len= 48 白胜 loss=28.3121 temp=1.00 total_env_steps=36723 t=0.11s
Ep 1046: len= 48 白胜 loss=28.3702 temp=1.00 total_env_steps=36771 t=0.10s
Ep 1047: len= 42 白胜 loss=28.2959 temp=1.00 total_env_steps=36813 t=0.09s
Ep 1048: len= 25 黑胜 loss=28.0666 temp=1.00 total_env_steps=36838 t=0.07s
Ep 1049: len= 33 黑胜 loss=28.2508 temp=1.00 total_env_steps=36871 t=0.08s
Ep 1050: len= 29 黑胜 loss=27.9721 temp=1.00 total_env_steps=36900 t=0.08s
Ep 1051: len= 30 白胜 loss=28.0345 temp=1.00 total_env_steps=36930 t=0.07s
Ep 1052: len= 23 黑胜 loss=28.1607 temp=1.00 total_env_steps=36953 t=0.06s
Ep 1053: len= 28 白胜 loss=28.1478 temp=1.00 total_env_steps=36981 t=0.07s
Ep 1054: len= 24 白胜 loss=28.0883 temp=1.00 total_env_steps=37005 t=0.07s
Ep 1055: len= 25 黑胜 loss=28.3110 temp=1.00 total_env_steps=37030 t=0.07s
Ep 1056: len= 33 黑胜 loss=28.2466 temp=1.00 total_env_steps=37063 t=0.09s
Ep 1057: len= 44 白胜 loss=28.0836 temp=1.00 total_env_steps=37107 t=0.10s
Ep 1058: len= 35 黑胜 loss=28.1890 temp=1.00 total_env_steps=37142 t=0.08s
Ep 1059: len= 38 白胜 loss=28.3052 temp=1.00 total_env_steps=37180 t=0.09s
Ep 1060: len= 28 白胜 loss=28.2293 temp=1.00 total_env_steps=37208 t=0.07s
Ep 1061: len= 31 黑胜 loss=28.0839 temp=1.00 total_env_steps=37239 t=0.08s
Ep 1062: len= 35 黑胜 loss=27.9929 temp=1.00 total_env_steps=37274 t=0.09s
Ep 1063: len= 41 黑胜 loss=28.0678 temp=1.00 total_env_steps=37315 t=0.11s
Ep 1064: len= 30 白胜 loss=28.1068 temp=1.00 total_env_steps=37345 t=0.08s
Ep 1065: len= 32 白胜 loss=28.2150 temp=1.00 total_env_steps=37377 t=0.09s
Ep 1066: len= 38 白胜 loss=28.2887 temp=1.00 total_env_steps=37415 t=0.11s
Ep 1067: len= 36 白胜 loss=28.3237 temp=1.00 total_env_steps=37451 t=0.10s
Ep 1068: len= 34 白胜 loss=28.1963 temp=1.00 total_env_steps=37485 t=0.09s
Ep 1069: len= 41 黑胜 loss=28.1624 temp=1.00 total_env_steps=37526 t=0.10s
Ep 1070: len= 29 黑胜 loss=28.2415 temp=1.00 total_env_steps=37555 t=0.07s
Ep 1071: len= 32 白胜 loss=28.0252 temp=1.00 total_env_steps=37587 t=0.08s
Ep 1072: len= 37 黑胜 loss=28.0611 temp=1.00 total_env_steps=37624 t=0.08s
Ep 1073: len= 28 白胜 loss=28.0190 temp=1.00 total_env_steps=37652 t=0.07s
Ep 1074: len= 31 黑胜 loss=28.1639 temp=1.00 total_env_steps=37683 t=0.08s
Ep 1075: len= 38 白胜 loss=28.1835 temp=1.00 total_env_steps=37721 t=0.09s
Ep 1076: len= 29 黑胜 loss=28.2742 temp=1.00 total_env_steps=37750 t=0.07s
Ep 1077: len= 38 白胜 loss=28.1596 temp=1.00 total_env_steps=37788 t=0.09s
Ep 1078: len= 37 黑胜 loss=28.0944 temp=1.00 total_env_steps=37825 t=0.08s
Ep 1079: len= 25 黑胜 loss=28.2105 temp=1.00 total_env_steps=37850 t=0.07s
Ep 1080: len= 49 黑胜 loss=28.2031 temp=1.00 total_env_steps=37899 t=0.10s
Ep 1081: len= 34 白胜 loss=28.3273 temp=1.00 total_env_steps=37933 t=0.08s
Ep 1082: len= 16 白胜 loss=28.2716 temp=1.00 total_env_steps=37949 t=0.06s
Ep 1083: len= 29 黑胜 loss=28.2498 temp=1.00 total_env_steps=37978 t=0.08s
Ep 1084: len= 38 白胜 loss=28.2446 temp=1.00 total_env_steps=38016 t=0.09s
Ep 1085: len= 37 黑胜 loss=28.0869 temp=1.00 total_env_steps=38053 t=0.09s
Ep 1086: len= 38 白胜 loss=28.2150 temp=1.00 total_env_steps=38091 t=0.09s
Ep 1087: len= 31 黑胜 loss=28.2100 temp=1.00 total_env_steps=38122 t=0.07s
Ep 1088: len= 39 黑胜 loss=28.0599 temp=1.00 total_env_steps=38161 t=0.09s
Ep 1089: len= 32 白胜 loss=28.3297 temp=1.00 total_env_steps=38193 t=0.08s
Ep 1090: len= 25 黑胜 loss=28.2095 temp=1.00 total_env_steps=38218 t=0.06s
Ep 1091: len= 32 白胜 loss=28.0753 temp=1.00 total_env_steps=38250 t=0.08s
Ep 1092: len= 41 黑胜 loss=28.1159 temp=1.00 total_env_steps=38291 t=0.10s
Ep 1093: len= 27 黑胜 loss=28.1307 temp=1.00 total_env_steps=38318 t=0.06s
Ep 1094: len= 27 黑胜 loss=28.1753 temp=1.00 total_env_steps=38345 t=0.07s
Ep 1095: len= 41 黑胜 loss=27.8672 temp=1.00 total_env_steps=38386 t=0.10s
Ep 1096: len= 46 白胜 loss=28.3735 temp=1.00 total_env_steps=38432 t=0.10s
Ep 1097: len= 37 黑胜 loss=27.9935 temp=1.00 total_env_steps=38469 t=0.08s
Ep 1098: len= 46 白胜 loss=28.1964 temp=1.00 total_env_steps=38515 t=0.10s
Ep 1099: len= 52 白胜 loss=28.1397 temp=1.00 total_env_steps=38567 t=0.11s
Ep 1100: len= 41 黑胜 loss=28.0800 temp=1.00 total_env_steps=38608 t=0.09s
Ep 1101: len= 35 黑胜 loss=28.2362 temp=1.00 total_env_steps=38643 t=0.09s
Ep 1102: len= 49 黑胜 loss=28.2761 temp=1.00 total_env_steps=38692 t=0.11s
Ep 1103: len= 25 黑胜 loss=28.1980 temp=1.00 total_env_steps=38717 t=0.07s
Ep 1104: len= 26 白胜 loss=28.2845 temp=1.00 total_env_steps=38743 t=0.07s
Ep 1105: len= 56 白胜 loss=28.3916 temp=1.00 total_env_steps=38799 t=0.13s
Ep 1106: len= 41 黑胜 loss=28.1357 temp=1.00 total_env_steps=38840 t=0.09s
Ep 1107: len= 27 黑胜 loss=28.0683 temp=1.00 total_env_steps=38867 t=0.07s
Ep 1108: len= 33 黑胜 loss=28.0494 temp=1.00 total_env_steps=38900 t=0.09s
Ep 1109: len= 41 黑胜 loss=28.2112 temp=1.00 total_env_steps=38941 t=0.09s
Ep 1110: len= 45 黑胜 loss=28.1810 temp=1.00 total_env_steps=38986 t=0.10s
Ep 1111: len= 25 黑胜 loss=27.9160 temp=1.00 total_env_steps=39011 t=0.06s
Ep 1112: len= 23 黑胜 loss=28.0751 temp=1.00 total_env_steps=39034 t=0.06s
Ep 1113: len= 37 黑胜 loss=28.0656 temp=1.00 total_env_steps=39071 t=0.09s
Ep 1114: len= 60 白胜 loss=28.1653 temp=1.00 total_env_steps=39131 t=0.13s
Ep 1115: len= 25 黑胜 loss=28.1068 temp=1.00 total_env_steps=39156 t=0.08s
Ep 1116: len= 49 黑胜 loss=28.3036 temp=1.00 total_env_steps=39205 t=0.13s
Ep 1117: len= 38 白胜 loss=28.1808 temp=1.00 total_env_steps=39243 t=0.10s
Ep 1118: len= 29 黑胜 loss=28.1840 temp=1.00 total_env_steps=39272 t=0.08s
Ep 1119: len= 44 白胜 loss=27.9981 temp=1.00 total_env_steps=39316 t=0.11s
Ep 1120: len= 28 白胜 loss=28.2462 temp=1.00 total_env_steps=39344 t=0.07s
Ep 1121: len= 27 黑胜 loss=28.1274 temp=1.00 total_env_steps=39371 t=0.06s
Ep 1122: len= 56 白胜 loss=28.3175 temp=1.00 total_env_steps=39427 t=0.15s
Ep 1123: len= 13 黑胜 loss=28.1710 temp=1.00 total_env_steps=39440 t=0.06s
Ep 1124: len= 34 白胜 loss=28.1820 temp=1.00 total_env_steps=39474 t=0.08s
Ep 1125: len= 37 黑胜 loss=28.0370 temp=1.00 total_env_steps=39511 t=0.09s
Ep 1126: len= 34 白胜 loss=28.1093 temp=1.00 total_env_steps=39545 t=0.08s
Ep 1127: len= 50 白胜 loss=28.1601 temp=1.00 total_env_steps=39595 t=0.11s
Ep 1128: len= 32 白胜 loss=28.1374 temp=1.00 total_env_steps=39627 t=0.08s
Ep 1129: len= 43 黑胜 loss=28.1526 temp=1.00 total_env_steps=39670 t=0.10s
Ep 1130: len= 41 黑胜 loss=28.2656 temp=1.00 total_env_steps=39711 t=0.09s
Ep 1131: len= 54 白胜 loss=28.0408 temp=1.00 total_env_steps=39765 t=0.12s
Ep 1132: len= 27 黑胜 loss=28.1823 temp=1.00 total_env_steps=39792 t=0.07s
Ep 1133: len= 19 黑胜 loss=28.2449 temp=1.00 total_env_steps=39811 t=0.06s
Ep 1134: len= 42 白胜 loss=28.2684 temp=1.00 total_env_steps=39853 t=0.11s
Ep 1135: len= 22 白胜 loss=28.1372 temp=1.00 total_env_steps=39875 t=0.06s
Ep 1136: len= 37 黑胜 loss=28.2583 temp=1.00 total_env_steps=39912 t=0.10s
Ep 1137: len= 32 白胜 loss=28.0907 temp=1.00 total_env_steps=39944 t=0.09s
Ep 1138: len= 46 白胜 loss=28.1711 temp=1.00 total_env_steps=39990 t=0.11s
Ep 1139: len= 28 白胜 loss=28.2191 temp=1.00 total_env_steps=40018 t=0.08s
Ep 1140: len= 54 白胜 loss=28.2752 temp=1.00 total_env_steps=40072 t=0.12s
Ep 1141: len= 32 白胜 loss=28.1376 temp=1.00 total_env_steps=40104 t=0.08s
Ep 1142: len= 47 黑胜 loss=28.2397 temp=1.00 total_env_steps=40151 t=0.10s
Ep 1143: len= 39 黑胜 loss=28.2294 temp=1.00 total_env_steps=40190 t=0.09s
Ep 1144: len= 21 黑胜 loss=28.3088 temp=1.00 total_env_steps=40211 t=0.06s
Ep 1145: len= 22 白胜 loss=28.2523 temp=1.00 total_env_steps=40233 t=0.07s
Ep 1146: len= 45 黑胜 loss=28.0707 temp=1.00 total_env_steps=40278 t=0.11s
Ep 1147: len= 23 黑胜 loss=28.0613 temp=1.00 total_env_steps=40301 t=0.06s
Ep 1148: len= 36 白胜 loss=28.1709 temp=1.00 total_env_steps=40337 t=0.08s
Ep 1149: len= 32 白胜 loss=28.1532 temp=1.00 total_env_steps=40369 t=0.08s
Ep 1150: len= 27 黑胜 loss=27.9879 temp=1.00 total_env_steps=40396 t=0.07s
Ep 1151: len= 31 黑胜 loss=28.1711 temp=1.00 total_env_steps=40427 t=0.08s
Ep 1152: len= 24 白胜 loss=28.2180 temp=1.00 total_env_steps=40451 t=0.07s
Ep 1153: len= 16 白胜 loss=28.2921 temp=1.00 total_env_steps=40467 t=0.05s
Ep 1154: len= 31 黑胜 loss=28.2549 temp=1.00 total_env_steps=40498 t=0.08s
Ep 1155: len= 31 黑胜 loss=28.1674 temp=1.00 total_env_steps=40529 t=0.08s
Ep 1156: len= 50 白胜 loss=28.2350 temp=1.00 total_env_steps=40579 t=0.11s
Ep 1157: len= 47 黑胜 loss=28.2935 temp=1.00 total_env_steps=40626 t=0.11s
Ep 1158: len= 34 白胜 loss=28.3406 temp=1.00 total_env_steps=40660 t=0.10s
Ep 1159: len= 33 黑胜 loss=28.3400 temp=1.00 total_env_steps=40693 t=0.09s
Ep 1160: len= 27 黑胜 loss=28.0853 temp=1.00 total_env_steps=40720 t=0.07s
Ep 1161: len= 29 黑胜 loss=28.1704 temp=1.00 total_env_steps=40749 t=0.07s
Ep 1162: len= 23 黑胜 loss=28.1827 temp=1.00 total_env_steps=40772 t=0.07s
Ep 1163: len= 23 黑胜 loss=28.2057 temp=1.00 total_env_steps=40795 t=0.06s
Ep 1164: len= 53 黑胜 loss=28.1316 temp=1.00 total_env_steps=40848 t=0.12s
Ep 1165: len= 29 黑胜 loss=28.2121 temp=1.00 total_env_steps=40877 t=0.08s
Ep 1166: len= 25 黑胜 loss=28.2110 temp=1.00 total_env_steps=40902 t=0.07s
Ep 1167: len= 23 黑胜 loss=28.2297 temp=1.00 total_env_steps=40925 t=0.07s
Ep 1168: len= 34 白胜 loss=28.3173 temp=1.00 total_env_steps=40959 t=0.09s
Ep 1169: len= 19 黑胜 loss=28.0551 temp=1.00 total_env_steps=40978 t=0.06s
Ep 1170: len= 29 黑胜 loss=28.2940 temp=1.00 total_env_steps=41007 t=0.08s
Ep 1171: len= 33 黑胜 loss=28.0817 temp=1.00 total_env_steps=41040 t=0.09s
Ep 1172: len= 24 白胜 loss=28.2524 temp=1.00 total_env_steps=41064 t=0.07s
Ep 1173: len= 25 黑胜 loss=28.1704 temp=1.00 total_env_steps=41089 t=0.07s
Ep 1174: len= 21 黑胜 loss=28.1495 temp=1.00 total_env_steps=41110 t=0.06s
Ep 1175: len= 26 白胜 loss=28.1441 temp=1.00 total_env_steps=41136 t=0.07s
Ep 1176: len= 34 白胜 loss=28.1630 temp=1.00 total_env_steps=41170 t=0.08s
Ep 1177: len= 35 黑胜 loss=28.3634 temp=1.00 total_env_steps=41205 t=0.08s
Ep 1178: len= 24 白胜 loss=28.1942 temp=1.00 total_env_steps=41229 t=0.06s
Ep 1179: len= 37 黑胜 loss=28.1582 temp=1.00 total_env_steps=41266 t=0.08s
Ep 1180: len= 44 白胜 loss=28.1354 temp=1.00 total_env_steps=41310 t=0.09s
Ep 1181: len= 28 白胜 loss=28.0989 temp=1.00 total_env_steps=41338 t=0.07s
Ep 1182: len= 37 黑胜 loss=28.4130 temp=1.00 total_env_steps=41375 t=0.08s
Ep 1183: len= 24 白胜 loss=28.0804 temp=1.00 total_env_steps=41399 t=0.07s
Ep 1184: len= 19 黑胜 loss=28.2564 temp=1.00 total_env_steps=41418 t=0.06s
Ep 1185: len= 28 白胜 loss=28.0445 temp=1.00 total_env_steps=41446 t=0.08s
Ep 1186: len= 36 白胜 loss=28.2164 temp=1.00 total_env_steps=41482 t=0.10s
Ep 1187: len= 42 白胜 loss=28.2216 temp=1.00 total_env_steps=41524 t=0.10s
Ep 1188: len= 35 黑胜 loss=28.1871 temp=1.00 total_env_steps=41559 t=0.09s
Ep 1189: len= 48 白胜 loss=28.1723 temp=1.00 total_env_steps=41607 t=0.11s
Ep 1190: len= 37 黑胜 loss=28.3661 temp=1.00 total_env_steps=41644 t=0.09s
Ep 1191: len= 26 白胜 loss=28.2325 temp=1.00 total_env_steps=41670 t=0.07s
Ep 1192: len= 40 白胜 loss=28.3149 temp=1.00 total_env_steps=41710 t=0.10s
Ep 1193: len= 32 白胜 loss=28.2378 temp=1.00 total_env_steps=41742 t=0.09s
Ep 1194: len= 38 白胜 loss=28.1312 temp=1.00 total_env_steps=41780 t=0.09s
Ep 1195: len= 45 黑胜 loss=28.1370 temp=1.00 total_env_steps=41825 t=0.12s
Ep 1196: len= 11 黑胜 loss=27.9537 temp=1.00 total_env_steps=41836 t=0.04s
Ep 1197: len= 37 黑胜 loss=28.2417 temp=1.00 total_env_steps=41873 t=0.10s
Ep 1198: len= 20 白胜 loss=28.2221 temp=1.00 total_env_steps=41893 t=0.06s
Ep 1199: len= 44 白胜 loss=28.2192 temp=1.00 total_env_steps=41937 t=0.11s
Ep 1200: len= 29 黑胜 loss=28.1156 temp=1.00 total_env_steps=41966 t=0.09s
  eval vs Gomoku-random-v0: win_rate=1.00 mean_return=1.00（20 局，total_env_steps=41966）
Ep 1201: len= 37 黑胜 loss=28.1055 temp=1.00 total_env_steps=42003 t=0.10s
Ep 1202: len= 27 黑胜 loss=28.1042 temp=1.00 total_env_steps=42030 t=0.08s
Ep 1203: len= 27 黑胜 loss=28.3044 temp=1.00 total_env_steps=42057 t=0.07s
Ep 1204: len= 39 黑胜 loss=28.3525 temp=1.00 total_env_steps=42096 t=0.10s
Ep 1205: len= 32 白胜 loss=28.1778 temp=1.00 total_env_steps=42128 t=0.09s
Ep 1206: len= 22 白胜 loss=28.2018 temp=1.00 total_env_steps=42150 t=0.06s
Ep 1207: len= 45 黑胜 loss=28.1270 temp=1.00 total_env_steps=42195 t=0.12s
Ep 1208: len= 52 白胜 loss=28.3745 temp=1.00 total_env_steps=42247 t=0.12s
Ep 1209: len= 38 白胜 loss=28.3304 temp=1.00 total_env_steps=42285 t=0.11s
Ep 1210: len= 32 白胜 loss=28.1941 temp=1.00 total_env_steps=42317 t=0.10s
Ep 1211: len= 35 黑胜 loss=28.1964 temp=1.00 total_env_steps=42352 t=0.10s
Ep 1212: len= 35 黑胜 loss=28.1738 temp=1.00 total_env_steps=42387 t=0.10s
Ep 1213: len= 40 白胜 loss=28.2553 temp=1.00 total_env_steps=42427 t=0.11s
Ep 1214: len= 35 黑胜 loss=28.0888 temp=1.00 total_env_steps=42462 t=0.10s
Ep 1215: len= 52 白胜 loss=27.9914 temp=1.00 total_env_steps=42514 t=0.11s
Ep 1216: len= 41 黑胜 loss=28.4623 temp=1.00 total_env_steps=42555 t=0.11s
Ep 1217: len= 29 黑胜 loss=28.0909 temp=1.00 total_env_steps=42584 t=0.08s
Ep 1218: len= 45 黑胜 loss=28.1260 temp=1.00 total_env_steps=42629 t=0.11s
Ep 1219: len= 27 黑胜 loss=28.2923 temp=1.00 total_env_steps=42656 t=0.07s
Ep 1220: len= 34 白胜 loss=28.2888 temp=1.00 total_env_steps=42690 t=0.08s
Ep 1221: len= 42 白胜 loss=28.1756 temp=1.00 total_env_steps=42732 t=0.11s
Ep 1222: len= 37 黑胜 loss=28.0922 temp=1.00 total_env_steps=42769 t=0.09s
Ep 1223: len= 19 黑胜 loss=28.1995 temp=1.00 total_env_steps=42788 t=0.06s
Ep 1224: len= 21 黑胜 loss=28.2445 temp=1.00 total_env_steps=42809 t=0.07s
Ep 1225: len= 30 白胜 loss=28.1527 temp=1.00 total_env_steps=42839 t=0.09s
Ep 1226: len= 35 黑胜 loss=28.2046 temp=1.00 total_env_steps=42874 t=0.09s
Ep 1227: len= 45 黑胜 loss=28.0892 temp=1.00 total_env_steps=42919 t=0.11s
Ep 1228: len= 32 白胜 loss=28.3378 temp=1.00 total_env_steps=42951 t=0.08s
Ep 1229: len= 35 黑胜 loss=28.1443 temp=1.00 total_env_steps=42986 t=0.09s
Ep 1230: len= 35 黑胜 loss=28.0784 temp=1.00 total_env_steps=43021 t=0.10s
Ep 1231: len= 17 黑胜 loss=28.0763 temp=1.00 total_env_steps=43038 t=0.05s
Ep 1232: len= 43 黑胜 loss=28.3314 temp=1.00 total_env_steps=43081 t=0.10s
Ep 1233: len= 31 黑胜 loss=28.4233 temp=1.00 total_env_steps=43112 t=0.10s
Ep 1234: len= 40 白胜 loss=28.0101 temp=1.00 total_env_steps=43152 t=0.09s
Ep 1235: len= 32 白胜 loss=27.9538 temp=1.00 total_env_steps=43184 t=0.08s
Ep 1236: len= 49 黑胜 loss=28.1922 temp=1.00 total_env_steps=43233 t=0.10s
Ep 1237: len= 31 黑胜 loss=28.1397 temp=1.00 total_env_steps=43264 t=0.08s
Ep 1238: len= 31 黑胜 loss=28.1830 temp=1.00 total_env_steps=43295 t=0.08s
Ep 1239: len= 28 白胜 loss=28.0998 temp=1.00 total_env_steps=43323 t=0.06s
Ep 1240: len= 41 黑胜 loss=28.1330 temp=1.00 total_env_steps=43364 t=0.09s
Ep 1241: len= 15 黑胜 loss=28.2171 temp=1.00 total_env_steps=43379 t=0.05s
Ep 1242: len= 48 白胜 loss=28.2100 temp=1.00 total_env_steps=43427 t=0.10s
Ep 1243: len= 31 黑胜 loss=28.1823 temp=1.00 total_env_steps=43458 t=0.08s
Ep 1244: len= 48 白胜 loss=28.0586 temp=1.00 total_env_steps=43506 t=0.10s
Ep 1245: len= 40 白胜 loss=28.0532 temp=1.00 total_env_steps=43546 t=0.09s
Ep 1246: len= 36 白胜 loss=28.2099 temp=1.00 total_env_steps=43582 t=0.08s
Ep 1247: len= 28 白胜 loss=28.1742 temp=1.00 total_env_steps=43610 t=0.07s
Ep 1248: len= 34 白胜 loss=28.2343 temp=1.00 total_env_steps=43644 t=0.08s
Ep 1249: len= 28 白胜 loss=28.2901 temp=1.00 total_env_steps=43672 t=0.07s
Ep 1250: len= 35 黑胜 loss=28.0034 temp=1.00 total_env_steps=43707 t=0.08s
Ep 1251: len= 24 白胜 loss=28.2773 temp=1.00 total_env_steps=43731 t=0.06s
Ep 1252: len= 39 黑胜 loss=28.0602 temp=1.00 total_env_steps=43770 t=0.09s
Ep 1253: len= 41 黑胜 loss=28.1571 temp=1.00 total_env_steps=43811 t=0.09s
Ep 1254: len= 31 黑胜 loss=28.1840 temp=1.00 total_env_steps=43842 t=0.08s
Ep 1255: len= 23 黑胜 loss=27.9062 temp=1.00 total_env_steps=43865 t=0.06s
Ep 1256: len= 30 白胜 loss=28.2215 temp=1.00 total_env_steps=43895 t=0.08s
Ep 1257: len= 33 黑胜 loss=28.0710 temp=1.00 total_env_steps=43928 t=0.08s
Ep 1258: len= 30 白胜 loss=28.1197 temp=1.00 total_env_steps=43958 t=0.08s
Ep 1259: len= 34 白胜 loss=28.2610 temp=1.00 total_env_steps=43992 t=0.09s
Ep 1260: len= 35 黑胜 loss=28.1038 temp=1.00 total_env_steps=44027 t=0.08s
Ep 1261: len= 27 黑胜 loss=28.1971 temp=1.00 total_env_steps=44054 t=0.07s
Ep 1262: len= 42 白胜 loss=28.2530 temp=1.00 total_env_steps=44096 t=0.09s
Ep 1263: len= 41 黑胜 loss=28.1922 temp=1.00 total_env_steps=44137 t=0.09s
Ep 1264: len= 41 黑胜 loss=28.2282 temp=1.00 total_env_steps=44178 t=0.09s
Ep 1265: len= 31 黑胜 loss=28.2180 temp=1.00 total_env_steps=44209 t=0.08s
Ep 1266: len= 31 黑胜 loss=28.1736 temp=1.00 total_env_steps=44240 t=0.07s
Ep 1267: len= 31 黑胜 loss=28.1868 temp=1.00 total_env_steps=44271 t=0.07s
Ep 1268: len= 35 黑胜 loss=28.3251 temp=1.00 total_env_steps=44306 t=0.08s
Ep 1269: len= 38 白胜 loss=28.0789 temp=1.00 total_env_steps=44344 t=0.08s
Ep 1270: len= 23 黑胜 loss=28.2247 temp=1.00 total_env_steps=44367 t=0.06s
Ep 1271: len= 42 白胜 loss=28.0435 temp=1.00 total_env_steps=44409 t=0.09s
Ep 1272: len= 34 白胜 loss=28.0844 temp=1.00 total_env_steps=44443 t=0.08s
Ep 1273: len= 48 白胜 loss=28.1769 temp=1.00 total_env_steps=44491 t=0.10s
Ep 1274: len= 20 白胜 loss=28.2874 temp=1.00 total_env_steps=44511 t=0.05s
Ep 1275: len= 25 黑胜 loss=28.1612 temp=1.00 total_env_steps=44536 t=0.07s
Ep 1276: len= 27 黑胜 loss=28.1163 temp=1.00 total_env_steps=44563 t=0.06s
Ep 1277: len= 36 白胜 loss=28.3857 temp=1.00 total_env_steps=44599 t=0.08s
Ep 1278: len= 31 黑胜 loss=28.1202 temp=1.00 total_env_steps=44630 t=0.07s
Ep 1279: len= 35 黑胜 loss=28.1426 temp=1.00 total_env_steps=44665 t=0.09s
Ep 1280: len= 31 黑胜 loss=28.2209 temp=1.00 total_env_steps=44696 t=0.08s
Ep 1281: len= 44 白胜 loss=28.0704 temp=1.00 total_env_steps=44740 t=0.09s
Ep 1282: len= 35 黑胜 loss=28.2750 temp=1.00 total_env_steps=44775 t=0.08s
Ep 1283: len= 29 黑胜 loss=28.3128 temp=1.00 total_env_steps=44804 t=0.07s
Ep 1284: len= 43 黑胜 loss=28.2100 temp=1.00 total_env_steps=44847 t=0.09s
Ep 1285: len= 40 白胜 loss=28.2425 temp=1.00 total_env_steps=44887 t=0.09s
Ep 1286: len= 29 黑胜 loss=28.1868 temp=1.00 total_env_steps=44916 t=0.07s
Ep 1287: len= 46 白胜 loss=28.1181 temp=1.00 total_env_steps=44962 t=0.10s
Ep 1288: len= 31 黑胜 loss=28.1687 temp=1.00 total_env_steps=44993 t=0.07s
Ep 1289: len= 39 黑胜 loss=28.0050 temp=1.00 total_env_steps=45032 t=0.09s
Ep 1290: len= 37 黑胜 loss=28.0483 temp=1.00 total_env_steps=45069 t=0.09s
Ep 1291: len= 27 黑胜 loss=28.3579 temp=1.00 total_env_steps=45096 t=0.07s
Ep 1292: len= 32 白胜 loss=28.2017 temp=1.00 total_env_steps=45128 t=0.08s
Ep 1293: len= 21 黑胜 loss=28.1622 temp=1.00 total_env_steps=45149 t=0.05s
Ep 1294: len= 20 白胜 loss=28.1670 temp=1.00 total_env_steps=45169 t=0.05s
Ep 1295: len= 40 白胜 loss=27.9728 temp=1.00 total_env_steps=45209 t=0.09s
Ep 1296: len= 37 黑胜 loss=28.2995 temp=1.00 total_env_steps=45246 t=0.10s
Ep 1297: len= 42 白胜 loss=28.0849 temp=1.00 total_env_steps=45288 t=0.10s
Ep 1298: len= 37 黑胜 loss=28.2044 temp=1.00 total_env_steps=45325 t=0.09s
Ep 1299: len= 33 黑胜 loss=28.1447 temp=1.00 total_env_steps=45358 t=0.07s
Ep 1300: len= 36 白胜 loss=28.0641 temp=1.00 total_env_steps=45394 t=0.09s
Ep 1301: len= 34 白胜 loss=28.0997 temp=1.00 total_env_steps=45428 t=0.08s
Ep 1302: len= 44 白胜 loss=28.0900 temp=1.00 total_env_steps=45472 t=0.10s
Ep 1303: len= 30 白胜 loss=28.2203 temp=1.00 total_env_steps=45502 t=0.07s
Ep 1304: len= 48 白胜 loss=28.2725 temp=1.00 total_env_steps=45550 t=0.10s
Ep 1305: len= 16 白胜 loss=28.1332 temp=1.00 total_env_steps=45566 t=0.05s
Ep 1306: len= 28 白胜 loss=28.1088 temp=1.00 total_env_steps=45594 t=0.07s
Ep 1307: len= 39 黑胜 loss=28.4018 temp=1.00 total_env_steps=45633 t=0.09s
Ep 1308: len= 38 白胜 loss=28.1378 temp=1.00 total_env_steps=45671 t=0.09s
Ep 1309: len= 28 白胜 loss=28.1284 temp=1.00 total_env_steps=45699 t=0.07s
Ep 1310: len= 37 黑胜 loss=28.2420 temp=1.00 total_env_steps=45736 t=0.09s
Ep 1311: len= 29 黑胜 loss=28.2710 temp=1.00 total_env_steps=45765 t=0.07s
Ep 1312: len= 41 黑胜 loss=28.0798 temp=1.00 total_env_steps=45806 t=0.10s
Ep 1313: len= 27 黑胜 loss=28.1106 temp=1.00 total_env_steps=45833 t=0.08s
Ep 1314: len= 30 白胜 loss=28.2782 temp=1.00 total_env_steps=45863 t=0.11s
Ep 1315: len= 44 白胜 loss=28.2212 temp=1.00 total_env_steps=45907 t=0.12s
Ep 1316: len= 39 黑胜 loss=28.1134 temp=1.00 total_env_steps=45946 t=0.10s
Ep 1317: len= 44 白胜 loss=28.1822 temp=1.00 total_env_steps=45990 t=0.12s
Ep 1318: len= 41 黑胜 loss=28.2443 temp=1.00 total_env_steps=46031 t=0.11s
Ep 1319: len= 35 黑胜 loss=28.2607 temp=1.00 total_env_steps=46066 t=0.09s
Ep 1320: len= 31 黑胜 loss=28.0901 temp=1.00 total_env_steps=46097 t=0.08s
Ep 1321: len= 27 黑胜 loss=28.1655 temp=1.00 total_env_steps=46124 t=0.08s
Ep 1322: len= 31 黑胜 loss=28.1393 temp=1.00 total_env_steps=46155 t=0.08s
Ep 1323: len= 48 白胜 loss=28.1897 temp=1.00 total_env_steps=46203 t=0.12s
Ep 1324: len= 33 黑胜 loss=28.1216 temp=1.00 total_env_steps=46236 t=0.09s
Ep 1325: len= 36 白胜 loss=28.1526 temp=1.00 total_env_steps=46272 t=0.10s
Ep 1326: len= 49 黑胜 loss=28.3283 temp=1.00 total_env_steps=46321 t=0.11s
Ep 1327: len= 30 白胜 loss=28.0949 temp=1.00 total_env_steps=46351 t=0.07s
Ep 1328: len= 34 白胜 loss=28.3551 temp=1.00 total_env_steps=46385 t=0.08s
Ep 1329: len= 29 黑胜 loss=28.3959 temp=1.00 total_env_steps=46414 t=0.07s
Ep 1330: len= 35 黑胜 loss=28.0790 temp=1.00 total_env_steps=46449 t=0.09s
Ep 1331: len= 39 黑胜 loss=28.3666 temp=1.00 total_env_steps=46488 t=0.10s
Ep 1332: len= 30 白胜 loss=28.1857 temp=1.00 total_env_steps=46518 t=0.08s
Ep 1333: len= 42 白胜 loss=28.0819 temp=1.00 total_env_steps=46560 t=0.10s
Ep 1334: len= 41 黑胜 loss=28.2177 temp=1.00 total_env_steps=46601 t=0.10s
Ep 1335: len= 49 黑胜 loss=28.2041 temp=1.00 total_env_steps=46650 t=0.11s
Ep 1336: len= 28 白胜 loss=28.1513 temp=1.00 total_env_steps=46678 t=0.07s
Ep 1337: len= 35 黑胜 loss=28.1028 temp=1.00 total_env_steps=46713 t=0.09s
Ep 1338: len= 34 白胜 loss=28.1946 temp=1.00 total_env_steps=46747 t=0.08s
Ep 1339: len= 35 黑胜 loss=28.1903 temp=1.00 total_env_steps=46782 t=0.08s
Ep 1340: len= 42 白胜 loss=28.0468 temp=1.00 total_env_steps=46824 t=0.11s
Ep 1341: len= 34 白胜 loss=28.2326 temp=1.00 total_env_steps=46858 t=0.09s
Ep 1342: len= 43 黑胜 loss=28.4215 temp=1.00 total_env_steps=46901 t=0.10s
Ep 1343: len= 24 白胜 loss=28.1188 temp=1.00 total_env_steps=46925 t=0.06s
Ep 1344: len= 25 黑胜 loss=28.1839 temp=1.00 total_env_steps=46950 t=0.07s
Ep 1345: len= 34 白胜 loss=28.2102 temp=1.00 total_env_steps=46984 t=0.09s
Ep 1346: len= 49 黑胜 loss=28.3241 temp=1.00 total_env_steps=47033 t=0.10s
Ep 1347: len= 47 黑胜 loss=28.0940 temp=1.00 total_env_steps=47080 t=0.11s
Ep 1348: len= 34 白胜 loss=28.1620 temp=1.00 total_env_steps=47114 t=0.07s
Ep 1349: len= 25 黑胜 loss=28.1038 temp=1.00 total_env_steps=47139 t=0.06s
Ep 1350: len= 42 白胜 loss=28.0626 temp=1.00 total_env_steps=47181 t=0.09s
Ep 1351: len= 20 白胜 loss=28.2834 temp=1.00 total_env_steps=47201 t=0.05s
Ep 1352: len= 23 黑胜 loss=28.0661 temp=1.00 total_env_steps=47224 t=0.06s
Ep 1353: len= 25 黑胜 loss=28.1683 temp=1.00 total_env_steps=47249 t=0.07s
Ep 1354: len= 37 黑胜 loss=28.0161 temp=1.00 total_env_steps=47286 t=0.10s
Ep 1355: len= 38 白胜 loss=28.2134 temp=1.00 total_env_steps=47324 t=0.10s
Ep 1356: len= 38 白胜 loss=28.2624 temp=1.00 total_env_steps=47362 t=0.11s
Ep 1357: len= 31 黑胜 loss=28.2464 temp=1.00 total_env_steps=47393 t=0.09s
Ep 1358: len= 36 白胜 loss=28.0708 temp=1.00 total_env_steps=47429 t=0.09s
Ep 1359: len= 43 黑胜 loss=28.2510 temp=1.00 total_env_steps=47472 t=0.10s
Ep 1360: len= 29 黑胜 loss=28.2455 temp=1.00 total_env_steps=47501 t=0.07s
Ep 1361: len= 23 黑胜 loss=28.2161 temp=1.00 total_env_steps=47524 t=0.07s
Ep 1362: len= 38 白胜 loss=28.1394 temp=1.00 total_env_steps=47562 t=0.08s
Ep 1363: len= 29 黑胜 loss=28.1054 temp=1.00 total_env_steps=47591 t=0.07s
Ep 1364: len= 34 白胜 loss=28.0783 temp=1.00 total_env_steps=47625 t=0.09s
Ep 1365: len= 35 黑胜 loss=28.1375 temp=1.00 total_env_steps=47660 t=0.08s
Ep 1366: len= 31 黑胜 loss=28.0656 temp=1.00 total_env_steps=47691 t=0.07s
Ep 1367: len= 31 黑胜 loss=28.3045 temp=1.00 total_env_steps=47722 t=0.08s
Ep 1368: len= 31 黑胜 loss=28.2467 temp=1.00 total_env_steps=47753 t=0.08s
Ep 1369: len= 34 白胜 loss=28.3079 temp=1.00 total_env_steps=47787 t=0.08s
Ep 1370: len= 47 黑胜 loss=28.1886 temp=1.00 total_env_steps=47834 t=0.11s
Ep 1371: len= 41 黑胜 loss=28.1778 temp=1.00 total_env_steps=47875 t=0.09s
Ep 1372: len= 41 黑胜 loss=28.0354 temp=1.00 total_env_steps=47916 t=0.09s
Ep 1373: len= 42 白胜 loss=28.2792 temp=1.00 total_env_steps=47958 t=0.09s
Ep 1374: len= 31 黑胜 loss=28.3181 temp=1.00 total_env_steps=47989 t=0.08s
Ep 1375: len= 34 白胜 loss=28.1890 temp=1.00 total_env_steps=48023 t=0.08s
Ep 1376: len= 14 白胜 loss=28.2338 temp=1.00 total_env_steps=48037 t=0.05s
Ep 1377: len= 51 黑胜 loss=28.1704 temp=1.00 total_env_steps=48088 t=0.12s
Ep 1378: len= 47 黑胜 loss=28.1844 temp=1.00 total_env_steps=48135 t=0.10s
Ep 1379: len= 27 黑胜 loss=28.1841 temp=1.00 total_env_steps=48162 t=0.07s
Ep 1380: len= 35 黑胜 loss=28.1231 temp=1.00 total_env_steps=48197 t=0.08s
Ep 1381: len= 23 黑胜 loss=28.3019 temp=1.00 total_env_steps=48220 t=0.07s
Ep 1382: len= 23 黑胜 loss=28.0326 temp=1.00 total_env_steps=48243 t=0.07s
Ep 1383: len= 42 白胜 loss=28.1782 temp=1.00 total_env_steps=48285 t=0.09s
Ep 1384: len= 22 白胜 loss=28.1581 temp=1.00 total_env_steps=48307 t=0.07s
Ep 1385: len= 22 白胜 loss=28.2066 temp=1.00 total_env_steps=48329 t=0.07s
Ep 1386: len= 30 白胜 loss=28.2890 temp=1.00 total_env_steps=48359 t=0.08s
Ep 1387: len= 13 黑胜 loss=28.1660 temp=1.00 total_env_steps=48372 t=0.05s
Ep 1388: len= 44 白胜 loss=28.1257 temp=1.00 total_env_steps=48416 t=0.10s
Ep 1389: len= 38 白胜 loss=28.2790 temp=1.00 total_env_steps=48454 t=0.10s
Ep 1390: len= 48 白胜 loss=27.9783 temp=1.00 total_env_steps=48502 t=0.11s
Ep 1391: len= 42 白胜 loss=28.1832 temp=1.00 total_env_steps=48544 t=0.10s
Ep 1392: len= 47 黑胜 loss=28.1911 temp=1.00 total_env_steps=48591 t=0.10s
Ep 1393: len= 32 白胜 loss=28.1722 temp=1.00 total_env_steps=48623 t=0.08s
Ep 1394: len= 32 白胜 loss=27.9889 temp=1.00 total_env_steps=48655 t=0.08s
Ep 1395: len= 28 白胜 loss=28.2123 temp=1.00 total_env_steps=48683 t=0.07s
Ep 1396: len= 22 白胜 loss=28.0994 temp=1.00 total_env_steps=48705 t=0.07s
Ep 1397: len= 47 黑胜 loss=28.2633 temp=1.00 total_env_steps=48752 t=0.10s
Ep 1398: len= 30 白胜 loss=28.3537 temp=1.00 total_env_steps=48782 t=0.08s
Ep 1399: len= 47 黑胜 loss=28.3457 temp=1.00 total_env_steps=48829 t=0.10s
Ep 1400: len= 42 白胜 loss=28.2365 temp=1.00 total_env_steps=48871 t=0.10s
  eval vs Gomoku-random-v0: win_rate=1.00 mean_return=1.00（20 局，total_env_steps=48871）
Ep 1401: len= 34 白胜 loss=28.2253 temp=1.00 total_env_steps=48905 t=0.09s
Ep 1402: len= 33 黑胜 loss=27.9872 temp=1.00 total_env_steps=48938 t=0.09s
Ep 1403: len= 44 白胜 loss=28.2895 temp=1.00 total_env_steps=48982 t=0.11s
Ep 1404: len= 25 黑胜 loss=28.0821 temp=1.00 total_env_steps=49007 t=0.07s
Ep 1405: len= 28 白胜 loss=28.1944 temp=1.00 total_env_steps=49035 t=0.08s
Ep 1406: len= 38 白胜 loss=28.2124 temp=1.00 total_env_steps=49073 t=0.09s
Ep 1407: len= 38 白胜 loss=28.0521 temp=1.00 total_env_steps=49111 t=0.10s
Ep 1408: len= 42 白胜 loss=28.0980 temp=1.00 total_env_steps=49153 t=0.13s
Ep 1409: len= 30 白胜 loss=27.8992 temp=1.00 total_env_steps=49183 t=0.08s
Ep 1410: len= 28 白胜 loss=28.3459 temp=1.00 total_env_steps=49211 t=0.07s
Ep 1411: len= 34 白胜 loss=27.8897 temp=1.00 total_env_steps=49245 t=0.08s
Ep 1412: len= 30 白胜 loss=28.1652 temp=1.00 total_env_steps=49275 t=0.08s
Ep 1413: len= 42 白胜 loss=28.2050 temp=1.00 total_env_steps=49317 t=0.10s
Ep 1414: len= 36 白胜 loss=28.2664 temp=1.00 total_env_steps=49353 t=0.09s
Ep 1415: len= 37 黑胜 loss=28.0857 temp=1.00 total_env_steps=49390 t=0.09s
Ep 1416: len= 31 黑胜 loss=28.1869 temp=1.00 total_env_steps=49421 t=0.08s
Ep 1417: len= 41 黑胜 loss=28.0416 temp=1.00 total_env_steps=49462 t=0.10s
Ep 1418: len= 23 黑胜 loss=28.4034 temp=1.00 total_env_steps=49485 t=0.06s
Ep 1419: len= 33 黑胜 loss=28.0364 temp=1.00 total_env_steps=49518 t=0.08s
Ep 1420: len= 41 黑胜 loss=28.0578 temp=1.00 total_env_steps=49559 t=0.09s
Ep 1421: len= 32 白胜 loss=28.0837 temp=1.00 total_env_steps=49591 t=0.08s
Ep 1422: len= 33 黑胜 loss=28.4119 temp=1.00 total_env_steps=49624 t=0.09s
Ep 1423: len= 25 黑胜 loss=28.2139 temp=1.00 total_env_steps=49649 t=0.06s
Ep 1424: len= 35 黑胜 loss=28.1177 temp=1.00 total_env_steps=49684 t=0.08s
Ep 1425: len= 46 白胜 loss=28.2491 temp=1.00 total_env_steps=49730 t=0.10s
Ep 1426: len= 38 白胜 loss=28.1697 temp=1.00 total_env_steps=49768 t=0.09s
Ep 1427: len= 32 白胜 loss=28.2255 temp=1.00 total_env_steps=49800 t=0.08s
Ep 1428: len= 41 黑胜 loss=28.2153 temp=1.00 total_env_steps=49841 t=0.10s
Ep 1429: len= 33 黑胜 loss=28.2294 temp=1.00 total_env_steps=49874 t=0.09s
Ep 1430: len= 35 黑胜 loss=28.2533 temp=1.00 total_env_steps=49909 t=0.09s
Ep 1431: len= 29 黑胜 loss=28.2122 temp=1.00 total_env_steps=49938 t=0.09s
Ep 1432: len= 23 黑胜 loss=28.2342 temp=1.00 total_env_steps=49961 t=0.06s
Ep 1433: len= 37 黑胜 loss=28.0577 temp=1.00 total_env_steps=49998 t=0.09s
Ep 1434: len= 26 白胜 loss=28.3621 temp=1.00 total_env_steps=50024 t=0.07s
Ep 1435: len= 44 白胜 loss=28.2983 temp=1.00 total_env_steps=50068 t=0.10s
Ep 1436: len= 33 黑胜 loss=28.1525 temp=1.00 total_env_steps=50101 t=0.07s
Ep 1437: len= 26 白胜 loss=28.0493 temp=1.00 total_env_steps=50127 t=0.07s
Ep 1438: len= 31 黑胜 loss=28.1120 temp=1.00 total_env_steps=50158 t=0.07s
Ep 1439: len= 35 黑胜 loss=28.2085 temp=1.00 total_env_steps=50193 t=0.08s
Ep 1440: len= 41 黑胜 loss=28.1612 temp=1.00 total_env_steps=50234 t=0.09s
Ep 1441: len= 31 黑胜 loss=28.2609 temp=1.00 total_env_steps=50265 t=0.08s
Ep 1442: len= 24 白胜 loss=28.1284 temp=1.00 total_env_steps=50289 t=0.06s
Ep 1443: len= 16 白胜 loss=28.1214 temp=1.00 total_env_steps=50305 t=0.05s
Ep 1444: len= 33 黑胜 loss=28.3059 temp=1.00 total_env_steps=50338 t=0.08s
Ep 1445: len= 34 白胜 loss=28.0426 temp=1.00 total_env_steps=50372 t=0.11s
Ep 1446: len= 34 白胜 loss=28.1891 temp=1.00 total_env_steps=50406 t=0.09s
Ep 1447: len= 37 黑胜 loss=28.1401 temp=1.00 total_env_steps=50443 t=0.09s
Ep 1448: len= 30 白胜 loss=28.0683 temp=1.00 total_env_steps=50473 t=0.08s
Ep 1449: len= 38 白胜 loss=28.1302 temp=1.00 total_env_steps=50511 t=0.10s
Ep 1450: len= 39 黑胜 loss=28.0225 temp=1.00 total_env_steps=50550 t=0.09s
Ep 1451: len= 46 白胜 loss=28.1979 temp=1.00 total_env_steps=50596 t=0.11s
Ep 1452: len= 36 白胜 loss=28.1454 temp=1.00 total_env_steps=50632 t=0.08s
Ep 1453: len= 25 黑胜 loss=28.0816 temp=1.00 total_env_steps=50657 t=0.07s
Ep 1454: len= 25 黑胜 loss=28.2118 temp=1.00 total_env_steps=50682 t=0.07s
Ep 1455: len= 29 黑胜 loss=28.3458 temp=1.00 total_env_steps=50711 t=0.08s
Ep 1456: len= 32 白胜 loss=28.1188 temp=1.00 total_env_steps=50743 t=0.09s
Ep 1457: len= 38 白胜 loss=28.1375 temp=1.00 total_env_steps=50781 t=0.10s
Ep 1458: len= 38 白胜 loss=28.2532 temp=1.00 total_env_steps=50819 t=0.11s
Ep 1459: len= 45 黑胜 loss=28.0343 temp=1.00 total_env_steps=50864 t=0.10s
Ep 1460: len= 31 黑胜 loss=27.9709 temp=1.00 total_env_steps=50895 t=0.08s
Ep 1461: len= 32 白胜 loss=28.1666 temp=1.00 total_env_steps=50927 t=0.08s
Ep 1462: len= 22 白胜 loss=28.3634 temp=1.00 total_env_steps=50949 t=0.06s
Ep 1463: len= 29 黑胜 loss=28.3170 temp=1.00 total_env_steps=50978 t=0.07s
Ep 1464: len= 30 白胜 loss=28.2040 temp=1.00 total_env_steps=51008 t=0.08s
Ep 1465: len= 16 白胜 loss=28.3601 temp=1.00 total_env_steps=51024 t=0.05s
Ep 1466: len= 31 黑胜 loss=28.1919 temp=1.00 total_env_steps=51055 t=0.08s
Ep 1467: len= 40 白胜 loss=28.1955 temp=1.00 total_env_steps=51095 t=0.10s
Ep 1468: len= 33 黑胜 loss=28.1218 temp=1.00 total_env_steps=51128 t=0.09s
Ep 1469: len= 47 黑胜 loss=28.1354 temp=1.00 total_env_steps=51175 t=0.10s
Ep 1470: len= 30 白胜 loss=28.1170 temp=1.00 total_env_steps=51205 t=0.08s
Ep 1471: len= 29 黑胜 loss=28.0948 temp=1.00 total_env_steps=51234 t=0.07s
Ep 1472: len= 43 黑胜 loss=28.0813 temp=1.00 total_env_steps=51277 t=0.10s
Ep 1473: len= 47 黑胜 loss=28.0498 temp=1.00 total_env_steps=51324 t=0.11s
Ep 1474: len= 30 白胜 loss=28.2421 temp=1.00 total_env_steps=51354 t=0.09s
Ep 1475: len= 30 白胜 loss=28.2842 temp=1.00 total_env_steps=51384 t=0.08s
Ep 1476: len= 19 黑胜 loss=28.1358 temp=1.00 total_env_steps=51403 t=0.05s
Ep 1477: len= 33 黑胜 loss=28.1898 temp=1.00 total_env_steps=51436 t=0.09s
Ep 1478: len= 43 黑胜 loss=28.0748 temp=1.00 total_env_steps=51479 t=0.10s
Ep 1479: len= 50 白胜 loss=27.8961 temp=1.00 total_env_steps=51529 t=0.11s
Ep 1480: len= 21 黑胜 loss=28.2528 temp=1.00 total_env_steps=51550 t=0.06s
Ep 1481: len= 27 黑胜 loss=28.1666 temp=1.00 total_env_steps=51577 t=0.07s
Ep 1482: len= 33 黑胜 loss=27.9762 temp=1.00 total_env_steps=51610 t=0.09s
Ep 1483: len= 24 白胜 loss=28.1294 temp=1.00 total_env_steps=51634 t=0.07s
Ep 1484: len= 39 黑胜 loss=28.1918 temp=1.00 total_env_steps=51673 t=0.09s
Ep 1485: len= 40 白胜 loss=28.0338 temp=1.00 total_env_steps=51713 t=0.09s
Ep 1486: len= 43 黑胜 loss=28.1685 temp=1.00 total_env_steps=51756 t=0.10s
Ep 1487: len= 22 白胜 loss=28.2425 temp=1.00 total_env_steps=51778 t=0.06s
Ep 1488: len= 40 白胜 loss=28.1477 temp=1.00 total_env_steps=51818 t=0.10s
Ep 1489: len= 44 白胜 loss=28.3662 temp=1.00 total_env_steps=51862 t=0.10s
Ep 1490: len= 35 黑胜 loss=28.1498 temp=1.00 total_env_steps=51897 t=0.09s
Ep 1491: len= 42 白胜 loss=28.3327 temp=1.00 total_env_steps=51939 t=0.10s
Ep 1492: len= 45 黑胜 loss=28.1564 temp=1.00 total_env_steps=51984 t=0.11s
Ep 1493: len= 37 黑胜 loss=28.0764 temp=1.00 total_env_steps=52021 t=0.09s
Ep 1494: len= 35 黑胜 loss=28.3050 temp=1.00 total_env_steps=52056 t=0.09s
Ep 1495: len= 39 黑胜 loss=28.1011 temp=1.00 total_env_steps=52095 t=0.09s
Ep 1496: len= 44 白胜 loss=28.0864 temp=1.00 total_env_steps=52139 t=0.11s
Ep 1497: len= 29 黑胜 loss=28.0054 temp=1.00 total_env_steps=52168 t=0.07s
Ep 1498: len= 29 黑胜 loss=28.2890 temp=1.00 total_env_steps=52197 t=0.07s
Ep 1499: len= 30 白胜 loss=28.1634 temp=1.00 total_env_steps=52227 t=0.08s
Ep 1500: len= 33 黑胜 loss=28.1778 temp=1.00 total_env_steps=52260 t=0.07s
Ep 1501: len= 24 白胜 loss=28.0605 temp=1.00 total_env_steps=52284 t=0.06s
Ep 1502: len= 33 黑胜 loss=28.1074 temp=1.00 total_env_steps=52317 t=0.08s
Ep 1503: len= 43 黑胜 loss=28.0677 temp=1.00 total_env_steps=52360 t=0.10s
Ep 1504: len= 21 黑胜 loss=28.2329 temp=1.00 total_env_steps=52381 t=0.06s
Ep 1505: len= 29 黑胜 loss=28.0763 temp=1.00 total_env_steps=52410 t=0.07s
Ep 1506: len= 30 白胜 loss=28.2276 temp=1.00 total_env_steps=52440 t=0.07s
Ep 1507: len= 33 黑胜 loss=28.2049 temp=1.00 total_env_steps=52473 t=0.08s
Ep 1508: len= 35 黑胜 loss=28.3366 temp=1.00 total_env_steps=52508 t=0.10s
Ep 1509: len= 39 黑胜 loss=28.1006 temp=1.00 total_env_steps=52547 t=0.09s
Ep 1510: len= 30 白胜 loss=28.2102 temp=1.00 total_env_steps=52577 t=0.08s
Ep 1511: len= 39 黑胜 loss=28.0948 temp=1.00 total_env_steps=52616 t=0.09s
Ep 1512: len= 34 白胜 loss=28.0280 temp=1.00 total_env_steps=52650 t=0.08s
Ep 1513: len= 36 白胜 loss=28.2791 temp=1.00 total_env_steps=52686 t=0.08s
Ep 1514: len= 31 黑胜 loss=27.8736 temp=1.00 total_env_steps=52717 t=0.08s
Ep 1515: len= 50 白胜 loss=28.2077 temp=1.00 total_env_steps=52767 t=0.10s
Ep 1516: len= 29 黑胜 loss=28.3487 temp=1.00 total_env_steps=52796 t=0.07s
Ep 1517: len= 44 白胜 loss=28.0927 temp=1.00 total_env_steps=52840 t=0.10s
Ep 1518: len= 32 白胜 loss=28.0472 temp=1.00 total_env_steps=52872 t=0.07s
Ep 1519: len= 32 白胜 loss=28.3145 temp=1.00 total_env_steps=52904 t=0.08s
Ep 1520: len= 38 白胜 loss=28.1802 temp=1.00 total_env_steps=52942 t=0.08s
Ep 1521: len= 44 白胜 loss=28.0645 temp=1.00 total_env_steps=52986 t=0.10s
Ep 1522: len= 33 黑胜 loss=28.1310 temp=1.00 total_env_steps=53019 t=0.08s
Ep 1523: len= 37 黑胜 loss=28.0893 temp=1.00 total_env_steps=53056 t=0.09s
Ep 1524: len= 39 黑胜 loss=28.0864 temp=1.00 total_env_steps=53095 t=0.12s
Ep 1525: len= 34 白胜 loss=27.9552 temp=1.00 total_env_steps=53129 t=0.09s
Ep 1526: len= 31 黑胜 loss=28.0891 temp=1.00 total_env_steps=53160 t=0.09s
Ep 1527: len= 40 白胜 loss=28.3599 temp=1.00 total_env_steps=53200 t=0.10s
Ep 1528: len= 36 白胜 loss=28.2069 temp=1.00 total_env_steps=53236 t=0.09s
Ep 1529: len= 42 白胜 loss=28.0377 temp=1.00 total_env_steps=53278 t=0.11s
Ep 1530: len= 36 白胜 loss=28.1350 temp=1.00 total_env_steps=53314 t=0.09s
Ep 1531: len= 32 白胜 loss=28.3155 temp=1.00 total_env_steps=53346 t=0.08s
Ep 1532: len= 19 黑胜 loss=28.4312 temp=1.00 total_env_steps=53365 t=0.06s
Ep 1533: len= 24 白胜 loss=28.2089 temp=1.00 total_env_steps=53389 t=0.07s
Ep 1534: len= 41 黑胜 loss=28.2525 temp=1.00 total_env_steps=53430 t=0.10s
Ep 1535: len= 53 黑胜 loss=28.2293 temp=1.00 total_env_steps=53483 t=0.12s
Ep 1536: len= 60 白胜 loss=28.1530 temp=1.00 total_env_steps=53543 t=0.13s
Ep 1537: len= 34 白胜 loss=28.2937 temp=1.00 total_env_steps=53577 t=0.08s
Ep 1538: len= 43 黑胜 loss=28.0776 temp=1.00 total_env_steps=53620 t=0.10s
Ep 1539: len= 39 黑胜 loss=28.1656 temp=1.00 total_env_steps=53659 t=0.10s
Ep 1540: len= 39 黑胜 loss=28.0054 temp=1.00 total_env_steps=53698 t=0.10s
Ep 1541: len= 32 白胜 loss=28.2946 temp=1.00 total_env_steps=53730 t=0.09s
Ep 1542: len= 39 黑胜 loss=28.1872 temp=1.00 total_env_steps=53769 t=0.09s
Ep 1543: len= 38 白胜 loss=28.0528 temp=1.00 total_env_steps=53807 t=0.09s
Ep 1544: len= 45 黑胜 loss=28.2317 temp=1.00 total_env_steps=53852 t=0.10s
Ep 1545: len= 21 黑胜 loss=28.3040 temp=1.00 total_env_steps=53873 t=0.05s
Ep 1546: len= 23 黑胜 loss=28.1901 temp=1.00 total_env_steps=53896 t=0.07s
Ep 1547: len= 21 黑胜 loss=28.1615 temp=1.00 total_env_steps=53917 t=0.06s
Ep 1548: len= 32 白胜 loss=28.0463 temp=1.00 total_env_steps=53949 t=0.09s
Ep 1549: len= 11 黑胜 loss=28.1555 temp=1.00 total_env_steps=53960 t=0.04s
Ep 1550: len= 49 黑胜 loss=28.0817 temp=1.00 total_env_steps=54009 t=0.11s
Ep 1551: len= 51 黑胜 loss=28.4949 temp=1.00 total_env_steps=54060 t=0.11s
Ep 1552: len= 47 黑胜 loss=28.1238 temp=1.00 total_env_steps=54107 t=0.10s
Ep 1553: len= 36 白胜 loss=28.3545 temp=1.00 total_env_steps=54143 t=0.09s
Ep 1554: len= 21 黑胜 loss=28.3719 temp=1.00 total_env_steps=54164 t=0.06s
Ep 1555: len= 30 白胜 loss=28.2080 temp=1.00 total_env_steps=54194 t=0.08s
Ep 1556: len= 40 白胜 loss=28.3030 temp=1.00 total_env_steps=54234 t=0.12s
Ep 1557: len= 34 白胜 loss=28.2938 temp=1.00 total_env_steps=54268 t=0.09s
Ep 1558: len= 33 黑胜 loss=28.1774 temp=1.00 total_env_steps=54301 t=0.09s
Ep 1559: len= 35 黑胜 loss=28.1091 temp=1.00 total_env_steps=54336 t=0.09s
Ep 1560: len= 33 黑胜 loss=28.0939 temp=1.00 total_env_steps=54369 t=0.08s
Ep 1561: len= 40 白胜 loss=28.3059 temp=1.00 total_env_steps=54409 t=0.09s
Ep 1562: len= 29 黑胜 loss=28.1014 temp=1.00 total_env_steps=54438 t=0.08s
Ep 1563: len= 41 黑胜 loss=28.2740 temp=1.00 total_env_steps=54479 t=0.09s
Ep 1564: len= 43 黑胜 loss=28.1455 temp=1.00 total_env_steps=54522 t=0.09s
Ep 1565: len= 42 白胜 loss=27.9974 temp=1.00 total_env_steps=54564 t=0.09s
Ep 1566: len= 35 黑胜 loss=28.2461 temp=1.00 total_env_steps=54599 t=0.08s
Ep 1567: len= 28 白胜 loss=28.1335 temp=1.00 total_env_steps=54627 t=0.07s
Ep 1568: len= 49 黑胜 loss=28.2914 temp=1.00 total_env_steps=54676 t=0.11s
Ep 1569: len= 37 黑胜 loss=27.9909 temp=1.00 total_env_steps=54713 t=0.09s
Ep 1570: len= 48 白胜 loss=28.3085 temp=1.00 total_env_steps=54761 t=0.10s
Ep 1571: len= 37 黑胜 loss=28.1186 temp=1.00 total_env_steps=54798 t=0.10s
Ep 1572: len= 42 白胜 loss=28.0644 temp=1.00 total_env_steps=54840 t=0.11s
Ep 1573: len= 47 黑胜 loss=28.2043 temp=1.00 total_env_steps=54887 t=0.11s
Ep 1574: len= 46 白胜 loss=27.9764 temp=1.00 total_env_steps=54933 t=0.11s
Ep 1575: len= 47 黑胜 loss=28.0704 temp=1.00 total_env_steps=54980 t=0.10s
Ep 1576: len= 40 白胜 loss=28.0861 temp=1.00 total_env_steps=55020 t=0.10s
Ep 1577: len= 27 黑胜 loss=28.2691 temp=1.00 total_env_steps=55047 t=0.06s
Ep 1578: len= 54 白胜 loss=28.1937 temp=1.00 total_env_steps=55101 t=0.12s
Ep 1579: len= 33 黑胜 loss=28.2985 temp=1.00 total_env_steps=55134 t=0.08s
Ep 1580: len= 52 白胜 loss=28.2599 temp=1.00 total_env_steps=55186 t=0.11s
Ep 1581: len= 42 白胜 loss=28.1067 temp=1.00 total_env_steps=55228 t=0.09s
Ep 1582: len= 34 白胜 loss=28.1370 temp=1.00 total_env_steps=55262 t=0.08s
Ep 1583: len= 32 白胜 loss=28.1571 temp=1.00 total_env_steps=55294 t=0.07s
Ep 1584: len= 40 白胜 loss=28.2721 temp=1.00 total_env_steps=55334 t=0.10s
Ep 1585: len= 34 白胜 loss=28.0331 temp=1.00 total_env_steps=55368 t=0.08s
Ep 1586: len= 33 黑胜 loss=28.1764 temp=1.00 total_env_steps=55401 t=0.10s
Ep 1587: len= 40 白胜 loss=28.1523 temp=1.00 total_env_steps=55441 t=0.09s
Ep 1588: len= 42 白胜 loss=28.1966 temp=1.00 total_env_steps=55483 t=0.09s
Ep 1589: len= 32 白胜 loss=28.4795 temp=1.00 total_env_steps=55515 t=0.08s
Ep 1590: len= 39 黑胜 loss=28.1936 temp=1.00 total_env_steps=55554 t=0.08s
Ep 1591: len= 48 白胜 loss=28.1013 temp=1.00 total_env_steps=55602 t=0.11s
Ep 1592: len= 36 白胜 loss=28.2306 temp=1.00 total_env_steps=55638 t=0.10s
Ep 1593: len= 33 黑胜 loss=28.1973 temp=1.00 total_env_steps=55671 t=0.08s
Ep 1594: len= 43 黑胜 loss=28.4218 temp=1.00 total_env_steps=55714 t=0.09s
Ep 1595: len= 43 黑胜 loss=28.0686 temp=1.00 total_env_steps=55757 t=0.10s
Ep 1596: len= 23 黑胜 loss=28.1782 temp=1.00 total_env_steps=55780 t=0.06s
Ep 1597: len= 41 黑胜 loss=28.1170 temp=1.00 total_env_steps=55821 t=0.10s
Ep 1598: len= 30 白胜 loss=28.1313 temp=1.00 total_env_steps=55851 t=0.07s
Ep 1599: len= 22 白胜 loss=28.2772 temp=1.00 total_env_steps=55873 t=0.06s
Ep 1600: len= 40 白胜 loss=28.1613 temp=1.00 total_env_steps=55913 t=0.10s
  eval vs Gomoku-random-v0: win_rate=1.00 mean_return=1.00（20 局，total_env_steps=55913）
Ep 1601: len= 26 白胜 loss=28.2672 temp=1.00 total_env_steps=55939 t=0.07s
Ep 1602: len= 29 黑胜 loss=28.1572 temp=1.00 total_env_steps=55968 t=0.07s
Ep 1603: len= 33 黑胜 loss=28.2429 temp=1.00 total_env_steps=56001 t=0.08s
Ep 1604: len= 37 黑胜 loss=28.1394 temp=1.00 total_env_steps=56038 t=0.08s
Ep 1605: len= 35 黑胜 loss=28.0244 temp=1.00 total_env_steps=56073 t=0.08s
Ep 1606: len= 41 黑胜 loss=28.3377 temp=1.00 total_env_steps=56114 t=0.09s
Ep 1607: len= 37 黑胜 loss=28.0508 temp=1.00 total_env_steps=56151 t=0.09s
Ep 1608: len= 43 黑胜 loss=28.1582 temp=1.00 total_env_steps=56194 t=0.09s
Ep 1609: len= 38 白胜 loss=28.2507 temp=1.00 total_env_steps=56232 t=0.10s
Ep 1610: len= 35 黑胜 loss=28.2858 temp=1.00 total_env_steps=56267 t=0.08s
Ep 1611: len= 42 白胜 loss=28.2583 temp=1.00 total_env_steps=56309 t=0.09s
Ep 1612: len= 27 黑胜 loss=28.1031 temp=1.00 total_env_steps=56336 t=0.07s
Ep 1613: len= 28 白胜 loss=28.3777 temp=1.00 total_env_steps=56364 t=0.11s
Ep 1614: len= 43 黑胜 loss=28.1771 temp=1.00 total_env_steps=56407 t=0.12s
Ep 1615: len= 31 黑胜 loss=28.0736 temp=1.00 total_env_steps=56438 t=0.10s
Ep 1616: len= 29 黑胜 loss=28.0564 temp=1.00 total_env_steps=56467 t=0.09s
Ep 1617: len= 23 黑胜 loss=28.1189 temp=1.00 total_env_steps=56490 t=0.07s
Ep 1618: len= 13 黑胜 loss=28.1406 temp=1.00 total_env_steps=56503 t=0.05s
Ep 1619: len= 32 白胜 loss=28.1687 temp=1.00 total_env_steps=56535 t=0.08s
Ep 1620: len= 32 白胜 loss=28.3589 temp=1.00 total_env_steps=56567 t=0.08s
Ep 1621: len= 31 黑胜 loss=28.0824 temp=1.00 total_env_steps=56598 t=0.08s
Ep 1622: len= 46 白胜 loss=28.1630 temp=1.00 total_env_steps=56644 t=0.11s
Ep 1623: len= 36 白胜 loss=28.2176 temp=1.00 total_env_steps=56680 t=0.08s
Ep 1624: len= 39 黑胜 loss=28.1923 temp=1.00 total_env_steps=56719 t=0.09s
Ep 1625: len= 27 黑胜 loss=28.2449 temp=1.00 total_env_steps=56746 t=0.07s
Ep 1626: len= 38 白胜 loss=28.1353 temp=1.00 total_env_steps=56784 t=0.09s
Ep 1627: len= 28 白胜 loss=28.3287 temp=1.00 total_env_steps=56812 t=0.07s
Ep 1628: len= 31 黑胜 loss=28.0078 temp=1.00 total_env_steps=56843 t=0.08s
Ep 1629: len= 38 白胜 loss=28.1405 temp=1.00 total_env_steps=56881 t=0.09s
Ep 1630: len= 20 白胜 loss=28.2539 temp=1.00 total_env_steps=56901 t=0.06s
Ep 1631: len= 18 白胜 loss=28.1480 temp=1.00 total_env_steps=56919 t=0.05s
Ep 1632: len= 35 黑胜 loss=28.1307 temp=1.00 total_env_steps=56954 t=0.08s
Ep 1633: len= 22 白胜 loss=28.0999 temp=1.00 total_env_steps=56976 t=0.06s
Ep 1634: len= 35 黑胜 loss=28.0689 temp=1.00 total_env_steps=57011 t=0.09s
Ep 1635: len= 39 黑胜 loss=28.1321 temp=1.00 total_env_steps=57050 t=0.09s
Ep 1636: len= 32 白胜 loss=28.0193 temp=1.00 total_env_steps=57082 t=0.08s
Ep 1637: len= 28 白胜 loss=28.2021 temp=1.00 total_env_steps=57110 t=0.08s
Ep 1638: len= 25 黑胜 loss=28.1935 temp=1.00 total_env_steps=57135 t=0.07s
Ep 1639: len= 28 白胜 loss=28.2694 temp=1.00 total_env_steps=57163 t=0.07s
Ep 1640: len= 32 白胜 loss=28.1012 temp=1.00 total_env_steps=57195 t=0.08s
Ep 1641: len= 17 黑胜 loss=28.1264 temp=1.00 total_env_steps=57212 t=0.05s
Ep 1642: len= 39 黑胜 loss=28.0867 temp=1.00 total_env_steps=57251 t=0.09s
Ep 1643: len= 47 黑胜 loss=28.3212 temp=1.00 total_env_steps=57298 t=0.11s
Ep 1644: len= 40 白胜 loss=28.2761 temp=1.00 total_env_steps=57338 t=0.08s
Ep 1645: len= 21 黑胜 loss=28.2483 temp=1.00 total_env_steps=57359 t=0.06s
Ep 1646: len= 29 黑胜 loss=28.3258 temp=1.00 total_env_steps=57388 t=0.07s
Ep 1647: len= 26 白胜 loss=28.0338 temp=1.00 total_env_steps=57414 t=0.07s
Ep 1648: len= 38 白胜 loss=28.2780 temp=1.00 total_env_steps=57452 t=0.09s
Ep 1649: len= 34 白胜 loss=27.9891 temp=1.00 total_env_steps=57486 t=0.09s
Ep 1650: len= 42 白胜 loss=28.0523 temp=1.00 total_env_steps=57528 t=0.10s
Ep 1651: len= 36 白胜 loss=28.0587 temp=1.00 total_env_steps=57564 t=0.08s
Ep 1652: len= 41 黑胜 loss=28.1079 temp=1.00 total_env_steps=57605 t=0.09s
Ep 1653: len= 26 白胜 loss=28.1374 temp=1.00 total_env_steps=57631 t=0.07s
Ep 1654: len= 31 黑胜 loss=28.1989 temp=1.00 total_env_steps=57662 t=0.07s
Ep 1655: len= 22 白胜 loss=28.0542 temp=1.00 total_env_steps=57684 t=0.06s
Ep 1656: len= 27 黑胜 loss=28.1298 temp=1.00 total_env_steps=57711 t=0.07s
Ep 1657: len= 33 黑胜 loss=28.2645 temp=1.00 total_env_steps=57744 t=0.08s
Ep 1658: len= 32 白胜 loss=28.1158 temp=1.00 total_env_steps=57776 t=0.07s
Ep 1659: len= 45 黑胜 loss=28.4711 temp=1.00 total_env_steps=57821 t=0.10s
Ep 1660: len= 37 黑胜 loss=28.3475 temp=1.00 total_env_steps=57858 t=0.09s
Ep 1661: len= 30 白胜 loss=28.3807 temp=1.00 total_env_steps=57888 t=0.07s
Ep 1662: len= 21 黑胜 loss=28.1716 temp=1.00 total_env_steps=57909 t=0.06s
Ep 1663: len= 43 黑胜 loss=28.2409 temp=1.00 total_env_steps=57952 t=0.09s
Ep 1664: len= 18 白胜 loss=28.2316 temp=1.00 total_env_steps=57970 t=0.06s
Ep 1665: len= 43 黑胜 loss=28.0276 temp=1.00 total_env_steps=58013 t=0.09s
Ep 1666: len= 27 黑胜 loss=28.1399 temp=1.00 total_env_steps=58040 t=0.07s
Ep 1667: len= 46 白胜 loss=28.3307 temp=1.00 total_env_steps=58086 t=0.10s
Ep 1668: len= 41 黑胜 loss=28.3344 temp=1.00 total_env_steps=58127 t=0.09s
Ep 1669: len= 49 黑胜 loss=28.1063 temp=1.00 total_env_steps=58176 t=0.10s
Ep 1670: len= 44 白胜 loss=28.1233 temp=1.00 total_env_steps=58220 t=0.10s
Ep 1671: len= 28 白胜 loss=28.1036 temp=1.00 total_env_steps=58248 t=0.07s
Ep 1672: len= 32 白胜 loss=28.1698 temp=1.00 total_env_steps=58280 t=0.07s
Ep 1673: len= 35 黑胜 loss=28.1136 temp=1.00 total_env_steps=58315 t=0.09s
Ep 1674: len= 33 黑胜 loss=28.2107 temp=1.00 total_env_steps=58348 t=0.07s
Ep 1675: len= 39 黑胜 loss=28.2431 temp=1.00 total_env_steps=58387 t=0.10s
Ep 1676: len= 46 白胜 loss=27.9389 temp=1.00 total_env_steps=58433 t=0.10s
Ep 1677: len= 35 黑胜 loss=28.1735 temp=1.00 total_env_steps=58468 t=0.08s
Ep 1678: len= 40 白胜 loss=28.2510 temp=1.00 total_env_steps=58508 t=0.09s
Ep 1679: len= 24 白胜 loss=28.2368 temp=1.00 total_env_steps=58532 t=0.06s
Ep 1680: len= 34 白胜 loss=28.2128 temp=1.00 total_env_steps=58566 t=0.07s
Ep 1681: len= 31 黑胜 loss=28.2057 temp=1.00 total_env_steps=58597 t=0.07s
Ep 1682: len= 30 白胜 loss=28.0018 temp=1.00 total_env_steps=58627 t=0.07s
Ep 1683: len= 36 白胜 loss=28.2221 temp=1.00 total_env_steps=58663 t=0.08s
Ep 1684: len= 25 黑胜 loss=28.1612 temp=1.00 total_env_steps=58688 t=0.06s
Ep 1685: len= 50 白胜 loss=28.0897 temp=1.00 total_env_steps=58738 t=0.10s
Ep 1686: len= 43 黑胜 loss=28.0407 temp=1.00 total_env_steps=58781 t=0.09s
Ep 1687: len= 33 黑胜 loss=28.1846 temp=1.00 total_env_steps=58814 t=0.08s
Ep 1688: len= 38 白胜 loss=27.9892 temp=1.00 total_env_steps=58852 t=0.09s
Ep 1689: len= 33 黑胜 loss=28.1052 temp=1.00 total_env_steps=58885 t=0.08s
Ep 1690: len= 27 黑胜 loss=27.8967 temp=1.00 total_env_steps=58912 t=0.06s
Ep 1691: len= 40 白胜 loss=28.1363 temp=1.00 total_env_steps=58952 t=0.09s
Ep 1692: len= 25 黑胜 loss=28.1324 temp=1.00 total_env_steps=58977 t=0.06s
Ep 1693: len= 28 白胜 loss=28.1655 temp=1.00 total_env_steps=59005 t=0.07s
Ep 1694: len= 14 白胜 loss=28.1808 temp=1.00 total_env_steps=59019 t=0.04s
Ep 1695: len= 26 白胜 loss=28.1803 temp=1.00 total_env_steps=59045 t=0.07s
Ep 1696: len= 29 黑胜 loss=28.0762 temp=1.00 total_env_steps=59074 t=0.07s
Ep 1697: len= 33 黑胜 loss=28.1239 temp=1.00 total_env_steps=59107 t=0.08s
Ep 1698: len= 37 黑胜 loss=28.0483 temp=1.00 total_env_steps=59144 t=0.08s
Ep 1699: len= 41 黑胜 loss=28.3279 temp=1.00 total_env_steps=59185 t=0.09s
Ep 1700: len= 21 黑胜 loss=28.2408 temp=1.00 total_env_steps=59206 t=0.06s
Ep 1701: len= 30 白胜 loss=28.0407 temp=1.00 total_env_steps=59236 t=0.07s
Ep 1702: len= 21 黑胜 loss=28.2697 temp=1.00 total_env_steps=59257 t=0.06s
Ep 1703: len= 38 白胜 loss=28.0871 temp=1.00 total_env_steps=59295 t=0.09s
Ep 1704: len= 26 白胜 loss=28.1023 temp=1.00 total_env_steps=59321 t=0.06s
Ep 1705: len= 39 黑胜 loss=28.1985 temp=1.00 total_env_steps=59360 t=0.09s
Ep 1706: len= 40 白胜 loss=28.1815 temp=1.00 total_env_steps=59400 t=0.09s
Ep 1707: len= 15 黑胜 loss=28.1822 temp=1.00 total_env_steps=59415 t=0.05s
Ep 1708: len= 39 黑胜 loss=27.9707 temp=1.00 total_env_steps=59454 t=0.08s
Ep 1709: len= 29 黑胜 loss=28.3344 temp=1.00 total_env_steps=59483 t=0.07s
Ep 1710: len= 32 白胜 loss=28.2581 temp=1.00 total_env_steps=59515 t=0.07s
Ep 1711: len= 21 黑胜 loss=28.2021 temp=1.00 total_env_steps=59536 t=0.06s
Ep 1712: len= 36 白胜 loss=28.1764 temp=1.00 total_env_steps=59572 t=0.09s
Ep 1713: len= 40 白胜 loss=28.1496 temp=1.00 total_env_steps=59612 t=0.10s
Ep 1714: len= 35 黑胜 loss=28.1466 temp=1.00 total_env_steps=59647 t=0.08s
Ep 1715: len= 31 黑胜 loss=28.1202 temp=1.00 total_env_steps=59678 t=0.08s
Ep 1716: len= 29 黑胜 loss=28.2338 temp=1.00 total_env_steps=59707 t=0.07s
Ep 1717: len= 35 黑胜 loss=27.9817 temp=1.00 total_env_steps=59742 t=0.08s
Ep 1718: len= 43 黑胜 loss=28.2506 temp=1.00 total_env_steps=59785 t=0.10s
Ep 1719: len= 30 白胜 loss=28.0423 temp=1.00 total_env_steps=59815 t=0.07s
Ep 1720: len= 49 黑胜 loss=28.1849 temp=1.00 total_env_steps=59864 t=0.10s
Ep 1721: len= 29 黑胜 loss=28.1809 temp=1.00 total_env_steps=59893 t=0.07s
Ep 1722: len= 23 黑胜 loss=28.3180 temp=1.00 total_env_steps=59916 t=0.06s
Ep 1723: len= 44 白胜 loss=28.2280 temp=1.00 total_env_steps=59960 t=0.09s
Ep 1724: len= 32 白胜 loss=28.0660 temp=1.00 total_env_steps=59992 t=0.07s
Ep 1725: len= 35 黑胜 loss=27.8944 temp=1.00 total_env_steps=60027 t=0.08s
Ep 1726: len= 31 黑胜 loss=27.9903 temp=1.00 total_env_steps=60058 t=0.08s
Ep 1727: len= 21 黑胜 loss=28.0627 temp=1.00 total_env_steps=60079 t=0.06s
Ep 1728: len= 39 黑胜 loss=28.0590 temp=1.00 total_env_steps=60118 t=0.09s
Ep 1729: len= 34 白胜 loss=27.9418 temp=1.00 total_env_steps=60152 t=0.08s
Ep 1730: len= 28 白胜 loss=28.1485 temp=1.00 total_env_steps=60180 t=0.08s
Ep 1731: len= 20 白胜 loss=28.2099 temp=1.00 total_env_steps=60200 t=0.06s
Ep 1732: len= 35 黑胜 loss=28.0658 temp=1.00 total_env_steps=60235 t=0.08s
Ep 1733: len= 35 黑胜 loss=28.0971 temp=1.00 total_env_steps=60270 t=0.09s
Ep 1734: len= 23 黑胜 loss=28.0583 temp=1.00 total_env_steps=60293 t=0.06s
Ep 1735: len= 35 黑胜 loss=28.1367 temp=1.00 total_env_steps=60328 t=0.09s
Ep 1736: len= 30 白胜 loss=28.2120 temp=1.00 total_env_steps=60358 t=0.08s
Ep 1737: len= 48 白胜 loss=28.2361 temp=1.00 total_env_steps=60406 t=0.11s
Ep 1738: len= 31 黑胜 loss=27.9937 temp=1.00 total_env_steps=60437 t=0.08s
Ep 1739: len= 36 白胜 loss=28.3050 temp=1.00 total_env_steps=60473 t=0.09s
Ep 1740: len= 49 黑胜 loss=28.0903 temp=1.00 total_env_steps=60522 t=0.11s
Ep 1741: len= 51 黑胜 loss=28.3926 temp=1.00 total_env_steps=60573 t=0.12s
Ep 1742: len= 43 黑胜 loss=28.1376 temp=1.00 total_env_steps=60616 t=0.10s
Ep 1743: len= 29 黑胜 loss=28.1525 temp=1.00 total_env_steps=60645 t=0.07s
Ep 1744: len= 49 黑胜 loss=28.1952 temp=1.00 total_env_steps=60694 t=0.11s
Ep 1745: len= 26 白胜 loss=28.2202 temp=1.00 total_env_steps=60720 t=0.07s
Ep 1746: len= 21 黑胜 loss=28.1096 temp=1.00 total_env_steps=60741 t=0.06s
Ep 1747: len= 32 白胜 loss=28.2236 temp=1.00 total_env_steps=60773 t=0.08s
Ep 1748: len= 41 黑胜 loss=28.3488 temp=1.00 total_env_steps=60814 t=0.10s
Ep 1749: len= 36 白胜 loss=28.2420 temp=1.00 total_env_steps=60850 t=0.09s
Ep 1750: len= 21 黑胜 loss=28.1112 temp=1.00 total_env_steps=60871 t=0.05s
Ep 1751: len= 35 黑胜 loss=28.2995 temp=1.00 total_env_steps=60906 t=0.09s
Ep 1752: len= 28 白胜 loss=28.3117 temp=1.00 total_env_steps=60934 t=0.06s
Ep 1753: len= 48 白胜 loss=28.1575 temp=1.00 total_env_steps=60982 t=0.11s
Ep 1754: len= 23 黑胜 loss=28.2349 temp=1.00 total_env_steps=61005 t=0.06s
Ep 1755: len= 43 黑胜 loss=28.3451 temp=1.00 total_env_steps=61048 t=0.10s
Ep 1756: len= 31 黑胜 loss=28.1445 temp=1.00 total_env_steps=61079 t=0.07s
Ep 1757: len= 32 白胜 loss=28.2702 temp=1.00 total_env_steps=61111 t=0.08s
Ep 1758: len= 42 白胜 loss=28.1786 temp=1.00 total_env_steps=61153 t=0.09s
Ep 1759: len= 14 白胜 loss=27.9913 temp=1.00 total_env_steps=61167 t=0.04s
Ep 1760: len= 37 黑胜 loss=28.3646 temp=1.00 total_env_steps=61204 t=0.08s
Ep 1761: len= 21 黑胜 loss=28.1714 temp=1.00 total_env_steps=61225 t=0.06s
Ep 1762: len= 32 白胜 loss=28.0908 temp=1.00 total_env_steps=61257 t=0.07s
Ep 1763: len= 30 白胜 loss=28.1892 temp=1.00 total_env_steps=61287 t=0.08s
Ep 1764: len= 24 白胜 loss=28.3017 temp=1.00 total_env_steps=61311 t=0.06s
Ep 1765: len= 37 黑胜 loss=28.1187 temp=1.00 total_env_steps=61348 t=0.08s
Ep 1766: len= 20 白胜 loss=28.2528 temp=1.00 total_env_steps=61368 t=0.06s
Ep 1767: len= 24 白胜 loss=28.1113 temp=1.00 total_env_steps=61392 t=0.06s
Ep 1768: len= 27 黑胜 loss=28.2971 temp=1.00 total_env_steps=61419 t=0.07s
Ep 1769: len= 20 白胜 loss=28.2985 temp=1.00 total_env_steps=61439 t=0.05s
Ep 1770: len= 46 白胜 loss=28.0930 temp=1.00 total_env_steps=61485 t=0.10s
Ep 1771: len= 31 黑胜 loss=28.2159 temp=1.00 total_env_steps=61516 t=0.07s
Ep 1772: len= 30 白胜 loss=28.1060 temp=1.00 total_env_steps=61546 t=0.07s
Ep 1773: len= 38 白胜 loss=28.3522 temp=1.00 total_env_steps=61584 t=0.09s
Ep 1774: len= 37 黑胜 loss=28.1077 temp=1.00 total_env_steps=61621 t=0.08s
Ep 1775: len= 36 白胜 loss=28.0635 temp=1.00 total_env_steps=61657 t=0.08s
Ep 1776: len= 20 白胜 loss=28.1928 temp=1.00 total_env_steps=61677 t=0.05s
Ep 1777: len= 21 黑胜 loss=28.3430 temp=1.00 total_env_steps=61698 t=0.06s
Ep 1778: len= 35 黑胜 loss=28.0850 temp=1.00 total_env_steps=61733 t=0.08s
Ep 1779: len= 33 黑胜 loss=28.2035 temp=1.00 total_env_steps=61766 t=0.08s
Ep 1780: len= 26 白胜 loss=28.2914 temp=1.00 total_env_steps=61792 t=0.06s
Ep 1781: len= 29 黑胜 loss=28.1580 temp=1.00 total_env_steps=61821 t=0.07s
Ep 1782: len= 21 黑胜 loss=28.1800 temp=1.00 total_env_steps=61842 t=0.06s
Ep 1783: len= 32 白胜 loss=28.2562 temp=1.00 total_env_steps=61874 t=0.07s
Ep 1784: len= 54 白胜 loss=28.2898 temp=1.00 total_env_steps=61928 t=0.11s
Ep 1785: len= 37 黑胜 loss=28.1687 temp=1.00 total_env_steps=61965 t=0.08s
Ep 1786: len= 17 黑胜 loss=28.2966 temp=1.00 total_env_steps=61982 t=0.05s
Ep 1787: len= 40 白胜 loss=28.1034 temp=1.00 total_env_steps=62022 t=0.09s
Ep 1788: len= 31 黑胜 loss=28.0360 temp=1.00 total_env_steps=62053 t=0.08s
Ep 1789: len= 26 白胜 loss=28.1630 temp=1.00 total_env_steps=62079 t=0.07s
Ep 1790: len= 31 黑胜 loss=28.0983 temp=1.00 total_env_steps=62110 t=0.07s
Ep 1791: len= 25 黑胜 loss=28.0190 temp=1.00 total_env_steps=62135 t=0.06s
Ep 1792: len= 33 黑胜 loss=28.0980 temp=1.00 total_env_steps=62168 t=0.08s
Ep 1793: len= 43 黑胜 loss=28.3687 temp=1.00 total_env_steps=62211 t=0.10s
Ep 1794: len= 26 白胜 loss=28.1136 temp=1.00 total_env_steps=62237 t=0.07s
Ep 1795: len= 38 白胜 loss=28.2008 temp=1.00 total_env_steps=62275 t=0.09s
Ep 1796: len= 57 黑胜 loss=28.1823 temp=1.00 total_env_steps=62332 t=0.12s
Ep 1797: len= 28 白胜 loss=27.9536 temp=1.00 total_env_steps=62360 t=0.08s
Ep 1798: len= 23 黑胜 loss=28.2781 temp=1.00 total_env_steps=62383 t=0.06s
Ep 1799: len= 21 黑胜 loss=28.2970 temp=1.00 total_env_steps=62404 t=0.05s
Ep 1800: len= 35 黑胜 loss=28.1774 temp=1.00 total_env_steps=62439 t=0.08s
  eval vs Gomoku-random-v0: win_rate=1.00 mean_return=1.00（20 局，total_env_steps=62439）
Ep 1801: len= 41 黑胜 loss=28.3347 temp=1.00 total_env_steps=62480 t=0.09s
Ep 1802: len= 34 白胜 loss=27.9977 temp=1.00 total_env_steps=62514 t=0.08s
Ep 1803: len= 33 黑胜 loss=28.2517 temp=1.00 total_env_steps=62547 t=0.07s
Ep 1804: len= 32 白胜 loss=28.1856 temp=1.00 total_env_steps=62579 t=0.07s
Ep 1805: len= 47 黑胜 loss=28.1264 temp=1.00 total_env_steps=62626 t=0.11s
Ep 1806: len= 32 白胜 loss=27.9255 temp=1.00 total_env_steps=62658 t=0.08s
Ep 1807: len= 34 白胜 loss=28.1398 temp=1.00 total_env_steps=62692 t=0.11s
Ep 1808: len= 36 白胜 loss=28.1095 temp=1.00 total_env_steps=62728 t=0.09s
Ep 1809: len= 32 白胜 loss=28.1483 temp=1.00 total_env_steps=62760 t=0.08s
Ep 1810: len= 15 黑胜 loss=28.1043 temp=1.00 total_env_steps=62775 t=0.04s
Ep 1811: len= 26 白胜 loss=28.1879 temp=1.00 total_env_steps=62801 t=0.07s
Ep 1812: len= 39 黑胜 loss=28.3527 temp=1.00 total_env_steps=62840 t=0.09s
Ep 1813: len= 36 白胜 loss=28.1626 temp=1.00 total_env_steps=62876 t=0.09s
Ep 1814: len= 46 白胜 loss=28.1930 temp=1.00 total_env_steps=62922 t=0.09s
Ep 1815: len= 21 黑胜 loss=28.5284 temp=1.00 total_env_steps=62943 t=0.06s
Ep 1816: len= 23 黑胜 loss=28.1317 temp=1.00 total_env_steps=62966 t=0.06s
Ep 1817: len= 39 黑胜 loss=28.0586 temp=1.00 total_env_steps=63005 t=0.08s
Ep 1818: len= 32 白胜 loss=28.3526 temp=1.00 total_env_steps=63037 t=0.08s
Ep 1819: len= 31 黑胜 loss=28.0518 temp=1.00 total_env_steps=63068 t=0.07s
Ep 1820: len= 49 黑胜 loss=28.0539 temp=1.00 total_env_steps=63117 t=0.11s
Ep 1821: len= 30 白胜 loss=28.0878 temp=1.00 total_env_steps=63147 t=0.07s
Ep 1822: len= 32 白胜 loss=28.2824 temp=1.00 total_env_steps=63179 t=0.08s
Ep 1823: len= 44 白胜 loss=28.3127 temp=1.00 total_env_steps=63223 t=0.10s
Ep 1824: len= 49 黑胜 loss=28.2780 temp=1.00 total_env_steps=63272 t=0.10s
Ep 1825: len= 31 黑胜 loss=28.0712 temp=1.00 total_env_steps=63303 t=0.08s
Ep 1826: len= 33 黑胜 loss=28.0748 temp=1.00 total_env_steps=63336 t=0.08s
Ep 1827: len= 40 白胜 loss=27.9916 temp=1.00 total_env_steps=63376 t=0.09s
Ep 1828: len= 30 白胜 loss=28.2221 temp=1.00 total_env_steps=63406 t=0.08s
Ep 1829: len= 29 黑胜 loss=28.1739 temp=1.00 total_env_steps=63435 t=0.08s
Ep 1830: len= 44 白胜 loss=28.0986 temp=1.00 total_env_steps=63479 t=0.11s
Ep 1831: len= 24 白胜 loss=28.1842 temp=1.00 total_env_steps=63503 t=0.06s
Ep 1832: len= 28 白胜 loss=28.0795 temp=1.00 total_env_steps=63531 t=0.07s
Ep 1833: len= 45 黑胜 loss=27.9890 temp=1.00 total_env_steps=63576 t=0.11s
Ep 1834: len= 53 黑胜 loss=28.0806 temp=1.00 total_env_steps=63629 t=0.11s
Ep 1835: len= 21 黑胜 loss=28.4506 temp=1.00 total_env_steps=63650 t=0.06s
Ep 1836: len= 29 黑胜 loss=28.2006 temp=1.00 total_env_steps=63679 t=0.07s
Ep 1837: len= 41 黑胜 loss=28.2010 temp=1.00 total_env_steps=63720 t=0.09s
Ep 1838: len= 41 黑胜 loss=28.0008 temp=1.00 total_env_steps=63761 t=0.09s
Ep 1839: len= 23 黑胜 loss=28.2362 temp=1.00 total_env_steps=63784 t=0.06s
Ep 1840: len= 35 黑胜 loss=28.0864 temp=1.00 total_env_steps=63819 t=0.08s
Ep 1841: len= 34 白胜 loss=28.0923 temp=1.00 total_env_steps=63853 t=0.08s
Ep 1842: len= 48 白胜 loss=28.0972 temp=1.00 total_env_steps=63901 t=0.10s
Ep 1843: len= 26 白胜 loss=28.2314 temp=1.00 total_env_steps=63927 t=0.07s
Ep 1844: len= 24 白胜 loss=28.1327 temp=1.00 total_env_steps=63951 t=0.06s
Ep 1845: len= 33 黑胜 loss=28.1514 temp=1.00 total_env_steps=63984 t=0.08s
Ep 1846: len= 33 黑胜 loss=28.0585 temp=1.00 total_env_steps=64017 t=0.08s
Ep 1847: len= 41 黑胜 loss=28.2114 temp=1.00 total_env_steps=64058 t=0.10s
Ep 1848: len= 19 黑胜 loss=28.2607 temp=1.00 total_env_steps=64077 t=0.05s
Ep 1849: len= 28 白胜 loss=28.1693 temp=1.00 total_env_steps=64105 t=0.07s
Ep 1850: len= 29 黑胜 loss=28.0367 temp=1.00 total_env_steps=64134 t=0.07s
Ep 1851: len= 40 白胜 loss=28.3242 temp=1.00 total_env_steps=64174 t=0.09s
Ep 1852: len= 42 白胜 loss=28.1068 temp=1.00 total_env_steps=64216 t=0.10s
Ep 1853: len= 29 黑胜 loss=28.1798 temp=1.00 total_env_steps=64245 t=0.08s
Ep 1854: len= 47 黑胜 loss=28.1900 temp=1.00 total_env_steps=64292 t=0.11s
Ep 1855: len= 30 白胜 loss=28.2873 temp=1.00 total_env_steps=64322 t=0.07s
Ep 1856: len= 38 白胜 loss=28.1154 temp=1.00 total_env_steps=64360 t=0.09s
Ep 1857: len= 37 黑胜 loss=28.2390 temp=1.00 total_env_steps=64397 t=0.08s
Ep 1858: len= 39 黑胜 loss=28.2632 temp=1.00 total_env_steps=64436 t=0.10s
Ep 1859: len= 27 黑胜 loss=27.9939 temp=1.00 total_env_steps=64463 t=0.06s
Ep 1860: len= 31 黑胜 loss=28.1829 temp=1.00 total_env_steps=64494 t=0.07s
Ep 1861: len= 43 黑胜 loss=28.0805 temp=1.00 total_env_steps=64537 t=0.10s
Ep 1862: len= 29 黑胜 loss=27.9522 temp=1.00 total_env_steps=64566 t=0.07s
Ep 1863: len= 40 白胜 loss=28.1122 temp=1.00 total_env_steps=64606 t=0.09s
Ep 1864: len= 17 黑胜 loss=28.3136 temp=1.00 total_env_steps=64623 t=0.05s
Ep 1865: len= 27 黑胜 loss=28.1807 temp=1.00 total_env_steps=64650 t=0.07s
Ep 1866: len= 28 白胜 loss=28.1316 temp=1.00 total_env_steps=64678 t=0.07s
Ep 1867: len= 20 白胜 loss=28.0215 temp=1.00 total_env_steps=64698 t=0.06s
Ep 1868: len= 18 白胜 loss=28.2127 temp=1.00 total_env_steps=64716 t=0.06s
Ep 1869: len= 27 黑胜 loss=28.1436 temp=1.00 total_env_steps=64743 t=0.07s
Ep 1870: len= 32 白胜 loss=28.1597 temp=1.00 total_env_steps=64775 t=0.07s
Ep 1871: len= 40 白胜 loss=28.3232 temp=1.00 total_env_steps=64815 t=0.09s
Ep 1872: len= 28 白胜 loss=28.1406 temp=1.00 total_env_steps=64843 t=0.07s
Ep 1873: len= 33 黑胜 loss=28.4524 temp=1.00 total_env_steps=64876 t=0.08s
Ep 1874: len= 58 白胜 loss=28.1130 temp=1.00 total_env_steps=64934 t=0.12s
Ep 1875: len= 22 白胜 loss=27.9966 temp=1.00 total_env_steps=64956 t=0.06s
Ep 1876: len= 19 黑胜 loss=28.4191 temp=1.00 total_env_steps=64975 t=0.05s
Ep 1877: len= 50 白胜 loss=28.2117 temp=1.00 total_env_steps=65025 t=0.11s
Ep 1878: len= 38 白胜 loss=28.1138 temp=1.00 total_env_steps=65063 t=0.09s
Ep 1879: len= 24 白胜 loss=28.1775 temp=1.00 total_env_steps=65087 t=0.06s
Ep 1880: len= 40 白胜 loss=28.1487 temp=1.00 total_env_steps=65127 t=0.09s
Ep 1881: len= 28 白胜 loss=27.9408 temp=1.00 total_env_steps=65155 t=0.07s
Ep 1882: len= 38 白胜 loss=28.3807 temp=1.00 total_env_steps=65193 t=0.10s
Ep 1883: len= 23 黑胜 loss=28.1798 temp=1.00 total_env_steps=65216 t=0.06s
Ep 1884: len= 34 白胜 loss=27.9996 temp=1.00 total_env_steps=65250 t=0.08s
Ep 1885: len= 29 黑胜 loss=28.2870 temp=1.00 total_env_steps=65279 t=0.07s
Ep 1886: len= 33 黑胜 loss=28.2289 temp=1.00 total_env_steps=65312 t=0.08s
Ep 1887: len= 28 白胜 loss=28.1605 temp=1.00 total_env_steps=65340 t=0.07s
Ep 1888: len= 36 白胜 loss=28.1902 temp=1.00 total_env_steps=65376 t=0.08s
Ep 1889: len= 28 白胜 loss=28.0964 temp=1.00 total_env_steps=65404 t=0.07s
Ep 1890: len= 33 黑胜 loss=28.3479 temp=1.00 total_env_steps=65437 t=0.08s
Ep 1891: len= 28 白胜 loss=28.1925 temp=1.00 total_env_steps=65465 t=0.08s
Ep 1892: len= 29 黑胜 loss=28.0164 temp=1.00 total_env_steps=65494 t=0.07s
Ep 1893: len= 31 黑胜 loss=28.2142 temp=1.00 total_env_steps=65525 t=0.07s
Ep 1894: len= 42 白胜 loss=28.1875 temp=1.00 total_env_steps=65567 t=0.10s
Ep 1895: len= 35 黑胜 loss=28.1076 temp=1.00 total_env_steps=65602 t=0.08s
Ep 1896: len= 45 黑胜 loss=28.2574 temp=1.00 total_env_steps=65647 t=0.10s
Ep 1897: len= 40 白胜 loss=28.0636 temp=1.00 total_env_steps=65687 t=0.10s
Ep 1898: len= 47 黑胜 loss=27.9529 temp=1.00 total_env_steps=65734 t=0.10s
Ep 1899: len= 53 黑胜 loss=28.3232 temp=1.00 total_env_steps=65787 t=0.11s
Ep 1900: len= 37 黑胜 loss=28.2778 temp=1.00 total_env_steps=65824 t=0.09s
Ep 1901: len= 19 黑胜 loss=28.2731 temp=1.00 total_env_steps=65843 t=0.05s
Ep 1902: len= 22 白胜 loss=28.0361 temp=1.00 total_env_steps=65865 t=0.06s
Ep 1903: len= 34 白胜 loss=28.3400 temp=1.00 total_env_steps=65899 t=0.08s
Ep 1904: len= 28 白胜 loss=28.1298 temp=1.00 total_env_steps=65927 t=0.07s
Ep 1905: len= 36 白胜 loss=28.1004 temp=1.00 total_env_steps=65963 t=0.08s
Ep 1906: len= 26 白胜 loss=28.1266 temp=1.00 total_env_steps=65989 t=0.07s
Ep 1907: len= 24 白胜 loss=28.1786 temp=1.00 total_env_steps=66013 t=0.07s
Ep 1908: len= 27 黑胜 loss=28.2951 temp=1.00 total_env_steps=66040 t=0.07s
Ep 1909: len= 22 白胜 loss=28.1511 temp=1.00 total_env_steps=66062 t=0.06s
Ep 1910: len= 25 黑胜 loss=28.2488 temp=1.00 total_env_steps=66087 t=0.07s
Ep 1911: len= 37 黑胜 loss=28.5143 temp=1.00 total_env_steps=66124 t=0.09s
Ep 1912: len= 41 黑胜 loss=28.2947 temp=1.00 total_env_steps=66165 t=0.10s
Ep 1913: len= 43 黑胜 loss=28.2004 temp=1.00 total_env_steps=66208 t=0.10s
Ep 1914: len= 23 黑胜 loss=28.4099 temp=1.00 total_env_steps=66231 t=0.06s
Ep 1915: len= 26 白胜 loss=28.1911 temp=1.00 total_env_steps=66257 t=0.07s
Ep 1916: len= 29 黑胜 loss=27.9928 temp=1.00 total_env_steps=66286 t=0.08s
Ep 1917: len= 33 黑胜 loss=28.3021 temp=1.00 total_env_steps=66319 t=0.08s
Ep 1918: len= 42 白胜 loss=28.1320 temp=1.00 total_env_steps=66361 t=0.10s
Ep 1919: len= 47 黑胜 loss=28.1593 temp=1.00 total_env_steps=66408 t=0.10s
Ep 1920: len= 26 白胜 loss=28.1845 temp=1.00 total_env_steps=66434 t=0.06s
Ep 1921: len= 37 黑胜 loss=28.3114 temp=1.00 total_env_steps=66471 t=0.09s
Ep 1922: len= 47 黑胜 loss=28.0220 temp=1.00 total_env_steps=66518 t=0.11s
Ep 1923: len= 34 白胜 loss=28.0317 temp=1.00 total_env_steps=66552 t=0.08s
Ep 1924: len= 35 黑胜 loss=28.1288 temp=1.00 total_env_steps=66587 t=0.09s
Ep 1925: len= 33 黑胜 loss=28.1106 temp=1.00 total_env_steps=66620 t=0.08s
Ep 1926: len= 26 白胜 loss=27.9745 temp=1.00 total_env_steps=66646 t=0.07s
Ep 1927: len= 40 白胜 loss=28.2555 temp=1.00 total_env_steps=66686 t=0.10s
Ep 1928: len= 35 黑胜 loss=28.2939 temp=1.00 total_env_steps=66721 t=0.09s
Ep 1929: len= 38 白胜 loss=28.1371 temp=1.00 total_env_steps=66759 t=0.08s
Ep 1930: len= 39 黑胜 loss=28.3589 temp=1.00 total_env_steps=66798 t=0.09s
Ep 1931: len= 38 白胜 loss=28.1483 temp=1.00 total_env_steps=66836 t=0.08s
Ep 1932: len= 36 白胜 loss=28.0266 temp=1.00 total_env_steps=66872 t=0.09s
Ep 1933: len= 24 白胜 loss=28.2537 temp=1.00 total_env_steps=66896 t=0.06s
Ep 1934: len= 15 黑胜 loss=28.1676 temp=1.00 total_env_steps=66911 t=0.05s
Ep 1935: len= 43 黑胜 loss=28.1307 temp=1.00 total_env_steps=66954 t=0.10s
Ep 1936: len= 32 白胜 loss=27.9776 temp=1.00 total_env_steps=66986 t=0.08s
Ep 1937: len= 42 白胜 loss=28.2908 temp=1.00 total_env_steps=67028 t=0.09s
Ep 1938: len= 16 白胜 loss=27.9322 temp=1.00 total_env_steps=67044 t=0.05s
Ep 1939: len= 30 白胜 loss=28.1118 temp=1.00 total_env_steps=67074 t=0.07s
Ep 1940: len= 34 白胜 loss=28.0480 temp=1.00 total_env_steps=67108 t=0.08s
Ep 1941: len= 39 黑胜 loss=27.9683 temp=1.00 total_env_steps=67147 t=0.08s
Ep 1942: len= 26 白胜 loss=28.0118 temp=1.00 total_env_steps=67173 t=0.06s
Ep 1943: len= 37 黑胜 loss=28.1999 temp=1.00 total_env_steps=67210 t=0.08s
Ep 1944: len= 33 黑胜 loss=28.0716 temp=1.00 total_env_steps=67243 t=0.08s
Ep 1945: len= 45 黑胜 loss=28.1779 temp=1.00 total_env_steps=67288 t=0.11s
Ep 1946: len= 33 黑胜 loss=28.2831 temp=1.00 total_env_steps=67321 t=0.08s
Ep 1947: len= 41 黑胜 loss=28.2792 temp=1.00 total_env_steps=67362 t=0.09s
Ep 1948: len= 34 白胜 loss=28.1628 temp=1.00 total_env_steps=67396 t=0.08s
Ep 1949: len= 43 黑胜 loss=28.1237 temp=1.00 total_env_steps=67439 t=0.09s
Ep 1950: len= 48 白胜 loss=28.2648 temp=1.00 total_env_steps=67487 t=0.10s
Ep 1951: len= 41 黑胜 loss=28.4616 temp=1.00 total_env_steps=67528 t=0.09s
Ep 1952: len= 48 白胜 loss=28.0956 temp=1.00 total_env_steps=67576 t=0.10s
Ep 1953: len= 37 黑胜 loss=28.1577 temp=1.00 total_env_steps=67613 t=0.08s
Ep 1954: len= 35 黑胜 loss=28.0809 temp=1.00 total_env_steps=67648 t=0.08s
Ep 1955: len= 35 黑胜 loss=28.1023 temp=1.00 total_env_steps=67683 t=0.09s
Ep 1956: len= 47 黑胜 loss=28.0060 temp=1.00 total_env_steps=67730 t=0.10s
Ep 1957: len= 24 白胜 loss=28.3343 temp=1.00 total_env_steps=67754 t=0.07s
Ep 1958: len= 42 白胜 loss=28.0767 temp=1.00 total_env_steps=67796 t=0.09s
Ep 1959: len= 30 白胜 loss=28.1059 temp=1.00 total_env_steps=67826 t=0.07s
Ep 1960: len= 33 黑胜 loss=28.1121 temp=1.00 total_env_steps=67859 t=0.08s
Ep 1961: len= 29 黑胜 loss=28.0967 temp=1.00 total_env_steps=67888 t=0.07s
Ep 1962: len= 45 黑胜 loss=27.9636 temp=1.00 total_env_steps=67933 t=0.10s
Ep 1963: len= 27 黑胜 loss=28.2363 temp=1.00 total_env_steps=67960 t=0.07s
Ep 1964: len= 32 白胜 loss=28.1263 temp=1.00 total_env_steps=67992 t=0.08s
Ep 1965: len= 23 黑胜 loss=28.2771 temp=1.00 total_env_steps=68015 t=0.07s
Ep 1966: len= 33 黑胜 loss=28.1984 temp=1.00 total_env_steps=68048 t=0.07s
Ep 1967: len= 37 黑胜 loss=28.1325 temp=1.00 total_env_steps=68085 t=0.08s
Ep 1968: len= 34 白胜 loss=28.1105 temp=1.00 total_env_steps=68119 t=0.08s
Ep 1969: len= 20 白胜 loss=28.1306 temp=1.00 total_env_steps=68139 t=0.08s
Ep 1970: len= 32 白胜 loss=28.2703 temp=1.00 total_env_steps=68171 t=0.07s
Ep 1971: len= 33 黑胜 loss=28.1514 temp=1.00 total_env_steps=68204 t=0.08s
Ep 1972: len= 22 白胜 loss=28.1719 temp=1.00 total_env_steps=68226 t=0.06s
Ep 1973: len= 36 白胜 loss=28.2762 temp=1.00 total_env_steps=68262 t=0.08s
Ep 1974: len= 31 黑胜 loss=28.2092 temp=1.00 total_env_steps=68293 t=0.07s
Ep 1975: len= 33 黑胜 loss=28.0219 temp=1.00 total_env_steps=68326 t=0.08s
Ep 1976: len= 20 白胜 loss=28.1569 temp=1.00 total_env_steps=68346 t=0.06s
Ep 1977: len= 28 白胜 loss=28.2555 temp=1.00 total_env_steps=68374 t=0.07s
Ep 1978: len= 42 白胜 loss=28.2348 temp=1.00 total_env_steps=68416 t=0.09s
Ep 1979: len= 40 白胜 loss=28.1973 temp=1.00 total_env_steps=68456 t=0.10s
Ep 1980: len= 41 黑胜 loss=28.0737 temp=1.00 total_env_steps=68497 t=0.09s
Ep 1981: len= 29 黑胜 loss=28.1615 temp=1.00 total_env_steps=68526 t=0.07s
Ep 1982: len= 41 黑胜 loss=28.2074 temp=1.00 total_env_steps=68567 t=0.09s
Ep 1983: len= 47 黑胜 loss=28.0962 temp=1.00 total_env_steps=68614 t=0.11s
Ep 1984: len= 43 黑胜 loss=28.0891 temp=1.00 total_env_steps=68657 t=0.10s
Ep 1985: len= 39 黑胜 loss=28.1921 temp=1.00 total_env_steps=68696 t=0.09s
Ep 1986: len= 33 黑胜 loss=28.2850 temp=1.00 total_env_steps=68729 t=0.09s
Ep 1987: len= 36 白胜 loss=28.3181 temp=1.00 total_env_steps=68765 t=0.09s
Ep 1988: len= 38 白胜 loss=28.0817 temp=1.00 total_env_steps=68803 t=0.09s
Ep 1989: len= 42 白胜 loss=28.0464 temp=1.00 total_env_steps=68845 t=0.09s
Ep 1990: len= 27 黑胜 loss=28.2424 temp=1.00 total_env_steps=68872 t=0.08s
Ep 1991: len= 33 黑胜 loss=28.1435 temp=1.00 total_env_steps=68905 t=0.07s
Ep 1992: len= 39 黑胜 loss=28.0006 temp=1.00 total_env_steps=68944 t=0.09s
Ep 1993: len= 42 白胜 loss=28.2109 temp=1.00 total_env_steps=68986 t=0.10s
Ep 1994: len= 61 黑胜 loss=28.2654 temp=1.00 total_env_steps=69047 t=0.12s
Ep 1995: len= 41 黑胜 loss=28.2528 temp=1.00 total_env_steps=69088 t=0.09s
Ep 1996: len= 30 白胜 loss=28.2500 temp=1.00 total_env_steps=69118 t=0.08s
Ep 1997: len= 39 黑胜 loss=28.1004 temp=1.00 total_env_steps=69157 t=0.09s
Ep 1998: len= 34 白胜 loss=28.2238 temp=1.00 total_env_steps=69191 t=0.09s
Ep 1999: len= 39 黑胜 loss=28.1813 temp=1.00 total_env_steps=69230 t=0.10s
Ep 2000: len= 43 黑胜 loss=28.2832 temp=1.00 total_env_steps=69273 t=0.10s
  eval vs Gomoku-random-v0: win_rate=1.00 mean_return=1.00（20 局，total_env_steps=69273）
[闸门] vs random（40 局）: win_rate=1.000
[闸门] vs 半程快照（40 局，黑白各半）: score=1.000
[梯队] vs naive0（20 局，观察性）: win_rate=0.45
[梯队] vs naive1（20 局，观察性）: win_rate=0.00
[梯队] vs naive2（20 局，观察性）: win_rate=0.00
[梯队] vs naive3（20 局，观察性）: win_rate=0.00
📈 Gomoku-selfplay-v0 win_rate=1.00（best 1.00）| 门槛 0.95 | 173.6s

--- M3 arm=combo_ceiling 汇总（base 对照见 bench 头注释）---
  seed=42 vs_random=1.000 vs_snapshot=0.900 | 梯队 naive0=0.00 naive1=0.00 naive2=0.00 naive3=0.00 | env_steps=69911 wall=259s
  seed=43 vs_random=1.000 vs_snapshot=0.925 | 梯队 naive0=0.20 naive1=0.00 naive2=0.00 naive3=0.00 | env_steps=70395 wall=174s
  seed=44 vs_random=1.000 vs_snapshot=1.000 | 梯队 naive0=0.45 naive1=0.00 naive2=0.00 naive3=0.00 | env_steps=69273 wall=174s
ok

test result: ok. 1 passed; 0 failed; 0 ignored; 0 measured; 3437 filtered out; finished in 606.23s

     Running tests\cse_dedup.rs (target\release\deps\cse_dedup-7a657e998c2a0176.exe)

running 0 tests

test result: ok. 0 passed; 0 failed; 0 ignored; 0 measured; 1 filtered out; finished in 0.00s

     Running tests\mode_invariants.rs (target\release\deps\mode_invariants-12496c59841ba5c8.exe)

running 0 tests

test result: ok. 0 passed; 0 failed; 0 ignored; 0 measured; 9 filtered out; finished in 0.00s

     Running tests\onnx_otm_load_bench.rs (target\release\deps\onnx_otm_load_bench-39da60dd6dcd2511.exe)

running 0 tests

test result: ok. 0 passed; 0 failed; 0 ignored; 0 measured; 1 filtered out; finished in 0.00s

     Running tests\yolov5_xiangqi_import.rs (target\release\deps\yolov5_xiangqi_import-5a55f6b67c0e8a85.exe)

running 0 tests

test result: ok. 0 passed; 0 failed; 0 ignored; 0 measured; 6 filtered out; finished in 0.00s

